horizon_minutes,family,origin,target_time,actual,prediction,previous_lab,common
0,core,2025-01-01 10:00:00,2025-01-01 10:00:00,3.5,7.882739863969103,2.700000047683716,True
0,core,2025-01-02 10:00:00,2025-01-02 10:00:00,7.099999904632568,8.167654051550018,3.5,True
0,core,2025-01-03 10:00:00,2025-01-03 10:00:00,7.699999809265137,8.151493346489888,7.099999904632568,True
0,core,2025-01-04 10:00:00,2025-01-04 10:00:00,5.400000095367432,8.072658291657506,7.699999809265137,True
0,core,2025-01-05 10:00:00,2025-01-05 10:00:00,5.300000190734863,8.123943317056382,5.400000095367432,True
0,core,2025-01-06 10:00:00,2025-01-06 10:00:00,4.800000190734863,8.139383182834585,5.300000190734863,True
0,core,2025-01-07 10:00:00,2025-01-07 10:00:00,5.099999904632568,8.106627203686001,4.800000190734863,True
0,core,2025-01-08 10:00:00,2025-01-08 10:00:00,3.5999999046325684,7.992379129354555,5.099999904632568,True
0,core,2025-01-09 10:00:00,2025-01-09 10:00:00,3.9000000953674316,8.002320421751755,3.5999999046325684,True
0,core,2025-01-10 10:00:00,2025-01-10 10:00:00,3.5,7.976159424851346,3.9000000953674316,True
0,core,2025-01-11 10:00:00,2025-01-11 10:00:00,3.5999999046325684,8.054419960338922,3.5,True
0,core,2025-01-12 10:00:00,2025-01-12 10:00:00,4.199999809265137,8.053492757123676,3.5999999046325684,True
0,core,2025-01-13 10:00:00,2025-01-13 10:00:00,6.0,8.048091767938283,4.199999809265137,True
0,core,2025-01-14 10:00:00,2025-01-14 10:00:00,1.600000023841858,7.375328146815512,6.0,True
0,core,2025-01-15 10:00:00,2025-01-15 10:00:00,1.899999976158142,7.968509917634693,1.600000023841858,True
0,core,2025-01-16 10:00:00,2025-01-16 10:00:00,7.099999904632568,8.256812914974196,1.899999976158142,True
0,core,2025-01-17 10:00:00,2025-01-17 10:00:00,8.199999809265137,8.230403628579634,7.099999904632568,True
0,core,2025-01-18 10:00:00,2025-01-18 10:00:00,7.599999904632568,8.235235920433874,8.199999809265137,True
0,core,2025-01-19 10:00:00,2025-01-19 10:00:00,6.900000095367432,8.183163983651228,7.599999904632568,True
0,core,2025-01-20 10:00:00,2025-01-20 10:00:00,10.600000381469727,8.295674036446462,6.900000095367432,True
0,core,2025-01-21 10:00:00,2025-01-21 10:00:00,8.300000190734863,8.096759559598418,10.600000381469727,True
0,core,2025-01-22 10:00:00,2025-01-22 10:00:00,6.099999904632568,8.156551260064314,8.300000190734863,True
0,core,2025-01-23 10:00:00,2025-01-23 10:00:00,6.099999904632568,8.102444201502594,6.099999904632568,True
0,core,2025-01-23 22:00:00,2025-01-23 22:00:00,5.900000095367432,8.185932243396284,6.099999904632568,True
0,core,2025-01-24 10:00:00,2025-01-24 10:00:00,6.699999809265137,8.487877871058153,5.900000095367432,True
0,core,2025-01-25 10:00:00,2025-01-25 10:00:00,7.5,8.08428462037381,6.699999809265137,True
0,core,2025-01-26 10:00:00,2025-01-26 10:00:00,8.899999618530273,8.377511620903304,7.5,True
0,core,2025-01-27 10:00:00,2025-01-27 10:00:00,6.0,8.127116366477122,8.899999618530273,True
0,core,2025-01-28 10:00:00,2025-01-28 10:00:00,7.900000095367432,8.110436013061507,6.0,True
0,core,2025-01-29 10:00:00,2025-01-29 10:00:00,6.199999809265137,8.306649923919018,7.900000095367432,True
0,core,2025-01-30 10:00:00,2025-01-30 10:00:00,5.900000095367432,8.432144628195287,6.199999809265137,True
0,core,2025-01-31 10:00:00,2025-01-31 10:00:00,7.400000095367432,8.263757638293354,5.900000095367432,True
0,core,2025-02-01 10:00:00,2025-02-01 10:00:00,9.600000381469727,8.032817382462412,7.400000095367432,True
0,core,2025-02-02 10:00:00,2025-02-02 10:00:00,10.5,8.093992968077819,9.600000381469727,True
0,core,2025-02-03 04:48:22,2025-02-03 04:48:22,10.699999809265137,8.719705983704422,10.5,True
0,core,2025-02-03 10:00:00,2025-02-03 10:00:00,8.5,8.694891047940095,10.699999809265137,True
0,core,2025-02-04 10:00:00,2025-02-04 10:00:00,7.099999904632568,7.970930308378703,8.5,True
0,core,2025-02-05 10:00:00,2025-02-05 10:00:00,7.400000095367432,7.980536469609559,7.099999904632568,True
0,core,2025-02-07 10:00:00,2025-02-07 10:00:00,8.300000190734863,8.026411201698105,7.400000095367432,True
0,core,2025-02-08 10:00:00,2025-02-08 10:00:00,8.100000381469727,8.083188755067484,8.300000190734863,True
0,core,2025-02-09 10:00:00,2025-02-09 10:00:00,9.899999618530273,8.036527256118898,8.100000381469727,True
0,core,2025-02-10 10:00:00,2025-02-10 10:00:00,9.5,8.131378472553278,9.899999618530273,True
0,core,2025-02-11 10:00:00,2025-02-11 10:00:00,6.800000190734863,7.968185748217566,9.5,True
0,core,2025-02-12 10:00:00,2025-02-12 10:00:00,9.600000381469727,7.959660819168095,6.800000190734863,True
0,core,2025-02-13 10:00:00,2025-02-13 10:00:00,11.600000381469727,7.951722598120353,9.600000381469727,True
0,core,2025-02-13 16:46:39,2025-02-13 16:46:39,8.899999618530273,7.948274389585048,11.600000381469727,True
0,core,2025-02-14 10:00:00,2025-02-14 10:00:00,7.0,7.885888279809803,8.899999618530273,True
0,core,2025-02-14 22:41:16,2025-02-14 22:41:16,11.899999618530273,7.857437289332635,7.0,True
0,core,2025-02-15 02:39:46,2025-02-15 02:39:46,8.0,7.861215978642003,7.0,True
0,core,2025-02-15 10:00:00,2025-02-15 10:00:00,9.100000381469727,7.602401444678577,8.0,True
0,core,2025-02-16 10:00:00,2025-02-16 10:00:00,7.300000190734863,8.072549085354405,9.100000381469727,True
0,core,2025-02-17 10:00:00,2025-02-17 10:00:00,8.699999809265137,8.023427270234263,7.300000190734863,True
0,core,2025-02-18 10:00:00,2025-02-18 10:00:00,8.5,7.899002654116991,8.699999809265137,True
0,core,2025-02-19 10:00:00,2025-02-19 10:00:00,10.199999809265137,8.078186462559747,8.5,True
0,core,2025-02-20 10:00:00,2025-02-20 10:00:00,5.699999809265137,8.029303984734618,10.199999809265137,True
0,core,2025-02-21 10:00:00,2025-02-21 10:00:00,9.399999618530273,8.025222194577738,5.699999809265137,True
0,core,2025-02-22 10:00:00,2025-02-22 10:00:00,9.100000381469727,8.052529640631136,9.399999618530273,True
0,core,2025-02-23 10:00:00,2025-02-23 10:00:00,10.300000190734863,8.102387667346479,9.100000381469727,True
0,core,2025-02-24 10:00:00,2025-02-24 10:00:00,9.399999618530273,8.000854845081257,10.300000190734863,True
0,core,2025-02-25 10:00:00,2025-02-25 10:00:00,9.399999618530273,8.10401141843732,9.399999618530273,True
0,core,2025-02-26 10:00:00,2025-02-26 10:00:00,8.800000190734863,8.027100402951529,9.399999618530273,True
0,core,2025-02-27 10:00:00,2025-02-27 10:00:00,10.300000190734863,8.15589055163017,8.800000190734863,True
0,core,2025-02-28 10:00:00,2025-02-28 10:00:00,10.600000381469727,8.109635968339395,10.300000190734863,True
0,core,2025-03-01 10:00:00,2025-03-01 10:00:00,7.800000190734863,8.050407873876381,10.600000381469727,True
0,core,2025-03-02 10:00:00,2025-03-02 10:00:00,10.0,8.042850703352551,7.800000190734863,True
0,core,2025-03-03 10:00:00,2025-03-03 10:00:00,8.300000190734863,8.091184120863588,10.0,True
0,core,2025-03-06 10:00:00,2025-03-06 10:00:00,8.5,8.188100025431753,,False
0,core,2025-03-07 10:00:00,2025-03-07 10:00:00,8.399999618530273,8.023131822619604,8.5,True
0,core,2025-03-08 10:00:00,2025-03-08 10:00:00,8.0,7.990914688516549,8.399999618530273,True
0,core,2025-03-09 10:00:00,2025-03-09 10:00:00,9.5,8.064289978722458,8.0,True
0,core,2025-03-10 10:00:00,2025-03-10 10:00:00,10.199999809265137,8.12020384997319,9.5,True
0,core,2025-03-11 10:00:00,2025-03-11 10:00:00,8.100000381469727,8.026053021095287,10.199999809265137,True
0,core,2025-03-12 10:00:00,2025-03-12 10:00:00,8.600000381469727,8.276252199217906,8.100000381469727,True
0,core,2025-03-13 10:00:00,2025-03-13 10:00:00,7.699999809265137,8.105183638123995,8.600000381469727,True
0,core,2025-03-14 10:00:00,2025-03-14 10:00:00,9.899999618530273,8.092373561223969,7.699999809265137,True
0,core,2025-03-15 10:00:00,2025-03-15 10:00:00,10.399999618530273,8.270504205009921,9.899999618530273,True
0,core,2025-03-16 10:00:00,2025-03-16 10:00:00,10.5,8.388520476257158,10.399999618530273,True
0,core,2025-03-17 10:00:00,2025-03-17 10:00:00,12.399999618530273,8.411693806864966,10.5,True
0,core,2025-03-18 10:00:00,2025-03-18 10:00:00,12.300000190734863,8.388848041346032,12.399999618530273,True
0,core,2025-03-19 10:00:00,2025-03-19 10:00:00,10.300000190734863,8.271400472418579,12.300000190734863,True
0,core,2025-03-20 10:00:00,2025-03-20 10:00:00,11.300000190734863,8.21144264047986,10.300000190734863,True
0,core,2025-03-21 10:00:00,2025-03-21 10:00:00,9.600000381469727,8.18655013029985,11.300000190734863,True
0,core,2025-03-22 10:00:00,2025-03-22 10:00:00,8.800000190734863,8.17441996190513,9.600000381469727,True
0,core,2025-03-23 10:00:00,2025-03-23 10:00:00,6.900000095367432,8.199752395034336,8.800000190734863,True
0,core,2025-03-24 06:00:00,2025-03-24 06:00:00,6.800000190734863,8.23783227158795,6.900000095367432,True
0,core,2025-03-24 10:00:00,2025-03-24 10:00:00,6.5,8.19612952589113,6.800000190734863,True
0,core,2025-03-25 00:01:00,2025-03-25 00:01:00,11.0,7.866046780649496,6.5,True
0,core,2025-03-25 06:00:00,2025-03-25 06:00:00,13.399999618530273,7.8996328228191715,11.0,True
0,core,2025-03-25 10:00:00,2025-03-25 10:00:00,8.100000381469727,7.844607013836059,13.399999618530273,True
0,core,2025-03-25 20:00:00,2025-03-25 20:00:00,10.5,7.95738599730371,8.100000381469727,True
0,core,2025-03-26 10:00:00,2025-03-26 10:00:00,8.300000190734863,7.885271212790293,10.5,True
0,core,2025-03-26 23:07:57,2025-03-26 23:07:57,10.199999809265137,7.9908399883321835,8.300000190734863,True
0,core,2025-03-27 10:00:00,2025-03-27 10:00:00,5.400000095367432,7.892414862069156,10.199999809265137,True
0,core,2025-03-29 10:00:00,2025-03-29 10:00:00,8.399999618530273,8.008109267979247,5.400000095367432,True
0,core,2025-03-30 10:00:00,2025-03-30 10:00:00,10.199999809265137,8.106716174348772,8.399999618530273,True
0,core,2025-03-31 10:00:00,2025-03-31 10:00:00,8.600000381469727,8.079596310159372,10.199999809265137,True
0,core,2025-04-01 10:00:00,2025-04-01 10:00:00,7.0,7.950101497111795,8.600000381469727,True
0,core,2025-04-02 10:00:00,2025-04-02 10:00:00,7.300000190734863,8.250248311463025,7.0,True
0,core,2025-04-03 10:00:00,2025-04-03 10:00:00,9.899999618530273,8.269530829264774,7.300000190734863,True
0,core,2025-04-05 10:00:00,2025-04-05 10:00:00,5.800000190734863,8.008813681841131,9.899999618530273,True
0,core,2025-04-06 10:00:00,2025-04-06 10:00:00,6.800000190734863,7.9881051684315985,5.800000190734863,True
0,core,2025-04-07 10:00:00,2025-04-07 10:00:00,7.5,8.098656574551677,6.800000190734863,True
0,core,2025-04-08 10:00:00,2025-04-08 10:00:00,6.800000190734863,8.00056127282819,7.5,True
0,core,2025-04-09 10:00:00,2025-04-09 10:00:00,8.100000381469727,8.070180406310563,6.800000190734863,True
0,core,2025-04-10 10:00:00,2025-04-10 10:00:00,6.099999904632568,8.003387907289728,8.100000381469727,True
0,core,2025-04-11 10:00:00,2025-04-11 10:00:00,7.400000095367432,8.054424819344343,6.099999904632568,True
0,core,2025-04-12 10:00:00,2025-04-12 10:00:00,8.699999809265137,8.167894799831448,7.400000095367432,True
0,core,2025-04-13 10:00:00,2025-04-13 10:00:00,5.300000190734863,7.994474949347998,8.699999809265137,True
0,core,2025-04-14 10:00:00,2025-04-14 10:00:00,7.699999809265137,8.079262583701238,5.300000190734863,True
0,core,2025-04-15 10:00:00,2025-04-15 10:00:00,8.5,8.013125359385507,7.699999809265137,True
0,core,2025-04-16 10:00:00,2025-04-16 10:00:00,7.699999809265137,8.056712461869559,8.5,True
0,core,2025-04-17 10:00:00,2025-04-17 10:00:00,5.199999809265137,7.946597345694588,7.699999809265137,True
0,core,2025-04-18 10:00:00,2025-04-18 10:00:00,8.800000190734863,8.038821579345168,5.199999809265137,True
0,core,2025-04-18 20:00:00,2025-04-18 20:00:00,10.0,7.998577140170184,8.800000190734863,True
0,core,2025-04-19 10:00:00,2025-04-19 10:00:00,8.800000190734863,8.156329214306252,10.0,True
0,core,2025-04-20 10:00:00,2025-04-20 10:00:00,11.800000190734863,8.296810891975339,8.800000190734863,True
0,core,2025-04-21 10:00:00,2025-04-21 10:00:00,11.399999618530273,8.331154321759096,11.800000190734863,True
0,core,2025-04-22 10:00:00,2025-04-22 10:00:00,10.600000381469727,8.322861722424165,11.399999618530273,True
0,core,2025-04-23 10:00:00,2025-04-23 10:00:00,13.5,8.42885709583424,10.600000381469727,True
0,core,2025-04-24 10:00:00,2025-04-24 10:00:00,12.399999618530273,8.260126588128136,13.5,True
0,core,2025-04-25 10:00:00,2025-04-25 10:00:00,9.399999618530273,8.057636693081566,12.399999618530273,True
0,core,2025-04-26 06:00:00,2025-04-26 06:00:00,9.0,8.566537114654274,9.399999618530273,True
0,core,2025-04-26 10:00:00,2025-04-26 10:00:00,9.5,8.45205804779676,9.0,True
0,core,2025-04-27 10:00:00,2025-04-27 10:00:00,7.699999809265137,7.940059222436696,9.5,True
0,core,2025-04-28 10:00:00,2025-04-28 10:00:00,10.0,7.978147334167597,7.699999809265137,True
0,core,2025-04-29 10:00:00,2025-04-29 10:00:00,7.5,7.909041034171599,10.0,True
0,core,2025-04-30 10:00:00,2025-04-30 10:00:00,6.5,7.848910057496912,7.5,True
0,core,2025-05-01 10:00:00,2025-05-01 10:00:00,11.300000190734863,8.003464267091326,6.5,True
0,core,2025-05-02 10:00:00,2025-05-02 10:00:00,8.300000190734863,8.040187777155216,11.300000190734863,True
0,core,2025-05-03 10:00:00,2025-05-03 10:00:00,9.899999618530273,8.108799208451405,8.300000190734863,True
0,core,2025-05-04 10:00:00,2025-05-04 10:00:00,8.399999618530273,8.116135489587778,9.899999618530273,True
0,core,2025-05-05 10:00:00,2025-05-05 10:00:00,8.600000381469727,8.159175380866103,8.399999618530273,True
0,core,2025-05-06 10:00:00,2025-05-06 10:00:00,8.5,8.139742017007146,8.600000381469727,True
0,core,2025-05-07 10:00:00,2025-05-07 10:00:00,9.699999809265137,8.160458549028922,8.5,True
0,core,2025-05-08 10:00:00,2025-05-08 10:00:00,9.399999618530273,8.01165276547183,9.699999809265137,True
0,core,2025-05-09 10:00:00,2025-05-09 10:00:00,9.699999809265137,7.985175653748158,9.399999618530273,True
0,core,2025-05-10 10:00:00,2025-05-10 10:00:00,9.199999809265137,8.058195590783457,9.699999809265137,True
0,core,2025-05-11 10:00:00,2025-05-11 10:00:00,11.0,8.116744307637692,9.199999809265137,True
0,core,2025-05-11 14:00:00,2025-05-11 14:00:00,8.699999809265137,7.9394224062157015,11.0,True
0,core,2025-05-12 10:00:00,2025-05-12 10:00:00,9.399999618530273,8.099934280904266,8.699999809265137,True
0,core,2025-05-13 10:00:00,2025-05-13 10:00:00,8.699999809265137,8.13126580039927,9.399999618530273,True
0,core,2025-05-14 10:00:00,2025-05-14 10:00:00,9.199999809265137,8.094976504741995,8.699999809265137,True
0,core,2025-05-15 10:00:00,2025-05-15 10:00:00,8.300000190734863,8.028334023230835,9.199999809265137,True
0,core,2025-05-16 10:00:00,2025-05-16 10:00:00,9.0,7.881164731445159,8.300000190734863,True
0,core,2025-05-17 10:00:00,2025-05-17 10:00:00,6.800000190734863,8.538865076915888,9.0,True
0,core,2025-05-18 10:00:00,2025-05-18 10:00:00,7.900000095367432,7.974110153895706,6.800000190734863,True
0,core,2025-05-19 02:00:00,2025-05-19 02:00:00,6.900000095367432,8.23057289344885,7.900000095367432,True
0,core,2025-05-19 10:00:00,2025-05-19 10:00:00,7.599999904632568,7.880477354765153,6.900000095367432,True
0,core,2025-05-20 10:00:00,2025-05-20 10:00:00,11.300000190734863,7.970858413443667,7.599999904632568,True
0,core,2025-05-21 10:00:00,2025-05-21 10:00:00,10.199999809265137,8.411263702892883,11.300000190734863,True
0,core,2025-05-21 22:02:41,2025-05-21 22:02:41,9.0,8.220627373071045,10.199999809265137,True
0,core,2025-05-22 10:00:00,2025-05-22 10:00:00,8.800000190734863,8.054448459098065,9.0,True
0,core,2025-05-23 10:00:00,2025-05-23 10:00:00,10.0,8.28016121326734,8.800000190734863,True
0,core,2025-05-24 10:00:00,2025-05-24 10:00:00,8.0,7.954973617341631,10.0,True
0,core,2025-05-25 10:00:00,2025-05-25 10:00:00,8.300000190734863,7.968970488903274,8.0,True
0,core,2025-05-26 10:00:00,2025-05-26 10:00:00,6.699999809265137,7.775742613496213,8.300000190734863,True
0,core,2025-05-27 10:00:00,2025-05-27 10:00:00,9.199999809265137,8.034943448774005,6.699999809265137,True
0,core,2025-05-28 10:00:00,2025-05-28 10:00:00,7.5,7.924876985788536,9.199999809265137,True
0,core,2025-05-29 10:00:00,2025-05-29 10:00:00,8.699999809265137,7.99298843538501,7.5,True
0,core,2025-05-30 10:00:00,2025-05-30 10:00:00,10.0,7.881277224183586,8.699999809265137,True
0,core,2025-05-31 10:00:00,2025-05-31 10:00:00,6.800000190734863,7.79232935355763,10.0,True
0,core,2025-06-01 10:00:00,2025-06-01 10:00:00,8.699999809265137,7.973968212987662,6.800000190734863,True
0,core,2025-06-02 10:00:00,2025-06-02 10:00:00,8.399999618530273,7.882725394451304,8.699999809265137,True
0,core,2025-06-03 10:00:00,2025-06-03 10:00:00,23.299999237060547,7.975380461085779,8.399999618530273,True
0,core,2025-06-03 17:30:00,2025-06-03 17:30:00,8.5,8.047713479996382,23.299999237060547,True
0,core,2025-06-04 10:00:00,2025-06-04 10:00:00,6.900000095367432,7.916561566710483,8.5,True
0,core,2025-06-05 10:00:00,2025-06-05 10:00:00,9.199999809265137,7.942725226331074,6.900000095367432,True
0,core,2025-06-06 10:00:00,2025-06-06 10:00:00,8.800000190734863,8.066587500791488,9.199999809265137,True
0,core,2025-06-07 10:00:00,2025-06-07 10:00:00,9.100000381469727,8.126508898806414,8.800000190734863,True
0,core,2025-06-08 10:00:00,2025-06-08 10:00:00,9.100000381469727,8.006976968898512,9.100000381469727,True
0,core,2025-06-09 10:00:00,2025-06-09 10:00:00,9.300000190734863,8.021849117123995,9.100000381469727,True
0,core,2025-06-10 10:00:00,2025-06-10 10:00:00,8.800000190734863,7.918873283860638,9.300000190734863,True
0,core,2025-06-11 10:00:00,2025-06-11 10:00:00,7.800000190734863,8.206565218396593,8.800000190734863,True
0,core,2025-06-12 10:00:00,2025-06-12 10:00:00,9.899999618530273,8.166445693384713,7.800000190734863,True
0,core,2025-06-13 10:00:00,2025-06-13 10:00:00,9.199999809265137,8.132208779603022,9.899999618530273,True
0,core,2025-06-14 10:00:00,2025-06-14 10:00:00,8.300000190734863,8.178479748869027,9.199999809265137,True
0,core,2025-06-15 10:00:00,2025-06-15 10:00:00,8.0,8.02094845021923,8.300000190734863,True
0,core,2025-06-16 10:00:00,2025-06-16 10:00:00,9.600000381469727,8.121263985907614,8.0,True
0,core,2025-06-17 10:00:00,2025-06-17 10:00:00,9.300000190734863,8.298320101424295,9.600000381469727,True
0,core,2025-06-18 10:00:00,2025-06-18 10:00:00,8.5,8.148103897034996,9.300000190734863,True
0,core,2025-06-19 10:00:00,2025-06-19 10:00:00,10.600000381469727,8.226467025178987,8.5,True
0,core,2025-06-20 10:00:00,2025-06-20 10:00:00,8.300000190734863,8.102515066109696,10.600000381469727,True
0,core,2025-06-21 10:00:00,2025-06-21 10:00:00,3.200000047683716,8.532020229071916,8.300000190734863,True
0,core,2025-06-21 15:57:36,2025-06-21 15:57:36,8.399999618530273,8.145148145144047,3.200000047683716,True
0,core,2025-06-22 10:00:00,2025-06-22 10:00:00,7.699999809265137,8.148849192192612,8.399999618530273,True
0,core,2025-06-23 10:00:00,2025-06-23 10:00:00,7.599999904632568,8.171265459645536,7.699999809265137,True
0,core,2025-06-24 10:00:00,2025-06-24 10:00:00,9.199999809265137,8.234440324215731,7.599999904632568,True
0,core,2025-06-25 10:00:00,2025-06-25 10:00:00,8.5,8.233098723271409,9.199999809265137,True
0,core,2025-06-26 10:00:00,2025-06-26 10:00:00,7.199999809265137,8.055260545470937,8.5,True
0,core,2025-06-27 10:00:00,2025-06-27 10:00:00,8.899999618530273,8.123423130181495,7.199999809265137,True
0,core,2025-06-28 10:00:00,2025-06-28 10:00:00,9.800000190734863,8.16594791349853,8.899999618530273,True
0,core,2025-06-29 10:00:00,2025-06-29 10:00:00,8.5,8.07217050428141,9.800000190734863,True
0,core,2025-06-30 10:00:00,2025-06-30 10:00:00,8.0,8.038187563216278,8.5,True
0,core,2025-07-01 10:00:00,2025-07-01 10:00:00,8.199999809265137,8.140214397218697,8.0,True
0,core,2025-07-02 10:00:00,2025-07-02 10:00:00,8.800000190734863,8.058116153496863,8.199999809265137,True
0,core,2025-07-03 10:00:00,2025-07-03 10:00:00,9.300000190734863,8.004757730476632,8.800000190734863,True
0,core,2025-07-04 10:00:00,2025-07-04 10:00:00,9.399999618530273,8.098115775300537,9.300000190734863,True
0,core,2025-07-05 10:00:00,2025-07-05 10:00:00,8.600000381469727,8.135943931942078,9.399999618530273,True
0,core,2025-07-06 10:00:00,2025-07-06 10:00:00,9.300000190734863,8.12918139949641,8.600000381469727,True
0,core,2025-07-07 10:00:00,2025-07-07 10:00:00,8.5,8.083858995816875,9.300000190734863,True
0,core,2025-07-08 10:00:00,2025-07-08 10:00:00,9.199999809265137,8.14078673225863,8.5,True
0,core,2025-07-09 10:00:00,2025-07-09 10:00:00,8.199999809265137,8.136834105610108,9.199999809265137,True
0,core,2025-07-10 10:00:00,2025-07-10 10:00:00,7.599999904632568,8.037610454820395,8.199999809265137,True
0,core,2025-07-11 10:00:00,2025-07-11 10:00:00,9.100000381469727,8.090214662912084,7.599999904632568,True
0,core,2025-07-12 10:00:00,2025-07-12 10:00:00,8.800000190734863,8.048980973649336,9.100000381469727,True
0,core,2025-07-13 10:00:00,2025-07-13 10:00:00,8.5,8.07135957443867,8.800000190734863,True
0,core,2025-07-14 10:00:00,2025-07-14 10:00:00,9.800000190734863,8.217415955554285,8.5,True
0,core,2025-07-15 10:00:00,2025-07-15 10:00:00,9.399999618530273,8.192097935500888,9.800000190734863,True
0,core,2025-07-16 10:00:00,2025-07-16 10:00:00,9.100000381469727,8.13730879086519,9.399999618530273,True
0,core,2025-07-17 10:00:00,2025-07-17 10:00:00,8.100000381469727,8.18126959778479,9.100000381469727,True
0,core,2025-07-18 10:00:00,2025-07-18 10:00:00,9.399999618530273,8.162178739316417,8.100000381469727,True
0,core,2025-07-19 10:00:00,2025-07-19 10:00:00,7.900000095367432,8.191726378141388,9.399999618530273,True
0,core,2025-07-20 10:00:00,2025-07-20 10:00:00,9.5,8.17578540962139,7.900000095367432,True
0,core,2025-07-21 10:00:00,2025-07-21 10:00:00,9.300000190734863,8.147326591991826,9.5,True
0,core,2025-07-22 10:00:00,2025-07-22 10:00:00,9.899999618530273,8.195024943882183,9.300000190734863,True
0,core,2025-07-23 10:00:00,2025-07-23 10:00:00,8.5,8.101548598063784,9.899999618530273,True
0,core,2025-07-24 10:00:00,2025-07-24 10:00:00,8.199999809265137,8.196652167374465,8.5,True
0,core,2025-07-24 13:00:00,2025-07-24 13:00:00,120.0,8.882479275594726,8.5,True
0,core,2025-07-24 13:15:00,2025-07-24 13:15:00,45.900001525878906,8.873509580742004,8.5,True
0,core,2025-07-24 15:20:00,2025-07-24 15:20:00,2.0999999046325684,9.19265236408862,8.199999809265137,True
0,core,2025-07-25 10:00:00,2025-07-25 10:00:00,9.600000381469727,8.073936236444814,2.0999999046325684,True
0,core,2025-07-26 10:00:00,2025-07-26 10:00:00,7.300000190734863,8.060932377573481,9.600000381469727,True
0,core,2025-07-27 10:00:00,2025-07-27 10:00:00,8.899999618530273,7.99378519391335,7.300000190734863,True
0,core,2025-07-28 10:00:00,2025-07-28 10:00:00,10.199999809265137,8.20385736334305,8.899999618530273,True
0,core,2025-07-28 16:00:00,2025-07-28 16:00:00,35.099998474121094,9.617628828785616,10.199999809265137,True
0,core,2025-07-28 21:26:26,2025-07-28 21:26:26,3.5,8.435747899392094,35.099998474121094,True
0,core,2025-07-29 10:00:00,2025-07-29 10:00:00,8.300000190734863,8.097998959949882,3.5,True
0,core,2025-07-30 10:00:00,2025-07-30 10:00:00,10.0,8.171976633691658,8.300000190734863,True
0,core,2025-07-31 10:00:00,2025-07-31 10:00:00,6.599999904632568,7.990751988001307,10.0,True
0,core,2025-08-01 10:00:00,2025-08-01 10:00:00,5.300000190734863,8.132725182573743,6.599999904632568,True
0,core,2025-08-03 10:00:00,2025-08-03 10:00:00,10.199999809265137,8.003241409346122,5.300000190734863,True
0,core,2025-08-04 10:00:00,2025-08-04 10:00:00,7.5,8.170816129542137,10.199999809265137,True
0,core,2025-08-05 10:00:00,2025-08-05 10:00:00,6.599999904632568,9.01392811613688,7.5,True
0,core,2025-08-05 14:05:08,2025-08-05 14:05:08,3.5999999046325684,8.272342163458038,6.599999904632568,True
0,core,2025-08-06 10:00:00,2025-08-06 10:00:00,7.900000095367432,8.304770418564825,3.5999999046325684,True
0,core,2025-08-07 10:00:00,2025-08-07 10:00:00,6.300000190734863,7.875434379709345,7.900000095367432,True
0,core,2025-08-08 10:00:00,2025-08-08 10:00:00,7.400000095367432,8.055005346752672,6.300000190734863,True
0,core,2025-08-09 10:00:00,2025-08-09 10:00:00,7.599999904632568,8.08623927301296,7.400000095367432,True
0,core,2025-08-10 10:00:00,2025-08-10 10:00:00,9.300000190734863,8.156276267775436,7.599999904632568,True
0,core,2025-08-12 10:00:00,2025-08-12 10:00:00,8.0,8.111560964362138,9.300000190734863,True
0,core,2025-08-13 10:00:00,2025-08-13 10:00:00,9.199999809265137,8.329266996193109,8.0,True
0,core,2025-08-14 10:00:00,2025-08-14 10:00:00,10.5,8.152238079834346,9.199999809265137,True
0,core,2025-08-14 14:00:00,2025-08-14 14:00:00,11.800000190734863,7.8380241173603356,10.5,True
0,core,2025-08-14 20:00:00,2025-08-14 20:00:00,4.699999809265137,8.116599816083921,11.800000190734863,True
0,core,2025-08-15 10:00:00,2025-08-15 10:00:00,8.100000381469727,8.086606570465856,4.699999809265137,True
0,core,2025-08-16 10:00:00,2025-08-16 10:00:00,8.300000190734863,8.12169166936063,8.100000381469727,True
0,core,2025-08-16 20:00:00,2025-08-16 20:00:00,5.199999809265137,8.139993378836886,8.300000190734863,True
0,core,2025-08-17 10:00:00,2025-08-17 10:00:00,7.900000095367432,8.05119715870029,5.199999809265137,True
0,core,2025-08-18 10:00:00,2025-08-18 10:00:00,9.199999809265137,8.210161965570531,7.900000095367432,True
0,core,2025-08-19 10:00:00,2025-08-19 10:00:00,6.699999809265137,8.171785675988744,9.199999809265137,True
0,core,2025-08-20 10:00:00,2025-08-20 10:00:00,7.099999904632568,8.086505599887351,6.699999809265137,True
0,core,2025-08-21 10:00:00,2025-08-21 10:00:00,6.599999904632568,8.147151832306765,7.099999904632568,True
0,core,2025-08-22 10:00:00,2025-08-22 10:00:00,8.5,8.23687892074883,6.599999904632568,True
0,core,2025-08-23 10:00:00,2025-08-23 10:00:00,11.399999618530273,8.20217399147236,8.5,True
0,core,2025-08-23 22:00:00,2025-08-23 22:00:00,8.899999618530273,8.12574225498915,11.399999618530273,True
0,core,2025-08-24 10:00:00,2025-08-24 10:00:00,9.399999618530273,8.04608394035951,8.899999618530273,True
0,core,2025-08-25 10:00:00,2025-08-25 10:00:00,10.899999618530273,8.03671933480962,9.399999618530273,True
0,core,2025-08-27 10:00:00,2025-08-27 10:00:00,8.699999809265137,8.114274583706846,10.899999618530273,True
0,core,2025-08-27 22:00:00,2025-08-27 22:00:00,9.300000190734863,8.172593521225066,8.699999809265137,True
0,core,2025-08-28 10:00:00,2025-08-28 10:00:00,7.800000190734863,8.074066541312954,9.300000190734863,True
0,core,2025-08-29 10:00:00,2025-08-29 10:00:00,8.0,8.190439666855777,7.800000190734863,True
0,core,2025-08-30 10:00:00,2025-08-30 10:00:00,11.100000381469727,8.179822344410146,8.0,True
0,core,2025-08-31 10:00:00,2025-08-31 10:00:00,8.600000381469727,8.297411051284545,11.100000381469727,True
0,core,2025-09-01 10:00:00,2025-09-01 10:00:00,7.599999904632568,8.18514522655358,8.600000381469727,True
0,core,2025-09-02 10:00:00,2025-09-02 10:00:00,7.199999809265137,8.094835545824616,7.599999904632568,True
0,core,2025-09-03 10:00:00,2025-09-03 10:00:00,10.699999809265137,8.074418976583116,7.199999809265137,True
0,core,2025-09-04 10:00:00,2025-09-04 10:00:00,7.300000190734863,8.071845412096227,10.699999809265137,True
0,core,2025-09-05 10:00:00,2025-09-05 10:00:00,9.699999809265137,8.327144236708,7.300000190734863,True
0,core,2025-09-06 10:00:00,2025-09-06 10:00:00,11.699999809265137,8.383759334682793,9.699999809265137,True
0,core,2025-09-07 10:00:00,2025-09-07 10:00:00,10.699999809265137,8.160747805887533,11.699999809265137,True
0,core,2025-09-08 10:00:00,2025-09-08 10:00:00,9.800000190734863,8.238515142093643,10.699999809265137,True
0,core,2025-09-09 10:00:00,2025-09-09 10:00:00,8.399999618530273,8.111811901919273,9.800000190734863,True
0,core,2025-09-10 10:00:00,2025-09-10 10:00:00,10.100000381469727,8.11336453796408,8.399999618530273,True
0,core,2025-09-11 10:00:00,2025-09-11 10:00:00,8.699999809265137,8.092428569463165,10.100000381469727,True
0,core,2025-09-12 10:00:00,2025-09-12 10:00:00,9.899999618530273,8.242905984419348,8.699999809265137,True
0,core,2025-09-13 10:00:00,2025-09-13 10:00:00,9.800000190734863,8.176560293123277,9.899999618530273,True
0,core,2025-09-14 10:00:00,2025-09-14 10:00:00,9.899999618530273,8.233496976807132,9.800000190734863,True
0,core,2025-09-15 10:00:00,2025-09-15 10:00:00,8.300000190734863,8.241384044040275,9.899999618530273,True
0,core,2025-09-16 10:00:00,2025-09-16 10:00:00,9.199999809265137,8.327073220937157,8.300000190734863,True
0,core,2025-09-17 10:00:00,2025-09-17 10:00:00,9.300000190734863,8.299656625865342,9.199999809265137,True
0,core,2025-09-18 10:00:00,2025-09-18 10:00:00,9.600000381469727,8.384014400156033,9.300000190734863,True
0,core,2025-09-19 10:00:00,2025-09-19 10:00:00,9.600000381469727,8.255528099934503,9.600000381469727,True
0,core,2025-09-20 10:00:00,2025-09-20 10:00:00,8.5,8.170839081115421,9.600000381469727,True
0,core,2025-09-21 10:00:00,2025-09-21 10:00:00,7.599999904632568,8.132618212059898,8.5,True
0,core,2025-09-22 10:00:00,2025-09-22 10:00:00,8.899999618530273,8.280469062129553,7.599999904632568,True
0,core,2025-09-23 10:00:00,2025-09-23 10:00:00,10.199999809265137,8.458931502736705,8.899999618530273,True
0,core,2025-09-24 10:00:00,2025-09-24 10:00:00,10.5,8.257414730653347,10.199999809265137,True
0,core,2025-09-25 10:00:00,2025-09-25 10:00:00,9.800000190734863,8.272165901964154,10.5,True
0,core,2025-09-26 10:00:00,2025-09-26 10:00:00,7.599999904632568,8.219508147101346,9.800000190734863,True
0,core,2025-09-27 10:00:00,2025-09-27 10:00:00,8.399999618530273,8.077171105017253,7.599999904632568,True
0,core,2025-09-28 10:00:00,2025-09-28 10:00:00,9.399999618530273,8.10183189260888,8.399999618530273,True
0,core,2025-09-28 17:00:00,2025-09-28 17:00:00,15.300000190734863,8.182227637658933,9.399999618530273,True
0,core,2025-09-28 20:00:00,2025-09-28 20:00:00,8.300000190734863,7.999394137510418,9.399999618530273,True
0,core,2025-09-29 10:00:00,2025-09-29 10:00:00,9.199999809265137,8.268212799041184,8.300000190734863,True
0,core,2025-09-30 10:00:00,2025-09-30 10:00:00,8.300000190734863,8.155614193003014,9.199999809265137,True
0,core,2025-10-01 10:00:00,2025-10-01 10:00:00,9.800000190734863,8.220400410876762,8.300000190734863,True
0,core,2025-10-02 10:00:00,2025-10-02 10:00:00,9.699999809265137,8.201943790433901,9.800000190734863,True
0,core,2025-10-03 10:00:00,2025-10-03 10:00:00,10.399999618530273,8.17646891848534,9.699999809265137,True
0,core,2025-10-05 10:00:00,2025-10-05 10:00:00,9.699999809265137,7.9620413733292015,10.399999618530273,True
0,core,2025-10-06 10:00:00,2025-10-06 10:00:00,9.800000190734863,8.157892620163627,9.699999809265137,True
0,core,2025-10-06 14:00:00,2025-10-06 14:00:00,5.199999809265137,8.238285688738488,9.800000190734863,True
0,core,2025-10-07 10:00:00,2025-10-07 10:00:00,9.300000190734863,8.075131143594044,5.199999809265137,True
0,core,2025-10-08 10:00:00,2025-10-08 10:00:00,9.800000190734863,8.153158463510389,9.300000190734863,True
0,core,2025-10-09 10:00:00,2025-10-09 10:00:00,12.699999809265137,8.067032841228782,9.800000190734863,True
0,core,2025-10-09 16:00:00,2025-10-09 16:00:00,8.699999809265137,7.903671147531902,12.699999809265137,True
0,core,2025-10-09 22:00:00,2025-10-09 22:00:00,9.0,8.081658254292844,8.699999809265137,True
0,core,2025-10-10 10:00:00,2025-10-10 10:00:00,10.199999809265137,8.014692876708295,9.0,True
0,core,2025-10-10 20:00:00,2025-10-10 20:00:00,9.600000381469727,7.909513170596377,10.199999809265137,True
0,core,2025-10-11 10:00:00,2025-10-11 10:00:00,9.0,8.103367068550918,9.600000381469727,True
0,core,2025-10-12 10:00:00,2025-10-12 10:00:00,10.5,8.009275476877031,9.0,True
0,core,2025-10-14 10:00:00,2025-10-14 10:00:00,9.199999809265137,7.107382042292265,10.5,True
0,core,2025-10-15 10:00:00,2025-10-15 10:00:00,9.100000381469727,7.942138188346277,9.199999809265137,True
0,core,2025-10-16 10:00:00,2025-10-16 10:00:00,12.199999809265137,8.033882996821205,9.100000381469727,True
0,core,2025-10-16 15:00:00,2025-10-16 15:00:00,9.699999809265137,8.079144233856619,12.199999809265137,True
0,core,2025-10-17 10:00:00,2025-10-17 10:00:00,10.399999618530273,8.204493504113715,9.699999809265137,True
0,core,2025-10-18 10:00:00,2025-10-18 10:00:00,10.800000190734863,8.20475134461009,10.399999618530273,True
0,core,2025-10-18 16:00:00,2025-10-18 16:00:00,8.0,7.967070214086435,10.800000190734863,True
0,core,2025-10-19 10:00:00,2025-10-19 10:00:00,6.5,8.147631373490409,8.0,True
0,core,2025-10-20 10:00:00,2025-10-20 10:00:00,10.5,7.955280550356687,6.5,True
0,core,2025-10-21 10:00:00,2025-10-21 10:00:00,10.100000381469727,8.14617595145305,10.5,True
0,core,2025-10-21 16:00:00,2025-10-21 16:00:00,11.0,8.08688983671612,10.100000381469727,True
0,core,2025-10-21 22:00:00,2025-10-21 22:00:00,10.0,7.954517761240288,11.0,True
0,core,2025-10-22 10:00:00,2025-10-22 10:00:00,9.300000190734863,7.998873141534423,10.0,True
0,core,2025-10-22 20:00:00,2025-10-22 20:00:00,11.0,7.959400812474575,9.300000190734863,True
0,core,2025-10-23 02:00:00,2025-10-23 02:00:00,6.699999809265137,8.03600237661674,11.0,True
0,core,2025-10-23 10:00:00,2025-10-23 10:00:00,9.100000381469727,8.037753865681587,6.699999809265137,True
0,core,2025-10-23 21:00:00,2025-10-23 21:00:00,6.5,8.005648784509413,9.100000381469727,True
0,core,2025-10-24 10:00:00,2025-10-24 10:00:00,7.0,7.934615503866803,6.5,True
0,core,2025-10-25 10:00:00,2025-10-25 10:00:00,7.199999809265137,8.148067807656147,7.0,True
0,core,2025-10-26 10:00:00,2025-10-26 10:00:00,7.199999809265137,8.11143064160291,7.199999809265137,True
0,core,2025-10-27 10:00:00,2025-10-27 10:00:00,10.399999618530273,8.110901842214261,7.199999809265137,True
0,core,2025-10-27 15:15:10,2025-10-27 15:15:10,9.600000381469727,8.009460776805136,10.399999618530273,True
0,core,2025-10-27 18:46:34,2025-10-27 18:46:34,5.599999904632568,8.01717997434701,10.399999618530273,True
0,core,2025-10-27 22:00:00,2025-10-27 22:00:00,7.699999809265137,8.088603821565156,9.600000381469727,True
0,core,2025-10-28 10:00:00,2025-10-28 10:00:00,9.899999618530273,8.113027364101182,7.699999809265137,True
0,core,2025-10-28 14:00:00,2025-10-28 14:00:00,7.800000190734863,7.92718437755326,9.899999618530273,True
0,core,2025-10-29 10:00:00,2025-10-29 10:00:00,9.199999809265137,8.176411573108606,7.800000190734863,True
0,core,2025-10-30 10:00:00,2025-10-30 10:00:00,9.899999618530273,8.24355517625062,9.199999809265137,True
0,core,2025-10-31 10:00:00,2025-10-31 10:00:00,10.199999809265137,8.041991514542326,9.899999618530273,True
0,core,2025-11-01 10:00:00,2025-11-01 10:00:00,7.800000190734863,8.00937576682989,10.199999809265137,True
0,core,2025-11-02 10:00:00,2025-11-02 10:00:00,10.100000381469727,7.993857404760771,7.800000190734863,True
0,core,2025-11-03 05:00:00,2025-11-03 05:00:00,8.5,7.9785214434917116,10.100000381469727,True
0,core,2025-11-03 10:00:00,2025-11-03 10:00:00,9.5,8.130104255141172,8.5,True
0,core,2025-11-04 10:00:00,2025-11-04 10:00:00,9.399999618530273,7.990032889524791,9.5,True
0,core,2025-11-05 10:00:00,2025-11-05 10:00:00,8.899999618530273,7.939943571588104,9.399999618530273,True
0,core,2025-11-06 10:00:00,2025-11-06 10:00:00,9.600000381469727,8.044483540920496,8.899999618530273,True
0,core,2025-11-07 10:00:00,2025-11-07 10:00:00,9.899999618530273,8.072734468985583,9.600000381469727,True
0,core,2025-11-08 10:00:00,2025-11-08 10:00:00,8.800000190734863,7.931408884115628,9.899999618530273,True
0,core,2025-11-09 10:00:00,2025-11-09 10:00:00,10.5,7.874365850172248,8.800000190734863,True
0,core,2025-11-09 13:00:00,2025-11-09 13:00:00,11.199999809265137,8.014924978457657,8.800000190734863,True
0,core,2025-11-09 17:00:09,2025-11-09 17:00:09,8.100000381469727,7.93459777025058,11.199999809265137,True
0,core,2025-11-10 00:00:00,2025-11-10 00:00:00,7.300000190734863,7.822544252441981,8.100000381469727,True
0,core,2025-11-10 10:00:00,2025-11-10 10:00:00,8.100000381469727,7.871799769356198,7.300000190734863,True
0,core,2025-11-11 10:00:00,2025-11-11 10:00:00,9.100000381469727,8.074835526420323,8.100000381469727,True
0,core,2025-11-12 10:00:00,2025-11-12 10:00:00,11.5,8.26961123809606,9.100000381469727,True
0,core,2025-11-12 17:06:58,2025-11-12 17:06:58,8.100000381469727,7.901785007788103,11.5,True
0,core,2025-11-13 10:00:00,2025-11-13 10:00:00,7.300000190734863,8.146023457868765,8.100000381469727,True
0,core,2025-11-14 10:00:00,2025-11-14 10:00:00,10.399999618530273,8.035202038777582,7.300000190734863,True
0,core,2025-11-14 22:00:00,2025-11-14 22:00:00,8.300000190734863,7.932520026348367,10.399999618530273,True
0,core,2025-11-15 10:00:00,2025-11-15 10:00:00,9.199999809265137,7.987443379508164,8.300000190734863,True
0,core,2025-11-16 10:00:00,2025-11-16 10:00:00,9.899999618530273,8.045043906905418,9.199999809265137,True
0,core,2025-11-17 10:00:00,2025-11-17 10:00:00,9.199999809265137,8.088891286227362,9.899999618530273,True
0,core,2025-11-18 10:00:00,2025-11-18 10:00:00,9.800000190734863,8.057950707427953,9.199999809265137,True
0,core,2025-11-19 10:00:00,2025-11-19 10:00:00,9.699999809265137,8.011885340994807,9.800000190734863,True
0,core,2025-11-20 10:00:00,2025-11-20 10:00:00,6.099999904632568,8.121305674933872,9.699999809265137,True
0,core,2025-11-21 10:00:00,2025-11-21 10:00:00,10.399999618530273,7.969294726670322,6.099999904632568,True
0,core,2025-11-22 10:00:00,2025-11-22 10:00:00,9.300000190734863,7.895256045491973,10.399999618530273,True
0,core,2025-11-23 10:00:00,2025-11-23 10:00:00,9.899999618530273,7.954729999504515,9.300000190734863,True
0,core,2025-11-23 22:51:00,2025-11-23 22:51:00,9.899999618530273,8.02770700678473,9.899999618530273,True
0,core,2025-11-24 02:38:00,2025-11-24 02:38:00,10.699999809265137,8.049412564314844,9.899999618530273,True
0,core,2025-11-24 10:00:00,2025-11-24 10:00:00,9.0,8.06482119895121,10.699999809265137,True
0,core,2025-11-24 20:00:00,2025-11-24 20:00:00,8.399999618530273,7.900845265471011,9.0,True
0,core,2025-11-25 10:00:00,2025-11-25 10:00:00,9.899999618530273,8.108942748019505,8.399999618530273,True
0,core,2025-11-26 10:00:00,2025-11-26 10:00:00,9.699999809265137,8.173429984129209,9.899999618530273,True
0,core,2025-11-27 10:00:00,2025-11-27 10:00:00,13.100000381469727,8.16609941037637,9.699999809265137,True
0,core,2025-11-27 12:45:00,2025-11-27 12:45:00,10.5,8.102833029095557,9.699999809265137,True
0,core,2025-11-27 22:00:00,2025-11-27 22:00:00,8.600000381469727,8.203761876989137,10.5,True
0,core,2025-11-28 10:00:00,2025-11-28 10:00:00,9.0,7.975142901941618,8.600000381469727,True
0,core,2025-11-29 10:00:00,2025-11-29 10:00:00,7.300000190734863,7.873385489267639,9.0,True
0,core,2025-11-30 10:00:00,2025-11-30 10:00:00,8.699999809265137,8.09558063948571,7.300000190734863,True
0,core,2025-12-01 10:00:00,2025-12-01 10:00:00,7.800000190734863,7.9274307909305595,8.699999809265137,True
0,core,2025-12-02 10:00:00,2025-12-02 10:00:00,8.399999618530273,8.140384964898994,7.800000190734863,True
0,core,2025-12-03 10:00:00,2025-12-03 10:00:00,6.800000190734863,7.926089130445899,8.399999618530273,True
0,core,2025-12-04 10:00:00,2025-12-04 10:00:00,7.800000190734863,8.022953712115948,6.800000190734863,True
0,core,2025-12-05 10:00:00,2025-12-05 10:00:00,9.0,8.207283940490091,7.800000190734863,True
0,core,2025-12-06 10:00:00,2025-12-06 10:00:00,8.300000190734863,8.023994473154998,9.0,True
0,core,2025-12-07 10:00:00,2025-12-07 10:00:00,10.199999809265137,8.045183776007002,8.300000190734863,True
0,core,2025-12-08 10:00:00,2025-12-08 10:00:00,8.199999809265137,8.112753035913295,10.199999809265137,True
0,core,2025-12-09 10:00:00,2025-12-09 10:00:00,9.100000381469727,8.10296250743959,8.199999809265137,True
0,core,2025-12-10 06:00:00,2025-12-10 06:00:00,9.800000190734863,8.532678179163407,9.100000381469727,True
0,core,2025-12-10 09:35:00,2025-12-10 09:35:00,8.0,8.47256372265183,9.100000381469727,True
0,core,2025-12-10 20:00:00,2025-12-10 20:00:00,7.800000190734863,8.245048032284666,8.0,True
0,core,2025-12-11 10:00:00,2025-12-11 10:00:00,7.300000190734863,8.174674277253825,7.800000190734863,True
0,core,2025-12-11 17:00:00,2025-12-11 17:00:00,10.5,8.231747648457697,7.300000190734863,True
0,core,2025-12-12 10:00:00,2025-12-12 10:00:00,7.599999904632568,8.196519382579202,10.5,True
0,core,2025-12-13 10:00:00,2025-12-13 10:00:00,6.699999809265137,7.930802722912002,7.599999904632568,True
0,core,2025-12-14 10:00:00,2025-12-14 10:00:00,6.400000095367432,8.10084464334918,6.699999809265137,True
0,core,2025-12-14 14:22:00,2025-12-14 14:22:00,11.0,8.00241020536615,6.400000095367432,True
0,core,2025-12-15 10:00:00,2025-12-15 10:00:00,8.800000190734863,7.8581058232051735,11.0,True
0,core,2025-12-16 10:00:00,2025-12-16 10:00:00,7.400000095367432,7.8093056560613885,8.800000190734863,True
0,core,2025-12-17 10:00:00,2025-12-17 10:00:00,8.399999618530273,8.105362776858026,7.400000095367432,True
0,core,2025-12-18 10:00:00,2025-12-18 10:00:00,9.300000190734863,8.189478203590426,8.399999618530273,True
0,core,2025-12-19 10:00:00,2025-12-19 10:00:00,9.399999618530273,8.135574684147201,9.300000190734863,True
0,core,2025-12-20 10:00:00,2025-12-20 10:00:00,9.100000381469727,8.045405525906776,9.399999618530273,True
0,core,2025-12-21 10:00:00,2025-12-21 10:00:00,8.800000190734863,8.07192263365972,9.100000381469727,True
0,core,2025-12-22 10:00:00,2025-12-22 10:00:00,9.0,8.1179165601003,8.800000190734863,True
0,core,2025-12-23 10:00:00,2025-12-23 10:00:00,8.300000190734863,7.886081517178399,9.0,True
0,core,2025-12-24 10:00:00,2025-12-24 10:00:00,5.099999904632568,7.687288228193442,8.300000190734863,True
0,core,2025-12-25 10:00:00,2025-12-25 10:00:00,9.0,8.111392402382473,5.099999904632568,True
0,core,2025-12-26 10:00:00,2025-12-26 10:00:00,6.199999809265137,8.124732939451597,9.0,True
0,core,2025-12-27 10:00:00,2025-12-27 10:00:00,8.899999618530273,8.150250774065794,6.199999809265137,True
0,core,2025-12-28 10:00:00,2025-12-28 10:00:00,10.899999618530273,8.085252905190774,8.899999618530273,True
0,core,2025-12-29 00:00:00,2025-12-29 00:00:00,10.5,7.92119527467457,10.899999618530273,True
0,core,2025-12-29 02:30:00,2025-12-29 02:30:00,7.900000095367432,8.097811527755974,10.899999618530273,True
0,core,2025-12-29 10:00:00,2025-12-29 10:00:00,4.699999809265137,7.700139974764015,7.900000095367432,True
0,core,2025-12-30 10:00:00,2025-12-30 10:00:00,9.699999809265137,8.012147634391336,4.699999809265137,True
0,core,2025-12-31 10:00:00,2025-12-31 10:00:00,9.0,7.906313714791246,9.699999809265137,True
0,separate_pak,2025-01-01 10:00:00,2025-01-01 10:00:00,3.5,7.141304601224562,2.700000047683716,True
0,separate_pak,2025-01-02 10:00:00,2025-01-02 10:00:00,7.099999904632568,8.065012385609851,3.5,True
0,separate_pak,2025-01-03 10:00:00,2025-01-03 10:00:00,7.699999809265137,8.105538586036085,7.099999904632568,True
0,separate_pak,2025-01-04 10:00:00,2025-01-04 10:00:00,5.400000095367432,7.730192138625954,7.699999809265137,True
0,separate_pak,2025-01-05 10:00:00,2025-01-05 10:00:00,5.300000190734863,7.58450050530597,5.400000095367432,True
0,separate_pak,2025-01-06 10:00:00,2025-01-06 10:00:00,4.800000190734863,7.620906928435156,5.300000190734863,True
0,separate_pak,2025-01-07 10:00:00,2025-01-07 10:00:00,5.099999904632568,7.58820793206416,4.800000190734863,True
0,separate_pak,2025-01-08 10:00:00,2025-01-08 10:00:00,3.5999999046325684,7.369816782248206,5.099999904632568,True
0,separate_pak,2025-01-09 10:00:00,2025-01-09 10:00:00,3.9000000953674316,7.348694403788791,3.5999999046325684,True
0,separate_pak,2025-01-10 10:00:00,2025-01-10 10:00:00,3.5,7.299439503977169,3.9000000953674316,True
0,separate_pak,2025-01-11 10:00:00,2025-01-11 10:00:00,3.5999999046325684,7.440097803783058,3.5,True
0,separate_pak,2025-01-12 10:00:00,2025-01-12 10:00:00,4.199999809265137,7.484336823285357,3.5999999046325684,True
0,separate_pak,2025-01-13 10:00:00,2025-01-13 10:00:00,6.0,7.610280204417785,4.199999809265137,True
0,separate_pak,2025-01-14 10:00:00,2025-01-14 10:00:00,1.600000023841858,6.514818002558244,6.0,True
0,separate_pak,2025-01-15 10:00:00,2025-01-15 10:00:00,1.899999976158142,8.005394348742543,1.600000023841858,True
0,separate_pak,2025-01-16 10:00:00,2025-01-16 10:00:00,7.099999904632568,7.935748625373828,1.899999976158142,True
0,separate_pak,2025-01-17 10:00:00,2025-01-17 10:00:00,8.199999809265137,7.966254931154474,7.099999904632568,True
0,separate_pak,2025-01-18 10:00:00,2025-01-18 10:00:00,7.599999904632568,8.09230784476159,8.199999809265137,True
0,separate_pak,2025-01-19 10:00:00,2025-01-19 10:00:00,6.900000095367432,7.997708775506407,7.599999904632568,True
0,separate_pak,2025-01-20 10:00:00,2025-01-20 10:00:00,10.600000381469727,8.436916782776747,6.900000095367432,True
0,separate_pak,2025-01-21 10:00:00,2025-01-21 10:00:00,8.300000190734863,8.262502163548715,10.600000381469727,True
0,separate_pak,2025-01-22 10:00:00,2025-01-22 10:00:00,6.099999904632568,8.082960328553538,8.300000190734863,True
0,separate_pak,2025-01-23 10:00:00,2025-01-23 10:00:00,6.099999904632568,8.015272655013485,6.099999904632568,True
0,separate_pak,2025-01-23 22:00:00,2025-01-23 22:00:00,5.900000095367432,8.180098506313893,6.099999904632568,True
0,separate_pak,2025-01-24 10:00:00,2025-01-24 10:00:00,6.699999809265137,8.631272274118308,5.900000095367432,True
0,separate_pak,2025-01-25 10:00:00,2025-01-25 10:00:00,7.5,8.183876731959836,6.699999809265137,True
0,separate_pak,2025-01-26 10:00:00,2025-01-26 10:00:00,8.899999618530273,8.419278611674018,7.5,True
0,separate_pak,2025-01-27 10:00:00,2025-01-27 10:00:00,6.0,7.717535542264617,8.899999618530273,True
0,separate_pak,2025-01-28 10:00:00,2025-01-28 10:00:00,7.900000095367432,8.107997871467253,6.0,True
0,separate_pak,2025-01-29 10:00:00,2025-01-29 10:00:00,6.199999809265137,8.277459537500926,7.900000095367432,True
0,separate_pak,2025-01-30 10:00:00,2025-01-30 10:00:00,5.900000095367432,8.573573790733358,6.199999809265137,True
0,separate_pak,2025-01-31 10:00:00,2025-01-31 10:00:00,7.400000095367432,8.45502669220739,5.900000095367432,True
0,separate_pak,2025-02-01 10:00:00,2025-02-01 10:00:00,9.600000381469727,8.271187066869057,7.400000095367432,True
0,separate_pak,2025-02-02 10:00:00,2025-02-02 10:00:00,10.5,8.17286898036204,9.600000381469727,True
0,separate_pak,2025-02-03 04:48:22,2025-02-03 04:48:22,10.699999809265137,8.646546741101027,10.5,True
0,separate_pak,2025-02-03 10:00:00,2025-02-03 10:00:00,8.5,8.953395685235959,10.699999809265137,True
0,separate_pak,2025-02-04 10:00:00,2025-02-04 10:00:00,7.099999904632568,7.588237669020989,8.5,True
0,separate_pak,2025-02-05 10:00:00,2025-02-05 10:00:00,7.400000095367432,8.043716985590724,7.099999904632568,True
0,separate_pak,2025-02-07 10:00:00,2025-02-07 10:00:00,8.300000190734863,8.079996641421165,7.400000095367432,True
0,separate_pak,2025-02-08 10:00:00,2025-02-08 10:00:00,8.100000381469727,8.121539158896756,8.300000190734863,True
0,separate_pak,2025-02-09 10:00:00,2025-02-09 10:00:00,9.899999618530273,8.160645041767545,8.100000381469727,True
0,separate_pak,2025-02-10 10:00:00,2025-02-10 10:00:00,9.5,8.365914804544357,9.899999618530273,True
0,separate_pak,2025-02-11 10:00:00,2025-02-11 10:00:00,6.800000190734863,8.04489454608966,9.5,True
0,separate_pak,2025-02-12 10:00:00,2025-02-12 10:00:00,9.600000381469727,8.236084561955975,6.800000190734863,True
0,separate_pak,2025-02-13 10:00:00,2025-02-13 10:00:00,11.600000381469727,8.066467536818443,9.600000381469727,True
0,separate_pak,2025-02-13 16:46:39,2025-02-13 16:46:39,8.899999618530273,7.8729077838491275,11.600000381469727,True
0,separate_pak,2025-02-14 10:00:00,2025-02-14 10:00:00,7.0,7.860906948102025,8.899999618530273,True
0,separate_pak,2025-02-14 22:41:16,2025-02-14 22:41:16,11.899999618530273,7.467810745818845,7.0,True
0,separate_pak,2025-02-15 02:39:46,2025-02-15 02:39:46,8.0,7.689158470946062,7.0,True
0,separate_pak,2025-02-15 10:00:00,2025-02-15 10:00:00,9.100000381469727,6.718278003803712,8.0,True
0,separate_pak,2025-02-16 10:00:00,2025-02-16 10:00:00,7.300000190734863,8.023519173352465,9.100000381469727,True
0,separate_pak,2025-02-17 10:00:00,2025-02-17 10:00:00,8.699999809265137,7.871853277007947,7.300000190734863,True
0,separate_pak,2025-02-18 10:00:00,2025-02-18 10:00:00,8.5,7.881701613973343,8.699999809265137,True
0,separate_pak,2025-02-19 10:00:00,2025-02-19 10:00:00,10.199999809265137,8.028927220861643,8.5,True
0,separate_pak,2025-02-20 10:00:00,2025-02-20 10:00:00,5.699999809265137,7.846522413826198,10.199999809265137,True
0,separate_pak,2025-02-21 10:00:00,2025-02-21 10:00:00,9.399999618530273,8.050102289864189,5.699999809265137,True
0,separate_pak,2025-02-22 10:00:00,2025-02-22 10:00:00,9.100000381469727,8.116336376192235,9.399999618530273,True
0,separate_pak,2025-02-23 10:00:00,2025-02-23 10:00:00,10.300000190734863,8.150395692188237,9.100000381469727,True
0,separate_pak,2025-02-24 10:00:00,2025-02-24 10:00:00,9.399999618530273,7.948161048444129,10.300000190734863,True
0,separate_pak,2025-02-25 10:00:00,2025-02-25 10:00:00,9.399999618530273,8.134215129369808,9.399999618530273,True
0,separate_pak,2025-02-26 10:00:00,2025-02-26 10:00:00,8.800000190734863,8.028231347626459,9.399999618530273,True
0,separate_pak,2025-02-27 10:00:00,2025-02-27 10:00:00,10.300000190734863,8.22421249077401,8.800000190734863,True
0,separate_pak,2025-02-28 10:00:00,2025-02-28 10:00:00,10.600000381469727,8.151898111794688,10.300000190734863,True
0,separate_pak,2025-03-01 10:00:00,2025-03-01 10:00:00,7.800000190734863,7.973270109223117,10.600000381469727,True
0,separate_pak,2025-03-02 10:00:00,2025-03-02 10:00:00,10.0,7.992956004269647,7.800000190734863,True
0,separate_pak,2025-03-03 10:00:00,2025-03-03 10:00:00,8.300000190734863,7.854471591020884,10.0,True
0,separate_pak,2025-03-06 10:00:00,2025-03-06 10:00:00,8.5,8.229117543824804,,False
0,separate_pak,2025-03-07 10:00:00,2025-03-07 10:00:00,8.399999618530273,7.836213329760724,8.5,True
0,separate_pak,2025-03-08 10:00:00,2025-03-08 10:00:00,8.0,7.691546640470136,8.399999618530273,True
0,separate_pak,2025-03-09 10:00:00,2025-03-09 10:00:00,9.5,8.089950605886875,8.0,True
0,separate_pak,2025-03-10 10:00:00,2025-03-10 10:00:00,10.199999809265137,8.141509363125657,9.5,True
0,separate_pak,2025-03-11 10:00:00,2025-03-11 10:00:00,8.100000381469727,7.976129447082968,10.199999809265137,True
0,separate_pak,2025-03-12 10:00:00,2025-03-12 10:00:00,8.600000381469727,8.150649230823252,8.100000381469727,True
0,separate_pak,2025-03-13 10:00:00,2025-03-13 10:00:00,7.699999809265137,8.055573014643619,8.600000381469727,True
0,separate_pak,2025-03-14 10:00:00,2025-03-14 10:00:00,9.899999618530273,8.034526460748216,7.699999809265137,True
0,separate_pak,2025-03-15 10:00:00,2025-03-15 10:00:00,10.399999618530273,8.475939821454705,9.899999618530273,True
0,separate_pak,2025-03-16 10:00:00,2025-03-16 10:00:00,10.5,8.585360583712946,10.399999618530273,True
0,separate_pak,2025-03-17 10:00:00,2025-03-17 10:00:00,12.399999618530273,8.927698132383153,10.5,True
0,separate_pak,2025-03-18 10:00:00,2025-03-18 10:00:00,12.300000190734863,8.904521760919526,12.399999618530273,True
0,separate_pak,2025-03-19 10:00:00,2025-03-19 10:00:00,10.300000190734863,8.812712663843417,12.300000190734863,True
0,separate_pak,2025-03-20 10:00:00,2025-03-20 10:00:00,11.300000190734863,8.328920911830485,10.300000190734863,True
0,separate_pak,2025-03-21 10:00:00,2025-03-21 10:00:00,9.600000381469727,8.299139210075682,11.300000190734863,True
0,separate_pak,2025-03-22 10:00:00,2025-03-22 10:00:00,8.800000190734863,8.276807424871805,9.600000381469727,True
0,separate_pak,2025-03-23 10:00:00,2025-03-23 10:00:00,6.900000095367432,6.978828669957751,8.800000190734863,True
0,separate_pak,2025-03-24 06:00:00,2025-03-24 06:00:00,6.800000190734863,7.223730743548243,6.900000095367432,True
0,separate_pak,2025-03-24 10:00:00,2025-03-24 10:00:00,6.5,7.765250826226469,6.800000190734863,True
0,separate_pak,2025-03-25 00:01:00,2025-03-25 00:01:00,11.0,7.091960781376056,6.5,True
0,separate_pak,2025-03-25 06:00:00,2025-03-25 06:00:00,13.399999618530273,7.126298411931991,11.0,True
0,separate_pak,2025-03-25 10:00:00,2025-03-25 10:00:00,8.100000381469727,6.868267654723537,13.399999618530273,True
0,separate_pak,2025-03-25 20:00:00,2025-03-25 20:00:00,10.5,7.876507502876336,8.100000381469727,True
0,separate_pak,2025-03-26 10:00:00,2025-03-26 10:00:00,8.300000190734863,7.657110502365274,10.5,True
0,separate_pak,2025-03-26 23:07:57,2025-03-26 23:07:57,10.199999809265137,7.8912648032199115,8.300000190734863,True
0,separate_pak,2025-03-27 10:00:00,2025-03-27 10:00:00,5.400000095367432,7.766282111296681,10.199999809265137,True
0,separate_pak,2025-03-29 10:00:00,2025-03-29 10:00:00,8.399999618530273,8.044694729891381,5.400000095367432,True
0,separate_pak,2025-03-30 10:00:00,2025-03-30 10:00:00,10.199999809265137,8.216838110086188,8.399999618530273,True
0,separate_pak,2025-03-31 10:00:00,2025-03-31 10:00:00,8.600000381469727,8.121180529451204,10.199999809265137,True
0,separate_pak,2025-04-01 10:00:00,2025-04-01 10:00:00,7.0,7.828467299245865,8.600000381469727,True
0,separate_pak,2025-04-02 10:00:00,2025-04-02 10:00:00,7.300000190734863,8.663131980384213,7.0,True
0,separate_pak,2025-04-03 10:00:00,2025-04-03 10:00:00,9.899999618530273,8.358531142973812,7.300000190734863,True
0,separate_pak,2025-04-05 10:00:00,2025-04-05 10:00:00,5.800000190734863,7.9800567650181335,9.899999618530273,True
0,separate_pak,2025-04-06 10:00:00,2025-04-06 10:00:00,6.800000190734863,8.036217707440905,5.800000190734863,True
0,separate_pak,2025-04-07 10:00:00,2025-04-07 10:00:00,7.5,8.131480477494248,6.800000190734863,True
0,separate_pak,2025-04-08 10:00:00,2025-04-08 10:00:00,6.800000190734863,8.110110163592687,7.5,True
0,separate_pak,2025-04-09 10:00:00,2025-04-09 10:00:00,8.100000381469727,8.23093754183417,6.800000190734863,True
0,separate_pak,2025-04-10 10:00:00,2025-04-10 10:00:00,6.099999904632568,7.982977903801574,8.100000381469727,True
0,separate_pak,2025-04-11 10:00:00,2025-04-11 10:00:00,7.400000095367432,8.208814736577851,6.099999904632568,True
0,separate_pak,2025-04-12 10:00:00,2025-04-12 10:00:00,8.699999809265137,8.097140969558001,7.400000095367432,True
0,separate_pak,2025-04-13 10:00:00,2025-04-13 10:00:00,5.300000190734863,7.805555189664489,8.699999809265137,True
0,separate_pak,2025-04-14 10:00:00,2025-04-14 10:00:00,7.699999809265137,8.153600768742901,5.300000190734863,True
0,separate_pak,2025-04-15 10:00:00,2025-04-15 10:00:00,8.5,7.971358816489705,7.699999809265137,True
0,separate_pak,2025-04-16 10:00:00,2025-04-16 10:00:00,7.699999809265137,8.05177570170383,8.5,True
0,separate_pak,2025-04-17 10:00:00,2025-04-17 10:00:00,5.199999809265137,7.75499718438572,7.699999809265137,True
0,separate_pak,2025-04-18 10:00:00,2025-04-18 10:00:00,8.800000190734863,8.325356683160267,5.199999809265137,True
0,separate_pak,2025-04-18 20:00:00,2025-04-18 20:00:00,10.0,8.02581408681957,8.800000190734863,True
0,separate_pak,2025-04-19 10:00:00,2025-04-19 10:00:00,8.800000190734863,8.247763809547575,10.0,True
0,separate_pak,2025-04-20 10:00:00,2025-04-20 10:00:00,11.800000190734863,8.519477841249103,8.800000190734863,True
0,separate_pak,2025-04-21 10:00:00,2025-04-21 10:00:00,11.399999618530273,8.382805722905754,11.800000190734863,True
0,separate_pak,2025-04-22 10:00:00,2025-04-22 10:00:00,10.600000381469727,8.463551870626725,11.399999618530273,True
0,separate_pak,2025-04-23 10:00:00,2025-04-23 10:00:00,13.5,8.669061251034238,10.600000381469727,True
0,separate_pak,2025-04-24 10:00:00,2025-04-24 10:00:00,12.399999618530273,8.567105778275893,13.5,True
0,separate_pak,2025-04-25 10:00:00,2025-04-25 10:00:00,9.399999618530273,8.123508740863635,12.399999618530273,True
0,separate_pak,2025-04-26 06:00:00,2025-04-26 06:00:00,9.0,8.529764591478605,9.399999618530273,True
0,separate_pak,2025-04-26 10:00:00,2025-04-26 10:00:00,9.5,8.539788628018174,9.0,True
0,separate_pak,2025-04-27 10:00:00,2025-04-27 10:00:00,7.699999809265137,7.852539149904814,9.5,True
0,separate_pak,2025-04-28 10:00:00,2025-04-28 10:00:00,10.0,8.02174811261921,7.699999809265137,True
0,separate_pak,2025-04-29 10:00:00,2025-04-29 10:00:00,7.5,7.860245757575612,10.0,True
0,separate_pak,2025-04-30 10:00:00,2025-04-30 10:00:00,6.5,7.776861631076564,7.5,True
0,separate_pak,2025-05-01 10:00:00,2025-05-01 10:00:00,11.300000190734863,8.150261395531716,6.5,True
0,separate_pak,2025-05-02 10:00:00,2025-05-02 10:00:00,8.300000190734863,8.092264985946567,11.300000190734863,True
0,separate_pak,2025-05-03 10:00:00,2025-05-03 10:00:00,9.899999618530273,8.246410916996217,8.300000190734863,True
0,separate_pak,2025-05-04 10:00:00,2025-05-04 10:00:00,8.399999618530273,8.171931795987145,9.899999618530273,True
0,separate_pak,2025-05-05 10:00:00,2025-05-05 10:00:00,8.600000381469727,8.171347525383414,8.399999618530273,True
0,separate_pak,2025-05-06 10:00:00,2025-05-06 10:00:00,8.5,8.207315650795588,8.600000381469727,True
0,separate_pak,2025-05-07 10:00:00,2025-05-07 10:00:00,9.699999809265137,8.266290574490817,8.5,True
0,separate_pak,2025-05-08 10:00:00,2025-05-08 10:00:00,9.399999618530273,8.11766812922238,9.699999809265137,True
0,separate_pak,2025-05-09 10:00:00,2025-05-09 10:00:00,9.699999809265137,8.071875393815777,9.399999618530273,True
0,separate_pak,2025-05-10 10:00:00,2025-05-10 10:00:00,9.199999809265137,8.07098994784241,9.699999809265137,True
0,separate_pak,2025-05-11 10:00:00,2025-05-11 10:00:00,11.0,8.205381627866466,9.199999809265137,True
0,separate_pak,2025-05-11 14:00:00,2025-05-11 14:00:00,8.699999809265137,7.861116727288037,11.0,True
0,separate_pak,2025-05-12 10:00:00,2025-05-12 10:00:00,9.399999618530273,8.213475532561139,8.699999809265137,True
0,separate_pak,2025-05-13 10:00:00,2025-05-13 10:00:00,8.699999809265137,8.176785404975764,9.399999618530273,True
0,separate_pak,2025-05-14 10:00:00,2025-05-14 10:00:00,9.199999809265137,8.124308550293906,8.699999809265137,True
0,separate_pak,2025-05-15 10:00:00,2025-05-15 10:00:00,8.300000190734863,7.904200537914523,9.199999809265137,True
0,separate_pak,2025-05-16 10:00:00,2025-05-16 10:00:00,9.0,7.784105071999724,8.300000190734863,True
0,separate_pak,2025-05-17 10:00:00,2025-05-17 10:00:00,6.800000190734863,7.803557983496077,9.0,True
0,separate_pak,2025-05-18 10:00:00,2025-05-18 10:00:00,7.900000095367432,7.778556168576854,6.800000190734863,True
0,separate_pak,2025-05-19 02:00:00,2025-05-19 02:00:00,6.900000095367432,8.076026866221023,7.900000095367432,True
0,separate_pak,2025-05-19 10:00:00,2025-05-19 10:00:00,7.599999904632568,7.744896571909377,6.900000095367432,True
0,separate_pak,2025-05-20 10:00:00,2025-05-20 10:00:00,11.300000190734863,8.099633466274994,7.599999904632568,True
0,separate_pak,2025-05-21 10:00:00,2025-05-21 10:00:00,10.199999809265137,8.352744684147401,11.300000190734863,True
0,separate_pak,2025-05-21 22:02:41,2025-05-21 22:02:41,9.0,8.15923299937349,10.199999809265137,True
0,separate_pak,2025-05-22 10:00:00,2025-05-22 10:00:00,8.800000190734863,7.801944190732568,9.0,True
0,separate_pak,2025-05-23 10:00:00,2025-05-23 10:00:00,10.0,8.433134393316351,8.800000190734863,True
0,separate_pak,2025-05-24 10:00:00,2025-05-24 10:00:00,8.0,7.862697801131663,10.0,True
0,separate_pak,2025-05-25 10:00:00,2025-05-25 10:00:00,8.300000190734863,7.9648608994976815,8.0,True
0,separate_pak,2025-05-26 10:00:00,2025-05-26 10:00:00,6.699999809265137,7.6351893578891605,8.300000190734863,True
0,separate_pak,2025-05-27 10:00:00,2025-05-27 10:00:00,9.199999809265137,8.016255887609573,6.699999809265137,True
0,separate_pak,2025-05-28 10:00:00,2025-05-28 10:00:00,7.5,7.825149382142715,9.199999809265137,True
0,separate_pak,2025-05-29 10:00:00,2025-05-29 10:00:00,8.699999809265137,7.824671263116745,7.5,True
0,separate_pak,2025-05-30 10:00:00,2025-05-30 10:00:00,10.0,7.706177481699978,8.699999809265137,True
0,separate_pak,2025-05-31 10:00:00,2025-05-31 10:00:00,6.800000190734863,7.516464824864137,10.0,True
0,separate_pak,2025-06-01 10:00:00,2025-06-01 10:00:00,8.699999809265137,7.900168494380177,6.800000190734863,True
0,separate_pak,2025-06-02 10:00:00,2025-06-02 10:00:00,8.399999618530273,7.705843420897992,8.699999809265137,True
0,separate_pak,2025-06-03 10:00:00,2025-06-03 10:00:00,23.299999237060547,7.801895275294784,8.399999618530273,True
0,separate_pak,2025-06-03 17:30:00,2025-06-03 17:30:00,8.5,7.881992443631328,23.299999237060547,True
0,separate_pak,2025-06-04 10:00:00,2025-06-04 10:00:00,6.900000095367432,7.792815517744257,8.5,True
0,separate_pak,2025-06-05 10:00:00,2025-06-05 10:00:00,9.199999809265137,7.938195972830732,6.900000095367432,True
0,separate_pak,2025-06-06 10:00:00,2025-06-06 10:00:00,8.800000190734863,8.010587134147372,9.199999809265137,True
0,separate_pak,2025-06-07 10:00:00,2025-06-07 10:00:00,9.100000381469727,8.256802256719723,8.800000190734863,True
0,separate_pak,2025-06-08 10:00:00,2025-06-08 10:00:00,9.100000381469727,8.07290191217599,9.100000381469727,True
0,separate_pak,2025-06-09 10:00:00,2025-06-09 10:00:00,9.300000190734863,8.059220023313713,9.100000381469727,True
0,separate_pak,2025-06-10 10:00:00,2025-06-10 10:00:00,8.800000190734863,7.900837573094945,9.300000190734863,True
0,separate_pak,2025-06-11 10:00:00,2025-06-11 10:00:00,7.800000190734863,8.117955232036834,8.800000190734863,True
0,separate_pak,2025-06-12 10:00:00,2025-06-12 10:00:00,9.899999618530273,8.264288469747738,7.800000190734863,True
0,separate_pak,2025-06-13 10:00:00,2025-06-13 10:00:00,9.199999809265137,8.069914220380333,9.899999618530273,True
0,separate_pak,2025-06-14 10:00:00,2025-06-14 10:00:00,8.300000190734863,8.155358163887074,9.199999809265137,True
0,separate_pak,2025-06-15 10:00:00,2025-06-15 10:00:00,8.0,7.8809544785884444,8.300000190734863,True
0,separate_pak,2025-06-16 10:00:00,2025-06-16 10:00:00,9.600000381469727,8.034868541127507,8.0,True
0,separate_pak,2025-06-17 10:00:00,2025-06-17 10:00:00,9.300000190734863,8.229808509295976,9.600000381469727,True
0,separate_pak,2025-06-18 10:00:00,2025-06-18 10:00:00,8.5,8.167634967433681,9.300000190734863,True
0,separate_pak,2025-06-19 10:00:00,2025-06-19 10:00:00,10.600000381469727,8.257313200304027,8.5,True
0,separate_pak,2025-06-20 10:00:00,2025-06-20 10:00:00,8.300000190734863,8.170326900879607,10.600000381469727,True
0,separate_pak,2025-06-21 10:00:00,2025-06-21 10:00:00,3.200000047683716,8.783571262400015,8.300000190734863,True
0,separate_pak,2025-06-21 15:57:36,2025-06-21 15:57:36,8.399999618530273,7.9912382278733265,3.200000047683716,True
0,separate_pak,2025-06-22 10:00:00,2025-06-22 10:00:00,7.699999809265137,7.898091005381817,8.399999618530273,True
0,separate_pak,2025-06-23 10:00:00,2025-06-23 10:00:00,7.599999904632568,8.068421790195817,7.699999809265137,True
0,separate_pak,2025-06-24 10:00:00,2025-06-24 10:00:00,9.199999809265137,8.297281676869614,7.599999904632568,True
0,separate_pak,2025-06-25 10:00:00,2025-06-25 10:00:00,8.5,8.124309338504139,9.199999809265137,True
0,separate_pak,2025-06-26 10:00:00,2025-06-26 10:00:00,7.199999809265137,7.748093215601546,8.5,True
0,separate_pak,2025-06-27 10:00:00,2025-06-27 10:00:00,8.899999618530273,7.983169252141076,7.199999809265137,True
0,separate_pak,2025-06-28 10:00:00,2025-06-28 10:00:00,9.800000190734863,7.992463250073177,8.899999618530273,True
0,separate_pak,2025-06-29 10:00:00,2025-06-29 10:00:00,8.5,7.895517712718739,9.800000190734863,True
0,separate_pak,2025-06-30 10:00:00,2025-06-30 10:00:00,8.0,7.813977121387495,8.5,True
0,separate_pak,2025-07-01 10:00:00,2025-07-01 10:00:00,8.199999809265137,8.00822329281709,8.0,True
0,separate_pak,2025-07-02 10:00:00,2025-07-02 10:00:00,8.800000190734863,7.919041507770375,8.199999809265137,True
0,separate_pak,2025-07-03 10:00:00,2025-07-03 10:00:00,9.300000190734863,7.828620484696362,8.800000190734863,True
0,separate_pak,2025-07-04 10:00:00,2025-07-04 10:00:00,9.399999618530273,7.896377041583142,9.300000190734863,True
0,separate_pak,2025-07-05 10:00:00,2025-07-05 10:00:00,8.600000381469727,8.010176911617949,9.399999618530273,True
0,separate_pak,2025-07-06 10:00:00,2025-07-06 10:00:00,9.300000190734863,7.989817240214903,8.600000381469727,True
0,separate_pak,2025-07-07 10:00:00,2025-07-07 10:00:00,8.5,7.92601761713671,9.300000190734863,True
0,separate_pak,2025-07-08 10:00:00,2025-07-08 10:00:00,9.199999809265137,8.036764343343801,8.5,True
0,separate_pak,2025-07-09 10:00:00,2025-07-09 10:00:00,8.199999809265137,7.978854861566061,9.199999809265137,True
0,separate_pak,2025-07-10 10:00:00,2025-07-10 10:00:00,7.599999904632568,7.81368602225978,8.199999809265137,True
0,separate_pak,2025-07-11 10:00:00,2025-07-11 10:00:00,9.100000381469727,7.969579280262934,7.599999904632568,True
0,separate_pak,2025-07-12 10:00:00,2025-07-12 10:00:00,8.800000190734863,7.882817888126064,9.100000381469727,True
0,separate_pak,2025-07-13 10:00:00,2025-07-13 10:00:00,8.5,7.931679118884309,8.800000190734863,True
0,separate_pak,2025-07-14 10:00:00,2025-07-14 10:00:00,9.800000190734863,8.199269820153551,8.5,True
0,separate_pak,2025-07-15 10:00:00,2025-07-15 10:00:00,9.399999618530273,8.242700868902725,9.800000190734863,True
0,separate_pak,2025-07-16 10:00:00,2025-07-16 10:00:00,9.100000381469727,7.9599887944736505,9.399999618530273,True
0,separate_pak,2025-07-17 10:00:00,2025-07-17 10:00:00,8.100000381469727,8.02579777955564,9.100000381469727,True
0,separate_pak,2025-07-18 10:00:00,2025-07-18 10:00:00,9.399999618530273,8.032364267502308,8.100000381469727,True
0,separate_pak,2025-07-19 10:00:00,2025-07-19 10:00:00,7.900000095367432,8.029744066106014,9.399999618530273,True
0,separate_pak,2025-07-20 10:00:00,2025-07-20 10:00:00,9.5,8.083433183415648,7.900000095367432,True
0,separate_pak,2025-07-21 10:00:00,2025-07-21 10:00:00,9.300000190734863,8.068744659946189,9.5,True
0,separate_pak,2025-07-22 10:00:00,2025-07-22 10:00:00,9.899999618530273,8.070186221213683,9.300000190734863,True
0,separate_pak,2025-07-23 10:00:00,2025-07-23 10:00:00,8.5,7.941520903453517,9.899999618530273,True
0,separate_pak,2025-07-24 10:00:00,2025-07-24 10:00:00,8.199999809265137,8.075845658905456,8.5,True
0,separate_pak,2025-07-24 13:00:00,2025-07-24 13:00:00,120.0,8.247074414401348,8.5,True
0,separate_pak,2025-07-24 13:15:00,2025-07-24 13:15:00,45.900001525878906,8.256051891205853,8.5,True
0,separate_pak,2025-07-24 15:20:00,2025-07-24 15:20:00,2.0999999046325684,8.950263399167177,8.199999809265137,True
0,separate_pak,2025-07-25 10:00:00,2025-07-25 10:00:00,9.600000381469727,7.965658807818549,2.0999999046325684,True
0,separate_pak,2025-07-26 10:00:00,2025-07-26 10:00:00,7.300000190734863,7.726716542908452,9.600000381469727,True
0,separate_pak,2025-07-27 10:00:00,2025-07-27 10:00:00,8.899999618530273,7.832585228136162,7.300000190734863,True
0,separate_pak,2025-07-28 10:00:00,2025-07-28 10:00:00,10.199999809265137,8.104525456305502,8.899999618530273,True
0,separate_pak,2025-07-28 16:00:00,2025-07-28 16:00:00,35.099998474121094,8.962678484400225,10.199999809265137,True
0,separate_pak,2025-07-28 21:26:26,2025-07-28 21:26:26,3.5,7.694074295703883,35.099998474121094,True
0,separate_pak,2025-07-29 10:00:00,2025-07-29 10:00:00,8.300000190734863,7.896231582922567,3.5,True
0,separate_pak,2025-07-30 10:00:00,2025-07-30 10:00:00,10.0,7.945476196498285,8.300000190734863,True
0,separate_pak,2025-07-31 10:00:00,2025-07-31 10:00:00,6.599999904632568,7.825268729425943,10.0,True
0,separate_pak,2025-08-01 10:00:00,2025-08-01 10:00:00,5.300000190734863,7.906396216942493,6.599999904632568,True
0,separate_pak,2025-08-03 10:00:00,2025-08-03 10:00:00,10.199999809265137,8.158484086055102,5.300000190734863,True
0,separate_pak,2025-08-04 10:00:00,2025-08-04 10:00:00,7.5,8.214800866907241,10.199999809265137,True
0,separate_pak,2025-08-05 10:00:00,2025-08-05 10:00:00,6.599999904632568,8.97982001153031,7.5,True
0,separate_pak,2025-08-05 14:05:08,2025-08-05 14:05:08,3.5999999046325684,8.448111665268714,6.599999904632568,True
0,separate_pak,2025-08-06 10:00:00,2025-08-06 10:00:00,7.900000095367432,8.237925022186436,3.5999999046325684,True
0,separate_pak,2025-08-07 10:00:00,2025-08-07 10:00:00,6.300000190734863,7.589162520937862,7.900000095367432,True
0,separate_pak,2025-08-08 10:00:00,2025-08-08 10:00:00,7.400000095367432,7.864359795171181,6.300000190734863,True
0,separate_pak,2025-08-09 10:00:00,2025-08-09 10:00:00,7.599999904632568,8.225563465260286,7.400000095367432,True
0,separate_pak,2025-08-10 10:00:00,2025-08-10 10:00:00,9.300000190734863,8.282693178464221,7.599999904632568,True
0,separate_pak,2025-08-12 10:00:00,2025-08-12 10:00:00,8.0,8.103148129183603,9.300000190734863,True
0,separate_pak,2025-08-13 10:00:00,2025-08-13 10:00:00,9.199999809265137,8.519428836773416,8.0,True
0,separate_pak,2025-08-14 10:00:00,2025-08-14 10:00:00,10.5,7.364426017713926,9.199999809265137,True
0,separate_pak,2025-08-14 14:00:00,2025-08-14 14:00:00,11.800000190734863,6.706365531807229,10.5,True
0,separate_pak,2025-08-14 20:00:00,2025-08-14 20:00:00,4.699999809265137,7.469098620250907,11.800000190734863,True
0,separate_pak,2025-08-15 10:00:00,2025-08-15 10:00:00,8.100000381469727,7.994975094357235,4.699999809265137,True
0,separate_pak,2025-08-16 10:00:00,2025-08-16 10:00:00,8.300000190734863,8.00357353308784,8.100000381469727,True
0,separate_pak,2025-08-16 20:00:00,2025-08-16 20:00:00,5.199999809265137,8.073913745063962,8.300000190734863,True
0,separate_pak,2025-08-17 10:00:00,2025-08-17 10:00:00,7.900000095367432,7.97452457549611,5.199999809265137,True
0,separate_pak,2025-08-18 10:00:00,2025-08-18 10:00:00,9.199999809265137,8.227825150764488,7.900000095367432,True
0,separate_pak,2025-08-19 10:00:00,2025-08-19 10:00:00,6.699999809265137,8.243358913300076,9.199999809265137,True
0,separate_pak,2025-08-20 10:00:00,2025-08-20 10:00:00,7.099999904632568,7.9843498765619305,6.699999809265137,True
0,separate_pak,2025-08-21 10:00:00,2025-08-21 10:00:00,6.599999904632568,8.047930713128478,7.099999904632568,True
0,separate_pak,2025-08-22 10:00:00,2025-08-22 10:00:00,8.5,8.066774750768374,6.599999904632568,True
0,separate_pak,2025-08-23 10:00:00,2025-08-23 10:00:00,11.399999618530273,8.144149812373085,8.5,True
0,separate_pak,2025-08-23 22:00:00,2025-08-23 22:00:00,8.899999618530273,7.989049361968336,11.399999618530273,True
0,separate_pak,2025-08-24 10:00:00,2025-08-24 10:00:00,9.399999618530273,7.9858357466962495,8.899999618530273,True
0,separate_pak,2025-08-25 10:00:00,2025-08-25 10:00:00,10.899999618530273,8.222076966602236,9.399999618530273,True
0,separate_pak,2025-08-27 10:00:00,2025-08-27 10:00:00,8.699999809265137,8.222701017068639,10.899999618530273,True
0,separate_pak,2025-08-27 22:00:00,2025-08-27 22:00:00,9.300000190734863,8.12324492900613,8.699999809265137,True
0,separate_pak,2025-08-28 10:00:00,2025-08-28 10:00:00,7.800000190734863,7.930157816930137,9.300000190734863,True
0,separate_pak,2025-08-29 10:00:00,2025-08-29 10:00:00,8.0,8.079576219534369,7.800000190734863,True
0,separate_pak,2025-08-30 10:00:00,2025-08-30 10:00:00,11.100000381469727,8.212773524098457,8.0,True
0,separate_pak,2025-08-31 10:00:00,2025-08-31 10:00:00,8.600000381469727,8.392324831306729,11.100000381469727,True
0,separate_pak,2025-09-01 10:00:00,2025-09-01 10:00:00,7.599999904632568,8.243171389605715,8.600000381469727,True
0,separate_pak,2025-09-02 10:00:00,2025-09-02 10:00:00,7.199999809265137,7.93767405344102,7.599999904632568,True
0,separate_pak,2025-09-03 10:00:00,2025-09-03 10:00:00,10.699999809265137,7.955530483905569,7.199999809265137,True
0,separate_pak,2025-09-04 10:00:00,2025-09-04 10:00:00,7.300000190734863,7.784644208074711,10.699999809265137,True
0,separate_pak,2025-09-05 10:00:00,2025-09-05 10:00:00,9.699999809265137,8.364117227722426,7.300000190734863,True
0,separate_pak,2025-09-06 10:00:00,2025-09-06 10:00:00,11.699999809265137,8.443608977469843,9.699999809265137,True
0,separate_pak,2025-09-07 10:00:00,2025-09-07 10:00:00,10.699999809265137,8.082825704926474,11.699999809265137,True
0,separate_pak,2025-09-08 10:00:00,2025-09-08 10:00:00,9.800000190734863,8.180328272416059,10.699999809265137,True
0,separate_pak,2025-09-09 10:00:00,2025-09-09 10:00:00,8.399999618530273,7.915206967503238,9.800000190734863,True
0,separate_pak,2025-09-10 10:00:00,2025-09-10 10:00:00,10.100000381469727,8.161516288842254,8.399999618530273,True
0,separate_pak,2025-09-11 10:00:00,2025-09-11 10:00:00,8.699999809265137,7.959434418568041,10.100000381469727,True
0,separate_pak,2025-09-12 10:00:00,2025-09-12 10:00:00,9.899999618530273,8.282497538492393,8.699999809265137,True
0,separate_pak,2025-09-13 10:00:00,2025-09-13 10:00:00,9.800000190734863,8.104376290334713,9.899999618530273,True
0,separate_pak,2025-09-14 10:00:00,2025-09-14 10:00:00,9.899999618530273,8.193118094627817,9.800000190734863,True
0,separate_pak,2025-09-15 10:00:00,2025-09-15 10:00:00,8.300000190734863,8.194745051389651,9.899999618530273,True
0,separate_pak,2025-09-16 10:00:00,2025-09-16 10:00:00,9.199999809265137,8.231206129463818,8.300000190734863,True
0,separate_pak,2025-09-17 10:00:00,2025-09-17 10:00:00,9.300000190734863,8.182735215217278,9.199999809265137,True
0,separate_pak,2025-09-18 10:00:00,2025-09-18 10:00:00,9.600000381469727,8.283084015561974,9.300000190734863,True
0,separate_pak,2025-09-19 10:00:00,2025-09-19 10:00:00,9.600000381469727,8.187023772527095,9.600000381469727,True
0,separate_pak,2025-09-20 10:00:00,2025-09-20 10:00:00,8.5,8.039569886892725,9.600000381469727,True
0,separate_pak,2025-09-21 10:00:00,2025-09-21 10:00:00,7.599999904632568,7.993924129736255,8.5,True
0,separate_pak,2025-09-22 10:00:00,2025-09-22 10:00:00,8.899999618530273,8.228793925208976,7.599999904632568,True
0,separate_pak,2025-09-23 10:00:00,2025-09-23 10:00:00,10.199999809265137,8.480547978769303,8.899999618530273,True
0,separate_pak,2025-09-24 10:00:00,2025-09-24 10:00:00,10.5,8.301890314165387,10.199999809265137,True
0,separate_pak,2025-09-25 10:00:00,2025-09-25 10:00:00,9.800000190734863,8.145132887282355,10.5,True
0,separate_pak,2025-09-26 10:00:00,2025-09-26 10:00:00,7.599999904632568,8.026301670732796,9.800000190734863,True
0,separate_pak,2025-09-27 10:00:00,2025-09-27 10:00:00,8.399999618530273,7.877523048465392,7.599999904632568,True
0,separate_pak,2025-09-28 10:00:00,2025-09-28 10:00:00,9.399999618530273,7.856226431770791,8.399999618530273,True
0,separate_pak,2025-09-28 17:00:00,2025-09-28 17:00:00,15.300000190734863,7.788074946292804,9.399999618530273,True
0,separate_pak,2025-09-28 20:00:00,2025-09-28 20:00:00,8.300000190734863,7.589671977750633,9.399999618530273,True
0,separate_pak,2025-09-29 10:00:00,2025-09-29 10:00:00,9.199999809265137,8.272745324264665,8.300000190734863,True
0,separate_pak,2025-09-30 10:00:00,2025-09-30 10:00:00,8.300000190734863,8.01525987084003,9.199999809265137,True
0,separate_pak,2025-10-01 10:00:00,2025-10-01 10:00:00,9.800000190734863,8.202927521700252,8.300000190734863,True
0,separate_pak,2025-10-02 10:00:00,2025-10-02 10:00:00,9.699999809265137,8.177369245181076,9.800000190734863,True
0,separate_pak,2025-10-03 10:00:00,2025-10-03 10:00:00,10.399999618530273,8.178800434916173,9.699999809265137,True
0,separate_pak,2025-10-05 10:00:00,2025-10-05 10:00:00,9.699999809265137,7.808855728216685,10.399999618530273,True
0,separate_pak,2025-10-06 10:00:00,2025-10-06 10:00:00,9.800000190734863,8.023104432283283,9.699999809265137,True
0,separate_pak,2025-10-06 14:00:00,2025-10-06 14:00:00,5.199999809265137,7.84415652476879,9.800000190734863,True
0,separate_pak,2025-10-07 10:00:00,2025-10-07 10:00:00,9.300000190734863,7.943719626230687,5.199999809265137,True
0,separate_pak,2025-10-08 10:00:00,2025-10-08 10:00:00,9.800000190734863,8.094099910876139,9.300000190734863,True
0,separate_pak,2025-10-09 10:00:00,2025-10-09 10:00:00,12.699999809265137,8.035699625380914,9.800000190734863,True
0,separate_pak,2025-10-09 16:00:00,2025-10-09 16:00:00,8.699999809265137,7.660203067501119,12.699999809265137,True
0,separate_pak,2025-10-09 22:00:00,2025-10-09 22:00:00,9.0,8.13585614312999,8.699999809265137,True
0,separate_pak,2025-10-10 10:00:00,2025-10-10 10:00:00,10.199999809265137,8.278359776764454,9.0,True
0,separate_pak,2025-10-10 20:00:00,2025-10-10 20:00:00,9.600000381469727,7.741375953259643,10.199999809265137,True
0,separate_pak,2025-10-11 10:00:00,2025-10-11 10:00:00,9.0,7.960421103143968,9.600000381469727,True
0,separate_pak,2025-10-12 10:00:00,2025-10-12 10:00:00,10.5,7.9406676371615355,9.0,True
0,separate_pak,2025-10-14 10:00:00,2025-10-14 10:00:00,9.199999809265137,6.998865515496121,10.5,True
0,separate_pak,2025-10-15 10:00:00,2025-10-15 10:00:00,9.100000381469727,7.747764705126626,9.199999809265137,True
0,separate_pak,2025-10-16 10:00:00,2025-10-16 10:00:00,12.199999809265137,7.955527988910529,9.100000381469727,True
0,separate_pak,2025-10-16 15:00:00,2025-10-16 15:00:00,9.699999809265137,7.836718999438766,12.199999809265137,True
0,separate_pak,2025-10-17 10:00:00,2025-10-17 10:00:00,10.399999618530273,8.02140771596377,9.699999809265137,True
0,separate_pak,2025-10-18 10:00:00,2025-10-18 10:00:00,10.800000190734863,8.006843008042061,10.399999618530273,True
0,separate_pak,2025-10-18 16:00:00,2025-10-18 16:00:00,8.0,7.6428154362487835,10.800000190734863,True
0,separate_pak,2025-10-19 10:00:00,2025-10-19 10:00:00,6.5,7.693518819974468,8.0,True
0,separate_pak,2025-10-20 10:00:00,2025-10-20 10:00:00,10.5,7.7696638362595465,6.5,True
0,separate_pak,2025-10-21 10:00:00,2025-10-21 10:00:00,10.100000381469727,7.943393947210529,10.5,True
0,separate_pak,2025-10-21 16:00:00,2025-10-21 16:00:00,11.0,7.856678736757475,10.100000381469727,True
0,separate_pak,2025-10-21 22:00:00,2025-10-21 22:00:00,10.0,7.614758422166068,11.0,True
0,separate_pak,2025-10-22 10:00:00,2025-10-22 10:00:00,9.300000190734863,7.548692495624062,10.0,True
0,separate_pak,2025-10-22 20:00:00,2025-10-22 20:00:00,11.0,7.649017215961084,9.300000190734863,True
0,separate_pak,2025-10-23 02:00:00,2025-10-23 02:00:00,6.699999809265137,7.520753181769127,11.0,True
0,separate_pak,2025-10-23 10:00:00,2025-10-23 10:00:00,9.100000381469727,7.570742479543558,6.699999809265137,True
0,separate_pak,2025-10-23 21:00:00,2025-10-23 21:00:00,6.5,7.675342664957956,9.100000381469727,True
0,separate_pak,2025-10-24 10:00:00,2025-10-24 10:00:00,7.0,7.603398401575506,6.5,True
0,separate_pak,2025-10-25 10:00:00,2025-10-25 10:00:00,7.199999809265137,7.9410950611344635,7.0,True
0,separate_pak,2025-10-26 10:00:00,2025-10-26 10:00:00,7.199999809265137,7.9028130393671745,7.199999809265137,True
0,separate_pak,2025-10-27 10:00:00,2025-10-27 10:00:00,10.399999618530273,7.822291679651032,7.199999809265137,True
0,separate_pak,2025-10-27 15:15:10,2025-10-27 15:15:10,9.600000381469727,7.877540847734144,10.399999618530273,True
0,separate_pak,2025-10-27 18:46:34,2025-10-27 18:46:34,5.599999904632568,7.530039521314691,10.399999618530273,True
0,separate_pak,2025-10-27 22:00:00,2025-10-27 22:00:00,7.699999809265137,7.835660588977829,9.600000381469727,True
0,separate_pak,2025-10-28 10:00:00,2025-10-28 10:00:00,9.899999618530273,8.21214055072379,7.699999809265137,True
0,separate_pak,2025-10-28 14:00:00,2025-10-28 14:00:00,7.800000190734863,7.576267928791648,9.899999618530273,True
0,separate_pak,2025-10-29 10:00:00,2025-10-29 10:00:00,9.199999809265137,7.869276627565757,7.800000190734863,True
0,separate_pak,2025-10-30 10:00:00,2025-10-30 10:00:00,9.899999618530273,8.076032598366965,9.199999809265137,True
0,separate_pak,2025-10-31 10:00:00,2025-10-31 10:00:00,10.199999809265137,7.864816043701486,9.899999618530273,True
0,separate_pak,2025-11-01 10:00:00,2025-11-01 10:00:00,7.800000190734863,7.719986200399402,10.199999809265137,True
0,separate_pak,2025-11-02 10:00:00,2025-11-02 10:00:00,10.100000381469727,7.753321901404114,7.800000190734863,True
0,separate_pak,2025-11-03 05:00:00,2025-11-03 05:00:00,8.5,7.611076350888741,10.100000381469727,True
0,separate_pak,2025-11-03 10:00:00,2025-11-03 10:00:00,9.5,7.892202829637974,8.5,True
0,separate_pak,2025-11-04 10:00:00,2025-11-04 10:00:00,9.399999618530273,7.6900993970905205,9.5,True
0,separate_pak,2025-11-05 10:00:00,2025-11-05 10:00:00,8.899999618530273,7.67322995590817,9.399999618530273,True
0,separate_pak,2025-11-06 10:00:00,2025-11-06 10:00:00,9.600000381469727,7.792544402025737,8.899999618530273,True
0,separate_pak,2025-11-07 10:00:00,2025-11-07 10:00:00,9.899999618530273,7.8500502996648684,9.600000381469727,True
0,separate_pak,2025-11-08 10:00:00,2025-11-08 10:00:00,8.800000190734863,7.606557749415163,9.899999618530273,True
0,separate_pak,2025-11-09 10:00:00,2025-11-09 10:00:00,10.5,7.554763530763195,8.800000190734863,True
0,separate_pak,2025-11-09 13:00:00,2025-11-09 13:00:00,11.199999809265137,7.818556182129733,8.800000190734863,True
0,separate_pak,2025-11-09 17:00:09,2025-11-09 17:00:09,8.100000381469727,7.613844174316904,11.199999809265137,True
0,separate_pak,2025-11-10 00:00:00,2025-11-10 00:00:00,7.300000190734863,7.32570955294428,8.100000381469727,True
0,separate_pak,2025-11-10 10:00:00,2025-11-10 10:00:00,8.100000381469727,7.521219663839998,7.300000190734863,True
0,separate_pak,2025-11-11 10:00:00,2025-11-11 10:00:00,9.100000381469727,7.845809641963104,8.100000381469727,True
0,separate_pak,2025-11-12 10:00:00,2025-11-12 10:00:00,11.5,8.254248285818775,9.100000381469727,True
0,separate_pak,2025-11-12 17:06:58,2025-11-12 17:06:58,8.100000381469727,7.564711645482859,11.5,True
0,separate_pak,2025-11-13 10:00:00,2025-11-13 10:00:00,7.300000190734863,7.892135985908311,8.100000381469727,True
0,separate_pak,2025-11-14 10:00:00,2025-11-14 10:00:00,10.399999618530273,7.7763587909764365,7.300000190734863,True
0,separate_pak,2025-11-14 22:00:00,2025-11-14 22:00:00,8.300000190734863,7.553561700794871,10.399999618530273,True
0,separate_pak,2025-11-15 10:00:00,2025-11-15 10:00:00,9.199999809265137,7.68169946669269,8.300000190734863,True
0,separate_pak,2025-11-16 10:00:00,2025-11-16 10:00:00,9.899999618530273,7.838203952110776,9.199999809265137,True
0,separate_pak,2025-11-17 10:00:00,2025-11-17 10:00:00,9.199999809265137,7.8406594870983515,9.899999618530273,True
0,separate_pak,2025-11-18 10:00:00,2025-11-18 10:00:00,9.800000190734863,7.830963100709079,9.199999809265137,True
0,separate_pak,2025-11-19 10:00:00,2025-11-19 10:00:00,9.699999809265137,7.692847007766849,9.800000190734863,True
0,separate_pak,2025-11-20 10:00:00,2025-11-20 10:00:00,6.099999904632568,7.791369133530518,9.699999809265137,True
0,separate_pak,2025-11-21 10:00:00,2025-11-21 10:00:00,10.399999618530273,7.768167882084647,6.099999904632568,True
0,separate_pak,2025-11-22 10:00:00,2025-11-22 10:00:00,9.300000190734863,7.606385086690116,10.399999618530273,True
0,separate_pak,2025-11-23 10:00:00,2025-11-23 10:00:00,9.899999618530273,7.690813839208328,9.300000190734863,True
0,separate_pak,2025-11-23 22:51:00,2025-11-23 22:51:00,9.899999618530273,7.882224246350411,9.899999618530273,True
0,separate_pak,2025-11-24 02:38:00,2025-11-24 02:38:00,10.699999809265137,7.8274777684198025,9.899999618530273,True
0,separate_pak,2025-11-24 10:00:00,2025-11-24 10:00:00,9.0,7.692839189259621,10.699999809265137,True
0,separate_pak,2025-11-24 20:00:00,2025-11-24 20:00:00,8.399999618530273,7.5705465215172705,9.0,True
0,separate_pak,2025-11-25 10:00:00,2025-11-25 10:00:00,9.899999618530273,7.855080862428585,8.399999618530273,True
0,separate_pak,2025-11-26 10:00:00,2025-11-26 10:00:00,9.699999809265137,7.97629251319394,9.899999618530273,True
0,separate_pak,2025-11-27 10:00:00,2025-11-27 10:00:00,13.100000381469727,8.145040070288294,9.699999809265137,True
0,separate_pak,2025-11-27 12:45:00,2025-11-27 12:45:00,10.5,7.940626777805496,9.699999809265137,True
0,separate_pak,2025-11-27 22:00:00,2025-11-27 22:00:00,8.600000381469727,8.262509827329128,10.5,True
0,separate_pak,2025-11-28 10:00:00,2025-11-28 10:00:00,9.0,7.809323087542317,8.600000381469727,True
0,separate_pak,2025-11-29 10:00:00,2025-11-29 10:00:00,7.300000190734863,7.59156459875407,9.0,True
0,separate_pak,2025-11-30 10:00:00,2025-11-30 10:00:00,8.699999809265137,7.932066464553332,7.300000190734863,True
0,separate_pak,2025-12-01 10:00:00,2025-12-01 10:00:00,7.800000190734863,7.599956170042448,8.699999809265137,True
0,separate_pak,2025-12-02 10:00:00,2025-12-02 10:00:00,8.399999618530273,7.929669959018474,7.800000190734863,True
0,separate_pak,2025-12-03 10:00:00,2025-12-03 10:00:00,6.800000190734863,7.602226149754397,8.399999618530273,True
0,separate_pak,2025-12-04 10:00:00,2025-12-04 10:00:00,7.800000190734863,7.8520919602310695,6.800000190734863,True
0,separate_pak,2025-12-05 10:00:00,2025-12-05 10:00:00,9.0,8.096758847600324,7.800000190734863,True
0,separate_pak,2025-12-06 10:00:00,2025-12-06 10:00:00,8.300000190734863,7.749609130649636,9.0,True
0,separate_pak,2025-12-07 10:00:00,2025-12-07 10:00:00,10.199999809265137,7.740224902510715,8.300000190734863,True
0,separate_pak,2025-12-08 10:00:00,2025-12-08 10:00:00,8.199999809265137,7.813618986154069,10.199999809265137,True
0,separate_pak,2025-12-09 10:00:00,2025-12-09 10:00:00,9.100000381469727,7.873488144717454,8.199999809265137,True
0,separate_pak,2025-12-10 06:00:00,2025-12-10 06:00:00,9.800000190734863,7.28143536737837,9.100000381469727,True
0,separate_pak,2025-12-10 09:35:00,2025-12-10 09:35:00,8.0,7.216586507533021,9.100000381469727,True
0,separate_pak,2025-12-10 20:00:00,2025-12-10 20:00:00,7.800000190734863,8.007247856297944,8.0,True
0,separate_pak,2025-12-11 10:00:00,2025-12-11 10:00:00,7.300000190734863,7.853648234023504,7.800000190734863,True
0,separate_pak,2025-12-11 17:00:00,2025-12-11 17:00:00,10.5,8.175542880124205,7.300000190734863,True
0,separate_pak,2025-12-12 10:00:00,2025-12-12 10:00:00,7.599999904632568,8.064897374059386,10.5,True
0,separate_pak,2025-12-13 10:00:00,2025-12-13 10:00:00,6.699999809265137,7.817703954268946,7.599999904632568,True
0,separate_pak,2025-12-14 10:00:00,2025-12-14 10:00:00,6.400000095367432,8.136686144875544,6.699999809265137,True
0,separate_pak,2025-12-14 14:22:00,2025-12-14 14:22:00,11.0,8.209717380764014,6.400000095367432,True
0,separate_pak,2025-12-15 10:00:00,2025-12-15 10:00:00,8.800000190734863,7.740044363559097,11.0,True
0,separate_pak,2025-12-16 10:00:00,2025-12-16 10:00:00,7.400000095367432,7.634848398291723,8.800000190734863,True
0,separate_pak,2025-12-17 10:00:00,2025-12-17 10:00:00,8.399999618530273,8.222815304641236,7.400000095367432,True
0,separate_pak,2025-12-18 10:00:00,2025-12-18 10:00:00,9.300000190734863,8.285562271164501,8.399999618530273,True
0,separate_pak,2025-12-19 10:00:00,2025-12-19 10:00:00,9.399999618530273,8.105215269695718,9.300000190734863,True
0,separate_pak,2025-12-20 10:00:00,2025-12-20 10:00:00,9.100000381469727,7.934090626948578,9.399999618530273,True
0,separate_pak,2025-12-21 10:00:00,2025-12-21 10:00:00,8.800000190734863,7.902498064707469,9.100000381469727,True
0,separate_pak,2025-12-22 10:00:00,2025-12-22 10:00:00,9.0,7.938884482745614,8.800000190734863,True
0,separate_pak,2025-12-23 10:00:00,2025-12-23 10:00:00,8.300000190734863,7.630578761300068,9.0,True
0,separate_pak,2025-12-24 10:00:00,2025-12-24 10:00:00,5.099999904632568,7.072209665992341,8.300000190734863,True
0,separate_pak,2025-12-25 10:00:00,2025-12-25 10:00:00,9.0,8.141828797586442,5.099999904632568,True
0,separate_pak,2025-12-26 10:00:00,2025-12-26 10:00:00,6.199999809265137,8.07273352013813,9.0,True
0,separate_pak,2025-12-27 10:00:00,2025-12-27 10:00:00,8.899999618530273,8.040179543561509,6.199999809265137,True
0,separate_pak,2025-12-28 10:00:00,2025-12-28 10:00:00,10.899999618530273,7.99297028645587,8.899999618530273,True
0,separate_pak,2025-12-29 00:00:00,2025-12-29 00:00:00,10.5,7.786644248993905,10.899999618530273,True
0,separate_pak,2025-12-29 02:30:00,2025-12-29 02:30:00,7.900000095367432,7.7592752519522215,10.899999618530273,True
0,separate_pak,2025-12-29 10:00:00,2025-12-29 10:00:00,4.699999809265137,6.939499073273279,7.900000095367432,True
0,separate_pak,2025-12-30 10:00:00,2025-12-30 10:00:00,9.699999809265137,7.754867981173151,4.699999809265137,True
0,separate_pak,2025-12-31 10:00:00,2025-12-31 10:00:00,9.0,7.618623118242157,9.699999809265137,True
0,process_lags,2025-01-01 10:00:00,2025-01-01 10:00:00,3.5,6.529388178270882,2.700000047683716,True
0,process_lags,2025-01-02 10:00:00,2025-01-02 10:00:00,7.099999904632568,7.8777909308000105,3.5,True
0,process_lags,2025-01-03 10:00:00,2025-01-03 10:00:00,7.699999809265137,7.997427624043645,7.099999904632568,True
0,process_lags,2025-01-04 10:00:00,2025-01-04 10:00:00,5.400000095367432,7.493200438217977,7.699999809265137,True
0,process_lags,2025-01-05 10:00:00,2025-01-05 10:00:00,5.300000190734863,7.100484742547463,5.400000095367432,True
0,process_lags,2025-01-06 10:00:00,2025-01-06 10:00:00,4.800000190734863,7.065602649969161,5.300000190734863,True
0,process_lags,2025-01-07 10:00:00,2025-01-07 10:00:00,5.099999904632568,7.0082467145271,4.800000190734863,True
0,process_lags,2025-01-08 10:00:00,2025-01-08 10:00:00,3.5999999046325684,6.730882973755878,5.099999904632568,True
0,process_lags,2025-01-09 10:00:00,2025-01-09 10:00:00,3.9000000953674316,6.768530655779292,3.5999999046325684,True
0,process_lags,2025-01-10 10:00:00,2025-01-10 10:00:00,3.5,6.668145983751111,3.9000000953674316,True
0,process_lags,2025-01-11 10:00:00,2025-01-11 10:00:00,3.5999999046325684,6.751123153797829,3.5,True
0,process_lags,2025-01-12 10:00:00,2025-01-12 10:00:00,4.199999809265137,6.861719772759617,3.5999999046325684,True
0,process_lags,2025-01-13 10:00:00,2025-01-13 10:00:00,6.0,7.1340291380772385,4.199999809265137,True
0,process_lags,2025-01-14 10:00:00,2025-01-14 10:00:00,1.600000023841858,5.307583176768453,6.0,True
0,process_lags,2025-01-15 10:00:00,2025-01-15 10:00:00,1.899999976158142,7.169462907354276,1.600000023841858,True
0,process_lags,2025-01-16 10:00:00,2025-01-16 10:00:00,7.099999904632568,7.834414080164047,1.899999976158142,True
0,process_lags,2025-01-17 10:00:00,2025-01-17 10:00:00,8.199999809265137,7.652670159660275,7.099999904632568,True
0,process_lags,2025-01-18 10:00:00,2025-01-18 10:00:00,7.599999904632568,7.731258899046507,8.199999809265137,True
0,process_lags,2025-01-19 10:00:00,2025-01-19 10:00:00,6.900000095367432,7.617517265965088,7.599999904632568,True
0,process_lags,2025-01-20 10:00:00,2025-01-20 10:00:00,10.600000381469727,8.356146739456277,6.900000095367432,True
0,process_lags,2025-01-21 10:00:00,2025-01-21 10:00:00,8.300000190734863,8.091261004697175,10.600000381469727,True
0,process_lags,2025-01-22 10:00:00,2025-01-22 10:00:00,6.099999904632568,7.720360552613094,8.300000190734863,True
0,process_lags,2025-01-23 10:00:00,2025-01-23 10:00:00,6.099999904632568,7.906224029992673,6.099999904632568,True
0,process_lags,2025-01-23 22:00:00,2025-01-23 22:00:00,5.900000095367432,8.117179314752505,6.099999904632568,True
0,process_lags,2025-01-24 10:00:00,2025-01-24 10:00:00,6.699999809265137,8.878469527860759,5.900000095367432,True
0,process_lags,2025-01-25 10:00:00,2025-01-25 10:00:00,7.5,7.910704668529904,6.699999809265137,True
0,process_lags,2025-01-26 10:00:00,2025-01-26 10:00:00,8.899999618530273,8.354929000303807,7.5,True
0,process_lags,2025-01-27 10:00:00,2025-01-27 10:00:00,6.0,7.538696062588244,8.899999618530273,True
0,process_lags,2025-01-28 10:00:00,2025-01-28 10:00:00,7.900000095367432,7.852091079464628,6.0,True
0,process_lags,2025-01-29 10:00:00,2025-01-29 10:00:00,6.199999809265137,8.069338998150439,7.900000095367432,True
0,process_lags,2025-01-30 10:00:00,2025-01-30 10:00:00,5.900000095367432,8.652734640452824,6.199999809265137,True
0,process_lags,2025-01-31 10:00:00,2025-01-31 10:00:00,7.400000095367432,8.71050101593055,5.900000095367432,True
0,process_lags,2025-02-01 10:00:00,2025-02-01 10:00:00,9.600000381469727,8.178393442850044,7.400000095367432,True
0,process_lags,2025-02-02 10:00:00,2025-02-02 10:00:00,10.5,8.343597382579915,9.600000381469727,True
0,process_lags,2025-02-03 04:48:22,2025-02-03 04:48:22,10.699999809265137,10.366199073395212,10.5,True
0,process_lags,2025-02-03 10:00:00,2025-02-03 10:00:00,8.5,10.509065037137981,10.699999809265137,True
0,process_lags,2025-02-04 10:00:00,2025-02-04 10:00:00,7.099999904632568,7.6924707208660035,8.5,True
0,process_lags,2025-02-05 10:00:00,2025-02-05 10:00:00,7.400000095367432,8.009727885873994,7.099999904632568,True
0,process_lags,2025-02-07 10:00:00,2025-02-07 10:00:00,8.300000190734863,7.9841211967428904,7.400000095367432,True
0,process_lags,2025-02-08 10:00:00,2025-02-08 10:00:00,8.100000381469727,8.038580347439778,8.300000190734863,True
0,process_lags,2025-02-09 10:00:00,2025-02-09 10:00:00,9.899999618530273,8.222073581928147,8.100000381469727,True
0,process_lags,2025-02-10 10:00:00,2025-02-10 10:00:00,9.5,8.455291045185069,9.899999618530273,True
0,process_lags,2025-02-11 10:00:00,2025-02-11 10:00:00,6.800000190734863,7.9392834681119595,9.5,True
0,process_lags,2025-02-12 10:00:00,2025-02-12 10:00:00,9.600000381469727,8.209783789136843,6.800000190734863,True
0,process_lags,2025-02-13 10:00:00,2025-02-13 10:00:00,11.600000381469727,8.169251658229328,9.600000381469727,True
0,process_lags,2025-02-13 16:46:39,2025-02-13 16:46:39,8.899999618530273,7.850277900784899,11.600000381469727,True
0,process_lags,2025-02-14 10:00:00,2025-02-14 10:00:00,7.0,7.742387109286586,8.899999618530273,True
0,process_lags,2025-02-14 22:41:16,2025-02-14 22:41:16,11.899999618530273,7.158302926399733,7.0,True
0,process_lags,2025-02-15 02:39:46,2025-02-15 02:39:46,8.0,7.711019163929745,7.0,True
0,process_lags,2025-02-15 10:00:00,2025-02-15 10:00:00,9.100000381469727,6.295542057054791,8.0,True
0,process_lags,2025-02-16 10:00:00,2025-02-16 10:00:00,7.300000190734863,8.075992289564365,9.100000381469727,True
0,process_lags,2025-02-17 10:00:00,2025-02-17 10:00:00,8.699999809265137,7.8671402209555,7.300000190734863,True
0,process_lags,2025-02-18 10:00:00,2025-02-18 10:00:00,8.5,7.778420415835903,8.699999809265137,True
0,process_lags,2025-02-19 10:00:00,2025-02-19 10:00:00,10.199999809265137,8.10232762182206,8.5,True
0,process_lags,2025-02-20 10:00:00,2025-02-20 10:00:00,5.699999809265137,7.790958570519001,10.199999809265137,True
0,process_lags,2025-02-21 10:00:00,2025-02-21 10:00:00,9.399999618530273,7.924695641082559,5.699999809265137,True
0,process_lags,2025-02-22 10:00:00,2025-02-22 10:00:00,9.100000381469727,8.09894837798345,9.399999618530273,True
0,process_lags,2025-02-23 10:00:00,2025-02-23 10:00:00,10.300000190734863,8.233157265547742,9.100000381469727,True
0,process_lags,2025-02-24 10:00:00,2025-02-24 10:00:00,9.399999618530273,7.8789953451498285,10.300000190734863,True
0,process_lags,2025-02-25 10:00:00,2025-02-25 10:00:00,9.399999618530273,8.179598444252761,9.399999618530273,True
0,process_lags,2025-02-26 10:00:00,2025-02-26 10:00:00,8.800000190734863,8.239140681144786,9.399999618530273,True
0,process_lags,2025-02-27 10:00:00,2025-02-27 10:00:00,10.300000190734863,8.416086258176898,8.800000190734863,True
0,process_lags,2025-02-28 10:00:00,2025-02-28 10:00:00,10.600000381469727,8.267241299253715,10.300000190734863,True
0,process_lags,2025-03-01 10:00:00,2025-03-01 10:00:00,7.800000190734863,7.851688514264117,10.600000381469727,True
0,process_lags,2025-03-02 10:00:00,2025-03-02 10:00:00,10.0,7.9494283732922,7.800000190734863,True
0,process_lags,2025-03-03 10:00:00,2025-03-03 10:00:00,8.300000190734863,7.804180656383258,10.0,True
0,process_lags,2025-03-06 10:00:00,2025-03-06 10:00:00,8.5,8.300544133600352,,False
0,process_lags,2025-03-07 10:00:00,2025-03-07 10:00:00,8.399999618530273,7.552027059102265,8.5,True
0,process_lags,2025-03-08 10:00:00,2025-03-08 10:00:00,8.0,7.484611750490444,8.399999618530273,True
0,process_lags,2025-03-09 10:00:00,2025-03-09 10:00:00,9.5,7.996411828296084,8.0,True
0,process_lags,2025-03-10 10:00:00,2025-03-10 10:00:00,10.199999809265137,8.160307082304936,9.5,True
0,process_lags,2025-03-11 10:00:00,2025-03-11 10:00:00,8.100000381469727,8.013374428913101,10.199999809265137,True
0,process_lags,2025-03-12 10:00:00,2025-03-12 10:00:00,8.600000381469727,8.361825726998708,8.100000381469727,True
0,process_lags,2025-03-13 10:00:00,2025-03-13 10:00:00,7.699999809265137,7.853245353155337,8.600000381469727,True
0,process_lags,2025-03-14 10:00:00,2025-03-14 10:00:00,9.899999618530273,7.947716648358432,7.699999809265137,True
0,process_lags,2025-03-15 10:00:00,2025-03-15 10:00:00,10.399999618530273,8.81100804937177,9.899999618530273,True
0,process_lags,2025-03-16 10:00:00,2025-03-16 10:00:00,10.5,8.667778449462533,10.399999618530273,True
0,process_lags,2025-03-17 10:00:00,2025-03-17 10:00:00,12.399999618530273,9.359203797320372,10.5,True
0,process_lags,2025-03-18 10:00:00,2025-03-18 10:00:00,12.300000190734863,9.363967373942033,12.399999618530273,True
0,process_lags,2025-03-19 10:00:00,2025-03-19 10:00:00,10.300000190734863,8.987001898527296,12.300000190734863,True
0,process_lags,2025-03-20 10:00:00,2025-03-20 10:00:00,11.300000190734863,8.530149977774817,10.300000190734863,True
0,process_lags,2025-03-21 10:00:00,2025-03-21 10:00:00,9.600000381469727,8.452694084563044,11.300000190734863,True
0,process_lags,2025-03-22 10:00:00,2025-03-22 10:00:00,8.800000190734863,8.345486169685051,9.600000381469727,True
0,process_lags,2025-03-23 10:00:00,2025-03-23 10:00:00,6.900000095367432,6.723584463365749,8.800000190734863,True
0,process_lags,2025-03-24 06:00:00,2025-03-24 06:00:00,6.800000190734863,6.635260613010852,6.900000095367432,True
0,process_lags,2025-03-24 10:00:00,2025-03-24 10:00:00,6.5,8.103556716000632,6.800000190734863,True
0,process_lags,2025-03-25 00:01:00,2025-03-25 00:01:00,11.0,6.542305597701672,6.5,True
0,process_lags,2025-03-25 06:00:00,2025-03-25 06:00:00,13.399999618530273,6.645946932472663,11.0,True
0,process_lags,2025-03-25 10:00:00,2025-03-25 10:00:00,8.100000381469727,6.204972069322224,13.399999618530273,True
0,process_lags,2025-03-25 20:00:00,2025-03-25 20:00:00,10.5,7.707355398541765,8.100000381469727,True
0,process_lags,2025-03-26 10:00:00,2025-03-26 10:00:00,8.300000190734863,7.31721918934082,10.5,True
0,process_lags,2025-03-26 23:07:57,2025-03-26 23:07:57,10.199999809265137,7.718273705835852,8.300000190734863,True
0,process_lags,2025-03-27 10:00:00,2025-03-27 10:00:00,5.400000095367432,7.2422862403213575,10.199999809265137,True
0,process_lags,2025-03-29 10:00:00,2025-03-29 10:00:00,8.399999618530273,8.070009958401082,5.400000095367432,True
0,process_lags,2025-03-30 10:00:00,2025-03-30 10:00:00,10.199999809265137,8.182576808140647,8.399999618530273,True
0,process_lags,2025-03-31 10:00:00,2025-03-31 10:00:00,8.600000381469727,7.997658709686156,10.199999809265137,True
0,process_lags,2025-04-01 10:00:00,2025-04-01 10:00:00,7.0,7.608906694782219,8.600000381469727,True
0,process_lags,2025-04-02 10:00:00,2025-04-02 10:00:00,7.300000190734863,8.989903831374312,7.0,True
0,process_lags,2025-04-03 10:00:00,2025-04-03 10:00:00,9.899999618530273,8.562539832115167,7.300000190734863,True
0,process_lags,2025-04-05 10:00:00,2025-04-05 10:00:00,5.800000190734863,7.753309815663394,9.899999618530273,True
0,process_lags,2025-04-06 10:00:00,2025-04-06 10:00:00,6.800000190734863,7.945754575960885,5.800000190734863,True
0,process_lags,2025-04-07 10:00:00,2025-04-07 10:00:00,7.5,8.001393091644273,6.800000190734863,True
0,process_lags,2025-04-08 10:00:00,2025-04-08 10:00:00,6.800000190734863,8.038154632618735,7.5,True
0,process_lags,2025-04-09 10:00:00,2025-04-09 10:00:00,8.100000381469727,8.245510824914579,6.800000190734863,True
0,process_lags,2025-04-10 10:00:00,2025-04-10 10:00:00,6.099999904632568,7.710205158162694,8.100000381469727,True
0,process_lags,2025-04-11 10:00:00,2025-04-11 10:00:00,7.400000095367432,8.093305885497214,6.099999904632568,True
0,process_lags,2025-04-12 10:00:00,2025-04-12 10:00:00,8.699999809265137,7.958304196778409,7.400000095367432,True
0,process_lags,2025-04-13 10:00:00,2025-04-13 10:00:00,5.300000190734863,7.4106936825652685,8.699999809265137,True
0,process_lags,2025-04-14 10:00:00,2025-04-14 10:00:00,7.699999809265137,8.054844214115088,5.300000190734863,True
0,process_lags,2025-04-15 10:00:00,2025-04-15 10:00:00,8.5,7.375291987446545,7.699999809265137,True
0,process_lags,2025-04-16 10:00:00,2025-04-16 10:00:00,7.699999809265137,7.893088390801008,8.5,True
0,process_lags,2025-04-17 10:00:00,2025-04-17 10:00:00,5.199999809265137,7.285198490076157,7.699999809265137,True
0,process_lags,2025-04-18 10:00:00,2025-04-18 10:00:00,8.800000190734863,8.41667408441063,5.199999809265137,True
0,process_lags,2025-04-18 20:00:00,2025-04-18 20:00:00,10.0,7.780488059572129,8.800000190734863,True
0,process_lags,2025-04-19 10:00:00,2025-04-19 10:00:00,8.800000190734863,8.204258054721507,10.0,True
0,process_lags,2025-04-20 10:00:00,2025-04-20 10:00:00,11.800000190734863,8.590135228458212,8.800000190734863,True
0,process_lags,2025-04-21 10:00:00,2025-04-21 10:00:00,11.399999618530273,8.187962015169372,11.800000190734863,True
0,process_lags,2025-04-22 10:00:00,2025-04-22 10:00:00,10.600000381469727,8.58699133451423,11.399999618530273,True
0,process_lags,2025-04-23 10:00:00,2025-04-23 10:00:00,13.5,8.953134793661134,10.600000381469727,True
0,process_lags,2025-04-24 10:00:00,2025-04-24 10:00:00,12.399999618530273,8.559594834314991,13.5,True
0,process_lags,2025-04-25 10:00:00,2025-04-25 10:00:00,9.399999618530273,7.782186198149542,12.399999618530273,True
0,process_lags,2025-04-26 06:00:00,2025-04-26 06:00:00,9.0,9.014789937234692,9.399999618530273,True
0,process_lags,2025-04-26 10:00:00,2025-04-26 10:00:00,9.5,9.295841822644356,9.0,True
0,process_lags,2025-04-27 10:00:00,2025-04-27 10:00:00,7.699999809265137,7.652287033101151,9.5,True
0,process_lags,2025-04-28 10:00:00,2025-04-28 10:00:00,10.0,8.029102581438297,7.699999809265137,True
0,process_lags,2025-04-29 10:00:00,2025-04-29 10:00:00,7.5,7.689769185632743,10.0,True
0,process_lags,2025-04-30 10:00:00,2025-04-30 10:00:00,6.5,7.410551258755413,7.5,True
0,process_lags,2025-05-01 10:00:00,2025-05-01 10:00:00,11.300000190734863,8.253084195647638,6.5,True
0,process_lags,2025-05-02 10:00:00,2025-05-02 10:00:00,8.300000190734863,8.108940198406172,11.300000190734863,True
0,process_lags,2025-05-03 10:00:00,2025-05-03 10:00:00,9.899999618530273,8.434030999395432,8.300000190734863,True
0,process_lags,2025-05-04 10:00:00,2025-05-04 10:00:00,8.399999618530273,8.081561302593714,9.899999618530273,True
0,process_lags,2025-05-05 10:00:00,2025-05-05 10:00:00,8.600000381469727,8.057175047589492,8.399999618530273,True
0,process_lags,2025-05-06 10:00:00,2025-05-06 10:00:00,8.5,8.085202464767976,8.600000381469727,True
0,process_lags,2025-05-07 10:00:00,2025-05-07 10:00:00,9.699999809265137,8.281924748558218,8.5,True
0,process_lags,2025-05-08 10:00:00,2025-05-08 10:00:00,9.399999618530273,8.194105473164685,9.699999809265137,True
0,process_lags,2025-05-09 10:00:00,2025-05-09 10:00:00,9.699999809265137,8.02342194513303,9.399999618530273,True
0,process_lags,2025-05-10 10:00:00,2025-05-10 10:00:00,9.199999809265137,7.889123657949847,9.699999809265137,True
0,process_lags,2025-05-11 10:00:00,2025-05-11 10:00:00,11.0,9.022150569487218,9.199999809265137,True
0,process_lags,2025-05-11 14:00:00,2025-05-11 14:00:00,8.699999809265137,7.649588328700485,11.0,True
0,process_lags,2025-05-12 10:00:00,2025-05-12 10:00:00,9.399999618530273,8.170130962647411,8.699999809265137,True
0,process_lags,2025-05-13 10:00:00,2025-05-13 10:00:00,8.699999809265137,8.203806119750306,9.399999618530273,True
0,process_lags,2025-05-14 10:00:00,2025-05-14 10:00:00,9.199999809265137,8.083065535015466,8.699999809265137,True
0,process_lags,2025-05-15 10:00:00,2025-05-15 10:00:00,8.300000190734863,7.708656787834585,9.199999809265137,True
0,process_lags,2025-05-16 10:00:00,2025-05-16 10:00:00,9.0,7.616266538981467,8.300000190734863,True
0,process_lags,2025-05-17 10:00:00,2025-05-17 10:00:00,6.800000190734863,8.732066180770772,9.0,True
0,process_lags,2025-05-18 10:00:00,2025-05-18 10:00:00,7.900000095367432,7.511085425822651,6.800000190734863,True
0,process_lags,2025-05-19 02:00:00,2025-05-19 02:00:00,6.900000095367432,8.581501230668627,7.900000095367432,True
0,process_lags,2025-05-19 10:00:00,2025-05-19 10:00:00,7.599999904632568,7.469689797254036,6.900000095367432,True
0,process_lags,2025-05-20 10:00:00,2025-05-20 10:00:00,11.300000190734863,7.990268820919024,7.599999904632568,True
0,process_lags,2025-05-21 10:00:00,2025-05-21 10:00:00,10.199999809265137,8.06169498134871,11.300000190734863,True
0,process_lags,2025-05-21 22:02:41,2025-05-21 22:02:41,9.0,7.916992747786971,10.199999809265137,True
0,process_lags,2025-05-22 10:00:00,2025-05-22 10:00:00,8.800000190734863,7.445747916781203,9.0,True
0,process_lags,2025-05-23 10:00:00,2025-05-23 10:00:00,10.0,8.470478399422941,8.800000190734863,True
0,process_lags,2025-05-24 10:00:00,2025-05-24 10:00:00,8.0,7.834887111815641,10.0,True
0,process_lags,2025-05-25 10:00:00,2025-05-25 10:00:00,8.300000190734863,7.8921635082687,8.0,True
0,process_lags,2025-05-26 10:00:00,2025-05-26 10:00:00,6.699999809265137,7.277650573939463,8.300000190734863,True
0,process_lags,2025-05-27 10:00:00,2025-05-27 10:00:00,9.199999809265137,7.909574769300788,6.699999809265137,True
0,process_lags,2025-05-28 10:00:00,2025-05-28 10:00:00,7.5,7.71092101250402,9.199999809265137,True
0,process_lags,2025-05-29 10:00:00,2025-05-29 10:00:00,8.699999809265137,7.7995358557116,7.5,True
0,process_lags,2025-05-30 10:00:00,2025-05-30 10:00:00,10.0,7.58681873912769,8.699999809265137,True
0,process_lags,2025-05-31 10:00:00,2025-05-31 10:00:00,6.800000190734863,7.095423010246662,10.0,True
0,process_lags,2025-06-01 10:00:00,2025-06-01 10:00:00,8.699999809265137,7.504056460307902,6.800000190734863,True
0,process_lags,2025-06-02 10:00:00,2025-06-02 10:00:00,8.399999618530273,7.460097515847533,8.699999809265137,True
0,process_lags,2025-06-03 10:00:00,2025-06-03 10:00:00,23.299999237060547,7.471103581763911,8.399999618530273,True
0,process_lags,2025-06-03 17:30:00,2025-06-03 17:30:00,8.5,7.567454331293483,23.299999237060547,True
0,process_lags,2025-06-04 10:00:00,2025-06-04 10:00:00,6.900000095367432,7.508193920932092,8.5,True
0,process_lags,2025-06-05 10:00:00,2025-06-05 10:00:00,9.199999809265137,7.852607341486248,6.900000095367432,True
0,process_lags,2025-06-06 10:00:00,2025-06-06 10:00:00,8.800000190734863,7.920009030210387,9.199999809265137,True
0,process_lags,2025-06-07 10:00:00,2025-06-07 10:00:00,9.100000381469727,8.266692259097706,8.800000190734863,True
0,process_lags,2025-06-08 10:00:00,2025-06-08 10:00:00,9.100000381469727,8.006871082803205,9.100000381469727,True
0,process_lags,2025-06-09 10:00:00,2025-06-09 10:00:00,9.300000190734863,7.915378178641946,9.100000381469727,True
0,process_lags,2025-06-10 10:00:00,2025-06-10 10:00:00,8.800000190734863,7.891204293426902,9.300000190734863,True
0,process_lags,2025-06-11 10:00:00,2025-06-11 10:00:00,7.800000190734863,8.016974089047077,8.800000190734863,True
0,process_lags,2025-06-12 10:00:00,2025-06-12 10:00:00,9.899999618530273,8.243564486171874,7.800000190734863,True
0,process_lags,2025-06-13 10:00:00,2025-06-13 10:00:00,9.199999809265137,7.967181705722583,9.899999618530273,True
0,process_lags,2025-06-14 10:00:00,2025-06-14 10:00:00,8.300000190734863,8.119087332562584,9.199999809265137,True
0,process_lags,2025-06-15 10:00:00,2025-06-15 10:00:00,8.0,7.6204339168884925,8.300000190734863,True
0,process_lags,2025-06-16 10:00:00,2025-06-16 10:00:00,9.600000381469727,8.078714910643601,8.0,True
0,process_lags,2025-06-17 10:00:00,2025-06-17 10:00:00,9.300000190734863,7.8687444900904016,9.600000381469727,True
0,process_lags,2025-06-18 10:00:00,2025-06-18 10:00:00,8.5,8.098698926215965,9.300000190734863,True
0,process_lags,2025-06-19 10:00:00,2025-06-19 10:00:00,10.600000381469727,8.296825507977795,8.5,True
0,process_lags,2025-06-20 10:00:00,2025-06-20 10:00:00,8.300000190734863,8.13449466538853,10.600000381469727,True
0,process_lags,2025-06-21 10:00:00,2025-06-21 10:00:00,3.200000047683716,8.348793782820554,8.300000190734863,True
0,process_lags,2025-06-21 15:57:36,2025-06-21 15:57:36,8.399999618530273,7.74097601034007,3.200000047683716,True
0,process_lags,2025-06-22 10:00:00,2025-06-22 10:00:00,7.699999809265137,7.690705699428069,8.399999618530273,True
0,process_lags,2025-06-23 10:00:00,2025-06-23 10:00:00,7.599999904632568,7.937515006518815,7.699999809265137,True
0,process_lags,2025-06-24 10:00:00,2025-06-24 10:00:00,9.199999809265137,8.340583186450834,7.599999904632568,True
0,process_lags,2025-06-25 10:00:00,2025-06-25 10:00:00,8.5,8.102330734406072,9.199999809265137,True
0,process_lags,2025-06-26 10:00:00,2025-06-26 10:00:00,7.199999809265137,7.3659627485378,8.5,True
0,process_lags,2025-06-27 10:00:00,2025-06-27 10:00:00,8.899999618530273,7.8034155715110955,7.199999809265137,True
0,process_lags,2025-06-28 10:00:00,2025-06-28 10:00:00,9.800000190734863,7.84246719473151,8.899999618530273,True
0,process_lags,2025-06-29 10:00:00,2025-06-29 10:00:00,8.5,7.748250327569739,9.800000190734863,True
0,process_lags,2025-06-30 10:00:00,2025-06-30 10:00:00,8.0,7.64505869067821,8.5,True
0,process_lags,2025-07-01 10:00:00,2025-07-01 10:00:00,8.199999809265137,7.851553335608328,8.0,True
0,process_lags,2025-07-02 10:00:00,2025-07-02 10:00:00,8.800000190734863,7.8381543026437654,8.199999809265137,True
0,process_lags,2025-07-03 10:00:00,2025-07-03 10:00:00,9.300000190734863,7.580207724965328,8.800000190734863,True
0,process_lags,2025-07-04 10:00:00,2025-07-04 10:00:00,9.399999618530273,7.660834651204151,9.300000190734863,True
0,process_lags,2025-07-05 10:00:00,2025-07-05 10:00:00,8.600000381469727,7.9599085805763306,9.399999618530273,True
0,process_lags,2025-07-06 10:00:00,2025-07-06 10:00:00,9.300000190734863,7.867798162562977,8.600000381469727,True
0,process_lags,2025-07-07 10:00:00,2025-07-07 10:00:00,8.5,7.827297229261015,9.300000190734863,True
0,process_lags,2025-07-08 10:00:00,2025-07-08 10:00:00,9.199999809265137,7.894771543112364,8.5,True
0,process_lags,2025-07-09 10:00:00,2025-07-09 10:00:00,8.199999809265137,7.765922194828105,9.199999809265137,True
0,process_lags,2025-07-10 10:00:00,2025-07-10 10:00:00,7.599999904632568,7.53057557539417,8.199999809265137,True
0,process_lags,2025-07-11 10:00:00,2025-07-11 10:00:00,9.100000381469727,7.8517637041983885,7.599999904632568,True
0,process_lags,2025-07-12 10:00:00,2025-07-12 10:00:00,8.800000190734863,7.9457681504042,9.100000381469727,True
0,process_lags,2025-07-13 10:00:00,2025-07-13 10:00:00,8.5,7.928091030933597,8.800000190734863,True
0,process_lags,2025-07-14 10:00:00,2025-07-14 10:00:00,9.800000190734863,8.229586633978682,8.5,True
0,process_lags,2025-07-15 10:00:00,2025-07-15 10:00:00,9.399999618530273,8.335584887659376,9.800000190734863,True
0,process_lags,2025-07-16 10:00:00,2025-07-16 10:00:00,9.100000381469727,7.870106878611351,9.399999618530273,True
0,process_lags,2025-07-17 10:00:00,2025-07-17 10:00:00,8.100000381469727,8.00720559183727,9.100000381469727,True
0,process_lags,2025-07-18 10:00:00,2025-07-18 10:00:00,9.399999618530273,8.088150315438721,8.100000381469727,True
0,process_lags,2025-07-19 10:00:00,2025-07-19 10:00:00,7.900000095367432,7.969799481714029,9.399999618530273,True
0,process_lags,2025-07-20 10:00:00,2025-07-20 10:00:00,9.5,8.00694677873913,7.900000095367432,True
0,process_lags,2025-07-21 10:00:00,2025-07-21 10:00:00,9.300000190734863,7.944432035587916,9.5,True
0,process_lags,2025-07-22 10:00:00,2025-07-22 10:00:00,9.899999618530273,8.00150175538531,9.300000190734863,True
0,process_lags,2025-07-23 10:00:00,2025-07-23 10:00:00,8.5,7.865334697231612,9.899999618530273,True
0,process_lags,2025-07-24 10:00:00,2025-07-24 10:00:00,8.199999809265137,8.062248571751605,8.5,True
0,process_lags,2025-07-24 13:00:00,2025-07-24 13:00:00,120.0,9.721948344388656,8.5,True
0,process_lags,2025-07-24 13:15:00,2025-07-24 13:15:00,45.900001525878906,9.557984470394647,8.5,True
0,process_lags,2025-07-24 15:20:00,2025-07-24 15:20:00,2.0999999046325684,10.320198918140624,8.199999809265137,True
0,process_lags,2025-07-25 10:00:00,2025-07-25 10:00:00,9.600000381469727,7.928944008776158,2.0999999046325684,True
0,process_lags,2025-07-26 10:00:00,2025-07-26 10:00:00,7.300000190734863,7.312081289613214,9.600000381469727,True
0,process_lags,2025-07-27 10:00:00,2025-07-27 10:00:00,8.899999618530273,7.577879518905311,7.300000190734863,True
0,process_lags,2025-07-28 10:00:00,2025-07-28 10:00:00,10.199999809265137,8.193828940685096,8.899999618530273,True
0,process_lags,2025-07-28 16:00:00,2025-07-28 16:00:00,35.099998474121094,12.142543613558054,10.199999809265137,True
0,process_lags,2025-07-28 21:26:26,2025-07-28 21:26:26,3.5,6.855867501103784,35.099998474121094,True
0,process_lags,2025-07-29 10:00:00,2025-07-29 10:00:00,8.300000190734863,7.865143928304295,3.5,True
0,process_lags,2025-07-30 10:00:00,2025-07-30 10:00:00,10.0,7.885664466298559,8.300000190734863,True
0,process_lags,2025-07-31 10:00:00,2025-07-31 10:00:00,6.599999904632568,7.673564259306762,10.0,True
0,process_lags,2025-08-01 10:00:00,2025-08-01 10:00:00,5.300000190734863,7.766501362651843,6.599999904632568,True
0,process_lags,2025-08-03 10:00:00,2025-08-03 10:00:00,10.199999809265137,7.990634944955534,5.300000190734863,True
0,process_lags,2025-08-04 10:00:00,2025-08-04 10:00:00,7.5,8.143871799174288,10.199999809265137,True
0,process_lags,2025-08-05 10:00:00,2025-08-05 10:00:00,6.599999904632568,8.59414709401122,7.5,True
0,process_lags,2025-08-05 14:05:08,2025-08-05 14:05:08,3.5999999046325684,8.575807774869954,6.599999904632568,True
0,process_lags,2025-08-06 10:00:00,2025-08-06 10:00:00,7.900000095367432,7.981945289495659,3.5999999046325684,True
0,process_lags,2025-08-07 10:00:00,2025-08-07 10:00:00,6.300000190734863,7.144124165290677,7.900000095367432,True
0,process_lags,2025-08-08 10:00:00,2025-08-08 10:00:00,7.400000095367432,7.577944339275174,6.300000190734863,True
0,process_lags,2025-08-09 10:00:00,2025-08-09 10:00:00,7.599999904632568,8.197024945785058,7.400000095367432,True
0,process_lags,2025-08-10 10:00:00,2025-08-10 10:00:00,9.300000190734863,8.213524387356564,7.599999904632568,True
0,process_lags,2025-08-12 10:00:00,2025-08-12 10:00:00,8.0,7.96002318563994,9.300000190734863,True
0,process_lags,2025-08-13 10:00:00,2025-08-13 10:00:00,9.199999809265137,8.62040250139946,8.0,True
0,process_lags,2025-08-14 10:00:00,2025-08-14 10:00:00,10.5,7.016079734432521,9.199999809265137,True
0,process_lags,2025-08-14 14:00:00,2025-08-14 14:00:00,11.800000190734863,5.791553177361845,10.5,True
0,process_lags,2025-08-14 20:00:00,2025-08-14 20:00:00,4.699999809265137,7.124690599898056,11.800000190734863,True
0,process_lags,2025-08-15 10:00:00,2025-08-15 10:00:00,8.100000381469727,7.895931888482659,4.699999809265137,True
0,process_lags,2025-08-16 10:00:00,2025-08-16 10:00:00,8.300000190734863,7.695502065709508,8.100000381469727,True
0,process_lags,2025-08-16 20:00:00,2025-08-16 20:00:00,5.199999809265137,8.120495698893297,8.300000190734863,True
0,process_lags,2025-08-17 10:00:00,2025-08-17 10:00:00,7.900000095367432,7.8428958928281745,5.199999809265137,True
0,process_lags,2025-08-18 10:00:00,2025-08-18 10:00:00,9.199999809265137,8.211636972843651,7.900000095367432,True
0,process_lags,2025-08-19 10:00:00,2025-08-19 10:00:00,6.699999809265137,8.42257408532341,9.199999809265137,True
0,process_lags,2025-08-20 10:00:00,2025-08-20 10:00:00,7.099999904632568,7.852921356656868,6.699999809265137,True
0,process_lags,2025-08-21 10:00:00,2025-08-21 10:00:00,6.599999904632568,8.109935063824354,7.099999904632568,True
0,process_lags,2025-08-22 10:00:00,2025-08-22 10:00:00,8.5,7.516218766775792,6.599999904632568,True
0,process_lags,2025-08-23 10:00:00,2025-08-23 10:00:00,11.399999618530273,7.884828153949774,8.5,True
0,process_lags,2025-08-23 22:00:00,2025-08-23 22:00:00,8.899999618530273,7.764204631684629,11.399999618530273,True
0,process_lags,2025-08-24 10:00:00,2025-08-24 10:00:00,9.399999618530273,7.761778791769689,8.899999618530273,True
0,process_lags,2025-08-25 10:00:00,2025-08-25 10:00:00,10.899999618530273,8.069831292627455,9.399999618530273,True
0,process_lags,2025-08-27 10:00:00,2025-08-27 10:00:00,8.699999809265137,8.367691714431631,10.899999618530273,True
0,process_lags,2025-08-27 22:00:00,2025-08-27 22:00:00,9.300000190734863,8.060136917341463,8.699999809265137,True
0,process_lags,2025-08-28 10:00:00,2025-08-28 10:00:00,7.800000190734863,7.809479412169063,9.300000190734863,True
0,process_lags,2025-08-29 10:00:00,2025-08-29 10:00:00,8.0,7.933392505147584,7.800000190734863,True
0,process_lags,2025-08-30 10:00:00,2025-08-30 10:00:00,11.100000381469727,8.163337566401228,8.0,True
0,process_lags,2025-08-31 10:00:00,2025-08-31 10:00:00,8.600000381469727,8.471144786237902,11.100000381469727,True
0,process_lags,2025-09-01 10:00:00,2025-09-01 10:00:00,7.599999904632568,8.450633540594493,8.600000381469727,True
0,process_lags,2025-09-02 10:00:00,2025-09-02 10:00:00,7.199999809265137,7.946616790457114,7.599999904632568,True
0,process_lags,2025-09-03 10:00:00,2025-09-03 10:00:00,10.699999809265137,7.859707460115779,7.199999809265137,True
0,process_lags,2025-09-04 10:00:00,2025-09-04 10:00:00,7.300000190734863,7.228860968897758,10.699999809265137,True
0,process_lags,2025-09-05 10:00:00,2025-09-05 10:00:00,9.699999809265137,8.407233904975586,7.300000190734863,True
0,process_lags,2025-09-06 10:00:00,2025-09-06 10:00:00,11.699999809265137,8.256990842267596,9.699999809265137,True
0,process_lags,2025-09-07 10:00:00,2025-09-07 10:00:00,10.699999809265137,8.19637025351433,11.699999809265137,True
0,process_lags,2025-09-08 10:00:00,2025-09-08 10:00:00,9.800000190734863,8.256915115746317,10.699999809265137,True
0,process_lags,2025-09-09 10:00:00,2025-09-09 10:00:00,8.399999618530273,7.814491373652563,9.800000190734863,True
0,process_lags,2025-09-10 10:00:00,2025-09-10 10:00:00,10.100000381469727,8.385727808771827,8.399999618530273,True
0,process_lags,2025-09-11 10:00:00,2025-09-11 10:00:00,8.699999809265137,7.890016679299016,10.100000381469727,True
0,process_lags,2025-09-12 10:00:00,2025-09-12 10:00:00,9.899999618530273,8.395821581101005,8.699999809265137,True
0,process_lags,2025-09-13 10:00:00,2025-09-13 10:00:00,9.800000190734863,8.278424460265132,9.899999618530273,True
0,process_lags,2025-09-14 10:00:00,2025-09-14 10:00:00,9.899999618530273,8.255187076343264,9.800000190734863,True
0,process_lags,2025-09-15 10:00:00,2025-09-15 10:00:00,8.300000190734863,8.29129826328904,9.899999618530273,True
0,process_lags,2025-09-16 10:00:00,2025-09-16 10:00:00,9.199999809265137,8.280816874941276,8.300000190734863,True
0,process_lags,2025-09-17 10:00:00,2025-09-17 10:00:00,9.300000190734863,8.290155302653565,9.199999809265137,True
0,process_lags,2025-09-18 10:00:00,2025-09-18 10:00:00,9.600000381469727,8.290874159031214,9.300000190734863,True
0,process_lags,2025-09-19 10:00:00,2025-09-19 10:00:00,9.600000381469727,8.224770677927642,9.600000381469727,True
0,process_lags,2025-09-20 10:00:00,2025-09-20 10:00:00,8.5,8.061970386690252,9.600000381469727,True
0,process_lags,2025-09-21 10:00:00,2025-09-21 10:00:00,7.599999904632568,8.09112893546493,8.5,True
0,process_lags,2025-09-22 10:00:00,2025-09-22 10:00:00,8.899999618530273,8.401173351878235,7.599999904632568,True
0,process_lags,2025-09-23 10:00:00,2025-09-23 10:00:00,10.199999809265137,8.591761483613114,8.899999618530273,True
0,process_lags,2025-09-24 10:00:00,2025-09-24 10:00:00,10.5,8.31088220110197,10.199999809265137,True
0,process_lags,2025-09-25 10:00:00,2025-09-25 10:00:00,9.800000190734863,7.992707639598615,10.5,True
0,process_lags,2025-09-26 10:00:00,2025-09-26 10:00:00,7.599999904632568,7.919027664106016,9.800000190734863,True
0,process_lags,2025-09-27 10:00:00,2025-09-27 10:00:00,8.399999618530273,7.752859231807246,7.599999904632568,True
0,process_lags,2025-09-28 10:00:00,2025-09-28 10:00:00,9.399999618530273,7.768940046163058,8.399999618530273,True
0,process_lags,2025-09-28 17:00:00,2025-09-28 17:00:00,15.300000190734863,7.915329853778614,9.399999618530273,True
0,process_lags,2025-09-28 20:00:00,2025-09-28 20:00:00,8.300000190734863,7.082544319956794,9.399999618530273,True
0,process_lags,2025-09-29 10:00:00,2025-09-29 10:00:00,9.199999809265137,8.312698862997886,8.300000190734863,True
0,process_lags,2025-09-30 10:00:00,2025-09-30 10:00:00,8.300000190734863,7.897818123479286,9.199999809265137,True
0,process_lags,2025-10-01 10:00:00,2025-10-01 10:00:00,9.800000190734863,8.227067275567366,8.300000190734863,True
0,process_lags,2025-10-02 10:00:00,2025-10-02 10:00:00,9.699999809265137,8.131959937572713,9.800000190734863,True
0,process_lags,2025-10-03 10:00:00,2025-10-03 10:00:00,10.399999618530273,8.18665057922523,9.699999809265137,True
0,process_lags,2025-10-05 10:00:00,2025-10-05 10:00:00,9.699999809265137,7.593747013761805,10.399999618530273,True
0,process_lags,2025-10-06 10:00:00,2025-10-06 10:00:00,9.800000190734863,7.849197640182675,9.699999809265137,True
0,process_lags,2025-10-06 14:00:00,2025-10-06 14:00:00,5.199999809265137,7.677753654906358,9.800000190734863,True
0,process_lags,2025-10-07 10:00:00,2025-10-07 10:00:00,9.300000190734863,7.785317775797358,5.199999809265137,True
0,process_lags,2025-10-08 10:00:00,2025-10-08 10:00:00,9.800000190734863,8.103548381890159,9.300000190734863,True
0,process_lags,2025-10-09 10:00:00,2025-10-09 10:00:00,12.699999809265137,7.9608370038747935,9.800000190734863,True
0,process_lags,2025-10-09 16:00:00,2025-10-09 16:00:00,8.699999809265137,7.2684734561842586,12.699999809265137,True
0,process_lags,2025-10-09 22:00:00,2025-10-09 22:00:00,9.0,8.08210587168908,8.699999809265137,True
0,process_lags,2025-10-10 10:00:00,2025-10-10 10:00:00,10.199999809265137,8.554046493511542,9.0,True
0,process_lags,2025-10-10 20:00:00,2025-10-10 20:00:00,9.600000381469727,7.5637432740381385,10.199999809265137,True
0,process_lags,2025-10-11 10:00:00,2025-10-11 10:00:00,9.0,8.226408216838779,9.600000381469727,True
0,process_lags,2025-10-12 10:00:00,2025-10-12 10:00:00,10.5,7.888778451603269,9.0,True
0,process_lags,2025-10-14 10:00:00,2025-10-14 10:00:00,9.199999809265137,6.529452537870448,10.5,True
0,process_lags,2025-10-15 10:00:00,2025-10-15 10:00:00,9.100000381469727,7.399344994061321,9.199999809265137,True
0,process_lags,2025-10-16 10:00:00,2025-10-16 10:00:00,12.199999809265137,7.953598467564833,9.100000381469727,True
0,process_lags,2025-10-16 15:00:00,2025-10-16 15:00:00,9.699999809265137,7.473644676822065,12.199999809265137,True
0,process_lags,2025-10-17 10:00:00,2025-10-17 10:00:00,10.399999618530273,7.912793079729504,9.699999809265137,True
0,process_lags,2025-10-18 10:00:00,2025-10-18 10:00:00,10.800000190734863,7.74963432974644,10.399999618530273,True
0,process_lags,2025-10-18 16:00:00,2025-10-18 16:00:00,8.0,7.371509527416267,10.800000190734863,True
0,process_lags,2025-10-19 10:00:00,2025-10-19 10:00:00,6.5,7.328236271381407,8.0,True
0,process_lags,2025-10-20 10:00:00,2025-10-20 10:00:00,10.5,7.445254585708582,6.5,True
0,process_lags,2025-10-21 10:00:00,2025-10-21 10:00:00,10.100000381469727,7.738710253076706,10.5,True
0,process_lags,2025-10-21 16:00:00,2025-10-21 16:00:00,11.0,7.653118829323695,10.100000381469727,True
0,process_lags,2025-10-21 22:00:00,2025-10-21 22:00:00,10.0,7.28884016663207,11.0,True
0,process_lags,2025-10-22 10:00:00,2025-10-22 10:00:00,9.300000190734863,7.17319338233084,10.0,True
0,process_lags,2025-10-22 20:00:00,2025-10-22 20:00:00,11.0,7.3321878965867295,9.300000190734863,True
0,process_lags,2025-10-23 02:00:00,2025-10-23 02:00:00,6.699999809265137,7.065996593145922,11.0,True
0,process_lags,2025-10-23 10:00:00,2025-10-23 10:00:00,9.100000381469727,7.173254301191159,6.699999809265137,True
0,process_lags,2025-10-23 21:00:00,2025-10-23 21:00:00,6.5,7.29761087904294,9.100000381469727,True
0,process_lags,2025-10-24 10:00:00,2025-10-24 10:00:00,7.0,7.338560834228282,6.5,True
0,process_lags,2025-10-25 10:00:00,2025-10-25 10:00:00,7.199999809265137,7.6994990832839765,7.0,True
0,process_lags,2025-10-26 10:00:00,2025-10-26 10:00:00,7.199999809265137,7.551156953707666,7.199999809265137,True
0,process_lags,2025-10-27 10:00:00,2025-10-27 10:00:00,10.399999618530273,7.409780634844649,7.199999809265137,True
0,process_lags,2025-10-27 15:15:10,2025-10-27 15:15:10,9.600000381469727,7.678017596123061,10.399999618530273,True
0,process_lags,2025-10-27 18:46:34,2025-10-27 18:46:34,5.599999904632568,6.838406994354385,10.399999618530273,True
0,process_lags,2025-10-27 22:00:00,2025-10-27 22:00:00,7.699999809265137,7.674590451693636,9.600000381469727,True
0,process_lags,2025-10-28 10:00:00,2025-10-28 10:00:00,9.899999618530273,8.317845487304332,7.699999809265137,True
0,process_lags,2025-10-28 14:00:00,2025-10-28 14:00:00,7.800000190734863,7.099740310179067,9.899999618530273,True
0,process_lags,2025-10-29 10:00:00,2025-10-29 10:00:00,9.199999809265137,7.569267581434939,7.800000190734863,True
0,process_lags,2025-10-30 10:00:00,2025-10-30 10:00:00,9.899999618530273,7.873387204918002,9.199999809265137,True
0,process_lags,2025-10-31 10:00:00,2025-10-31 10:00:00,10.199999809265137,7.70458997990905,9.899999618530273,True
0,process_lags,2025-11-01 10:00:00,2025-11-01 10:00:00,7.800000190734863,7.4054286589637535,10.199999809265137,True
0,process_lags,2025-11-02 10:00:00,2025-11-02 10:00:00,10.100000381469727,7.5975424430661285,7.800000190734863,True
0,process_lags,2025-11-03 05:00:00,2025-11-03 05:00:00,8.5,7.21367843124192,10.100000381469727,True
0,process_lags,2025-11-03 10:00:00,2025-11-03 10:00:00,9.5,7.693406029819066,8.5,True
0,process_lags,2025-11-04 10:00:00,2025-11-04 10:00:00,9.399999618530273,7.419856033251351,9.5,True
0,process_lags,2025-11-05 10:00:00,2025-11-05 10:00:00,8.899999618530273,7.259205797328512,9.399999618530273,True
0,process_lags,2025-11-06 10:00:00,2025-11-06 10:00:00,9.600000381469727,7.5497019177292355,8.899999618530273,True
0,process_lags,2025-11-07 10:00:00,2025-11-07 10:00:00,9.899999618530273,7.563806817730333,9.600000381469727,True
0,process_lags,2025-11-08 10:00:00,2025-11-08 10:00:00,8.800000190734863,7.24991045507428,9.899999618530273,True
0,process_lags,2025-11-09 10:00:00,2025-11-09 10:00:00,10.5,7.520895287676696,8.800000190734863,True
0,process_lags,2025-11-09 13:00:00,2025-11-09 13:00:00,11.199999809265137,7.499578852749888,8.800000190734863,True
0,process_lags,2025-11-09 17:00:09,2025-11-09 17:00:09,8.100000381469727,7.3897482020186605,11.199999809265137,True
0,process_lags,2025-11-10 00:00:00,2025-11-10 00:00:00,7.300000190734863,6.830779717765135,8.100000381469727,True
0,process_lags,2025-11-10 10:00:00,2025-11-10 10:00:00,8.100000381469727,6.931370655244821,7.300000190734863,True
0,process_lags,2025-11-11 10:00:00,2025-11-11 10:00:00,9.100000381469727,7.554400163590902,8.100000381469727,True
0,process_lags,2025-11-12 10:00:00,2025-11-12 10:00:00,11.5,8.388342094420858,9.100000381469727,True
0,process_lags,2025-11-12 17:06:58,2025-11-12 17:06:58,8.100000381469727,7.042378399781306,11.5,True
0,process_lags,2025-11-13 10:00:00,2025-11-13 10:00:00,7.300000190734863,7.733276247639791,8.100000381469727,True
0,process_lags,2025-11-14 10:00:00,2025-11-14 10:00:00,10.399999618530273,7.535881216120757,7.300000190734863,True
0,process_lags,2025-11-14 22:00:00,2025-11-14 22:00:00,8.300000190734863,7.167502064391737,10.399999618530273,True
0,process_lags,2025-11-15 10:00:00,2025-11-15 10:00:00,9.199999809265137,7.303423662672063,8.300000190734863,True
0,process_lags,2025-11-16 10:00:00,2025-11-16 10:00:00,9.899999618530273,7.685252902770886,9.199999809265137,True
0,process_lags,2025-11-17 10:00:00,2025-11-17 10:00:00,9.199999809265137,7.424691544101268,9.899999618530273,True
0,process_lags,2025-11-18 10:00:00,2025-11-18 10:00:00,9.800000190734863,7.616607358244638,9.199999809265137,True
0,process_lags,2025-11-19 10:00:00,2025-11-19 10:00:00,9.699999809265137,7.3174037740147195,9.800000190734863,True
0,process_lags,2025-11-20 10:00:00,2025-11-20 10:00:00,6.099999904632568,7.230297488363156,9.699999809265137,True
0,process_lags,2025-11-21 10:00:00,2025-11-21 10:00:00,10.399999618530273,7.31779329944664,6.099999904632568,True
0,process_lags,2025-11-22 10:00:00,2025-11-22 10:00:00,9.300000190734863,7.378658131574458,10.399999618530273,True
0,process_lags,2025-11-23 10:00:00,2025-11-23 10:00:00,9.899999618530273,7.503747824968592,9.300000190734863,True
0,process_lags,2025-11-23 22:51:00,2025-11-23 22:51:00,9.899999618530273,7.7089157640415475,9.899999618530273,True
0,process_lags,2025-11-24 02:38:00,2025-11-24 02:38:00,10.699999809265137,7.402743936049438,9.899999618530273,True
0,process_lags,2025-11-24 10:00:00,2025-11-24 10:00:00,9.0,7.23771645618781,10.699999809265137,True
0,process_lags,2025-11-24 20:00:00,2025-11-24 20:00:00,8.399999618530273,7.287945076428349,9.0,True
0,process_lags,2025-11-25 10:00:00,2025-11-25 10:00:00,9.899999618530273,7.599546942511759,8.399999618530273,True
0,process_lags,2025-11-26 10:00:00,2025-11-26 10:00:00,9.699999809265137,7.7832296328846,9.899999618530273,True
0,process_lags,2025-11-27 10:00:00,2025-11-27 10:00:00,13.100000381469727,8.03484464350899,9.699999809265137,True
0,process_lags,2025-11-27 12:45:00,2025-11-27 12:45:00,10.5,7.819554745423069,9.699999809265137,True
0,process_lags,2025-11-27 22:00:00,2025-11-27 22:00:00,8.600000381469727,8.418824502915045,10.5,True
0,process_lags,2025-11-28 10:00:00,2025-11-28 10:00:00,9.0,7.59515993706631,8.600000381469727,True
0,process_lags,2025-11-29 10:00:00,2025-11-29 10:00:00,7.300000190734863,7.295577266044896,9.0,True
0,process_lags,2025-11-30 10:00:00,2025-11-30 10:00:00,8.699999809265137,7.849097990779541,7.300000190734863,True
0,process_lags,2025-12-01 10:00:00,2025-12-01 10:00:00,7.800000190734863,7.145797629557707,8.699999809265137,True
0,process_lags,2025-12-02 10:00:00,2025-12-02 10:00:00,8.399999618530273,7.586384127698313,7.800000190734863,True
0,process_lags,2025-12-03 10:00:00,2025-12-03 10:00:00,6.800000190734863,7.2680927548830105,8.399999618530273,True
0,process_lags,2025-12-04 10:00:00,2025-12-04 10:00:00,7.800000190734863,7.674935080455121,6.800000190734863,True
0,process_lags,2025-12-05 10:00:00,2025-12-05 10:00:00,9.0,8.044499174312879,7.800000190734863,True
0,process_lags,2025-12-06 10:00:00,2025-12-06 10:00:00,8.300000190734863,7.468092390203223,9.0,True
0,process_lags,2025-12-07 10:00:00,2025-12-07 10:00:00,10.199999809265137,7.310083642271861,8.300000190734863,True
0,process_lags,2025-12-08 10:00:00,2025-12-08 10:00:00,8.199999809265137,7.299558102577535,10.199999809265137,True
0,process_lags,2025-12-09 10:00:00,2025-12-09 10:00:00,9.100000381469727,7.497007893479378,8.199999809265137,True
0,process_lags,2025-12-10 06:00:00,2025-12-10 06:00:00,9.800000190734863,7.75269319803809,9.100000381469727,True
0,process_lags,2025-12-10 09:35:00,2025-12-10 09:35:00,8.0,8.0219935640219,9.100000381469727,True
0,process_lags,2025-12-10 20:00:00,2025-12-10 20:00:00,7.800000190734863,7.776894589549402,8.0,True
0,process_lags,2025-12-11 10:00:00,2025-12-11 10:00:00,7.300000190734863,7.478525632471843,7.800000190734863,True
0,process_lags,2025-12-11 17:00:00,2025-12-11 17:00:00,10.5,7.77672064490125,7.300000190734863,True
0,process_lags,2025-12-12 10:00:00,2025-12-12 10:00:00,7.599999904632568,7.882475803782878,10.5,True
0,process_lags,2025-12-13 10:00:00,2025-12-13 10:00:00,6.699999809265137,7.44177206100597,7.599999904632568,True
0,process_lags,2025-12-14 10:00:00,2025-12-14 10:00:00,6.400000095367432,8.222495999549373,6.699999809265137,True
0,process_lags,2025-12-14 14:22:00,2025-12-14 14:22:00,11.0,7.879304078446472,6.400000095367432,True
0,process_lags,2025-12-15 10:00:00,2025-12-15 10:00:00,8.800000190734863,7.470037059280084,11.0,True
0,process_lags,2025-12-16 10:00:00,2025-12-16 10:00:00,7.400000095367432,7.349446296945979,8.800000190734863,True
0,process_lags,2025-12-17 10:00:00,2025-12-17 10:00:00,8.399999618530273,7.93599949796546,7.400000095367432,True
0,process_lags,2025-12-18 10:00:00,2025-12-18 10:00:00,9.300000190734863,8.210617605871214,8.399999618530273,True
0,process_lags,2025-12-19 10:00:00,2025-12-19 10:00:00,9.399999618530273,8.030394806153287,9.300000190734863,True
0,process_lags,2025-12-20 10:00:00,2025-12-20 10:00:00,9.100000381469727,7.76912461725102,9.399999618530273,True
0,process_lags,2025-12-21 10:00:00,2025-12-21 10:00:00,8.800000190734863,7.755638319356015,9.100000381469727,True
0,process_lags,2025-12-22 10:00:00,2025-12-22 10:00:00,9.0,7.629034926239063,8.800000190734863,True
0,process_lags,2025-12-23 10:00:00,2025-12-23 10:00:00,8.300000190734863,7.351954799486499,9.0,True
0,process_lags,2025-12-24 10:00:00,2025-12-24 10:00:00,5.099999904632568,6.655609779493255,8.300000190734863,True
0,process_lags,2025-12-25 10:00:00,2025-12-25 10:00:00,9.0,8.638295117212309,5.099999904632568,True
0,process_lags,2025-12-26 10:00:00,2025-12-26 10:00:00,6.199999809265137,7.734601444930371,9.0,True
0,process_lags,2025-12-27 10:00:00,2025-12-27 10:00:00,8.899999618530273,7.817757462447613,6.199999809265137,True
0,process_lags,2025-12-28 10:00:00,2025-12-28 10:00:00,10.899999618530273,7.889075681541204,8.899999618530273,True
0,process_lags,2025-12-29 00:00:00,2025-12-29 00:00:00,10.5,7.551503749656675,10.899999618530273,True
0,process_lags,2025-12-29 02:30:00,2025-12-29 02:30:00,7.900000095367432,7.436911111748831,10.899999618530273,True
0,process_lags,2025-12-29 10:00:00,2025-12-29 10:00:00,4.699999809265137,6.23074425115732,7.900000095367432,True
0,process_lags,2025-12-30 10:00:00,2025-12-30 10:00:00,9.699999809265137,7.3373159174589535,4.699999809265137,True
0,process_lags,2025-12-31 10:00:00,2025-12-31 10:00:00,9.0,7.303680138970188,9.699999809265137,True
0,feed_lims_and_shape,2025-01-01 10:00:00,2025-01-01 10:00:00,3.5,6.517065679698736,2.700000047683716,True
0,feed_lims_and_shape,2025-01-02 10:00:00,2025-01-02 10:00:00,7.099999904632568,7.851356434177486,3.5,True
0,feed_lims_and_shape,2025-01-03 10:00:00,2025-01-03 10:00:00,7.699999809265137,7.96943694406562,7.099999904632568,True
0,feed_lims_and_shape,2025-01-04 10:00:00,2025-01-04 10:00:00,5.400000095367432,7.480331624906338,7.699999809265137,True
0,feed_lims_and_shape,2025-01-05 10:00:00,2025-01-05 10:00:00,5.300000190734863,7.074468947095946,5.400000095367432,True
0,feed_lims_and_shape,2025-01-06 10:00:00,2025-01-06 10:00:00,4.800000190734863,7.0403063504886845,5.300000190734863,True
0,feed_lims_and_shape,2025-01-07 10:00:00,2025-01-07 10:00:00,5.099999904632568,6.985384337638922,4.800000190734863,True
0,feed_lims_and_shape,2025-01-08 10:00:00,2025-01-08 10:00:00,3.5999999046325684,6.7126527191636205,5.099999904632568,True
0,feed_lims_and_shape,2025-01-09 10:00:00,2025-01-09 10:00:00,3.9000000953674316,6.748401333869413,3.5999999046325684,True
0,feed_lims_and_shape,2025-01-10 10:00:00,2025-01-10 10:00:00,3.5,6.646808418237275,3.9000000953674316,True
0,feed_lims_and_shape,2025-01-11 10:00:00,2025-01-11 10:00:00,3.5999999046325684,6.734797710024417,3.5,True
0,feed_lims_and_shape,2025-01-12 10:00:00,2025-01-12 10:00:00,4.199999809265137,6.838783050170299,3.5999999046325684,True
0,feed_lims_and_shape,2025-01-13 10:00:00,2025-01-13 10:00:00,6.0,7.111005072911894,4.199999809265137,True
0,feed_lims_and_shape,2025-01-14 10:00:00,2025-01-14 10:00:00,1.600000023841858,5.304074456790777,6.0,True
0,feed_lims_and_shape,2025-01-15 10:00:00,2025-01-15 10:00:00,1.899999976158142,7.152573471649674,1.600000023841858,True
0,feed_lims_and_shape,2025-01-16 10:00:00,2025-01-16 10:00:00,7.099999904632568,7.79502388615898,1.899999976158142,True
0,feed_lims_and_shape,2025-01-17 10:00:00,2025-01-17 10:00:00,8.199999809265137,7.636282202837938,7.099999904632568,True
0,feed_lims_and_shape,2025-01-18 10:00:00,2025-01-18 10:00:00,7.599999904632568,7.703506284076491,8.199999809265137,True
0,feed_lims_and_shape,2025-01-19 10:00:00,2025-01-19 10:00:00,6.900000095367432,7.588628498247546,7.599999904632568,True
0,feed_lims_and_shape,2025-01-20 10:00:00,2025-01-20 10:00:00,10.600000381469727,8.330924095249785,6.900000095367432,True
0,feed_lims_and_shape,2025-01-21 10:00:00,2025-01-21 10:00:00,8.300000190734863,8.068567679342298,10.600000381469727,True
0,feed_lims_and_shape,2025-01-22 10:00:00,2025-01-22 10:00:00,6.099999904632568,7.701889398118967,8.300000190734863,True
0,feed_lims_and_shape,2025-01-23 10:00:00,2025-01-23 10:00:00,6.099999904632568,7.876901008153935,6.099999904632568,True
0,feed_lims_and_shape,2025-01-23 22:00:00,2025-01-23 22:00:00,5.900000095367432,8.092589495012461,6.099999904632568,True
0,feed_lims_and_shape,2025-01-24 10:00:00,2025-01-24 10:00:00,6.699999809265137,8.843657144699057,5.900000095367432,True
0,feed_lims_and_shape,2025-01-25 10:00:00,2025-01-25 10:00:00,7.5,7.885325449121883,6.699999809265137,True
0,feed_lims_and_shape,2025-01-26 10:00:00,2025-01-26 10:00:00,8.899999618530273,8.341547220541846,7.5,True
0,feed_lims_and_shape,2025-01-27 10:00:00,2025-01-27 10:00:00,6.0,7.518110324653362,8.899999618530273,True
0,feed_lims_and_shape,2025-01-28 10:00:00,2025-01-28 10:00:00,7.900000095367432,7.820839565272102,6.0,True
0,feed_lims_and_shape,2025-01-29 10:00:00,2025-01-29 10:00:00,6.199999809265137,8.053534042808698,7.900000095367432,True
0,feed_lims_and_shape,2025-01-30 10:00:00,2025-01-30 10:00:00,5.900000095367432,8.65410343288304,6.199999809265137,True
0,feed_lims_and_shape,2025-01-31 10:00:00,2025-01-31 10:00:00,7.400000095367432,8.713333312122554,5.900000095367432,True
0,feed_lims_and_shape,2025-02-01 10:00:00,2025-02-01 10:00:00,9.600000381469727,8.168707863965807,7.400000095367432,True
0,feed_lims_and_shape,2025-02-02 10:00:00,2025-02-02 10:00:00,10.5,8.337070852146516,9.600000381469727,True
0,feed_lims_and_shape,2025-02-03 04:48:22,2025-02-03 04:48:22,10.699999809265137,10.342821092067004,10.5,True
0,feed_lims_and_shape,2025-02-03 10:00:00,2025-02-03 10:00:00,8.5,10.49134929261896,10.699999809265137,True
0,feed_lims_and_shape,2025-02-04 10:00:00,2025-02-04 10:00:00,7.099999904632568,7.686978275842355,8.5,True
0,feed_lims_and_shape,2025-02-05 10:00:00,2025-02-05 10:00:00,7.400000095367432,8.007210667697832,7.099999904632568,True
0,feed_lims_and_shape,2025-02-07 10:00:00,2025-02-07 10:00:00,8.300000190734863,7.975383919988554,7.400000095367432,True
0,feed_lims_and_shape,2025-02-08 10:00:00,2025-02-08 10:00:00,8.100000381469727,8.034100327696095,8.300000190734863,True
0,feed_lims_and_shape,2025-02-09 10:00:00,2025-02-09 10:00:00,9.899999618530273,8.21098204102369,8.100000381469727,True
0,feed_lims_and_shape,2025-02-10 10:00:00,2025-02-10 10:00:00,9.5,8.443423313750285,9.899999618530273,True
0,feed_lims_and_shape,2025-02-11 10:00:00,2025-02-11 10:00:00,6.800000190734863,7.9268050721364265,9.5,True
0,feed_lims_and_shape,2025-02-12 10:00:00,2025-02-12 10:00:00,9.600000381469727,8.193884498213576,6.800000190734863,True
0,feed_lims_and_shape,2025-02-13 10:00:00,2025-02-13 10:00:00,11.600000381469727,8.156221466044602,9.600000381469727,True
0,feed_lims_and_shape,2025-02-13 16:46:39,2025-02-13 16:46:39,8.899999618530273,7.8449083351211595,11.600000381469727,True
0,feed_lims_and_shape,2025-02-14 10:00:00,2025-02-14 10:00:00,7.0,7.7347567977003315,8.899999618530273,True
0,feed_lims_and_shape,2025-02-14 22:41:16,2025-02-14 22:41:16,11.899999618530273,7.149741925166277,7.0,True
0,feed_lims_and_shape,2025-02-15 02:39:46,2025-02-15 02:39:46,8.0,7.7075888611658065,7.0,True
0,feed_lims_and_shape,2025-02-15 10:00:00,2025-02-15 10:00:00,9.100000381469727,6.283989332929522,8.0,True
0,feed_lims_and_shape,2025-02-16 10:00:00,2025-02-16 10:00:00,7.300000190734863,8.110673289583879,9.100000381469727,True
0,feed_lims_and_shape,2025-02-17 10:00:00,2025-02-17 10:00:00,8.699999809265137,7.914733149760904,7.300000190734863,True
0,feed_lims_and_shape,2025-02-18 10:00:00,2025-02-18 10:00:00,8.5,7.772012435205788,8.699999809265137,True
0,feed_lims_and_shape,2025-02-19 10:00:00,2025-02-19 10:00:00,10.199999809265137,8.099840544257424,8.5,True
0,feed_lims_and_shape,2025-02-20 10:00:00,2025-02-20 10:00:00,5.699999809265137,7.786642889327972,10.199999809265137,True
0,feed_lims_and_shape,2025-02-21 10:00:00,2025-02-21 10:00:00,9.399999618530273,7.919919046594645,5.699999809265137,True
0,feed_lims_and_shape,2025-02-22 10:00:00,2025-02-22 10:00:00,9.100000381469727,8.09521900850579,9.399999618530273,True
0,feed_lims_and_shape,2025-02-23 10:00:00,2025-02-23 10:00:00,10.300000190734863,8.235574537958684,9.100000381469727,True
0,feed_lims_and_shape,2025-02-24 10:00:00,2025-02-24 10:00:00,9.399999618530273,7.875835048241639,10.300000190734863,True
0,feed_lims_and_shape,2025-02-25 10:00:00,2025-02-25 10:00:00,9.399999618530273,8.174733387455746,9.399999618530273,True
0,feed_lims_and_shape,2025-02-26 10:00:00,2025-02-26 10:00:00,8.800000190734863,8.232047874896194,9.399999618530273,True
0,feed_lims_and_shape,2025-02-27 10:00:00,2025-02-27 10:00:00,10.300000190734863,8.412038776109364,8.800000190734863,True
0,feed_lims_and_shape,2025-02-28 10:00:00,2025-02-28 10:00:00,10.600000381469727,8.255952076625489,10.300000190734863,True
0,feed_lims_and_shape,2025-03-01 10:00:00,2025-03-01 10:00:00,7.800000190734863,7.845209811652985,10.600000381469727,True
0,feed_lims_and_shape,2025-03-02 10:00:00,2025-03-02 10:00:00,10.0,7.9403827709508015,7.800000190734863,True
0,feed_lims_and_shape,2025-03-03 10:00:00,2025-03-03 10:00:00,8.300000190734863,7.7934102542349635,10.0,True
0,feed_lims_and_shape,2025-03-06 10:00:00,2025-03-06 10:00:00,8.5,8.292157554574779,,False
0,feed_lims_and_shape,2025-03-07 10:00:00,2025-03-07 10:00:00,8.399999618530273,7.546643152597582,8.5,True
0,feed_lims_and_shape,2025-03-08 10:00:00,2025-03-08 10:00:00,8.0,7.48022437671859,8.399999618530273,True
0,feed_lims_and_shape,2025-03-09 10:00:00,2025-03-09 10:00:00,9.5,7.991165403663457,8.0,True
0,feed_lims_and_shape,2025-03-10 10:00:00,2025-03-10 10:00:00,10.199999809265137,8.157065206186275,9.5,True
0,feed_lims_and_shape,2025-03-11 10:00:00,2025-03-11 10:00:00,8.100000381469727,8.008550776700336,10.199999809265137,True
0,feed_lims_and_shape,2025-03-12 10:00:00,2025-03-12 10:00:00,8.600000381469727,8.347331132369927,8.100000381469727,True
0,feed_lims_and_shape,2025-03-13 10:00:00,2025-03-13 10:00:00,7.699999809265137,7.848282219823833,8.600000381469727,True
0,feed_lims_and_shape,2025-03-14 10:00:00,2025-03-14 10:00:00,9.899999618530273,7.937217008338331,7.699999809265137,True
0,feed_lims_and_shape,2025-03-15 10:00:00,2025-03-15 10:00:00,10.399999618530273,8.801305432498767,9.899999618530273,True
0,feed_lims_and_shape,2025-03-16 10:00:00,2025-03-16 10:00:00,10.5,8.667145245958464,10.399999618530273,True
0,feed_lims_and_shape,2025-03-17 10:00:00,2025-03-17 10:00:00,12.399999618530273,9.38417839058633,10.5,True
0,feed_lims_and_shape,2025-03-18 10:00:00,2025-03-18 10:00:00,12.300000190734863,9.363785647567292,12.399999618530273,True
0,feed_lims_and_shape,2025-03-19 10:00:00,2025-03-19 10:00:00,10.300000190734863,8.972759434812293,12.300000190734863,True
0,feed_lims_and_shape,2025-03-20 10:00:00,2025-03-20 10:00:00,11.300000190734863,8.517954181716284,10.300000190734863,True
0,feed_lims_and_shape,2025-03-21 10:00:00,2025-03-21 10:00:00,9.600000381469727,8.443951885007621,11.300000190734863,True
0,feed_lims_and_shape,2025-03-22 10:00:00,2025-03-22 10:00:00,8.800000190734863,8.34589615903533,9.600000381469727,True
0,feed_lims_and_shape,2025-03-23 10:00:00,2025-03-23 10:00:00,6.900000095367432,6.727850306576625,8.800000190734863,True
0,feed_lims_and_shape,2025-03-24 06:00:00,2025-03-24 06:00:00,6.800000190734863,6.63722674991677,6.900000095367432,True
0,feed_lims_and_shape,2025-03-24 10:00:00,2025-03-24 10:00:00,6.5,8.100716613038045,6.800000190734863,True
0,feed_lims_and_shape,2025-03-25 00:01:00,2025-03-25 00:01:00,11.0,6.527369965738758,6.5,True
0,feed_lims_and_shape,2025-03-25 06:00:00,2025-03-25 06:00:00,13.399999618530273,6.6355760707075655,11.0,True
0,feed_lims_and_shape,2025-03-25 10:00:00,2025-03-25 10:00:00,8.100000381469727,6.20386617652235,13.399999618530273,True
0,feed_lims_and_shape,2025-03-25 20:00:00,2025-03-25 20:00:00,10.5,7.69532367053014,8.100000381469727,True
0,feed_lims_and_shape,2025-03-26 10:00:00,2025-03-26 10:00:00,8.300000190734863,7.305179003399386,10.5,True
0,feed_lims_and_shape,2025-03-26 23:07:57,2025-03-26 23:07:57,10.199999809265137,7.706993499541165,8.300000190734863,True
0,feed_lims_and_shape,2025-03-27 10:00:00,2025-03-27 10:00:00,5.400000095367432,7.227795602506763,10.199999809265137,True
0,feed_lims_and_shape,2025-03-29 10:00:00,2025-03-29 10:00:00,8.399999618530273,8.058358222359821,5.400000095367432,True
0,feed_lims_and_shape,2025-03-30 10:00:00,2025-03-30 10:00:00,10.199999809265137,8.176569911621744,8.399999618530273,True
0,feed_lims_and_shape,2025-03-31 10:00:00,2025-03-31 10:00:00,8.600000381469727,7.986922611216125,10.199999809265137,True
0,feed_lims_and_shape,2025-04-01 10:00:00,2025-04-01 10:00:00,7.0,7.592445503262104,8.600000381469727,True
0,feed_lims_and_shape,2025-04-02 10:00:00,2025-04-02 10:00:00,7.300000190734863,8.975108178730123,7.0,True
0,feed_lims_and_shape,2025-04-03 10:00:00,2025-04-03 10:00:00,9.899999618530273,8.56599521945918,7.300000190734863,True
0,feed_lims_and_shape,2025-04-05 10:00:00,2025-04-05 10:00:00,5.800000190734863,7.733782817075701,9.899999618530273,True
0,feed_lims_and_shape,2025-04-06 10:00:00,2025-04-06 10:00:00,6.800000190734863,7.925353089878307,5.800000190734863,True
0,feed_lims_and_shape,2025-04-07 10:00:00,2025-04-07 10:00:00,7.5,7.981344389255261,6.800000190734863,True
0,feed_lims_and_shape,2025-04-08 10:00:00,2025-04-08 10:00:00,6.800000190734863,8.029591227330606,7.5,True
0,feed_lims_and_shape,2025-04-09 10:00:00,2025-04-09 10:00:00,8.100000381469727,8.237819501282239,6.800000190734863,True
0,feed_lims_and_shape,2025-04-10 10:00:00,2025-04-10 10:00:00,6.099999904632568,7.702985861791758,8.100000381469727,True
0,feed_lims_and_shape,2025-04-11 10:00:00,2025-04-11 10:00:00,7.400000095367432,8.07910844261632,6.099999904632568,True
0,feed_lims_and_shape,2025-04-12 10:00:00,2025-04-12 10:00:00,8.699999809265137,7.944984010868668,7.400000095367432,True
0,feed_lims_and_shape,2025-04-13 10:00:00,2025-04-13 10:00:00,5.300000190734863,7.388507863294086,8.699999809265137,True
0,feed_lims_and_shape,2025-04-14 10:00:00,2025-04-14 10:00:00,7.699999809265137,8.034055151214881,5.300000190734863,True
0,feed_lims_and_shape,2025-04-15 10:00:00,2025-04-15 10:00:00,8.5,7.360467414520286,7.699999809265137,True
0,feed_lims_and_shape,2025-04-16 10:00:00,2025-04-16 10:00:00,7.699999809265137,7.891943967269247,8.5,True
0,feed_lims_and_shape,2025-04-17 10:00:00,2025-04-17 10:00:00,5.199999809265137,7.293580951247026,7.699999809265137,True
0,feed_lims_and_shape,2025-04-18 10:00:00,2025-04-18 10:00:00,8.800000190734863,8.400856081292828,5.199999809265137,True
0,feed_lims_and_shape,2025-04-18 20:00:00,2025-04-18 20:00:00,10.0,7.766503928063875,8.800000190734863,True
0,feed_lims_and_shape,2025-04-19 10:00:00,2025-04-19 10:00:00,8.800000190734863,8.187318009970857,10.0,True
0,feed_lims_and_shape,2025-04-20 10:00:00,2025-04-20 10:00:00,11.800000190734863,8.57777390381891,8.800000190734863,True
0,feed_lims_and_shape,2025-04-21 10:00:00,2025-04-21 10:00:00,11.399999618530273,8.187071339895365,11.800000190734863,True
0,feed_lims_and_shape,2025-04-22 10:00:00,2025-04-22 10:00:00,10.600000381469727,8.569733787183662,11.399999618530273,True
0,feed_lims_and_shape,2025-04-23 10:00:00,2025-04-23 10:00:00,13.5,8.950052506628515,10.600000381469727,True
0,feed_lims_and_shape,2025-04-24 10:00:00,2025-04-24 10:00:00,12.399999618530273,8.548136257600754,13.5,True
0,feed_lims_and_shape,2025-04-25 10:00:00,2025-04-25 10:00:00,9.399999618530273,7.7615648256346965,12.399999618530273,True
0,feed_lims_and_shape,2025-04-26 06:00:00,2025-04-26 06:00:00,9.0,9.001115905538088,9.399999618530273,True
0,feed_lims_and_shape,2025-04-26 10:00:00,2025-04-26 10:00:00,9.5,9.280656116563204,9.0,True
0,feed_lims_and_shape,2025-04-27 10:00:00,2025-04-27 10:00:00,7.699999809265137,7.642191672244493,9.5,True
0,feed_lims_and_shape,2025-04-28 10:00:00,2025-04-28 10:00:00,10.0,8.02181962088967,7.699999809265137,True
0,feed_lims_and_shape,2025-04-29 10:00:00,2025-04-29 10:00:00,7.5,7.6818133653127045,10.0,True
0,feed_lims_and_shape,2025-04-30 10:00:00,2025-04-30 10:00:00,6.5,7.401556606299874,7.5,True
0,feed_lims_and_shape,2025-05-01 10:00:00,2025-05-01 10:00:00,11.300000190734863,8.249908198501887,6.5,True
0,feed_lims_and_shape,2025-05-02 10:00:00,2025-05-02 10:00:00,8.300000190734863,8.106177131453268,11.300000190734863,True
0,feed_lims_and_shape,2025-05-03 10:00:00,2025-05-03 10:00:00,9.899999618530273,8.431315693180592,8.300000190734863,True
0,feed_lims_and_shape,2025-05-04 10:00:00,2025-05-04 10:00:00,8.399999618530273,8.080479833645095,9.899999618530273,True
0,feed_lims_and_shape,2025-05-05 10:00:00,2025-05-05 10:00:00,8.600000381469727,8.055593688308493,8.399999618530273,True
0,feed_lims_and_shape,2025-05-06 10:00:00,2025-05-06 10:00:00,8.5,8.084536973140514,8.600000381469727,True
0,feed_lims_and_shape,2025-05-07 10:00:00,2025-05-07 10:00:00,9.699999809265137,8.282009042285367,8.5,True
0,feed_lims_and_shape,2025-05-08 10:00:00,2025-05-08 10:00:00,9.399999618530273,8.1970356092847,9.699999809265137,True
0,feed_lims_and_shape,2025-05-09 10:00:00,2025-05-09 10:00:00,9.699999809265137,8.022101635624233,9.399999618530273,True
0,feed_lims_and_shape,2025-05-10 10:00:00,2025-05-10 10:00:00,9.199999809265137,7.886524590213048,9.699999809265137,True
0,feed_lims_and_shape,2025-05-11 10:00:00,2025-05-11 10:00:00,11.0,9.01790967883951,9.199999809265137,True
0,feed_lims_and_shape,2025-05-11 14:00:00,2025-05-11 14:00:00,8.699999809265137,7.650160353499219,11.0,True
0,feed_lims_and_shape,2025-05-12 10:00:00,2025-05-12 10:00:00,9.399999618530273,8.169788885349194,8.699999809265137,True
0,feed_lims_and_shape,2025-05-13 10:00:00,2025-05-13 10:00:00,8.699999809265137,8.178454456008362,9.399999618530273,True
0,feed_lims_and_shape,2025-05-14 10:00:00,2025-05-14 10:00:00,9.199999809265137,8.103763355270685,8.699999809265137,True
0,feed_lims_and_shape,2025-05-15 10:00:00,2025-05-15 10:00:00,8.300000190734863,7.678752361304198,9.199999809265137,True
0,feed_lims_and_shape,2025-05-16 10:00:00,2025-05-16 10:00:00,9.0,7.605524871464514,8.300000190734863,True
0,feed_lims_and_shape,2025-05-17 10:00:00,2025-05-17 10:00:00,6.800000190734863,8.68089165039053,9.0,True
0,feed_lims_and_shape,2025-05-18 10:00:00,2025-05-18 10:00:00,7.900000095367432,7.4765720329830785,6.800000190734863,True
0,feed_lims_and_shape,2025-05-19 02:00:00,2025-05-19 02:00:00,6.900000095367432,8.557382936643691,7.900000095367432,True
0,feed_lims_and_shape,2025-05-19 10:00:00,2025-05-19 10:00:00,7.599999904632568,7.4511080961153215,6.900000095367432,True
0,feed_lims_and_shape,2025-05-20 10:00:00,2025-05-20 10:00:00,11.300000190734863,7.952117941774221,7.599999904632568,True
0,feed_lims_and_shape,2025-05-21 10:00:00,2025-05-21 10:00:00,10.199999809265137,8.080916249142835,11.300000190734863,True
0,feed_lims_and_shape,2025-05-21 22:02:41,2025-05-21 22:02:41,9.0,7.894790287639518,10.199999809265137,True
0,feed_lims_and_shape,2025-05-22 10:00:00,2025-05-22 10:00:00,8.800000190734863,7.433928503860352,9.0,True
0,feed_lims_and_shape,2025-05-23 10:00:00,2025-05-23 10:00:00,10.0,8.437488869755018,8.800000190734863,True
0,feed_lims_and_shape,2025-05-24 10:00:00,2025-05-24 10:00:00,8.0,7.819397145624638,10.0,True
0,feed_lims_and_shape,2025-05-25 10:00:00,2025-05-25 10:00:00,8.300000190734863,7.894368485705387,8.0,True
0,feed_lims_and_shape,2025-05-26 10:00:00,2025-05-26 10:00:00,6.699999809265137,7.263346817157521,8.300000190734863,True
0,feed_lims_and_shape,2025-05-27 10:00:00,2025-05-27 10:00:00,9.199999809265137,7.918416529782064,6.699999809265137,True
0,feed_lims_and_shape,2025-05-28 10:00:00,2025-05-28 10:00:00,7.5,7.738942253268414,9.199999809265137,True
0,feed_lims_and_shape,2025-05-29 10:00:00,2025-05-29 10:00:00,8.699999809265137,7.768969212547304,7.5,True
0,feed_lims_and_shape,2025-05-30 10:00:00,2025-05-30 10:00:00,10.0,7.569599783867774,8.699999809265137,True
0,feed_lims_and_shape,2025-05-31 10:00:00,2025-05-31 10:00:00,6.800000190734863,7.0928619658914975,10.0,True
0,feed_lims_and_shape,2025-06-01 10:00:00,2025-06-01 10:00:00,8.699999809265137,7.501843929151509,6.800000190734863,True
0,feed_lims_and_shape,2025-06-02 10:00:00,2025-06-02 10:00:00,8.399999618530273,7.459161366994538,8.699999809265137,True
0,feed_lims_and_shape,2025-06-03 10:00:00,2025-06-03 10:00:00,23.299999237060547,7.444399303852409,8.399999618530273,True
0,feed_lims_and_shape,2025-06-03 17:30:00,2025-06-03 17:30:00,8.5,7.533677316714465,23.299999237060547,True
0,feed_lims_and_shape,2025-06-04 10:00:00,2025-06-04 10:00:00,6.900000095367432,7.485416440564892,8.5,True
0,feed_lims_and_shape,2025-06-05 10:00:00,2025-06-05 10:00:00,9.199999809265137,7.817964070025052,6.900000095367432,True
0,feed_lims_and_shape,2025-06-06 10:00:00,2025-06-06 10:00:00,8.800000190734863,7.903188446515731,9.199999809265137,True
0,feed_lims_and_shape,2025-06-07 10:00:00,2025-06-07 10:00:00,9.100000381469727,8.223895415242534,8.800000190734863,True
0,feed_lims_and_shape,2025-06-08 10:00:00,2025-06-08 10:00:00,9.100000381469727,7.981468630100579,9.100000381469727,True
0,feed_lims_and_shape,2025-06-09 10:00:00,2025-06-09 10:00:00,9.300000190734863,7.915463051833781,9.100000381469727,True
0,feed_lims_and_shape,2025-06-10 10:00:00,2025-06-10 10:00:00,8.800000190734863,7.886560684012819,9.300000190734863,True
0,feed_lims_and_shape,2025-06-11 10:00:00,2025-06-11 10:00:00,7.800000190734863,8.026657131730424,8.800000190734863,True
0,feed_lims_and_shape,2025-06-12 10:00:00,2025-06-12 10:00:00,9.899999618530273,8.273740389561587,7.800000190734863,True
0,feed_lims_and_shape,2025-06-13 10:00:00,2025-06-13 10:00:00,9.199999809265137,7.963179086249781,9.899999618530273,True
0,feed_lims_and_shape,2025-06-14 10:00:00,2025-06-14 10:00:00,8.300000190734863,8.114072305122681,9.199999809265137,True
0,feed_lims_and_shape,2025-06-15 10:00:00,2025-06-15 10:00:00,8.0,7.61819814158941,8.300000190734863,True
0,feed_lims_and_shape,2025-06-16 10:00:00,2025-06-16 10:00:00,9.600000381469727,8.058224494788368,8.0,True
0,feed_lims_and_shape,2025-06-17 10:00:00,2025-06-17 10:00:00,9.300000190734863,7.8737113883353445,9.600000381469727,True
0,feed_lims_and_shape,2025-06-18 10:00:00,2025-06-18 10:00:00,8.5,8.095963807942086,9.300000190734863,True
0,feed_lims_and_shape,2025-06-19 10:00:00,2025-06-19 10:00:00,10.600000381469727,8.282433541759717,8.5,True
0,feed_lims_and_shape,2025-06-20 10:00:00,2025-06-20 10:00:00,8.300000190734863,8.135188146638027,10.600000381469727,True
0,feed_lims_and_shape,2025-06-21 10:00:00,2025-06-21 10:00:00,3.200000047683716,8.34008257235125,8.300000190734863,True
0,feed_lims_and_shape,2025-06-21 15:57:36,2025-06-21 15:57:36,8.399999618530273,7.740588862680788,3.200000047683716,True
0,feed_lims_and_shape,2025-06-22 10:00:00,2025-06-22 10:00:00,7.699999809265137,7.684077883687333,8.399999618530273,True
0,feed_lims_and_shape,2025-06-23 10:00:00,2025-06-23 10:00:00,7.599999904632568,7.988086179347212,7.699999809265137,True
0,feed_lims_and_shape,2025-06-24 10:00:00,2025-06-24 10:00:00,9.199999809265137,8.415111196278604,7.599999904632568,True
0,feed_lims_and_shape,2025-06-25 10:00:00,2025-06-25 10:00:00,8.5,8.102201361815649,9.199999809265137,True
0,feed_lims_and_shape,2025-06-26 10:00:00,2025-06-26 10:00:00,7.199999809265137,7.366766564690456,8.5,True
0,feed_lims_and_shape,2025-06-27 10:00:00,2025-06-27 10:00:00,8.899999618530273,7.797425487889237,7.199999809265137,True
0,feed_lims_and_shape,2025-06-28 10:00:00,2025-06-28 10:00:00,9.800000190734863,7.856691648163897,8.899999618530273,True
0,feed_lims_and_shape,2025-06-29 10:00:00,2025-06-29 10:00:00,8.5,7.749901800196419,9.800000190734863,True
0,feed_lims_and_shape,2025-06-30 10:00:00,2025-06-30 10:00:00,8.0,7.647388377594476,8.5,True
0,feed_lims_and_shape,2025-07-01 10:00:00,2025-07-01 10:00:00,8.199999809265137,7.851311701309484,8.0,True
0,feed_lims_and_shape,2025-07-02 10:00:00,2025-07-02 10:00:00,8.800000190734863,7.836843820225306,8.199999809265137,True
0,feed_lims_and_shape,2025-07-03 10:00:00,2025-07-03 10:00:00,9.300000190734863,7.579054675568859,8.800000190734863,True
0,feed_lims_and_shape,2025-07-04 10:00:00,2025-07-04 10:00:00,9.399999618530273,7.658987147324183,9.300000190734863,True
0,feed_lims_and_shape,2025-07-05 10:00:00,2025-07-05 10:00:00,8.600000381469727,7.960327292894098,9.399999618530273,True
0,feed_lims_and_shape,2025-07-06 10:00:00,2025-07-06 10:00:00,9.300000190734863,7.870529250873995,8.600000381469727,True
0,feed_lims_and_shape,2025-07-07 10:00:00,2025-07-07 10:00:00,8.5,7.827047902902343,9.300000190734863,True
0,feed_lims_and_shape,2025-07-08 10:00:00,2025-07-08 10:00:00,9.199999809265137,7.895846262630149,8.5,True
0,feed_lims_and_shape,2025-07-09 10:00:00,2025-07-09 10:00:00,8.199999809265137,7.765964387333922,9.199999809265137,True
0,feed_lims_and_shape,2025-07-10 10:00:00,2025-07-10 10:00:00,7.599999904632568,7.53062078417023,8.199999809265137,True
0,feed_lims_and_shape,2025-07-11 10:00:00,2025-07-11 10:00:00,9.100000381469727,7.8487665126149935,7.599999904632568,True
0,feed_lims_and_shape,2025-07-12 10:00:00,2025-07-12 10:00:00,8.800000190734863,7.943561796252435,9.100000381469727,True
0,feed_lims_and_shape,2025-07-13 10:00:00,2025-07-13 10:00:00,8.5,7.926601806964388,8.800000190734863,True
0,feed_lims_and_shape,2025-07-14 10:00:00,2025-07-14 10:00:00,9.800000190734863,8.221463394454165,8.5,True
0,feed_lims_and_shape,2025-07-15 10:00:00,2025-07-15 10:00:00,9.399999618530273,8.325658759905748,9.800000190734863,True
0,feed_lims_and_shape,2025-07-16 10:00:00,2025-07-16 10:00:00,9.100000381469727,7.886569208601891,9.399999618530273,True
0,feed_lims_and_shape,2025-07-17 10:00:00,2025-07-17 10:00:00,8.100000381469727,8.049298282028348,9.100000381469727,True
0,feed_lims_and_shape,2025-07-18 10:00:00,2025-07-18 10:00:00,9.399999618530273,8.092739413798446,8.100000381469727,True
0,feed_lims_and_shape,2025-07-19 10:00:00,2025-07-19 10:00:00,7.900000095367432,7.970671310875392,9.399999618530273,True
0,feed_lims_and_shape,2025-07-20 10:00:00,2025-07-20 10:00:00,9.5,8.004484614058194,7.900000095367432,True
0,feed_lims_and_shape,2025-07-21 10:00:00,2025-07-21 10:00:00,9.300000190734863,7.948457156026498,9.5,True
0,feed_lims_and_shape,2025-07-22 10:00:00,2025-07-22 10:00:00,9.899999618530273,8.002974459857247,9.300000190734863,True
0,feed_lims_and_shape,2025-07-23 10:00:00,2025-07-23 10:00:00,8.5,7.862748850468694,9.899999618530273,True
0,feed_lims_and_shape,2025-07-24 10:00:00,2025-07-24 10:00:00,8.199999809265137,8.067892336814666,8.5,True
0,feed_lims_and_shape,2025-07-24 13:00:00,2025-07-24 13:00:00,120.0,9.666432398648709,8.5,True
0,feed_lims_and_shape,2025-07-24 13:15:00,2025-07-24 13:15:00,45.900001525878906,9.50159552719478,8.5,True
0,feed_lims_and_shape,2025-07-24 15:20:00,2025-07-24 15:20:00,2.0999999046325684,10.301387052750345,8.199999809265137,True
0,feed_lims_and_shape,2025-07-25 10:00:00,2025-07-25 10:00:00,9.600000381469727,7.94011184562819,2.0999999046325684,True
0,feed_lims_and_shape,2025-07-26 10:00:00,2025-07-26 10:00:00,7.300000190734863,7.323404211555127,9.600000381469727,True
0,feed_lims_and_shape,2025-07-27 10:00:00,2025-07-27 10:00:00,8.899999618530273,7.581989828332702,7.300000190734863,True
0,feed_lims_and_shape,2025-07-28 10:00:00,2025-07-28 10:00:00,10.199999809265137,8.19784457482608,8.899999618530273,True
0,feed_lims_and_shape,2025-07-28 16:00:00,2025-07-28 16:00:00,35.099998474121094,12.135625055788623,10.199999809265137,True
0,feed_lims_and_shape,2025-07-28 21:26:26,2025-07-28 21:26:26,3.5,6.863832741127533,35.099998474121094,True
0,feed_lims_and_shape,2025-07-29 10:00:00,2025-07-29 10:00:00,8.300000190734863,7.8729273291831685,3.5,True
0,feed_lims_and_shape,2025-07-30 10:00:00,2025-07-30 10:00:00,10.0,7.898586766082788,8.300000190734863,True
0,feed_lims_and_shape,2025-07-31 10:00:00,2025-07-31 10:00:00,6.599999904632568,7.68428373575423,10.0,True
0,feed_lims_and_shape,2025-08-01 10:00:00,2025-08-01 10:00:00,5.300000190734863,7.765740802208999,6.599999904632568,True
0,feed_lims_and_shape,2025-08-03 10:00:00,2025-08-03 10:00:00,10.199999809265137,8.002271979419708,5.300000190734863,True
0,feed_lims_and_shape,2025-08-04 10:00:00,2025-08-04 10:00:00,7.5,8.155161686130345,10.199999809265137,True
0,feed_lims_and_shape,2025-08-05 10:00:00,2025-08-05 10:00:00,6.599999904632568,8.586309341423492,7.5,True
0,feed_lims_and_shape,2025-08-05 14:05:08,2025-08-05 14:05:08,3.5999999046325684,8.586864581910536,6.599999904632568,True
0,feed_lims_and_shape,2025-08-06 10:00:00,2025-08-06 10:00:00,7.900000095367432,7.990291638993661,3.5999999046325684,True
0,feed_lims_and_shape,2025-08-07 10:00:00,2025-08-07 10:00:00,6.300000190734863,7.152128239805245,7.900000095367432,True
0,feed_lims_and_shape,2025-08-08 10:00:00,2025-08-08 10:00:00,7.400000095367432,7.584502498165229,6.300000190734863,True
0,feed_lims_and_shape,2025-08-09 10:00:00,2025-08-09 10:00:00,7.599999904632568,8.204974551161953,7.400000095367432,True
0,feed_lims_and_shape,2025-08-10 10:00:00,2025-08-10 10:00:00,9.300000190734863,8.222554899460823,7.599999904632568,True
0,feed_lims_and_shape,2025-08-12 10:00:00,2025-08-12 10:00:00,8.0,7.958850240623809,9.300000190734863,True
0,feed_lims_and_shape,2025-08-13 10:00:00,2025-08-13 10:00:00,9.199999809265137,8.635278444559809,8.0,True
0,feed_lims_and_shape,2025-08-14 10:00:00,2025-08-14 10:00:00,10.5,7.0052893875401505,9.199999809265137,True
0,feed_lims_and_shape,2025-08-14 14:00:00,2025-08-14 14:00:00,11.800000190734863,5.792624602831953,10.5,True
0,feed_lims_and_shape,2025-08-14 20:00:00,2025-08-14 20:00:00,4.699999809265137,7.128666344507938,11.800000190734863,True
0,feed_lims_and_shape,2025-08-15 10:00:00,2025-08-15 10:00:00,8.100000381469727,7.889052524569193,4.699999809265137,True
0,feed_lims_and_shape,2025-08-16 10:00:00,2025-08-16 10:00:00,8.300000190734863,7.686138306505562,8.100000381469727,True
0,feed_lims_and_shape,2025-08-16 20:00:00,2025-08-16 20:00:00,5.199999809265137,8.1043916618441,8.300000190734863,True
0,feed_lims_and_shape,2025-08-17 10:00:00,2025-08-17 10:00:00,7.900000095367432,7.831896074060364,5.199999809265137,True
0,feed_lims_and_shape,2025-08-18 10:00:00,2025-08-18 10:00:00,9.199999809265137,8.223536701273936,7.900000095367432,True
0,feed_lims_and_shape,2025-08-19 10:00:00,2025-08-19 10:00:00,6.699999809265137,8.430041701482606,9.199999809265137,True
0,feed_lims_and_shape,2025-08-20 10:00:00,2025-08-20 10:00:00,7.099999904632568,7.855872403408755,6.699999809265137,True
0,feed_lims_and_shape,2025-08-21 10:00:00,2025-08-21 10:00:00,6.599999904632568,8.111639720409146,7.099999904632568,True
0,feed_lims_and_shape,2025-08-22 10:00:00,2025-08-22 10:00:00,8.5,7.520589940601756,6.599999904632568,True
0,feed_lims_and_shape,2025-08-23 10:00:00,2025-08-23 10:00:00,11.399999618530273,7.8924790602971555,8.5,True
0,feed_lims_and_shape,2025-08-23 22:00:00,2025-08-23 22:00:00,8.899999618530273,7.759761862295877,11.399999618530273,True
0,feed_lims_and_shape,2025-08-24 10:00:00,2025-08-24 10:00:00,9.399999618530273,7.760945046050665,8.899999618530273,True
0,feed_lims_and_shape,2025-08-25 10:00:00,2025-08-25 10:00:00,10.899999618530273,8.074071894308286,9.399999618530273,True
0,feed_lims_and_shape,2025-08-27 10:00:00,2025-08-27 10:00:00,8.699999809265137,8.367570341572307,10.899999618530273,True
0,feed_lims_and_shape,2025-08-27 22:00:00,2025-08-27 22:00:00,9.300000190734863,8.058100454033871,8.699999809265137,True
0,feed_lims_and_shape,2025-08-28 10:00:00,2025-08-28 10:00:00,7.800000190734863,7.804619538144948,9.300000190734863,True
0,feed_lims_and_shape,2025-08-29 10:00:00,2025-08-29 10:00:00,8.0,7.928004736386626,7.800000190734863,True
0,feed_lims_and_shape,2025-08-30 10:00:00,2025-08-30 10:00:00,11.100000381469727,8.15546885597889,8.0,True
0,feed_lims_and_shape,2025-08-31 10:00:00,2025-08-31 10:00:00,8.600000381469727,8.465213700393834,11.100000381469727,True
0,feed_lims_and_shape,2025-09-01 10:00:00,2025-09-01 10:00:00,7.599999904632568,8.439933784209456,8.600000381469727,True
0,feed_lims_and_shape,2025-09-02 10:00:00,2025-09-02 10:00:00,7.199999809265137,7.94485359276301,7.599999904632568,True
0,feed_lims_and_shape,2025-09-03 10:00:00,2025-09-03 10:00:00,10.699999809265137,7.857747201553902,7.199999809265137,True
0,feed_lims_and_shape,2025-09-04 10:00:00,2025-09-04 10:00:00,7.300000190734863,7.2215556930886,10.699999809265137,True
0,feed_lims_and_shape,2025-09-05 10:00:00,2025-09-05 10:00:00,9.699999809265137,8.396353289967454,7.300000190734863,True
0,feed_lims_and_shape,2025-09-06 10:00:00,2025-09-06 10:00:00,11.699999809265137,8.249083031947844,9.699999809265137,True
0,feed_lims_and_shape,2025-09-07 10:00:00,2025-09-07 10:00:00,10.699999809265137,8.189856941615655,11.699999809265137,True
0,feed_lims_and_shape,2025-09-08 10:00:00,2025-09-08 10:00:00,9.800000190734863,8.25519955478559,10.699999809265137,True
0,feed_lims_and_shape,2025-09-09 10:00:00,2025-09-09 10:00:00,8.399999618530273,7.8087336233730635,9.800000190734863,True
0,feed_lims_and_shape,2025-09-10 10:00:00,2025-09-10 10:00:00,10.100000381469727,8.379201794823661,8.399999618530273,True
0,feed_lims_and_shape,2025-09-11 10:00:00,2025-09-11 10:00:00,8.699999809265137,7.885199363243139,10.100000381469727,True
0,feed_lims_and_shape,2025-09-12 10:00:00,2025-09-12 10:00:00,9.899999618530273,8.388450326682332,8.699999809265137,True
0,feed_lims_and_shape,2025-09-13 10:00:00,2025-09-13 10:00:00,9.800000190734863,8.276113165202686,9.899999618530273,True
0,feed_lims_and_shape,2025-09-14 10:00:00,2025-09-14 10:00:00,9.899999618530273,8.247412053356962,9.800000190734863,True
0,feed_lims_and_shape,2025-09-15 10:00:00,2025-09-15 10:00:00,8.300000190734863,8.282935469159954,9.899999618530273,True
0,feed_lims_and_shape,2025-09-16 10:00:00,2025-09-16 10:00:00,9.199999809265137,8.274201320623266,8.300000190734863,True
0,feed_lims_and_shape,2025-09-17 10:00:00,2025-09-17 10:00:00,9.300000190734863,8.284603477398246,9.199999809265137,True
0,feed_lims_and_shape,2025-09-18 10:00:00,2025-09-18 10:00:00,9.600000381469727,8.287736938825581,9.300000190734863,True
0,feed_lims_and_shape,2025-09-19 10:00:00,2025-09-19 10:00:00,9.600000381469727,8.222465049864265,9.600000381469727,True
0,feed_lims_and_shape,2025-09-20 10:00:00,2025-09-20 10:00:00,8.5,8.057524492646605,9.600000381469727,True
0,feed_lims_and_shape,2025-09-21 10:00:00,2025-09-21 10:00:00,7.599999904632568,8.084129065511096,8.5,True
0,feed_lims_and_shape,2025-09-22 10:00:00,2025-09-22 10:00:00,8.899999618530273,8.393170684915125,7.599999904632568,True
0,feed_lims_and_shape,2025-09-23 10:00:00,2025-09-23 10:00:00,10.199999809265137,8.583903441610628,8.899999618530273,True
0,feed_lims_and_shape,2025-09-24 10:00:00,2025-09-24 10:00:00,10.5,8.309020917620472,10.199999809265137,True
0,feed_lims_and_shape,2025-09-25 10:00:00,2025-09-25 10:00:00,9.800000190734863,7.985899062238026,10.5,True
0,feed_lims_and_shape,2025-09-26 10:00:00,2025-09-26 10:00:00,7.599999904632568,7.917644899017443,9.800000190734863,True
0,feed_lims_and_shape,2025-09-27 10:00:00,2025-09-27 10:00:00,8.399999618530273,7.750722445790817,7.599999904632568,True
0,feed_lims_and_shape,2025-09-28 10:00:00,2025-09-28 10:00:00,9.399999618530273,7.772140038128587,8.399999618530273,True
0,feed_lims_and_shape,2025-09-28 17:00:00,2025-09-28 17:00:00,15.300000190734863,7.917149778203472,9.399999618530273,True
0,feed_lims_and_shape,2025-09-28 20:00:00,2025-09-28 20:00:00,8.300000190734863,7.084615144450886,9.399999618530273,True
0,feed_lims_and_shape,2025-09-29 10:00:00,2025-09-29 10:00:00,9.199999809265137,8.307998296429483,8.300000190734863,True
0,feed_lims_and_shape,2025-09-30 10:00:00,2025-09-30 10:00:00,8.300000190734863,7.896999195901948,9.199999809265137,True
0,feed_lims_and_shape,2025-10-01 10:00:00,2025-10-01 10:00:00,9.800000190734863,8.222233722689312,8.300000190734863,True
0,feed_lims_and_shape,2025-10-02 10:00:00,2025-10-02 10:00:00,9.699999809265137,8.128133987374623,9.800000190734863,True
0,feed_lims_and_shape,2025-10-03 10:00:00,2025-10-03 10:00:00,10.399999618530273,8.185256414389581,9.699999809265137,True
0,feed_lims_and_shape,2025-10-05 10:00:00,2025-10-05 10:00:00,9.699999809265137,7.59499823974962,10.399999618530273,True
0,feed_lims_and_shape,2025-10-06 10:00:00,2025-10-06 10:00:00,9.800000190734863,7.848057352311155,9.699999809265137,True
0,feed_lims_and_shape,2025-10-06 14:00:00,2025-10-06 14:00:00,5.199999809265137,7.683855128046815,9.800000190734863,True
0,feed_lims_and_shape,2025-10-07 10:00:00,2025-10-07 10:00:00,9.300000190734863,7.78344231845438,5.199999809265137,True
0,feed_lims_and_shape,2025-10-08 10:00:00,2025-10-08 10:00:00,9.800000190734863,8.105125423386735,9.300000190734863,True
0,feed_lims_and_shape,2025-10-09 10:00:00,2025-10-09 10:00:00,12.699999809265137,7.958387318088732,9.800000190734863,True
0,feed_lims_and_shape,2025-10-09 16:00:00,2025-10-09 16:00:00,8.699999809265137,7.275353220197527,12.699999809265137,True
0,feed_lims_and_shape,2025-10-09 22:00:00,2025-10-09 22:00:00,9.0,8.085942642091666,8.699999809265137,True
0,feed_lims_and_shape,2025-10-10 10:00:00,2025-10-10 10:00:00,10.199999809265137,8.56058804224274,9.0,True
0,feed_lims_and_shape,2025-10-10 20:00:00,2025-10-10 20:00:00,9.600000381469727,7.564474054184288,10.199999809265137,True
0,feed_lims_and_shape,2025-10-11 10:00:00,2025-10-11 10:00:00,9.0,8.228588523484781,9.600000381469727,True
0,feed_lims_and_shape,2025-10-12 10:00:00,2025-10-12 10:00:00,10.5,7.891100361116681,9.0,True
0,feed_lims_and_shape,2025-10-14 10:00:00,2025-10-14 10:00:00,9.199999809265137,6.534510947755715,10.5,True
0,feed_lims_and_shape,2025-10-15 10:00:00,2025-10-15 10:00:00,9.100000381469727,7.400576139392548,9.199999809265137,True
0,feed_lims_and_shape,2025-10-16 10:00:00,2025-10-16 10:00:00,12.199999809265137,7.93959204984751,9.100000381469727,True
0,feed_lims_and_shape,2025-10-16 15:00:00,2025-10-16 15:00:00,9.699999809265137,7.4638172974054005,12.199999809265137,True
0,feed_lims_and_shape,2025-10-17 10:00:00,2025-10-17 10:00:00,10.399999618530273,7.919041877274552,9.699999809265137,True
0,feed_lims_and_shape,2025-10-18 10:00:00,2025-10-18 10:00:00,10.800000190734863,7.748121180690495,10.399999618530273,True
0,feed_lims_and_shape,2025-10-18 16:00:00,2025-10-18 16:00:00,8.0,7.369654844192697,10.800000190734863,True
0,feed_lims_and_shape,2025-10-19 10:00:00,2025-10-19 10:00:00,6.5,7.330744322819934,8.0,True
0,feed_lims_and_shape,2025-10-20 10:00:00,2025-10-20 10:00:00,10.5,7.444583036795061,6.5,True
0,feed_lims_and_shape,2025-10-21 10:00:00,2025-10-21 10:00:00,10.100000381469727,7.74054306778892,10.5,True
0,feed_lims_and_shape,2025-10-21 16:00:00,2025-10-21 16:00:00,11.0,7.654474781383126,10.100000381469727,True
0,feed_lims_and_shape,2025-10-21 22:00:00,2025-10-21 22:00:00,10.0,7.265417393964176,11.0,True
0,feed_lims_and_shape,2025-10-22 10:00:00,2025-10-22 10:00:00,9.300000190734863,7.159047854322965,10.0,True
0,feed_lims_and_shape,2025-10-22 20:00:00,2025-10-22 20:00:00,11.0,7.327911806858607,9.300000190734863,True
0,feed_lims_and_shape,2025-10-23 02:00:00,2025-10-23 02:00:00,6.699999809265137,7.068522188298944,11.0,True
0,feed_lims_and_shape,2025-10-23 10:00:00,2025-10-23 10:00:00,9.100000381469727,7.185967671487768,6.699999809265137,True
0,feed_lims_and_shape,2025-10-23 21:00:00,2025-10-23 21:00:00,6.5,7.305511990884224,9.100000381469727,True
0,feed_lims_and_shape,2025-10-24 10:00:00,2025-10-24 10:00:00,7.0,7.346168631276051,6.5,True
0,feed_lims_and_shape,2025-10-25 10:00:00,2025-10-25 10:00:00,7.199999809265137,7.695398978637778,7.0,True
0,feed_lims_and_shape,2025-10-26 10:00:00,2025-10-26 10:00:00,7.199999809265137,7.569524565863167,7.199999809265137,True
0,feed_lims_and_shape,2025-10-27 10:00:00,2025-10-27 10:00:00,10.399999618530273,7.413244452825394,7.199999809265137,True
0,feed_lims_and_shape,2025-10-27 15:15:10,2025-10-27 15:15:10,9.600000381469727,7.690555755196485,10.399999618530273,True
0,feed_lims_and_shape,2025-10-27 18:46:34,2025-10-27 18:46:34,5.599999904632568,6.840347446252751,10.399999618530273,True
0,feed_lims_and_shape,2025-10-27 22:00:00,2025-10-27 22:00:00,7.699999809265137,7.681514396377425,9.600000381469727,True
0,feed_lims_and_shape,2025-10-28 10:00:00,2025-10-28 10:00:00,9.899999618530273,8.324864539086182,7.699999809265137,True
0,feed_lims_and_shape,2025-10-28 14:00:00,2025-10-28 14:00:00,7.800000190734863,7.10492767566187,9.899999618530273,True
0,feed_lims_and_shape,2025-10-29 10:00:00,2025-10-29 10:00:00,9.199999809265137,7.577228434748815,7.800000190734863,True
0,feed_lims_and_shape,2025-10-30 10:00:00,2025-10-30 10:00:00,9.899999618530273,7.881266911721921,9.199999809265137,True
0,feed_lims_and_shape,2025-10-31 10:00:00,2025-10-31 10:00:00,10.199999809265137,7.707495313985149,9.899999618530273,True
0,feed_lims_and_shape,2025-11-01 10:00:00,2025-11-01 10:00:00,7.800000190734863,7.408457724635207,10.199999809265137,True
0,feed_lims_and_shape,2025-11-02 10:00:00,2025-11-02 10:00:00,10.100000381469727,7.602787618814945,7.800000190734863,True
0,feed_lims_and_shape,2025-11-03 05:00:00,2025-11-03 05:00:00,8.5,7.21574334162387,10.100000381469727,True
0,feed_lims_and_shape,2025-11-03 10:00:00,2025-11-03 10:00:00,9.5,7.697957802663952,8.5,True
0,feed_lims_and_shape,2025-11-04 10:00:00,2025-11-04 10:00:00,9.399999618530273,7.424240193101662,9.5,True
0,feed_lims_and_shape,2025-11-05 10:00:00,2025-11-05 10:00:00,8.899999618530273,7.256024695974087,9.399999618530273,True
0,feed_lims_and_shape,2025-11-06 10:00:00,2025-11-06 10:00:00,9.600000381469727,7.554624877517631,8.899999618530273,True
0,feed_lims_and_shape,2025-11-07 10:00:00,2025-11-07 10:00:00,9.899999618530273,7.568713277236059,9.600000381469727,True
0,feed_lims_and_shape,2025-11-08 10:00:00,2025-11-08 10:00:00,8.800000190734863,7.248204725797354,9.899999618530273,True
0,feed_lims_and_shape,2025-11-09 10:00:00,2025-11-09 10:00:00,10.5,7.5206975268250975,8.800000190734863,True
0,feed_lims_and_shape,2025-11-09 13:00:00,2025-11-09 13:00:00,11.199999809265137,7.498550762456043,8.800000190734863,True
0,feed_lims_and_shape,2025-11-09 17:00:09,2025-11-09 17:00:09,8.100000381469727,7.391782925873242,11.199999809265137,True
0,feed_lims_and_shape,2025-11-10 00:00:00,2025-11-10 00:00:00,7.300000190734863,6.82637586328147,8.100000381469727,True
0,feed_lims_and_shape,2025-11-10 10:00:00,2025-11-10 10:00:00,8.100000381469727,6.928056485239762,7.300000190734863,True
0,feed_lims_and_shape,2025-11-11 10:00:00,2025-11-11 10:00:00,9.100000381469727,7.55938132805009,8.100000381469727,True
0,feed_lims_and_shape,2025-11-12 10:00:00,2025-11-12 10:00:00,11.5,8.39617569837195,9.100000381469727,True
0,feed_lims_and_shape,2025-11-12 17:06:58,2025-11-12 17:06:58,8.100000381469727,7.050219666326269,11.5,True
0,feed_lims_and_shape,2025-11-13 10:00:00,2025-11-13 10:00:00,7.300000190734863,7.736596807510637,8.100000381469727,True
0,feed_lims_and_shape,2025-11-14 10:00:00,2025-11-14 10:00:00,10.399999618530273,7.538020775635651,7.300000190734863,True
0,feed_lims_and_shape,2025-11-14 22:00:00,2025-11-14 22:00:00,8.300000190734863,7.169709356817986,10.399999618530273,True
0,feed_lims_and_shape,2025-11-15 10:00:00,2025-11-15 10:00:00,9.199999809265137,7.303332131558683,8.300000190734863,True
0,feed_lims_and_shape,2025-11-16 10:00:00,2025-11-16 10:00:00,9.899999618530273,7.688754188123415,9.199999809265137,True
0,feed_lims_and_shape,2025-11-17 10:00:00,2025-11-17 10:00:00,9.199999809265137,7.448167321410693,9.899999618530273,True
0,feed_lims_and_shape,2025-11-18 10:00:00,2025-11-18 10:00:00,9.800000190734863,7.6178630342873515,9.199999809265137,True
0,feed_lims_and_shape,2025-11-19 10:00:00,2025-11-19 10:00:00,9.699999809265137,7.324595760795781,9.800000190734863,True
0,feed_lims_and_shape,2025-11-20 10:00:00,2025-11-20 10:00:00,6.099999904632568,7.2264831736373,9.699999809265137,True
0,feed_lims_and_shape,2025-11-21 10:00:00,2025-11-21 10:00:00,10.399999618530273,7.3210347717562225,6.099999904632568,True
0,feed_lims_and_shape,2025-11-22 10:00:00,2025-11-22 10:00:00,9.300000190734863,7.38014811601975,10.399999618530273,True
0,feed_lims_and_shape,2025-11-23 10:00:00,2025-11-23 10:00:00,9.899999618530273,7.506766052437483,9.300000190734863,True
0,feed_lims_and_shape,2025-11-23 22:51:00,2025-11-23 22:51:00,9.899999618530273,7.714516317188652,9.899999618530273,True
0,feed_lims_and_shape,2025-11-24 02:38:00,2025-11-24 02:38:00,10.699999809265137,7.408246144031105,9.899999618530273,True
0,feed_lims_and_shape,2025-11-24 10:00:00,2025-11-24 10:00:00,9.0,7.2454666302946755,10.699999809265137,True
0,feed_lims_and_shape,2025-11-24 20:00:00,2025-11-24 20:00:00,8.399999618530273,7.294050380429153,9.0,True
0,feed_lims_and_shape,2025-11-25 10:00:00,2025-11-25 10:00:00,9.899999618530273,7.605574443161066,8.399999618530273,True
0,feed_lims_and_shape,2025-11-26 10:00:00,2025-11-26 10:00:00,9.699999809265137,7.787903743013969,9.899999618530273,True
0,feed_lims_and_shape,2025-11-27 10:00:00,2025-11-27 10:00:00,13.100000381469727,8.036585651459541,9.699999809265137,True
0,feed_lims_and_shape,2025-11-27 12:45:00,2025-11-27 12:45:00,10.5,7.820882246906811,9.699999809265137,True
0,feed_lims_and_shape,2025-11-27 22:00:00,2025-11-27 22:00:00,8.600000381469727,8.426105995648307,10.5,True
0,feed_lims_and_shape,2025-11-28 10:00:00,2025-11-28 10:00:00,9.0,7.592630299559405,8.600000381469727,True
0,feed_lims_and_shape,2025-11-29 10:00:00,2025-11-29 10:00:00,7.300000190734863,7.296076486741034,9.0,True
0,feed_lims_and_shape,2025-11-30 10:00:00,2025-11-30 10:00:00,8.699999809265137,7.853561270424407,7.300000190734863,True
0,feed_lims_and_shape,2025-12-01 10:00:00,2025-12-01 10:00:00,7.800000190734863,7.144959539117584,8.699999809265137,True
0,feed_lims_and_shape,2025-12-02 10:00:00,2025-12-02 10:00:00,8.399999618530273,7.587406925256262,7.800000190734863,True
0,feed_lims_and_shape,2025-12-03 10:00:00,2025-12-03 10:00:00,6.800000190734863,7.258539641063331,8.399999618530273,True
0,feed_lims_and_shape,2025-12-04 10:00:00,2025-12-04 10:00:00,7.800000190734863,7.673230409938572,6.800000190734863,True
0,feed_lims_and_shape,2025-12-05 10:00:00,2025-12-05 10:00:00,9.0,8.046399703481944,7.800000190734863,True
0,feed_lims_and_shape,2025-12-06 10:00:00,2025-12-06 10:00:00,8.300000190734863,7.4718123885734755,9.0,True
0,feed_lims_and_shape,2025-12-07 10:00:00,2025-12-07 10:00:00,10.199999809265137,7.315487874883571,8.300000190734863,True
0,feed_lims_and_shape,2025-12-08 10:00:00,2025-12-08 10:00:00,8.199999809265137,7.304848367006514,10.199999809265137,True
0,feed_lims_and_shape,2025-12-09 10:00:00,2025-12-09 10:00:00,9.100000381469727,7.503271315323802,8.199999809265137,True
0,feed_lims_and_shape,2025-12-10 06:00:00,2025-12-10 06:00:00,9.800000190734863,7.752355132115955,9.100000381469727,True
0,feed_lims_and_shape,2025-12-10 09:35:00,2025-12-10 09:35:00,8.0,8.018806795835692,9.100000381469727,True
0,feed_lims_and_shape,2025-12-10 20:00:00,2025-12-10 20:00:00,7.800000190734863,7.785449247743003,8.0,True
0,feed_lims_and_shape,2025-12-11 10:00:00,2025-12-11 10:00:00,7.300000190734863,7.486645396417007,7.800000190734863,True
0,feed_lims_and_shape,2025-12-11 17:00:00,2025-12-11 17:00:00,10.5,7.785624392531833,7.300000190734863,True
0,feed_lims_and_shape,2025-12-12 10:00:00,2025-12-12 10:00:00,7.599999904632568,7.8863609399120875,10.5,True
0,feed_lims_and_shape,2025-12-13 10:00:00,2025-12-13 10:00:00,6.699999809265137,7.438399130861619,7.599999904632568,True
0,feed_lims_and_shape,2025-12-14 10:00:00,2025-12-14 10:00:00,6.400000095367432,8.218963255701592,6.699999809265137,True
0,feed_lims_and_shape,2025-12-14 14:22:00,2025-12-14 14:22:00,11.0,7.873843293857561,6.400000095367432,True
0,feed_lims_and_shape,2025-12-15 10:00:00,2025-12-15 10:00:00,8.800000190734863,7.464837142694668,11.0,True
0,feed_lims_and_shape,2025-12-16 10:00:00,2025-12-16 10:00:00,7.400000095367432,7.387568156139956,8.800000190734863,True
0,feed_lims_and_shape,2025-12-17 10:00:00,2025-12-17 10:00:00,8.399999618530273,8.000391980339986,7.400000095367432,True
0,feed_lims_and_shape,2025-12-18 10:00:00,2025-12-18 10:00:00,9.300000190734863,8.20387623468685,8.399999618530273,True
0,feed_lims_and_shape,2025-12-19 10:00:00,2025-12-19 10:00:00,9.399999618530273,8.028744909342166,9.300000190734863,True
0,feed_lims_and_shape,2025-12-20 10:00:00,2025-12-20 10:00:00,9.100000381469727,7.771579115379716,9.399999618530273,True
0,feed_lims_and_shape,2025-12-21 10:00:00,2025-12-21 10:00:00,8.800000190734863,7.759354569055546,9.100000381469727,True
0,feed_lims_and_shape,2025-12-22 10:00:00,2025-12-22 10:00:00,9.0,7.632685523670446,8.800000190734863,True
0,feed_lims_and_shape,2025-12-23 10:00:00,2025-12-23 10:00:00,8.300000190734863,7.350289940946205,9.0,True
0,feed_lims_and_shape,2025-12-24 10:00:00,2025-12-24 10:00:00,5.099999904632568,6.651878877997148,8.300000190734863,True
0,feed_lims_and_shape,2025-12-25 10:00:00,2025-12-25 10:00:00,9.0,8.641179315676979,5.099999904632568,True
0,feed_lims_and_shape,2025-12-26 10:00:00,2025-12-26 10:00:00,6.199999809265137,7.7281931218754405,9.0,True
0,feed_lims_and_shape,2025-12-27 10:00:00,2025-12-27 10:00:00,8.899999618530273,7.8123474737065255,6.199999809265137,True
0,feed_lims_and_shape,2025-12-28 10:00:00,2025-12-28 10:00:00,10.899999618530273,7.886980630895186,8.899999618530273,True
0,feed_lims_and_shape,2025-12-29 00:00:00,2025-12-29 00:00:00,10.5,7.551858655045969,10.899999618530273,True
0,feed_lims_and_shape,2025-12-29 02:30:00,2025-12-29 02:30:00,7.900000095367432,7.441762609977676,10.899999618530273,True
0,feed_lims_and_shape,2025-12-29 10:00:00,2025-12-29 10:00:00,4.699999809265137,6.232890678550254,7.900000095367432,True
0,feed_lims_and_shape,2025-12-30 10:00:00,2025-12-30 10:00:00,9.699999809265137,7.336448438838257,4.699999809265137,True
0,feed_lims_and_shape,2025-12-31 10:00:00,2025-12-31 10:00:00,9.0,7.303658639023988,9.699999809265137,True
60,core,2025-01-01 09:00:00,2025-01-01 10:00:00,3.5,7.616749992374158,2.700000047683716,True
60,core,2025-01-02 09:00:00,2025-01-02 10:00:00,7.099999904632568,8.229834371098697,3.5,True
60,core,2025-01-03 09:00:00,2025-01-03 10:00:00,7.699999809265137,8.321582377312438,7.099999904632568,True
60,core,2025-01-04 09:00:00,2025-01-04 10:00:00,5.400000095367432,8.107102705715448,7.699999809265137,True
60,core,2025-01-05 09:00:00,2025-01-05 10:00:00,5.300000190734863,7.962482259958357,5.400000095367432,True
60,core,2025-01-06 09:00:00,2025-01-06 10:00:00,4.800000190734863,8.00153519113688,5.300000190734863,True
60,core,2025-01-07 09:00:00,2025-01-07 10:00:00,5.099999904632568,8.001606393250782,4.800000190734863,True
60,core,2025-01-08 09:00:00,2025-01-08 10:00:00,3.5999999046325684,7.777206722429163,5.099999904632568,True
60,core,2025-01-09 09:00:00,2025-01-09 10:00:00,3.9000000953674316,7.788152141031942,3.5999999046325684,True
60,core,2025-01-10 09:00:00,2025-01-10 10:00:00,3.5,7.754560663959335,3.9000000953674316,True
60,core,2025-01-11 09:00:00,2025-01-11 10:00:00,3.5999999046325684,7.729042465921481,3.5,True
60,core,2025-01-12 09:00:00,2025-01-12 10:00:00,4.199999809265137,7.776814940017507,3.5999999046325684,True
60,core,2025-01-13 09:00:00,2025-01-13 10:00:00,6.0,7.897673392708418,4.199999809265137,True
60,core,2025-01-14 09:00:00,2025-01-14 10:00:00,1.600000023841858,6.520197509862002,6.0,True
60,core,2025-01-15 09:00:00,2025-01-15 10:00:00,1.899999976158142,7.405770294202034,1.600000023841858,True
60,core,2025-01-16 09:00:00,2025-01-16 10:00:00,7.099999904632568,8.281570410115377,1.899999976158142,True
60,core,2025-01-17 09:00:00,2025-01-17 10:00:00,8.199999809265137,8.2267212558276,7.099999904632568,True
60,core,2025-01-18 09:00:00,2025-01-18 10:00:00,7.599999904632568,8.204574783693232,8.199999809265137,True
60,core,2025-01-19 09:00:00,2025-01-19 10:00:00,6.900000095367432,8.069194154035248,7.599999904632568,True
60,core,2025-01-20 09:00:00,2025-01-20 10:00:00,10.600000381469727,8.438776059168287,6.900000095367432,True
60,core,2025-01-21 09:00:00,2025-01-21 10:00:00,8.300000190734863,8.17680340014819,10.600000381469727,True
60,core,2025-01-22 09:00:00,2025-01-22 10:00:00,6.099999904632568,8.112650292266835,8.300000190734863,True
60,core,2025-01-23 09:00:00,2025-01-23 10:00:00,6.099999904632568,8.223755713035024,6.099999904632568,True
60,core,2025-01-23 21:00:00,2025-01-23 22:00:00,5.900000095367432,8.393887274033384,6.099999904632568,True
60,core,2025-01-24 09:00:00,2025-01-24 10:00:00,6.699999809265137,8.655341628709433,5.900000095367432,True
60,core,2025-01-25 09:00:00,2025-01-25 10:00:00,7.5,8.164856629824817,6.699999809265137,True
60,core,2025-01-26 09:00:00,2025-01-26 10:00:00,8.899999618530273,8.380155185227862,7.5,True
60,core,2025-01-27 09:00:00,2025-01-27 10:00:00,6.0,8.188500497883009,8.899999618530273,True
60,core,2025-01-28 09:00:00,2025-01-28 10:00:00,7.900000095367432,8.193763899811678,6.0,True
60,core,2025-01-29 09:00:00,2025-01-29 10:00:00,6.199999809265137,8.182325227145167,7.900000095367432,True
60,core,2025-01-30 09:00:00,2025-01-30 10:00:00,5.900000095367432,8.2748127433392,6.199999809265137,True
60,core,2025-01-31 09:00:00,2025-01-31 10:00:00,7.400000095367432,8.402375069533912,5.900000095367432,True
60,core,2025-02-01 09:00:00,2025-02-01 10:00:00,9.600000381469727,7.978333280606774,7.400000095367432,True
60,core,2025-02-02 09:00:00,2025-02-02 10:00:00,10.5,8.297088889232827,9.600000381469727,True
60,core,2025-02-03 03:48:22,2025-02-03 04:48:22,10.699999809265137,10.12441516999027,10.5,True
60,core,2025-02-03 09:00:00,2025-02-03 10:00:00,8.5,10.179439344516032,10.699999809265137,True
60,core,2025-02-04 09:00:00,2025-02-04 10:00:00,7.099999904632568,8.232909002459099,8.5,True
60,core,2025-02-05 09:00:00,2025-02-05 10:00:00,7.400000095367432,8.102422671676662,7.099999904632568,True
60,core,2025-02-07 09:00:00,2025-02-07 10:00:00,8.300000190734863,8.067625286358194,7.400000095367432,True
60,core,2025-02-08 09:00:00,2025-02-08 10:00:00,8.100000381469727,8.068482398948827,8.300000190734863,True
60,core,2025-02-09 09:00:00,2025-02-09 10:00:00,9.899999618530273,8.165688988832427,8.100000381469727,True
60,core,2025-02-10 09:00:00,2025-02-10 10:00:00,9.5,8.301505186045734,9.899999618530273,True
60,core,2025-02-11 09:00:00,2025-02-11 10:00:00,6.800000190734863,8.013727515376077,9.5,True
60,core,2025-02-12 09:00:00,2025-02-12 10:00:00,9.600000381469727,8.02367361202505,6.800000190734863,True
60,core,2025-02-13 09:00:00,2025-02-13 10:00:00,11.600000381469727,8.170542969769553,9.600000381469727,True
60,core,2025-02-13 15:46:39,2025-02-13 16:46:39,8.899999618530273,8.049194800258038,11.600000381469727,True
60,core,2025-02-14 09:00:00,2025-02-14 10:00:00,7.0,7.909934595065344,8.899999618530273,True
60,core,2025-02-14 21:41:16,2025-02-14 22:41:16,11.899999618530273,7.681398031041219,7.0,True
60,core,2025-02-15 01:39:46,2025-02-15 02:39:46,8.0,8.046778633869055,7.0,True
60,core,2025-02-15 09:00:00,2025-02-15 10:00:00,9.100000381469727,7.5861755812745315,8.0,True
60,core,2025-02-16 09:00:00,2025-02-16 10:00:00,7.300000190734863,7.98643292123181,9.100000381469727,True
60,core,2025-02-17 09:00:00,2025-02-17 10:00:00,8.699999809265137,8.07038000684618,7.300000190734863,True
60,core,2025-02-18 09:00:00,2025-02-18 10:00:00,8.5,7.895225834059628,8.699999809265137,True
60,core,2025-02-19 09:00:00,2025-02-19 10:00:00,10.199999809265137,8.092001478131113,8.5,True
60,core,2025-02-20 09:00:00,2025-02-20 10:00:00,5.699999809265137,7.746274441600576,10.199999809265137,True
60,core,2025-02-21 09:00:00,2025-02-21 10:00:00,9.399999618530273,7.904142595870452,5.699999809265137,True
60,core,2025-02-22 09:00:00,2025-02-22 10:00:00,9.100000381469727,8.06893634331788,9.399999618530273,True
60,core,2025-02-23 09:00:00,2025-02-23 10:00:00,10.300000190734863,8.115705910684811,9.100000381469727,True
60,core,2025-02-24 09:00:00,2025-02-24 10:00:00,9.399999618530273,8.06777889753801,10.300000190734863,True
60,core,2025-02-25 09:00:00,2025-02-25 10:00:00,9.399999618530273,8.03558568184537,9.399999618530273,True
60,core,2025-02-26 09:00:00,2025-02-26 10:00:00,8.800000190734863,8.2426091735497,9.399999618530273,True
60,core,2025-02-27 09:00:00,2025-02-27 10:00:00,10.300000190734863,8.258832744565419,8.800000190734863,True
60,core,2025-02-28 09:00:00,2025-02-28 10:00:00,10.600000381469727,8.269315053867203,10.300000190734863,True
60,core,2025-03-01 09:00:00,2025-03-01 10:00:00,7.800000190734863,8.114460932279243,10.600000381469727,True
60,core,2025-03-02 09:00:00,2025-03-02 10:00:00,10.0,8.123249559544073,7.800000190734863,True
60,core,2025-03-03 09:00:00,2025-03-03 10:00:00,8.300000190734863,8.180596256355095,10.0,True
60,core,2025-03-06 09:00:00,2025-03-06 10:00:00,8.5,8.282623350587446,,False
60,core,2025-03-07 09:00:00,2025-03-07 10:00:00,8.399999618530273,7.983123327137841,8.5,True
60,core,2025-03-08 09:00:00,2025-03-08 10:00:00,8.0,7.875457532129133,8.399999618530273,True
60,core,2025-03-09 09:00:00,2025-03-09 10:00:00,9.5,8.047557292098702,8.0,True
60,core,2025-03-10 09:00:00,2025-03-10 10:00:00,10.199999809265137,8.19241583788643,9.5,True
60,core,2025-03-11 09:00:00,2025-03-11 10:00:00,8.100000381469727,8.103079215587883,10.199999809265137,True
60,core,2025-03-12 09:00:00,2025-03-12 10:00:00,8.600000381469727,8.43090845625897,8.100000381469727,True
60,core,2025-03-13 09:00:00,2025-03-13 10:00:00,7.699999809265137,8.049415699971123,8.600000381469727,True
60,core,2025-03-14 09:00:00,2025-03-14 10:00:00,9.899999618530273,8.10468934168143,7.699999809265137,True
60,core,2025-03-15 09:00:00,2025-03-15 10:00:00,10.399999618530273,8.459799044541084,9.899999618530273,True
60,core,2025-03-16 09:00:00,2025-03-16 10:00:00,10.5,8.356626038608768,10.399999618530273,True
60,core,2025-03-17 09:00:00,2025-03-17 10:00:00,12.399999618530273,8.637579270336927,10.5,True
60,core,2025-03-18 09:00:00,2025-03-18 10:00:00,12.300000190734863,8.634008001458774,12.399999618530273,True
60,core,2025-03-19 09:00:00,2025-03-19 10:00:00,10.300000190734863,8.429851112517808,12.300000190734863,True
60,core,2025-03-20 09:00:00,2025-03-20 10:00:00,11.300000190734863,8.421658856098919,10.300000190734863,True
60,core,2025-03-21 09:00:00,2025-03-21 10:00:00,9.600000381469727,8.361171878270708,11.300000190734863,True
60,core,2025-03-22 09:00:00,2025-03-22 10:00:00,8.800000190734863,8.268418201730464,9.600000381469727,True
60,core,2025-03-23 09:00:00,2025-03-23 10:00:00,6.900000095367432,8.196524677594189,8.800000190734863,True
60,core,2025-03-24 05:00:00,2025-03-24 06:00:00,6.800000190734863,7.714865195919213,6.900000095367432,True
60,core,2025-03-24 09:00:00,2025-03-24 10:00:00,6.5,8.523992756621706,6.900000095367432,True
60,core,2025-03-24 23:01:00,2025-03-25 00:01:00,11.0,7.440325613139784,6.5,True
60,core,2025-03-25 05:00:00,2025-03-25 06:00:00,13.399999618530273,7.603277960185528,11.0,True
60,core,2025-03-25 09:00:00,2025-03-25 10:00:00,8.100000381469727,7.530410818368118,11.0,True
60,core,2025-03-25 19:00:00,2025-03-25 20:00:00,10.5,7.91131827405003,8.100000381469727,True
60,core,2025-03-26 09:00:00,2025-03-26 10:00:00,8.300000190734863,7.793546137582595,10.5,True
60,core,2025-03-26 22:07:57,2025-03-26 23:07:57,10.199999809265137,7.958020429263616,8.300000190734863,True
60,core,2025-03-27 09:00:00,2025-03-27 10:00:00,5.400000095367432,7.724885124083567,10.199999809265137,True
60,core,2025-03-29 09:00:00,2025-03-29 10:00:00,8.399999618530273,8.18129257746557,5.400000095367432,True
60,core,2025-03-30 09:00:00,2025-03-30 10:00:00,10.199999809265137,8.081017112451258,8.399999618530273,True
60,core,2025-03-31 09:00:00,2025-03-31 10:00:00,8.600000381469727,8.079853616518736,10.199999809265137,True
60,core,2025-04-01 09:00:00,2025-04-01 10:00:00,7.0,7.898237512626439,8.600000381469727,True
60,core,2025-04-02 09:00:00,2025-04-02 10:00:00,7.300000190734863,8.605186240530152,7.0,True
60,core,2025-04-03 09:00:00,2025-04-03 10:00:00,9.899999618530273,8.555802913550846,7.300000190734863,True
60,core,2025-04-05 09:00:00,2025-04-05 10:00:00,5.800000190734863,8.064673245111566,9.899999618530273,True
60,core,2025-04-06 09:00:00,2025-04-06 10:00:00,6.800000190734863,8.163434036280751,5.800000190734863,True
60,core,2025-04-07 09:00:00,2025-04-07 10:00:00,7.5,8.193859423854967,6.800000190734863,True
60,core,2025-04-08 09:00:00,2025-04-08 10:00:00,6.800000190734863,8.08066010868635,7.5,True
60,core,2025-04-09 09:00:00,2025-04-09 10:00:00,8.100000381469727,8.221085689995155,6.800000190734863,True
60,core,2025-04-10 09:00:00,2025-04-10 10:00:00,6.099999904632568,7.973551753579628,8.100000381469727,True
60,core,2025-04-11 09:00:00,2025-04-11 10:00:00,7.400000095367432,8.235562633704948,6.099999904632568,True
60,core,2025-04-12 09:00:00,2025-04-12 10:00:00,8.699999809265137,8.167012207839605,7.400000095367432,True
60,core,2025-04-13 09:00:00,2025-04-13 10:00:00,5.300000190734863,7.833373923790617,8.699999809265137,True
60,core,2025-04-14 09:00:00,2025-04-14 10:00:00,7.699999809265137,8.208575686788416,5.300000190734863,True
60,core,2025-04-15 09:00:00,2025-04-15 10:00:00,8.5,7.840529509959445,7.699999809265137,True
60,core,2025-04-16 09:00:00,2025-04-16 10:00:00,7.699999809265137,8.033159973188688,8.5,True
60,core,2025-04-17 09:00:00,2025-04-17 10:00:00,5.199999809265137,7.83272512876559,7.699999809265137,True
60,core,2025-04-18 09:00:00,2025-04-18 10:00:00,8.800000190734863,8.281071664044047,5.199999809265137,True
60,core,2025-04-18 19:00:00,2025-04-18 20:00:00,10.0,8.007470400702553,8.800000190734863,True
60,core,2025-04-19 09:00:00,2025-04-19 10:00:00,8.800000190734863,8.216837096880763,10.0,True
60,core,2025-04-20 09:00:00,2025-04-20 10:00:00,11.800000190734863,8.435686135818791,8.800000190734863,True
60,core,2025-04-21 09:00:00,2025-04-21 10:00:00,11.399999618530273,8.273142041864439,11.800000190734863,True
60,core,2025-04-22 09:00:00,2025-04-22 10:00:00,10.600000381469727,8.490935778189835,11.399999618530273,True
60,core,2025-04-23 09:00:00,2025-04-23 10:00:00,13.5,8.569402644696781,10.600000381469727,True
60,core,2025-04-24 09:00:00,2025-04-24 10:00:00,12.399999618530273,8.52424743046457,13.5,True
60,core,2025-04-25 09:00:00,2025-04-25 10:00:00,9.399999618530273,7.915453310421132,12.399999618530273,True
60,core,2025-04-26 05:00:00,2025-04-26 06:00:00,9.0,9.632134141481327,9.399999618530273,True
60,core,2025-04-26 09:00:00,2025-04-26 10:00:00,9.5,8.8570003927849,9.399999618530273,True
60,core,2025-04-27 09:00:00,2025-04-27 10:00:00,7.699999809265137,7.992211657117746,9.5,True
60,core,2025-04-28 09:00:00,2025-04-28 10:00:00,10.0,8.100411039651021,7.699999809265137,True
60,core,2025-04-29 09:00:00,2025-04-29 10:00:00,7.5,7.988926878264527,10.0,True
60,core,2025-04-30 09:00:00,2025-04-30 10:00:00,6.5,7.788540772149961,7.5,True
60,core,2025-05-01 09:00:00,2025-05-01 10:00:00,11.300000190734863,8.246231586027704,6.5,True
60,core,2025-05-02 09:00:00,2025-05-02 10:00:00,8.300000190734863,8.16174258036212,11.300000190734863,True
60,core,2025-05-03 09:00:00,2025-05-03 10:00:00,9.899999618530273,8.305646164339848,8.300000190734863,True
60,core,2025-05-04 09:00:00,2025-05-04 10:00:00,8.399999618530273,8.075335613079151,9.899999618530273,True
60,core,2025-05-05 09:00:00,2025-05-05 10:00:00,8.600000381469727,8.088997550564503,8.399999618530273,True
60,core,2025-05-06 09:00:00,2025-05-06 10:00:00,8.5,8.073462119758972,8.600000381469727,True
60,core,2025-05-07 09:00:00,2025-05-07 10:00:00,9.699999809265137,8.186822328073088,8.5,True
60,core,2025-05-08 09:00:00,2025-05-08 10:00:00,9.399999618530273,8.119105216657848,9.699999809265137,True
60,core,2025-05-09 09:00:00,2025-05-09 10:00:00,9.699999809265137,8.002870138735187,9.399999618530273,True
60,core,2025-05-10 09:00:00,2025-05-10 10:00:00,9.199999809265137,7.98151677678743,9.699999809265137,True
60,core,2025-05-11 09:00:00,2025-05-11 10:00:00,11.0,8.442225005269206,9.199999809265137,True
60,core,2025-05-11 13:00:00,2025-05-11 14:00:00,8.699999809265137,7.934452071968591,9.199999809265137,True
60,core,2025-05-12 09:00:00,2025-05-12 10:00:00,9.399999618530273,8.110263408263542,8.699999809265137,True
60,core,2025-05-13 09:00:00,2025-05-13 10:00:00,8.699999809265137,8.146493612556254,9.399999618530273,True
60,core,2025-05-14 09:00:00,2025-05-14 10:00:00,9.199999809265137,8.054213479798873,8.699999809265137,True
60,core,2025-05-15 09:00:00,2025-05-15 10:00:00,8.300000190734863,7.96845512015836,9.199999809265137,True
60,core,2025-05-16 09:00:00,2025-05-16 10:00:00,9.0,7.815575225813149,8.300000190734863,True
60,core,2025-05-17 09:00:00,2025-05-17 10:00:00,6.800000190734863,9.754906466497566,9.0,True
60,core,2025-05-18 09:00:00,2025-05-18 10:00:00,7.900000095367432,7.8202567774548974,6.800000190734863,True
60,core,2025-05-19 01:00:00,2025-05-19 02:00:00,6.900000095367432,9.069009298675663,7.900000095367432,True
60,core,2025-05-19 09:00:00,2025-05-19 10:00:00,7.599999904632568,7.785695569241762,6.900000095367432,True
60,core,2025-05-20 09:00:00,2025-05-20 10:00:00,11.300000190734863,7.917138529509662,7.599999904632568,True
60,core,2025-05-21 09:00:00,2025-05-21 10:00:00,10.199999809265137,7.864062771524788,11.300000190734863,True
60,core,2025-05-21 21:02:41,2025-05-21 22:02:41,9.0,8.043106416686046,10.199999809265137,True
60,core,2025-05-22 09:00:00,2025-05-22 10:00:00,8.800000190734863,7.843605875527924,9.0,True
60,core,2025-05-23 09:00:00,2025-05-23 10:00:00,10.0,8.19934180502248,8.800000190734863,True
60,core,2025-05-24 09:00:00,2025-05-24 10:00:00,8.0,7.951437865877253,10.0,True
60,core,2025-05-25 09:00:00,2025-05-25 10:00:00,8.300000190734863,8.006045187736158,8.0,True
60,core,2025-05-26 09:00:00,2025-05-26 10:00:00,6.699999809265137,7.685880988476027,8.300000190734863,True
60,core,2025-05-27 09:00:00,2025-05-27 10:00:00,9.199999809265137,7.919651486743737,6.699999809265137,True
60,core,2025-05-28 09:00:00,2025-05-28 10:00:00,7.5,7.863871259124982,9.199999809265137,True
60,core,2025-05-29 09:00:00,2025-05-29 10:00:00,8.699999809265137,7.947909908654617,7.5,True
60,core,2025-05-30 09:00:00,2025-05-30 10:00:00,10.0,7.897091399430225,8.699999809265137,True
60,core,2025-05-31 09:00:00,2025-05-31 10:00:00,6.800000190734863,7.606679793067549,10.0,True
60,core,2025-06-01 09:00:00,2025-06-01 10:00:00,8.699999809265137,7.730929581345672,6.800000190734863,True
60,core,2025-06-02 09:00:00,2025-06-02 10:00:00,8.399999618530273,7.864384624103437,8.699999809265137,True
60,core,2025-06-03 09:00:00,2025-06-03 10:00:00,23.299999237060547,7.829890940590463,8.399999618530273,True
60,core,2025-06-03 16:30:00,2025-06-03 17:30:00,8.5,7.794806929091104,23.299999237060547,True
60,core,2025-06-04 09:00:00,2025-06-04 10:00:00,6.900000095367432,7.782479479711247,8.5,True
60,core,2025-06-05 09:00:00,2025-06-05 10:00:00,9.199999809265137,7.979551025108725,6.900000095367432,True
60,core,2025-06-06 09:00:00,2025-06-06 10:00:00,8.800000190734863,8.01537061908706,9.199999809265137,True
60,core,2025-06-07 09:00:00,2025-06-07 10:00:00,9.100000381469727,8.146423757926728,8.800000190734863,True
60,core,2025-06-08 09:00:00,2025-06-08 10:00:00,9.100000381469727,8.003875102701231,9.100000381469727,True
60,core,2025-06-09 09:00:00,2025-06-09 10:00:00,9.300000190734863,7.925195045859702,9.100000381469727,True
60,core,2025-06-10 09:00:00,2025-06-10 10:00:00,8.800000190734863,7.99345066606365,9.300000190734863,True
60,core,2025-06-11 09:00:00,2025-06-11 10:00:00,7.800000190734863,8.10363133184453,8.800000190734863,True
60,core,2025-06-12 09:00:00,2025-06-12 10:00:00,9.899999618530273,8.212946950861088,7.800000190734863,True
60,core,2025-06-13 09:00:00,2025-06-13 10:00:00,9.199999809265137,8.142369481056697,9.899999618530273,True
60,core,2025-06-14 09:00:00,2025-06-14 10:00:00,8.300000190734863,8.168557176367873,9.199999809265137,True
60,core,2025-06-15 09:00:00,2025-06-15 10:00:00,8.0,7.937516363038837,8.300000190734863,True
60,core,2025-06-16 09:00:00,2025-06-16 10:00:00,9.600000381469727,8.159832569437768,8.0,True
60,core,2025-06-17 09:00:00,2025-06-17 10:00:00,9.300000190734863,8.126307199856647,9.600000381469727,True
60,core,2025-06-18 09:00:00,2025-06-18 10:00:00,8.5,8.086322184595145,9.300000190734863,True
60,core,2025-06-19 09:00:00,2025-06-19 10:00:00,10.600000381469727,8.215557017213268,8.5,True
60,core,2025-06-20 09:00:00,2025-06-20 10:00:00,8.300000190734863,8.154394659606044,10.600000381469727,True
60,core,2025-06-21 09:00:00,2025-06-21 10:00:00,3.200000047683716,8.362040701165046,8.300000190734863,True
60,core,2025-06-21 14:57:36,2025-06-21 15:57:36,8.399999618530273,8.050583460601347,3.200000047683716,True
60,core,2025-06-22 09:00:00,2025-06-22 10:00:00,7.699999809265137,8.001811949422308,8.399999618530273,True
60,core,2025-06-23 09:00:00,2025-06-23 10:00:00,7.599999904632568,8.136579931422773,7.699999809265137,True
60,core,2025-06-24 09:00:00,2025-06-24 10:00:00,9.199999809265137,8.288516833144163,7.599999904632568,True
60,core,2025-06-25 09:00:00,2025-06-25 10:00:00,8.5,8.13678464534416,9.199999809265137,True
60,core,2025-06-26 09:00:00,2025-06-26 10:00:00,7.199999809265137,7.809587580739885,8.5,True
60,core,2025-06-27 09:00:00,2025-06-27 10:00:00,8.899999618530273,8.058005658584285,7.199999809265137,True
60,core,2025-06-28 09:00:00,2025-06-28 10:00:00,9.800000190734863,8.057180999695229,8.899999618530273,True
60,core,2025-06-29 09:00:00,2025-06-29 10:00:00,8.5,8.030932533830756,9.800000190734863,True
60,core,2025-06-30 09:00:00,2025-06-30 10:00:00,8.0,7.962132160633535,8.5,True
60,core,2025-07-01 09:00:00,2025-07-01 10:00:00,8.199999809265137,8.050337928187846,8.0,True
60,core,2025-07-02 09:00:00,2025-07-02 10:00:00,8.800000190734863,8.098198809077296,8.199999809265137,True
60,core,2025-07-03 09:00:00,2025-07-03 10:00:00,9.300000190734863,7.924732290488274,8.800000190734863,True
60,core,2025-07-04 09:00:00,2025-07-04 10:00:00,9.399999618530273,7.966738736759682,9.300000190734863,True
60,core,2025-07-05 09:00:00,2025-07-05 10:00:00,8.600000381469727,8.147955379799386,9.399999618530273,True
60,core,2025-07-06 09:00:00,2025-07-06 10:00:00,9.300000190734863,8.071608485060342,8.600000381469727,True
60,core,2025-07-07 09:00:00,2025-07-07 10:00:00,8.5,8.050478441836432,9.300000190734863,True
60,core,2025-07-08 09:00:00,2025-07-08 10:00:00,9.199999809265137,8.066260786136095,8.5,True
60,core,2025-07-09 09:00:00,2025-07-09 10:00:00,8.199999809265137,7.992120226729925,9.199999809265137,True
60,core,2025-07-10 09:00:00,2025-07-10 10:00:00,7.599999904632568,7.908960662412289,8.199999809265137,True
60,core,2025-07-11 09:00:00,2025-07-11 10:00:00,9.100000381469727,8.093940070352883,7.599999904632568,True
60,core,2025-07-12 09:00:00,2025-07-12 10:00:00,8.800000190734863,8.156178148525683,9.100000381469727,True
60,core,2025-07-13 09:00:00,2025-07-13 10:00:00,8.5,8.11386414310097,8.800000190734863,True
60,core,2025-07-14 09:00:00,2025-07-14 10:00:00,9.800000190734863,8.23254382842875,8.5,True
60,core,2025-07-15 09:00:00,2025-07-15 10:00:00,9.399999618530273,8.306808038684169,9.800000190734863,True
60,core,2025-07-16 09:00:00,2025-07-16 10:00:00,9.100000381469727,8.049047847349854,9.399999618530273,True
60,core,2025-07-17 09:00:00,2025-07-17 10:00:00,8.100000381469727,8.221706412839337,9.100000381469727,True
60,core,2025-07-18 09:00:00,2025-07-18 10:00:00,9.399999618530273,8.213460452085995,8.100000381469727,True
60,core,2025-07-19 09:00:00,2025-07-19 10:00:00,7.900000095367432,8.098306005514914,9.399999618530273,True
60,core,2025-07-20 09:00:00,2025-07-20 10:00:00,9.5,8.15678023933423,7.900000095367432,True
60,core,2025-07-21 09:00:00,2025-07-21 10:00:00,9.300000190734863,8.175201784480103,9.5,True
60,core,2025-07-22 09:00:00,2025-07-22 10:00:00,9.899999618530273,8.147066891938122,9.300000190734863,True
60,core,2025-07-23 09:00:00,2025-07-23 10:00:00,8.5,8.046435998733456,9.899999618530273,True
60,core,2025-07-24 09:00:00,2025-07-24 10:00:00,8.199999809265137,8.227895645669633,8.5,True
60,core,2025-07-24 12:00:00,2025-07-24 13:00:00,120.0,11.019338071693737,8.5,True
60,core,2025-07-24 12:15:00,2025-07-24 13:15:00,45.900001525878906,10.98249606693947,8.5,True
60,core,2025-07-24 14:20:00,2025-07-24 15:20:00,2.0999999046325684,10.394376788239986,8.199999809265137,True
60,core,2025-07-25 09:00:00,2025-07-25 10:00:00,9.600000381469727,8.185572682819798,2.0999999046325684,True
60,core,2025-07-26 09:00:00,2025-07-26 10:00:00,7.300000190734863,7.7777360959951185,9.600000381469727,True
60,core,2025-07-27 09:00:00,2025-07-27 10:00:00,8.899999618530273,7.907449573346527,7.300000190734863,True
60,core,2025-07-28 09:00:00,2025-07-28 10:00:00,10.199999809265137,8.260314921654306,8.899999618530273,True
60,core,2025-07-28 15:00:00,2025-07-28 16:00:00,35.099998474121094,11.597047785596088,10.199999809265137,True
60,core,2025-07-28 20:26:26,2025-07-28 21:26:26,3.5,8.11328323228789,35.099998474121094,True
60,core,2025-07-29 09:00:00,2025-07-29 10:00:00,8.300000190734863,8.117751855065347,3.5,True
60,core,2025-07-30 09:00:00,2025-07-30 10:00:00,10.0,8.083086155730868,8.300000190734863,True
60,core,2025-07-31 09:00:00,2025-07-31 10:00:00,6.599999904632568,7.811108165243828,10.0,True
60,core,2025-08-01 09:00:00,2025-08-01 10:00:00,5.300000190734863,7.94924048005856,6.599999904632568,True
60,core,2025-08-03 09:00:00,2025-08-03 10:00:00,10.199999809265137,8.01945814565348,5.300000190734863,True
60,core,2025-08-04 09:00:00,2025-08-04 10:00:00,7.5,8.002545916650737,10.199999809265137,True
60,core,2025-08-05 09:00:00,2025-08-05 10:00:00,6.599999904632568,7.914673505355816,7.5,True
60,core,2025-08-05 13:05:08,2025-08-05 14:05:08,3.5999999046325684,8.920158662905365,7.5,True
60,core,2025-08-06 09:00:00,2025-08-06 10:00:00,7.900000095367432,7.9553223153457875,3.5999999046325684,True
60,core,2025-08-07 09:00:00,2025-08-07 10:00:00,6.300000190734863,7.666645216268481,7.900000095367432,True
60,core,2025-08-08 09:00:00,2025-08-08 10:00:00,7.400000095367432,7.890208276623627,6.300000190734863,True
60,core,2025-08-09 09:00:00,2025-08-09 10:00:00,7.599999904632568,8.08391585431465,7.400000095367432,True
60,core,2025-08-10 09:00:00,2025-08-10 10:00:00,9.300000190734863,8.081466883505051,7.599999904632568,True
60,core,2025-08-12 09:00:00,2025-08-12 10:00:00,8.0,8.025107309298305,9.300000190734863,True
60,core,2025-08-13 09:00:00,2025-08-13 10:00:00,9.199999809265137,8.319473986244127,8.0,True
60,core,2025-08-14 09:00:00,2025-08-14 10:00:00,10.5,7.764239998537693,9.199999809265137,True
60,core,2025-08-14 13:00:00,2025-08-14 14:00:00,11.800000190734863,7.252836178411165,9.199999809265137,True
60,core,2025-08-14 19:00:00,2025-08-14 20:00:00,4.699999809265137,7.7241008389746,11.800000190734863,True
60,core,2025-08-15 09:00:00,2025-08-15 10:00:00,8.100000381469727,8.095026281898319,4.699999809265137,True
60,core,2025-08-16 09:00:00,2025-08-16 10:00:00,8.300000190734863,8.06825784172802,8.100000381469727,True
60,core,2025-08-16 19:00:00,2025-08-16 20:00:00,5.199999809265137,8.056781047266915,8.300000190734863,True
60,core,2025-08-17 09:00:00,2025-08-17 10:00:00,7.900000095367432,8.027905125632188,5.199999809265137,True
60,core,2025-08-18 09:00:00,2025-08-18 10:00:00,9.199999809265137,8.177083922832308,7.900000095367432,True
60,core,2025-08-19 09:00:00,2025-08-19 10:00:00,6.699999809265137,8.166629480946447,9.199999809265137,True
60,core,2025-08-20 09:00:00,2025-08-20 10:00:00,7.099999904632568,7.886135995933456,6.699999809265137,True
60,core,2025-08-21 09:00:00,2025-08-21 10:00:00,6.599999904632568,8.04464345847522,7.099999904632568,True
60,core,2025-08-22 09:00:00,2025-08-22 10:00:00,8.5,7.9980063515909805,6.599999904632568,True
60,core,2025-08-23 09:00:00,2025-08-23 10:00:00,11.399999618530273,8.006431966204875,8.5,True
60,core,2025-08-23 21:00:00,2025-08-23 22:00:00,8.899999618530273,8.025548241867979,11.399999618530273,True
60,core,2025-08-24 09:00:00,2025-08-24 10:00:00,9.399999618530273,7.95822478765912,8.899999618530273,True
60,core,2025-08-25 09:00:00,2025-08-25 10:00:00,10.899999618530273,8.146764772203307,9.399999618530273,True
60,core,2025-08-27 09:00:00,2025-08-27 10:00:00,8.699999809265137,8.17983187084279,10.899999618530273,True
60,core,2025-08-27 21:00:00,2025-08-27 22:00:00,9.300000190734863,8.188491990575143,8.699999809265137,True
60,core,2025-08-28 09:00:00,2025-08-28 10:00:00,7.800000190734863,8.128077222037442,9.300000190734863,True
60,core,2025-08-29 09:00:00,2025-08-29 10:00:00,8.0,8.155665874348317,7.800000190734863,True
60,core,2025-08-30 09:00:00,2025-08-30 10:00:00,11.100000381469727,8.223822589091075,8.0,True
60,core,2025-08-31 09:00:00,2025-08-31 10:00:00,8.600000381469727,8.35666333127764,11.100000381469727,True
60,core,2025-09-01 09:00:00,2025-09-01 10:00:00,7.599999904632568,8.40350372435754,8.600000381469727,True
60,core,2025-09-02 09:00:00,2025-09-02 10:00:00,7.199999809265137,8.185793782624122,7.599999904632568,True
60,core,2025-09-03 09:00:00,2025-09-03 10:00:00,10.699999809265137,8.10163754209378,7.199999809265137,True
60,core,2025-09-04 09:00:00,2025-09-04 10:00:00,7.300000190734863,7.862726491356929,10.699999809265137,True
60,core,2025-09-05 09:00:00,2025-09-05 10:00:00,9.699999809265137,8.422836367462475,7.300000190734863,True
60,core,2025-09-06 09:00:00,2025-09-06 10:00:00,11.699999809265137,8.36811258213697,9.699999809265137,True
60,core,2025-09-07 09:00:00,2025-09-07 10:00:00,10.699999809265137,8.314506629813858,11.699999809265137,True
60,core,2025-09-08 09:00:00,2025-09-08 10:00:00,9.800000190734863,8.349687808432625,10.699999809265137,True
60,core,2025-09-09 09:00:00,2025-09-09 10:00:00,8.399999618530273,8.160772597067348,9.800000190734863,True
60,core,2025-09-10 09:00:00,2025-09-10 10:00:00,10.100000381469727,8.424533415275496,8.399999618530273,True
60,core,2025-09-11 09:00:00,2025-09-11 10:00:00,8.699999809265137,8.203957764538048,10.100000381469727,True
60,core,2025-09-12 09:00:00,2025-09-12 10:00:00,9.899999618530273,8.393644649155252,8.699999809265137,True
60,core,2025-09-13 09:00:00,2025-09-13 10:00:00,9.800000190734863,8.361747143938093,9.899999618530273,True
60,core,2025-09-14 09:00:00,2025-09-14 10:00:00,9.899999618530273,8.375800986491793,9.800000190734863,True
60,core,2025-09-15 09:00:00,2025-09-15 10:00:00,8.300000190734863,8.431972137938303,9.899999618530273,True
60,core,2025-09-16 09:00:00,2025-09-16 10:00:00,9.199999809265137,8.42136333647145,8.300000190734863,True
60,core,2025-09-17 09:00:00,2025-09-17 10:00:00,9.300000190734863,8.40316028325821,9.199999809265137,True
60,core,2025-09-18 09:00:00,2025-09-18 10:00:00,9.600000381469727,8.42443539823498,9.300000190734863,True
60,core,2025-09-19 09:00:00,2025-09-19 10:00:00,9.600000381469727,8.383461918110918,9.600000381469727,True
60,core,2025-09-20 09:00:00,2025-09-20 10:00:00,8.5,8.306476987568125,9.600000381469727,True
60,core,2025-09-21 09:00:00,2025-09-21 10:00:00,7.599999904632568,8.375281822437845,8.5,True
60,core,2025-09-22 09:00:00,2025-09-22 10:00:00,8.899999618530273,8.470398019573672,7.599999904632568,True
60,core,2025-09-23 09:00:00,2025-09-23 10:00:00,10.199999809265137,8.436507112240648,8.899999618530273,True
60,core,2025-09-24 09:00:00,2025-09-24 10:00:00,10.5,8.320048831863701,10.199999809265137,True
60,core,2025-09-25 09:00:00,2025-09-25 10:00:00,9.800000190734863,8.151427001672005,10.5,True
60,core,2025-09-26 09:00:00,2025-09-26 10:00:00,7.599999904632568,8.133383943646571,9.800000190734863,True
60,core,2025-09-27 09:00:00,2025-09-27 10:00:00,8.399999618530273,8.055164136207127,7.599999904632568,True
60,core,2025-09-28 09:00:00,2025-09-28 10:00:00,9.399999618530273,8.099080984791712,8.399999618530273,True
60,core,2025-09-28 16:00:00,2025-09-28 17:00:00,15.300000190734863,8.041397927685216,9.399999618530273,True
60,core,2025-09-28 19:00:00,2025-09-28 20:00:00,8.300000190734863,7.809063865228442,9.399999618530273,True
60,core,2025-09-29 09:00:00,2025-09-29 10:00:00,9.199999809265137,8.297054605651553,8.300000190734863,True
60,core,2025-09-30 09:00:00,2025-09-30 10:00:00,8.300000190734863,8.132356225602301,9.199999809265137,True
60,core,2025-10-01 09:00:00,2025-10-01 10:00:00,9.800000190734863,8.239984697531934,8.300000190734863,True
60,core,2025-10-02 09:00:00,2025-10-02 10:00:00,9.699999809265137,8.201636144920968,9.800000190734863,True
60,core,2025-10-03 09:00:00,2025-10-03 10:00:00,10.399999618530273,8.213175149469105,9.699999809265137,True
60,core,2025-10-05 09:00:00,2025-10-05 10:00:00,9.699999809265137,7.973301808071888,10.399999618530273,True
60,core,2025-10-06 09:00:00,2025-10-06 10:00:00,9.800000190734863,8.034732930844132,9.699999809265137,True
60,core,2025-10-06 13:00:00,2025-10-06 14:00:00,5.199999809265137,7.954615601419965,9.699999809265137,True
60,core,2025-10-07 09:00:00,2025-10-07 10:00:00,9.300000190734863,8.037902886950963,5.199999809265137,True
60,core,2025-10-08 09:00:00,2025-10-08 10:00:00,9.800000190734863,8.166374373223622,9.300000190734863,True
60,core,2025-10-09 09:00:00,2025-10-09 10:00:00,12.699999809265137,8.034536191239832,9.800000190734863,True
60,core,2025-10-09 15:00:00,2025-10-09 16:00:00,8.699999809265137,7.708673142612927,12.699999809265137,True
60,core,2025-10-09 21:00:00,2025-10-09 22:00:00,9.0,8.062928615154718,8.699999809265137,True
60,core,2025-10-10 09:00:00,2025-10-10 10:00:00,10.199999809265137,8.25084870131131,9.0,True
60,core,2025-10-10 19:00:00,2025-10-10 20:00:00,9.600000381469727,7.907040092858772,10.199999809265137,True
60,core,2025-10-11 09:00:00,2025-10-11 10:00:00,9.0,8.041774071658446,9.600000381469727,True
60,core,2025-10-12 09:00:00,2025-10-12 10:00:00,10.5,8.038848635578608,9.0,True
60,core,2025-10-14 09:00:00,2025-10-14 10:00:00,9.199999809265137,6.990860825119634,10.5,True
60,core,2025-10-15 09:00:00,2025-10-15 10:00:00,9.100000381469727,7.70321942709149,9.199999809265137,True
60,core,2025-10-16 09:00:00,2025-10-16 10:00:00,12.199999809265137,8.176557810830884,9.100000381469727,True
60,core,2025-10-16 14:00:00,2025-10-16 15:00:00,9.699999809265137,7.864592783020557,12.199999809265137,True
60,core,2025-10-17 09:00:00,2025-10-17 10:00:00,10.399999618530273,8.094245294468024,9.699999809265137,True
60,core,2025-10-18 09:00:00,2025-10-18 10:00:00,10.800000190734863,7.949542610420288,10.399999618530273,True
60,core,2025-10-18 15:00:00,2025-10-18 16:00:00,8.0,7.800928968974437,10.800000190734863,True
60,core,2025-10-19 09:00:00,2025-10-19 10:00:00,6.5,7.81618588446476,8.0,True
60,core,2025-10-20 09:00:00,2025-10-20 10:00:00,10.5,7.815226167096192,6.5,True
60,core,2025-10-21 09:00:00,2025-10-21 10:00:00,10.100000381469727,7.956576917044684,10.5,True
60,core,2025-10-21 15:00:00,2025-10-21 16:00:00,11.0,7.928477168528321,10.100000381469727,True
60,core,2025-10-21 21:00:00,2025-10-21 22:00:00,10.0,7.789554286769681,11.0,True
60,core,2025-10-22 09:00:00,2025-10-22 10:00:00,9.300000190734863,7.707511882422084,10.0,True
60,core,2025-10-22 19:00:00,2025-10-22 20:00:00,11.0,7.817852340223691,9.300000190734863,True
60,core,2025-10-23 01:00:00,2025-10-23 02:00:00,6.699999809265137,7.605264803887657,11.0,True
60,core,2025-10-23 09:00:00,2025-10-23 10:00:00,9.100000381469727,7.686199803774143,6.699999809265137,True
60,core,2025-10-23 20:00:00,2025-10-23 21:00:00,6.5,7.7501344361122,9.100000381469727,True
60,core,2025-10-24 09:00:00,2025-10-24 10:00:00,7.0,7.8259154031626235,6.5,True
60,core,2025-10-25 09:00:00,2025-10-25 10:00:00,7.199999809265137,8.000999215279943,7.0,True
60,core,2025-10-26 09:00:00,2025-10-26 10:00:00,7.199999809265137,7.913714517289925,7.199999809265137,True
60,core,2025-10-27 09:00:00,2025-10-27 10:00:00,10.399999618530273,7.790764520032617,7.199999809265137,True
60,core,2025-10-27 14:15:10,2025-10-27 15:15:10,9.600000381469727,7.98278812524166,10.399999618530273,True
60,core,2025-10-27 17:46:34,2025-10-27 18:46:34,5.599999904632568,7.673084338538214,10.399999618530273,True
60,core,2025-10-27 21:00:00,2025-10-27 22:00:00,7.699999809265137,7.947650858038033,9.600000381469727,True
60,core,2025-10-28 09:00:00,2025-10-28 10:00:00,9.899999618530273,8.324441701017301,7.699999809265137,True
60,core,2025-10-28 13:00:00,2025-10-28 14:00:00,7.800000190734863,7.681499753803285,7.699999809265137,True
60,core,2025-10-29 09:00:00,2025-10-29 10:00:00,9.199999809265137,7.8926231273867185,7.800000190734863,True
60,core,2025-10-30 09:00:00,2025-10-30 10:00:00,9.899999618530273,8.059215946216138,9.199999809265137,True
60,core,2025-10-31 09:00:00,2025-10-31 10:00:00,10.199999809265137,7.936822706107318,9.899999618530273,True
60,core,2025-11-01 09:00:00,2025-11-01 10:00:00,7.800000190734863,7.766759198556429,10.199999809265137,True
60,core,2025-11-02 09:00:00,2025-11-02 10:00:00,10.100000381469727,7.93364221050914,7.800000190734863,True
60,core,2025-11-03 04:00:00,2025-11-03 05:00:00,8.5,7.733007115934024,10.100000381469727,True
60,core,2025-11-03 09:00:00,2025-11-03 10:00:00,9.5,7.9788052703916374,8.5,True
60,core,2025-11-04 09:00:00,2025-11-04 10:00:00,9.399999618530273,7.864847543642528,9.5,True
60,core,2025-11-05 09:00:00,2025-11-05 10:00:00,8.899999618530273,7.785058739066169,9.399999618530273,True
60,core,2025-11-06 09:00:00,2025-11-06 10:00:00,9.600000381469727,7.911694137465824,8.899999618530273,True
60,core,2025-11-07 09:00:00,2025-11-07 10:00:00,9.899999618530273,7.8765147680228065,9.600000381469727,True
60,core,2025-11-08 09:00:00,2025-11-08 10:00:00,8.800000190734863,7.779376680677506,9.899999618530273,True
60,core,2025-11-09 09:00:00,2025-11-09 10:00:00,10.5,7.898684138186212,8.800000190734863,True
60,core,2025-11-09 12:00:00,2025-11-09 13:00:00,11.199999809265137,7.8616781436106855,8.800000190734863,True
60,core,2025-11-09 16:00:09,2025-11-09 17:00:09,8.100000381469727,7.862242690026251,10.5,True
60,core,2025-11-09 23:00:00,2025-11-10 00:00:00,7.300000190734863,7.613217136408778,8.100000381469727,True
60,core,2025-11-10 09:00:00,2025-11-10 10:00:00,8.100000381469727,7.643848418091867,7.300000190734863,True
60,core,2025-11-11 09:00:00,2025-11-11 10:00:00,9.100000381469727,7.906651100883538,8.100000381469727,True
60,core,2025-11-12 09:00:00,2025-11-12 10:00:00,11.5,8.24174512496883,9.100000381469727,True
60,core,2025-11-12 16:06:58,2025-11-12 17:06:58,8.100000381469727,7.643492689285752,11.5,True
60,core,2025-11-13 09:00:00,2025-11-13 10:00:00,7.300000190734863,7.888801959772374,8.100000381469727,True
60,core,2025-11-14 09:00:00,2025-11-14 10:00:00,10.399999618530273,7.884123847792402,7.300000190734863,True
60,core,2025-11-14 21:00:00,2025-11-14 22:00:00,8.300000190734863,7.704106193716413,10.399999618530273,True
60,core,2025-11-15 09:00:00,2025-11-15 10:00:00,9.199999809265137,7.736958152103135,8.300000190734863,True
60,core,2025-11-16 09:00:00,2025-11-16 10:00:00,9.899999618530273,7.936742375943812,9.199999809265137,True
60,core,2025-11-17 09:00:00,2025-11-17 10:00:00,9.199999809265137,7.778341006956852,9.899999618530273,True
60,core,2025-11-18 09:00:00,2025-11-18 10:00:00,9.800000190734863,7.947987277537374,9.199999809265137,True
60,core,2025-11-19 09:00:00,2025-11-19 10:00:00,9.699999809265137,7.779757391337943,9.800000190734863,True
60,core,2025-11-20 09:00:00,2025-11-20 10:00:00,6.099999904632568,7.678006177222953,9.699999809265137,True
60,core,2025-11-21 09:00:00,2025-11-21 10:00:00,10.399999618530273,7.746543890230399,6.099999904632568,True
60,core,2025-11-22 09:00:00,2025-11-22 10:00:00,9.300000190734863,7.834514654742051,10.399999618530273,True
60,core,2025-11-23 09:00:00,2025-11-23 10:00:00,9.899999618530273,7.934718631337162,9.300000190734863,True
60,core,2025-11-23 21:51:00,2025-11-23 22:51:00,9.899999618530273,8.054492778806148,9.899999618530273,True
60,core,2025-11-24 01:38:00,2025-11-24 02:38:00,10.699999809265137,7.784625064462617,9.899999618530273,True
60,core,2025-11-24 09:00:00,2025-11-24 10:00:00,9.0,7.731856415872166,10.699999809265137,True
60,core,2025-11-24 19:00:00,2025-11-24 20:00:00,8.399999618530273,7.786478095102945,9.0,True
60,core,2025-11-25 09:00:00,2025-11-25 10:00:00,9.899999618530273,7.915284224354558,8.399999618530273,True
60,core,2025-11-26 09:00:00,2025-11-26 10:00:00,9.699999809265137,8.041629891859486,9.899999618530273,True
60,core,2025-11-27 09:00:00,2025-11-27 10:00:00,13.100000381469727,8.12250873271004,9.699999809265137,True
60,core,2025-11-27 11:45:00,2025-11-27 12:45:00,10.5,8.024435380476971,9.699999809265137,True
60,core,2025-11-27 21:00:00,2025-11-27 22:00:00,8.600000381469727,8.300861264756039,10.5,True
60,core,2025-11-28 09:00:00,2025-11-28 10:00:00,9.0,7.915408470286051,8.600000381469727,True
60,core,2025-11-29 09:00:00,2025-11-29 10:00:00,7.300000190734863,7.769096128076166,9.0,True
60,core,2025-11-30 09:00:00,2025-11-30 10:00:00,8.699999809265137,8.037939846551524,7.300000190734863,True
60,core,2025-12-01 09:00:00,2025-12-01 10:00:00,7.800000190734863,7.761182387726372,8.699999809265137,True
60,core,2025-12-02 09:00:00,2025-12-02 10:00:00,8.399999618530273,8.004440100332573,7.800000190734863,True
60,core,2025-12-03 09:00:00,2025-12-03 10:00:00,6.800000190734863,7.908834099641146,8.399999618530273,True
60,core,2025-12-04 09:00:00,2025-12-04 10:00:00,7.800000190734863,7.9948835515930465,6.800000190734863,True
60,core,2025-12-05 09:00:00,2025-12-05 10:00:00,9.0,8.176836446909071,7.800000190734863,True
60,core,2025-12-06 09:00:00,2025-12-06 10:00:00,8.300000190734863,7.963614602652219,9.0,True
60,core,2025-12-07 09:00:00,2025-12-07 10:00:00,10.199999809265137,7.743772617255715,8.300000190734863,True
60,core,2025-12-08 09:00:00,2025-12-08 10:00:00,8.199999809265137,7.780584228007095,10.199999809265137,True
60,core,2025-12-09 09:00:00,2025-12-09 10:00:00,9.100000381469727,7.89562807684135,8.199999809265137,True
60,core,2025-12-10 05:00:00,2025-12-10 06:00:00,9.800000190734863,9.61575866954396,9.100000381469727,True
60,core,2025-12-10 08:35:00,2025-12-10 09:35:00,8.0,9.668836572341174,9.100000381469727,True
60,core,2025-12-10 19:00:00,2025-12-10 20:00:00,7.800000190734863,8.229846085676561,8.0,True
60,core,2025-12-11 09:00:00,2025-12-11 10:00:00,7.300000190734863,7.867065553717328,7.800000190734863,True
60,core,2025-12-11 16:00:00,2025-12-11 17:00:00,10.5,7.9261429050170555,7.300000190734863,True
60,core,2025-12-12 09:00:00,2025-12-12 10:00:00,7.599999904632568,8.002281855472106,10.5,True
60,core,2025-12-13 09:00:00,2025-12-13 10:00:00,6.699999809265137,7.867181221623792,7.599999904632568,True
60,core,2025-12-14 09:00:00,2025-12-14 10:00:00,6.400000095367432,8.225523080934483,6.699999809265137,True
60,core,2025-12-14 13:22:00,2025-12-14 14:22:00,11.0,7.966487867016694,6.699999809265137,True
60,core,2025-12-15 09:00:00,2025-12-15 10:00:00,8.800000190734863,7.8559927147520305,11.0,True
60,core,2025-12-16 09:00:00,2025-12-16 10:00:00,7.400000095367432,7.763859175780398,8.800000190734863,True
60,core,2025-12-17 09:00:00,2025-12-17 10:00:00,8.399999618530273,8.019524937118952,7.400000095367432,True
60,core,2025-12-18 09:00:00,2025-12-18 10:00:00,9.300000190734863,8.18810447171423,8.399999618530273,True
60,core,2025-12-19 09:00:00,2025-12-19 10:00:00,9.399999618530273,8.034888419832779,9.300000190734863,True
60,core,2025-12-20 09:00:00,2025-12-20 10:00:00,9.100000381469727,8.012916476980623,9.399999618530273,True
60,core,2025-12-21 09:00:00,2025-12-21 10:00:00,8.800000190734863,8.004094502643204,9.100000381469727,True
60,core,2025-12-22 09:00:00,2025-12-22 10:00:00,9.0,7.910946984180404,8.800000190734863,True
60,core,2025-12-23 09:00:00,2025-12-23 10:00:00,8.300000190734863,7.848197703750579,9.0,True
60,core,2025-12-24 09:00:00,2025-12-24 10:00:00,5.099999904632568,7.640606337974978,8.300000190734863,True
60,core,2025-12-25 09:00:00,2025-12-25 10:00:00,9.0,8.55580798707019,5.099999904632568,True
60,core,2025-12-26 09:00:00,2025-12-26 10:00:00,6.199999809265137,7.961319603735944,9.0,True
60,core,2025-12-27 09:00:00,2025-12-27 10:00:00,8.899999618530273,8.05929100211958,6.199999809265137,True
60,core,2025-12-28 09:00:00,2025-12-28 10:00:00,10.899999618530273,8.059336670860832,8.899999618530273,True
60,core,2025-12-28 23:00:00,2025-12-29 00:00:00,10.5,7.916738195704614,10.899999618530273,True
60,core,2025-12-29 01:30:00,2025-12-29 02:30:00,7.900000095367432,7.785612041969086,10.899999618530273,True
60,core,2025-12-29 09:00:00,2025-12-29 10:00:00,4.699999809265137,7.365596297200565,7.900000095367432,True
60,core,2025-12-30 09:00:00,2025-12-30 10:00:00,9.699999809265137,7.780541120165418,4.699999809265137,True
60,core,2025-12-31 09:00:00,2025-12-31 10:00:00,9.0,7.864490733123835,9.699999809265137,True
60,separate_pak,2025-01-01 09:00:00,2025-01-01 10:00:00,3.5,7.031253017409748,2.700000047683716,True
60,separate_pak,2025-01-02 09:00:00,2025-01-02 10:00:00,7.099999904632568,8.065301890950144,3.5,True
60,separate_pak,2025-01-03 09:00:00,2025-01-03 10:00:00,7.699999809265137,8.274051718394942,7.099999904632568,True
60,separate_pak,2025-01-04 09:00:00,2025-01-04 10:00:00,5.400000095367432,7.840174595970117,7.699999809265137,True
60,separate_pak,2025-01-05 09:00:00,2025-01-05 10:00:00,5.300000190734863,7.4647678014802175,5.400000095367432,True
60,separate_pak,2025-01-06 09:00:00,2025-01-06 10:00:00,4.800000190734863,7.42764213036865,5.300000190734863,True
60,separate_pak,2025-01-07 09:00:00,2025-01-07 10:00:00,5.099999904632568,7.42056448178414,4.800000190734863,True
60,separate_pak,2025-01-08 09:00:00,2025-01-08 10:00:00,3.5999999046325684,7.09777413684815,5.099999904632568,True
60,separate_pak,2025-01-09 09:00:00,2025-01-09 10:00:00,3.9000000953674316,7.223635024268509,3.5999999046325684,True
60,separate_pak,2025-01-10 09:00:00,2025-01-10 10:00:00,3.5,7.110506014431344,3.9000000953674316,True
60,separate_pak,2025-01-11 09:00:00,2025-01-11 10:00:00,3.5999999046325684,7.049344338973228,3.5,True
60,separate_pak,2025-01-12 09:00:00,2025-01-12 10:00:00,4.199999809265137,7.340729812759916,3.5999999046325684,True
60,separate_pak,2025-01-13 09:00:00,2025-01-13 10:00:00,6.0,7.512699625155973,4.199999809265137,True
60,separate_pak,2025-01-14 09:00:00,2025-01-14 10:00:00,1.600000023841858,5.816518999019684,6.0,True
60,separate_pak,2025-01-15 09:00:00,2025-01-15 10:00:00,1.899999976158142,7.4926952993827065,1.600000023841858,True
60,separate_pak,2025-01-16 09:00:00,2025-01-16 10:00:00,7.099999904632568,8.169111024447272,1.899999976158142,True
60,separate_pak,2025-01-17 09:00:00,2025-01-17 10:00:00,8.199999809265137,8.022254856420115,7.099999904632568,True
60,separate_pak,2025-01-18 09:00:00,2025-01-18 10:00:00,7.599999904632568,7.990325320368592,8.199999809265137,True
60,separate_pak,2025-01-19 09:00:00,2025-01-19 10:00:00,6.900000095367432,7.868706262981645,7.599999904632568,True
60,separate_pak,2025-01-20 09:00:00,2025-01-20 10:00:00,10.600000381469727,8.463147792420502,6.900000095367432,True
60,separate_pak,2025-01-21 09:00:00,2025-01-21 10:00:00,8.300000190734863,8.237834673941103,10.600000381469727,True
60,separate_pak,2025-01-22 09:00:00,2025-01-22 10:00:00,6.099999904632568,8.057486475404517,8.300000190734863,True
60,separate_pak,2025-01-23 09:00:00,2025-01-23 10:00:00,6.099999904632568,8.310716324140722,6.099999904632568,True
60,separate_pak,2025-01-23 21:00:00,2025-01-23 22:00:00,5.900000095367432,8.327210732785739,6.099999904632568,True
60,separate_pak,2025-01-24 09:00:00,2025-01-24 10:00:00,6.699999809265137,8.76127168356332,5.900000095367432,True
60,separate_pak,2025-01-25 09:00:00,2025-01-25 10:00:00,7.5,8.123588516227212,6.699999809265137,True
60,separate_pak,2025-01-26 09:00:00,2025-01-26 10:00:00,8.899999618530273,8.401106436893635,7.5,True
60,separate_pak,2025-01-27 09:00:00,2025-01-27 10:00:00,6.0,8.043619253583032,8.899999618530273,True
60,separate_pak,2025-01-28 09:00:00,2025-01-28 10:00:00,7.900000095367432,8.052939556631749,6.0,True
60,separate_pak,2025-01-29 09:00:00,2025-01-29 10:00:00,6.199999809265137,8.124381580366205,7.900000095367432,True
60,separate_pak,2025-01-30 09:00:00,2025-01-30 10:00:00,5.900000095367432,8.440737589235772,6.199999809265137,True
60,separate_pak,2025-01-31 09:00:00,2025-01-31 10:00:00,7.400000095367432,8.614331747418555,5.900000095367432,True
60,separate_pak,2025-02-01 09:00:00,2025-02-01 10:00:00,9.600000381469727,8.182288075728376,7.400000095367432,True
60,separate_pak,2025-02-02 09:00:00,2025-02-02 10:00:00,10.5,8.644027239587958,9.600000381469727,True
60,separate_pak,2025-02-03 03:48:22,2025-02-03 04:48:22,10.699999809265137,9.847908755629781,10.5,True
60,separate_pak,2025-02-03 09:00:00,2025-02-03 10:00:00,8.5,9.839703719227105,10.699999809265137,True
60,separate_pak,2025-02-04 09:00:00,2025-02-04 10:00:00,7.099999904632568,8.313309967601356,8.5,True
60,separate_pak,2025-02-05 09:00:00,2025-02-05 10:00:00,7.400000095367432,8.102129754735545,7.099999904632568,True
60,separate_pak,2025-02-07 09:00:00,2025-02-07 10:00:00,8.300000190734863,8.124441926482497,7.400000095367432,True
60,separate_pak,2025-02-08 09:00:00,2025-02-08 10:00:00,8.100000381469727,8.111613103215378,8.300000190734863,True
60,separate_pak,2025-02-09 09:00:00,2025-02-09 10:00:00,9.899999618530273,8.323235215333593,8.100000381469727,True
60,separate_pak,2025-02-10 09:00:00,2025-02-10 10:00:00,9.5,8.449653117574249,9.899999618530273,True
60,separate_pak,2025-02-11 09:00:00,2025-02-11 10:00:00,6.800000190734863,8.026707664155385,9.5,True
60,separate_pak,2025-02-12 09:00:00,2025-02-12 10:00:00,9.600000381469727,8.233126094219127,6.800000190734863,True
60,separate_pak,2025-02-13 09:00:00,2025-02-13 10:00:00,11.600000381469727,8.277619363680047,9.600000381469727,True
60,separate_pak,2025-02-13 15:46:39,2025-02-13 16:46:39,8.899999618530273,8.077501941621335,11.600000381469727,True
60,separate_pak,2025-02-14 09:00:00,2025-02-14 10:00:00,7.0,7.787354149713424,8.899999618530273,True
60,separate_pak,2025-02-14 21:41:16,2025-02-14 22:41:16,11.899999618530273,7.299569853376683,7.0,True
60,separate_pak,2025-02-15 01:39:46,2025-02-15 02:39:46,8.0,7.910041029022876,7.0,True
60,separate_pak,2025-02-15 09:00:00,2025-02-15 10:00:00,9.100000381469727,6.940997377429399,8.0,True
60,separate_pak,2025-02-16 09:00:00,2025-02-16 10:00:00,7.300000190734863,8.002687729986429,9.100000381469727,True
60,separate_pak,2025-02-17 09:00:00,2025-02-17 10:00:00,8.699999809265137,8.118273010625556,7.300000190734863,True
60,separate_pak,2025-02-18 09:00:00,2025-02-18 10:00:00,8.5,7.828589547682537,8.699999809265137,True
60,separate_pak,2025-02-19 09:00:00,2025-02-19 10:00:00,10.199999809265137,8.149273311204148,8.5,True
60,separate_pak,2025-02-20 09:00:00,2025-02-20 10:00:00,5.699999809265137,7.784419465514297,10.199999809265137,True
60,separate_pak,2025-02-21 09:00:00,2025-02-21 10:00:00,9.399999618530273,7.869858319369202,5.699999809265137,True
60,separate_pak,2025-02-22 09:00:00,2025-02-22 10:00:00,9.100000381469727,8.044728132592036,9.399999618530273,True
60,separate_pak,2025-02-23 09:00:00,2025-02-23 10:00:00,10.300000190734863,8.207299236976855,9.100000381469727,True
60,separate_pak,2025-02-24 09:00:00,2025-02-24 10:00:00,9.399999618530273,8.032089585963565,10.300000190734863,True
60,separate_pak,2025-02-25 09:00:00,2025-02-25 10:00:00,9.399999618530273,8.096644069091601,9.399999618530273,True
60,separate_pak,2025-02-26 09:00:00,2025-02-26 10:00:00,8.800000190734863,8.25421414763239,9.399999618530273,True
60,separate_pak,2025-02-27 09:00:00,2025-02-27 10:00:00,10.300000190734863,8.317554481095002,8.800000190734863,True
60,separate_pak,2025-02-28 09:00:00,2025-02-28 10:00:00,10.600000381469727,8.297724589694784,10.300000190734863,True
60,separate_pak,2025-03-01 09:00:00,2025-03-01 10:00:00,7.800000190734863,7.965627315001594,10.600000381469727,True
60,separate_pak,2025-03-02 09:00:00,2025-03-02 10:00:00,10.0,7.978147328662825,7.800000190734863,True
60,separate_pak,2025-03-03 09:00:00,2025-03-03 10:00:00,8.300000190734863,8.039801281912997,10.0,True
60,separate_pak,2025-03-06 09:00:00,2025-03-06 10:00:00,8.5,8.333749104777441,,False
60,separate_pak,2025-03-07 09:00:00,2025-03-07 10:00:00,8.399999618530273,7.754692330946671,8.5,True
60,separate_pak,2025-03-08 09:00:00,2025-03-08 10:00:00,8.0,7.716862130941401,8.399999618530273,True
60,separate_pak,2025-03-09 09:00:00,2025-03-09 10:00:00,9.5,8.075102155240247,8.0,True
60,separate_pak,2025-03-10 09:00:00,2025-03-10 10:00:00,10.199999809265137,8.235121470131272,9.5,True
60,separate_pak,2025-03-11 09:00:00,2025-03-11 10:00:00,8.100000381469727,8.063683138705576,10.199999809265137,True
60,separate_pak,2025-03-12 09:00:00,2025-03-12 10:00:00,8.600000381469727,8.55187355576591,8.100000381469727,True
60,separate_pak,2025-03-13 09:00:00,2025-03-13 10:00:00,7.699999809265137,7.909037173305014,8.600000381469727,True
60,separate_pak,2025-03-14 09:00:00,2025-03-14 10:00:00,9.899999618530273,8.040137991035271,7.699999809265137,True
60,separate_pak,2025-03-15 09:00:00,2025-03-15 10:00:00,10.399999618530273,8.760618771123015,9.899999618530273,True
60,separate_pak,2025-03-16 09:00:00,2025-03-16 10:00:00,10.5,8.479833273925639,10.399999618530273,True
60,separate_pak,2025-03-17 09:00:00,2025-03-17 10:00:00,12.399999618530273,9.127582082061194,10.5,True
60,separate_pak,2025-03-18 09:00:00,2025-03-18 10:00:00,12.300000190734863,9.105028468078663,12.399999618530273,True
60,separate_pak,2025-03-19 09:00:00,2025-03-19 10:00:00,10.300000190734863,8.65049217462181,12.300000190734863,True
60,separate_pak,2025-03-20 09:00:00,2025-03-20 10:00:00,11.300000190734863,8.546064861967452,10.300000190734863,True
60,separate_pak,2025-03-21 09:00:00,2025-03-21 10:00:00,9.600000381469727,8.444741233054158,11.300000190734863,True
60,separate_pak,2025-03-22 09:00:00,2025-03-22 10:00:00,8.800000190734863,8.36967402782598,9.600000381469727,True
60,separate_pak,2025-03-23 09:00:00,2025-03-23 10:00:00,6.900000095367432,6.9623485350763925,8.800000190734863,True
60,separate_pak,2025-03-24 05:00:00,2025-03-24 06:00:00,6.800000190734863,6.736128785181962,6.900000095367432,True
60,separate_pak,2025-03-24 09:00:00,2025-03-24 10:00:00,6.5,7.5904782138904565,6.900000095367432,True
60,separate_pak,2025-03-24 23:01:00,2025-03-25 00:01:00,11.0,6.805476951371107,6.5,True
60,separate_pak,2025-03-25 05:00:00,2025-03-25 06:00:00,13.399999618530273,7.018886865751819,11.0,True
60,separate_pak,2025-03-25 09:00:00,2025-03-25 10:00:00,8.100000381469727,6.585153214711598,11.0,True
60,separate_pak,2025-03-25 19:00:00,2025-03-25 20:00:00,10.5,7.855090806462497,8.100000381469727,True
60,separate_pak,2025-03-26 09:00:00,2025-03-26 10:00:00,8.300000190734863,7.558221072972877,10.5,True
60,separate_pak,2025-03-26 22:07:57,2025-03-26 23:07:57,10.199999809265137,7.961161946263568,8.300000190734863,True
60,separate_pak,2025-03-27 09:00:00,2025-03-27 10:00:00,5.400000095367432,7.182934632235568,10.199999809265137,True
60,separate_pak,2025-03-29 09:00:00,2025-03-29 10:00:00,8.399999618530273,8.262139544268567,5.400000095367432,True
60,separate_pak,2025-03-30 09:00:00,2025-03-30 10:00:00,10.199999809265137,8.17980760889091,8.399999618530273,True
60,separate_pak,2025-03-31 09:00:00,2025-03-31 10:00:00,8.600000381469727,8.045620856015816,10.199999809265137,True
60,separate_pak,2025-04-01 09:00:00,2025-04-01 10:00:00,7.0,7.739959425939039,8.600000381469727,True
60,separate_pak,2025-04-02 09:00:00,2025-04-02 10:00:00,7.300000190734863,8.933385217783695,7.0,True
60,separate_pak,2025-04-03 09:00:00,2025-04-03 10:00:00,9.899999618530273,8.555433584071398,7.300000190734863,True
60,separate_pak,2025-04-05 09:00:00,2025-04-05 10:00:00,5.800000190734863,8.020014286278556,9.899999618530273,True
60,separate_pak,2025-04-06 09:00:00,2025-04-06 10:00:00,6.800000190734863,8.230106957576892,5.800000190734863,True
60,separate_pak,2025-04-07 09:00:00,2025-04-07 10:00:00,7.5,8.248676548126086,6.800000190734863,True
60,separate_pak,2025-04-08 09:00:00,2025-04-08 10:00:00,6.800000190734863,8.237783359538527,7.5,True
60,separate_pak,2025-04-09 09:00:00,2025-04-09 10:00:00,8.100000381469727,8.410728828813575,6.800000190734863,True
60,separate_pak,2025-04-10 09:00:00,2025-04-10 10:00:00,6.099999904632568,7.914569528839905,8.100000381469727,True
60,separate_pak,2025-04-11 09:00:00,2025-04-11 10:00:00,7.400000095367432,8.244625828978846,6.099999904632568,True
60,separate_pak,2025-04-12 09:00:00,2025-04-12 10:00:00,8.699999809265137,8.140710640469138,7.400000095367432,True
60,separate_pak,2025-04-13 09:00:00,2025-04-13 10:00:00,5.300000190734863,7.647200699223818,8.699999809265137,True
60,separate_pak,2025-04-14 09:00:00,2025-04-14 10:00:00,7.699999809265137,8.195890117476628,5.300000190734863,True
60,separate_pak,2025-04-15 09:00:00,2025-04-15 10:00:00,8.5,7.745914218266915,7.699999809265137,True
60,separate_pak,2025-04-16 09:00:00,2025-04-16 10:00:00,7.699999809265137,8.003610900420297,8.5,True
60,separate_pak,2025-04-17 09:00:00,2025-04-17 10:00:00,5.199999809265137,7.625206602332094,7.699999809265137,True
60,separate_pak,2025-04-18 09:00:00,2025-04-18 10:00:00,8.800000190734863,8.516492442197064,5.199999809265137,True
60,separate_pak,2025-04-18 19:00:00,2025-04-18 20:00:00,10.0,8.025739281990209,8.800000190734863,True
60,separate_pak,2025-04-19 09:00:00,2025-04-19 10:00:00,8.800000190734863,8.292986069412471,10.0,True
60,separate_pak,2025-04-20 09:00:00,2025-04-20 10:00:00,11.800000190734863,8.588275440107816,8.800000190734863,True
60,separate_pak,2025-04-21 09:00:00,2025-04-21 10:00:00,11.399999618530273,8.322006306857213,11.800000190734863,True
60,separate_pak,2025-04-22 09:00:00,2025-04-22 10:00:00,10.600000381469727,8.578557273728642,11.399999618530273,True
60,separate_pak,2025-04-23 09:00:00,2025-04-23 10:00:00,13.5,8.837652014503005,10.600000381469727,True
60,separate_pak,2025-04-24 09:00:00,2025-04-24 10:00:00,12.399999618530273,8.645160393876852,13.5,True
60,separate_pak,2025-04-25 09:00:00,2025-04-25 10:00:00,9.399999618530273,7.808667121449728,12.399999618530273,True
60,separate_pak,2025-04-26 05:00:00,2025-04-26 06:00:00,9.0,9.45420493830887,9.399999618530273,True
60,separate_pak,2025-04-26 09:00:00,2025-04-26 10:00:00,9.5,8.896709123928678,9.399999618530273,True
60,separate_pak,2025-04-27 09:00:00,2025-04-27 10:00:00,7.699999809265137,7.958921373038894,9.5,True
60,separate_pak,2025-04-28 09:00:00,2025-04-28 10:00:00,10.0,8.200022008487045,7.699999809265137,True
60,separate_pak,2025-04-29 09:00:00,2025-04-29 10:00:00,7.5,7.922211154281193,10.0,True
60,separate_pak,2025-04-30 09:00:00,2025-04-30 10:00:00,6.5,7.721101028694754,7.5,True
60,separate_pak,2025-05-01 09:00:00,2025-05-01 10:00:00,11.300000190734863,8.403734516454547,6.5,True
60,separate_pak,2025-05-02 09:00:00,2025-05-02 10:00:00,8.300000190734863,8.232520340535018,11.300000190734863,True
60,separate_pak,2025-05-03 09:00:00,2025-05-03 10:00:00,9.899999618530273,8.449565332554815,8.300000190734863,True
60,separate_pak,2025-05-04 09:00:00,2025-05-04 10:00:00,8.399999618530273,8.083473569815627,9.899999618530273,True
60,separate_pak,2025-05-05 09:00:00,2025-05-05 10:00:00,8.600000381469727,8.10270744961415,8.399999618530273,True
60,separate_pak,2025-05-06 09:00:00,2025-05-06 10:00:00,8.5,8.116541531734383,8.600000381469727,True
60,separate_pak,2025-05-07 09:00:00,2025-05-07 10:00:00,9.699999809265137,8.252848947632533,8.5,True
60,separate_pak,2025-05-08 09:00:00,2025-05-08 10:00:00,9.399999618530273,8.253558546975674,9.699999809265137,True
60,separate_pak,2025-05-09 09:00:00,2025-05-09 10:00:00,9.699999809265137,8.077910633436424,9.399999618530273,True
60,separate_pak,2025-05-10 09:00:00,2025-05-10 10:00:00,9.199999809265137,7.936951560108801,9.699999809265137,True
60,separate_pak,2025-05-11 09:00:00,2025-05-11 10:00:00,11.0,8.4988875216635,9.199999809265137,True
60,separate_pak,2025-05-11 13:00:00,2025-05-11 14:00:00,8.699999809265137,7.900726429744555,9.199999809265137,True
60,separate_pak,2025-05-12 09:00:00,2025-05-12 10:00:00,9.399999618530273,8.140817621122501,8.699999809265137,True
60,separate_pak,2025-05-13 09:00:00,2025-05-13 10:00:00,8.699999809265137,8.154364850667726,9.399999618530273,True
60,separate_pak,2025-05-14 09:00:00,2025-05-14 10:00:00,9.199999809265137,8.074327259288047,8.699999809265137,True
60,separate_pak,2025-05-15 09:00:00,2025-05-15 10:00:00,8.300000190734863,7.86941104131207,9.199999809265137,True
60,separate_pak,2025-05-16 09:00:00,2025-05-16 10:00:00,9.0,7.726028802270994,8.300000190734863,True
60,separate_pak,2025-05-17 09:00:00,2025-05-17 10:00:00,6.800000190734863,8.830452517725766,9.0,True
60,separate_pak,2025-05-18 09:00:00,2025-05-18 10:00:00,7.900000095367432,7.61522927856536,6.800000190734863,True
60,separate_pak,2025-05-19 01:00:00,2025-05-19 02:00:00,6.900000095367432,8.701711392903958,7.900000095367432,True
60,separate_pak,2025-05-19 09:00:00,2025-05-19 10:00:00,7.599999904632568,7.571490104418864,6.900000095367432,True
60,separate_pak,2025-05-20 09:00:00,2025-05-20 10:00:00,11.300000190734863,7.973359930056082,7.599999904632568,True
60,separate_pak,2025-05-21 09:00:00,2025-05-21 10:00:00,10.199999809265137,7.78013972605633,11.300000190734863,True
60,separate_pak,2025-05-21 21:02:41,2025-05-21 22:02:41,9.0,8.008059718764063,10.199999809265137,True
60,separate_pak,2025-05-22 09:00:00,2025-05-22 10:00:00,8.800000190734863,7.538863528671184,9.0,True
60,separate_pak,2025-05-23 09:00:00,2025-05-23 10:00:00,10.0,8.276892903071754,8.800000190734863,True
60,separate_pak,2025-05-24 09:00:00,2025-05-24 10:00:00,8.0,7.9257833447692505,10.0,True
60,separate_pak,2025-05-25 09:00:00,2025-05-25 10:00:00,8.300000190734863,7.98852509618146,8.0,True
60,separate_pak,2025-05-26 09:00:00,2025-05-26 10:00:00,6.699999809265137,7.516999109230293,8.300000190734863,True
60,separate_pak,2025-05-27 09:00:00,2025-05-27 10:00:00,9.199999809265137,7.849370038870502,6.699999809265137,True
60,separate_pak,2025-05-28 09:00:00,2025-05-28 10:00:00,7.5,7.828620028601726,9.199999809265137,True
60,separate_pak,2025-05-29 09:00:00,2025-05-29 10:00:00,8.699999809265137,7.9043030283302365,7.5,True
60,separate_pak,2025-05-30 09:00:00,2025-05-30 10:00:00,10.0,7.800574815744596,8.699999809265137,True
60,separate_pak,2025-05-31 09:00:00,2025-05-31 10:00:00,6.800000190734863,7.386789662411372,10.0,True
60,separate_pak,2025-06-01 09:00:00,2025-06-01 10:00:00,8.699999809265137,7.540832148770505,6.800000190734863,True
60,separate_pak,2025-06-02 09:00:00,2025-06-02 10:00:00,8.399999618530273,7.75421132876421,8.699999809265137,True
60,separate_pak,2025-06-03 09:00:00,2025-06-03 10:00:00,23.299999237060547,7.641806702506894,8.399999618530273,True
60,separate_pak,2025-06-03 16:30:00,2025-06-03 17:30:00,8.5,7.652054478055106,23.299999237060547,True
60,separate_pak,2025-06-04 09:00:00,2025-06-04 10:00:00,6.900000095367432,7.623263337186149,8.5,True
60,separate_pak,2025-06-05 09:00:00,2025-06-05 10:00:00,9.199999809265137,8.00490239233591,6.900000095367432,True
60,separate_pak,2025-06-06 09:00:00,2025-06-06 10:00:00,8.800000190734863,7.999447231465757,9.199999809265137,True
60,separate_pak,2025-06-07 09:00:00,2025-06-07 10:00:00,9.100000381469727,8.235363817979817,8.800000190734863,True
60,separate_pak,2025-06-08 09:00:00,2025-06-08 10:00:00,9.100000381469727,8.083543032684531,9.100000381469727,True
60,separate_pak,2025-06-09 09:00:00,2025-06-09 10:00:00,9.300000190734863,7.951827570266813,9.100000381469727,True
60,separate_pak,2025-06-10 09:00:00,2025-06-10 10:00:00,8.800000190734863,8.064366289768605,9.300000190734863,True
60,separate_pak,2025-06-11 09:00:00,2025-06-11 10:00:00,7.800000190734863,8.033746392202495,8.800000190734863,True
60,separate_pak,2025-06-12 09:00:00,2025-06-12 10:00:00,9.899999618530273,8.271766367439335,7.800000190734863,True
60,separate_pak,2025-06-13 09:00:00,2025-06-13 10:00:00,9.199999809265137,8.090948736637834,9.899999618530273,True
60,separate_pak,2025-06-14 09:00:00,2025-06-14 10:00:00,8.300000190734863,8.132923617946666,9.199999809265137,True
60,separate_pak,2025-06-15 09:00:00,2025-06-15 10:00:00,8.0,7.772681553198382,8.300000190734863,True
60,separate_pak,2025-06-16 09:00:00,2025-06-16 10:00:00,9.600000381469727,8.169738475234078,8.0,True
60,separate_pak,2025-06-17 09:00:00,2025-06-17 10:00:00,9.300000190734863,7.914790867130858,9.600000381469727,True
60,separate_pak,2025-06-18 09:00:00,2025-06-18 10:00:00,8.5,8.035074248975386,9.300000190734863,True
60,separate_pak,2025-06-19 09:00:00,2025-06-19 10:00:00,10.600000381469727,8.273261750619806,8.5,True
60,separate_pak,2025-06-20 09:00:00,2025-06-20 10:00:00,8.300000190734863,8.20072803589073,10.600000381469727,True
60,separate_pak,2025-06-21 09:00:00,2025-06-21 10:00:00,3.200000047683716,7.507620129066462,8.300000190734863,True
60,separate_pak,2025-06-21 14:57:36,2025-06-21 15:57:36,8.399999618530273,7.959948007559918,3.200000047683716,True
60,separate_pak,2025-06-22 09:00:00,2025-06-22 10:00:00,7.699999809265137,7.778975818160578,8.399999618530273,True
60,separate_pak,2025-06-23 09:00:00,2025-06-23 10:00:00,7.599999904632568,7.9982757126961666,7.699999809265137,True
60,separate_pak,2025-06-24 09:00:00,2025-06-24 10:00:00,9.199999809265137,8.33201739250679,7.599999904632568,True
60,separate_pak,2025-06-25 09:00:00,2025-06-25 10:00:00,8.5,8.04790502424664,9.199999809265137,True
60,separate_pak,2025-06-26 09:00:00,2025-06-26 10:00:00,7.199999809265137,7.53965925365199,8.5,True
60,separate_pak,2025-06-27 09:00:00,2025-06-27 10:00:00,8.899999618530273,7.898160563575681,7.199999809265137,True
60,separate_pak,2025-06-28 09:00:00,2025-06-28 10:00:00,9.800000190734863,7.917249304284214,8.899999618530273,True
60,separate_pak,2025-06-29 09:00:00,2025-06-29 10:00:00,8.5,7.858001946055218,9.800000190734863,True
60,separate_pak,2025-06-30 09:00:00,2025-06-30 10:00:00,8.0,7.783174478798557,8.5,True
60,separate_pak,2025-07-01 09:00:00,2025-07-01 10:00:00,8.199999809265137,7.910158864487123,8.0,True
60,separate_pak,2025-07-02 09:00:00,2025-07-02 10:00:00,8.800000190734863,8.001306247076595,8.199999809265137,True
60,separate_pak,2025-07-03 09:00:00,2025-07-03 10:00:00,9.300000190734863,7.721092522282355,8.800000190734863,True
60,separate_pak,2025-07-04 09:00:00,2025-07-04 10:00:00,9.399999618530273,7.752522517707019,9.300000190734863,True
60,separate_pak,2025-07-05 09:00:00,2025-07-05 10:00:00,8.600000381469727,8.059716975996094,9.399999618530273,True
60,separate_pak,2025-07-06 09:00:00,2025-07-06 10:00:00,9.300000190734863,7.907405287075086,8.600000381469727,True
60,separate_pak,2025-07-07 09:00:00,2025-07-07 10:00:00,8.5,7.8949520700974265,9.300000190734863,True
60,separate_pak,2025-07-08 09:00:00,2025-07-08 10:00:00,9.199999809265137,7.949294947831373,8.5,True
60,separate_pak,2025-07-09 09:00:00,2025-07-09 10:00:00,8.199999809265137,7.837365922944022,9.199999809265137,True
60,separate_pak,2025-07-10 09:00:00,2025-07-10 10:00:00,7.599999904632568,7.60112935551021,8.199999809265137,True
60,separate_pak,2025-07-11 09:00:00,2025-07-11 10:00:00,9.100000381469727,7.949765535602893,7.599999904632568,True
60,separate_pak,2025-07-12 09:00:00,2025-07-12 10:00:00,8.800000190734863,8.077828584714092,9.100000381469727,True
60,separate_pak,2025-07-13 09:00:00,2025-07-13 10:00:00,8.5,8.019883977633077,8.800000190734863,True
60,separate_pak,2025-07-14 09:00:00,2025-07-14 10:00:00,9.800000190734863,8.223125596003577,8.5,True
60,separate_pak,2025-07-15 09:00:00,2025-07-15 10:00:00,9.399999618530273,8.344536489413597,9.800000190734863,True
60,separate_pak,2025-07-16 09:00:00,2025-07-16 10:00:00,9.100000381469727,7.9144523650583505,9.399999618530273,True
60,separate_pak,2025-07-17 09:00:00,2025-07-17 10:00:00,8.100000381469727,8.153791469707832,9.100000381469727,True
60,separate_pak,2025-07-18 09:00:00,2025-07-18 10:00:00,9.399999618530273,8.183150557675766,8.100000381469727,True
60,separate_pak,2025-07-19 09:00:00,2025-07-19 10:00:00,7.900000095367432,7.979778021358166,9.399999618530273,True
60,separate_pak,2025-07-20 09:00:00,2025-07-20 10:00:00,9.5,8.041844792924369,7.900000095367432,True
60,separate_pak,2025-07-21 09:00:00,2025-07-21 10:00:00,9.300000190734863,8.021280138473298,9.5,True
60,separate_pak,2025-07-22 09:00:00,2025-07-22 10:00:00,9.899999618530273,8.047934360603742,9.300000190734863,True
60,separate_pak,2025-07-23 09:00:00,2025-07-23 10:00:00,8.5,7.870394321961266,9.899999618530273,True
60,separate_pak,2025-07-24 09:00:00,2025-07-24 10:00:00,8.199999809265137,8.122991730447442,8.5,True
60,separate_pak,2025-07-24 12:00:00,2025-07-24 13:00:00,120.0,10.837673981052122,8.5,True
60,separate_pak,2025-07-24 12:15:00,2025-07-24 13:15:00,45.900001525878906,11.122366099928897,8.5,True
60,separate_pak,2025-07-24 14:20:00,2025-07-24 15:20:00,2.0999999046325684,9.743501211276294,8.199999809265137,True
60,separate_pak,2025-07-25 09:00:00,2025-07-25 10:00:00,9.600000381469727,8.084877539449726,2.0999999046325684,True
60,separate_pak,2025-07-26 09:00:00,2025-07-26 10:00:00,7.300000190734863,7.403617996943206,9.600000381469727,True
60,separate_pak,2025-07-27 09:00:00,2025-07-27 10:00:00,8.899999618530273,7.580745116288863,7.300000190734863,True
60,separate_pak,2025-07-28 09:00:00,2025-07-28 10:00:00,10.199999809265137,8.271341670378321,8.899999618530273,True
60,separate_pak,2025-07-28 15:00:00,2025-07-28 16:00:00,35.099998474121094,10.724766833630126,10.199999809265137,True
60,separate_pak,2025-07-28 20:26:26,2025-07-28 21:26:26,3.5,7.31780476060935,35.099998474121094,True
60,separate_pak,2025-07-29 09:00:00,2025-07-29 10:00:00,8.300000190734863,7.9818570306232,3.5,True
60,separate_pak,2025-07-30 09:00:00,2025-07-30 10:00:00,10.0,7.931645289170357,8.300000190734863,True
60,separate_pak,2025-07-31 09:00:00,2025-07-31 10:00:00,6.599999904632568,7.783155643162418,10.0,True
60,separate_pak,2025-08-01 09:00:00,2025-08-01 10:00:00,5.300000190734863,7.998666649436556,6.599999904632568,True
60,separate_pak,2025-08-03 09:00:00,2025-08-03 10:00:00,10.199999809265137,8.00269778803645,5.300000190734863,True
60,separate_pak,2025-08-04 09:00:00,2025-08-04 10:00:00,7.5,8.110866338915283,10.199999809265137,True
60,separate_pak,2025-08-05 09:00:00,2025-08-05 10:00:00,6.599999904632568,7.913671735296013,7.5,True
60,separate_pak,2025-08-05 13:05:08,2025-08-05 14:05:08,3.5999999046325684,10.253030678333703,7.5,True
60,separate_pak,2025-08-06 09:00:00,2025-08-06 10:00:00,7.900000095367432,7.85140000652877,3.5999999046325684,True
60,separate_pak,2025-08-07 09:00:00,2025-08-07 10:00:00,6.300000190734863,7.508972270602049,7.900000095367432,True
60,separate_pak,2025-08-08 09:00:00,2025-08-08 10:00:00,7.400000095367432,7.711538498054821,6.300000190734863,True
60,separate_pak,2025-08-09 09:00:00,2025-08-09 10:00:00,7.599999904632568,8.230210926603139,7.400000095367432,True
60,separate_pak,2025-08-10 09:00:00,2025-08-10 10:00:00,9.300000190734863,8.13574650778588,7.599999904632568,True
60,separate_pak,2025-08-12 09:00:00,2025-08-12 10:00:00,8.0,8.015876576586207,9.300000190734863,True
60,separate_pak,2025-08-13 09:00:00,2025-08-13 10:00:00,9.199999809265137,8.507132637583865,8.0,True
60,separate_pak,2025-08-14 09:00:00,2025-08-14 10:00:00,10.5,7.315181559354089,9.199999809265137,True
60,separate_pak,2025-08-14 13:00:00,2025-08-14 14:00:00,11.800000190734863,6.303379915509639,9.199999809265137,True
60,separate_pak,2025-08-14 19:00:00,2025-08-14 20:00:00,4.699999809265137,7.289182268263286,11.800000190734863,True
60,separate_pak,2025-08-15 09:00:00,2025-08-15 10:00:00,8.100000381469727,7.970781047937024,4.699999809265137,True
60,separate_pak,2025-08-16 09:00:00,2025-08-16 10:00:00,8.300000190734863,7.851115785931324,8.100000381469727,True
60,separate_pak,2025-08-16 19:00:00,2025-08-16 20:00:00,5.199999809265137,8.196785013653525,8.300000190734863,True
60,separate_pak,2025-08-17 09:00:00,2025-08-17 10:00:00,7.900000095367432,7.951395501223644,5.199999809265137,True
60,separate_pak,2025-08-18 09:00:00,2025-08-18 10:00:00,9.199999809265137,8.210105057927446,7.900000095367432,True
60,separate_pak,2025-08-19 09:00:00,2025-08-19 10:00:00,6.699999809265137,8.495741973171636,9.199999809265137,True
60,separate_pak,2025-08-20 09:00:00,2025-08-20 10:00:00,7.099999904632568,7.874097208426436,6.699999809265137,True
60,separate_pak,2025-08-21 09:00:00,2025-08-21 10:00:00,6.599999904632568,8.205694459494568,7.099999904632568,True
60,separate_pak,2025-08-22 09:00:00,2025-08-22 10:00:00,8.5,7.638145628870541,6.599999904632568,True
60,separate_pak,2025-08-23 09:00:00,2025-08-23 10:00:00,11.399999618530273,7.73186184854244,8.5,True
60,separate_pak,2025-08-23 21:00:00,2025-08-23 22:00:00,8.899999618530273,7.844020637459577,11.399999618530273,True
60,separate_pak,2025-08-24 09:00:00,2025-08-24 10:00:00,9.399999618530273,7.815269753172418,8.899999618530273,True
60,separate_pak,2025-08-25 09:00:00,2025-08-25 10:00:00,10.899999618530273,8.131948620400603,9.399999618530273,True
60,separate_pak,2025-08-27 09:00:00,2025-08-27 10:00:00,8.699999809265137,8.363800971692847,10.899999618530273,True
60,separate_pak,2025-08-27 21:00:00,2025-08-27 22:00:00,9.300000190734863,8.102052369834768,8.699999809265137,True
60,separate_pak,2025-08-28 09:00:00,2025-08-28 10:00:00,7.800000190734863,8.013988795546219,9.300000190734863,True
60,separate_pak,2025-08-29 09:00:00,2025-08-29 10:00:00,8.0,8.026958802341536,7.800000190734863,True
60,separate_pak,2025-08-30 09:00:00,2025-08-30 10:00:00,11.100000381469727,8.185242685342597,8.0,True
60,separate_pak,2025-08-31 09:00:00,2025-08-31 10:00:00,8.600000381469727,8.46258472479237,11.100000381469727,True
60,separate_pak,2025-09-01 09:00:00,2025-09-01 10:00:00,7.599999904632568,8.532864090136554,8.600000381469727,True
60,separate_pak,2025-09-02 09:00:00,2025-09-02 10:00:00,7.199999809265137,8.106947545108214,7.599999904632568,True
60,separate_pak,2025-09-03 09:00:00,2025-09-03 10:00:00,10.699999809265137,7.990764063706505,7.199999809265137,True
60,separate_pak,2025-09-04 09:00:00,2025-09-04 10:00:00,7.300000190734863,7.4301844217304645,10.699999809265137,True
60,separate_pak,2025-09-05 09:00:00,2025-09-05 10:00:00,9.699999809265137,8.391067764281262,7.300000190734863,True
60,separate_pak,2025-09-06 09:00:00,2025-09-06 10:00:00,11.699999809265137,8.274681930520169,9.699999809265137,True
60,separate_pak,2025-09-07 09:00:00,2025-09-07 10:00:00,10.699999809265137,8.305299766654908,11.699999809265137,True
60,separate_pak,2025-09-08 09:00:00,2025-09-08 10:00:00,9.800000190734863,8.299106463884842,10.699999809265137,True
60,separate_pak,2025-09-09 09:00:00,2025-09-09 10:00:00,8.399999618530273,7.976331152395652,9.800000190734863,True
60,separate_pak,2025-09-10 09:00:00,2025-09-10 10:00:00,10.100000381469727,8.49276658396801,8.399999618530273,True
60,separate_pak,2025-09-11 09:00:00,2025-09-11 10:00:00,8.699999809265137,8.07554972939622,10.100000381469727,True
60,separate_pak,2025-09-12 09:00:00,2025-09-12 10:00:00,9.899999618530273,8.40101322575699,8.699999809265137,True
60,separate_pak,2025-09-13 09:00:00,2025-09-13 10:00:00,9.800000190734863,8.320071340933024,9.899999618530273,True
60,separate_pak,2025-09-14 09:00:00,2025-09-14 10:00:00,9.899999618530273,8.329375592287782,9.800000190734863,True
60,separate_pak,2025-09-15 09:00:00,2025-09-15 10:00:00,8.300000190734863,8.392698808631664,9.899999618530273,True
60,separate_pak,2025-09-16 09:00:00,2025-09-16 10:00:00,9.199999809265137,8.322552108564958,8.300000190734863,True
60,separate_pak,2025-09-17 09:00:00,2025-09-17 10:00:00,9.300000190734863,8.286858450150806,9.199999809265137,True
60,separate_pak,2025-09-18 09:00:00,2025-09-18 10:00:00,9.600000381469727,8.30350741558526,9.300000190734863,True
60,separate_pak,2025-09-19 09:00:00,2025-09-19 10:00:00,9.600000381469727,8.297474678463518,9.600000381469727,True
60,separate_pak,2025-09-20 09:00:00,2025-09-20 10:00:00,8.5,8.187054607106193,9.600000381469727,True
60,separate_pak,2025-09-21 09:00:00,2025-09-21 10:00:00,7.599999904632568,8.314910036551904,8.5,True
60,separate_pak,2025-09-22 09:00:00,2025-09-22 10:00:00,8.899999618530273,8.428131701284956,7.599999904632568,True
60,separate_pak,2025-09-23 09:00:00,2025-09-23 10:00:00,10.199999809265137,8.442660482271869,8.899999618530273,True
60,separate_pak,2025-09-24 09:00:00,2025-09-24 10:00:00,10.5,8.310217901490253,10.199999809265137,True
60,separate_pak,2025-09-25 09:00:00,2025-09-25 10:00:00,9.800000190734863,8.006794801678708,10.5,True
60,separate_pak,2025-09-26 09:00:00,2025-09-26 10:00:00,7.599999904632568,7.976016826825253,9.800000190734863,True
60,separate_pak,2025-09-27 09:00:00,2025-09-27 10:00:00,8.399999618530273,7.878631680499927,7.599999904632568,True
60,separate_pak,2025-09-28 09:00:00,2025-09-28 10:00:00,9.399999618530273,7.937152579726346,8.399999618530273,True
60,separate_pak,2025-09-28 16:00:00,2025-09-28 17:00:00,15.300000190734863,7.857065710026443,9.399999618530273,True
60,separate_pak,2025-09-28 19:00:00,2025-09-28 20:00:00,8.300000190734863,7.376625681385688,9.399999618530273,True
60,separate_pak,2025-09-29 09:00:00,2025-09-29 10:00:00,9.199999809265137,8.275064290708615,8.300000190734863,True
60,separate_pak,2025-09-30 09:00:00,2025-09-30 10:00:00,8.300000190734863,7.985670530438739,9.199999809265137,True
60,separate_pak,2025-10-01 09:00:00,2025-10-01 10:00:00,9.800000190734863,8.19487187228765,8.300000190734863,True
60,separate_pak,2025-10-02 09:00:00,2025-10-02 10:00:00,9.699999809265137,8.166126783141857,9.800000190734863,True
60,separate_pak,2025-10-03 09:00:00,2025-10-03 10:00:00,10.399999618530273,8.188779718439456,9.699999809265137,True
60,separate_pak,2025-10-05 09:00:00,2025-10-05 10:00:00,9.699999809265137,7.834812229692238,10.399999618530273,True
60,separate_pak,2025-10-06 09:00:00,2025-10-06 10:00:00,9.800000190734863,7.856330842499226,9.699999809265137,True
60,separate_pak,2025-10-06 13:00:00,2025-10-06 14:00:00,5.199999809265137,7.670477514250328,9.699999809265137,True
60,separate_pak,2025-10-07 09:00:00,2025-10-07 10:00:00,9.300000190734863,7.869597335244622,5.199999809265137,True
60,separate_pak,2025-10-08 09:00:00,2025-10-08 10:00:00,9.800000190734863,8.120275251434295,9.300000190734863,True
60,separate_pak,2025-10-09 09:00:00,2025-10-09 10:00:00,12.699999809265137,7.998208449196682,9.800000190734863,True
60,separate_pak,2025-10-09 15:00:00,2025-10-09 16:00:00,8.699999809265137,7.413291390342058,12.699999809265137,True
60,separate_pak,2025-10-09 21:00:00,2025-10-09 22:00:00,9.0,8.032117330474213,8.699999809265137,True
60,separate_pak,2025-10-10 09:00:00,2025-10-10 10:00:00,10.199999809265137,8.494470612889952,9.0,True
60,separate_pak,2025-10-10 19:00:00,2025-10-10 20:00:00,9.600000381469727,7.787327203768433,10.199999809265137,True
60,separate_pak,2025-10-11 09:00:00,2025-10-11 10:00:00,9.0,7.940734337046001,9.600000381469727,True
60,separate_pak,2025-10-12 09:00:00,2025-10-12 10:00:00,10.5,8.00905777868659,9.0,True
60,separate_pak,2025-10-14 09:00:00,2025-10-14 10:00:00,9.199999809265137,6.911916804804605,10.5,True
60,separate_pak,2025-10-15 09:00:00,2025-10-15 10:00:00,9.100000381469727,7.441893793299323,9.199999809265137,True
60,separate_pak,2025-10-16 09:00:00,2025-10-16 10:00:00,12.199999809265137,8.106238262356976,9.100000381469727,True
60,separate_pak,2025-10-16 14:00:00,2025-10-16 15:00:00,9.699999809265137,7.554878739858022,12.199999809265137,True
60,separate_pak,2025-10-17 09:00:00,2025-10-17 10:00:00,10.399999618530273,7.935807706560029,9.699999809265137,True
60,separate_pak,2025-10-18 09:00:00,2025-10-18 10:00:00,10.800000190734863,7.725342803824464,10.399999618530273,True
60,separate_pak,2025-10-18 15:00:00,2025-10-18 16:00:00,8.0,7.546267253952525,10.800000190734863,True
60,separate_pak,2025-10-19 09:00:00,2025-10-19 10:00:00,6.5,7.378902352209058,8.0,True
60,separate_pak,2025-10-20 09:00:00,2025-10-20 10:00:00,10.5,7.568806044568468,6.5,True
60,separate_pak,2025-10-21 09:00:00,2025-10-21 10:00:00,10.100000381469727,7.758029030679918,10.5,True
60,separate_pak,2025-10-21 15:00:00,2025-10-21 16:00:00,11.0,7.734879417028921,10.100000381469727,True
60,separate_pak,2025-10-21 21:00:00,2025-10-21 22:00:00,10.0,7.495787054254258,11.0,True
60,separate_pak,2025-10-22 09:00:00,2025-10-22 10:00:00,9.300000190734863,7.3009373661098085,10.0,True
60,separate_pak,2025-10-22 19:00:00,2025-10-22 20:00:00,11.0,7.518867245710187,9.300000190734863,True
60,separate_pak,2025-10-23 01:00:00,2025-10-23 02:00:00,6.699999809265137,7.136330310180298,11.0,True
60,separate_pak,2025-10-23 09:00:00,2025-10-23 10:00:00,9.100000381469727,7.258998093927239,6.699999809265137,True
60,separate_pak,2025-10-23 20:00:00,2025-10-23 21:00:00,6.5,7.428566832889775,9.100000381469727,True
60,separate_pak,2025-10-24 09:00:00,2025-10-24 10:00:00,7.0,7.557324350718094,6.5,True
60,separate_pak,2025-10-25 09:00:00,2025-10-25 10:00:00,7.199999809265137,7.805850924322099,7.0,True
60,separate_pak,2025-10-26 09:00:00,2025-10-26 10:00:00,7.199999809265137,7.683216092296277,7.199999809265137,True
60,separate_pak,2025-10-27 09:00:00,2025-10-27 10:00:00,10.399999618530273,7.478181655985724,7.199999809265137,True
60,separate_pak,2025-10-27 14:15:10,2025-10-27 15:15:10,9.600000381469727,7.77921639468874,10.399999618530273,True
60,separate_pak,2025-10-27 17:46:34,2025-10-27 18:46:34,5.599999904632568,7.163565739874809,10.399999618530273,True
60,separate_pak,2025-10-27 21:00:00,2025-10-27 22:00:00,7.699999809265137,7.660778785744659,9.600000381469727,True
60,separate_pak,2025-10-28 09:00:00,2025-10-28 10:00:00,9.899999618530273,8.427458798611218,7.699999809265137,True
60,separate_pak,2025-10-28 13:00:00,2025-10-28 14:00:00,7.800000190734863,7.295432959867663,7.699999809265137,True
60,separate_pak,2025-10-29 09:00:00,2025-10-29 10:00:00,9.199999809265137,7.602860956378404,7.800000190734863,True
60,separate_pak,2025-10-30 09:00:00,2025-10-30 10:00:00,9.899999618530273,7.851374139505689,9.199999809265137,True
60,separate_pak,2025-10-31 09:00:00,2025-10-31 10:00:00,10.199999809265137,7.764386108300007,9.899999618530273,True
60,separate_pak,2025-11-01 09:00:00,2025-11-01 10:00:00,7.800000190734863,7.436817920790185,10.199999809265137,True
60,separate_pak,2025-11-02 09:00:00,2025-11-02 10:00:00,10.100000381469727,7.7074986921934325,7.800000190734863,True
60,separate_pak,2025-11-03 04:00:00,2025-11-03 05:00:00,8.5,7.3599044998659195,10.100000381469727,True
60,separate_pak,2025-11-03 09:00:00,2025-11-03 10:00:00,9.5,7.744072890062226,8.5,True
60,separate_pak,2025-11-04 09:00:00,2025-11-04 10:00:00,9.399999618530273,7.560340078828061,9.5,True
60,separate_pak,2025-11-05 09:00:00,2025-11-05 10:00:00,8.899999618530273,7.478666923434776,9.399999618530273,True
60,separate_pak,2025-11-06 09:00:00,2025-11-06 10:00:00,9.600000381469727,7.715633837660153,8.899999618530273,True
60,separate_pak,2025-11-07 09:00:00,2025-11-07 10:00:00,9.899999618530273,7.619771971925767,9.600000381469727,True
60,separate_pak,2025-11-08 09:00:00,2025-11-08 10:00:00,8.800000190734863,7.45217632782944,9.899999618530273,True
60,separate_pak,2025-11-09 09:00:00,2025-11-09 10:00:00,10.5,7.708673772733073,8.800000190734863,True
60,separate_pak,2025-11-09 12:00:00,2025-11-09 13:00:00,11.199999809265137,7.570277087484222,8.800000190734863,True
60,separate_pak,2025-11-09 16:00:09,2025-11-09 17:00:09,8.100000381469727,7.591828258890882,10.5,True
60,separate_pak,2025-11-09 23:00:00,2025-11-10 00:00:00,7.300000190734863,7.152714179119457,8.100000381469727,True
60,separate_pak,2025-11-10 09:00:00,2025-11-10 10:00:00,8.100000381469727,7.222042416136171,7.300000190734863,True
60,separate_pak,2025-11-11 09:00:00,2025-11-11 10:00:00,9.100000381469727,7.647908626755834,8.100000381469727,True
60,separate_pak,2025-11-12 09:00:00,2025-11-12 10:00:00,11.5,8.282270770564082,9.100000381469727,True
60,separate_pak,2025-11-12 16:06:58,2025-11-12 17:06:58,8.100000381469727,7.237473146641511,11.5,True
60,separate_pak,2025-11-13 09:00:00,2025-11-13 10:00:00,7.300000190734863,7.633164545851605,8.100000381469727,True
60,separate_pak,2025-11-14 09:00:00,2025-11-14 10:00:00,10.399999618530273,7.651193350087469,7.300000190734863,True
60,separate_pak,2025-11-14 21:00:00,2025-11-14 22:00:00,8.300000190734863,7.344756628214451,10.399999618530273,True
60,separate_pak,2025-11-15 09:00:00,2025-11-15 10:00:00,9.199999809265137,7.376155092512809,8.300000190734863,True
60,separate_pak,2025-11-16 09:00:00,2025-11-16 10:00:00,9.899999618530273,7.698665860173929,9.199999809265137,True
60,separate_pak,2025-11-17 09:00:00,2025-11-17 10:00:00,9.199999809265137,7.460949723826692,9.899999618530273,True
60,separate_pak,2025-11-18 09:00:00,2025-11-18 10:00:00,9.800000190734863,7.750049881360148,9.199999809265137,True
60,separate_pak,2025-11-19 09:00:00,2025-11-19 10:00:00,9.699999809265137,7.39481693142076,9.800000190734863,True
60,separate_pak,2025-11-20 09:00:00,2025-11-20 10:00:00,6.099999904632568,7.265641077889631,9.699999809265137,True
60,separate_pak,2025-11-21 09:00:00,2025-11-21 10:00:00,10.399999618530273,7.44147725434625,6.099999904632568,True
60,separate_pak,2025-11-22 09:00:00,2025-11-22 10:00:00,9.300000190734863,7.62027447934909,10.399999618530273,True
60,separate_pak,2025-11-23 09:00:00,2025-11-23 10:00:00,9.899999618530273,7.722725923882466,9.300000190734863,True
60,separate_pak,2025-11-23 21:51:00,2025-11-23 22:51:00,9.899999618530273,7.915062447448225,9.899999618530273,True
60,separate_pak,2025-11-24 01:38:00,2025-11-24 02:38:00,10.699999809265137,7.460936602416382,9.899999618530273,True
60,separate_pak,2025-11-24 09:00:00,2025-11-24 10:00:00,9.0,7.334660179096311,10.699999809265137,True
60,separate_pak,2025-11-24 19:00:00,2025-11-24 20:00:00,8.399999618530273,7.519235656665641,9.0,True
60,separate_pak,2025-11-25 09:00:00,2025-11-25 10:00:00,9.899999618530273,7.664752587876567,8.399999618530273,True
60,separate_pak,2025-11-26 09:00:00,2025-11-26 10:00:00,9.699999809265137,7.850740284201265,9.899999618530273,True
60,separate_pak,2025-11-27 09:00:00,2025-11-27 10:00:00,13.100000381469727,8.034338584150264,9.699999809265137,True
60,separate_pak,2025-11-27 11:45:00,2025-11-27 12:45:00,10.5,7.881179585724485,9.699999809265137,True
60,separate_pak,2025-11-27 21:00:00,2025-11-27 22:00:00,8.600000381469727,8.364646176503573,10.5,True
60,separate_pak,2025-11-28 09:00:00,2025-11-28 10:00:00,9.0,7.777729741824539,8.600000381469727,True
60,separate_pak,2025-11-29 09:00:00,2025-11-29 10:00:00,7.300000190734863,7.4641689347244515,9.0,True
60,separate_pak,2025-11-30 09:00:00,2025-11-30 10:00:00,8.699999809265137,7.908833141740674,7.300000190734863,True
60,separate_pak,2025-12-01 09:00:00,2025-12-01 10:00:00,7.800000190734863,7.398809971070802,8.699999809265137,True
60,separate_pak,2025-12-02 09:00:00,2025-12-02 10:00:00,8.399999618530273,7.772541763024245,7.800000190734863,True
60,separate_pak,2025-12-03 09:00:00,2025-12-03 10:00:00,6.800000190734863,7.598672700717101,8.399999618530273,True
60,separate_pak,2025-12-04 09:00:00,2025-12-04 10:00:00,7.800000190734863,7.9139529288795885,6.800000190734863,True
60,separate_pak,2025-12-05 09:00:00,2025-12-05 10:00:00,9.0,8.11450386375012,7.800000190734863,True
60,separate_pak,2025-12-06 09:00:00,2025-12-06 10:00:00,8.300000190734863,7.710945593221236,9.0,True
60,separate_pak,2025-12-07 09:00:00,2025-12-07 10:00:00,10.199999809265137,7.3477305205629175,8.300000190734863,True
60,separate_pak,2025-12-08 09:00:00,2025-12-08 10:00:00,8.199999809265137,7.413529326725136,10.199999809265137,True
60,separate_pak,2025-12-09 09:00:00,2025-12-09 10:00:00,9.100000381469727,7.682164027458374,8.199999809265137,True
60,separate_pak,2025-12-10 05:00:00,2025-12-10 06:00:00,9.800000190734863,8.112560923462697,9.100000381469727,True
60,separate_pak,2025-12-10 08:35:00,2025-12-10 09:35:00,8.0,8.120228334878218,9.100000381469727,True
60,separate_pak,2025-12-10 19:00:00,2025-12-10 20:00:00,7.800000190734863,8.017871644854914,8.0,True
60,separate_pak,2025-12-11 09:00:00,2025-12-11 10:00:00,7.300000190734863,7.572203677169492,7.800000190734863,True
60,separate_pak,2025-12-11 16:00:00,2025-12-11 17:00:00,10.5,7.712360139543286,7.300000190734863,True
60,separate_pak,2025-12-12 09:00:00,2025-12-12 10:00:00,7.599999904632568,7.834494209456855,10.5,True
60,separate_pak,2025-12-13 09:00:00,2025-12-13 10:00:00,6.699999809265137,7.730295049805724,7.599999904632568,True
60,separate_pak,2025-12-14 09:00:00,2025-12-14 10:00:00,6.400000095367432,8.371424715202673,6.699999809265137,True
60,separate_pak,2025-12-14 13:22:00,2025-12-14 14:22:00,11.0,7.9311622591273885,6.699999809265137,True
60,separate_pak,2025-12-15 09:00:00,2025-12-15 10:00:00,8.800000190734863,7.709522650786168,11.0,True
60,separate_pak,2025-12-16 09:00:00,2025-12-16 10:00:00,7.400000095367432,7.597195262035077,8.800000190734863,True
60,separate_pak,2025-12-17 09:00:00,2025-12-17 10:00:00,8.399999618530273,7.984338912475865,7.400000095367432,True
60,separate_pak,2025-12-18 09:00:00,2025-12-18 10:00:00,9.300000190734863,8.297386839007064,8.399999618530273,True
60,separate_pak,2025-12-19 09:00:00,2025-12-19 10:00:00,9.399999618530273,8.029525631869207,9.300000190734863,True
60,separate_pak,2025-12-20 09:00:00,2025-12-20 10:00:00,9.100000381469727,7.894874956133766,9.399999618530273,True
60,separate_pak,2025-12-21 09:00:00,2025-12-21 10:00:00,8.800000190734863,7.830152241073076,9.100000381469727,True
60,separate_pak,2025-12-22 09:00:00,2025-12-22 10:00:00,9.0,7.6458869792809665,8.800000190734863,True
60,separate_pak,2025-12-23 09:00:00,2025-12-23 10:00:00,8.300000190734863,7.618345846174966,9.0,True
60,separate_pak,2025-12-24 09:00:00,2025-12-24 10:00:00,5.099999904632568,7.207424667505094,8.300000190734863,True
60,separate_pak,2025-12-25 09:00:00,2025-12-25 10:00:00,9.0,8.913292558211717,5.099999904632568,True
60,separate_pak,2025-12-26 09:00:00,2025-12-26 10:00:00,6.199999809265137,7.816788069088592,9.0,True
60,separate_pak,2025-12-27 09:00:00,2025-12-27 10:00:00,8.899999618530273,8.017413526849158,6.199999809265137,True
60,separate_pak,2025-12-28 09:00:00,2025-12-28 10:00:00,10.899999618530273,7.998472055830501,8.899999618530273,True
60,separate_pak,2025-12-28 23:00:00,2025-12-29 00:00:00,10.5,7.772833130061361,10.899999618530273,True
60,separate_pak,2025-12-29 01:30:00,2025-12-29 02:30:00,7.900000095367432,7.519759053568501,10.899999618530273,True
60,separate_pak,2025-12-29 09:00:00,2025-12-29 10:00:00,4.699999809265137,6.716648205008671,7.900000095367432,True
60,separate_pak,2025-12-30 09:00:00,2025-12-30 10:00:00,9.699999809265137,7.507795925893426,4.699999809265137,True
60,separate_pak,2025-12-31 09:00:00,2025-12-31 10:00:00,9.0,7.639767499294138,9.699999809265137,True
60,process_lags,2025-01-01 09:00:00,2025-01-01 10:00:00,3.5,6.794839088732149,2.700000047683716,True
60,process_lags,2025-01-02 09:00:00,2025-01-02 10:00:00,7.099999904632568,7.987201187158252,3.5,True
60,process_lags,2025-01-03 09:00:00,2025-01-03 10:00:00,7.699999809265137,8.156067345956128,7.099999904632568,True
60,process_lags,2025-01-04 09:00:00,2025-01-04 10:00:00,5.400000095367432,7.766076905021867,7.699999809265137,True
60,process_lags,2025-01-05 09:00:00,2025-01-05 10:00:00,5.300000190734863,7.274345999818495,5.400000095367432,True
60,process_lags,2025-01-06 09:00:00,2025-01-06 10:00:00,4.800000190734863,7.239033572237936,5.300000190734863,True
60,process_lags,2025-01-07 09:00:00,2025-01-07 10:00:00,5.099999904632568,7.159394636259117,4.800000190734863,True
60,process_lags,2025-01-08 09:00:00,2025-01-08 10:00:00,3.5999999046325684,6.882666429649553,5.099999904632568,True
60,process_lags,2025-01-09 09:00:00,2025-01-09 10:00:00,3.9000000953674316,7.002590355636693,3.5999999046325684,True
60,process_lags,2025-01-10 09:00:00,2025-01-10 10:00:00,3.5,6.9142185398302916,3.9000000953674316,True
60,process_lags,2025-01-11 09:00:00,2025-01-11 10:00:00,3.5999999046325684,6.8222327067126205,3.5,True
60,process_lags,2025-01-12 09:00:00,2025-01-12 10:00:00,4.199999809265137,7.029193081878061,3.5999999046325684,True
60,process_lags,2025-01-13 09:00:00,2025-01-13 10:00:00,6.0,7.33261651015645,4.199999809265137,True
60,process_lags,2025-01-14 09:00:00,2025-01-14 10:00:00,1.600000023841858,5.275157141571937,6.0,True
60,process_lags,2025-01-15 09:00:00,2025-01-15 10:00:00,1.899999976158142,7.121077951692856,1.600000023841858,True
60,process_lags,2025-01-16 09:00:00,2025-01-16 10:00:00,7.099999904632568,8.14259683494792,1.899999976158142,True
60,process_lags,2025-01-17 09:00:00,2025-01-17 10:00:00,8.199999809265137,7.816049313967978,7.099999904632568,True
60,process_lags,2025-01-18 09:00:00,2025-01-18 10:00:00,7.599999904632568,7.834485869347782,8.199999809265137,True
60,process_lags,2025-01-19 09:00:00,2025-01-19 10:00:00,6.900000095367432,7.735235890262237,7.599999904632568,True
60,process_lags,2025-01-20 09:00:00,2025-01-20 10:00:00,10.600000381469727,8.407999687232845,6.900000095367432,True
60,process_lags,2025-01-21 09:00:00,2025-01-21 10:00:00,8.300000190734863,8.147678201183371,10.600000381469727,True
60,process_lags,2025-01-22 09:00:00,2025-01-22 10:00:00,6.099999904632568,7.840588064289365,8.300000190734863,True
60,process_lags,2025-01-23 09:00:00,2025-01-23 10:00:00,6.099999904632568,8.222559144066606,6.099999904632568,True
60,process_lags,2025-01-23 21:00:00,2025-01-23 22:00:00,5.900000095367432,8.305419565411711,6.099999904632568,True
60,process_lags,2025-01-24 09:00:00,2025-01-24 10:00:00,6.699999809265137,8.80494655585629,5.900000095367432,True
60,process_lags,2025-01-25 09:00:00,2025-01-25 10:00:00,7.5,7.94891261319224,6.699999809265137,True
60,process_lags,2025-01-26 09:00:00,2025-01-26 10:00:00,8.899999618530273,8.355557057744262,7.5,True
60,process_lags,2025-01-27 09:00:00,2025-01-27 10:00:00,6.0,7.898147976868961,8.899999618530273,True
60,process_lags,2025-01-28 09:00:00,2025-01-28 10:00:00,7.900000095367432,7.917728955240767,6.0,True
60,process_lags,2025-01-29 09:00:00,2025-01-29 10:00:00,6.199999809265137,7.985596030525491,7.900000095367432,True
60,process_lags,2025-01-30 09:00:00,2025-01-30 10:00:00,5.900000095367432,8.421079165781073,6.199999809265137,True
60,process_lags,2025-01-31 09:00:00,2025-01-31 10:00:00,7.400000095367432,8.611093319932829,5.900000095367432,True
60,process_lags,2025-02-01 09:00:00,2025-02-01 10:00:00,9.600000381469727,8.135039376717955,7.400000095367432,True
60,process_lags,2025-02-02 09:00:00,2025-02-02 10:00:00,10.5,8.521912265188778,9.600000381469727,True
60,process_lags,2025-02-03 03:48:22,2025-02-03 04:48:22,10.699999809265137,10.405891122661144,10.5,True
60,process_lags,2025-02-03 09:00:00,2025-02-03 10:00:00,8.5,10.311299541045884,10.699999809265137,True
60,process_lags,2025-02-04 09:00:00,2025-02-04 10:00:00,7.099999904632568,8.101183171020391,8.5,True
60,process_lags,2025-02-05 09:00:00,2025-02-05 10:00:00,7.400000095367432,8.023263359312114,7.099999904632568,True
60,process_lags,2025-02-07 09:00:00,2025-02-07 10:00:00,8.300000190734863,8.045278494367507,7.400000095367432,True
60,process_lags,2025-02-08 09:00:00,2025-02-08 10:00:00,8.100000381469727,7.9976932307835575,8.300000190734863,True
60,process_lags,2025-02-09 09:00:00,2025-02-09 10:00:00,9.899999618530273,8.311159459355514,8.100000381469727,True
60,process_lags,2025-02-10 09:00:00,2025-02-10 10:00:00,9.5,8.485774454686986,9.899999618530273,True
60,process_lags,2025-02-11 09:00:00,2025-02-11 10:00:00,6.800000190734863,8.001266272248227,9.5,True
60,process_lags,2025-02-12 09:00:00,2025-02-12 10:00:00,9.600000381469727,8.178125168682941,6.800000190734863,True
60,process_lags,2025-02-13 09:00:00,2025-02-13 10:00:00,11.600000381469727,8.286618607079788,9.600000381469727,True
60,process_lags,2025-02-13 15:46:39,2025-02-13 16:46:39,8.899999618530273,7.982540224524815,11.600000381469727,True
60,process_lags,2025-02-14 09:00:00,2025-02-14 10:00:00,7.0,7.720343355112291,8.899999618530273,True
60,process_lags,2025-02-14 21:41:16,2025-02-14 22:41:16,11.899999618530273,7.234589630706196,7.0,True
60,process_lags,2025-02-15 01:39:46,2025-02-15 02:39:46,8.0,7.858181108122411,7.0,True
60,process_lags,2025-02-15 09:00:00,2025-02-15 10:00:00,9.100000381469727,6.87289264591964,8.0,True
60,process_lags,2025-02-16 09:00:00,2025-02-16 10:00:00,7.300000190734863,8.00552360066918,9.100000381469727,True
60,process_lags,2025-02-17 09:00:00,2025-02-17 10:00:00,8.699999809265137,7.970694018923462,7.300000190734863,True
60,process_lags,2025-02-18 09:00:00,2025-02-18 10:00:00,8.5,7.742343472265032,8.699999809265137,True
60,process_lags,2025-02-19 09:00:00,2025-02-19 10:00:00,10.199999809265137,8.128663264686987,8.5,True
60,process_lags,2025-02-20 09:00:00,2025-02-20 10:00:00,5.699999809265137,7.836648826178445,10.199999809265137,True
60,process_lags,2025-02-21 09:00:00,2025-02-21 10:00:00,9.399999618530273,7.7918745490672485,5.699999809265137,True
60,process_lags,2025-02-22 09:00:00,2025-02-22 10:00:00,9.100000381469727,7.975501539256047,9.399999618530273,True
60,process_lags,2025-02-23 09:00:00,2025-02-23 10:00:00,10.300000190734863,8.122248235916766,9.100000381469727,True
60,process_lags,2025-02-24 09:00:00,2025-02-24 10:00:00,9.399999618530273,7.872988793747897,10.300000190734863,True
60,process_lags,2025-02-25 09:00:00,2025-02-25 10:00:00,9.399999618530273,8.101130313469387,9.399999618530273,True
60,process_lags,2025-02-26 09:00:00,2025-02-26 10:00:00,8.800000190734863,8.304910375895822,9.399999618530273,True
60,process_lags,2025-02-27 09:00:00,2025-02-27 10:00:00,10.300000190734863,8.322595370031426,8.800000190734863,True
60,process_lags,2025-02-28 09:00:00,2025-02-28 10:00:00,10.600000381469727,8.267314826630528,10.300000190734863,True
60,process_lags,2025-03-01 09:00:00,2025-03-01 10:00:00,7.800000190734863,7.857630896366878,10.600000381469727,True
60,process_lags,2025-03-02 09:00:00,2025-03-02 10:00:00,10.0,7.937150400481924,7.800000190734863,True
60,process_lags,2025-03-03 09:00:00,2025-03-03 10:00:00,8.300000190734863,7.90100032214378,10.0,True
60,process_lags,2025-03-06 09:00:00,2025-03-06 10:00:00,8.5,8.302020123955854,,False
60,process_lags,2025-03-07 09:00:00,2025-03-07 10:00:00,8.399999618530273,7.444996734466816,8.5,True
60,process_lags,2025-03-08 09:00:00,2025-03-08 10:00:00,8.0,7.612902241306012,8.399999618530273,True
60,process_lags,2025-03-09 09:00:00,2025-03-09 10:00:00,9.5,7.94420337012582,8.0,True
60,process_lags,2025-03-10 09:00:00,2025-03-10 10:00:00,10.199999809265137,8.125725456176419,9.5,True
60,process_lags,2025-03-11 09:00:00,2025-03-11 10:00:00,8.100000381469727,8.063168538786396,10.199999809265137,True
60,process_lags,2025-03-12 09:00:00,2025-03-12 10:00:00,8.600000381469727,8.518435129386315,8.100000381469727,True
60,process_lags,2025-03-13 09:00:00,2025-03-13 10:00:00,7.699999809265137,7.712318684963368,8.600000381469727,True
60,process_lags,2025-03-14 09:00:00,2025-03-14 10:00:00,9.899999618530273,7.939596261931429,7.699999809265137,True
60,process_lags,2025-03-15 09:00:00,2025-03-15 10:00:00,10.399999618530273,8.79375560013711,9.899999618530273,True
60,process_lags,2025-03-16 09:00:00,2025-03-16 10:00:00,10.5,8.430026240008377,10.399999618530273,True
60,process_lags,2025-03-17 09:00:00,2025-03-17 10:00:00,12.399999618530273,9.159713258546685,10.5,True
60,process_lags,2025-03-18 09:00:00,2025-03-18 10:00:00,12.300000190734863,9.185823702251556,12.399999618530273,True
60,process_lags,2025-03-19 09:00:00,2025-03-19 10:00:00,10.300000190734863,8.710824197755972,12.300000190734863,True
60,process_lags,2025-03-20 09:00:00,2025-03-20 10:00:00,11.300000190734863,8.579696275549116,10.300000190734863,True
60,process_lags,2025-03-21 09:00:00,2025-03-21 10:00:00,9.600000381469727,8.467769837345605,11.300000190734863,True
60,process_lags,2025-03-22 09:00:00,2025-03-22 10:00:00,8.800000190734863,8.249239348006101,9.600000381469727,True
60,process_lags,2025-03-23 09:00:00,2025-03-23 10:00:00,6.900000095367432,6.793931942048277,8.800000190734863,True
60,process_lags,2025-03-24 05:00:00,2025-03-24 06:00:00,6.800000190734863,6.7754228094772015,6.900000095367432,True
60,process_lags,2025-03-24 09:00:00,2025-03-24 10:00:00,6.5,7.9536628018969875,6.900000095367432,True
60,process_lags,2025-03-24 23:01:00,2025-03-25 00:01:00,11.0,6.691151842927146,6.5,True
60,process_lags,2025-03-25 05:00:00,2025-03-25 06:00:00,13.399999618530273,6.9100661137021335,11.0,True
60,process_lags,2025-03-25 09:00:00,2025-03-25 10:00:00,8.100000381469727,6.360952891918025,11.0,True
60,process_lags,2025-03-25 19:00:00,2025-03-25 20:00:00,10.5,7.748915904274234,8.100000381469727,True
60,process_lags,2025-03-26 09:00:00,2025-03-26 10:00:00,8.300000190734863,7.385993207057583,10.5,True
60,process_lags,2025-03-26 22:07:57,2025-03-26 23:07:57,10.199999809265137,7.834236775117551,8.300000190734863,True
60,process_lags,2025-03-27 09:00:00,2025-03-27 10:00:00,5.400000095367432,7.038272634175373,10.199999809265137,True
60,process_lags,2025-03-29 09:00:00,2025-03-29 10:00:00,8.399999618530273,8.195674777672231,5.400000095367432,True
60,process_lags,2025-03-30 09:00:00,2025-03-30 10:00:00,10.199999809265137,8.117751201052073,8.399999618530273,True
60,process_lags,2025-03-31 09:00:00,2025-03-31 10:00:00,8.600000381469727,7.98049358414853,10.199999809265137,True
60,process_lags,2025-04-01 09:00:00,2025-04-01 10:00:00,7.0,7.707521578539641,8.600000381469727,True
60,process_lags,2025-04-02 09:00:00,2025-04-02 10:00:00,7.300000190734863,9.022541588332134,7.0,True
60,process_lags,2025-04-03 09:00:00,2025-04-03 10:00:00,9.899999618530273,8.50815976166157,7.300000190734863,True
60,process_lags,2025-04-05 09:00:00,2025-04-05 10:00:00,5.800000190734863,7.882684426349238,9.899999618530273,True
60,process_lags,2025-04-06 09:00:00,2025-04-06 10:00:00,6.800000190734863,8.169497019981435,5.800000190734863,True
60,process_lags,2025-04-07 09:00:00,2025-04-07 10:00:00,7.5,8.098795760588516,6.800000190734863,True
60,process_lags,2025-04-08 09:00:00,2025-04-08 10:00:00,6.800000190734863,8.09965856008225,7.5,True
60,process_lags,2025-04-09 09:00:00,2025-04-09 10:00:00,8.100000381469727,8.267614951706232,6.800000190734863,True
60,process_lags,2025-04-10 09:00:00,2025-04-10 10:00:00,6.099999904632568,7.68302678057278,8.100000381469727,True
60,process_lags,2025-04-11 09:00:00,2025-04-11 10:00:00,7.400000095367432,8.12008732810836,6.099999904632568,True
60,process_lags,2025-04-12 09:00:00,2025-04-12 10:00:00,8.699999809265137,8.012499296532145,7.400000095367432,True
60,process_lags,2025-04-13 09:00:00,2025-04-13 10:00:00,5.300000190734863,7.449278109706555,8.699999809265137,True
60,process_lags,2025-04-14 09:00:00,2025-04-14 10:00:00,7.699999809265137,8.094801860924573,5.300000190734863,True
60,process_lags,2025-04-15 09:00:00,2025-04-15 10:00:00,8.5,7.286668900567868,7.699999809265137,True
60,process_lags,2025-04-16 09:00:00,2025-04-16 10:00:00,7.699999809265137,7.901841707144969,8.5,True
60,process_lags,2025-04-17 09:00:00,2025-04-17 10:00:00,5.199999809265137,7.354515902653633,7.699999809265137,True
60,process_lags,2025-04-18 09:00:00,2025-04-18 10:00:00,8.800000190734863,8.471488080466424,5.199999809265137,True
60,process_lags,2025-04-18 19:00:00,2025-04-18 20:00:00,10.0,7.816867359188185,8.800000190734863,True
60,process_lags,2025-04-19 09:00:00,2025-04-19 10:00:00,8.800000190734863,8.230590021835317,10.0,True
60,process_lags,2025-04-20 09:00:00,2025-04-20 10:00:00,11.800000190734863,8.577611958216384,8.800000190734863,True
60,process_lags,2025-04-21 09:00:00,2025-04-21 10:00:00,11.399999618530273,8.087303661681782,11.800000190734863,True
60,process_lags,2025-04-22 09:00:00,2025-04-22 10:00:00,10.600000381469727,8.592281568413078,11.399999618530273,True
60,process_lags,2025-04-23 09:00:00,2025-04-23 10:00:00,13.5,8.865813455397491,10.600000381469727,True
60,process_lags,2025-04-24 09:00:00,2025-04-24 10:00:00,12.399999618530273,8.577402818997427,13.5,True
60,process_lags,2025-04-25 09:00:00,2025-04-25 10:00:00,9.399999618530273,7.657672625565837,12.399999618530273,True
60,process_lags,2025-04-26 05:00:00,2025-04-26 06:00:00,9.0,8.992919135194937,9.399999618530273,True
60,process_lags,2025-04-26 09:00:00,2025-04-26 10:00:00,9.5,9.393237128679342,9.399999618530273,True
60,process_lags,2025-04-27 09:00:00,2025-04-27 10:00:00,7.699999809265137,7.76235791090531,9.5,True
60,process_lags,2025-04-28 09:00:00,2025-04-28 10:00:00,10.0,8.122294895787444,7.699999809265137,True
60,process_lags,2025-04-29 09:00:00,2025-04-29 10:00:00,7.5,7.7846985643541835,10.0,True
60,process_lags,2025-04-30 09:00:00,2025-04-30 10:00:00,6.5,7.455308230809964,7.5,True
60,process_lags,2025-05-01 09:00:00,2025-05-01 10:00:00,11.300000190734863,8.330973028201702,6.5,True
60,process_lags,2025-05-02 09:00:00,2025-05-02 10:00:00,8.300000190734863,8.10033926607823,11.300000190734863,True
60,process_lags,2025-05-03 09:00:00,2025-05-03 10:00:00,9.899999618530273,8.450547165915726,8.300000190734863,True
60,process_lags,2025-05-04 09:00:00,2025-05-04 10:00:00,8.399999618530273,7.960180404623786,9.899999618530273,True
60,process_lags,2025-05-05 09:00:00,2025-05-05 10:00:00,8.600000381469727,7.954703013611512,8.399999618530273,True
60,process_lags,2025-05-06 09:00:00,2025-05-06 10:00:00,8.5,7.957036518057329,8.600000381469727,True
60,process_lags,2025-05-07 09:00:00,2025-05-07 10:00:00,9.699999809265137,8.16051227134881,8.5,True
60,process_lags,2025-05-08 09:00:00,2025-05-08 10:00:00,9.399999618530273,8.218656462856819,9.699999809265137,True
60,process_lags,2025-05-09 09:00:00,2025-05-09 10:00:00,9.699999809265137,7.959614818732037,9.399999618530273,True
60,process_lags,2025-05-10 09:00:00,2025-05-10 10:00:00,9.199999809265137,7.76723653749511,9.699999809265137,True
60,process_lags,2025-05-11 09:00:00,2025-05-11 10:00:00,11.0,9.073670516863638,9.199999809265137,True
60,process_lags,2025-05-11 13:00:00,2025-05-11 14:00:00,8.699999809265137,7.697231728098448,9.199999809265137,True
60,process_lags,2025-05-12 09:00:00,2025-05-12 10:00:00,9.399999618530273,8.087500640634392,8.699999809265137,True
60,process_lags,2025-05-13 09:00:00,2025-05-13 10:00:00,8.699999809265137,8.073784926637476,9.399999618530273,True
60,process_lags,2025-05-14 09:00:00,2025-05-14 10:00:00,9.199999809265137,7.983308527311237,8.699999809265137,True
60,process_lags,2025-05-15 09:00:00,2025-05-15 10:00:00,8.300000190734863,7.650683030155754,9.199999809265137,True
60,process_lags,2025-05-16 09:00:00,2025-05-16 10:00:00,9.0,7.621427460822748,8.300000190734863,True
60,process_lags,2025-05-17 09:00:00,2025-05-17 10:00:00,6.800000190734863,8.967472264990308,9.0,True
60,process_lags,2025-05-18 09:00:00,2025-05-18 10:00:00,7.900000095367432,7.4171556484948535,6.800000190734863,True
60,process_lags,2025-05-19 01:00:00,2025-05-19 02:00:00,6.900000095367432,8.439962257498461,7.900000095367432,True
60,process_lags,2025-05-19 09:00:00,2025-05-19 10:00:00,7.599999904632568,7.3855048918564385,6.900000095367432,True
60,process_lags,2025-05-20 09:00:00,2025-05-20 10:00:00,11.300000190734863,7.831888137663279,7.599999904632568,True
60,process_lags,2025-05-21 09:00:00,2025-05-21 10:00:00,10.199999809265137,7.615305747996006,11.300000190734863,True
60,process_lags,2025-05-21 21:02:41,2025-05-21 22:02:41,9.0,7.676416530335393,10.199999809265137,True
60,process_lags,2025-05-22 09:00:00,2025-05-22 10:00:00,8.800000190734863,7.312172415390899,9.0,True
60,process_lags,2025-05-23 09:00:00,2025-05-23 10:00:00,10.0,8.169953903073461,8.800000190734863,True
60,process_lags,2025-05-24 09:00:00,2025-05-24 10:00:00,8.0,7.846611478906729,10.0,True
60,process_lags,2025-05-25 09:00:00,2025-05-25 10:00:00,8.300000190734863,7.856823018898407,8.0,True
60,process_lags,2025-05-26 09:00:00,2025-05-26 10:00:00,6.699999809265137,7.294477060196703,8.300000190734863,True
60,process_lags,2025-05-27 09:00:00,2025-05-27 10:00:00,9.199999809265137,7.691336383179621,6.699999809265137,True
60,process_lags,2025-05-28 09:00:00,2025-05-28 10:00:00,7.5,7.665546836518665,9.199999809265137,True
60,process_lags,2025-05-29 09:00:00,2025-05-29 10:00:00,8.699999809265137,7.80499966787446,7.5,True
60,process_lags,2025-05-30 09:00:00,2025-05-30 10:00:00,10.0,7.630824272719279,8.699999809265137,True
60,process_lags,2025-05-31 09:00:00,2025-05-31 10:00:00,6.800000190734863,7.081650315737647,10.0,True
60,process_lags,2025-06-01 09:00:00,2025-06-01 10:00:00,8.699999809265137,7.353197150441957,6.800000190734863,True
60,process_lags,2025-06-02 09:00:00,2025-06-02 10:00:00,8.399999618530273,7.495393019699948,8.699999809265137,True
60,process_lags,2025-06-03 09:00:00,2025-06-03 10:00:00,23.299999237060547,7.4252415817075565,8.399999618530273,True
60,process_lags,2025-06-03 16:30:00,2025-06-03 17:30:00,8.5,7.439128256266647,23.299999237060547,True
60,process_lags,2025-06-04 09:00:00,2025-06-04 10:00:00,6.900000095367432,7.47908620079259,8.5,True
60,process_lags,2025-06-05 09:00:00,2025-06-05 10:00:00,9.199999809265137,7.888871121648686,6.900000095367432,True
60,process_lags,2025-06-06 09:00:00,2025-06-06 10:00:00,8.800000190734863,7.884227227540096,9.199999809265137,True
60,process_lags,2025-06-07 09:00:00,2025-06-07 10:00:00,9.100000381469727,8.163092037681139,8.800000190734863,True
60,process_lags,2025-06-08 09:00:00,2025-06-08 10:00:00,9.100000381469727,7.982788403060894,9.100000381469727,True
60,process_lags,2025-06-09 09:00:00,2025-06-09 10:00:00,9.300000190734863,7.808964199007008,9.100000381469727,True
60,process_lags,2025-06-10 09:00:00,2025-06-10 10:00:00,8.800000190734863,7.956844272496154,9.300000190734863,True
60,process_lags,2025-06-11 09:00:00,2025-06-11 10:00:00,7.800000190734863,7.937719380934958,8.800000190734863,True
60,process_lags,2025-06-12 09:00:00,2025-06-12 10:00:00,9.899999618530273,8.178737008358965,7.800000190734863,True
60,process_lags,2025-06-13 09:00:00,2025-06-13 10:00:00,9.199999809265137,7.94556811905241,9.899999618530273,True
60,process_lags,2025-06-14 09:00:00,2025-06-14 10:00:00,8.300000190734863,8.065350784768128,9.199999809265137,True
60,process_lags,2025-06-15 09:00:00,2025-06-15 10:00:00,8.0,7.59862079983319,8.300000190734863,True
60,process_lags,2025-06-16 09:00:00,2025-06-16 10:00:00,9.600000381469727,8.094190558577802,8.0,True
60,process_lags,2025-06-17 09:00:00,2025-06-17 10:00:00,9.300000190734863,7.608837464033849,9.600000381469727,True
60,process_lags,2025-06-18 09:00:00,2025-06-18 10:00:00,8.5,7.977768243870312,9.300000190734863,True
60,process_lags,2025-06-19 09:00:00,2025-06-19 10:00:00,10.600000381469727,8.177874016954503,8.5,True
60,process_lags,2025-06-20 09:00:00,2025-06-20 10:00:00,8.300000190734863,8.080707441375063,10.600000381469727,True
60,process_lags,2025-06-21 09:00:00,2025-06-21 10:00:00,3.200000047683716,7.483801728343721,8.300000190734863,True
60,process_lags,2025-06-21 14:57:36,2025-06-21 15:57:36,8.399999618530273,7.7546568979624855,3.200000047683716,True
60,process_lags,2025-06-22 09:00:00,2025-06-22 10:00:00,7.699999809265137,7.664429610582875,8.399999618530273,True
60,process_lags,2025-06-23 09:00:00,2025-06-23 10:00:00,7.599999904632568,7.937816037923941,7.699999809265137,True
60,process_lags,2025-06-24 09:00:00,2025-06-24 10:00:00,9.199999809265137,8.331099740896242,7.599999904632568,True
60,process_lags,2025-06-25 09:00:00,2025-06-25 10:00:00,8.5,8.032457373233964,9.199999809265137,True
60,process_lags,2025-06-26 09:00:00,2025-06-26 10:00:00,7.199999809265137,7.265960411683567,8.5,True
60,process_lags,2025-06-27 09:00:00,2025-06-27 10:00:00,8.899999618530273,7.726439572083841,7.199999809265137,True
60,process_lags,2025-06-28 09:00:00,2025-06-28 10:00:00,9.800000190734863,7.775835439346601,8.899999618530273,True
60,process_lags,2025-06-29 09:00:00,2025-06-29 10:00:00,8.5,7.698745855181135,9.800000190734863,True
60,process_lags,2025-06-30 09:00:00,2025-06-30 10:00:00,8.0,7.6389441417700805,8.5,True
60,process_lags,2025-07-01 09:00:00,2025-07-01 10:00:00,8.199999809265137,7.749415032223476,8.0,True
60,process_lags,2025-07-02 09:00:00,2025-07-02 10:00:00,8.800000190734863,7.874098133310529,8.199999809265137,True
60,process_lags,2025-07-03 09:00:00,2025-07-03 10:00:00,9.300000190734863,7.51829305868876,8.800000190734863,True
60,process_lags,2025-07-04 09:00:00,2025-07-04 10:00:00,9.399999618530273,7.583784869608461,9.300000190734863,True
60,process_lags,2025-07-05 09:00:00,2025-07-05 10:00:00,8.600000381469727,7.94162057131248,9.399999618530273,True
60,process_lags,2025-07-06 09:00:00,2025-07-06 10:00:00,9.300000190734863,7.775812866614725,8.600000381469727,True
60,process_lags,2025-07-07 09:00:00,2025-07-07 10:00:00,8.5,7.781242184177573,9.300000190734863,True
60,process_lags,2025-07-08 09:00:00,2025-07-08 10:00:00,9.199999809265137,7.799995687624088,8.5,True
60,process_lags,2025-07-09 09:00:00,2025-07-09 10:00:00,8.199999809265137,7.647239591202023,9.199999809265137,True
60,process_lags,2025-07-10 09:00:00,2025-07-10 10:00:00,7.599999904632568,7.437454527692008,8.199999809265137,True
60,process_lags,2025-07-11 09:00:00,2025-07-11 10:00:00,9.100000381469727,7.82449632197571,7.599999904632568,True
60,process_lags,2025-07-12 09:00:00,2025-07-12 10:00:00,8.800000190734863,7.983398543222597,9.100000381469727,True
60,process_lags,2025-07-13 09:00:00,2025-07-13 10:00:00,8.5,7.9743986133397495,8.800000190734863,True
60,process_lags,2025-07-14 09:00:00,2025-07-14 10:00:00,9.800000190734863,8.221584604203285,8.5,True
60,process_lags,2025-07-15 09:00:00,2025-07-15 10:00:00,9.399999618530273,8.352658579618804,9.800000190734863,True
60,process_lags,2025-07-16 09:00:00,2025-07-16 10:00:00,9.100000381469727,7.8466270187586655,9.399999618530273,True
60,process_lags,2025-07-17 09:00:00,2025-07-17 10:00:00,8.100000381469727,8.047043628414848,9.100000381469727,True
60,process_lags,2025-07-18 09:00:00,2025-07-18 10:00:00,9.399999618530273,8.076179043302918,8.100000381469727,True
60,process_lags,2025-07-19 09:00:00,2025-07-19 10:00:00,7.900000095367432,7.8850578572498105,9.399999618530273,True
60,process_lags,2025-07-20 09:00:00,2025-07-20 10:00:00,9.5,7.9497967581369835,7.900000095367432,True
60,process_lags,2025-07-21 09:00:00,2025-07-21 10:00:00,9.300000190734863,7.873276252496453,9.5,True
60,process_lags,2025-07-22 09:00:00,2025-07-22 10:00:00,9.899999618530273,7.917696298766227,9.300000190734863,True
60,process_lags,2025-07-23 09:00:00,2025-07-23 10:00:00,8.5,7.8137210322795365,9.899999618530273,True
60,process_lags,2025-07-24 09:00:00,2025-07-24 10:00:00,8.199999809265137,8.00838220634935,8.5,True
60,process_lags,2025-07-24 12:00:00,2025-07-24 13:00:00,120.0,10.709308359461623,8.5,True
60,process_lags,2025-07-24 12:15:00,2025-07-24 13:15:00,45.900001525878906,10.545218475376446,8.5,True
60,process_lags,2025-07-24 14:20:00,2025-07-24 15:20:00,2.0999999046325684,10.222326657327137,8.199999809265137,True
60,process_lags,2025-07-25 09:00:00,2025-07-25 10:00:00,9.600000381469727,7.86990985115119,2.0999999046325684,True
60,process_lags,2025-07-26 09:00:00,2025-07-26 10:00:00,7.300000190734863,7.129776013939663,9.600000381469727,True
60,process_lags,2025-07-27 09:00:00,2025-07-27 10:00:00,8.899999618530273,7.480995194617021,7.300000190734863,True
60,process_lags,2025-07-28 09:00:00,2025-07-28 10:00:00,10.199999809265137,8.169389703326903,8.899999618530273,True
60,process_lags,2025-07-28 15:00:00,2025-07-28 16:00:00,35.099998474121094,12.876289018023435,10.199999809265137,True
60,process_lags,2025-07-28 20:26:26,2025-07-28 21:26:26,3.5,6.911183996651988,35.099998474121094,True
60,process_lags,2025-07-29 09:00:00,2025-07-29 10:00:00,8.300000190734863,7.852666278371467,3.5,True
60,process_lags,2025-07-30 09:00:00,2025-07-30 10:00:00,10.0,7.758141527341822,8.300000190734863,True
60,process_lags,2025-07-31 09:00:00,2025-07-31 10:00:00,6.599999904632568,7.6566402227602115,10.0,True
60,process_lags,2025-08-01 09:00:00,2025-08-01 10:00:00,5.300000190734863,7.749051842883761,6.599999904632568,True
60,process_lags,2025-08-03 09:00:00,2025-08-03 10:00:00,10.199999809265137,7.784744059467796,5.300000190734863,True
60,process_lags,2025-08-04 09:00:00,2025-08-04 10:00:00,7.5,7.9545532080870665,10.199999809265137,True
60,process_lags,2025-08-05 09:00:00,2025-08-05 10:00:00,6.599999904632568,7.7684363286563,7.5,True
60,process_lags,2025-08-05 13:05:08,2025-08-05 14:05:08,3.5999999046325684,9.036201412276778,7.5,True
60,process_lags,2025-08-06 09:00:00,2025-08-06 10:00:00,7.900000095367432,7.6440334968842585,3.5999999046325684,True
60,process_lags,2025-08-07 09:00:00,2025-08-07 10:00:00,6.300000190734863,7.175155874683524,7.900000095367432,True
60,process_lags,2025-08-08 09:00:00,2025-08-08 10:00:00,7.400000095367432,7.474590554987966,6.300000190734863,True
60,process_lags,2025-08-09 09:00:00,2025-08-09 10:00:00,7.599999904632568,8.112421385722493,7.400000095367432,True
60,process_lags,2025-08-10 09:00:00,2025-08-10 10:00:00,9.300000190734863,7.98803348512179,7.599999904632568,True
60,process_lags,2025-08-12 09:00:00,2025-08-12 10:00:00,8.0,7.854852887074767,9.300000190734863,True
60,process_lags,2025-08-13 09:00:00,2025-08-13 10:00:00,9.199999809265137,8.41549508077825,8.0,True
60,process_lags,2025-08-14 09:00:00,2025-08-14 10:00:00,10.5,7.18921979389455,9.199999809265137,True
60,process_lags,2025-08-14 13:00:00,2025-08-14 14:00:00,11.800000190734863,5.963050033369883,9.199999809265137,True
60,process_lags,2025-08-14 19:00:00,2025-08-14 20:00:00,4.699999809265137,7.190727459869883,11.800000190734863,True
60,process_lags,2025-08-15 09:00:00,2025-08-15 10:00:00,8.100000381469727,7.90521028885864,4.699999809265137,True
60,process_lags,2025-08-16 09:00:00,2025-08-16 10:00:00,8.300000190734863,7.639907518473644,8.100000381469727,True
60,process_lags,2025-08-16 19:00:00,2025-08-16 20:00:00,5.199999809265137,8.175172834625164,8.300000190734863,True
60,process_lags,2025-08-17 09:00:00,2025-08-17 10:00:00,7.900000095367432,7.841609088159917,5.199999809265137,True
60,process_lags,2025-08-18 09:00:00,2025-08-18 10:00:00,9.199999809265137,8.159880673198115,7.900000095367432,True
60,process_lags,2025-08-19 09:00:00,2025-08-19 10:00:00,6.699999809265137,8.482436676573284,9.199999809265137,True
60,process_lags,2025-08-20 09:00:00,2025-08-20 10:00:00,7.099999904632568,7.85597089039452,6.699999809265137,True
60,process_lags,2025-08-21 09:00:00,2025-08-21 10:00:00,6.599999904632568,8.185102664991492,7.099999904632568,True
60,process_lags,2025-08-22 09:00:00,2025-08-22 10:00:00,8.5,7.369925144591919,6.599999904632568,True
60,process_lags,2025-08-23 09:00:00,2025-08-23 10:00:00,11.399999618530273,7.59301577288365,8.5,True
60,process_lags,2025-08-23 21:00:00,2025-08-23 22:00:00,8.899999618530273,7.690410985668512,11.399999618530273,True
60,process_lags,2025-08-24 09:00:00,2025-08-24 10:00:00,9.399999618530273,7.677949592630538,8.899999618530273,True
60,process_lags,2025-08-25 09:00:00,2025-08-25 10:00:00,10.899999618530273,7.95765114001332,9.399999618530273,True
60,process_lags,2025-08-27 09:00:00,2025-08-27 10:00:00,8.699999809265137,8.396900942653437,10.899999618530273,True
60,process_lags,2025-08-27 21:00:00,2025-08-27 22:00:00,9.300000190734863,8.039672962130286,8.699999809265137,True
60,process_lags,2025-08-28 09:00:00,2025-08-28 10:00:00,7.800000190734863,7.882664673145753,9.300000190734863,True
60,process_lags,2025-08-29 09:00:00,2025-08-29 10:00:00,8.0,7.913371309376405,7.800000190734863,True
60,process_lags,2025-08-30 09:00:00,2025-08-30 10:00:00,11.100000381469727,8.112112145795166,8.0,True
60,process_lags,2025-08-31 09:00:00,2025-08-31 10:00:00,8.600000381469727,8.42663298779241,11.100000381469727,True
60,process_lags,2025-09-01 09:00:00,2025-09-01 10:00:00,7.599999904632568,8.60148188073908,8.600000381469727,True
60,process_lags,2025-09-02 09:00:00,2025-09-02 10:00:00,7.199999809265137,8.056238104735913,7.599999904632568,True
60,process_lags,2025-09-03 09:00:00,2025-09-03 10:00:00,10.699999809265137,7.877523429042629,7.199999809265137,True
60,process_lags,2025-09-04 09:00:00,2025-09-04 10:00:00,7.300000190734863,7.132241713924497,10.699999809265137,True
60,process_lags,2025-09-05 09:00:00,2025-09-05 10:00:00,9.699999809265137,8.377127473333905,7.300000190734863,True
60,process_lags,2025-09-06 09:00:00,2025-09-06 10:00:00,11.699999809265137,8.083052157341845,9.699999809265137,True
60,process_lags,2025-09-07 09:00:00,2025-09-07 10:00:00,10.699999809265137,8.354326757762461,11.699999809265137,True
60,process_lags,2025-09-08 09:00:00,2025-09-08 10:00:00,9.800000190734863,8.255372357764962,10.699999809265137,True
60,process_lags,2025-09-09 09:00:00,2025-09-09 10:00:00,8.399999618530273,7.8721211804201126,9.800000190734863,True
60,process_lags,2025-09-10 09:00:00,2025-09-10 10:00:00,10.100000381469727,8.548614469090593,8.399999618530273,True
60,process_lags,2025-09-11 09:00:00,2025-09-11 10:00:00,8.699999809265137,7.982512512418738,10.100000381469727,True
60,process_lags,2025-09-12 09:00:00,2025-09-12 10:00:00,9.899999618530273,8.407410285813569,8.699999809265137,True
60,process_lags,2025-09-13 09:00:00,2025-09-13 10:00:00,9.800000190734863,8.377464230687943,9.899999618530273,True
60,process_lags,2025-09-14 09:00:00,2025-09-14 10:00:00,9.899999618530273,8.334677682409248,9.800000190734863,True
60,process_lags,2025-09-15 09:00:00,2025-09-15 10:00:00,8.300000190734863,8.401001370620662,9.899999618530273,True
60,process_lags,2025-09-16 09:00:00,2025-09-16 10:00:00,9.199999809265137,8.315992774671058,8.300000190734863,True
60,process_lags,2025-09-17 09:00:00,2025-09-17 10:00:00,9.300000190734863,8.353995525101475,9.199999809265137,True
60,process_lags,2025-09-18 09:00:00,2025-09-18 10:00:00,9.600000381469727,8.214651279860382,9.300000190734863,True
60,process_lags,2025-09-19 09:00:00,2025-09-19 10:00:00,9.600000381469727,8.24577505096582,9.600000381469727,True
60,process_lags,2025-09-20 09:00:00,2025-09-20 10:00:00,8.5,8.151128495929978,9.600000381469727,True
60,process_lags,2025-09-21 09:00:00,2025-09-21 10:00:00,7.599999904632568,8.32173939288918,8.5,True
60,process_lags,2025-09-22 09:00:00,2025-09-22 10:00:00,8.899999618530273,8.521600357151833,7.599999904632568,True
60,process_lags,2025-09-23 09:00:00,2025-09-23 10:00:00,10.199999809265137,8.482390417508356,8.899999618530273,True
60,process_lags,2025-09-24 09:00:00,2025-09-24 10:00:00,10.5,8.245986686247983,10.199999809265137,True
60,process_lags,2025-09-25 09:00:00,2025-09-25 10:00:00,9.800000190734863,7.8568874241243485,10.5,True
60,process_lags,2025-09-26 09:00:00,2025-09-26 10:00:00,7.599999904632568,7.833567702131777,9.800000190734863,True
60,process_lags,2025-09-27 09:00:00,2025-09-27 10:00:00,8.399999618530273,7.7356865072150995,7.599999904632568,True
60,process_lags,2025-09-28 09:00:00,2025-09-28 10:00:00,9.399999618530273,7.770402501865279,8.399999618530273,True
60,process_lags,2025-09-28 16:00:00,2025-09-28 17:00:00,15.300000190734863,7.868394796429955,9.399999618530273,True
60,process_lags,2025-09-28 19:00:00,2025-09-28 20:00:00,8.300000190734863,7.052822712350073,9.399999618530273,True
60,process_lags,2025-09-29 09:00:00,2025-09-29 10:00:00,9.199999809265137,8.232187524525406,8.300000190734863,True
60,process_lags,2025-09-30 09:00:00,2025-09-30 10:00:00,8.300000190734863,7.843263608837885,9.199999809265137,True
60,process_lags,2025-10-01 09:00:00,2025-10-01 10:00:00,9.800000190734863,8.117780937444447,8.300000190734863,True
60,process_lags,2025-10-02 09:00:00,2025-10-02 10:00:00,9.699999809265137,8.019599319808087,9.800000190734863,True
60,process_lags,2025-10-03 09:00:00,2025-10-03 10:00:00,10.399999618530273,8.070142931890258,9.699999809265137,True
60,process_lags,2025-10-05 09:00:00,2025-10-05 10:00:00,9.699999809265137,7.601773756768807,10.399999618530273,True
60,process_lags,2025-10-06 09:00:00,2025-10-06 10:00:00,9.800000190734863,7.700721669967043,9.699999809265137,True
60,process_lags,2025-10-06 13:00:00,2025-10-06 14:00:00,5.199999809265137,7.538508742948936,9.699999809265137,True
60,process_lags,2025-10-07 09:00:00,2025-10-07 10:00:00,9.300000190734863,7.709256377355004,5.199999809265137,True
60,process_lags,2025-10-08 09:00:00,2025-10-08 10:00:00,9.800000190734863,8.017271341806788,9.300000190734863,True
60,process_lags,2025-10-09 09:00:00,2025-10-09 10:00:00,12.699999809265137,7.838844251455091,9.800000190734863,True
60,process_lags,2025-10-09 15:00:00,2025-10-09 16:00:00,8.699999809265137,7.179389559102317,12.699999809265137,True
60,process_lags,2025-10-09 21:00:00,2025-10-09 22:00:00,9.0,7.844400026077123,8.699999809265137,True
60,process_lags,2025-10-10 09:00:00,2025-10-10 10:00:00,10.199999809265137,8.439023132906117,9.0,True
60,process_lags,2025-10-10 19:00:00,2025-10-10 20:00:00,9.600000381469727,7.581623686766914,10.199999809265137,True
60,process_lags,2025-10-11 09:00:00,2025-10-11 10:00:00,9.0,8.067581578600125,9.600000381469727,True
60,process_lags,2025-10-12 09:00:00,2025-10-12 10:00:00,10.5,7.791204638270942,9.0,True
60,process_lags,2025-10-14 09:00:00,2025-10-14 10:00:00,9.199999809265137,6.525265343873344,10.5,True
60,process_lags,2025-10-15 09:00:00,2025-10-15 10:00:00,9.100000381469727,7.196848057134721,9.199999809265137,True
60,process_lags,2025-10-16 09:00:00,2025-10-16 10:00:00,12.199999809265137,7.953230848128436,9.100000381469727,True
60,process_lags,2025-10-16 14:00:00,2025-10-16 15:00:00,9.699999809265137,7.283910481833896,12.199999809265137,True
60,process_lags,2025-10-17 09:00:00,2025-10-17 10:00:00,10.399999618530273,7.742693644569314,9.699999809265137,True
60,process_lags,2025-10-18 09:00:00,2025-10-18 10:00:00,10.800000190734863,7.531358895770493,10.399999618530273,True
60,process_lags,2025-10-18 15:00:00,2025-10-18 16:00:00,8.0,7.353983280275127,10.800000190734863,True
60,process_lags,2025-10-19 09:00:00,2025-10-19 10:00:00,6.5,7.1480886598943165,8.0,True
60,process_lags,2025-10-20 09:00:00,2025-10-20 10:00:00,10.5,7.391912032940141,6.5,True
60,process_lags,2025-10-21 09:00:00,2025-10-21 10:00:00,10.100000381469727,7.5984735253241755,10.5,True
60,process_lags,2025-10-21 15:00:00,2025-10-21 16:00:00,11.0,7.5778611139784005,10.100000381469727,True
60,process_lags,2025-10-21 21:00:00,2025-10-21 22:00:00,10.0,7.258603716471715,11.0,True
60,process_lags,2025-10-22 09:00:00,2025-10-22 10:00:00,9.300000190734863,7.099326213700534,10.0,True
60,process_lags,2025-10-22 19:00:00,2025-10-22 20:00:00,11.0,7.336202769310475,9.300000190734863,True
60,process_lags,2025-10-23 01:00:00,2025-10-23 02:00:00,6.699999809265137,6.897610865248413,11.0,True
60,process_lags,2025-10-23 09:00:00,2025-10-23 10:00:00,9.100000381469727,7.05768662459392,6.699999809265137,True
60,process_lags,2025-10-23 20:00:00,2025-10-23 21:00:00,6.5,7.129571892233422,9.100000381469727,True
60,process_lags,2025-10-24 09:00:00,2025-10-24 10:00:00,7.0,7.323213641551652,6.5,True
60,process_lags,2025-10-25 09:00:00,2025-10-25 10:00:00,7.199999809265137,7.518189564617318,7.0,True
60,process_lags,2025-10-26 09:00:00,2025-10-26 10:00:00,7.199999809265137,7.352762364459101,7.199999809265137,True
60,process_lags,2025-10-27 09:00:00,2025-10-27 10:00:00,10.399999618530273,7.277063804359335,7.199999809265137,True
60,process_lags,2025-10-27 14:15:10,2025-10-27 15:15:10,9.600000381469727,7.561985019007297,10.399999618530273,True
60,process_lags,2025-10-27 17:46:34,2025-10-27 18:46:34,5.599999904632568,6.668928045724476,10.399999618530273,True
60,process_lags,2025-10-27 21:00:00,2025-10-27 22:00:00,7.699999809265137,7.450721201738709,9.600000381469727,True
60,process_lags,2025-10-28 09:00:00,2025-10-28 10:00:00,9.899999618530273,8.191109380966335,7.699999809265137,True
60,process_lags,2025-10-28 13:00:00,2025-10-28 14:00:00,7.800000190734863,6.973269136543952,7.699999809265137,True
60,process_lags,2025-10-29 09:00:00,2025-10-29 10:00:00,9.199999809265137,7.338599632442886,7.800000190734863,True
60,process_lags,2025-10-30 09:00:00,2025-10-30 10:00:00,9.899999618530273,7.6369080716089695,9.199999809265137,True
60,process_lags,2025-10-31 09:00:00,2025-10-31 10:00:00,10.199999809265137,7.596677889357526,9.899999618530273,True
60,process_lags,2025-11-01 09:00:00,2025-11-01 10:00:00,7.800000190734863,7.272036664417179,10.199999809265137,True
60,process_lags,2025-11-02 09:00:00,2025-11-02 10:00:00,10.100000381469727,7.536713521524868,7.800000190734863,True
60,process_lags,2025-11-03 04:00:00,2025-11-03 05:00:00,8.5,7.118632705650647,10.100000381469727,True
60,process_lags,2025-11-03 09:00:00,2025-11-03 10:00:00,9.5,7.5545308060547285,8.5,True
60,process_lags,2025-11-04 09:00:00,2025-11-04 10:00:00,9.399999618530273,7.372124902288187,9.5,True
60,process_lags,2025-11-05 09:00:00,2025-11-05 10:00:00,8.899999618530273,7.221301757588405,9.399999618530273,True
60,process_lags,2025-11-06 09:00:00,2025-11-06 10:00:00,9.600000381469727,7.4482653216249375,8.899999618530273,True
60,process_lags,2025-11-07 09:00:00,2025-11-07 10:00:00,9.899999618530273,7.398001688414455,9.600000381469727,True
60,process_lags,2025-11-08 09:00:00,2025-11-08 10:00:00,8.800000190734863,7.235005910840744,9.899999618530273,True
60,process_lags,2025-11-09 09:00:00,2025-11-09 10:00:00,10.5,7.681694420291189,8.800000190734863,True
60,process_lags,2025-11-09 12:00:00,2025-11-09 13:00:00,11.199999809265137,7.355242465471175,8.800000190734863,True
60,process_lags,2025-11-09 16:00:09,2025-11-09 17:00:09,8.100000381469727,7.421552037357117,10.5,True
60,process_lags,2025-11-09 23:00:00,2025-11-10 00:00:00,7.300000190734863,6.846069069424372,8.100000381469727,True
60,process_lags,2025-11-10 09:00:00,2025-11-10 10:00:00,8.100000381469727,6.876762426433003,7.300000190734863,True
60,process_lags,2025-11-11 09:00:00,2025-11-11 10:00:00,9.100000381469727,7.371143298389756,8.100000381469727,True
60,process_lags,2025-11-12 09:00:00,2025-11-12 10:00:00,11.5,8.163015969566441,9.100000381469727,True
60,process_lags,2025-11-12 16:06:58,2025-11-12 17:06:58,8.100000381469727,6.895293627500332,11.5,True
60,process_lags,2025-11-13 09:00:00,2025-11-13 10:00:00,7.300000190734863,7.526957197539549,8.100000381469727,True
60,process_lags,2025-11-14 09:00:00,2025-11-14 10:00:00,10.399999618530273,7.432427470666072,7.300000190734863,True
60,process_lags,2025-11-14 21:00:00,2025-11-14 22:00:00,8.300000190734863,7.142797927401668,10.399999618530273,True
60,process_lags,2025-11-15 09:00:00,2025-11-15 10:00:00,9.199999809265137,7.168830987900595,8.300000190734863,True
60,process_lags,2025-11-16 09:00:00,2025-11-16 10:00:00,9.899999618530273,7.585037652383246,9.199999809265137,True
60,process_lags,2025-11-17 09:00:00,2025-11-17 10:00:00,9.199999809265137,7.232077601665791,9.899999618530273,True
60,process_lags,2025-11-18 09:00:00,2025-11-18 10:00:00,9.800000190734863,7.57329144448123,9.199999809265137,True
60,process_lags,2025-11-19 09:00:00,2025-11-19 10:00:00,9.699999809265137,7.185544922350925,9.800000190734863,True
60,process_lags,2025-11-20 09:00:00,2025-11-20 10:00:00,6.099999904632568,6.965886588590084,9.699999809265137,True
60,process_lags,2025-11-21 09:00:00,2025-11-21 10:00:00,10.399999618530273,7.1547651980112175,6.099999904632568,True
60,process_lags,2025-11-22 09:00:00,2025-11-22 10:00:00,9.300000190734863,7.415139927463194,10.399999618530273,True
60,process_lags,2025-11-23 09:00:00,2025-11-23 10:00:00,9.899999618530273,7.4743556861737055,9.300000190734863,True
60,process_lags,2025-11-23 21:51:00,2025-11-23 22:51:00,9.899999618530273,7.650608810921552,9.899999618530273,True
60,process_lags,2025-11-24 01:38:00,2025-11-24 02:38:00,10.699999809265137,7.163568785526623,9.899999618530273,True
60,process_lags,2025-11-24 09:00:00,2025-11-24 10:00:00,9.0,7.047138287127467,10.699999809265137,True
60,process_lags,2025-11-24 19:00:00,2025-11-24 20:00:00,8.399999618530273,7.277761939447153,9.0,True
60,process_lags,2025-11-25 09:00:00,2025-11-25 10:00:00,9.899999618530273,7.432939079675002,8.399999618530273,True
60,process_lags,2025-11-26 09:00:00,2025-11-26 10:00:00,9.699999809265137,7.582559557914111,9.899999618530273,True
60,process_lags,2025-11-27 09:00:00,2025-11-27 10:00:00,13.100000381469727,7.832518743396056,9.699999809265137,True
60,process_lags,2025-11-27 11:45:00,2025-11-27 12:45:00,10.5,7.737854578148845,9.699999809265137,True
60,process_lags,2025-11-27 21:00:00,2025-11-27 22:00:00,8.600000381469727,8.267479401900916,10.5,True
60,process_lags,2025-11-28 09:00:00,2025-11-28 10:00:00,9.0,7.526163654178172,8.600000381469727,True
60,process_lags,2025-11-29 09:00:00,2025-11-29 10:00:00,7.300000190734863,7.273302901525772,9.0,True
60,process_lags,2025-11-30 09:00:00,2025-11-30 10:00:00,8.699999809265137,7.702364207793799,7.300000190734863,True
60,process_lags,2025-12-01 09:00:00,2025-12-01 10:00:00,7.800000190734863,7.074387227372471,8.699999809265137,True
60,process_lags,2025-12-02 09:00:00,2025-12-02 10:00:00,8.399999618530273,7.477272491904122,7.800000190734863,True
60,process_lags,2025-12-03 09:00:00,2025-12-03 10:00:00,6.800000190734863,7.414890591011954,8.399999618530273,True
60,process_lags,2025-12-04 09:00:00,2025-12-04 10:00:00,7.800000190734863,7.7590674368731065,6.800000190734863,True
60,process_lags,2025-12-05 09:00:00,2025-12-05 10:00:00,9.0,7.873909684074453,7.800000190734863,True
60,process_lags,2025-12-06 09:00:00,2025-12-06 10:00:00,8.300000190734863,7.381842988649526,9.0,True
60,process_lags,2025-12-07 09:00:00,2025-12-07 10:00:00,10.199999809265137,7.073539804592743,8.300000190734863,True
60,process_lags,2025-12-08 09:00:00,2025-12-08 10:00:00,8.199999809265137,7.045535659016364,10.199999809265137,True
60,process_lags,2025-12-09 09:00:00,2025-12-09 10:00:00,9.100000381469727,7.358511458675846,8.199999809265137,True
60,process_lags,2025-12-10 05:00:00,2025-12-10 06:00:00,9.800000190734863,7.933222085560253,9.100000381469727,True
60,process_lags,2025-12-10 08:35:00,2025-12-10 09:35:00,8.0,8.116993342852329,9.100000381469727,True
60,process_lags,2025-12-10 19:00:00,2025-12-10 20:00:00,7.800000190734863,7.732557684320264,8.0,True
60,process_lags,2025-12-11 09:00:00,2025-12-11 10:00:00,7.300000190734863,7.255596614479671,7.800000190734863,True
60,process_lags,2025-12-11 16:00:00,2025-12-11 17:00:00,10.5,7.398553519027022,7.300000190734863,True
60,process_lags,2025-12-12 09:00:00,2025-12-12 10:00:00,7.599999904632568,7.722574429708596,10.5,True
60,process_lags,2025-12-13 09:00:00,2025-12-13 10:00:00,6.699999809265137,7.424938872761048,7.599999904632568,True
60,process_lags,2025-12-14 09:00:00,2025-12-14 10:00:00,6.400000095367432,8.252133506030672,6.699999809265137,True
60,process_lags,2025-12-14 13:22:00,2025-12-14 14:22:00,11.0,7.700762896095792,6.699999809265137,True
60,process_lags,2025-12-15 09:00:00,2025-12-15 10:00:00,8.800000190734863,7.483769539380621,11.0,True
60,process_lags,2025-12-16 09:00:00,2025-12-16 10:00:00,7.400000095367432,7.409176526333207,8.800000190734863,True
60,process_lags,2025-12-17 09:00:00,2025-12-17 10:00:00,8.399999618530273,7.7697287120790115,7.400000095367432,True
60,process_lags,2025-12-18 09:00:00,2025-12-18 10:00:00,9.300000190734863,8.142102089596902,8.399999618530273,True
60,process_lags,2025-12-19 09:00:00,2025-12-19 10:00:00,9.399999618530273,7.915814074234552,9.300000190734863,True
60,process_lags,2025-12-20 09:00:00,2025-12-20 10:00:00,9.100000381469727,7.657022264911905,9.399999618530273,True
60,process_lags,2025-12-21 09:00:00,2025-12-21 10:00:00,8.800000190734863,7.604909043908625,9.100000381469727,True
60,process_lags,2025-12-22 09:00:00,2025-12-22 10:00:00,9.0,7.427332885194341,8.800000190734863,True
60,process_lags,2025-12-23 09:00:00,2025-12-23 10:00:00,8.300000190734863,7.359654188610849,9.0,True
60,process_lags,2025-12-24 09:00:00,2025-12-24 10:00:00,5.099999904632568,6.848656829339603,8.300000190734863,True
60,process_lags,2025-12-25 09:00:00,2025-12-25 10:00:00,9.0,8.88084157283507,5.099999904632568,True
60,process_lags,2025-12-26 09:00:00,2025-12-26 10:00:00,6.199999809265137,7.5747403267358315,9.0,True
60,process_lags,2025-12-27 09:00:00,2025-12-27 10:00:00,8.899999618530273,7.753634072014684,6.199999809265137,True
60,process_lags,2025-12-28 09:00:00,2025-12-28 10:00:00,10.899999618530273,7.823617742011622,8.899999618530273,True
60,process_lags,2025-12-28 23:00:00,2025-12-29 00:00:00,10.5,7.581628550002659,10.899999618530273,True
60,process_lags,2025-12-29 01:30:00,2025-12-29 02:30:00,7.900000095367432,7.339295083087842,10.899999618530273,True
60,process_lags,2025-12-29 09:00:00,2025-12-29 10:00:00,4.699999809265137,6.328527182856425,7.900000095367432,True
60,process_lags,2025-12-30 09:00:00,2025-12-30 10:00:00,9.699999809265137,7.223500846596583,4.699999809265137,True
60,process_lags,2025-12-31 09:00:00,2025-12-31 10:00:00,9.0,7.330863010361963,9.699999809265137,True
60,feed_lims_and_shape,2025-01-01 09:00:00,2025-01-01 10:00:00,3.5,6.793769685458482,2.700000047683716,True
60,feed_lims_and_shape,2025-01-02 09:00:00,2025-01-02 10:00:00,7.099999904632568,7.995761328688877,3.5,True
60,feed_lims_and_shape,2025-01-03 09:00:00,2025-01-03 10:00:00,7.699999809265137,8.168958654483768,7.099999904632568,True
60,feed_lims_and_shape,2025-01-04 09:00:00,2025-01-04 10:00:00,5.400000095367432,7.773705300522508,7.699999809265137,True
60,feed_lims_and_shape,2025-01-05 09:00:00,2025-01-05 10:00:00,5.300000190734863,7.281925919233931,5.400000095367432,True
60,feed_lims_and_shape,2025-01-06 09:00:00,2025-01-06 10:00:00,4.800000190734863,7.249489537708037,5.300000190734863,True
60,feed_lims_and_shape,2025-01-07 09:00:00,2025-01-07 10:00:00,5.099999904632568,7.1642217325372055,4.800000190734863,True
60,feed_lims_and_shape,2025-01-08 09:00:00,2025-01-08 10:00:00,3.5999999046325684,6.887505417618843,5.099999904632568,True
60,feed_lims_and_shape,2025-01-09 09:00:00,2025-01-09 10:00:00,3.9000000953674316,7.008121325532242,3.5999999046325684,True
60,feed_lims_and_shape,2025-01-10 09:00:00,2025-01-10 10:00:00,3.5,6.920072577864069,3.9000000953674316,True
60,feed_lims_and_shape,2025-01-11 09:00:00,2025-01-11 10:00:00,3.5999999046325684,6.8193691504155804,3.5,True
60,feed_lims_and_shape,2025-01-12 09:00:00,2025-01-12 10:00:00,4.199999809265137,7.028396727259173,3.5999999046325684,True
60,feed_lims_and_shape,2025-01-13 09:00:00,2025-01-13 10:00:00,6.0,7.340301645591941,4.199999809265137,True
60,feed_lims_and_shape,2025-01-14 09:00:00,2025-01-14 10:00:00,1.600000023841858,5.274613760663851,6.0,True
60,feed_lims_and_shape,2025-01-15 09:00:00,2025-01-15 10:00:00,1.899999976158142,7.122875772515055,1.600000023841858,True
60,feed_lims_and_shape,2025-01-16 09:00:00,2025-01-16 10:00:00,7.099999904632568,8.142737851323387,1.899999976158142,True
60,feed_lims_and_shape,2025-01-17 09:00:00,2025-01-17 10:00:00,8.199999809265137,7.858431964756978,7.099999904632568,True
60,feed_lims_and_shape,2025-01-18 09:00:00,2025-01-18 10:00:00,7.599999904632568,7.838356910304821,8.199999809265137,True
60,feed_lims_and_shape,2025-01-19 09:00:00,2025-01-19 10:00:00,6.900000095367432,7.7386803633950105,7.599999904632568,True
60,feed_lims_and_shape,2025-01-20 09:00:00,2025-01-20 10:00:00,10.600000381469727,8.414313160592044,6.900000095367432,True
60,feed_lims_and_shape,2025-01-21 09:00:00,2025-01-21 10:00:00,8.300000190734863,8.149227701941944,10.600000381469727,True
60,feed_lims_and_shape,2025-01-22 09:00:00,2025-01-22 10:00:00,6.099999904632568,7.835110332642708,8.300000190734863,True
60,feed_lims_and_shape,2025-01-23 09:00:00,2025-01-23 10:00:00,6.099999904632568,8.235616496544358,6.099999904632568,True
60,feed_lims_and_shape,2025-01-23 21:00:00,2025-01-23 22:00:00,5.900000095367432,8.317742392501273,6.099999904632568,True
60,feed_lims_and_shape,2025-01-24 09:00:00,2025-01-24 10:00:00,6.699999809265137,8.753845593797708,5.900000095367432,True
60,feed_lims_and_shape,2025-01-25 09:00:00,2025-01-25 10:00:00,7.5,7.972493310709153,6.699999809265137,True
60,feed_lims_and_shape,2025-01-26 09:00:00,2025-01-26 10:00:00,8.899999618530273,8.35533309529871,7.5,True
60,feed_lims_and_shape,2025-01-27 09:00:00,2025-01-27 10:00:00,6.0,7.900407757876694,8.899999618530273,True
60,feed_lims_and_shape,2025-01-28 09:00:00,2025-01-28 10:00:00,7.900000095367432,7.907621540170844,6.0,True
60,feed_lims_and_shape,2025-01-29 09:00:00,2025-01-29 10:00:00,6.199999809265137,7.963664827725761,7.900000095367432,True
60,feed_lims_and_shape,2025-01-30 09:00:00,2025-01-30 10:00:00,5.900000095367432,8.399650079071172,6.199999809265137,True
60,feed_lims_and_shape,2025-01-31 09:00:00,2025-01-31 10:00:00,7.400000095367432,8.582611312861477,5.900000095367432,True
60,feed_lims_and_shape,2025-02-01 09:00:00,2025-02-01 10:00:00,9.600000381469727,8.13374765767524,7.400000095367432,True
60,feed_lims_and_shape,2025-02-02 09:00:00,2025-02-02 10:00:00,10.5,8.514250882958097,9.600000381469727,True
60,feed_lims_and_shape,2025-02-03 03:48:22,2025-02-03 04:48:22,10.699999809265137,10.401912033303883,10.5,True
60,feed_lims_and_shape,2025-02-03 09:00:00,2025-02-03 10:00:00,8.5,10.299669222575442,10.699999809265137,True
60,feed_lims_and_shape,2025-02-04 09:00:00,2025-02-04 10:00:00,7.099999904632568,8.090852352238777,8.5,True
60,feed_lims_and_shape,2025-02-05 09:00:00,2025-02-05 10:00:00,7.400000095367432,8.01104335579072,7.099999904632568,True
60,feed_lims_and_shape,2025-02-07 09:00:00,2025-02-07 10:00:00,8.300000190734863,8.043672139824018,7.400000095367432,True
60,feed_lims_and_shape,2025-02-08 09:00:00,2025-02-08 10:00:00,8.100000381469727,7.99280633551661,8.300000190734863,True
60,feed_lims_and_shape,2025-02-09 09:00:00,2025-02-09 10:00:00,9.899999618530273,8.311241129421994,8.100000381469727,True
60,feed_lims_and_shape,2025-02-10 09:00:00,2025-02-10 10:00:00,9.5,8.481396775527033,9.899999618530273,True
60,feed_lims_and_shape,2025-02-11 09:00:00,2025-02-11 10:00:00,6.800000190734863,7.992099780571156,9.5,True
60,feed_lims_and_shape,2025-02-12 09:00:00,2025-02-12 10:00:00,9.600000381469727,8.177704798100233,6.800000190734863,True
60,feed_lims_and_shape,2025-02-13 09:00:00,2025-02-13 10:00:00,11.600000381469727,8.284504038049548,9.600000381469727,True
60,feed_lims_and_shape,2025-02-13 15:46:39,2025-02-13 16:46:39,8.899999618530273,7.973892536387893,11.600000381469727,True
60,feed_lims_and_shape,2025-02-14 09:00:00,2025-02-14 10:00:00,7.0,7.706947338868538,8.899999618530273,True
60,feed_lims_and_shape,2025-02-14 21:41:16,2025-02-14 22:41:16,11.899999618530273,7.222883412030278,7.0,True
60,feed_lims_and_shape,2025-02-15 01:39:46,2025-02-15 02:39:46,8.0,7.8448428109666395,7.0,True
60,feed_lims_and_shape,2025-02-15 09:00:00,2025-02-15 10:00:00,9.100000381469727,6.892707299508332,8.0,True
60,feed_lims_and_shape,2025-02-16 09:00:00,2025-02-16 10:00:00,7.300000190734863,8.017714698164498,9.100000381469727,True
60,feed_lims_and_shape,2025-02-17 09:00:00,2025-02-17 10:00:00,8.699999809265137,8.021959389608616,7.300000190734863,True
60,feed_lims_and_shape,2025-02-18 09:00:00,2025-02-18 10:00:00,8.5,7.734426595129925,8.699999809265137,True
60,feed_lims_and_shape,2025-02-19 09:00:00,2025-02-19 10:00:00,10.199999809265137,8.115017898954632,8.5,True
60,feed_lims_and_shape,2025-02-20 09:00:00,2025-02-20 10:00:00,5.699999809265137,7.829574884472805,10.199999809265137,True
60,feed_lims_and_shape,2025-02-21 09:00:00,2025-02-21 10:00:00,9.399999618530273,7.780052431940458,5.699999809265137,True
60,feed_lims_and_shape,2025-02-22 09:00:00,2025-02-22 10:00:00,9.100000381469727,7.959940937905303,9.399999618530273,True
60,feed_lims_and_shape,2025-02-23 09:00:00,2025-02-23 10:00:00,10.300000190734863,8.110471496154167,9.100000381469727,True
60,feed_lims_and_shape,2025-02-24 09:00:00,2025-02-24 10:00:00,9.399999618530273,7.864115033993157,10.300000190734863,True
60,feed_lims_and_shape,2025-02-25 09:00:00,2025-02-25 10:00:00,9.399999618530273,8.082884424298122,9.399999618530273,True
60,feed_lims_and_shape,2025-02-26 09:00:00,2025-02-26 10:00:00,8.800000190734863,8.29094728694355,9.399999618530273,True
60,feed_lims_and_shape,2025-02-27 09:00:00,2025-02-27 10:00:00,10.300000190734863,8.305159017333368,8.800000190734863,True
60,feed_lims_and_shape,2025-02-28 09:00:00,2025-02-28 10:00:00,10.600000381469727,8.258958230846329,10.300000190734863,True
60,feed_lims_and_shape,2025-03-01 09:00:00,2025-03-01 10:00:00,7.800000190734863,7.857683215559266,10.600000381469727,True
60,feed_lims_and_shape,2025-03-02 09:00:00,2025-03-02 10:00:00,10.0,7.92606404951235,7.800000190734863,True
60,feed_lims_and_shape,2025-03-03 09:00:00,2025-03-03 10:00:00,8.300000190734863,7.886554784328318,10.0,True
60,feed_lims_and_shape,2025-03-06 09:00:00,2025-03-06 10:00:00,8.5,8.29086738784877,,False
60,feed_lims_and_shape,2025-03-07 09:00:00,2025-03-07 10:00:00,8.399999618530273,7.434895030526876,8.5,True
60,feed_lims_and_shape,2025-03-08 09:00:00,2025-03-08 10:00:00,8.0,7.599069161031576,8.399999618530273,True
60,feed_lims_and_shape,2025-03-09 09:00:00,2025-03-09 10:00:00,9.5,7.936397827125415,8.0,True
60,feed_lims_and_shape,2025-03-10 09:00:00,2025-03-10 10:00:00,10.199999809265137,8.113325018977859,9.5,True
60,feed_lims_and_shape,2025-03-11 09:00:00,2025-03-11 10:00:00,8.100000381469727,8.054213780907187,10.199999809265137,True
60,feed_lims_and_shape,2025-03-12 09:00:00,2025-03-12 10:00:00,8.600000381469727,8.50055158502684,8.100000381469727,True
60,feed_lims_and_shape,2025-03-13 09:00:00,2025-03-13 10:00:00,7.699999809265137,7.692601238908248,8.600000381469727,True
60,feed_lims_and_shape,2025-03-14 09:00:00,2025-03-14 10:00:00,9.899999618530273,7.925270650922359,7.699999809265137,True
60,feed_lims_and_shape,2025-03-15 09:00:00,2025-03-15 10:00:00,10.399999618530273,8.783217777212299,9.899999618530273,True
60,feed_lims_and_shape,2025-03-16 09:00:00,2025-03-16 10:00:00,10.5,8.424749982855076,10.399999618530273,True
60,feed_lims_and_shape,2025-03-17 09:00:00,2025-03-17 10:00:00,12.399999618530273,9.220202973986092,10.5,True
60,feed_lims_and_shape,2025-03-18 09:00:00,2025-03-18 10:00:00,12.300000190734863,9.186490196652557,12.399999618530273,True
60,feed_lims_and_shape,2025-03-19 09:00:00,2025-03-19 10:00:00,10.300000190734863,8.716153574318195,12.300000190734863,True
60,feed_lims_and_shape,2025-03-20 09:00:00,2025-03-20 10:00:00,11.300000190734863,8.579265201974303,10.300000190734863,True
60,feed_lims_and_shape,2025-03-21 09:00:00,2025-03-21 10:00:00,9.600000381469727,8.471648336489817,11.300000190734863,True
60,feed_lims_and_shape,2025-03-22 09:00:00,2025-03-22 10:00:00,8.800000190734863,8.228218595144156,9.600000381469727,True
60,feed_lims_and_shape,2025-03-23 09:00:00,2025-03-23 10:00:00,6.900000095367432,6.769290312628572,8.800000190734863,True
60,feed_lims_and_shape,2025-03-24 05:00:00,2025-03-24 06:00:00,6.800000190734863,6.765285877732526,6.900000095367432,True
60,feed_lims_and_shape,2025-03-24 09:00:00,2025-03-24 10:00:00,6.5,7.938815102994733,6.900000095367432,True
60,feed_lims_and_shape,2025-03-24 23:01:00,2025-03-25 00:01:00,11.0,6.685449828351531,6.5,True
60,feed_lims_and_shape,2025-03-25 05:00:00,2025-03-25 06:00:00,13.399999618530273,6.904675128547902,11.0,True
60,feed_lims_and_shape,2025-03-25 09:00:00,2025-03-25 10:00:00,8.100000381469727,6.345907691253001,11.0,True
60,feed_lims_and_shape,2025-03-25 19:00:00,2025-03-25 20:00:00,10.5,7.741936730434924,8.100000381469727,True
60,feed_lims_and_shape,2025-03-26 09:00:00,2025-03-26 10:00:00,8.300000190734863,7.374507573119672,10.5,True
60,feed_lims_and_shape,2025-03-26 22:07:57,2025-03-26 23:07:57,10.199999809265137,7.819951363976699,8.300000190734863,True
60,feed_lims_and_shape,2025-03-27 09:00:00,2025-03-27 10:00:00,5.400000095367432,7.036957010271244,10.199999809265137,True
60,feed_lims_and_shape,2025-03-29 09:00:00,2025-03-29 10:00:00,8.399999618530273,8.200572825498982,5.400000095367432,True
60,feed_lims_and_shape,2025-03-30 09:00:00,2025-03-30 10:00:00,10.199999809265137,8.112722227318317,8.399999618530273,True
60,feed_lims_and_shape,2025-03-31 09:00:00,2025-03-31 10:00:00,8.600000381469727,7.978701749118873,10.199999809265137,True
60,feed_lims_and_shape,2025-04-01 09:00:00,2025-04-01 10:00:00,7.0,7.70361621403052,8.600000381469727,True
60,feed_lims_and_shape,2025-04-02 09:00:00,2025-04-02 10:00:00,7.300000190734863,9.033700958481518,7.0,True
60,feed_lims_and_shape,2025-04-03 09:00:00,2025-04-03 10:00:00,9.899999618530273,8.493518349603976,7.300000190734863,True
60,feed_lims_and_shape,2025-04-05 09:00:00,2025-04-05 10:00:00,5.800000190734863,7.891123141631805,9.899999618530273,True
60,feed_lims_and_shape,2025-04-06 09:00:00,2025-04-06 10:00:00,6.800000190734863,8.175796142515141,5.800000190734863,True
60,feed_lims_and_shape,2025-04-07 09:00:00,2025-04-07 10:00:00,7.5,8.106004672294496,6.800000190734863,True
60,feed_lims_and_shape,2025-04-08 09:00:00,2025-04-08 10:00:00,6.800000190734863,8.106008818777303,7.5,True
60,feed_lims_and_shape,2025-04-09 09:00:00,2025-04-09 10:00:00,8.100000381469727,8.267094827262248,6.800000190734863,True
60,feed_lims_and_shape,2025-04-10 09:00:00,2025-04-10 10:00:00,6.099999904632568,7.678641912845826,8.100000381469727,True
60,feed_lims_and_shape,2025-04-11 09:00:00,2025-04-11 10:00:00,7.400000095367432,8.121746898848196,6.099999904632568,True
60,feed_lims_and_shape,2025-04-12 09:00:00,2025-04-12 10:00:00,8.699999809265137,8.004088258853113,7.400000095367432,True
60,feed_lims_and_shape,2025-04-13 09:00:00,2025-04-13 10:00:00,5.300000190734863,7.453726723903944,8.699999809265137,True
60,feed_lims_and_shape,2025-04-14 09:00:00,2025-04-14 10:00:00,7.699999809265137,8.090615525389676,5.300000190734863,True
60,feed_lims_and_shape,2025-04-15 09:00:00,2025-04-15 10:00:00,8.5,7.285825579514334,7.699999809265137,True
60,feed_lims_and_shape,2025-04-16 09:00:00,2025-04-16 10:00:00,7.699999809265137,7.906422281563762,8.5,True
60,feed_lims_and_shape,2025-04-17 09:00:00,2025-04-17 10:00:00,5.199999809265137,7.41329346751874,7.699999809265137,True
60,feed_lims_and_shape,2025-04-18 09:00:00,2025-04-18 10:00:00,8.800000190734863,8.479793918857052,5.199999809265137,True
60,feed_lims_and_shape,2025-04-18 19:00:00,2025-04-18 20:00:00,10.0,7.825432640906955,8.800000190734863,True
60,feed_lims_and_shape,2025-04-19 09:00:00,2025-04-19 10:00:00,8.800000190734863,8.236608363979883,10.0,True
60,feed_lims_and_shape,2025-04-20 09:00:00,2025-04-20 10:00:00,11.800000190734863,8.578898704434593,8.800000190734863,True
60,feed_lims_and_shape,2025-04-21 09:00:00,2025-04-21 10:00:00,11.399999618530273,8.086008009521544,11.800000190734863,True
60,feed_lims_and_shape,2025-04-22 09:00:00,2025-04-22 10:00:00,10.600000381469727,8.593126800527703,11.399999618530273,True
60,feed_lims_and_shape,2025-04-23 09:00:00,2025-04-23 10:00:00,13.5,8.86679395145913,10.600000381469727,True
60,feed_lims_and_shape,2025-04-24 09:00:00,2025-04-24 10:00:00,12.399999618530273,8.574485911165631,13.5,True
60,feed_lims_and_shape,2025-04-25 09:00:00,2025-04-25 10:00:00,9.399999618530273,7.665563420043451,12.399999618530273,True
60,feed_lims_and_shape,2025-04-26 05:00:00,2025-04-26 06:00:00,9.0,8.996603161189807,9.399999618530273,True
60,feed_lims_and_shape,2025-04-26 09:00:00,2025-04-26 10:00:00,9.5,9.396952506728036,9.399999618530273,True
60,feed_lims_and_shape,2025-04-27 09:00:00,2025-04-27 10:00:00,7.699999809265137,7.763515315355223,9.5,True
60,feed_lims_and_shape,2025-04-28 09:00:00,2025-04-28 10:00:00,10.0,8.117067223782614,7.699999809265137,True
60,feed_lims_and_shape,2025-04-29 09:00:00,2025-04-29 10:00:00,7.5,7.783370066652367,10.0,True
60,feed_lims_and_shape,2025-04-30 09:00:00,2025-04-30 10:00:00,6.5,7.452458962104684,7.5,True
60,feed_lims_and_shape,2025-05-01 09:00:00,2025-05-01 10:00:00,11.300000190734863,8.319433717762816,6.5,True
60,feed_lims_and_shape,2025-05-02 09:00:00,2025-05-02 10:00:00,8.300000190734863,8.089774133072622,11.300000190734863,True
60,feed_lims_and_shape,2025-05-03 09:00:00,2025-05-03 10:00:00,9.899999618530273,8.444511012658504,8.300000190734863,True
60,feed_lims_and_shape,2025-05-04 09:00:00,2025-05-04 10:00:00,8.399999618530273,7.952902198876046,9.899999618530273,True
60,feed_lims_and_shape,2025-05-05 09:00:00,2025-05-05 10:00:00,8.600000381469727,7.946027106632151,8.399999618530273,True
60,feed_lims_and_shape,2025-05-06 09:00:00,2025-05-06 10:00:00,8.5,7.9518989036336905,8.600000381469727,True
60,feed_lims_and_shape,2025-05-07 09:00:00,2025-05-07 10:00:00,9.699999809265137,8.153852739722888,8.5,True
60,feed_lims_and_shape,2025-05-08 09:00:00,2025-05-08 10:00:00,9.399999618530273,8.211888447415093,9.699999809265137,True
60,feed_lims_and_shape,2025-05-09 09:00:00,2025-05-09 10:00:00,9.699999809265137,7.951055753121938,9.399999618530273,True
60,feed_lims_and_shape,2025-05-10 09:00:00,2025-05-10 10:00:00,9.199999809265137,7.759786653911338,9.699999809265137,True
60,feed_lims_and_shape,2025-05-11 09:00:00,2025-05-11 10:00:00,11.0,9.069192442944056,9.199999809265137,True
60,feed_lims_and_shape,2025-05-11 13:00:00,2025-05-11 14:00:00,8.699999809265137,7.691492790367317,9.199999809265137,True
60,feed_lims_and_shape,2025-05-12 09:00:00,2025-05-12 10:00:00,9.399999618530273,8.079247499931776,8.699999809265137,True
60,feed_lims_and_shape,2025-05-13 09:00:00,2025-05-13 10:00:00,8.699999809265137,8.032930904309623,9.399999618530273,True
60,feed_lims_and_shape,2025-05-14 09:00:00,2025-05-14 10:00:00,9.199999809265137,7.9872720957979375,8.699999809265137,True
60,feed_lims_and_shape,2025-05-15 09:00:00,2025-05-15 10:00:00,8.300000190734863,7.613901498527085,9.199999809265137,True
60,feed_lims_and_shape,2025-05-16 09:00:00,2025-05-16 10:00:00,9.0,7.6284902350053265,8.300000190734863,True
60,feed_lims_and_shape,2025-05-17 09:00:00,2025-05-17 10:00:00,6.800000190734863,8.921293029248071,9.0,True
60,feed_lims_and_shape,2025-05-18 09:00:00,2025-05-18 10:00:00,7.900000095367432,7.3651037344367865,6.800000190734863,True
60,feed_lims_and_shape,2025-05-19 01:00:00,2025-05-19 02:00:00,6.900000095367432,8.416101723435943,7.900000095367432,True
60,feed_lims_and_shape,2025-05-19 09:00:00,2025-05-19 10:00:00,7.599999904632568,7.3859134924461305,6.900000095367432,True
60,feed_lims_and_shape,2025-05-20 09:00:00,2025-05-20 10:00:00,11.300000190734863,7.787382050744473,7.599999904632568,True
60,feed_lims_and_shape,2025-05-21 09:00:00,2025-05-21 10:00:00,10.199999809265137,7.598525539818034,11.300000190734863,True
60,feed_lims_and_shape,2025-05-21 21:02:41,2025-05-21 22:02:41,9.0,7.613580186698703,10.199999809265137,True
60,feed_lims_and_shape,2025-05-22 09:00:00,2025-05-22 10:00:00,8.800000190734863,7.276188026746185,9.0,True
60,feed_lims_and_shape,2025-05-23 09:00:00,2025-05-23 10:00:00,10.0,8.115232477088021,8.800000190734863,True
60,feed_lims_and_shape,2025-05-24 09:00:00,2025-05-24 10:00:00,8.0,7.851333094660665,10.0,True
60,feed_lims_and_shape,2025-05-25 09:00:00,2025-05-25 10:00:00,8.300000190734863,7.837878202359176,8.0,True
60,feed_lims_and_shape,2025-05-26 09:00:00,2025-05-26 10:00:00,6.699999809265137,7.271120672960855,8.300000190734863,True
60,feed_lims_and_shape,2025-05-27 09:00:00,2025-05-27 10:00:00,9.199999809265137,7.671750806440031,6.699999809265137,True
60,feed_lims_and_shape,2025-05-28 09:00:00,2025-05-28 10:00:00,7.5,7.695816357743082,9.199999809265137,True
60,feed_lims_and_shape,2025-05-29 09:00:00,2025-05-29 10:00:00,8.699999809265137,7.749435384556639,7.5,True
60,feed_lims_and_shape,2025-05-30 09:00:00,2025-05-30 10:00:00,10.0,7.584250845084954,8.699999809265137,True
60,feed_lims_and_shape,2025-05-31 09:00:00,2025-05-31 10:00:00,6.800000190734863,7.096048527861994,10.0,True
60,feed_lims_and_shape,2025-06-01 09:00:00,2025-06-01 10:00:00,8.699999809265137,7.348290966068548,6.800000190734863,True
60,feed_lims_and_shape,2025-06-02 09:00:00,2025-06-02 10:00:00,8.399999618530273,7.487773193481104,8.699999809265137,True
60,feed_lims_and_shape,2025-06-03 09:00:00,2025-06-03 10:00:00,23.299999237060547,7.395021379325504,8.399999618530273,True
60,feed_lims_and_shape,2025-06-03 16:30:00,2025-06-03 17:30:00,8.5,7.379834117837328,23.299999237060547,True
60,feed_lims_and_shape,2025-06-04 09:00:00,2025-06-04 10:00:00,6.900000095367432,7.45837700866581,8.5,True
60,feed_lims_and_shape,2025-06-05 09:00:00,2025-06-05 10:00:00,9.199999809265137,7.858377655659529,6.900000095367432,True
60,feed_lims_and_shape,2025-06-06 09:00:00,2025-06-06 10:00:00,8.800000190734863,7.856318227536024,9.199999809265137,True
60,feed_lims_and_shape,2025-06-07 09:00:00,2025-06-07 10:00:00,9.100000381469727,8.117364929701017,8.800000190734863,True
60,feed_lims_and_shape,2025-06-08 09:00:00,2025-06-08 10:00:00,9.100000381469727,7.995953567085772,9.100000381469727,True
60,feed_lims_and_shape,2025-06-09 09:00:00,2025-06-09 10:00:00,9.300000190734863,7.804021567255754,9.100000381469727,True
60,feed_lims_and_shape,2025-06-10 09:00:00,2025-06-10 10:00:00,8.800000190734863,7.947331013390523,9.300000190734863,True
60,feed_lims_and_shape,2025-06-11 09:00:00,2025-06-11 10:00:00,7.800000190734863,7.9375070182771665,8.800000190734863,True
60,feed_lims_and_shape,2025-06-12 09:00:00,2025-06-12 10:00:00,9.899999618530273,8.231369218211391,7.800000190734863,True
60,feed_lims_and_shape,2025-06-13 09:00:00,2025-06-13 10:00:00,9.199999809265137,7.935716551479748,9.899999618530273,True
60,feed_lims_and_shape,2025-06-14 09:00:00,2025-06-14 10:00:00,8.300000190734863,8.05622422215092,9.199999809265137,True
60,feed_lims_and_shape,2025-06-15 09:00:00,2025-06-15 10:00:00,8.0,7.589941045391967,8.300000190734863,True
60,feed_lims_and_shape,2025-06-16 09:00:00,2025-06-16 10:00:00,9.600000381469727,8.066665149080379,8.0,True
60,feed_lims_and_shape,2025-06-17 09:00:00,2025-06-17 10:00:00,9.300000190734863,7.610619520253836,9.600000381469727,True
60,feed_lims_and_shape,2025-06-18 09:00:00,2025-06-18 10:00:00,8.5,7.960378683018661,9.300000190734863,True
60,feed_lims_and_shape,2025-06-19 09:00:00,2025-06-19 10:00:00,10.600000381469727,8.139562979095903,8.5,True
60,feed_lims_and_shape,2025-06-20 09:00:00,2025-06-20 10:00:00,8.300000190734863,8.108030203815698,10.600000381469727,True
60,feed_lims_and_shape,2025-06-21 09:00:00,2025-06-21 10:00:00,3.200000047683716,7.493728239837328,8.300000190734863,True
60,feed_lims_and_shape,2025-06-21 14:57:36,2025-06-21 15:57:36,8.399999618530273,7.733089545784916,3.200000047683716,True
60,feed_lims_and_shape,2025-06-22 09:00:00,2025-06-22 10:00:00,7.699999809265137,7.646598444880176,8.399999618530273,True
60,feed_lims_and_shape,2025-06-23 09:00:00,2025-06-23 10:00:00,7.599999904632568,7.967636708416292,7.699999809265137,True
60,feed_lims_and_shape,2025-06-24 09:00:00,2025-06-24 10:00:00,9.199999809265137,8.423967409060438,7.599999904632568,True
60,feed_lims_and_shape,2025-06-25 09:00:00,2025-06-25 10:00:00,8.5,8.010666317531774,9.199999809265137,True
60,feed_lims_and_shape,2025-06-26 09:00:00,2025-06-26 10:00:00,7.199999809265137,7.247173821656107,8.5,True
60,feed_lims_and_shape,2025-06-27 09:00:00,2025-06-27 10:00:00,8.899999618530273,7.703588073016503,7.199999809265137,True
60,feed_lims_and_shape,2025-06-28 09:00:00,2025-06-28 10:00:00,9.800000190734863,7.799755499874147,8.899999618530273,True
60,feed_lims_and_shape,2025-06-29 09:00:00,2025-06-29 10:00:00,8.5,7.680055285866526,9.800000190734863,True
60,feed_lims_and_shape,2025-06-30 09:00:00,2025-06-30 10:00:00,8.0,7.618216077120859,8.5,True
60,feed_lims_and_shape,2025-07-01 09:00:00,2025-07-01 10:00:00,8.199999809265137,7.727806683131396,8.0,True
60,feed_lims_and_shape,2025-07-02 09:00:00,2025-07-02 10:00:00,8.800000190734863,7.856578275171913,8.199999809265137,True
60,feed_lims_and_shape,2025-07-03 09:00:00,2025-07-03 10:00:00,9.300000190734863,7.504924710214365,8.800000190734863,True
60,feed_lims_and_shape,2025-07-04 09:00:00,2025-07-04 10:00:00,9.399999618530273,7.567278601503261,9.300000190734863,True
60,feed_lims_and_shape,2025-07-05 09:00:00,2025-07-05 10:00:00,8.600000381469727,7.920939435940527,9.399999618530273,True
60,feed_lims_and_shape,2025-07-06 09:00:00,2025-07-06 10:00:00,9.300000190734863,7.752291465625559,8.600000381469727,True
60,feed_lims_and_shape,2025-07-07 09:00:00,2025-07-07 10:00:00,8.5,7.7643438897686,9.300000190734863,True
60,feed_lims_and_shape,2025-07-08 09:00:00,2025-07-08 10:00:00,9.199999809265137,7.780171155319881,8.5,True
60,feed_lims_and_shape,2025-07-09 09:00:00,2025-07-09 10:00:00,8.199999809265137,7.629275616308291,9.199999809265137,True
60,feed_lims_and_shape,2025-07-10 09:00:00,2025-07-10 10:00:00,7.599999904632568,7.41869406386863,8.199999809265137,True
60,feed_lims_and_shape,2025-07-11 09:00:00,2025-07-11 10:00:00,9.100000381469727,7.807989405054492,7.599999904632568,True
60,feed_lims_and_shape,2025-07-12 09:00:00,2025-07-12 10:00:00,8.800000190734863,7.963755689206694,9.100000381469727,True
60,feed_lims_and_shape,2025-07-13 09:00:00,2025-07-13 10:00:00,8.5,7.957815212768972,8.800000190734863,True
60,feed_lims_and_shape,2025-07-14 09:00:00,2025-07-14 10:00:00,9.800000190734863,8.205125934887,8.5,True
60,feed_lims_and_shape,2025-07-15 09:00:00,2025-07-15 10:00:00,9.399999618530273,8.34236417686221,9.800000190734863,True
60,feed_lims_and_shape,2025-07-16 09:00:00,2025-07-16 10:00:00,9.100000381469727,7.852233715130771,9.399999618530273,True
60,feed_lims_and_shape,2025-07-17 09:00:00,2025-07-17 10:00:00,8.100000381469727,8.096172471365682,9.100000381469727,True
60,feed_lims_and_shape,2025-07-18 09:00:00,2025-07-18 10:00:00,9.399999618530273,8.050866079946678,8.100000381469727,True
60,feed_lims_and_shape,2025-07-19 09:00:00,2025-07-19 10:00:00,7.900000095367432,7.863247901873018,9.399999618530273,True
60,feed_lims_and_shape,2025-07-20 09:00:00,2025-07-20 10:00:00,9.5,7.928756564142223,7.900000095367432,True
60,feed_lims_and_shape,2025-07-21 09:00:00,2025-07-21 10:00:00,9.300000190734863,7.848078964572961,9.5,True
60,feed_lims_and_shape,2025-07-22 09:00:00,2025-07-22 10:00:00,9.899999618530273,7.893778278327435,9.300000190734863,True
60,feed_lims_and_shape,2025-07-23 09:00:00,2025-07-23 10:00:00,8.5,7.794529807848768,9.899999618530273,True
60,feed_lims_and_shape,2025-07-24 09:00:00,2025-07-24 10:00:00,8.199999809265137,7.986793035452651,8.5,True
60,feed_lims_and_shape,2025-07-24 12:00:00,2025-07-24 13:00:00,120.0,10.774055063051868,8.5,True
60,feed_lims_and_shape,2025-07-24 12:15:00,2025-07-24 13:15:00,45.900001525878906,10.559111485571888,8.5,True
60,feed_lims_and_shape,2025-07-24 14:20:00,2025-07-24 15:20:00,2.0999999046325684,10.198209582191861,8.199999809265137,True
60,feed_lims_and_shape,2025-07-25 09:00:00,2025-07-25 10:00:00,9.600000381469727,7.84782546593873,2.0999999046325684,True
60,feed_lims_and_shape,2025-07-26 09:00:00,2025-07-26 10:00:00,7.300000190734863,7.106629440203601,9.600000381469727,True
60,feed_lims_and_shape,2025-07-27 09:00:00,2025-07-27 10:00:00,8.899999618530273,7.464215892523679,7.300000190734863,True
60,feed_lims_and_shape,2025-07-28 09:00:00,2025-07-28 10:00:00,10.199999809265137,8.142499057500666,8.899999618530273,True
60,feed_lims_and_shape,2025-07-28 15:00:00,2025-07-28 16:00:00,35.099998474121094,12.888593151076789,10.199999809265137,True
60,feed_lims_and_shape,2025-07-28 20:26:26,2025-07-28 21:26:26,3.5,6.860757309405172,35.099998474121094,True
60,feed_lims_and_shape,2025-07-29 09:00:00,2025-07-29 10:00:00,8.300000190734863,7.8314000870490155,3.5,True
60,feed_lims_and_shape,2025-07-30 09:00:00,2025-07-30 10:00:00,10.0,7.724044818602293,8.300000190734863,True
60,feed_lims_and_shape,2025-07-31 09:00:00,2025-07-31 10:00:00,6.599999904632568,7.632908966158491,10.0,True
60,feed_lims_and_shape,2025-08-01 09:00:00,2025-08-01 10:00:00,5.300000190734863,7.745459192954238,6.599999904632568,True
60,feed_lims_and_shape,2025-08-03 09:00:00,2025-08-03 10:00:00,10.199999809265137,7.753065836505371,5.300000190734863,True
60,feed_lims_and_shape,2025-08-04 09:00:00,2025-08-04 10:00:00,7.5,7.924511950950642,10.199999809265137,True
60,feed_lims_and_shape,2025-08-05 09:00:00,2025-08-05 10:00:00,6.599999904632568,7.743946669810253,7.5,True
60,feed_lims_and_shape,2025-08-05 13:05:08,2025-08-05 14:05:08,3.5999999046325684,9.027732696827469,7.5,True
60,feed_lims_and_shape,2025-08-06 09:00:00,2025-08-06 10:00:00,7.900000095367432,7.6116679134148075,3.5999999046325684,True
60,feed_lims_and_shape,2025-08-07 09:00:00,2025-08-07 10:00:00,6.300000190734863,7.1584333262514175,7.900000095367432,True
60,feed_lims_and_shape,2025-08-08 09:00:00,2025-08-08 10:00:00,7.400000095367432,7.449162058442473,6.300000190734863,True
60,feed_lims_and_shape,2025-08-09 09:00:00,2025-08-09 10:00:00,7.599999904632568,8.089018553107516,7.400000095367432,True
60,feed_lims_and_shape,2025-08-10 09:00:00,2025-08-10 10:00:00,9.300000190734863,7.958633953857978,7.599999904632568,True
60,feed_lims_and_shape,2025-08-12 09:00:00,2025-08-12 10:00:00,8.0,7.8310786762214715,9.300000190734863,True
60,feed_lims_and_shape,2025-08-13 09:00:00,2025-08-13 10:00:00,9.199999809265137,8.383497968756084,8.0,True
60,feed_lims_and_shape,2025-08-14 09:00:00,2025-08-14 10:00:00,10.5,7.175426075086506,9.199999809265137,True
60,feed_lims_and_shape,2025-08-14 13:00:00,2025-08-14 14:00:00,11.800000190734863,5.946264335602075,9.199999809265137,True
60,feed_lims_and_shape,2025-08-14 19:00:00,2025-08-14 20:00:00,4.699999809265137,7.170768408142035,11.800000190734863,True
60,feed_lims_and_shape,2025-08-15 09:00:00,2025-08-15 10:00:00,8.100000381469727,7.894375341266741,4.699999809265137,True
60,feed_lims_and_shape,2025-08-16 09:00:00,2025-08-16 10:00:00,8.300000190734863,7.618569328874843,8.100000381469727,True
60,feed_lims_and_shape,2025-08-16 19:00:00,2025-08-16 20:00:00,5.199999809265137,8.121194850559036,8.300000190734863,True
60,feed_lims_and_shape,2025-08-17 09:00:00,2025-08-17 10:00:00,7.900000095367432,7.827587583863274,5.199999809265137,True
60,feed_lims_and_shape,2025-08-18 09:00:00,2025-08-18 10:00:00,9.199999809265137,8.191257293740753,7.900000095367432,True
60,feed_lims_and_shape,2025-08-19 09:00:00,2025-08-19 10:00:00,6.699999809265137,8.45559369920998,9.199999809265137,True
60,feed_lims_and_shape,2025-08-20 09:00:00,2025-08-20 10:00:00,7.099999904632568,7.842306715524241,6.699999809265137,True
60,feed_lims_and_shape,2025-08-21 09:00:00,2025-08-21 10:00:00,6.599999904632568,8.165200573380707,7.099999904632568,True
60,feed_lims_and_shape,2025-08-22 09:00:00,2025-08-22 10:00:00,8.5,7.357527089644984,6.599999904632568,True
60,feed_lims_and_shape,2025-08-23 09:00:00,2025-08-23 10:00:00,11.399999618530273,7.566829466385716,8.5,True
60,feed_lims_and_shape,2025-08-23 21:00:00,2025-08-23 22:00:00,8.899999618530273,7.666052192038608,11.399999618530273,True
60,feed_lims_and_shape,2025-08-24 09:00:00,2025-08-24 10:00:00,9.399999618530273,7.6570635246775005,8.899999618530273,True
60,feed_lims_and_shape,2025-08-25 09:00:00,2025-08-25 10:00:00,10.899999618530273,7.936993191533356,9.399999618530273,True
60,feed_lims_and_shape,2025-08-27 09:00:00,2025-08-27 10:00:00,8.699999809265137,8.380964241311865,10.899999618530273,True
60,feed_lims_and_shape,2025-08-27 21:00:00,2025-08-27 22:00:00,9.300000190734863,8.027168388049732,8.699999809265137,True
60,feed_lims_and_shape,2025-08-28 09:00:00,2025-08-28 10:00:00,7.800000190734863,7.87533642723662,9.300000190734863,True
60,feed_lims_and_shape,2025-08-29 09:00:00,2025-08-29 10:00:00,8.0,7.905812655228608,7.800000190734863,True
60,feed_lims_and_shape,2025-08-30 09:00:00,2025-08-30 10:00:00,11.100000381469727,8.108673819368827,8.0,True
60,feed_lims_and_shape,2025-08-31 09:00:00,2025-08-31 10:00:00,8.600000381469727,8.426983084344323,11.100000381469727,True
60,feed_lims_and_shape,2025-09-01 09:00:00,2025-09-01 10:00:00,7.599999904632568,8.601547436956828,8.600000381469727,True
60,feed_lims_and_shape,2025-09-02 09:00:00,2025-09-02 10:00:00,7.199999809265137,8.042608550202344,7.599999904632568,True
60,feed_lims_and_shape,2025-09-03 09:00:00,2025-09-03 10:00:00,10.699999809265137,7.871065349332568,7.199999809265137,True
60,feed_lims_and_shape,2025-09-04 09:00:00,2025-09-04 10:00:00,7.300000190734863,7.126610844122979,10.699999809265137,True
60,feed_lims_and_shape,2025-09-05 09:00:00,2025-09-05 10:00:00,9.699999809265137,8.381023557036796,7.300000190734863,True
60,feed_lims_and_shape,2025-09-06 09:00:00,2025-09-06 10:00:00,11.699999809265137,8.076889543775877,9.699999809265137,True
60,feed_lims_and_shape,2025-09-07 09:00:00,2025-09-07 10:00:00,10.699999809265137,8.351427158948976,11.699999809265137,True
60,feed_lims_and_shape,2025-09-08 09:00:00,2025-09-08 10:00:00,9.800000190734863,8.236879283095089,10.699999809265137,True
60,feed_lims_and_shape,2025-09-09 09:00:00,2025-09-09 10:00:00,8.399999618530273,7.857200854387159,9.800000190734863,True
60,feed_lims_and_shape,2025-09-10 09:00:00,2025-09-10 10:00:00,10.100000381469727,8.539323956782347,8.399999618530273,True
60,feed_lims_and_shape,2025-09-11 09:00:00,2025-09-11 10:00:00,8.699999809265137,7.9743319959550725,10.100000381469727,True
60,feed_lims_and_shape,2025-09-12 09:00:00,2025-09-12 10:00:00,9.899999618530273,8.398805443928486,8.699999809265137,True
60,feed_lims_and_shape,2025-09-13 09:00:00,2025-09-13 10:00:00,9.800000190734863,8.358706194005414,9.899999618530273,True
60,feed_lims_and_shape,2025-09-14 09:00:00,2025-09-14 10:00:00,9.899999618530273,8.327333347435511,9.800000190734863,True
60,feed_lims_and_shape,2025-09-15 09:00:00,2025-09-15 10:00:00,8.300000190734863,8.390121188015037,9.899999618530273,True
60,feed_lims_and_shape,2025-09-16 09:00:00,2025-09-16 10:00:00,9.199999809265137,8.297599793839487,8.300000190734863,True
60,feed_lims_and_shape,2025-09-17 09:00:00,2025-09-17 10:00:00,9.300000190734863,8.33168659350646,9.199999809265137,True
60,feed_lims_and_shape,2025-09-18 09:00:00,2025-09-18 10:00:00,9.600000381469727,8.191402002093755,9.300000190734863,True
60,feed_lims_and_shape,2025-09-19 09:00:00,2025-09-19 10:00:00,9.600000381469727,8.231519218868641,9.600000381469727,True
60,feed_lims_and_shape,2025-09-20 09:00:00,2025-09-20 10:00:00,8.5,8.137632289778391,9.600000381469727,True
60,feed_lims_and_shape,2025-09-21 09:00:00,2025-09-21 10:00:00,7.599999904632568,8.312373298276915,8.5,True
60,feed_lims_and_shape,2025-09-22 09:00:00,2025-09-22 10:00:00,8.899999618530273,8.508826916509737,7.599999904632568,True
60,feed_lims_and_shape,2025-09-23 09:00:00,2025-09-23 10:00:00,10.199999809265137,8.472590578543839,8.899999618530273,True
60,feed_lims_and_shape,2025-09-24 09:00:00,2025-09-24 10:00:00,10.5,8.242677255615392,10.199999809265137,True
60,feed_lims_and_shape,2025-09-25 09:00:00,2025-09-25 10:00:00,9.800000190734863,7.84466417729384,10.5,True
60,feed_lims_and_shape,2025-09-26 09:00:00,2025-09-26 10:00:00,7.599999904632568,7.808036348966224,9.800000190734863,True
60,feed_lims_and_shape,2025-09-27 09:00:00,2025-09-27 10:00:00,8.399999618530273,7.718080567258557,7.599999904632568,True
60,feed_lims_and_shape,2025-09-28 09:00:00,2025-09-28 10:00:00,9.399999618530273,7.745965879212141,8.399999618530273,True
60,feed_lims_and_shape,2025-09-28 16:00:00,2025-09-28 17:00:00,15.300000190734863,7.837310633879879,9.399999618530273,True
60,feed_lims_and_shape,2025-09-28 19:00:00,2025-09-28 20:00:00,8.300000190734863,7.024248206012514,9.399999618530273,True
60,feed_lims_and_shape,2025-09-29 09:00:00,2025-09-29 10:00:00,9.199999809265137,8.216067138091018,8.300000190734863,True
60,feed_lims_and_shape,2025-09-30 09:00:00,2025-09-30 10:00:00,8.300000190734863,7.8226295182753205,9.199999809265137,True
60,feed_lims_and_shape,2025-10-01 09:00:00,2025-10-01 10:00:00,9.800000190734863,8.095610872514856,8.300000190734863,True
60,feed_lims_and_shape,2025-10-02 09:00:00,2025-10-02 10:00:00,9.699999809265137,7.989249934727315,9.800000190734863,True
60,feed_lims_and_shape,2025-10-03 09:00:00,2025-10-03 10:00:00,10.399999618530273,8.040479866575561,9.699999809265137,True
60,feed_lims_and_shape,2025-10-05 09:00:00,2025-10-05 10:00:00,9.699999809265137,7.579280712986366,10.399999618530273,True
60,feed_lims_and_shape,2025-10-06 09:00:00,2025-10-06 10:00:00,9.800000190734863,7.672957391193465,9.699999809265137,True
60,feed_lims_and_shape,2025-10-06 13:00:00,2025-10-06 14:00:00,5.199999809265137,7.507935078483465,9.699999809265137,True
60,feed_lims_and_shape,2025-10-07 09:00:00,2025-10-07 10:00:00,9.300000190734863,7.682772008836851,5.199999809265137,True
60,feed_lims_and_shape,2025-10-08 09:00:00,2025-10-08 10:00:00,9.800000190734863,7.988314276320736,9.300000190734863,True
60,feed_lims_and_shape,2025-10-09 09:00:00,2025-10-09 10:00:00,12.699999809265137,7.810119079761229,9.800000190734863,True
60,feed_lims_and_shape,2025-10-09 15:00:00,2025-10-09 16:00:00,8.699999809265137,7.150777601837554,12.699999809265137,True
60,feed_lims_and_shape,2025-10-09 21:00:00,2025-10-09 22:00:00,9.0,7.810944324055976,8.699999809265137,True
60,feed_lims_and_shape,2025-10-10 09:00:00,2025-10-10 10:00:00,10.199999809265137,8.41245826944989,9.0,True
60,feed_lims_and_shape,2025-10-10 19:00:00,2025-10-10 20:00:00,9.600000381469727,7.557126353995233,10.199999809265137,True
60,feed_lims_and_shape,2025-10-11 09:00:00,2025-10-11 10:00:00,9.0,8.035227203286272,9.600000381469727,True
60,feed_lims_and_shape,2025-10-12 09:00:00,2025-10-12 10:00:00,10.5,7.757453093092813,9.0,True
60,feed_lims_and_shape,2025-10-14 09:00:00,2025-10-14 10:00:00,9.199999809265137,6.5023220965668544,10.5,True
60,feed_lims_and_shape,2025-10-15 09:00:00,2025-10-15 10:00:00,9.100000381469727,7.168617640486039,9.199999809265137,True
60,feed_lims_and_shape,2025-10-16 09:00:00,2025-10-16 10:00:00,12.199999809265137,7.901690876499108,9.100000381469727,True
60,feed_lims_and_shape,2025-10-16 14:00:00,2025-10-16 15:00:00,9.699999809265137,7.250314754155681,12.199999809265137,True
60,feed_lims_and_shape,2025-10-17 09:00:00,2025-10-17 10:00:00,10.399999618530273,7.739236337219017,9.699999809265137,True
60,feed_lims_and_shape,2025-10-18 09:00:00,2025-10-18 10:00:00,10.800000190734863,7.502592678663648,10.399999618530273,True
60,feed_lims_and_shape,2025-10-18 15:00:00,2025-10-18 16:00:00,8.0,7.332244385940928,10.800000190734863,True
60,feed_lims_and_shape,2025-10-19 09:00:00,2025-10-19 10:00:00,6.5,7.106127966188996,8.0,True
60,feed_lims_and_shape,2025-10-20 09:00:00,2025-10-20 10:00:00,10.5,7.37011886852534,6.5,True
60,feed_lims_and_shape,2025-10-21 09:00:00,2025-10-21 10:00:00,10.100000381469727,7.567432744562696,10.5,True
60,feed_lims_and_shape,2025-10-21 15:00:00,2025-10-21 16:00:00,11.0,7.5488438360634955,10.100000381469727,True
60,feed_lims_and_shape,2025-10-21 21:00:00,2025-10-21 22:00:00,10.0,7.188266864171997,11.0,True
60,feed_lims_and_shape,2025-10-22 09:00:00,2025-10-22 10:00:00,9.300000190734863,7.051315665781555,10.0,True
60,feed_lims_and_shape,2025-10-22 19:00:00,2025-10-22 20:00:00,11.0,7.307551350889064,9.300000190734863,True
60,feed_lims_and_shape,2025-10-23 01:00:00,2025-10-23 02:00:00,6.699999809265137,6.877877334573019,11.0,True
60,feed_lims_and_shape,2025-10-23 09:00:00,2025-10-23 10:00:00,9.100000381469727,7.045831933437206,6.699999809265137,True
60,feed_lims_and_shape,2025-10-23 20:00:00,2025-10-23 21:00:00,6.5,7.099197574850441,9.100000381469727,True
60,feed_lims_and_shape,2025-10-24 09:00:00,2025-10-24 10:00:00,7.0,7.291220746632886,6.5,True
60,feed_lims_and_shape,2025-10-25 09:00:00,2025-10-25 10:00:00,7.199999809265137,7.479453151598086,7.0,True
60,feed_lims_and_shape,2025-10-26 09:00:00,2025-10-26 10:00:00,7.199999809265137,7.364702064739996,7.199999809265137,True
60,feed_lims_and_shape,2025-10-27 09:00:00,2025-10-27 10:00:00,10.399999618530273,7.258658324098885,7.199999809265137,True
60,feed_lims_and_shape,2025-10-27 14:15:10,2025-10-27 15:15:10,9.600000381469727,7.535072186874567,10.399999618530273,True
60,feed_lims_and_shape,2025-10-27 17:46:34,2025-10-27 18:46:34,5.599999904632568,6.634839452217652,10.399999618530273,True
60,feed_lims_and_shape,2025-10-27 21:00:00,2025-10-27 22:00:00,7.699999809265137,7.416560567597076,9.600000381469727,True
60,feed_lims_and_shape,2025-10-28 09:00:00,2025-10-28 10:00:00,9.899999618530273,8.155876723361365,7.699999809265137,True
60,feed_lims_and_shape,2025-10-28 13:00:00,2025-10-28 14:00:00,7.800000190734863,6.946999146716794,7.699999809265137,True
60,feed_lims_and_shape,2025-10-29 09:00:00,2025-10-29 10:00:00,9.199999809265137,7.303510992430594,7.800000190734863,True
60,feed_lims_and_shape,2025-10-30 09:00:00,2025-10-30 10:00:00,9.899999618530273,7.597674957287445,9.199999809265137,True
60,feed_lims_and_shape,2025-10-31 09:00:00,2025-10-31 10:00:00,10.199999809265137,7.570409951613019,9.899999618530273,True
60,feed_lims_and_shape,2025-11-01 09:00:00,2025-11-01 10:00:00,7.800000190734863,7.244628430221514,10.199999809265137,True
60,feed_lims_and_shape,2025-11-02 09:00:00,2025-11-02 10:00:00,10.100000381469727,7.504135566972346,7.800000190734863,True
60,feed_lims_and_shape,2025-11-03 04:00:00,2025-11-03 05:00:00,8.5,7.090354821934806,10.100000381469727,True
60,feed_lims_and_shape,2025-11-03 09:00:00,2025-11-03 10:00:00,9.5,7.517368263329159,8.5,True
60,feed_lims_and_shape,2025-11-04 09:00:00,2025-11-04 10:00:00,9.399999618530273,7.343810436847349,9.5,True
60,feed_lims_and_shape,2025-11-05 09:00:00,2025-11-05 10:00:00,8.899999618530273,7.196740827415679,9.399999618530273,True
60,feed_lims_and_shape,2025-11-06 09:00:00,2025-11-06 10:00:00,9.600000381469727,7.4146552886947354,8.899999618530273,True
60,feed_lims_and_shape,2025-11-07 09:00:00,2025-11-07 10:00:00,9.899999618530273,7.366805898590259,9.600000381469727,True
60,feed_lims_and_shape,2025-11-08 09:00:00,2025-11-08 10:00:00,8.800000190734863,7.20840578111903,9.899999618530273,True
60,feed_lims_and_shape,2025-11-09 09:00:00,2025-11-09 10:00:00,10.5,7.655205301682072,8.800000190734863,True
60,feed_lims_and_shape,2025-11-09 12:00:00,2025-11-09 13:00:00,11.199999809265137,7.329841157052261,8.800000190734863,True
60,feed_lims_and_shape,2025-11-09 16:00:09,2025-11-09 17:00:09,8.100000381469727,7.391330643764375,10.5,True
60,feed_lims_and_shape,2025-11-09 23:00:00,2025-11-10 00:00:00,7.300000190734863,6.824510669203509,8.100000381469727,True
60,feed_lims_and_shape,2025-11-10 09:00:00,2025-11-10 10:00:00,8.100000381469727,6.854330343852345,7.300000190734863,True
60,feed_lims_and_shape,2025-11-11 09:00:00,2025-11-11 10:00:00,9.100000381469727,7.335600730049732,8.100000381469727,True
60,feed_lims_and_shape,2025-11-12 09:00:00,2025-11-12 10:00:00,11.5,8.117563904030717,9.100000381469727,True
60,feed_lims_and_shape,2025-11-12 16:06:58,2025-11-12 17:06:58,8.100000381469727,6.866908307555321,11.5,True
60,feed_lims_and_shape,2025-11-13 09:00:00,2025-11-13 10:00:00,7.300000190734863,7.488098377910646,8.100000381469727,True
60,feed_lims_and_shape,2025-11-14 09:00:00,2025-11-14 10:00:00,10.399999618530273,7.403129749578458,7.300000190734863,True
60,feed_lims_and_shape,2025-11-14 21:00:00,2025-11-14 22:00:00,8.300000190734863,7.1128627658754535,10.399999618530273,True
60,feed_lims_and_shape,2025-11-15 09:00:00,2025-11-15 10:00:00,9.199999809265137,7.136512453150964,8.300000190734863,True
60,feed_lims_and_shape,2025-11-16 09:00:00,2025-11-16 10:00:00,9.899999618530273,7.550168040694482,9.199999809265137,True
60,feed_lims_and_shape,2025-11-17 09:00:00,2025-11-17 10:00:00,9.199999809265137,7.2458791749374285,9.899999618530273,True
60,feed_lims_and_shape,2025-11-18 09:00:00,2025-11-18 10:00:00,9.800000190734863,7.540847080845554,9.199999809265137,True
60,feed_lims_and_shape,2025-11-19 09:00:00,2025-11-19 10:00:00,9.699999809265137,7.145014864184411,9.800000190734863,True
60,feed_lims_and_shape,2025-11-20 09:00:00,2025-11-20 10:00:00,6.099999904632568,6.943931771608866,9.699999809265137,True
60,feed_lims_and_shape,2025-11-21 09:00:00,2025-11-21 10:00:00,10.399999618530273,7.1292796593716865,6.099999904632568,True
60,feed_lims_and_shape,2025-11-22 09:00:00,2025-11-22 10:00:00,9.300000190734863,7.387640851951243,10.399999618530273,True
60,feed_lims_and_shape,2025-11-23 09:00:00,2025-11-23 10:00:00,9.899999618530273,7.4383222276295005,9.300000190734863,True
60,feed_lims_and_shape,2025-11-23 21:51:00,2025-11-23 22:51:00,9.899999618530273,7.612401948818297,9.899999618530273,True
60,feed_lims_and_shape,2025-11-24 01:38:00,2025-11-24 02:38:00,10.699999809265137,7.134537838089386,9.899999618530273,True
60,feed_lims_and_shape,2025-11-24 09:00:00,2025-11-24 10:00:00,9.0,7.013919777190825,10.699999809265137,True
60,feed_lims_and_shape,2025-11-24 19:00:00,2025-11-24 20:00:00,8.399999618530273,7.243851757871106,9.0,True
60,feed_lims_and_shape,2025-11-25 09:00:00,2025-11-25 10:00:00,9.899999618530273,7.39630512547129,8.399999618530273,True
60,feed_lims_and_shape,2025-11-26 09:00:00,2025-11-26 10:00:00,9.699999809265137,7.542698031040759,9.899999618530273,True
60,feed_lims_and_shape,2025-11-27 09:00:00,2025-11-27 10:00:00,13.100000381469727,7.796922391716841,9.699999809265137,True
60,feed_lims_and_shape,2025-11-27 11:45:00,2025-11-27 12:45:00,10.5,7.703713884945444,9.699999809265137,True
60,feed_lims_and_shape,2025-11-27 21:00:00,2025-11-27 22:00:00,8.600000381469727,8.230232087961685,10.5,True
60,feed_lims_and_shape,2025-11-28 09:00:00,2025-11-28 10:00:00,9.0,7.499348601270846,8.600000381469727,True
60,feed_lims_and_shape,2025-11-29 09:00:00,2025-11-29 10:00:00,7.300000190734863,7.244068654741607,9.0,True
60,feed_lims_and_shape,2025-11-30 09:00:00,2025-11-30 10:00:00,8.699999809265137,7.66800480111514,7.300000190734863,True
60,feed_lims_and_shape,2025-12-01 09:00:00,2025-12-01 10:00:00,7.800000190734863,7.050479834467856,8.699999809265137,True
60,feed_lims_and_shape,2025-12-02 09:00:00,2025-12-02 10:00:00,8.399999618530273,7.45314405190155,7.800000190734863,True
60,feed_lims_and_shape,2025-12-03 09:00:00,2025-12-03 10:00:00,6.800000190734863,7.409740542030111,8.399999618530273,True
60,feed_lims_and_shape,2025-12-04 09:00:00,2025-12-04 10:00:00,7.800000190734863,7.7464488521757,6.800000190734863,True
60,feed_lims_and_shape,2025-12-05 09:00:00,2025-12-05 10:00:00,9.0,7.833980803681719,7.800000190734863,True
60,feed_lims_and_shape,2025-12-06 09:00:00,2025-12-06 10:00:00,8.300000190734863,7.35031935453001,9.0,True
60,feed_lims_and_shape,2025-12-07 09:00:00,2025-12-07 10:00:00,10.199999809265137,7.04368752922815,8.300000190734863,True
60,feed_lims_and_shape,2025-12-08 09:00:00,2025-12-08 10:00:00,8.199999809265137,7.012227912621908,10.199999809265137,True
60,feed_lims_and_shape,2025-12-09 09:00:00,2025-12-09 10:00:00,9.100000381469727,7.326813658871838,8.199999809265137,True
60,feed_lims_and_shape,2025-12-10 05:00:00,2025-12-10 06:00:00,9.800000190734863,7.899114694793246,9.100000381469727,True
60,feed_lims_and_shape,2025-12-10 08:35:00,2025-12-10 09:35:00,8.0,8.090765129943426,9.100000381469727,True
60,feed_lims_and_shape,2025-12-10 19:00:00,2025-12-10 20:00:00,7.800000190734863,7.696466935972406,8.0,True
60,feed_lims_and_shape,2025-12-11 09:00:00,2025-12-11 10:00:00,7.300000190734863,7.2231055590615085,7.800000190734863,True
60,feed_lims_and_shape,2025-12-11 16:00:00,2025-12-11 17:00:00,10.5,7.370405799816647,7.300000190734863,True
60,feed_lims_and_shape,2025-12-12 09:00:00,2025-12-12 10:00:00,7.599999904632568,7.697463435565599,10.5,True
60,feed_lims_and_shape,2025-12-13 09:00:00,2025-12-13 10:00:00,6.699999809265137,7.407859973762461,7.599999904632568,True
60,feed_lims_and_shape,2025-12-14 09:00:00,2025-12-14 10:00:00,6.400000095367432,8.23284616255724,6.699999809265137,True
60,feed_lims_and_shape,2025-12-14 13:22:00,2025-12-14 14:22:00,11.0,7.695779181263751,6.699999809265137,True
60,feed_lims_and_shape,2025-12-15 09:00:00,2025-12-15 10:00:00,8.800000190734863,7.4719541089173,11.0,True
60,feed_lims_and_shape,2025-12-16 09:00:00,2025-12-16 10:00:00,7.400000095367432,7.440052575606071,8.800000190734863,True
60,feed_lims_and_shape,2025-12-17 09:00:00,2025-12-17 10:00:00,8.399999618530273,7.83631302977642,7.400000095367432,True
60,feed_lims_and_shape,2025-12-18 09:00:00,2025-12-18 10:00:00,9.300000190734863,8.123061411914367,8.399999618530273,True
60,feed_lims_and_shape,2025-12-19 09:00:00,2025-12-19 10:00:00,9.399999618530273,7.892443221073439,9.300000190734863,True
60,feed_lims_and_shape,2025-12-20 09:00:00,2025-12-20 10:00:00,9.100000381469727,7.625962159314586,9.399999618530273,True
60,feed_lims_and_shape,2025-12-21 09:00:00,2025-12-21 10:00:00,8.800000190734863,7.5646958583887915,9.100000381469727,True
60,feed_lims_and_shape,2025-12-22 09:00:00,2025-12-22 10:00:00,9.0,7.388380928222279,8.800000190734863,True
60,feed_lims_and_shape,2025-12-23 09:00:00,2025-12-23 10:00:00,8.300000190734863,7.331353900371095,9.0,True
60,feed_lims_and_shape,2025-12-24 09:00:00,2025-12-24 10:00:00,5.099999904632568,6.8417068935838135,8.300000190734863,True
60,feed_lims_and_shape,2025-12-25 09:00:00,2025-12-25 10:00:00,9.0,8.851673402455425,5.099999904632568,True
60,feed_lims_and_shape,2025-12-26 09:00:00,2025-12-26 10:00:00,6.199999809265137,7.5585774352740085,9.0,True
60,feed_lims_and_shape,2025-12-27 09:00:00,2025-12-27 10:00:00,8.899999618530273,7.7348108266783,6.199999809265137,True
60,feed_lims_and_shape,2025-12-28 09:00:00,2025-12-28 10:00:00,10.899999618530273,7.8034434939400725,8.899999618530273,True
60,feed_lims_and_shape,2025-12-28 23:00:00,2025-12-29 00:00:00,10.5,7.565139470267887,10.899999618530273,True
60,feed_lims_and_shape,2025-12-29 01:30:00,2025-12-29 02:30:00,7.900000095367432,7.31791741472667,10.899999618530273,True
60,feed_lims_and_shape,2025-12-29 09:00:00,2025-12-29 10:00:00,4.699999809265137,6.3059891869444,7.900000095367432,True
60,feed_lims_and_shape,2025-12-30 09:00:00,2025-12-30 10:00:00,9.699999809265137,7.202612422029972,4.699999809265137,True
60,feed_lims_and_shape,2025-12-31 09:00:00,2025-12-31 10:00:00,9.0,7.303394403058036,9.699999809265137,True
120,core,2025-01-01 08:00:00,2025-01-01 10:00:00,3.5,7.782997100397113,2.700000047683716,True
120,core,2025-01-02 08:00:00,2025-01-02 10:00:00,7.099999904632568,8.27127155452854,3.5,True
120,core,2025-01-03 08:00:00,2025-01-03 10:00:00,7.699999809265137,8.401801434535734,7.099999904632568,True
120,core,2025-01-04 08:00:00,2025-01-04 10:00:00,5.400000095367432,8.364916683835576,7.699999809265137,True
120,core,2025-01-05 08:00:00,2025-01-05 10:00:00,5.300000190734863,7.9995987673704825,5.400000095367432,True
120,core,2025-01-06 08:00:00,2025-01-06 10:00:00,4.800000190734863,8.12615546020089,5.300000190734863,True
120,core,2025-01-07 08:00:00,2025-01-07 10:00:00,5.099999904632568,8.084566685369664,4.800000190734863,True
120,core,2025-01-08 08:00:00,2025-01-08 10:00:00,3.5999999046325684,7.866650374836032,5.099999904632568,True
120,core,2025-01-09 08:00:00,2025-01-09 10:00:00,3.9000000953674316,7.923825054181018,3.5999999046325684,True
120,core,2025-01-10 08:00:00,2025-01-10 10:00:00,3.5,7.8696685753523905,3.9000000953674316,True
120,core,2025-01-11 08:00:00,2025-01-11 10:00:00,3.5999999046325684,7.820108496325286,3.5,True
120,core,2025-01-12 08:00:00,2025-01-12 10:00:00,4.199999809265137,7.829106961715819,3.5999999046325684,True
120,core,2025-01-13 08:00:00,2025-01-13 10:00:00,6.0,8.035877460510026,4.199999809265137,True
120,core,2025-01-14 08:00:00,2025-01-14 10:00:00,1.600000023841858,6.690051235612749,6.0,True
120,core,2025-01-15 08:00:00,2025-01-15 10:00:00,1.899999976158142,7.4933953651211205,1.600000023841858,True
120,core,2025-01-16 08:00:00,2025-01-16 10:00:00,7.099999904632568,8.334385147929101,1.899999976158142,True
120,core,2025-01-17 08:00:00,2025-01-17 10:00:00,8.199999809265137,8.103884083022438,7.099999904632568,True
120,core,2025-01-18 08:00:00,2025-01-18 10:00:00,7.599999904632568,8.283013787732505,8.199999809265137,True
120,core,2025-01-19 08:00:00,2025-01-19 10:00:00,6.900000095367432,8.133856762790568,7.599999904632568,True
120,core,2025-01-20 08:00:00,2025-01-20 10:00:00,10.600000381469727,8.386567479977453,6.900000095367432,True
120,core,2025-01-21 08:00:00,2025-01-21 10:00:00,8.300000190734863,8.306557465549028,10.600000381469727,True
120,core,2025-01-22 08:00:00,2025-01-22 10:00:00,6.099999904632568,8.168230046645586,8.300000190734863,True
120,core,2025-01-23 08:00:00,2025-01-23 10:00:00,6.099999904632568,8.30709810149849,6.099999904632568,True
120,core,2025-01-23 20:00:00,2025-01-23 22:00:00,5.900000095367432,8.505897158207825,6.099999904632568,True
120,core,2025-01-24 08:00:00,2025-01-24 10:00:00,6.699999809265137,8.640750515843099,5.900000095367432,True
120,core,2025-01-25 08:00:00,2025-01-25 10:00:00,7.5,8.193185696302756,6.699999809265137,True
120,core,2025-01-26 08:00:00,2025-01-26 10:00:00,8.899999618530273,8.263313733318823,7.5,True
120,core,2025-01-27 08:00:00,2025-01-27 10:00:00,6.0,8.232927284914833,8.899999618530273,True
120,core,2025-01-28 08:00:00,2025-01-28 10:00:00,7.900000095367432,8.163362728165483,6.0,True
120,core,2025-01-29 08:00:00,2025-01-29 10:00:00,6.199999809265137,8.108890085621802,7.900000095367432,True
120,core,2025-01-30 08:00:00,2025-01-30 10:00:00,5.900000095367432,8.310052216310893,6.199999809265137,True
120,core,2025-01-31 08:00:00,2025-01-31 10:00:00,7.400000095367432,8.2860863728193,5.900000095367432,True
120,core,2025-02-01 08:00:00,2025-02-01 10:00:00,9.600000381469727,7.989067715316882,7.400000095367432,True
120,core,2025-02-02 08:00:00,2025-02-02 10:00:00,10.5,8.184820492667852,9.600000381469727,True
120,core,2025-02-03 02:48:22,2025-02-03 04:48:22,10.699999809265137,9.781902648932016,10.5,True
120,core,2025-02-03 08:00:00,2025-02-03 10:00:00,8.5,9.917740367863855,10.5,True
120,core,2025-02-04 08:00:00,2025-02-04 10:00:00,7.099999904632568,8.075341683975443,8.5,True
120,core,2025-02-05 08:00:00,2025-02-05 10:00:00,7.400000095367432,8.085005372623371,7.099999904632568,True
120,core,2025-02-07 08:00:00,2025-02-07 10:00:00,8.300000190734863,8.06522407949634,7.400000095367432,True
120,core,2025-02-08 08:00:00,2025-02-08 10:00:00,8.100000381469727,7.989463855016609,8.300000190734863,True
120,core,2025-02-09 08:00:00,2025-02-09 10:00:00,9.899999618530273,8.13859249800397,8.100000381469727,True
120,core,2025-02-10 08:00:00,2025-02-10 10:00:00,9.5,8.241027523664675,9.899999618530273,True
120,core,2025-02-11 08:00:00,2025-02-11 10:00:00,6.800000190734863,8.111627158704291,9.5,True
120,core,2025-02-12 08:00:00,2025-02-12 10:00:00,9.600000381469727,8.093283392071005,6.800000190734863,True
120,core,2025-02-13 08:00:00,2025-02-13 10:00:00,11.600000381469727,8.156413750727666,9.600000381469727,True
120,core,2025-02-13 14:46:39,2025-02-13 16:46:39,8.899999618530273,8.0180442667471,11.600000381469727,True
120,core,2025-02-14 08:00:00,2025-02-14 10:00:00,7.0,7.988044784354269,8.899999618530273,True
120,core,2025-02-14 20:41:16,2025-02-14 22:41:16,11.899999618530273,7.787944489946501,7.0,True
120,core,2025-02-15 00:39:46,2025-02-15 02:39:46,8.0,8.058519490868209,7.0,True
120,core,2025-02-15 08:00:00,2025-02-15 10:00:00,9.100000381469727,7.844256641620889,8.0,True
120,core,2025-02-16 08:00:00,2025-02-16 10:00:00,7.300000190734863,8.274701927352108,9.100000381469727,True
120,core,2025-02-17 08:00:00,2025-02-17 10:00:00,8.699999809265137,7.949247399479479,7.300000190734863,True
120,core,2025-02-18 08:00:00,2025-02-18 10:00:00,8.5,7.970765406582032,8.699999809265137,True
120,core,2025-02-19 08:00:00,2025-02-19 10:00:00,10.199999809265137,8.056978721738183,8.5,True
120,core,2025-02-20 08:00:00,2025-02-20 10:00:00,5.699999809265137,8.268456338058519,10.199999809265137,True
120,core,2025-02-21 08:00:00,2025-02-21 10:00:00,9.399999618530273,7.910117289402383,5.699999809265137,True
120,core,2025-02-22 08:00:00,2025-02-22 10:00:00,9.100000381469727,8.087018095954827,9.399999618530273,True
120,core,2025-02-23 08:00:00,2025-02-23 10:00:00,10.300000190734863,8.056398268287985,9.100000381469727,True
120,core,2025-02-24 08:00:00,2025-02-24 10:00:00,9.399999618530273,7.931280915943397,10.300000190734863,True
120,core,2025-02-25 08:00:00,2025-02-25 10:00:00,9.399999618530273,7.9683765274444855,9.399999618530273,True
120,core,2025-02-26 08:00:00,2025-02-26 10:00:00,8.800000190734863,8.22290489539862,9.399999618530273,True
120,core,2025-02-27 08:00:00,2025-02-27 10:00:00,10.300000190734863,8.15930743101938,8.800000190734863,True
120,core,2025-02-28 08:00:00,2025-02-28 10:00:00,10.600000381469727,8.172608055530974,10.300000190734863,True
120,core,2025-03-01 08:00:00,2025-03-01 10:00:00,7.800000190734863,8.138581439079017,10.600000381469727,True
120,core,2025-03-02 08:00:00,2025-03-02 10:00:00,10.0,8.135924072839845,7.800000190734863,True
120,core,2025-03-03 08:00:00,2025-03-03 10:00:00,8.300000190734863,8.075767535576487,10.0,True
120,core,2025-03-06 08:00:00,2025-03-06 10:00:00,8.5,8.219406752542675,,False
120,core,2025-03-07 08:00:00,2025-03-07 10:00:00,8.399999618530273,7.86528030765016,8.5,True
120,core,2025-03-08 08:00:00,2025-03-08 10:00:00,8.0,7.975452782621716,8.399999618530273,True
120,core,2025-03-09 08:00:00,2025-03-09 10:00:00,9.5,8.05093233202158,8.0,True
120,core,2025-03-10 08:00:00,2025-03-10 10:00:00,10.199999809265137,8.103095863017728,9.5,True
120,core,2025-03-11 08:00:00,2025-03-11 10:00:00,8.100000381469727,8.262417844174601,10.199999809265137,True
120,core,2025-03-12 08:00:00,2025-03-12 10:00:00,8.600000381469727,8.255240062641752,8.100000381469727,True
120,core,2025-03-13 08:00:00,2025-03-13 10:00:00,7.699999809265137,8.059158549271567,8.600000381469727,True
120,core,2025-03-14 08:00:00,2025-03-14 10:00:00,9.899999618530273,8.062585524838802,7.699999809265137,True
120,core,2025-03-15 08:00:00,2025-03-15 10:00:00,10.399999618530273,8.316633365121861,9.899999618530273,True
120,core,2025-03-16 08:00:00,2025-03-16 10:00:00,10.5,8.285819692452192,10.399999618530273,True
120,core,2025-03-17 08:00:00,2025-03-17 10:00:00,12.399999618530273,8.462813258470385,10.5,True
120,core,2025-03-18 08:00:00,2025-03-18 10:00:00,12.300000190734863,8.563849648868958,12.399999618530273,True
120,core,2025-03-19 08:00:00,2025-03-19 10:00:00,10.300000190734863,8.539060648063568,12.300000190734863,True
120,core,2025-03-20 08:00:00,2025-03-20 10:00:00,11.300000190734863,8.33755086028865,10.300000190734863,True
120,core,2025-03-21 08:00:00,2025-03-21 10:00:00,9.600000381469727,8.397923360742135,11.300000190734863,True
120,core,2025-03-22 08:00:00,2025-03-22 10:00:00,8.800000190734863,8.118902024023814,9.600000381469727,True
120,core,2025-03-23 08:00:00,2025-03-23 10:00:00,6.900000095367432,8.072085542828697,8.800000190734863,True
120,core,2025-03-24 04:00:00,2025-03-24 06:00:00,6.800000190734863,8.132547562848297,6.900000095367432,True
120,core,2025-03-24 08:00:00,2025-03-24 10:00:00,6.5,9.472148804575268,6.900000095367432,True
120,core,2025-03-24 22:01:00,2025-03-25 00:01:00,11.0,7.423305268211884,6.5,True
120,core,2025-03-25 04:00:00,2025-03-25 06:00:00,13.399999618530273,7.7549082584540745,6.5,True
120,core,2025-03-25 08:00:00,2025-03-25 10:00:00,8.100000381469727,7.698180209825136,11.0,True
120,core,2025-03-25 18:00:00,2025-03-25 20:00:00,10.5,7.93318285054305,8.100000381469727,True
120,core,2025-03-26 08:00:00,2025-03-26 10:00:00,8.300000190734863,7.9130375161765425,10.5,True
120,core,2025-03-26 21:07:57,2025-03-26 23:07:57,10.199999809265137,7.985247699317657,8.300000190734863,True
120,core,2025-03-27 08:00:00,2025-03-27 10:00:00,5.400000095367432,7.874799795959561,10.199999809265137,True
120,core,2025-03-29 08:00:00,2025-03-29 10:00:00,8.399999618530273,8.283405486831338,5.400000095367432,True
120,core,2025-03-30 08:00:00,2025-03-30 10:00:00,10.199999809265137,8.145616155935905,8.399999618530273,True
120,core,2025-03-31 08:00:00,2025-03-31 10:00:00,8.600000381469727,8.152004090867779,10.199999809265137,True
120,core,2025-04-01 08:00:00,2025-04-01 10:00:00,7.0,8.04902520501007,8.600000381469727,True
120,core,2025-04-02 08:00:00,2025-04-02 10:00:00,7.300000190734863,8.680406937753444,7.0,True
120,core,2025-04-03 08:00:00,2025-04-03 10:00:00,9.899999618530273,8.202689510126259,7.300000190734863,True
120,core,2025-04-05 08:00:00,2025-04-05 10:00:00,5.800000190734863,8.244888180688402,9.899999618530273,True
120,core,2025-04-06 08:00:00,2025-04-06 10:00:00,6.800000190734863,8.346017071846706,5.800000190734863,True
120,core,2025-04-07 08:00:00,2025-04-07 10:00:00,7.5,8.209332064078968,6.800000190734863,True
120,core,2025-04-08 08:00:00,2025-04-08 10:00:00,6.800000190734863,8.151071584807603,7.5,True
120,core,2025-04-09 08:00:00,2025-04-09 10:00:00,8.100000381469727,8.15904728766075,6.800000190734863,True
120,core,2025-04-10 08:00:00,2025-04-10 10:00:00,6.099999904632568,7.961364146539896,8.100000381469727,True
120,core,2025-04-11 08:00:00,2025-04-11 10:00:00,7.400000095367432,8.194031542171828,6.099999904632568,True
120,core,2025-04-12 08:00:00,2025-04-12 10:00:00,8.699999809265137,8.140815049687887,7.400000095367432,True
120,core,2025-04-13 08:00:00,2025-04-13 10:00:00,5.300000190734863,7.915454043712964,8.699999809265137,True
120,core,2025-04-14 08:00:00,2025-04-14 10:00:00,7.699999809265137,8.193560832713123,5.300000190734863,True
120,core,2025-04-15 08:00:00,2025-04-15 10:00:00,8.5,7.730346652718783,7.699999809265137,True
120,core,2025-04-16 08:00:00,2025-04-16 10:00:00,7.699999809265137,7.981764121423325,8.5,True
120,core,2025-04-17 08:00:00,2025-04-17 10:00:00,5.199999809265137,7.905572157144469,7.699999809265137,True
120,core,2025-04-18 08:00:00,2025-04-18 10:00:00,8.800000190734863,8.257336432663099,5.199999809265137,True
120,core,2025-04-18 18:00:00,2025-04-18 20:00:00,10.0,8.056758109850191,8.800000190734863,True
120,core,2025-04-19 08:00:00,2025-04-19 10:00:00,8.800000190734863,8.313837696184995,10.0,True
120,core,2025-04-20 08:00:00,2025-04-20 10:00:00,11.800000190734863,8.423200731588784,8.800000190734863,True
120,core,2025-04-21 08:00:00,2025-04-21 10:00:00,11.399999618530273,7.9906709846788555,11.800000190734863,True
120,core,2025-04-22 08:00:00,2025-04-22 10:00:00,10.600000381469727,8.306175074963873,11.399999618530273,True
120,core,2025-04-23 08:00:00,2025-04-23 10:00:00,13.5,8.429700651456683,10.600000381469727,True
120,core,2025-04-24 08:00:00,2025-04-24 10:00:00,12.399999618530273,8.292453574304222,13.5,True
120,core,2025-04-25 08:00:00,2025-04-25 10:00:00,9.399999618530273,7.85742177602998,12.399999618530273,True
120,core,2025-04-26 04:00:00,2025-04-26 06:00:00,9.0,8.20764285296666,9.399999618530273,True
120,core,2025-04-26 08:00:00,2025-04-26 10:00:00,9.5,9.836219120214123,9.399999618530273,True
120,core,2025-04-27 08:00:00,2025-04-27 10:00:00,7.699999809265137,7.996960793998822,9.5,True
120,core,2025-04-28 08:00:00,2025-04-28 10:00:00,10.0,8.00153073501928,7.699999809265137,True
120,core,2025-04-29 08:00:00,2025-04-29 10:00:00,7.5,8.047457214199522,10.0,True
120,core,2025-04-30 08:00:00,2025-04-30 10:00:00,6.5,7.817655962780103,7.5,True
120,core,2025-05-01 08:00:00,2025-05-01 10:00:00,11.300000190734863,8.04655112081915,6.5,True
120,core,2025-05-02 08:00:00,2025-05-02 10:00:00,8.300000190734863,8.070724309625854,11.300000190734863,True
120,core,2025-05-03 08:00:00,2025-05-03 10:00:00,9.899999618530273,8.212726028364434,8.300000190734863,True
120,core,2025-05-04 08:00:00,2025-05-04 10:00:00,8.399999618530273,8.031169602103255,9.899999618530273,True
120,core,2025-05-05 08:00:00,2025-05-05 10:00:00,8.600000381469727,7.984139449513524,8.399999618530273,True
120,core,2025-05-06 08:00:00,2025-05-06 10:00:00,8.5,7.977769361420162,8.600000381469727,True
120,core,2025-05-07 08:00:00,2025-05-07 10:00:00,9.699999809265137,8.087933516723172,8.5,True
120,core,2025-05-08 08:00:00,2025-05-08 10:00:00,9.399999618530273,8.132858293389983,9.699999809265137,True
120,core,2025-05-09 08:00:00,2025-05-09 10:00:00,9.699999809265137,8.00824853416187,9.399999618530273,True
120,core,2025-05-10 08:00:00,2025-05-10 10:00:00,9.199999809265137,7.957374206177249,9.699999809265137,True
120,core,2025-05-11 08:00:00,2025-05-11 10:00:00,11.0,9.509261238227653,9.199999809265137,True
120,core,2025-05-11 12:00:00,2025-05-11 14:00:00,8.699999809265137,8.017228665169581,9.199999809265137,True
120,core,2025-05-12 08:00:00,2025-05-12 10:00:00,9.399999618530273,8.131066986509712,8.699999809265137,True
120,core,2025-05-13 08:00:00,2025-05-13 10:00:00,8.699999809265137,8.023532949612141,9.399999618530273,True
120,core,2025-05-14 08:00:00,2025-05-14 10:00:00,9.199999809265137,8.047671411860888,8.699999809265137,True
120,core,2025-05-15 08:00:00,2025-05-15 10:00:00,8.300000190734863,7.995617865813474,9.199999809265137,True
120,core,2025-05-16 08:00:00,2025-05-16 10:00:00,9.0,7.995158310348929,8.300000190734863,True
120,core,2025-05-17 08:00:00,2025-05-17 10:00:00,6.800000190734863,12.004723300638817,9.0,True
120,core,2025-05-18 08:00:00,2025-05-18 10:00:00,7.900000095367432,7.923120709652512,6.800000190734863,True
120,core,2025-05-19 00:00:00,2025-05-19 02:00:00,6.900000095367432,8.023116377343014,7.900000095367432,True
120,core,2025-05-19 08:00:00,2025-05-19 10:00:00,7.599999904632568,7.8519596212027665,6.900000095367432,True
120,core,2025-05-20 08:00:00,2025-05-20 10:00:00,11.300000190734863,7.898038280162572,7.599999904632568,True
120,core,2025-05-21 08:00:00,2025-05-21 10:00:00,10.199999809265137,7.6912808926680984,11.300000190734863,True
120,core,2025-05-21 20:02:41,2025-05-21 22:02:41,9.0,7.637567171436475,10.199999809265137,True
120,core,2025-05-22 08:00:00,2025-05-22 10:00:00,8.800000190734863,7.740657954159937,9.0,True
120,core,2025-05-23 08:00:00,2025-05-23 10:00:00,10.0,8.044544342236922,8.800000190734863,True
120,core,2025-05-24 08:00:00,2025-05-24 10:00:00,8.0,8.03113097622464,10.0,True
120,core,2025-05-25 08:00:00,2025-05-25 10:00:00,8.300000190734863,7.946929316219615,8.0,True
120,core,2025-05-26 08:00:00,2025-05-26 10:00:00,6.699999809265137,7.741894660490152,8.300000190734863,True
120,core,2025-05-27 08:00:00,2025-05-27 10:00:00,9.199999809265137,7.903211632672937,6.699999809265137,True
120,core,2025-05-28 08:00:00,2025-05-28 10:00:00,7.5,7.8730685302895225,9.199999809265137,True
120,core,2025-05-29 08:00:00,2025-05-29 10:00:00,8.699999809265137,7.995656270077957,7.5,True
120,core,2025-05-30 08:00:00,2025-05-30 10:00:00,10.0,7.806829135974633,8.699999809265137,True
120,core,2025-05-31 08:00:00,2025-05-31 10:00:00,6.800000190734863,7.668547171258776,10.0,True
120,core,2025-06-01 08:00:00,2025-06-01 10:00:00,8.699999809265137,7.6740060063561994,6.800000190734863,True
120,core,2025-06-02 08:00:00,2025-06-02 10:00:00,8.399999618530273,7.738798969393237,8.699999809265137,True
120,core,2025-06-03 08:00:00,2025-06-03 10:00:00,23.299999237060547,7.82358443904233,8.399999618530273,True
120,core,2025-06-03 15:30:00,2025-06-03 17:30:00,8.5,7.74629038490607,23.299999237060547,True
120,core,2025-06-04 08:00:00,2025-06-04 10:00:00,6.900000095367432,7.908461518193953,8.5,True
120,core,2025-06-05 08:00:00,2025-06-05 10:00:00,9.199999809265137,7.948231271517701,6.900000095367432,True
120,core,2025-06-06 08:00:00,2025-06-06 10:00:00,8.800000190734863,7.9647975209430015,9.199999809265137,True
120,core,2025-06-07 08:00:00,2025-06-07 10:00:00,9.100000381469727,8.07939688935728,8.800000190734863,True
120,core,2025-06-08 08:00:00,2025-06-08 10:00:00,9.100000381469727,8.04337181763487,9.100000381469727,True
120,core,2025-06-09 08:00:00,2025-06-09 10:00:00,9.300000190734863,7.993453067608121,9.100000381469727,True
120,core,2025-06-10 08:00:00,2025-06-10 10:00:00,8.800000190734863,8.012688642314732,9.300000190734863,True
120,core,2025-06-11 08:00:00,2025-06-11 10:00:00,7.800000190734863,8.164677623572,8.800000190734863,True
120,core,2025-06-12 08:00:00,2025-06-12 10:00:00,9.899999618530273,8.151471662214508,7.800000190734863,True
120,core,2025-06-13 08:00:00,2025-06-13 10:00:00,9.199999809265137,8.04244959930058,9.899999618530273,True
120,core,2025-06-14 08:00:00,2025-06-14 10:00:00,8.300000190734863,8.143129394125548,9.199999809265137,True
120,core,2025-06-15 08:00:00,2025-06-15 10:00:00,8.0,7.960229007524326,8.300000190734863,True
120,core,2025-06-16 08:00:00,2025-06-16 10:00:00,9.600000381469727,8.111477745605809,8.0,True
120,core,2025-06-17 08:00:00,2025-06-17 10:00:00,9.300000190734863,7.769624760283586,9.600000381469727,True
120,core,2025-06-18 08:00:00,2025-06-18 10:00:00,8.5,8.096401093795437,9.300000190734863,True
120,core,2025-06-19 08:00:00,2025-06-19 10:00:00,10.600000381469727,8.126651484765667,8.5,True
120,core,2025-06-20 08:00:00,2025-06-20 10:00:00,8.300000190734863,8.053511778573142,10.600000381469727,True
120,core,2025-06-21 08:00:00,2025-06-21 10:00:00,3.200000047683716,8.01926246380712,8.300000190734863,True
120,core,2025-06-21 13:57:36,2025-06-21 15:57:36,8.399999618530273,7.838036440483808,8.300000190734863,True
120,core,2025-06-22 08:00:00,2025-06-22 10:00:00,7.699999809265137,8.077717533517188,8.399999618530273,True
120,core,2025-06-23 08:00:00,2025-06-23 10:00:00,7.599999904632568,8.177179066076413,7.699999809265137,True
120,core,2025-06-24 08:00:00,2025-06-24 10:00:00,9.199999809265137,8.314368257701043,7.599999904632568,True
120,core,2025-06-25 08:00:00,2025-06-25 10:00:00,8.5,8.230295778524148,9.199999809265137,True
120,core,2025-06-26 08:00:00,2025-06-26 10:00:00,7.199999809265137,7.842218780014763,8.5,True
120,core,2025-06-27 08:00:00,2025-06-27 10:00:00,8.899999618530273,8.017515134195184,7.199999809265137,True
120,core,2025-06-28 08:00:00,2025-06-28 10:00:00,9.800000190734863,7.998731438623562,8.899999618530273,True
120,core,2025-06-29 08:00:00,2025-06-29 10:00:00,8.5,7.996714267442027,9.800000190734863,True
120,core,2025-06-30 08:00:00,2025-06-30 10:00:00,8.0,7.9712419036992,8.5,True
120,core,2025-07-01 08:00:00,2025-07-01 10:00:00,8.199999809265137,8.001264182858716,8.0,True
120,core,2025-07-02 08:00:00,2025-07-02 10:00:00,8.800000190734863,8.095422499950692,8.199999809265137,True
120,core,2025-07-03 08:00:00,2025-07-03 10:00:00,9.300000190734863,7.917126927641672,8.800000190734863,True
120,core,2025-07-04 08:00:00,2025-07-04 10:00:00,9.399999618530273,7.935120975783372,9.300000190734863,True
120,core,2025-07-05 08:00:00,2025-07-05 10:00:00,8.600000381469727,8.167823211061062,9.399999618530273,True
120,core,2025-07-06 08:00:00,2025-07-06 10:00:00,9.300000190734863,8.048180830996952,8.600000381469727,True
120,core,2025-07-07 08:00:00,2025-07-07 10:00:00,8.5,8.075210427255628,9.300000190734863,True
120,core,2025-07-08 08:00:00,2025-07-08 10:00:00,9.199999809265137,8.025431220537726,8.5,True
120,core,2025-07-09 08:00:00,2025-07-09 10:00:00,8.199999809265137,7.972944096685726,9.199999809265137,True
120,core,2025-07-10 08:00:00,2025-07-10 10:00:00,7.599999904632568,7.958131120747382,8.199999809265137,True
120,core,2025-07-11 08:00:00,2025-07-11 10:00:00,9.100000381469727,8.109029595785843,7.599999904632568,True
120,core,2025-07-12 08:00:00,2025-07-12 10:00:00,8.800000190734863,8.135605271233011,9.100000381469727,True
120,core,2025-07-13 08:00:00,2025-07-13 10:00:00,8.5,8.182914514896074,8.800000190734863,True
120,core,2025-07-14 08:00:00,2025-07-14 10:00:00,9.800000190734863,8.291565551172772,8.5,True
120,core,2025-07-15 08:00:00,2025-07-15 10:00:00,9.399999618530273,8.376730493341809,9.800000190734863,True
120,core,2025-07-16 08:00:00,2025-07-16 10:00:00,9.100000381469727,8.109012101069434,9.399999618530273,True
120,core,2025-07-17 08:00:00,2025-07-17 10:00:00,8.100000381469727,8.150913827476671,9.100000381469727,True
120,core,2025-07-18 08:00:00,2025-07-18 10:00:00,9.399999618530273,8.18718539390543,8.100000381469727,True
120,core,2025-07-19 08:00:00,2025-07-19 10:00:00,7.900000095367432,8.141680691964405,9.399999618530273,True
120,core,2025-07-20 08:00:00,2025-07-20 10:00:00,9.5,8.138482047696403,7.900000095367432,True
120,core,2025-07-21 08:00:00,2025-07-21 10:00:00,9.300000190734863,8.084029140035742,9.5,True
120,core,2025-07-22 08:00:00,2025-07-22 10:00:00,9.899999618530273,8.09444557011618,9.300000190734863,True
120,core,2025-07-23 08:00:00,2025-07-23 10:00:00,8.5,8.093178265936862,9.899999618530273,True
120,core,2025-07-24 08:00:00,2025-07-24 10:00:00,8.199999809265137,8.06482224645703,8.5,True
120,core,2025-07-24 11:00:00,2025-07-24 13:00:00,120.0,9.632125163519259,8.5,True
120,core,2025-07-24 11:15:00,2025-07-24 13:15:00,45.900001525878906,9.898187817498524,8.5,True
120,core,2025-07-24 13:20:00,2025-07-24 15:20:00,2.0999999046325684,10.412580632635516,8.5,True
120,core,2025-07-25 08:00:00,2025-07-25 10:00:00,9.600000381469727,8.080231629375898,2.0999999046325684,True
120,core,2025-07-26 08:00:00,2025-07-26 10:00:00,7.300000190734863,7.7542036725717445,9.600000381469727,True
120,core,2025-07-27 08:00:00,2025-07-27 10:00:00,8.899999618530273,7.994148205889285,7.300000190734863,True
120,core,2025-07-28 08:00:00,2025-07-28 10:00:00,10.199999809265137,8.121740997969631,8.899999618530273,True
120,core,2025-07-28 14:00:00,2025-07-28 16:00:00,35.099998474121094,12.022635777816909,10.199999809265137,True
120,core,2025-07-28 19:26:26,2025-07-28 21:26:26,3.5,8.270934001299395,10.199999809265137,True
120,core,2025-07-29 08:00:00,2025-07-29 10:00:00,8.300000190734863,8.140292073358975,3.5,True
120,core,2025-07-30 08:00:00,2025-07-30 10:00:00,10.0,7.913377415950915,8.300000190734863,True
120,core,2025-07-31 08:00:00,2025-07-31 10:00:00,6.599999904632568,7.908271325870123,10.0,True
120,core,2025-08-01 08:00:00,2025-08-01 10:00:00,5.300000190734863,7.85063385700956,6.599999904632568,True
120,core,2025-08-03 08:00:00,2025-08-03 10:00:00,10.199999809265137,7.924745357519253,5.300000190734863,True
120,core,2025-08-04 08:00:00,2025-08-04 10:00:00,7.5,7.966108309227083,10.199999809265137,True
120,core,2025-08-05 08:00:00,2025-08-05 10:00:00,6.599999904632568,7.982380744981548,7.5,True
120,core,2025-08-05 12:05:08,2025-08-05 14:05:08,3.5999999046325684,7.7574982215721615,7.5,True
120,core,2025-08-06 08:00:00,2025-08-06 10:00:00,7.900000095367432,7.884087757095983,3.5999999046325684,True
120,core,2025-08-07 08:00:00,2025-08-07 10:00:00,6.300000190734863,7.545362350124362,7.900000095367432,True
120,core,2025-08-08 08:00:00,2025-08-08 10:00:00,7.400000095367432,7.776121754837689,6.300000190734863,True
120,core,2025-08-09 08:00:00,2025-08-09 10:00:00,7.599999904632568,8.068916247212803,7.400000095367432,True
120,core,2025-08-10 08:00:00,2025-08-10 10:00:00,9.300000190734863,7.9997864172185,7.599999904632568,True
120,core,2025-08-12 08:00:00,2025-08-12 10:00:00,8.0,8.016866187622636,9.300000190734863,True
120,core,2025-08-13 08:00:00,2025-08-13 10:00:00,9.199999809265137,8.186411656327573,8.0,True
120,core,2025-08-14 08:00:00,2025-08-14 10:00:00,10.5,8.033697153541576,9.199999809265137,True
120,core,2025-08-14 12:00:00,2025-08-14 14:00:00,11.800000190734863,7.3697683106867675,9.199999809265137,True
120,core,2025-08-14 18:00:00,2025-08-14 20:00:00,4.699999809265137,7.888048848448662,11.800000190734863,True
120,core,2025-08-15 08:00:00,2025-08-15 10:00:00,8.100000381469727,8.108986373834668,4.699999809265137,True
120,core,2025-08-16 08:00:00,2025-08-16 10:00:00,8.300000190734863,7.9445648388583034,8.100000381469727,True
120,core,2025-08-16 18:00:00,2025-08-16 20:00:00,5.199999809265137,8.219801243485902,8.300000190734863,True
120,core,2025-08-17 08:00:00,2025-08-17 10:00:00,7.900000095367432,8.067079834828503,5.199999809265137,True
120,core,2025-08-18 08:00:00,2025-08-18 10:00:00,9.199999809265137,8.211667529872965,7.900000095367432,True
120,core,2025-08-19 08:00:00,2025-08-19 10:00:00,6.699999809265137,8.282344618461952,9.199999809265137,True
120,core,2025-08-20 08:00:00,2025-08-20 10:00:00,7.099999904632568,8.158273105436573,6.699999809265137,True
120,core,2025-08-21 08:00:00,2025-08-21 10:00:00,6.599999904632568,8.206774206626124,7.099999904632568,True
120,core,2025-08-22 08:00:00,2025-08-22 10:00:00,8.5,8.088991298921403,6.599999904632568,True
120,core,2025-08-23 08:00:00,2025-08-23 10:00:00,11.399999618530273,7.979544519827851,8.5,True
120,core,2025-08-23 20:00:00,2025-08-23 22:00:00,8.899999618530273,7.943941261104378,11.399999618530273,True
120,core,2025-08-24 08:00:00,2025-08-24 10:00:00,9.399999618530273,8.013575505319071,8.899999618530273,True
120,core,2025-08-25 08:00:00,2025-08-25 10:00:00,10.899999618530273,8.09146595266791,9.399999618530273,True
120,core,2025-08-27 08:00:00,2025-08-27 10:00:00,8.699999809265137,8.29659799399056,10.899999618530273,True
120,core,2025-08-27 20:00:00,2025-08-27 22:00:00,9.300000190734863,8.095920685656859,8.699999809265137,True
120,core,2025-08-28 08:00:00,2025-08-28 10:00:00,7.800000190734863,8.128819699747924,9.300000190734863,True
120,core,2025-08-29 08:00:00,2025-08-29 10:00:00,8.0,8.224216087136211,7.800000190734863,True
120,core,2025-08-30 08:00:00,2025-08-30 10:00:00,11.100000381469727,8.202132832148278,8.0,True
120,core,2025-08-31 08:00:00,2025-08-31 10:00:00,8.600000381469727,8.351615778588794,11.100000381469727,True
120,core,2025-09-01 08:00:00,2025-09-01 10:00:00,7.599999904632568,8.527790504859517,8.600000381469727,True
120,core,2025-09-02 08:00:00,2025-09-02 10:00:00,7.199999809265137,8.306286920139554,7.599999904632568,True
120,core,2025-09-03 08:00:00,2025-09-03 10:00:00,10.699999809265137,8.144137156929096,7.199999809265137,True
120,core,2025-09-04 08:00:00,2025-09-04 10:00:00,7.300000190734863,7.7001415699436535,10.699999809265137,True
120,core,2025-09-05 08:00:00,2025-09-05 10:00:00,9.699999809265137,8.382375126452201,7.300000190734863,True
120,core,2025-09-06 08:00:00,2025-09-06 10:00:00,11.699999809265137,8.147364990962501,9.699999809265137,True
120,core,2025-09-07 08:00:00,2025-09-07 10:00:00,10.699999809265137,8.464270988438411,11.699999809265137,True
120,core,2025-09-08 08:00:00,2025-09-08 10:00:00,9.800000190734863,8.2576792156709,10.699999809265137,True
120,core,2025-09-09 08:00:00,2025-09-09 10:00:00,8.399999618530273,8.207883795050883,9.800000190734863,True
120,core,2025-09-10 08:00:00,2025-09-10 10:00:00,10.100000381469727,8.490558705288139,8.399999618530273,True
120,core,2025-09-11 08:00:00,2025-09-11 10:00:00,8.699999809265137,8.212672082857774,10.100000381469727,True
120,core,2025-09-12 08:00:00,2025-09-12 10:00:00,9.899999618530273,8.387226256189457,8.699999809265137,True
120,core,2025-09-13 08:00:00,2025-09-13 10:00:00,9.800000190734863,8.408497433984053,9.899999618530273,True
120,core,2025-09-14 08:00:00,2025-09-14 10:00:00,9.899999618530273,8.41532684844739,9.800000190734863,True
120,core,2025-09-15 08:00:00,2025-09-15 10:00:00,8.300000190734863,8.419825666932967,9.899999618530273,True
120,core,2025-09-16 08:00:00,2025-09-16 10:00:00,9.199999809265137,8.39468036592474,8.300000190734863,True
120,core,2025-09-17 08:00:00,2025-09-17 10:00:00,9.300000190734863,8.427981837939056,9.199999809265137,True
120,core,2025-09-18 08:00:00,2025-09-18 10:00:00,9.600000381469727,8.260951133124026,9.300000190734863,True
120,core,2025-09-19 08:00:00,2025-09-19 10:00:00,9.600000381469727,8.343312594434568,9.600000381469727,True
120,core,2025-09-20 08:00:00,2025-09-20 10:00:00,8.5,8.314175597870682,9.600000381469727,True
120,core,2025-09-21 08:00:00,2025-09-21 10:00:00,7.599999904632568,8.43162341180947,8.5,True
120,core,2025-09-22 08:00:00,2025-09-22 10:00:00,8.899999618530273,8.520279206008725,7.599999904632568,True
120,core,2025-09-23 08:00:00,2025-09-23 10:00:00,10.199999809265137,8.38751591434401,8.899999618530273,True
120,core,2025-09-24 08:00:00,2025-09-24 10:00:00,10.5,8.191733577350906,10.199999809265137,True
120,core,2025-09-25 08:00:00,2025-09-25 10:00:00,9.800000190734863,8.097244009225562,10.5,True
120,core,2025-09-26 08:00:00,2025-09-26 10:00:00,7.599999904632568,8.113023181914608,9.800000190734863,True
120,core,2025-09-27 08:00:00,2025-09-27 10:00:00,8.399999618530273,8.094654873617936,7.599999904632568,True
120,core,2025-09-28 08:00:00,2025-09-28 10:00:00,9.399999618530273,8.048795453895774,8.399999618530273,True
120,core,2025-09-28 15:00:00,2025-09-28 17:00:00,15.300000190734863,8.30408941651758,9.399999618530273,True
120,core,2025-09-28 18:00:00,2025-09-28 20:00:00,8.300000190734863,7.741530310639959,9.399999618530273,True
120,core,2025-09-29 08:00:00,2025-09-29 10:00:00,9.199999809265137,8.2734735217892,8.300000190734863,True
120,core,2025-09-30 08:00:00,2025-09-30 10:00:00,8.300000190734863,8.049822371336147,9.199999809265137,True
120,core,2025-10-01 08:00:00,2025-10-01 10:00:00,9.800000190734863,8.178955976352892,8.300000190734863,True
120,core,2025-10-02 08:00:00,2025-10-02 10:00:00,9.699999809265137,8.102212995034899,9.800000190734863,True
120,core,2025-10-03 08:00:00,2025-10-03 10:00:00,10.399999618530273,8.132409851529232,9.699999809265137,True
120,core,2025-10-05 08:00:00,2025-10-05 10:00:00,9.699999809265137,7.881540581349663,10.399999618530273,True
120,core,2025-10-06 08:00:00,2025-10-06 10:00:00,9.800000190734863,8.014154382595029,9.699999809265137,True
120,core,2025-10-06 12:00:00,2025-10-06 14:00:00,5.199999809265137,8.041857431125678,9.699999809265137,True
120,core,2025-10-07 08:00:00,2025-10-07 10:00:00,9.300000190734863,7.988415465501925,5.199999809265137,True
120,core,2025-10-08 08:00:00,2025-10-08 10:00:00,9.800000190734863,8.124292244689565,9.300000190734863,True
120,core,2025-10-09 08:00:00,2025-10-09 10:00:00,12.699999809265137,7.928111343798635,9.800000190734863,True
120,core,2025-10-09 14:00:00,2025-10-09 16:00:00,8.699999809265137,7.828636431971125,12.699999809265137,True
120,core,2025-10-09 20:00:00,2025-10-09 22:00:00,9.0,7.99952725358275,8.699999809265137,True
120,core,2025-10-10 08:00:00,2025-10-10 10:00:00,10.199999809265137,8.202207241754651,9.0,True
120,core,2025-10-10 18:00:00,2025-10-10 20:00:00,9.600000381469727,7.911025895296348,10.199999809265137,True
120,core,2025-10-11 08:00:00,2025-10-11 10:00:00,9.0,8.035019045748728,9.600000381469727,True
120,core,2025-10-12 08:00:00,2025-10-12 10:00:00,10.5,7.9138905381843525,9.0,True
120,core,2025-10-14 08:00:00,2025-10-14 10:00:00,9.199999809265137,7.192896340290096,10.5,True
120,core,2025-10-15 08:00:00,2025-10-15 10:00:00,9.100000381469727,7.8315515022996145,9.199999809265137,True
120,core,2025-10-16 08:00:00,2025-10-16 10:00:00,12.199999809265137,7.9913378126402,9.100000381469727,True
120,core,2025-10-16 13:00:00,2025-10-16 15:00:00,9.699999809265137,7.830702808915682,9.100000381469727,True
120,core,2025-10-17 08:00:00,2025-10-17 10:00:00,10.399999618530273,7.978153110911121,9.699999809265137,True
120,core,2025-10-18 08:00:00,2025-10-18 10:00:00,10.800000190734863,7.941777087899782,10.399999618530273,True
120,core,2025-10-18 14:00:00,2025-10-18 16:00:00,8.0,7.973443743352023,10.800000190734863,True
120,core,2025-10-19 08:00:00,2025-10-19 10:00:00,6.5,7.632578199013873,8.0,True
120,core,2025-10-20 08:00:00,2025-10-20 10:00:00,10.5,7.879401650009468,6.5,True
120,core,2025-10-21 08:00:00,2025-10-21 10:00:00,10.100000381469727,7.962918627417261,10.5,True
120,core,2025-10-21 14:00:00,2025-10-21 16:00:00,11.0,7.911041075734639,10.100000381469727,True
120,core,2025-10-21 20:00:00,2025-10-21 22:00:00,10.0,7.774523495548399,11.0,True
120,core,2025-10-22 08:00:00,2025-10-22 10:00:00,9.300000190734863,7.77988719947049,10.0,True
120,core,2025-10-22 18:00:00,2025-10-22 20:00:00,11.0,7.835564458032504,9.300000190734863,True
120,core,2025-10-23 00:00:00,2025-10-23 02:00:00,6.699999809265137,7.744232559166585,11.0,True
120,core,2025-10-23 08:00:00,2025-10-23 10:00:00,9.100000381469727,7.669609541005835,6.699999809265137,True
120,core,2025-10-23 19:00:00,2025-10-23 21:00:00,6.5,7.7844643866942675,9.100000381469727,True
120,core,2025-10-24 08:00:00,2025-10-24 10:00:00,7.0,7.87484719232639,6.5,True
120,core,2025-10-25 08:00:00,2025-10-25 10:00:00,7.199999809265137,7.775967846263711,7.0,True
120,core,2025-10-26 08:00:00,2025-10-26 10:00:00,7.199999809265137,7.785594597431134,7.199999809265137,True
120,core,2025-10-27 08:00:00,2025-10-27 10:00:00,10.399999618530273,7.8555320102159385,7.199999809265137,True
120,core,2025-10-27 13:15:10,2025-10-27 15:15:10,9.600000381469727,8.006660327503825,7.199999809265137,True
120,core,2025-10-27 16:46:34,2025-10-27 18:46:34,5.599999904632568,7.501980221367447,10.399999618530273,True
120,core,2025-10-27 20:00:00,2025-10-27 22:00:00,7.699999809265137,7.834109815578001,9.600000381469727,True
120,core,2025-10-28 08:00:00,2025-10-28 10:00:00,9.899999618530273,8.091169455338767,7.699999809265137,True
120,core,2025-10-28 12:00:00,2025-10-28 14:00:00,7.800000190734863,7.794199845670962,7.699999809265137,True
120,core,2025-10-29 08:00:00,2025-10-29 10:00:00,9.199999809265137,7.794217205721033,7.800000190734863,True
120,core,2025-10-30 08:00:00,2025-10-30 10:00:00,9.899999618530273,7.907344526942595,9.199999809265137,True
120,core,2025-10-31 08:00:00,2025-10-31 10:00:00,10.199999809265137,7.978635460297028,9.899999618530273,True
120,core,2025-11-01 08:00:00,2025-11-01 10:00:00,7.800000190734863,7.880525414443474,10.199999809265137,True
120,core,2025-11-02 08:00:00,2025-11-02 10:00:00,10.100000381469727,7.90560452798082,7.800000190734863,True
120,core,2025-11-03 03:00:00,2025-11-03 05:00:00,8.5,7.833593219752601,10.100000381469727,True
120,core,2025-11-03 08:00:00,2025-11-03 10:00:00,9.5,7.869961411945468,10.100000381469727,True
120,core,2025-11-04 08:00:00,2025-11-04 10:00:00,9.399999618530273,7.888870905077523,9.5,True
120,core,2025-11-05 08:00:00,2025-11-05 10:00:00,8.899999618530273,7.841696382832737,9.399999618530273,True
120,core,2025-11-06 08:00:00,2025-11-06 10:00:00,9.600000381469727,7.860962838374213,8.899999618530273,True
120,core,2025-11-07 08:00:00,2025-11-07 10:00:00,9.899999618530273,7.863799317498874,9.600000381469727,True
120,core,2025-11-08 08:00:00,2025-11-08 10:00:00,8.800000190734863,7.863768796852797,9.899999618530273,True
120,core,2025-11-09 08:00:00,2025-11-09 10:00:00,10.5,8.083879076280626,8.800000190734863,True
120,core,2025-11-09 11:00:00,2025-11-09 13:00:00,11.199999809265137,7.889757127283694,8.800000190734863,True
120,core,2025-11-09 15:00:09,2025-11-09 17:00:09,8.100000381469727,7.99989977974354,10.5,True
120,core,2025-11-09 22:00:00,2025-11-10 00:00:00,7.300000190734863,7.652618503715038,8.100000381469727,True
120,core,2025-11-10 08:00:00,2025-11-10 10:00:00,8.100000381469727,7.657373545930071,7.300000190734863,True
120,core,2025-11-11 08:00:00,2025-11-11 10:00:00,9.100000381469727,7.821001954065249,8.100000381469727,True
120,core,2025-11-12 08:00:00,2025-11-12 10:00:00,11.5,8.012702903336955,9.100000381469727,True
120,core,2025-11-12 15:06:58,2025-11-12 17:06:58,8.100000381469727,7.657578292254282,11.5,True
120,core,2025-11-13 08:00:00,2025-11-13 10:00:00,7.300000190734863,7.916755339292983,8.100000381469727,True
120,core,2025-11-14 08:00:00,2025-11-14 10:00:00,10.399999618530273,7.874243064314969,7.300000190734863,True
120,core,2025-11-14 20:00:00,2025-11-14 22:00:00,8.300000190734863,7.782087115026577,10.399999618530273,True
120,core,2025-11-15 08:00:00,2025-11-15 10:00:00,9.199999809265137,7.781462336978922,8.300000190734863,True
120,core,2025-11-16 08:00:00,2025-11-16 10:00:00,9.899999618530273,7.951772875413846,9.199999809265137,True
120,core,2025-11-17 08:00:00,2025-11-17 10:00:00,9.199999809265137,7.804495169135553,9.899999618530273,True
120,core,2025-11-18 08:00:00,2025-11-18 10:00:00,9.800000190734863,7.89995359784635,9.199999809265137,True
120,core,2025-11-19 08:00:00,2025-11-19 10:00:00,9.699999809265137,7.726432842540756,9.800000190734863,True
120,core,2025-11-20 08:00:00,2025-11-20 10:00:00,6.099999904632568,7.683502510424827,9.699999809265137,True
120,core,2025-11-21 08:00:00,2025-11-21 10:00:00,10.399999618530273,7.753811663636121,6.099999904632568,True
120,core,2025-11-22 08:00:00,2025-11-22 10:00:00,9.300000190734863,7.832169633847434,10.399999618530273,True
120,core,2025-11-23 08:00:00,2025-11-23 10:00:00,9.899999618530273,7.788782296748858,9.300000190734863,True
120,core,2025-11-23 20:51:00,2025-11-23 22:51:00,9.899999618530273,7.7641023481107965,9.899999618530273,True
120,core,2025-11-24 00:38:00,2025-11-24 02:38:00,10.699999809265137,7.753286140478032,9.899999618530273,True
120,core,2025-11-24 08:00:00,2025-11-24 10:00:00,9.0,7.698658419221417,10.699999809265137,True
120,core,2025-11-24 18:00:00,2025-11-24 20:00:00,8.399999618530273,7.785300008693586,9.0,True
120,core,2025-11-25 08:00:00,2025-11-25 10:00:00,9.899999618530273,7.8182544192614944,8.399999618530273,True
120,core,2025-11-26 08:00:00,2025-11-26 10:00:00,9.699999809265137,7.840874201506066,9.899999618530273,True
120,core,2025-11-27 08:00:00,2025-11-27 10:00:00,13.100000381469727,7.998046830517552,9.699999809265137,True
120,core,2025-11-27 10:45:00,2025-11-27 12:45:00,10.5,8.087497216951935,9.699999809265137,True
120,core,2025-11-27 20:00:00,2025-11-27 22:00:00,8.600000381469727,8.172180718950107,10.5,True
120,core,2025-11-28 08:00:00,2025-11-28 10:00:00,9.0,7.870591665371318,8.600000381469727,True
120,core,2025-11-29 08:00:00,2025-11-29 10:00:00,7.300000190734863,7.865239393081454,9.0,True
120,core,2025-11-30 08:00:00,2025-11-30 10:00:00,8.699999809265137,7.958628890896165,7.300000190734863,True
120,core,2025-12-01 08:00:00,2025-12-01 10:00:00,7.800000190734863,7.828807877167476,8.699999809265137,True
120,core,2025-12-02 08:00:00,2025-12-02 10:00:00,8.399999618530273,7.790701347000125,7.800000190734863,True
120,core,2025-12-03 08:00:00,2025-12-03 10:00:00,6.800000190734863,7.943719090433191,8.399999618530273,True
120,core,2025-12-04 08:00:00,2025-12-04 10:00:00,7.800000190734863,8.162690437926166,6.800000190734863,True
120,core,2025-12-05 08:00:00,2025-12-05 10:00:00,9.0,7.965306703469732,7.800000190734863,True
120,core,2025-12-06 08:00:00,2025-12-06 10:00:00,8.300000190734863,7.851142781900082,9.0,True
120,core,2025-12-07 08:00:00,2025-12-07 10:00:00,10.199999809265137,7.727684907601146,8.300000190734863,True
120,core,2025-12-08 08:00:00,2025-12-08 10:00:00,8.199999809265137,7.631174835231665,10.199999809265137,True
120,core,2025-12-09 08:00:00,2025-12-09 10:00:00,9.100000381469727,7.771434879899365,8.199999809265137,True
120,core,2025-12-10 04:00:00,2025-12-10 06:00:00,9.800000190734863,9.203232622852779,9.100000381469727,True
120,core,2025-12-10 07:35:00,2025-12-10 09:35:00,8.0,9.424901101997499,9.100000381469727,True
120,core,2025-12-10 18:00:00,2025-12-10 20:00:00,7.800000190734863,8.030274352925217,8.0,True
120,core,2025-12-11 08:00:00,2025-12-11 10:00:00,7.300000190734863,7.803355501708264,7.800000190734863,True
120,core,2025-12-11 15:00:00,2025-12-11 17:00:00,10.5,7.74601795980665,7.300000190734863,True
120,core,2025-12-12 08:00:00,2025-12-12 10:00:00,7.599999904632568,8.069117048412448,10.5,True
120,core,2025-12-13 08:00:00,2025-12-13 10:00:00,6.699999809265137,7.9254431523323685,7.599999904632568,True
120,core,2025-12-14 08:00:00,2025-12-14 10:00:00,6.400000095367432,8.141576018717767,6.699999809265137,True
120,core,2025-12-14 12:22:00,2025-12-14 14:22:00,11.0,7.958725494734612,6.699999809265137,True
120,core,2025-12-15 08:00:00,2025-12-15 10:00:00,8.800000190734863,7.878880972228725,11.0,True
120,core,2025-12-16 08:00:00,2025-12-16 10:00:00,7.400000095367432,7.930950846486949,8.800000190734863,True
120,core,2025-12-17 08:00:00,2025-12-17 10:00:00,8.399999618530273,7.994852761822701,7.400000095367432,True
120,core,2025-12-18 08:00:00,2025-12-18 10:00:00,9.300000190734863,8.107803820481767,8.399999618530273,True
120,core,2025-12-19 08:00:00,2025-12-19 10:00:00,9.399999618530273,8.105917791147872,9.300000190734863,True
120,core,2025-12-20 08:00:00,2025-12-20 10:00:00,9.100000381469727,7.90834681715512,9.399999618530273,True
120,core,2025-12-21 08:00:00,2025-12-21 10:00:00,8.800000190734863,7.940844639103066,9.100000381469727,True
120,core,2025-12-22 08:00:00,2025-12-22 10:00:00,9.0,7.891593477321573,8.800000190734863,True
120,core,2025-12-23 08:00:00,2025-12-23 10:00:00,8.300000190734863,7.879996973290856,9.0,True
120,core,2025-12-24 08:00:00,2025-12-24 10:00:00,5.099999904632568,7.680252877710048,8.300000190734863,True
120,core,2025-12-25 08:00:00,2025-12-25 10:00:00,9.0,8.393174938261964,5.099999904632568,True
120,core,2025-12-26 08:00:00,2025-12-26 10:00:00,6.199999809265137,7.9204840691233045,9.0,True
120,core,2025-12-27 08:00:00,2025-12-27 10:00:00,8.899999618530273,8.008585992327145,6.199999809265137,True
120,core,2025-12-28 08:00:00,2025-12-28 10:00:00,10.899999618530273,8.050116412354445,8.899999618530273,True
120,core,2025-12-28 22:00:00,2025-12-29 00:00:00,10.5,7.979531560835447,10.899999618530273,True
120,core,2025-12-29 00:30:00,2025-12-29 02:30:00,7.900000095367432,7.9453886648221825,10.899999618530273,True
120,core,2025-12-29 08:00:00,2025-12-29 10:00:00,4.699999809265137,7.390413897914213,7.900000095367432,True
120,core,2025-12-30 08:00:00,2025-12-30 10:00:00,9.699999809265137,7.8518757878127765,4.699999809265137,True
120,core,2025-12-31 08:00:00,2025-12-31 10:00:00,9.0,7.810389732437578,9.699999809265137,True
120,separate_pak,2025-01-01 08:00:00,2025-01-01 10:00:00,3.5,7.502744103163774,2.700000047683716,True
120,separate_pak,2025-01-02 08:00:00,2025-01-02 10:00:00,7.099999904632568,8.210481164959262,3.5,True
120,separate_pak,2025-01-03 08:00:00,2025-01-03 10:00:00,7.699999809265137,8.24596589672197,7.099999904632568,True
120,separate_pak,2025-01-04 08:00:00,2025-01-04 10:00:00,5.400000095367432,8.28298216681919,7.699999809265137,True
120,separate_pak,2025-01-05 08:00:00,2025-01-05 10:00:00,5.300000190734863,7.707696981024704,5.400000095367432,True
120,separate_pak,2025-01-06 08:00:00,2025-01-06 10:00:00,4.800000190734863,7.775816652708681,5.300000190734863,True
120,separate_pak,2025-01-07 08:00:00,2025-01-07 10:00:00,5.099999904632568,7.744730443370425,4.800000190734863,True
120,separate_pak,2025-01-08 08:00:00,2025-01-08 10:00:00,3.5999999046325684,7.477358572848075,5.099999904632568,True
120,separate_pak,2025-01-09 08:00:00,2025-01-09 10:00:00,3.9000000953674316,7.5701379477963435,3.5999999046325684,True
120,separate_pak,2025-01-10 08:00:00,2025-01-10 10:00:00,3.5,7.562998467554442,3.9000000953674316,True
120,separate_pak,2025-01-11 08:00:00,2025-01-11 10:00:00,3.5999999046325684,7.518750331916809,3.5,True
120,separate_pak,2025-01-12 08:00:00,2025-01-12 10:00:00,4.199999809265137,7.420380977366127,3.5999999046325684,True
120,separate_pak,2025-01-13 08:00:00,2025-01-13 10:00:00,6.0,7.771653379618538,4.199999809265137,True
120,separate_pak,2025-01-14 08:00:00,2025-01-14 10:00:00,1.600000023841858,6.233329629432566,6.0,True
120,separate_pak,2025-01-15 08:00:00,2025-01-15 10:00:00,1.899999976158142,7.529451946632703,1.600000023841858,True
120,separate_pak,2025-01-16 08:00:00,2025-01-16 10:00:00,7.099999904632568,8.263976855850972,1.899999976158142,True
120,separate_pak,2025-01-17 08:00:00,2025-01-17 10:00:00,8.199999809265137,8.023374425192173,7.099999904632568,True
120,separate_pak,2025-01-18 08:00:00,2025-01-18 10:00:00,7.599999904632568,8.140549364701384,8.199999809265137,True
120,separate_pak,2025-01-19 08:00:00,2025-01-19 10:00:00,6.900000095367432,8.11399266253929,7.599999904632568,True
120,separate_pak,2025-01-20 08:00:00,2025-01-20 10:00:00,10.600000381469727,8.42089615500731,6.900000095367432,True
120,separate_pak,2025-01-21 08:00:00,2025-01-21 10:00:00,8.300000190734863,8.425121320593316,10.600000381469727,True
120,separate_pak,2025-01-22 08:00:00,2025-01-22 10:00:00,6.099999904632568,8.185739207786154,8.300000190734863,True
120,separate_pak,2025-01-23 08:00:00,2025-01-23 10:00:00,6.099999904632568,8.3169516707333,6.099999904632568,True
120,separate_pak,2025-01-23 20:00:00,2025-01-23 22:00:00,5.900000095367432,8.50731911493312,6.099999904632568,True
120,separate_pak,2025-01-24 08:00:00,2025-01-24 10:00:00,6.699999809265137,8.84083807968132,5.900000095367432,True
120,separate_pak,2025-01-25 08:00:00,2025-01-25 10:00:00,7.5,8.098171500433288,6.699999809265137,True
120,separate_pak,2025-01-26 08:00:00,2025-01-26 10:00:00,8.899999618530273,8.372549165350774,7.5,True
120,separate_pak,2025-01-27 08:00:00,2025-01-27 10:00:00,6.0,8.210513771830982,8.899999618530273,True
120,separate_pak,2025-01-28 08:00:00,2025-01-28 10:00:00,7.900000095367432,8.225899329023736,6.0,True
120,separate_pak,2025-01-29 08:00:00,2025-01-29 10:00:00,6.199999809265137,8.153496784195054,7.900000095367432,True
120,separate_pak,2025-01-30 08:00:00,2025-01-30 10:00:00,5.900000095367432,8.439487797426622,6.199999809265137,True
120,separate_pak,2025-01-31 08:00:00,2025-01-31 10:00:00,7.400000095367432,8.509557529176428,5.900000095367432,True
120,separate_pak,2025-02-01 08:00:00,2025-02-01 10:00:00,9.600000381469727,8.17873982857443,7.400000095367432,True
120,separate_pak,2025-02-02 08:00:00,2025-02-02 10:00:00,10.5,8.167874828714757,9.600000381469727,True
120,separate_pak,2025-02-03 02:48:22,2025-02-03 04:48:22,10.699999809265137,9.619942374342346,10.5,True
120,separate_pak,2025-02-03 08:00:00,2025-02-03 10:00:00,8.5,9.705079692868901,10.5,True
120,separate_pak,2025-02-04 08:00:00,2025-02-04 10:00:00,7.099999904632568,8.047238062811243,8.5,True
120,separate_pak,2025-02-05 08:00:00,2025-02-05 10:00:00,7.400000095367432,8.207214888070347,7.099999904632568,True
120,separate_pak,2025-02-07 08:00:00,2025-02-07 10:00:00,8.300000190734863,8.109297093097686,7.400000095367432,True
120,separate_pak,2025-02-08 08:00:00,2025-02-08 10:00:00,8.100000381469727,8.042096002210986,8.300000190734863,True
120,separate_pak,2025-02-09 08:00:00,2025-02-09 10:00:00,9.899999618530273,8.214476978339773,8.100000381469727,True
120,separate_pak,2025-02-10 08:00:00,2025-02-10 10:00:00,9.5,8.39348432805613,9.899999618530273,True
120,separate_pak,2025-02-11 08:00:00,2025-02-11 10:00:00,6.800000190734863,8.237937173150913,9.5,True
120,separate_pak,2025-02-12 08:00:00,2025-02-12 10:00:00,9.600000381469727,8.269904559051595,6.800000190734863,True
120,separate_pak,2025-02-13 08:00:00,2025-02-13 10:00:00,11.600000381469727,8.195851587855827,9.600000381469727,True
120,separate_pak,2025-02-13 14:46:39,2025-02-13 16:46:39,8.899999618530273,7.989585175645852,11.600000381469727,True
120,separate_pak,2025-02-14 08:00:00,2025-02-14 10:00:00,7.0,7.946312418522826,8.899999618530273,True
120,separate_pak,2025-02-14 20:41:16,2025-02-14 22:41:16,11.899999618530273,7.544281229500342,7.0,True
120,separate_pak,2025-02-15 00:39:46,2025-02-15 02:39:46,8.0,7.87432922362718,7.0,True
120,separate_pak,2025-02-15 08:00:00,2025-02-15 10:00:00,9.100000381469727,7.764664514266856,8.0,True
120,separate_pak,2025-02-16 08:00:00,2025-02-16 10:00:00,7.300000190734863,8.360929207771829,9.100000381469727,True
120,separate_pak,2025-02-17 08:00:00,2025-02-17 10:00:00,8.699999809265137,7.8944714251103605,7.300000190734863,True
120,separate_pak,2025-02-18 08:00:00,2025-02-18 10:00:00,8.5,7.8990851412235905,8.699999809265137,True
120,separate_pak,2025-02-19 08:00:00,2025-02-19 10:00:00,10.199999809265137,8.060403365900465,8.5,True
120,separate_pak,2025-02-20 08:00:00,2025-02-20 10:00:00,5.699999809265137,8.352413649412094,10.199999809265137,True
120,separate_pak,2025-02-21 08:00:00,2025-02-21 10:00:00,9.399999618530273,7.93421673016228,5.699999809265137,True
120,separate_pak,2025-02-22 08:00:00,2025-02-22 10:00:00,9.100000381469727,8.10803705588935,9.399999618530273,True
120,separate_pak,2025-02-23 08:00:00,2025-02-23 10:00:00,10.300000190734863,8.075083496799172,9.100000381469727,True
120,separate_pak,2025-02-24 08:00:00,2025-02-24 10:00:00,9.399999618530273,7.939386384563006,10.300000190734863,True
120,separate_pak,2025-02-25 08:00:00,2025-02-25 10:00:00,9.399999618530273,8.004260466669702,9.399999618530273,True
120,separate_pak,2025-02-26 08:00:00,2025-02-26 10:00:00,8.800000190734863,8.296621279903778,9.399999618530273,True
120,separate_pak,2025-02-27 08:00:00,2025-02-27 10:00:00,10.300000190734863,8.233259303659628,8.800000190734863,True
120,separate_pak,2025-02-28 08:00:00,2025-02-28 10:00:00,10.600000381469727,8.175450428118012,10.300000190734863,True
120,separate_pak,2025-03-01 08:00:00,2025-03-01 10:00:00,7.800000190734863,8.081567287793666,10.600000381469727,True
120,separate_pak,2025-03-02 08:00:00,2025-03-02 10:00:00,10.0,8.120171405039379,7.800000190734863,True
120,separate_pak,2025-03-03 08:00:00,2025-03-03 10:00:00,8.300000190734863,8.087286439835433,10.0,True
120,separate_pak,2025-03-06 08:00:00,2025-03-06 10:00:00,8.5,8.245720900352445,,False
120,separate_pak,2025-03-07 08:00:00,2025-03-07 10:00:00,8.399999618530273,7.803897830209003,8.5,True
120,separate_pak,2025-03-08 08:00:00,2025-03-08 10:00:00,8.0,7.869720259503884,8.399999618530273,True
120,separate_pak,2025-03-09 08:00:00,2025-03-09 10:00:00,9.5,8.005319783087453,8.0,True
120,separate_pak,2025-03-10 08:00:00,2025-03-10 10:00:00,10.199999809265137,8.12637973650167,9.5,True
120,separate_pak,2025-03-11 08:00:00,2025-03-11 10:00:00,8.100000381469727,8.257855151460962,10.199999809265137,True
120,separate_pak,2025-03-12 08:00:00,2025-03-12 10:00:00,8.600000381469727,8.234271714354573,8.100000381469727,True
120,separate_pak,2025-03-13 08:00:00,2025-03-13 10:00:00,7.699999809265137,7.957759177890637,8.600000381469727,True
120,separate_pak,2025-03-14 08:00:00,2025-03-14 10:00:00,9.899999618530273,8.06136745653969,7.699999809265137,True
120,separate_pak,2025-03-15 08:00:00,2025-03-15 10:00:00,10.399999618530273,8.472025956486087,9.899999618530273,True
120,separate_pak,2025-03-16 08:00:00,2025-03-16 10:00:00,10.5,8.36632325340759,10.399999618530273,True
120,separate_pak,2025-03-17 08:00:00,2025-03-17 10:00:00,12.399999618530273,8.76272785309349,10.5,True
120,separate_pak,2025-03-18 08:00:00,2025-03-18 10:00:00,12.300000190734863,8.84672803689511,12.399999618530273,True
120,separate_pak,2025-03-19 08:00:00,2025-03-19 10:00:00,10.300000190734863,8.852453077908947,12.300000190734863,True
120,separate_pak,2025-03-20 08:00:00,2025-03-20 10:00:00,11.300000190734863,8.415414016065165,10.300000190734863,True
120,separate_pak,2025-03-21 08:00:00,2025-03-21 10:00:00,9.600000381469727,8.425701696808295,11.300000190734863,True
120,separate_pak,2025-03-22 08:00:00,2025-03-22 10:00:00,8.800000190734863,8.098952762435038,9.600000381469727,True
120,separate_pak,2025-03-23 08:00:00,2025-03-23 10:00:00,6.900000095367432,7.302258903470127,8.800000190734863,True
120,separate_pak,2025-03-24 04:00:00,2025-03-24 06:00:00,6.800000190734863,8.078573719023652,6.900000095367432,True
120,separate_pak,2025-03-24 08:00:00,2025-03-24 10:00:00,6.5,8.479263976897984,6.900000095367432,True
120,separate_pak,2025-03-24 22:01:00,2025-03-25 00:01:00,11.0,7.346985168737797,6.5,True
120,separate_pak,2025-03-25 04:00:00,2025-03-25 06:00:00,13.399999618530273,7.3890375949676645,6.5,True
120,separate_pak,2025-03-25 08:00:00,2025-03-25 10:00:00,8.100000381469727,7.158832622809072,11.0,True
120,separate_pak,2025-03-25 18:00:00,2025-03-25 20:00:00,10.5,7.872698965006631,8.100000381469727,True
120,separate_pak,2025-03-26 08:00:00,2025-03-26 10:00:00,8.300000190734863,7.745741921374238,10.5,True
120,separate_pak,2025-03-26 21:07:57,2025-03-26 23:07:57,10.199999809265137,7.98510079674719,8.300000190734863,True
120,separate_pak,2025-03-27 08:00:00,2025-03-27 10:00:00,5.400000095367432,7.834273500220917,10.199999809265137,True
120,separate_pak,2025-03-29 08:00:00,2025-03-29 10:00:00,8.399999618530273,8.316921605235333,5.400000095367432,True
120,separate_pak,2025-03-30 08:00:00,2025-03-30 10:00:00,10.199999809265137,8.174055524205551,8.399999618530273,True
120,separate_pak,2025-03-31 08:00:00,2025-03-31 10:00:00,8.600000381469727,8.104190821249716,10.199999809265137,True
120,separate_pak,2025-04-01 08:00:00,2025-04-01 10:00:00,7.0,8.179988377475322,8.600000381469727,True
120,separate_pak,2025-04-02 08:00:00,2025-04-02 10:00:00,7.300000190734863,8.803516139295073,7.0,True
120,separate_pak,2025-04-03 08:00:00,2025-04-03 10:00:00,9.899999618530273,8.218205647290716,7.300000190734863,True
120,separate_pak,2025-04-05 08:00:00,2025-04-05 10:00:00,5.800000190734863,8.243177324437035,9.899999618530273,True
120,separate_pak,2025-04-06 08:00:00,2025-04-06 10:00:00,6.800000190734863,8.33334386560525,5.800000190734863,True
120,separate_pak,2025-04-07 08:00:00,2025-04-07 10:00:00,7.5,8.200736974026215,6.800000190734863,True
120,separate_pak,2025-04-08 08:00:00,2025-04-08 10:00:00,6.800000190734863,8.204811122021113,7.5,True
120,separate_pak,2025-04-09 08:00:00,2025-04-09 10:00:00,8.100000381469727,8.222916874727051,6.800000190734863,True
120,separate_pak,2025-04-10 08:00:00,2025-04-10 10:00:00,6.099999904632568,7.932947906072679,8.100000381469727,True
120,separate_pak,2025-04-11 08:00:00,2025-04-11 10:00:00,7.400000095367432,8.205409616048252,6.099999904632568,True
120,separate_pak,2025-04-12 08:00:00,2025-04-12 10:00:00,8.699999809265137,8.143018639310572,7.400000095367432,True
120,separate_pak,2025-04-13 08:00:00,2025-04-13 10:00:00,5.300000190734863,7.803255290367883,8.699999809265137,True
120,separate_pak,2025-04-14 08:00:00,2025-04-14 10:00:00,7.699999809265137,8.17378874081651,5.300000190734863,True
120,separate_pak,2025-04-15 08:00:00,2025-04-15 10:00:00,8.5,7.544220802574667,7.699999809265137,True
120,separate_pak,2025-04-16 08:00:00,2025-04-16 10:00:00,7.699999809265137,7.989075984222675,8.5,True
120,separate_pak,2025-04-17 08:00:00,2025-04-17 10:00:00,5.199999809265137,7.750959204092657,7.699999809265137,True
120,separate_pak,2025-04-18 08:00:00,2025-04-18 10:00:00,8.800000190734863,8.387019311374134,5.199999809265137,True
120,separate_pak,2025-04-18 18:00:00,2025-04-18 20:00:00,10.0,7.990429402909232,8.800000190734863,True
120,separate_pak,2025-04-19 08:00:00,2025-04-19 10:00:00,8.800000190734863,8.36015112875584,10.0,True
120,separate_pak,2025-04-20 08:00:00,2025-04-20 10:00:00,11.800000190734863,8.519301568904032,8.800000190734863,True
120,separate_pak,2025-04-21 08:00:00,2025-04-21 10:00:00,11.399999618530273,7.772825306994104,11.800000190734863,True
120,separate_pak,2025-04-22 08:00:00,2025-04-22 10:00:00,10.600000381469727,8.357893877641418,11.399999618530273,True
120,separate_pak,2025-04-23 08:00:00,2025-04-23 10:00:00,13.5,8.555680266668642,10.600000381469727,True
120,separate_pak,2025-04-24 08:00:00,2025-04-24 10:00:00,12.399999618530273,8.320274788966286,13.5,True
120,separate_pak,2025-04-25 08:00:00,2025-04-25 10:00:00,9.399999618530273,7.764679806430909,12.399999618530273,True
120,separate_pak,2025-04-26 04:00:00,2025-04-26 06:00:00,9.0,8.262754580156074,9.399999618530273,True
120,separate_pak,2025-04-26 08:00:00,2025-04-26 10:00:00,9.5,9.671533712668147,9.399999618530273,True
120,separate_pak,2025-04-27 08:00:00,2025-04-27 10:00:00,7.699999809265137,8.01049944134863,9.5,True
120,separate_pak,2025-04-28 08:00:00,2025-04-28 10:00:00,10.0,8.03612058550704,7.699999809265137,True
120,separate_pak,2025-04-29 08:00:00,2025-04-29 10:00:00,7.5,8.064738284353814,10.0,True
120,separate_pak,2025-04-30 08:00:00,2025-04-30 10:00:00,6.5,7.745375353955874,7.5,True
120,separate_pak,2025-05-01 08:00:00,2025-05-01 10:00:00,11.300000190734863,8.116924846077753,6.5,True
120,separate_pak,2025-05-02 08:00:00,2025-05-02 10:00:00,8.300000190734863,8.089695759641664,11.300000190734863,True
120,separate_pak,2025-05-03 08:00:00,2025-05-03 10:00:00,9.899999618530273,8.33144461379211,8.300000190734863,True
120,separate_pak,2025-05-04 08:00:00,2025-05-04 10:00:00,8.399999618530273,8.084243250941313,9.899999618530273,True
120,separate_pak,2025-05-05 08:00:00,2025-05-05 10:00:00,8.600000381469727,7.976323350517298,8.399999618530273,True
120,separate_pak,2025-05-06 08:00:00,2025-05-06 10:00:00,8.5,7.952978814737252,8.600000381469727,True
120,separate_pak,2025-05-07 08:00:00,2025-05-07 10:00:00,9.699999809265137,8.123271706905268,8.5,True
120,separate_pak,2025-05-08 08:00:00,2025-05-08 10:00:00,9.399999618530273,8.195538190838068,9.699999809265137,True
120,separate_pak,2025-05-09 08:00:00,2025-05-09 10:00:00,9.699999809265137,8.076502657468321,9.399999618530273,True
120,separate_pak,2025-05-10 08:00:00,2025-05-10 10:00:00,9.199999809265137,7.952099473260374,9.699999809265137,True
120,separate_pak,2025-05-11 08:00:00,2025-05-11 10:00:00,11.0,9.389318704191579,9.199999809265137,True
120,separate_pak,2025-05-11 12:00:00,2025-05-11 14:00:00,8.699999809265137,7.9861798488940305,9.199999809265137,True
120,separate_pak,2025-05-12 08:00:00,2025-05-12 10:00:00,9.399999618530273,8.150697564870919,8.699999809265137,True
120,separate_pak,2025-05-13 08:00:00,2025-05-13 10:00:00,8.699999809265137,8.097499851339457,9.399999618530273,True
120,separate_pak,2025-05-14 08:00:00,2025-05-14 10:00:00,9.199999809265137,8.062254528660803,8.699999809265137,True
120,separate_pak,2025-05-15 08:00:00,2025-05-15 10:00:00,8.300000190734863,7.932703202846973,9.199999809265137,True
120,separate_pak,2025-05-16 08:00:00,2025-05-16 10:00:00,9.0,8.025723108497232,8.300000190734863,True
120,separate_pak,2025-05-17 08:00:00,2025-05-17 10:00:00,6.800000190734863,11.111859169203795,9.0,True
120,separate_pak,2025-05-18 08:00:00,2025-05-18 10:00:00,7.900000095367432,7.82674482295028,6.800000190734863,True
120,separate_pak,2025-05-19 00:00:00,2025-05-19 02:00:00,6.900000095367432,7.98546179624803,7.900000095367432,True
120,separate_pak,2025-05-19 08:00:00,2025-05-19 10:00:00,7.599999904632568,7.703579042610285,6.900000095367432,True
120,separate_pak,2025-05-20 08:00:00,2025-05-20 10:00:00,11.300000190734863,7.911757960466055,7.599999904632568,True
120,separate_pak,2025-05-21 08:00:00,2025-05-21 10:00:00,10.199999809265137,7.623926269516071,11.300000190734863,True
120,separate_pak,2025-05-21 20:02:41,2025-05-21 22:02:41,9.0,7.608947831187638,10.199999809265137,True
120,separate_pak,2025-05-22 08:00:00,2025-05-22 10:00:00,8.800000190734863,7.572363105062408,9.0,True
120,separate_pak,2025-05-23 08:00:00,2025-05-23 10:00:00,10.0,8.105377193234261,8.800000190734863,True
120,separate_pak,2025-05-24 08:00:00,2025-05-24 10:00:00,8.0,8.0381007131794,10.0,True
120,separate_pak,2025-05-25 08:00:00,2025-05-25 10:00:00,8.300000190734863,7.960719473204449,8.0,True
120,separate_pak,2025-05-26 08:00:00,2025-05-26 10:00:00,6.699999809265137,7.647527059969217,8.300000190734863,True
120,separate_pak,2025-05-27 08:00:00,2025-05-27 10:00:00,9.199999809265137,7.881821575867393,6.699999809265137,True
120,separate_pak,2025-05-28 08:00:00,2025-05-28 10:00:00,7.5,7.848389124894192,9.199999809265137,True
120,separate_pak,2025-05-29 08:00:00,2025-05-29 10:00:00,8.699999809265137,8.016457126245042,7.5,True
120,separate_pak,2025-05-30 08:00:00,2025-05-30 10:00:00,10.0,7.706361511872974,8.699999809265137,True
120,separate_pak,2025-05-31 08:00:00,2025-05-31 10:00:00,6.800000190734863,7.492434095505306,10.0,True
120,separate_pak,2025-06-01 08:00:00,2025-06-01 10:00:00,8.699999809265137,7.6678767518824476,6.800000190734863,True
120,separate_pak,2025-06-02 08:00:00,2025-06-02 10:00:00,8.399999618530273,7.579159165986045,8.699999809265137,True
120,separate_pak,2025-06-03 08:00:00,2025-06-03 10:00:00,23.299999237060547,7.70476763432238,8.399999618530273,True
120,separate_pak,2025-06-03 15:30:00,2025-06-03 17:30:00,8.5,7.643778187109682,23.299999237060547,True
120,separate_pak,2025-06-04 08:00:00,2025-06-04 10:00:00,6.900000095367432,7.8321087012043815,8.5,True
120,separate_pak,2025-06-05 08:00:00,2025-06-05 10:00:00,9.199999809265137,7.951519286189699,6.900000095367432,True
120,separate_pak,2025-06-06 08:00:00,2025-06-06 10:00:00,8.800000190734863,7.949449369416886,9.199999809265137,True
120,separate_pak,2025-06-07 08:00:00,2025-06-07 10:00:00,9.100000381469727,8.183818088870213,8.800000190734863,True
120,separate_pak,2025-06-08 08:00:00,2025-06-08 10:00:00,9.100000381469727,8.08402447283583,9.100000381469727,True
120,separate_pak,2025-06-09 08:00:00,2025-06-09 10:00:00,9.300000190734863,8.007940389767924,9.100000381469727,True
120,separate_pak,2025-06-10 08:00:00,2025-06-10 10:00:00,8.800000190734863,8.024049522136115,9.300000190734863,True
120,separate_pak,2025-06-11 08:00:00,2025-06-11 10:00:00,7.800000190734863,8.150922389992946,8.800000190734863,True
120,separate_pak,2025-06-12 08:00:00,2025-06-12 10:00:00,9.899999618530273,8.144585294073341,7.800000190734863,True
120,separate_pak,2025-06-13 08:00:00,2025-06-13 10:00:00,9.199999809265137,8.00823703430385,9.899999618530273,True
120,separate_pak,2025-06-14 08:00:00,2025-06-14 10:00:00,8.300000190734863,8.137068686952523,9.199999809265137,True
120,separate_pak,2025-06-15 08:00:00,2025-06-15 10:00:00,8.0,7.835631113611004,8.300000190734863,True
120,separate_pak,2025-06-16 08:00:00,2025-06-16 10:00:00,9.600000381469727,8.097802392831799,8.0,True
120,separate_pak,2025-06-17 08:00:00,2025-06-17 10:00:00,9.300000190734863,7.648694855883269,9.600000381469727,True
120,separate_pak,2025-06-18 08:00:00,2025-06-18 10:00:00,8.5,8.100743389828537,9.300000190734863,True
120,separate_pak,2025-06-19 08:00:00,2025-06-19 10:00:00,10.600000381469727,8.1353384887263,8.5,True
120,separate_pak,2025-06-20 08:00:00,2025-06-20 10:00:00,8.300000190734863,8.03256011278374,10.600000381469727,True
120,separate_pak,2025-06-21 08:00:00,2025-06-21 10:00:00,3.200000047683716,7.967894000320655,8.300000190734863,True
120,separate_pak,2025-06-21 13:57:36,2025-06-21 15:57:36,8.399999618530273,7.668942217446027,8.300000190734863,True
120,separate_pak,2025-06-22 08:00:00,2025-06-22 10:00:00,7.699999809265137,7.923380343895117,8.399999618530273,True
120,separate_pak,2025-06-23 08:00:00,2025-06-23 10:00:00,7.599999904632568,8.075840282659957,7.699999809265137,True
120,separate_pak,2025-06-24 08:00:00,2025-06-24 10:00:00,9.199999809265137,8.313681418824743,7.599999904632568,True
120,separate_pak,2025-06-25 08:00:00,2025-06-25 10:00:00,8.5,8.169647482752707,9.199999809265137,True
120,separate_pak,2025-06-26 08:00:00,2025-06-26 10:00:00,7.199999809265137,7.648805349948379,8.5,True
120,separate_pak,2025-06-27 08:00:00,2025-06-27 10:00:00,8.899999618530273,7.897129066437911,7.199999809265137,True
120,separate_pak,2025-06-28 08:00:00,2025-06-28 10:00:00,9.800000190734863,7.8550693664767035,8.899999618530273,True
120,separate_pak,2025-06-29 08:00:00,2025-06-29 10:00:00,8.5,7.89083417336583,9.800000190734863,True
120,separate_pak,2025-06-30 08:00:00,2025-06-30 10:00:00,8.0,7.848872609625886,8.5,True
120,separate_pak,2025-07-01 08:00:00,2025-07-01 10:00:00,8.199999809265137,7.9046529697498755,8.0,True
120,separate_pak,2025-07-02 08:00:00,2025-07-02 10:00:00,8.800000190734863,8.024570875240443,8.199999809265137,True
120,separate_pak,2025-07-03 08:00:00,2025-07-03 10:00:00,9.300000190734863,7.783005082512137,8.800000190734863,True
120,separate_pak,2025-07-04 08:00:00,2025-07-04 10:00:00,9.399999618530273,7.7901690808373445,9.300000190734863,True
120,separate_pak,2025-07-05 08:00:00,2025-07-05 10:00:00,8.600000381469727,8.136479609717913,9.399999618530273,True
120,separate_pak,2025-07-06 08:00:00,2025-07-06 10:00:00,9.300000190734863,7.977714443419787,8.600000381469727,True
120,separate_pak,2025-07-07 08:00:00,2025-07-07 10:00:00,8.5,7.985750836940657,9.300000190734863,True
120,separate_pak,2025-07-08 08:00:00,2025-07-08 10:00:00,9.199999809265137,7.932492930177114,8.5,True
120,separate_pak,2025-07-09 08:00:00,2025-07-09 10:00:00,8.199999809265137,7.834705770466471,9.199999809265137,True
120,separate_pak,2025-07-10 08:00:00,2025-07-10 10:00:00,7.599999904632568,7.8204326343484,8.199999809265137,True
120,separate_pak,2025-07-11 08:00:00,2025-07-11 10:00:00,9.100000381469727,8.05596873788636,7.599999904632568,True
120,separate_pak,2025-07-12 08:00:00,2025-07-12 10:00:00,8.800000190734863,8.077861578339228,9.100000381469727,True
120,separate_pak,2025-07-13 08:00:00,2025-07-13 10:00:00,8.5,8.134864528310471,8.800000190734863,True
120,separate_pak,2025-07-14 08:00:00,2025-07-14 10:00:00,9.800000190734863,8.29807998063394,8.5,True
120,separate_pak,2025-07-15 08:00:00,2025-07-15 10:00:00,9.399999618530273,8.418986227312299,9.800000190734863,True
120,separate_pak,2025-07-16 08:00:00,2025-07-16 10:00:00,9.100000381469727,8.055297681857418,9.399999618530273,True
120,separate_pak,2025-07-17 08:00:00,2025-07-17 10:00:00,8.100000381469727,8.092522997545126,9.100000381469727,True
120,separate_pak,2025-07-18 08:00:00,2025-07-18 10:00:00,9.399999618530273,8.164440939034238,8.100000381469727,True
120,separate_pak,2025-07-19 08:00:00,2025-07-19 10:00:00,7.900000095367432,8.087128870416088,9.399999618530273,True
120,separate_pak,2025-07-20 08:00:00,2025-07-20 10:00:00,9.5,8.085477929086718,7.900000095367432,True
120,separate_pak,2025-07-21 08:00:00,2025-07-21 10:00:00,9.300000190734863,7.9631355927275695,9.5,True
120,separate_pak,2025-07-22 08:00:00,2025-07-22 10:00:00,9.899999618530273,7.988488807292514,9.300000190734863,True
120,separate_pak,2025-07-23 08:00:00,2025-07-23 10:00:00,8.5,7.999460119935149,9.899999618530273,True
120,separate_pak,2025-07-24 08:00:00,2025-07-24 10:00:00,8.199999809265137,8.017431124088452,8.5,True
120,separate_pak,2025-07-24 11:00:00,2025-07-24 13:00:00,120.0,9.357695921740795,8.5,True
120,separate_pak,2025-07-24 11:15:00,2025-07-24 13:15:00,45.900001525878906,9.600128252320241,8.5,True
120,separate_pak,2025-07-24 13:20:00,2025-07-24 15:20:00,2.0999999046325684,9.69257394893102,8.5,True
120,separate_pak,2025-07-25 08:00:00,2025-07-25 10:00:00,9.600000381469727,7.923022314932796,2.0999999046325684,True
120,separate_pak,2025-07-26 08:00:00,2025-07-26 10:00:00,7.300000190734863,7.487902139814292,9.600000381469727,True
120,separate_pak,2025-07-27 08:00:00,2025-07-27 10:00:00,8.899999618530273,7.879524715172568,7.300000190734863,True
120,separate_pak,2025-07-28 08:00:00,2025-07-28 10:00:00,10.199999809265137,8.095393902577834,8.899999618530273,True
120,separate_pak,2025-07-28 14:00:00,2025-07-28 16:00:00,35.099998474121094,12.749805367326964,10.199999809265137,True
120,separate_pak,2025-07-28 19:26:26,2025-07-28 21:26:26,3.5,8.04999443779732,10.199999809265137,True
120,separate_pak,2025-07-29 08:00:00,2025-07-29 10:00:00,8.300000190734863,8.078606104553817,3.5,True
120,separate_pak,2025-07-30 08:00:00,2025-07-30 10:00:00,10.0,7.763989228996612,8.300000190734863,True
120,separate_pak,2025-07-31 08:00:00,2025-07-31 10:00:00,6.599999904632568,8.012978638375035,10.0,True
120,separate_pak,2025-08-01 08:00:00,2025-08-01 10:00:00,5.300000190734863,7.8847758849835845,6.599999904632568,True
120,separate_pak,2025-08-03 08:00:00,2025-08-03 10:00:00,10.199999809265137,7.878320069206703,5.300000190734863,True
120,separate_pak,2025-08-04 08:00:00,2025-08-04 10:00:00,7.5,8.04997388172237,10.199999809265137,True
120,separate_pak,2025-08-05 08:00:00,2025-08-05 10:00:00,6.599999904632568,8.092814036651754,7.5,True
120,separate_pak,2025-08-05 12:05:08,2025-08-05 14:05:08,3.5999999046325684,7.994976490629499,7.5,True
120,separate_pak,2025-08-06 08:00:00,2025-08-06 10:00:00,7.900000095367432,7.915087212338017,3.5999999046325684,True
120,separate_pak,2025-08-07 08:00:00,2025-08-07 10:00:00,6.300000190734863,7.364665341185388,7.900000095367432,True
120,separate_pak,2025-08-08 08:00:00,2025-08-08 10:00:00,7.400000095367432,7.694383630105127,6.300000190734863,True
120,separate_pak,2025-08-09 08:00:00,2025-08-09 10:00:00,7.599999904632568,8.124444350103628,7.400000095367432,True
120,separate_pak,2025-08-10 08:00:00,2025-08-10 10:00:00,9.300000190734863,8.023204846953808,7.599999904632568,True
120,separate_pak,2025-08-12 08:00:00,2025-08-12 10:00:00,8.0,8.004710258770169,9.300000190734863,True
120,separate_pak,2025-08-13 08:00:00,2025-08-13 10:00:00,9.199999809265137,8.282053253702705,8.0,True
120,separate_pak,2025-08-14 08:00:00,2025-08-14 10:00:00,10.5,8.045667641562497,9.199999809265137,True
120,separate_pak,2025-08-14 12:00:00,2025-08-14 14:00:00,11.800000190734863,6.771994953525723,9.199999809265137,True
120,separate_pak,2025-08-14 18:00:00,2025-08-14 20:00:00,4.699999809265137,7.716947964494313,11.800000190734863,True
120,separate_pak,2025-08-15 08:00:00,2025-08-15 10:00:00,8.100000381469727,8.044742016894881,4.699999809265137,True
120,separate_pak,2025-08-16 08:00:00,2025-08-16 10:00:00,8.300000190734863,7.745648528096067,8.100000381469727,True
120,separate_pak,2025-08-16 18:00:00,2025-08-16 20:00:00,5.199999809265137,8.362495964612346,8.300000190734863,True
120,separate_pak,2025-08-17 08:00:00,2025-08-17 10:00:00,7.900000095367432,8.043092705949187,5.199999809265137,True
120,separate_pak,2025-08-18 08:00:00,2025-08-18 10:00:00,9.199999809265137,8.286454146229074,7.900000095367432,True
120,separate_pak,2025-08-19 08:00:00,2025-08-19 10:00:00,6.699999809265137,8.529237526962378,9.199999809265137,True
120,separate_pak,2025-08-20 08:00:00,2025-08-20 10:00:00,7.099999904632568,8.356267002076954,6.699999809265137,True
120,separate_pak,2025-08-21 08:00:00,2025-08-21 10:00:00,6.599999904632568,8.415141448289594,7.099999904632568,True
120,separate_pak,2025-08-22 08:00:00,2025-08-22 10:00:00,8.5,7.814784122121852,6.599999904632568,True
120,separate_pak,2025-08-23 08:00:00,2025-08-23 10:00:00,11.399999618530273,7.865070209069064,8.5,True
120,separate_pak,2025-08-23 20:00:00,2025-08-23 22:00:00,8.899999618530273,7.818020527319089,11.399999618530273,True
120,separate_pak,2025-08-24 08:00:00,2025-08-24 10:00:00,9.399999618530273,7.932120314974002,8.899999618530273,True
120,separate_pak,2025-08-25 08:00:00,2025-08-25 10:00:00,10.899999618530273,8.122642718554259,9.399999618530273,True
120,separate_pak,2025-08-27 08:00:00,2025-08-27 10:00:00,8.699999809265137,8.438193557197236,10.899999618530273,True
120,separate_pak,2025-08-27 20:00:00,2025-08-27 22:00:00,9.300000190734863,7.989871649129142,8.699999809265137,True
120,separate_pak,2025-08-28 08:00:00,2025-08-28 10:00:00,7.800000190734863,8.06189270837352,9.300000190734863,True
120,separate_pak,2025-08-29 08:00:00,2025-08-29 10:00:00,8.0,8.163718963502083,7.800000190734863,True
120,separate_pak,2025-08-30 08:00:00,2025-08-30 10:00:00,11.100000381469727,8.161234695259107,8.0,True
120,separate_pak,2025-08-31 08:00:00,2025-08-31 10:00:00,8.600000381469727,8.433874668423009,11.100000381469727,True
120,separate_pak,2025-09-01 08:00:00,2025-09-01 10:00:00,7.599999904632568,8.653885845530242,8.600000381469727,True
120,separate_pak,2025-09-02 08:00:00,2025-09-02 10:00:00,7.199999809265137,8.343811155014357,7.599999904632568,True
120,separate_pak,2025-09-03 08:00:00,2025-09-03 10:00:00,10.699999809265137,8.078495608418557,7.199999809265137,True
120,separate_pak,2025-09-04 08:00:00,2025-09-04 10:00:00,7.300000190734863,7.362878871066542,10.699999809265137,True
120,separate_pak,2025-09-05 08:00:00,2025-09-05 10:00:00,9.699999809265137,8.332691457782685,7.300000190734863,True
120,separate_pak,2025-09-06 08:00:00,2025-09-06 10:00:00,11.699999809265137,8.02502293676954,9.699999809265137,True
120,separate_pak,2025-09-07 08:00:00,2025-09-07 10:00:00,10.699999809265137,8.506825390668093,11.699999809265137,True
120,separate_pak,2025-09-08 08:00:00,2025-09-08 10:00:00,9.800000190734863,8.219920306350488,10.699999809265137,True
120,separate_pak,2025-09-09 08:00:00,2025-09-09 10:00:00,8.399999618530273,8.116155232318983,9.800000190734863,True
120,separate_pak,2025-09-10 08:00:00,2025-09-10 10:00:00,10.100000381469727,8.570597939298708,8.399999618530273,True
120,separate_pak,2025-09-11 08:00:00,2025-09-11 10:00:00,8.699999809265137,8.132817710443437,10.100000381469727,True
120,separate_pak,2025-09-12 08:00:00,2025-09-12 10:00:00,9.899999618530273,8.373762208301107,8.699999809265137,True
120,separate_pak,2025-09-13 08:00:00,2025-09-13 10:00:00,9.800000190734863,8.412780061183069,9.899999618530273,True
120,separate_pak,2025-09-14 08:00:00,2025-09-14 10:00:00,9.899999618530273,8.374763454104055,9.800000190734863,True
120,separate_pak,2025-09-15 08:00:00,2025-09-15 10:00:00,8.300000190734863,8.409779373972574,9.899999618530273,True
120,separate_pak,2025-09-16 08:00:00,2025-09-16 10:00:00,9.199999809265137,8.350523600031682,8.300000190734863,True
120,separate_pak,2025-09-17 08:00:00,2025-09-17 10:00:00,9.300000190734863,8.383390482334411,9.199999809265137,True
120,separate_pak,2025-09-18 08:00:00,2025-09-18 10:00:00,9.600000381469727,8.172790818491663,9.300000190734863,True
120,separate_pak,2025-09-19 08:00:00,2025-09-19 10:00:00,9.600000381469727,8.301803186699779,9.600000381469727,True
120,separate_pak,2025-09-20 08:00:00,2025-09-20 10:00:00,8.5,8.223593950195673,9.600000381469727,True
120,separate_pak,2025-09-21 08:00:00,2025-09-21 10:00:00,7.599999904632568,8.403349238403253,8.5,True
120,separate_pak,2025-09-22 08:00:00,2025-09-22 10:00:00,8.899999618530273,8.502097189893227,7.599999904632568,True
120,separate_pak,2025-09-23 08:00:00,2025-09-23 10:00:00,10.199999809265137,8.383173574323832,8.899999618530273,True
120,separate_pak,2025-09-24 08:00:00,2025-09-24 10:00:00,10.5,8.130041791084677,10.199999809265137,True
120,separate_pak,2025-09-25 08:00:00,2025-09-25 10:00:00,9.800000190734863,8.003932377079177,10.5,True
120,separate_pak,2025-09-26 08:00:00,2025-09-26 10:00:00,7.599999904632568,8.062413585332557,9.800000190734863,True
120,separate_pak,2025-09-27 08:00:00,2025-09-27 10:00:00,8.399999618530273,8.003612081142162,7.599999904632568,True
120,separate_pak,2025-09-28 08:00:00,2025-09-28 10:00:00,9.399999618530273,7.958118924026538,8.399999618530273,True
120,separate_pak,2025-09-28 15:00:00,2025-09-28 17:00:00,15.300000190734863,8.356256772467495,9.399999618530273,True
120,separate_pak,2025-09-28 18:00:00,2025-09-28 20:00:00,8.300000190734863,7.464401903159581,9.399999618530273,True
120,separate_pak,2025-09-29 08:00:00,2025-09-29 10:00:00,9.199999809265137,8.237943078440104,8.300000190734863,True
120,separate_pak,2025-09-30 08:00:00,2025-09-30 10:00:00,8.300000190734863,7.955367203209738,9.199999809265137,True
120,separate_pak,2025-10-01 08:00:00,2025-10-01 10:00:00,9.800000190734863,8.165736824672557,8.300000190734863,True
120,separate_pak,2025-10-02 08:00:00,2025-10-02 10:00:00,9.699999809265137,8.075359836716915,9.800000190734863,True
120,separate_pak,2025-10-03 08:00:00,2025-10-03 10:00:00,10.399999618530273,8.108938420258719,9.699999809265137,True
120,separate_pak,2025-10-05 08:00:00,2025-10-05 10:00:00,9.699999809265137,7.7635206970290795,10.399999618530273,True
120,separate_pak,2025-10-06 08:00:00,2025-10-06 10:00:00,9.800000190734863,7.900003638176225,9.699999809265137,True
120,separate_pak,2025-10-06 12:00:00,2025-10-06 14:00:00,5.199999809265137,7.959148110517894,9.699999809265137,True
120,separate_pak,2025-10-07 08:00:00,2025-10-07 10:00:00,9.300000190734863,7.858429926170718,5.199999809265137,True
120,separate_pak,2025-10-08 08:00:00,2025-10-08 10:00:00,9.800000190734863,8.096104924435853,9.300000190734863,True
120,separate_pak,2025-10-09 08:00:00,2025-10-09 10:00:00,12.699999809265137,7.889194635433119,9.800000190734863,True
120,separate_pak,2025-10-09 14:00:00,2025-10-09 16:00:00,8.699999809265137,7.711824565059747,12.699999809265137,True
120,separate_pak,2025-10-09 20:00:00,2025-10-09 22:00:00,9.0,7.9823185334550875,8.699999809265137,True
120,separate_pak,2025-10-10 08:00:00,2025-10-10 10:00:00,10.199999809265137,8.312382664452036,9.0,True
120,separate_pak,2025-10-10 18:00:00,2025-10-10 20:00:00,9.600000381469727,7.834434908933918,10.199999809265137,True
120,separate_pak,2025-10-11 08:00:00,2025-10-11 10:00:00,9.0,7.969737414308826,9.600000381469727,True
120,separate_pak,2025-10-12 08:00:00,2025-10-12 10:00:00,10.5,7.880584305789625,9.0,True
120,separate_pak,2025-10-14 08:00:00,2025-10-14 10:00:00,9.199999809265137,7.183123115291382,10.5,True
120,separate_pak,2025-10-15 08:00:00,2025-10-15 10:00:00,9.100000381469727,7.736305155990637,9.199999809265137,True
120,separate_pak,2025-10-16 08:00:00,2025-10-16 10:00:00,12.199999809265137,7.9147952352760225,9.100000381469727,True
120,separate_pak,2025-10-16 13:00:00,2025-10-16 15:00:00,9.699999809265137,7.63104729306659,9.100000381469727,True
120,separate_pak,2025-10-17 08:00:00,2025-10-17 10:00:00,10.399999618530273,7.878210912929461,9.699999809265137,True
120,separate_pak,2025-10-18 08:00:00,2025-10-18 10:00:00,10.800000190734863,7.812816904937748,10.399999618530273,True
120,separate_pak,2025-10-18 14:00:00,2025-10-18 16:00:00,8.0,7.8844056565421745,10.800000190734863,True
120,separate_pak,2025-10-19 08:00:00,2025-10-19 10:00:00,6.5,7.424457003982843,8.0,True
120,separate_pak,2025-10-20 08:00:00,2025-10-20 10:00:00,10.5,7.731155927938692,6.5,True
120,separate_pak,2025-10-21 08:00:00,2025-10-21 10:00:00,10.100000381469727,7.8653401978535715,10.5,True
120,separate_pak,2025-10-21 14:00:00,2025-10-21 16:00:00,11.0,7.788633220028782,10.100000381469727,True
120,separate_pak,2025-10-21 20:00:00,2025-10-21 22:00:00,10.0,7.558870353101659,11.0,True
120,separate_pak,2025-10-22 08:00:00,2025-10-22 10:00:00,9.300000190734863,7.555785513315884,10.0,True
120,separate_pak,2025-10-22 18:00:00,2025-10-22 20:00:00,11.0,7.648945607196428,9.300000190734863,True
120,separate_pak,2025-10-23 00:00:00,2025-10-23 02:00:00,6.699999809265137,7.5242963747439475,11.0,True
120,separate_pak,2025-10-23 08:00:00,2025-10-23 10:00:00,9.100000381469727,7.406023028670974,6.699999809265137,True
120,separate_pak,2025-10-23 19:00:00,2025-10-23 21:00:00,6.5,7.619769799425827,9.100000381469727,True
120,separate_pak,2025-10-24 08:00:00,2025-10-24 10:00:00,7.0,7.716964742712962,6.5,True
120,separate_pak,2025-10-25 08:00:00,2025-10-25 10:00:00,7.199999809265137,7.628281852708696,7.0,True
120,separate_pak,2025-10-26 08:00:00,2025-10-26 10:00:00,7.199999809265137,7.619704270732472,7.199999809265137,True
120,separate_pak,2025-10-27 08:00:00,2025-10-27 10:00:00,10.399999618530273,7.683122468022393,7.199999809265137,True
120,separate_pak,2025-10-27 13:15:10,2025-10-27 15:15:10,9.600000381469727,7.888325995321775,7.199999809265137,True
120,separate_pak,2025-10-27 16:46:34,2025-10-27 18:46:34,5.599999904632568,7.103236188950211,10.399999618530273,True
120,separate_pak,2025-10-27 20:00:00,2025-10-27 22:00:00,7.699999809265137,7.629750112273758,9.600000381469727,True
120,separate_pak,2025-10-28 08:00:00,2025-10-28 10:00:00,9.899999618530273,8.098665570784892,7.699999809265137,True
120,separate_pak,2025-10-28 12:00:00,2025-10-28 14:00:00,7.800000190734863,7.5812911808514105,7.699999809265137,True
120,separate_pak,2025-10-29 08:00:00,2025-10-29 10:00:00,9.199999809265137,7.628834705210052,7.800000190734863,True
120,separate_pak,2025-10-30 08:00:00,2025-10-30 10:00:00,9.899999618530273,7.794380293931891,9.199999809265137,True
120,separate_pak,2025-10-31 08:00:00,2025-10-31 10:00:00,10.199999809265137,7.899384519189947,9.899999618530273,True
120,separate_pak,2025-11-01 08:00:00,2025-11-01 10:00:00,7.800000190734863,7.737903303031889,10.199999809265137,True
120,separate_pak,2025-11-02 08:00:00,2025-11-02 10:00:00,10.100000381469727,7.787220060564362,7.800000190734863,True
120,separate_pak,2025-11-03 03:00:00,2025-11-03 05:00:00,8.5,7.631159610439223,10.100000381469727,True
120,separate_pak,2025-11-03 08:00:00,2025-11-03 10:00:00,9.5,7.723463978881625,10.100000381469727,True
120,separate_pak,2025-11-04 08:00:00,2025-11-04 10:00:00,9.399999618530273,7.7119266216360405,9.5,True
120,separate_pak,2025-11-05 08:00:00,2025-11-05 10:00:00,8.899999618530273,7.672389061084207,9.399999618530273,True
120,separate_pak,2025-11-06 08:00:00,2025-11-06 10:00:00,9.600000381469727,7.71181460389135,8.899999618530273,True
120,separate_pak,2025-11-07 08:00:00,2025-11-07 10:00:00,9.899999618530273,7.7254823458049575,9.600000381469727,True
120,separate_pak,2025-11-08 08:00:00,2025-11-08 10:00:00,8.800000190734863,7.6909181215018485,9.899999618530273,True
120,separate_pak,2025-11-09 08:00:00,2025-11-09 10:00:00,10.5,7.999888176981274,8.800000190734863,True
120,separate_pak,2025-11-09 11:00:00,2025-11-09 13:00:00,11.199999809265137,7.699520724820477,8.800000190734863,True
120,separate_pak,2025-11-09 15:00:09,2025-11-09 17:00:09,8.100000381469727,7.882587172218711,10.5,True
120,separate_pak,2025-11-09 22:00:00,2025-11-10 00:00:00,7.300000190734863,7.375619714523532,8.100000381469727,True
120,separate_pak,2025-11-10 08:00:00,2025-11-10 10:00:00,8.100000381469727,7.385712188789688,7.300000190734863,True
120,separate_pak,2025-11-11 08:00:00,2025-11-11 10:00:00,9.100000381469727,7.656215112456145,8.100000381469727,True
120,separate_pak,2025-11-12 08:00:00,2025-11-12 10:00:00,11.5,7.967141474474699,9.100000381469727,True
120,separate_pak,2025-11-12 15:06:58,2025-11-12 17:06:58,8.100000381469727,7.421362132396876,11.5,True
120,separate_pak,2025-11-13 08:00:00,2025-11-13 10:00:00,7.300000190734863,7.848837613052156,8.100000381469727,True
120,separate_pak,2025-11-14 08:00:00,2025-11-14 10:00:00,10.399999618530273,7.723206125171428,7.300000190734863,True
120,separate_pak,2025-11-14 20:00:00,2025-11-14 22:00:00,8.300000190734863,7.565120078939694,10.399999618530273,True
120,separate_pak,2025-11-15 08:00:00,2025-11-15 10:00:00,9.199999809265137,7.57267212476043,8.300000190734863,True
120,separate_pak,2025-11-16 08:00:00,2025-11-16 10:00:00,9.899999618530273,7.822870400338386,9.199999809265137,True
120,separate_pak,2025-11-17 08:00:00,2025-11-17 10:00:00,9.199999809265137,7.634830735751995,9.899999618530273,True
120,separate_pak,2025-11-18 08:00:00,2025-11-18 10:00:00,9.800000190734863,7.771143037118932,9.199999809265137,True
120,separate_pak,2025-11-19 08:00:00,2025-11-19 10:00:00,9.699999809265137,7.503093088302657,9.800000190734863,True
120,separate_pak,2025-11-20 08:00:00,2025-11-20 10:00:00,6.099999904632568,7.525835232292238,9.699999809265137,True
120,separate_pak,2025-11-21 08:00:00,2025-11-21 10:00:00,10.399999618530273,7.531486352903952,6.099999904632568,True
120,separate_pak,2025-11-22 08:00:00,2025-11-22 10:00:00,9.300000190734863,7.679894112118694,10.399999618530273,True
120,separate_pak,2025-11-23 08:00:00,2025-11-23 10:00:00,9.899999618530273,7.655300963067685,9.300000190734863,True
120,separate_pak,2025-11-23 20:51:00,2025-11-23 22:51:00,9.899999618530273,7.610145073136865,9.899999618530273,True
120,separate_pak,2025-11-24 00:38:00,2025-11-24 02:38:00,10.699999809265137,7.515608531866166,9.899999618530273,True
120,separate_pak,2025-11-24 08:00:00,2025-11-24 10:00:00,9.0,7.440914519244242,10.699999809265137,True
120,separate_pak,2025-11-24 18:00:00,2025-11-24 20:00:00,8.399999618530273,7.626271283626945,9.0,True
120,separate_pak,2025-11-25 08:00:00,2025-11-25 10:00:00,9.899999618530273,7.657613056573561,8.399999618530273,True
120,separate_pak,2025-11-26 08:00:00,2025-11-26 10:00:00,9.699999809265137,7.684569930371799,9.899999618530273,True
120,separate_pak,2025-11-27 08:00:00,2025-11-27 10:00:00,13.100000381469727,7.938375023579715,9.699999809265137,True
120,separate_pak,2025-11-27 10:45:00,2025-11-27 12:45:00,10.5,8.03024402590986,9.699999809265137,True
120,separate_pak,2025-11-27 20:00:00,2025-11-27 22:00:00,8.600000381469727,8.20697878380258,10.5,True
120,separate_pak,2025-11-28 08:00:00,2025-11-28 10:00:00,9.0,7.748652727133521,8.600000381469727,True
120,separate_pak,2025-11-29 08:00:00,2025-11-29 10:00:00,7.300000190734863,7.6752375832255115,9.0,True
120,separate_pak,2025-11-30 08:00:00,2025-11-30 10:00:00,8.699999809265137,7.865947049154736,7.300000190734863,True
120,separate_pak,2025-12-01 08:00:00,2025-12-01 10:00:00,7.800000190734863,7.633388160844346,8.699999809265137,True
120,separate_pak,2025-12-02 08:00:00,2025-12-02 10:00:00,8.399999618530273,7.5976757275008,7.800000190734863,True
120,separate_pak,2025-12-03 08:00:00,2025-12-03 10:00:00,6.800000190734863,7.7159576216697,8.399999618530273,True
120,separate_pak,2025-12-04 08:00:00,2025-12-04 10:00:00,7.800000190734863,8.186436730032332,6.800000190734863,True
120,separate_pak,2025-12-05 08:00:00,2025-12-05 10:00:00,9.0,7.900755462361687,7.800000190734863,True
120,separate_pak,2025-12-06 08:00:00,2025-12-06 10:00:00,8.300000190734863,7.672319197453449,9.0,True
120,separate_pak,2025-12-07 08:00:00,2025-12-07 10:00:00,10.199999809265137,7.47367491140319,8.300000190734863,True
120,separate_pak,2025-12-08 08:00:00,2025-12-08 10:00:00,8.199999809265137,7.376952433658715,10.199999809265137,True
120,separate_pak,2025-12-09 08:00:00,2025-12-09 10:00:00,9.100000381469727,7.58332873937386,8.199999809265137,True
120,separate_pak,2025-12-10 04:00:00,2025-12-10 06:00:00,9.800000190734863,8.290042580491267,9.100000381469727,True
120,separate_pak,2025-12-10 07:35:00,2025-12-10 09:35:00,8.0,8.434482064291906,9.100000381469727,True
120,separate_pak,2025-12-10 18:00:00,2025-12-10 20:00:00,7.800000190734863,7.835280504173523,8.0,True
120,separate_pak,2025-12-11 08:00:00,2025-12-11 10:00:00,7.300000190734863,7.608438007604965,7.800000190734863,True
120,separate_pak,2025-12-11 15:00:00,2025-12-11 17:00:00,10.5,7.52548232456661,7.300000190734863,True
120,separate_pak,2025-12-12 08:00:00,2025-12-12 10:00:00,7.599999904632568,8.044842829171365,10.5,True
120,separate_pak,2025-12-13 08:00:00,2025-12-13 10:00:00,6.699999809265137,7.826722388113881,7.599999904632568,True
120,separate_pak,2025-12-14 08:00:00,2025-12-14 10:00:00,6.400000095367432,8.186740113462367,6.699999809265137,True
120,separate_pak,2025-12-14 12:22:00,2025-12-14 14:22:00,11.0,7.885424124221112,6.699999809265137,True
120,separate_pak,2025-12-15 08:00:00,2025-12-15 10:00:00,8.800000190734863,7.7429783678912685,11.0,True
120,separate_pak,2025-12-16 08:00:00,2025-12-16 10:00:00,7.400000095367432,7.852740020825477,8.800000190734863,True
120,separate_pak,2025-12-17 08:00:00,2025-12-17 10:00:00,8.399999618530273,7.948164533477806,7.400000095367432,True
120,separate_pak,2025-12-18 08:00:00,2025-12-18 10:00:00,9.300000190734863,8.145258419667837,8.399999618530273,True
120,separate_pak,2025-12-19 08:00:00,2025-12-19 10:00:00,9.399999618530273,8.11614179799798,9.300000190734863,True
120,separate_pak,2025-12-20 08:00:00,2025-12-20 10:00:00,9.100000381469727,7.812443355424943,9.399999618530273,True
120,separate_pak,2025-12-21 08:00:00,2025-12-21 10:00:00,8.800000190734863,7.815445441573061,9.100000381469727,True
120,separate_pak,2025-12-22 08:00:00,2025-12-22 10:00:00,9.0,7.750622992174577,8.800000190734863,True
120,separate_pak,2025-12-23 08:00:00,2025-12-23 10:00:00,8.300000190734863,7.749442774333055,9.0,True
120,separate_pak,2025-12-24 08:00:00,2025-12-24 10:00:00,5.099999904632568,7.412534277678281,8.300000190734863,True
120,separate_pak,2025-12-25 08:00:00,2025-12-25 10:00:00,9.0,8.536684108889855,5.099999904632568,True
120,separate_pak,2025-12-26 08:00:00,2025-12-26 10:00:00,6.199999809265137,7.831010713366137,9.0,True
120,separate_pak,2025-12-27 08:00:00,2025-12-27 10:00:00,8.899999618530273,7.988460552856369,6.199999809265137,True
120,separate_pak,2025-12-28 08:00:00,2025-12-28 10:00:00,10.899999618530273,8.03295553464283,8.899999618530273,True
120,separate_pak,2025-12-28 22:00:00,2025-12-29 00:00:00,10.5,7.917074551740837,10.899999618530273,True
120,separate_pak,2025-12-29 00:30:00,2025-12-29 02:30:00,7.900000095367432,7.812468676780526,10.899999618530273,True
120,separate_pak,2025-12-29 08:00:00,2025-12-29 10:00:00,4.699999809265137,7.008554813310177,7.900000095367432,True
120,separate_pak,2025-12-30 08:00:00,2025-12-30 10:00:00,9.699999809265137,7.688470144528248,4.699999809265137,True
120,separate_pak,2025-12-31 08:00:00,2025-12-31 10:00:00,9.0,7.694181382045871,9.699999809265137,True
120,process_lags,2025-01-01 08:00:00,2025-01-01 10:00:00,3.5,7.383124697616024,2.700000047683716,True
120,process_lags,2025-01-02 08:00:00,2025-01-02 10:00:00,7.099999904632568,8.15062404326694,3.5,True
120,process_lags,2025-01-03 08:00:00,2025-01-03 10:00:00,7.699999809265137,8.182068720288774,7.099999904632568,True
120,process_lags,2025-01-04 08:00:00,2025-01-04 10:00:00,5.400000095367432,8.21817482061796,7.699999809265137,True
120,process_lags,2025-01-05 08:00:00,2025-01-05 10:00:00,5.300000190734863,7.649410260584572,5.400000095367432,True
120,process_lags,2025-01-06 08:00:00,2025-01-06 10:00:00,4.800000190734863,7.738008496332206,5.300000190734863,True
120,process_lags,2025-01-07 08:00:00,2025-01-07 10:00:00,5.099999904632568,7.642717476837738,4.800000190734863,True
120,process_lags,2025-01-08 08:00:00,2025-01-08 10:00:00,3.5999999046325684,7.421107385202848,5.099999904632568,True
120,process_lags,2025-01-09 08:00:00,2025-01-09 10:00:00,3.9000000953674316,7.496746330795629,3.5999999046325684,True
120,process_lags,2025-01-10 08:00:00,2025-01-10 10:00:00,3.5,7.509318971978409,3.9000000953674316,True
120,process_lags,2025-01-11 08:00:00,2025-01-11 10:00:00,3.5999999046325684,7.424724451812303,3.5,True
120,process_lags,2025-01-12 08:00:00,2025-01-12 10:00:00,4.199999809265137,7.302675112981499,3.5999999046325684,True
120,process_lags,2025-01-13 08:00:00,2025-01-13 10:00:00,6.0,7.706238422313433,4.199999809265137,True
120,process_lags,2025-01-14 08:00:00,2025-01-14 10:00:00,1.600000023841858,5.906226318687056,6.0,True
120,process_lags,2025-01-15 08:00:00,2025-01-15 10:00:00,1.899999976158142,7.358019776863131,1.600000023841858,True
120,process_lags,2025-01-16 08:00:00,2025-01-16 10:00:00,7.099999904632568,8.206661029505225,1.899999976158142,True
120,process_lags,2025-01-17 08:00:00,2025-01-17 10:00:00,8.199999809265137,7.9086662487157735,7.099999904632568,True
120,process_lags,2025-01-18 08:00:00,2025-01-18 10:00:00,7.599999904632568,8.099627506877548,8.199999809265137,True
120,process_lags,2025-01-19 08:00:00,2025-01-19 10:00:00,6.900000095367432,7.9963289830076345,7.599999904632568,True
120,process_lags,2025-01-20 08:00:00,2025-01-20 10:00:00,10.600000381469727,8.354614289739303,6.900000095367432,True
120,process_lags,2025-01-21 08:00:00,2025-01-21 10:00:00,8.300000190734863,8.272925198858042,10.600000381469727,True
120,process_lags,2025-01-22 08:00:00,2025-01-22 10:00:00,6.099999904632568,8.030820752943587,8.300000190734863,True
120,process_lags,2025-01-23 08:00:00,2025-01-23 10:00:00,6.099999904632568,8.237309714863736,6.099999904632568,True
120,process_lags,2025-01-23 20:00:00,2025-01-23 22:00:00,5.900000095367432,8.438109073857506,6.099999904632568,True
120,process_lags,2025-01-24 08:00:00,2025-01-24 10:00:00,6.699999809265137,8.688751616999971,5.900000095367432,True
120,process_lags,2025-01-25 08:00:00,2025-01-25 10:00:00,7.5,7.957027176381111,6.699999809265137,True
120,process_lags,2025-01-26 08:00:00,2025-01-26 10:00:00,8.899999618530273,8.346523774706196,7.5,True
120,process_lags,2025-01-27 08:00:00,2025-01-27 10:00:00,6.0,8.088862876919439,8.899999618530273,True
120,process_lags,2025-01-28 08:00:00,2025-01-28 10:00:00,7.900000095367432,8.044216606549304,6.0,True
120,process_lags,2025-01-29 08:00:00,2025-01-29 10:00:00,6.199999809265137,7.980063448950045,7.900000095367432,True
120,process_lags,2025-01-30 08:00:00,2025-01-30 10:00:00,5.900000095367432,8.287667315326281,6.199999809265137,True
120,process_lags,2025-01-31 08:00:00,2025-01-31 10:00:00,7.400000095367432,8.352862934112107,5.900000095367432,True
120,process_lags,2025-02-01 08:00:00,2025-02-01 10:00:00,9.600000381469727,8.05267116485005,7.400000095367432,True
120,process_lags,2025-02-02 08:00:00,2025-02-02 10:00:00,10.5,8.169880789187943,9.600000381469727,True
120,process_lags,2025-02-03 02:48:22,2025-02-03 04:48:22,10.699999809265137,9.633641179111848,10.5,True
120,process_lags,2025-02-03 08:00:00,2025-02-03 10:00:00,8.5,9.643564560691978,10.5,True
120,process_lags,2025-02-04 08:00:00,2025-02-04 10:00:00,7.099999904632568,7.935128670980664,8.5,True
120,process_lags,2025-02-05 08:00:00,2025-02-05 10:00:00,7.400000095367432,8.067625510354066,7.099999904632568,True
120,process_lags,2025-02-07 08:00:00,2025-02-07 10:00:00,8.300000190734863,8.022860446160152,7.400000095367432,True
120,process_lags,2025-02-08 08:00:00,2025-02-08 10:00:00,8.100000381469727,7.90736982764308,8.300000190734863,True
120,process_lags,2025-02-09 08:00:00,2025-02-09 10:00:00,9.899999618530273,8.151191050399332,8.100000381469727,True
120,process_lags,2025-02-10 08:00:00,2025-02-10 10:00:00,9.5,8.322944310769644,9.899999618530273,True
120,process_lags,2025-02-11 08:00:00,2025-02-11 10:00:00,6.800000190734863,8.105543778082465,9.5,True
120,process_lags,2025-02-12 08:00:00,2025-02-12 10:00:00,9.600000381469727,8.13421249379595,6.800000190734863,True
120,process_lags,2025-02-13 08:00:00,2025-02-13 10:00:00,11.600000381469727,8.124172716520459,9.600000381469727,True
120,process_lags,2025-02-13 14:46:39,2025-02-13 16:46:39,8.899999618530273,7.902535740744154,11.600000381469727,True
120,process_lags,2025-02-14 08:00:00,2025-02-14 10:00:00,7.0,7.807363771130346,8.899999618530273,True
120,process_lags,2025-02-14 20:41:16,2025-02-14 22:41:16,11.899999618530273,7.5169634868879225,7.0,True
120,process_lags,2025-02-15 00:39:46,2025-02-15 02:39:46,8.0,7.793562478059474,7.0,True
120,process_lags,2025-02-15 08:00:00,2025-02-15 10:00:00,9.100000381469727,7.66643246931622,8.0,True
120,process_lags,2025-02-16 08:00:00,2025-02-16 10:00:00,7.300000190734863,8.210293472967674,9.100000381469727,True
120,process_lags,2025-02-17 08:00:00,2025-02-17 10:00:00,8.699999809265137,7.720738835725767,7.300000190734863,True
120,process_lags,2025-02-18 08:00:00,2025-02-18 10:00:00,8.5,7.7682839330565425,8.699999809265137,True
120,process_lags,2025-02-19 08:00:00,2025-02-19 10:00:00,10.199999809265137,7.965428583604396,8.5,True
120,process_lags,2025-02-20 08:00:00,2025-02-20 10:00:00,5.699999809265137,8.286279031429208,10.199999809265137,True
120,process_lags,2025-02-21 08:00:00,2025-02-21 10:00:00,9.399999618530273,7.790424511530842,5.699999809265137,True
120,process_lags,2025-02-22 08:00:00,2025-02-22 10:00:00,9.100000381469727,7.949768320975087,9.399999618530273,True
120,process_lags,2025-02-23 08:00:00,2025-02-23 10:00:00,10.300000190734863,7.924935235886574,9.100000381469727,True
120,process_lags,2025-02-24 08:00:00,2025-02-24 10:00:00,9.399999618530273,7.780614406060161,10.300000190734863,True
120,process_lags,2025-02-25 08:00:00,2025-02-25 10:00:00,9.399999618530273,7.933846381921986,9.399999618530273,True
120,process_lags,2025-02-26 08:00:00,2025-02-26 10:00:00,8.800000190734863,8.22359482434866,9.399999618530273,True
120,process_lags,2025-02-27 08:00:00,2025-02-27 10:00:00,10.300000190734863,8.116646590036805,8.800000190734863,True
120,process_lags,2025-02-28 08:00:00,2025-02-28 10:00:00,10.600000381469727,8.063833907557699,10.300000190734863,True
120,process_lags,2025-03-01 08:00:00,2025-03-01 10:00:00,7.800000190734863,7.9606376103764696,10.600000381469727,True
120,process_lags,2025-03-02 08:00:00,2025-03-02 10:00:00,10.0,8.04247798325707,7.800000190734863,True
120,process_lags,2025-03-03 08:00:00,2025-03-03 10:00:00,8.300000190734863,7.9267938641790625,10.0,True
120,process_lags,2025-03-06 08:00:00,2025-03-06 10:00:00,8.5,8.17288583751049,,False
120,process_lags,2025-03-07 08:00:00,2025-03-07 10:00:00,8.399999618530273,7.499246585253813,8.5,True
120,process_lags,2025-03-08 08:00:00,2025-03-08 10:00:00,8.0,7.741023827416491,8.399999618530273,True
120,process_lags,2025-03-09 08:00:00,2025-03-09 10:00:00,9.5,7.854603743206578,8.0,True
120,process_lags,2025-03-10 08:00:00,2025-03-10 10:00:00,10.199999809265137,7.991463331744708,9.5,True
120,process_lags,2025-03-11 08:00:00,2025-03-11 10:00:00,8.100000381469727,8.146193451715853,10.199999809265137,True
120,process_lags,2025-03-12 08:00:00,2025-03-12 10:00:00,8.600000381469727,8.166494193152236,8.100000381469727,True
120,process_lags,2025-03-13 08:00:00,2025-03-13 10:00:00,7.699999809265137,7.788158820893717,8.600000381469727,True
120,process_lags,2025-03-14 08:00:00,2025-03-14 10:00:00,9.899999618530273,7.91990547062851,7.699999809265137,True
120,process_lags,2025-03-15 08:00:00,2025-03-15 10:00:00,10.399999618530273,8.341533691897181,9.899999618530273,True
120,process_lags,2025-03-16 08:00:00,2025-03-16 10:00:00,10.5,8.251640553499088,10.399999618530273,True
120,process_lags,2025-03-17 08:00:00,2025-03-17 10:00:00,12.399999618530273,8.611055892485789,10.5,True
120,process_lags,2025-03-18 08:00:00,2025-03-18 10:00:00,12.300000190734863,8.699129274118347,12.399999618530273,True
120,process_lags,2025-03-19 08:00:00,2025-03-19 10:00:00,10.300000190734863,8.662308439989848,12.300000190734863,True
120,process_lags,2025-03-20 08:00:00,2025-03-20 10:00:00,11.300000190734863,8.264451458533488,10.300000190734863,True
120,process_lags,2025-03-21 08:00:00,2025-03-21 10:00:00,9.600000381469727,8.315547174258965,11.300000190734863,True
120,process_lags,2025-03-22 08:00:00,2025-03-22 10:00:00,8.800000190734863,7.9576469793086275,9.600000381469727,True
120,process_lags,2025-03-23 08:00:00,2025-03-23 10:00:00,6.900000095367432,7.261915676796015,8.800000190734863,True
120,process_lags,2025-03-24 04:00:00,2025-03-24 06:00:00,6.800000190734863,7.937322562965706,6.900000095367432,True
120,process_lags,2025-03-24 08:00:00,2025-03-24 10:00:00,6.5,8.482788444123175,6.900000095367432,True
120,process_lags,2025-03-24 22:01:00,2025-03-25 00:01:00,11.0,7.291728582437564,6.5,True
120,process_lags,2025-03-25 04:00:00,2025-03-25 06:00:00,13.399999618530273,7.398227601611056,6.5,True
120,process_lags,2025-03-25 08:00:00,2025-03-25 10:00:00,8.100000381469727,7.135774329400208,11.0,True
120,process_lags,2025-03-25 18:00:00,2025-03-25 20:00:00,10.5,7.776481649343667,8.100000381469727,True
120,process_lags,2025-03-26 08:00:00,2025-03-26 10:00:00,8.300000190734863,7.644358750460579,10.5,True
120,process_lags,2025-03-26 21:07:57,2025-03-26 23:07:57,10.199999809265137,7.7843202102411,8.300000190734863,True
120,process_lags,2025-03-27 08:00:00,2025-03-27 10:00:00,5.400000095367432,7.651485445528735,10.199999809265137,True
120,process_lags,2025-03-29 08:00:00,2025-03-29 10:00:00,8.399999618530273,8.189304775086333,5.400000095367432,True
120,process_lags,2025-03-30 08:00:00,2025-03-30 10:00:00,10.199999809265137,8.072891644573286,8.399999618530273,True
120,process_lags,2025-03-31 08:00:00,2025-03-31 10:00:00,8.600000381469727,8.047294088242396,10.199999809265137,True
120,process_lags,2025-04-01 08:00:00,2025-04-01 10:00:00,7.0,8.058136418021054,8.600000381469727,True
120,process_lags,2025-04-02 08:00:00,2025-04-02 10:00:00,7.300000190734863,8.737631926586452,7.0,True
120,process_lags,2025-04-03 08:00:00,2025-04-03 10:00:00,9.899999618530273,8.107210512412038,7.300000190734863,True
120,process_lags,2025-04-05 08:00:00,2025-04-05 10:00:00,5.800000190734863,8.120981222467535,9.899999618530273,True
120,process_lags,2025-04-06 08:00:00,2025-04-06 10:00:00,6.800000190734863,8.26533728595897,5.800000190734863,True
120,process_lags,2025-04-07 08:00:00,2025-04-07 10:00:00,7.5,8.061097289435514,6.800000190734863,True
120,process_lags,2025-04-08 08:00:00,2025-04-08 10:00:00,6.800000190734863,8.03936265561289,7.5,True
120,process_lags,2025-04-09 08:00:00,2025-04-09 10:00:00,8.100000381469727,8.034444353907192,6.800000190734863,True
120,process_lags,2025-04-10 08:00:00,2025-04-10 10:00:00,6.099999904632568,7.773522778794188,8.100000381469727,True
120,process_lags,2025-04-11 08:00:00,2025-04-11 10:00:00,7.400000095367432,8.047925397878938,6.099999904632568,True
120,process_lags,2025-04-12 08:00:00,2025-04-12 10:00:00,8.699999809265137,7.958629339741332,7.400000095367432,True
120,process_lags,2025-04-13 08:00:00,2025-04-13 10:00:00,5.300000190734863,7.65795731537359,8.699999809265137,True
120,process_lags,2025-04-14 08:00:00,2025-04-14 10:00:00,7.699999809265137,8.038453942763237,5.300000190734863,True
120,process_lags,2025-04-15 08:00:00,2025-04-15 10:00:00,8.5,7.255242597118906,7.699999809265137,True
120,process_lags,2025-04-16 08:00:00,2025-04-16 10:00:00,7.699999809265137,7.860543657721628,8.5,True
120,process_lags,2025-04-17 08:00:00,2025-04-17 10:00:00,5.199999809265137,7.554720306231845,7.699999809265137,True
120,process_lags,2025-04-18 08:00:00,2025-04-18 10:00:00,8.800000190734863,8.216891771652707,5.199999809265137,True
120,process_lags,2025-04-18 18:00:00,2025-04-18 20:00:00,10.0,7.8458309124339625,8.800000190734863,True
120,process_lags,2025-04-19 08:00:00,2025-04-19 10:00:00,8.800000190734863,8.259030002730253,10.0,True
120,process_lags,2025-04-20 08:00:00,2025-04-20 10:00:00,11.800000190734863,8.398663599878768,8.800000190734863,True
120,process_lags,2025-04-21 08:00:00,2025-04-21 10:00:00,11.399999618530273,7.68753777815413,11.800000190734863,True
120,process_lags,2025-04-22 08:00:00,2025-04-22 10:00:00,10.600000381469727,8.299470036673968,11.399999618530273,True
120,process_lags,2025-04-23 08:00:00,2025-04-23 10:00:00,13.5,8.511318141527687,10.600000381469727,True
120,process_lags,2025-04-24 08:00:00,2025-04-24 10:00:00,12.399999618530273,8.283807018592693,13.5,True
120,process_lags,2025-04-25 08:00:00,2025-04-25 10:00:00,9.399999618530273,7.684599244079331,12.399999618530273,True
120,process_lags,2025-04-26 04:00:00,2025-04-26 06:00:00,9.0,8.280145122789436,9.399999618530273,True
120,process_lags,2025-04-26 08:00:00,2025-04-26 10:00:00,9.5,9.503339280886587,9.399999618530273,True
120,process_lags,2025-04-27 08:00:00,2025-04-27 10:00:00,7.699999809265137,7.849388910097282,9.5,True
120,process_lags,2025-04-28 08:00:00,2025-04-28 10:00:00,10.0,7.903159126612181,7.699999809265137,True
120,process_lags,2025-04-29 08:00:00,2025-04-29 10:00:00,7.5,7.876851698548027,10.0,True
120,process_lags,2025-04-30 08:00:00,2025-04-30 10:00:00,6.5,7.519680729302193,7.5,True
120,process_lags,2025-05-01 08:00:00,2025-05-01 10:00:00,11.300000190734863,8.012164946019963,6.5,True
120,process_lags,2025-05-02 08:00:00,2025-05-02 10:00:00,8.300000190734863,7.911810809329534,11.300000190734863,True
120,process_lags,2025-05-03 08:00:00,2025-05-03 10:00:00,9.899999618530273,8.234549169020697,8.300000190734863,True
120,process_lags,2025-05-04 08:00:00,2025-05-04 10:00:00,8.399999618530273,7.921781713060657,9.899999618530273,True
120,process_lags,2025-05-05 08:00:00,2025-05-05 10:00:00,8.600000381469727,7.825380262491867,8.399999618530273,True
120,process_lags,2025-05-06 08:00:00,2025-05-06 10:00:00,8.5,7.799629435624187,8.600000381469727,True
120,process_lags,2025-05-07 08:00:00,2025-05-07 10:00:00,9.699999809265137,7.9914398768808645,8.5,True
120,process_lags,2025-05-08 08:00:00,2025-05-08 10:00:00,9.399999618530273,8.063743358920052,9.699999809265137,True
120,process_lags,2025-05-09 08:00:00,2025-05-09 10:00:00,9.699999809265137,7.9059583960813775,9.399999618530273,True
120,process_lags,2025-05-10 08:00:00,2025-05-10 10:00:00,9.199999809265137,7.790172615199046,9.699999809265137,True
120,process_lags,2025-05-11 08:00:00,2025-05-11 10:00:00,11.0,9.244526460268943,9.199999809265137,True
120,process_lags,2025-05-11 12:00:00,2025-05-11 14:00:00,8.699999809265137,7.808860826388834,9.199999809265137,True
120,process_lags,2025-05-12 08:00:00,2025-05-12 10:00:00,9.399999618530273,8.042908759687341,8.699999809265137,True
120,process_lags,2025-05-13 08:00:00,2025-05-13 10:00:00,8.699999809265137,7.946265163938344,9.399999618530273,True
120,process_lags,2025-05-14 08:00:00,2025-05-14 10:00:00,9.199999809265137,7.913845879732444,8.699999809265137,True
120,process_lags,2025-05-15 08:00:00,2025-05-15 10:00:00,8.300000190734863,7.742364023443697,9.199999809265137,True
120,process_lags,2025-05-16 08:00:00,2025-05-16 10:00:00,9.0,7.836273424350933,8.300000190734863,True
120,process_lags,2025-05-17 08:00:00,2025-05-17 10:00:00,6.800000190734863,10.48118699911772,9.0,True
120,process_lags,2025-05-18 08:00:00,2025-05-18 10:00:00,7.900000095367432,7.6081892967704565,6.800000190734863,True
120,process_lags,2025-05-19 00:00:00,2025-05-19 02:00:00,6.900000095367432,7.827557157550649,7.900000095367432,True
120,process_lags,2025-05-19 08:00:00,2025-05-19 10:00:00,7.599999904632568,7.516555892949034,6.900000095367432,True
120,process_lags,2025-05-20 08:00:00,2025-05-20 10:00:00,11.300000190734863,7.749609317696022,7.599999904632568,True
120,process_lags,2025-05-21 08:00:00,2025-05-21 10:00:00,10.199999809265137,7.484112795621751,11.300000190734863,True
120,process_lags,2025-05-21 20:02:41,2025-05-21 22:02:41,9.0,7.479407693682248,10.199999809265137,True
120,process_lags,2025-05-22 08:00:00,2025-05-22 10:00:00,8.800000190734863,7.430573895953277,9.0,True
120,process_lags,2025-05-23 08:00:00,2025-05-23 10:00:00,10.0,7.940983453668499,8.800000190734863,True
120,process_lags,2025-05-24 08:00:00,2025-05-24 10:00:00,8.0,7.8660242143259165,10.0,True
120,process_lags,2025-05-25 08:00:00,2025-05-25 10:00:00,8.300000190734863,7.813268636632666,8.0,True
120,process_lags,2025-05-26 08:00:00,2025-05-26 10:00:00,6.699999809265137,7.462414973729562,8.300000190734863,True
120,process_lags,2025-05-27 08:00:00,2025-05-27 10:00:00,9.199999809265137,7.6672455668655655,6.699999809265137,True
120,process_lags,2025-05-28 08:00:00,2025-05-28 10:00:00,7.5,7.674021798576659,9.199999809265137,True
120,process_lags,2025-05-29 08:00:00,2025-05-29 10:00:00,8.699999809265137,7.806223953027001,7.5,True
120,process_lags,2025-05-30 08:00:00,2025-05-30 10:00:00,10.0,7.55241880638871,8.699999809265137,True
120,process_lags,2025-05-31 08:00:00,2025-05-31 10:00:00,6.800000190734863,7.301032407256528,10.0,True
120,process_lags,2025-06-01 08:00:00,2025-06-01 10:00:00,8.699999809265137,7.4759427511819325,6.800000190734863,True
120,process_lags,2025-06-02 08:00:00,2025-06-02 10:00:00,8.399999618530273,7.413139001836285,8.699999809265137,True
120,process_lags,2025-06-03 08:00:00,2025-06-03 10:00:00,23.299999237060547,7.539098435984618,8.399999618530273,True
120,process_lags,2025-06-03 15:30:00,2025-06-03 17:30:00,8.5,7.481844443047368,23.299999237060547,True
120,process_lags,2025-06-04 08:00:00,2025-06-04 10:00:00,6.900000095367432,7.661712192770139,8.5,True
120,process_lags,2025-06-05 08:00:00,2025-06-05 10:00:00,9.199999809265137,7.823492565318322,6.900000095367432,True
120,process_lags,2025-06-06 08:00:00,2025-06-06 10:00:00,8.800000190734863,7.813316396645362,9.199999809265137,True
120,process_lags,2025-06-07 08:00:00,2025-06-07 10:00:00,9.100000381469727,8.028643287802623,8.800000190734863,True
120,process_lags,2025-06-08 08:00:00,2025-06-08 10:00:00,9.100000381469727,7.954087120281828,9.100000381469727,True
120,process_lags,2025-06-09 08:00:00,2025-06-09 10:00:00,9.300000190734863,7.841469150373234,9.100000381469727,True
120,process_lags,2025-06-10 08:00:00,2025-06-10 10:00:00,8.800000190734863,7.868049801413957,9.300000190734863,True
120,process_lags,2025-06-11 08:00:00,2025-06-11 10:00:00,7.800000190734863,8.017769837669125,8.800000190734863,True
120,process_lags,2025-06-12 08:00:00,2025-06-12 10:00:00,9.899999618530273,8.050370138999106,7.800000190734863,True
120,process_lags,2025-06-13 08:00:00,2025-06-13 10:00:00,9.199999809265137,7.861360444900278,9.899999618530273,True
120,process_lags,2025-06-14 08:00:00,2025-06-14 10:00:00,8.300000190734863,8.052503612244415,9.199999809265137,True
120,process_lags,2025-06-15 08:00:00,2025-06-15 10:00:00,8.0,7.700677105375032,8.300000190734863,True
120,process_lags,2025-06-16 08:00:00,2025-06-16 10:00:00,9.600000381469727,7.974155081166925,8.0,True
120,process_lags,2025-06-17 08:00:00,2025-06-17 10:00:00,9.300000190734863,7.426660986276044,9.600000381469727,True
120,process_lags,2025-06-18 08:00:00,2025-06-18 10:00:00,8.5,7.979859260519607,9.300000190734863,True
120,process_lags,2025-06-19 08:00:00,2025-06-19 10:00:00,10.600000381469727,7.999347272227897,8.5,True
120,process_lags,2025-06-20 08:00:00,2025-06-20 10:00:00,8.300000190734863,7.918477126639107,10.600000381469727,True
120,process_lags,2025-06-21 08:00:00,2025-06-21 10:00:00,3.200000047683716,7.82774282771509,8.300000190734863,True
120,process_lags,2025-06-21 13:57:36,2025-06-21 15:57:36,8.399999618530273,7.5538388000033265,8.300000190734863,True
120,process_lags,2025-06-22 08:00:00,2025-06-22 10:00:00,7.699999809265137,7.844430711378994,8.399999618530273,True
120,process_lags,2025-06-23 08:00:00,2025-06-23 10:00:00,7.599999904632568,8.03806486171669,7.699999809265137,True
120,process_lags,2025-06-24 08:00:00,2025-06-24 10:00:00,9.199999809265137,8.274663305355633,7.599999904632568,True
120,process_lags,2025-06-25 08:00:00,2025-06-25 10:00:00,8.5,8.069053196590346,9.199999809265137,True
120,process_lags,2025-06-26 08:00:00,2025-06-26 10:00:00,7.199999809265137,7.42912706449996,8.5,True
120,process_lags,2025-06-27 08:00:00,2025-06-27 10:00:00,8.899999618530273,7.7633331137193995,7.199999809265137,True
120,process_lags,2025-06-28 08:00:00,2025-06-28 10:00:00,9.800000190734863,7.7511116106470865,8.899999618530273,True
120,process_lags,2025-06-29 08:00:00,2025-06-29 10:00:00,8.5,7.745186993910474,9.800000190734863,True
120,process_lags,2025-06-30 08:00:00,2025-06-30 10:00:00,8.0,7.704557776147286,8.5,True
120,process_lags,2025-07-01 08:00:00,2025-07-01 10:00:00,8.199999809265137,7.738235891122741,8.0,True
120,process_lags,2025-07-02 08:00:00,2025-07-02 10:00:00,8.800000190734863,7.877640244704468,8.199999809265137,True
120,process_lags,2025-07-03 08:00:00,2025-07-03 10:00:00,9.300000190734863,7.611744869089538,8.800000190734863,True
120,process_lags,2025-07-04 08:00:00,2025-07-04 10:00:00,9.399999618530273,7.640609363342838,9.300000190734863,True
120,process_lags,2025-07-05 08:00:00,2025-07-05 10:00:00,8.600000381469727,7.990903804939871,9.399999618530273,True
120,process_lags,2025-07-06 08:00:00,2025-07-06 10:00:00,9.300000190734863,7.7941291661344785,8.600000381469727,True
120,process_lags,2025-07-07 08:00:00,2025-07-07 10:00:00,8.5,7.859778546803149,9.300000190734863,True
120,process_lags,2025-07-08 08:00:00,2025-07-08 10:00:00,9.199999809265137,7.7881283212537,8.5,True
120,process_lags,2025-07-09 08:00:00,2025-07-09 10:00:00,8.199999809265137,7.658693382345406,9.199999809265137,True
120,process_lags,2025-07-10 08:00:00,2025-07-10 10:00:00,7.599999904632568,7.6483070319795665,8.199999809265137,True
120,process_lags,2025-07-11 08:00:00,2025-07-11 10:00:00,9.100000381469727,7.906921636974914,7.599999904632568,True
120,process_lags,2025-07-12 08:00:00,2025-07-12 10:00:00,8.800000190734863,7.968316804475096,9.100000381469727,True
120,process_lags,2025-07-13 08:00:00,2025-07-13 10:00:00,8.5,8.010423852074139,8.800000190734863,True
120,process_lags,2025-07-14 08:00:00,2025-07-14 10:00:00,9.800000190734863,8.176151545084462,8.5,True
120,process_lags,2025-07-15 08:00:00,2025-07-15 10:00:00,9.399999618530273,8.334222510255236,9.800000190734863,True
120,process_lags,2025-07-16 08:00:00,2025-07-16 10:00:00,9.100000381469727,7.982074328503929,9.399999618530273,True
120,process_lags,2025-07-17 08:00:00,2025-07-17 10:00:00,8.100000381469727,7.961764343493199,9.100000381469727,True
120,process_lags,2025-07-18 08:00:00,2025-07-18 10:00:00,9.399999618530273,8.00934718778676,8.100000381469727,True
120,process_lags,2025-07-19 08:00:00,2025-07-19 10:00:00,7.900000095367432,7.952246899096071,9.399999618530273,True
120,process_lags,2025-07-20 08:00:00,2025-07-20 10:00:00,9.5,7.957918665759001,7.900000095367432,True
120,process_lags,2025-07-21 08:00:00,2025-07-21 10:00:00,9.300000190734863,7.814543558939233,9.5,True
120,process_lags,2025-07-22 08:00:00,2025-07-22 10:00:00,9.899999618530273,7.827746201948644,9.300000190734863,True
120,process_lags,2025-07-23 08:00:00,2025-07-23 10:00:00,8.5,7.894886143882244,9.899999618530273,True
120,process_lags,2025-07-24 08:00:00,2025-07-24 10:00:00,8.199999809265137,7.882898427947357,8.5,True
120,process_lags,2025-07-24 11:00:00,2025-07-24 13:00:00,120.0,8.746520610567138,8.5,True
120,process_lags,2025-07-24 11:15:00,2025-07-24 13:15:00,45.900001525878906,8.620476475932243,8.5,True
120,process_lags,2025-07-24 13:20:00,2025-07-24 15:20:00,2.0999999046325684,9.377970463764065,8.5,True
120,process_lags,2025-07-25 08:00:00,2025-07-25 10:00:00,9.600000381469727,7.774976766903494,2.0999999046325684,True
120,process_lags,2025-07-26 08:00:00,2025-07-26 10:00:00,7.300000190734863,7.289159144621317,9.600000381469727,True
120,process_lags,2025-07-27 08:00:00,2025-07-27 10:00:00,8.899999618530273,7.739058954069895,7.300000190734863,True
120,process_lags,2025-07-28 08:00:00,2025-07-28 10:00:00,10.199999809265137,7.956591388703446,8.899999618530273,True
120,process_lags,2025-07-28 14:00:00,2025-07-28 16:00:00,35.099998474121094,12.71999750782707,10.199999809265137,True
120,process_lags,2025-07-28 19:26:26,2025-07-28 21:26:26,3.5,7.927571833641348,10.199999809265137,True
120,process_lags,2025-07-29 08:00:00,2025-07-29 10:00:00,8.300000190734863,7.930407054846219,3.5,True
120,process_lags,2025-07-30 08:00:00,2025-07-30 10:00:00,10.0,7.61070758985271,8.300000190734863,True
120,process_lags,2025-07-31 08:00:00,2025-07-31 10:00:00,6.599999904632568,7.814738426361897,10.0,True
120,process_lags,2025-08-01 08:00:00,2025-08-01 10:00:00,5.300000190734863,7.698684816298707,6.599999904632568,True
120,process_lags,2025-08-03 08:00:00,2025-08-03 10:00:00,10.199999809265137,7.663881437616634,5.300000190734863,True
120,process_lags,2025-08-04 08:00:00,2025-08-04 10:00:00,7.5,7.836965872008992,10.199999809265137,True
120,process_lags,2025-08-05 08:00:00,2025-08-05 10:00:00,6.599999904632568,7.902292421049376,7.5,True
120,process_lags,2025-08-05 12:05:08,2025-08-05 14:05:08,3.5999999046325684,7.1286162115692555,7.5,True
120,process_lags,2025-08-06 08:00:00,2025-08-06 10:00:00,7.900000095367432,7.71549905841084,3.5999999046325684,True
120,process_lags,2025-08-07 08:00:00,2025-08-07 10:00:00,6.300000190734863,7.1826163757330335,7.900000095367432,True
120,process_lags,2025-08-08 08:00:00,2025-08-08 10:00:00,7.400000095367432,7.502816526599629,6.300000190734863,True
120,process_lags,2025-08-09 08:00:00,2025-08-09 10:00:00,7.599999904632568,7.977665788579058,7.400000095367432,True
120,process_lags,2025-08-10 08:00:00,2025-08-10 10:00:00,9.300000190734863,7.847716538936412,7.599999904632568,True
120,process_lags,2025-08-12 08:00:00,2025-08-12 10:00:00,8.0,7.8291896686737275,9.300000190734863,True
120,process_lags,2025-08-13 08:00:00,2025-08-13 10:00:00,9.199999809265137,8.146828935996604,8.0,True
120,process_lags,2025-08-14 08:00:00,2025-08-14 10:00:00,10.5,7.935978195702182,9.199999809265137,True
120,process_lags,2025-08-14 12:00:00,2025-08-14 14:00:00,11.800000190734863,6.702273194004652,9.199999809265137,True
120,process_lags,2025-08-14 18:00:00,2025-08-14 20:00:00,4.699999809265137,7.598800446571056,11.800000190734863,True
120,process_lags,2025-08-15 08:00:00,2025-08-15 10:00:00,8.100000381469727,7.916136728862137,4.699999809265137,True
120,process_lags,2025-08-16 08:00:00,2025-08-16 10:00:00,8.300000190734863,7.604837075261862,8.100000381469727,True
120,process_lags,2025-08-16 18:00:00,2025-08-16 20:00:00,5.199999809265137,8.233015978009043,8.300000190734863,True
120,process_lags,2025-08-17 08:00:00,2025-08-17 10:00:00,7.900000095367432,7.90426378727965,5.199999809265137,True
120,process_lags,2025-08-18 08:00:00,2025-08-18 10:00:00,9.199999809265137,8.16954966948532,7.900000095367432,True
120,process_lags,2025-08-19 08:00:00,2025-08-19 10:00:00,6.699999809265137,8.364136323691966,9.199999809265137,True
120,process_lags,2025-08-20 08:00:00,2025-08-20 10:00:00,7.099999904632568,8.237681313627657,6.699999809265137,True
120,process_lags,2025-08-21 08:00:00,2025-08-21 10:00:00,6.599999904632568,8.2530720620311,7.099999904632568,True
120,process_lags,2025-08-22 08:00:00,2025-08-22 10:00:00,8.5,7.611699219268255,6.599999904632568,True
120,process_lags,2025-08-23 08:00:00,2025-08-23 10:00:00,11.399999618530273,7.712047718683337,8.5,True
120,process_lags,2025-08-23 20:00:00,2025-08-23 22:00:00,8.899999618530273,7.675909442414932,11.399999618530273,True
120,process_lags,2025-08-24 08:00:00,2025-08-24 10:00:00,9.399999618530273,7.795267551762551,8.899999618530273,True
120,process_lags,2025-08-25 08:00:00,2025-08-25 10:00:00,10.899999618530273,7.914594954269683,9.399999618530273,True
120,process_lags,2025-08-27 08:00:00,2025-08-27 10:00:00,8.699999809265137,8.329037542495891,10.899999618530273,True
120,process_lags,2025-08-27 20:00:00,2025-08-27 22:00:00,9.300000190734863,7.908768919945462,8.699999809265137,True
120,process_lags,2025-08-28 08:00:00,2025-08-28 10:00:00,7.800000190734863,7.946905150789663,9.300000190734863,True
120,process_lags,2025-08-29 08:00:00,2025-08-29 10:00:00,8.0,8.056086546643272,7.800000190734863,True
120,process_lags,2025-08-30 08:00:00,2025-08-30 10:00:00,11.100000381469727,8.103961556698964,8.0,True
120,process_lags,2025-08-31 08:00:00,2025-08-31 10:00:00,8.600000381469727,8.320352243618604,11.100000381469727,True
120,process_lags,2025-09-01 08:00:00,2025-09-01 10:00:00,7.599999904632568,8.561125277149731,8.600000381469727,True
120,process_lags,2025-09-02 08:00:00,2025-09-02 10:00:00,7.199999809265137,8.212255142423512,7.599999904632568,True
120,process_lags,2025-09-03 08:00:00,2025-09-03 10:00:00,10.699999809265137,7.943623854199844,7.199999809265137,True
120,process_lags,2025-09-04 08:00:00,2025-09-04 10:00:00,7.300000190734863,7.192871804626721,10.699999809265137,True
120,process_lags,2025-09-05 08:00:00,2025-09-05 10:00:00,9.699999809265137,8.28720219904329,7.300000190734863,True
120,process_lags,2025-09-06 08:00:00,2025-09-06 10:00:00,11.699999809265137,7.89916955870201,9.699999809265137,True
120,process_lags,2025-09-07 08:00:00,2025-09-07 10:00:00,10.699999809265137,8.481228986365316,11.699999809265137,True
120,process_lags,2025-09-08 08:00:00,2025-09-08 10:00:00,9.800000190734863,8.126427188631519,10.699999809265137,True
120,process_lags,2025-09-09 08:00:00,2025-09-09 10:00:00,8.399999618530273,7.998700807983013,9.800000190734863,True
120,process_lags,2025-09-10 08:00:00,2025-09-10 10:00:00,10.100000381469727,8.500244212225121,8.399999618530273,True
120,process_lags,2025-09-11 08:00:00,2025-09-11 10:00:00,8.699999809265137,8.040013133865884,10.100000381469727,True
120,process_lags,2025-09-12 08:00:00,2025-09-12 10:00:00,9.899999618530273,8.347367054036251,8.699999809265137,True
120,process_lags,2025-09-13 08:00:00,2025-09-13 10:00:00,9.800000190734863,8.33344631807348,9.899999618530273,True
120,process_lags,2025-09-14 08:00:00,2025-09-14 10:00:00,9.899999618530273,8.340564155018601,9.800000190734863,True
120,process_lags,2025-09-15 08:00:00,2025-09-15 10:00:00,8.300000190734863,8.362797281280846,9.899999618530273,True
120,process_lags,2025-09-16 08:00:00,2025-09-16 10:00:00,9.199999809265137,8.306772293130843,8.300000190734863,True
120,process_lags,2025-09-17 08:00:00,2025-09-17 10:00:00,9.300000190734863,8.347074417243,9.199999809265137,True
120,process_lags,2025-09-18 08:00:00,2025-09-18 10:00:00,9.600000381469727,8.064492574505152,9.300000190734863,True
120,process_lags,2025-09-19 08:00:00,2025-09-19 10:00:00,9.600000381469727,8.221265884174347,9.600000381469727,True
120,process_lags,2025-09-20 08:00:00,2025-09-20 10:00:00,8.5,8.126080306652613,9.600000381469727,True
120,process_lags,2025-09-21 08:00:00,2025-09-21 10:00:00,7.599999904632568,8.32881172798194,8.5,True
120,process_lags,2025-09-22 08:00:00,2025-09-22 10:00:00,8.899999618530273,8.521309769311593,7.599999904632568,True
120,process_lags,2025-09-23 08:00:00,2025-09-23 10:00:00,10.199999809265137,8.367594621785965,8.899999618530273,True
120,process_lags,2025-09-24 08:00:00,2025-09-24 10:00:00,10.5,8.061456134390044,10.199999809265137,True
120,process_lags,2025-09-25 08:00:00,2025-09-25 10:00:00,9.800000190734863,7.845855450429939,10.5,True
120,process_lags,2025-09-26 08:00:00,2025-09-26 10:00:00,7.599999904632568,7.876557595784613,9.800000190734863,True
120,process_lags,2025-09-27 08:00:00,2025-09-27 10:00:00,8.399999618530273,7.846748745565501,7.599999904632568,True
120,process_lags,2025-09-28 08:00:00,2025-09-28 10:00:00,9.399999618530273,7.7960773187038335,8.399999618530273,True
120,process_lags,2025-09-28 15:00:00,2025-09-28 17:00:00,15.300000190734863,8.171698156500948,9.399999618530273,True
120,process_lags,2025-09-28 18:00:00,2025-09-28 20:00:00,8.300000190734863,7.223467003883375,9.399999618530273,True
120,process_lags,2025-09-29 08:00:00,2025-09-29 10:00:00,9.199999809265137,8.11998158928179,8.300000190734863,True
120,process_lags,2025-09-30 08:00:00,2025-09-30 10:00:00,8.300000190734863,7.841214320909788,9.199999809265137,True
120,process_lags,2025-10-01 08:00:00,2025-10-01 10:00:00,9.800000190734863,8.027356148367966,8.300000190734863,True
120,process_lags,2025-10-02 08:00:00,2025-10-02 10:00:00,9.699999809265137,7.884678786686589,9.800000190734863,True
120,process_lags,2025-10-03 08:00:00,2025-10-03 10:00:00,10.399999618530273,7.948566865908896,9.699999809265137,True
120,process_lags,2025-10-05 08:00:00,2025-10-05 10:00:00,9.699999809265137,7.597520727819463,10.399999618530273,True
120,process_lags,2025-10-06 08:00:00,2025-10-06 10:00:00,9.800000190734863,7.72693567431026,9.699999809265137,True
120,process_lags,2025-10-06 12:00:00,2025-10-06 14:00:00,5.199999809265137,7.751451615549501,9.699999809265137,True
120,process_lags,2025-10-07 08:00:00,2025-10-07 10:00:00,9.300000190734863,7.700105728106305,5.199999809265137,True
120,process_lags,2025-10-08 08:00:00,2025-10-08 10:00:00,9.800000190734863,7.912853922804169,9.300000190734863,True
120,process_lags,2025-10-09 08:00:00,2025-10-09 10:00:00,12.699999809265137,7.713458420141878,9.800000190734863,True
120,process_lags,2025-10-09 14:00:00,2025-10-09 16:00:00,8.699999809265137,7.507866895894619,12.699999809265137,True
120,process_lags,2025-10-09 20:00:00,2025-10-09 22:00:00,9.0,7.750699992468208,8.699999809265137,True
120,process_lags,2025-10-10 08:00:00,2025-10-10 10:00:00,10.199999809265137,8.115496277783869,9.0,True
120,process_lags,2025-10-10 18:00:00,2025-10-10 20:00:00,9.600000381469727,7.645058199829615,10.199999809265137,True
120,process_lags,2025-10-11 08:00:00,2025-10-11 10:00:00,9.0,7.990847030358157,9.600000381469727,True
120,process_lags,2025-10-12 08:00:00,2025-10-12 10:00:00,10.5,7.616307601153267,9.0,True
120,process_lags,2025-10-14 08:00:00,2025-10-14 10:00:00,9.199999809265137,6.719953659958238,10.5,True
120,process_lags,2025-10-15 08:00:00,2025-10-15 10:00:00,9.100000381469727,7.4759961957085945,9.199999809265137,True
120,process_lags,2025-10-16 08:00:00,2025-10-16 10:00:00,12.199999809265137,7.737898979005518,9.100000381469727,True
120,process_lags,2025-10-16 13:00:00,2025-10-16 15:00:00,9.699999809265137,7.397296522249832,9.100000381469727,True
120,process_lags,2025-10-17 08:00:00,2025-10-17 10:00:00,10.399999618530273,7.677238399812991,9.699999809265137,True
120,process_lags,2025-10-18 08:00:00,2025-10-18 10:00:00,10.800000190734863,7.635622209564149,10.399999618530273,True
120,process_lags,2025-10-18 14:00:00,2025-10-18 16:00:00,8.0,7.695982950767403,10.800000190734863,True
120,process_lags,2025-10-19 08:00:00,2025-10-19 10:00:00,6.5,7.295147047714314,8.0,True
120,process_lags,2025-10-20 08:00:00,2025-10-20 10:00:00,10.5,7.552650588161718,6.5,True
120,process_lags,2025-10-21 08:00:00,2025-10-21 10:00:00,10.100000381469727,7.718610600784219,10.5,True
120,process_lags,2025-10-21 14:00:00,2025-10-21 16:00:00,11.0,7.6760441545085065,10.100000381469727,True
120,process_lags,2025-10-21 20:00:00,2025-10-21 22:00:00,10.0,7.4119898762045064,11.0,True
120,process_lags,2025-10-22 08:00:00,2025-10-22 10:00:00,9.300000190734863,7.409995595461142,10.0,True
120,process_lags,2025-10-22 18:00:00,2025-10-22 20:00:00,11.0,7.561203139616767,9.300000190734863,True
120,process_lags,2025-10-23 00:00:00,2025-10-23 02:00:00,6.699999809265137,7.336143951673288,11.0,True
120,process_lags,2025-10-23 08:00:00,2025-10-23 10:00:00,9.100000381469727,7.248549764631862,6.699999809265137,True
120,process_lags,2025-10-23 19:00:00,2025-10-23 21:00:00,6.5,7.334326300775798,9.100000381469727,True
120,process_lags,2025-10-24 08:00:00,2025-10-24 10:00:00,7.0,7.481610846828332,6.5,True
120,process_lags,2025-10-25 08:00:00,2025-10-25 10:00:00,7.199999809265137,7.378672221360908,7.0,True
120,process_lags,2025-10-26 08:00:00,2025-10-26 10:00:00,7.199999809265137,7.339784171274516,7.199999809265137,True
120,process_lags,2025-10-27 08:00:00,2025-10-27 10:00:00,10.399999618530273,7.488845154380236,7.199999809265137,True
120,process_lags,2025-10-27 13:15:10,2025-10-27 15:15:10,9.600000381469727,7.661660673448713,7.199999809265137,True
120,process_lags,2025-10-27 16:46:34,2025-10-27 18:46:34,5.599999904632568,6.868892700882088,10.399999618530273,True
120,process_lags,2025-10-27 20:00:00,2025-10-27 22:00:00,7.699999809265137,7.435978481305387,9.600000381469727,True
120,process_lags,2025-10-28 08:00:00,2025-10-28 10:00:00,9.899999618530273,7.82852311704913,7.699999809265137,True
120,process_lags,2025-10-28 12:00:00,2025-10-28 14:00:00,7.800000190734863,7.287370909982291,7.699999809265137,True
120,process_lags,2025-10-29 08:00:00,2025-10-29 10:00:00,9.199999809265137,7.370113228851091,7.800000190734863,True
120,process_lags,2025-10-30 08:00:00,2025-10-30 10:00:00,9.899999618530273,7.566449883648213,9.199999809265137,True
120,process_lags,2025-10-31 08:00:00,2025-10-31 10:00:00,10.199999809265137,7.669829867183603,9.899999618530273,True
120,process_lags,2025-11-01 08:00:00,2025-11-01 10:00:00,7.800000190734863,7.532946967900397,10.199999809265137,True
120,process_lags,2025-11-02 08:00:00,2025-11-02 10:00:00,10.100000381469727,7.593637765446735,7.800000190734863,True
120,process_lags,2025-11-03 03:00:00,2025-11-03 05:00:00,8.5,7.402128295303514,10.100000381469727,True
120,process_lags,2025-11-03 08:00:00,2025-11-03 10:00:00,9.5,7.551105741124676,10.100000381469727,True
120,process_lags,2025-11-04 08:00:00,2025-11-04 10:00:00,9.399999618530273,7.5441947201157795,9.5,True
120,process_lags,2025-11-05 08:00:00,2025-11-05 10:00:00,8.899999618530273,7.450577998983425,9.399999618530273,True
120,process_lags,2025-11-06 08:00:00,2025-11-06 10:00:00,9.600000381469727,7.487214048882812,8.899999618530273,True
120,process_lags,2025-11-07 08:00:00,2025-11-07 10:00:00,9.899999618530273,7.536907648691663,9.600000381469727,True
120,process_lags,2025-11-08 08:00:00,2025-11-08 10:00:00,8.800000190734863,7.500671722408558,9.899999618530273,True
120,process_lags,2025-11-09 08:00:00,2025-11-09 10:00:00,10.5,7.839907936758555,8.800000190734863,True
120,process_lags,2025-11-09 11:00:00,2025-11-09 13:00:00,11.199999809265137,7.452420627445653,8.800000190734863,True
120,process_lags,2025-11-09 15:00:09,2025-11-09 17:00:09,8.100000381469727,7.671861766108162,10.5,True
120,process_lags,2025-11-09 22:00:00,2025-11-10 00:00:00,7.300000190734863,7.128331902986254,8.100000381469727,True
120,process_lags,2025-11-10 08:00:00,2025-11-10 10:00:00,8.100000381469727,7.188532501052137,7.300000190734863,True
120,process_lags,2025-11-11 08:00:00,2025-11-11 10:00:00,9.100000381469727,7.4214174951050165,8.100000381469727,True
120,process_lags,2025-11-12 08:00:00,2025-11-12 10:00:00,11.5,7.78024540271652,9.100000381469727,True
120,process_lags,2025-11-12 15:06:58,2025-11-12 17:06:58,8.100000381469727,7.1915380772156965,11.5,True
120,process_lags,2025-11-13 08:00:00,2025-11-13 10:00:00,7.300000190734863,7.686789884657626,8.100000381469727,True
120,process_lags,2025-11-14 08:00:00,2025-11-14 10:00:00,10.399999618530273,7.528357484335814,7.300000190734863,True
120,process_lags,2025-11-14 20:00:00,2025-11-14 22:00:00,8.300000190734863,7.397818556307389,10.399999618530273,True
120,process_lags,2025-11-15 08:00:00,2025-11-15 10:00:00,9.199999809265137,7.386645789315214,8.300000190734863,True
120,process_lags,2025-11-16 08:00:00,2025-11-16 10:00:00,9.899999618530273,7.654056024625238,9.199999809265137,True
120,process_lags,2025-11-17 08:00:00,2025-11-17 10:00:00,9.199999809265137,7.428517581010025,9.899999618530273,True
120,process_lags,2025-11-18 08:00:00,2025-11-18 10:00:00,9.800000190734863,7.623570013165285,9.199999809265137,True
120,process_lags,2025-11-19 08:00:00,2025-11-19 10:00:00,9.699999809265137,7.357779170633425,9.800000190734863,True
120,process_lags,2025-11-20 08:00:00,2025-11-20 10:00:00,6.099999904632568,7.290660374157923,9.699999809265137,True
120,process_lags,2025-11-21 08:00:00,2025-11-21 10:00:00,10.399999618530273,7.32457088874982,6.099999904632568,True
120,process_lags,2025-11-22 08:00:00,2025-11-22 10:00:00,9.300000190734863,7.526566610328709,10.399999618530273,True
120,process_lags,2025-11-23 08:00:00,2025-11-23 10:00:00,9.899999618530273,7.449390772656525,9.300000190734863,True
120,process_lags,2025-11-23 20:51:00,2025-11-23 22:51:00,9.899999618530273,7.3883836714116455,9.899999618530273,True
120,process_lags,2025-11-24 00:38:00,2025-11-24 02:38:00,10.699999809265137,7.321942704297115,9.899999618530273,True
120,process_lags,2025-11-24 08:00:00,2025-11-24 10:00:00,9.0,7.23976636149478,10.699999809265137,True
120,process_lags,2025-11-24 18:00:00,2025-11-24 20:00:00,8.399999618530273,7.4009497706752185,9.0,True
120,process_lags,2025-11-25 08:00:00,2025-11-25 10:00:00,9.899999618530273,7.4750897465619435,8.399999618530273,True
120,process_lags,2025-11-26 08:00:00,2025-11-26 10:00:00,9.699999809265137,7.505997659987905,9.899999618530273,True
120,process_lags,2025-11-27 08:00:00,2025-11-27 10:00:00,13.100000381469727,7.726144390391671,9.699999809265137,True
120,process_lags,2025-11-27 10:45:00,2025-11-27 12:45:00,10.5,7.8158547906714055,9.699999809265137,True
120,process_lags,2025-11-27 20:00:00,2025-11-27 22:00:00,8.600000381469727,8.023638648846108,10.5,True
120,process_lags,2025-11-28 08:00:00,2025-11-28 10:00:00,9.0,7.537535591042003,8.600000381469727,True
120,process_lags,2025-11-29 08:00:00,2025-11-29 10:00:00,7.300000190734863,7.521363018355206,9.0,True
120,process_lags,2025-11-30 08:00:00,2025-11-30 10:00:00,8.699999809265137,7.653247382882977,7.300000190734863,True
120,process_lags,2025-12-01 08:00:00,2025-12-01 10:00:00,7.800000190734863,7.317575953662768,8.699999809265137,True
120,process_lags,2025-12-02 08:00:00,2025-12-02 10:00:00,8.399999618530273,7.377625998598152,7.800000190734863,True
120,process_lags,2025-12-03 08:00:00,2025-12-03 10:00:00,6.800000190734863,7.617406491261521,8.399999618530273,True
120,process_lags,2025-12-04 08:00:00,2025-12-04 10:00:00,7.800000190734863,7.98968901855344,6.800000190734863,True
120,process_lags,2025-12-05 08:00:00,2025-12-05 10:00:00,9.0,7.699374401336069,7.800000190734863,True
120,process_lags,2025-12-06 08:00:00,2025-12-06 10:00:00,8.300000190734863,7.399656723624341,9.0,True
120,process_lags,2025-12-07 08:00:00,2025-12-07 10:00:00,10.199999809265137,7.231706994781447,8.300000190734863,True
120,process_lags,2025-12-08 08:00:00,2025-12-08 10:00:00,8.199999809265137,7.121253057180681,10.199999809265137,True
120,process_lags,2025-12-09 08:00:00,2025-12-09 10:00:00,9.100000381469727,7.34238883931406,8.199999809265137,True
120,process_lags,2025-12-10 04:00:00,2025-12-10 06:00:00,9.800000190734863,7.8003792762827455,9.100000381469727,True
120,process_lags,2025-12-10 07:35:00,2025-12-10 09:35:00,8.0,8.17386154780612,9.100000381469727,True
120,process_lags,2025-12-10 18:00:00,2025-12-10 20:00:00,7.800000190734863,7.627331810344129,8.0,True
120,process_lags,2025-12-11 08:00:00,2025-12-11 10:00:00,7.300000190734863,7.353497493943571,7.800000190734863,True
120,process_lags,2025-12-11 15:00:00,2025-12-11 17:00:00,10.5,7.258127524002774,7.300000190734863,True
120,process_lags,2025-12-12 08:00:00,2025-12-12 10:00:00,7.599999904632568,7.918370172220605,10.5,True
120,process_lags,2025-12-13 08:00:00,2025-12-13 10:00:00,6.699999809265137,7.612897144821423,7.599999904632568,True
120,process_lags,2025-12-14 08:00:00,2025-12-14 10:00:00,6.400000095367432,8.016088744255873,6.699999809265137,True
120,process_lags,2025-12-14 12:22:00,2025-12-14 14:22:00,11.0,7.687610674745082,6.699999809265137,True
120,process_lags,2025-12-15 08:00:00,2025-12-15 10:00:00,8.800000190734863,7.536260929963181,11.0,True
120,process_lags,2025-12-16 08:00:00,2025-12-16 10:00:00,7.400000095367432,7.617745143224109,8.800000190734863,True
120,process_lags,2025-12-17 08:00:00,2025-12-17 10:00:00,8.399999618530273,7.74497819378392,7.400000095367432,True
120,process_lags,2025-12-18 08:00:00,2025-12-18 10:00:00,9.300000190734863,7.967676446893272,8.399999618530273,True
120,process_lags,2025-12-19 08:00:00,2025-12-19 10:00:00,9.399999618530273,7.912069339201233,9.300000190734863,True
120,process_lags,2025-12-20 08:00:00,2025-12-20 10:00:00,9.100000381469727,7.54055922391235,9.399999618530273,True
120,process_lags,2025-12-21 08:00:00,2025-12-21 10:00:00,8.800000190734863,7.586891488218079,9.100000381469727,True
120,process_lags,2025-12-22 08:00:00,2025-12-22 10:00:00,9.0,7.54737475504349,8.800000190734863,True
120,process_lags,2025-12-23 08:00:00,2025-12-23 10:00:00,8.300000190734863,7.502118977186827,9.0,True
120,process_lags,2025-12-24 08:00:00,2025-12-24 10:00:00,5.099999904632568,7.168222220653986,8.300000190734863,True
120,process_lags,2025-12-25 08:00:00,2025-12-25 10:00:00,9.0,8.420350869034005,5.099999904632568,True
120,process_lags,2025-12-26 08:00:00,2025-12-26 10:00:00,6.199999809265137,7.604166946224661,9.0,True
120,process_lags,2025-12-27 08:00:00,2025-12-27 10:00:00,8.899999618530273,7.722565866978686,6.199999809265137,True
120,process_lags,2025-12-28 08:00:00,2025-12-28 10:00:00,10.899999618530273,7.806275019158784,8.899999618530273,True
120,process_lags,2025-12-28 22:00:00,2025-12-29 00:00:00,10.5,7.7117451365655985,10.899999618530273,True
120,process_lags,2025-12-29 00:30:00,2025-12-29 02:30:00,7.900000095367432,7.618854365315075,10.899999618530273,True
120,process_lags,2025-12-29 08:00:00,2025-12-29 10:00:00,4.699999809265137,6.775860652888184,7.900000095367432,True
120,process_lags,2025-12-30 08:00:00,2025-12-30 10:00:00,9.699999809265137,7.474265058927861,4.699999809265137,True
120,process_lags,2025-12-31 08:00:00,2025-12-31 10:00:00,9.0,7.450940986982252,9.699999809265137,True
120,feed_lims_and_shape,2025-01-01 08:00:00,2025-01-01 10:00:00,3.5,7.38646890526346,2.700000047683716,True
120,feed_lims_and_shape,2025-01-02 08:00:00,2025-01-02 10:00:00,7.099999904632568,8.183785805212208,3.5,True
120,feed_lims_and_shape,2025-01-03 08:00:00,2025-01-03 10:00:00,7.699999809265137,8.219988814575775,7.099999904632568,True
120,feed_lims_and_shape,2025-01-04 08:00:00,2025-01-04 10:00:00,5.400000095367432,8.246234306097717,7.699999809265137,True
120,feed_lims_and_shape,2025-01-05 08:00:00,2025-01-05 10:00:00,5.300000190734863,7.679906379217774,5.400000095367432,True
120,feed_lims_and_shape,2025-01-06 08:00:00,2025-01-06 10:00:00,4.800000190734863,7.776433648271787,5.300000190734863,True
120,feed_lims_and_shape,2025-01-07 08:00:00,2025-01-07 10:00:00,5.099999904632568,7.662469411402503,4.800000190734863,True
120,feed_lims_and_shape,2025-01-08 08:00:00,2025-01-08 10:00:00,3.5999999046325684,7.441958338229888,5.099999904632568,True
120,feed_lims_and_shape,2025-01-09 08:00:00,2025-01-09 10:00:00,3.9000000953674316,7.5252675966080655,3.5999999046325684,True
120,feed_lims_and_shape,2025-01-10 08:00:00,2025-01-10 10:00:00,3.5,7.529703034519647,3.9000000953674316,True
120,feed_lims_and_shape,2025-01-11 08:00:00,2025-01-11 10:00:00,3.5999999046325684,7.422175945865735,3.5,True
120,feed_lims_and_shape,2025-01-12 08:00:00,2025-01-12 10:00:00,4.199999809265137,7.330364908627125,3.5999999046325684,True
120,feed_lims_and_shape,2025-01-13 08:00:00,2025-01-13 10:00:00,6.0,7.737540163295934,4.199999809265137,True
120,feed_lims_and_shape,2025-01-14 08:00:00,2025-01-14 10:00:00,1.600000023841858,5.906372023842536,6.0,True
120,feed_lims_and_shape,2025-01-15 08:00:00,2025-01-15 10:00:00,1.899999976158142,7.357268054462091,1.600000023841858,True
120,feed_lims_and_shape,2025-01-16 08:00:00,2025-01-16 10:00:00,7.099999904632568,8.232936067635682,1.899999976158142,True
120,feed_lims_and_shape,2025-01-17 08:00:00,2025-01-17 10:00:00,8.199999809265137,7.957746965356369,7.099999904632568,True
120,feed_lims_and_shape,2025-01-18 08:00:00,2025-01-18 10:00:00,7.599999904632568,8.11728266276664,8.199999809265137,True
120,feed_lims_and_shape,2025-01-19 08:00:00,2025-01-19 10:00:00,6.900000095367432,8.016349545799205,7.599999904632568,True
120,feed_lims_and_shape,2025-01-20 08:00:00,2025-01-20 10:00:00,10.600000381469727,8.382867697749946,6.900000095367432,True
120,feed_lims_and_shape,2025-01-21 08:00:00,2025-01-21 10:00:00,8.300000190734863,8.290025103346197,10.600000381469727,True
120,feed_lims_and_shape,2025-01-22 08:00:00,2025-01-22 10:00:00,6.099999904632568,8.01373160118061,8.300000190734863,True
120,feed_lims_and_shape,2025-01-23 08:00:00,2025-01-23 10:00:00,6.099999904632568,8.27479626411641,6.099999904632568,True
120,feed_lims_and_shape,2025-01-23 20:00:00,2025-01-23 22:00:00,5.900000095367432,8.467349795222685,6.099999904632568,True
120,feed_lims_and_shape,2025-01-24 08:00:00,2025-01-24 10:00:00,6.699999809265137,8.645816245017796,5.900000095367432,True
120,feed_lims_and_shape,2025-01-25 08:00:00,2025-01-25 10:00:00,7.5,7.997413823768886,6.699999809265137,True
120,feed_lims_and_shape,2025-01-26 08:00:00,2025-01-26 10:00:00,8.899999618530273,8.35172206220928,7.5,True
120,feed_lims_and_shape,2025-01-27 08:00:00,2025-01-27 10:00:00,6.0,8.099461391277028,8.899999618530273,True
120,feed_lims_and_shape,2025-01-28 08:00:00,2025-01-28 10:00:00,7.900000095367432,8.036393740858427,6.0,True
120,feed_lims_and_shape,2025-01-29 08:00:00,2025-01-29 10:00:00,6.199999809265137,7.960564308092961,7.900000095367432,True
120,feed_lims_and_shape,2025-01-30 08:00:00,2025-01-30 10:00:00,5.900000095367432,8.25742203101738,6.199999809265137,True
120,feed_lims_and_shape,2025-01-31 08:00:00,2025-01-31 10:00:00,7.400000095367432,8.310653671767492,5.900000095367432,True
120,feed_lims_and_shape,2025-02-01 08:00:00,2025-02-01 10:00:00,9.600000381469727,8.056913236832033,7.400000095367432,True
120,feed_lims_and_shape,2025-02-02 08:00:00,2025-02-02 10:00:00,10.5,8.155047405220142,9.600000381469727,True
120,feed_lims_and_shape,2025-02-03 02:48:22,2025-02-03 04:48:22,10.699999809265137,9.638739795025336,10.5,True
120,feed_lims_and_shape,2025-02-03 08:00:00,2025-02-03 10:00:00,8.5,9.638883834365483,10.5,True
120,feed_lims_and_shape,2025-02-04 08:00:00,2025-02-04 10:00:00,7.099999904632568,7.900268042166928,8.5,True
120,feed_lims_and_shape,2025-02-05 08:00:00,2025-02-05 10:00:00,7.400000095367432,8.03872025466812,7.099999904632568,True
120,feed_lims_and_shape,2025-02-07 08:00:00,2025-02-07 10:00:00,8.300000190734863,8.027415596992382,7.400000095367432,True
120,feed_lims_and_shape,2025-02-08 08:00:00,2025-02-08 10:00:00,8.100000381469727,7.906096482618766,8.300000190734863,True
120,feed_lims_and_shape,2025-02-09 08:00:00,2025-02-09 10:00:00,9.899999618530273,8.175573716603344,8.100000381469727,True
120,feed_lims_and_shape,2025-02-10 08:00:00,2025-02-10 10:00:00,9.5,8.340378427645721,9.899999618530273,True
120,feed_lims_and_shape,2025-02-11 08:00:00,2025-02-11 10:00:00,6.800000190734863,8.106358992279423,9.5,True
120,feed_lims_and_shape,2025-02-12 08:00:00,2025-02-12 10:00:00,9.600000381469727,8.140524926065245,6.800000190734863,True
120,feed_lims_and_shape,2025-02-13 08:00:00,2025-02-13 10:00:00,11.600000381469727,8.134544886447973,9.600000381469727,True
120,feed_lims_and_shape,2025-02-13 14:46:39,2025-02-13 16:46:39,8.899999618530273,7.903421432736124,11.600000381469727,True
120,feed_lims_and_shape,2025-02-14 08:00:00,2025-02-14 10:00:00,7.0,7.788710949213689,8.899999618530273,True
120,feed_lims_and_shape,2025-02-14 20:41:16,2025-02-14 22:41:16,11.899999618530273,7.511517250007115,7.0,True
120,feed_lims_and_shape,2025-02-15 00:39:46,2025-02-15 02:39:46,8.0,7.772298495065314,7.0,True
120,feed_lims_and_shape,2025-02-15 08:00:00,2025-02-15 10:00:00,9.100000381469727,7.656713576022007,8.0,True
120,feed_lims_and_shape,2025-02-16 08:00:00,2025-02-16 10:00:00,7.300000190734863,8.20891801122119,9.100000381469727,True
120,feed_lims_and_shape,2025-02-17 08:00:00,2025-02-17 10:00:00,8.699999809265137,7.761325559868114,7.300000190734863,True
120,feed_lims_and_shape,2025-02-18 08:00:00,2025-02-18 10:00:00,8.5,7.762721343096825,8.699999809265137,True
120,feed_lims_and_shape,2025-02-19 08:00:00,2025-02-19 10:00:00,10.199999809265137,7.955523599833207,8.5,True
120,feed_lims_and_shape,2025-02-20 08:00:00,2025-02-20 10:00:00,5.699999809265137,8.287274351309357,10.199999809265137,True
120,feed_lims_and_shape,2025-02-21 08:00:00,2025-02-21 10:00:00,9.399999618530273,7.7867872066897785,5.699999809265137,True
120,feed_lims_and_shape,2025-02-22 08:00:00,2025-02-22 10:00:00,9.100000381469727,7.922722154202448,9.399999618530273,True
120,feed_lims_and_shape,2025-02-23 08:00:00,2025-02-23 10:00:00,10.300000190734863,7.910417558249451,9.100000381469727,True
120,feed_lims_and_shape,2025-02-24 08:00:00,2025-02-24 10:00:00,9.399999618530273,7.76057743676251,10.300000190734863,True
120,feed_lims_and_shape,2025-02-25 08:00:00,2025-02-25 10:00:00,9.399999618530273,7.916380527635583,9.399999618530273,True
120,feed_lims_and_shape,2025-02-26 08:00:00,2025-02-26 10:00:00,8.800000190734863,8.201769052243161,9.399999618530273,True
120,feed_lims_and_shape,2025-02-27 08:00:00,2025-02-27 10:00:00,10.300000190734863,8.101677756735931,8.800000190734863,True
120,feed_lims_and_shape,2025-02-28 08:00:00,2025-02-28 10:00:00,10.600000381469727,8.05515449630381,10.300000190734863,True
120,feed_lims_and_shape,2025-03-01 08:00:00,2025-03-01 10:00:00,7.800000190734863,7.959305338693213,10.600000381469727,True
120,feed_lims_and_shape,2025-03-02 08:00:00,2025-03-02 10:00:00,10.0,8.028284933674865,7.800000190734863,True
120,feed_lims_and_shape,2025-03-03 08:00:00,2025-03-03 10:00:00,8.300000190734863,7.897855743159949,10.0,True
120,feed_lims_and_shape,2025-03-06 08:00:00,2025-03-06 10:00:00,8.5,8.15739757222524,,False
120,feed_lims_and_shape,2025-03-07 08:00:00,2025-03-07 10:00:00,8.399999618530273,7.480295140976667,8.5,True
120,feed_lims_and_shape,2025-03-08 08:00:00,2025-03-08 10:00:00,8.0,7.7304389233078705,8.399999618530273,True
120,feed_lims_and_shape,2025-03-09 08:00:00,2025-03-09 10:00:00,9.5,7.8456595728850065,8.0,True
120,feed_lims_and_shape,2025-03-10 08:00:00,2025-03-10 10:00:00,10.199999809265137,7.9765264063520736,9.5,True
120,feed_lims_and_shape,2025-03-11 08:00:00,2025-03-11 10:00:00,8.100000381469727,8.131318094518582,10.199999809265137,True
120,feed_lims_and_shape,2025-03-12 08:00:00,2025-03-12 10:00:00,8.600000381469727,8.171667826981349,8.100000381469727,True
120,feed_lims_and_shape,2025-03-13 08:00:00,2025-03-13 10:00:00,7.699999809265137,7.746503838414711,8.600000381469727,True
120,feed_lims_and_shape,2025-03-14 08:00:00,2025-03-14 10:00:00,9.899999618530273,7.900971390717487,7.699999809265137,True
120,feed_lims_and_shape,2025-03-15 08:00:00,2025-03-15 10:00:00,10.399999618530273,8.341219095800179,9.899999618530273,True
120,feed_lims_and_shape,2025-03-16 08:00:00,2025-03-16 10:00:00,10.5,8.23711771130698,10.399999618530273,True
120,feed_lims_and_shape,2025-03-17 08:00:00,2025-03-17 10:00:00,12.399999618530273,8.671229521485134,10.5,True
120,feed_lims_and_shape,2025-03-18 08:00:00,2025-03-18 10:00:00,12.300000190734863,8.695719300529893,12.399999618530273,True
120,feed_lims_and_shape,2025-03-19 08:00:00,2025-03-19 10:00:00,10.300000190734863,8.679096678592833,12.300000190734863,True
120,feed_lims_and_shape,2025-03-20 08:00:00,2025-03-20 10:00:00,11.300000190734863,8.289636699429652,10.300000190734863,True
120,feed_lims_and_shape,2025-03-21 08:00:00,2025-03-21 10:00:00,9.600000381469727,8.33538363027772,11.300000190734863,True
120,feed_lims_and_shape,2025-03-22 08:00:00,2025-03-22 10:00:00,8.800000190734863,7.9185643998810935,9.600000381469727,True
120,feed_lims_and_shape,2025-03-23 08:00:00,2025-03-23 10:00:00,6.900000095367432,7.218552410241317,8.800000190734863,True
120,feed_lims_and_shape,2025-03-24 04:00:00,2025-03-24 06:00:00,6.800000190734863,7.915643456353724,6.900000095367432,True
120,feed_lims_and_shape,2025-03-24 08:00:00,2025-03-24 10:00:00,6.5,8.443684738689466,6.900000095367432,True
120,feed_lims_and_shape,2025-03-24 22:01:00,2025-03-25 00:01:00,11.0,7.279967794629959,6.5,True
120,feed_lims_and_shape,2025-03-25 04:00:00,2025-03-25 06:00:00,13.399999618530273,7.4005761025611,6.5,True
120,feed_lims_and_shape,2025-03-25 08:00:00,2025-03-25 10:00:00,8.100000381469727,7.124642800008141,11.0,True
120,feed_lims_and_shape,2025-03-25 18:00:00,2025-03-25 20:00:00,10.5,7.7759558967498315,8.100000381469727,True
120,feed_lims_and_shape,2025-03-26 08:00:00,2025-03-26 10:00:00,8.300000190734863,7.6304261356279,10.5,True
120,feed_lims_and_shape,2025-03-26 21:07:57,2025-03-26 23:07:57,10.199999809265137,7.805823622847704,8.300000190734863,True
120,feed_lims_and_shape,2025-03-27 08:00:00,2025-03-27 10:00:00,5.400000095367432,7.644039223397668,10.199999809265137,True
120,feed_lims_and_shape,2025-03-29 08:00:00,2025-03-29 10:00:00,8.399999618530273,8.197624052918366,5.400000095367432,True
120,feed_lims_and_shape,2025-03-30 08:00:00,2025-03-30 10:00:00,10.199999809265137,8.086329818996568,8.399999618530273,True
120,feed_lims_and_shape,2025-03-31 08:00:00,2025-03-31 10:00:00,8.600000381469727,8.050535559673037,10.199999809265137,True
120,feed_lims_and_shape,2025-04-01 08:00:00,2025-04-01 10:00:00,7.0,8.071227909319886,8.600000381469727,True
120,feed_lims_and_shape,2025-04-02 08:00:00,2025-04-02 10:00:00,7.300000190734863,8.767089078625839,7.0,True
120,feed_lims_and_shape,2025-04-03 08:00:00,2025-04-03 10:00:00,9.899999618530273,8.10170817255772,7.300000190734863,True
120,feed_lims_and_shape,2025-04-05 08:00:00,2025-04-05 10:00:00,5.800000190734863,8.144367975031782,9.899999618530273,True
120,feed_lims_and_shape,2025-04-06 08:00:00,2025-04-06 10:00:00,6.800000190734863,8.296952052545905,5.800000190734863,True
120,feed_lims_and_shape,2025-04-07 08:00:00,2025-04-07 10:00:00,7.5,8.092172426405815,6.800000190734863,True
120,feed_lims_and_shape,2025-04-08 08:00:00,2025-04-08 10:00:00,6.800000190734863,8.054976885515755,7.5,True
120,feed_lims_and_shape,2025-04-09 08:00:00,2025-04-09 10:00:00,8.100000381469727,8.036974416246515,6.800000190734863,True
120,feed_lims_and_shape,2025-04-10 08:00:00,2025-04-10 10:00:00,6.099999904632568,7.77151525085775,8.100000381469727,True
120,feed_lims_and_shape,2025-04-11 08:00:00,2025-04-11 10:00:00,7.400000095367432,8.05717950946289,6.099999904632568,True
120,feed_lims_and_shape,2025-04-12 08:00:00,2025-04-12 10:00:00,8.699999809265137,7.97144013442221,7.400000095367432,True
120,feed_lims_and_shape,2025-04-13 08:00:00,2025-04-13 10:00:00,5.300000190734863,7.685507092789731,8.699999809265137,True
120,feed_lims_and_shape,2025-04-14 08:00:00,2025-04-14 10:00:00,7.699999809265137,8.0580442051888,5.300000190734863,True
120,feed_lims_and_shape,2025-04-15 08:00:00,2025-04-15 10:00:00,8.5,7.256004095545615,7.699999809265137,True
120,feed_lims_and_shape,2025-04-16 08:00:00,2025-04-16 10:00:00,7.699999809265137,7.871805316192642,8.5,True
120,feed_lims_and_shape,2025-04-17 08:00:00,2025-04-17 10:00:00,5.199999809265137,7.617325302287126,7.699999809265137,True
120,feed_lims_and_shape,2025-04-18 08:00:00,2025-04-18 10:00:00,8.800000190734863,8.243596671553973,5.199999809265137,True
120,feed_lims_and_shape,2025-04-18 18:00:00,2025-04-18 20:00:00,10.0,7.8831017785356305,8.800000190734863,True
120,feed_lims_and_shape,2025-04-19 08:00:00,2025-04-19 10:00:00,8.800000190734863,8.275613530990825,10.0,True
120,feed_lims_and_shape,2025-04-20 08:00:00,2025-04-20 10:00:00,11.800000190734863,8.420371591439231,8.800000190734863,True
120,feed_lims_and_shape,2025-04-21 08:00:00,2025-04-21 10:00:00,11.399999618530273,7.704119399290864,11.800000190734863,True
120,feed_lims_and_shape,2025-04-22 08:00:00,2025-04-22 10:00:00,10.600000381469727,8.320261318783732,11.399999618530273,True
120,feed_lims_and_shape,2025-04-23 08:00:00,2025-04-23 10:00:00,13.5,8.525351138220762,10.600000381469727,True
120,feed_lims_and_shape,2025-04-24 08:00:00,2025-04-24 10:00:00,12.399999618530273,8.307801906623459,13.5,True
120,feed_lims_and_shape,2025-04-25 08:00:00,2025-04-25 10:00:00,9.399999618530273,7.708543184055586,12.399999618530273,True
120,feed_lims_and_shape,2025-04-26 04:00:00,2025-04-26 06:00:00,9.0,8.29413905314319,9.399999618530273,True
120,feed_lims_and_shape,2025-04-26 08:00:00,2025-04-26 10:00:00,9.5,9.511946273133876,9.399999618530273,True
120,feed_lims_and_shape,2025-04-27 08:00:00,2025-04-27 10:00:00,7.699999809265137,7.845949458237172,9.5,True
120,feed_lims_and_shape,2025-04-28 08:00:00,2025-04-28 10:00:00,10.0,7.916909372656949,7.699999809265137,True
120,feed_lims_and_shape,2025-04-29 08:00:00,2025-04-29 10:00:00,7.5,7.873858599622608,10.0,True
120,feed_lims_and_shape,2025-04-30 08:00:00,2025-04-30 10:00:00,6.5,7.5099271142289155,7.5,True
120,feed_lims_and_shape,2025-05-01 08:00:00,2025-05-01 10:00:00,11.300000190734863,7.999573513350567,6.5,True
120,feed_lims_and_shape,2025-05-02 08:00:00,2025-05-02 10:00:00,8.300000190734863,7.89399549230397,11.300000190734863,True
120,feed_lims_and_shape,2025-05-03 08:00:00,2025-05-03 10:00:00,9.899999618530273,8.23076734705367,8.300000190734863,True
120,feed_lims_and_shape,2025-05-04 08:00:00,2025-05-04 10:00:00,8.399999618530273,7.907856186544473,9.899999618530273,True
120,feed_lims_and_shape,2025-05-05 08:00:00,2025-05-05 10:00:00,8.600000381469727,7.816366081588509,8.399999618530273,True
120,feed_lims_and_shape,2025-05-06 08:00:00,2025-05-06 10:00:00,8.5,7.791012285275814,8.600000381469727,True
120,feed_lims_and_shape,2025-05-07 08:00:00,2025-05-07 10:00:00,9.699999809265137,7.984038745744682,8.5,True
120,feed_lims_and_shape,2025-05-08 08:00:00,2025-05-08 10:00:00,9.399999618530273,8.056984870851744,9.699999809265137,True
120,feed_lims_and_shape,2025-05-09 08:00:00,2025-05-09 10:00:00,9.699999809265137,7.89016014429135,9.399999618530273,True
120,feed_lims_and_shape,2025-05-10 08:00:00,2025-05-10 10:00:00,9.199999809265137,7.776126364017152,9.699999809265137,True
120,feed_lims_and_shape,2025-05-11 08:00:00,2025-05-11 10:00:00,11.0,9.227503412899345,9.199999809265137,True
120,feed_lims_and_shape,2025-05-11 12:00:00,2025-05-11 14:00:00,8.699999809265137,7.794490141959784,9.199999809265137,True
120,feed_lims_and_shape,2025-05-12 08:00:00,2025-05-12 10:00:00,9.399999618530273,8.040537120459842,8.699999809265137,True
120,feed_lims_and_shape,2025-05-13 08:00:00,2025-05-13 10:00:00,8.699999809265137,7.89549030939758,9.399999618530273,True
120,feed_lims_and_shape,2025-05-14 08:00:00,2025-05-14 10:00:00,9.199999809265137,7.902127624445242,8.699999809265137,True
120,feed_lims_and_shape,2025-05-15 08:00:00,2025-05-15 10:00:00,8.300000190734863,7.698302241475895,9.199999809265137,True
120,feed_lims_and_shape,2025-05-16 08:00:00,2025-05-16 10:00:00,9.0,7.832460835904419,8.300000190734863,True
120,feed_lims_and_shape,2025-05-17 08:00:00,2025-05-17 10:00:00,6.800000190734863,10.386765304015912,9.0,True
120,feed_lims_and_shape,2025-05-18 08:00:00,2025-05-18 10:00:00,7.900000095367432,7.540877840374112,6.800000190734863,True
120,feed_lims_and_shape,2025-05-19 00:00:00,2025-05-19 02:00:00,6.900000095367432,7.776318639815534,7.900000095367432,True
120,feed_lims_and_shape,2025-05-19 08:00:00,2025-05-19 10:00:00,7.599999904632568,7.49210178098917,6.900000095367432,True
120,feed_lims_and_shape,2025-05-20 08:00:00,2025-05-20 10:00:00,11.300000190734863,7.700893603572965,7.599999904632568,True
120,feed_lims_and_shape,2025-05-21 08:00:00,2025-05-21 10:00:00,10.199999809265137,7.446945349864087,11.300000190734863,True
120,feed_lims_and_shape,2025-05-21 20:02:41,2025-05-21 22:02:41,9.0,7.390908523415636,10.199999809265137,True
120,feed_lims_and_shape,2025-05-22 08:00:00,2025-05-22 10:00:00,8.800000190734863,7.3698262146549816,9.0,True
120,feed_lims_and_shape,2025-05-23 08:00:00,2025-05-23 10:00:00,10.0,7.86647690968428,8.800000190734863,True
120,feed_lims_and_shape,2025-05-24 08:00:00,2025-05-24 10:00:00,8.0,7.860637784439257,10.0,True
120,feed_lims_and_shape,2025-05-25 08:00:00,2025-05-25 10:00:00,8.300000190734863,7.7729595980838955,8.0,True
120,feed_lims_and_shape,2025-05-26 08:00:00,2025-05-26 10:00:00,6.699999809265137,7.407272786452085,8.300000190734863,True
120,feed_lims_and_shape,2025-05-27 08:00:00,2025-05-27 10:00:00,9.199999809265137,7.623601816215132,6.699999809265137,True
120,feed_lims_and_shape,2025-05-28 08:00:00,2025-05-28 10:00:00,7.5,7.6788568834735695,9.199999809265137,True
120,feed_lims_and_shape,2025-05-29 08:00:00,2025-05-29 10:00:00,8.699999809265137,7.735795274439825,7.5,True
120,feed_lims_and_shape,2025-05-30 08:00:00,2025-05-30 10:00:00,10.0,7.493756710620843,8.699999809265137,True
120,feed_lims_and_shape,2025-05-31 08:00:00,2025-05-31 10:00:00,6.800000190734863,7.288756275923589,10.0,True
120,feed_lims_and_shape,2025-06-01 08:00:00,2025-06-01 10:00:00,8.699999809265137,7.484507414094187,6.800000190734863,True
120,feed_lims_and_shape,2025-06-02 08:00:00,2025-06-02 10:00:00,8.399999618530273,7.393126837119553,8.699999809265137,True
120,feed_lims_and_shape,2025-06-03 08:00:00,2025-06-03 10:00:00,23.299999237060547,7.50012406355409,8.399999618530273,True
120,feed_lims_and_shape,2025-06-03 15:30:00,2025-06-03 17:30:00,8.5,7.421657950060867,23.299999237060547,True
120,feed_lims_and_shape,2025-06-04 08:00:00,2025-06-04 10:00:00,6.900000095367432,7.635087619636197,8.5,True
120,feed_lims_and_shape,2025-06-05 08:00:00,2025-06-05 10:00:00,9.199999809265137,7.799033109742055,6.900000095367432,True
120,feed_lims_and_shape,2025-06-06 08:00:00,2025-06-06 10:00:00,8.800000190734863,7.778068567567686,9.199999809265137,True
120,feed_lims_and_shape,2025-06-07 08:00:00,2025-06-07 10:00:00,9.100000381469727,7.987395771869998,8.800000190734863,True
120,feed_lims_and_shape,2025-06-08 08:00:00,2025-06-08 10:00:00,9.100000381469727,7.967942345007298,9.100000381469727,True
120,feed_lims_and_shape,2025-06-09 08:00:00,2025-06-09 10:00:00,9.300000190734863,7.826010477677322,9.100000381469727,True
120,feed_lims_and_shape,2025-06-10 08:00:00,2025-06-10 10:00:00,8.800000190734863,7.849443429356393,9.300000190734863,True
120,feed_lims_and_shape,2025-06-11 08:00:00,2025-06-11 10:00:00,7.800000190734863,8.003353759556434,8.800000190734863,True
120,feed_lims_and_shape,2025-06-12 08:00:00,2025-06-12 10:00:00,9.899999618530273,8.094073093411705,7.800000190734863,True
120,feed_lims_and_shape,2025-06-13 08:00:00,2025-06-13 10:00:00,9.199999809265137,7.8476974270349285,9.899999618530273,True
120,feed_lims_and_shape,2025-06-14 08:00:00,2025-06-14 10:00:00,8.300000190734863,8.03699889239026,9.199999809265137,True
120,feed_lims_and_shape,2025-06-15 08:00:00,2025-06-15 10:00:00,8.0,7.679658553504526,8.300000190734863,True
120,feed_lims_and_shape,2025-06-16 08:00:00,2025-06-16 10:00:00,9.600000381469727,7.94869473977905,8.0,True
120,feed_lims_and_shape,2025-06-17 08:00:00,2025-06-17 10:00:00,9.300000190734863,7.415540238053412,9.600000381469727,True
120,feed_lims_and_shape,2025-06-18 08:00:00,2025-06-18 10:00:00,8.5,7.944738678069905,9.300000190734863,True
120,feed_lims_and_shape,2025-06-19 08:00:00,2025-06-19 10:00:00,10.600000381469727,7.945683936716513,8.5,True
120,feed_lims_and_shape,2025-06-20 08:00:00,2025-06-20 10:00:00,8.300000190734863,7.9391805843039425,10.600000381469727,True
120,feed_lims_and_shape,2025-06-21 08:00:00,2025-06-21 10:00:00,3.200000047683716,7.811684382393851,8.300000190734863,True
120,feed_lims_and_shape,2025-06-21 13:57:36,2025-06-21 15:57:36,8.399999618530273,7.506474696886798,8.300000190734863,True
120,feed_lims_and_shape,2025-06-22 08:00:00,2025-06-22 10:00:00,7.699999809265137,7.814067468635404,8.399999618530273,True
120,feed_lims_and_shape,2025-06-23 08:00:00,2025-06-23 10:00:00,7.599999904632568,8.050751146368572,7.699999809265137,True
120,feed_lims_and_shape,2025-06-24 08:00:00,2025-06-24 10:00:00,9.199999809265137,8.35731582578518,7.599999904632568,True
120,feed_lims_and_shape,2025-06-25 08:00:00,2025-06-25 10:00:00,8.5,8.031538196099689,9.199999809265137,True
120,feed_lims_and_shape,2025-06-26 08:00:00,2025-06-26 10:00:00,7.199999809265137,7.386531336411636,8.5,True
120,feed_lims_and_shape,2025-06-27 08:00:00,2025-06-27 10:00:00,8.899999618530273,7.7164206132854005,7.199999809265137,True
120,feed_lims_and_shape,2025-06-28 08:00:00,2025-06-28 10:00:00,9.800000190734863,7.7631478448018765,8.899999618530273,True
120,feed_lims_and_shape,2025-06-29 08:00:00,2025-06-29 10:00:00,8.5,7.708181862899494,9.800000190734863,True
120,feed_lims_and_shape,2025-06-30 08:00:00,2025-06-30 10:00:00,8.0,7.664261081662692,8.5,True
120,feed_lims_and_shape,2025-07-01 08:00:00,2025-07-01 10:00:00,8.199999809265137,7.7061319857880015,8.0,True
120,feed_lims_and_shape,2025-07-02 08:00:00,2025-07-02 10:00:00,8.800000190734863,7.849352115243768,8.199999809265137,True
120,feed_lims_and_shape,2025-07-03 08:00:00,2025-07-03 10:00:00,9.300000190734863,7.582203516385352,8.800000190734863,True
120,feed_lims_and_shape,2025-07-04 08:00:00,2025-07-04 10:00:00,9.399999618530273,7.61779041984663,9.300000190734863,True
120,feed_lims_and_shape,2025-07-05 08:00:00,2025-07-05 10:00:00,8.600000381469727,7.945730473373516,9.399999618530273,True
120,feed_lims_and_shape,2025-07-06 08:00:00,2025-07-06 10:00:00,9.300000190734863,7.753461293026065,8.600000381469727,True
120,feed_lims_and_shape,2025-07-07 08:00:00,2025-07-07 10:00:00,8.5,7.827889993315162,9.300000190734863,True
120,feed_lims_and_shape,2025-07-08 08:00:00,2025-07-08 10:00:00,9.199999809265137,7.75242437943383,8.5,True
120,feed_lims_and_shape,2025-07-09 08:00:00,2025-07-09 10:00:00,8.199999809265137,7.629462630485147,9.199999809265137,True
120,feed_lims_and_shape,2025-07-10 08:00:00,2025-07-10 10:00:00,7.599999904632568,7.610066717923701,8.199999809265137,True
120,feed_lims_and_shape,2025-07-11 08:00:00,2025-07-11 10:00:00,9.100000381469727,7.873480242662936,7.599999904632568,True
120,feed_lims_and_shape,2025-07-12 08:00:00,2025-07-12 10:00:00,8.800000190734863,7.93709699873104,9.100000381469727,True
120,feed_lims_and_shape,2025-07-13 08:00:00,2025-07-13 10:00:00,8.5,7.987777043845387,8.800000190734863,True
120,feed_lims_and_shape,2025-07-14 08:00:00,2025-07-14 10:00:00,9.800000190734863,8.149361735797784,8.5,True
120,feed_lims_and_shape,2025-07-15 08:00:00,2025-07-15 10:00:00,9.399999618530273,8.31597771786442,9.800000190734863,True
120,feed_lims_and_shape,2025-07-16 08:00:00,2025-07-16 10:00:00,9.100000381469727,7.968895761511632,9.399999618530273,True
120,feed_lims_and_shape,2025-07-17 08:00:00,2025-07-17 10:00:00,8.100000381469727,7.988755043239701,9.100000381469727,True
120,feed_lims_and_shape,2025-07-18 08:00:00,2025-07-18 10:00:00,9.399999618530273,7.960145665981399,8.100000381469727,True
120,feed_lims_and_shape,2025-07-19 08:00:00,2025-07-19 10:00:00,7.900000095367432,7.91694710245789,9.399999618530273,True
120,feed_lims_and_shape,2025-07-20 08:00:00,2025-07-20 10:00:00,9.5,7.920558656665998,7.900000095367432,True
120,feed_lims_and_shape,2025-07-21 08:00:00,2025-07-21 10:00:00,9.300000190734863,7.765915791890048,9.5,True
120,feed_lims_and_shape,2025-07-22 08:00:00,2025-07-22 10:00:00,9.899999618530273,7.797612869030864,9.300000190734863,True
120,feed_lims_and_shape,2025-07-23 08:00:00,2025-07-23 10:00:00,8.5,7.866033015129268,9.899999618530273,True
120,feed_lims_and_shape,2025-07-24 08:00:00,2025-07-24 10:00:00,8.199999809265137,7.844050031572973,8.5,True
120,feed_lims_and_shape,2025-07-24 11:00:00,2025-07-24 13:00:00,120.0,9.158075402694186,8.5,True
120,feed_lims_and_shape,2025-07-24 11:15:00,2025-07-24 13:15:00,45.900001525878906,8.946731931495387,8.5,True
120,feed_lims_and_shape,2025-07-24 13:20:00,2025-07-24 15:20:00,2.0999999046325684,9.384121375229606,8.5,True
120,feed_lims_and_shape,2025-07-25 08:00:00,2025-07-25 10:00:00,9.600000381469727,7.710142478525194,2.0999999046325684,True
120,feed_lims_and_shape,2025-07-26 08:00:00,2025-07-26 10:00:00,7.300000190734863,7.235369660860863,9.600000381469727,True
120,feed_lims_and_shape,2025-07-27 08:00:00,2025-07-27 10:00:00,8.899999618530273,7.698724721195916,7.300000190734863,True
120,feed_lims_and_shape,2025-07-28 08:00:00,2025-07-28 10:00:00,10.199999809265137,7.905952141204002,8.899999618530273,True
120,feed_lims_and_shape,2025-07-28 14:00:00,2025-07-28 16:00:00,35.099998474121094,13.15099954749209,10.199999809265137,True
120,feed_lims_and_shape,2025-07-28 19:26:26,2025-07-28 21:26:26,3.5,7.763753347659289,10.199999809265137,True
120,feed_lims_and_shape,2025-07-29 08:00:00,2025-07-29 10:00:00,8.300000190734863,7.886199599893622,3.5,True
120,feed_lims_and_shape,2025-07-30 08:00:00,2025-07-30 10:00:00,10.0,7.549123410047018,8.300000190734863,True
120,feed_lims_and_shape,2025-07-31 08:00:00,2025-07-31 10:00:00,6.599999904632568,7.74994710251665,10.0,True
120,feed_lims_and_shape,2025-08-01 08:00:00,2025-08-01 10:00:00,5.300000190734863,7.661667989987272,6.599999904632568,True
120,feed_lims_and_shape,2025-08-03 08:00:00,2025-08-03 10:00:00,10.199999809265137,7.616143912232737,5.300000190734863,True
120,feed_lims_and_shape,2025-08-04 08:00:00,2025-08-04 10:00:00,7.5,7.776980297480849,10.199999809265137,True
120,feed_lims_and_shape,2025-08-05 08:00:00,2025-08-05 10:00:00,6.599999904632568,7.846086189988851,7.5,True
120,feed_lims_and_shape,2025-08-05 12:05:08,2025-08-05 14:05:08,3.5999999046325684,7.134954263826462,7.5,True
120,feed_lims_and_shape,2025-08-06 08:00:00,2025-08-06 10:00:00,7.900000095367432,7.653466840783976,3.5999999046325684,True
120,feed_lims_and_shape,2025-08-07 08:00:00,2025-08-07 10:00:00,6.300000190734863,7.140180320345607,7.900000095367432,True
120,feed_lims_and_shape,2025-08-08 08:00:00,2025-08-08 10:00:00,7.400000095367432,7.467030710037907,6.300000190734863,True
120,feed_lims_and_shape,2025-08-09 08:00:00,2025-08-09 10:00:00,7.599999904632568,7.932208780416829,7.400000095367432,True
120,feed_lims_and_shape,2025-08-10 08:00:00,2025-08-10 10:00:00,9.300000190734863,7.798862576271107,7.599999904632568,True
120,feed_lims_and_shape,2025-08-12 08:00:00,2025-08-12 10:00:00,8.0,7.7915796692711385,9.300000190734863,True
120,feed_lims_and_shape,2025-08-13 08:00:00,2025-08-13 10:00:00,9.199999809265137,8.098175736954149,8.0,True
120,feed_lims_and_shape,2025-08-14 08:00:00,2025-08-14 10:00:00,10.5,7.8830449190734395,9.199999809265137,True
120,feed_lims_and_shape,2025-08-14 12:00:00,2025-08-14 14:00:00,11.800000190734863,6.68772601499415,9.199999809265137,True
120,feed_lims_and_shape,2025-08-14 18:00:00,2025-08-14 20:00:00,4.699999809265137,7.5504689730733965,11.800000190734863,True
120,feed_lims_and_shape,2025-08-15 08:00:00,2025-08-15 10:00:00,8.100000381469727,7.906062305727202,4.699999809265137,True
120,feed_lims_and_shape,2025-08-16 08:00:00,2025-08-16 10:00:00,8.300000190734863,7.585454127416563,8.100000381469727,True
120,feed_lims_and_shape,2025-08-16 18:00:00,2025-08-16 20:00:00,5.199999809265137,8.157762446686466,8.300000190734863,True
120,feed_lims_and_shape,2025-08-17 08:00:00,2025-08-17 10:00:00,7.900000095367432,7.879032315346436,5.199999809265137,True
120,feed_lims_and_shape,2025-08-18 08:00:00,2025-08-18 10:00:00,9.199999809265137,8.189975469858936,7.900000095367432,True
120,feed_lims_and_shape,2025-08-19 08:00:00,2025-08-19 10:00:00,6.699999809265137,8.30419834391854,9.199999809265137,True
120,feed_lims_and_shape,2025-08-20 08:00:00,2025-08-20 10:00:00,7.099999904632568,8.199239706335204,6.699999809265137,True
120,feed_lims_and_shape,2025-08-21 08:00:00,2025-08-21 10:00:00,6.599999904632568,8.197730083374337,7.099999904632568,True
120,feed_lims_and_shape,2025-08-22 08:00:00,2025-08-22 10:00:00,8.5,7.600024638253691,6.599999904632568,True
120,feed_lims_and_shape,2025-08-23 08:00:00,2025-08-23 10:00:00,11.399999618530273,7.699970077571848,8.5,True
120,feed_lims_and_shape,2025-08-23 20:00:00,2025-08-23 22:00:00,8.899999618530273,7.641914099344593,11.399999618530273,True
120,feed_lims_and_shape,2025-08-24 08:00:00,2025-08-24 10:00:00,9.399999618530273,7.761760676998543,8.899999618530273,True
120,feed_lims_and_shape,2025-08-25 08:00:00,2025-08-25 10:00:00,10.899999618530273,7.88657098533883,9.399999618530273,True
120,feed_lims_and_shape,2025-08-27 08:00:00,2025-08-27 10:00:00,8.699999809265137,8.310581415453523,10.899999618530273,True
120,feed_lims_and_shape,2025-08-27 20:00:00,2025-08-27 22:00:00,9.300000190734863,7.891937210556087,8.699999809265137,True
120,feed_lims_and_shape,2025-08-28 08:00:00,2025-08-28 10:00:00,7.800000190734863,7.931876193471725,9.300000190734863,True
120,feed_lims_and_shape,2025-08-29 08:00:00,2025-08-29 10:00:00,8.0,8.047717271885867,7.800000190734863,True
120,feed_lims_and_shape,2025-08-30 08:00:00,2025-08-30 10:00:00,11.100000381469727,8.100962003005717,8.0,True
120,feed_lims_and_shape,2025-08-31 08:00:00,2025-08-31 10:00:00,8.600000381469727,8.322956029996314,11.100000381469727,True
120,feed_lims_and_shape,2025-09-01 08:00:00,2025-09-01 10:00:00,7.599999904632568,8.558484704379442,8.600000381469727,True
120,feed_lims_and_shape,2025-09-02 08:00:00,2025-09-02 10:00:00,7.199999809265137,8.170779615916814,7.599999904632568,True
120,feed_lims_and_shape,2025-09-03 08:00:00,2025-09-03 10:00:00,10.699999809265137,7.932624916821064,7.199999809265137,True
120,feed_lims_and_shape,2025-09-04 08:00:00,2025-09-04 10:00:00,7.300000190734863,7.196101308773256,10.699999809265137,True
120,feed_lims_and_shape,2025-09-05 08:00:00,2025-09-05 10:00:00,9.699999809265137,8.306312656559985,7.300000190734863,True
120,feed_lims_and_shape,2025-09-06 08:00:00,2025-09-06 10:00:00,11.699999809265137,7.892805806189067,9.699999809265137,True
120,feed_lims_and_shape,2025-09-07 08:00:00,2025-09-07 10:00:00,10.699999809265137,8.475703595999109,11.699999809265137,True
120,feed_lims_and_shape,2025-09-08 08:00:00,2025-09-08 10:00:00,9.800000190734863,8.097450700845673,10.699999809265137,True
120,feed_lims_and_shape,2025-09-09 08:00:00,2025-09-09 10:00:00,8.399999618530273,7.9744201432843465,9.800000190734863,True
120,feed_lims_and_shape,2025-09-10 08:00:00,2025-09-10 10:00:00,10.100000381469727,8.483586641398482,8.399999618530273,True
120,feed_lims_and_shape,2025-09-11 08:00:00,2025-09-11 10:00:00,8.699999809265137,8.023260444063117,10.100000381469727,True
120,feed_lims_and_shape,2025-09-12 08:00:00,2025-09-12 10:00:00,9.899999618530273,8.335295774633257,8.699999809265137,True
120,feed_lims_and_shape,2025-09-13 08:00:00,2025-09-13 10:00:00,9.800000190734863,8.305502131051762,9.899999618530273,True
120,feed_lims_and_shape,2025-09-14 08:00:00,2025-09-14 10:00:00,9.899999618530273,8.330398737967663,9.800000190734863,True
120,feed_lims_and_shape,2025-09-15 08:00:00,2025-09-15 10:00:00,8.300000190734863,8.345535147235536,9.899999618530273,True
120,feed_lims_and_shape,2025-09-16 08:00:00,2025-09-16 10:00:00,9.199999809265137,8.285900786516109,8.300000190734863,True
120,feed_lims_and_shape,2025-09-17 08:00:00,2025-09-17 10:00:00,9.300000190734863,8.323061852621835,9.199999809265137,True
120,feed_lims_and_shape,2025-09-18 08:00:00,2025-09-18 10:00:00,9.600000381469727,8.03789133128402,9.300000190734863,True
120,feed_lims_and_shape,2025-09-19 08:00:00,2025-09-19 10:00:00,9.600000381469727,8.199096306318221,9.600000381469727,True
120,feed_lims_and_shape,2025-09-20 08:00:00,2025-09-20 10:00:00,8.5,8.110611544444314,9.600000381469727,True
120,feed_lims_and_shape,2025-09-21 08:00:00,2025-09-21 10:00:00,7.599999904632568,8.312674664889434,8.5,True
120,feed_lims_and_shape,2025-09-22 08:00:00,2025-09-22 10:00:00,8.899999618530273,8.51496538477099,7.599999904632568,True
120,feed_lims_and_shape,2025-09-23 08:00:00,2025-09-23 10:00:00,10.199999809265137,8.369307945243028,8.899999618530273,True
120,feed_lims_and_shape,2025-09-24 08:00:00,2025-09-24 10:00:00,10.5,8.06800526409625,10.199999809265137,True
120,feed_lims_and_shape,2025-09-25 08:00:00,2025-09-25 10:00:00,9.800000190734863,7.8329673092094865,10.5,True
120,feed_lims_and_shape,2025-09-26 08:00:00,2025-09-26 10:00:00,7.599999904632568,7.8273084459605755,9.800000190734863,True
120,feed_lims_and_shape,2025-09-27 08:00:00,2025-09-27 10:00:00,8.399999618530273,7.8100962455991105,7.599999904632568,True
120,feed_lims_and_shape,2025-09-28 08:00:00,2025-09-28 10:00:00,9.399999618530273,7.749024504793921,8.399999618530273,True
120,feed_lims_and_shape,2025-09-28 15:00:00,2025-09-28 17:00:00,15.300000190734863,8.119148446983733,9.399999618530273,True
120,feed_lims_and_shape,2025-09-28 18:00:00,2025-09-28 20:00:00,8.300000190734863,7.186601534750245,9.399999618530273,True
120,feed_lims_and_shape,2025-09-29 08:00:00,2025-09-29 10:00:00,9.199999809265137,8.104238908818841,8.300000190734863,True
120,feed_lims_and_shape,2025-09-30 08:00:00,2025-09-30 10:00:00,8.300000190734863,7.79887633917342,9.199999809265137,True
120,feed_lims_and_shape,2025-10-01 08:00:00,2025-10-01 10:00:00,9.800000190734863,7.992799608937389,8.300000190734863,True
120,feed_lims_and_shape,2025-10-02 08:00:00,2025-10-02 10:00:00,9.699999809265137,7.837378795425948,9.800000190734863,True
120,feed_lims_and_shape,2025-10-03 08:00:00,2025-10-03 10:00:00,10.399999618530273,7.901647649228632,9.699999809265137,True
120,feed_lims_and_shape,2025-10-05 08:00:00,2025-10-05 10:00:00,9.699999809265137,7.554180437063282,10.399999618530273,True
120,feed_lims_and_shape,2025-10-06 08:00:00,2025-10-06 10:00:00,9.800000190734863,7.687532197755958,9.699999809265137,True
120,feed_lims_and_shape,2025-10-06 12:00:00,2025-10-06 14:00:00,5.199999809265137,7.692482743709842,9.699999809265137,True
120,feed_lims_and_shape,2025-10-07 08:00:00,2025-10-07 10:00:00,9.300000190734863,7.654994223913343,5.199999809265137,True
120,feed_lims_and_shape,2025-10-08 08:00:00,2025-10-08 10:00:00,9.800000190734863,7.86583547788984,9.300000190734863,True
120,feed_lims_and_shape,2025-10-09 08:00:00,2025-10-09 10:00:00,12.699999809265137,7.664679782539135,9.800000190734863,True
120,feed_lims_and_shape,2025-10-09 14:00:00,2025-10-09 16:00:00,8.699999809265137,7.45477065831434,12.699999809265137,True
120,feed_lims_and_shape,2025-10-09 20:00:00,2025-10-09 22:00:00,9.0,7.69058940276539,8.699999809265137,True
120,feed_lims_and_shape,2025-10-10 08:00:00,2025-10-10 10:00:00,10.199999809265137,8.071176436773312,9.0,True
120,feed_lims_and_shape,2025-10-10 18:00:00,2025-10-10 20:00:00,9.600000381469727,7.607920770522885,10.199999809265137,True
120,feed_lims_and_shape,2025-10-11 08:00:00,2025-10-11 10:00:00,9.0,7.940010466240427,9.600000381469727,True
120,feed_lims_and_shape,2025-10-12 08:00:00,2025-10-12 10:00:00,10.5,7.559410415455629,9.0,True
120,feed_lims_and_shape,2025-10-14 08:00:00,2025-10-14 10:00:00,9.199999809265137,6.6644704522228455,10.5,True
120,feed_lims_and_shape,2025-10-15 08:00:00,2025-10-15 10:00:00,9.100000381469727,7.428054453318525,9.199999809265137,True
120,feed_lims_and_shape,2025-10-16 08:00:00,2025-10-16 10:00:00,12.199999809265137,7.660665568917507,9.100000381469727,True
120,feed_lims_and_shape,2025-10-16 13:00:00,2025-10-16 15:00:00,9.699999809265137,7.330771680925286,9.100000381469727,True
120,feed_lims_and_shape,2025-10-17 08:00:00,2025-10-17 10:00:00,10.399999618530273,7.6352829886717135,9.699999809265137,True
120,feed_lims_and_shape,2025-10-18 08:00:00,2025-10-18 10:00:00,10.800000190734863,7.593315612119312,10.399999618530273,True
120,feed_lims_and_shape,2025-10-18 14:00:00,2025-10-18 16:00:00,8.0,7.65864142155708,10.800000190734863,True
120,feed_lims_and_shape,2025-10-19 08:00:00,2025-10-19 10:00:00,6.5,7.199279102104603,8.0,True
120,feed_lims_and_shape,2025-10-20 08:00:00,2025-10-20 10:00:00,10.5,7.497502375242588,6.5,True
120,feed_lims_and_shape,2025-10-21 08:00:00,2025-10-21 10:00:00,10.100000381469727,7.657893229084694,10.5,True
120,feed_lims_and_shape,2025-10-21 14:00:00,2025-10-21 16:00:00,11.0,7.614920315088009,10.100000381469727,True
120,feed_lims_and_shape,2025-10-21 20:00:00,2025-10-21 22:00:00,10.0,7.324236992655976,11.0,True
120,feed_lims_and_shape,2025-10-22 08:00:00,2025-10-22 10:00:00,9.300000190734863,7.328092525273627,10.0,True
120,feed_lims_and_shape,2025-10-22 18:00:00,2025-10-22 20:00:00,11.0,7.500934880199001,9.300000190734863,True
120,feed_lims_and_shape,2025-10-23 00:00:00,2025-10-23 02:00:00,6.699999809265137,7.291833506841815,11.0,True
120,feed_lims_and_shape,2025-10-23 08:00:00,2025-10-23 10:00:00,9.100000381469727,7.204460366218283,6.699999809265137,True
120,feed_lims_and_shape,2025-10-23 19:00:00,2025-10-23 21:00:00,6.5,7.269172030859966,9.100000381469727,True
120,feed_lims_and_shape,2025-10-24 08:00:00,2025-10-24 10:00:00,7.0,7.408326977477508,6.5,True
120,feed_lims_and_shape,2025-10-25 08:00:00,2025-10-25 10:00:00,7.199999809265137,7.306011928214012,7.0,True
120,feed_lims_and_shape,2025-10-26 08:00:00,2025-10-26 10:00:00,7.199999809265137,7.321083162856697,7.199999809265137,True
120,feed_lims_and_shape,2025-10-27 08:00:00,2025-10-27 10:00:00,10.399999618530273,7.443074608088512,7.199999809265137,True
120,feed_lims_and_shape,2025-10-27 13:15:10,2025-10-27 15:15:10,9.600000381469727,7.5923228045396165,7.199999809265137,True
120,feed_lims_and_shape,2025-10-27 16:46:34,2025-10-27 18:46:34,5.599999904632568,6.812458159079748,10.399999618530273,True
120,feed_lims_and_shape,2025-10-27 20:00:00,2025-10-27 22:00:00,7.699999809265137,7.364027866620081,9.600000381469727,True
120,feed_lims_and_shape,2025-10-28 08:00:00,2025-10-28 10:00:00,9.899999618530273,7.7634655243193755,7.699999809265137,True
120,feed_lims_and_shape,2025-10-28 12:00:00,2025-10-28 14:00:00,7.800000190734863,7.243297608028488,7.699999809265137,True
120,feed_lims_and_shape,2025-10-29 08:00:00,2025-10-29 10:00:00,9.199999809265137,7.299506225740309,7.800000190734863,True
120,feed_lims_and_shape,2025-10-30 08:00:00,2025-10-30 10:00:00,9.899999618530273,7.496489586481308,9.199999809265137,True
120,feed_lims_and_shape,2025-10-31 08:00:00,2025-10-31 10:00:00,10.199999809265137,7.617108473156284,9.899999618530273,True
120,feed_lims_and_shape,2025-11-01 08:00:00,2025-11-01 10:00:00,7.800000190734863,7.483923294336783,10.199999809265137,True
120,feed_lims_and_shape,2025-11-02 08:00:00,2025-11-02 10:00:00,10.100000381469727,7.5267223911399,7.800000190734863,True
120,feed_lims_and_shape,2025-11-03 03:00:00,2025-11-03 05:00:00,8.5,7.346138668303178,10.100000381469727,True
120,feed_lims_and_shape,2025-11-03 08:00:00,2025-11-03 10:00:00,9.5,7.490548262028904,10.100000381469727,True
120,feed_lims_and_shape,2025-11-04 08:00:00,2025-11-04 10:00:00,9.399999618530273,7.489702315478462,9.5,True
120,feed_lims_and_shape,2025-11-05 08:00:00,2025-11-05 10:00:00,8.899999618530273,7.400522906136391,9.399999618530273,True
120,feed_lims_and_shape,2025-11-06 08:00:00,2025-11-06 10:00:00,9.600000381469727,7.425919287922799,8.899999618530273,True
120,feed_lims_and_shape,2025-11-07 08:00:00,2025-11-07 10:00:00,9.899999618530273,7.473257464264458,9.600000381469727,True
120,feed_lims_and_shape,2025-11-08 08:00:00,2025-11-08 10:00:00,8.800000190734863,7.444904286616357,9.899999618530273,True
120,feed_lims_and_shape,2025-11-09 08:00:00,2025-11-09 10:00:00,10.5,7.784136824553345,8.800000190734863,True
120,feed_lims_and_shape,2025-11-09 11:00:00,2025-11-09 13:00:00,11.199999809265137,7.407787744646807,8.800000190734863,True
120,feed_lims_and_shape,2025-11-09 15:00:09,2025-11-09 17:00:09,8.100000381469727,7.612152942774827,10.5,True
120,feed_lims_and_shape,2025-11-09 22:00:00,2025-11-10 00:00:00,7.300000190734863,7.090939059776552,8.100000381469727,True
120,feed_lims_and_shape,2025-11-10 08:00:00,2025-11-10 10:00:00,8.100000381469727,7.153876781198063,7.300000190734863,True
120,feed_lims_and_shape,2025-11-11 08:00:00,2025-11-11 10:00:00,9.100000381469727,7.358952881698677,8.100000381469727,True
120,feed_lims_and_shape,2025-11-12 08:00:00,2025-11-12 10:00:00,11.5,7.6985332499436225,9.100000381469727,True
120,feed_lims_and_shape,2025-11-12 15:06:58,2025-11-12 17:06:58,8.100000381469727,7.125091815777546,11.5,True
120,feed_lims_and_shape,2025-11-13 08:00:00,2025-11-13 10:00:00,7.300000190734863,7.615722820743475,8.100000381469727,True
120,feed_lims_and_shape,2025-11-14 08:00:00,2025-11-14 10:00:00,10.399999618530273,7.468199891522762,7.300000190734863,True
120,feed_lims_and_shape,2025-11-14 20:00:00,2025-11-14 22:00:00,8.300000190734863,7.338007911575367,10.399999618530273,True
120,feed_lims_and_shape,2025-11-15 08:00:00,2025-11-15 10:00:00,9.199999809265137,7.3407805195030225,8.300000190734863,True
120,feed_lims_and_shape,2025-11-16 08:00:00,2025-11-16 10:00:00,9.899999618530273,7.596174150811743,9.199999809265137,True
120,feed_lims_and_shape,2025-11-17 08:00:00,2025-11-17 10:00:00,9.199999809265137,7.408494137626731,9.899999618530273,True
120,feed_lims_and_shape,2025-11-18 08:00:00,2025-11-18 10:00:00,9.800000190734863,7.558561180416932,9.199999809265137,True
120,feed_lims_and_shape,2025-11-19 08:00:00,2025-11-19 10:00:00,9.699999809265137,7.283841783574003,9.800000190734863,True
120,feed_lims_and_shape,2025-11-20 08:00:00,2025-11-20 10:00:00,6.099999904632568,7.241126440809214,9.699999809265137,True
120,feed_lims_and_shape,2025-11-21 08:00:00,2025-11-21 10:00:00,10.399999618530273,7.275752177653045,6.099999904632568,True
120,feed_lims_and_shape,2025-11-22 08:00:00,2025-11-22 10:00:00,9.300000190734863,7.475473886584862,10.399999618530273,True
120,feed_lims_and_shape,2025-11-23 08:00:00,2025-11-23 10:00:00,9.899999618530273,7.373326113851583,9.300000190734863,True
120,feed_lims_and_shape,2025-11-23 20:51:00,2025-11-23 22:51:00,9.899999618530273,7.312522548436856,9.899999618530273,True
120,feed_lims_and_shape,2025-11-24 00:38:00,2025-11-24 02:38:00,10.699999809265137,7.268458352993784,9.899999618530273,True
120,feed_lims_and_shape,2025-11-24 08:00:00,2025-11-24 10:00:00,9.0,7.187440629295001,10.699999809265137,True
120,feed_lims_and_shape,2025-11-24 18:00:00,2025-11-24 20:00:00,8.399999618530273,7.313876664149749,9.0,True
120,feed_lims_and_shape,2025-11-25 08:00:00,2025-11-25 10:00:00,9.899999618530273,7.398056237773233,8.399999618530273,True
120,feed_lims_and_shape,2025-11-26 08:00:00,2025-11-26 10:00:00,9.699999809265137,7.433484356510061,9.899999618530273,True
120,feed_lims_and_shape,2025-11-27 08:00:00,2025-11-27 10:00:00,13.100000381469727,7.658592048756507,9.699999809265137,True
120,feed_lims_and_shape,2025-11-27 10:45:00,2025-11-27 12:45:00,10.5,7.756472903622001,9.699999809265137,True
120,feed_lims_and_shape,2025-11-27 20:00:00,2025-11-27 22:00:00,8.600000381469727,7.937783662203888,10.5,True
120,feed_lims_and_shape,2025-11-28 08:00:00,2025-11-28 10:00:00,9.0,7.472940824333037,8.600000381469727,True
120,feed_lims_and_shape,2025-11-29 08:00:00,2025-11-29 10:00:00,7.300000190734863,7.4709113704083325,9.0,True
120,feed_lims_and_shape,2025-11-30 08:00:00,2025-11-30 10:00:00,8.699999809265137,7.582332947573384,7.300000190734863,True
120,feed_lims_and_shape,2025-12-01 08:00:00,2025-12-01 10:00:00,7.800000190734863,7.269458019428477,8.699999809265137,True
120,feed_lims_and_shape,2025-12-02 08:00:00,2025-12-02 10:00:00,8.399999618530273,7.334191441517717,7.800000190734863,True
120,feed_lims_and_shape,2025-12-03 08:00:00,2025-12-03 10:00:00,6.800000190734863,7.602717534304855,8.399999618530273,True
120,feed_lims_and_shape,2025-12-04 08:00:00,2025-12-04 10:00:00,7.800000190734863,7.959589513955098,6.800000190734863,True
120,feed_lims_and_shape,2025-12-05 08:00:00,2025-12-05 10:00:00,9.0,7.6256717843266415,7.800000190734863,True
120,feed_lims_and_shape,2025-12-06 08:00:00,2025-12-06 10:00:00,8.300000190734863,7.33695365818491,9.0,True
120,feed_lims_and_shape,2025-12-07 08:00:00,2025-12-07 10:00:00,10.199999809265137,7.171188373049873,8.300000190734863,True
120,feed_lims_and_shape,2025-12-08 08:00:00,2025-12-08 10:00:00,8.199999809265137,7.060574224204904,10.199999809265137,True
120,feed_lims_and_shape,2025-12-09 08:00:00,2025-12-09 10:00:00,9.100000381469727,7.2902205082418785,8.199999809265137,True
120,feed_lims_and_shape,2025-12-10 04:00:00,2025-12-10 06:00:00,9.800000190734863,7.72499216109788,9.100000381469727,True
120,feed_lims_and_shape,2025-12-10 07:35:00,2025-12-10 09:35:00,8.0,8.109095202452744,9.100000381469727,True
120,feed_lims_and_shape,2025-12-10 18:00:00,2025-12-10 20:00:00,7.800000190734863,7.559680229327894,8.0,True
120,feed_lims_and_shape,2025-12-11 08:00:00,2025-12-11 10:00:00,7.300000190734863,7.293490025617075,7.800000190734863,True
120,feed_lims_and_shape,2025-12-11 15:00:00,2025-12-11 17:00:00,10.5,7.228625166113595,7.300000190734863,True
120,feed_lims_and_shape,2025-12-12 08:00:00,2025-12-12 10:00:00,7.599999904632568,7.857803134164179,10.5,True
120,feed_lims_and_shape,2025-12-13 08:00:00,2025-12-13 10:00:00,6.699999809265137,7.566824159866677,7.599999904632568,True
120,feed_lims_and_shape,2025-12-14 08:00:00,2025-12-14 10:00:00,6.400000095367432,7.978685920648367,6.699999809265137,True
120,feed_lims_and_shape,2025-12-14 12:22:00,2025-12-14 14:22:00,11.0,7.691787175983681,6.699999809265137,True
120,feed_lims_and_shape,2025-12-15 08:00:00,2025-12-15 10:00:00,8.800000190734863,7.516925297689056,11.0,True
120,feed_lims_and_shape,2025-12-16 08:00:00,2025-12-16 10:00:00,7.400000095367432,7.622917661360633,8.800000190734863,True
120,feed_lims_and_shape,2025-12-17 08:00:00,2025-12-17 10:00:00,8.399999618530273,7.810613340835552,7.400000095367432,True
120,feed_lims_and_shape,2025-12-18 08:00:00,2025-12-18 10:00:00,9.300000190734863,7.934967622653113,8.399999618530273,True
120,feed_lims_and_shape,2025-12-19 08:00:00,2025-12-19 10:00:00,9.399999618530273,7.871729863677563,9.300000190734863,True
120,feed_lims_and_shape,2025-12-20 08:00:00,2025-12-20 10:00:00,9.100000381469727,7.484810501212996,9.399999618530273,True
120,feed_lims_and_shape,2025-12-21 08:00:00,2025-12-21 10:00:00,8.800000190734863,7.5188891576358685,9.100000381469727,True
120,feed_lims_and_shape,2025-12-22 08:00:00,2025-12-22 10:00:00,9.0,7.477031958534955,8.800000190734863,True
120,feed_lims_and_shape,2025-12-23 08:00:00,2025-12-23 10:00:00,8.300000190734863,7.445683461150404,9.0,True
120,feed_lims_and_shape,2025-12-24 08:00:00,2025-12-24 10:00:00,5.099999904632568,7.1158667614618185,8.300000190734863,True
120,feed_lims_and_shape,2025-12-25 08:00:00,2025-12-25 10:00:00,9.0,8.337364339442212,5.099999904632568,True
120,feed_lims_and_shape,2025-12-26 08:00:00,2025-12-26 10:00:00,6.199999809265137,7.576441072054687,9.0,True
120,feed_lims_and_shape,2025-12-27 08:00:00,2025-12-27 10:00:00,8.899999618530273,7.675774539931073,6.199999809265137,True
120,feed_lims_and_shape,2025-12-28 08:00:00,2025-12-28 10:00:00,10.899999618530273,7.760382292608218,8.899999618530273,True
120,feed_lims_and_shape,2025-12-28 22:00:00,2025-12-29 00:00:00,10.5,7.680851023435537,10.899999618530273,True
120,feed_lims_and_shape,2025-12-29 00:30:00,2025-12-29 02:30:00,7.900000095367432,7.576984459926681,10.899999618530273,True
120,feed_lims_and_shape,2025-12-29 08:00:00,2025-12-29 10:00:00,4.699999809265137,6.724061028243589,7.900000095367432,True
120,feed_lims_and_shape,2025-12-30 08:00:00,2025-12-30 10:00:00,9.699999809265137,7.4317237564476155,4.699999809265137,True
120,feed_lims_and_shape,2025-12-31 08:00:00,2025-12-31 10:00:00,9.0,7.389046644268349,9.699999809265137,True
180,core,2025-01-01 07:00:00,2025-01-01 10:00:00,3.5,7.900102165521915,2.700000047683716,True
180,core,2025-01-02 07:00:00,2025-01-02 10:00:00,7.099999904632568,8.243772370267589,3.5,True
180,core,2025-01-03 07:00:00,2025-01-03 10:00:00,7.699999809265137,8.418311017566976,7.099999904632568,True
180,core,2025-01-04 07:00:00,2025-01-04 10:00:00,5.400000095367432,8.511528771017812,7.699999809265137,True
180,core,2025-01-05 07:00:00,2025-01-05 10:00:00,5.300000190734863,8.166775489532665,5.400000095367432,True
180,core,2025-01-06 07:00:00,2025-01-06 10:00:00,4.800000190734863,8.269985902522558,5.300000190734863,True
180,core,2025-01-07 07:00:00,2025-01-07 10:00:00,5.099999904632568,8.161083358495002,4.800000190734863,True
180,core,2025-01-08 07:00:00,2025-01-08 10:00:00,3.5999999046325684,8.040472028613838,5.099999904632568,True
180,core,2025-01-09 07:00:00,2025-01-09 10:00:00,3.9000000953674316,8.048766743979124,3.5999999046325684,True
180,core,2025-01-10 07:00:00,2025-01-10 10:00:00,3.5,8.064391065121884,3.9000000953674316,True
180,core,2025-01-11 07:00:00,2025-01-11 10:00:00,3.5999999046325684,7.960741282853991,3.5,True
180,core,2025-01-12 07:00:00,2025-01-12 10:00:00,4.199999809265137,7.944359660580364,3.5999999046325684,True
180,core,2025-01-13 07:00:00,2025-01-13 10:00:00,6.0,8.143980085173418,4.199999809265137,True
180,core,2025-01-14 07:00:00,2025-01-14 10:00:00,1.600000023841858,7.137213523731269,6.0,True
180,core,2025-01-15 07:00:00,2025-01-15 10:00:00,1.899999976158142,7.639944431152157,1.600000023841858,True
180,core,2025-01-16 07:00:00,2025-01-16 10:00:00,7.099999904632568,8.220174991392483,1.899999976158142,True
180,core,2025-01-17 07:00:00,2025-01-17 10:00:00,8.199999809265137,8.258511781788632,7.099999904632568,True
180,core,2025-01-18 07:00:00,2025-01-18 10:00:00,7.599999904632568,8.4648233564905,8.199999809265137,True
180,core,2025-01-19 07:00:00,2025-01-19 10:00:00,6.900000095367432,8.28132263637238,7.599999904632568,True
180,core,2025-01-20 07:00:00,2025-01-20 10:00:00,10.600000381469727,8.427246519498052,6.900000095367432,True
180,core,2025-01-21 07:00:00,2025-01-21 10:00:00,8.300000190734863,8.454994870263711,10.600000381469727,True
180,core,2025-01-22 07:00:00,2025-01-22 10:00:00,6.099999904632568,8.358523901456001,8.300000190734863,True
180,core,2025-01-23 07:00:00,2025-01-23 10:00:00,6.099999904632568,8.369928197746386,6.099999904632568,True
180,core,2025-01-23 19:00:00,2025-01-23 22:00:00,5.900000095367432,8.443288496766447,6.099999904632568,True
180,core,2025-01-24 07:00:00,2025-01-24 10:00:00,6.699999809265137,8.378400872082201,5.900000095367432,True
180,core,2025-01-25 07:00:00,2025-01-25 10:00:00,7.5,8.177208892661179,6.699999809265137,True
180,core,2025-01-26 07:00:00,2025-01-26 10:00:00,8.899999618530273,8.376186136338317,7.5,True
180,core,2025-01-27 07:00:00,2025-01-27 10:00:00,6.0,8.364760775843145,8.899999618530273,True
180,core,2025-01-28 07:00:00,2025-01-28 10:00:00,7.900000095367432,8.139590754393705,6.0,True
180,core,2025-01-29 07:00:00,2025-01-29 10:00:00,6.199999809265137,8.157703102245252,7.900000095367432,True
180,core,2025-01-30 07:00:00,2025-01-30 10:00:00,5.900000095367432,8.145022484287063,6.199999809265137,True
180,core,2025-01-31 07:00:00,2025-01-31 10:00:00,7.400000095367432,7.9977767155694295,5.900000095367432,True
180,core,2025-02-01 07:00:00,2025-02-01 10:00:00,9.600000381469727,7.984663344853303,7.400000095367432,True
180,core,2025-02-02 07:00:00,2025-02-02 10:00:00,10.5,8.282066537870536,9.600000381469727,True
180,core,2025-02-03 01:48:22,2025-02-03 04:48:22,10.699999809265137,8.859654221569532,10.5,True
180,core,2025-02-03 07:00:00,2025-02-03 10:00:00,8.5,9.064867093959432,10.5,True
180,core,2025-02-04 07:00:00,2025-02-04 10:00:00,7.099999904632568,8.166367745591351,8.5,True
180,core,2025-02-05 07:00:00,2025-02-05 10:00:00,7.400000095367432,8.016932027838976,7.099999904632568,True
180,core,2025-02-07 07:00:00,2025-02-07 10:00:00,8.300000190734863,8.105401433639193,7.400000095367432,True
180,core,2025-02-08 07:00:00,2025-02-08 10:00:00,8.100000381469727,8.02064447268802,8.300000190734863,True
180,core,2025-02-09 07:00:00,2025-02-09 10:00:00,9.899999618530273,8.138197389534486,8.100000381469727,True
180,core,2025-02-10 07:00:00,2025-02-10 10:00:00,9.5,8.265416505508885,9.899999618530273,True
180,core,2025-02-11 07:00:00,2025-02-11 10:00:00,6.800000190734863,8.091938718234484,9.5,True
180,core,2025-02-12 07:00:00,2025-02-12 10:00:00,9.600000381469727,7.994422151558394,6.800000190734863,True
180,core,2025-02-13 07:00:00,2025-02-13 10:00:00,11.600000381469727,8.151411516806917,9.600000381469727,True
180,core,2025-02-13 13:46:39,2025-02-13 16:46:39,8.899999618530273,8.144670474108043,9.600000381469727,True
180,core,2025-02-14 07:00:00,2025-02-14 10:00:00,7.0,7.941726240091617,8.899999618530273,True
180,core,2025-02-14 19:41:16,2025-02-14 22:41:16,11.899999618530273,7.859174142903308,7.0,True
180,core,2025-02-14 23:39:46,2025-02-15 02:39:46,8.0,7.847127895682462,7.0,True
180,core,2025-02-15 07:00:00,2025-02-15 10:00:00,9.100000381469727,7.884658537315341,8.0,True
180,core,2025-02-16 07:00:00,2025-02-16 10:00:00,7.300000190734863,8.182492691596511,9.100000381469727,True
180,core,2025-02-17 07:00:00,2025-02-17 10:00:00,8.699999809265137,7.867260172608811,7.300000190734863,True
180,core,2025-02-18 07:00:00,2025-02-18 10:00:00,8.5,7.956708703218991,8.699999809265137,True
180,core,2025-02-19 07:00:00,2025-02-19 10:00:00,10.199999809265137,7.984209460521502,8.5,True
180,core,2025-02-20 07:00:00,2025-02-20 10:00:00,5.699999809265137,8.359554499913902,10.199999809265137,True
180,core,2025-02-21 07:00:00,2025-02-21 10:00:00,9.399999618530273,7.804669505576548,5.699999809265137,True
180,core,2025-02-22 07:00:00,2025-02-22 10:00:00,9.100000381469727,8.029196541222623,9.399999618530273,True
180,core,2025-02-23 07:00:00,2025-02-23 10:00:00,10.300000190734863,7.984418439521473,9.100000381469727,True
180,core,2025-02-24 07:00:00,2025-02-24 10:00:00,9.399999618530273,7.992203651247287,10.300000190734863,True
180,core,2025-02-25 07:00:00,2025-02-25 10:00:00,9.399999618530273,8.074990980588016,9.399999618530273,True
180,core,2025-02-26 07:00:00,2025-02-26 10:00:00,8.800000190734863,8.064190591059269,9.399999618530273,True
180,core,2025-02-27 07:00:00,2025-02-27 10:00:00,10.300000190734863,8.084117196535653,8.800000190734863,True
180,core,2025-02-28 07:00:00,2025-02-28 10:00:00,10.600000381469727,8.120499967817421,10.300000190734863,True
180,core,2025-03-01 07:00:00,2025-03-01 10:00:00,7.800000190734863,8.195118974780225,10.600000381469727,True
180,core,2025-03-02 07:00:00,2025-03-02 10:00:00,10.0,8.109479697168972,7.800000190734863,True
180,core,2025-03-03 07:00:00,2025-03-03 10:00:00,8.300000190734863,8.10993494037783,10.0,True
180,core,2025-03-06 07:00:00,2025-03-06 10:00:00,8.5,8.196111646714286,,False
180,core,2025-03-07 07:00:00,2025-03-07 10:00:00,8.399999618530273,7.908778278024432,8.5,True
180,core,2025-03-08 07:00:00,2025-03-08 10:00:00,8.0,7.968498928249691,8.399999618530273,True
180,core,2025-03-09 07:00:00,2025-03-09 10:00:00,9.5,7.972478383980576,8.0,True
180,core,2025-03-10 07:00:00,2025-03-10 10:00:00,10.199999809265137,8.066494621473506,9.5,True
180,core,2025-03-11 07:00:00,2025-03-11 10:00:00,8.100000381469727,8.171978018674354,10.199999809265137,True
180,core,2025-03-12 07:00:00,2025-03-12 10:00:00,8.600000381469727,8.159864715406995,8.100000381469727,True
180,core,2025-03-13 07:00:00,2025-03-13 10:00:00,7.699999809265137,8.017249723249815,8.600000381469727,True
180,core,2025-03-14 07:00:00,2025-03-14 10:00:00,9.899999618530273,7.973074121708265,7.699999809265137,True
180,core,2025-03-15 07:00:00,2025-03-15 10:00:00,10.399999618530273,8.195970963522267,9.899999618530273,True
180,core,2025-03-16 07:00:00,2025-03-16 10:00:00,10.5,8.242629264350326,10.399999618530273,True
180,core,2025-03-17 07:00:00,2025-03-17 10:00:00,12.399999618530273,8.316382983280715,10.5,True
180,core,2025-03-18 07:00:00,2025-03-18 10:00:00,12.300000190734863,8.504487954919455,12.399999618530273,True
180,core,2025-03-19 07:00:00,2025-03-19 10:00:00,10.300000190734863,8.506305372878074,12.300000190734863,True
180,core,2025-03-20 07:00:00,2025-03-20 10:00:00,11.300000190734863,8.236613313947394,10.300000190734863,True
180,core,2025-03-21 07:00:00,2025-03-21 10:00:00,9.600000381469727,8.382036838930194,11.300000190734863,True
180,core,2025-03-22 07:00:00,2025-03-22 10:00:00,8.800000190734863,8.108752215951299,9.600000381469727,True
180,core,2025-03-23 07:00:00,2025-03-23 10:00:00,6.900000095367432,7.967485618835678,8.800000190734863,True
180,core,2025-03-24 03:00:00,2025-03-24 06:00:00,6.800000190734863,7.980793793905239,6.900000095367432,True
180,core,2025-03-24 07:00:00,2025-03-24 10:00:00,6.5,8.632329921596847,6.900000095367432,True
180,core,2025-03-24 21:01:00,2025-03-25 00:01:00,11.0,7.6406496413413585,6.5,True
180,core,2025-03-25 03:00:00,2025-03-25 06:00:00,13.399999618530273,7.870321129843758,6.5,True
180,core,2025-03-25 07:00:00,2025-03-25 10:00:00,8.100000381469727,8.010188709287437,11.0,True
180,core,2025-03-25 17:00:00,2025-03-25 20:00:00,10.5,7.9429401262561505,8.100000381469727,True
180,core,2025-03-26 07:00:00,2025-03-26 10:00:00,8.300000190734863,8.117916037012943,10.5,True
180,core,2025-03-26 20:07:57,2025-03-26 23:07:57,10.199999809265137,7.9672778015678265,8.300000190734863,True
180,core,2025-03-27 07:00:00,2025-03-27 10:00:00,5.400000095367432,8.002080534784158,10.199999809265137,True
180,core,2025-03-29 07:00:00,2025-03-29 10:00:00,8.399999618530273,8.118900085632921,5.400000095367432,True
180,core,2025-03-30 07:00:00,2025-03-30 10:00:00,10.199999809265137,8.1552767346324,8.399999618530273,True
180,core,2025-03-31 07:00:00,2025-03-31 10:00:00,8.600000381469727,8.240479788979197,10.199999809265137,True
180,core,2025-04-01 07:00:00,2025-04-01 10:00:00,7.0,8.256051477463354,8.600000381469727,True
180,core,2025-04-02 07:00:00,2025-04-02 10:00:00,7.300000190734863,8.421008173607275,7.0,True
180,core,2025-04-03 07:00:00,2025-04-03 10:00:00,9.899999618530273,8.060599653832282,7.300000190734863,True
180,core,2025-04-05 07:00:00,2025-04-05 10:00:00,5.800000190734863,8.420760091613412,9.899999618530273,True
180,core,2025-04-06 07:00:00,2025-04-06 10:00:00,6.800000190734863,8.348673448521533,5.800000190734863,True
180,core,2025-04-07 07:00:00,2025-04-07 10:00:00,7.5,8.24123970023068,6.800000190734863,True
180,core,2025-04-08 07:00:00,2025-04-08 10:00:00,6.800000190734863,8.090972600229437,7.5,True
180,core,2025-04-09 07:00:00,2025-04-09 10:00:00,8.100000381469727,8.044127952909479,6.800000190734863,True
180,core,2025-04-10 07:00:00,2025-04-10 10:00:00,6.099999904632568,8.099925249345558,8.100000381469727,True
180,core,2025-04-11 07:00:00,2025-04-11 10:00:00,7.400000095367432,8.102788069044934,6.099999904632568,True
180,core,2025-04-12 07:00:00,2025-04-12 10:00:00,8.699999809265137,8.092628405192553,7.400000095367432,True
180,core,2025-04-13 07:00:00,2025-04-13 10:00:00,5.300000190734863,8.132184452371996,8.699999809265137,True
180,core,2025-04-14 07:00:00,2025-04-14 10:00:00,7.699999809265137,8.126470251982997,5.300000190734863,True
180,core,2025-04-15 07:00:00,2025-04-15 10:00:00,8.5,7.8805915272614975,7.699999809265137,True
180,core,2025-04-16 07:00:00,2025-04-16 10:00:00,7.699999809265137,8.039057282670132,8.5,True
180,core,2025-04-17 07:00:00,2025-04-17 10:00:00,5.199999809265137,8.040324242060807,7.699999809265137,True
180,core,2025-04-18 07:00:00,2025-04-18 10:00:00,8.800000190734863,8.058281317872959,5.199999809265137,True
180,core,2025-04-18 17:00:00,2025-04-18 20:00:00,10.0,8.15338109501876,8.800000190734863,True
180,core,2025-04-19 07:00:00,2025-04-19 10:00:00,8.800000190734863,8.455100119515462,10.0,True
180,core,2025-04-20 07:00:00,2025-04-20 10:00:00,11.800000190734863,8.400708137127902,8.800000190734863,True
180,core,2025-04-21 07:00:00,2025-04-21 10:00:00,11.399999618530273,8.3249995223805,11.800000190734863,True
180,core,2025-04-22 07:00:00,2025-04-22 10:00:00,10.600000381469727,8.437046915867477,11.399999618530273,True
180,core,2025-04-23 07:00:00,2025-04-23 10:00:00,13.5,8.573125385363934,10.600000381469727,True
180,core,2025-04-24 07:00:00,2025-04-24 10:00:00,12.399999618530273,8.519368441960241,13.5,True
180,core,2025-04-25 07:00:00,2025-04-25 10:00:00,9.399999618530273,8.12423887591113,12.399999618530273,True
180,core,2025-04-26 03:00:00,2025-04-26 06:00:00,9.0,8.812956612538468,9.399999618530273,True
180,core,2025-04-26 07:00:00,2025-04-26 10:00:00,9.5,9.021100050682108,9.399999618530273,True
180,core,2025-04-27 07:00:00,2025-04-27 10:00:00,7.699999809265137,8.077043230554056,9.5,True
180,core,2025-04-28 07:00:00,2025-04-28 10:00:00,10.0,8.002038007410704,7.699999809265137,True
180,core,2025-04-29 07:00:00,2025-04-29 10:00:00,7.5,8.083512703010419,10.0,True
180,core,2025-04-30 07:00:00,2025-04-30 10:00:00,6.5,7.868339721465091,7.5,True
180,core,2025-05-01 07:00:00,2025-05-01 10:00:00,11.300000190734863,7.995516916808425,6.5,True
180,core,2025-05-02 07:00:00,2025-05-02 10:00:00,8.300000190734863,8.102811595891689,11.300000190734863,True
180,core,2025-05-03 07:00:00,2025-05-03 10:00:00,9.899999618530273,8.092583326927185,8.300000190734863,True
180,core,2025-05-04 07:00:00,2025-05-04 10:00:00,8.399999618530273,8.038574957584654,9.899999618530273,True
180,core,2025-05-05 07:00:00,2025-05-05 10:00:00,8.600000381469727,8.023186402498334,8.399999618530273,True
180,core,2025-05-06 07:00:00,2025-05-06 10:00:00,8.5,7.950072139876276,8.600000381469727,True
180,core,2025-05-07 07:00:00,2025-05-07 10:00:00,9.699999809265137,8.027334988722728,8.5,True
180,core,2025-05-08 07:00:00,2025-05-08 10:00:00,9.399999618530273,8.125175329498838,9.699999809265137,True
180,core,2025-05-09 07:00:00,2025-05-09 10:00:00,9.699999809265137,8.00722812099424,9.399999618530273,True
180,core,2025-05-10 07:00:00,2025-05-10 10:00:00,9.199999809265137,7.969224243696676,9.699999809265137,True
180,core,2025-05-11 07:00:00,2025-05-11 10:00:00,11.0,8.52227557727095,9.199999809265137,True
180,core,2025-05-11 11:00:00,2025-05-11 14:00:00,8.699999809265137,8.044932883217486,9.199999809265137,True
180,core,2025-05-12 07:00:00,2025-05-12 10:00:00,9.399999618530273,8.067496572629576,8.699999809265137,True
180,core,2025-05-13 07:00:00,2025-05-13 10:00:00,8.699999809265137,8.009254373628456,9.399999618530273,True
180,core,2025-05-14 07:00:00,2025-05-14 10:00:00,9.199999809265137,7.996688337484223,8.699999809265137,True
180,core,2025-05-15 07:00:00,2025-05-15 10:00:00,8.300000190734863,8.083533575547506,9.199999809265137,True
180,core,2025-05-16 07:00:00,2025-05-16 10:00:00,9.0,7.926251335419764,8.300000190734863,True
180,core,2025-05-17 07:00:00,2025-05-17 10:00:00,6.800000190734863,8.414175774644324,9.0,True
180,core,2025-05-18 07:00:00,2025-05-18 10:00:00,7.900000095367432,7.788375799700109,6.800000190734863,True
180,core,2025-05-18 23:00:00,2025-05-19 02:00:00,6.900000095367432,7.90663567781197,7.900000095367432,True
180,core,2025-05-19 07:00:00,2025-05-19 10:00:00,7.599999904632568,7.751591016708089,6.900000095367432,True
180,core,2025-05-20 07:00:00,2025-05-20 10:00:00,11.300000190734863,7.869692699868464,7.599999904632568,True
180,core,2025-05-21 07:00:00,2025-05-21 10:00:00,10.199999809265137,7.8185958939811755,11.300000190734863,True
180,core,2025-05-21 19:02:41,2025-05-21 22:02:41,9.0,7.886635381744432,10.199999809265137,True
180,core,2025-05-22 07:00:00,2025-05-22 10:00:00,8.800000190734863,7.820090145621073,9.0,True
180,core,2025-05-23 07:00:00,2025-05-23 10:00:00,10.0,7.897143281731266,8.800000190734863,True
180,core,2025-05-24 07:00:00,2025-05-24 10:00:00,8.0,7.959885989972648,10.0,True
180,core,2025-05-25 07:00:00,2025-05-25 10:00:00,8.300000190734863,7.819721636971556,8.0,True
180,core,2025-05-26 07:00:00,2025-05-26 10:00:00,6.699999809265137,7.774850722333769,8.300000190734863,True
180,core,2025-05-27 07:00:00,2025-05-27 10:00:00,9.199999809265137,7.735479767658232,6.699999809265137,True
180,core,2025-05-28 07:00:00,2025-05-28 10:00:00,7.5,7.817018346516548,9.199999809265137,True
180,core,2025-05-29 07:00:00,2025-05-29 10:00:00,8.699999809265137,7.813106603832118,7.5,True
180,core,2025-05-30 07:00:00,2025-05-30 10:00:00,10.0,7.7982754454155945,8.699999809265137,True
180,core,2025-05-31 07:00:00,2025-05-31 10:00:00,6.800000190734863,7.830660960571949,10.0,True
180,core,2025-06-01 07:00:00,2025-06-01 10:00:00,8.699999809265137,7.730293319943719,6.800000190734863,True
180,core,2025-06-02 07:00:00,2025-06-02 10:00:00,8.399999618530273,7.764591720289614,8.699999809265137,True
180,core,2025-06-03 07:00:00,2025-06-03 10:00:00,23.299999237060547,7.886953569661566,8.399999618530273,True
180,core,2025-06-03 14:30:00,2025-06-03 17:30:00,8.5,8.397356158714144,23.299999237060547,True
180,core,2025-06-04 07:00:00,2025-06-04 10:00:00,6.900000095367432,7.877263944362541,8.5,True
180,core,2025-06-05 07:00:00,2025-06-05 10:00:00,9.199999809265137,7.87404751619369,6.900000095367432,True
180,core,2025-06-06 07:00:00,2025-06-06 10:00:00,8.800000190734863,7.972008985180807,9.199999809265137,True
180,core,2025-06-07 07:00:00,2025-06-07 10:00:00,9.100000381469727,8.016575654430207,8.800000190734863,True
180,core,2025-06-08 07:00:00,2025-06-08 10:00:00,9.100000381469727,8.058719385000582,9.100000381469727,True
180,core,2025-06-09 07:00:00,2025-06-09 10:00:00,9.300000190734863,7.974114168481135,9.100000381469727,True
180,core,2025-06-10 07:00:00,2025-06-10 10:00:00,8.800000190734863,7.9532793276818,9.300000190734863,True
180,core,2025-06-11 07:00:00,2025-06-11 10:00:00,7.800000190734863,8.14417749782682,8.800000190734863,True
180,core,2025-06-12 07:00:00,2025-06-12 10:00:00,9.899999618530273,8.047481000950478,7.800000190734863,True
180,core,2025-06-13 07:00:00,2025-06-13 10:00:00,9.199999809265137,8.073285837748559,9.899999618530273,True
180,core,2025-06-14 07:00:00,2025-06-14 10:00:00,8.300000190734863,8.144977493159283,9.199999809265137,True
180,core,2025-06-15 07:00:00,2025-06-15 10:00:00,8.0,7.954551465803576,8.300000190734863,True
180,core,2025-06-16 07:00:00,2025-06-16 10:00:00,9.600000381469727,8.029743911342099,8.0,True
180,core,2025-06-17 07:00:00,2025-06-17 10:00:00,9.300000190734863,7.8546083125345785,9.600000381469727,True
180,core,2025-06-18 07:00:00,2025-06-18 10:00:00,8.5,8.054099361541283,9.300000190734863,True
180,core,2025-06-19 07:00:00,2025-06-19 10:00:00,10.600000381469727,8.038203836518406,8.5,True
180,core,2025-06-20 07:00:00,2025-06-20 10:00:00,8.300000190734863,8.134303159316914,10.600000381469727,True
180,core,2025-06-21 07:00:00,2025-06-21 10:00:00,3.200000047683716,8.00606543921958,8.300000190734863,True
180,core,2025-06-21 12:57:36,2025-06-21 15:57:36,8.399999618530273,7.843960531231126,8.300000190734863,True
180,core,2025-06-22 07:00:00,2025-06-22 10:00:00,7.699999809265137,8.0483847419644,8.399999618530273,True
180,core,2025-06-23 07:00:00,2025-06-23 10:00:00,7.599999904632568,8.093059707877075,7.699999809265137,True
180,core,2025-06-24 07:00:00,2025-06-24 10:00:00,9.199999809265137,8.204979733976097,7.599999904632568,True
180,core,2025-06-25 07:00:00,2025-06-25 10:00:00,8.5,8.169045642621564,9.199999809265137,True
180,core,2025-06-26 07:00:00,2025-06-26 10:00:00,7.199999809265137,7.903585820901341,8.5,True
180,core,2025-06-27 07:00:00,2025-06-27 10:00:00,8.899999618530273,7.949639389104842,7.199999809265137,True
180,core,2025-06-28 07:00:00,2025-06-28 10:00:00,9.800000190734863,8.022579284734594,8.899999618530273,True
180,core,2025-06-29 07:00:00,2025-06-29 10:00:00,8.5,8.012662921150776,9.800000190734863,True
180,core,2025-06-30 07:00:00,2025-06-30 10:00:00,8.0,7.913128527568052,8.5,True
180,core,2025-07-01 07:00:00,2025-07-01 10:00:00,8.199999809265137,7.95929745975392,8.0,True
180,core,2025-07-02 07:00:00,2025-07-02 10:00:00,8.800000190734863,8.024182901916568,8.199999809265137,True
180,core,2025-07-03 07:00:00,2025-07-03 10:00:00,9.300000190734863,7.942114122680325,8.800000190734863,True
180,core,2025-07-04 07:00:00,2025-07-04 10:00:00,9.399999618530273,7.969079268594296,9.300000190734863,True
180,core,2025-07-05 07:00:00,2025-07-05 10:00:00,8.600000381469727,8.087526358424087,9.399999618530273,True
180,core,2025-07-06 07:00:00,2025-07-06 10:00:00,9.300000190734863,7.968750554694402,8.600000381469727,True
180,core,2025-07-07 07:00:00,2025-07-07 10:00:00,8.5,8.064978969003379,9.300000190734863,True
180,core,2025-07-08 07:00:00,2025-07-08 10:00:00,9.199999809265137,7.955717470290475,8.5,True
180,core,2025-07-09 07:00:00,2025-07-09 10:00:00,8.199999809265137,7.996601172327413,9.199999809265137,True
180,core,2025-07-10 07:00:00,2025-07-10 10:00:00,7.599999904632568,7.928932378148266,8.199999809265137,True
180,core,2025-07-11 07:00:00,2025-07-11 10:00:00,9.100000381469727,8.011607194642727,7.599999904632568,True
180,core,2025-07-12 07:00:00,2025-07-12 10:00:00,8.800000190734863,8.065249219538874,9.100000381469727,True
180,core,2025-07-13 07:00:00,2025-07-13 10:00:00,8.5,8.097463101834796,8.800000190734863,True
180,core,2025-07-14 07:00:00,2025-07-14 10:00:00,9.800000190734863,8.202499498241428,8.5,True
180,core,2025-07-15 07:00:00,2025-07-15 10:00:00,9.399999618530273,8.340103311264674,9.800000190734863,True
180,core,2025-07-16 07:00:00,2025-07-16 10:00:00,9.100000381469727,8.159524364679946,9.399999618530273,True
180,core,2025-07-17 07:00:00,2025-07-17 10:00:00,8.100000381469727,8.140273741184078,9.100000381469727,True
180,core,2025-07-18 07:00:00,2025-07-18 10:00:00,9.399999618530273,8.039813272763972,8.100000381469727,True
180,core,2025-07-19 07:00:00,2025-07-19 10:00:00,7.900000095367432,8.078753619522185,9.399999618530273,True
180,core,2025-07-20 07:00:00,2025-07-20 10:00:00,9.5,8.050341361664302,7.900000095367432,True
180,core,2025-07-21 07:00:00,2025-07-21 10:00:00,9.300000190734863,8.026917367717289,9.5,True
180,core,2025-07-22 07:00:00,2025-07-22 10:00:00,9.899999618530273,8.050858689581805,9.300000190734863,True
180,core,2025-07-23 07:00:00,2025-07-23 10:00:00,8.5,8.066470661557922,9.899999618530273,True
180,core,2025-07-24 07:00:00,2025-07-24 10:00:00,8.199999809265137,8.006535752497177,8.5,True
180,core,2025-07-24 10:00:00,2025-07-24 13:00:00,120.0,7.925630297100636,8.5,True
180,core,2025-07-24 10:15:00,2025-07-24 13:15:00,45.900001525878906,7.516223309166719,8.5,True
180,core,2025-07-24 12:20:00,2025-07-24 15:20:00,2.0999999046325684,9.654856948115697,8.5,True
180,core,2025-07-25 07:00:00,2025-07-25 10:00:00,9.600000381469727,7.653214609748739,2.0999999046325684,True
180,core,2025-07-26 07:00:00,2025-07-26 10:00:00,7.300000190734863,7.8139713772008825,9.600000381469727,True
180,core,2025-07-27 07:00:00,2025-07-27 10:00:00,8.899999618530273,7.874322731113809,7.300000190734863,True
180,core,2025-07-28 07:00:00,2025-07-28 10:00:00,10.199999809265137,8.024897225580062,8.899999618530273,True
180,core,2025-07-28 13:00:00,2025-07-28 16:00:00,35.099998474121094,10.22713153050848,8.899999618530273,True
180,core,2025-07-28 18:26:26,2025-07-28 21:26:26,3.5,9.162064453920165,10.199999809265137,True
180,core,2025-07-29 07:00:00,2025-07-29 10:00:00,8.300000190734863,7.856739731128048,3.5,True
180,core,2025-07-30 07:00:00,2025-07-30 10:00:00,10.0,7.835120889458462,8.300000190734863,True
180,core,2025-07-31 07:00:00,2025-07-31 10:00:00,6.599999904632568,7.927411294261892,10.0,True
180,core,2025-08-01 07:00:00,2025-08-01 10:00:00,5.300000190734863,7.765370316244052,6.599999904632568,True
180,core,2025-08-03 07:00:00,2025-08-03 10:00:00,10.199999809265137,7.73577682043806,5.300000190734863,True
180,core,2025-08-04 07:00:00,2025-08-04 10:00:00,7.5,7.936158792907541,10.199999809265137,True
180,core,2025-08-05 07:00:00,2025-08-05 10:00:00,6.599999904632568,7.885795095808216,7.5,True
180,core,2025-08-05 11:05:08,2025-08-05 14:05:08,3.5999999046325684,7.031567835822356,7.5,True
180,core,2025-08-06 07:00:00,2025-08-06 10:00:00,7.900000095367432,7.684057107689323,3.5999999046325684,True
180,core,2025-08-07 07:00:00,2025-08-07 10:00:00,6.300000190734863,7.640710010351855,7.900000095367432,True
180,core,2025-08-08 07:00:00,2025-08-08 10:00:00,7.400000095367432,7.757437904243311,6.300000190734863,True
180,core,2025-08-09 07:00:00,2025-08-09 10:00:00,7.599999904632568,7.96226621673075,7.400000095367432,True
180,core,2025-08-10 07:00:00,2025-08-10 10:00:00,9.300000190734863,7.914507104509497,7.599999904632568,True
180,core,2025-08-12 07:00:00,2025-08-12 10:00:00,8.0,8.033406994568626,9.300000190734863,True
180,core,2025-08-13 07:00:00,2025-08-13 10:00:00,9.199999809265137,8.080836011332604,8.0,True
180,core,2025-08-14 07:00:00,2025-08-14 10:00:00,10.5,8.117262248587862,9.199999809265137,True
180,core,2025-08-14 11:00:00,2025-08-14 14:00:00,11.800000190734863,7.77035769034077,9.199999809265137,True
180,core,2025-08-14 17:00:00,2025-08-14 20:00:00,4.699999809265137,8.100313623240021,10.5,True
180,core,2025-08-15 07:00:00,2025-08-15 10:00:00,8.100000381469727,7.945716232522347,4.699999809265137,True
180,core,2025-08-16 07:00:00,2025-08-16 10:00:00,8.300000190734863,7.968918569732253,8.100000381469727,True
180,core,2025-08-16 17:00:00,2025-08-16 20:00:00,5.199999809265137,8.151843637767016,8.300000190734863,True
180,core,2025-08-17 07:00:00,2025-08-17 10:00:00,7.900000095367432,7.9099599199703405,5.199999809265137,True
180,core,2025-08-18 07:00:00,2025-08-18 10:00:00,9.199999809265137,8.148847395163237,7.900000095367432,True
180,core,2025-08-19 07:00:00,2025-08-19 10:00:00,6.699999809265137,8.182474427053407,9.199999809265137,True
180,core,2025-08-20 07:00:00,2025-08-20 10:00:00,7.099999904632568,8.0407019912824,6.699999809265137,True
180,core,2025-08-21 07:00:00,2025-08-21 10:00:00,6.599999904632568,8.128520623921512,7.099999904632568,True
180,core,2025-08-22 07:00:00,2025-08-22 10:00:00,8.5,8.058951321688854,6.599999904632568,True
180,core,2025-08-23 07:00:00,2025-08-23 10:00:00,11.399999618530273,7.94373034361144,8.5,True
180,core,2025-08-23 19:00:00,2025-08-23 22:00:00,8.899999618530273,8.037604756341382,11.399999618530273,True
180,core,2025-08-24 07:00:00,2025-08-24 10:00:00,9.399999618530273,8.033427059339385,8.899999618530273,True
180,core,2025-08-25 07:00:00,2025-08-25 10:00:00,10.899999618530273,8.081367427409644,9.399999618530273,True
180,core,2025-08-27 07:00:00,2025-08-27 10:00:00,8.699999809265137,8.27313486363049,10.899999618530273,True
180,core,2025-08-27 19:00:00,2025-08-27 22:00:00,9.300000190734863,8.118617609945401,8.699999809265137,True
180,core,2025-08-28 07:00:00,2025-08-28 10:00:00,7.800000190734863,8.115383618873475,9.300000190734863,True
180,core,2025-08-29 07:00:00,2025-08-29 10:00:00,8.0,8.22328986334633,7.800000190734863,True
180,core,2025-08-30 07:00:00,2025-08-30 10:00:00,11.100000381469727,8.221360688154743,8.0,True
180,core,2025-08-31 07:00:00,2025-08-31 10:00:00,8.600000381469727,8.394325437095254,11.100000381469727,True
180,core,2025-09-01 07:00:00,2025-09-01 10:00:00,7.599999904632568,8.36505085165567,8.600000381469727,True
180,core,2025-09-02 07:00:00,2025-09-02 10:00:00,7.199999809265137,8.151289013458886,7.599999904632568,True
180,core,2025-09-03 07:00:00,2025-09-03 10:00:00,10.699999809265137,8.049291504987814,7.199999809265137,True
180,core,2025-09-04 07:00:00,2025-09-04 10:00:00,7.300000190734863,7.9719504940128925,10.699999809265137,True
180,core,2025-09-05 07:00:00,2025-09-05 10:00:00,9.699999809265137,8.363471475635574,7.300000190734863,True
180,core,2025-09-06 07:00:00,2025-09-06 10:00:00,11.699999809265137,8.30472217495097,9.699999809265137,True
180,core,2025-09-07 07:00:00,2025-09-07 10:00:00,10.699999809265137,8.561174748635572,11.699999809265137,True
180,core,2025-09-08 07:00:00,2025-09-08 10:00:00,9.800000190734863,8.343538687238174,10.699999809265137,True
180,core,2025-09-09 07:00:00,2025-09-09 10:00:00,8.399999618530273,8.281596702205544,9.800000190734863,True
180,core,2025-09-10 07:00:00,2025-09-10 10:00:00,10.100000381469727,8.385607230319032,8.399999618530273,True
180,core,2025-09-11 07:00:00,2025-09-11 10:00:00,8.699999809265137,8.335082519634168,10.100000381469727,True
180,core,2025-09-12 07:00:00,2025-09-12 10:00:00,9.899999618530273,8.380944367269125,8.699999809265137,True
180,core,2025-09-13 07:00:00,2025-09-13 10:00:00,9.800000190734863,8.355270024841476,9.899999618530273,True
180,core,2025-09-14 07:00:00,2025-09-14 10:00:00,9.899999618530273,8.48036316624316,9.800000190734863,True
180,core,2025-09-15 07:00:00,2025-09-15 10:00:00,8.300000190734863,8.502432486591818,9.899999618530273,True
180,core,2025-09-16 07:00:00,2025-09-16 10:00:00,9.199999809265137,8.398226555205763,8.300000190734863,True
180,core,2025-09-17 07:00:00,2025-09-17 10:00:00,9.300000190734863,8.433500305608995,9.199999809265137,True
180,core,2025-09-18 07:00:00,2025-09-18 10:00:00,9.600000381469727,8.3255816530041,9.300000190734863,True
180,core,2025-09-19 07:00:00,2025-09-19 10:00:00,9.600000381469727,8.42295432159017,9.600000381469727,True
180,core,2025-09-20 07:00:00,2025-09-20 10:00:00,8.5,8.4014120748744,9.600000381469727,True
180,core,2025-09-21 07:00:00,2025-09-21 10:00:00,7.599999904632568,8.37710180121735,8.5,True
180,core,2025-09-22 07:00:00,2025-09-22 10:00:00,8.899999618530273,8.496864725462537,7.599999904632568,True
180,core,2025-09-23 07:00:00,2025-09-23 10:00:00,10.199999809265137,8.341309156379808,8.899999618530273,True
180,core,2025-09-24 07:00:00,2025-09-24 10:00:00,10.5,8.211222347883865,10.199999809265137,True
180,core,2025-09-25 07:00:00,2025-09-25 10:00:00,9.800000190734863,8.128602761873374,10.5,True
180,core,2025-09-26 07:00:00,2025-09-26 10:00:00,7.599999904632568,8.048070032510983,9.800000190734863,True
180,core,2025-09-27 07:00:00,2025-09-27 10:00:00,8.399999618530273,7.948948776185409,7.599999904632568,True
180,core,2025-09-28 07:00:00,2025-09-28 10:00:00,9.399999618530273,7.946088820300021,8.399999618530273,True
180,core,2025-09-28 14:00:00,2025-09-28 17:00:00,15.300000190734863,8.115827314726188,9.399999618530273,True
180,core,2025-09-28 17:00:00,2025-09-28 20:00:00,8.300000190734863,7.795551348943391,9.399999618530273,True
180,core,2025-09-29 07:00:00,2025-09-29 10:00:00,9.199999809265137,8.1536251709358,8.300000190734863,True
180,core,2025-09-30 07:00:00,2025-09-30 10:00:00,8.300000190734863,8.05138188510255,9.199999809265137,True
180,core,2025-10-01 07:00:00,2025-10-01 10:00:00,9.800000190734863,8.099025223730765,8.300000190734863,True
180,core,2025-10-02 07:00:00,2025-10-02 10:00:00,9.699999809265137,8.071915475719043,9.800000190734863,True
180,core,2025-10-03 07:00:00,2025-10-03 10:00:00,10.399999618530273,8.093640060333911,9.699999809265137,True
180,core,2025-10-05 07:00:00,2025-10-05 10:00:00,9.699999809265137,7.8739384436347475,10.399999618530273,True
180,core,2025-10-06 07:00:00,2025-10-06 10:00:00,9.800000190734863,8.019753071494884,9.699999809265137,True
180,core,2025-10-06 11:00:00,2025-10-06 14:00:00,5.199999809265137,7.951427193332611,9.699999809265137,True
180,core,2025-10-07 07:00:00,2025-10-07 10:00:00,9.300000190734863,7.794698740526142,5.199999809265137,True
180,core,2025-10-08 07:00:00,2025-10-08 10:00:00,9.800000190734863,8.000604049101199,9.300000190734863,True
180,core,2025-10-09 07:00:00,2025-10-09 10:00:00,12.699999809265137,7.900777518790328,9.800000190734863,True
180,core,2025-10-09 13:00:00,2025-10-09 16:00:00,8.699999809265137,7.889228094716438,9.800000190734863,True
180,core,2025-10-09 19:00:00,2025-10-09 22:00:00,9.0,8.017498900791706,12.699999809265137,True
180,core,2025-10-10 07:00:00,2025-10-10 10:00:00,10.199999809265137,7.96518229663177,9.0,True
180,core,2025-10-10 17:00:00,2025-10-10 20:00:00,9.600000381469727,8.488191885222513,10.199999809265137,True
180,core,2025-10-11 07:00:00,2025-10-11 10:00:00,9.0,8.420131097824877,9.600000381469727,True
180,core,2025-10-12 07:00:00,2025-10-12 10:00:00,10.5,7.767232946972086,9.0,True
180,core,2025-10-14 07:00:00,2025-10-14 10:00:00,9.199999809265137,7.162620549233029,10.5,True
180,core,2025-10-15 07:00:00,2025-10-15 10:00:00,9.100000381469727,7.829092160671387,9.199999809265137,True
180,core,2025-10-16 07:00:00,2025-10-16 10:00:00,12.199999809265137,7.878981319832214,9.100000381469727,True
180,core,2025-10-16 12:00:00,2025-10-16 15:00:00,9.699999809265137,7.873246309576988,9.100000381469727,True
180,core,2025-10-17 07:00:00,2025-10-17 10:00:00,10.399999618530273,7.893724216761065,9.699999809265137,True
180,core,2025-10-18 07:00:00,2025-10-18 10:00:00,10.800000190734863,7.973432903006675,10.399999618530273,True
180,core,2025-10-18 13:00:00,2025-10-18 16:00:00,8.0,7.980976155048996,10.399999618530273,True
180,core,2025-10-19 07:00:00,2025-10-19 10:00:00,6.5,7.816401672747274,8.0,True
180,core,2025-10-20 07:00:00,2025-10-20 10:00:00,10.5,7.805529279107793,6.5,True
180,core,2025-10-21 07:00:00,2025-10-21 10:00:00,10.100000381469727,7.998713905102674,10.5,True
180,core,2025-10-21 13:00:00,2025-10-21 16:00:00,11.0,7.96771881900643,10.5,True
180,core,2025-10-21 19:00:00,2025-10-21 22:00:00,10.0,7.853042317234294,10.100000381469727,True
180,core,2025-10-22 07:00:00,2025-10-22 10:00:00,9.300000190734863,7.821937947176197,10.0,True
180,core,2025-10-22 17:00:00,2025-10-22 20:00:00,11.0,7.890183839288282,9.300000190734863,True
180,core,2025-10-22 23:00:00,2025-10-23 02:00:00,6.699999809265137,7.7662184348451095,9.300000190734863,True
180,core,2025-10-23 07:00:00,2025-10-23 10:00:00,9.100000381469727,7.617189208447602,6.699999809265137,True
180,core,2025-10-23 18:00:00,2025-10-23 21:00:00,6.5,7.706439121367028,9.100000381469727,True
180,core,2025-10-24 07:00:00,2025-10-24 10:00:00,7.0,7.728365258157206,6.5,True
180,core,2025-10-25 07:00:00,2025-10-25 10:00:00,7.199999809265137,7.666718454454919,7.0,True
180,core,2025-10-26 07:00:00,2025-10-26 10:00:00,7.199999809265137,7.684754217593365,7.199999809265137,True
180,core,2025-10-27 07:00:00,2025-10-27 10:00:00,10.399999618530273,7.8447218137169,7.199999809265137,True
180,core,2025-10-27 12:15:10,2025-10-27 15:15:10,9.600000381469727,7.855731893190294,7.199999809265137,True
180,core,2025-10-27 15:46:34,2025-10-27 18:46:34,5.599999904632568,7.8644617589535635,10.399999618530273,True
180,core,2025-10-27 19:00:00,2025-10-27 22:00:00,7.699999809265137,7.803532060301796,10.399999618530273,True
180,core,2025-10-28 07:00:00,2025-10-28 10:00:00,9.899999618530273,7.881135225067286,7.699999809265137,True
180,core,2025-10-28 11:00:00,2025-10-28 14:00:00,7.800000190734863,7.745205731720084,7.699999809265137,True
180,core,2025-10-29 07:00:00,2025-10-29 10:00:00,9.199999809265137,7.678220472125043,7.800000190734863,True
180,core,2025-10-30 07:00:00,2025-10-30 10:00:00,9.899999618530273,7.806162469655904,9.199999809265137,True
180,core,2025-10-31 07:00:00,2025-10-31 10:00:00,10.199999809265137,7.892354710202314,9.899999618530273,True
180,core,2025-11-01 07:00:00,2025-11-01 10:00:00,7.800000190734863,7.893529117219538,10.199999809265137,True
180,core,2025-11-02 07:00:00,2025-11-02 10:00:00,10.100000381469727,7.757097360264993,7.800000190734863,True
180,core,2025-11-03 02:00:00,2025-11-03 05:00:00,8.5,7.824147967226503,10.100000381469727,True
180,core,2025-11-03 07:00:00,2025-11-03 10:00:00,9.5,7.864263854283781,10.100000381469727,True
180,core,2025-11-04 07:00:00,2025-11-04 10:00:00,9.399999618530273,7.900872576959465,9.5,True
180,core,2025-11-05 07:00:00,2025-11-05 10:00:00,8.899999618530273,7.886489357812739,9.399999618530273,True
180,core,2025-11-06 07:00:00,2025-11-06 10:00:00,9.600000381469727,7.817266179278471,8.899999618530273,True
180,core,2025-11-07 07:00:00,2025-11-07 10:00:00,9.899999618530273,7.929284858046316,9.600000381469727,True
180,core,2025-11-08 07:00:00,2025-11-08 10:00:00,8.800000190734863,7.947838379344791,9.899999618530273,True
180,core,2025-11-09 07:00:00,2025-11-09 10:00:00,10.5,7.881676563515638,8.800000190734863,True
180,core,2025-11-09 10:00:00,2025-11-09 13:00:00,11.199999809265137,7.839803255990715,8.800000190734863,True
180,core,2025-11-09 14:00:09,2025-11-09 17:00:09,8.100000381469727,8.00992897625392,10.5,True
180,core,2025-11-09 21:00:00,2025-11-10 00:00:00,7.300000190734863,7.814285010010041,11.199999809265137,True
180,core,2025-11-10 07:00:00,2025-11-10 10:00:00,8.100000381469727,7.793053592556483,7.300000190734863,True
180,core,2025-11-11 07:00:00,2025-11-11 10:00:00,9.100000381469727,7.768229863949944,8.100000381469727,True
180,core,2025-11-12 07:00:00,2025-11-12 10:00:00,11.5,7.877038666385081,9.100000381469727,True
180,core,2025-11-12 14:06:58,2025-11-12 17:06:58,8.100000381469727,7.887203200082338,11.5,True
180,core,2025-11-13 07:00:00,2025-11-13 10:00:00,7.300000190734863,7.831140405594228,8.100000381469727,True
180,core,2025-11-14 07:00:00,2025-11-14 10:00:00,10.399999618530273,7.750319498957383,7.300000190734863,True
180,core,2025-11-14 19:00:00,2025-11-14 22:00:00,8.300000190734863,7.842749576263126,10.399999618530273,True
180,core,2025-11-15 07:00:00,2025-11-15 10:00:00,9.199999809265137,7.821930298456454,8.300000190734863,True
180,core,2025-11-16 07:00:00,2025-11-16 10:00:00,9.899999618530273,7.931069376893772,9.199999809265137,True
180,core,2025-11-17 07:00:00,2025-11-17 10:00:00,9.199999809265137,7.867788376605763,9.899999618530273,True
180,core,2025-11-18 07:00:00,2025-11-18 10:00:00,9.800000190734863,7.8814283110096035,9.199999809265137,True
180,core,2025-11-19 07:00:00,2025-11-19 10:00:00,9.699999809265137,7.799234832953472,9.800000190734863,True
180,core,2025-11-20 07:00:00,2025-11-20 10:00:00,6.099999904632568,7.732719936937809,9.699999809265137,True
180,core,2025-11-21 07:00:00,2025-11-21 10:00:00,10.399999618530273,7.701836691825138,6.099999904632568,True
180,core,2025-11-22 07:00:00,2025-11-22 10:00:00,9.300000190734863,7.864064031755333,10.399999618530273,True
180,core,2025-11-23 07:00:00,2025-11-23 10:00:00,9.899999618530273,7.742524187953721,9.300000190734863,True
180,core,2025-11-23 19:51:00,2025-11-23 22:51:00,9.899999618530273,7.745378570873443,9.899999618530273,True
180,core,2025-11-23 23:38:00,2025-11-24 02:38:00,10.699999809265137,7.844371146490991,9.899999618530273,True
180,core,2025-11-24 07:00:00,2025-11-24 10:00:00,9.0,7.785093085818428,10.699999809265137,True
180,core,2025-11-24 17:00:00,2025-11-24 20:00:00,8.399999618530273,7.7040521808352285,9.0,True
180,core,2025-11-25 07:00:00,2025-11-25 10:00:00,9.899999618530273,7.752077687889539,8.399999618530273,True
180,core,2025-11-26 07:00:00,2025-11-26 10:00:00,9.699999809265137,7.839125424251989,9.899999618530273,True
180,core,2025-11-27 07:00:00,2025-11-27 10:00:00,13.100000381469727,7.937922341756487,9.699999809265137,True
180,core,2025-11-27 09:45:00,2025-11-27 12:45:00,10.5,7.969887793874509,9.699999809265137,True
180,core,2025-11-27 19:00:00,2025-11-27 22:00:00,8.600000381469727,8.03775002196387,10.5,True
180,core,2025-11-28 07:00:00,2025-11-28 10:00:00,9.0,7.76594769931871,8.600000381469727,True
180,core,2025-11-29 07:00:00,2025-11-29 10:00:00,7.300000190734863,7.82202276360073,9.0,True
180,core,2025-11-30 07:00:00,2025-11-30 10:00:00,8.699999809265137,7.77740453372461,7.300000190734863,True
180,core,2025-12-01 07:00:00,2025-12-01 10:00:00,7.800000190734863,7.8210685517477,8.699999809265137,True
180,core,2025-12-02 07:00:00,2025-12-02 10:00:00,8.399999618530273,7.826270061687099,7.800000190734863,True
180,core,2025-12-03 07:00:00,2025-12-03 10:00:00,6.800000190734863,8.10512114017464,8.399999618530273,True
180,core,2025-12-04 07:00:00,2025-12-04 10:00:00,7.800000190734863,8.035369957509436,6.800000190734863,True
180,core,2025-12-05 07:00:00,2025-12-05 10:00:00,9.0,7.889734268460087,7.800000190734863,True
180,core,2025-12-06 07:00:00,2025-12-06 10:00:00,8.300000190734863,7.831040729737422,9.0,True
180,core,2025-12-07 07:00:00,2025-12-07 10:00:00,10.199999809265137,7.729000465329904,8.300000190734863,True
180,core,2025-12-08 07:00:00,2025-12-08 10:00:00,8.199999809265137,7.731316810870659,10.199999809265137,True
180,core,2025-12-09 07:00:00,2025-12-09 10:00:00,9.100000381469727,7.810303271256521,8.199999809265137,True
180,core,2025-12-10 03:00:00,2025-12-10 06:00:00,9.800000190734863,8.34759201269081,9.100000381469727,True
180,core,2025-12-10 06:35:00,2025-12-10 09:35:00,8.0,8.562724617702278,9.100000381469727,True
180,core,2025-12-10 17:00:00,2025-12-10 20:00:00,7.800000190734863,8.025161226833163,8.0,True
180,core,2025-12-11 07:00:00,2025-12-11 10:00:00,7.300000190734863,7.746876018343212,7.800000190734863,True
180,core,2025-12-11 14:00:00,2025-12-11 17:00:00,10.5,7.6676518233823785,7.300000190734863,True
180,core,2025-12-12 07:00:00,2025-12-12 10:00:00,7.599999904632568,8.112746868418084,10.5,True
180,core,2025-12-13 07:00:00,2025-12-13 10:00:00,6.699999809265137,7.952477170692394,7.599999904632568,True
180,core,2025-12-14 07:00:00,2025-12-14 10:00:00,6.400000095367432,7.97005697423338,6.699999809265137,True
180,core,2025-12-14 11:22:00,2025-12-14 14:22:00,11.0,7.912558005828718,6.699999809265137,True
180,core,2025-12-15 07:00:00,2025-12-15 10:00:00,8.800000190734863,7.939086467934537,11.0,True
180,core,2025-12-16 07:00:00,2025-12-16 10:00:00,7.400000095367432,7.919082432866382,8.800000190734863,True
180,core,2025-12-17 07:00:00,2025-12-17 10:00:00,8.399999618530273,7.987966501669824,7.400000095367432,True
180,core,2025-12-18 07:00:00,2025-12-18 10:00:00,9.300000190734863,8.06055851566862,8.399999618530273,True
180,core,2025-12-19 07:00:00,2025-12-19 10:00:00,9.399999618530273,8.035242119484856,9.300000190734863,True
180,core,2025-12-20 07:00:00,2025-12-20 10:00:00,9.100000381469727,7.861022045060512,9.399999618530273,True
180,core,2025-12-21 07:00:00,2025-12-21 10:00:00,8.800000190734863,7.876545255931566,9.100000381469727,True
180,core,2025-12-22 07:00:00,2025-12-22 10:00:00,9.0,7.902316519432075,8.800000190734863,True
180,core,2025-12-23 07:00:00,2025-12-23 10:00:00,8.300000190734863,7.851353905266832,9.0,True
180,core,2025-12-24 07:00:00,2025-12-24 10:00:00,5.099999904632568,7.717094099156181,8.300000190734863,True
180,core,2025-12-25 07:00:00,2025-12-25 10:00:00,9.0,8.047968178216328,5.099999904632568,True
180,core,2025-12-26 07:00:00,2025-12-26 10:00:00,6.199999809265137,7.920754683818204,9.0,True
180,core,2025-12-27 07:00:00,2025-12-27 10:00:00,8.899999618530273,7.884889204249426,6.199999809265137,True
180,core,2025-12-28 07:00:00,2025-12-28 10:00:00,10.899999618530273,7.980441533581439,8.899999618530273,True
180,core,2025-12-28 21:00:00,2025-12-29 00:00:00,10.5,8.089958584548867,10.899999618530273,True
180,core,2025-12-28 23:30:00,2025-12-29 02:30:00,7.900000095367432,8.077395932995714,10.899999618530273,True
180,core,2025-12-29 07:00:00,2025-12-29 10:00:00,4.699999809265137,7.567322033958776,7.900000095367432,True
180,core,2025-12-30 07:00:00,2025-12-30 10:00:00,9.699999809265137,7.738820150840382,4.699999809265137,True
180,core,2025-12-31 07:00:00,2025-12-31 10:00:00,9.0,7.8559355396273265,9.699999809265137,True
180,separate_pak,2025-01-01 07:00:00,2025-01-01 10:00:00,3.5,7.769193066240133,2.700000047683716,True
180,separate_pak,2025-01-02 07:00:00,2025-01-02 10:00:00,7.099999904632568,8.196961589057144,3.5,True
180,separate_pak,2025-01-03 07:00:00,2025-01-03 10:00:00,7.699999809265137,8.377845176107941,7.099999904632568,True
180,separate_pak,2025-01-04 07:00:00,2025-01-04 10:00:00,5.400000095367432,8.497053222807754,7.699999809265137,True
180,separate_pak,2025-01-05 07:00:00,2025-01-05 10:00:00,5.300000190734863,7.988051458841062,5.400000095367432,True
180,separate_pak,2025-01-06 07:00:00,2025-01-06 10:00:00,4.800000190734863,8.131136873614789,5.300000190734863,True
180,separate_pak,2025-01-07 07:00:00,2025-01-07 10:00:00,5.099999904632568,8.02750141817299,4.800000190734863,True
180,separate_pak,2025-01-08 07:00:00,2025-01-08 10:00:00,3.5999999046325684,7.824453306679263,5.099999904632568,True
180,separate_pak,2025-01-09 07:00:00,2025-01-09 10:00:00,3.9000000953674316,7.862077668251839,3.5999999046325684,True
180,separate_pak,2025-01-10 07:00:00,2025-01-10 10:00:00,3.5,7.876676601827127,3.9000000953674316,True
180,separate_pak,2025-01-11 07:00:00,2025-01-11 10:00:00,3.5999999046325684,7.795144419060563,3.5,True
180,separate_pak,2025-01-12 07:00:00,2025-01-12 10:00:00,4.199999809265137,7.741920511161307,3.5999999046325684,True
180,separate_pak,2025-01-13 07:00:00,2025-01-13 10:00:00,6.0,8.017845800613873,4.199999809265137,True
180,separate_pak,2025-01-14 07:00:00,2025-01-14 10:00:00,1.600000023841858,6.886671124615479,6.0,True
180,separate_pak,2025-01-15 07:00:00,2025-01-15 10:00:00,1.899999976158142,7.663948023490802,1.600000023841858,True
180,separate_pak,2025-01-16 07:00:00,2025-01-16 10:00:00,7.099999904632568,8.14658919924778,1.899999976158142,True
180,separate_pak,2025-01-17 07:00:00,2025-01-17 10:00:00,8.199999809265137,8.257987741431961,7.099999904632568,True
180,separate_pak,2025-01-18 07:00:00,2025-01-18 10:00:00,7.599999904632568,8.438028476604146,8.199999809265137,True
180,separate_pak,2025-01-19 07:00:00,2025-01-19 10:00:00,6.900000095367432,8.236070109775438,7.599999904632568,True
180,separate_pak,2025-01-20 07:00:00,2025-01-20 10:00:00,10.600000381469727,8.467042330234332,6.900000095367432,True
180,separate_pak,2025-01-21 07:00:00,2025-01-21 10:00:00,8.300000190734863,8.433789983919063,10.600000381469727,True
180,separate_pak,2025-01-22 07:00:00,2025-01-22 10:00:00,6.099999904632568,8.396908523918093,8.300000190734863,True
180,separate_pak,2025-01-23 07:00:00,2025-01-23 10:00:00,6.099999904632568,8.426796300901625,6.099999904632568,True
180,separate_pak,2025-01-23 19:00:00,2025-01-23 22:00:00,5.900000095367432,8.41045312053612,6.099999904632568,True
180,separate_pak,2025-01-24 07:00:00,2025-01-24 10:00:00,6.699999809265137,8.39888189605615,5.900000095367432,True
180,separate_pak,2025-01-25 07:00:00,2025-01-25 10:00:00,7.5,8.157828760763163,6.699999809265137,True
180,separate_pak,2025-01-26 07:00:00,2025-01-26 10:00:00,8.899999618530273,8.3598385843173,7.5,True
180,separate_pak,2025-01-27 07:00:00,2025-01-27 10:00:00,6.0,8.36264260826252,8.899999618530273,True
180,separate_pak,2025-01-28 07:00:00,2025-01-28 10:00:00,7.900000095367432,8.154150461393915,6.0,True
180,separate_pak,2025-01-29 07:00:00,2025-01-29 10:00:00,6.199999809265137,8.149874705691094,7.900000095367432,True
180,separate_pak,2025-01-30 07:00:00,2025-01-30 10:00:00,5.900000095367432,8.18557477316839,6.199999809265137,True
180,separate_pak,2025-01-31 07:00:00,2025-01-31 10:00:00,7.400000095367432,8.039897454205734,5.900000095367432,True
180,separate_pak,2025-02-01 07:00:00,2025-02-01 10:00:00,9.600000381469727,8.015475408280034,7.400000095367432,True
180,separate_pak,2025-02-02 07:00:00,2025-02-02 10:00:00,10.5,8.37299449775386,9.600000381469727,True
180,separate_pak,2025-02-03 01:48:22,2025-02-03 04:48:22,10.699999809265137,8.810025536040387,10.5,True
180,separate_pak,2025-02-03 07:00:00,2025-02-03 10:00:00,8.5,8.980312974180977,10.5,True
180,separate_pak,2025-02-04 07:00:00,2025-02-04 10:00:00,7.099999904632568,8.22724197902745,8.5,True
180,separate_pak,2025-02-05 07:00:00,2025-02-05 10:00:00,7.400000095367432,8.057570982958199,7.099999904632568,True
180,separate_pak,2025-02-07 07:00:00,2025-02-07 10:00:00,8.300000190734863,8.140849970075026,7.400000095367432,True
180,separate_pak,2025-02-08 07:00:00,2025-02-08 10:00:00,8.100000381469727,8.037818140054654,8.300000190734863,True
180,separate_pak,2025-02-09 07:00:00,2025-02-09 10:00:00,9.899999618530273,8.17632619769962,8.100000381469727,True
180,separate_pak,2025-02-10 07:00:00,2025-02-10 10:00:00,9.5,8.296294145624753,9.899999618530273,True
180,separate_pak,2025-02-11 07:00:00,2025-02-11 10:00:00,6.800000190734863,8.121026549738215,9.5,True
180,separate_pak,2025-02-12 07:00:00,2025-02-12 10:00:00,9.600000381469727,8.084409286913846,6.800000190734863,True
180,separate_pak,2025-02-13 07:00:00,2025-02-13 10:00:00,11.600000381469727,8.161236771108957,9.600000381469727,True
180,separate_pak,2025-02-13 13:46:39,2025-02-13 16:46:39,8.899999618530273,8.15017463346537,9.600000381469727,True
180,separate_pak,2025-02-14 07:00:00,2025-02-14 10:00:00,7.0,7.933094515507284,8.899999618530273,True
180,separate_pak,2025-02-14 19:41:16,2025-02-14 22:41:16,11.899999618530273,7.735072367313077,7.0,True
180,separate_pak,2025-02-14 23:39:46,2025-02-15 02:39:46,8.0,7.728982141441744,7.0,True
180,separate_pak,2025-02-15 07:00:00,2025-02-15 10:00:00,9.100000381469727,7.833737916706845,8.0,True
180,separate_pak,2025-02-16 07:00:00,2025-02-16 10:00:00,7.300000190734863,8.22110660659971,9.100000381469727,True
180,separate_pak,2025-02-17 07:00:00,2025-02-17 10:00:00,8.699999809265137,7.875498879600315,7.300000190734863,True
180,separate_pak,2025-02-18 07:00:00,2025-02-18 10:00:00,8.5,7.9188586866859705,8.699999809265137,True
180,separate_pak,2025-02-19 07:00:00,2025-02-19 10:00:00,10.199999809265137,7.963830800541235,8.5,True
180,separate_pak,2025-02-20 07:00:00,2025-02-20 10:00:00,5.699999809265137,8.367916502696243,10.199999809265137,True
180,separate_pak,2025-02-21 07:00:00,2025-02-21 10:00:00,9.399999618530273,7.775510666490687,5.699999809265137,True
180,separate_pak,2025-02-22 07:00:00,2025-02-22 10:00:00,9.100000381469727,8.033337681758951,9.399999618530273,True
180,separate_pak,2025-02-23 07:00:00,2025-02-23 10:00:00,10.300000190734863,7.987171400573004,9.100000381469727,True
180,separate_pak,2025-02-24 07:00:00,2025-02-24 10:00:00,9.399999618530273,7.994725894836135,10.300000190734863,True
180,separate_pak,2025-02-25 07:00:00,2025-02-25 10:00:00,9.399999618530273,8.07118043620452,9.399999618530273,True
180,separate_pak,2025-02-26 07:00:00,2025-02-26 10:00:00,8.800000190734863,8.045019863482233,9.399999618530273,True
180,separate_pak,2025-02-27 07:00:00,2025-02-27 10:00:00,10.300000190734863,8.075489517570901,8.800000190734863,True
180,separate_pak,2025-02-28 07:00:00,2025-02-28 10:00:00,10.600000381469727,8.103357715295523,10.300000190734863,True
180,separate_pak,2025-03-01 07:00:00,2025-03-01 10:00:00,7.800000190734863,8.189270147323109,10.600000381469727,True
180,separate_pak,2025-03-02 07:00:00,2025-03-02 10:00:00,10.0,8.099906969600275,7.800000190734863,True
180,separate_pak,2025-03-03 07:00:00,2025-03-03 10:00:00,8.300000190734863,8.120632044812512,10.0,True
180,separate_pak,2025-03-06 07:00:00,2025-03-06 10:00:00,8.5,8.185335164680977,,False
180,separate_pak,2025-03-07 07:00:00,2025-03-07 10:00:00,8.399999618530273,7.883803249048373,8.5,True
180,separate_pak,2025-03-08 07:00:00,2025-03-08 10:00:00,8.0,7.885624424581465,8.399999618530273,True
180,separate_pak,2025-03-09 07:00:00,2025-03-09 10:00:00,9.5,7.959860907400689,8.0,True
180,separate_pak,2025-03-10 07:00:00,2025-03-10 10:00:00,10.199999809265137,8.062964055225068,9.5,True
180,separate_pak,2025-03-11 07:00:00,2025-03-11 10:00:00,8.100000381469727,8.176814586327549,10.199999809265137,True
180,separate_pak,2025-03-12 07:00:00,2025-03-12 10:00:00,8.600000381469727,8.15630256728806,8.100000381469727,True
180,separate_pak,2025-03-13 07:00:00,2025-03-13 10:00:00,7.699999809265137,8.023107672432477,8.600000381469727,True
180,separate_pak,2025-03-14 07:00:00,2025-03-14 10:00:00,9.899999618530273,7.971332826265478,7.699999809265137,True
180,separate_pak,2025-03-15 07:00:00,2025-03-15 10:00:00,10.399999618530273,8.205687116155246,9.899999618530273,True
180,separate_pak,2025-03-16 07:00:00,2025-03-16 10:00:00,10.5,8.27388752009697,10.399999618530273,True
180,separate_pak,2025-03-17 07:00:00,2025-03-17 10:00:00,12.399999618530273,8.433778927929712,10.5,True
180,separate_pak,2025-03-18 07:00:00,2025-03-18 10:00:00,12.300000190734863,8.664225817136302,12.399999618530273,True
180,separate_pak,2025-03-19 07:00:00,2025-03-19 10:00:00,10.300000190734863,8.591461806886109,12.300000190734863,True
180,separate_pak,2025-03-20 07:00:00,2025-03-20 10:00:00,11.300000190734863,8.22910144387441,10.300000190734863,True
180,separate_pak,2025-03-21 07:00:00,2025-03-21 10:00:00,9.600000381469727,8.370883713625766,11.300000190734863,True
180,separate_pak,2025-03-22 07:00:00,2025-03-22 10:00:00,8.800000190734863,8.088768734902951,9.600000381469727,True
180,separate_pak,2025-03-23 07:00:00,2025-03-23 10:00:00,6.900000095367432,7.629887883242123,8.800000190734863,True
180,separate_pak,2025-03-24 03:00:00,2025-03-24 06:00:00,6.800000190734863,7.974928129172785,6.900000095367432,True
180,separate_pak,2025-03-24 07:00:00,2025-03-24 10:00:00,6.5,8.258912224262172,6.900000095367432,True
180,separate_pak,2025-03-24 21:01:00,2025-03-25 00:01:00,11.0,7.476606359749953,6.5,True
180,separate_pak,2025-03-25 03:00:00,2025-03-25 06:00:00,13.399999618530273,7.629216060677891,6.5,True
180,separate_pak,2025-03-25 07:00:00,2025-03-25 10:00:00,8.100000381469727,7.811654449613325,11.0,True
180,separate_pak,2025-03-25 17:00:00,2025-03-25 20:00:00,10.5,7.831655644129924,8.100000381469727,True
180,separate_pak,2025-03-26 07:00:00,2025-03-26 10:00:00,8.300000190734863,8.041083920040476,10.5,True
180,separate_pak,2025-03-26 20:07:57,2025-03-26 23:07:57,10.199999809265137,7.899504932394551,8.300000190734863,True
180,separate_pak,2025-03-27 07:00:00,2025-03-27 10:00:00,5.400000095367432,7.8885933043303975,10.199999809265137,True
180,separate_pak,2025-03-29 07:00:00,2025-03-29 10:00:00,8.399999618530273,8.148894556255025,5.400000095367432,True
180,separate_pak,2025-03-30 07:00:00,2025-03-30 10:00:00,10.199999809265137,8.16399525196404,8.399999618530273,True
180,separate_pak,2025-03-31 07:00:00,2025-03-31 10:00:00,8.600000381469727,8.259554821569038,10.199999809265137,True
180,separate_pak,2025-04-01 07:00:00,2025-04-01 10:00:00,7.0,8.285422065393302,8.600000381469727,True
180,separate_pak,2025-04-02 07:00:00,2025-04-02 10:00:00,7.300000190734863,8.406746050336025,7.0,True
180,separate_pak,2025-04-03 07:00:00,2025-04-03 10:00:00,9.899999618530273,7.989125324048931,7.300000190734863,True
180,separate_pak,2025-04-05 07:00:00,2025-04-05 10:00:00,5.800000190734863,8.457516206636308,9.899999618530273,True
180,separate_pak,2025-04-06 07:00:00,2025-04-06 10:00:00,6.800000190734863,8.374002558866618,5.800000190734863,True
180,separate_pak,2025-04-07 07:00:00,2025-04-07 10:00:00,7.5,8.245177944241622,6.800000190734863,True
180,separate_pak,2025-04-08 07:00:00,2025-04-08 10:00:00,6.800000190734863,8.10994766266126,7.5,True
180,separate_pak,2025-04-09 07:00:00,2025-04-09 10:00:00,8.100000381469727,8.075595415093959,6.800000190734863,True
180,separate_pak,2025-04-10 07:00:00,2025-04-10 10:00:00,6.099999904632568,8.138410314005515,8.100000381469727,True
180,separate_pak,2025-04-11 07:00:00,2025-04-11 10:00:00,7.400000095367432,8.124577365405408,6.099999904632568,True
180,separate_pak,2025-04-12 07:00:00,2025-04-12 10:00:00,8.699999809265137,8.066344572659764,7.400000095367432,True
180,separate_pak,2025-04-13 07:00:00,2025-04-13 10:00:00,5.300000190734863,8.090828920370706,8.699999809265137,True
180,separate_pak,2025-04-14 07:00:00,2025-04-14 10:00:00,7.699999809265137,8.122194470170683,5.300000190734863,True
180,separate_pak,2025-04-15 07:00:00,2025-04-15 10:00:00,8.5,7.866196437256489,7.699999809265137,True
180,separate_pak,2025-04-16 07:00:00,2025-04-16 10:00:00,7.699999809265137,8.029623638264049,8.5,True
180,separate_pak,2025-04-17 07:00:00,2025-04-17 10:00:00,5.199999809265137,8.00881738724689,7.699999809265137,True
180,separate_pak,2025-04-18 07:00:00,2025-04-18 10:00:00,8.800000190734863,8.080334287580204,5.199999809265137,True
180,separate_pak,2025-04-18 17:00:00,2025-04-18 20:00:00,10.0,8.15254387592453,8.800000190734863,True
180,separate_pak,2025-04-19 07:00:00,2025-04-19 10:00:00,8.800000190734863,8.488848248200531,10.0,True
180,separate_pak,2025-04-20 07:00:00,2025-04-20 10:00:00,11.800000190734863,8.42798812726086,8.800000190734863,True
180,separate_pak,2025-04-21 07:00:00,2025-04-21 10:00:00,11.399999618530273,8.243580230279804,11.800000190734863,True
180,separate_pak,2025-04-22 07:00:00,2025-04-22 10:00:00,10.600000381469727,8.392924087617967,11.399999618530273,True
180,separate_pak,2025-04-23 07:00:00,2025-04-23 10:00:00,13.5,8.572417938269721,10.600000381469727,True
180,separate_pak,2025-04-24 07:00:00,2025-04-24 10:00:00,12.399999618530273,8.506685606089409,13.5,True
180,separate_pak,2025-04-25 07:00:00,2025-04-25 10:00:00,9.399999618530273,8.033005143178613,12.399999618530273,True
180,separate_pak,2025-04-26 03:00:00,2025-04-26 06:00:00,9.0,8.743331223597764,9.399999618530273,True
180,separate_pak,2025-04-26 07:00:00,2025-04-26 10:00:00,9.5,8.946978993296266,9.399999618530273,True
180,separate_pak,2025-04-27 07:00:00,2025-04-27 10:00:00,7.699999809265137,8.085407868743225,9.5,True
180,separate_pak,2025-04-28 07:00:00,2025-04-28 10:00:00,10.0,7.987640063630334,7.699999809265137,True
180,separate_pak,2025-04-29 07:00:00,2025-04-29 10:00:00,7.5,8.067219070885354,10.0,True
180,separate_pak,2025-04-30 07:00:00,2025-04-30 10:00:00,6.5,7.869295577581241,7.5,True
180,separate_pak,2025-05-01 07:00:00,2025-05-01 10:00:00,11.300000190734863,8.028653364622775,6.5,True
180,separate_pak,2025-05-02 07:00:00,2025-05-02 10:00:00,8.300000190734863,8.133032437219779,11.300000190734863,True
180,separate_pak,2025-05-03 07:00:00,2025-05-03 10:00:00,9.899999618530273,8.110125258635188,8.300000190734863,True
180,separate_pak,2025-05-04 07:00:00,2025-05-04 10:00:00,8.399999618530273,8.049926542310546,9.899999618530273,True
180,separate_pak,2025-05-05 07:00:00,2025-05-05 10:00:00,8.600000381469727,8.025792287210077,8.399999618530273,True
180,separate_pak,2025-05-06 07:00:00,2025-05-06 10:00:00,8.5,7.946930421724074,8.600000381469727,True
180,separate_pak,2025-05-07 07:00:00,2025-05-07 10:00:00,9.699999809265137,8.042550878470562,8.5,True
180,separate_pak,2025-05-08 07:00:00,2025-05-08 10:00:00,9.399999618530273,8.137373733271657,9.699999809265137,True
180,separate_pak,2025-05-09 07:00:00,2025-05-09 10:00:00,9.699999809265137,8.027388587378475,9.399999618530273,True
180,separate_pak,2025-05-10 07:00:00,2025-05-10 10:00:00,9.199999809265137,7.975217756767739,9.699999809265137,True
180,separate_pak,2025-05-11 07:00:00,2025-05-11 10:00:00,11.0,8.478393475073558,9.199999809265137,True
180,separate_pak,2025-05-11 11:00:00,2025-05-11 14:00:00,8.699999809265137,8.05013587378508,9.199999809265137,True
180,separate_pak,2025-05-12 07:00:00,2025-05-12 10:00:00,9.399999618530273,8.078562141332071,8.699999809265137,True
180,separate_pak,2025-05-13 07:00:00,2025-05-13 10:00:00,8.699999809265137,8.001918165621841,9.399999618530273,True
180,separate_pak,2025-05-14 07:00:00,2025-05-14 10:00:00,9.199999809265137,7.992145408433094,8.699999809265137,True
180,separate_pak,2025-05-15 07:00:00,2025-05-15 10:00:00,8.300000190734863,8.02408758414981,9.199999809265137,True
180,separate_pak,2025-05-16 07:00:00,2025-05-16 10:00:00,9.0,7.909330017234895,8.300000190734863,True
180,separate_pak,2025-05-17 07:00:00,2025-05-17 10:00:00,6.800000190734863,8.217236616607188,9.0,True
180,separate_pak,2025-05-18 07:00:00,2025-05-18 10:00:00,7.900000095367432,7.774153192514197,6.800000190734863,True
180,separate_pak,2025-05-18 23:00:00,2025-05-19 02:00:00,6.900000095367432,7.867913015266357,7.900000095367432,True
180,separate_pak,2025-05-19 07:00:00,2025-05-19 10:00:00,7.599999904632568,7.681184156468195,6.900000095367432,True
180,separate_pak,2025-05-20 07:00:00,2025-05-20 10:00:00,11.300000190734863,7.8766148280707835,7.599999904632568,True
180,separate_pak,2025-05-21 07:00:00,2025-05-21 10:00:00,10.199999809265137,7.761155030547778,11.300000190734863,True
180,separate_pak,2025-05-21 19:02:41,2025-05-21 22:02:41,9.0,7.840730453285559,10.199999809265137,True
180,separate_pak,2025-05-22 07:00:00,2025-05-22 10:00:00,8.800000190734863,7.758268844014546,9.0,True
180,separate_pak,2025-05-23 07:00:00,2025-05-23 10:00:00,10.0,7.8970878748285696,8.800000190734863,True
180,separate_pak,2025-05-24 07:00:00,2025-05-24 10:00:00,8.0,7.958207899931871,10.0,True
180,separate_pak,2025-05-25 07:00:00,2025-05-25 10:00:00,8.300000190734863,7.812703386348863,8.0,True
180,separate_pak,2025-05-26 07:00:00,2025-05-26 10:00:00,6.699999809265137,7.768008951857503,8.300000190734863,True
180,separate_pak,2025-05-27 07:00:00,2025-05-27 10:00:00,9.199999809265137,7.716599275246772,6.699999809265137,True
180,separate_pak,2025-05-28 07:00:00,2025-05-28 10:00:00,7.5,7.774425794699413,9.199999809265137,True
180,separate_pak,2025-05-29 07:00:00,2025-05-29 10:00:00,8.699999809265137,7.796324209399932,7.5,True
180,separate_pak,2025-05-30 07:00:00,2025-05-30 10:00:00,10.0,7.749009961890765,8.699999809265137,True
180,separate_pak,2025-05-31 07:00:00,2025-05-31 10:00:00,6.800000190734863,7.774155479576342,10.0,True
180,separate_pak,2025-06-01 07:00:00,2025-06-01 10:00:00,8.699999809265137,7.702029054393455,6.800000190734863,True
180,separate_pak,2025-06-02 07:00:00,2025-06-02 10:00:00,8.399999618530273,7.660558759172842,8.699999809265137,True
180,separate_pak,2025-06-03 07:00:00,2025-06-03 10:00:00,23.299999237060547,7.834207893022569,8.399999618530273,True
180,separate_pak,2025-06-03 14:30:00,2025-06-03 17:30:00,8.5,8.324840394940363,23.299999237060547,True
180,separate_pak,2025-06-04 07:00:00,2025-06-04 10:00:00,6.900000095367432,7.8433617820948225,8.5,True
180,separate_pak,2025-06-05 07:00:00,2025-06-05 10:00:00,9.199999809265137,7.861957450139139,6.900000095367432,True
180,separate_pak,2025-06-06 07:00:00,2025-06-06 10:00:00,8.800000190734863,7.953011007173657,9.199999809265137,True
180,separate_pak,2025-06-07 07:00:00,2025-06-07 10:00:00,9.100000381469727,8.027143896300405,8.800000190734863,True
180,separate_pak,2025-06-08 07:00:00,2025-06-08 10:00:00,9.100000381469727,8.076207687159915,9.100000381469727,True
180,separate_pak,2025-06-09 07:00:00,2025-06-09 10:00:00,9.300000190734863,7.978231891685056,9.100000381469727,True
180,separate_pak,2025-06-10 07:00:00,2025-06-10 10:00:00,8.800000190734863,7.917699432101724,9.300000190734863,True
180,separate_pak,2025-06-11 07:00:00,2025-06-11 10:00:00,7.800000190734863,8.142855887785146,8.800000190734863,True
180,separate_pak,2025-06-12 07:00:00,2025-06-12 10:00:00,9.899999618530273,8.04332782751891,7.800000190734863,True
180,separate_pak,2025-06-13 07:00:00,2025-06-13 10:00:00,9.199999809265137,8.055567604987809,9.899999618530273,True
180,separate_pak,2025-06-14 07:00:00,2025-06-14 10:00:00,8.300000190734863,8.137569096005464,9.199999809265137,True
180,separate_pak,2025-06-15 07:00:00,2025-06-15 10:00:00,8.0,7.914908574778718,8.300000190734863,True
180,separate_pak,2025-06-16 07:00:00,2025-06-16 10:00:00,9.600000381469727,8.014610106984527,8.0,True
180,separate_pak,2025-06-17 07:00:00,2025-06-17 10:00:00,9.300000190734863,7.827063726035551,9.600000381469727,True
180,separate_pak,2025-06-18 07:00:00,2025-06-18 10:00:00,8.5,8.047592497954447,9.300000190734863,True
180,separate_pak,2025-06-19 07:00:00,2025-06-19 10:00:00,10.600000381469727,8.048885163234853,8.5,True
180,separate_pak,2025-06-20 07:00:00,2025-06-20 10:00:00,8.300000190734863,8.116717892595117,10.600000381469727,True
180,separate_pak,2025-06-21 07:00:00,2025-06-21 10:00:00,3.200000047683716,7.98799023851506,8.300000190734863,True
180,separate_pak,2025-06-21 12:57:36,2025-06-21 15:57:36,8.399999618530273,7.724858020499619,8.300000190734863,True
180,separate_pak,2025-06-22 07:00:00,2025-06-22 10:00:00,7.699999809265137,7.9970881023695615,8.399999618530273,True
180,separate_pak,2025-06-23 07:00:00,2025-06-23 10:00:00,7.599999904632568,8.05583642192425,7.699999809265137,True
180,separate_pak,2025-06-24 07:00:00,2025-06-24 10:00:00,9.199999809265137,8.197341609917888,7.599999904632568,True
180,separate_pak,2025-06-25 07:00:00,2025-06-25 10:00:00,8.5,8.120141499983841,9.199999809265137,True
180,separate_pak,2025-06-26 07:00:00,2025-06-26 10:00:00,7.199999809265137,7.848571121144049,8.5,True
180,separate_pak,2025-06-27 07:00:00,2025-06-27 10:00:00,8.899999618530273,7.89710379806111,7.199999809265137,True
180,separate_pak,2025-06-28 07:00:00,2025-06-28 10:00:00,9.800000190734863,7.9622824181568035,8.899999618530273,True
180,separate_pak,2025-06-29 07:00:00,2025-06-29 10:00:00,8.5,7.954768358262337,9.800000190734863,True
180,separate_pak,2025-06-30 07:00:00,2025-06-30 10:00:00,8.0,7.850234487586819,8.5,True
180,separate_pak,2025-07-01 07:00:00,2025-07-01 10:00:00,8.199999809265137,7.909879998628879,8.0,True
180,separate_pak,2025-07-02 07:00:00,2025-07-02 10:00:00,8.800000190734863,7.987008596479605,8.199999809265137,True
180,separate_pak,2025-07-03 07:00:00,2025-07-03 10:00:00,9.300000190734863,7.879460610448284,8.800000190734863,True
180,separate_pak,2025-07-04 07:00:00,2025-07-04 10:00:00,9.399999618530273,7.901623663326168,9.300000190734863,True
180,separate_pak,2025-07-05 07:00:00,2025-07-05 10:00:00,8.600000381469727,8.067742962442706,9.399999618530273,True
180,separate_pak,2025-07-06 07:00:00,2025-07-06 10:00:00,9.300000190734863,7.9101049099573295,8.600000381469727,True
180,separate_pak,2025-07-07 07:00:00,2025-07-07 10:00:00,8.5,8.004191933760408,9.300000190734863,True
180,separate_pak,2025-07-08 07:00:00,2025-07-08 10:00:00,9.199999809265137,7.905125919768091,8.5,True
180,separate_pak,2025-07-09 07:00:00,2025-07-09 10:00:00,8.199999809265137,7.940875070947838,9.199999809265137,True
180,separate_pak,2025-07-10 07:00:00,2025-07-10 10:00:00,7.599999904632568,7.864315263532811,8.199999809265137,True
180,separate_pak,2025-07-11 07:00:00,2025-07-11 10:00:00,9.100000381469727,7.975253283721264,7.599999904632568,True
180,separate_pak,2025-07-12 07:00:00,2025-07-12 10:00:00,8.800000190734863,7.997834608772543,9.100000381469727,True
180,separate_pak,2025-07-13 07:00:00,2025-07-13 10:00:00,8.5,8.047943175644969,8.800000190734863,True
180,separate_pak,2025-07-14 07:00:00,2025-07-14 10:00:00,9.800000190734863,8.202170201735873,8.5,True
180,separate_pak,2025-07-15 07:00:00,2025-07-15 10:00:00,9.399999618530273,8.369338520702781,9.800000190734863,True
180,separate_pak,2025-07-16 07:00:00,2025-07-16 10:00:00,9.100000381469727,8.134061098748132,9.399999618530273,True
180,separate_pak,2025-07-17 07:00:00,2025-07-17 10:00:00,8.100000381469727,8.114039793342512,9.100000381469727,True
180,separate_pak,2025-07-18 07:00:00,2025-07-18 10:00:00,9.399999618530273,8.012689147144789,8.100000381469727,True
180,separate_pak,2025-07-19 07:00:00,2025-07-19 10:00:00,7.900000095367432,8.040850512182592,9.399999618530273,True
180,separate_pak,2025-07-20 07:00:00,2025-07-20 10:00:00,9.5,8.02076572280318,7.900000095367432,True
180,separate_pak,2025-07-21 07:00:00,2025-07-21 10:00:00,9.300000190734863,7.9870039219651225,9.5,True
180,separate_pak,2025-07-22 07:00:00,2025-07-22 10:00:00,9.899999618530273,7.997401797660219,9.300000190734863,True
180,separate_pak,2025-07-23 07:00:00,2025-07-23 10:00:00,8.5,8.004124664786115,9.899999618530273,True
180,separate_pak,2025-07-24 07:00:00,2025-07-24 10:00:00,8.199999809265137,7.948515178548789,8.5,True
180,separate_pak,2025-07-24 10:00:00,2025-07-24 13:00:00,120.0,7.878914311752899,8.5,True
180,separate_pak,2025-07-24 10:15:00,2025-07-24 13:15:00,45.900001525878906,7.473162710174254,8.5,True
180,separate_pak,2025-07-24 12:20:00,2025-07-24 15:20:00,2.0999999046325684,9.589138801053473,8.5,True
180,separate_pak,2025-07-25 07:00:00,2025-07-25 10:00:00,9.600000381469727,7.610502473060821,2.0999999046325684,True
180,separate_pak,2025-07-26 07:00:00,2025-07-26 10:00:00,7.300000190734863,7.69827966210544,9.600000381469727,True
180,separate_pak,2025-07-27 07:00:00,2025-07-27 10:00:00,8.899999618530273,7.782829376465791,7.300000190734863,True
180,separate_pak,2025-07-28 07:00:00,2025-07-28 10:00:00,10.199999809265137,7.984906180054891,8.899999618530273,True
180,separate_pak,2025-07-28 13:00:00,2025-07-28 16:00:00,35.099998474121094,10.339278122232567,8.899999618530273,True
180,separate_pak,2025-07-28 18:26:26,2025-07-28 21:26:26,3.5,9.143809341321907,10.199999809265137,True
180,separate_pak,2025-07-29 07:00:00,2025-07-29 10:00:00,8.300000190734863,7.829147524467686,3.5,True
180,separate_pak,2025-07-30 07:00:00,2025-07-30 10:00:00,10.0,7.746812241256384,8.300000190734863,True
180,separate_pak,2025-07-31 07:00:00,2025-07-31 10:00:00,6.599999904632568,7.951285555635071,10.0,True
180,separate_pak,2025-08-01 07:00:00,2025-08-01 10:00:00,5.300000190734863,7.801852452248818,6.599999904632568,True
180,separate_pak,2025-08-03 07:00:00,2025-08-03 10:00:00,10.199999809265137,7.7200915100720575,5.300000190734863,True
180,separate_pak,2025-08-04 07:00:00,2025-08-04 10:00:00,7.5,7.96043838361693,10.199999809265137,True
180,separate_pak,2025-08-05 07:00:00,2025-08-05 10:00:00,6.599999904632568,7.906747584705515,7.5,True
180,separate_pak,2025-08-05 11:05:08,2025-08-05 14:05:08,3.5999999046325684,7.123473665951849,7.5,True
180,separate_pak,2025-08-06 07:00:00,2025-08-06 10:00:00,7.900000095367432,7.729687707527502,3.5999999046325684,True
180,separate_pak,2025-08-07 07:00:00,2025-08-07 10:00:00,6.300000190734863,7.544089863201602,7.900000095367432,True
180,separate_pak,2025-08-08 07:00:00,2025-08-08 10:00:00,7.400000095367432,7.735510868470193,6.300000190734863,True
180,separate_pak,2025-08-09 07:00:00,2025-08-09 10:00:00,7.599999904632568,7.984330681761,7.400000095367432,True
180,separate_pak,2025-08-10 07:00:00,2025-08-10 10:00:00,9.300000190734863,7.907265689996745,7.599999904632568,True
180,separate_pak,2025-08-12 07:00:00,2025-08-12 10:00:00,8.0,8.038480366434383,9.300000190734863,True
180,separate_pak,2025-08-13 07:00:00,2025-08-13 10:00:00,9.199999809265137,8.114259200246185,8.0,True
180,separate_pak,2025-08-14 07:00:00,2025-08-14 10:00:00,10.5,8.144454635027632,9.199999809265137,True
180,separate_pak,2025-08-14 11:00:00,2025-08-14 14:00:00,11.800000190734863,7.557342408444635,9.199999809265137,True
180,separate_pak,2025-08-14 17:00:00,2025-08-14 20:00:00,4.699999809265137,7.849249087374844,10.5,True
180,separate_pak,2025-08-15 07:00:00,2025-08-15 10:00:00,8.100000381469727,7.891229936471607,4.699999809265137,True
180,separate_pak,2025-08-16 07:00:00,2025-08-16 10:00:00,8.300000190734863,7.896405615006257,8.100000381469727,True
180,separate_pak,2025-08-16 17:00:00,2025-08-16 20:00:00,5.199999809265137,8.186787716394678,8.300000190734863,True
180,separate_pak,2025-08-17 07:00:00,2025-08-17 10:00:00,7.900000095367432,7.869265617945988,5.199999809265137,True
180,separate_pak,2025-08-18 07:00:00,2025-08-18 10:00:00,9.199999809265137,8.16944169933279,7.900000095367432,True
180,separate_pak,2025-08-19 07:00:00,2025-08-19 10:00:00,6.699999809265137,8.24513267713637,9.199999809265137,True
180,separate_pak,2025-08-20 07:00:00,2025-08-20 10:00:00,7.099999904632568,8.14200138779756,6.699999809265137,True
180,separate_pak,2025-08-21 07:00:00,2025-08-21 10:00:00,6.599999904632568,8.192647612541277,7.099999904632568,True
180,separate_pak,2025-08-22 07:00:00,2025-08-22 10:00:00,8.5,8.00156011331415,6.599999904632568,True
180,separate_pak,2025-08-23 07:00:00,2025-08-23 10:00:00,11.399999618530273,7.881001501359439,8.5,True
180,separate_pak,2025-08-23 19:00:00,2025-08-23 22:00:00,8.899999618530273,7.963734555268781,11.399999618530273,True
180,separate_pak,2025-08-24 07:00:00,2025-08-24 10:00:00,9.399999618530273,8.028525838246127,8.899999618530273,True
180,separate_pak,2025-08-25 07:00:00,2025-08-25 10:00:00,10.899999618530273,8.145426783504519,9.399999618530273,True
180,separate_pak,2025-08-27 07:00:00,2025-08-27 10:00:00,8.699999809265137,8.30847217883636,10.899999618530273,True
180,separate_pak,2025-08-27 19:00:00,2025-08-27 22:00:00,9.300000190734863,8.049465294365215,8.699999809265137,True
180,separate_pak,2025-08-28 07:00:00,2025-08-28 10:00:00,7.800000190734863,8.07294641830654,9.300000190734863,True
180,separate_pak,2025-08-29 07:00:00,2025-08-29 10:00:00,8.0,8.232583711552158,7.800000190734863,True
180,separate_pak,2025-08-30 07:00:00,2025-08-30 10:00:00,11.100000381469727,8.229786432248904,8.0,True
180,separate_pak,2025-08-31 07:00:00,2025-08-31 10:00:00,8.600000381469727,8.42646858693447,11.100000381469727,True
180,separate_pak,2025-09-01 07:00:00,2025-09-01 10:00:00,7.599999904632568,8.411167903489368,8.600000381469727,True
180,separate_pak,2025-09-02 07:00:00,2025-09-02 10:00:00,7.199999809265137,8.14755588012943,7.599999904632568,True
180,separate_pak,2025-09-03 07:00:00,2025-09-03 10:00:00,10.699999809265137,8.006483456108551,7.199999809265137,True
180,separate_pak,2025-09-04 07:00:00,2025-09-04 10:00:00,7.300000190734863,7.785985077407032,10.699999809265137,True
180,separate_pak,2025-09-05 07:00:00,2025-09-05 10:00:00,9.699999809265137,8.322409638627272,7.300000190734863,True
180,separate_pak,2025-09-06 07:00:00,2025-09-06 10:00:00,11.699999809265137,8.25850902788745,9.699999809265137,True
180,separate_pak,2025-09-07 07:00:00,2025-09-07 10:00:00,10.699999809265137,8.563878713954239,11.699999809265137,True
180,separate_pak,2025-09-08 07:00:00,2025-09-08 10:00:00,9.800000190734863,8.308814037505691,10.699999809265137,True
180,separate_pak,2025-09-09 07:00:00,2025-09-09 10:00:00,8.399999618530273,8.245917325674974,9.800000190734863,True
180,separate_pak,2025-09-10 07:00:00,2025-09-10 10:00:00,10.100000381469727,8.400909284634041,8.399999618530273,True
180,separate_pak,2025-09-11 07:00:00,2025-09-11 10:00:00,8.699999809265137,8.311848522864848,10.100000381469727,True
180,separate_pak,2025-09-12 07:00:00,2025-09-12 10:00:00,9.899999618530273,8.37630579195324,8.699999809265137,True
180,separate_pak,2025-09-13 07:00:00,2025-09-13 10:00:00,9.800000190734863,8.313055887643266,9.899999618530273,True
180,separate_pak,2025-09-14 07:00:00,2025-09-14 10:00:00,9.899999618530273,8.461494608713641,9.800000190734863,True
180,separate_pak,2025-09-15 07:00:00,2025-09-15 10:00:00,8.300000190734863,8.49004115783348,9.899999618530273,True
180,separate_pak,2025-09-16 07:00:00,2025-09-16 10:00:00,9.199999809265137,8.379091917797124,8.300000190734863,True
180,separate_pak,2025-09-17 07:00:00,2025-09-17 10:00:00,9.300000190734863,8.405463283207116,9.199999809265137,True
180,separate_pak,2025-09-18 07:00:00,2025-09-18 10:00:00,9.600000381469727,8.287959871120284,9.300000190734863,True
180,separate_pak,2025-09-19 07:00:00,2025-09-19 10:00:00,9.600000381469727,8.397262476092063,9.600000381469727,True
180,separate_pak,2025-09-20 07:00:00,2025-09-20 10:00:00,8.5,8.356737146928628,9.600000381469727,True
180,separate_pak,2025-09-21 07:00:00,2025-09-21 10:00:00,7.599999904632568,8.355188867509584,8.5,True
180,separate_pak,2025-09-22 07:00:00,2025-09-22 10:00:00,8.899999618530273,8.484750012565742,7.599999904632568,True
180,separate_pak,2025-09-23 07:00:00,2025-09-23 10:00:00,10.199999809265137,8.316402503537592,8.899999618530273,True
180,separate_pak,2025-09-24 07:00:00,2025-09-24 10:00:00,10.5,8.151627521509528,10.199999809265137,True
180,separate_pak,2025-09-25 07:00:00,2025-09-25 10:00:00,9.800000190734863,8.086715180839573,10.5,True
180,separate_pak,2025-09-26 07:00:00,2025-09-26 10:00:00,7.599999904632568,8.02407468108588,9.800000190734863,True
180,separate_pak,2025-09-27 07:00:00,2025-09-27 10:00:00,8.399999618530273,7.895542581302589,7.599999904632568,True
180,separate_pak,2025-09-28 07:00:00,2025-09-28 10:00:00,9.399999618530273,7.895906102750908,8.399999618530273,True
180,separate_pak,2025-09-28 14:00:00,2025-09-28 17:00:00,15.300000190734863,8.09484644927303,9.399999618530273,True
180,separate_pak,2025-09-28 17:00:00,2025-09-28 20:00:00,8.300000190734863,7.69624423698497,9.399999618530273,True
180,separate_pak,2025-09-29 07:00:00,2025-09-29 10:00:00,9.199999809265137,8.123316283103971,8.300000190734863,True
180,separate_pak,2025-09-30 07:00:00,2025-09-30 10:00:00,8.300000190734863,7.987636879695652,9.199999809265137,True
180,separate_pak,2025-10-01 07:00:00,2025-10-01 10:00:00,9.800000190734863,8.083498594336369,8.300000190734863,True
180,separate_pak,2025-10-02 07:00:00,2025-10-02 10:00:00,9.699999809265137,8.044088940099327,9.800000190734863,True
180,separate_pak,2025-10-03 07:00:00,2025-10-03 10:00:00,10.399999618530273,8.06469852907015,9.699999809265137,True
180,separate_pak,2025-10-05 07:00:00,2025-10-05 10:00:00,9.699999809265137,7.7970073003816545,10.399999618530273,True
180,separate_pak,2025-10-06 07:00:00,2025-10-06 10:00:00,9.800000190734863,7.985655660617928,9.699999809265137,True
180,separate_pak,2025-10-06 11:00:00,2025-10-06 14:00:00,5.199999809265137,7.900716851858155,9.699999809265137,True
180,separate_pak,2025-10-07 07:00:00,2025-10-07 10:00:00,9.300000190734863,7.731202693539052,5.199999809265137,True
180,separate_pak,2025-10-08 07:00:00,2025-10-08 10:00:00,9.800000190734863,7.963571487053452,9.300000190734863,True
180,separate_pak,2025-10-09 07:00:00,2025-10-09 10:00:00,12.699999809265137,7.862117567589433,9.800000190734863,True
180,separate_pak,2025-10-09 13:00:00,2025-10-09 16:00:00,8.699999809265137,7.866348692624658,9.800000190734863,True
180,separate_pak,2025-10-09 19:00:00,2025-10-09 22:00:00,9.0,7.991444448398161,12.699999809265137,True
180,separate_pak,2025-10-10 07:00:00,2025-10-10 10:00:00,10.199999809265137,7.962493851785803,9.0,True
180,separate_pak,2025-10-10 17:00:00,2025-10-10 20:00:00,9.600000381469727,8.466330488780903,10.199999809265137,True
180,separate_pak,2025-10-11 07:00:00,2025-10-11 10:00:00,9.0,8.294512806227992,9.600000381469727,True
180,separate_pak,2025-10-12 07:00:00,2025-10-12 10:00:00,10.5,7.733712769667617,9.0,True
180,separate_pak,2025-10-14 07:00:00,2025-10-14 10:00:00,9.199999809265137,7.13282781589794,10.5,True
180,separate_pak,2025-10-15 07:00:00,2025-10-15 10:00:00,9.100000381469727,7.808626507005659,9.199999809265137,True
180,separate_pak,2025-10-16 07:00:00,2025-10-16 10:00:00,12.199999809265137,7.811551685644563,9.100000381469727,True
180,separate_pak,2025-10-16 12:00:00,2025-10-16 15:00:00,9.699999809265137,7.810751823181802,9.100000381469727,True
180,separate_pak,2025-10-17 07:00:00,2025-10-17 10:00:00,10.399999618530273,7.841533705149233,9.699999809265137,True
180,separate_pak,2025-10-18 07:00:00,2025-10-18 10:00:00,10.800000190734863,7.926967865980483,10.399999618530273,True
180,separate_pak,2025-10-18 13:00:00,2025-10-18 16:00:00,8.0,7.940751496078898,10.399999618530273,True
180,separate_pak,2025-10-19 07:00:00,2025-10-19 10:00:00,6.5,7.711092664299025,8.0,True
180,separate_pak,2025-10-20 07:00:00,2025-10-20 10:00:00,10.5,7.75406278490593,6.5,True
180,separate_pak,2025-10-21 07:00:00,2025-10-21 10:00:00,10.100000381469727,7.957261373238776,10.5,True
180,separate_pak,2025-10-21 13:00:00,2025-10-21 16:00:00,11.0,7.9108219662925805,10.5,True
180,separate_pak,2025-10-21 19:00:00,2025-10-21 22:00:00,10.0,7.769269031865603,10.100000381469727,True
180,separate_pak,2025-10-22 07:00:00,2025-10-22 10:00:00,9.300000190734863,7.71307520459046,10.0,True
180,separate_pak,2025-10-22 17:00:00,2025-10-22 20:00:00,11.0,7.8007967885093965,9.300000190734863,True
180,separate_pak,2025-10-22 23:00:00,2025-10-23 02:00:00,6.699999809265137,7.670674702994251,9.300000190734863,True
180,separate_pak,2025-10-23 07:00:00,2025-10-23 10:00:00,9.100000381469727,7.480635508787779,6.699999809265137,True
180,separate_pak,2025-10-23 18:00:00,2025-10-23 21:00:00,6.5,7.622150918400038,9.100000381469727,True
180,separate_pak,2025-10-24 07:00:00,2025-10-24 10:00:00,7.0,7.635137117979443,6.5,True
180,separate_pak,2025-10-25 07:00:00,2025-10-25 10:00:00,7.199999809265137,7.552873457386074,7.0,True
180,separate_pak,2025-10-26 07:00:00,2025-10-26 10:00:00,7.199999809265137,7.602635897381504,7.199999809265137,True
180,separate_pak,2025-10-27 07:00:00,2025-10-27 10:00:00,10.399999618530273,7.765407250011101,7.199999809265137,True
180,separate_pak,2025-10-27 12:15:10,2025-10-27 15:15:10,9.600000381469727,7.785291529510369,7.199999809265137,True
180,separate_pak,2025-10-27 15:46:34,2025-10-27 18:46:34,5.599999904632568,7.766565250811498,10.399999618530273,True
180,separate_pak,2025-10-27 19:00:00,2025-10-27 22:00:00,7.699999809265137,7.662666345719094,10.399999618530273,True
180,separate_pak,2025-10-28 07:00:00,2025-10-28 10:00:00,9.899999618530273,7.886587745379384,7.699999809265137,True
180,separate_pak,2025-10-28 11:00:00,2025-10-28 14:00:00,7.800000190734863,7.6887443162174325,7.699999809265137,True
180,separate_pak,2025-10-29 07:00:00,2025-10-29 10:00:00,9.199999809265137,7.573209789684432,7.800000190734863,True
180,separate_pak,2025-10-30 07:00:00,2025-10-30 10:00:00,9.899999618530273,7.7318369481329,9.199999809265137,True
180,separate_pak,2025-10-31 07:00:00,2025-10-31 10:00:00,10.199999809265137,7.836483570331994,9.899999618530273,True
180,separate_pak,2025-11-01 07:00:00,2025-11-01 10:00:00,7.800000190734863,7.813564402334819,10.199999809265137,True
180,separate_pak,2025-11-02 07:00:00,2025-11-02 10:00:00,10.100000381469727,7.672105786904551,7.800000190734863,True
180,separate_pak,2025-11-03 02:00:00,2025-11-03 05:00:00,8.5,7.727043374904309,10.100000381469727,True
180,separate_pak,2025-11-03 07:00:00,2025-11-03 10:00:00,9.5,7.767380708972764,10.100000381469727,True
180,separate_pak,2025-11-04 07:00:00,2025-11-04 10:00:00,9.399999618530273,7.821950188431934,9.5,True
180,separate_pak,2025-11-05 07:00:00,2025-11-05 10:00:00,8.899999618530273,7.818884753062678,9.399999618530273,True
180,separate_pak,2025-11-06 07:00:00,2025-11-06 10:00:00,9.600000381469727,7.753861490917101,8.899999618530273,True
180,separate_pak,2025-11-07 07:00:00,2025-11-07 10:00:00,9.899999618530273,7.864153530514498,9.600000381469727,True
180,separate_pak,2025-11-08 07:00:00,2025-11-08 10:00:00,8.800000190734863,7.874367293483338,9.899999618530273,True
180,separate_pak,2025-11-09 07:00:00,2025-11-09 10:00:00,10.5,7.761826081219345,8.800000190734863,True
180,separate_pak,2025-11-09 10:00:00,2025-11-09 13:00:00,11.199999809265137,7.733008827455254,8.800000190734863,True
180,separate_pak,2025-11-09 14:00:09,2025-11-09 17:00:09,8.100000381469727,7.948120401915965,10.5,True
180,separate_pak,2025-11-09 21:00:00,2025-11-10 00:00:00,7.300000190734863,7.681599340997224,11.199999809265137,True
180,separate_pak,2025-11-10 07:00:00,2025-11-10 10:00:00,8.100000381469727,7.734313819958494,7.300000190734863,True
180,separate_pak,2025-11-11 07:00:00,2025-11-11 10:00:00,9.100000381469727,7.69239711894719,8.100000381469727,True
180,separate_pak,2025-11-12 07:00:00,2025-11-12 10:00:00,11.5,7.810230688243578,9.100000381469727,True
180,separate_pak,2025-11-12 14:06:58,2025-11-12 17:06:58,8.100000381469727,7.833583819626234,11.5,True
180,separate_pak,2025-11-13 07:00:00,2025-11-13 10:00:00,7.300000190734863,7.78389556265534,8.100000381469727,True
180,separate_pak,2025-11-14 07:00:00,2025-11-14 10:00:00,10.399999618530273,7.681548985728629,7.300000190734863,True
180,separate_pak,2025-11-14 19:00:00,2025-11-14 22:00:00,8.300000190734863,7.73257761446736,10.399999618530273,True
180,separate_pak,2025-11-15 07:00:00,2025-11-15 10:00:00,9.199999809265137,7.7377166457564766,8.300000190734863,True
180,separate_pak,2025-11-16 07:00:00,2025-11-16 10:00:00,9.899999618530273,7.853038807053606,9.199999809265137,True
180,separate_pak,2025-11-17 07:00:00,2025-11-17 10:00:00,9.199999809265137,7.804346149706863,9.899999618530273,True
180,separate_pak,2025-11-18 07:00:00,2025-11-18 10:00:00,9.800000190734863,7.8199447020195905,9.199999809265137,True
180,separate_pak,2025-11-19 07:00:00,2025-11-19 10:00:00,9.699999809265137,7.683124835671414,9.800000190734863,True
180,separate_pak,2025-11-20 07:00:00,2025-11-20 10:00:00,6.099999904632568,7.631439100633493,9.699999809265137,True
180,separate_pak,2025-11-21 07:00:00,2025-11-21 10:00:00,10.399999618530273,7.6200029967838265,6.099999904632568,True
180,separate_pak,2025-11-22 07:00:00,2025-11-22 10:00:00,9.300000190734863,7.78849634186194,10.399999618530273,True
180,separate_pak,2025-11-23 07:00:00,2025-11-23 10:00:00,9.899999618530273,7.6551765818653195,9.300000190734863,True
180,separate_pak,2025-11-23 19:51:00,2025-11-23 22:51:00,9.899999618530273,7.645181134592768,9.899999618530273,True
180,separate_pak,2025-11-23 23:38:00,2025-11-24 02:38:00,10.699999809265137,7.759242612418182,9.899999618530273,True
180,separate_pak,2025-11-24 07:00:00,2025-11-24 10:00:00,9.0,7.673007733753455,10.699999809265137,True
180,separate_pak,2025-11-24 17:00:00,2025-11-24 20:00:00,8.399999618530273,7.60328848454828,9.0,True
180,separate_pak,2025-11-25 07:00:00,2025-11-25 10:00:00,9.899999618530273,7.6694312102216955,8.399999618530273,True
180,separate_pak,2025-11-26 07:00:00,2025-11-26 10:00:00,9.699999809265137,7.75908775293647,9.899999618530273,True
180,separate_pak,2025-11-27 07:00:00,2025-11-27 10:00:00,13.100000381469727,7.9064752103567155,9.699999809265137,True
180,separate_pak,2025-11-27 09:45:00,2025-11-27 12:45:00,10.5,7.945607434742197,9.699999809265137,True
180,separate_pak,2025-11-27 19:00:00,2025-11-27 22:00:00,8.600000381469727,8.010620088855289,10.5,True
180,separate_pak,2025-11-28 07:00:00,2025-11-28 10:00:00,9.0,7.6868316885701535,8.600000381469727,True
180,separate_pak,2025-11-29 07:00:00,2025-11-29 10:00:00,7.300000190734863,7.742851170260275,9.0,True
180,separate_pak,2025-11-30 07:00:00,2025-11-30 10:00:00,8.699999809265137,7.718222279253469,7.300000190734863,True
180,separate_pak,2025-12-01 07:00:00,2025-12-01 10:00:00,7.800000190734863,7.742334470535383,8.699999809265137,True
180,separate_pak,2025-12-02 07:00:00,2025-12-02 10:00:00,8.399999618530273,7.743149976008629,7.800000190734863,True
180,separate_pak,2025-12-03 07:00:00,2025-12-03 10:00:00,6.800000190734863,7.9626052241769205,8.399999618530273,True
180,separate_pak,2025-12-04 07:00:00,2025-12-04 10:00:00,7.800000190734863,8.039667543850504,6.800000190734863,True
180,separate_pak,2025-12-05 07:00:00,2025-12-05 10:00:00,9.0,7.849431679838476,7.800000190734863,True
180,separate_pak,2025-12-06 07:00:00,2025-12-06 10:00:00,8.300000190734863,7.765625682586647,9.0,True
180,separate_pak,2025-12-07 07:00:00,2025-12-07 10:00:00,10.199999809265137,7.6066762863267865,8.300000190734863,True
180,separate_pak,2025-12-08 07:00:00,2025-12-08 10:00:00,8.199999809265137,7.601743352976817,10.199999809265137,True
180,separate_pak,2025-12-09 07:00:00,2025-12-09 10:00:00,9.100000381469727,7.739244178215195,8.199999809265137,True
180,separate_pak,2025-12-10 03:00:00,2025-12-10 06:00:00,9.800000190734863,7.990948221893358,9.100000381469727,True
180,separate_pak,2025-12-10 06:35:00,2025-12-10 09:35:00,8.0,8.111986939108576,9.100000381469727,True
180,separate_pak,2025-12-10 17:00:00,2025-12-10 20:00:00,7.800000190734863,7.866735801100395,8.0,True
180,separate_pak,2025-12-11 07:00:00,2025-12-11 10:00:00,7.300000190734863,7.663343623876589,7.800000190734863,True
180,separate_pak,2025-12-11 14:00:00,2025-12-11 17:00:00,10.5,7.539961559276453,7.300000190734863,True
180,separate_pak,2025-12-12 07:00:00,2025-12-12 10:00:00,7.599999904632568,8.11534281368955,10.5,True
180,separate_pak,2025-12-13 07:00:00,2025-12-13 10:00:00,6.699999809265137,7.97955110624593,7.599999904632568,True
180,separate_pak,2025-12-14 07:00:00,2025-12-14 10:00:00,6.400000095367432,7.982407268303142,6.699999809265137,True
180,separate_pak,2025-12-14 11:22:00,2025-12-14 14:22:00,11.0,7.900948405823627,6.699999809265137,True
180,separate_pak,2025-12-15 07:00:00,2025-12-15 10:00:00,8.800000190734863,7.873445660835671,11.0,True
180,separate_pak,2025-12-16 07:00:00,2025-12-16 10:00:00,7.400000095367432,7.8750686264929435,8.800000190734863,True
180,separate_pak,2025-12-17 07:00:00,2025-12-17 10:00:00,8.399999618530273,7.990043100220124,7.400000095367432,True
180,separate_pak,2025-12-18 07:00:00,2025-12-18 10:00:00,9.300000190734863,8.055521349420557,8.399999618530273,True
180,separate_pak,2025-12-19 07:00:00,2025-12-19 10:00:00,9.399999618530273,8.014040929533241,9.300000190734863,True
180,separate_pak,2025-12-20 07:00:00,2025-12-20 10:00:00,9.100000381469727,7.799505273878648,9.399999618530273,True
180,separate_pak,2025-12-21 07:00:00,2025-12-21 10:00:00,8.800000190734863,7.807000097557054,9.100000381469727,True
180,separate_pak,2025-12-22 07:00:00,2025-12-22 10:00:00,9.0,7.839290297563842,8.800000190734863,True
180,separate_pak,2025-12-23 07:00:00,2025-12-23 10:00:00,8.300000190734863,7.783925759044012,9.0,True
180,separate_pak,2025-12-24 07:00:00,2025-12-24 10:00:00,5.099999904632568,7.59506852939621,8.300000190734863,True
180,separate_pak,2025-12-25 07:00:00,2025-12-25 10:00:00,9.0,8.050395335975011,5.099999904632568,True
180,separate_pak,2025-12-26 07:00:00,2025-12-26 10:00:00,6.199999809265137,7.876266808789305,9.0,True
180,separate_pak,2025-12-27 07:00:00,2025-12-27 10:00:00,8.899999618530273,7.88503630929573,6.199999809265137,True
180,separate_pak,2025-12-28 07:00:00,2025-12-28 10:00:00,10.899999618530273,7.94980981410685,8.899999618530273,True
180,separate_pak,2025-12-28 21:00:00,2025-12-29 00:00:00,10.5,8.04806074032452,10.899999618530273,True
180,separate_pak,2025-12-28 23:30:00,2025-12-29 02:30:00,7.900000095367432,8.036565707511514,10.899999618530273,True
180,separate_pak,2025-12-29 07:00:00,2025-12-29 10:00:00,4.699999809265137,7.38811341755353,7.900000095367432,True
180,separate_pak,2025-12-30 07:00:00,2025-12-30 10:00:00,9.699999809265137,7.6919057013833765,4.699999809265137,True
180,separate_pak,2025-12-31 07:00:00,2025-12-31 10:00:00,9.0,7.796522493711205,9.699999809265137,True
180,process_lags,2025-01-01 07:00:00,2025-01-01 10:00:00,3.5,7.525662897884812,2.700000047683716,True
180,process_lags,2025-01-02 07:00:00,2025-01-02 10:00:00,7.099999904632568,7.944360063241227,3.5,True
180,process_lags,2025-01-03 07:00:00,2025-01-03 10:00:00,7.699999809265137,8.149178414610272,7.099999904632568,True
180,process_lags,2025-01-04 07:00:00,2025-01-04 10:00:00,5.400000095367432,8.35600631772298,7.699999809265137,True
180,process_lags,2025-01-05 07:00:00,2025-01-05 10:00:00,5.300000190734863,7.7185212170181465,5.400000095367432,True
180,process_lags,2025-01-06 07:00:00,2025-01-06 10:00:00,4.800000190734863,7.898992810774834,5.300000190734863,True
180,process_lags,2025-01-07 07:00:00,2025-01-07 10:00:00,5.099999904632568,7.789193457376184,4.800000190734863,True
180,process_lags,2025-01-08 07:00:00,2025-01-08 10:00:00,3.5999999046325684,7.549408861911639,5.099999904632568,True
180,process_lags,2025-01-09 07:00:00,2025-01-09 10:00:00,3.9000000953674316,7.614028017715906,3.5999999046325684,True
180,process_lags,2025-01-10 07:00:00,2025-01-10 10:00:00,3.5,7.616545381647928,3.9000000953674316,True
180,process_lags,2025-01-11 07:00:00,2025-01-11 10:00:00,3.5999999046325684,7.546234399466401,3.5,True
180,process_lags,2025-01-12 07:00:00,2025-01-12 10:00:00,4.199999809265137,7.512882238102124,3.5999999046325684,True
180,process_lags,2025-01-13 07:00:00,2025-01-13 10:00:00,6.0,7.80769789955581,4.199999809265137,True
180,process_lags,2025-01-14 07:00:00,2025-01-14 10:00:00,1.600000023841858,6.302521945551824,6.0,True
180,process_lags,2025-01-15 07:00:00,2025-01-15 10:00:00,1.899999976158142,7.333704377525576,1.600000023841858,True
180,process_lags,2025-01-16 07:00:00,2025-01-16 10:00:00,7.099999904632568,7.943262421434094,1.899999976158142,True
180,process_lags,2025-01-17 07:00:00,2025-01-17 10:00:00,8.199999809265137,8.078928460781288,7.099999904632568,True
180,process_lags,2025-01-18 07:00:00,2025-01-18 10:00:00,7.599999904632568,8.329342793987582,8.199999809265137,True
180,process_lags,2025-01-19 07:00:00,2025-01-19 10:00:00,6.900000095367432,8.053576621158244,7.599999904632568,True
180,process_lags,2025-01-20 07:00:00,2025-01-20 10:00:00,10.600000381469727,8.308246140638257,6.900000095367432,True
180,process_lags,2025-01-21 07:00:00,2025-01-21 10:00:00,8.300000190734863,8.298196587796358,10.600000381469727,True
180,process_lags,2025-01-22 07:00:00,2025-01-22 10:00:00,6.099999904632568,8.262410714083599,8.300000190734863,True
180,process_lags,2025-01-23 07:00:00,2025-01-23 10:00:00,6.099999904632568,8.23285552821743,6.099999904632568,True
180,process_lags,2025-01-23 19:00:00,2025-01-23 22:00:00,5.900000095367432,8.220047386334933,6.099999904632568,True
180,process_lags,2025-01-24 07:00:00,2025-01-24 10:00:00,6.699999809265137,8.124571351330847,5.900000095367432,True
180,process_lags,2025-01-25 07:00:00,2025-01-25 10:00:00,7.5,7.9647205230564,6.699999809265137,True
180,process_lags,2025-01-26 07:00:00,2025-01-26 10:00:00,8.899999618530273,8.157858084106156,7.5,True
180,process_lags,2025-01-27 07:00:00,2025-01-27 10:00:00,6.0,8.175143589642635,8.899999618530273,True
180,process_lags,2025-01-28 07:00:00,2025-01-28 10:00:00,7.900000095367432,7.95341904542579,6.0,True
180,process_lags,2025-01-29 07:00:00,2025-01-29 10:00:00,6.199999809265137,7.95648670326754,7.900000095367432,True
180,process_lags,2025-01-30 07:00:00,2025-01-30 10:00:00,5.900000095367432,7.996867829352327,6.199999809265137,True
180,process_lags,2025-01-31 07:00:00,2025-01-31 10:00:00,7.400000095367432,7.925297629116203,5.900000095367432,True
180,process_lags,2025-02-01 07:00:00,2025-02-01 10:00:00,9.600000381469727,7.9438330401053285,7.400000095367432,True
180,process_lags,2025-02-02 07:00:00,2025-02-02 10:00:00,10.5,8.274080183635915,9.600000381469727,True
180,process_lags,2025-02-03 01:48:22,2025-02-03 04:48:22,10.699999809265137,8.559517606007093,10.5,True
180,process_lags,2025-02-03 07:00:00,2025-02-03 10:00:00,8.5,9.157457524774486,10.5,True
180,process_lags,2025-02-04 07:00:00,2025-02-04 10:00:00,7.099999904632568,8.044990941973536,8.5,True
180,process_lags,2025-02-05 07:00:00,2025-02-05 10:00:00,7.400000095367432,7.938528751509351,7.099999904632568,True
180,process_lags,2025-02-07 07:00:00,2025-02-07 10:00:00,8.300000190734863,7.9916944140333985,7.400000095367432,True
180,process_lags,2025-02-08 07:00:00,2025-02-08 10:00:00,8.100000381469727,7.890435173968102,8.300000190734863,True
180,process_lags,2025-02-09 07:00:00,2025-02-09 10:00:00,9.899999618530273,8.027306516495244,8.100000381469727,True
180,process_lags,2025-02-10 07:00:00,2025-02-10 10:00:00,9.5,8.145494786833074,9.899999618530273,True
180,process_lags,2025-02-11 07:00:00,2025-02-11 10:00:00,6.800000190734863,8.020761001120439,9.5,True
180,process_lags,2025-02-12 07:00:00,2025-02-12 10:00:00,9.600000381469727,7.987280725792873,6.800000190734863,True
180,process_lags,2025-02-13 07:00:00,2025-02-13 10:00:00,11.600000381469727,8.005456444199094,9.600000381469727,True
180,process_lags,2025-02-13 13:46:39,2025-02-13 16:46:39,8.899999618530273,8.068104418102676,9.600000381469727,True
180,process_lags,2025-02-14 07:00:00,2025-02-14 10:00:00,7.0,7.779222534873647,8.899999618530273,True
180,process_lags,2025-02-14 19:41:16,2025-02-14 22:41:16,11.899999618530273,7.562332627848425,7.0,True
180,process_lags,2025-02-14 23:39:46,2025-02-15 02:39:46,8.0,7.606809207573571,7.0,True
180,process_lags,2025-02-15 07:00:00,2025-02-15 10:00:00,9.100000381469727,7.682342657941046,8.0,True
180,process_lags,2025-02-16 07:00:00,2025-02-16 10:00:00,7.300000190734863,8.043206182150879,9.100000381469727,True
180,process_lags,2025-02-17 07:00:00,2025-02-17 10:00:00,8.699999809265137,7.759500738575015,7.300000190734863,True
180,process_lags,2025-02-18 07:00:00,2025-02-18 10:00:00,8.5,7.805405907933709,8.699999809265137,True
180,process_lags,2025-02-19 07:00:00,2025-02-19 10:00:00,10.199999809265137,7.831770346547531,8.5,True
180,process_lags,2025-02-20 07:00:00,2025-02-20 10:00:00,5.699999809265137,8.018051872317368,10.199999809265137,True
180,process_lags,2025-02-21 07:00:00,2025-02-21 10:00:00,9.399999618530273,7.663460673459959,5.699999809265137,True
180,process_lags,2025-02-22 07:00:00,2025-02-22 10:00:00,9.100000381469727,7.859778166433829,9.399999618530273,True
180,process_lags,2025-02-23 07:00:00,2025-02-23 10:00:00,10.300000190734863,7.780577544277854,9.100000381469727,True
180,process_lags,2025-02-24 07:00:00,2025-02-24 10:00:00,9.399999618530273,7.838549786410232,10.300000190734863,True
180,process_lags,2025-02-25 07:00:00,2025-02-25 10:00:00,9.399999618530273,7.914997964687538,9.399999618530273,True
180,process_lags,2025-02-26 07:00:00,2025-02-26 10:00:00,8.800000190734863,7.902934871371928,9.399999618530273,True
180,process_lags,2025-02-27 07:00:00,2025-02-27 10:00:00,10.300000190734863,7.889004831023337,8.800000190734863,True
180,process_lags,2025-02-28 07:00:00,2025-02-28 10:00:00,10.600000381469727,7.913392252034733,10.300000190734863,True
180,process_lags,2025-03-01 07:00:00,2025-03-01 10:00:00,7.800000190734863,8.050361439665274,10.600000381469727,True
180,process_lags,2025-03-02 07:00:00,2025-03-02 10:00:00,10.0,7.954405047259595,7.800000190734863,True
180,process_lags,2025-03-03 07:00:00,2025-03-03 10:00:00,8.300000190734863,7.984562411387083,10.0,True
180,process_lags,2025-03-06 07:00:00,2025-03-06 10:00:00,8.5,8.00484081470597,,False
180,process_lags,2025-03-07 07:00:00,2025-03-07 10:00:00,8.399999618530273,7.627491464711921,8.5,True
180,process_lags,2025-03-08 07:00:00,2025-03-08 10:00:00,8.0,7.761391113415373,8.399999618530273,True
180,process_lags,2025-03-09 07:00:00,2025-03-09 10:00:00,9.5,7.796966752199749,8.0,True
180,process_lags,2025-03-10 07:00:00,2025-03-10 10:00:00,10.199999809265137,7.926220949233169,9.5,True
180,process_lags,2025-03-11 07:00:00,2025-03-11 10:00:00,8.100000381469727,8.030079346580264,10.199999809265137,True
180,process_lags,2025-03-12 07:00:00,2025-03-12 10:00:00,8.600000381469727,8.102243317408663,8.100000381469727,True
180,process_lags,2025-03-13 07:00:00,2025-03-13 10:00:00,7.699999809265137,7.8420714861668515,8.600000381469727,True
180,process_lags,2025-03-14 07:00:00,2025-03-14 10:00:00,9.899999618530273,7.865853608648324,7.699999809265137,True
180,process_lags,2025-03-15 07:00:00,2025-03-15 10:00:00,10.399999618530273,8.011555697299446,9.899999618530273,True
180,process_lags,2025-03-16 07:00:00,2025-03-16 10:00:00,10.5,8.180332445857161,10.399999618530273,True
180,process_lags,2025-03-17 07:00:00,2025-03-17 10:00:00,12.399999618530273,8.305715205074632,10.5,True
180,process_lags,2025-03-18 07:00:00,2025-03-18 10:00:00,12.300000190734863,8.49198747336309,12.399999618530273,True
180,process_lags,2025-03-19 07:00:00,2025-03-19 10:00:00,10.300000190734863,8.338843402992724,12.300000190734863,True
180,process_lags,2025-03-20 07:00:00,2025-03-20 10:00:00,11.300000190734863,8.08065856798462,10.300000190734863,True
180,process_lags,2025-03-21 07:00:00,2025-03-21 10:00:00,9.600000381469727,8.176274695823693,11.300000190734863,True
180,process_lags,2025-03-22 07:00:00,2025-03-22 10:00:00,8.800000190734863,7.935753521492151,9.600000381469727,True
180,process_lags,2025-03-23 07:00:00,2025-03-23 10:00:00,6.900000095367432,7.568937707565798,8.800000190734863,True
180,process_lags,2025-03-24 03:00:00,2025-03-24 06:00:00,6.800000190734863,7.897795778707863,6.900000095367432,True
180,process_lags,2025-03-24 07:00:00,2025-03-24 10:00:00,6.5,8.053203531742044,6.900000095367432,True
180,process_lags,2025-03-24 21:01:00,2025-03-25 00:01:00,11.0,7.223036499529924,6.5,True
180,process_lags,2025-03-25 03:00:00,2025-03-25 06:00:00,13.399999618530273,7.5126075316421375,6.5,True
180,process_lags,2025-03-25 07:00:00,2025-03-25 10:00:00,8.100000381469727,7.691810154910904,11.0,True
180,process_lags,2025-03-25 17:00:00,2025-03-25 20:00:00,10.5,7.717998605615714,8.100000381469727,True
180,process_lags,2025-03-26 07:00:00,2025-03-26 10:00:00,8.300000190734863,7.891695569454482,10.5,True
180,process_lags,2025-03-26 20:07:57,2025-03-26 23:07:57,10.199999809265137,7.713715479724492,8.300000190734863,True
180,process_lags,2025-03-27 07:00:00,2025-03-27 10:00:00,5.400000095367432,7.64804843323936,10.199999809265137,True
180,process_lags,2025-03-29 07:00:00,2025-03-29 10:00:00,8.399999618530273,7.989852178227801,5.400000095367432,True
180,process_lags,2025-03-30 07:00:00,2025-03-30 10:00:00,10.199999809265137,8.007580343637288,8.399999618530273,True
180,process_lags,2025-03-31 07:00:00,2025-03-31 10:00:00,8.600000381469727,8.156976489518112,10.199999809265137,True
180,process_lags,2025-04-01 07:00:00,2025-04-01 10:00:00,7.0,7.994354910609697,8.600000381469727,True
180,process_lags,2025-04-02 07:00:00,2025-04-02 10:00:00,7.300000190734863,8.118645579468122,7.0,True
180,process_lags,2025-04-03 07:00:00,2025-04-03 10:00:00,9.899999618530273,7.705606701018597,7.300000190734863,True
180,process_lags,2025-04-05 07:00:00,2025-04-05 10:00:00,5.800000190734863,8.301827875032929,9.899999618530273,True
180,process_lags,2025-04-06 07:00:00,2025-04-06 10:00:00,6.800000190734863,8.229683291151867,5.800000190734863,True
180,process_lags,2025-04-07 07:00:00,2025-04-07 10:00:00,7.5,8.043454589527997,6.800000190734863,True
180,process_lags,2025-04-08 07:00:00,2025-04-08 10:00:00,6.800000190734863,7.849240858234511,7.5,True
180,process_lags,2025-04-09 07:00:00,2025-04-09 10:00:00,8.100000381469727,7.837196237361754,6.800000190734863,True
180,process_lags,2025-04-10 07:00:00,2025-04-10 10:00:00,6.099999904632568,7.936367547581318,8.100000381469727,True
180,process_lags,2025-04-11 07:00:00,2025-04-11 10:00:00,7.400000095367432,7.936316001844219,6.099999904632568,True
180,process_lags,2025-04-12 07:00:00,2025-04-12 10:00:00,8.699999809265137,7.8646343675148955,7.400000095367432,True
180,process_lags,2025-04-13 07:00:00,2025-04-13 10:00:00,5.300000190734863,7.941427134941966,8.699999809265137,True
180,process_lags,2025-04-14 07:00:00,2025-04-14 10:00:00,7.699999809265137,7.921488050089948,5.300000190734863,True
180,process_lags,2025-04-15 07:00:00,2025-04-15 10:00:00,8.5,7.743405106267334,7.699999809265137,True
180,process_lags,2025-04-16 07:00:00,2025-04-16 10:00:00,7.699999809265137,7.83396824337342,8.5,True
180,process_lags,2025-04-17 07:00:00,2025-04-17 10:00:00,5.199999809265137,7.844503589116707,7.699999809265137,True
180,process_lags,2025-04-18 07:00:00,2025-04-18 10:00:00,8.800000190734863,7.867708347837215,5.199999809265137,True
180,process_lags,2025-04-18 17:00:00,2025-04-18 20:00:00,10.0,8.384867293594663,8.800000190734863,True
180,process_lags,2025-04-19 07:00:00,2025-04-19 10:00:00,8.800000190734863,8.260041370335134,10.0,True
180,process_lags,2025-04-20 07:00:00,2025-04-20 10:00:00,11.800000190734863,8.227744398341313,8.800000190734863,True
180,process_lags,2025-04-21 07:00:00,2025-04-21 10:00:00,11.399999618530273,8.012544471850584,11.800000190734863,True
180,process_lags,2025-04-22 07:00:00,2025-04-22 10:00:00,10.600000381469727,8.181297873453595,11.399999618530273,True
180,process_lags,2025-04-23 07:00:00,2025-04-23 10:00:00,13.5,8.407912823246374,10.600000381469727,True
180,process_lags,2025-04-24 07:00:00,2025-04-24 10:00:00,12.399999618530273,8.427540664520572,13.5,True
180,process_lags,2025-04-25 07:00:00,2025-04-25 10:00:00,9.399999618530273,7.835769151821051,12.399999618530273,True
180,process_lags,2025-04-26 03:00:00,2025-04-26 06:00:00,9.0,8.292434681579028,9.399999618530273,True
180,process_lags,2025-04-26 07:00:00,2025-04-26 10:00:00,9.5,8.220561246132403,9.399999618530273,True
180,process_lags,2025-04-27 07:00:00,2025-04-27 10:00:00,7.699999809265137,7.9412702989162245,9.5,True
180,process_lags,2025-04-28 07:00:00,2025-04-28 10:00:00,10.0,7.764846295290797,7.699999809265137,True
180,process_lags,2025-04-29 07:00:00,2025-04-29 10:00:00,7.5,7.849236106235566,10.0,True
180,process_lags,2025-04-30 07:00:00,2025-04-30 10:00:00,6.5,7.674728570533034,7.5,True
180,process_lags,2025-05-01 07:00:00,2025-05-01 10:00:00,11.300000190734863,7.896291816398959,6.5,True
180,process_lags,2025-05-02 07:00:00,2025-05-02 10:00:00,8.300000190734863,7.9624992217425845,11.300000190734863,True
180,process_lags,2025-05-03 07:00:00,2025-05-03 10:00:00,9.899999618530273,7.942939452903849,8.300000190734863,True
180,process_lags,2025-05-04 07:00:00,2025-05-04 10:00:00,8.399999618530273,7.905633781240811,9.899999618530273,True
180,process_lags,2025-05-05 07:00:00,2025-05-05 10:00:00,8.600000381469727,7.890994062753498,8.399999618530273,True
180,process_lags,2025-05-06 07:00:00,2025-05-06 10:00:00,8.5,7.792404524090809,8.600000381469727,True
180,process_lags,2025-05-07 07:00:00,2025-05-07 10:00:00,9.699999809265137,7.901900344323417,8.5,True
180,process_lags,2025-05-08 07:00:00,2025-05-08 10:00:00,9.399999618530273,7.967326026576552,9.699999809265137,True
180,process_lags,2025-05-09 07:00:00,2025-05-09 10:00:00,9.699999809265137,7.862035022396054,9.399999618530273,True
180,process_lags,2025-05-10 07:00:00,2025-05-10 10:00:00,9.199999809265137,7.8435293074497565,9.699999809265137,True
180,process_lags,2025-05-11 07:00:00,2025-05-11 10:00:00,11.0,8.155542041439078,9.199999809265137,True
180,process_lags,2025-05-11 11:00:00,2025-05-11 14:00:00,8.699999809265137,8.29468261988317,9.199999809265137,True
180,process_lags,2025-05-12 07:00:00,2025-05-12 10:00:00,9.399999618530273,7.801680139710962,8.699999809265137,True
180,process_lags,2025-05-13 07:00:00,2025-05-13 10:00:00,8.699999809265137,7.800496566864014,9.399999618530273,True
180,process_lags,2025-05-14 07:00:00,2025-05-14 10:00:00,9.199999809265137,7.808892865348016,8.699999809265137,True
180,process_lags,2025-05-15 07:00:00,2025-05-15 10:00:00,8.300000190734863,7.772051835358534,9.199999809265137,True
180,process_lags,2025-05-16 07:00:00,2025-05-16 10:00:00,9.0,7.670907947375332,8.300000190734863,True
180,process_lags,2025-05-17 07:00:00,2025-05-17 10:00:00,6.800000190734863,7.7121207405509935,9.0,True
180,process_lags,2025-05-18 07:00:00,2025-05-18 10:00:00,7.900000095367432,7.647672962971358,6.800000190734863,True
180,process_lags,2025-05-18 23:00:00,2025-05-19 02:00:00,6.900000095367432,7.64889723738893,7.900000095367432,True
180,process_lags,2025-05-19 07:00:00,2025-05-19 10:00:00,7.599999904632568,7.46878452998798,6.900000095367432,True
180,process_lags,2025-05-20 07:00:00,2025-05-20 10:00:00,11.300000190734863,7.7193284956465025,7.599999904632568,True
180,process_lags,2025-05-21 07:00:00,2025-05-21 10:00:00,10.199999809265137,7.557790139445125,11.300000190734863,True
180,process_lags,2025-05-21 19:02:41,2025-05-21 22:02:41,9.0,7.616708441184523,10.199999809265137,True
180,process_lags,2025-05-22 07:00:00,2025-05-22 10:00:00,8.800000190734863,7.638569650945586,9.0,True
180,process_lags,2025-05-23 07:00:00,2025-05-23 10:00:00,10.0,7.761923879703838,8.800000190734863,True
180,process_lags,2025-05-24 07:00:00,2025-05-24 10:00:00,8.0,7.828005050525595,10.0,True
180,process_lags,2025-05-25 07:00:00,2025-05-25 10:00:00,8.300000190734863,7.696278209521953,8.0,True
180,process_lags,2025-05-26 07:00:00,2025-05-26 10:00:00,6.699999809265137,7.568425338410087,8.300000190734863,True
180,process_lags,2025-05-27 07:00:00,2025-05-27 10:00:00,9.199999809265137,7.561976781144377,6.699999809265137,True
180,process_lags,2025-05-28 07:00:00,2025-05-28 10:00:00,7.5,7.585786493027486,9.199999809265137,True
180,process_lags,2025-05-29 07:00:00,2025-05-29 10:00:00,8.699999809265137,7.659139813398912,7.5,True
180,process_lags,2025-05-30 07:00:00,2025-05-30 10:00:00,10.0,7.582558328405689,8.699999809265137,True
180,process_lags,2025-05-31 07:00:00,2025-05-31 10:00:00,6.800000190734863,7.59921198925487,10.0,True
180,process_lags,2025-06-01 07:00:00,2025-06-01 10:00:00,8.699999809265137,7.605270753467009,6.800000190734863,True
180,process_lags,2025-06-02 07:00:00,2025-06-02 10:00:00,8.399999618530273,7.44421533619907,8.699999809265137,True
180,process_lags,2025-06-03 07:00:00,2025-06-03 10:00:00,23.299999237060547,7.669071246095566,8.399999618530273,True
180,process_lags,2025-06-03 14:30:00,2025-06-03 17:30:00,8.5,8.093845368460675,23.299999237060547,True
180,process_lags,2025-06-04 07:00:00,2025-06-04 10:00:00,6.900000095367432,7.673122972050214,8.5,True
180,process_lags,2025-06-05 07:00:00,2025-06-05 10:00:00,9.199999809265137,7.710871227156185,6.900000095367432,True
180,process_lags,2025-06-06 07:00:00,2025-06-06 10:00:00,8.800000190734863,7.787673084869935,9.199999809265137,True
180,process_lags,2025-06-07 07:00:00,2025-06-07 10:00:00,9.100000381469727,7.83557906160952,8.800000190734863,True
180,process_lags,2025-06-08 07:00:00,2025-06-08 10:00:00,9.100000381469727,7.91090402906624,9.100000381469727,True
180,process_lags,2025-06-09 07:00:00,2025-06-09 10:00:00,9.300000190734863,7.801178228732564,9.100000381469727,True
180,process_lags,2025-06-10 07:00:00,2025-06-10 10:00:00,8.800000190734863,7.677732252406127,9.300000190734863,True
180,process_lags,2025-06-11 07:00:00,2025-06-11 10:00:00,7.800000190734863,8.016631162376028,8.800000190734863,True
180,process_lags,2025-06-12 07:00:00,2025-06-12 10:00:00,9.899999618530273,7.929419782214657,7.800000190734863,True
180,process_lags,2025-06-13 07:00:00,2025-06-13 10:00:00,9.199999809265137,7.974827632092708,9.899999618530273,True
180,process_lags,2025-06-14 07:00:00,2025-06-14 10:00:00,8.300000190734863,7.99502352293783,9.199999809265137,True
180,process_lags,2025-06-15 07:00:00,2025-06-15 10:00:00,8.0,7.841521464280522,8.300000190734863,True
180,process_lags,2025-06-16 07:00:00,2025-06-16 10:00:00,9.600000381469727,7.870226647107945,8.0,True
180,process_lags,2025-06-17 07:00:00,2025-06-17 10:00:00,9.300000190734863,7.706102025343769,9.600000381469727,True
180,process_lags,2025-06-18 07:00:00,2025-06-18 10:00:00,8.5,7.930298260961964,9.300000190734863,True
180,process_lags,2025-06-19 07:00:00,2025-06-19 10:00:00,10.600000381469727,7.982771904422744,8.5,True
180,process_lags,2025-06-20 07:00:00,2025-06-20 10:00:00,8.300000190734863,7.9914187279227065,10.600000381469727,True
180,process_lags,2025-06-21 07:00:00,2025-06-21 10:00:00,3.200000047683716,7.856916383645315,8.300000190734863,True
180,process_lags,2025-06-21 12:57:36,2025-06-21 15:57:36,8.399999618530273,7.684819918510632,8.300000190734863,True
180,process_lags,2025-06-22 07:00:00,2025-06-22 10:00:00,7.699999809265137,7.985239792639922,8.399999618530273,True
180,process_lags,2025-06-23 07:00:00,2025-06-23 10:00:00,7.599999904632568,8.055910488740883,7.699999809265137,True
180,process_lags,2025-06-24 07:00:00,2025-06-24 10:00:00,9.199999809265137,8.166591705518464,7.599999904632568,True
180,process_lags,2025-06-25 07:00:00,2025-06-25 10:00:00,8.5,7.945916024511588,9.199999809265137,True
180,process_lags,2025-06-26 07:00:00,2025-06-26 10:00:00,7.199999809265137,7.694392896822887,8.5,True
180,process_lags,2025-06-27 07:00:00,2025-06-27 10:00:00,8.899999618530273,7.765663243049978,7.199999809265137,True
180,process_lags,2025-06-28 07:00:00,2025-06-28 10:00:00,9.800000190734863,7.8520355245705655,8.899999618530273,True
180,process_lags,2025-06-29 07:00:00,2025-06-29 10:00:00,8.5,7.791409662256836,9.800000190734863,True
180,process_lags,2025-06-30 07:00:00,2025-06-30 10:00:00,8.0,7.723493740860201,8.5,True
180,process_lags,2025-07-01 07:00:00,2025-07-01 10:00:00,8.199999809265137,7.767755182954355,8.0,True
180,process_lags,2025-07-02 07:00:00,2025-07-02 10:00:00,8.800000190734863,7.833850276524668,8.199999809265137,True
180,process_lags,2025-07-03 07:00:00,2025-07-03 10:00:00,9.300000190734863,7.694497394562026,8.800000190734863,True
180,process_lags,2025-07-04 07:00:00,2025-07-04 10:00:00,9.399999618530273,7.733276282015053,9.300000190734863,True
180,process_lags,2025-07-05 07:00:00,2025-07-05 10:00:00,8.600000381469727,7.922563672070364,9.399999618530273,True
180,process_lags,2025-07-06 07:00:00,2025-07-06 10:00:00,9.300000190734863,7.774425422189124,8.600000381469727,True
180,process_lags,2025-07-07 07:00:00,2025-07-07 10:00:00,8.5,7.8318379211397495,9.300000190734863,True
180,process_lags,2025-07-08 07:00:00,2025-07-08 10:00:00,9.199999809265137,7.769710758541178,8.5,True
180,process_lags,2025-07-09 07:00:00,2025-07-09 10:00:00,8.199999809265137,7.776842929099562,9.199999809265137,True
180,process_lags,2025-07-10 07:00:00,2025-07-10 10:00:00,7.599999904632568,7.670480094350948,8.199999809265137,True
180,process_lags,2025-07-11 07:00:00,2025-07-11 10:00:00,9.100000381469727,7.813064386492281,7.599999904632568,True
180,process_lags,2025-07-12 07:00:00,2025-07-12 10:00:00,8.800000190734863,7.839865741773201,9.100000381469727,True
180,process_lags,2025-07-13 07:00:00,2025-07-13 10:00:00,8.5,7.885851344927417,8.800000190734863,True
180,process_lags,2025-07-14 07:00:00,2025-07-14 10:00:00,9.800000190734863,8.050938742863298,8.5,True
180,process_lags,2025-07-15 07:00:00,2025-07-15 10:00:00,9.399999618530273,8.292618694693582,9.800000190734863,True
180,process_lags,2025-07-16 07:00:00,2025-07-16 10:00:00,9.100000381469727,8.042468068351985,9.399999618530273,True
180,process_lags,2025-07-17 07:00:00,2025-07-17 10:00:00,8.100000381469727,7.965343105092124,9.100000381469727,True
180,process_lags,2025-07-18 07:00:00,2025-07-18 10:00:00,9.399999618530273,7.8985077376059625,8.100000381469727,True
180,process_lags,2025-07-19 07:00:00,2025-07-19 10:00:00,7.900000095367432,7.906104506006349,9.399999618530273,True
180,process_lags,2025-07-20 07:00:00,2025-07-20 10:00:00,9.5,7.93251165007039,7.900000095367432,True
180,process_lags,2025-07-21 07:00:00,2025-07-21 10:00:00,9.300000190734863,7.848731703688985,9.5,True
180,process_lags,2025-07-22 07:00:00,2025-07-22 10:00:00,9.899999618530273,7.8635320748894255,9.300000190734863,True
180,process_lags,2025-07-23 07:00:00,2025-07-23 10:00:00,8.5,7.9442623526778124,9.899999618530273,True
180,process_lags,2025-07-24 07:00:00,2025-07-24 10:00:00,8.199999809265137,7.815853504608471,8.5,True
180,process_lags,2025-07-24 10:00:00,2025-07-24 13:00:00,120.0,7.70641937467383,8.5,True
180,process_lags,2025-07-24 10:15:00,2025-07-24 13:15:00,45.900001525878906,7.344355866119413,8.5,True
180,process_lags,2025-07-24 12:20:00,2025-07-24 15:20:00,2.0999999046325684,8.746046059428357,8.5,True
180,process_lags,2025-07-25 07:00:00,2025-07-25 10:00:00,9.600000381469727,7.529611464029603,2.0999999046325684,True
180,process_lags,2025-07-26 07:00:00,2025-07-26 10:00:00,7.300000190734863,7.593567483640186,9.600000381469727,True
180,process_lags,2025-07-27 07:00:00,2025-07-27 10:00:00,8.899999618530273,7.626196904240944,7.300000190734863,True
180,process_lags,2025-07-28 07:00:00,2025-07-28 10:00:00,10.199999809265137,7.856801382766449,8.899999618530273,True
180,process_lags,2025-07-28 13:00:00,2025-07-28 16:00:00,35.099998474121094,9.664675406697807,8.899999618530273,True
180,process_lags,2025-07-28 18:26:26,2025-07-28 21:26:26,3.5,9.393425882013764,10.199999809265137,True
180,process_lags,2025-07-29 07:00:00,2025-07-29 10:00:00,8.300000190734863,7.701643214947769,3.5,True
180,process_lags,2025-07-30 07:00:00,2025-07-30 10:00:00,10.0,7.633607887515474,8.300000190734863,True
180,process_lags,2025-07-31 07:00:00,2025-07-31 10:00:00,6.599999904632568,7.7415041845976,10.0,True
180,process_lags,2025-08-01 07:00:00,2025-08-01 10:00:00,5.300000190734863,7.709998424263501,6.599999904632568,True
180,process_lags,2025-08-03 07:00:00,2025-08-03 10:00:00,10.199999809265137,7.534678153742615,5.300000190734863,True
180,process_lags,2025-08-04 07:00:00,2025-08-04 10:00:00,7.5,7.7834378059724525,10.199999809265137,True
180,process_lags,2025-08-05 07:00:00,2025-08-05 10:00:00,6.599999904632568,7.723761117140793,7.5,True
180,process_lags,2025-08-05 11:05:08,2025-08-05 14:05:08,3.5999999046325684,6.760589486532177,7.5,True
180,process_lags,2025-08-06 07:00:00,2025-08-06 10:00:00,7.900000095367432,7.632303987523754,3.5999999046325684,True
180,process_lags,2025-08-07 07:00:00,2025-08-07 10:00:00,6.300000190734863,7.40038501812327,7.900000095367432,True
180,process_lags,2025-08-08 07:00:00,2025-08-08 10:00:00,7.400000095367432,7.540660976251704,6.300000190734863,True
180,process_lags,2025-08-09 07:00:00,2025-08-09 10:00:00,7.599999904632568,7.827694181726013,7.400000095367432,True
180,process_lags,2025-08-10 07:00:00,2025-08-10 10:00:00,9.300000190734863,7.7667652612500415,7.599999904632568,True
180,process_lags,2025-08-12 07:00:00,2025-08-12 10:00:00,8.0,7.871880610232127,9.300000190734863,True
180,process_lags,2025-08-13 07:00:00,2025-08-13 10:00:00,9.199999809265137,8.00638349720652,8.0,True
180,process_lags,2025-08-14 07:00:00,2025-08-14 10:00:00,10.5,7.973365318404225,9.199999809265137,True
180,process_lags,2025-08-14 11:00:00,2025-08-14 14:00:00,11.800000190734863,7.531846622284144,9.199999809265137,True
180,process_lags,2025-08-14 17:00:00,2025-08-14 20:00:00,4.699999809265137,7.368433190947227,10.5,True
180,process_lags,2025-08-15 07:00:00,2025-08-15 10:00:00,8.100000381469727,7.725953321266958,4.699999809265137,True
180,process_lags,2025-08-16 07:00:00,2025-08-16 10:00:00,8.300000190734863,7.834487554332,8.100000381469727,True
180,process_lags,2025-08-16 17:00:00,2025-08-16 20:00:00,5.199999809265137,8.027904599416214,8.300000190734863,True
180,process_lags,2025-08-17 07:00:00,2025-08-17 10:00:00,7.900000095367432,7.656419601717159,5.199999809265137,True
180,process_lags,2025-08-18 07:00:00,2025-08-18 10:00:00,9.199999809265137,8.048380175721045,7.900000095367432,True
180,process_lags,2025-08-19 07:00:00,2025-08-19 10:00:00,6.699999809265137,8.121834965340309,9.199999809265137,True
180,process_lags,2025-08-20 07:00:00,2025-08-20 10:00:00,7.099999904632568,8.004597786576628,6.699999809265137,True
180,process_lags,2025-08-21 07:00:00,2025-08-21 10:00:00,6.599999904632568,7.9914844397708045,7.099999904632568,True
180,process_lags,2025-08-22 07:00:00,2025-08-22 10:00:00,8.5,7.730055003662539,6.599999904632568,True
180,process_lags,2025-08-23 07:00:00,2025-08-23 10:00:00,11.399999618530273,7.707415380985431,8.5,True
180,process_lags,2025-08-23 19:00:00,2025-08-23 22:00:00,8.899999618530273,7.786370885673993,11.399999618530273,True
180,process_lags,2025-08-24 07:00:00,2025-08-24 10:00:00,9.399999618530273,7.9394685856551686,8.899999618530273,True
180,process_lags,2025-08-25 07:00:00,2025-08-25 10:00:00,10.899999618530273,7.990598113441555,9.399999618530273,True
180,process_lags,2025-08-27 07:00:00,2025-08-27 10:00:00,8.699999809265137,8.141813388128561,10.899999618530273,True
180,process_lags,2025-08-27 19:00:00,2025-08-27 22:00:00,9.300000190734863,7.926529865288586,8.699999809265137,True
180,process_lags,2025-08-28 07:00:00,2025-08-28 10:00:00,7.800000190734863,7.95261239707609,9.300000190734863,True
180,process_lags,2025-08-29 07:00:00,2025-08-29 10:00:00,8.0,8.120664866022503,7.800000190734863,True
180,process_lags,2025-08-30 07:00:00,2025-08-30 10:00:00,11.100000381469727,8.088431688763691,8.0,True
180,process_lags,2025-08-31 07:00:00,2025-08-31 10:00:00,8.600000381469727,8.290186742829457,11.100000381469727,True
180,process_lags,2025-09-01 07:00:00,2025-09-01 10:00:00,7.599999904632568,8.196716207232766,8.600000381469727,True
180,process_lags,2025-09-02 07:00:00,2025-09-02 10:00:00,7.199999809265137,8.016284693949796,7.599999904632568,True
180,process_lags,2025-09-03 07:00:00,2025-09-03 10:00:00,10.699999809265137,7.857517435274554,7.199999809265137,True
180,process_lags,2025-09-04 07:00:00,2025-09-04 10:00:00,7.300000190734863,7.6192664398312715,10.699999809265137,True
180,process_lags,2025-09-05 07:00:00,2025-09-05 10:00:00,9.699999809265137,8.168152418831886,7.300000190734863,True
180,process_lags,2025-09-06 07:00:00,2025-09-06 10:00:00,11.699999809265137,8.152904859751969,9.699999809265137,True
180,process_lags,2025-09-07 07:00:00,2025-09-07 10:00:00,10.699999809265137,8.45334335496392,11.699999809265137,True
180,process_lags,2025-09-08 07:00:00,2025-09-08 10:00:00,9.800000190734863,8.189499611382118,10.699999809265137,True
180,process_lags,2025-09-09 07:00:00,2025-09-09 10:00:00,8.399999618530273,8.158969851016758,9.800000190734863,True
180,process_lags,2025-09-10 07:00:00,2025-09-10 10:00:00,10.100000381469727,8.306977112701171,8.399999618530273,True
180,process_lags,2025-09-11 07:00:00,2025-09-11 10:00:00,8.699999809265137,8.193649151346941,10.100000381469727,True
180,process_lags,2025-09-12 07:00:00,2025-09-12 10:00:00,9.899999618530273,8.284627076761815,8.699999809265137,True
180,process_lags,2025-09-13 07:00:00,2025-09-13 10:00:00,9.800000190734863,8.15849763162752,9.899999618530273,True
180,process_lags,2025-09-14 07:00:00,2025-09-14 10:00:00,9.899999618530273,8.388569114669801,9.800000190734863,True
180,process_lags,2025-09-15 07:00:00,2025-09-15 10:00:00,8.300000190734863,8.378563305039332,9.899999618530273,True
180,process_lags,2025-09-16 07:00:00,2025-09-16 10:00:00,9.199999809265137,8.356581656861943,8.300000190734863,True
180,process_lags,2025-09-17 07:00:00,2025-09-17 10:00:00,9.300000190734863,8.333446450535638,9.199999809265137,True
180,process_lags,2025-09-18 07:00:00,2025-09-18 10:00:00,9.600000381469727,8.243671577976697,9.300000190734863,True
180,process_lags,2025-09-19 07:00:00,2025-09-19 10:00:00,9.600000381469727,8.2890642752477,9.600000381469727,True
180,process_lags,2025-09-20 07:00:00,2025-09-20 10:00:00,8.5,8.20936182579496,9.600000381469727,True
180,process_lags,2025-09-21 07:00:00,2025-09-21 10:00:00,7.599999904632568,8.25015012403875,8.5,True
180,process_lags,2025-09-22 07:00:00,2025-09-22 10:00:00,8.899999618530273,8.453263005600226,7.599999904632568,True
180,process_lags,2025-09-23 07:00:00,2025-09-23 10:00:00,10.199999809265137,8.222861497695076,8.899999618530273,True
180,process_lags,2025-09-24 07:00:00,2025-09-24 10:00:00,10.5,8.001780999900134,10.199999809265137,True
180,process_lags,2025-09-25 07:00:00,2025-09-25 10:00:00,9.800000190734863,7.919694965283352,10.5,True
180,process_lags,2025-09-26 07:00:00,2025-09-26 10:00:00,7.599999904632568,7.856026321971406,9.800000190734863,True
180,process_lags,2025-09-27 07:00:00,2025-09-27 10:00:00,8.399999618530273,7.738151899237343,7.599999904632568,True
180,process_lags,2025-09-28 07:00:00,2025-09-28 10:00:00,9.399999618530273,7.75810907675454,8.399999618530273,True
180,process_lags,2025-09-28 14:00:00,2025-09-28 17:00:00,15.300000190734863,7.8655407270182245,9.399999618530273,True
180,process_lags,2025-09-28 17:00:00,2025-09-28 20:00:00,8.300000190734863,7.685599202384184,9.399999618530273,True
180,process_lags,2025-09-29 07:00:00,2025-09-29 10:00:00,9.199999809265137,7.9778401072665055,8.300000190734863,True
180,process_lags,2025-09-30 07:00:00,2025-09-30 10:00:00,8.300000190734863,7.842956817879031,9.199999809265137,True
180,process_lags,2025-10-01 07:00:00,2025-10-01 10:00:00,9.800000190734863,7.937514258582937,8.300000190734863,True
180,process_lags,2025-10-02 07:00:00,2025-10-02 10:00:00,9.699999809265137,7.8496044880395335,9.800000190734863,True
180,process_lags,2025-10-03 07:00:00,2025-10-03 10:00:00,10.399999618530273,7.870919003652105,9.699999809265137,True
180,process_lags,2025-10-05 07:00:00,2025-10-05 10:00:00,9.699999809265137,7.754541850843857,10.399999618530273,True
180,process_lags,2025-10-06 07:00:00,2025-10-06 10:00:00,9.800000190734863,7.892017047890141,9.699999809265137,True
180,process_lags,2025-10-06 11:00:00,2025-10-06 14:00:00,5.199999809265137,7.733061716740272,9.699999809265137,True
180,process_lags,2025-10-07 07:00:00,2025-10-07 10:00:00,9.300000190734863,7.598114244902593,5.199999809265137,True
180,process_lags,2025-10-08 07:00:00,2025-10-08 10:00:00,9.800000190734863,7.840851164276584,9.300000190734863,True
180,process_lags,2025-10-09 07:00:00,2025-10-09 10:00:00,12.699999809265137,7.657893809859402,9.800000190734863,True
180,process_lags,2025-10-09 13:00:00,2025-10-09 16:00:00,8.699999809265137,7.692707516522704,9.800000190734863,True
180,process_lags,2025-10-09 19:00:00,2025-10-09 22:00:00,9.0,7.736509730944354,12.699999809265137,True
180,process_lags,2025-10-10 07:00:00,2025-10-10 10:00:00,10.199999809265137,7.768503326784417,9.0,True
180,process_lags,2025-10-10 17:00:00,2025-10-10 20:00:00,9.600000381469727,8.261374876406714,10.199999809265137,True
180,process_lags,2025-10-11 07:00:00,2025-10-11 10:00:00,9.0,7.968121191739909,9.600000381469727,True
180,process_lags,2025-10-12 07:00:00,2025-10-12 10:00:00,10.5,7.505225595007772,9.0,True
180,process_lags,2025-10-14 07:00:00,2025-10-14 10:00:00,9.199999809265137,6.657423289459387,10.5,True
180,process_lags,2025-10-15 07:00:00,2025-10-15 10:00:00,9.100000381469727,7.547296499826073,9.199999809265137,True
180,process_lags,2025-10-16 07:00:00,2025-10-16 10:00:00,12.199999809265137,7.654364594764049,9.100000381469727,True
180,process_lags,2025-10-16 12:00:00,2025-10-16 15:00:00,9.699999809265137,7.568973431896069,9.100000381469727,True
180,process_lags,2025-10-17 07:00:00,2025-10-17 10:00:00,10.399999618530273,7.713888822977925,9.699999809265137,True
180,process_lags,2025-10-18 07:00:00,2025-10-18 10:00:00,10.800000190734863,7.7921798727652245,10.399999618530273,True
180,process_lags,2025-10-18 13:00:00,2025-10-18 16:00:00,8.0,7.76635192906976,10.399999618530273,True
180,process_lags,2025-10-19 07:00:00,2025-10-19 10:00:00,6.5,7.583964404977955,8.0,True
180,process_lags,2025-10-20 07:00:00,2025-10-20 10:00:00,10.5,7.686399251566332,6.5,True
180,process_lags,2025-10-21 07:00:00,2025-10-21 10:00:00,10.100000381469727,7.850779611217321,10.5,True
180,process_lags,2025-10-21 13:00:00,2025-10-21 16:00:00,11.0,7.805876322442661,10.5,True
180,process_lags,2025-10-21 19:00:00,2025-10-21 22:00:00,10.0,7.642842813625512,10.100000381469727,True
180,process_lags,2025-10-22 07:00:00,2025-10-22 10:00:00,9.300000190734863,7.599541018590804,10.0,True
180,process_lags,2025-10-22 17:00:00,2025-10-22 20:00:00,11.0,7.944664649600673,9.300000190734863,True
180,process_lags,2025-10-22 23:00:00,2025-10-23 02:00:00,6.699999809265137,7.507698445144248,9.300000190734863,True
180,process_lags,2025-10-23 07:00:00,2025-10-23 10:00:00,9.100000381469727,7.352573708071139,6.699999809265137,True
180,process_lags,2025-10-23 18:00:00,2025-10-23 21:00:00,6.5,7.436329321038043,9.100000381469727,True
180,process_lags,2025-10-24 07:00:00,2025-10-24 10:00:00,7.0,7.360893582673734,6.5,True
180,process_lags,2025-10-25 07:00:00,2025-10-25 10:00:00,7.199999809265137,7.324289971461269,7.0,True
180,process_lags,2025-10-26 07:00:00,2025-10-26 10:00:00,7.199999809265137,7.410703020312784,7.199999809265137,True
180,process_lags,2025-10-27 07:00:00,2025-10-27 10:00:00,10.399999618530273,7.505776285495138,7.199999809265137,True
180,process_lags,2025-10-27 12:15:10,2025-10-27 15:15:10,9.600000381469727,7.5499214878158245,7.199999809265137,True
180,process_lags,2025-10-27 15:46:34,2025-10-27 18:46:34,5.599999904632568,7.517354340022845,10.399999618530273,True
180,process_lags,2025-10-27 19:00:00,2025-10-27 22:00:00,7.699999809265137,7.425598544619611,10.399999618530273,True
180,process_lags,2025-10-28 07:00:00,2025-10-28 10:00:00,9.899999618530273,7.783949997009456,7.699999809265137,True
180,process_lags,2025-10-28 11:00:00,2025-10-28 14:00:00,7.800000190734863,7.528620673123813,7.699999809265137,True
180,process_lags,2025-10-29 07:00:00,2025-10-29 10:00:00,9.199999809265137,7.377889025477515,7.800000190734863,True
180,process_lags,2025-10-30 07:00:00,2025-10-30 10:00:00,9.899999618530273,7.579866052585986,9.199999809265137,True
180,process_lags,2025-10-31 07:00:00,2025-10-31 10:00:00,10.199999809265137,7.653216848730677,9.899999618530273,True
180,process_lags,2025-11-01 07:00:00,2025-11-01 10:00:00,7.800000190734863,7.570568350261208,10.199999809265137,True
180,process_lags,2025-11-02 07:00:00,2025-11-02 10:00:00,10.100000381469727,7.525339412608936,7.800000190734863,True
180,process_lags,2025-11-03 02:00:00,2025-11-03 05:00:00,8.5,7.510131272556954,10.100000381469727,True
180,process_lags,2025-11-03 07:00:00,2025-11-03 10:00:00,9.5,7.572963349162562,10.100000381469727,True
180,process_lags,2025-11-04 07:00:00,2025-11-04 10:00:00,9.399999618530273,7.659997196511851,9.5,True
180,process_lags,2025-11-05 07:00:00,2025-11-05 10:00:00,8.899999618530273,7.622325397990631,9.399999618530273,True
180,process_lags,2025-11-06 07:00:00,2025-11-06 10:00:00,9.600000381469727,7.541850255168198,8.899999618530273,True
180,process_lags,2025-11-07 07:00:00,2025-11-07 10:00:00,9.899999618530273,7.64795828390282,9.600000381469727,True
180,process_lags,2025-11-08 07:00:00,2025-11-08 10:00:00,8.800000190734863,7.681121783429127,9.899999618530273,True
180,process_lags,2025-11-09 07:00:00,2025-11-09 10:00:00,10.5,7.560928733670584,8.800000190734863,True
180,process_lags,2025-11-09 10:00:00,2025-11-09 13:00:00,11.199999809265137,7.542741549267479,8.800000190734863,True
180,process_lags,2025-11-09 14:00:09,2025-11-09 17:00:09,8.100000381469727,7.7611391278518465,10.5,True
180,process_lags,2025-11-09 21:00:00,2025-11-10 00:00:00,7.300000190734863,7.451957426658852,11.199999809265137,True
180,process_lags,2025-11-10 07:00:00,2025-11-10 10:00:00,8.100000381469727,7.679921250966304,7.300000190734863,True
180,process_lags,2025-11-11 07:00:00,2025-11-11 10:00:00,9.100000381469727,7.488410612910881,8.100000381469727,True
180,process_lags,2025-11-12 07:00:00,2025-11-12 10:00:00,11.5,7.573772129268017,9.100000381469727,True
180,process_lags,2025-11-12 14:06:58,2025-11-12 17:06:58,8.100000381469727,7.71673280876065,11.5,True
180,process_lags,2025-11-13 07:00:00,2025-11-13 10:00:00,7.300000190734863,7.600935397393343,8.100000381469727,True
180,process_lags,2025-11-14 07:00:00,2025-11-14 10:00:00,10.399999618530273,7.541186764459486,7.300000190734863,True
180,process_lags,2025-11-14 19:00:00,2025-11-14 22:00:00,8.300000190734863,7.5658472581806375,10.399999618530273,True
180,process_lags,2025-11-15 07:00:00,2025-11-15 10:00:00,9.199999809265137,7.509591188379963,8.300000190734863,True
180,process_lags,2025-11-16 07:00:00,2025-11-16 10:00:00,9.899999618530273,7.655554426789191,9.199999809265137,True
180,process_lags,2025-11-17 07:00:00,2025-11-17 10:00:00,9.199999809265137,7.618863024917843,9.899999618530273,True
180,process_lags,2025-11-18 07:00:00,2025-11-18 10:00:00,9.800000190734863,7.680819389122611,9.199999809265137,True
180,process_lags,2025-11-19 07:00:00,2025-11-19 10:00:00,9.699999809265137,7.48442831966052,9.800000190734863,True
180,process_lags,2025-11-20 07:00:00,2025-11-20 10:00:00,6.099999904632568,7.349913162901544,9.699999809265137,True
180,process_lags,2025-11-21 07:00:00,2025-11-21 10:00:00,10.399999618530273,7.443931474494066,6.099999904632568,True
180,process_lags,2025-11-22 07:00:00,2025-11-22 10:00:00,9.300000190734863,7.663296639893266,10.399999618530273,True
180,process_lags,2025-11-23 07:00:00,2025-11-23 10:00:00,9.899999618530273,7.5417379635043105,9.300000190734863,True
180,process_lags,2025-11-23 19:51:00,2025-11-23 22:51:00,9.899999618530273,7.481123811554323,9.899999618530273,True
180,process_lags,2025-11-23 23:38:00,2025-11-24 02:38:00,10.699999809265137,7.538506908186989,9.899999618530273,True
180,process_lags,2025-11-24 07:00:00,2025-11-24 10:00:00,9.0,7.52721680106673,10.699999809265137,True
180,process_lags,2025-11-24 17:00:00,2025-11-24 20:00:00,8.399999618530273,7.382965418516445,9.0,True
180,process_lags,2025-11-25 07:00:00,2025-11-25 10:00:00,9.899999618530273,7.556430099398305,8.399999618530273,True
180,process_lags,2025-11-26 07:00:00,2025-11-26 10:00:00,9.699999809265137,7.589312695805809,9.899999618530273,True
180,process_lags,2025-11-27 07:00:00,2025-11-27 10:00:00,13.100000381469727,7.7201806152426915,9.699999809265137,True
180,process_lags,2025-11-27 09:45:00,2025-11-27 12:45:00,10.5,7.780772840976887,9.699999809265137,True
180,process_lags,2025-11-27 19:00:00,2025-11-27 22:00:00,8.600000381469727,7.78117974294741,10.5,True
180,process_lags,2025-11-28 07:00:00,2025-11-28 10:00:00,9.0,7.5300899297797095,8.600000381469727,True
180,process_lags,2025-11-29 07:00:00,2025-11-29 10:00:00,7.300000190734863,7.637972903731885,9.0,True
180,process_lags,2025-11-30 07:00:00,2025-11-30 10:00:00,8.699999809265137,7.573709402850428,7.300000190734863,True
180,process_lags,2025-12-01 07:00:00,2025-12-01 10:00:00,7.800000190734863,7.525918723873227,8.699999809265137,True
180,process_lags,2025-12-02 07:00:00,2025-12-02 10:00:00,8.399999618530273,7.549689203792612,7.800000190734863,True
180,process_lags,2025-12-03 07:00:00,2025-12-03 10:00:00,6.800000190734863,7.678911135516431,8.399999618530273,True
180,process_lags,2025-12-04 07:00:00,2025-12-04 10:00:00,7.800000190734863,7.843249510346519,6.800000190734863,True
180,process_lags,2025-12-05 07:00:00,2025-12-05 10:00:00,9.0,7.635140212948542,7.800000190734863,True
180,process_lags,2025-12-06 07:00:00,2025-12-06 10:00:00,8.300000190734863,7.487528945021296,9.0,True
180,process_lags,2025-12-07 07:00:00,2025-12-07 10:00:00,10.199999809265137,7.3589370720101694,8.300000190734863,True
180,process_lags,2025-12-08 07:00:00,2025-12-08 10:00:00,8.199999809265137,7.405004823915942,10.199999809265137,True
180,process_lags,2025-12-09 07:00:00,2025-12-09 10:00:00,9.100000381469727,7.567393046501424,8.199999809265137,True
180,process_lags,2025-12-10 03:00:00,2025-12-10 06:00:00,9.800000190734863,8.104148676629729,9.100000381469727,True
180,process_lags,2025-12-10 06:35:00,2025-12-10 09:35:00,8.0,8.090532674142624,9.100000381469727,True
180,process_lags,2025-12-10 17:00:00,2025-12-10 20:00:00,7.800000190734863,7.778298870817764,8.0,True
180,process_lags,2025-12-11 07:00:00,2025-12-11 10:00:00,7.300000190734863,7.4608114679022215,7.800000190734863,True
180,process_lags,2025-12-11 14:00:00,2025-12-11 17:00:00,10.5,7.313513560429637,7.300000190734863,True
180,process_lags,2025-12-12 07:00:00,2025-12-12 10:00:00,7.599999904632568,7.9049347255703495,10.5,True
180,process_lags,2025-12-13 07:00:00,2025-12-13 10:00:00,6.699999809265137,7.727159942065523,7.599999904632568,True
180,process_lags,2025-12-14 07:00:00,2025-12-14 10:00:00,6.400000095367432,7.897072662454601,6.699999809265137,True
180,process_lags,2025-12-14 11:22:00,2025-12-14 14:22:00,11.0,7.7644096047608535,6.699999809265137,True
180,process_lags,2025-12-15 07:00:00,2025-12-15 10:00:00,8.800000190734863,7.699918744790123,11.0,True
180,process_lags,2025-12-16 07:00:00,2025-12-16 10:00:00,7.400000095367432,7.700140452374706,8.800000190734863,True
180,process_lags,2025-12-17 07:00:00,2025-12-17 10:00:00,8.399999618530273,7.840878907448889,7.400000095367432,True
180,process_lags,2025-12-18 07:00:00,2025-12-18 10:00:00,9.300000190734863,7.8549899068899425,8.399999618530273,True
180,process_lags,2025-12-19 07:00:00,2025-12-19 10:00:00,9.399999618530273,7.7948548727362805,9.300000190734863,True
180,process_lags,2025-12-20 07:00:00,2025-12-20 10:00:00,9.100000381469727,7.579144585985398,9.399999618530273,True
180,process_lags,2025-12-21 07:00:00,2025-12-21 10:00:00,8.800000190734863,7.5732996019597145,9.100000381469727,True
180,process_lags,2025-12-22 07:00:00,2025-12-22 10:00:00,9.0,7.6452947466623495,8.800000190734863,True
180,process_lags,2025-12-23 07:00:00,2025-12-23 10:00:00,8.300000190734863,7.525518003285653,9.0,True
180,process_lags,2025-12-24 07:00:00,2025-12-24 10:00:00,5.099999904632568,7.289413954581237,8.300000190734863,True
180,process_lags,2025-12-25 07:00:00,2025-12-25 10:00:00,9.0,7.77836206930348,5.099999904632568,True
180,process_lags,2025-12-26 07:00:00,2025-12-26 10:00:00,6.199999809265137,7.7031798052878635,9.0,True
180,process_lags,2025-12-27 07:00:00,2025-12-27 10:00:00,8.899999618530273,7.679157083900819,6.199999809265137,True
180,process_lags,2025-12-28 07:00:00,2025-12-28 10:00:00,10.899999618530273,7.726638071133275,8.899999618530273,True
180,process_lags,2025-12-28 21:00:00,2025-12-29 00:00:00,10.5,7.825181154677379,10.899999618530273,True
180,process_lags,2025-12-28 23:30:00,2025-12-29 02:30:00,7.900000095367432,7.802291020871321,10.899999618530273,True
180,process_lags,2025-12-29 07:00:00,2025-12-29 10:00:00,4.699999809265137,7.166733405819484,7.900000095367432,True
180,process_lags,2025-12-30 07:00:00,2025-12-30 10:00:00,9.699999809265137,7.534224329308925,4.699999809265137,True
180,process_lags,2025-12-31 07:00:00,2025-12-31 10:00:00,9.0,7.56443240912313,9.699999809265137,True
180,feed_lims_and_shape,2025-01-01 07:00:00,2025-01-01 10:00:00,3.5,7.525256217275459,2.700000047683716,True
180,feed_lims_and_shape,2025-01-02 07:00:00,2025-01-02 10:00:00,7.099999904632568,7.967535345355627,3.5,True
180,feed_lims_and_shape,2025-01-03 07:00:00,2025-01-03 10:00:00,7.699999809265137,8.176815818329825,7.099999904632568,True
180,feed_lims_and_shape,2025-01-04 07:00:00,2025-01-04 10:00:00,5.400000095367432,8.386078530939564,7.699999809265137,True
180,feed_lims_and_shape,2025-01-05 07:00:00,2025-01-05 10:00:00,5.300000190734863,7.74254503084965,5.400000095367432,True
180,feed_lims_and_shape,2025-01-06 07:00:00,2025-01-06 10:00:00,4.800000190734863,7.916968475164241,5.300000190734863,True
180,feed_lims_and_shape,2025-01-07 07:00:00,2025-01-07 10:00:00,5.099999904632568,7.785552708357486,4.800000190734863,True
180,feed_lims_and_shape,2025-01-08 07:00:00,2025-01-08 10:00:00,3.5999999046325684,7.564084881499236,5.099999904632568,True
180,feed_lims_and_shape,2025-01-09 07:00:00,2025-01-09 10:00:00,3.9000000953674316,7.633944695876012,3.5999999046325684,True
180,feed_lims_and_shape,2025-01-10 07:00:00,2025-01-10 10:00:00,3.5,7.637874695272599,3.9000000953674316,True
180,feed_lims_and_shape,2025-01-11 07:00:00,2025-01-11 10:00:00,3.5999999046325684,7.549826636296697,3.5,True
180,feed_lims_and_shape,2025-01-12 07:00:00,2025-01-12 10:00:00,4.199999809265137,7.522833264611505,3.5999999046325684,True
180,feed_lims_and_shape,2025-01-13 07:00:00,2025-01-13 10:00:00,6.0,7.8271336438101216,4.199999809265137,True
180,feed_lims_and_shape,2025-01-14 07:00:00,2025-01-14 10:00:00,1.600000023841858,6.3017819920282045,6.0,True
180,feed_lims_and_shape,2025-01-15 07:00:00,2025-01-15 10:00:00,1.899999976158142,7.332156683034087,1.600000023841858,True
180,feed_lims_and_shape,2025-01-16 07:00:00,2025-01-16 10:00:00,7.099999904632568,7.966729917364775,1.899999976158142,True
180,feed_lims_and_shape,2025-01-17 07:00:00,2025-01-17 10:00:00,8.199999809265137,8.10936121867468,7.099999904632568,True
180,feed_lims_and_shape,2025-01-18 07:00:00,2025-01-18 10:00:00,7.599999904632568,8.341148300016913,8.199999809265137,True
180,feed_lims_and_shape,2025-01-19 07:00:00,2025-01-19 10:00:00,6.900000095367432,8.067406527043675,7.599999904632568,True
180,feed_lims_and_shape,2025-01-20 07:00:00,2025-01-20 10:00:00,10.600000381469727,8.327573013872065,6.900000095367432,True
180,feed_lims_and_shape,2025-01-21 07:00:00,2025-01-21 10:00:00,8.300000190734863,8.299734225391115,10.600000381469727,True
180,feed_lims_and_shape,2025-01-22 07:00:00,2025-01-22 10:00:00,6.099999904632568,8.227243384431661,8.300000190734863,True
180,feed_lims_and_shape,2025-01-23 07:00:00,2025-01-23 10:00:00,6.099999904632568,8.253635280600584,6.099999904632568,True
180,feed_lims_and_shape,2025-01-23 19:00:00,2025-01-23 22:00:00,5.900000095367432,8.237771461923568,6.099999904632568,True
180,feed_lims_and_shape,2025-01-24 07:00:00,2025-01-24 10:00:00,6.699999809265137,8.097361319957916,5.900000095367432,True
180,feed_lims_and_shape,2025-01-25 07:00:00,2025-01-25 10:00:00,7.5,7.976144345389553,6.699999809265137,True
180,feed_lims_and_shape,2025-01-26 07:00:00,2025-01-26 10:00:00,8.899999618530273,8.168428906348218,7.5,True
180,feed_lims_and_shape,2025-01-27 07:00:00,2025-01-27 10:00:00,6.0,8.176417923250728,8.899999618530273,True
180,feed_lims_and_shape,2025-01-28 07:00:00,2025-01-28 10:00:00,7.900000095367432,7.928070412769781,6.0,True
180,feed_lims_and_shape,2025-01-29 07:00:00,2025-01-29 10:00:00,6.199999809265137,7.935066745729612,7.900000095367432,True
180,feed_lims_and_shape,2025-01-30 07:00:00,2025-01-30 10:00:00,5.900000095367432,7.958190534419762,6.199999809265137,True
180,feed_lims_and_shape,2025-01-31 07:00:00,2025-01-31 10:00:00,7.400000095367432,7.880197898824633,5.900000095367432,True
180,feed_lims_and_shape,2025-02-01 07:00:00,2025-02-01 10:00:00,9.600000381469727,7.943057150592425,7.400000095367432,True
180,feed_lims_and_shape,2025-02-02 07:00:00,2025-02-02 10:00:00,10.5,8.275771861904976,9.600000381469727,True
180,feed_lims_and_shape,2025-02-03 01:48:22,2025-02-03 04:48:22,10.699999809265137,8.566154545641117,10.5,True
180,feed_lims_and_shape,2025-02-03 07:00:00,2025-02-03 10:00:00,8.5,9.154463838606723,10.5,True
180,feed_lims_and_shape,2025-02-04 07:00:00,2025-02-04 10:00:00,7.099999904632568,8.029008787271179,8.5,True
180,feed_lims_and_shape,2025-02-05 07:00:00,2025-02-05 10:00:00,7.400000095367432,7.909424732424238,7.099999904632568,True
180,feed_lims_and_shape,2025-02-07 07:00:00,2025-02-07 10:00:00,8.300000190734863,8.001528036311944,7.400000095367432,True
180,feed_lims_and_shape,2025-02-08 07:00:00,2025-02-08 10:00:00,8.100000381469727,7.886098225675816,8.300000190734863,True
180,feed_lims_and_shape,2025-02-09 07:00:00,2025-02-09 10:00:00,9.899999618530273,8.054644562059963,8.100000381469727,True
180,feed_lims_and_shape,2025-02-10 07:00:00,2025-02-10 10:00:00,9.5,8.168430206796364,9.899999618530273,True
180,feed_lims_and_shape,2025-02-11 07:00:00,2025-02-11 10:00:00,6.800000190734863,8.010628153888984,9.5,True
180,feed_lims_and_shape,2025-02-12 07:00:00,2025-02-12 10:00:00,9.600000381469727,7.986542667216268,6.800000190734863,True
180,feed_lims_and_shape,2025-02-13 07:00:00,2025-02-13 10:00:00,11.600000381469727,8.022256784898392,9.600000381469727,True
180,feed_lims_and_shape,2025-02-13 13:46:39,2025-02-13 16:46:39,8.899999618530273,8.072509420876836,9.600000381469727,True
180,feed_lims_and_shape,2025-02-14 07:00:00,2025-02-14 10:00:00,7.0,7.752797979648392,8.899999618530273,True
180,feed_lims_and_shape,2025-02-14 19:41:16,2025-02-14 22:41:16,11.899999618530273,7.556423172266367,7.0,True
180,feed_lims_and_shape,2025-02-14 23:39:46,2025-02-15 02:39:46,8.0,7.585260616643344,7.0,True
180,feed_lims_and_shape,2025-02-15 07:00:00,2025-02-15 10:00:00,9.100000381469727,7.6691656025316846,8.0,True
180,feed_lims_and_shape,2025-02-16 07:00:00,2025-02-16 10:00:00,7.300000190734863,8.038376571793806,9.100000381469727,True
180,feed_lims_and_shape,2025-02-17 07:00:00,2025-02-17 10:00:00,8.699999809265137,7.788136996218801,7.300000190734863,True
180,feed_lims_and_shape,2025-02-18 07:00:00,2025-02-18 10:00:00,8.5,7.796722354756998,8.699999809265137,True
180,feed_lims_and_shape,2025-02-19 07:00:00,2025-02-19 10:00:00,10.199999809265137,7.8266655749848315,8.5,True
180,feed_lims_and_shape,2025-02-20 07:00:00,2025-02-20 10:00:00,5.699999809265137,7.99976755335511,10.199999809265137,True
180,feed_lims_and_shape,2025-02-21 07:00:00,2025-02-21 10:00:00,9.399999618530273,7.6723773762051,5.699999809265137,True
180,feed_lims_and_shape,2025-02-22 07:00:00,2025-02-22 10:00:00,9.100000381469727,7.828763917697389,9.399999618530273,True
180,feed_lims_and_shape,2025-02-23 07:00:00,2025-02-23 10:00:00,10.300000190734863,7.766932977280527,9.100000381469727,True
180,feed_lims_and_shape,2025-02-24 07:00:00,2025-02-24 10:00:00,9.399999618530273,7.816852699770525,10.300000190734863,True
180,feed_lims_and_shape,2025-02-25 07:00:00,2025-02-25 10:00:00,9.399999618530273,7.909029960316591,9.399999618530273,True
180,feed_lims_and_shape,2025-02-26 07:00:00,2025-02-26 10:00:00,8.800000190734863,7.890157566215166,9.399999618530273,True
180,feed_lims_and_shape,2025-02-27 07:00:00,2025-02-27 10:00:00,10.300000190734863,7.884244096600499,8.800000190734863,True
180,feed_lims_and_shape,2025-02-28 07:00:00,2025-02-28 10:00:00,10.600000381469727,7.894793867534279,10.300000190734863,True
180,feed_lims_and_shape,2025-03-01 07:00:00,2025-03-01 10:00:00,7.800000190734863,8.041171613758554,10.600000381469727,True
180,feed_lims_and_shape,2025-03-02 07:00:00,2025-03-02 10:00:00,10.0,7.955830300363942,7.800000190734863,True
180,feed_lims_and_shape,2025-03-03 07:00:00,2025-03-03 10:00:00,8.300000190734863,7.943518851050991,10.0,True
180,feed_lims_and_shape,2025-03-06 07:00:00,2025-03-06 10:00:00,8.5,7.982990456705764,,False
180,feed_lims_and_shape,2025-03-07 07:00:00,2025-03-07 10:00:00,8.399999618530273,7.607676306205821,8.5,True
180,feed_lims_and_shape,2025-03-08 07:00:00,2025-03-08 10:00:00,8.0,7.736299721457824,8.399999618530273,True
180,feed_lims_and_shape,2025-03-09 07:00:00,2025-03-09 10:00:00,9.5,7.7797727846760125,8.0,True
180,feed_lims_and_shape,2025-03-10 07:00:00,2025-03-10 10:00:00,10.199999809265137,7.9079379666617715,9.5,True
180,feed_lims_and_shape,2025-03-11 07:00:00,2025-03-11 10:00:00,8.100000381469727,8.002736357318085,10.199999809265137,True
180,feed_lims_and_shape,2025-03-12 07:00:00,2025-03-12 10:00:00,8.600000381469727,8.096073227960304,8.100000381469727,True
180,feed_lims_and_shape,2025-03-13 07:00:00,2025-03-13 10:00:00,7.699999809265137,7.787717247888999,8.600000381469727,True
180,feed_lims_and_shape,2025-03-14 07:00:00,2025-03-14 10:00:00,9.899999618530273,7.839719721682229,7.699999809265137,True
180,feed_lims_and_shape,2025-03-15 07:00:00,2025-03-15 10:00:00,10.399999618530273,8.013186897567634,9.899999618530273,True
180,feed_lims_and_shape,2025-03-16 07:00:00,2025-03-16 10:00:00,10.5,8.165191537179696,10.399999618530273,True
180,feed_lims_and_shape,2025-03-17 07:00:00,2025-03-17 10:00:00,12.399999618530273,8.347009892789929,10.5,True
180,feed_lims_and_shape,2025-03-18 07:00:00,2025-03-18 10:00:00,12.300000190734863,8.507667058923461,12.399999618530273,True
180,feed_lims_and_shape,2025-03-19 07:00:00,2025-03-19 10:00:00,10.300000190734863,8.350747404267212,12.300000190734863,True
180,feed_lims_and_shape,2025-03-20 07:00:00,2025-03-20 10:00:00,11.300000190734863,8.095688704090305,10.300000190734863,True
180,feed_lims_and_shape,2025-03-21 07:00:00,2025-03-21 10:00:00,9.600000381469727,8.19216985091916,11.300000190734863,True
180,feed_lims_and_shape,2025-03-22 07:00:00,2025-03-22 10:00:00,8.800000190734863,7.901180856546645,9.600000381469727,True
180,feed_lims_and_shape,2025-03-23 07:00:00,2025-03-23 10:00:00,6.900000095367432,7.516590708931917,8.800000190734863,True
180,feed_lims_and_shape,2025-03-24 03:00:00,2025-03-24 06:00:00,6.800000190734863,7.875842084013831,6.900000095367432,True
180,feed_lims_and_shape,2025-03-24 07:00:00,2025-03-24 10:00:00,6.5,8.012080075286473,6.900000095367432,True
180,feed_lims_and_shape,2025-03-24 21:01:00,2025-03-25 00:01:00,11.0,7.2169998266294435,6.5,True
180,feed_lims_and_shape,2025-03-25 03:00:00,2025-03-25 06:00:00,13.399999618530273,7.507777444944953,6.5,True
180,feed_lims_and_shape,2025-03-25 07:00:00,2025-03-25 10:00:00,8.100000381469727,7.675332435842348,11.0,True
180,feed_lims_and_shape,2025-03-25 17:00:00,2025-03-25 20:00:00,10.5,7.70545624500547,8.100000381469727,True
180,feed_lims_and_shape,2025-03-26 07:00:00,2025-03-26 10:00:00,8.300000190734863,7.868145876939858,10.5,True
180,feed_lims_and_shape,2025-03-26 20:07:57,2025-03-26 23:07:57,10.199999809265137,7.709307771257729,8.300000190734863,True
180,feed_lims_and_shape,2025-03-27 07:00:00,2025-03-27 10:00:00,5.400000095367432,7.639250167263503,10.199999809265137,True
180,feed_lims_and_shape,2025-03-29 07:00:00,2025-03-29 10:00:00,8.399999618530273,8.005183936685826,5.400000095367432,True
180,feed_lims_and_shape,2025-03-30 07:00:00,2025-03-30 10:00:00,10.199999809265137,8.013365569398218,8.399999618530273,True
180,feed_lims_and_shape,2025-03-31 07:00:00,2025-03-31 10:00:00,8.600000381469727,8.158500830960152,10.199999809265137,True
180,feed_lims_and_shape,2025-04-01 07:00:00,2025-04-01 10:00:00,7.0,8.001806555491262,8.600000381469727,True
180,feed_lims_and_shape,2025-04-02 07:00:00,2025-04-02 10:00:00,7.300000190734863,8.146479225492198,7.0,True
180,feed_lims_and_shape,2025-04-03 07:00:00,2025-04-03 10:00:00,9.899999618530273,7.700016772792113,7.300000190734863,True
180,feed_lims_and_shape,2025-04-05 07:00:00,2025-04-05 10:00:00,5.800000190734863,8.321114475282013,9.899999618530273,True
180,feed_lims_and_shape,2025-04-06 07:00:00,2025-04-06 10:00:00,6.800000190734863,8.254758118085363,5.800000190734863,True
180,feed_lims_and_shape,2025-04-07 07:00:00,2025-04-07 10:00:00,7.5,8.069170994345793,6.800000190734863,True
180,feed_lims_and_shape,2025-04-08 07:00:00,2025-04-08 10:00:00,6.800000190734863,7.857579995052733,7.5,True
180,feed_lims_and_shape,2025-04-09 07:00:00,2025-04-09 10:00:00,8.100000381469727,7.832192960551378,6.800000190734863,True
180,feed_lims_and_shape,2025-04-10 07:00:00,2025-04-10 10:00:00,6.099999904632568,7.934767185377003,8.100000381469727,True
180,feed_lims_and_shape,2025-04-11 07:00:00,2025-04-11 10:00:00,7.400000095367432,7.948480358825368,6.099999904632568,True
180,feed_lims_and_shape,2025-04-12 07:00:00,2025-04-12 10:00:00,8.699999809265137,7.8691356233811725,7.400000095367432,True
180,feed_lims_and_shape,2025-04-13 07:00:00,2025-04-13 10:00:00,5.300000190734863,7.949037011247505,8.699999809265137,True
180,feed_lims_and_shape,2025-04-14 07:00:00,2025-04-14 10:00:00,7.699999809265137,7.9275892937218355,5.300000190734863,True
180,feed_lims_and_shape,2025-04-15 07:00:00,2025-04-15 10:00:00,8.5,7.7441412378847705,7.699999809265137,True
180,feed_lims_and_shape,2025-04-16 07:00:00,2025-04-16 10:00:00,7.699999809265137,7.85057959936699,8.5,True
180,feed_lims_and_shape,2025-04-17 07:00:00,2025-04-17 10:00:00,5.199999809265137,7.890449785306371,7.699999809265137,True
180,feed_lims_and_shape,2025-04-18 07:00:00,2025-04-18 10:00:00,8.800000190734863,7.889867030476669,5.199999809265137,True
180,feed_lims_and_shape,2025-04-18 17:00:00,2025-04-18 20:00:00,10.0,8.406121707007738,8.800000190734863,True
180,feed_lims_and_shape,2025-04-19 07:00:00,2025-04-19 10:00:00,8.800000190734863,8.281671506300972,10.0,True
180,feed_lims_and_shape,2025-04-20 07:00:00,2025-04-20 10:00:00,11.800000190734863,8.244436964874915,8.800000190734863,True
180,feed_lims_and_shape,2025-04-21 07:00:00,2025-04-21 10:00:00,11.399999618530273,8.052709874068144,11.800000190734863,True
180,feed_lims_and_shape,2025-04-22 07:00:00,2025-04-22 10:00:00,10.600000381469727,8.198885923888898,11.399999618530273,True
180,feed_lims_and_shape,2025-04-23 07:00:00,2025-04-23 10:00:00,13.5,8.447933477293514,10.600000381469727,True
180,feed_lims_and_shape,2025-04-24 07:00:00,2025-04-24 10:00:00,12.399999618530273,8.452175654381055,13.5,True
180,feed_lims_and_shape,2025-04-25 07:00:00,2025-04-25 10:00:00,9.399999618530273,7.859532995959569,12.399999618530273,True
180,feed_lims_and_shape,2025-04-26 03:00:00,2025-04-26 06:00:00,9.0,8.292685883034878,9.399999618530273,True
180,feed_lims_and_shape,2025-04-26 07:00:00,2025-04-26 10:00:00,9.5,8.223696642514989,9.399999618530273,True
180,feed_lims_and_shape,2025-04-27 07:00:00,2025-04-27 10:00:00,7.699999809265137,7.932152352524694,9.5,True
180,feed_lims_and_shape,2025-04-28 07:00:00,2025-04-28 10:00:00,10.0,7.776300046043332,7.699999809265137,True
180,feed_lims_and_shape,2025-04-29 07:00:00,2025-04-29 10:00:00,7.5,7.820366002603974,10.0,True
180,feed_lims_and_shape,2025-04-30 07:00:00,2025-04-30 10:00:00,6.5,7.657525103007535,7.5,True
180,feed_lims_and_shape,2025-05-01 07:00:00,2025-05-01 10:00:00,11.300000190734863,7.899001013514413,6.5,True
180,feed_lims_and_shape,2025-05-02 07:00:00,2025-05-02 10:00:00,8.300000190734863,7.944607622195841,11.300000190734863,True
180,feed_lims_and_shape,2025-05-03 07:00:00,2025-05-03 10:00:00,9.899999618530273,7.9488117766150825,8.300000190734863,True
180,feed_lims_and_shape,2025-05-04 07:00:00,2025-05-04 10:00:00,8.399999618530273,7.888438878488886,9.899999618530273,True
180,feed_lims_and_shape,2025-05-05 07:00:00,2025-05-05 10:00:00,8.600000381469727,7.883805867492912,8.399999618530273,True
180,feed_lims_and_shape,2025-05-06 07:00:00,2025-05-06 10:00:00,8.5,7.785260025783641,8.600000381469727,True
180,feed_lims_and_shape,2025-05-07 07:00:00,2025-05-07 10:00:00,9.699999809265137,7.892856106414694,8.5,True
180,feed_lims_and_shape,2025-05-08 07:00:00,2025-05-08 10:00:00,9.399999618530273,7.961367790435819,9.699999809265137,True
180,feed_lims_and_shape,2025-05-09 07:00:00,2025-05-09 10:00:00,9.699999809265137,7.8472784288015305,9.399999618530273,True
180,feed_lims_and_shape,2025-05-10 07:00:00,2025-05-10 10:00:00,9.199999809265137,7.826036904130795,9.699999809265137,True
180,feed_lims_and_shape,2025-05-11 07:00:00,2025-05-11 10:00:00,11.0,8.139629375504763,9.199999809265137,True
180,feed_lims_and_shape,2025-05-11 11:00:00,2025-05-11 14:00:00,8.699999809265137,8.283784614289416,9.199999809265137,True
180,feed_lims_and_shape,2025-05-12 07:00:00,2025-05-12 10:00:00,9.399999618530273,7.7990733653347775,8.699999809265137,True
180,feed_lims_and_shape,2025-05-13 07:00:00,2025-05-13 10:00:00,8.699999809265137,7.752042655962551,9.399999618530273,True
180,feed_lims_and_shape,2025-05-14 07:00:00,2025-05-14 10:00:00,9.199999809265137,7.808560981154153,8.699999809265137,True
180,feed_lims_and_shape,2025-05-15 07:00:00,2025-05-15 10:00:00,8.300000190734863,7.719062195092729,9.199999809265137,True
180,feed_lims_and_shape,2025-05-16 07:00:00,2025-05-16 10:00:00,9.0,7.639801614118259,8.300000190734863,True
180,feed_lims_and_shape,2025-05-17 07:00:00,2025-05-17 10:00:00,6.800000190734863,7.625148596720777,9.0,True
180,feed_lims_and_shape,2025-05-18 07:00:00,2025-05-18 10:00:00,7.900000095367432,7.571556591601492,6.800000190734863,True
180,feed_lims_and_shape,2025-05-18 23:00:00,2025-05-19 02:00:00,6.900000095367432,7.602957673034975,7.900000095367432,True
180,feed_lims_and_shape,2025-05-19 07:00:00,2025-05-19 10:00:00,7.599999904632568,7.418783340565714,6.900000095367432,True
180,feed_lims_and_shape,2025-05-20 07:00:00,2025-05-20 10:00:00,11.300000190734863,7.659568569185506,7.599999904632568,True
180,feed_lims_and_shape,2025-05-21 07:00:00,2025-05-21 10:00:00,10.199999809265137,7.529630562546668,11.300000190734863,True
180,feed_lims_and_shape,2025-05-21 19:02:41,2025-05-21 22:02:41,9.0,7.540325823196987,10.199999809265137,True
180,feed_lims_and_shape,2025-05-22 07:00:00,2025-05-22 10:00:00,8.800000190734863,7.5784759193884526,9.0,True
180,feed_lims_and_shape,2025-05-23 07:00:00,2025-05-23 10:00:00,10.0,7.680604789990925,8.800000190734863,True
180,feed_lims_and_shape,2025-05-24 07:00:00,2025-05-24 10:00:00,8.0,7.790506382165825,10.0,True
180,feed_lims_and_shape,2025-05-25 07:00:00,2025-05-25 10:00:00,8.300000190734863,7.651153979791625,8.0,True
180,feed_lims_and_shape,2025-05-26 07:00:00,2025-05-26 10:00:00,6.699999809265137,7.519122970214173,8.300000190734863,True
180,feed_lims_and_shape,2025-05-27 07:00:00,2025-05-27 10:00:00,9.199999809265137,7.517244907555446,6.699999809265137,True
180,feed_lims_and_shape,2025-05-28 07:00:00,2025-05-28 10:00:00,7.5,7.572215998290547,9.199999809265137,True
180,feed_lims_and_shape,2025-05-29 07:00:00,2025-05-29 10:00:00,8.699999809265137,7.572943988213455,7.5,True
180,feed_lims_and_shape,2025-05-30 07:00:00,2025-05-30 10:00:00,10.0,7.51955809140782,8.699999809265137,True
180,feed_lims_and_shape,2025-05-31 07:00:00,2025-05-31 10:00:00,6.800000190734863,7.559358781416101,10.0,True
180,feed_lims_and_shape,2025-06-01 07:00:00,2025-06-01 10:00:00,8.699999809265137,7.604380445796098,6.800000190734863,True
180,feed_lims_and_shape,2025-06-02 07:00:00,2025-06-02 10:00:00,8.399999618530273,7.421390937898641,8.699999809265137,True
180,feed_lims_and_shape,2025-06-03 07:00:00,2025-06-03 10:00:00,23.299999237060547,7.620629095419549,8.399999618530273,True
180,feed_lims_and_shape,2025-06-03 14:30:00,2025-06-03 17:30:00,8.5,8.030722873805546,23.299999237060547,True
180,feed_lims_and_shape,2025-06-04 07:00:00,2025-06-04 10:00:00,6.900000095367432,7.632445350549878,8.5,True
180,feed_lims_and_shape,2025-06-05 07:00:00,2025-06-05 10:00:00,9.199999809265137,7.6814997403807315,6.900000095367432,True
180,feed_lims_and_shape,2025-06-06 07:00:00,2025-06-06 10:00:00,8.800000190734863,7.753927958019608,9.199999809265137,True
180,feed_lims_and_shape,2025-06-07 07:00:00,2025-06-07 10:00:00,9.100000381469727,7.794442307850181,8.800000190734863,True
180,feed_lims_and_shape,2025-06-08 07:00:00,2025-06-08 10:00:00,9.100000381469727,7.902805525717929,9.100000381469727,True
180,feed_lims_and_shape,2025-06-09 07:00:00,2025-06-09 10:00:00,9.300000190734863,7.783541370250706,9.100000381469727,True
180,feed_lims_and_shape,2025-06-10 07:00:00,2025-06-10 10:00:00,8.800000190734863,7.651641574534773,9.300000190734863,True
180,feed_lims_and_shape,2025-06-11 07:00:00,2025-06-11 10:00:00,7.800000190734863,7.99490986391476,8.800000190734863,True
180,feed_lims_and_shape,2025-06-12 07:00:00,2025-06-12 10:00:00,9.899999618530273,7.950724046962778,7.800000190734863,True
180,feed_lims_and_shape,2025-06-13 07:00:00,2025-06-13 10:00:00,9.199999809265137,7.95869675614628,9.899999618530273,True
180,feed_lims_and_shape,2025-06-14 07:00:00,2025-06-14 10:00:00,8.300000190734863,7.980941799077394,9.199999809265137,True
180,feed_lims_and_shape,2025-06-15 07:00:00,2025-06-15 10:00:00,8.0,7.815078167041872,8.300000190734863,True
180,feed_lims_and_shape,2025-06-16 07:00:00,2025-06-16 10:00:00,9.600000381469727,7.839842954395083,8.0,True
180,feed_lims_and_shape,2025-06-17 07:00:00,2025-06-17 10:00:00,9.300000190734863,7.678862142752198,9.600000381469727,True
180,feed_lims_and_shape,2025-06-18 07:00:00,2025-06-18 10:00:00,8.5,7.89598290593119,9.300000190734863,True
180,feed_lims_and_shape,2025-06-19 07:00:00,2025-06-19 10:00:00,10.600000381469727,7.925426306165285,8.5,True
180,feed_lims_and_shape,2025-06-20 07:00:00,2025-06-20 10:00:00,8.300000190734863,7.99149794625089,10.600000381469727,True
180,feed_lims_and_shape,2025-06-21 07:00:00,2025-06-21 10:00:00,3.200000047683716,7.836639999629609,8.300000190734863,True
180,feed_lims_and_shape,2025-06-21 12:57:36,2025-06-21 15:57:36,8.399999618530273,7.594143484811896,8.300000190734863,True
180,feed_lims_and_shape,2025-06-22 07:00:00,2025-06-22 10:00:00,7.699999809265137,7.948745591677611,8.399999618530273,True
180,feed_lims_and_shape,2025-06-23 07:00:00,2025-06-23 10:00:00,7.599999904632568,8.073796173811209,7.699999809265137,True
180,feed_lims_and_shape,2025-06-24 07:00:00,2025-06-24 10:00:00,9.199999809265137,8.239558656151482,7.599999904632568,True
180,feed_lims_and_shape,2025-06-25 07:00:00,2025-06-25 10:00:00,8.5,7.908017505975327,9.199999809265137,True
180,feed_lims_and_shape,2025-06-26 07:00:00,2025-06-26 10:00:00,7.199999809265137,7.647281556721072,8.5,True
180,feed_lims_and_shape,2025-06-27 07:00:00,2025-06-27 10:00:00,8.899999618530273,7.716694911228302,7.199999809265137,True
180,feed_lims_and_shape,2025-06-28 07:00:00,2025-06-28 10:00:00,9.800000190734863,7.845450870781271,8.899999618530273,True
180,feed_lims_and_shape,2025-06-29 07:00:00,2025-06-29 10:00:00,8.5,7.751700090732594,9.800000190734863,True
180,feed_lims_and_shape,2025-06-30 07:00:00,2025-06-30 10:00:00,8.0,7.680768062593977,8.5,True
180,feed_lims_and_shape,2025-07-01 07:00:00,2025-07-01 10:00:00,8.199999809265137,7.731353993373027,8.0,True
180,feed_lims_and_shape,2025-07-02 07:00:00,2025-07-02 10:00:00,8.800000190734863,7.801760472336857,8.199999809265137,True
180,feed_lims_and_shape,2025-07-03 07:00:00,2025-07-03 10:00:00,9.300000190734863,7.658902585030074,8.800000190734863,True
180,feed_lims_and_shape,2025-07-04 07:00:00,2025-07-04 10:00:00,9.399999618530273,7.699866053597621,9.300000190734863,True
180,feed_lims_and_shape,2025-07-05 07:00:00,2025-07-05 10:00:00,8.600000381469727,7.866471569543213,9.399999618530273,True
180,feed_lims_and_shape,2025-07-06 07:00:00,2025-07-06 10:00:00,9.300000190734863,7.730162520717846,8.600000381469727,True
180,feed_lims_and_shape,2025-07-07 07:00:00,2025-07-07 10:00:00,8.5,7.796793532701598,9.300000190734863,True
180,feed_lims_and_shape,2025-07-08 07:00:00,2025-07-08 10:00:00,9.199999809265137,7.728466663182987,8.5,True
180,feed_lims_and_shape,2025-07-09 07:00:00,2025-07-09 10:00:00,8.199999809265137,7.7404425062272235,9.199999809265137,True
180,feed_lims_and_shape,2025-07-10 07:00:00,2025-07-10 10:00:00,7.599999904632568,7.6300401592005045,8.199999809265137,True
180,feed_lims_and_shape,2025-07-11 07:00:00,2025-07-11 10:00:00,9.100000381469727,7.769646108383348,7.599999904632568,True
180,feed_lims_and_shape,2025-07-12 07:00:00,2025-07-12 10:00:00,8.800000190734863,7.803831967025692,9.100000381469727,True
180,feed_lims_and_shape,2025-07-13 07:00:00,2025-07-13 10:00:00,8.5,7.855007833080872,8.800000190734863,True
180,feed_lims_and_shape,2025-07-14 07:00:00,2025-07-14 10:00:00,9.800000190734863,8.02976008392986,8.5,True
180,feed_lims_and_shape,2025-07-15 07:00:00,2025-07-15 10:00:00,9.399999618530273,8.27408723420085,9.800000190734863,True
180,feed_lims_and_shape,2025-07-16 07:00:00,2025-07-16 10:00:00,9.100000381469727,8.041427761613331,9.399999618530273,True
180,feed_lims_and_shape,2025-07-17 07:00:00,2025-07-17 10:00:00,8.100000381469727,7.973931215940434,9.100000381469727,True
180,feed_lims_and_shape,2025-07-18 07:00:00,2025-07-18 10:00:00,9.399999618530273,7.839505288593678,8.100000381469727,True
180,feed_lims_and_shape,2025-07-19 07:00:00,2025-07-19 10:00:00,7.900000095367432,7.858986244751174,9.399999618530273,True
180,feed_lims_and_shape,2025-07-20 07:00:00,2025-07-20 10:00:00,9.5,7.896020164879985,7.900000095367432,True
180,feed_lims_and_shape,2025-07-21 07:00:00,2025-07-21 10:00:00,9.300000190734863,7.79813851254494,9.5,True
180,feed_lims_and_shape,2025-07-22 07:00:00,2025-07-22 10:00:00,9.899999618530273,7.829546887689963,9.300000190734863,True
180,feed_lims_and_shape,2025-07-23 07:00:00,2025-07-23 10:00:00,8.5,7.905802844054275,9.899999618530273,True
180,feed_lims_and_shape,2025-07-24 07:00:00,2025-07-24 10:00:00,8.199999809265137,7.768538375241421,8.5,True
180,feed_lims_and_shape,2025-07-24 10:00:00,2025-07-24 13:00:00,120.0,7.662123722389243,8.5,True
180,feed_lims_and_shape,2025-07-24 10:15:00,2025-07-24 13:15:00,45.900001525878906,7.281475598550857,8.5,True
180,feed_lims_and_shape,2025-07-24 12:20:00,2025-07-24 15:20:00,2.0999999046325684,8.819379374137439,8.5,True
180,feed_lims_and_shape,2025-07-25 07:00:00,2025-07-25 10:00:00,9.600000381469727,7.471932747771106,2.0999999046325684,True
180,feed_lims_and_shape,2025-07-26 07:00:00,2025-07-26 10:00:00,7.300000190734863,7.532011723476192,9.600000381469727,True
180,feed_lims_and_shape,2025-07-27 07:00:00,2025-07-27 10:00:00,8.899999618530273,7.583629971987351,7.300000190734863,True
180,feed_lims_and_shape,2025-07-28 07:00:00,2025-07-28 10:00:00,10.199999809265137,7.8148740835438595,8.899999618530273,True
180,feed_lims_and_shape,2025-07-28 13:00:00,2025-07-28 16:00:00,35.099998474121094,10.574469691329137,8.899999618530273,True
180,feed_lims_and_shape,2025-07-28 18:26:26,2025-07-28 21:26:26,3.5,9.146616301015435,10.199999809265137,True
180,feed_lims_and_shape,2025-07-29 07:00:00,2025-07-29 10:00:00,8.300000190734863,7.676318833148134,3.5,True
180,feed_lims_and_shape,2025-07-30 07:00:00,2025-07-30 10:00:00,10.0,7.576330409104127,8.300000190734863,True
180,feed_lims_and_shape,2025-07-31 07:00:00,2025-07-31 10:00:00,6.599999904632568,7.676183063322384,10.0,True
180,feed_lims_and_shape,2025-08-01 07:00:00,2025-08-01 10:00:00,5.300000190734863,7.649830223084798,6.599999904632568,True
180,feed_lims_and_shape,2025-08-03 07:00:00,2025-08-03 10:00:00,10.199999809265137,7.5118469238925165,5.300000190734863,True
180,feed_lims_and_shape,2025-08-04 07:00:00,2025-08-04 10:00:00,7.5,7.729175709227391,10.199999809265137,True
180,feed_lims_and_shape,2025-08-05 07:00:00,2025-08-05 10:00:00,6.599999904632568,7.652868196143693,7.5,True
180,feed_lims_and_shape,2025-08-05 11:05:08,2025-08-05 14:05:08,3.5999999046325684,6.480032094799409,7.5,True
180,feed_lims_and_shape,2025-08-06 07:00:00,2025-08-06 10:00:00,7.900000095367432,7.565031065727862,3.5999999046325684,True
180,feed_lims_and_shape,2025-08-07 07:00:00,2025-08-07 10:00:00,6.300000190734863,7.359472087088744,7.900000095367432,True
180,feed_lims_and_shape,2025-08-08 07:00:00,2025-08-08 10:00:00,7.400000095367432,7.498070272783496,6.300000190734863,True
180,feed_lims_and_shape,2025-08-09 07:00:00,2025-08-09 10:00:00,7.599999904632568,7.790877368527729,7.400000095367432,True
180,feed_lims_and_shape,2025-08-10 07:00:00,2025-08-10 10:00:00,9.300000190734863,7.721404591083081,7.599999904632568,True
180,feed_lims_and_shape,2025-08-12 07:00:00,2025-08-12 10:00:00,8.0,7.82996374585664,9.300000190734863,True
180,feed_lims_and_shape,2025-08-13 07:00:00,2025-08-13 10:00:00,9.199999809265137,7.963961634181423,8.0,True
180,feed_lims_and_shape,2025-08-14 07:00:00,2025-08-14 10:00:00,10.5,7.902530609205911,9.199999809265137,True
180,feed_lims_and_shape,2025-08-14 11:00:00,2025-08-14 14:00:00,11.800000190734863,7.499794462009657,9.199999809265137,True
180,feed_lims_and_shape,2025-08-14 17:00:00,2025-08-14 20:00:00,4.699999809265137,7.312394783370388,10.5,True
180,feed_lims_and_shape,2025-08-15 07:00:00,2025-08-15 10:00:00,8.100000381469727,7.715144835797485,4.699999809265137,True
180,feed_lims_and_shape,2025-08-16 07:00:00,2025-08-16 10:00:00,8.300000190734863,7.81407159280521,8.100000381469727,True
180,feed_lims_and_shape,2025-08-16 17:00:00,2025-08-16 20:00:00,5.199999809265137,7.975384760995492,8.300000190734863,True
180,feed_lims_and_shape,2025-08-17 07:00:00,2025-08-17 10:00:00,7.900000095367432,7.620998805455038,5.199999809265137,True
180,feed_lims_and_shape,2025-08-18 07:00:00,2025-08-18 10:00:00,9.199999809265137,8.04994897500651,7.900000095367432,True
180,feed_lims_and_shape,2025-08-19 07:00:00,2025-08-19 10:00:00,6.699999809265137,8.072321658978215,9.199999809265137,True
180,feed_lims_and_shape,2025-08-20 07:00:00,2025-08-20 10:00:00,7.099999904632568,7.94983629008701,6.699999809265137,True
180,feed_lims_and_shape,2025-08-21 07:00:00,2025-08-21 10:00:00,6.599999904632568,7.953187153627237,7.099999904632568,True
180,feed_lims_and_shape,2025-08-22 07:00:00,2025-08-22 10:00:00,8.5,7.710435117500573,6.599999904632568,True
180,feed_lims_and_shape,2025-08-23 07:00:00,2025-08-23 10:00:00,11.399999618530273,7.675091958124618,8.5,True
180,feed_lims_and_shape,2025-08-23 19:00:00,2025-08-23 22:00:00,8.899999618530273,7.746622234036309,11.399999618530273,True
180,feed_lims_and_shape,2025-08-24 07:00:00,2025-08-24 10:00:00,9.399999618530273,7.9100033241532905,8.899999618530273,True
180,feed_lims_and_shape,2025-08-25 07:00:00,2025-08-25 10:00:00,10.899999618530273,7.948341646043639,9.399999618530273,True
180,feed_lims_and_shape,2025-08-27 07:00:00,2025-08-27 10:00:00,8.699999809265137,8.125769300457382,10.899999618530273,True
180,feed_lims_and_shape,2025-08-27 19:00:00,2025-08-27 22:00:00,9.300000190734863,7.925504971971709,8.699999809265137,True
180,feed_lims_and_shape,2025-08-28 07:00:00,2025-08-28 10:00:00,7.800000190734863,7.932232866688068,9.300000190734863,True
180,feed_lims_and_shape,2025-08-29 07:00:00,2025-08-29 10:00:00,8.0,8.10488979021287,7.800000190734863,True
180,feed_lims_and_shape,2025-08-30 07:00:00,2025-08-30 10:00:00,11.100000381469727,8.073882102658754,8.0,True
180,feed_lims_and_shape,2025-08-31 07:00:00,2025-08-31 10:00:00,8.600000381469727,8.291770350213397,11.100000381469727,True
180,feed_lims_and_shape,2025-09-01 07:00:00,2025-09-01 10:00:00,7.599999904632568,8.197186482178875,8.600000381469727,True
180,feed_lims_and_shape,2025-09-02 07:00:00,2025-09-02 10:00:00,7.199999809265137,7.975836678004516,7.599999904632568,True
180,feed_lims_and_shape,2025-09-03 07:00:00,2025-09-03 10:00:00,10.699999809265137,7.843035027665666,7.199999809265137,True
180,feed_lims_and_shape,2025-09-04 07:00:00,2025-09-04 10:00:00,7.300000190734863,7.604630310278393,10.699999809265137,True
180,feed_lims_and_shape,2025-09-05 07:00:00,2025-09-05 10:00:00,9.699999809265137,8.187339534176939,7.300000190734863,True
180,feed_lims_and_shape,2025-09-06 07:00:00,2025-09-06 10:00:00,11.699999809265137,8.149284446568515,9.699999809265137,True
180,feed_lims_and_shape,2025-09-07 07:00:00,2025-09-07 10:00:00,10.699999809265137,8.451089159016783,11.699999809265137,True
180,feed_lims_and_shape,2025-09-08 07:00:00,2025-09-08 10:00:00,9.800000190734863,8.16599889013225,10.699999809265137,True
180,feed_lims_and_shape,2025-09-09 07:00:00,2025-09-09 10:00:00,8.399999618530273,8.125573380884253,9.800000190734863,True
180,feed_lims_and_shape,2025-09-10 07:00:00,2025-09-10 10:00:00,10.100000381469727,8.288127211701278,8.399999618530273,True
180,feed_lims_and_shape,2025-09-11 07:00:00,2025-09-11 10:00:00,8.699999809265137,8.178267829263852,10.100000381469727,True
180,feed_lims_and_shape,2025-09-12 07:00:00,2025-09-12 10:00:00,9.899999618530273,8.272461422283985,8.699999809265137,True
180,feed_lims_and_shape,2025-09-13 07:00:00,2025-09-13 10:00:00,9.800000190734863,8.126691482988829,9.899999618530273,True
180,feed_lims_and_shape,2025-09-14 07:00:00,2025-09-14 10:00:00,9.899999618530273,8.377801329256211,9.800000190734863,True
180,feed_lims_and_shape,2025-09-15 07:00:00,2025-09-15 10:00:00,8.300000190734863,8.36347303991473,9.899999618530273,True
180,feed_lims_and_shape,2025-09-16 07:00:00,2025-09-16 10:00:00,9.199999809265137,8.33038608891073,8.300000190734863,True
180,feed_lims_and_shape,2025-09-17 07:00:00,2025-09-17 10:00:00,9.300000190734863,8.303463618566804,9.199999809265137,True
180,feed_lims_and_shape,2025-09-18 07:00:00,2025-09-18 10:00:00,9.600000381469727,8.211270441623128,9.300000190734863,True
180,feed_lims_and_shape,2025-09-19 07:00:00,2025-09-19 10:00:00,9.600000381469727,8.264649532610425,9.600000381469727,True
180,feed_lims_and_shape,2025-09-20 07:00:00,2025-09-20 10:00:00,8.5,8.18824047401896,9.600000381469727,True
180,feed_lims_and_shape,2025-09-21 07:00:00,2025-09-21 10:00:00,7.599999904632568,8.224293874402095,8.5,True
180,feed_lims_and_shape,2025-09-22 07:00:00,2025-09-22 10:00:00,8.899999618530273,8.443846332584945,7.599999904632568,True
180,feed_lims_and_shape,2025-09-23 07:00:00,2025-09-23 10:00:00,10.199999809265137,8.223401412048318,8.899999618530273,True
180,feed_lims_and_shape,2025-09-24 07:00:00,2025-09-24 10:00:00,10.5,8.00482979678279,10.199999809265137,True
180,feed_lims_and_shape,2025-09-25 07:00:00,2025-09-25 10:00:00,9.800000190734863,7.888887583362216,10.5,True
180,feed_lims_and_shape,2025-09-26 07:00:00,2025-09-26 10:00:00,7.599999904632568,7.794145775258823,9.800000190734863,True
180,feed_lims_and_shape,2025-09-27 07:00:00,2025-09-27 10:00:00,8.399999618530273,7.687008954205419,7.599999904632568,True
180,feed_lims_and_shape,2025-09-28 07:00:00,2025-09-28 10:00:00,9.399999618530273,7.705973398029849,8.399999618530273,True
180,feed_lims_and_shape,2025-09-28 14:00:00,2025-09-28 17:00:00,15.300000190734863,7.818962175808627,9.399999618530273,True
180,feed_lims_and_shape,2025-09-28 17:00:00,2025-09-28 20:00:00,8.300000190734863,7.630372326553408,9.399999618530273,True
180,feed_lims_and_shape,2025-09-29 07:00:00,2025-09-29 10:00:00,9.199999809265137,7.953911298764401,8.300000190734863,True
180,feed_lims_and_shape,2025-09-30 07:00:00,2025-09-30 10:00:00,8.300000190734863,7.805315924244702,9.199999809265137,True
180,feed_lims_and_shape,2025-10-01 07:00:00,2025-10-01 10:00:00,9.800000190734863,7.901131457474406,8.300000190734863,True
180,feed_lims_and_shape,2025-10-02 07:00:00,2025-10-02 10:00:00,9.699999809265137,7.800177812923424,9.800000190734863,True
180,feed_lims_and_shape,2025-10-03 07:00:00,2025-10-03 10:00:00,10.399999618530273,7.823184062221449,9.699999809265137,True
180,feed_lims_and_shape,2025-10-05 07:00:00,2025-10-05 10:00:00,9.699999809265137,7.689885402180494,10.399999618530273,True
180,feed_lims_and_shape,2025-10-06 07:00:00,2025-10-06 10:00:00,9.800000190734863,7.852732324814054,9.699999809265137,True
180,feed_lims_and_shape,2025-10-06 11:00:00,2025-10-06 14:00:00,5.199999809265137,7.66227000628424,9.699999809265137,True
180,feed_lims_and_shape,2025-10-07 07:00:00,2025-10-07 10:00:00,9.300000190734863,7.5456687108377025,5.199999809265137,True
180,feed_lims_and_shape,2025-10-08 07:00:00,2025-10-08 10:00:00,9.800000190734863,7.788459437721585,9.300000190734863,True
180,feed_lims_and_shape,2025-10-09 07:00:00,2025-10-09 10:00:00,12.699999809265137,7.611845501618911,9.800000190734863,True
180,feed_lims_and_shape,2025-10-09 13:00:00,2025-10-09 16:00:00,8.699999809265137,7.637952456058377,9.800000190734863,True
180,feed_lims_and_shape,2025-10-09 19:00:00,2025-10-09 22:00:00,9.0,7.675191137986452,12.699999809265137,True
180,feed_lims_and_shape,2025-10-10 07:00:00,2025-10-10 10:00:00,10.199999809265137,7.72611991607716,9.0,True
180,feed_lims_and_shape,2025-10-10 17:00:00,2025-10-10 20:00:00,9.600000381469727,8.19698460180813,10.199999809265137,True
180,feed_lims_and_shape,2025-10-11 07:00:00,2025-10-11 10:00:00,9.0,7.915233045382509,9.600000381469727,True
180,feed_lims_and_shape,2025-10-12 07:00:00,2025-10-12 10:00:00,10.5,7.430570002103327,9.0,True
180,feed_lims_and_shape,2025-10-14 07:00:00,2025-10-14 10:00:00,9.199999809265137,6.597049088374556,10.5,True
180,feed_lims_and_shape,2025-10-15 07:00:00,2025-10-15 10:00:00,9.100000381469727,7.513248563837916,9.199999809265137,True
180,feed_lims_and_shape,2025-10-16 07:00:00,2025-10-16 10:00:00,12.199999809265137,7.577844542728441,9.100000381469727,True
180,feed_lims_and_shape,2025-10-16 12:00:00,2025-10-16 15:00:00,9.699999809265137,7.50715634566815,9.100000381469727,True
180,feed_lims_and_shape,2025-10-17 07:00:00,2025-10-17 10:00:00,10.399999618530273,7.6533967853550795,9.699999809265137,True
180,feed_lims_and_shape,2025-10-18 07:00:00,2025-10-18 10:00:00,10.800000190734863,7.743733322972508,10.399999618530273,True
180,feed_lims_and_shape,2025-10-18 13:00:00,2025-10-18 16:00:00,8.0,7.714026382342098,10.399999618530273,True
180,feed_lims_and_shape,2025-10-19 07:00:00,2025-10-19 10:00:00,6.5,7.533317567677942,8.0,True
180,feed_lims_and_shape,2025-10-20 07:00:00,2025-10-20 10:00:00,10.5,7.646917272524794,6.5,True
180,feed_lims_and_shape,2025-10-21 07:00:00,2025-10-21 10:00:00,10.100000381469727,7.789512522718603,10.5,True
180,feed_lims_and_shape,2025-10-21 13:00:00,2025-10-21 16:00:00,11.0,7.7431782983167565,10.5,True
180,feed_lims_and_shape,2025-10-21 19:00:00,2025-10-21 22:00:00,10.0,7.601629721324782,10.100000381469727,True
180,feed_lims_and_shape,2025-10-22 07:00:00,2025-10-22 10:00:00,9.300000190734863,7.528697576750844,10.0,True
180,feed_lims_and_shape,2025-10-22 17:00:00,2025-10-22 20:00:00,11.0,7.894367969190236,9.300000190734863,True
180,feed_lims_and_shape,2025-10-22 23:00:00,2025-10-23 02:00:00,6.699999809265137,7.459118401972432,9.300000190734863,True
180,feed_lims_and_shape,2025-10-23 07:00:00,2025-10-23 10:00:00,9.100000381469727,7.309686499227384,6.699999809265137,True
180,feed_lims_and_shape,2025-10-23 18:00:00,2025-10-23 21:00:00,6.5,7.363641514244177,9.100000381469727,True
180,feed_lims_and_shape,2025-10-24 07:00:00,2025-10-24 10:00:00,7.0,7.295991487371671,6.5,True
180,feed_lims_and_shape,2025-10-25 07:00:00,2025-10-25 10:00:00,7.199999809265137,7.24610757430967,7.0,True
180,feed_lims_and_shape,2025-10-26 07:00:00,2025-10-26 10:00:00,7.199999809265137,7.354350369364482,7.199999809265137,True
180,feed_lims_and_shape,2025-10-27 07:00:00,2025-10-27 10:00:00,10.399999618530273,7.464332009198333,7.199999809265137,True
180,feed_lims_and_shape,2025-10-27 12:15:10,2025-10-27 15:15:10,9.600000381469727,7.490623718315625,7.199999809265137,True
180,feed_lims_and_shape,2025-10-27 15:46:34,2025-10-27 18:46:34,5.599999904632568,7.452515051617562,10.399999618530273,True
180,feed_lims_and_shape,2025-10-27 19:00:00,2025-10-27 22:00:00,7.699999809265137,7.355913484449722,10.399999618530273,True
180,feed_lims_and_shape,2025-10-28 07:00:00,2025-10-28 10:00:00,9.899999618530273,7.720065430753499,7.699999809265137,True
180,feed_lims_and_shape,2025-10-28 11:00:00,2025-10-28 14:00:00,7.800000190734863,7.484611834670535,7.699999809265137,True
180,feed_lims_and_shape,2025-10-29 07:00:00,2025-10-29 10:00:00,9.199999809265137,7.305073284698002,7.800000190734863,True
180,feed_lims_and_shape,2025-10-30 07:00:00,2025-10-30 10:00:00,9.899999618530273,7.499890505438266,9.199999809265137,True
180,feed_lims_and_shape,2025-10-31 07:00:00,2025-10-31 10:00:00,10.199999809265137,7.595042156354504,9.899999618530273,True
180,feed_lims_and_shape,2025-11-01 07:00:00,2025-11-01 10:00:00,7.800000190734863,7.512164746506164,10.199999809265137,True
180,feed_lims_and_shape,2025-11-02 07:00:00,2025-11-02 10:00:00,10.100000381469727,7.456969197411949,7.800000190734863,True
180,feed_lims_and_shape,2025-11-03 02:00:00,2025-11-03 05:00:00,8.5,7.442417422638041,10.100000381469727,True
180,feed_lims_and_shape,2025-11-03 07:00:00,2025-11-03 10:00:00,9.5,7.50356378022691,10.100000381469727,True
180,feed_lims_and_shape,2025-11-04 07:00:00,2025-11-04 10:00:00,9.399999618530273,7.594508472920575,9.5,True
180,feed_lims_and_shape,2025-11-05 07:00:00,2025-11-05 10:00:00,8.899999618530273,7.567782014590705,9.399999618530273,True
180,feed_lims_and_shape,2025-11-06 07:00:00,2025-11-06 10:00:00,9.600000381469727,7.472517354792505,8.899999618530273,True
180,feed_lims_and_shape,2025-11-07 07:00:00,2025-11-07 10:00:00,9.899999618530273,7.579428982758003,9.600000381469727,True
180,feed_lims_and_shape,2025-11-08 07:00:00,2025-11-08 10:00:00,8.800000190734863,7.614453788814981,9.899999618530273,True
180,feed_lims_and_shape,2025-11-09 07:00:00,2025-11-09 10:00:00,10.5,7.502907071140797,8.800000190734863,True
180,feed_lims_and_shape,2025-11-09 10:00:00,2025-11-09 13:00:00,11.199999809265137,7.502139659588705,8.800000190734863,True
180,feed_lims_and_shape,2025-11-09 14:00:09,2025-11-09 17:00:09,8.100000381469727,7.6884710668400995,10.5,True
180,feed_lims_and_shape,2025-11-09 21:00:00,2025-11-10 00:00:00,7.300000190734863,7.39470781171822,11.199999809265137,True
180,feed_lims_and_shape,2025-11-10 07:00:00,2025-11-10 10:00:00,8.100000381469727,7.6308066705143975,7.300000190734863,True
180,feed_lims_and_shape,2025-11-11 07:00:00,2025-11-11 10:00:00,9.100000381469727,7.417403092243164,8.100000381469727,True
180,feed_lims_and_shape,2025-11-12 07:00:00,2025-11-12 10:00:00,11.5,7.497975980787105,9.100000381469727,True
180,feed_lims_and_shape,2025-11-12 14:06:58,2025-11-12 17:06:58,8.100000381469727,7.664539666800385,11.5,True
180,feed_lims_and_shape,2025-11-13 07:00:00,2025-11-13 10:00:00,7.300000190734863,7.516210106034478,8.100000381469727,True
180,feed_lims_and_shape,2025-11-14 07:00:00,2025-11-14 10:00:00,10.399999618530273,7.470696092113689,7.300000190734863,True
180,feed_lims_and_shape,2025-11-14 19:00:00,2025-11-14 22:00:00,8.300000190734863,7.500924220430038,10.399999618530273,True
180,feed_lims_and_shape,2025-11-15 07:00:00,2025-11-15 10:00:00,9.199999809265137,7.451710474666058,8.300000190734863,True
180,feed_lims_and_shape,2025-11-16 07:00:00,2025-11-16 10:00:00,9.899999618530273,7.6023987043232335,9.199999809265137,True
180,feed_lims_and_shape,2025-11-17 07:00:00,2025-11-17 10:00:00,9.199999809265137,7.569439170020196,9.899999618530273,True
180,feed_lims_and_shape,2025-11-18 07:00:00,2025-11-18 10:00:00,9.800000190734863,7.610751384067502,9.199999809265137,True
180,feed_lims_and_shape,2025-11-19 07:00:00,2025-11-19 10:00:00,9.699999809265137,7.406313225369368,9.800000190734863,True
180,feed_lims_and_shape,2025-11-20 07:00:00,2025-11-20 10:00:00,6.099999904632568,7.263383775118719,9.699999809265137,True
180,feed_lims_and_shape,2025-11-21 07:00:00,2025-11-21 10:00:00,10.399999618530273,7.387975989934169,6.099999904632568,True
180,feed_lims_and_shape,2025-11-22 07:00:00,2025-11-22 10:00:00,9.300000190734863,7.603028892584025,10.399999618530273,True
180,feed_lims_and_shape,2025-11-23 07:00:00,2025-11-23 10:00:00,9.899999618530273,7.468651148813203,9.300000190734863,True
180,feed_lims_and_shape,2025-11-23 19:51:00,2025-11-23 22:51:00,9.899999618530273,7.401488606498333,9.899999618530273,True
180,feed_lims_and_shape,2025-11-23 23:38:00,2025-11-24 02:38:00,10.699999809265137,7.478939021713746,9.899999618530273,True
180,feed_lims_and_shape,2025-11-24 07:00:00,2025-11-24 10:00:00,9.0,7.4544879790641545,10.699999809265137,True
180,feed_lims_and_shape,2025-11-24 17:00:00,2025-11-24 20:00:00,8.399999618530273,7.286450198162354,9.0,True
180,feed_lims_and_shape,2025-11-25 07:00:00,2025-11-25 10:00:00,9.899999618530273,7.479118786576397,8.399999618530273,True
180,feed_lims_and_shape,2025-11-26 07:00:00,2025-11-26 10:00:00,9.699999809265137,7.51060092663125,9.899999618530273,True
180,feed_lims_and_shape,2025-11-27 07:00:00,2025-11-27 10:00:00,13.100000381469727,7.655604544676702,9.699999809265137,True
180,feed_lims_and_shape,2025-11-27 09:45:00,2025-11-27 12:45:00,10.5,7.7149104690785855,9.699999809265137,True
180,feed_lims_and_shape,2025-11-27 19:00:00,2025-11-27 22:00:00,8.600000381469727,7.704175555282539,10.5,True
180,feed_lims_and_shape,2025-11-28 07:00:00,2025-11-28 10:00:00,9.0,7.452247815470846,8.600000381469727,True
180,feed_lims_and_shape,2025-11-29 07:00:00,2025-11-29 10:00:00,7.300000190734863,7.582476227799788,9.0,True
180,feed_lims_and_shape,2025-11-30 07:00:00,2025-11-30 10:00:00,8.699999809265137,7.50170030354861,7.300000190734863,True
180,feed_lims_and_shape,2025-12-01 07:00:00,2025-12-01 10:00:00,7.800000190734863,7.454555146662649,8.699999809265137,True
180,feed_lims_and_shape,2025-12-02 07:00:00,2025-12-02 10:00:00,8.399999618530273,7.503063068303666,7.800000190734863,True
180,feed_lims_and_shape,2025-12-03 07:00:00,2025-12-03 10:00:00,6.800000190734863,7.665204185588854,8.399999618530273,True
180,feed_lims_and_shape,2025-12-04 07:00:00,2025-12-04 10:00:00,7.800000190734863,7.8003572715010385,6.800000190734863,True
180,feed_lims_and_shape,2025-12-05 07:00:00,2025-12-05 10:00:00,9.0,7.559744213923704,7.800000190734863,True
180,feed_lims_and_shape,2025-12-06 07:00:00,2025-12-06 10:00:00,8.300000190734863,7.4201094282049045,9.0,True
180,feed_lims_and_shape,2025-12-07 07:00:00,2025-12-07 10:00:00,10.199999809265137,7.296522127090322,8.300000190734863,True
180,feed_lims_and_shape,2025-12-08 07:00:00,2025-12-08 10:00:00,8.199999809265137,7.334179224523838,10.199999809265137,True
180,feed_lims_and_shape,2025-12-09 07:00:00,2025-12-09 10:00:00,9.100000381469727,7.508351943815343,8.199999809265137,True
180,feed_lims_and_shape,2025-12-10 03:00:00,2025-12-10 06:00:00,9.800000190734863,8.049760657402835,9.100000381469727,True
180,feed_lims_and_shape,2025-12-10 06:35:00,2025-12-10 09:35:00,8.0,8.01655241083916,9.100000381469727,True
180,feed_lims_and_shape,2025-12-10 17:00:00,2025-12-10 20:00:00,7.800000190734863,7.7132815456113,8.0,True
180,feed_lims_and_shape,2025-12-11 07:00:00,2025-12-11 10:00:00,7.300000190734863,7.3964560854909145,7.800000190734863,True
180,feed_lims_and_shape,2025-12-11 14:00:00,2025-12-11 17:00:00,10.5,7.276357764884972,7.300000190734863,True
180,feed_lims_and_shape,2025-12-12 07:00:00,2025-12-12 10:00:00,7.599999904632568,7.846973352140488,10.5,True
180,feed_lims_and_shape,2025-12-13 07:00:00,2025-12-13 10:00:00,6.699999809265137,7.666836660568487,7.599999904632568,True
180,feed_lims_and_shape,2025-12-14 07:00:00,2025-12-14 10:00:00,6.400000095367432,7.87633799855324,6.699999809265137,True
180,feed_lims_and_shape,2025-12-14 11:22:00,2025-12-14 14:22:00,11.0,7.762239209129216,6.699999809265137,True
180,feed_lims_and_shape,2025-12-15 07:00:00,2025-12-15 10:00:00,8.800000190734863,7.679647800983837,11.0,True
180,feed_lims_and_shape,2025-12-16 07:00:00,2025-12-16 10:00:00,7.400000095367432,7.706499941259125,8.800000190734863,True
180,feed_lims_and_shape,2025-12-17 07:00:00,2025-12-17 10:00:00,8.399999618530273,7.898602182871469,7.400000095367432,True
180,feed_lims_and_shape,2025-12-18 07:00:00,2025-12-18 10:00:00,9.300000190734863,7.823942711784415,8.399999618530273,True
180,feed_lims_and_shape,2025-12-19 07:00:00,2025-12-19 10:00:00,9.399999618530273,7.758569750510976,9.300000190734863,True
180,feed_lims_and_shape,2025-12-20 07:00:00,2025-12-20 10:00:00,9.100000381469727,7.518232433820032,9.399999618530273,True
180,feed_lims_and_shape,2025-12-21 07:00:00,2025-12-21 10:00:00,8.800000190734863,7.504683483396205,9.100000381469727,True
180,feed_lims_and_shape,2025-12-22 07:00:00,2025-12-22 10:00:00,9.0,7.5784201543240055,8.800000190734863,True
180,feed_lims_and_shape,2025-12-23 07:00:00,2025-12-23 10:00:00,8.300000190734863,7.455281192346629,9.0,True
180,feed_lims_and_shape,2025-12-24 07:00:00,2025-12-24 10:00:00,5.099999904632568,7.220829871105982,8.300000190734863,True
180,feed_lims_and_shape,2025-12-25 07:00:00,2025-12-25 10:00:00,9.0,7.6980030381231295,5.099999904632568,True
180,feed_lims_and_shape,2025-12-26 07:00:00,2025-12-26 10:00:00,6.199999809265137,7.66586309868141,9.0,True
180,feed_lims_and_shape,2025-12-27 07:00:00,2025-12-27 10:00:00,8.899999618530273,7.630901732435159,6.199999809265137,True
180,feed_lims_and_shape,2025-12-28 07:00:00,2025-12-28 10:00:00,10.899999618530273,7.682435604944063,8.899999618530273,True
180,feed_lims_and_shape,2025-12-28 21:00:00,2025-12-29 00:00:00,10.5,7.787001201907968,10.899999618530273,True
180,feed_lims_and_shape,2025-12-28 23:30:00,2025-12-29 02:30:00,7.900000095367432,7.770161410871573,10.899999618530273,True
180,feed_lims_and_shape,2025-12-29 07:00:00,2025-12-29 10:00:00,4.699999809265137,7.105623608291642,7.900000095367432,True
180,feed_lims_and_shape,2025-12-30 07:00:00,2025-12-30 10:00:00,9.699999809265137,7.48208755776618,4.699999809265137,True
180,feed_lims_and_shape,2025-12-31 07:00:00,2025-12-31 10:00:00,9.0,7.50158156130372,9.699999809265137,True
