horizon_minutes,prediction_origin,target_time,target,prediction,level_substituted,forecast_status
0,2024-01-01 01:00:00,2024-01-01 01:00:00,4.599999904632568,1.6102714737256365,False,ok
0,2024-01-01 10:00:00,2024-01-01 10:00:00,10.800000190734863,11.87974985440572,False,ok
0,2024-01-01 22:00:00,2024-01-01 22:00:00,8.300000190734863,8.040892958641052,False,ok
0,2024-01-02 10:00:00,2024-01-02 10:00:00,9.5,9.539430379867554,False,ok
0,2024-01-03 10:00:00,2024-01-03 10:00:00,7.199999809265137,9.707727710405988,False,ok
0,2024-01-04 10:00:00,2024-01-04 10:00:00,8.899999618530273,11.630115526417892,False,ok
0,2024-01-05 10:00:00,2024-01-05 10:00:00,6.099999904632568,1.1644094064831736,False,ok
0,2024-01-06 10:00:00,2024-01-06 10:00:00,6.900000095367432,9.555391289293764,False,ok
0,2024-01-07 10:00:00,2024-01-07 10:00:00,3.200000047683716,4.155223347246647,False,ok
0,2024-01-08 12:00:00,2024-01-08 12:00:00,12.600000381469728,0.7934806545575466,False,ok
0,2024-01-08 14:00:00,2024-01-08 14:00:00,1.0,1.104769428571066,False,ok
0,2024-01-08 16:00:00,2024-01-08 16:00:00,2.0,4.693915821611881,False,ok
0,2024-01-09 10:00:00,2024-01-09 10:00:00,6.0,6.784120210291197,False,ok
0,2024-01-10 10:00:00,2024-01-10 10:00:00,9.199999809265137,8.555715400259944,False,ok
0,2024-01-11 10:00:00,2024-01-11 10:00:00,4.699999809265137,5.273805936177572,False,ok
0,2024-01-12 10:00:00,2024-01-12 10:00:00,6.800000190734863,4.690123399098715,False,ok
0,2024-01-13 10:00:00,2024-01-13 10:00:00,3.5,4.166358787100762,False,ok
0,2024-01-13 23:00:00,2024-01-13 23:00:00,3.4000000953674316,9.740084012349447,False,ok
0,2024-01-14 10:00:00,2024-01-14 10:00:00,4.099999904632568,7.397195180257163,False,ok
0,2024-01-15 10:00:00,2024-01-15 10:00:00,2.299999952316284,5.917932351430258,False,ok
0,2024-01-16 10:00:00,2024-01-16 10:00:00,6.300000190734863,6.93427038192749,False,ok
0,2024-01-16 20:30:00,2024-01-16 20:30:00,4.199999809265137,4.875714619954428,False,ok
0,2024-01-17 10:00:00,2024-01-17 10:00:00,5.099999904632568,4.567846655845642,False,ok
0,2024-01-18 10:00:00,2024-01-18 10:00:00,5.900000095367432,9.5936781167984,False,ok
0,2024-01-19 10:00:00,2024-01-19 10:00:00,8.199999809265137,7.86356294155121,False,ok
0,2024-01-19 23:45:00,2024-01-19 23:45:00,12.800000190734863,9.471060156822206,False,ok
0,2024-01-20 10:00:00,2024-01-20 10:00:00,7.300000190734863,6.962121367454529,False,ok
0,2024-01-20 22:00:00,2024-01-20 22:00:00,6.599999904632568,2.3726604382197065,False,ok
0,2024-01-21 10:00:00,2024-01-21 10:00:00,10.100000381469728,6.889150977134705,False,ok
0,2024-01-21 22:00:00,2024-01-21 22:00:00,5.800000190734863,3.1007753610610966,False,ok
0,2024-01-22 10:00:00,2024-01-22 10:00:00,7.0,3.693171342213948,False,ok
0,2024-01-23 10:00:00,2024-01-23 10:00:00,9.600000381469728,8.436155954996746,False,ok
0,2024-01-24 10:00:00,2024-01-24 10:00:00,8.5,4.1896216074625645,False,ok
0,2024-01-25 10:00:00,2024-01-25 10:00:00,10.199999809265137,7.189054489135742,False,ok
0,2024-01-26 10:00:00,2024-01-26 10:00:00,8.899999618530273,6.756357113520304,False,ok
0,2024-01-27 10:00:00,2024-01-27 10:00:00,9.0,9.083699067433676,False,ok
0,2024-01-28 10:00:00,2024-01-28 10:00:00,9.899999618530272,10.00868554910024,False,ok
0,2024-01-29 10:00:00,2024-01-29 10:00:00,9.600000381469728,8.657345533370973,False,ok
0,2024-01-30 10:00:00,2024-01-30 10:00:00,7.599999904632568,3.293235301971436,False,ok
0,2024-01-30 14:07:00,2024-01-30 14:07:00,20.600000381469727,11.744372129440308,False,ok
0,2024-01-30 16:25:00,2024-01-30 16:25:00,4.400000095367432,5.99590516090393,False,ok
0,2024-01-30 22:30:00,2024-01-30 22:30:00,1.0,9.600000381469725,True,ok
0,2024-01-31 10:00:00,2024-01-31 10:00:00,3.299999952316284,13.642387628555298,False,ok
0,2024-01-31 15:00:00,2024-01-31 15:00:00,2.9000000953674316,8.45458420117696,False,ok
0,2024-02-01 10:00:00,2024-02-01 10:00:00,7.300000190734863,8.20614473025004,False,ok
0,2024-02-01 22:30:00,2024-02-01 22:30:00,6.300000190734863,11.490314563115438,False,ok
0,2024-02-02 02:00:00,2024-02-02 02:00:00,19.100000381469727,14.154581149419148,False,ok
0,2024-02-02 07:00:00,2024-02-02 07:00:00,11.600000381469728,13.195384105046587,False,ok
0,2024-02-02 10:00:00,2024-02-02 10:00:00,5.300000190734863,4.444349606831868,False,ok
0,2024-02-03 10:00:00,2024-02-03 10:00:00,7.300000190734863,8.124784469604494,False,ok
0,2024-02-04 10:00:00,2024-02-04 10:00:00,6.900000095367432,7.538876692454018,False,ok
0,2024-02-05 10:00:00,2024-02-05 10:00:00,9.300000190734863,9.073168357213335,False,ok
0,2024-02-05 18:00:00,2024-02-05 18:00:00,12.100000381469728,8.769044677416483,False,ok
0,2024-02-06 10:00:00,2024-02-06 10:00:00,9.899999618530272,9.658215522766112,False,ok
0,2024-02-07 10:00:00,2024-02-07 10:00:00,8.899999618530273,8.239611148834229,False,ok
0,2024-02-08 10:00:00,2024-02-08 10:00:00,10.699999809265137,8.160927295684813,False,ok
0,2024-02-09 10:00:00,2024-02-09 10:00:00,11.300000190734863,9.219683806101482,False,ok
0,2024-02-11 10:00:00,2024-02-11 10:00:00,7.800000190734863,8.562009970347084,False,ok
0,2024-02-12 10:00:00,2024-02-12 10:00:00,9.0,5.051952838897705,False,ok
0,2024-02-13 10:00:00,2024-02-13 10:00:00,2.5999999046325684,3.563999891281128,False,ok
0,2024-02-14 10:00:00,2024-02-14 10:00:00,8.600000381469727,9.034618854522709,False,ok
0,2024-02-15 10:00:00,2024-02-15 10:00:00,9.199999809265137,9.162370761235554,False,ok
0,2024-02-16 10:00:00,2024-02-16 10:00:00,9.600000381469728,5.988124450047811,False,ok
0,2024-02-17 10:00:00,2024-02-17 10:00:00,10.699999809265137,9.623475074768065,False,ok
0,2024-02-17 16:00:00,2024-02-17 16:00:00,7.400000095367432,9.403968294461569,False,ok
0,2024-02-18 10:00:00,2024-02-18 10:00:00,8.199999809265137,9.419054547945658,False,ok
0,2024-02-19 10:00:00,2024-02-19 10:00:00,6.800000190734863,9.199999809265138,True,ok
0,2024-02-20 10:00:00,2024-02-20 10:00:00,7.699999809265137,8.437365055084229,False,ok
0,2024-02-21 10:00:00,2024-02-21 10:00:00,7.0,8.578513622283937,False,ok
0,2024-02-22 10:00:00,2024-02-22 10:00:00,8.100000381469727,8.222737153371174,False,ok
0,2024-02-23 10:00:00,2024-02-23 10:00:00,7.800000190734863,10.012966632843018,False,ok
0,2024-02-24 12:00:00,2024-02-24 12:00:00,7.400000095367432,7.699999809265137,True,ok
0,2024-02-24 15:00:00,2024-02-24 15:00:00,13.899999618530272,14.13529189427694,False,ok
0,2024-02-25 10:00:00,2024-02-25 10:00:00,8.0,10.73290042082469,False,ok
0,2024-02-26 10:00:00,2024-02-26 10:00:00,8.300000190734863,8.004912932713827,False,ok
0,2024-02-27 10:00:00,2024-02-27 10:00:00,8.100000381469727,9.496767958005268,False,ok
0,2024-02-28 10:00:00,2024-02-28 10:00:00,8.800000190734863,8.521008213361103,False,ok
0,2024-02-29 10:00:00,2024-02-29 10:00:00,8.300000190734863,8.300000190734863,True,ok
0,2024-02-29 21:00:00,2024-02-29 21:00:00,8.399999618530273,8.590703686078388,False,ok
0,2024-03-01 06:00:00,2024-03-01 06:00:00,14.199999809265137,14.05333610375722,False,ok
0,2024-03-01 10:00:00,2024-03-01 10:00:00,9.800000190734863,9.064717253049212,False,ok
0,2024-03-02 10:00:00,2024-03-02 10:00:00,7.599999904632568,8.246079087257385,False,ok
0,2024-03-03 10:00:00,2024-03-03 10:00:00,8.899999618530273,9.978444814682009,False,ok
0,2024-03-04 10:00:00,2024-03-04 10:00:00,9.199999809265137,9.558551947275795,False,ok
0,2024-03-05 10:00:00,2024-03-05 10:00:00,7.900000095367432,9.1403161684672,False,ok
0,2024-03-06 10:00:00,2024-03-06 10:00:00,9.399999618530272,9.07426913579305,False,ok
0,2024-03-07 10:00:00,2024-03-07 10:00:00,8.5,8.545189619064331,False,ok
0,2024-03-08 10:00:00,2024-03-08 10:00:00,8.0,11.37079604466756,False,ok
0,2024-03-08 17:00:00,2024-03-08 17:00:00,10.5,9.5926833152771,False,ok
0,2024-03-09 09:30:00,2024-03-09 09:30:00,8.5,8.591204166412354,False,ok
0,2024-03-10 10:00:00,2024-03-10 10:00:00,7.400000095367432,7.066977739334107,False,ok
0,2024-03-11 10:00:00,2024-03-11 10:00:00,10.0,7.936755418777465,False,ok
0,2024-03-12 10:00:00,2024-03-12 10:00:00,7.699999809265137,7.091678619384766,False,ok
0,2024-03-13 10:00:00,2024-03-13 10:00:00,7.5,4.667795658111572,False,ok
0,2024-03-14 10:00:00,2024-03-14 10:00:00,8.399999618530273,8.631078481674194,False,ok
0,2024-03-15 10:00:00,2024-03-15 10:00:00,7.800000190734863,6.186545610427857,False,ok
0,2024-03-16 10:00:00,2024-03-16 10:00:00,3.5,7.951385855674743,False,ok
0,2024-04-23 06:30:00,2024-04-23 06:30:00,2120.0,7.699999809265137,True,ok
0,2024-04-23 09:24:00,2024-04-23 09:24:00,34.0,7.699999809265137,True,ok
0,2024-04-23 10:00:00,2024-04-23 10:00:00,107.0,7.699999809265137,True,ok
0,2024-04-23 13:21:00,2024-04-23 13:21:00,6.800000190734863,7.800000190734862,True,ok
0,2024-04-23 16:33:00,2024-04-23 16:33:00,5.0,34.00000000000001,True,ok
0,2024-04-24 02:00:00,2024-04-24 02:00:00,3.200000047683716,34.00000000000001,True,ok
0,2024-04-24 10:00:00,2024-04-24 10:00:00,3.799999952316284,6.800000190734864,True,ok
0,2024-04-24 15:00:00,2024-04-24 15:00:00,7.599999904632568,4.999999999999999,True,ok
0,2024-04-25 10:00:00,2024-04-25 10:00:00,6.800000190734863,4.999999999999999,True,ok
0,2024-04-26 10:00:00,2024-04-26 10:00:00,5.900000095367432,4.999999999999999,True,ok
0,2024-04-26 16:00:00,2024-04-26 16:00:00,6.599999904632568,5.900000095367432,True,ok
0,2024-04-26 17:00:00,2024-04-26 17:00:00,4.5,5.900000095367432,True,ok
0,2024-04-26 20:00:00,2024-04-26 20:00:00,4.300000190734863,6.599999904632568,True,ok
0,2024-04-27 10:00:00,2024-04-27 10:00:00,3.5,5.900000095367432,True,ok
0,2024-04-27 23:00:00,2024-04-27 23:00:00,6.900000095367432,4.5,True,ok
0,2024-04-28 10:00:00,2024-04-28 10:00:00,8.899999618530273,4.5,True,ok
0,2024-04-29 10:00:00,2024-04-29 10:00:00,7.5,4.5,True,ok
0,2024-04-30 10:00:00,2024-04-30 10:00:00,6.599999904632568,6.900000095367432,True,ok
0,2024-05-01 10:00:00,2024-05-01 10:00:00,6.099999904632568,6.900000095367432,True,ok
0,2024-05-02 10:00:00,2024-05-02 10:00:00,7.599999904632568,6.900000095367432,True,ok
0,2024-05-03 10:00:00,2024-05-03 10:00:00,8.600000381469727,7.499999999999999,True,ok
0,2024-05-04 03:00:00,2024-05-04 03:00:00,4.0,16.731388807296753,False,ok
0,2024-05-04 06:00:00,2024-05-04 06:00:00,2.5999999046325684,20.300684690475467,False,ok
0,2024-05-04 10:00:00,2024-05-04 10:00:00,5.5,0.3,False,ok
0,2024-05-04 22:00:00,2024-05-04 22:00:00,8.899999618530273,6.520331343015035,False,ok
0,2024-05-05 10:00:00,2024-05-05 10:00:00,7.900000095367432,6.732947349548341,False,ok
0,2024-05-06 10:00:00,2024-05-06 10:00:00,7.5,6.297091881434124,False,ok
0,2024-05-07 10:00:00,2024-05-07 10:00:00,6.0,6.734827836354574,False,ok
0,2024-05-08 10:00:00,2024-05-08 10:00:00,8.300000190734863,6.870789567629496,False,ok
0,2024-05-09 10:00:00,2024-05-09 10:00:00,7.599999904632568,6.86910899480184,False,ok
0,2024-05-10 10:00:00,2024-05-10 10:00:00,7.0,8.316889127095541,False,ok
0,2024-05-11 10:00:00,2024-05-11 10:00:00,8.699999809265137,6.175436059633891,False,ok
0,2024-05-12 10:00:00,2024-05-12 10:00:00,7.099999904632568,7.717270215352377,False,ok
0,2024-05-13 10:00:00,2024-05-13 10:00:00,8.600000381469727,8.612156232198082,False,ok
0,2024-05-13 14:02:00,2024-05-13 14:02:00,5.699999809265137,5.3761368592580165,False,ok
0,2024-05-14 10:00:00,2024-05-14 10:00:00,7.400000095367432,7.183918555577597,False,ok
0,2024-05-15 10:00:00,2024-05-15 10:00:00,6.900000095367432,9.067545493443806,False,ok
0,2024-05-16 10:00:00,2024-05-16 10:00:00,7.199999809265137,7.365267793337504,False,ok
0,2024-05-17 10:00:00,2024-05-17 10:00:00,6.5,10.082417329152427,False,ok
0,2024-05-18 10:00:00,2024-05-18 10:00:00,7.599999904632568,8.210339109102886,False,ok
0,2024-05-19 10:00:00,2024-05-19 10:00:00,8.899999618530273,6.755463480949402,False,ok
0,2024-05-20 09:20:00,2024-05-20 09:20:00,6.699999809265137,5.827556173006694,False,ok
0,2024-05-20 17:00:00,2024-05-20 17:00:00,6.900000095367432,6.9174600044886265,False,ok
0,2024-05-20 22:00:00,2024-05-20 22:00:00,7.0,6.675419648488362,False,ok
0,2024-05-21 10:00:00,2024-05-21 10:00:00,5.800000190734863,5.8085135618845625,False,ok
0,2024-05-22 10:00:00,2024-05-22 10:00:00,7.900000095367432,6.452248493830362,False,ok
0,2024-05-23 10:00:00,2024-05-23 10:00:00,8.600000381469727,6.8205069700876875,False,ok
0,2024-05-24 10:00:00,2024-05-24 10:00:00,6.300000190734863,6.428899685541789,False,ok
0,2024-05-25 10:00:00,2024-05-25 10:00:00,7.0,7.1946340401967355,False,ok
0,2024-05-26 10:00:00,2024-05-26 10:00:00,8.5,8.710355361302693,False,ok
0,2024-05-27 10:00:00,2024-05-27 10:00:00,5.0,4.72947080930074,False,ok
0,2024-05-28 10:00:00,2024-05-28 10:00:00,5.900000095367432,6.542945782343545,False,ok
0,2024-05-29 10:00:00,2024-05-29 10:00:00,6.099999904632568,7.762396693229675,False,ok
0,2024-05-30 10:00:00,2024-05-30 10:00:00,6.300000190734863,6.911693453788758,False,ok
0,2024-05-31 10:00:00,2024-05-31 10:00:00,8.5,6.501463373502095,False,ok
0,2024-06-01 10:00:00,2024-06-01 10:00:00,7.800000190734863,6.468957702318826,False,ok
0,2024-06-02 10:00:00,2024-06-02 10:00:00,6.300000190734863,6.300000190734864,True,ok
0,2024-06-03 10:00:00,2024-06-03 10:00:00,9.600000381469728,7.934082746505736,False,ok
0,2024-06-04 10:00:00,2024-06-04 10:00:00,5.900000095367432,6.5076320966084795,False,ok
0,2024-06-05 10:00:00,2024-06-05 10:00:00,9.699999809265137,8.178740342458088,False,ok
0,2024-06-06 10:00:00,2024-06-06 10:00:00,8.399999618530273,7.120291550954182,False,ok
0,2024-06-07 08:20:00,2024-06-07 08:20:00,9.699999809265137,9.29879903793335,False,ok
0,2024-06-08 10:00:00,2024-06-08 10:00:00,9.5,8.407151540120442,False,ok
0,2024-06-09 10:00:00,2024-06-09 10:00:00,9.100000381469728,8.327437718709312,False,ok
0,2024-06-10 10:00:00,2024-06-10 10:00:00,8.300000190734863,9.04101769129435,False,ok
0,2024-06-11 10:00:00,2024-06-11 10:00:00,8.5,8.336935202280678,False,ok
0,2024-06-12 10:00:00,2024-06-12 10:00:00,9.800000190734863,8.871134916941326,False,ok
0,2024-06-13 10:00:00,2024-06-13 10:00:00,8.800000190734863,8.614071766535439,False,ok
0,2024-06-14 10:00:00,2024-06-14 10:00:00,8.800000190734863,8.057322422663368,False,ok
0,2024-06-15 10:00:00,2024-06-15 10:00:00,9.300000190734863,9.422812382380169,False,ok
0,2024-06-16 10:00:00,2024-06-16 10:00:00,9.5,8.776401996612547,False,ok
0,2024-06-17 10:00:00,2024-06-17 10:00:00,8.800000190734863,9.753876527150473,False,ok
0,2024-06-18 10:00:00,2024-06-18 10:00:00,9.5,7.950232346852619,False,ok
0,2024-06-19 10:00:00,2024-06-19 10:00:00,9.399999618530272,9.060343583424888,False,ok
0,2024-06-20 10:00:00,2024-06-20 10:00:00,8.899999618530273,9.58836325009664,False,ok
0,2024-06-21 09:30:00,2024-06-21 09:30:00,6.800000190734863,6.610164721806845,False,ok
0,2024-06-22 10:00:00,2024-06-22 10:00:00,7.699999809265137,9.523483912150068,False,ok
0,2024-06-23 10:00:00,2024-06-23 10:00:00,9.100000381469728,9.708198149998982,False,ok
0,2024-06-24 10:00:00,2024-06-24 10:00:00,8.699999809265137,9.515682776769005,False,ok
0,2024-06-25 12:00:00,2024-06-25 12:00:00,7.599999904632568,9.69849260648092,False,ok
0,2024-06-26 10:00:00,2024-06-26 10:00:00,8.899999618530273,9.058963537216188,False,ok
0,2024-06-27 10:00:00,2024-06-27 10:00:00,9.399999618530272,7.459062894185386,False,ok
0,2024-06-28 10:00:00,2024-06-28 10:00:00,9.300000190734863,10.120717763900757,False,ok
0,2024-06-29 10:00:00,2024-06-29 10:00:00,8.300000190734863,8.24381669362386,False,ok
0,2024-06-30 10:00:00,2024-06-30 10:00:00,8.800000190734863,8.91642387708028,False,ok
0,2024-07-01 10:00:00,2024-07-01 10:00:00,8.5,9.888413826624552,False,ok
0,2024-07-02 10:00:00,2024-07-02 10:00:00,9.699999809265137,6.869571924209595,False,ok
0,2024-07-03 10:00:00,2024-07-03 10:00:00,9.300000190734863,8.71345082918803,False,ok
0,2024-07-04 10:00:00,2024-07-04 10:00:00,10.100000381469728,10.94590703646342,False,ok
0,2024-07-05 10:00:00,2024-07-05 10:00:00,10.100000381469728,8.190394798914589,False,ok
0,2024-07-06 10:00:00,2024-07-06 10:00:00,8.899999618530273,10.577903191248575,False,ok
0,2024-07-07 10:00:00,2024-07-07 10:00:00,8.800000190734863,7.731577316919962,False,ok
0,2024-07-08 10:00:00,2024-07-08 10:00:00,7.5,7.6005224386851005,False,ok
0,2024-07-09 10:00:00,2024-07-09 10:00:00,9.399999618530272,9.198182423909502,False,ok
0,2024-07-10 10:00:00,2024-07-10 10:00:00,9.300000190734863,8.941796779632568,False,ok
0,2024-07-11 10:00:00,2024-07-11 10:00:00,10.800000190734863,9.10205149650574,False,ok
0,2024-07-11 16:00:00,2024-07-11 16:00:00,7.099999904632568,4.848622878392537,False,ok
0,2024-07-12 10:00:00,2024-07-12 10:00:00,6.5,8.813739856084187,False,ok
0,2024-07-13 10:00:00,2024-07-13 10:00:00,8.5,7.902161439259846,False,ok
0,2024-07-14 10:00:00,2024-07-14 10:00:00,7.099999904632568,9.858367284138996,False,ok
0,2024-07-15 10:00:00,2024-07-15 10:00:00,6.800000190734863,8.240916570027666,False,ok
0,2024-07-16 10:00:00,2024-07-16 10:00:00,6.199999809265137,9.038779576619463,False,ok
0,2024-07-17 10:00:00,2024-07-17 10:00:00,8.800000190734863,8.254969120025635,False,ok
0,2024-07-18 10:00:00,2024-07-18 10:00:00,6.699999809265137,8.132480144500732,False,ok
0,2024-07-19 10:00:00,2024-07-19 10:00:00,8.600000381469727,7.596899429957073,False,ok
0,2024-07-20 10:00:00,2024-07-20 10:00:00,10.399999618530272,8.452943245569868,False,ok
0,2024-07-21 10:00:00,2024-07-21 10:00:00,7.900000095367432,7.590795914332073,False,ok
0,2024-07-22 10:00:00,2024-07-22 10:00:00,8.800000190734863,6.77718710899353,False,ok
0,2024-07-23 10:00:00,2024-07-23 10:00:00,8.0,7.937626202901206,False,ok
0,2024-07-24 10:00:00,2024-07-24 10:00:00,6.599999904632568,7.715287367502848,False,ok
0,2024-07-25 10:00:00,2024-07-25 10:00:00,7.5,7.82585541407267,False,ok
0,2024-07-26 10:00:00,2024-07-26 10:00:00,8.399999618530273,8.58975827693939,False,ok
0,2024-07-27 10:00:00,2024-07-27 10:00:00,9.300000190734863,5.689592520395913,False,ok
0,2024-07-28 10:00:00,2024-07-28 10:00:00,6.599999904632568,8.39124313990275,False,ok
0,2024-07-29 10:00:00,2024-07-29 10:00:00,7.0,7.880058447519939,False,ok
0,2024-07-30 10:00:00,2024-07-30 10:00:00,8.199999809265137,7.914507468541463,False,ok
0,2024-07-31 09:00:00,2024-07-31 09:00:00,8.100000381469727,7.287352164586385,False,ok
0,2024-08-01 10:00:00,2024-08-01 10:00:00,7.400000095367432,8.020546515782675,False,ok
0,2024-08-02 10:00:00,2024-08-02 10:00:00,7.400000095367432,6.248752196629842,False,ok
0,2024-08-03 10:00:00,2024-08-03 10:00:00,10.100000381469728,8.423454761505125,False,ok
0,2024-08-03 23:00:00,2024-08-03 23:00:00,8.399999618530273,8.337123950322466,False,ok
0,2024-08-04 10:00:00,2024-08-04 10:00:00,10.100000381469728,9.997330745061236,False,ok
0,2024-08-05 10:00:00,2024-08-05 10:00:00,7.400000095367432,7.191997051239014,False,ok
0,2024-08-06 10:00:00,2024-08-06 10:00:00,7.0,8.697628974914553,False,ok
0,2024-08-07 10:00:00,2024-08-07 10:00:00,8.0,8.340723991394041,False,ok
0,2024-08-08 10:00:00,2024-08-08 10:00:00,9.699999809265137,8.98389720916748,False,ok
0,2024-08-09 10:00:00,2024-08-09 10:00:00,7.699999809265137,9.160836974779764,False,ok
0,2024-08-10 10:00:00,2024-08-10 10:00:00,6.199999809265137,8.476035793622335,False,ok
0,2024-08-11 10:00:00,2024-08-11 10:00:00,8.0,9.479023655255638,False,ok
0,2024-08-12 10:00:00,2024-08-12 10:00:00,7.400000095367432,9.488330086072288,False,ok
0,2024-08-13 10:00:00,2024-08-13 10:00:00,8.0,4.656397779782614,False,ok
0,2024-08-14 10:00:00,2024-08-14 10:00:00,7.400000095367432,7.769409139951069,False,ok
0,2024-08-15 10:00:00,2024-08-15 10:00:00,9.0,8.020333687464396,False,ok
0,2024-08-16 10:00:00,2024-08-16 10:00:00,8.100000381469727,8.142393509546919,False,ok
0,2024-08-17 10:00:00,2024-08-17 10:00:00,6.699999809265137,6.458534638086956,False,ok
0,2024-08-18 10:00:00,2024-08-18 10:00:00,6.699999809265137,6.252151052157085,False,ok
0,2024-08-19 10:00:00,2024-08-19 10:00:00,8.5,8.607420841852823,False,ok
0,2024-08-20 10:00:00,2024-08-20 10:00:00,8.699999809265137,6.131884614626567,False,ok
0,2024-08-21 10:00:00,2024-08-21 10:00:00,6.800000190734863,8.326321880022688,False,ok
0,2024-08-22 10:00:00,2024-08-22 10:00:00,9.0,7.764668027559916,False,ok
0,2024-08-23 10:00:00,2024-08-23 10:00:00,6.5,6.314389030138653,False,ok
0,2024-08-24 10:00:00,2024-08-24 10:00:00,8.300000190734863,7.683906833330791,False,ok
0,2024-08-25 10:00:00,2024-08-25 10:00:00,7.5,6.757488727569579,False,ok
0,2024-08-26 10:00:00,2024-08-26 10:00:00,6.099999904632568,7.896591663360595,False,ok
0,2024-08-27 10:00:00,2024-08-27 10:00:00,17.299999237060547,12.09288740158081,False,ok
0,2024-08-27 14:00:00,2024-08-27 14:00:00,8.0,7.163143515586853,False,ok
0,2024-08-28 10:00:00,2024-08-28 10:00:00,6.900000095367432,7.916412711143492,False,ok
0,2024-08-29 09:30:00,2024-08-29 09:30:00,7.0,8.401445746421814,False,ok
0,2024-08-30 10:00:00,2024-08-30 10:00:00,5.800000190734863,5.794406294822693,False,ok
0,2024-08-31 10:00:00,2024-08-31 10:00:00,7.0,8.881057143211365,False,ok
0,2024-09-01 04:00:00,2024-09-01 04:00:00,7.099999904632568,8.643345395723978,False,ok
0,2024-09-03 00:00:00,2024-09-03 00:00:00,5.900000095367432,6.999999999999999,True,ok
0,2024-09-03 10:00:00,2024-09-03 10:00:00,5.0,3.453987439473471,False,ok
0,2024-09-04 10:00:00,2024-09-04 10:00:00,12.100000381469728,8.380123933156332,False,ok
0,2024-09-05 10:00:00,2024-09-05 10:00:00,6.099999904632568,7.896929343541463,False,ok
0,2024-09-06 10:00:00,2024-09-06 10:00:00,4.0,7.633310159047447,False,ok
0,2024-09-07 00:00:00,2024-09-07 00:00:00,19.5,5.900000095367432,True,ok
0,2024-09-07 02:00:00,2024-09-07 02:00:00,7.599999904632568,6.242842197418213,False,ok
0,2024-09-07 10:00:00,2024-09-07 10:00:00,7.199999809265137,5.909000277519226,False,ok
0,2024-09-08 10:00:00,2024-09-08 10:00:00,7.5,7.43708904584249,False,ok
0,2024-09-09 10:00:00,2024-09-09 10:00:00,6.900000095367432,7.901495297749835,False,ok
0,2024-09-10 11:30:00,2024-09-10 11:30:00,6.800000190734863,9.400717099507649,False,ok
0,2024-09-11 10:00:00,2024-09-11 10:00:00,4.5,6.7466541926066075,False,ok
0,2024-09-11 20:00:00,2024-09-11 20:00:00,12.0,7.4072125752766915,False,ok
0,2024-09-12 10:00:00,2024-09-12 10:00:00,6.099999904632568,4.551997979482016,False,ok
0,2024-09-13 11:00:00,2024-09-13 11:00:00,7.199999809265137,8.03208033243815,False,ok
0,2024-09-13 22:00:00,2024-09-13 22:00:00,7.5,7.265795389811197,False,ok
0,2024-09-14 10:00:00,2024-09-14 10:00:00,4.5,5.159544388453164,False,ok
0,2024-09-14 18:30:00,2024-09-14 18:30:00,3.299999952316284,4.171283483505249,False,ok
0,2024-09-15 10:00:00,2024-09-15 10:00:00,5.300000190734863,3.0413986047108974,False,ok
0,2024-09-16 10:00:00,2024-09-16 10:00:00,6.699999809265137,2.19613798459371,False,ok
0,2024-09-16 18:00:00,2024-09-16 18:00:00,5.300000190734863,6.89043426513672,False,ok
0,2024-09-17 10:00:00,2024-09-17 10:00:00,4.900000095367432,4.943886756896973,False,ok
0,2024-09-18 10:00:00,2024-09-18 10:00:00,6.699999809265137,7.422686258951821,False,ok
0,2024-09-19 10:00:00,2024-09-19 10:00:00,4.699999809265137,5.431441783905029,False,ok
0,2024-09-20 10:00:00,2024-09-20 10:00:00,6.900000095367432,6.1871484120686855,False,ok
0,2024-09-21 12:00:00,2024-09-21 12:00:00,5.699999809265137,6.432756423950196,False,ok
0,2024-09-22 10:00:00,2024-09-22 10:00:00,3.799999952316284,4.007150808970134,False,ok
0,2024-09-23 10:00:00,2024-09-23 10:00:00,4.900000095367432,3.2295230229695635,False,ok
0,2024-09-24 10:00:00,2024-09-24 10:00:00,6.800000190734863,4.890045642852783,False,ok
0,2024-09-25 10:00:00,2024-09-25 10:00:00,9.199999809265137,7.850340843200683,False,ok
0,2024-09-26 10:00:00,2024-09-26 10:00:00,6.699999809265137,6.3854522705078125,False,ok
0,2024-09-27 10:00:00,2024-09-27 10:00:00,7.599999904632568,5.52268902460734,False,ok
0,2024-09-28 04:31:00,2024-09-28 04:31:00,6.099999904632568,9.01947581768036,False,ok
0,2024-09-28 10:00:00,2024-09-28 10:00:00,4.900000095367432,6.57624614238739,False,ok
0,2024-09-29 10:00:00,2024-09-29 10:00:00,6.199999809265137,5.900149226188659,False,ok
0,2024-09-30 10:00:00,2024-09-30 10:00:00,8.899999618530273,6.682593107223512,False,ok
0,2024-10-01 10:00:00,2024-10-01 10:00:00,7.800000190734863,7.109885096549988,False,ok
0,2024-10-02 10:00:00,2024-10-02 10:00:00,9.5,8.676887989044188,False,ok
0,2024-10-03 10:00:00,2024-10-03 10:00:00,9.399999618530272,9.44955360889435,False,ok
0,2024-10-04 10:00:00,2024-10-04 10:00:00,7.300000190734863,8.56793729464213,False,ok
0,2024-10-05 10:00:00,2024-10-05 10:00:00,10.0,8.094085415204367,False,ok
0,2024-10-06 10:00:00,2024-10-06 10:00:00,7.800000190734863,8.068370580673218,False,ok
0,2024-10-07 10:00:00,2024-10-07 10:00:00,8.0,6.449394702911377,False,ok
0,2024-10-08 10:00:00,2024-10-08 10:00:00,7.699999809265137,8.287279129028322,False,ok
0,2024-10-09 10:00:00,2024-10-09 10:00:00,9.5,10.200431823730469,False,ok
0,2024-10-10 10:00:00,2024-10-10 10:00:00,9.199999809265137,8.47804133097331,False,ok
0,2024-10-11 10:00:00,2024-10-11 10:00:00,7.800000190734863,6.259610811869303,False,ok
0,2024-10-12 10:00:00,2024-10-12 10:00:00,8.699999809265137,8.62910811106364,False,ok
0,2024-10-13 10:00:00,2024-10-13 10:00:00,8.0,7.421337763468425,False,ok
0,2024-10-14 10:00:00,2024-10-14 10:00:00,9.0,8.889443556467695,False,ok
0,2024-10-15 10:00:00,2024-10-15 10:00:00,9.199999809265137,8.124400297800701,False,ok
0,2024-10-16 10:00:00,2024-10-16 10:00:00,9.699999809265137,9.80062977472941,False,ok
0,2024-10-17 10:00:00,2024-10-17 10:00:00,5.300000190734863,5.5959421793619795,False,ok
0,2024-10-18 10:00:00,2024-10-18 10:00:00,12.0,8.324297110239666,False,ok
0,2024-10-18 14:00:00,2024-10-18 14:00:00,5.599999904632568,7.115555763244628,False,ok
0,2024-10-19 10:00:00,2024-10-19 10:00:00,9.699999809265137,7.430504322052003,False,ok
0,2024-10-20 10:00:00,2024-10-20 10:00:00,8.100000381469727,7.744844913482666,False,ok
0,2024-10-21 10:00:00,2024-10-21 10:00:00,7.599999904632568,7.084284782409668,False,ok
0,2024-10-22 10:00:00,2024-10-22 10:00:00,6.699999809265137,6.704862594604491,False,ok
0,2024-10-23 10:00:00,2024-10-23 10:00:00,6.0,4.658853928248088,False,ok
0,2024-10-24 10:00:00,2024-10-24 10:00:00,9.600000381469728,7.822745164235434,False,ok
0,2024-10-25 10:00:00,2024-10-25 10:00:00,7.800000190734863,9.481426080067951,False,ok
0,2024-10-26 10:00:00,2024-10-26 10:00:00,5.400000095367432,6.399819691975913,False,ok
0,2024-10-27 10:00:00,2024-10-27 10:00:00,9.100000381469728,9.555433114369707,False,ok
0,2024-10-28 10:00:00,2024-10-28 10:00:00,10.699999809265137,8.74549969037374,False,ok
0,2024-10-28 16:34:18,2024-10-28 16:34:18,7.400000095367432,7.499145428339638,False,ok
0,2024-10-29 10:00:00,2024-10-29 10:00:00,9.399999618530272,8.34606639544169,False,ok
0,2024-10-30 10:00:00,2024-10-30 10:00:00,11.0,4.831778605779013,False,ok
0,2024-10-31 10:00:00,2024-10-31 10:00:00,10.199999809265137,11.09206477801005,False,ok
0,2024-10-31 16:30:00,2024-10-31 16:30:00,11.600000381469728,9.011243184407553,False,ok
0,2024-10-31 23:00:00,2024-10-31 23:00:00,9.800000190734863,10.844560623168944,False,ok
0,2024-11-01 04:00:00,2024-11-01 04:00:00,8.399999618530273,6.068116982777914,False,ok
0,2024-11-01 10:00:00,2024-11-01 10:00:00,7.300000190734863,6.925123691558838,False,ok
0,2024-11-01 20:00:00,2024-11-01 20:00:00,8.399999618530273,9.4012721379598,False,ok
0,2024-11-02 10:00:00,2024-11-02 10:00:00,9.600000381469728,9.724242528279625,False,ok
0,2024-11-03 10:00:00,2024-11-03 10:00:00,9.300000190734863,9.773711840311687,False,ok
0,2024-11-04 10:00:00,2024-11-04 10:00:00,9.600000381469728,7.880830844243367,False,ok
0,2024-11-05 10:00:00,2024-11-05 10:00:00,9.600000381469728,9.53546647230784,False,ok
0,2024-11-06 10:00:00,2024-11-06 10:00:00,5.699999809265137,8.138607978820803,False,ok
0,2024-11-07 10:00:00,2024-11-07 10:00:00,7.800000190734863,8.211368560791016,False,ok
0,2024-11-08 10:00:00,2024-11-08 10:00:00,10.600000381469728,8.546549002329511,False,ok
0,2024-11-08 16:00:00,2024-11-08 16:00:00,7.300000190734863,8.429296493530275,False,ok
0,2024-11-09 10:00:00,2024-11-09 10:00:00,9.699999809265137,9.236903349558515,False,ok
0,2024-11-10 10:00:00,2024-11-10 10:00:00,13.5,11.840894858042402,False,ok
0,2024-11-12 10:00:00,2024-11-12 10:00:00,8.199999809265137,7.931907176971435,False,ok
0,2024-11-13 10:00:00,2024-11-13 10:00:00,5.699999809265137,10.585429668426515,False,ok
0,2024-11-14 10:00:00,2024-11-14 10:00:00,6.400000095367432,9.075223128000896,False,ok
0,2024-11-15 10:00:00,2024-11-15 10:00:00,8.699999809265137,7.115172266960144,False,ok
0,2024-11-16 10:00:00,2024-11-16 10:00:00,8.5,10.695756316184996,False,ok
0,2024-11-17 10:00:00,2024-11-17 10:00:00,7.199999809265137,11.391578078269958,False,ok
0,2024-11-18 10:00:00,2024-11-18 10:00:00,7.699999809265137,8.2320423523585,False,ok
0,2024-11-19 11:00:00,2024-11-19 11:00:00,5.900000095367432,8.995008269945782,False,ok
0,2024-11-20 10:00:00,2024-11-20 10:00:00,7.099999904632568,8.228270848592123,False,ok
0,2024-11-21 10:00:00,2024-11-21 10:00:00,8.5,8.807009379069012,False,ok
0,2024-11-22 10:00:00,2024-11-22 10:00:00,8.0,6.758635679880778,False,ok
0,2024-11-23 10:00:00,2024-11-23 10:00:00,7.099999904632568,6.947702566782634,False,ok
0,2024-11-24 10:00:00,2024-11-24 10:00:00,7.5,8.148177067438764,False,ok
0,2024-11-25 10:00:00,2024-11-25 10:00:00,7.199999809265137,6.986410061518352,False,ok
0,2024-11-26 10:00:00,2024-11-26 10:00:00,7.300000190734863,8.436262369155886,False,ok
0,2024-11-27 10:00:00,2024-11-27 10:00:00,8.100000381469727,8.315908908843994,False,ok
0,2024-11-28 10:00:00,2024-11-28 10:00:00,8.899999618530273,9.523484468460085,False,ok
0,2024-11-29 10:00:00,2024-11-29 10:00:00,7.800000190734863,7.850048542022705,False,ok
0,2024-11-30 10:00:00,2024-11-30 10:00:00,6.5,6.4728243350982675,False,ok
0,2024-12-01 10:00:00,2024-12-01 10:00:00,6.0,6.961883783340455,False,ok
0,2024-12-02 10:00:00,2024-12-02 10:00:00,6.900000095367432,8.061695178349813,False,ok
0,2024-12-03 10:00:00,2024-12-03 10:00:00,7.0,6.527466932932535,False,ok
0,2024-12-04 10:00:00,2024-12-04 10:00:00,7.300000190734863,7.623612642288207,False,ok
0,2024-12-05 10:00:00,2024-12-05 10:00:00,6.5,7.555787245432535,False,ok
0,2024-12-06 10:00:00,2024-12-06 10:00:00,7.900000095367432,7.987992207209269,False,ok
0,2024-12-07 10:00:00,2024-12-07 10:00:00,6.5,7.739375988642374,False,ok
0,2024-12-07 16:39:56,2024-12-07 16:39:56,9.300000190734863,4.8358988761901855,False,ok
0,2024-12-08 10:00:00,2024-12-08 10:00:00,8.5,3.8480357329050703,False,ok
0,2024-12-09 10:00:00,2024-12-09 10:00:00,5.0,6.736046711603802,False,ok
0,2024-12-10 10:00:00,2024-12-10 10:00:00,7.900000095367432,9.5499218304952,False,ok
0,2024-12-10 16:00:00,2024-12-10 16:00:00,7.300000190734863,9.132881005605062,False,ok
0,2024-12-11 10:00:00,2024-12-11 10:00:00,8.0,8.433635314305622,False,ok
0,2024-12-12 10:00:00,2024-12-12 10:00:00,5.300000190734863,6.523844877878824,False,ok
0,2024-12-13 10:00:00,2024-12-13 10:00:00,7.5,2.831185460090637,False,ok
0,2024-12-14 10:00:00,2024-12-14 10:00:00,9.600000381469728,6.859554886817932,False,ok
0,2024-12-15 10:00:00,2024-12-15 10:00:00,8.5,7.886498093605041,False,ok
0,2024-12-16 10:00:00,2024-12-16 10:00:00,6.099999904632568,7.852062304814657,False,ok
0,2024-12-17 10:00:00,2024-12-17 10:00:00,11.300000190734863,7.687297026316324,False,ok
0,2024-12-17 17:00:00,2024-12-17 17:00:00,7.400000095367432,4.8252021471659345,False,ok
0,2024-12-18 10:00:00,2024-12-18 10:00:00,8.0,5.8790522416432704,False,ok
0,2024-12-19 10:00:00,2024-12-19 10:00:00,8.5,8.633941570917768,False,ok
0,2024-12-20 10:00:00,2024-12-20 10:00:00,11.300000190734863,9.25386452674866,False,ok
0,2024-12-20 23:41:32,2024-12-20 23:41:32,13.100000381469728,5.427038192749023,False,ok
0,2024-12-22 10:00:00,2024-12-22 10:00:00,9.699999809265137,9.327245155970251,False,ok
0,2024-12-23 10:00:00,2024-12-23 10:00:00,7.099999904632568,9.084050575892128,False,ok
0,2024-12-24 10:00:00,2024-12-24 10:00:00,8.699999809265137,8.686614274978638,False,ok
0,2024-12-25 10:00:00,2024-12-25 10:00:00,8.5,7.273890495300293,False,ok
0,2024-12-26 10:00:00,2024-12-26 10:00:00,7.699999809265137,9.74381367365519,False,ok
0,2024-12-27 10:00:00,2024-12-27 10:00:00,8.300000190734863,7.93929672241211,False,ok
0,2024-12-28 10:00:00,2024-12-28 10:00:00,9.300000190734863,8.864178975423176,False,ok
0,2024-12-29 10:00:00,2024-12-29 10:00:00,8.100000381469727,9.883331139882406,False,ok
0,2024-12-30 10:00:00,2024-12-30 10:00:00,6.400000095367432,8.094612916310627,False,ok
0,2024-12-31 04:50:00,2024-12-31 04:50:00,2.0999999046325684,1.872787396113078,False,ok
0,2024-12-31 10:00:00,2024-12-31 10:00:00,2.700000047683716,4.154790321985881,False,ok
60,2024-01-01 00:00:00,2024-01-01 01:00:00,4.599999904632568,7.740676959355672,False,ok
60,2024-01-01 09:00:00,2024-01-01 10:00:00,10.800000190734863,9.794572432835894,False,ok
60,2024-01-01 21:00:00,2024-01-01 22:00:00,8.300000190734863,8.152007937431335,False,ok
60,2024-01-02 09:00:00,2024-01-02 10:00:00,9.5,10.512231588363647,False,ok
60,2024-01-03 09:00:00,2024-01-03 10:00:00,7.199999809265137,8.274884025255837,False,ok
60,2024-01-04 09:00:00,2024-01-04 10:00:00,8.899999618530273,20.959664362172283,False,ok
60,2024-01-05 09:00:00,2024-01-05 10:00:00,6.099999904632568,4.641230560839176,False,ok
60,2024-01-06 09:00:00,2024-01-06 10:00:00,6.900000095367432,9.588293053209783,False,ok
60,2024-01-07 09:00:00,2024-01-07 10:00:00,3.200000047683716,7.374926067888738,False,ok
60,2024-01-08 11:00:00,2024-01-08 12:00:00,12.600000381469728,6.900000095367432,True,ok
60,2024-01-08 13:00:00,2024-01-08 14:00:00,1.0,0.3,False,ok
60,2024-01-08 15:00:00,2024-01-08 16:00:00,2.0,6.970807631810506,False,ok
60,2024-01-09 09:00:00,2024-01-09 10:00:00,6.0,7.19627107012396,False,ok
60,2024-01-10 09:00:00,2024-01-10 10:00:00,9.199999809265137,7.233150321524591,False,ok
60,2024-01-11 09:00:00,2024-01-11 10:00:00,4.699999809265137,7.215904076894125,False,ok
60,2024-01-12 09:00:00,2024-01-12 10:00:00,6.800000190734863,7.245721658070883,False,ok
60,2024-01-13 09:00:00,2024-01-13 10:00:00,3.5,2.173358756583184,False,ok
60,2024-01-13 22:00:00,2024-01-13 23:00:00,3.4000000953674316,0.3,False,ok
60,2024-01-14 09:00:00,2024-01-14 10:00:00,4.099999904632568,4.600684960683187,False,ok
60,2024-01-15 09:00:00,2024-01-15 10:00:00,2.299999952316284,4.993624051411947,False,ok
60,2024-01-16 09:00:00,2024-01-16 10:00:00,6.300000190734863,7.677253246307372,False,ok
60,2024-01-16 19:30:00,2024-01-16 20:30:00,4.199999809265137,4.6432641347249355,False,ok
60,2024-01-17 09:00:00,2024-01-17 10:00:00,5.099999904632568,5.7849262952804565,False,ok
60,2024-01-18 09:00:00,2024-01-18 10:00:00,5.900000095367432,10.28523886203766,False,ok
60,2024-01-19 09:00:00,2024-01-19 10:00:00,8.199999809265137,4.227837443351746,False,ok
60,2024-01-19 22:45:00,2024-01-19 23:45:00,12.800000190734863,11.1245254278183,False,ok
60,2024-01-20 09:00:00,2024-01-20 10:00:00,7.300000190734863,5.503706336021424,False,ok
60,2024-01-20 21:00:00,2024-01-20 22:00:00,6.599999904632568,3.3647540012995405,False,ok
60,2024-01-21 09:00:00,2024-01-21 10:00:00,10.100000381469728,7.084750533103943,False,ok
60,2024-01-21 21:00:00,2024-01-21 22:00:00,5.800000190734863,2.6969109773635864,False,ok
60,2024-01-22 09:00:00,2024-01-22 10:00:00,7.0,4.228089173634847,False,ok
60,2024-01-23 09:00:00,2024-01-23 10:00:00,9.600000381469728,7.695171038309732,False,ok
60,2024-01-24 09:00:00,2024-01-24 10:00:00,8.5,8.873054901758831,False,ok
60,2024-01-25 09:00:00,2024-01-25 10:00:00,10.199999809265137,9.40000867843628,False,ok
60,2024-01-26 09:00:00,2024-01-26 10:00:00,8.899999618530273,9.46385566393534,False,ok
60,2024-01-27 09:00:00,2024-01-27 10:00:00,9.0,8.806154092152914,False,ok
60,2024-01-28 09:00:00,2024-01-28 10:00:00,9.899999618530272,11.233327349026998,False,ok
60,2024-01-29 09:00:00,2024-01-29 10:00:00,9.600000381469728,10.822269201278685,False,ok
60,2024-01-30 09:00:00,2024-01-30 10:00:00,7.599999904632568,1.7070357799530034,False,ok
60,2024-01-30 13:07:00,2024-01-30 14:07:00,20.600000381469727,12.39385485649109,False,ok
60,2024-01-30 15:25:00,2024-01-30 16:25:00,4.400000095367432,12.218629598617554,False,ok
60,2024-01-30 21:30:00,2024-01-30 22:30:00,1.0,9.600000381469725,True,ok
60,2024-01-31 09:00:00,2024-01-31 10:00:00,3.299999952316284,22.298371553421017,False,ok
60,2024-01-31 14:00:00,2024-01-31 15:00:00,2.9000000953674316,8.576864798863728,False,ok
60,2024-02-01 09:00:00,2024-02-01 10:00:00,7.300000190734863,11.212980667750042,False,ok
60,2024-02-01 21:30:00,2024-02-01 22:30:00,6.300000190734863,11.490314563115438,False,ok
60,2024-02-02 01:00:00,2024-02-02 02:00:00,19.100000381469727,13.942477305730185,False,ok
60,2024-02-02 06:00:00,2024-02-02 07:00:00,11.600000381469728,18.528493007024128,False,ok
60,2024-02-02 09:00:00,2024-02-02 10:00:00,5.300000190734863,8.88387068112691,False,ok
60,2024-02-03 09:00:00,2024-02-03 10:00:00,7.300000190734863,7.313755035400391,False,ok
60,2024-02-04 09:00:00,2024-02-04 10:00:00,6.900000095367432,7.470973173777262,False,ok
60,2024-02-05 09:00:00,2024-02-05 10:00:00,9.300000190734863,6.880828936894734,False,ok
60,2024-02-05 17:00:00,2024-02-05 18:00:00,12.100000381469728,8.769044677416483,False,ok
60,2024-02-06 09:00:00,2024-02-06 10:00:00,9.899999618530272,9.642955780029297,False,ok
60,2024-02-07 09:00:00,2024-02-07 10:00:00,8.899999618530273,8.21672201156616,False,ok
60,2024-02-08 09:00:00,2024-02-08 10:00:00,10.699999809265137,9.289448261260985,False,ok
60,2024-02-09 09:00:00,2024-02-09 10:00:00,11.300000190734863,10.01469055811564,False,ok
60,2024-02-11 09:00:00,2024-02-11 10:00:00,7.800000190734863,7.513588587443034,False,ok
60,2024-02-12 09:00:00,2024-02-12 10:00:00,9.0,7.233263492584229,False,ok
60,2024-02-13 09:00:00,2024-02-13 10:00:00,2.5999999046325684,2.7813758850097656,False,ok
60,2024-02-14 09:00:00,2024-02-14 10:00:00,8.600000381469727,11.313376903533936,False,ok
60,2024-02-15 09:00:00,2024-02-15 10:00:00,9.199999809265137,8.88051613171895,False,ok
60,2024-02-16 09:00:00,2024-02-16 10:00:00,9.600000381469728,8.72334583600362,False,ok
60,2024-02-17 09:00:00,2024-02-17 10:00:00,10.699999809265137,8.7926082611084,False,ok
60,2024-02-17 15:00:00,2024-02-17 16:00:00,7.400000095367432,9.607678850491842,False,ok
60,2024-02-18 09:00:00,2024-02-18 10:00:00,8.199999809265137,10.31282381216685,False,ok
60,2024-02-19 09:00:00,2024-02-19 10:00:00,6.800000190734863,8.094348231951397,False,ok
60,2024-02-20 09:00:00,2024-02-20 10:00:00,7.699999809265137,8.503742694854736,False,ok
60,2024-02-21 09:00:00,2024-02-21 10:00:00,7.0,9.427698612213137,False,ok
60,2024-02-22 09:00:00,2024-02-22 10:00:00,8.100000381469727,9.416010697682696,False,ok
60,2024-02-23 09:00:00,2024-02-23 10:00:00,7.800000190734863,8.985790729522707,False,ok
60,2024-02-24 11:00:00,2024-02-24 12:00:00,7.400000095367432,7.699999809265137,True,ok
60,2024-02-24 14:00:00,2024-02-24 15:00:00,13.899999618530272,10.163714249928796,False,ok
60,2024-02-25 09:00:00,2024-02-25 10:00:00,8.0,9.805901328722635,False,ok
60,2024-02-26 09:00:00,2024-02-26 10:00:00,8.300000190734863,8.328863700230917,False,ok
60,2024-02-27 09:00:00,2024-02-27 10:00:00,8.100000381469727,7.97618289788564,False,ok
60,2024-02-28 09:00:00,2024-02-28 10:00:00,8.800000190734863,8.651474674542746,False,ok
60,2024-02-29 09:00:00,2024-02-29 10:00:00,8.300000190734863,8.300000190734863,True,ok
60,2024-02-29 20:00:00,2024-02-29 21:00:00,8.399999618530273,9.093230923016865,False,ok
60,2024-03-01 05:00:00,2024-03-01 06:00:00,14.199999809265137,14.081108053525288,False,ok
60,2024-03-01 09:00:00,2024-03-01 10:00:00,9.800000190734863,9.6688947280248,False,ok
60,2024-03-02 09:00:00,2024-03-02 10:00:00,7.599999904632568,8.459029793739319,False,ok
60,2024-03-03 09:00:00,2024-03-03 10:00:00,8.899999618530273,10.092191457748417,False,ok
60,2024-03-04 09:00:00,2024-03-04 10:00:00,9.199999809265137,9.782730261484785,False,ok
60,2024-03-05 09:00:00,2024-03-05 10:00:00,7.900000095367432,8.731367270151775,False,ok
60,2024-03-06 09:00:00,2024-03-06 10:00:00,9.399999618530272,7.620824654897055,False,ok
60,2024-03-07 09:00:00,2024-03-07 10:00:00,8.5,8.18689703941345,False,ok
60,2024-03-08 09:00:00,2024-03-08 10:00:00,8.0,8.736477692921959,False,ok
60,2024-03-08 16:00:00,2024-03-08 17:00:00,10.5,10.000855922698976,False,ok
60,2024-03-09 08:30:00,2024-03-09 09:30:00,8.5,8.35972261428833,False,ok
60,2024-03-10 09:00:00,2024-03-10 10:00:00,7.400000095367432,7.210699319839477,False,ok
60,2024-03-11 09:00:00,2024-03-11 10:00:00,10.0,9.255154848098757,False,ok
60,2024-03-12 09:00:00,2024-03-12 10:00:00,7.699999809265137,8.256741046905518,False,ok
60,2024-03-13 09:00:00,2024-03-13 10:00:00,7.5,7.084048748016357,False,ok
60,2024-03-14 09:00:00,2024-03-14 10:00:00,8.399999618530273,7.0198938846588135,False,ok
60,2024-03-15 09:00:00,2024-03-15 10:00:00,7.800000190734863,6.538271665573119,False,ok
60,2024-03-16 09:00:00,2024-03-16 10:00:00,3.5,12.078080534934998,False,ok
60,2024-04-23 05:30:00,2024-04-23 06:30:00,2120.0,7.699999809265137,True,ok
60,2024-04-23 08:24:00,2024-04-23 09:24:00,34.0,7.699999809265137,True,ok
60,2024-04-23 09:00:00,2024-04-23 10:00:00,107.0,7.699999809265137,True,ok
60,2024-04-23 12:21:00,2024-04-23 13:21:00,6.800000190734863,7.800000190734862,True,ok
60,2024-04-23 15:33:00,2024-04-23 16:33:00,5.0,34.00000000000001,True,ok
60,2024-04-24 01:00:00,2024-04-24 02:00:00,3.200000047683716,34.00000000000001,True,ok
60,2024-04-24 09:00:00,2024-04-24 10:00:00,3.799999952316284,6.800000190734864,True,ok
60,2024-04-24 14:00:00,2024-04-24 15:00:00,7.599999904632568,4.999999999999999,True,ok
60,2024-04-25 09:00:00,2024-04-25 10:00:00,6.800000190734863,4.999999999999999,True,ok
60,2024-04-26 09:00:00,2024-04-26 10:00:00,5.900000095367432,4.999999999999999,True,ok
60,2024-04-26 15:00:00,2024-04-26 16:00:00,6.599999904632568,5.900000095367432,True,ok
60,2024-04-26 16:00:00,2024-04-26 17:00:00,4.5,5.900000095367432,True,ok
60,2024-04-26 19:00:00,2024-04-26 20:00:00,4.300000190734863,5.900000095367432,True,ok
60,2024-04-27 09:00:00,2024-04-27 10:00:00,3.5,5.900000095367432,True,ok
60,2024-04-27 22:00:00,2024-04-27 23:00:00,6.900000095367432,4.5,True,ok
60,2024-04-28 09:00:00,2024-04-28 10:00:00,8.899999618530273,4.5,True,ok
60,2024-04-29 09:00:00,2024-04-29 10:00:00,7.5,4.5,True,ok
60,2024-04-30 09:00:00,2024-04-30 10:00:00,6.599999904632568,6.900000095367432,True,ok
60,2024-05-01 09:00:00,2024-05-01 10:00:00,6.099999904632568,6.900000095367432,True,ok
60,2024-05-02 09:00:00,2024-05-02 10:00:00,7.599999904632568,6.900000095367432,True,ok
60,2024-05-03 09:00:00,2024-05-03 10:00:00,8.600000381469727,7.499999999999999,True,ok
60,2024-05-04 02:00:00,2024-05-04 03:00:00,4.0,7.499999999999999,True,ok
60,2024-05-04 05:00:00,2024-05-04 06:00:00,2.5999999046325684,11.81867003440857,False,ok
60,2024-05-04 09:00:00,2024-05-04 10:00:00,5.5,1.49169381459554,False,ok
60,2024-05-04 21:00:00,2024-05-04 22:00:00,8.899999618530273,4.128442724545796,False,ok
60,2024-05-05 09:00:00,2024-05-05 10:00:00,7.900000095367432,7.801095008850097,False,ok
60,2024-05-06 09:00:00,2024-05-06 10:00:00,7.5,6.068646828333537,False,ok
60,2024-05-07 09:00:00,2024-05-07 10:00:00,6.0,5.491961797078452,False,ok
60,2024-05-08 09:00:00,2024-05-08 10:00:00,8.300000190734863,7.553346673647563,False,ok
60,2024-05-09 09:00:00,2024-05-09 10:00:00,7.599999904632568,8.77727969487508,False,ok
60,2024-05-10 09:00:00,2024-05-10 10:00:00,7.0,6.95805295308431,False,ok
60,2024-05-11 09:00:00,2024-05-11 10:00:00,8.699999809265137,7.998154679934186,False,ok
60,2024-05-12 09:00:00,2024-05-12 10:00:00,7.099999904632568,7.188467343648276,False,ok
60,2024-05-13 09:00:00,2024-05-13 10:00:00,8.600000381469727,9.959781964619957,False,ok
60,2024-05-13 13:02:00,2024-05-13 14:02:00,5.699999809265137,5.678109963734945,False,ok
60,2024-05-14 09:00:00,2024-05-14 10:00:00,7.400000095367432,7.216974814732871,False,ok
60,2024-05-15 09:00:00,2024-05-15 10:00:00,6.900000095367432,7.281898101170859,False,ok
60,2024-05-16 09:00:00,2024-05-16 10:00:00,7.199999809265137,5.75609306494395,False,ok
60,2024-05-17 09:00:00,2024-05-17 10:00:00,6.5,5.859110673268637,False,ok
60,2024-05-18 09:00:00,2024-05-18 10:00:00,7.599999904632568,5.493816415468852,False,ok
60,2024-05-19 09:00:00,2024-05-19 10:00:00,8.899999618530273,8.427878260612488,False,ok
60,2024-05-20 08:20:00,2024-05-20 09:20:00,6.699999809265137,7.1753411690394096,False,ok
60,2024-05-20 16:00:00,2024-05-20 17:00:00,6.900000095367432,6.162127057711284,False,ok
60,2024-05-20 21:00:00,2024-05-20 22:00:00,7.0,6.251434167226156,False,ok
60,2024-05-21 09:00:00,2024-05-21 10:00:00,5.800000190734863,6.015421787897746,False,ok
60,2024-05-22 09:00:00,2024-05-22 10:00:00,7.900000095367432,6.528309742609661,False,ok
60,2024-05-23 09:00:00,2024-05-23 10:00:00,8.600000381469727,7.833866039911906,False,ok
60,2024-05-24 09:00:00,2024-05-24 10:00:00,6.300000190734863,7.103277126948039,False,ok
60,2024-05-25 09:00:00,2024-05-25 10:00:00,7.0,6.614168723424275,False,ok
60,2024-05-26 09:00:00,2024-05-26 10:00:00,8.5,5.507303794225057,False,ok
60,2024-05-27 09:00:00,2024-05-27 10:00:00,5.0,6.648322184880573,False,ok
60,2024-05-28 09:00:00,2024-05-28 10:00:00,5.900000095367432,7.755125919977823,False,ok
60,2024-05-29 09:00:00,2024-05-29 10:00:00,6.099999904632568,7.141124606132506,False,ok
60,2024-05-30 09:00:00,2024-05-30 10:00:00,6.300000190734863,6.218160510063171,False,ok
60,2024-05-31 09:00:00,2024-05-31 10:00:00,8.5,6.780707796414694,False,ok
60,2024-06-01 09:00:00,2024-06-01 10:00:00,7.800000190734863,8.125947753588358,False,ok
60,2024-06-02 09:00:00,2024-06-02 10:00:00,6.300000190734863,6.300000190734864,True,ok
60,2024-06-03 09:00:00,2024-06-03 10:00:00,9.600000381469728,6.300000190734864,True,ok
60,2024-06-04 09:00:00,2024-06-04 10:00:00,5.900000095367432,5.5714772542317705,False,ok
60,2024-06-05 09:00:00,2024-06-05 10:00:00,9.699999809265137,6.659461816151936,False,ok
60,2024-06-06 09:00:00,2024-06-06 10:00:00,8.399999618530273,6.8694837888081866,False,ok
60,2024-06-07 07:20:00,2024-06-07 08:20:00,9.699999809265137,9.327028751373293,False,ok
60,2024-06-08 09:00:00,2024-06-08 10:00:00,9.5,8.206283887227379,False,ok
60,2024-06-09 09:00:00,2024-06-09 10:00:00,9.100000381469728,8.099667867024742,False,ok
60,2024-06-10 09:00:00,2024-06-10 10:00:00,8.300000190734863,8.685667196909584,False,ok
60,2024-06-11 09:00:00,2024-06-11 10:00:00,8.5,7.839483420054116,False,ok
60,2024-06-12 09:00:00,2024-06-12 10:00:00,9.800000190734863,8.96714226404826,False,ok
60,2024-06-13 09:00:00,2024-06-13 10:00:00,8.800000190734863,8.419515530268352,False,ok
60,2024-06-14 09:00:00,2024-06-14 10:00:00,8.800000190734863,7.720856587092082,False,ok
60,2024-06-15 09:00:00,2024-06-15 10:00:00,9.300000190734863,9.336597363154093,False,ok
60,2024-06-16 09:00:00,2024-06-16 10:00:00,9.5,9.168685436248778,False,ok
60,2024-06-17 09:00:00,2024-06-17 10:00:00,8.800000190734863,8.465232690175375,False,ok
60,2024-06-18 09:00:00,2024-06-18 10:00:00,9.5,9.041269143422443,False,ok
60,2024-06-19 09:00:00,2024-06-19 10:00:00,9.399999618530272,9.354083855946858,False,ok
60,2024-06-20 09:00:00,2024-06-20 10:00:00,8.899999618530273,8.638475020726522,False,ok
60,2024-06-21 08:30:00,2024-06-21 09:30:00,6.800000190734863,8.415690024693808,False,ok
60,2024-06-22 09:00:00,2024-06-22 10:00:00,7.699999809265137,8.97821013132731,False,ok
60,2024-06-23 09:00:00,2024-06-23 10:00:00,9.100000381469728,8.79488237698873,False,ok
60,2024-06-24 09:00:00,2024-06-24 10:00:00,8.699999809265137,8.236308654149374,False,ok
60,2024-06-25 11:00:00,2024-06-25 12:00:00,7.599999904632568,8.028701384862265,False,ok
60,2024-06-26 09:00:00,2024-06-26 10:00:00,8.899999618530273,8.780290365219114,False,ok
60,2024-06-27 09:00:00,2024-06-27 10:00:00,9.399999618530272,10.123973210652668,False,ok
60,2024-06-28 09:00:00,2024-06-28 10:00:00,9.300000190734863,9.20907473564148,False,ok
60,2024-06-29 09:00:00,2024-06-29 10:00:00,8.300000190734863,7.64205582936605,False,ok
60,2024-06-30 09:00:00,2024-06-30 10:00:00,8.800000190734863,8.798637469609577,False,ok
60,2024-07-01 09:00:00,2024-07-01 10:00:00,8.5,7.575110832850137,False,ok
60,2024-07-02 09:00:00,2024-07-02 10:00:00,9.699999809265137,7.6027791500091535,False,ok
60,2024-07-03 09:00:00,2024-07-03 10:00:00,9.300000190734863,8.12368051211039,False,ok
60,2024-07-04 09:00:00,2024-07-04 10:00:00,10.100000381469728,8.626472870508827,False,ok
60,2024-07-05 09:00:00,2024-07-05 10:00:00,10.100000381469728,9.078528801600136,False,ok
60,2024-07-06 09:00:00,2024-07-06 10:00:00,8.899999618530273,6.104118267695109,False,ok
60,2024-07-07 09:00:00,2024-07-07 10:00:00,8.800000190734863,7.929771820704143,False,ok
60,2024-07-08 09:00:00,2024-07-08 10:00:00,7.5,8.17013684908549,False,ok
60,2024-07-09 09:00:00,2024-07-09 10:00:00,9.399999618530272,8.277845700581869,False,ok
60,2024-07-10 09:00:00,2024-07-10 10:00:00,9.300000190734863,7.046745777130127,False,ok
60,2024-07-11 09:00:00,2024-07-11 10:00:00,10.800000190734863,10.973599195480348,False,ok
60,2024-07-11 15:00:00,2024-07-11 16:00:00,7.099999904632568,10.084704478581749,False,ok
60,2024-07-12 09:00:00,2024-07-12 10:00:00,6.5,9.06409462292989,False,ok
60,2024-07-13 09:00:00,2024-07-13 10:00:00,8.5,9.743751843770342,False,ok
60,2024-07-14 09:00:00,2024-07-14 10:00:00,7.099999904632568,9.70966370900472,False,ok
60,2024-07-15 09:00:00,2024-07-15 10:00:00,6.800000190734863,7.223124345143636,False,ok
60,2024-07-16 09:00:00,2024-07-16 10:00:00,6.199999809265137,8.014316876729326,False,ok
60,2024-07-17 09:00:00,2024-07-17 10:00:00,8.800000190734863,10.30139684677124,False,ok
60,2024-07-18 09:00:00,2024-07-18 10:00:00,6.699999809265137,8.70777940750122,False,ok
60,2024-07-19 09:00:00,2024-07-19 10:00:00,8.600000381469727,9.617225090662638,False,ok
60,2024-07-20 09:00:00,2024-07-20 10:00:00,10.399999618530272,6.9994997183481855,False,ok
60,2024-07-21 09:00:00,2024-07-21 10:00:00,7.900000095367432,8.368872086207073,False,ok
60,2024-07-22 09:00:00,2024-07-22 10:00:00,8.800000190734863,8.155860662460327,False,ok
60,2024-07-23 09:00:00,2024-07-23 10:00:00,8.0,8.64205487569173,False,ok
60,2024-07-24 09:00:00,2024-07-24 10:00:00,6.599999904632568,6.5361534754435215,False,ok
60,2024-07-25 09:00:00,2024-07-25 10:00:00,7.5,7.940004507700603,False,ok
60,2024-07-26 09:00:00,2024-07-26 10:00:00,8.399999618530273,8.137321829795837,False,ok
60,2024-07-27 09:00:00,2024-07-27 10:00:00,9.300000190734863,9.302225271860758,False,ok
60,2024-07-28 09:00:00,2024-07-28 10:00:00,6.599999904632568,7.653130690256753,False,ok
60,2024-07-29 09:00:00,2024-07-29 10:00:00,7.0,6.297673861185709,False,ok
60,2024-07-30 09:00:00,2024-07-30 10:00:00,8.199999809265137,7.195796569188436,False,ok
60,2024-07-31 08:00:00,2024-07-31 09:00:00,8.100000381469727,7.147642691930135,False,ok
60,2024-08-01 09:00:00,2024-08-01 10:00:00,7.400000095367432,8.51265772183736,False,ok
60,2024-08-02 09:00:00,2024-08-02 10:00:00,7.400000095367432,6.086449225743612,False,ok
60,2024-08-03 09:00:00,2024-08-03 10:00:00,10.100000381469728,8.954638957977295,False,ok
60,2024-08-03 22:00:00,2024-08-03 23:00:00,8.399999618530273,7.821360667546589,False,ok
60,2024-08-04 09:00:00,2024-08-04 10:00:00,10.100000381469728,9.440826495488484,False,ok
60,2024-08-05 09:00:00,2024-08-05 10:00:00,7.400000095367432,9.234915733337402,False,ok
60,2024-08-06 09:00:00,2024-08-06 10:00:00,7.0,7.702416419982911,False,ok
60,2024-08-07 09:00:00,2024-08-07 10:00:00,8.0,9.105212211608888,False,ok
60,2024-08-08 09:00:00,2024-08-08 10:00:00,9.699999809265137,8.77866458892822,False,ok
60,2024-08-09 09:00:00,2024-08-09 10:00:00,7.699999809265137,8.952127257982891,False,ok
60,2024-08-10 09:00:00,2024-08-10 10:00:00,6.199999809265137,7.213024814923606,False,ok
60,2024-08-11 09:00:00,2024-08-11 10:00:00,8.0,7.915713032086689,False,ok
60,2024-08-12 09:00:00,2024-08-12 10:00:00,7.400000095367432,7.725886543591816,False,ok
60,2024-08-13 09:00:00,2024-08-13 10:00:00,8.0,7.730498274167381,False,ok
60,2024-08-14 09:00:00,2024-08-14 10:00:00,7.400000095367432,7.213972051938375,False,ok
60,2024-08-15 09:00:00,2024-08-15 10:00:00,9.0,7.1802972952524815,False,ok
60,2024-08-16 09:00:00,2024-08-16 10:00:00,8.100000381469727,8.23776380221049,False,ok
60,2024-08-17 09:00:00,2024-08-17 10:00:00,6.699999809265137,6.724809090296429,False,ok
60,2024-08-18 09:00:00,2024-08-18 10:00:00,6.699999809265137,6.877298871676127,False,ok
60,2024-08-19 09:00:00,2024-08-19 10:00:00,8.5,7.670509258906046,False,ok
60,2024-08-20 09:00:00,2024-08-20 10:00:00,8.699999809265137,7.444943944613138,False,ok
60,2024-08-21 09:00:00,2024-08-21 10:00:00,6.800000190734863,7.168907443682354,False,ok
60,2024-08-22 09:00:00,2024-08-22 10:00:00,9.0,7.470284024874371,False,ok
60,2024-08-23 09:00:00,2024-08-23 10:00:00,6.5,5.10433034102122,False,ok
60,2024-08-24 09:00:00,2024-08-24 10:00:00,8.300000190734863,7.519870082537333,False,ok
60,2024-08-25 09:00:00,2024-08-25 10:00:00,7.5,7.974414348602295,False,ok
60,2024-08-26 09:00:00,2024-08-26 10:00:00,6.099999904632568,7.721110820770264,False,ok
60,2024-08-27 09:00:00,2024-08-27 10:00:00,17.299999237060547,8.859450817108156,False,ok
60,2024-08-27 13:00:00,2024-08-27 14:00:00,8.0,7.917191982269288,False,ok
60,2024-08-28 09:00:00,2024-08-28 10:00:00,6.900000095367432,7.966723799705504,False,ok
60,2024-08-29 08:30:00,2024-08-29 09:30:00,7.0,7.922797560691833,False,ok
60,2024-08-30 09:00:00,2024-08-30 10:00:00,5.800000190734863,5.636454939842224,False,ok
60,2024-08-31 09:00:00,2024-08-31 10:00:00,7.0,8.605905890464783,False,ok
60,2024-09-01 03:00:00,2024-09-01 04:00:00,7.099999904632568,8.778389493624369,False,ok
60,2024-09-02 23:00:00,2024-09-03 00:00:00,5.900000095367432,6.999999999999999,True,ok
60,2024-09-03 09:00:00,2024-09-03 10:00:00,5.0,3.046903928120932,False,ok
60,2024-09-04 09:00:00,2024-09-04 10:00:00,12.100000381469728,10.952198823293047,False,ok
60,2024-09-05 09:00:00,2024-09-05 10:00:00,6.099999904632568,7.220364173253377,False,ok
60,2024-09-06 09:00:00,2024-09-06 10:00:00,4.0,3.6216524442036953,False,ok
60,2024-09-06 23:00:00,2024-09-07 00:00:00,19.5,5.900000095367432,True,ok
60,2024-09-07 01:00:00,2024-09-07 02:00:00,7.599999904632568,14.422224521636965,False,ok
60,2024-09-07 09:00:00,2024-09-07 10:00:00,7.199999809265137,6.690274119377136,False,ok
60,2024-09-08 09:00:00,2024-09-08 10:00:00,7.5,6.676925738652548,False,ok
60,2024-09-09 09:00:00,2024-09-09 10:00:00,6.900000095367432,7.231417020161945,False,ok
60,2024-09-10 10:30:00,2024-09-10 11:30:00,6.800000190734863,7.349873860677083,False,ok
60,2024-09-11 09:00:00,2024-09-11 10:00:00,4.5,4.9768883387247715,False,ok
60,2024-09-11 19:00:00,2024-09-11 20:00:00,12.0,4.1491540273030605,False,ok
60,2024-09-12 09:00:00,2024-09-12 10:00:00,6.099999904632568,5.077679475148519,False,ok
60,2024-09-13 10:00:00,2024-09-13 11:00:00,7.199999809265137,7.260190645853678,False,ok
60,2024-09-13 21:00:00,2024-09-13 22:00:00,7.5,8.107631365458168,False,ok
60,2024-09-14 09:00:00,2024-09-14 10:00:00,4.5,4.007471005121866,False,ok
60,2024-09-14 17:30:00,2024-09-14 18:30:00,3.299999952316284,4.027715444564819,False,ok
60,2024-09-15 09:00:00,2024-09-15 10:00:00,5.300000190734863,3.1924653848012294,False,ok
60,2024-09-16 09:00:00,2024-09-16 10:00:00,6.699999809265137,4.049898227055868,False,ok
60,2024-09-16 17:00:00,2024-09-16 18:00:00,5.300000190734863,5.478723526000976,False,ok
60,2024-09-17 09:00:00,2024-09-17 10:00:00,4.900000095367432,3.5728425979614262,False,ok
60,2024-09-18 09:00:00,2024-09-18 10:00:00,6.699999809265137,6.543752829233806,False,ok
60,2024-09-19 09:00:00,2024-09-19 10:00:00,4.699999809265137,5.804837703704834,False,ok
60,2024-09-20 09:00:00,2024-09-20 10:00:00,6.900000095367432,5.663756211598715,False,ok
60,2024-09-21 11:00:00,2024-09-21 12:00:00,5.699999809265137,4.677067756652832,False,ok
60,2024-09-22 09:00:00,2024-09-22 10:00:00,3.799999952316284,2.8123938242594404,False,ok
60,2024-09-23 09:00:00,2024-09-23 10:00:00,4.900000095367432,4.66539748509725,False,ok
60,2024-09-24 09:00:00,2024-09-24 10:00:00,6.800000190734863,4.907038688659668,False,ok
60,2024-09-25 09:00:00,2024-09-25 10:00:00,9.199999809265137,9.283185005187988,False,ok
60,2024-09-26 09:00:00,2024-09-26 10:00:00,6.699999809265137,6.182999610900879,False,ok
60,2024-09-27 09:00:00,2024-09-27 10:00:00,7.599999904632568,7.065400282541909,False,ok
60,2024-09-28 03:31:00,2024-09-28 04:31:00,6.099999904632568,10.29100024700165,False,ok
60,2024-09-28 09:00:00,2024-09-28 10:00:00,4.900000095367432,5.008863806724548,False,ok
60,2024-09-29 09:00:00,2024-09-29 10:00:00,6.199999809265137,6.869874835014342,False,ok
60,2024-09-30 09:00:00,2024-09-30 10:00:00,8.899999618530273,8.254633665084837,False,ok
60,2024-10-01 09:00:00,2024-10-01 10:00:00,7.800000190734863,7.667150378227235,False,ok
60,2024-10-02 09:00:00,2024-10-02 10:00:00,9.5,8.599066257476808,False,ok
60,2024-10-03 09:00:00,2024-10-03 10:00:00,9.399999618530272,8.29315769672394,False,ok
60,2024-10-04 09:00:00,2024-10-04 10:00:00,7.300000190734863,7.960589806238811,False,ok
60,2024-10-05 09:00:00,2024-10-05 10:00:00,10.0,9.090275486310324,False,ok
60,2024-10-06 09:00:00,2024-10-06 10:00:00,7.800000190734863,8.048797369003296,False,ok
60,2024-10-07 09:00:00,2024-10-07 10:00:00,8.0,7.456205368041992,False,ok
60,2024-10-08 09:00:00,2024-10-08 10:00:00,7.699999809265137,7.772440910339356,False,ok
60,2024-10-09 09:00:00,2024-10-09 10:00:00,9.5,8.595308303833008,False,ok
60,2024-10-10 09:00:00,2024-10-10 10:00:00,9.199999809265137,9.357241312662762,False,ok
60,2024-10-11 09:00:00,2024-10-11 10:00:00,7.800000190734863,7.972197214762371,False,ok
60,2024-10-12 09:00:00,2024-10-12 10:00:00,8.699999809265137,8.278907457987469,False,ok
60,2024-10-13 09:00:00,2024-10-13 10:00:00,8.0,7.807396570841472,False,ok
60,2024-10-14 09:00:00,2024-10-14 10:00:00,9.0,8.761474768320719,False,ok
60,2024-10-15 09:00:00,2024-10-15 10:00:00,9.199999809265137,7.599482695261636,False,ok
60,2024-10-16 09:00:00,2024-10-16 10:00:00,9.699999809265137,9.227645079294843,False,ok
60,2024-10-17 09:00:00,2024-10-17 10:00:00,5.300000190734863,6.297110716501873,False,ok
60,2024-10-18 09:00:00,2024-10-18 10:00:00,12.0,8.599593321482343,False,ok
60,2024-10-18 13:00:00,2024-10-18 14:00:00,5.599999904632568,5.560846010843913,False,ok
60,2024-10-19 09:00:00,2024-10-19 10:00:00,9.699999809265137,8.749666690826414,False,ok
60,2024-10-20 09:00:00,2024-10-20 10:00:00,8.100000381469727,7.410516262054444,False,ok
60,2024-10-21 09:00:00,2024-10-21 10:00:00,7.599999904632568,8.529335975646973,False,ok
60,2024-10-22 09:00:00,2024-10-22 10:00:00,6.699999809265137,6.338941574096681,False,ok
60,2024-10-23 09:00:00,2024-10-23 10:00:00,6.0,6.662730137507121,False,ok
60,2024-10-24 09:00:00,2024-10-24 10:00:00,9.600000381469728,9.329596360524498,False,ok
60,2024-10-25 09:00:00,2024-10-25 10:00:00,7.800000190734863,7.709950288136803,False,ok
60,2024-10-26 09:00:00,2024-10-26 10:00:00,5.400000095367432,8.822989304860434,False,ok
60,2024-10-27 09:00:00,2024-10-27 10:00:00,9.100000381469728,8.476604302724201,False,ok
60,2024-10-28 09:00:00,2024-10-28 10:00:00,10.699999809265137,9.457264979680376,False,ok
60,2024-10-28 15:34:18,2024-10-28 16:34:18,7.400000095367432,7.880076328913371,False,ok
60,2024-10-29 09:00:00,2024-10-29 10:00:00,9.399999618530272,9.33410350481669,False,ok
60,2024-10-30 09:00:00,2024-10-30 10:00:00,11.0,8.02935560544332,False,ok
60,2024-10-31 09:00:00,2024-10-31 10:00:00,10.199999809265137,8.467472950617472,False,ok
60,2024-10-31 15:30:00,2024-10-31 16:30:00,11.600000381469728,7.7067292531331395,False,ok
60,2024-10-31 22:00:00,2024-10-31 23:00:00,9.800000190734863,8.73650550842285,False,ok
60,2024-11-01 03:00:00,2024-11-01 04:00:00,8.399999618530273,7.229927380879721,False,ok
60,2024-11-01 09:00:00,2024-11-01 10:00:00,7.300000190734863,7.0435571670532235,False,ok
60,2024-11-01 19:00:00,2024-11-01 20:00:00,8.399999618530273,10.037076314290363,False,ok
60,2024-11-02 09:00:00,2024-11-02 10:00:00,9.600000381469728,9.500190099080402,False,ok
60,2024-11-03 09:00:00,2024-11-03 10:00:00,9.300000190734863,9.795371691385906,False,ok
60,2024-11-04 09:00:00,2024-11-04 10:00:00,9.600000381469728,9.705404361089071,False,ok
60,2024-11-05 09:00:00,2024-11-05 10:00:00,9.600000381469728,9.882381717363996,False,ok
60,2024-11-06 09:00:00,2024-11-06 10:00:00,5.699999809265137,7.885303974151612,False,ok
60,2024-11-07 09:00:00,2024-11-07 10:00:00,7.800000190734863,8.388096809387207,False,ok
60,2024-11-08 09:00:00,2024-11-08 10:00:00,10.600000381469728,9.696970144907636,False,ok
60,2024-11-08 15:00:00,2024-11-08 16:00:00,7.300000190734863,6.991382122039794,False,ok
60,2024-11-09 09:00:00,2024-11-09 10:00:00,9.699999809265137,9.44290367762248,False,ok
60,2024-11-10 09:00:00,2024-11-10 10:00:00,13.5,10.532414595286054,False,ok
60,2024-11-12 09:00:00,2024-11-12 10:00:00,8.199999809265137,10.002525806427002,False,ok
60,2024-11-13 09:00:00,2024-11-13 10:00:00,5.699999809265137,8.105800151824953,False,ok
60,2024-11-14 09:00:00,2024-11-14 10:00:00,6.400000095367432,7.355504671732583,False,ok
60,2024-11-15 09:00:00,2024-11-15 10:00:00,8.699999809265137,10.527904868125916,False,ok
60,2024-11-16 09:00:00,2024-11-16 10:00:00,8.5,9.977808356285092,False,ok
60,2024-11-17 09:00:00,2024-11-17 10:00:00,7.199999809265137,10.33182370662689,False,ok
60,2024-11-18 09:00:00,2024-11-18 10:00:00,7.699999809265137,10.609587709108986,False,ok
60,2024-11-19 10:00:00,2024-11-19 11:00:00,5.900000095367432,7.265371123949685,False,ok
60,2024-11-20 09:00:00,2024-11-20 10:00:00,7.099999904632568,8.16242535909017,False,ok
60,2024-11-21 09:00:00,2024-11-21 10:00:00,8.5,7.965027491251627,False,ok
60,2024-11-22 09:00:00,2024-11-22 10:00:00,8.0,8.189805189768476,False,ok
60,2024-11-23 09:00:00,2024-11-23 10:00:00,7.099999904632568,7.3354255358378095,False,ok
60,2024-11-24 09:00:00,2024-11-24 10:00:00,7.5,7.666524807612101,False,ok
60,2024-11-25 09:00:00,2024-11-25 10:00:00,7.199999809265137,8.043694416681927,False,ok
60,2024-11-26 09:00:00,2024-11-26 10:00:00,7.300000190734863,8.495773553848268,False,ok
60,2024-11-27 09:00:00,2024-11-27 10:00:00,8.100000381469727,7.147445201873779,False,ok
60,2024-11-28 09:00:00,2024-11-28 10:00:00,8.899999618530273,7.691081285476684,False,ok
60,2024-11-29 09:00:00,2024-11-29 10:00:00,7.800000190734863,7.403014659881593,False,ok
60,2024-11-30 09:00:00,2024-11-30 10:00:00,6.5,6.271402597427368,False,ok
60,2024-12-01 09:00:00,2024-12-01 10:00:00,6.0,6.201210260391235,False,ok
60,2024-12-02 09:00:00,2024-12-02 10:00:00,6.900000095367432,6.826726039250692,False,ok
60,2024-12-03 09:00:00,2024-12-03 10:00:00,7.0,5.474013964335124,False,ok
60,2024-12-04 09:00:00,2024-12-04 10:00:00,7.300000190734863,7.67410111427307,False,ok
60,2024-12-05 09:00:00,2024-12-05 10:00:00,6.5,6.945364157358806,False,ok
60,2024-12-06 09:00:00,2024-12-06 10:00:00,7.900000095367432,8.31548110644023,False,ok
60,2024-12-07 09:00:00,2024-12-07 10:00:00,6.5,5.081517616907756,False,ok
60,2024-12-07 15:39:56,2024-12-07 16:39:56,9.300000190734863,10.419729232788088,False,ok
60,2024-12-08 09:00:00,2024-12-08 10:00:00,8.5,9.110190312067669,False,ok
60,2024-12-09 09:00:00,2024-12-09 10:00:00,5.0,2.6723765532175703,False,ok
60,2024-12-10 09:00:00,2024-12-10 10:00:00,7.900000095367432,8.50214370091756,False,ok
60,2024-12-10 15:00:00,2024-12-10 16:00:00,7.300000190734863,9.3332413037618,False,ok
60,2024-12-11 09:00:00,2024-12-11 10:00:00,8.0,6.937990744908651,False,ok
60,2024-12-12 09:00:00,2024-12-12 10:00:00,5.300000190734863,5.223675886789958,False,ok
60,2024-12-13 09:00:00,2024-12-13 10:00:00,7.5,8.559780716896059,False,ok
60,2024-12-14 09:00:00,2024-12-14 10:00:00,9.600000381469728,6.443508744239806,False,ok
60,2024-12-15 09:00:00,2024-12-15 10:00:00,8.5,5.275076508522034,False,ok
60,2024-12-16 09:00:00,2024-12-16 10:00:00,6.099999904632568,5.222252448399861,False,ok
60,2024-12-17 09:00:00,2024-12-17 10:00:00,11.300000190734863,6.991742293039956,False,ok
60,2024-12-17 16:00:00,2024-12-17 17:00:00,7.400000095367432,6.35550038019816,False,ok
60,2024-12-18 09:00:00,2024-12-18 10:00:00,8.0,5.467230876286824,False,ok
60,2024-12-19 09:00:00,2024-12-19 10:00:00,8.5,7.903327862421671,False,ok
60,2024-12-20 09:00:00,2024-12-20 10:00:00,11.300000190734863,9.847922563552856,False,ok
60,2024-12-20 22:41:32,2024-12-20 23:41:32,13.100000381469728,5.455175399780274,False,ok
60,2024-12-22 09:00:00,2024-12-22 10:00:00,9.699999809265137,9.064344803492228,False,ok
60,2024-12-23 09:00:00,2024-12-23 10:00:00,7.099999904632568,7.12992803255717,False,ok
60,2024-12-24 09:00:00,2024-12-24 10:00:00,8.699999809265137,8.542893648147583,False,ok
60,2024-12-25 09:00:00,2024-12-25 10:00:00,8.5,6.977837562561035,False,ok
60,2024-12-26 09:00:00,2024-12-26 10:00:00,7.699999809265137,7.402169386545816,False,ok
60,2024-12-27 09:00:00,2024-12-27 10:00:00,8.300000190734863,9.35764503479004,False,ok
60,2024-12-28 09:00:00,2024-12-28 10:00:00,9.300000190734863,9.9789088567098,False,ok
60,2024-12-29 09:00:00,2024-12-29 10:00:00,8.100000381469727,8.196197350819904,False,ok
60,2024-12-30 09:00:00,2024-12-30 10:00:00,6.400000095367432,7.769758542378743,False,ok
60,2024-12-31 03:50:00,2024-12-31 04:50:00,2.0999999046325684,8.100000381469725,True,ok
60,2024-12-31 09:00:00,2024-12-31 10:00:00,2.700000047683716,3.726462284723918,False,ok
120,2024-01-01 08:00:00,2024-01-01 10:00:00,10.800000190734863,10.856616576512652,False,ok
120,2024-01-01 20:00:00,2024-01-01 22:00:00,8.300000190734863,8.97226130962372,False,ok
120,2024-01-02 08:00:00,2024-01-02 10:00:00,9.5,8.435802221298216,False,ok
120,2024-01-03 08:00:00,2024-01-03 10:00:00,7.199999809265137,6.303387920061746,False,ok
120,2024-01-04 08:00:00,2024-01-04 10:00:00,8.899999618530273,8.300000190734863,True,ok
120,2024-01-05 08:00:00,2024-01-05 10:00:00,6.099999904632568,7.184185482561588,False,ok
120,2024-01-06 08:00:00,2024-01-06 10:00:00,6.900000095367432,10.230805374681951,False,ok
120,2024-01-07 08:00:00,2024-01-07 10:00:00,3.200000047683716,11.574273087084292,False,ok
120,2024-01-08 10:00:00,2024-01-08 12:00:00,12.600000381469728,18.713186820348103,False,ok
120,2024-01-08 12:00:00,2024-01-08 14:00:00,1.0,0.7934806545575466,False,ok
120,2024-01-08 14:00:00,2024-01-08 16:00:00,2.0,1.104769428571066,False,ok
120,2024-01-09 08:00:00,2024-01-09 10:00:00,6.0,7.577752240778258,False,ok
120,2024-01-10 08:00:00,2024-01-10 10:00:00,9.199999809265137,6.359251338522881,False,ok
120,2024-01-11 08:00:00,2024-01-11 10:00:00,4.699999809265137,7.369259675343832,False,ok
120,2024-01-12 08:00:00,2024-01-12 10:00:00,6.800000190734863,7.640397866566975,False,ok
120,2024-01-13 08:00:00,2024-01-13 10:00:00,3.5,3.409543830435723,False,ok
120,2024-01-13 21:00:00,2024-01-13 23:00:00,3.4000000953674316,6.0,True,ok
120,2024-01-14 08:00:00,2024-01-14 10:00:00,4.099999904632568,5.362685044606527,False,ok
120,2024-01-15 08:00:00,2024-01-15 10:00:00,2.299999952316284,4.671343167622885,False,ok
120,2024-01-16 08:00:00,2024-01-16 10:00:00,6.300000190734863,9.44331216812134,False,ok
120,2024-01-16 18:30:00,2024-01-16 20:30:00,4.199999809265137,3.659508069356283,False,ok
120,2024-01-17 08:00:00,2024-01-17 10:00:00,5.099999904632568,8.789979815483093,False,ok
120,2024-01-18 08:00:00,2024-01-18 10:00:00,5.900000095367432,7.190337777137756,False,ok
120,2024-01-19 08:00:00,2024-01-19 10:00:00,8.199999809265137,6.158064246177673,False,ok
120,2024-01-19 21:45:00,2024-01-19 23:45:00,12.800000190734863,9.851512312889096,False,ok
120,2024-01-20 08:00:00,2024-01-20 10:00:00,7.300000190734863,6.691665053367615,False,ok
120,2024-01-20 20:00:00,2024-01-20 22:00:00,6.599999904632568,3.3262269894282026,False,ok
120,2024-01-21 08:00:00,2024-01-21 10:00:00,10.100000381469728,5.616159796714782,False,ok
120,2024-01-21 20:00:00,2024-01-21 22:00:00,5.800000190734863,3.981417298316956,False,ok
120,2024-01-22 08:00:00,2024-01-22 10:00:00,7.0,5.031833966573079,False,ok
120,2024-01-23 08:00:00,2024-01-23 10:00:00,9.600000381469728,7.205853144327799,False,ok
120,2024-01-24 08:00:00,2024-01-24 10:00:00,8.5,9.794870773951214,False,ok
120,2024-01-25 08:00:00,2024-01-25 10:00:00,10.199999809265137,11.59411668777466,False,ok
120,2024-01-26 08:00:00,2024-01-26 10:00:00,8.899999618530273,8.681011597315468,False,ok
120,2024-01-27 08:00:00,2024-01-27 10:00:00,9.0,9.039626439412432,False,ok
120,2024-01-28 08:00:00,2024-01-28 10:00:00,9.899999618530272,9.027602156003317,False,ok
120,2024-01-29 08:00:00,2024-01-29 10:00:00,9.600000381469728,10.354306936264038,False,ok
120,2024-01-30 08:00:00,2024-01-30 10:00:00,7.599999904632568,2.284598588943482,False,ok
120,2024-01-30 12:07:00,2024-01-30 14:07:00,20.600000381469727,15.84626078605652,False,ok
120,2024-01-30 14:25:00,2024-01-30 16:25:00,4.400000095367432,13.662917852401732,False,ok
120,2024-01-30 20:30:00,2024-01-30 22:30:00,1.0,4.880138794581095,False,ok
120,2024-01-31 08:00:00,2024-01-31 10:00:00,3.299999952316284,2.7808496728539467,False,ok
120,2024-01-31 13:00:00,2024-01-31 15:00:00,2.9000000953674316,9.359561204910278,False,ok
120,2024-02-01 08:00:00,2024-02-01 10:00:00,7.300000190734863,12.654980103174848,False,ok
120,2024-02-01 20:30:00,2024-02-01 22:30:00,6.300000190734863,21.46300037701925,False,ok
120,2024-02-02 00:00:00,2024-02-02 02:00:00,19.100000381469727,13.62661083539327,False,ok
120,2024-02-02 05:00:00,2024-02-02 07:00:00,11.600000381469728,14.076605876286823,False,ok
120,2024-02-02 08:00:00,2024-02-02 10:00:00,5.300000190734863,10.462451060612992,False,ok
120,2024-02-03 08:00:00,2024-02-03 10:00:00,7.300000190734863,7.345799446105957,False,ok
120,2024-02-04 08:00:00,2024-02-04 10:00:00,6.900000095367432,7.201647440592447,False,ok
120,2024-02-05 08:00:00,2024-02-05 10:00:00,9.300000190734863,8.18582208951314,False,ok
120,2024-02-05 16:00:00,2024-02-05 18:00:00,12.100000381469728,9.88831118742625,False,ok
120,2024-02-06 08:00:00,2024-02-06 10:00:00,9.899999618530272,7.373904705047607,False,ok
120,2024-02-07 08:00:00,2024-02-07 10:00:00,8.899999618530273,7.720796585083009,False,ok
120,2024-02-08 08:00:00,2024-02-08 10:00:00,10.699999809265137,9.35506296157837,False,ok
120,2024-02-09 08:00:00,2024-02-09 10:00:00,11.300000190734863,11.26346508661906,False,ok
120,2024-02-11 08:00:00,2024-02-11 10:00:00,7.800000190734863,6.524614493052164,False,ok
120,2024-02-12 08:00:00,2024-02-12 10:00:00,9.0,9.54122591018677,False,ok
120,2024-02-13 08:00:00,2024-02-13 10:00:00,2.5999999046325684,6.3001179695129395,False,ok
120,2024-02-14 08:00:00,2024-02-14 10:00:00,8.600000381469727,5.056369304656982,False,ok
120,2024-02-15 08:00:00,2024-02-15 10:00:00,9.199999809265137,8.869072039922077,False,ok
120,2024-02-16 08:00:00,2024-02-16 10:00:00,9.600000381469728,10.054716189702347,False,ok
120,2024-02-17 08:00:00,2024-02-17 10:00:00,10.699999809265137,9.784422874450684,False,ok
120,2024-02-17 14:00:00,2024-02-17 16:00:00,7.400000095367432,10.79256006081899,False,ok
120,2024-02-18 08:00:00,2024-02-18 10:00:00,8.199999809265137,10.090038816134134,False,ok
120,2024-02-19 08:00:00,2024-02-19 10:00:00,6.800000190734863,8.094348231951397,False,ok
120,2024-02-20 08:00:00,2024-02-20 10:00:00,7.699999809265137,9.5390830039978,False,ok
120,2024-02-21 08:00:00,2024-02-21 10:00:00,7.0,8.914979457855226,False,ok
120,2024-02-22 08:00:00,2024-02-22 10:00:00,8.100000381469727,8.735778649648033,False,ok
120,2024-02-23 08:00:00,2024-02-23 10:00:00,7.800000190734863,9.647369861602783,False,ok
120,2024-02-24 10:00:00,2024-02-24 12:00:00,7.400000095367432,10.519255479176842,False,ok
120,2024-02-24 13:00:00,2024-02-24 15:00:00,13.899999618530272,3.958538611729941,False,ok
120,2024-02-25 08:00:00,2024-02-25 10:00:00,8.0,10.026999274889633,False,ok
120,2024-02-26 08:00:00,2024-02-26 10:00:00,8.300000190734863,9.556792815526329,False,ok
120,2024-02-27 08:00:00,2024-02-27 10:00:00,8.100000381469727,7.439057787259418,False,ok
120,2024-02-28 08:00:00,2024-02-28 10:00:00,8.800000190734863,8.248631199200949,False,ok
120,2024-02-29 08:00:00,2024-02-29 10:00:00,8.300000190734863,8.300000190734863,True,ok
120,2024-02-29 19:00:00,2024-02-29 21:00:00,8.399999618530273,8.300000190734863,True,ok
120,2024-03-01 04:00:00,2024-03-01 06:00:00,14.199999809265137,8.558578451474506,False,ok
120,2024-03-01 08:00:00,2024-03-01 10:00:00,9.800000190734863,9.087308843930565,False,ok
120,2024-03-02 08:00:00,2024-03-02 10:00:00,7.599999904632568,10.230545639991758,False,ok
120,2024-03-03 08:00:00,2024-03-03 10:00:00,8.899999618530273,8.93780493736267,False,ok
120,2024-03-04 08:00:00,2024-03-04 10:00:00,9.199999809265137,8.971700827280678,False,ok
120,2024-03-05 08:00:00,2024-03-05 10:00:00,7.900000095367432,8.217705885569254,False,ok
120,2024-03-06 08:00:00,2024-03-06 10:00:00,9.399999618530272,8.606425126393638,False,ok
120,2024-03-07 08:00:00,2024-03-07 10:00:00,8.5,8.501407384872435,False,ok
120,2024-03-08 08:00:00,2024-03-08 10:00:00,8.0,10.2499950726827,False,ok
120,2024-03-08 15:00:00,2024-03-08 17:00:00,10.5,10.249581813812254,False,ok
120,2024-03-09 07:30:00,2024-03-09 09:30:00,8.5,7.23358964920044,False,ok
120,2024-03-10 08:00:00,2024-03-10 10:00:00,7.400000095367432,7.565192461013793,False,ok
120,2024-03-11 08:00:00,2024-03-11 10:00:00,10.0,9.589332818984984,False,ok
120,2024-03-12 08:00:00,2024-03-12 10:00:00,7.699999809265137,8.59242582321167,False,ok
120,2024-03-13 08:00:00,2024-03-13 10:00:00,7.5,7.243508338928222,False,ok
120,2024-03-14 08:00:00,2024-03-14 10:00:00,8.399999618530273,7.622736692428589,False,ok
120,2024-03-15 08:00:00,2024-03-15 10:00:00,7.800000190734863,6.95590901374817,False,ok
120,2024-03-16 08:00:00,2024-03-16 10:00:00,3.5,9.669942259788517,False,ok
120,2024-04-23 04:30:00,2024-04-23 06:30:00,2120.0,7.699999809265137,True,ok
120,2024-04-23 07:24:00,2024-04-23 09:24:00,34.0,7.699999809265137,True,ok
120,2024-04-23 08:00:00,2024-04-23 10:00:00,107.0,7.699999809265137,True,ok
120,2024-04-23 11:21:00,2024-04-23 13:21:00,6.800000190734863,7.800000190734862,True,ok
120,2024-04-23 14:33:00,2024-04-23 16:33:00,5.0,34.00000000000001,True,ok
120,2024-04-24 00:00:00,2024-04-24 02:00:00,3.200000047683716,34.00000000000001,True,ok
120,2024-04-24 08:00:00,2024-04-24 10:00:00,3.799999952316284,6.800000190734864,True,ok
120,2024-04-24 13:00:00,2024-04-24 15:00:00,7.599999904632568,6.800000190734864,True,ok
120,2024-04-25 08:00:00,2024-04-25 10:00:00,6.800000190734863,4.999999999999999,True,ok
120,2024-04-26 08:00:00,2024-04-26 10:00:00,5.900000095367432,4.999999999999999,True,ok
120,2024-04-26 14:00:00,2024-04-26 16:00:00,6.599999904632568,5.900000095367432,True,ok
120,2024-04-26 15:00:00,2024-04-26 17:00:00,4.5,5.900000095367432,True,ok
120,2024-04-26 18:00:00,2024-04-26 20:00:00,4.300000190734863,5.900000095367432,True,ok
120,2024-04-27 08:00:00,2024-04-27 10:00:00,3.5,5.900000095367432,True,ok
120,2024-04-27 21:00:00,2024-04-27 23:00:00,6.900000095367432,4.5,True,ok
120,2024-04-28 08:00:00,2024-04-28 10:00:00,8.899999618530273,4.5,True,ok
120,2024-04-29 08:00:00,2024-04-29 10:00:00,7.5,4.5,True,ok
120,2024-04-30 08:00:00,2024-04-30 10:00:00,6.599999904632568,6.900000095367432,True,ok
120,2024-05-01 08:00:00,2024-05-01 10:00:00,6.099999904632568,6.900000095367432,True,ok
120,2024-05-02 08:00:00,2024-05-02 10:00:00,7.599999904632568,6.900000095367432,True,ok
120,2024-05-03 08:00:00,2024-05-03 10:00:00,8.600000381469727,7.499999999999999,True,ok
120,2024-05-04 01:00:00,2024-05-04 03:00:00,4.0,7.499999999999999,True,ok
120,2024-05-04 04:00:00,2024-05-04 06:00:00,2.5999999046325684,1.1701573133468628,False,ok
120,2024-05-04 08:00:00,2024-05-04 10:00:00,5.5,4.0245951016743975,False,ok
120,2024-05-04 20:00:00,2024-05-04 22:00:00,8.899999618530273,2.5524911483128863,False,ok
120,2024-05-05 08:00:00,2024-05-05 10:00:00,7.900000095367432,7.481167793273927,False,ok
120,2024-05-06 08:00:00,2024-05-06 10:00:00,7.5,6.1322912375132255,False,ok
120,2024-05-07 08:00:00,2024-05-07 10:00:00,6.0,6.246217568715413,False,ok
120,2024-05-08 08:00:00,2024-05-08 10:00:00,8.300000190734863,7.5070104996363325,False,ok
120,2024-05-09 08:00:00,2024-05-09 10:00:00,7.599999904632568,7.325361092885336,False,ok
120,2024-05-10 08:00:00,2024-05-10 10:00:00,7.0,6.22961457570394,False,ok
120,2024-05-11 08:00:00,2024-05-11 10:00:00,8.699999809265137,6.125869790712993,False,ok
120,2024-05-12 08:00:00,2024-05-12 10:00:00,7.099999904632568,9.1683562596639,False,ok
120,2024-05-13 08:00:00,2024-05-13 10:00:00,8.600000381469727,6.998184521993002,False,ok
120,2024-05-13 12:02:00,2024-05-13 14:02:00,5.699999809265137,7.379207928975424,False,ok
120,2024-05-14 08:00:00,2024-05-14 10:00:00,7.400000095367432,7.530303557713826,False,ok
120,2024-05-15 08:00:00,2024-05-15 10:00:00,6.900000095367432,7.629861434300741,False,ok
120,2024-05-16 08:00:00,2024-05-16 10:00:00,7.199999809265137,6.663341561953227,False,ok
120,2024-05-17 08:00:00,2024-05-17 10:00:00,6.5,6.277522881825766,False,ok
120,2024-05-18 08:00:00,2024-05-18 10:00:00,7.599999904632568,7.137193242708843,False,ok
120,2024-05-19 08:00:00,2024-05-19 10:00:00,8.899999618530273,8.319537043571472,False,ok
120,2024-05-20 07:20:00,2024-05-20 09:20:00,6.699999809265137,5.879067937533062,False,ok
120,2024-05-20 15:00:00,2024-05-20 17:00:00,6.900000095367432,7.457637349764508,False,ok
120,2024-05-20 20:00:00,2024-05-20 22:00:00,7.0,5.5319199959437055,False,ok
120,2024-05-21 08:00:00,2024-05-21 10:00:00,5.800000190734863,6.465130726496378,False,ok
120,2024-05-22 08:00:00,2024-05-22 10:00:00,7.900000095367432,6.264765659968059,False,ok
120,2024-05-23 08:00:00,2024-05-23 10:00:00,8.600000381469727,6.045031468073527,False,ok
120,2024-05-24 08:00:00,2024-05-24 10:00:00,6.300000190734863,6.126824299494426,False,ok
120,2024-05-25 08:00:00,2024-05-25 10:00:00,7.0,7.357293685277303,False,ok
120,2024-05-26 08:00:00,2024-05-26 10:00:00,8.5,6.159903128941854,False,ok
120,2024-05-27 08:00:00,2024-05-27 10:00:00,5.0,8.488588412602743,False,ok
120,2024-05-28 08:00:00,2024-05-28 10:00:00,5.900000095367432,4.177103439966837,False,ok
120,2024-05-29 08:00:00,2024-05-29 10:00:00,6.099999904632568,6.890037417411804,False,ok
120,2024-05-30 08:00:00,2024-05-30 10:00:00,6.300000190734863,5.14841067790985,False,ok
120,2024-05-31 08:00:00,2024-05-31 10:00:00,8.5,7.320122202237446,False,ok
120,2024-06-01 08:00:00,2024-06-01 10:00:00,7.800000190734863,7.273120681444802,False,ok
120,2024-06-02 08:00:00,2024-06-02 10:00:00,6.300000190734863,6.300000190734864,True,ok
120,2024-06-03 08:00:00,2024-06-03 10:00:00,9.600000381469728,6.300000190734864,True,ok
120,2024-06-04 08:00:00,2024-06-04 10:00:00,5.900000095367432,5.4872415860493975,False,ok
120,2024-06-05 08:00:00,2024-06-05 10:00:00,9.699999809265137,7.9208172162373875,False,ok
120,2024-06-06 08:00:00,2024-06-06 10:00:00,8.399999618530273,8.332639535268145,False,ok
120,2024-06-07 06:20:00,2024-06-07 08:20:00,9.699999809265137,8.148215770721436,False,ok
120,2024-06-08 08:00:00,2024-06-08 10:00:00,9.5,7.916358311971029,False,ok
120,2024-06-09 08:00:00,2024-06-09 10:00:00,9.100000381469728,7.410356839497885,False,ok
120,2024-06-10 08:00:00,2024-06-10 10:00:00,8.300000190734863,9.579800764719645,False,ok
120,2024-06-11 08:00:00,2024-06-11 10:00:00,8.5,9.40692059199015,False,ok
120,2024-06-12 08:00:00,2024-06-12 10:00:00,9.800000190734863,8.39839474360148,False,ok
120,2024-06-13 08:00:00,2024-06-13 10:00:00,8.800000190734863,7.345264355341592,False,ok
120,2024-06-14 08:00:00,2024-06-14 10:00:00,8.800000190734863,7.362263600031534,False,ok
120,2024-06-15 08:00:00,2024-06-15 10:00:00,9.300000190734863,8.009784619013468,False,ok
120,2024-06-16 08:00:00,2024-06-16 10:00:00,9.5,8.246905803680422,False,ok
120,2024-06-17 08:00:00,2024-06-17 10:00:00,8.800000190734863,9.22056563695272,False,ok
120,2024-06-18 08:00:00,2024-06-18 10:00:00,9.5,8.434714158376057,False,ok
120,2024-06-19 08:00:00,2024-06-19 10:00:00,9.399999618530272,8.007084687550861,False,ok
120,2024-06-20 08:00:00,2024-06-20 10:00:00,8.899999618530273,9.096799453099573,False,ok
120,2024-06-21 07:30:00,2024-06-21 09:30:00,6.800000190734863,10.81612737973531,False,ok
120,2024-06-22 08:00:00,2024-06-22 10:00:00,7.699999809265137,8.363525072733562,False,ok
120,2024-06-23 08:00:00,2024-06-23 10:00:00,9.100000381469728,9.505199988683067,False,ok
120,2024-06-24 08:00:00,2024-06-24 10:00:00,8.699999809265137,9.328193267186483,False,ok
120,2024-06-25 10:00:00,2024-06-25 12:00:00,7.599999904632568,9.01776083310445,False,ok
120,2024-06-26 08:00:00,2024-06-26 10:00:00,8.899999618530273,8.898548841476442,False,ok
120,2024-06-27 08:00:00,2024-06-27 10:00:00,9.399999618530272,7.924835522969564,False,ok
120,2024-06-28 08:00:00,2024-06-28 10:00:00,9.300000190734863,9.144985914230343,False,ok
120,2024-06-29 08:00:00,2024-06-29 10:00:00,8.300000190734863,7.450840791066487,False,ok
120,2024-06-30 08:00:00,2024-06-30 10:00:00,8.800000190734863,8.408859332402548,False,ok
120,2024-07-01 08:00:00,2024-07-01 10:00:00,8.5,8.722606102625527,False,ok
120,2024-07-02 08:00:00,2024-07-02 10:00:00,9.699999809265137,9.817660093307495,False,ok
120,2024-07-03 08:00:00,2024-07-03 10:00:00,9.300000190734863,10.767346779505411,False,ok
120,2024-07-04 08:00:00,2024-07-04 10:00:00,10.100000381469728,7.924547592798868,False,ok
120,2024-07-05 08:00:00,2024-07-05 10:00:00,10.100000381469728,8.562515656153362,False,ok
120,2024-07-06 08:00:00,2024-07-06 10:00:00,8.899999618530273,7.713969628016153,False,ok
120,2024-07-07 08:00:00,2024-07-07 10:00:00,8.800000190734863,7.890345970789592,False,ok
120,2024-07-08 08:00:00,2024-07-08 10:00:00,7.5,6.304909149805704,False,ok
120,2024-07-09 08:00:00,2024-07-09 10:00:00,9.399999618530272,8.471379597981768,False,ok
120,2024-07-10 08:00:00,2024-07-10 10:00:00,9.300000190734863,7.66310739517212,False,ok
120,2024-07-11 08:00:00,2024-07-11 10:00:00,10.800000190734863,8.582334280014038,False,ok
120,2024-07-11 14:00:00,2024-07-11 16:00:00,7.099999904632568,7.792132933934529,False,ok
120,2024-07-12 08:00:00,2024-07-12 10:00:00,6.5,7.628095706303915,False,ok
120,2024-07-13 08:00:00,2024-07-13 10:00:00,8.5,7.925050099690755,False,ok
120,2024-07-14 08:00:00,2024-07-14 10:00:00,7.099999904632568,8.156197865804035,False,ok
120,2024-07-15 08:00:00,2024-07-15 10:00:00,6.800000190734863,9.627983411153158,False,ok
120,2024-07-16 08:00:00,2024-07-16 10:00:00,6.199999809265137,8.13663323720296,False,ok
120,2024-07-17 08:00:00,2024-07-17 10:00:00,8.800000190734863,8.215151309967041,False,ok
120,2024-07-18 08:00:00,2024-07-18 10:00:00,6.699999809265137,9.351694583892824,False,ok
120,2024-07-19 08:00:00,2024-07-19 10:00:00,8.600000381469727,7.432862679163613,False,ok
120,2024-07-20 08:00:00,2024-07-20 10:00:00,10.399999618530272,7.51831380526225,False,ok
120,2024-07-21 08:00:00,2024-07-21 10:00:00,7.900000095367432,7.150566498438517,False,ok
120,2024-07-22 08:00:00,2024-07-22 10:00:00,8.800000190734863,6.617727994918824,False,ok
120,2024-07-23 08:00:00,2024-07-23 10:00:00,8.0,8.149729092915852,False,ok
120,2024-07-24 08:00:00,2024-07-24 10:00:00,6.599999904632568,7.489093939463295,False,ok
120,2024-07-25 08:00:00,2024-07-25 10:00:00,7.5,6.852019468943278,False,ok
120,2024-07-26 08:00:00,2024-07-26 10:00:00,8.399999618530273,7.304587721824646,False,ok
120,2024-07-27 08:00:00,2024-07-27 10:00:00,9.300000190734863,8.356909910837807,False,ok
120,2024-07-28 08:00:00,2024-07-28 10:00:00,6.599999904632568,7.706103483835855,False,ok
120,2024-07-29 08:00:00,2024-07-29 10:00:00,7.0,8.35385815302531,False,ok
120,2024-07-30 08:00:00,2024-07-30 10:00:00,8.199999809265137,8.968159278233845,False,ok
120,2024-07-31 07:00:00,2024-07-31 09:00:00,8.100000381469727,8.093041022618612,False,ok
120,2024-08-01 08:00:00,2024-08-01 10:00:00,7.400000095367432,7.427724440892538,False,ok
120,2024-08-02 08:00:00,2024-08-02 10:00:00,7.400000095367432,7.3445745309193935,False,ok
120,2024-08-03 08:00:00,2024-08-03 10:00:00,10.100000381469728,7.4758543968200675,False,ok
120,2024-08-03 21:00:00,2024-08-03 23:00:00,8.399999618530273,8.76286800702413,False,ok
120,2024-08-04 08:00:00,2024-08-04 10:00:00,10.100000381469728,8.849202235539753,False,ok
120,2024-08-05 08:00:00,2024-08-05 10:00:00,7.400000095367432,8.904847145080568,False,ok
120,2024-08-06 08:00:00,2024-08-06 10:00:00,7.0,7.036057472229004,False,ok
120,2024-08-07 08:00:00,2024-08-07 10:00:00,8.0,8.375282287597656,False,ok
120,2024-08-08 08:00:00,2024-08-08 10:00:00,9.699999809265137,8.652775764465332,False,ok
120,2024-08-09 08:00:00,2024-08-09 10:00:00,7.699999809265137,7.9164455334345485,False,ok
120,2024-08-10 08:00:00,2024-08-10 10:00:00,6.199999809265137,7.528128345807395,False,ok
120,2024-08-11 08:00:00,2024-08-11 10:00:00,8.0,8.400957783063252,False,ok
120,2024-08-12 08:00:00,2024-08-12 10:00:00,7.400000095367432,6.670708854993185,False,ok
120,2024-08-13 08:00:00,2024-08-13 10:00:00,8.0,8.23330779870351,False,ok
120,2024-08-14 08:00:00,2024-08-14 10:00:00,7.400000095367432,6.797394712766012,False,ok
120,2024-08-15 08:00:00,2024-08-15 10:00:00,9.0,7.693008820215861,False,ok
120,2024-08-16 08:00:00,2024-08-16 10:00:00,8.100000381469727,8.1149267355601,False,ok
120,2024-08-17 08:00:00,2024-08-17 10:00:00,6.699999809265137,7.136045853296917,False,ok
120,2024-08-18 08:00:00,2024-08-18 10:00:00,6.699999809265137,8.003854314486189,False,ok
120,2024-08-19 08:00:00,2024-08-19 10:00:00,8.5,7.588871876398723,False,ok
120,2024-08-20 08:00:00,2024-08-20 10:00:00,8.699999809265137,7.625765363375347,False,ok
120,2024-08-21 08:00:00,2024-08-21 10:00:00,6.800000190734863,7.308493892351786,False,ok
120,2024-08-22 08:00:00,2024-08-22 10:00:00,9.0,5.359003583590189,False,ok
120,2024-08-23 08:00:00,2024-08-23 10:00:00,6.5,5.800536910692851,False,ok
120,2024-08-24 08:00:00,2024-08-24 10:00:00,8.300000190734863,8.416351596514385,False,ok
120,2024-08-25 08:00:00,2024-08-25 10:00:00,7.5,7.32742166519165,False,ok
120,2024-08-26 08:00:00,2024-08-26 10:00:00,6.099999904632568,7.446444034576416,False,ok
120,2024-08-27 08:00:00,2024-08-27 10:00:00,17.299999237060547,7.389172077178954,False,ok
120,2024-08-27 12:00:00,2024-08-27 14:00:00,8.0,9.390307903289791,False,ok
120,2024-08-28 08:00:00,2024-08-28 10:00:00,6.900000095367432,7.954306006431578,False,ok
120,2024-08-29 07:30:00,2024-08-29 09:30:00,7.0,7.620664000511168,False,ok
120,2024-08-30 08:00:00,2024-08-30 10:00:00,5.800000190734863,7.732313513755799,False,ok
120,2024-08-31 08:00:00,2024-08-31 10:00:00,7.0,8.06847894191742,False,ok
120,2024-09-01 02:00:00,2024-09-01 04:00:00,7.099999904632568,11.952313939730326,False,ok
120,2024-09-02 22:00:00,2024-09-03 00:00:00,5.900000095367432,6.999999999999999,True,ok
120,2024-09-03 08:00:00,2024-09-03 10:00:00,5.0,8.290733178456625,False,ok
120,2024-09-04 08:00:00,2024-09-04 10:00:00,12.100000381469728,11.74873145421346,False,ok
120,2024-09-05 08:00:00,2024-09-05 10:00:00,6.099999904632568,7.706906874974568,False,ok
120,2024-09-06 08:00:00,2024-09-06 10:00:00,4.0,5.377230008443196,False,ok
120,2024-09-06 22:00:00,2024-09-07 00:00:00,19.5,6.089909076690674,False,ok
120,2024-09-07 00:00:00,2024-09-07 02:00:00,7.599999904632568,5.900000095367432,True,ok
120,2024-09-07 08:00:00,2024-09-07 10:00:00,7.199999809265137,8.623621821403503,False,ok
120,2024-09-08 08:00:00,2024-09-08 10:00:00,7.5,6.57494076093038,False,ok
120,2024-09-09 08:00:00,2024-09-09 10:00:00,6.900000095367432,6.785280545552572,False,ok
120,2024-09-10 09:30:00,2024-09-10 11:30:00,6.800000190734863,8.13725121815999,False,ok
120,2024-09-11 08:00:00,2024-09-11 10:00:00,4.5,2.8526870409647613,False,ok
120,2024-09-11 18:00:00,2024-09-11 20:00:00,12.0,5.255447228749594,False,ok
120,2024-09-12 08:00:00,2024-09-12 10:00:00,6.099999904632568,4.612921555836996,False,ok
120,2024-09-13 09:00:00,2024-09-13 11:00:00,7.199999809265137,6.540795962015788,False,ok
120,2024-09-13 20:00:00,2024-09-13 22:00:00,7.5,6.041247049967447,False,ok
120,2024-09-14 08:00:00,2024-09-14 10:00:00,4.5,5.678467671076457,False,ok
120,2024-09-14 16:30:00,2024-09-14 18:30:00,3.299999952316284,3.1228415966033936,False,ok
120,2024-09-15 08:00:00,2024-09-15 10:00:00,5.300000190734863,4.964064677556356,False,ok
120,2024-09-16 08:00:00,2024-09-16 10:00:00,6.699999809265137,5.324183066685995,False,ok
120,2024-09-16 16:00:00,2024-09-16 18:00:00,5.300000190734863,3.680885314941407,False,ok
120,2024-09-17 08:00:00,2024-09-17 10:00:00,4.900000095367432,3.7319536209106454,False,ok
120,2024-09-18 08:00:00,2024-09-18 10:00:00,6.699999809265137,6.0115329424540205,False,ok
120,2024-09-19 08:00:00,2024-09-19 10:00:00,4.699999809265137,7.124763488769531,False,ok
120,2024-09-20 08:00:00,2024-09-20 10:00:00,6.900000095367432,7.398733456929526,False,ok
120,2024-09-21 10:00:00,2024-09-21 12:00:00,5.699999809265137,4.285016059875488,False,ok
120,2024-09-22 08:00:00,2024-09-22 10:00:00,3.799999952316284,4.140135447184245,False,ok
120,2024-09-23 08:00:00,2024-09-23 10:00:00,4.900000095367432,4.190719922383627,False,ok
120,2024-09-24 08:00:00,2024-09-24 10:00:00,6.800000190734863,7.70948028564453,False,ok
120,2024-09-25 08:00:00,2024-09-25 10:00:00,9.199999809265137,9.035984992980955,False,ok
120,2024-09-26 08:00:00,2024-09-26 10:00:00,6.699999809265137,6.472430229187012,False,ok
120,2024-09-27 08:00:00,2024-09-27 10:00:00,7.599999904632568,6.656829039255777,False,ok
120,2024-09-28 02:31:00,2024-09-28 04:31:00,6.099999904632568,1.3513654470443726,False,ok
120,2024-09-28 08:00:00,2024-09-28 10:00:00,4.900000095367432,6.174053072929382,False,ok
120,2024-09-29 08:00:00,2024-09-29 10:00:00,6.199999809265137,6.163371443748474,False,ok
120,2024-09-30 08:00:00,2024-09-30 10:00:00,8.899999618530273,8.050978422164917,False,ok
120,2024-10-01 08:00:00,2024-10-01 10:00:00,7.800000190734863,7.298336863517761,False,ok
120,2024-10-02 08:00:00,2024-10-02 10:00:00,9.5,7.685689449310303,False,ok
120,2024-10-03 08:00:00,2024-10-03 10:00:00,9.399999618530272,8.294427990913391,False,ok
120,2024-10-04 08:00:00,2024-10-04 10:00:00,7.300000190734863,8.296092430750532,False,ok
120,2024-10-05 08:00:00,2024-10-05 10:00:00,10.0,9.014141758282978,False,ok
120,2024-10-06 08:00:00,2024-10-06 10:00:00,7.800000190734863,9.171466588973995,False,ok
120,2024-10-07 08:00:00,2024-10-07 10:00:00,8.0,7.915926933288575,False,ok
120,2024-10-08 08:00:00,2024-10-08 10:00:00,7.699999809265137,7.024214744567871,False,ok
120,2024-10-09 08:00:00,2024-10-09 10:00:00,9.5,7.810219764709474,False,ok
120,2024-10-10 08:00:00,2024-10-10 10:00:00,9.199999809265137,8.29035250345866,False,ok
120,2024-10-11 08:00:00,2024-10-11 10:00:00,7.800000190734863,7.369496981302897,False,ok
120,2024-10-12 08:00:00,2024-10-12 10:00:00,8.699999809265137,8.29004160563151,False,ok
120,2024-10-13 08:00:00,2024-10-13 10:00:00,8.0,8.176620165507,False,ok
120,2024-10-14 08:00:00,2024-10-14 10:00:00,9.0,9.430591742197672,False,ok
120,2024-10-15 08:00:00,2024-10-15 10:00:00,9.199999809265137,6.520328680674236,False,ok
120,2024-10-16 08:00:00,2024-10-16 10:00:00,9.699999809265137,10.54604450861613,False,ok
120,2024-10-17 08:00:00,2024-10-17 10:00:00,5.300000190734863,7.387622992197673,False,ok
120,2024-10-18 08:00:00,2024-10-18 10:00:00,12.0,8.592096487681072,False,ok
120,2024-10-18 12:00:00,2024-10-18 14:00:00,5.599999904632568,8.044289747873943,False,ok
120,2024-10-19 08:00:00,2024-10-19 10:00:00,9.699999809265137,9.705658435821531,False,ok
120,2024-10-20 08:00:00,2024-10-20 10:00:00,8.100000381469727,8.151504039764404,False,ok
120,2024-10-21 08:00:00,2024-10-21 10:00:00,7.599999904632568,6.718112945556641,False,ok
120,2024-10-22 08:00:00,2024-10-22 10:00:00,6.699999809265137,7.58104467391968,False,ok
120,2024-10-23 08:00:00,2024-10-23 10:00:00,6.0,3.8416904608408617,False,ok
120,2024-10-24 08:00:00,2024-10-24 10:00:00,9.600000381469728,8.524923165639242,False,ok
120,2024-10-25 08:00:00,2024-10-25 10:00:00,7.800000190734863,8.381234010060629,False,ok
120,2024-10-26 08:00:00,2024-10-26 10:00:00,5.400000095367432,5.7490123112996425,False,ok
120,2024-10-27 08:00:00,2024-10-27 10:00:00,9.100000381469728,9.390633424123129,False,ok
120,2024-10-28 08:00:00,2024-10-28 10:00:00,10.699999809265137,8.390643199284872,False,ok
120,2024-10-28 14:34:18,2024-10-28 16:34:18,7.400000095367432,7.880659023920696,False,ok
120,2024-10-29 08:00:00,2024-10-29 10:00:00,9.399999618530272,8.468697468439736,False,ok
120,2024-10-30 08:00:00,2024-10-30 10:00:00,11.0,10.481461127599085,False,ok
120,2024-10-31 08:00:00,2024-10-31 10:00:00,10.199999809265137,10.531450192133589,False,ok
120,2024-10-31 14:30:00,2024-10-31 16:30:00,11.600000381469728,9.057021458943684,False,ok
120,2024-10-31 21:00:00,2024-10-31 23:00:00,9.800000190734863,7.658330917358397,False,ok
120,2024-11-01 02:00:00,2024-11-01 04:00:00,8.399999618530273,7.470642089843748,False,ok
120,2024-11-01 08:00:00,2024-11-01 10:00:00,7.300000190734863,8.7363977432251,False,ok
120,2024-11-01 18:00:00,2024-11-01 20:00:00,8.399999618530273,6.619755585988363,False,ok
120,2024-11-02 08:00:00,2024-11-02 10:00:00,9.600000381469728,9.539513905843096,False,ok
120,2024-11-03 08:00:00,2024-11-03 10:00:00,9.300000190734863,8.950149218241375,False,ok
120,2024-11-04 08:00:00,2024-11-04 10:00:00,9.600000381469728,9.141574939092004,False,ok
120,2024-11-05 08:00:00,2024-11-05 10:00:00,9.600000381469728,9.25957230726878,False,ok
120,2024-11-06 08:00:00,2024-11-06 10:00:00,5.699999809265137,6.698896884918212,False,ok
120,2024-11-07 08:00:00,2024-11-07 10:00:00,7.800000190734863,8.940649509429933,False,ok
120,2024-11-08 08:00:00,2024-11-08 10:00:00,10.600000381469728,10.365734259287516,False,ok
120,2024-11-08 14:00:00,2024-11-08 16:00:00,7.300000190734863,6.88811206817627,False,ok
120,2024-11-09 08:00:00,2024-11-09 10:00:00,9.699999809265137,8.156274000803629,False,ok
120,2024-11-10 08:00:00,2024-11-10 10:00:00,13.5,11.837843100229902,False,ok
120,2024-11-12 08:00:00,2024-11-12 10:00:00,8.199999809265137,10.574747562408447,False,ok
120,2024-11-13 08:00:00,2024-11-13 10:00:00,5.699999809265137,8.200781345367432,False,ok
120,2024-11-14 08:00:00,2024-11-14 10:00:00,6.400000095367432,8.85701576868693,False,ok
120,2024-11-15 08:00:00,2024-11-15 10:00:00,8.699999809265137,8.431283354759215,False,ok
120,2024-11-16 08:00:00,2024-11-16 10:00:00,8.5,9.275120139122013,False,ok
120,2024-11-17 08:00:00,2024-11-17 10:00:00,7.199999809265137,8.454171538352968,False,ok
120,2024-11-18 08:00:00,2024-11-18 10:00:00,7.699999809265137,6.750809709231058,False,ok
120,2024-11-19 09:00:00,2024-11-19 11:00:00,5.900000095367432,9.506192962328594,False,ok
120,2024-11-20 08:00:00,2024-11-20 10:00:00,7.099999904632568,7.958411534627279,False,ok
120,2024-11-21 08:00:00,2024-11-21 10:00:00,8.5,7.776246706644693,False,ok
120,2024-11-22 08:00:00,2024-11-22 10:00:00,8.0,7.552590529123943,False,ok
120,2024-11-23 08:00:00,2024-11-23 10:00:00,7.099999904632568,8.54076878229777,False,ok
120,2024-11-24 08:00:00,2024-11-24 10:00:00,7.5,8.598187367121378,False,ok
120,2024-11-25 08:00:00,2024-11-25 10:00:00,7.199999809265137,8.06139175097148,False,ok
120,2024-11-26 08:00:00,2024-11-26 10:00:00,7.300000190734863,7.230018854141235,False,ok
120,2024-11-27 08:00:00,2024-11-27 10:00:00,8.100000381469727,4.4845871925354,False,ok
120,2024-11-28 08:00:00,2024-11-28 10:00:00,8.899999618530273,8.398114442825317,False,ok
120,2024-11-29 08:00:00,2024-11-29 10:00:00,7.800000190734863,6.410324573516846,False,ok
120,2024-11-30 08:00:00,2024-11-30 10:00:00,6.5,6.461380243301391,False,ok
120,2024-12-01 08:00:00,2024-12-01 10:00:00,6.0,8.176594972610472,False,ok
120,2024-12-02 08:00:00,2024-12-02 10:00:00,6.900000095367432,8.329495509465536,False,ok
120,2024-12-03 08:00:00,2024-12-03 10:00:00,7.0,5.98703400293986,False,ok
120,2024-12-04 08:00:00,2024-12-04 10:00:00,7.300000190734863,7.4527809619903564,False,ok
120,2024-12-05 08:00:00,2024-12-05 10:00:00,6.5,6.341800848642985,False,ok
120,2024-12-06 08:00:00,2024-12-06 10:00:00,7.900000095367432,8.052258412043255,False,ok
120,2024-12-07 08:00:00,2024-12-07 10:00:00,6.5,8.728938976923626,False,ok
120,2024-12-07 14:39:56,2024-12-07 16:39:56,9.300000190734863,6.677691459655763,False,ok
120,2024-12-08 08:00:00,2024-12-08 10:00:00,8.5,5.006976048151651,False,ok
120,2024-12-09 08:00:00,2024-12-09 10:00:00,5.0,8.63078014055888,False,ok
120,2024-12-10 08:00:00,2024-12-10 10:00:00,7.900000095367432,10.405203660329184,False,ok
120,2024-12-10 14:00:00,2024-12-10 16:00:00,7.300000190734863,11.577876885732012,False,ok
120,2024-12-11 08:00:00,2024-12-11 10:00:00,8.0,8.71943720181783,False,ok
120,2024-12-12 08:00:00,2024-12-12 10:00:00,5.300000190734863,6.060645262400309,False,ok
120,2024-12-13 08:00:00,2024-12-13 10:00:00,7.5,3.0321408510208134,False,ok
120,2024-12-14 08:00:00,2024-12-14 10:00:00,9.600000381469728,6.6997724771499625,False,ok
120,2024-12-15 08:00:00,2024-12-15 10:00:00,8.5,9.61100924015045,False,ok
120,2024-12-16 08:00:00,2024-12-16 10:00:00,6.099999904632568,3.9416328271230054,False,ok
120,2024-12-17 08:00:00,2024-12-17 10:00:00,11.300000190734863,6.4912549654642735,False,ok
120,2024-12-17 15:00:00,2024-12-17 17:00:00,7.400000095367432,5.723802725474039,False,ok
120,2024-12-18 08:00:00,2024-12-18 10:00:00,8.0,10.636444171269735,False,ok
120,2024-12-19 08:00:00,2024-12-19 10:00:00,8.5,9.714186588923136,False,ok
120,2024-12-20 08:00:00,2024-12-20 10:00:00,11.300000190734863,9.522665262222288,False,ok
120,2024-12-20 21:41:32,2024-12-20 23:41:32,13.100000381469728,8.485814094543455,False,ok
120,2024-12-22 08:00:00,2024-12-22 10:00:00,9.699999809265137,9.423417488733929,False,ok
120,2024-12-23 08:00:00,2024-12-23 10:00:00,7.099999904632568,9.724957863489784,False,ok
120,2024-12-24 08:00:00,2024-12-24 10:00:00,8.699999809265137,8.992842912673948,False,ok
120,2024-12-25 08:00:00,2024-12-25 10:00:00,8.5,8.558110237121582,False,ok
120,2024-12-26 08:00:00,2024-12-26 10:00:00,7.699999809265137,7.646747271219888,False,ok
120,2024-12-27 08:00:00,2024-12-27 10:00:00,8.300000190734863,6.839867591857909,False,ok
120,2024-12-28 08:00:00,2024-12-28 10:00:00,9.300000190734863,9.330199559529625,False,ok
120,2024-12-29 08:00:00,2024-12-29 10:00:00,8.100000381469727,8.06801875432332,False,ok
120,2024-12-30 08:00:00,2024-12-30 10:00:00,6.400000095367432,9.206394990285236,False,ok
120,2024-12-31 02:50:00,2024-12-31 04:50:00,2.0999999046325684,8.100000381469725,True,ok
120,2024-12-31 08:00:00,2024-12-31 10:00:00,2.700000047683716,3.0073863665262865,False,ok
180,2024-01-01 07:00:00,2024-01-01 10:00:00,10.800000190734863,8.752365668614704,False,ok
180,2024-01-01 19:00:00,2024-01-01 22:00:00,8.300000190734863,7.917958140373232,False,ok
180,2024-01-02 07:00:00,2024-01-02 10:00:00,9.5,8.7638099193573,False,ok
180,2024-01-03 07:00:00,2024-01-03 10:00:00,7.199999809265137,9.46739415327708,False,ok
180,2024-01-04 07:00:00,2024-01-04 10:00:00,8.899999618530273,8.300000190734863,True,ok
180,2024-01-05 07:00:00,2024-01-05 10:00:00,6.099999904632568,8.900005318224432,False,ok
180,2024-01-06 07:00:00,2024-01-06 10:00:00,6.900000095367432,11.858145691454412,False,ok
180,2024-01-07 07:00:00,2024-01-07 10:00:00,3.200000047683716,7.937992550432684,False,ok
180,2024-01-08 09:00:00,2024-01-08 12:00:00,12.600000381469728,18.713186820348103,False,ok
180,2024-01-08 11:00:00,2024-01-08 14:00:00,1.0,6.900000095367432,True,ok
180,2024-01-08 13:00:00,2024-01-08 16:00:00,2.0,0.3,False,ok
180,2024-01-09 07:00:00,2024-01-09 10:00:00,6.0,6.2143379532111185,False,ok
180,2024-01-10 07:00:00,2024-01-10 10:00:00,9.199999809265137,6.639494258444756,False,ok
180,2024-01-11 07:00:00,2024-01-11 10:00:00,4.699999809265137,6.955590089162192,False,ok
180,2024-01-12 07:00:00,2024-01-12 10:00:00,6.800000190734863,8.147236665089926,False,ok
180,2024-01-13 07:00:00,2024-01-13 10:00:00,3.5,4.983454066794366,False,ok
180,2024-01-13 20:00:00,2024-01-13 23:00:00,3.4000000953674316,6.0,True,ok
180,2024-01-14 07:00:00,2024-01-14 10:00:00,4.099999904632568,6.1035793622334795,False,ok
180,2024-01-15 07:00:00,2024-01-15 10:00:00,2.299999952316284,0.3,False,ok
180,2024-01-16 07:00:00,2024-01-16 10:00:00,6.300000190734863,7.894535541534423,False,ok
180,2024-01-16 17:30:00,2024-01-16 20:30:00,4.199999809265137,2.5319631894429526,False,ok
180,2024-01-17 07:00:00,2024-01-17 10:00:00,5.099999904632568,8.918073534965515,False,ok
180,2024-01-18 07:00:00,2024-01-18 10:00:00,5.900000095367432,5.9144150018692025,False,ok
180,2024-01-19 07:00:00,2024-01-19 10:00:00,8.199999809265137,9.043408751487732,False,ok
180,2024-01-19 20:45:00,2024-01-19 23:45:00,12.800000190734863,6.918988585472107,False,ok
180,2024-01-20 07:00:00,2024-01-20 10:00:00,7.300000190734863,10.620117545127869,False,ok
180,2024-01-20 19:00:00,2024-01-20 22:00:00,6.599999904632568,3.2921340862909956,False,ok
180,2024-01-21 07:00:00,2024-01-21 10:00:00,10.100000381469728,2.7625435590744014,False,ok
180,2024-01-21 19:00:00,2024-01-21 22:00:00,5.800000190734863,2.32267963886261,False,ok
180,2024-01-22 07:00:00,2024-01-22 10:00:00,7.0,3.470668156941732,False,ok
180,2024-01-23 07:00:00,2024-01-23 10:00:00,9.600000381469728,6.760109583536784,False,ok
180,2024-01-24 07:00:00,2024-01-24 10:00:00,8.5,7.477627197901407,False,ok
180,2024-01-25 07:00:00,2024-01-25 10:00:00,10.199999809265137,10.221375942230226,False,ok
180,2024-01-26 07:00:00,2024-01-26 10:00:00,8.899999618530273,8.808157364527382,False,ok
180,2024-01-27 07:00:00,2024-01-27 10:00:00,9.0,9.031766255696612,False,ok
180,2024-01-28 07:00:00,2024-01-28 10:00:00,9.899999618530272,8.342610319455463,False,ok
180,2024-01-29 07:00:00,2024-01-29 10:00:00,9.600000381469728,8.728327512741089,False,ok
180,2024-01-30 07:00:00,2024-01-30 10:00:00,7.599999904632568,3.752538919448853,False,ok
180,2024-01-30 11:07:00,2024-01-30 14:07:00,20.600000381469727,7.889322996139525,False,ok
180,2024-01-30 13:25:00,2024-01-30 16:25:00,4.400000095367432,13.121383428573608,False,ok
180,2024-01-30 19:30:00,2024-01-30 22:30:00,1.0,4.880138794581095,False,ok
180,2024-01-31 07:00:00,2024-01-31 10:00:00,3.299999952316284,2.8632496520876884,False,ok
180,2024-01-31 12:00:00,2024-01-31 15:00:00,2.9000000953674316,6.48531723022461,False,ok
180,2024-02-01 07:00:00,2024-02-01 10:00:00,7.300000190734863,11.70937291781108,False,ok
180,2024-02-01 19:30:00,2024-02-01 22:30:00,6.300000190734863,21.46300037701925,False,ok
180,2024-02-01 23:00:00,2024-02-02 02:00:00,19.100000381469727,3.2999999523162837,True,ok
180,2024-02-02 04:00:00,2024-02-02 07:00:00,11.600000381469728,10.432695468266806,False,ok
180,2024-02-02 07:00:00,2024-02-02 10:00:00,5.300000190734863,13.195384105046587,False,ok
180,2024-02-03 07:00:00,2024-02-03 10:00:00,7.300000190734863,7.585369586944581,False,ok
180,2024-02-04 07:00:00,2024-02-04 10:00:00,6.900000095367432,8.117965857187908,False,ok
180,2024-02-05 07:00:00,2024-02-05 10:00:00,9.300000190734863,8.471932967503863,False,ok
180,2024-02-05 15:00:00,2024-02-05 18:00:00,12.100000381469728,12.046732703844706,False,ok
180,2024-02-06 07:00:00,2024-02-06 10:00:00,9.899999618530272,6.005149841308594,False,ok
180,2024-02-07 07:00:00,2024-02-07 10:00:00,8.899999618530273,6.386411666870118,False,ok
180,2024-02-08 07:00:00,2024-02-08 10:00:00,10.699999809265137,11.357802867889404,False,ok
180,2024-02-09 07:00:00,2024-02-09 10:00:00,11.300000190734863,12.692690054575602,False,ok
180,2024-02-11 07:00:00,2024-02-11 10:00:00,7.800000190734863,6.924691836039225,False,ok
180,2024-02-12 07:00:00,2024-02-12 10:00:00,9.0,7.987070560455323,False,ok
180,2024-02-13 07:00:00,2024-02-13 10:00:00,2.5999999046325684,15.096357822418211,False,ok
180,2024-02-14 07:00:00,2024-02-14 10:00:00,8.600000381469727,5.578397274017334,False,ok
180,2024-02-15 07:00:00,2024-02-15 10:00:00,9.199999809265137,8.795064051946005,False,ok
180,2024-02-16 07:00:00,2024-02-16 10:00:00,9.600000381469728,9.783101161321005,False,ok
180,2024-02-17 07:00:00,2024-02-17 10:00:00,10.699999809265137,9.796971321105955,False,ok
180,2024-02-17 13:00:00,2024-02-17 16:00:00,7.400000095367432,7.842720031738281,False,ok
180,2024-02-18 07:00:00,2024-02-18 10:00:00,8.199999809265137,9.314868489901224,False,ok
180,2024-02-19 07:00:00,2024-02-19 10:00:00,6.800000190734863,7.737006942431132,False,ok
180,2024-02-20 07:00:00,2024-02-20 10:00:00,7.699999809265137,9.735470294952394,False,ok
180,2024-02-21 07:00:00,2024-02-21 10:00:00,7.0,8.506794929504393,False,ok
180,2024-02-22 07:00:00,2024-02-22 10:00:00,8.100000381469727,9.107011636098225,False,ok
180,2024-02-23 07:00:00,2024-02-23 10:00:00,7.800000190734863,9.139235973358156,False,ok
180,2024-02-24 09:00:00,2024-02-24 12:00:00,7.400000095367432,19.72745211919149,False,ok
180,2024-02-24 12:00:00,2024-02-24 15:00:00,13.899999618530272,7.699999809265137,True,ok
180,2024-02-25 07:00:00,2024-02-25 10:00:00,8.0,8.359323302904766,False,ok
180,2024-02-26 07:00:00,2024-02-26 10:00:00,8.300000190734863,10.191256125768026,False,ok
180,2024-02-27 07:00:00,2024-02-27 10:00:00,8.100000381469727,8.758983572324118,False,ok
180,2024-02-28 07:00:00,2024-02-28 10:00:00,8.800000190734863,8.718616207440693,False,ok
180,2024-02-29 07:00:00,2024-02-29 10:00:00,8.300000190734863,8.300000190734863,True,ok
180,2024-02-29 18:00:00,2024-02-29 21:00:00,8.399999618530273,8.300000190734863,True,ok
180,2024-03-01 03:00:00,2024-03-01 06:00:00,14.199999809265137,9.95500560601552,False,ok
180,2024-03-01 07:00:00,2024-03-01 10:00:00,9.800000190734863,10.43719764550527,False,ok
180,2024-03-02 07:00:00,2024-03-02 10:00:00,7.599999904632568,9.800065636634828,False,ok
180,2024-03-03 07:00:00,2024-03-03 10:00:00,8.899999618530273,11.05809569358826,False,ok
180,2024-03-04 07:00:00,2024-03-04 10:00:00,9.199999809265137,6.647375742594401,False,ok
180,2024-03-05 07:00:00,2024-03-05 10:00:00,7.900000095367432,9.64967362085978,False,ok
180,2024-03-06 07:00:00,2024-03-06 10:00:00,9.399999618530272,7.544528802235924,False,ok
180,2024-03-07 07:00:00,2024-03-07 10:00:00,8.5,9.476473569869995,False,ok
180,2024-03-08 07:00:00,2024-03-08 10:00:00,8.0,8.928335030873615,False,ok
180,2024-03-08 14:00:00,2024-03-08 17:00:00,10.5,9.544006824493406,False,ok
180,2024-03-09 06:30:00,2024-03-09 09:30:00,8.5,6.292856693267821,False,ok
180,2024-03-10 07:00:00,2024-03-10 10:00:00,7.400000095367432,5.999828100204468,False,ok
180,2024-03-11 07:00:00,2024-03-11 10:00:00,10.0,9.156879663467407,False,ok
180,2024-03-12 07:00:00,2024-03-12 10:00:00,7.699999809265137,8.420759677886963,False,ok
180,2024-03-13 07:00:00,2024-03-13 10:00:00,7.5,7.737907886505127,False,ok
180,2024-03-14 07:00:00,2024-03-14 10:00:00,8.399999618530273,8.047411680221558,False,ok
180,2024-03-15 07:00:00,2024-03-15 10:00:00,7.800000190734863,9.290278196334835,False,ok
180,2024-03-16 07:00:00,2024-03-16 10:00:00,3.5,8.286475539207458,False,ok
180,2024-04-23 03:30:00,2024-04-23 06:30:00,2120.0,7.699999809265137,True,ok
180,2024-04-23 06:24:00,2024-04-23 09:24:00,34.0,7.699999809265137,True,ok
180,2024-04-23 07:00:00,2024-04-23 10:00:00,107.0,7.699999809265137,True,ok
180,2024-04-23 10:21:00,2024-04-23 13:21:00,6.800000190734863,7.699999809265137,True,ok
180,2024-04-23 13:33:00,2024-04-23 16:33:00,5.0,8.399999618530275,True,ok
180,2024-04-23 23:00:00,2024-04-24 02:00:00,3.200000047683716,34.00000000000001,True,ok
180,2024-04-24 07:00:00,2024-04-24 10:00:00,3.799999952316284,6.800000190734864,True,ok
180,2024-04-24 12:00:00,2024-04-24 15:00:00,7.599999904632568,6.800000190734864,True,ok
180,2024-04-25 07:00:00,2024-04-25 10:00:00,6.800000190734863,4.999999999999999,True,ok
180,2024-04-26 07:00:00,2024-04-26 10:00:00,5.900000095367432,4.999999999999999,True,ok
180,2024-04-26 13:00:00,2024-04-26 16:00:00,6.599999904632568,4.999999999999999,True,ok
180,2024-04-26 14:00:00,2024-04-26 17:00:00,4.5,5.900000095367432,True,ok
180,2024-04-26 17:00:00,2024-04-26 20:00:00,4.300000190734863,5.900000095367432,True,ok
180,2024-04-27 07:00:00,2024-04-27 10:00:00,3.5,5.900000095367432,True,ok
180,2024-04-27 20:00:00,2024-04-27 23:00:00,6.900000095367432,4.5,True,ok
180,2024-04-28 07:00:00,2024-04-28 10:00:00,8.899999618530273,4.5,True,ok
180,2024-04-29 07:00:00,2024-04-29 10:00:00,7.5,4.5,True,ok
180,2024-04-30 07:00:00,2024-04-30 10:00:00,6.599999904632568,6.900000095367432,True,ok
180,2024-05-01 07:00:00,2024-05-01 10:00:00,6.099999904632568,6.900000095367432,True,ok
180,2024-05-02 07:00:00,2024-05-02 10:00:00,7.599999904632568,6.900000095367432,True,ok
180,2024-05-03 07:00:00,2024-05-03 10:00:00,8.600000381469727,7.499999999999999,True,ok
180,2024-05-04 00:00:00,2024-05-04 03:00:00,4.0,7.499999999999999,True,ok
180,2024-05-04 03:00:00,2024-05-04 06:00:00,2.5999999046325684,16.731388807296753,False,ok
180,2024-05-04 07:00:00,2024-05-04 10:00:00,5.5,3.3147290547688795,False,ok
180,2024-05-04 19:00:00,2024-05-04 22:00:00,8.899999618530273,4.784590681393941,False,ok
180,2024-05-05 07:00:00,2024-05-05 10:00:00,7.900000095367432,5.35476303100586,False,ok
180,2024-05-06 07:00:00,2024-05-06 10:00:00,7.5,6.170440117518108,False,ok
180,2024-05-07 07:00:00,2024-05-07 10:00:00,6.0,6.60176452000936,False,ok
180,2024-05-08 07:00:00,2024-05-08 10:00:00,8.300000190734863,7.921094934145609,False,ok
180,2024-05-09 07:00:00,2024-05-09 10:00:00,7.599999904632568,7.96930201848348,False,ok
180,2024-05-10 07:00:00,2024-05-10 10:00:00,7.0,6.639134724934896,False,ok
180,2024-05-11 07:00:00,2024-05-11 10:00:00,8.699999809265137,7.79825786749522,False,ok
180,2024-05-12 07:00:00,2024-05-12 10:00:00,7.099999904632568,6.516413052876792,False,ok
180,2024-05-13 07:00:00,2024-05-13 10:00:00,8.600000381469727,7.8734296162923165,False,ok
180,2024-05-13 11:02:00,2024-05-13 14:02:00,5.699999809265137,4.941262086232503,False,ok
180,2024-05-14 07:00:00,2024-05-14 10:00:00,7.400000095367432,6.736062606175741,False,ok
180,2024-05-15 07:00:00,2024-05-15 10:00:00,6.900000095367432,8.727001746495564,False,ok
180,2024-05-16 07:00:00,2024-05-16 10:00:00,7.199999809265137,5.809586564699809,False,ok
180,2024-05-17 07:00:00,2024-05-17 10:00:00,6.5,10.170491059621174,False,ok
180,2024-05-18 07:00:00,2024-05-18 10:00:00,7.599999904632568,7.374475042025248,False,ok
180,2024-05-19 07:00:00,2024-05-19 10:00:00,8.899999618530273,5.439352869987488,False,ok
180,2024-05-20 06:20:00,2024-05-20 09:20:00,6.699999809265137,5.98283056418101,False,ok
180,2024-05-20 14:00:00,2024-05-20 17:00:00,6.900000095367432,9.00263742605845,False,ok
180,2024-05-20 19:00:00,2024-05-20 22:00:00,7.0,5.1580682198206596,False,ok
180,2024-05-21 07:00:00,2024-05-21 10:00:00,5.800000190734863,6.855297962824504,False,ok
180,2024-05-22 07:00:00,2024-05-22 10:00:00,7.900000095367432,7.474618832270304,False,ok
180,2024-05-23 07:00:00,2024-05-23 10:00:00,8.600000381469727,7.44506827990214,False,ok
180,2024-05-24 07:00:00,2024-05-24 10:00:00,6.300000190734863,7.7581242720286046,False,ok
180,2024-05-25 07:00:00,2024-05-25 10:00:00,7.0,6.395198424657186,False,ok
180,2024-05-26 07:00:00,2024-05-26 10:00:00,8.5,10.176688750584916,False,ok
180,2024-05-27 07:00:00,2024-05-27 10:00:00,5.0,9.167624553044634,False,ok
180,2024-05-28 07:00:00,2024-05-28 10:00:00,5.900000095367432,6.532192150751748,False,ok
180,2024-05-29 07:00:00,2024-05-29 10:00:00,6.099999904632568,5.230123400688171,False,ok
180,2024-05-30 07:00:00,2024-05-30 10:00:00,6.300000190734863,5.063034892082214,False,ok
180,2024-05-31 07:00:00,2024-05-31 10:00:00,8.5,7.479581316312156,False,ok
180,2024-06-01 07:00:00,2024-06-01 10:00:00,7.800000190734863,5.808231631914774,False,ok
180,2024-06-02 07:00:00,2024-06-02 10:00:00,6.300000190734863,6.300000190734864,True,ok
180,2024-06-03 07:00:00,2024-06-03 10:00:00,9.600000381469728,6.300000190734864,True,ok
180,2024-06-04 07:00:00,2024-06-04 10:00:00,5.900000095367432,5.5020473798116045,False,ok
180,2024-06-05 07:00:00,2024-06-05 10:00:00,9.699999809265137,7.351468880971272,False,ok
180,2024-06-06 07:00:00,2024-06-06 10:00:00,8.399999618530273,7.6459730466206866,False,ok
180,2024-06-07 05:20:00,2024-06-07 08:20:00,9.699999809265137,8.749466419219969,False,ok
180,2024-06-08 07:00:00,2024-06-08 10:00:00,9.5,8.003300984700521,False,ok
180,2024-06-09 07:00:00,2024-06-09 10:00:00,9.100000381469728,9.770200093587238,False,ok
180,2024-06-10 07:00:00,2024-06-10 10:00:00,8.300000190734863,9.17237869898478,False,ok
180,2024-06-11 07:00:00,2024-06-11 10:00:00,8.5,8.423034826914469,False,ok
180,2024-06-12 07:00:00,2024-06-12 10:00:00,9.800000190734863,7.938078085581461,False,ok
180,2024-06-13 07:00:00,2024-06-13 10:00:00,8.800000190734863,8.645353237787882,False,ok
180,2024-06-14 07:00:00,2024-06-14 10:00:00,8.800000190734863,8.680663029352823,False,ok
180,2024-06-15 07:00:00,2024-06-15 10:00:00,9.300000190734863,8.829228321711222,False,ok
180,2024-06-16 07:00:00,2024-06-16 10:00:00,9.5,9.191896915435793,False,ok
180,2024-06-17 07:00:00,2024-06-17 10:00:00,8.800000190734863,9.222498734792076,False,ok
180,2024-06-18 07:00:00,2024-06-18 10:00:00,9.5,10.874668916066486,False,ok
180,2024-06-19 07:00:00,2024-06-19 10:00:00,9.399999618530272,9.15729316075643,False,ok
180,2024-06-20 07:00:00,2024-06-20 10:00:00,8.899999618530273,9.701657851537073,False,ok
180,2024-06-21 06:30:00,2024-06-21 09:30:00,6.800000190734863,9.03480108579,False,ok
180,2024-06-22 07:00:00,2024-06-22 10:00:00,7.699999809265137,9.038313547770183,False,ok
180,2024-06-23 07:00:00,2024-06-23 10:00:00,9.100000381469728,7.767171462376914,False,ok
180,2024-06-24 07:00:00,2024-06-24 10:00:00,8.699999809265137,9.02911146481832,False,ok
180,2024-06-25 09:00:00,2024-06-25 12:00:00,7.599999904632568,9.371647437413534,False,ok
180,2024-06-26 07:00:00,2024-06-26 10:00:00,8.899999618530273,9.643963575363156,False,ok
180,2024-06-27 07:00:00,2024-06-27 10:00:00,9.399999618530272,8.834566434224445,False,ok
180,2024-06-28 07:00:00,2024-06-28 10:00:00,9.300000190734863,8.777237653732302,False,ok
180,2024-06-29 07:00:00,2024-06-29 10:00:00,8.300000190734863,7.798463185628255,False,ok
180,2024-06-30 07:00:00,2024-06-30 10:00:00,8.800000190734863,8.355379184087116,False,ok
180,2024-07-01 07:00:00,2024-07-01 10:00:00,8.5,8.696359078089396,False,ok
180,2024-07-02 07:00:00,2024-07-02 10:00:00,9.699999809265137,8.797578573226929,False,ok
180,2024-07-03 07:00:00,2024-07-03 10:00:00,9.300000190734863,10.863314072291056,False,ok
180,2024-07-04 07:00:00,2024-07-04 10:00:00,10.100000381469728,8.333821694056194,False,ok
180,2024-07-05 07:00:00,2024-07-05 10:00:00,10.100000381469728,5.916251103083291,False,ok
180,2024-07-06 07:00:00,2024-07-06 10:00:00,8.899999618530273,9.726632515589396,False,ok
180,2024-07-07 07:00:00,2024-07-07 10:00:00,8.800000190734863,7.784293572107949,False,ok
180,2024-07-08 07:00:00,2024-07-08 10:00:00,7.5,8.638048569361368,False,ok
180,2024-07-09 07:00:00,2024-07-09 10:00:00,9.399999618530272,8.689263661702471,False,ok
180,2024-07-10 07:00:00,2024-07-10 10:00:00,9.300000190734863,7.929364681243896,False,ok
180,2024-07-11 07:00:00,2024-07-11 10:00:00,10.800000190734863,8.786185026168823,False,ok
180,2024-07-11 13:00:00,2024-07-11 16:00:00,7.099999904632568,6.41413426399231,False,ok
180,2024-07-12 07:00:00,2024-07-12 10:00:00,6.5,8.233125766118366,False,ok
180,2024-07-13 07:00:00,2024-07-13 10:00:00,8.5,8.74507649739583,False,ok
180,2024-07-14 07:00:00,2024-07-14 10:00:00,7.099999904632568,7.40747292836507,False,ok
180,2024-07-15 07:00:00,2024-07-15 10:00:00,6.800000190734863,9.08153184254964,False,ok
180,2024-07-16 07:00:00,2024-07-16 10:00:00,6.199999809265137,9.830931027730308,False,ok
180,2024-07-17 07:00:00,2024-07-17 10:00:00,8.800000190734863,10.563092708587645,False,ok
180,2024-07-18 07:00:00,2024-07-18 10:00:00,6.699999809265137,8.892767429351807,False,ok
180,2024-07-19 07:00:00,2024-07-19 10:00:00,8.600000381469727,7.18679658571879,False,ok
180,2024-07-20 07:00:00,2024-07-20 10:00:00,10.399999618530272,7.873535553614301,False,ok
180,2024-07-21 07:00:00,2024-07-21 10:00:00,7.900000095367432,7.161247650782267,False,ok
180,2024-07-22 07:00:00,2024-07-22 10:00:00,8.800000190734863,6.535903692245483,False,ok
180,2024-07-23 07:00:00,2024-07-23 10:00:00,8.0,7.269270261128743,False,ok
180,2024-07-24 07:00:00,2024-07-24 10:00:00,6.599999904632568,8.547323385874432,False,ok
180,2024-07-25 07:00:00,2024-07-25 10:00:00,7.5,8.457296530405682,False,ok
180,2024-07-26 07:00:00,2024-07-26 10:00:00,8.399999618530273,7.366729140281676,False,ok
180,2024-07-27 07:00:00,2024-07-27 10:00:00,9.300000190734863,8.127258459726967,False,ok
180,2024-07-28 07:00:00,2024-07-28 10:00:00,6.599999904632568,8.736103216807045,False,ok
180,2024-07-29 07:00:00,2024-07-29 10:00:00,7.0,8.077038923899332,False,ok
180,2024-07-30 07:00:00,2024-07-30 10:00:00,8.199999809265137,7.842789252599078,False,ok
180,2024-07-31 06:00:00,2024-07-31 09:00:00,8.100000381469727,7.671886046727497,False,ok
180,2024-08-01 07:00:00,2024-08-01 10:00:00,7.400000095367432,8.401264746983845,False,ok
180,2024-08-02 07:00:00,2024-08-02 10:00:00,7.400000095367432,7.098900397618612,False,ok
180,2024-08-03 07:00:00,2024-08-03 10:00:00,10.100000381469728,8.318165302276611,False,ok
180,2024-08-03 20:00:00,2024-08-03 23:00:00,8.399999618530273,7.459716876347859,False,ok
180,2024-08-04 07:00:00,2024-08-04 10:00:00,10.100000381469728,7.61001976331075,False,ok
180,2024-08-05 07:00:00,2024-08-05 10:00:00,7.400000095367432,8.482634544372557,False,ok
180,2024-08-06 07:00:00,2024-08-06 10:00:00,7.0,8.912945747375488,False,ok
180,2024-08-07 07:00:00,2024-08-07 10:00:00,8.0,8.23009395599365,False,ok
180,2024-08-08 07:00:00,2024-08-08 10:00:00,9.699999809265137,8.986799240112305,False,ok
180,2024-08-09 07:00:00,2024-08-09 10:00:00,7.699999809265137,8.548941413561503,False,ok
180,2024-08-10 07:00:00,2024-08-10 10:00:00,6.199999809265137,6.7318250735600795,False,ok
180,2024-08-11 07:00:00,2024-08-11 10:00:00,8.0,9.158579548199972,False,ok
180,2024-08-12 07:00:00,2024-08-12 10:00:00,7.400000095367432,6.164888580640158,False,ok
180,2024-08-13 07:00:00,2024-08-13 10:00:00,8.0,7.393268545468649,False,ok
180,2024-08-14 07:00:00,2024-08-14 10:00:00,7.400000095367432,8.00936790307363,False,ok
180,2024-08-15 07:00:00,2024-08-15 10:00:00,9.0,7.461585442225138,False,ok
180,2024-08-16 07:00:00,2024-08-16 10:00:00,8.100000381469727,7.684242645899456,False,ok
180,2024-08-17 07:00:00,2024-08-17 10:00:00,6.699999809265137,8.087459961573284,False,ok
180,2024-08-18 07:00:00,2024-08-18 10:00:00,6.699999809265137,9.000816861788433,False,ok
180,2024-08-19 07:00:00,2024-08-19 10:00:00,8.5,7.936019817988076,False,ok
180,2024-08-20 07:00:00,2024-08-20 10:00:00,8.699999809265137,8.188961545626322,False,ok
180,2024-08-21 07:00:00,2024-08-21 10:00:00,6.800000190734863,6.697790900866191,False,ok
180,2024-08-22 07:00:00,2024-08-22 10:00:00,9.0,5.089405099550883,False,ok
180,2024-08-23 07:00:00,2024-08-23 10:00:00,6.5,6.057862083117167,False,ok
180,2024-08-24 07:00:00,2024-08-24 10:00:00,8.300000190734863,7.840314189592997,False,ok
180,2024-08-25 07:00:00,2024-08-25 10:00:00,7.5,6.291976928710938,False,ok
180,2024-08-26 07:00:00,2024-08-26 10:00:00,6.099999904632568,7.394562244415283,False,ok
180,2024-08-27 07:00:00,2024-08-27 10:00:00,17.299999237060547,8.260798931121828,False,ok
180,2024-08-27 11:00:00,2024-08-27 14:00:00,8.0,8.542202472686768,False,ok
180,2024-08-28 07:00:00,2024-08-28 10:00:00,6.900000095367432,9.243485808372498,False,ok
180,2024-08-29 06:30:00,2024-08-29 09:30:00,7.0,6.9965609312057495,False,ok
180,2024-08-30 07:00:00,2024-08-30 10:00:00,5.800000190734863,9.566476225852966,False,ok
180,2024-08-31 07:00:00,2024-08-31 10:00:00,7.0,8.132106184959413,False,ok
180,2024-09-01 01:00:00,2024-09-01 04:00:00,7.099999904632568,9.715527097384133,False,ok
180,2024-09-02 21:00:00,2024-09-03 00:00:00,5.900000095367432,6.999999999999999,True,ok
180,2024-09-03 07:00:00,2024-09-03 10:00:00,5.0,6.586826165517172,False,ok
180,2024-09-04 07:00:00,2024-09-04 10:00:00,12.100000381469728,11.590798219045002,False,ok
180,2024-09-05 07:00:00,2024-09-05 10:00:00,6.099999904632568,8.459782203038532,False,ok
180,2024-09-06 07:00:00,2024-09-06 10:00:00,4.0,4.7962768872578945,False,ok
180,2024-09-06 21:00:00,2024-09-07 00:00:00,19.5,6.089909076690674,False,ok
180,2024-09-06 23:00:00,2024-09-07 02:00:00,7.599999904632568,5.900000095367432,True,ok
180,2024-09-07 07:00:00,2024-09-07 10:00:00,7.199999809265137,7.393726229667664,False,ok
180,2024-09-08 07:00:00,2024-09-08 10:00:00,7.5,6.973150332768758,False,ok
180,2024-09-09 07:00:00,2024-09-09 10:00:00,6.900000095367432,4.995370229085287,False,ok
180,2024-09-10 08:30:00,2024-09-10 11:30:00,6.800000190734863,9.931982358296713,False,ok
180,2024-09-11 07:00:00,2024-09-11 10:00:00,4.5,5.852862040201822,False,ok
180,2024-09-11 17:00:00,2024-09-11 20:00:00,12.0,4.678650220235189,False,ok
180,2024-09-12 07:00:00,2024-09-12 10:00:00,6.099999904632568,5.082708676656089,False,ok
180,2024-09-13 08:00:00,2024-09-13 11:00:00,7.199999809265137,6.323972860972086,False,ok
180,2024-09-13 19:00:00,2024-09-13 22:00:00,7.5,8.760113398234049,False,ok
180,2024-09-14 07:00:00,2024-09-14 10:00:00,4.5,4.63851777712504,False,ok
180,2024-09-14 15:30:00,2024-09-14 18:30:00,3.299999952316284,3.4036118984222408,False,ok
180,2024-09-15 07:00:00,2024-09-15 10:00:00,5.300000190734863,4.039353926976522,False,ok
180,2024-09-16 07:00:00,2024-09-16 10:00:00,6.699999809265137,4.079276641209921,False,ok
180,2024-09-16 15:00:00,2024-09-16 18:00:00,5.300000190734863,7.186997413635254,False,ok
180,2024-09-17 07:00:00,2024-09-17 10:00:00,4.900000095367432,5.069775581359863,False,ok
180,2024-09-18 07:00:00,2024-09-18 10:00:00,6.699999809265137,8.178012530008953,False,ok
180,2024-09-19 07:00:00,2024-09-19 10:00:00,4.699999809265137,6.241252899169922,False,ok
180,2024-09-20 07:00:00,2024-09-20 10:00:00,6.900000095367432,7.834385236104329,False,ok
180,2024-09-21 09:00:00,2024-09-21 12:00:00,5.699999809265137,6.591452598571777,False,ok
180,2024-09-22 07:00:00,2024-09-22 10:00:00,3.799999952316284,2.3774620691935224,False,ok
180,2024-09-23 07:00:00,2024-09-23 10:00:00,4.900000095367432,2.470823129018148,False,ok
180,2024-09-24 07:00:00,2024-09-24 10:00:00,6.800000190734863,7.777820587158204,False,ok
180,2024-09-25 07:00:00,2024-09-25 10:00:00,9.199999809265137,8.409592628479004,False,ok
180,2024-09-26 07:00:00,2024-09-26 10:00:00,6.699999809265137,7.792654037475588,False,ok
180,2024-09-27 07:00:00,2024-09-27 10:00:00,7.599999904632568,6.667896429697673,False,ok
180,2024-09-28 01:31:00,2024-09-28 04:31:00,6.099999904632568,1.3513654470443726,False,ok
180,2024-09-28 07:00:00,2024-09-28 10:00:00,4.900000095367432,9.547874331474306,False,ok
180,2024-09-29 07:00:00,2024-09-29 10:00:00,6.199999809265137,6.577107310295104,False,ok
180,2024-09-30 07:00:00,2024-09-30 10:00:00,8.899999618530273,8.724233388900755,False,ok
180,2024-10-01 07:00:00,2024-10-01 10:00:00,7.800000190734863,6.671181559562683,False,ok
180,2024-10-02 07:00:00,2024-10-02 10:00:00,9.5,6.608496189117432,False,ok
180,2024-10-03 07:00:00,2024-10-03 10:00:00,9.399999618530272,5.715613961219787,False,ok
180,2024-10-04 07:00:00,2024-10-04 10:00:00,7.300000190734863,7.5300783316294355,False,ok
180,2024-10-05 07:00:00,2024-10-05 10:00:00,10.0,8.667070110638935,False,ok
180,2024-10-06 07:00:00,2024-10-06 10:00:00,7.800000190734863,8.906244993209839,False,ok
180,2024-10-07 07:00:00,2024-10-07 10:00:00,8.0,7.846841812133789,False,ok
180,2024-10-08 07:00:00,2024-10-08 10:00:00,7.699999809265137,7.963575363159179,False,ok
180,2024-10-09 07:00:00,2024-10-09 10:00:00,9.5,7.868820190429688,False,ok
180,2024-10-10 07:00:00,2024-10-10 10:00:00,9.199999809265137,8.786786715189617,False,ok
180,2024-10-11 07:00:00,2024-10-11 10:00:00,7.800000190734863,8.43760363260905,False,ok
180,2024-10-12 07:00:00,2024-10-12 10:00:00,8.699999809265137,7.727286020914716,False,ok
180,2024-10-13 07:00:00,2024-10-13 10:00:00,8.0,8.050781885782877,False,ok
180,2024-10-14 07:00:00,2024-10-14 10:00:00,9.0,8.682126204172773,False,ok
180,2024-10-15 07:00:00,2024-10-15 10:00:00,9.199999809265137,6.899845759073894,False,ok
180,2024-10-16 07:00:00,2024-10-16 10:00:00,9.699999809265137,8.344134489695232,False,ok
180,2024-10-17 07:00:00,2024-10-17 10:00:00,5.300000190734863,11.32731835047404,False,ok
180,2024-10-18 07:00:00,2024-10-18 10:00:00,12.0,6.49033800760905,False,ok
180,2024-10-18 11:00:00,2024-10-18 14:00:00,5.599999904632568,7.465963522593179,False,ok
180,2024-10-19 07:00:00,2024-10-19 10:00:00,9.699999809265137,9.97727346420288,False,ok
180,2024-10-20 07:00:00,2024-10-20 10:00:00,8.100000381469727,5.389578819274902,False,ok
180,2024-10-21 07:00:00,2024-10-21 10:00:00,7.599999904632568,8.536992073059084,False,ok
180,2024-10-22 07:00:00,2024-10-22 10:00:00,6.699999809265137,8.716332912445067,False,ok
180,2024-10-23 07:00:00,2024-10-23 10:00:00,6.0,6.727670590082804,False,ok
180,2024-10-24 07:00:00,2024-10-24 10:00:00,9.600000381469728,8.044767220815023,False,ok
180,2024-10-25 07:00:00,2024-10-25 10:00:00,7.800000190734863,9.761433442433676,False,ok
180,2024-10-26 07:00:00,2024-10-26 10:00:00,5.400000095367432,9.68590052922567,False,ok
180,2024-10-27 07:00:00,2024-10-27 10:00:00,9.100000381469728,8.939722855885824,False,ok
180,2024-10-28 07:00:00,2024-10-28 10:00:00,10.699999809265137,9.349175532658895,False,ok
180,2024-10-28 13:34:18,2024-10-28 16:34:18,7.400000095367432,7.721524318059286,False,ok
180,2024-10-29 07:00:00,2024-10-29 10:00:00,9.399999618530272,8.1158074537913,False,ok
180,2024-10-30 07:00:00,2024-10-30 10:00:00,11.0,9.65060575803121,False,ok
180,2024-10-31 07:00:00,2024-10-31 10:00:00,10.199999809265137,8.040976444880169,False,ok
180,2024-10-31 13:30:00,2024-10-31 16:30:00,11.600000381469728,9.388368527094524,False,ok
180,2024-10-31 20:00:00,2024-10-31 23:00:00,9.800000190734863,8.079665978749595,False,ok
180,2024-11-01 01:00:00,2024-11-01 04:00:00,8.399999618530273,8.683395385742188,False,ok
180,2024-11-01 07:00:00,2024-11-01 10:00:00,7.300000190734863,7.218280633290609,False,ok
180,2024-11-01 17:00:00,2024-11-01 20:00:00,8.399999618530273,6.062692483266195,False,ok
180,2024-11-02 07:00:00,2024-11-02 10:00:00,9.600000381469728,8.72848399480184,False,ok
180,2024-11-03 07:00:00,2024-11-03 10:00:00,9.300000190734863,9.5879856745402,False,ok
180,2024-11-04 07:00:00,2024-11-04 10:00:00,9.600000381469728,8.957642634709677,False,ok
180,2024-11-05 07:00:00,2024-11-05 10:00:00,9.600000381469728,7.838362495104472,False,ok
180,2024-11-06 07:00:00,2024-11-06 10:00:00,5.699999809265137,7.010948657989502,False,ok
180,2024-11-07 07:00:00,2024-11-07 10:00:00,7.800000190734863,9.007375240325926,False,ok
180,2024-11-08 07:00:00,2024-11-08 10:00:00,10.600000381469728,9.36883846918742,False,ok
180,2024-11-08 13:00:00,2024-11-08 16:00:00,7.300000190734863,7.146385351816813,False,ok
180,2024-11-09 07:00:00,2024-11-09 10:00:00,9.699999809265137,10.36837689081828,False,ok
180,2024-11-10 07:00:00,2024-11-10 10:00:00,13.5,12.116993109385174,False,ok
180,2024-11-12 07:00:00,2024-11-12 10:00:00,8.199999809265137,11.285829067230225,False,ok
180,2024-11-13 07:00:00,2024-11-13 10:00:00,5.699999809265137,9.984214305877687,False,ok
180,2024-11-14 07:00:00,2024-11-14 10:00:00,6.400000095367432,9.11794869105021,False,ok
180,2024-11-15 07:00:00,2024-11-15 10:00:00,8.699999809265137,10.976971030235292,False,ok
180,2024-11-16 07:00:00,2024-11-16 10:00:00,8.5,9.36972749233246,False,ok
180,2024-11-17 07:00:00,2024-11-17 10:00:00,7.199999809265137,10.273075461387634,False,ok
180,2024-11-18 07:00:00,2024-11-18 10:00:00,7.699999809265137,9.010273019472756,False,ok
180,2024-11-19 08:00:00,2024-11-19 11:00:00,5.900000095367432,10.154063979784649,False,ok
180,2024-11-20 07:00:00,2024-11-20 10:00:00,7.099999904632568,8.889389355977375,False,ok
180,2024-11-21 07:00:00,2024-11-21 10:00:00,8.5,8.523187319437664,False,ok
180,2024-11-22 07:00:00,2024-11-22 10:00:00,8.0,8.585325400034588,False,ok
180,2024-11-23 07:00:00,2024-11-23 10:00:00,7.099999904632568,7.358252684275309,False,ok
180,2024-11-24 07:00:00,2024-11-24 10:00:00,7.5,6.902034680048625,False,ok
180,2024-11-25 07:00:00,2024-11-25 10:00:00,7.199999809265137,8.216157833735151,False,ok
180,2024-11-26 07:00:00,2024-11-26 10:00:00,7.300000190734863,8.320755243301393,False,ok
180,2024-11-27 07:00:00,2024-11-27 10:00:00,8.100000381469727,8.281184673309328,False,ok
180,2024-11-28 07:00:00,2024-11-28 10:00:00,8.899999618530273,8.290537118911745,False,ok
180,2024-11-29 07:00:00,2024-11-29 10:00:00,7.800000190734863,8.595506191253664,False,ok
180,2024-11-30 07:00:00,2024-11-30 10:00:00,6.5,5.845669031143189,False,ok
180,2024-12-01 07:00:00,2024-12-01 10:00:00,6.0,8.523643732070923,False,ok
180,2024-12-02 07:00:00,2024-12-02 10:00:00,6.900000095367432,7.655036052068074,False,ok
180,2024-12-03 07:00:00,2024-12-03 10:00:00,7.0,6.022300879160564,False,ok
180,2024-12-04 07:00:00,2024-12-04 10:00:00,7.300000190734863,6.87628960609436,False,ok
180,2024-12-05 07:00:00,2024-12-05 10:00:00,6.5,7.548379103342691,False,ok
180,2024-12-06 07:00:00,2024-12-06 10:00:00,7.900000095367432,8.835427204767864,False,ok
180,2024-12-07 07:00:00,2024-12-07 10:00:00,6.5,5.084327618281046,False,ok
180,2024-12-07 13:39:56,2024-12-07 16:39:56,9.300000190734863,13.594796101252236,False,ok
180,2024-12-08 07:00:00,2024-12-08 10:00:00,8.5,9.619086186091108,False,ok
180,2024-12-09 07:00:00,2024-12-09 10:00:00,5.0,4.29245940844218,False,ok
180,2024-12-10 07:00:00,2024-12-10 10:00:00,7.900000095367432,8.754915078481035,False,ok
180,2024-12-10 13:00:00,2024-12-10 16:00:00,7.300000190734863,7.3388565381368,False,ok
180,2024-12-11 07:00:00,2024-12-11 10:00:00,8.0,6.86276110013326,False,ok
180,2024-12-12 07:00:00,2024-12-12 10:00:00,5.300000190734863,6.838988463083902,False,ok
180,2024-12-13 07:00:00,2024-12-13 10:00:00,7.5,7.861830353736877,False,ok
180,2024-12-14 07:00:00,2024-12-14 10:00:00,9.600000381469728,5.879773736000062,False,ok
180,2024-12-15 07:00:00,2024-12-15 10:00:00,8.5,5.96896517276764,False,ok
180,2024-12-16 07:00:00,2024-12-16 10:00:00,6.099999904632568,6.1141358216603585,False,ok
180,2024-12-17 07:00:00,2024-12-17 10:00:00,11.300000190734863,5.709695974985758,False,ok
180,2024-12-17 14:00:00,2024-12-17 17:00:00,7.400000095367432,6.123369375864664,False,ok
180,2024-12-18 07:00:00,2024-12-18 10:00:00,8.0,5.831071933110555,False,ok
180,2024-12-19 07:00:00,2024-12-19 10:00:00,8.5,10.76586906115214,False,ok
180,2024-12-20 07:00:00,2024-12-20 10:00:00,11.300000190734863,8.95551800727844,False,ok
180,2024-12-20 20:41:32,2024-12-20 23:41:32,13.100000381469728,11.315782546997069,False,ok
180,2024-12-22 07:00:00,2024-12-22 10:00:00,9.699999809265137,8.240271965662638,False,ok
180,2024-12-23 07:00:00,2024-12-23 10:00:00,7.099999904632568,5.831904331843057,False,ok
180,2024-12-24 07:00:00,2024-12-24 10:00:00,8.699999809265137,8.838181734085083,False,ok
180,2024-12-25 07:00:00,2024-12-25 10:00:00,8.5,8.917632102966307,False,ok
180,2024-12-26 07:00:00,2024-12-26 10:00:00,7.699999809265137,8.702002684275309,False,ok
180,2024-12-27 07:00:00,2024-12-27 10:00:00,8.300000190734863,9.484109878540036,False,ok
180,2024-12-28 07:00:00,2024-12-28 10:00:00,9.300000190734863,8.923473676045734,False,ok
180,2024-12-29 07:00:00,2024-12-29 10:00:00,8.100000381469727,7.132626851399739,False,ok
180,2024-12-30 07:00:00,2024-12-30 10:00:00,6.400000095367432,8.83160384496053,False,ok
180,2024-12-31 01:50:00,2024-12-31 04:50:00,2.0999999046325684,14.000973383585611,False,ok
180,2024-12-31 07:00:00,2024-12-31 10:00:00,2.700000047683716,7.434152762095135,False,ok
0,2025-01-01 10:00:00,2025-01-01 10:00:00,3.5,2.7041038672129316,False,ok
0,2025-01-02 10:00:00,2025-01-02 10:00:00,7.099999904632568,7.864888111750285,False,ok
0,2025-01-03 10:00:00,2025-01-03 10:00:00,7.699999809265137,7.385775725046794,False,ok
0,2025-01-04 10:00:00,2025-01-04 10:00:00,5.400000095367432,4.6590010325113935,False,ok
0,2025-01-05 10:00:00,2025-01-05 10:00:00,5.300000190734863,4.8495294253031425,False,ok
0,2025-01-06 10:00:00,2025-01-06 10:00:00,4.800000190734863,4.874715963999431,False,ok
0,2025-01-07 10:00:00,2025-01-07 10:00:00,5.099999904632568,4.916140238444011,False,ok
0,2025-01-08 10:00:00,2025-01-08 10:00:00,3.5999999046325684,4.830461819966635,False,ok
0,2025-01-09 10:00:00,2025-01-09 10:00:00,3.900000095367432,4.15759833653768,False,ok
0,2025-01-10 10:00:00,2025-01-10 10:00:00,3.5,4.363942464192709,False,ok
0,2025-01-11 10:00:00,2025-01-11 10:00:00,3.5999999046325684,4.60985024770101,False,ok
0,2025-01-12 10:00:00,2025-01-12 10:00:00,4.199999809265137,4.684473514556885,False,ok
0,2025-01-13 10:00:00,2025-01-13 10:00:00,6.0,5.4674876530965175,False,ok
0,2025-01-14 10:00:00,2025-01-14 10:00:00,1.600000023841858,3.900000095367432,True,ok
0,2025-01-15 10:00:00,2025-01-15 10:00:00,1.899999976158142,3.599999904632569,True,ok
0,2025-01-16 10:00:00,2025-01-16 10:00:00,7.099999904632568,5.628759860992431,False,ok
0,2025-01-17 10:00:00,2025-01-17 10:00:00,8.199999809265137,5.599653244018555,False,ok
0,2025-01-18 10:00:00,2025-01-18 10:00:00,7.599999904632568,6.968645095825194,False,ok
0,2025-01-19 10:00:00,2025-01-19 10:00:00,6.900000095367432,7.548658688863117,False,ok
0,2025-01-20 10:00:00,2025-01-20 10:00:00,10.600000381469728,8.996942838033041,False,ok
0,2025-01-21 10:00:00,2025-01-21 10:00:00,8.300000190734863,10.274627010027569,False,ok
0,2025-01-22 10:00:00,2025-01-22 10:00:00,6.099999904632568,7.741350452105205,False,ok
0,2025-01-23 10:00:00,2025-01-23 10:00:00,6.099999904632568,7.4366906086603795,False,ok
0,2025-01-23 22:00:00,2025-01-23 22:00:00,5.900000095367432,8.43029999732971,False,ok
0,2025-01-24 10:00:00,2025-01-24 10:00:00,6.699999809265137,8.221919695536293,False,ok
0,2025-01-25 10:00:00,2025-01-25 10:00:00,7.5,8.66376288731893,False,ok
0,2025-01-26 10:00:00,2025-01-26 10:00:00,8.899999618530273,7.0359947681427,False,ok
0,2025-01-27 10:00:00,2025-01-27 10:00:00,6.0,1.319115161895752,False,ok
0,2025-01-28 10:00:00,2025-01-28 10:00:00,7.900000095367432,7.652468919754027,False,ok
0,2025-01-29 10:00:00,2025-01-29 10:00:00,6.199999809265137,7.413522005081178,False,ok
0,2025-01-30 10:00:00,2025-01-30 10:00:00,5.900000095367432,7.135069211324056,False,ok
0,2025-01-31 10:00:00,2025-01-31 10:00:00,7.400000095367432,7.333500703175862,False,ok
0,2025-02-01 10:00:00,2025-02-01 10:00:00,9.600000381469728,8.275616645812988,False,ok
0,2025-02-02 10:00:00,2025-02-02 10:00:00,10.5,5.19685697555542,False,ok
0,2025-02-03 04:48:22,2025-02-03 04:48:22,10.699999809265137,7.400000095367432,True,ok
0,2025-02-03 10:00:00,2025-02-03 10:00:00,8.5,9.064966837565104,False,ok
0,2025-02-04 10:00:00,2025-02-04 10:00:00,7.099999904632568,0.3,False,ok
0,2025-02-05 10:00:00,2025-02-05 10:00:00,7.400000095367432,7.226607958475747,False,ok
0,2025-02-07 10:00:00,2025-02-07 10:00:00,8.300000190734863,6.700926462809244,False,ok
0,2025-02-08 10:00:00,2025-02-08 10:00:00,8.100000381469727,7.372142473856608,False,ok
0,2025-02-09 10:00:00,2025-02-09 10:00:00,9.899999618530272,8.6319629351298,False,ok
0,2025-02-10 10:00:00,2025-02-10 10:00:00,9.5,10.070099194844564,False,ok
0,2025-02-11 10:00:00,2025-02-11 10:00:00,6.800000190734863,9.70187505086263,False,ok
0,2025-02-12 10:00:00,2025-02-12 10:00:00,9.600000381469728,10.093036810557049,False,ok
0,2025-02-13 10:00:00,2025-02-13 10:00:00,11.600000381469728,8.655208428700767,False,ok
0,2025-02-13 16:46:39,2025-02-13 16:46:39,8.899999618530273,6.886707782745361,False,ok
0,2025-02-14 10:00:00,2025-02-14 10:00:00,7.0,8.386869271596272,False,ok
0,2025-02-14 22:41:16,2025-02-14 22:41:16,11.899999618530272,6.140543937683106,False,ok
0,2025-02-15 02:39:46,2025-02-15 02:39:46,8.0,7.294129848480225,False,ok
0,2025-02-15 10:00:00,2025-02-15 10:00:00,9.100000381469728,0.5202445189158116,False,ok
0,2025-02-16 10:00:00,2025-02-16 10:00:00,7.300000190734863,6.947050968805949,False,ok
0,2025-02-17 10:00:00,2025-02-17 10:00:00,8.699999809265137,7.378246784210205,False,ok
0,2025-02-18 10:00:00,2025-02-18 10:00:00,8.5,9.77193276087443,False,ok
0,2025-02-19 10:00:00,2025-02-19 10:00:00,10.199999809265137,8.913613478342693,False,ok
0,2025-02-20 10:00:00,2025-02-20 10:00:00,5.699999809265137,6.966325640678406,False,ok
0,2025-02-21 10:00:00,2025-02-21 10:00:00,9.399999618530272,10.085818449656166,False,ok
0,2025-02-22 10:00:00,2025-02-22 10:00:00,9.100000381469728,9.80936574935913,False,ok
0,2025-02-23 10:00:00,2025-02-23 10:00:00,10.300000190734863,9.018935680389404,False,ok
0,2025-02-24 10:00:00,2025-02-24 10:00:00,9.399999618530272,8.313195705413818,False,ok
0,2025-02-25 10:00:00,2025-02-25 10:00:00,9.399999618530272,9.995891133944191,False,ok
0,2025-02-26 10:00:00,2025-02-26 10:00:00,8.800000190734863,9.13565786679586,False,ok
0,2025-02-27 10:00:00,2025-02-27 10:00:00,10.300000190734863,9.713346083958944,False,ok
0,2025-02-28 10:00:00,2025-02-28 10:00:00,10.600000381469728,9.675961097081505,False,ok
0,2025-03-01 10:00:00,2025-03-01 10:00:00,7.800000190734863,8.974836587905886,False,ok
0,2025-03-02 10:00:00,2025-03-02 10:00:00,10.0,8.84845503171285,False,ok
0,2025-03-03 10:00:00,2025-03-03 10:00:00,8.300000190734863,7.085135698318482,False,ok
0,2025-03-06 10:00:00,2025-03-06 10:00:00,8.5,10.359097321828203,False,ok
0,2025-03-07 10:00:00,2025-03-07 10:00:00,8.399999618530273,9.226546128590902,False,ok
0,2025-03-08 10:00:00,2025-03-08 10:00:00,8.0,8.0161030292511,False,ok
0,2025-03-09 10:00:00,2025-03-09 10:00:00,9.5,9.58437526226044,False,ok
0,2025-03-10 10:00:00,2025-03-10 10:00:00,10.199999809265137,9.446348627408344,False,ok
0,2025-03-11 10:00:00,2025-03-11 10:00:00,8.100000381469727,9.65959815184275,False,ok
0,2025-03-12 10:00:00,2025-03-12 10:00:00,8.600000381469727,8.159993608792625,False,ok
0,2025-03-13 10:00:00,2025-03-13 10:00:00,7.699999809265137,9.2372974952062,False,ok
0,2025-03-14 10:00:00,2025-03-14 10:00:00,9.899999618530272,9.376156290372212,False,ok
0,2025-03-15 10:00:00,2025-03-15 10:00:00,10.399999618530272,10.945570429166157,False,ok
0,2025-03-16 10:00:00,2025-03-16 10:00:00,10.5,11.033388058344524,False,ok
0,2025-03-17 10:00:00,2025-03-17 10:00:00,12.399999618530272,12.558226505915323,False,ok
0,2025-03-18 10:00:00,2025-03-18 10:00:00,12.300000190734863,11.73508135477702,False,ok
0,2025-03-19 10:00:00,2025-03-19 10:00:00,10.300000190734863,13.730190912882488,False,ok
0,2025-03-20 10:00:00,2025-03-20 10:00:00,11.300000190734863,10.307428121566772,False,ok
0,2025-03-21 10:00:00,2025-03-21 10:00:00,9.600000381469728,9.879406690597536,False,ok
0,2025-03-22 10:00:00,2025-03-22 10:00:00,8.800000190734863,9.956549644470217,False,ok
0,2025-03-23 10:00:00,2025-03-23 10:00:00,6.900000095367432,10.300000190734863,True,ok
0,2025-03-24 06:00:00,2025-03-24 06:00:00,6.800000190734863,9.600000381469725,True,ok
0,2025-03-24 10:00:00,2025-03-24 10:00:00,6.5,9.078065792719524,False,ok
0,2025-03-25 00:01:00,2025-03-25 00:01:00,11.0,4.396255254745483,False,ok
0,2025-03-25 06:00:00,2025-03-25 06:00:00,13.399999618530272,4.483818054199219,False,ok
0,2025-03-25 10:00:00,2025-03-25 10:00:00,8.100000381469727,3.1813669999440513,False,ok
0,2025-03-25 20:00:00,2025-03-25 20:00:00,10.5,9.47809847195943,False,ok
0,2025-03-26 10:00:00,2025-03-26 10:00:00,8.300000190734863,9.348582903544113,False,ok
0,2025-03-26 23:07:57,2025-03-26 23:07:57,10.199999809265137,10.532001217206318,False,ok
0,2025-03-27 10:00:00,2025-03-27 10:00:00,5.400000095367432,11.282544215520224,False,ok
0,2025-03-29 10:00:00,2025-03-29 10:00:00,8.399999618530273,9.871291240056358,False,ok
0,2025-03-30 10:00:00,2025-03-30 10:00:00,10.199999809265137,10.327133973439537,False,ok
0,2025-03-31 10:00:00,2025-03-31 10:00:00,8.600000381469727,10.103316744168598,False,ok
0,2025-04-01 10:00:00,2025-04-01 10:00:00,7.0,8.834852178891499,False,ok
0,2025-04-02 10:00:00,2025-04-02 10:00:00,7.300000190734863,12.175416509310404,False,ok
0,2025-04-03 10:00:00,2025-04-03 10:00:00,9.899999618530272,10.151963313420612,False,ok
0,2025-04-05 10:00:00,2025-04-05 10:00:00,5.800000190734863,7.52344306310018,False,ok
0,2025-04-06 10:00:00,2025-04-06 10:00:00,6.800000190734863,8.481886704762777,False,ok
0,2025-04-07 10:00:00,2025-04-07 10:00:00,7.5,8.527344743410746,False,ok
0,2025-04-08 10:00:00,2025-04-08 10:00:00,6.800000190734863,7.821789781252544,False,ok
0,2025-04-09 10:00:00,2025-04-09 10:00:00,8.100000381469727,8.150852243105568,False,ok
0,2025-04-10 10:00:00,2025-04-10 10:00:00,6.099999904632568,6.724045912424724,False,ok
0,2025-04-11 10:00:00,2025-04-11 10:00:00,7.400000095367432,7.9200931390126525,False,ok
0,2025-04-12 10:00:00,2025-04-12 10:00:00,8.699999809265137,6.104661305745442,False,ok
0,2025-04-13 10:00:00,2025-04-13 10:00:00,5.300000190734863,5.542357762654621,False,ok
0,2025-04-14 10:00:00,2025-04-14 10:00:00,7.699999809265137,7.443661053975425,False,ok
0,2025-04-15 10:00:00,2025-04-15 10:00:00,8.5,6.930186589558918,False,ok
0,2025-04-16 10:00:00,2025-04-16 10:00:00,7.699999809265137,6.3425956567128505,False,ok
0,2025-04-17 10:00:00,2025-04-17 10:00:00,5.199999809265137,5.9639964898427325,False,ok
0,2025-04-18 10:00:00,2025-04-18 10:00:00,8.800000190734863,9.178368409474691,False,ok
0,2025-04-18 20:00:00,2025-04-18 20:00:00,10.0,7.654293934504189,False,ok
0,2025-04-19 10:00:00,2025-04-19 10:00:00,8.800000190734863,6.924864689509073,False,ok
0,2025-04-20 10:00:00,2025-04-20 10:00:00,11.800000190734863,9.190602699915567,False,ok
0,2025-04-21 10:00:00,2025-04-21 10:00:00,11.399999618530272,9.56336744626363,False,ok
0,2025-04-22 10:00:00,2025-04-22 10:00:00,10.600000381469728,9.256657203038534,False,ok
0,2025-04-23 10:00:00,2025-04-23 10:00:00,13.5,8.573245843251547,False,ok
0,2025-04-24 10:00:00,2025-04-24 10:00:00,12.399999618530272,11.484301646550495,False,ok
0,2025-04-25 10:00:00,2025-04-25 10:00:00,9.399999618530272,10.98729395866394,False,ok
0,2025-04-26 06:00:00,2025-04-26 06:00:00,9.0,9.336192846298218,False,ok
0,2025-04-26 10:00:00,2025-04-26 10:00:00,9.5,10.546238660812376,False,ok
0,2025-04-27 10:00:00,2025-04-27 10:00:00,7.699999809265137,8.238276720046997,False,ok
0,2025-04-28 10:00:00,2025-04-28 10:00:00,10.0,10.179120699564615,False,ok
0,2025-04-29 10:00:00,2025-04-29 10:00:00,7.5,8.555166006088257,False,ok
0,2025-04-30 10:00:00,2025-04-30 10:00:00,6.5,8.677385727564497,False,ok
0,2025-05-01 10:00:00,2025-05-01 10:00:00,11.300000190734863,9.36750638484955,False,ok
0,2025-05-02 10:00:00,2025-05-02 10:00:00,8.300000190734863,8.429825186729433,False,ok
0,2025-05-03 10:00:00,2025-05-03 10:00:00,9.899999618530272,9.133091727892555,False,ok
0,2025-05-04 10:00:00,2025-05-04 10:00:00,8.399999618530273,8.269391814867655,False,ok
0,2025-05-05 10:00:00,2025-05-05 10:00:00,8.600000381469727,8.64167865117391,False,ok
0,2025-05-06 10:00:00,2025-05-06 10:00:00,8.5,9.003162662188211,False,ok
0,2025-05-07 10:00:00,2025-05-07 10:00:00,9.699999809265137,9.170252124468483,False,ok
0,2025-05-08 10:00:00,2025-05-08 10:00:00,9.399999618530272,8.842310627301531,False,ok
0,2025-05-09 10:00:00,2025-05-09 10:00:00,9.699999809265137,8.915554722150167,False,ok
0,2025-05-10 10:00:00,2025-05-10 10:00:00,9.199999809265137,8.710762778917951,False,ok
0,2025-05-11 10:00:00,2025-05-11 10:00:00,11.0,9.862911224365233,False,ok
0,2025-05-11 14:00:00,2025-05-11 14:00:00,8.699999809265137,8.179490089416502,False,ok
0,2025-05-12 10:00:00,2025-05-12 10:00:00,9.399999618530272,9.853564262390137,False,ok
0,2025-05-13 10:00:00,2025-05-13 10:00:00,8.699999809265137,9.251014709472656,False,ok
0,2025-05-14 10:00:00,2025-05-14 10:00:00,9.199999809265137,8.736015319824217,False,ok
0,2025-05-15 10:00:00,2025-05-15 10:00:00,8.300000190734863,7.916593074798584,False,ok
0,2025-05-16 10:00:00,2025-05-16 10:00:00,9.0,8.310449997584024,False,ok
0,2025-05-17 10:00:00,2025-05-17 10:00:00,6.800000190734863,5.448014974594116,False,ok
0,2025-05-18 10:00:00,2025-05-18 10:00:00,7.900000095367432,7.66492454210917,False,ok
0,2025-05-19 02:00:00,2025-05-19 02:00:00,6.900000095367432,8.358747879664103,False,ok
0,2025-05-19 10:00:00,2025-05-19 10:00:00,7.599999904632568,8.148711045583088,False,ok
0,2025-05-20 10:00:00,2025-05-20 10:00:00,11.300000190734863,9.825728495915728,False,ok
0,2025-05-21 10:00:00,2025-05-21 10:00:00,10.199999809265137,9.19552143414815,False,ok
0,2025-05-21 22:02:41,2025-05-21 22:02:41,9.0,8.788073857625324,False,ok
0,2025-05-22 10:00:00,2025-05-22 10:00:00,8.800000190734863,7.778072198232013,False,ok
0,2025-05-23 10:00:00,2025-05-23 10:00:00,10.0,10.60820968945821,False,ok
0,2025-05-24 10:00:00,2025-05-24 10:00:00,8.0,8.464354594548544,False,ok
0,2025-05-25 10:00:00,2025-05-25 10:00:00,8.300000190734863,8.971060593922932,False,ok
0,2025-05-26 10:00:00,2025-05-26 10:00:00,6.699999809265137,8.07759634653727,False,ok
0,2025-05-27 10:00:00,2025-05-27 10:00:00,9.199999809265137,8.314226309458414,False,ok
0,2025-05-28 10:00:00,2025-05-28 10:00:00,7.5,8.18654696146647,False,ok
0,2025-05-29 10:00:00,2025-05-29 10:00:00,8.699999809265137,7.497744719187417,False,ok
0,2025-05-30 10:00:00,2025-05-30 10:00:00,10.0,8.126425902048746,False,ok
0,2025-05-31 10:00:00,2025-05-31 10:00:00,6.800000190734863,7.091085592905679,False,ok
0,2025-06-01 10:00:00,2025-06-01 10:00:00,8.699999809265137,8.657559553782146,False,ok
0,2025-06-02 10:00:00,2025-06-02 10:00:00,8.399999618530273,7.414371053377788,False,ok
0,2025-06-03 10:00:00,2025-06-03 10:00:00,23.299999237060547,7.793959180514019,False,ok
0,2025-06-03 17:30:00,2025-06-03 17:30:00,8.5,8.36137815316518,False,ok
0,2025-06-04 10:00:00,2025-06-04 10:00:00,6.900000095367432,8.804224530855816,False,ok
0,2025-06-05 10:00:00,2025-06-05 10:00:00,9.199999809265137,9.691346685091654,False,ok
0,2025-06-06 10:00:00,2025-06-06 10:00:00,8.800000190734863,8.498032609621683,False,ok
0,2025-06-07 10:00:00,2025-06-07 10:00:00,9.100000381469728,9.955852031707762,False,ok
0,2025-06-08 10:00:00,2025-06-08 10:00:00,9.100000381469728,9.550993959108988,False,ok
0,2025-06-09 10:00:00,2025-06-09 10:00:00,9.300000190734863,9.177740335464476,False,ok
0,2025-06-10 10:00:00,2025-06-10 10:00:00,8.800000190734863,8.818522612253824,False,ok
0,2025-06-11 10:00:00,2025-06-11 10:00:00,7.800000190734863,8.429509560267133,False,ok
0,2025-06-12 10:00:00,2025-06-12 10:00:00,9.899999618530272,10.07456088066101,False,ok
0,2025-06-13 10:00:00,2025-06-13 10:00:00,9.199999809265137,8.429768323898315,False,ok
0,2025-06-14 10:00:00,2025-06-14 10:00:00,8.300000190734863,8.836195707321167,False,ok
0,2025-06-15 10:00:00,2025-06-15 10:00:00,8.0,8.319525480270386,False,ok
0,2025-06-16 10:00:00,2025-06-16 10:00:00,9.600000381469728,8.589734792709349,False,ok
0,2025-06-17 10:00:00,2025-06-17 10:00:00,9.300000190734863,9.681554555892944,False,ok
0,2025-06-18 10:00:00,2025-06-18 10:00:00,8.5,9.521365722020466,False,ok
0,2025-06-19 10:00:00,2025-06-19 10:00:00,10.600000381469728,8.995806296666464,False,ok
0,2025-06-20 10:00:00,2025-06-20 10:00:00,8.300000190734863,9.511475165685017,False,ok
0,2025-06-21 10:00:00,2025-06-21 10:00:00,3.200000047683716,11.621791958808895,False,ok
0,2025-06-21 15:57:36,2025-06-21 15:57:36,8.399999618530273,9.040221333503723,False,ok
0,2025-06-22 10:00:00,2025-06-22 10:00:00,7.699999809265137,6.96500305334727,False,ok
0,2025-06-23 10:00:00,2025-06-23 10:00:00,7.599999904632568,8.417975942293804,False,ok
0,2025-06-24 10:00:00,2025-06-24 10:00:00,9.199999809265137,9.24560026327769,False,ok
0,2025-06-25 10:00:00,2025-06-25 10:00:00,8.5,8.068780342737837,False,ok
0,2025-06-26 10:00:00,2025-06-26 10:00:00,7.199999809265137,6.3362659613291425,False,ok
0,2025-06-27 10:00:00,2025-06-27 10:00:00,8.899999618530273,7.8723987738291425,False,ok
0,2025-06-28 10:00:00,2025-06-28 10:00:00,9.800000190734863,7.659727017084758,False,ok
0,2025-06-29 10:00:00,2025-06-29 10:00:00,8.5,7.723052899042765,False,ok
0,2025-06-30 10:00:00,2025-06-30 10:00:00,8.0,7.794723629951479,False,ok
0,2025-07-01 10:00:00,2025-07-01 10:00:00,8.199999809265137,8.853643655776976,False,ok
0,2025-07-02 10:00:00,2025-07-02 10:00:00,8.800000190734863,8.637394189834593,False,ok
0,2025-07-03 10:00:00,2025-07-03 10:00:00,9.300000190734863,8.488162914911905,False,ok
0,2025-07-04 10:00:00,2025-07-04 10:00:00,9.399999618530272,8.701074997584024,False,ok
0,2025-07-05 10:00:00,2025-07-05 10:00:00,8.600000381469727,8.58177049954732,False,ok
0,2025-07-06 10:00:00,2025-07-06 10:00:00,9.300000190734863,8.92588726679484,False,ok
0,2025-07-07 10:00:00,2025-07-07 10:00:00,8.5,8.724019090334576,False,ok
0,2025-07-08 10:00:00,2025-07-08 10:00:00,9.199999809265137,9.324315587679544,False,ok
0,2025-07-09 10:00:00,2025-07-09 10:00:00,8.199999809265137,8.857660810152689,False,ok
0,2025-07-10 10:00:00,2025-07-10 10:00:00,7.599999904632568,8.67673583825429,False,ok
0,2025-07-11 10:00:00,2025-07-11 10:00:00,9.100000381469728,9.140181501706442,False,ok
0,2025-07-12 10:00:00,2025-07-12 10:00:00,8.800000190734863,8.627148191134134,False,ok
0,2025-07-13 10:00:00,2025-07-13 10:00:00,8.5,8.576942483584086,False,ok
0,2025-07-14 10:00:00,2025-07-14 10:00:00,9.800000190734863,9.557235638300575,False,ok
0,2025-07-15 10:00:00,2025-07-15 10:00:00,9.399999618530272,9.73511497179667,False,ok
0,2025-07-16 10:00:00,2025-07-16 10:00:00,9.100000381469728,7.701761523882547,False,ok
0,2025-07-17 10:00:00,2025-07-17 10:00:00,8.100000381469727,8.287143031756084,False,ok
0,2025-07-18 10:00:00,2025-07-18 10:00:00,9.399999618530272,8.365396777788797,False,ok
0,2025-07-19 10:00:00,2025-07-19 10:00:00,7.900000095367432,8.074146548906963,False,ok
0,2025-07-20 10:00:00,2025-07-20 10:00:00,9.5,9.002801696459453,False,ok
0,2025-07-21 10:00:00,2025-07-21 10:00:00,9.300000190734863,9.418359676996868,False,ok
0,2025-07-22 10:00:00,2025-07-22 10:00:00,9.899999618530272,8.902329405148823,False,ok
0,2025-07-23 10:00:00,2025-07-23 10:00:00,8.5,8.81204636891683,False,ok
0,2025-07-24 10:00:00,2025-07-24 10:00:00,8.199999809265137,8.956245740254717,False,ok
0,2025-07-24 13:00:00,2025-07-24 13:00:00,120.0,1.992685278256734,False,ok
0,2025-07-24 13:15:00,2025-07-24 13:15:00,45.900001525878906,4.345662434895833,False,ok
0,2025-07-24 15:20:00,2025-07-24 15:20:00,2.0999999046325684,7.082173188527425,False,ok
0,2025-07-25 10:00:00,2025-07-25 10:00:00,9.600000381469728,9.003129561742146,False,ok
0,2025-07-26 10:00:00,2025-07-26 10:00:00,7.300000190734863,7.307063659032186,False,ok
0,2025-07-27 10:00:00,2025-07-27 10:00:00,8.899999618530273,8.441598176956177,False,ok
0,2025-07-28 10:00:00,2025-07-28 10:00:00,10.199999809265137,9.623729705810549,False,ok
0,2025-07-28 16:00:00,2025-07-28 16:00:00,35.099998474121094,7.424478570620217,False,ok
0,2025-07-28 21:26:26,2025-07-28 21:26:26,3.5,5.932378967603047,False,ok
0,2025-07-29 10:00:00,2025-07-29 10:00:00,8.300000190734863,8.600459774335226,False,ok
0,2025-07-30 10:00:00,2025-07-30 10:00:00,10.0,8.513464172681172,False,ok
0,2025-07-31 10:00:00,2025-07-31 10:00:00,6.599999904632568,8.439474781354269,False,ok
0,2025-08-01 10:00:00,2025-08-01 10:00:00,5.300000190734863,7.487825830777487,False,ok
0,2025-08-03 10:00:00,2025-08-03 10:00:00,10.199999809265137,11.372017820676168,False,ok
0,2025-08-04 10:00:00,2025-08-04 10:00:00,7.5,9.460116783777872,False,ok
0,2025-08-05 10:00:00,2025-08-05 10:00:00,6.599999904632568,9.54190643628438,False,ok
0,2025-08-05 14:05:08,2025-08-05 14:05:08,3.5999999046325684,5.992819825808207,False,ok
0,2025-08-06 10:00:00,2025-08-06 10:00:00,7.900000095367432,7.51476482550303,False,ok
0,2025-08-07 10:00:00,2025-08-07 10:00:00,6.300000190734863,6.221080819765727,False,ok
0,2025-08-08 10:00:00,2025-08-08 10:00:00,7.400000095367432,7.077785491943359,False,ok
0,2025-08-09 10:00:00,2025-08-09 10:00:00,7.599999904632568,9.074816703796388,False,ok
0,2025-08-10 10:00:00,2025-08-10 10:00:00,9.300000190734863,9.44414722919464,False,ok
0,2025-08-12 10:00:00,2025-08-12 10:00:00,8.0,8.081955909729002,False,ok
0,2025-08-13 10:00:00,2025-08-13 10:00:00,9.199999809265137,9.040450175603231,False,ok
0,2025-08-14 10:00:00,2025-08-14 10:00:00,10.5,0.8663626511891689,False,ok
0,2025-08-14 14:00:00,2025-08-14 14:00:00,11.800000190734863,0.6667936642964682,False,ok
0,2025-08-14 20:00:00,2025-08-14 20:00:00,4.699999809265137,4.838025291760763,False,ok
0,2025-08-15 10:00:00,2025-08-15 10:00:00,8.100000381469727,8.187399824460346,False,ok
0,2025-08-16 10:00:00,2025-08-16 10:00:00,8.300000190734863,8.299739678700764,False,ok
0,2025-08-16 20:00:00,2025-08-16 20:00:00,5.199999809265137,6.750229239463806,False,ok
0,2025-08-17 10:00:00,2025-08-17 10:00:00,7.900000095367432,8.011467258135477,False,ok
0,2025-08-18 10:00:00,2025-08-18 10:00:00,9.199999809265137,8.295607844988503,False,ok
0,2025-08-19 10:00:00,2025-08-19 10:00:00,6.699999809265137,7.38504683971405,False,ok
0,2025-08-20 10:00:00,2025-08-20 10:00:00,7.099999904632568,6.811266303062439,False,ok
0,2025-08-21 10:00:00,2025-08-21 10:00:00,6.599999904632568,6.314574122428894,False,ok
0,2025-08-22 10:00:00,2025-08-22 10:00:00,8.5,7.844163775444031,False,ok
0,2025-08-23 10:00:00,2025-08-23 10:00:00,11.399999618530272,9.350417017936705,False,ok
0,2025-08-23 22:00:00,2025-08-23 22:00:00,8.899999618530273,8.311031023661295,False,ok
0,2025-08-24 10:00:00,2025-08-24 10:00:00,9.399999618530272,8.492876132329307,False,ok
0,2025-08-25 10:00:00,2025-08-25 10:00:00,10.899999618530272,10.337499260902405,False,ok
0,2025-08-27 10:00:00,2025-08-27 10:00:00,8.699999809265137,9.047571221987406,False,ok
0,2025-08-27 22:00:00,2025-08-27 22:00:00,9.300000190734863,9.327578584353132,False,ok
0,2025-08-28 10:00:00,2025-08-28 10:00:00,7.800000190734863,7.998264988263448,False,ok
0,2025-08-29 10:00:00,2025-08-29 10:00:00,8.0,7.965590198834735,False,ok
0,2025-08-30 10:00:00,2025-08-30 10:00:00,11.100000381469728,9.502652208010357,False,ok
0,2025-08-31 10:00:00,2025-08-31 10:00:00,8.600000381469727,9.272871017456051,False,ok
0,2025-09-01 10:00:00,2025-09-01 10:00:00,7.599999904632568,8.741848945617676,False,ok
0,2025-09-02 10:00:00,2025-09-02 10:00:00,7.199999809265137,7.248860398928324,False,ok
0,2025-09-03 10:00:00,2025-09-03 10:00:00,10.699999809265137,8.108767072359722,False,ok
0,2025-09-04 10:00:00,2025-09-04 10:00:00,7.300000190734863,8.517840902010597,False,ok
0,2025-09-05 10:00:00,2025-09-05 10:00:00,9.699999809265137,9.727307915687565,False,ok
0,2025-09-06 10:00:00,2025-09-06 10:00:00,11.699999809265137,10.041528662045796,False,ok
0,2025-09-07 10:00:00,2025-09-07 10:00:00,10.699999809265137,7.764996488889058,False,ok
0,2025-09-08 10:00:00,2025-09-08 10:00:00,9.800000190734863,8.666143417358397,False,ok
0,2025-09-09 10:00:00,2025-09-09 10:00:00,8.399999618530273,8.208467364311218,False,ok
0,2025-09-10 10:00:00,2025-09-10 10:00:00,10.100000381469728,9.434248050053917,False,ok
0,2025-09-11 10:00:00,2025-09-11 10:00:00,8.699999809265137,8.901770710945128,False,ok
0,2025-09-12 10:00:00,2025-09-12 10:00:00,9.899999618530272,10.139524579048157,False,ok
0,2025-09-13 10:00:00,2025-09-13 10:00:00,9.800000190734863,9.468567967414858,False,ok
0,2025-09-14 10:00:00,2025-09-14 10:00:00,9.899999618530272,9.712037205696106,False,ok
0,2025-09-15 10:00:00,2025-09-15 10:00:00,8.300000190734863,9.706904967625936,False,ok
0,2025-09-16 10:00:00,2025-09-16 10:00:00,9.199999809265137,9.469624121983848,False,ok
0,2025-09-17 10:00:00,2025-09-17 10:00:00,9.300000190734863,9.218518376350405,False,ok
0,2025-09-18 10:00:00,2025-09-18 10:00:00,9.600000381469728,9.427984277407328,False,ok
0,2025-09-19 10:00:00,2025-09-19 10:00:00,9.600000381469728,9.449531594912212,False,ok
0,2025-09-20 10:00:00,2025-09-20 10:00:00,8.5,9.034501155217487,False,ok
0,2025-09-21 10:00:00,2025-09-21 10:00:00,7.599999904632568,8.639827410380045,False,ok
0,2025-09-22 10:00:00,2025-09-22 10:00:00,8.899999618530273,9.488053003946945,False,ok
0,2025-09-23 10:00:00,2025-09-23 10:00:00,10.199999809265137,9.929273287455242,False,ok
0,2025-09-24 10:00:00,2025-09-24 10:00:00,10.5,10.607547442118326,False,ok
0,2025-09-25 10:00:00,2025-09-25 10:00:00,9.800000190734863,8.977364857991537,False,ok
0,2025-09-26 10:00:00,2025-09-26 10:00:00,7.599999904632568,8.271576086680097,False,ok
0,2025-09-27 10:00:00,2025-09-27 10:00:00,8.399999618530273,8.292176405588787,False,ok
0,2025-09-28 10:00:00,2025-09-28 10:00:00,9.399999618530272,7.226980924606324,False,ok
0,2025-09-28 17:00:00,2025-09-28 17:00:00,15.300000190734863,6.390010595321655,False,ok
0,2025-09-28 20:00:00,2025-09-28 20:00:00,8.300000190734863,7.078965902328492,False,ok
0,2025-09-29 10:00:00,2025-09-29 10:00:00,9.199999809265137,10.107929865519203,False,ok
0,2025-09-30 10:00:00,2025-09-30 10:00:00,8.300000190734863,9.15504233042399,False,ok
0,2025-10-01 10:00:00,2025-10-01 10:00:00,9.800000190734863,9.892879168192549,False,ok
0,2025-10-02 10:00:00,2025-10-02 10:00:00,9.699999809265137,9.740439176559448,False,ok
0,2025-10-03 10:00:00,2025-10-03 10:00:00,10.399999618530272,10.081677516301475,False,ok
0,2025-10-05 10:00:00,2025-10-05 10:00:00,9.699999809265137,9.040843089421587,False,ok
0,2025-10-06 10:00:00,2025-10-06 10:00:00,9.800000190734863,9.485903183619182,False,ok
0,2025-10-06 14:00:00,2025-10-06 14:00:00,5.199999809265137,7.184001485506694,False,ok
0,2025-10-07 10:00:00,2025-10-07 10:00:00,9.300000190734863,9.519473473231,False,ok
0,2025-10-08 10:00:00,2025-10-08 10:00:00,9.800000190734863,9.406044721603392,False,ok
0,2025-10-09 10:00:00,2025-10-09 10:00:00,12.699999809265137,9.872504949569702,False,ok
0,2025-10-09 16:00:00,2025-10-09 16:00:00,8.699999809265137,8.50702182451884,False,ok
0,2025-10-09 22:00:00,2025-10-09 22:00:00,9.0,10.429687897364298,False,ok
0,2025-10-10 10:00:00,2025-10-10 10:00:00,10.199999809265137,11.806095520655315,False,ok
0,2025-10-10 20:00:00,2025-10-10 20:00:00,9.600000381469728,8.683296720186872,False,ok
0,2025-10-11 10:00:00,2025-10-11 10:00:00,9.0,9.13374825318654,False,ok
0,2025-10-12 10:00:00,2025-10-12 10:00:00,10.5,9.307907064755758,False,ok
0,2025-10-14 10:00:00,2025-10-14 10:00:00,9.199999809265137,8.52298589547475,False,ok
0,2025-10-15 10:00:00,2025-10-15 10:00:00,9.100000381469728,8.698859413464861,False,ok
0,2025-10-16 10:00:00,2025-10-16 10:00:00,12.199999809265137,10.07395311196645,False,ok
0,2025-10-16 15:00:00,2025-10-16 15:00:00,9.699999809265137,8.877251823743185,False,ok
0,2025-10-17 10:00:00,2025-10-17 10:00:00,10.399999618530272,8.988543232282002,False,ok
0,2025-10-18 10:00:00,2025-10-18 10:00:00,10.800000190734863,9.473861575126648,False,ok
0,2025-10-18 16:00:00,2025-10-18 16:00:00,8.0,8.186008334159853,False,ok
0,2025-10-19 10:00:00,2025-10-19 10:00:00,6.5,7.759481310844422,False,ok
0,2025-10-20 10:00:00,2025-10-20 10:00:00,10.5,9.824859301249184,False,ok
0,2025-10-21 10:00:00,2025-10-21 10:00:00,10.100000381469728,9.64376429716746,False,ok
0,2025-10-21 16:00:00,2025-10-21 16:00:00,11.0,9.81193979581197,False,ok
0,2025-10-21 22:00:00,2025-10-21 22:00:00,10.0,9.193005124727884,False,ok
0,2025-10-22 10:00:00,2025-10-22 10:00:00,9.300000190734863,8.547715107599894,False,ok
0,2025-10-22 20:00:00,2025-10-22 20:00:00,11.0,9.565924564997356,False,ok
0,2025-10-23 02:00:00,2025-10-23 02:00:00,6.699999809265137,8.164503931999207,False,ok
0,2025-10-23 10:00:00,2025-10-23 10:00:00,9.100000381469728,8.887126723925274,False,ok
0,2025-10-23 21:00:00,2025-10-23 21:00:00,6.5,9.422862688700356,False,ok
0,2025-10-24 10:00:00,2025-10-24 10:00:00,7.0,9.371817747751871,False,ok
0,2025-10-25 10:00:00,2025-10-25 10:00:00,7.199999809265137,10.866871039072674,False,ok
0,2025-10-26 10:00:00,2025-10-26 10:00:00,7.199999809265137,10.56280295054118,False,ok
0,2025-10-27 10:00:00,2025-10-27 10:00:00,10.399999618530272,9.636435071627298,False,ok
0,2025-10-27 15:15:10,2025-10-27 15:15:10,9.600000381469728,10.456505497296652,False,ok
0,2025-10-27 18:46:34,2025-10-27 18:46:34,5.599999904632568,8.17295809586843,False,ok
0,2025-10-27 22:00:00,2025-10-27 22:00:00,7.699999809265137,9.761079788208008,False,ok
0,2025-10-28 10:00:00,2025-10-28 10:00:00,9.899999618530272,9.629875739415484,False,ok
0,2025-10-28 14:00:00,2025-10-28 14:00:00,7.800000190734863,6.523091395696003,False,ok
0,2025-10-29 10:00:00,2025-10-29 10:00:00,9.199999809265137,7.205180247624715,False,ok
0,2025-10-30 10:00:00,2025-10-30 10:00:00,9.899999618530272,8.67628574371338,False,ok
0,2025-10-31 10:00:00,2025-10-31 10:00:00,10.199999809265137,8.888427098592123,False,ok
0,2025-11-01 10:00:00,2025-11-01 10:00:00,7.800000190734863,8.830843528111775,False,ok
0,2025-11-02 10:00:00,2025-11-02 10:00:00,10.100000381469728,9.349200328191122,False,ok
0,2025-11-03 05:00:00,2025-11-03 05:00:00,8.5,8.102686961491903,False,ok
0,2025-11-03 10:00:00,2025-11-03 10:00:00,9.5,9.573439637819924,False,ok
0,2025-11-04 10:00:00,2025-11-04 10:00:00,9.399999618530272,8.752607822418213,False,ok
0,2025-11-05 10:00:00,2025-11-05 10:00:00,8.899999618530273,9.402117133140564,False,ok
0,2025-11-06 10:00:00,2025-11-06 10:00:00,9.600000381469728,9.0989693403244,False,ok
0,2025-11-07 10:00:00,2025-11-07 10:00:00,9.899999618530272,9.84445385138194,False,ok
0,2025-11-08 10:00:00,2025-11-08 10:00:00,8.800000190734863,8.776976982752485,False,ok
0,2025-11-09 10:00:00,2025-11-09 10:00:00,10.5,8.434280633926393,False,ok
0,2025-11-09 13:00:00,2025-11-09 13:00:00,11.199999809265137,10.215099096298216,False,ok
0,2025-11-09 17:00:09,2025-11-09 17:00:09,8.100000381469727,8.859971443812052,False,ok
0,2025-11-10 00:00:00,2025-11-10 00:00:00,7.300000190734863,7.734707117080688,False,ok
0,2025-11-10 10:00:00,2025-11-10 10:00:00,8.100000381469727,8.65722409884135,False,ok
0,2025-11-11 10:00:00,2025-11-11 10:00:00,9.100000381469728,9.66813043753306,False,ok
0,2025-11-12 10:00:00,2025-11-12 10:00:00,11.5,10.572977304458616,False,ok
0,2025-11-12 17:06:58,2025-11-12 17:06:58,8.100000381469727,8.646918813387554,False,ok
0,2025-11-13 10:00:00,2025-11-13 10:00:00,7.300000190734863,9.515517950057983,False,ok
0,2025-11-14 10:00:00,2025-11-14 10:00:00,10.399999618530272,9.54463024934133,False,ok
0,2025-11-14 22:00:00,2025-11-14 22:00:00,8.300000190734863,8.312445362408953,False,ok
0,2025-11-15 10:00:00,2025-11-15 10:00:00,9.199999809265137,8.702862739562988,False,ok
0,2025-11-16 10:00:00,2025-11-16 10:00:00,9.899999618530272,9.18699312210083,False,ok
0,2025-11-17 10:00:00,2025-11-17 10:00:00,9.199999809265137,9.032261570294695,False,ok
0,2025-11-18 10:00:00,2025-11-18 10:00:00,9.800000190734863,9.330697298049923,False,ok
0,2025-11-19 10:00:00,2025-11-19 10:00:00,9.699999809265137,9.57834219932556,False,ok
0,2025-11-20 10:00:00,2025-11-20 10:00:00,6.099999904632568,9.491366346677143,False,ok
0,2025-11-21 10:00:00,2025-11-21 10:00:00,10.399999618530272,10.783409357070925,False,ok
0,2025-11-22 10:00:00,2025-11-22 10:00:00,9.300000190734863,9.068851749102272,False,ok
0,2025-11-23 10:00:00,2025-11-23 10:00:00,9.899999618530272,8.966235319773357,False,ok
0,2025-11-23 22:51:00,2025-11-23 22:51:00,9.899999618530272,10.027516523996988,False,ok
0,2025-11-24 02:38:00,2025-11-24 02:38:00,10.699999809265137,10.160271803538004,False,ok
0,2025-11-24 10:00:00,2025-11-24 10:00:00,9.0,8.924536267916361,False,ok
0,2025-11-24 20:00:00,2025-11-24 20:00:00,8.399999618530273,8.999995191891987,False,ok
0,2025-11-25 10:00:00,2025-11-25 10:00:00,9.899999618530272,9.813337286313375,False,ok
0,2025-11-26 10:00:00,2025-11-26 10:00:00,9.699999809265137,10.260792096455887,False,ok
0,2025-11-27 10:00:00,2025-11-27 10:00:00,13.100000381469728,11.442895332972208,False,ok
0,2025-11-27 12:45:00,2025-11-27 12:45:00,10.5,10.048224369684853,False,ok
0,2025-11-27 22:00:00,2025-11-27 22:00:00,8.600000381469727,11.480199416478472,False,ok
0,2025-11-28 10:00:00,2025-11-28 10:00:00,9.0,10.522083600362144,False,ok
0,2025-11-29 10:00:00,2025-11-29 10:00:00,7.300000190734863,9.526925484339396,False,ok
0,2025-11-30 10:00:00,2025-11-30 10:00:00,8.699999809265137,9.79778782526652,False,ok
0,2025-12-01 10:00:00,2025-12-01 10:00:00,7.800000190734863,8.54514753818512,False,ok
0,2025-12-02 10:00:00,2025-12-02 10:00:00,8.399999618530273,9.553391257921856,False,ok
0,2025-12-03 10:00:00,2025-12-03 10:00:00,6.800000190734863,8.293976346651712,False,ok
0,2025-12-04 10:00:00,2025-12-04 10:00:00,7.800000190734863,7.74047549565633,False,ok
0,2025-12-05 10:00:00,2025-12-05 10:00:00,9.0,9.43266753355662,False,ok
0,2025-12-06 10:00:00,2025-12-06 10:00:00,8.300000190734863,7.749210993448893,False,ok
0,2025-12-07 10:00:00,2025-12-07 10:00:00,10.199999809265137,8.405358950297039,False,ok
0,2025-12-08 10:00:00,2025-12-08 10:00:00,8.199999809265137,8.438966552416483,False,ok
0,2025-12-09 10:00:00,2025-12-09 10:00:00,9.100000381469728,8.319203575452171,False,ok
0,2025-12-10 06:00:00,2025-12-10 06:00:00,9.800000190734863,2.9554676214853917,False,ok
0,2025-12-10 09:35:00,2025-12-10 09:35:00,8.0,2.68554417292277,False,ok
0,2025-12-10 20:00:00,2025-12-10 20:00:00,7.800000190734863,8.367981036504109,False,ok
0,2025-12-11 10:00:00,2025-12-11 10:00:00,7.300000190734863,7.74845560391744,False,ok
0,2025-12-11 17:00:00,2025-12-11 17:00:00,10.5,10.773603041966751,False,ok
0,2025-12-12 10:00:00,2025-12-12 10:00:00,7.599999904632568,9.341368277867632,False,ok
0,2025-12-13 10:00:00,2025-12-13 10:00:00,6.699999809265137,8.995955546696981,False,ok
0,2025-12-14 10:00:00,2025-12-14 10:00:00,6.400000095367432,9.567397912343344,False,ok
0,2025-12-14 14:22:00,2025-12-14 14:22:00,11.0,11.644187490145368,False,ok
0,2025-12-15 10:00:00,2025-12-15 10:00:00,8.800000190734863,8.663861274719238,False,ok
0,2025-12-16 10:00:00,2025-12-16 10:00:00,7.400000095367432,7.99903984864553,False,ok
0,2025-12-17 10:00:00,2025-12-17 10:00:00,8.399999618530273,10.485084613164265,False,ok
0,2025-12-18 10:00:00,2025-12-18 10:00:00,9.300000190734863,9.557220379511516,False,ok
0,2025-12-19 10:00:00,2025-12-19 10:00:00,9.399999618530272,8.572293361028038,False,ok
0,2025-12-20 10:00:00,2025-12-20 10:00:00,9.100000381469728,8.020670970280966,False,ok
0,2025-12-21 10:00:00,2025-12-21 10:00:00,8.800000190734863,7.54672392209371,False,ok
0,2025-12-22 10:00:00,2025-12-22 10:00:00,9.0,8.313311258951824,False,ok
0,2025-12-23 10:00:00,2025-12-23 10:00:00,8.300000190734863,7.498677810033161,False,ok
0,2025-12-24 10:00:00,2025-12-24 10:00:00,5.099999904632568,4.353132327397664,False,ok
0,2025-12-25 10:00:00,2025-12-25 10:00:00,9.0,8.770805517832441,False,ok
0,2025-12-26 10:00:00,2025-12-26 10:00:00,6.199999809265137,9.692836046218874,False,ok
0,2025-12-27 10:00:00,2025-12-27 10:00:00,8.899999618530273,8.707851648330687,False,ok
0,2025-12-28 10:00:00,2025-12-28 10:00:00,10.899999618530272,8.656989097595215,False,ok
0,2025-12-29 00:00:00,2025-12-29 00:00:00,10.5,8.760895609855652,False,ok
0,2025-12-29 02:30:00,2025-12-29 02:30:00,7.900000095367432,7.298374533653259,False,ok
0,2025-12-29 10:00:00,2025-12-29 10:00:00,4.699999809265137,4.414655486742656,False,ok
0,2025-12-30 10:00:00,2025-12-30 10:00:00,9.699999809265137,8.164146820704142,False,ok
0,2025-12-31 10:00:00,2025-12-31 10:00:00,9.0,7.848593215147653,False,ok
60,2025-01-01 09:00:00,2025-01-01 10:00:00,3.5,2.9995133082071943,False,ok
60,2025-01-02 09:00:00,2025-01-02 10:00:00,7.099999904632568,7.07464877764384,False,ok
60,2025-01-03 09:00:00,2025-01-03 10:00:00,7.699999809265137,7.97127072016398,False,ok
60,2025-01-04 09:00:00,2025-01-04 10:00:00,5.400000095367432,5.159217993418376,False,ok
60,2025-01-05 09:00:00,2025-01-05 10:00:00,5.300000190734863,4.86835543314616,False,ok
60,2025-01-06 09:00:00,2025-01-06 10:00:00,4.800000190734863,4.290960947672526,False,ok
60,2025-01-07 09:00:00,2025-01-07 10:00:00,5.099999904632568,4.033248583475749,False,ok
60,2025-01-08 09:00:00,2025-01-08 10:00:00,3.5999999046325684,3.495691140492757,False,ok
60,2025-01-09 09:00:00,2025-01-09 10:00:00,3.900000095367432,4.0106910069783535,False,ok
60,2025-01-10 09:00:00,2025-01-10 10:00:00,3.5,2.8639579614003505,False,ok
60,2025-01-11 09:00:00,2025-01-11 10:00:00,3.5999999046325684,2.709839423497518,False,ok
60,2025-01-12 09:00:00,2025-01-12 10:00:00,4.199999809265137,4.997288227081299,False,ok
60,2025-01-13 09:00:00,2025-01-13 10:00:00,6.0,5.473881085713705,False,ok
60,2025-01-14 09:00:00,2025-01-14 10:00:00,1.600000023841858,3.900000095367432,True,ok
60,2025-01-15 09:00:00,2025-01-15 10:00:00,1.899999976158142,3.599999904632569,True,ok
60,2025-01-16 09:00:00,2025-01-16 10:00:00,7.099999904632568,6.947204589843751,False,ok
60,2025-01-17 09:00:00,2025-01-17 10:00:00,8.199999809265137,6.2529072761535645,False,ok
60,2025-01-18 09:00:00,2025-01-18 10:00:00,7.599999904632568,6.1393046379089355,False,ok
60,2025-01-19 09:00:00,2025-01-19 10:00:00,6.900000095367432,6.211181004842123,False,ok
60,2025-01-20 09:00:00,2025-01-20 10:00:00,10.600000381469728,8.80620225270589,False,ok
60,2025-01-21 09:00:00,2025-01-21 10:00:00,8.300000190734863,8.556857387224833,False,ok
60,2025-01-22 09:00:00,2025-01-22 10:00:00,6.099999904632568,7.473790446917215,False,ok
60,2025-01-23 09:00:00,2025-01-23 10:00:00,6.099999904632568,9.076011935869854,False,ok
60,2025-01-23 21:00:00,2025-01-23 22:00:00,5.900000095367432,7.411744356155395,False,ok
60,2025-01-24 09:00:00,2025-01-24 10:00:00,6.699999809265137,7.661617914835611,False,ok
60,2025-01-25 09:00:00,2025-01-25 10:00:00,7.5,7.414029916127523,False,ok
60,2025-01-26 09:00:00,2025-01-26 10:00:00,8.899999618530273,7.185839891433716,False,ok
60,2025-01-27 09:00:00,2025-01-27 10:00:00,6.0,5.622982740402222,False,ok
60,2025-01-28 09:00:00,2025-01-28 10:00:00,7.900000095367432,4.96652626991272,False,ok
60,2025-01-29 09:00:00,2025-01-29 10:00:00,6.199999809265137,6.104874849319458,False,ok
60,2025-01-30 09:00:00,2025-01-30 10:00:00,5.900000095367432,7.681350072224934,False,ok
60,2025-01-31 09:00:00,2025-01-31 10:00:00,7.400000095367432,7.656233628590901,False,ok
60,2025-02-01 09:00:00,2025-02-01 10:00:00,9.600000381469728,7.506550788879395,False,ok
60,2025-02-02 09:00:00,2025-02-02 10:00:00,10.5,9.993718147277834,False,ok
60,2025-02-03 03:48:22,2025-02-03 04:48:22,10.699999809265137,7.400000095367432,True,ok
60,2025-02-03 09:00:00,2025-02-03 10:00:00,8.5,9.600000381469725,True,ok
60,2025-02-04 09:00:00,2025-02-04 10:00:00,7.099999904632568,8.519066492716473,False,ok
60,2025-02-05 09:00:00,2025-02-05 10:00:00,7.400000095367432,6.645229975382486,False,ok
60,2025-02-07 09:00:00,2025-02-07 10:00:00,8.300000190734863,7.45320765177409,False,ok
60,2025-02-08 09:00:00,2025-02-08 10:00:00,8.100000381469727,7.451795260111491,False,ok
60,2025-02-09 09:00:00,2025-02-09 10:00:00,9.899999618530272,8.971481482187906,False,ok
60,2025-02-10 09:00:00,2025-02-10 10:00:00,9.5,8.55558999379476,False,ok
60,2025-02-11 09:00:00,2025-02-11 10:00:00,6.800000190734863,6.910657723744711,False,ok
60,2025-02-12 09:00:00,2025-02-12 10:00:00,9.600000381469728,8.992829481760658,False,ok
60,2025-02-13 09:00:00,2025-02-13 10:00:00,11.600000381469728,8.82198413213094,False,ok
60,2025-02-13 15:46:39,2025-02-13 16:46:39,8.899999618530273,8.52326250076294,False,ok
60,2025-02-14 09:00:00,2025-02-14 10:00:00,7.0,7.537380059560138,False,ok
60,2025-02-14 21:41:16,2025-02-14 22:41:16,11.899999618530272,5.461035251617432,False,ok
60,2025-02-15 01:39:46,2025-02-15 02:39:46,8.0,7.645046710968018,False,ok
60,2025-02-15 09:00:00,2025-02-15 10:00:00,9.100000381469728,0.5202445189158116,False,ok
60,2025-02-16 09:00:00,2025-02-16 10:00:00,7.300000190734863,8.27924911181132,False,ok
60,2025-02-17 09:00:00,2025-02-17 10:00:00,8.699999809265137,9.215159893035889,False,ok
60,2025-02-18 09:00:00,2025-02-18 10:00:00,8.5,9.22580830256144,False,ok
60,2025-02-19 09:00:00,2025-02-19 10:00:00,10.199999809265137,9.763696829477944,False,ok
60,2025-02-20 09:00:00,2025-02-20 10:00:00,5.699999809265137,8.896942973136902,False,ok
60,2025-02-21 09:00:00,2025-02-21 10:00:00,9.399999618530272,9.226571242014568,False,ok
60,2025-02-22 09:00:00,2025-02-22 10:00:00,9.100000381469728,8.890594959259031,False,ok
60,2025-02-23 09:00:00,2025-02-23 10:00:00,10.300000190734863,10.08555841445923,False,ok
60,2025-02-24 09:00:00,2025-02-24 10:00:00,9.399999618530272,8.903117656707764,False,ok
60,2025-02-25 09:00:00,2025-02-25 10:00:00,9.399999618530272,10.088173429171242,False,ok
60,2025-02-26 09:00:00,2025-02-26 10:00:00,8.800000190734863,9.30961283047994,False,ok
60,2025-02-27 09:00:00,2025-02-27 10:00:00,10.300000190734863,9.509634574254356,False,ok
60,2025-02-28 09:00:00,2025-02-28 10:00:00,10.600000381469728,9.550835212071735,False,ok
60,2025-03-01 09:00:00,2025-03-01 10:00:00,7.800000190734863,8.408876180648804,False,ok
60,2025-03-02 09:00:00,2025-03-02 10:00:00,10.0,8.39906175931295,False,ok
60,2025-03-03 09:00:00,2025-03-03 10:00:00,8.300000190734863,8.70643162727356,False,ok
60,2025-03-06 09:00:00,2025-03-06 10:00:00,8.5,10.44562609990438,False,ok
60,2025-03-07 09:00:00,2025-03-07 10:00:00,8.399999618530273,8.251792748769125,False,ok
60,2025-03-08 09:00:00,2025-03-08 10:00:00,8.0,8.187595605850222,False,ok
60,2025-03-09 09:00:00,2025-03-09 10:00:00,9.5,9.95746409893036,False,ok
60,2025-03-10 09:00:00,2025-03-10 10:00:00,10.199999809265137,10.008652170499168,False,ok
60,2025-03-11 09:00:00,2025-03-11 10:00:00,8.100000381469727,9.75208262602488,False,ok
60,2025-03-12 09:00:00,2025-03-12 10:00:00,8.600000381469727,11.133997400601704,False,ok
60,2025-03-13 09:00:00,2025-03-13 10:00:00,7.699999809265137,8.896253069241842,False,ok
60,2025-03-14 09:00:00,2025-03-14 10:00:00,9.899999618530272,9.290704210599266,False,ok
60,2025-03-15 09:00:00,2025-03-15 10:00:00,10.399999618530272,11.58874841531118,False,ok
60,2025-03-16 09:00:00,2025-03-16 10:00:00,10.5,10.347594181696577,False,ok
60,2025-03-17 09:00:00,2025-03-17 10:00:00,12.399999618530272,12.60712138811747,False,ok
60,2025-03-18 09:00:00,2025-03-18 10:00:00,12.300000190734863,12.491154352823894,False,ok
60,2025-03-19 09:00:00,2025-03-19 10:00:00,10.300000190734863,10.626568476359052,False,ok
60,2025-03-20 09:00:00,2025-03-20 10:00:00,11.300000190734863,10.104480504989624,False,ok
60,2025-03-21 09:00:00,2025-03-21 10:00:00,9.600000381469728,10.012924909591677,False,ok
60,2025-03-22 09:00:00,2025-03-22 10:00:00,8.800000190734863,10.306595802307127,False,ok
60,2025-03-23 09:00:00,2025-03-23 10:00:00,6.900000095367432,10.300000190734863,True,ok
60,2025-03-24 05:00:00,2025-03-24 06:00:00,6.800000190734863,1.2661742369333897,False,ok
60,2025-03-24 09:00:00,2025-03-24 10:00:00,6.5,6.801469008127848,False,ok
60,2025-03-24 23:01:00,2025-03-25 00:01:00,11.0,3.800749063491821,False,ok
60,2025-03-25 05:00:00,2025-03-25 06:00:00,13.399999618530272,4.805347919464111,False,ok
60,2025-03-25 09:00:00,2025-03-25 10:00:00,8.100000381469727,2.5649666786193848,False,ok
60,2025-03-25 19:00:00,2025-03-25 20:00:00,10.5,9.677231391270954,False,ok
60,2025-03-26 09:00:00,2025-03-26 10:00:00,8.300000190734863,8.849605242411295,False,ok
60,2025-03-26 22:07:57,2025-03-26 23:07:57,10.199999809265137,9.287126739819843,False,ok
60,2025-03-27 09:00:00,2025-03-27 10:00:00,5.400000095367432,5.734403212865194,False,ok
60,2025-03-29 09:00:00,2025-03-29 10:00:00,8.399999618530273,10.72313984235128,False,ok
60,2025-03-30 09:00:00,2025-03-30 10:00:00,10.199999809265137,10.580658753712973,False,ok
60,2025-03-31 09:00:00,2025-03-31 10:00:00,8.600000381469727,9.647016962369284,False,ok
60,2025-04-01 09:00:00,2025-04-01 10:00:00,7.0,8.015392263730366,False,ok
60,2025-04-02 09:00:00,2025-04-02 10:00:00,7.300000190734863,12.118274251619972,False,ok
60,2025-04-03 09:00:00,2025-04-03 10:00:00,9.899999618530272,9.923074801762896,False,ok
60,2025-04-05 09:00:00,2025-04-05 10:00:00,5.800000190734863,8.061331590016682,False,ok
60,2025-04-06 09:00:00,2025-04-06 10:00:00,6.800000190734863,9.035587151845297,False,ok
60,2025-04-07 09:00:00,2025-04-07 10:00:00,7.5,8.519247094790138,False,ok
60,2025-04-08 09:00:00,2025-04-08 10:00:00,6.800000190734863,8.604589502016703,False,ok
60,2025-04-09 09:00:00,2025-04-09 10:00:00,8.100000381469727,8.990649263064068,False,ok
60,2025-04-10 09:00:00,2025-04-10 10:00:00,6.099999904632568,6.927327315012614,False,ok
60,2025-04-11 09:00:00,2025-04-11 10:00:00,7.400000095367432,6.917785247166952,False,ok
60,2025-04-12 09:00:00,2025-04-12 10:00:00,8.699999809265137,5.9535945256551095,False,ok
60,2025-04-13 09:00:00,2025-04-13 10:00:00,5.300000190734863,5.56372054417928,False,ok
60,2025-04-14 09:00:00,2025-04-14 10:00:00,7.699999809265137,6.863808949788411,False,ok
60,2025-04-15 09:00:00,2025-04-15 10:00:00,8.5,6.265646298726399,False,ok
60,2025-04-16 09:00:00,2025-04-16 10:00:00,7.699999809265137,6.543933471043905,False,ok
60,2025-04-17 09:00:00,2025-04-17 10:00:00,5.199999809265137,5.785923560460407,False,ok
60,2025-04-18 09:00:00,2025-04-18 10:00:00,8.800000190734863,8.429138978322348,False,ok
60,2025-04-18 19:00:00,2025-04-18 20:00:00,10.0,6.982124249140421,False,ok
60,2025-04-19 09:00:00,2025-04-19 10:00:00,8.800000190734863,7.533011356989543,False,ok
60,2025-04-20 09:00:00,2025-04-20 10:00:00,11.800000190734863,7.954602638880411,False,ok
60,2025-04-21 09:00:00,2025-04-21 10:00:00,11.399999618530272,9.190049727757769,False,ok
60,2025-04-22 09:00:00,2025-04-22 10:00:00,10.600000381469728,8.998775084813436,False,ok
60,2025-04-23 09:00:00,2025-04-23 10:00:00,13.5,11.49049361546834,False,ok
60,2025-04-24 09:00:00,2025-04-24 10:00:00,12.399999618530272,9.263626178105673,False,ok
60,2025-04-25 09:00:00,2025-04-25 10:00:00,9.399999618530272,9.083965063095096,False,ok
60,2025-04-26 05:00:00,2025-04-26 06:00:00,9.0,9.384525060653688,False,ok
60,2025-04-26 09:00:00,2025-04-26 10:00:00,9.5,10.352311849594116,False,ok
60,2025-04-27 09:00:00,2025-04-27 10:00:00,7.699999809265137,8.715891599655153,False,ok
60,2025-04-28 09:00:00,2025-04-28 10:00:00,10.0,9.687772432963056,False,ok
60,2025-04-29 09:00:00,2025-04-29 10:00:00,7.5,8.415128469467165,False,ok
60,2025-04-30 09:00:00,2025-04-30 10:00:00,6.5,8.152467171351118,False,ok
60,2025-05-01 09:00:00,2025-05-01 10:00:00,11.300000190734863,10.0000022649765,False,ok
60,2025-05-02 09:00:00,2025-05-02 10:00:00,8.300000190734863,9.43464696407318,False,ok
60,2025-05-03 09:00:00,2025-05-03 10:00:00,9.899999618530272,9.108453551928202,False,ok
60,2025-05-04 09:00:00,2025-05-04 10:00:00,8.399999618530273,8.376561919848122,False,ok
60,2025-05-05 09:00:00,2025-05-05 10:00:00,8.600000381469727,8.67296012242635,False,ok
60,2025-05-06 09:00:00,2025-05-06 10:00:00,8.5,9.03215531508128,False,ok
60,2025-05-07 09:00:00,2025-05-07 10:00:00,9.699999809265137,9.087120334307352,False,ok
60,2025-05-08 09:00:00,2025-05-08 10:00:00,9.399999618530272,9.449783047040304,False,ok
60,2025-05-09 09:00:00,2025-05-09 10:00:00,9.699999809265137,8.944506367047625,False,ok
60,2025-05-10 09:00:00,2025-05-10 10:00:00,9.199999809265137,8.477556029955547,False,ok
60,2025-05-11 09:00:00,2025-05-11 10:00:00,11.0,10.012131690979002,False,ok
60,2025-05-11 13:00:00,2025-05-11 14:00:00,8.699999809265137,8.623096466064455,False,ok
60,2025-05-12 09:00:00,2025-05-12 10:00:00,9.399999618530272,8.895283699035645,False,ok
60,2025-05-13 09:00:00,2025-05-13 10:00:00,8.699999809265137,9.15793323516846,False,ok
60,2025-05-14 09:00:00,2025-05-14 10:00:00,9.199999809265137,9.238044738769531,False,ok
60,2025-05-15 09:00:00,2025-05-15 10:00:00,8.300000190734863,8.483467102050783,False,ok
60,2025-05-16 09:00:00,2025-05-16 10:00:00,9.0,7.78113547960917,False,ok
60,2025-05-17 09:00:00,2025-05-17 10:00:00,6.800000190734863,5.337570428848267,False,ok
60,2025-05-18 09:00:00,2025-05-18 10:00:00,7.900000095367432,7.461542050043743,False,ok
60,2025-05-19 01:00:00,2025-05-19 02:00:00,6.900000095367432,7.98260728518168,False,ok
60,2025-05-19 09:00:00,2025-05-19 10:00:00,7.599999904632568,8.068620999654131,False,ok
60,2025-05-20 09:00:00,2025-05-20 10:00:00,11.300000190734863,9.402957042058306,False,ok
60,2025-05-21 09:00:00,2025-05-21 10:00:00,10.199999809265137,8.727062304814657,False,ok
60,2025-05-21 21:02:41,2025-05-21 22:02:41,9.0,9.359532674153645,False,ok
60,2025-05-22 09:00:00,2025-05-22 10:00:00,8.800000190734863,7.107816060384114,False,ok
60,2025-05-23 09:00:00,2025-05-23 10:00:00,10.0,10.185527880986532,False,ok
60,2025-05-24 09:00:00,2025-05-24 10:00:00,8.0,9.29286201794942,False,ok
60,2025-05-25 09:00:00,2025-05-25 10:00:00,8.300000190734863,9.15417178471883,False,ok
60,2025-05-26 09:00:00,2025-05-26 10:00:00,6.699999809265137,7.222315470377604,False,ok
60,2025-05-27 09:00:00,2025-05-27 10:00:00,9.199999809265137,8.73690716425578,False,ok
60,2025-05-28 09:00:00,2025-05-28 10:00:00,7.5,8.964704195658367,False,ok
60,2025-05-29 09:00:00,2025-05-29 10:00:00,8.699999809265137,8.475863138834637,False,ok
60,2025-05-30 09:00:00,2025-05-30 10:00:00,10.0,8.17220369974772,False,ok
60,2025-05-31 09:00:00,2025-05-31 10:00:00,6.800000190734863,7.529789129892986,False,ok
60,2025-06-01 09:00:00,2025-06-01 10:00:00,8.699999809265137,7.427613417307536,False,ok
60,2025-06-02 09:00:00,2025-06-02 10:00:00,8.399999618530273,8.794570485750835,False,ok
60,2025-06-03 09:00:00,2025-06-03 10:00:00,23.299999237060547,7.460493127504984,False,ok
60,2025-06-03 16:30:00,2025-06-03 17:30:00,8.5,8.456352670987448,False,ok
60,2025-06-04 09:00:00,2025-06-04 10:00:00,6.900000095367432,7.963723699251809,False,ok
60,2025-06-05 09:00:00,2025-06-05 10:00:00,9.199999809265137,9.783093015352884,False,ok
60,2025-06-06 09:00:00,2025-06-06 10:00:00,8.800000190734863,9.1232834259669,False,ok
60,2025-06-07 09:00:00,2025-06-07 10:00:00,9.100000381469728,10.248414516448973,False,ok
60,2025-06-08 09:00:00,2025-06-08 10:00:00,9.100000381469728,9.916453401247662,False,ok
60,2025-06-09 09:00:00,2025-06-09 10:00:00,9.300000190734863,9.09597325325012,False,ok
60,2025-06-10 09:00:00,2025-06-10 10:00:00,8.800000190734863,9.80205074946086,False,ok
60,2025-06-11 09:00:00,2025-06-11 10:00:00,7.800000190734863,8.560336510340372,False,ok
60,2025-06-12 09:00:00,2025-06-12 10:00:00,9.899999618530272,9.51818346977234,False,ok
60,2025-06-13 09:00:00,2025-06-13 10:00:00,9.199999809265137,8.891531705856325,False,ok
60,2025-06-14 09:00:00,2025-06-14 10:00:00,8.300000190734863,8.842209577560427,False,ok
60,2025-06-15 09:00:00,2025-06-15 10:00:00,8.0,7.809794664382936,False,ok
60,2025-06-16 09:00:00,2025-06-16 10:00:00,9.600000381469728,9.223979711532593,False,ok
60,2025-06-17 09:00:00,2025-06-17 10:00:00,9.300000190734863,7.3173439502716064,False,ok
60,2025-06-18 09:00:00,2025-06-18 10:00:00,8.5,8.568306525548296,False,ok
60,2025-06-19 09:00:00,2025-06-19 10:00:00,10.600000381469728,9.582000335057575,False,ok
60,2025-06-20 09:00:00,2025-06-20 10:00:00,8.300000190734863,9.836654265721636,False,ok
60,2025-06-21 09:00:00,2025-06-21 10:00:00,3.200000047683716,1.969845175743103,False,ok
60,2025-06-21 14:57:36,2025-06-21 15:57:36,8.399999618530273,8.924250721931456,False,ok
60,2025-06-22 09:00:00,2025-06-22 10:00:00,7.699999809265137,7.337328950564068,False,ok
60,2025-06-23 09:00:00,2025-06-23 10:00:00,7.599999904632568,7.4942045609156285,False,ok
60,2025-06-24 09:00:00,2025-06-24 10:00:00,9.199999809265137,9.155882398287456,False,ok
60,2025-06-25 09:00:00,2025-06-25 10:00:00,8.5,8.100876251856489,False,ok
60,2025-06-26 09:00:00,2025-06-26 10:00:00,7.199999809265137,6.71193257967631,False,ok
60,2025-06-27 09:00:00,2025-06-27 10:00:00,8.899999618530273,7.812125126520795,False,ok
60,2025-06-28 09:00:00,2025-06-28 10:00:00,9.800000190734863,8.215163628260298,False,ok
60,2025-06-29 09:00:00,2025-06-29 10:00:00,8.5,7.801638046900432,False,ok
60,2025-06-30 09:00:00,2025-06-30 10:00:00,8.0,7.696301102638245,False,ok
60,2025-07-01 09:00:00,2025-07-01 10:00:00,8.199999809265137,8.638810396194458,False,ok
60,2025-07-02 09:00:00,2025-07-02 10:00:00,8.800000190734863,8.7560932636261,False,ok
60,2025-07-03 09:00:00,2025-07-03 10:00:00,9.300000190734863,8.166225830713909,False,ok
60,2025-07-04 09:00:00,2025-07-04 10:00:00,9.399999618530272,8.025309006373087,False,ok
60,2025-07-05 09:00:00,2025-07-05 10:00:00,8.600000381469727,9.088514884312948,False,ok
60,2025-07-06 09:00:00,2025-07-06 10:00:00,9.300000190734863,8.644874731699623,False,ok
60,2025-07-07 09:00:00,2025-07-07 10:00:00,8.5,8.78098491827647,False,ok
60,2025-07-08 09:00:00,2025-07-08 10:00:00,9.199999809265137,9.18713716665904,False,ok
60,2025-07-09 09:00:00,2025-07-09 10:00:00,8.199999809265137,8.969917813936869,False,ok
60,2025-07-10 09:00:00,2025-07-10 10:00:00,7.599999904632568,7.101545294125875,False,ok
60,2025-07-11 09:00:00,2025-07-11 10:00:00,9.100000381469728,8.574063261349995,False,ok
60,2025-07-12 09:00:00,2025-07-12 10:00:00,8.800000190734863,9.832302133242289,False,ok
60,2025-07-13 09:00:00,2025-07-13 10:00:00,8.5,9.023308316866554,False,ok
60,2025-07-14 09:00:00,2025-07-14 10:00:00,9.800000190734863,9.248440663019815,False,ok
60,2025-07-15 09:00:00,2025-07-15 10:00:00,9.399999618530272,9.795034329096476,False,ok
60,2025-07-16 09:00:00,2025-07-16 10:00:00,9.100000381469728,9.008142272631328,False,ok
60,2025-07-17 09:00:00,2025-07-17 10:00:00,8.100000381469727,9.13479403654734,False,ok
60,2025-07-18 09:00:00,2025-07-18 10:00:00,9.399999618530272,9.533766547838848,False,ok
60,2025-07-19 09:00:00,2025-07-19 10:00:00,7.900000095367432,8.662255565325419,False,ok
60,2025-07-20 09:00:00,2025-07-20 10:00:00,9.5,8.760969916979473,False,ok
60,2025-07-21 09:00:00,2025-07-21 10:00:00,9.300000190734863,8.470885674158733,False,ok
60,2025-07-22 09:00:00,2025-07-22 10:00:00,9.899999618530272,9.222773512204489,False,ok
60,2025-07-23 09:00:00,2025-07-23 10:00:00,8.5,8.611387093861898,False,ok
60,2025-07-24 09:00:00,2025-07-24 10:00:00,8.199999809265137,9.25914223988851,False,ok
60,2025-07-24 12:00:00,2025-07-24 13:00:00,120.0,7.018320878346761,False,ok
60,2025-07-24 12:15:00,2025-07-24 13:15:00,45.900001525878906,10.724793752034502,False,ok
60,2025-07-24 14:20:00,2025-07-24 15:20:00,2.0999999046325684,9.081136067708334,False,ok
60,2025-07-25 09:00:00,2025-07-25 10:00:00,9.600000381469728,9.802714904149374,False,ok
60,2025-07-26 09:00:00,2025-07-26 10:00:00,7.300000190734863,7.39633043607076,False,ok
60,2025-07-27 09:00:00,2025-07-27 10:00:00,8.899999618530273,6.926380395889281,False,ok
60,2025-07-28 09:00:00,2025-07-28 10:00:00,10.199999809265137,10.37400245666504,False,ok
60,2025-07-28 15:00:00,2025-07-28 16:00:00,35.099998474121094,4.967738429705301,False,ok
60,2025-07-28 20:26:26,2025-07-28 21:26:26,3.5,4.900663574536641,False,ok
60,2025-07-29 09:00:00,2025-07-29 10:00:00,8.300000190734863,10.054855068524676,False,ok
60,2025-07-30 09:00:00,2025-07-30 10:00:00,10.0,9.787198742230734,False,ok
60,2025-07-31 09:00:00,2025-07-31 10:00:00,6.599999904632568,9.435141285260515,False,ok
60,2025-08-01 09:00:00,2025-08-01 10:00:00,5.300000190734863,10.137864073117576,False,ok
60,2025-08-03 09:00:00,2025-08-03 10:00:00,10.199999809265137,10.56409164269765,False,ok
60,2025-08-04 09:00:00,2025-08-04 10:00:00,7.5,10.30154267946879,False,ok
60,2025-08-05 09:00:00,2025-08-05 10:00:00,6.599999904632568,8.997073252995806,False,ok
60,2025-08-05 13:05:08,2025-08-05 14:05:08,3.5999999046325684,18.180014689763382,False,ok
60,2025-08-06 09:00:00,2025-08-06 10:00:00,7.900000095367432,7.090415517489116,False,ok
60,2025-08-07 09:00:00,2025-08-07 10:00:00,6.300000190734863,7.1276512543360395,False,ok
60,2025-08-08 09:00:00,2025-08-08 10:00:00,7.400000095367432,7.038469314575196,False,ok
60,2025-08-09 09:00:00,2025-08-09 10:00:00,7.599999904632568,9.482773780822754,False,ok
60,2025-08-10 09:00:00,2025-08-10 10:00:00,9.300000190734863,8.82523262500763,False,ok
60,2025-08-12 09:00:00,2025-08-12 10:00:00,8.0,8.15040111541748,False,ok
60,2025-08-13 09:00:00,2025-08-13 10:00:00,9.199999809265137,9.476408084233602,False,ok
60,2025-08-14 09:00:00,2025-08-14 10:00:00,10.5,3.4610181649525966,False,ok
60,2025-08-14 13:00:00,2025-08-14 14:00:00,11.800000190734863,0.5489701827367153,False,ok
60,2025-08-14 19:00:00,2025-08-14 20:00:00,4.699999809265137,5.362658222516379,False,ok
60,2025-08-15 09:00:00,2025-08-15 10:00:00,8.100000381469727,7.638067205746969,False,ok
60,2025-08-16 09:00:00,2025-08-16 10:00:00,8.300000190734863,7.201836903889974,False,ok
60,2025-08-16 19:00:00,2025-08-16 20:00:00,5.199999809265137,8.840256571769713,False,ok
60,2025-08-17 09:00:00,2025-08-17 10:00:00,7.900000095367432,7.7854874531428,False,ok
60,2025-08-18 09:00:00,2025-08-18 10:00:00,9.199999809265137,8.336656848589579,False,ok
60,2025-08-19 09:00:00,2025-08-19 10:00:00,6.699999809265137,10.041537165641786,False,ok
60,2025-08-20 09:00:00,2025-08-20 10:00:00,7.099999904632568,7.335250735282899,False,ok
60,2025-08-21 09:00:00,2025-08-21 10:00:00,6.599999904632568,8.7660197019577,False,ok
60,2025-08-22 09:00:00,2025-08-22 10:00:00,8.5,6.158243536949157,False,ok
60,2025-08-23 09:00:00,2025-08-23 10:00:00,11.399999618530272,6.681562304496765,False,ok
60,2025-08-23 21:00:00,2025-08-23 22:00:00,8.899999618530273,7.530519644419352,False,ok
60,2025-08-24 09:00:00,2025-08-24 10:00:00,9.399999618530272,7.617563803990682,False,ok
60,2025-08-25 09:00:00,2025-08-25 10:00:00,10.899999618530272,8.534003853797913,False,ok
60,2025-08-27 09:00:00,2025-08-27 10:00:00,8.699999809265137,10.06078628698985,False,ok
60,2025-08-27 21:00:00,2025-08-27 22:00:00,9.300000190734863,8.882771531740824,False,ok
60,2025-08-28 09:00:00,2025-08-28 10:00:00,7.800000190734863,8.09588833649953,False,ok
60,2025-08-29 09:00:00,2025-08-29 10:00:00,8.0,7.8998429377873745,False,ok
60,2025-08-30 09:00:00,2025-08-30 10:00:00,11.100000381469728,8.931193391482033,False,ok
60,2025-08-31 09:00:00,2025-08-31 10:00:00,8.600000381469727,9.597129821777346,False,ok
60,2025-09-01 09:00:00,2025-09-01 10:00:00,7.599999904632568,9.55950164794922,False,ok
60,2025-09-02 09:00:00,2025-09-02 10:00:00,7.199999809265137,8.0186896721522,False,ok
60,2025-09-03 09:00:00,2025-09-03 10:00:00,10.699999809265137,8.102789441744488,False,ok
60,2025-09-04 09:00:00,2025-09-04 10:00:00,7.300000190734863,6.320508042971293,False,ok
60,2025-09-05 09:00:00,2025-09-05 10:00:00,9.699999809265137,8.973323464393616,False,ok
60,2025-09-06 09:00:00,2025-09-06 10:00:00,11.699999809265137,8.59876628716787,False,ok
60,2025-09-07 09:00:00,2025-09-07 10:00:00,10.699999809265137,8.492714842160543,False,ok
60,2025-09-08 09:00:00,2025-09-08 10:00:00,9.800000190734863,8.789813041687013,False,ok
60,2025-09-09 09:00:00,2025-09-09 10:00:00,8.399999618530273,8.148702025413515,False,ok
60,2025-09-10 09:00:00,2025-09-10 10:00:00,10.100000381469728,9.579950412114462,False,ok
60,2025-09-11 09:00:00,2025-09-11 10:00:00,8.699999809265137,8.929237484931944,False,ok
60,2025-09-12 09:00:00,2025-09-12 10:00:00,9.899999618530272,9.956363797187803,False,ok
60,2025-09-13 09:00:00,2025-09-13 10:00:00,9.800000190734863,9.541896939277647,False,ok
60,2025-09-14 09:00:00,2025-09-14 10:00:00,9.899999618530272,9.48467457294464,False,ok
60,2025-09-15 09:00:00,2025-09-15 10:00:00,8.300000190734863,9.640170653661093,False,ok
60,2025-09-16 09:00:00,2025-09-16 10:00:00,9.199999809265137,9.245537360509235,False,ok
60,2025-09-17 09:00:00,2025-09-17 10:00:00,9.300000190734863,8.969675183296202,False,ok
60,2025-09-18 09:00:00,2025-09-18 10:00:00,9.600000381469728,9.149553338686625,False,ok
60,2025-09-19 09:00:00,2025-09-19 10:00:00,9.600000381469728,9.27887252966563,False,ok
60,2025-09-20 09:00:00,2025-09-20 10:00:00,8.5,9.171835025151571,False,ok
60,2025-09-21 09:00:00,2025-09-21 10:00:00,7.599999904632568,9.27758757273356,False,ok
60,2025-09-22 09:00:00,2025-09-22 10:00:00,8.899999618530273,9.445327440897625,False,ok
60,2025-09-23 09:00:00,2025-09-23 10:00:00,10.199999809265137,9.942244211832683,False,ok
60,2025-09-24 09:00:00,2025-09-24 10:00:00,10.5,10.168080965677897,False,ok
60,2025-09-25 09:00:00,2025-09-25 10:00:00,9.800000190734863,8.852238972981773,False,ok
60,2025-09-26 09:00:00,2025-09-26 10:00:00,7.599999904632568,8.611094633738201,False,ok
60,2025-09-27 09:00:00,2025-09-27 10:00:00,8.399999618530273,8.508419672648111,False,ok
60,2025-09-28 09:00:00,2025-09-28 10:00:00,9.399999618530272,8.74527668952942,False,ok
60,2025-09-28 16:00:00,2025-09-28 17:00:00,15.300000190734863,7.883128881454467,False,ok
60,2025-09-28 19:00:00,2025-09-28 20:00:00,8.300000190734863,6.522002935409546,False,ok
60,2025-09-29 09:00:00,2025-09-29 10:00:00,9.199999809265137,9.907323519388834,False,ok
60,2025-09-30 09:00:00,2025-09-30 10:00:00,8.300000190734863,9.09171644846598,False,ok
60,2025-10-01 09:00:00,2025-10-01 10:00:00,9.800000190734863,9.728254000345869,False,ok
60,2025-10-02 09:00:00,2025-10-02 10:00:00,9.699999809265137,9.77019476890564,False,ok
60,2025-10-03 09:00:00,2025-10-03 10:00:00,10.399999618530272,9.927437861760456,False,ok
60,2025-10-05 09:00:00,2025-10-05 10:00:00,9.699999809265137,9.015818675359093,False,ok
60,2025-10-06 09:00:00,2025-10-06 10:00:00,9.800000190734863,8.857984940210981,False,ok
60,2025-10-06 13:00:00,2025-10-06 14:00:00,5.199999809265137,7.718881527582806,False,ok
60,2025-10-07 09:00:00,2025-10-07 10:00:00,9.300000190734863,9.12196962038676,False,ok
60,2025-10-08 09:00:00,2025-10-08 10:00:00,9.800000190734863,9.628979444503784,False,ok
60,2025-10-09 09:00:00,2025-10-09 10:00:00,12.699999809265137,9.914327383041382,False,ok
60,2025-10-09 15:00:00,2025-10-09 16:00:00,8.699999809265137,7.480837265650433,False,ok
60,2025-10-09 21:00:00,2025-10-09 22:00:00,9.0,10.11000672976176,False,ok
60,2025-10-10 09:00:00,2025-10-10 10:00:00,10.199999809265137,12.07921353975932,False,ok
60,2025-10-10 19:00:00,2025-10-10 20:00:00,9.600000381469728,9.140311280886335,False,ok
60,2025-10-11 09:00:00,2025-10-11 10:00:00,9.0,9.673163135846456,False,ok
60,2025-10-12 09:00:00,2025-10-12 10:00:00,10.5,9.931247671445211,False,ok
60,2025-10-14 09:00:00,2025-10-14 10:00:00,9.199999809265137,9.037818868954975,False,ok
60,2025-10-15 09:00:00,2025-10-15 10:00:00,9.100000381469728,7.869378288586934,False,ok
60,2025-10-16 09:00:00,2025-10-16 10:00:00,12.199999809265137,10.171788652737934,False,ok
60,2025-10-16 14:00:00,2025-10-16 15:00:00,9.699999809265137,8.209100445111595,False,ok
60,2025-10-17 09:00:00,2025-10-17 10:00:00,10.399999618530272,9.396270473798117,False,ok
60,2025-10-18 09:00:00,2025-10-18 10:00:00,10.800000190734863,9.099967837333676,False,ok
60,2025-10-18 15:00:00,2025-10-18 16:00:00,8.0,8.707112193107603,False,ok
60,2025-10-19 09:00:00,2025-10-19 10:00:00,6.5,8.056304812431337,False,ok
60,2025-10-20 09:00:00,2025-10-20 10:00:00,10.5,9.031336466471352,False,ok
60,2025-10-21 09:00:00,2025-10-21 10:00:00,10.100000381469728,9.691340724627176,False,ok
60,2025-10-21 15:00:00,2025-10-21 16:00:00,11.0,10.09728821118673,False,ok
60,2025-10-21 21:00:00,2025-10-21 22:00:00,10.0,9.664333860079443,False,ok
60,2025-10-22 09:00:00,2025-10-22 10:00:00,9.300000190734863,8.620959202448526,False,ok
60,2025-10-22 19:00:00,2025-10-22 20:00:00,11.0,9.547732273737587,False,ok
60,2025-10-23 01:00:00,2025-10-23 02:00:00,6.699999809265137,7.906622290611268,False,ok
60,2025-10-23 09:00:00,2025-10-23 10:00:00,9.100000381469728,8.780407230059305,False,ok
60,2025-10-23 20:00:00,2025-10-23 21:00:00,6.5,9.358847777048746,False,ok
60,2025-10-24 09:00:00,2025-10-24 10:00:00,7.0,9.976991335550943,False,ok
60,2025-10-25 09:00:00,2025-10-25 10:00:00,7.199999809265137,10.99311367670695,False,ok
60,2025-10-26 09:00:00,2025-10-26 10:00:00,7.199999809265137,10.558987776438396,False,ok
60,2025-10-27 09:00:00,2025-10-27 10:00:00,10.399999618530272,8.880216161410011,False,ok
60,2025-10-27 14:15:10,2025-10-27 15:15:10,9.600000381469728,9.745424469312027,False,ok
60,2025-10-27 17:46:34,2025-10-27 18:46:34,5.599999904632568,7.576321323712666,False,ok
60,2025-10-27 21:00:00,2025-10-27 22:00:00,7.699999809265137,10.049705982208252,False,ok
60,2025-10-28 09:00:00,2025-10-28 10:00:00,9.899999618530272,10.52148207028707,False,ok
60,2025-10-28 13:00:00,2025-10-28 14:00:00,7.800000190734863,6.114291747411092,False,ok
60,2025-10-29 09:00:00,2025-10-29 10:00:00,9.199999809265137,7.283765395482382,False,ok
60,2025-10-30 09:00:00,2025-10-30 10:00:00,9.899999618530272,8.32813310623169,False,ok
60,2025-10-31 09:00:00,2025-10-31 10:00:00,10.199999809265137,9.01736768086751,False,ok
60,2025-11-01 09:00:00,2025-11-01 10:00:00,7.800000190734863,8.17500074704488,False,ok
60,2025-11-02 09:00:00,2025-11-02 10:00:00,10.100000381469728,9.372725089391071,False,ok
60,2025-11-03 04:00:00,2025-11-03 05:00:00,8.5,7.888126452763876,False,ok
60,2025-11-03 09:00:00,2025-11-03 10:00:00,9.5,9.243076841036478,False,ok
60,2025-11-04 09:00:00,2025-11-04 10:00:00,9.399999618530272,8.752607822418213,False,ok
60,2025-11-05 09:00:00,2025-11-05 10:00:00,8.899999618530273,8.458202242851259,False,ok
60,2025-11-06 09:00:00,2025-11-06 10:00:00,9.600000381469728,9.725361704826351,False,ok
60,2025-11-07 09:00:00,2025-11-07 10:00:00,9.899999618530272,9.22571853796641,False,ok
60,2025-11-08 09:00:00,2025-11-08 10:00:00,8.800000190734863,8.54659692446391,False,ok
60,2025-11-09 09:00:00,2025-11-09 10:00:00,10.5,9.596039056777952,False,ok
60,2025-11-09 12:00:00,2025-11-09 13:00:00,11.199999809265137,9.127029180526732,False,ok
60,2025-11-09 16:00:09,2025-11-09 17:00:09,8.100000381469727,8.760129213333128,False,ok
60,2025-11-09 23:00:00,2025-11-10 00:00:00,7.300000190734863,7.762173891067504,False,ok
60,2025-11-10 09:00:00,2025-11-10 10:00:00,8.100000381469727,7.930883804957071,False,ok
60,2025-11-11 09:00:00,2025-11-11 10:00:00,9.100000381469728,9.370195428530376,False,ok
60,2025-11-12 09:00:00,2025-11-12 10:00:00,11.5,11.551864862442018,False,ok
60,2025-11-12 16:06:58,2025-11-12 17:06:58,8.100000381469727,8.24865202109019,False,ok
60,2025-11-13 09:00:00,2025-11-13 10:00:00,7.300000190734863,8.798332929611206,False,ok
60,2025-11-14 09:00:00,2025-11-14 10:00:00,10.399999618530272,9.01043673356374,False,ok
60,2025-11-14 21:00:00,2025-11-14 22:00:00,8.300000190734863,7.993527134259541,False,ok
60,2025-11-15 09:00:00,2025-11-15 10:00:00,9.199999809265137,7.981863021850584,False,ok
60,2025-11-16 09:00:00,2025-11-16 10:00:00,9.899999618530272,9.021018028259276,False,ok
60,2025-11-17 09:00:00,2025-11-17 10:00:00,9.199999809265137,8.08508272965749,False,ok
60,2025-11-18 09:00:00,2025-11-18 10:00:00,9.800000190734863,9.403233766555786,False,ok
60,2025-11-19 09:00:00,2025-11-19 10:00:00,9.699999809265137,8.636053800582888,False,ok
60,2025-11-20 09:00:00,2025-11-20 10:00:00,6.099999904632568,7.969255407651266,False,ok
60,2025-11-21 09:00:00,2025-11-21 10:00:00,10.399999618530272,8.879838228225708,False,ok
60,2025-11-22 09:00:00,2025-11-22 10:00:00,9.300000190734863,9.647559444109598,False,ok
60,2025-11-23 09:00:00,2025-11-23 10:00:00,9.899999618530272,10.09160534540812,False,ok
60,2025-11-23 21:51:00,2025-11-23 22:51:00,9.899999618530272,10.640175978342691,False,ok
60,2025-11-24 01:38:00,2025-11-24 02:38:00,10.699999809265137,9.0814577738444,False,ok
60,2025-11-24 09:00:00,2025-11-24 10:00:00,9.0,8.424795190493265,False,ok
60,2025-11-24 19:00:00,2025-11-24 20:00:00,8.399999618530273,9.529515226682024,False,ok
60,2025-11-25 09:00:00,2025-11-25 10:00:00,9.899999618530272,9.621974905331928,False,ok
60,2025-11-26 09:00:00,2025-11-26 10:00:00,9.699999809265137,10.567367871602375,False,ok
60,2025-11-27 09:00:00,2025-11-27 10:00:00,13.100000381469728,10.910891930262247,False,ok
60,2025-11-27 11:45:00,2025-11-27 12:45:00,10.5,10.045172611872353,False,ok
60,2025-11-27 21:00:00,2025-11-27 22:00:00,8.600000381469727,12.10308607419332,False,ok
60,2025-11-28 09:00:00,2025-11-28 10:00:00,9.0,10.679254372914633,False,ok
60,2025-11-29 09:00:00,2025-11-29 10:00:00,7.300000190734863,9.182066361109417,False,ok
60,2025-11-30 09:00:00,2025-11-30 10:00:00,8.699999809265137,10.657646814982096,False,ok
60,2025-12-01 09:00:00,2025-12-01 10:00:00,7.800000190734863,8.15079128742218,False,ok
60,2025-12-02 09:00:00,2025-12-02 10:00:00,8.399999618530273,9.20047835508982,False,ok
60,2025-12-03 09:00:00,2025-12-03 10:00:00,6.800000190734863,8.212481061617533,False,ok
60,2025-12-04 09:00:00,2025-12-04 10:00:00,7.800000190734863,8.705623467763266,False,ok
60,2025-12-05 09:00:00,2025-12-05 10:00:00,9.0,9.759215156237286,False,ok
60,2025-12-06 09:00:00,2025-12-06 10:00:00,8.300000190734863,8.385276953379314,False,ok
60,2025-12-07 09:00:00,2025-12-07 10:00:00,10.199999809265137,7.454708735148112,False,ok
60,2025-12-08 09:00:00,2025-12-08 10:00:00,8.199999809265137,7.539445678393048,False,ok
60,2025-12-09 09:00:00,2025-12-09 10:00:00,9.100000381469728,8.48400374253591,False,ok
60,2025-12-10 05:00:00,2025-12-10 06:00:00,9.800000190734863,3.102484623591105,False,ok
60,2025-12-10 08:35:00,2025-12-10 09:35:00,8.0,2.8997662464777627,False,ok
60,2025-12-10 19:00:00,2025-12-10 20:00:00,7.800000190734863,9.41095121701558,False,ok
60,2025-12-11 09:00:00,2025-12-11 10:00:00,7.300000190734863,8.187910159428913,False,ok
60,2025-12-11 16:00:00,2025-12-11 17:00:00,10.5,9.062845786412554,False,ok
60,2025-12-12 09:00:00,2025-12-12 10:00:00,7.599999904632568,8.739699443181356,False,ok
60,2025-12-13 09:00:00,2025-12-13 10:00:00,6.699999809265137,8.807620604832966,False,ok
60,2025-12-14 09:00:00,2025-12-14 10:00:00,6.400000095367432,11.114963372548424,False,ok
60,2025-12-14 13:22:00,2025-12-14 14:22:00,11.0,9.788171609242758,False,ok
60,2025-12-15 09:00:00,2025-12-15 10:00:00,8.800000190734863,8.653587341308592,False,ok
60,2025-12-16 09:00:00,2025-12-16 10:00:00,7.400000095367432,8.11424704392751,False,ok
60,2025-12-17 09:00:00,2025-12-17 10:00:00,8.399999618530273,8.90804107983907,False,ok
60,2025-12-18 09:00:00,2025-12-18 10:00:00,9.300000190734863,9.774619976679483,False,ok
60,2025-12-19 09:00:00,2025-12-19 10:00:00,9.399999618530272,8.833226283391319,False,ok
60,2025-12-20 09:00:00,2025-12-20 10:00:00,9.100000381469728,8.453676303227745,False,ok
60,2025-12-21 09:00:00,2025-12-21 10:00:00,8.800000190734863,8.022122462590534,False,ok
60,2025-12-22 09:00:00,2025-12-22 10:00:00,9.0,7.252030531565349,False,ok
60,2025-12-23 09:00:00,2025-12-23 10:00:00,8.300000190734863,7.478432257970172,False,ok
60,2025-12-24 09:00:00,2025-12-24 10:00:00,5.099999904632568,6.417252858479817,False,ok
60,2025-12-25 09:00:00,2025-12-25 10:00:00,9.0,12.095404783884687,False,ok
60,2025-12-26 09:00:00,2025-12-26 10:00:00,6.199999809265137,8.617058992385864,False,ok
60,2025-12-27 09:00:00,2025-12-27 10:00:00,8.899999618530273,9.238110780715942,False,ok
60,2025-12-28 09:00:00,2025-12-28 10:00:00,10.899999618530272,9.578011512756348,False,ok
60,2025-12-28 23:00:00,2025-12-29 00:00:00,10.5,8.70146310329437,False,ok
60,2025-12-29 01:30:00,2025-12-29 02:30:00,7.900000095367432,7.692754626274109,False,ok
60,2025-12-29 09:00:00,2025-12-29 10:00:00,4.699999809265137,4.965889016787211,False,ok
60,2025-12-30 09:00:00,2025-12-30 10:00:00,9.699999809265137,8.122947136561077,False,ok
60,2025-12-31 09:00:00,2025-12-31 10:00:00,9.0,8.597135523955027,False,ok
120,2025-01-01 08:00:00,2025-01-01 10:00:00,3.5,4.1803538004557295,False,ok
120,2025-01-02 08:00:00,2025-01-02 10:00:00,7.099999904632568,7.445351521174115,False,ok
120,2025-01-03 08:00:00,2025-01-03 10:00:00,7.699999809265137,6.124350229899089,False,ok
120,2025-01-04 08:00:00,2025-01-04 10:00:00,5.400000095367432,6.514009157816569,False,ok
120,2025-01-05 08:00:00,2025-01-05 10:00:00,5.300000190734863,4.930270830790203,False,ok
120,2025-01-06 08:00:00,2025-01-06 10:00:00,4.800000190734863,3.936183611551921,False,ok
120,2025-01-07 08:00:00,2025-01-07 10:00:00,5.099999904632568,4.335586706797282,False,ok
120,2025-01-08 08:00:00,2025-01-08 10:00:00,3.5999999046325684,3.788016160329183,False,ok
120,2025-01-09 08:00:00,2025-01-09 10:00:00,3.900000095367432,4.4089573224385585,False,ok
120,2025-01-10 08:00:00,2025-01-10 10:00:00,3.5,4.716839154561361,False,ok
120,2025-01-11 08:00:00,2025-01-11 10:00:00,3.5999999046325684,4.547046025594076,False,ok
120,2025-01-12 08:00:00,2025-01-12 10:00:00,4.199999809265137,3.360733032226563,False,ok
120,2025-01-13 08:00:00,2025-01-13 10:00:00,6.0,5.015774567921957,False,ok
120,2025-01-14 08:00:00,2025-01-14 10:00:00,1.600000023841858,3.900000095367432,True,ok
120,2025-01-15 08:00:00,2025-01-15 10:00:00,1.899999976158142,3.599999904632569,True,ok
120,2025-01-16 08:00:00,2025-01-16 10:00:00,7.099999904632568,7.393615722656251,False,ok
120,2025-01-17 08:00:00,2025-01-17 10:00:00,8.199999809265137,6.625311851501466,False,ok
120,2025-01-18 08:00:00,2025-01-18 10:00:00,7.599999904632568,6.113857269287109,False,ok
120,2025-01-19 08:00:00,2025-01-19 10:00:00,6.900000095367432,8.048160870869955,False,ok
120,2025-01-20 08:00:00,2025-01-20 10:00:00,10.600000381469728,8.324964841206866,False,ok
120,2025-01-21 08:00:00,2025-01-21 10:00:00,8.300000190734863,10.043731967608132,False,ok
120,2025-01-22 08:00:00,2025-01-22 10:00:00,6.099999904632568,8.403494159380593,False,ok
120,2025-01-23 08:00:00,2025-01-23 10:00:00,6.099999904632568,8.422915736834206,False,ok
120,2025-01-23 20:00:00,2025-01-23 22:00:00,5.900000095367432,8.211560487747192,False,ok
120,2025-01-24 08:00:00,2025-01-24 10:00:00,6.699999809265137,10.074947992960611,False,ok
120,2025-01-25 08:00:00,2025-01-25 10:00:00,7.5,6.039171059926351,False,ok
120,2025-01-26 08:00:00,2025-01-26 10:00:00,8.899999618530273,8.146626710891724,False,ok
120,2025-01-27 08:00:00,2025-01-27 10:00:00,6.0,6.548542261123657,False,ok
120,2025-01-28 08:00:00,2025-01-28 10:00:00,7.900000095367432,7.899670839309692,False,ok
120,2025-01-29 08:00:00,2025-01-29 10:00:00,6.199999809265137,7.693935632705688,False,ok
120,2025-01-30 08:00:00,2025-01-30 10:00:00,5.900000095367432,8.404638608296711,False,ok
120,2025-01-31 08:00:00,2025-01-31 10:00:00,7.400000095367432,9.24319632848104,False,ok
120,2025-02-01 08:00:00,2025-02-01 10:00:00,9.600000381469728,8.582133293151855,False,ok
120,2025-02-02 08:00:00,2025-02-02 10:00:00,10.5,5.671687602996826,False,ok
120,2025-02-03 02:48:22,2025-02-03 04:48:22,10.699999809265137,7.400000095367432,True,ok
120,2025-02-03 08:00:00,2025-02-03 10:00:00,8.5,7.400000095367432,True,ok
120,2025-02-04 08:00:00,2025-02-04 10:00:00,7.099999904632568,6.024941603342692,False,ok
120,2025-02-05 08:00:00,2025-02-05 10:00:00,7.400000095367432,8.249864260355631,False,ok
120,2025-02-07 08:00:00,2025-02-07 10:00:00,8.300000190734863,6.919696489969889,False,ok
120,2025-02-08 08:00:00,2025-02-08 10:00:00,8.100000381469727,7.714254061381021,False,ok
120,2025-02-09 08:00:00,2025-02-09 10:00:00,9.899999618530272,8.361874739329021,False,ok
120,2025-02-10 08:00:00,2025-02-10 10:00:00,9.5,9.798039754231771,False,ok
120,2025-02-11 08:00:00,2025-02-11 10:00:00,6.800000190734863,9.748128255208334,False,ok
120,2025-02-12 08:00:00,2025-02-12 10:00:00,9.600000381469728,9.615422407786047,False,ok
120,2025-02-13 08:00:00,2025-02-13 10:00:00,11.600000381469728,8.254987557729084,False,ok
120,2025-02-13 14:46:39,2025-02-13 16:46:39,8.899999618530273,7.246825695037842,False,ok
120,2025-02-14 08:00:00,2025-02-14 10:00:00,7.0,7.610315163930258,False,ok
120,2025-02-14 20:41:16,2025-02-14 22:41:16,11.899999618530272,5.210478782653809,False,ok
120,2025-02-15 00:39:46,2025-02-15 02:39:46,8.0,6.393934726715088,False,ok
120,2025-02-15 08:00:00,2025-02-15 10:00:00,9.100000381469728,7.503642002741493,False,ok
120,2025-02-16 08:00:00,2025-02-16 10:00:00,7.300000190734863,9.719718853632608,False,ok
120,2025-02-17 08:00:00,2025-02-17 10:00:00,8.699999809265137,8.449761867523193,False,ok
120,2025-02-18 08:00:00,2025-02-18 10:00:00,8.5,8.666590849558512,False,ok
120,2025-02-19 08:00:00,2025-02-19 10:00:00,10.199999809265137,9.621327559153238,False,ok
120,2025-02-20 08:00:00,2025-02-20 10:00:00,5.699999809265137,10.428184866905212,False,ok
120,2025-02-21 08:00:00,2025-02-21 10:00:00,9.399999618530272,9.753014723459875,False,ok
120,2025-02-22 08:00:00,2025-02-22 10:00:00,9.100000381469728,9.453824520111086,False,ok
120,2025-02-23 08:00:00,2025-02-23 10:00:00,10.300000190734863,9.329461574554442,False,ok
120,2025-02-24 08:00:00,2025-02-24 10:00:00,9.399999618530272,9.159321308135986,False,ok
120,2025-02-25 08:00:00,2025-02-25 10:00:00,9.399999618530272,10.041351834932964,False,ok
120,2025-02-26 08:00:00,2025-02-26 10:00:00,8.800000190734863,10.240427573521933,False,ok
120,2025-02-27 08:00:00,2025-02-27 10:00:00,10.300000190734863,10.106789191563925,False,ok
120,2025-02-28 08:00:00,2025-02-28 10:00:00,10.600000381469728,9.430855353673302,False,ok
120,2025-03-01 08:00:00,2025-03-01 10:00:00,7.800000190734863,8.760602235794067,False,ok
120,2025-03-02 08:00:00,2025-03-02 10:00:00,10.0,8.68502672513326,False,ok
120,2025-03-03 08:00:00,2025-03-03 10:00:00,8.300000190734863,9.895904779434204,False,ok
120,2025-03-06 08:00:00,2025-03-06 10:00:00,8.5,10.65543444951375,False,ok
120,2025-03-07 08:00:00,2025-03-07 10:00:00,8.399999618530273,9.218467553456623,False,ok
120,2025-03-08 08:00:00,2025-03-08 10:00:00,8.0,8.743032693862917,False,ok
120,2025-03-09 08:00:00,2025-03-09 10:00:00,9.5,9.061392664909365,False,ok
120,2025-03-10 08:00:00,2025-03-10 10:00:00,10.199999809265137,10.12462278207143,False,ok
120,2025-03-11 08:00:00,2025-03-11 10:00:00,8.100000381469727,10.017427245775856,False,ok
120,2025-03-12 08:00:00,2025-03-12 10:00:00,8.600000381469727,9.582919557889303,False,ok
120,2025-03-13 08:00:00,2025-03-13 10:00:00,7.699999809265137,8.384304960568745,False,ok
120,2025-03-14 08:00:00,2025-03-14 10:00:00,9.899999618530272,9.825540979703266,False,ok
120,2025-03-15 08:00:00,2025-03-15 10:00:00,10.399999618530272,11.672036608060203,False,ok
120,2025-03-16 08:00:00,2025-03-16 10:00:00,10.5,10.51063911120097,False,ok
120,2025-03-17 08:00:00,2025-03-17 10:00:00,12.399999618530272,12.679808537165322,False,ok
120,2025-03-18 08:00:00,2025-03-18 10:00:00,12.300000190734863,12.18835322062175,False,ok
120,2025-03-19 08:00:00,2025-03-19 10:00:00,10.300000190734863,12.842146555582683,False,ok
120,2025-03-20 08:00:00,2025-03-20 10:00:00,11.300000190734863,10.364037275314333,False,ok
120,2025-03-21 08:00:00,2025-03-21 10:00:00,9.600000381469728,9.559652090072634,False,ok
120,2025-03-22 08:00:00,2025-03-22 10:00:00,8.800000190734863,9.093638420104982,False,ok
120,2025-03-23 08:00:00,2025-03-23 10:00:00,6.900000095367432,10.300000190734863,True,ok
120,2025-03-24 04:00:00,2025-03-24 06:00:00,6.800000190734863,8.343810240427652,False,ok
120,2025-03-24 08:00:00,2025-03-24 10:00:00,6.5,9.600000381469725,True,ok
120,2025-03-24 22:01:00,2025-03-25 00:01:00,11.0,8.013066530227663,False,ok
120,2025-03-25 04:00:00,2025-03-25 06:00:00,13.399999618530272,5.435778379440307,False,ok
120,2025-03-25 08:00:00,2025-03-25 10:00:00,8.100000381469727,2.572596311569214,False,ok
120,2025-03-25 18:00:00,2025-03-25 20:00:00,10.5,9.135528167088829,False,ok
120,2025-03-26 08:00:00,2025-03-26 10:00:00,8.300000190734863,8.789331118265789,False,ok
120,2025-03-26 21:07:57,2025-03-26 23:07:57,10.199999809265137,10.944282253583271,False,ok
120,2025-03-27 08:00:00,2025-03-27 10:00:00,5.400000095367432,10.080848773320517,False,ok
120,2025-03-29 08:00:00,2025-03-29 10:00:00,8.399999618530273,10.480671008427938,False,ok
120,2025-03-30 08:00:00,2025-03-30 10:00:00,10.199999809265137,10.134867509206137,False,ok
120,2025-03-31 08:00:00,2025-03-31 10:00:00,8.600000381469727,8.855380018552147,False,ok
120,2025-04-01 08:00:00,2025-04-01 10:00:00,7.0,11.274297197659813,False,ok
120,2025-04-02 08:00:00,2025-04-02 10:00:00,7.300000190734863,11.43076471487681,False,ok
120,2025-04-03 08:00:00,2025-04-03 10:00:00,9.899999618530272,9.86585243542989,False,ok
120,2025-04-05 08:00:00,2025-04-05 10:00:00,5.800000190734863,8.029367287953692,False,ok
120,2025-04-06 08:00:00,2025-04-06 10:00:00,6.800000190734863,7.90087874730428,False,ok
120,2025-04-07 08:00:00,2025-04-07 10:00:00,7.5,7.708390275637308,False,ok
120,2025-04-08 08:00:00,2025-04-08 10:00:00,6.800000190734863,8.03847126166026,False,ok
120,2025-04-09 08:00:00,2025-04-09 10:00:00,8.100000381469727,8.265071908632914,False,ok
120,2025-04-10 08:00:00,2025-04-10 10:00:00,6.099999904632568,6.495157400767009,False,ok
120,2025-04-11 08:00:00,2025-04-11 10:00:00,7.400000095367432,7.051796515782674,False,ok
120,2025-04-12 08:00:00,2025-04-12 10:00:00,8.699999809265137,7.130083401997883,False,ok
120,2025-04-13 08:00:00,2025-04-13 10:00:00,5.300000190734863,5.290116628011067,False,ok
120,2025-04-14 08:00:00,2025-04-14 10:00:00,7.699999809265137,6.465543111165364,False,ok
120,2025-04-15 08:00:00,2025-04-15 10:00:00,8.5,3.5632322629292803,False,ok
120,2025-04-16 08:00:00,2025-04-16 10:00:00,7.699999809265137,7.353437026341756,False,ok
120,2025-04-17 08:00:00,2025-04-17 10:00:00,5.199999809265137,5.026893695195516,False,ok
120,2025-04-18 08:00:00,2025-04-18 10:00:00,8.800000190734863,8.388784249623614,False,ok
120,2025-04-18 18:00:00,2025-04-18 20:00:00,10.0,5.980613629023234,False,ok
120,2025-04-19 08:00:00,2025-04-19 10:00:00,8.800000190734863,7.206435124079386,False,ok
120,2025-04-20 08:00:00,2025-04-20 10:00:00,11.800000190734863,8.666447083155314,False,ok
120,2025-04-21 08:00:00,2025-04-21 10:00:00,11.399999618530272,5.011532386144003,False,ok
120,2025-04-22 08:00:00,2025-04-22 10:00:00,10.600000381469728,8.971308310826617,False,ok
120,2025-04-23 08:00:00,2025-04-23 10:00:00,13.5,9.44392760594686,False,ok
120,2025-04-24 08:00:00,2025-04-24 10:00:00,12.399999618530272,9.19388779004415,False,ok
120,2025-04-25 08:00:00,2025-04-25 10:00:00,9.399999618530272,8.138328313827515,False,ok
120,2025-04-26 04:00:00,2025-04-26 06:00:00,9.0,10.064046621322632,False,ok
120,2025-04-26 08:00:00,2025-04-26 10:00:00,9.5,9.216609716415403,False,ok
120,2025-04-27 08:00:00,2025-04-27 10:00:00,7.699999809265137,9.342121839523315,False,ok
120,2025-04-28 08:00:00,2025-04-28 10:00:00,10.0,9.559441248575846,False,ok
120,2025-04-29 08:00:00,2025-04-29 10:00:00,7.5,9.675451993942264,False,ok
120,2025-04-30 08:00:00,2025-04-30 10:00:00,6.5,7.771050850550335,False,ok
120,2025-05-01 08:00:00,2025-05-01 10:00:00,11.300000190734863,9.360638976097109,False,ok
120,2025-05-02 08:00:00,2025-05-02 10:00:00,8.300000190734863,8.628296256065367,False,ok
120,2025-05-03 08:00:00,2025-05-03 10:00:00,9.899999618530272,9.70986537138621,False,ok
120,2025-05-04 08:00:00,2025-05-04 10:00:00,8.399999618530273,8.938509742418924,False,ok
120,2025-05-05 08:00:00,2025-05-05 10:00:00,8.600000381469727,8.276219209035236,False,ok
120,2025-05-06 08:00:00,2025-05-06 10:00:00,8.5,8.063946048418678,False,ok
120,2025-05-07 08:00:00,2025-05-07 10:00:00,9.699999809265137,8.80860737959544,False,ok
120,2025-05-08 08:00:00,2025-05-08 10:00:00,9.399999618530272,9.034577091534931,False,ok
120,2025-05-09 08:00:00,2025-05-09 10:00:00,9.699999809265137,9.195637424786884,False,ok
120,2025-05-10 08:00:00,2025-05-10 10:00:00,9.199999809265137,8.470480720202131,False,ok
120,2025-05-11 08:00:00,2025-05-11 10:00:00,11.0,9.238807678222654,False,ok
120,2025-05-11 12:00:00,2025-05-11 14:00:00,8.699999809265137,8.339274406433104,False,ok
120,2025-05-12 08:00:00,2025-05-12 10:00:00,9.399999618530272,8.991416931152344,False,ok
120,2025-05-13 08:00:00,2025-05-13 10:00:00,8.699999809265137,10.023961067199709,False,ok
120,2025-05-14 08:00:00,2025-05-14 10:00:00,9.199999809265137,9.064851760864258,False,ok
120,2025-05-15 08:00:00,2025-05-15 10:00:00,8.300000190734863,8.228644371032713,False,ok
120,2025-05-16 08:00:00,2025-05-16 10:00:00,9.0,9.20253507296244,False,ok
120,2025-05-17 08:00:00,2025-05-17 10:00:00,6.800000190734863,5.862303495407105,False,ok
120,2025-05-18 08:00:00,2025-05-18 10:00:00,7.900000095367432,7.931851784388223,False,ok
120,2025-05-19 00:00:00,2025-05-19 02:00:00,6.900000095367432,9.035495678583782,False,ok
120,2025-05-19 08:00:00,2025-05-19 10:00:00,7.599999904632568,7.548259099324545,False,ok
120,2025-05-20 08:00:00,2025-05-20 10:00:00,11.300000190734863,9.028431971867878,False,ok
120,2025-05-21 08:00:00,2025-05-21 10:00:00,10.199999809265137,8.309021075566607,False,ok
120,2025-05-21 20:02:41,2025-05-21 22:02:41,9.0,9.28117783864339,False,ok
120,2025-05-22 08:00:00,2025-05-22 10:00:00,8.800000190734863,7.383360703786214,False,ok
120,2025-05-23 08:00:00,2025-05-23 10:00:00,10.0,10.490295489629109,False,ok
120,2025-05-24 08:00:00,2025-05-24 10:00:00,8.0,9.588128169377644,False,ok
120,2025-05-25 08:00:00,2025-05-25 10:00:00,8.300000190734863,9.67796500523885,False,ok
120,2025-05-26 08:00:00,2025-05-26 10:00:00,6.699999809265137,8.042893568674723,False,ok
120,2025-05-27 08:00:00,2025-05-27 10:00:00,9.199999809265137,8.51564804712931,False,ok
120,2025-05-28 08:00:00,2025-05-28 10:00:00,7.5,9.050373713175452,False,ok
120,2025-05-29 08:00:00,2025-05-29 10:00:00,8.699999809265137,9.714518229166666,False,ok
120,2025-05-30 08:00:00,2025-05-30 10:00:00,10.0,7.974596659342448,False,ok
120,2025-05-31 08:00:00,2025-05-31 10:00:00,6.800000190734863,6.8377820650736485,False,ok
120,2025-06-01 08:00:00,2025-06-01 10:00:00,8.699999809265137,8.98715893427531,False,ok
120,2025-06-02 08:00:00,2025-06-02 10:00:00,8.399999618530273,7.077141801516215,False,ok
120,2025-06-03 08:00:00,2025-06-03 10:00:00,23.299999237060547,7.467790166536966,False,ok
120,2025-06-03 15:30:00,2025-06-03 17:30:00,8.5,8.08469339211782,False,ok
120,2025-06-04 08:00:00,2025-06-04 10:00:00,6.900000095367432,8.889709035555521,False,ok
120,2025-06-05 08:00:00,2025-06-05 10:00:00,9.199999809265137,9.54031995932261,False,ok
120,2025-06-06 08:00:00,2025-06-06 10:00:00,8.800000190734863,8.993269006411236,False,ok
120,2025-06-07 08:00:00,2025-06-07 10:00:00,9.100000381469728,10.790811061859133,False,ok
120,2025-06-08 08:00:00,2025-06-08 10:00:00,9.100000381469728,9.4067945877711,False,ok
120,2025-06-09 08:00:00,2025-06-09 10:00:00,9.300000190734863,8.943936586380007,False,ok
120,2025-06-10 08:00:00,2025-06-10 10:00:00,8.800000190734863,9.464004675547285,False,ok
120,2025-06-11 08:00:00,2025-06-11 10:00:00,7.800000190734863,8.966807762781782,False,ok
120,2025-06-12 08:00:00,2025-06-12 10:00:00,9.899999618530272,9.01721739768982,False,ok
120,2025-06-13 08:00:00,2025-06-13 10:00:00,9.199999809265137,8.713527441024778,False,ok
120,2025-06-14 08:00:00,2025-06-14 10:00:00,8.300000190734863,9.019188642501833,False,ok
120,2025-06-15 08:00:00,2025-06-15 10:00:00,8.0,7.567980051040649,False,ok
120,2025-06-16 08:00:00,2025-06-16 10:00:00,9.600000381469728,8.901408910751341,False,ok
120,2025-06-17 08:00:00,2025-06-17 10:00:00,9.300000190734863,7.785564184188841,False,ok
120,2025-06-18 08:00:00,2025-06-18 10:00:00,8.5,9.192205985387163,False,ok
120,2025-06-19 08:00:00,2025-06-19 10:00:00,10.600000381469728,9.2058158715566,False,ok
120,2025-06-20 08:00:00,2025-06-20 10:00:00,8.300000190734863,8.602593978246054,False,ok
120,2025-06-21 08:00:00,2025-06-21 10:00:00,3.200000047683716,8.2465535402298,False,ok
120,2025-06-21 13:57:36,2025-06-21 15:57:36,8.399999618530273,7.0115028619766235,False,ok
120,2025-06-22 08:00:00,2025-06-22 10:00:00,7.699999809265137,6.918462316195171,False,ok
120,2025-06-23 08:00:00,2025-06-23 10:00:00,7.599999904632568,7.575196782747904,False,ok
120,2025-06-24 08:00:00,2025-06-24 10:00:00,9.199999809265137,8.613002339998884,False,ok
120,2025-06-25 08:00:00,2025-06-25 10:00:00,8.5,8.124079147974651,False,ok
120,2025-06-26 08:00:00,2025-06-26 10:00:00,7.199999809265137,6.263310352961223,False,ok
120,2025-06-27 08:00:00,2025-06-27 10:00:00,8.899999618530273,7.404759327570597,False,ok
120,2025-06-28 08:00:00,2025-06-28 10:00:00,9.800000190734863,7.16456405321757,False,ok
120,2025-06-29 08:00:00,2025-06-29 10:00:00,8.5,7.727783123652141,False,ok
120,2025-06-30 08:00:00,2025-06-30 10:00:00,8.0,7.7976752519607535,False,ok
120,2025-07-01 08:00:00,2025-07-01 10:00:00,8.199999809265137,8.315249204635618,False,ok
120,2025-07-02 08:00:00,2025-07-02 10:00:00,8.800000190734863,8.642184495925903,False,ok
120,2025-07-03 08:00:00,2025-07-03 10:00:00,9.300000190734863,7.994348923365274,False,ok
120,2025-07-04 08:00:00,2025-07-04 10:00:00,9.399999618530272,8.019699970881142,False,ok
120,2025-07-05 08:00:00,2025-07-05 10:00:00,8.600000381469727,9.39140470822652,False,ok
120,2025-07-06 08:00:00,2025-07-06 10:00:00,9.300000190734863,9.19825188318888,False,ok
120,2025-07-07 08:00:00,2025-07-07 10:00:00,8.5,8.918974439303081,False,ok
120,2025-07-08 08:00:00,2025-07-08 10:00:00,9.199999809265137,8.874322454134623,False,ok
120,2025-07-09 08:00:00,2025-07-09 10:00:00,8.199999809265137,8.251970330874126,False,ok
120,2025-07-10 08:00:00,2025-07-10 10:00:00,7.599999904632568,8.203108270963032,False,ok
120,2025-07-11 08:00:00,2025-07-11 10:00:00,9.100000381469728,9.137129743893938,False,ok
120,2025-07-12 08:00:00,2025-07-12 10:00:00,8.800000190734863,9.287069360415142,False,ok
120,2025-07-13 08:00:00,2025-07-13 10:00:00,8.5,9.210891286532084,False,ok
120,2025-07-14 08:00:00,2025-07-14 10:00:00,9.800000190734863,9.75611678759257,False,ok
120,2025-07-15 08:00:00,2025-07-15 10:00:00,9.399999618530272,9.953322331110636,False,ok
120,2025-07-16 08:00:00,2025-07-16 10:00:00,9.100000381469728,9.018061439196266,False,ok
120,2025-07-17 08:00:00,2025-07-17 10:00:00,8.100000381469727,9.051631728808086,False,ok
120,2025-07-18 08:00:00,2025-07-18 10:00:00,9.399999618530272,9.64692668120066,False,ok
120,2025-07-19 08:00:00,2025-07-19 10:00:00,7.900000095367432,8.950043479601543,False,ok
120,2025-07-20 08:00:00,2025-07-20 10:00:00,9.5,9.031290809313454,False,ok
120,2025-07-21 08:00:00,2025-07-21 10:00:00,9.300000190734863,8.441317001978554,False,ok
120,2025-07-22 08:00:00,2025-07-22 10:00:00,9.899999618530272,8.534581621487938,False,ok
120,2025-07-23 08:00:00,2025-07-23 10:00:00,8.5,8.978371938069662,False,ok
120,2025-07-24 08:00:00,2025-07-24 10:00:00,8.199999809265137,9.63833459218343,False,ok
120,2025-07-24 11:00:00,2025-07-24 13:00:00,120.0,8.879949887593586,False,ok
120,2025-07-24 11:15:00,2025-07-24 13:15:00,45.900001525878906,8.879949887593586,False,ok
120,2025-07-24 13:20:00,2025-07-24 15:20:00,2.0999999046325684,5.656432469685872,False,ok
120,2025-07-25 08:00:00,2025-07-25 10:00:00,9.600000381469728,7.888441165288288,False,ok
120,2025-07-26 08:00:00,2025-07-26 10:00:00,7.300000190734863,6.6799083550771075,False,ok
120,2025-07-27 08:00:00,2025-07-27 10:00:00,8.899999618530273,8.660594701766968,False,ok
120,2025-07-28 08:00:00,2025-07-28 10:00:00,10.199999809265137,9.971921920776367,False,ok
120,2025-07-28 14:00:00,2025-07-28 16:00:00,35.099998474121094,18.924615422884617,False,ok
120,2025-07-28 19:26:26,2025-07-28 21:26:26,3.5,7.154351751009622,False,ok
120,2025-07-29 08:00:00,2025-07-29 10:00:00,8.300000190734863,9.489345749219256,False,ok
120,2025-07-30 08:00:00,2025-07-30 10:00:00,10.0,8.989585598309835,False,ok
120,2025-07-31 08:00:00,2025-07-31 10:00:00,6.599999904632568,11.272355755170183,False,ok
120,2025-08-01 08:00:00,2025-08-01 10:00:00,5.300000190734863,10.21213718255361,False,ok
120,2025-08-03 08:00:00,2025-08-03 10:00:00,10.199999809265137,9.641669233640032,False,ok
120,2025-08-04 08:00:00,2025-08-04 10:00:00,7.5,10.618172089258833,False,ok
120,2025-08-05 08:00:00,2025-08-05 10:00:00,6.599999904632568,10.73061760266622,False,ok
120,2025-08-05 12:05:08,2025-08-05 14:05:08,3.5999999046325684,15.35484131177266,False,ok
120,2025-08-06 08:00:00,2025-08-06 10:00:00,7.900000095367432,8.229518930117289,False,ok
120,2025-08-07 08:00:00,2025-08-07 10:00:00,6.300000190734863,6.238949338595072,False,ok
120,2025-08-08 08:00:00,2025-08-08 10:00:00,7.400000095367432,7.1701908111572275,False,ok
120,2025-08-09 08:00:00,2025-08-09 10:00:00,7.599999904632568,8.993180274963379,False,ok
120,2025-08-10 08:00:00,2025-08-10 10:00:00,9.300000190734863,8.548277020454409,False,ok
120,2025-08-12 08:00:00,2025-08-12 10:00:00,8.0,7.91828727722168,False,ok
120,2025-08-13 08:00:00,2025-08-13 10:00:00,9.199999809265137,9.229029734929403,False,ok
120,2025-08-14 08:00:00,2025-08-14 10:00:00,10.5,7.860442241032917,False,ok
120,2025-08-14 12:00:00,2025-08-14 14:00:00,11.800000190734863,0.5016665061314907,False,ok
120,2025-08-14 18:00:00,2025-08-14 20:00:00,4.699999809265137,6.964879711469015,False,ok
120,2025-08-15 08:00:00,2025-08-15 10:00:00,8.100000381469727,7.814608534177145,False,ok
120,2025-08-16 08:00:00,2025-08-16 10:00:00,8.300000190734863,6.110812981923421,False,ok
120,2025-08-16 18:00:00,2025-08-16 20:00:00,5.199999809265137,9.920339465141296,False,ok
120,2025-08-17 08:00:00,2025-08-17 10:00:00,7.900000095367432,8.280197421709698,False,ok
120,2025-08-18 08:00:00,2025-08-18 10:00:00,9.199999809265137,9.085224429766338,False,ok
120,2025-08-19 08:00:00,2025-08-19 10:00:00,6.699999809265137,11.105983614921572,False,ok
120,2025-08-20 08:00:00,2025-08-20 10:00:00,7.099999904632568,10.056102633476256,False,ok
120,2025-08-21 08:00:00,2025-08-21 10:00:00,6.599999904632568,10.589457392692564,False,ok
120,2025-08-22 08:00:00,2025-08-22 10:00:00,8.5,5.070825457572937,False,ok
120,2025-08-23 08:00:00,2025-08-23 10:00:00,11.399999618530272,7.136292815208436,False,ok
120,2025-08-23 20:00:00,2025-08-23 22:00:00,8.899999618530273,7.292475382486979,False,ok
120,2025-08-24 08:00:00,2025-08-24 10:00:00,9.399999618530272,7.473557551701863,False,ok
120,2025-08-25 08:00:00,2025-08-25 10:00:00,10.899999618530272,8.721692681312563,False,ok
120,2025-08-27 08:00:00,2025-08-27 10:00:00,8.699999809265137,10.494754830996198,False,ok
120,2025-08-27 20:00:00,2025-08-27 22:00:00,9.300000190734863,8.075557271639509,False,ok
120,2025-08-28 08:00:00,2025-08-28 10:00:00,7.800000190734863,8.293531616528828,False,ok
120,2025-08-29 08:00:00,2025-08-29 10:00:00,8.0,7.971561153729756,False,ok
120,2025-08-30 08:00:00,2025-08-30 10:00:00,11.100000381469728,8.377282182375591,False,ok
120,2025-08-31 08:00:00,2025-08-31 10:00:00,8.600000381469727,9.85653781890869,False,ok
120,2025-09-01 08:00:00,2025-09-01 10:00:00,7.599999904632568,10.326522827148436,False,ok
120,2025-09-02 08:00:00,2025-09-02 10:00:00,7.199999809265137,9.588399926821392,False,ok
120,2025-09-03 08:00:00,2025-09-03 10:00:00,10.699999809265137,8.195870916048687,False,ok
120,2025-09-04 08:00:00,2025-09-04 10:00:00,7.300000190734863,5.199715654055277,False,ok
120,2025-09-05 08:00:00,2025-09-05 10:00:00,9.699999809265137,8.42246401309967,False,ok
120,2025-09-06 08:00:00,2025-09-06 10:00:00,11.699999809265137,7.4199890693028765,False,ok
120,2025-09-07 08:00:00,2025-09-07 10:00:00,10.699999809265137,9.150891264279684,False,ok
120,2025-09-08 08:00:00,2025-09-08 10:00:00,9.800000190734863,8.601748466491697,False,ok
120,2025-09-09 08:00:00,2025-09-09 10:00:00,8.399999618530273,8.345507502555845,False,ok
120,2025-09-10 08:00:00,2025-09-10 10:00:00,10.100000381469728,10.090373118718464,False,ok
120,2025-09-11 08:00:00,2025-09-11 10:00:00,8.699999809265137,8.662963509559631,False,ok
120,2025-09-12 08:00:00,2025-09-12 10:00:00,9.899999618530272,9.433290600776672,False,ok
120,2025-09-13 08:00:00,2025-09-13 10:00:00,9.800000190734863,10.004653096199034,False,ok
120,2025-09-14 08:00:00,2025-09-14 10:00:00,9.899999618530272,9.144743084907532,False,ok
120,2025-09-15 08:00:00,2025-09-15 10:00:00,8.300000190734863,9.660508712132769,False,ok
120,2025-09-16 08:00:00,2025-09-16 10:00:00,9.199999809265137,9.265912612279257,False,ok
120,2025-09-17 08:00:00,2025-09-17 10:00:00,9.300000190734863,9.225267529487608,False,ok
120,2025-09-18 08:00:00,2025-09-18 10:00:00,9.600000381469728,8.674177209536234,False,ok
120,2025-09-19 08:00:00,2025-09-19 10:00:00,9.600000381469728,9.177732507387796,False,ok
120,2025-09-20 08:00:00,2025-09-20 10:00:00,8.5,8.698797782262163,False,ok
120,2025-09-21 08:00:00,2025-09-21 10:00:00,7.599999904632568,9.294488588968916,False,ok
120,2025-09-22 08:00:00,2025-09-22 10:00:00,8.899999618530273,9.30940119425456,False,ok
120,2025-09-23 08:00:00,2025-09-23 10:00:00,10.199999809265137,9.792914072672527,False,ok
120,2025-09-24 08:00:00,2025-09-24 10:00:00,10.5,9.322718302408855,False,ok
120,2025-09-25 08:00:00,2025-09-25 10:00:00,9.800000190734863,8.66480048497518,False,ok
120,2025-09-26 08:00:00,2025-09-26 10:00:00,7.599999904632568,9.365127245585128,False,ok
120,2025-09-27 08:00:00,2025-09-27 10:00:00,8.399999618530273,8.86439816157023,False,ok
120,2025-09-28 08:00:00,2025-09-28 10:00:00,9.399999618530272,8.924876928329466,False,ok
120,2025-09-28 15:00:00,2025-09-28 17:00:00,15.300000190734863,10.642001867294312,False,ok
120,2025-09-28 18:00:00,2025-09-28 20:00:00,8.300000190734863,6.440366029739379,False,ok
120,2025-09-29 08:00:00,2025-09-29 10:00:00,9.199999809265137,9.565516153971354,False,ok
120,2025-09-30 08:00:00,2025-09-30 10:00:00,8.300000190734863,9.04700533548991,False,ok
120,2025-10-01 08:00:00,2025-10-01 10:00:00,9.800000190734863,9.886723200480144,False,ok
120,2025-10-02 08:00:00,2025-10-02 10:00:00,9.699999809265137,9.727468252182003,False,ok
120,2025-10-03 08:00:00,2025-10-03 10:00:00,10.399999618530272,9.811568339665731,False,ok
120,2025-10-05 08:00:00,2025-10-05 10:00:00,9.699999809265137,8.681957801183064,False,ok
120,2025-10-06 08:00:00,2025-10-06 10:00:00,9.800000190734863,8.682503620783487,False,ok
120,2025-10-06 12:00:00,2025-10-06 14:00:00,5.199999809265137,9.331784645716349,False,ok
120,2025-10-07 08:00:00,2025-10-07 10:00:00,9.300000190734863,8.688447395960491,False,ok
120,2025-10-08 08:00:00,2025-10-08 10:00:00,9.800000190734863,9.751965284347534,False,ok
120,2025-10-09 08:00:00,2025-10-09 10:00:00,12.699999809265137,9.623458623886108,False,ok
120,2025-10-09 14:00:00,2025-10-09 16:00:00,8.699999809265137,8.422333161036173,False,ok
120,2025-10-09 20:00:00,2025-10-09 22:00:00,9.0,9.990984360376991,False,ok
120,2025-10-10 08:00:00,2025-10-10 10:00:00,10.199999809265137,11.539371887842815,False,ok
120,2025-10-10 18:00:00,2025-10-10 20:00:00,9.600000381469728,9.149466554323832,False,ok
120,2025-10-11 08:00:00,2025-10-11 10:00:00,9.0,9.874584873517351,False,ok
120,2025-10-12 08:00:00,2025-10-12 10:00:00,10.5,9.636744459470112,False,ok
120,2025-10-14 08:00:00,2025-10-14 10:00:00,9.199999809265137,9.72219653924306,False,ok
120,2025-10-15 08:00:00,2025-10-15 10:00:00,9.100000381469728,8.64193840821584,False,ok
120,2025-10-16 08:00:00,2025-10-16 10:00:00,12.199999809265137,9.8686279853185,False,ok
120,2025-10-16 13:00:00,2025-10-16 15:00:00,9.699999809265137,7.820924242337544,False,ok
120,2025-10-17 08:00:00,2025-10-17 10:00:00,10.399999618530272,9.496799667676289,False,ok
120,2025-10-18 08:00:00,2025-10-18 10:00:00,10.800000190734863,9.126713156700134,False,ok
120,2025-10-18 14:00:00,2025-10-18 16:00:00,8.0,9.869104266166683,False,ok
120,2025-10-19 08:00:00,2025-10-19 10:00:00,6.5,8.923030257225035,False,ok
120,2025-10-20 08:00:00,2025-10-20 10:00:00,10.5,9.271711508433022,False,ok
120,2025-10-21 08:00:00,2025-10-21 10:00:00,10.100000381469728,10.01762847105662,False,ok
120,2025-10-21 14:00:00,2025-10-21 16:00:00,11.0,10.15369518597921,False,ok
120,2025-10-21 20:00:00,2025-10-21 22:00:00,10.0,9.032782594362896,False,ok
120,2025-10-22 08:00:00,2025-10-22 10:00:00,9.300000190734863,9.204947392145792,False,ok
120,2025-10-22 18:00:00,2025-10-22 20:00:00,11.0,9.546432892481484,False,ok
120,2025-10-23 00:00:00,2025-10-23 02:00:00,6.699999809265137,9.204421877861025,False,ok
120,2025-10-23 08:00:00,2025-10-23 10:00:00,9.100000381469728,8.960837642351784,False,ok
120,2025-10-23 19:00:00,2025-10-23 21:00:00,6.5,10.201921145121256,False,ok
120,2025-10-24 08:00:00,2025-10-24 10:00:00,7.0,10.327047030131023,False,ok
120,2025-10-25 08:00:00,2025-10-25 10:00:00,7.199999809265137,10.761432329813635,False,ok
120,2025-10-26 08:00:00,2025-10-26 10:00:00,7.199999809265137,10.197447458902996,False,ok
120,2025-10-27 08:00:00,2025-10-27 10:00:00,10.399999618530272,9.32972435156504,False,ok
120,2025-10-27 13:15:10,2025-10-27 15:15:10,9.600000381469728,10.09731105963389,False,ok
120,2025-10-27 16:46:34,2025-10-27 18:46:34,5.599999904632568,5.832064827283222,False,ok
120,2025-10-27 20:00:00,2025-10-27 22:00:00,7.699999809265137,9.14155387878418,False,ok
120,2025-10-28 08:00:00,2025-10-28 10:00:00,9.899999618530272,9.323927481969196,False,ok
120,2025-10-28 12:00:00,2025-10-28 14:00:00,7.800000190734863,6.48189123471578,False,ok
120,2025-10-29 08:00:00,2025-10-29 10:00:00,9.199999809265137,7.829283793767294,False,ok
120,2025-10-30 08:00:00,2025-10-30 10:00:00,9.899999618530272,8.66255235671997,False,ok
120,2025-10-31 08:00:00,2025-10-31 10:00:00,10.199999809265137,9.55144151051839,False,ok
120,2025-11-01 08:00:00,2025-11-01 10:00:00,7.800000190734863,9.232937415440878,False,ok
120,2025-11-02 08:00:00,2025-11-02 10:00:00,10.100000381469728,9.806214888890588,False,ok
120,2025-11-03 03:00:00,2025-11-03 05:00:00,8.5,8.432881911595661,False,ok
120,2025-11-03 08:00:00,2025-11-03 10:00:00,9.5,9.513237078984575,False,ok
120,2025-11-04 08:00:00,2025-11-04 10:00:00,9.399999618530272,8.896807670593262,False,ok
120,2025-11-05 08:00:00,2025-11-05 10:00:00,8.899999618530273,9.054769396781923,False,ok
120,2025-11-06 08:00:00,2025-11-06 10:00:00,9.600000381469728,9.261480212211609,False,ok
120,2025-11-07 08:00:00,2025-11-07 10:00:00,9.899999618530272,9.420273820559183,False,ok
120,2025-11-08 08:00:00,2025-11-08 10:00:00,8.800000190734863,9.12644855181376,False,ok
120,2025-11-09 08:00:00,2025-11-09 10:00:00,10.5,10.727809667587282,False,ok
120,2025-11-09 11:00:00,2025-11-09 13:00:00,11.199999809265137,9.173654794692991,False,ok
120,2025-11-09 15:00:09,2025-11-09 17:00:09,8.100000381469727,9.887025117874146,False,ok
120,2025-11-09 22:00:00,2025-11-10 00:00:00,7.300000190734863,7.943758726119994,False,ok
120,2025-11-10 08:00:00,2025-11-10 10:00:00,8.100000381469727,7.430380264918008,False,ok
120,2025-11-11 08:00:00,2025-11-11 10:00:00,9.100000381469728,9.05357793966929,False,ok
120,2025-11-12 08:00:00,2025-11-12 10:00:00,11.5,10.921657800674438,False,ok
120,2025-11-12 15:06:58,2025-11-12 17:06:58,8.100000381469727,7.991065065066021,False,ok
120,2025-11-13 08:00:00,2025-11-13 10:00:00,7.300000190734863,10.45014691352844,False,ok
120,2025-11-14 08:00:00,2025-11-14 10:00:00,10.399999618530272,8.923845489819845,False,ok
120,2025-11-14 20:00:00,2025-11-14 22:00:00,8.300000190734863,8.13714571793874,False,ok
120,2025-11-15 08:00:00,2025-11-15 10:00:00,9.199999809265137,8.016788005828857,False,ok
120,2025-11-16 08:00:00,2025-11-16 10:00:00,9.899999618530272,9.30560350418091,False,ok
120,2025-11-17 08:00:00,2025-11-17 10:00:00,9.199999809265137,8.702241619428,False,ok
120,2025-11-18 08:00:00,2025-11-18 10:00:00,9.800000190734863,9.451300382614136,False,ok
120,2025-11-19 08:00:00,2025-11-19 10:00:00,9.699999809265137,8.672440290451052,False,ok
120,2025-11-20 08:00:00,2025-11-20 10:00:00,6.099999904632568,9.73765416940053,False,ok
120,2025-11-21 08:00:00,2025-11-21 10:00:00,10.399999618530272,8.261621713638306,False,ok
120,2025-11-22 08:00:00,2025-11-22 10:00:00,9.300000190734863,9.48314074675242,False,ok
120,2025-11-23 08:00:00,2025-11-23 10:00:00,9.899999618530272,10.086264769236244,False,ok
120,2025-11-23 20:51:00,2025-11-23 22:51:00,9.899999618530272,9.998523871103922,False,ok
120,2025-11-24 00:38:00,2025-11-24 02:38:00,10.699999809265137,8.159783522288004,False,ok
120,2025-11-24 08:00:00,2025-11-24 10:00:00,9.0,8.150506059328714,False,ok
120,2025-11-24 18:00:00,2025-11-24 20:00:00,8.399999618530273,9.989581545193989,False,ok
120,2025-11-25 08:00:00,2025-11-25 10:00:00,9.899999618530272,9.735818823178608,False,ok
120,2025-11-26 08:00:00,2025-11-26 10:00:00,9.699999809265137,9.718953450520832,False,ok
120,2025-11-27 08:00:00,2025-11-27 10:00:00,13.100000381469728,10.763120094935095,False,ok
120,2025-11-27 10:45:00,2025-11-27 12:45:00,10.5,10.655542771021524,False,ok
120,2025-11-27 20:00:00,2025-11-27 22:00:00,8.600000381469727,12.376680930455526,False,ok
120,2025-11-28 08:00:00,2025-11-28 10:00:00,9.0,10.329586823781328,False,ok
120,2025-11-29 08:00:00,2025-11-29 10:00:00,7.300000190734863,8.888787190119423,False,ok
120,2025-11-30 08:00:00,2025-11-30 10:00:00,8.699999809265137,10.40510622660319,False,ok
120,2025-12-01 08:00:00,2025-12-01 10:00:00,7.800000190734863,8.607185959815977,False,ok
120,2025-12-02 08:00:00,2025-12-02 10:00:00,8.399999618530273,8.429547111193337,False,ok
120,2025-12-03 08:00:00,2025-12-03 10:00:00,6.800000190734863,7.739121953646343,False,ok
120,2025-12-04 08:00:00,2025-12-04 10:00:00,7.800000190734863,10.240704377492268,False,ok
120,2025-12-05 08:00:00,2025-12-05 10:00:00,9.0,9.315555373827616,False,ok
120,2025-12-06 08:00:00,2025-12-06 10:00:00,8.300000190734863,7.844581286112467,False,ok
120,2025-12-07 08:00:00,2025-12-07 10:00:00,10.199999809265137,7.028974215189616,False,ok
120,2025-12-08 08:00:00,2025-12-08 10:00:00,8.199999809265137,7.130497733751934,False,ok
120,2025-12-09 08:00:00,2025-12-09 10:00:00,9.100000381469728,7.625670631726585,False,ok
120,2025-12-10 04:00:00,2025-12-10 06:00:00,9.800000190734863,3.1820676724116006,False,ok
120,2025-12-10 07:35:00,2025-12-10 09:35:00,8.0,2.6857455174128213,False,ok
120,2025-12-10 18:00:00,2025-12-10 20:00:00,7.800000190734863,8.66782530148824,False,ok
120,2025-12-11 08:00:00,2025-12-11 10:00:00,7.300000190734863,7.975055297215779,False,ok
120,2025-12-11 15:00:00,2025-12-11 17:00:00,10.5,7.848403533299765,False,ok
120,2025-12-12 08:00:00,2025-12-12 10:00:00,7.599999904632568,9.83973654111226,False,ok
120,2025-12-13 08:00:00,2025-12-13 10:00:00,6.699999809265137,8.494494040807087,False,ok
120,2025-12-14 08:00:00,2025-12-14 10:00:00,6.400000095367432,10.547319253285728,False,ok
120,2025-12-14 12:22:00,2025-12-14 14:22:00,11.0,8.95143540700277,False,ok
120,2025-12-15 08:00:00,2025-12-15 10:00:00,8.800000190734863,7.926075935363769,False,ok
120,2025-12-16 08:00:00,2025-12-16 10:00:00,7.400000095367432,8.488861759503683,False,ok
120,2025-12-17 08:00:00,2025-12-17 10:00:00,8.399999618530273,8.383122523625689,False,ok
120,2025-12-18 08:00:00,2025-12-18 10:00:00,9.300000190734863,9.585405270258583,False,ok
120,2025-12-19 08:00:00,2025-12-19 10:00:00,9.399999618530272,9.098737796147663,False,ok
120,2025-12-20 08:00:00,2025-12-20 10:00:00,9.100000381469728,8.26253040631612,False,ok
120,2025-12-21 08:00:00,2025-12-21 10:00:00,8.800000190734863,7.721590121587119,False,ok
120,2025-12-22 08:00:00,2025-12-22 10:00:00,9.0,7.55187479654948,False,ok
120,2025-12-23 08:00:00,2025-12-23 10:00:00,8.300000190734863,8.030634005864462,False,ok
120,2025-12-24 08:00:00,2025-12-24 10:00:00,5.099999904632568,6.476330121358235,False,ok
120,2025-12-25 08:00:00,2025-12-25 10:00:00,9.0,11.877589384714764,False,ok
120,2025-12-26 08:00:00,2025-12-26 10:00:00,6.199999809265137,8.926821947097778,False,ok
120,2025-12-27 08:00:00,2025-12-27 10:00:00,8.899999618530273,9.577152490615845,False,ok
120,2025-12-28 08:00:00,2025-12-28 10:00:00,10.899999618530272,9.877729415893556,False,ok
120,2025-12-28 22:00:00,2025-12-29 00:00:00,10.5,9.266054987907408,False,ok
120,2025-12-29 00:30:00,2025-12-29 02:30:00,7.900000095367432,8.21011483669281,False,ok
120,2025-12-29 08:00:00,2025-12-29 10:00:00,4.699999809265137,5.494772473971049,False,ok
120,2025-12-30 08:00:00,2025-12-30 10:00:00,9.699999809265137,7.931443611780801,False,ok
120,2025-12-31 08:00:00,2025-12-31 10:00:00,9.0,9.094511489073437,False,ok
180,2025-01-01 07:00:00,2025-01-01 10:00:00,3.5,4.914217631022137,False,ok
180,2025-01-02 07:00:00,2025-01-02 10:00:00,7.099999904632568,7.867366711298625,False,ok
180,2025-01-03 07:00:00,2025-01-03 10:00:00,7.699999809265137,7.022697607676188,False,ok
180,2025-01-04 07:00:00,2025-01-04 10:00:00,5.400000095367432,6.524810949961346,False,ok
180,2025-01-05 07:00:00,2025-01-05 10:00:00,5.300000190734863,4.605196634928386,False,ok
180,2025-01-06 07:00:00,2025-01-06 10:00:00,4.800000190734863,5.47507921854655,False,ok
180,2025-01-07 07:00:00,2025-01-07 10:00:00,5.099999904632568,5.224993864695231,False,ok
180,2025-01-08 07:00:00,2025-01-08 10:00:00,3.5999999046325684,4.202957471211751,False,ok
180,2025-01-09 07:00:00,2025-01-09 10:00:00,3.900000095367432,3.500298341115316,False,ok
180,2025-01-10 07:00:00,2025-01-10 10:00:00,3.5,3.978103955586752,False,ok
180,2025-01-11 07:00:00,2025-01-11 10:00:00,3.5999999046325684,4.249308904012045,False,ok
180,2025-01-12 07:00:00,2025-01-12 10:00:00,4.199999809265137,3.250103473663331,False,ok
180,2025-01-13 07:00:00,2025-01-13 10:00:00,6.0,5.529287656148274,False,ok
180,2025-01-14 07:00:00,2025-01-14 10:00:00,1.600000023841858,3.900000095367432,True,ok
180,2025-01-15 07:00:00,2025-01-15 10:00:00,1.899999976158142,3.599999904632569,True,ok
180,2025-01-16 07:00:00,2025-01-16 10:00:00,7.099999904632568,6.23162317276001,False,ok
180,2025-01-17 07:00:00,2025-01-17 10:00:00,8.199999809265137,7.657600402832031,False,ok
180,2025-01-18 07:00:00,2025-01-18 10:00:00,7.599999904632568,6.872511863708496,False,ok
180,2025-01-19 07:00:00,2025-01-19 10:00:00,6.900000095367432,6.66071112950643,False,ok
180,2025-01-20 07:00:00,2025-01-20 10:00:00,10.600000381469728,9.552379926045736,False,ok
180,2025-01-21 07:00:00,2025-01-21 10:00:00,8.300000190734863,6.935901443163554,False,ok
180,2025-01-22 07:00:00,2025-01-22 10:00:00,6.099999904632568,8.543463985125223,False,ok
180,2025-01-23 07:00:00,2025-01-23 10:00:00,6.099999904632568,10.935352603594463,False,ok
180,2025-01-23 19:00:00,2025-01-23 22:00:00,5.900000095367432,7.684414148330688,False,ok
180,2025-01-24 07:00:00,2025-01-24 10:00:00,6.699999809265137,8.517388025919596,False,ok
180,2025-01-25 07:00:00,2025-01-25 10:00:00,7.5,6.238303979237874,False,ok
180,2025-01-26 07:00:00,2025-01-26 10:00:00,8.899999618530273,7.817268610000611,False,ok
180,2025-01-27 07:00:00,2025-01-27 10:00:00,6.0,7.181720972061157,False,ok
180,2025-01-28 07:00:00,2025-01-28 10:00:00,7.900000095367432,6.990217447280885,False,ok
180,2025-01-29 07:00:00,2025-01-29 10:00:00,6.199999809265137,6.232088327407837,False,ok
180,2025-01-30 07:00:00,2025-01-30 10:00:00,5.900000095367432,7.91739781697591,False,ok
180,2025-01-31 07:00:00,2025-01-31 10:00:00,7.400000095367432,7.677596886952717,False,ok
180,2025-02-01 07:00:00,2025-02-01 10:00:00,9.600000381469728,6.2109575271606445,False,ok
180,2025-02-02 07:00:00,2025-02-02 10:00:00,10.5,9.854554176330566,False,ok
180,2025-02-03 01:48:22,2025-02-03 04:48:22,10.699999809265137,7.0101533730824785,False,ok
180,2025-02-03 07:00:00,2025-02-03 10:00:00,8.5,7.400000095367432,True,ok
180,2025-02-04 07:00:00,2025-02-04 10:00:00,7.099999904632568,9.224044481913248,False,ok
180,2025-02-05 07:00:00,2025-02-05 10:00:00,7.400000095367432,7.98425070444743,False,ok
180,2025-02-07 07:00:00,2025-02-07 10:00:00,8.300000190734863,7.813326517740887,False,ok
180,2025-02-08 07:00:00,2025-02-08 10:00:00,8.100000381469727,7.418987909952797,False,ok
180,2025-02-09 07:00:00,2025-02-09 10:00:00,9.899999618530272,8.836488882700602,False,ok
180,2025-02-10 07:00:00,2025-02-10 10:00:00,9.5,8.59655316670736,False,ok
180,2025-02-11 07:00:00,2025-02-11 10:00:00,6.800000190734863,7.920832951863608,False,ok
180,2025-02-12 07:00:00,2025-02-12 10:00:00,9.600000381469728,9.447341124216717,False,ok
180,2025-02-13 07:00:00,2025-02-13 10:00:00,11.600000381469728,8.40748103459676,False,ok
180,2025-02-13 13:46:39,2025-02-13 16:46:39,8.899999618530273,7.90205176671346,False,ok
180,2025-02-14 07:00:00,2025-02-14 10:00:00,7.0,8.550595124562582,False,ok
180,2025-02-14 19:41:16,2025-02-14 22:41:16,11.899999618530272,4.7002081871032715,False,ok
180,2025-02-14 23:39:46,2025-02-15 02:39:46,8.0,5.6674933433532715,False,ok
180,2025-02-15 07:00:00,2025-02-15 10:00:00,9.100000381469728,6.943627754847208,False,ok
180,2025-02-16 07:00:00,2025-02-16 10:00:00,7.300000190734863,9.871552387873331,False,ok
180,2025-02-17 07:00:00,2025-02-17 10:00:00,8.699999809265137,8.927219867706299,False,ok
180,2025-02-18 07:00:00,2025-02-18 10:00:00,8.5,7.931822935740151,False,ok
180,2025-02-19 07:00:00,2025-02-19 10:00:00,10.199999809265137,8.932830015818276,False,ok
180,2025-02-20 07:00:00,2025-02-20 10:00:00,5.699999809265137,11.59935700893402,False,ok
180,2025-02-21 07:00:00,2025-02-21 10:00:00,9.399999618530272,8.433089415232338,False,ok
180,2025-02-22 07:00:00,2025-02-22 10:00:00,9.100000381469728,9.350819110870365,False,ok
180,2025-02-23 07:00:00,2025-02-23 10:00:00,10.300000190734863,9.671268939971926,False,ok
180,2025-02-24 07:00:00,2025-02-24 10:00:00,9.399999618530272,9.296502590179443,False,ok
180,2025-02-25 07:00:00,2025-02-25 10:00:00,9.399999618530272,9.59762434164683,False,ok
180,2025-02-26 07:00:00,2025-02-26 10:00:00,8.800000190734863,9.211953719456991,False,ok
180,2025-02-27 07:00:00,2025-02-27 10:00:00,10.300000190734863,9.179030974706016,False,ok
180,2025-02-28 07:00:00,2025-02-28 10:00:00,10.600000381469728,9.301813681920372,False,ok
180,2025-03-01 07:00:00,2025-03-01 10:00:00,7.800000190734863,9.763898134231567,False,ok
180,2025-03-02 07:00:00,2025-03-02 10:00:00,10.0,9.36467226346334,False,ok
180,2025-03-03 07:00:00,2025-03-03 10:00:00,8.300000190734863,10.37274193763733,False,ok
180,2025-03-06 07:00:00,2025-03-06 10:00:00,8.5,9.968772729237871,False,ok
180,2025-03-07 07:00:00,2025-03-07 10:00:00,8.399999618530273,9.161245663960774,False,ok
180,2025-03-08 07:00:00,2025-03-08 10:00:00,8.0,7.044972658157349,False,ok
180,2025-03-09 07:00:00,2025-03-09 10:00:00,9.5,9.399738192558289,False,ok
180,2025-03-10 07:00:00,2025-03-10 10:00:00,10.199999809265137,9.76463075478872,False,ok
180,2025-03-11 07:00:00,2025-03-11 10:00:00,8.100000381469727,10.780390540758766,False,ok
180,2025-03-12 07:00:00,2025-03-12 10:00:00,8.600000381469727,9.935090502103169,False,ok
180,2025-03-13 07:00:00,2025-03-13 10:00:00,7.699999809265137,10.248222788174948,False,ok
180,2025-03-14 07:00:00,2025-03-14 10:00:00,9.899999618530272,9.91328187783559,False,ok
180,2025-03-15 07:00:00,2025-03-15 10:00:00,10.399999618530272,10.467956026395164,False,ok
180,2025-03-16 07:00:00,2025-03-16 10:00:00,10.5,10.451788822809856,False,ok
180,2025-03-17 07:00:00,2025-03-17 10:00:00,12.399999618530272,12.568908611933388,False,ok
180,2025-03-18 07:00:00,2025-03-18 10:00:00,12.300000190734863,13.390782038370768,False,ok
180,2025-03-19 07:00:00,2025-03-19 10:00:00,10.300000190734863,10.95845667521159,False,ok
180,2025-03-20 07:00:00,2025-03-20 10:00:00,11.300000190734863,8.614413976669312,False,ok
180,2025-03-21 07:00:00,2025-03-21 10:00:00,9.600000381469728,9.512965917587278,False,ok
180,2025-03-22 07:00:00,2025-03-22 10:00:00,8.800000190734863,9.517846107482908,False,ok
180,2025-03-23 07:00:00,2025-03-23 10:00:00,6.900000095367432,1.2172605196634922,False,ok
180,2025-03-24 03:00:00,2025-03-24 06:00:00,6.800000190734863,8.906771818796793,False,ok
180,2025-03-24 07:00:00,2025-03-24 10:00:00,6.5,9.600000381469725,True,ok
180,2025-03-24 21:01:00,2025-03-25 00:01:00,11.0,6.37727427482605,False,ok
180,2025-03-25 03:00:00,2025-03-25 06:00:00,13.399999618530272,2.2701592445373535,False,ok
180,2025-03-25 07:00:00,2025-03-25 10:00:00,8.100000381469727,5.639706611633301,False,ok
180,2025-03-25 17:00:00,2025-03-25 20:00:00,10.5,8.73158558209737,False,ok
180,2025-03-26 07:00:00,2025-03-26 10:00:00,8.300000190734863,7.897427717844645,False,ok
180,2025-03-26 20:07:57,2025-03-26 23:07:57,10.199999809265137,7.413290699323019,False,ok
180,2025-03-27 07:00:00,2025-03-27 10:00:00,5.400000095367432,7.189249595006308,False,ok
180,2025-03-29 07:00:00,2025-03-29 10:00:00,8.399999618530273,10.576507647832235,False,ok
180,2025-03-30 07:00:00,2025-03-30 10:00:00,10.199999809265137,10.01431926091512,False,ok
180,2025-03-31 07:00:00,2025-03-31 10:00:00,8.600000381469727,10.27879758675893,False,ok
180,2025-04-01 07:00:00,2025-04-01 10:00:00,7.0,11.24914785226186,False,ok
180,2025-04-02 07:00:00,2025-04-02 10:00:00,7.300000190734863,10.931024114290873,False,ok
180,2025-04-03 07:00:00,2025-04-03 10:00:00,9.899999618530272,8.19649036725362,False,ok
180,2025-04-05 07:00:00,2025-04-05 10:00:00,5.800000190734863,9.01503547032674,False,ok
180,2025-04-06 07:00:00,2025-04-06 10:00:00,6.800000190734863,7.978883584340415,False,ok
180,2025-04-07 07:00:00,2025-04-07 10:00:00,7.5,7.593478242556254,False,ok
180,2025-04-08 07:00:00,2025-04-08 10:00:00,6.800000190734863,8.330686608950296,False,ok
180,2025-04-09 07:00:00,2025-04-09 10:00:00,8.100000381469727,8.659063378969828,False,ok
180,2025-04-10 07:00:00,2025-04-10 10:00:00,6.099999904632568,8.135526816050213,False,ok
180,2025-04-11 07:00:00,2025-04-11 10:00:00,7.400000095367432,7.241679747899373,False,ok
180,2025-04-12 07:00:00,2025-04-12 10:00:00,8.699999809265137,6.240468343098958,False,ok
180,2025-04-13 07:00:00,2025-04-13 10:00:00,5.300000190734863,4.1539991696675616,False,ok
180,2025-04-14 07:00:00,2025-04-14 10:00:00,7.699999809265137,6.7218983968098955,False,ok
180,2025-04-15 07:00:00,2025-04-15 10:00:00,8.5,5.555328210194905,False,ok
180,2025-04-16 07:00:00,2025-04-16 10:00:00,7.699999809265137,6.850500663121542,False,ok
180,2025-04-17 07:00:00,2025-04-17 10:00:00,5.199999809265137,5.505271514256795,False,ok
180,2025-04-18 07:00:00,2025-04-18 10:00:00,8.800000190734863,7.431811173756916,False,ok
180,2025-04-18 17:00:00,2025-04-18 20:00:00,10.0,5.707976261774698,False,ok
180,2025-04-19 07:00:00,2025-04-19 10:00:00,8.800000190734863,8.378345410029095,False,ok
180,2025-04-20 07:00:00,2025-04-20 10:00:00,11.800000190734863,8.687047402064005,False,ok
180,2025-04-21 07:00:00,2025-04-21 10:00:00,11.399999618530272,6.733539183934529,False,ok
180,2025-04-22 07:00:00,2025-04-22 10:00:00,10.600000381469728,7.260746558507284,False,ok
180,2025-04-23 07:00:00,2025-04-23 10:00:00,13.5,7.780668099721274,False,ok
180,2025-04-24 07:00:00,2025-04-24 10:00:00,12.399999618530272,7.849547465642293,False,ok
180,2025-04-25 07:00:00,2025-04-25 10:00:00,9.399999618530272,8.268670320510866,False,ok
180,2025-04-26 03:00:00,2025-04-26 06:00:00,9.0,9.42468333244324,False,ok
180,2025-04-26 07:00:00,2025-04-26 10:00:00,9.5,9.353728055953978,False,ok
180,2025-04-27 07:00:00,2025-04-27 10:00:00,7.699999809265137,9.341743230819702,False,ok
180,2025-04-28 07:00:00,2025-04-28 10:00:00,10.0,8.544956843058268,False,ok
180,2025-04-29 07:00:00,2025-04-29 10:00:00,7.5,9.269647359848022,False,ok
180,2025-04-30 07:00:00,2025-04-30 10:00:00,6.5,8.705615441004438,False,ok
180,2025-05-01 07:00:00,2025-05-01 10:00:00,11.300000190734863,9.288920760154724,False,ok
180,2025-05-02 07:00:00,2025-05-02 10:00:00,8.300000190734863,9.65666902065277,False,ok
180,2025-05-03 07:00:00,2025-05-03 10:00:00,9.899999618530272,9.323421279589336,False,ok
180,2025-05-04 07:00:00,2025-05-04 10:00:00,8.399999618530273,8.54329470793406,False,ok
180,2025-05-05 07:00:00,2025-05-05 10:00:00,8.600000381469727,8.44864829381307,False,ok
180,2025-05-06 07:00:00,2025-05-06 10:00:00,8.5,8.482059756914774,False,ok
180,2025-05-07 07:00:00,2025-05-07 10:00:00,9.699999809265137,8.911607066790264,False,ok
180,2025-05-08 07:00:00,2025-05-08 10:00:00,9.399999618530272,9.12002917130788,False,ok
180,2025-05-09 07:00:00,2025-05-09 10:00:00,9.699999809265137,9.025421818097431,False,ok
180,2025-05-10 07:00:00,2025-05-10 10:00:00,9.199999809265137,8.616918365160625,False,ok
180,2025-05-11 07:00:00,2025-05-11 10:00:00,11.0,9.16174793243408,False,ok
180,2025-05-11 11:00:00,2025-05-11 14:00:00,8.699999809265137,9.229899406433104,False,ok
180,2025-05-12 07:00:00,2025-05-12 10:00:00,9.399999618530272,9.36679458618164,False,ok
180,2025-05-13 07:00:00,2025-05-13 10:00:00,8.699999809265137,9.4667387008667,False,ok
180,2025-05-14 07:00:00,2025-05-14 10:00:00,9.199999809265137,8.85931396484375,False,ok
180,2025-05-15 07:00:00,2025-05-15 10:00:00,8.300000190734863,8.396496772766115,False,ok
180,2025-05-16 07:00:00,2025-05-16 10:00:00,9.0,8.96906892458598,False,ok
180,2025-05-17 07:00:00,2025-05-17 10:00:00,6.800000190734863,6.189614534378052,False,ok
180,2025-05-18 07:00:00,2025-05-18 10:00:00,7.900000095367432,8.342936436335249,False,ok
180,2025-05-18 23:00:00,2025-05-19 02:00:00,6.900000095367432,8.898925701777143,False,ok
180,2025-05-19 07:00:00,2025-05-19 10:00:00,7.599999904632568,7.774096330006916,False,ok
180,2025-05-20 07:00:00,2025-05-20 10:00:00,11.300000190734863,9.448740084966024,False,ok
180,2025-05-21 07:00:00,2025-05-21 10:00:00,10.199999809265137,7.676263411839803,False,ok
180,2025-05-21 19:02:41,2025-05-21 22:02:41,9.0,8.969350179036459,False,ok
180,2025-05-22 07:00:00,2025-05-22 10:00:00,8.800000190734863,7.757950146993,False,ok
180,2025-05-23 07:00:00,2025-05-23 10:00:00,10.0,10.156535228093464,False,ok
180,2025-05-24 07:00:00,2025-05-24 10:00:00,8.0,9.37297256787618,False,ok
180,2025-05-25 07:00:00,2025-05-25 10:00:00,8.300000190734863,9.639416535695393,False,ok
180,2025-05-26 07:00:00,2025-05-26 10:00:00,6.699999809265137,9.860640207926432,False,ok
180,2025-05-27 07:00:00,2025-05-27 10:00:00,9.199999809265137,8.417073408762612,False,ok
180,2025-05-28 07:00:00,2025-05-28 10:00:00,7.5,8.212640921274819,False,ok
180,2025-05-29 07:00:00,2025-05-29 10:00:00,8.699999809265137,8.966900507609047,False,ok
180,2025-05-30 07:00:00,2025-05-30 10:00:00,10.0,8.105063120524088,False,ok
180,2025-05-31 07:00:00,2025-05-31 10:00:00,6.800000190734863,7.496981779734292,False,ok
180,2025-06-01 07:00:00,2025-06-01 10:00:00,8.699999809265137,7.091959635416665,False,ok
180,2025-06-02 07:00:00,2025-06-02 10:00:00,8.399999618530273,7.069116632143657,False,ok
180,2025-06-03 07:00:00,2025-06-03 10:00:00,23.299999237060547,7.598245183626812,False,ok
180,2025-06-03 14:30:00,2025-06-03 17:30:00,8.5,7.762734373410542,False,ok
180,2025-06-04 07:00:00,2025-06-04 10:00:00,6.900000095367432,8.88996080557505,False,ok
180,2025-06-05 07:00:00,2025-06-05 10:00:00,9.199999809265137,9.229624311129252,False,ok
180,2025-06-06 07:00:00,2025-06-06 10:00:00,8.800000190734863,8.846810380617779,False,ok
180,2025-06-07 07:00:00,2025-06-07 10:00:00,9.100000381469728,10.115099430084229,False,ok
180,2025-06-08 07:00:00,2025-06-08 10:00:00,9.100000381469728,9.84778694311778,False,ok
180,2025-06-09 07:00:00,2025-06-09 10:00:00,9.300000190734863,9.085907220840456,False,ok
180,2025-06-10 07:00:00,2025-06-10 10:00:00,8.800000190734863,9.337399641672771,False,ok
180,2025-06-11 07:00:00,2025-06-11 10:00:00,7.800000190734863,9.16025964419047,False,ok
180,2025-06-12 07:00:00,2025-06-12 10:00:00,9.899999618530272,9.098090887069702,False,ok
180,2025-06-13 07:00:00,2025-06-13 10:00:00,9.199999809265137,7.869002103805542,False,ok
180,2025-06-14 07:00:00,2025-06-14 10:00:00,8.300000190734863,9.28855872154236,False,ok
180,2025-06-15 07:00:00,2025-06-15 10:00:00,8.0,7.7781827449798575,False,ok
180,2025-06-16 07:00:00,2025-06-16 10:00:00,9.600000381469728,8.876533269882204,False,ok
180,2025-06-17 07:00:00,2025-06-17 10:00:00,9.300000190734863,8.179763555526735,False,ok
180,2025-06-18 07:00:00,2025-06-18 10:00:00,8.5,9.059959014256794,False,ok
180,2025-06-19 07:00:00,2025-06-19 10:00:00,10.600000381469728,9.37333639462789,False,ok
180,2025-06-20 07:00:00,2025-06-20 10:00:00,8.300000190734863,8.637277205785114,False,ok
180,2025-06-21 07:00:00,2025-06-21 10:00:00,3.200000047683716,8.599085927009584,False,ok
180,2025-06-21 12:57:36,2025-06-21 15:57:36,8.399999618530273,5.325865387916564,False,ok
180,2025-06-22 07:00:00,2025-06-22 10:00:00,7.699999809265137,6.95584777990977,False,ok
180,2025-06-23 07:00:00,2025-06-23 10:00:00,7.599999904632568,7.880768338839212,False,ok
180,2025-06-24 07:00:00,2025-06-24 10:00:00,9.199999809265137,8.876330892244976,False,ok
180,2025-06-25 07:00:00,2025-06-25 10:00:00,8.5,8.44111482302348,False,ok
180,2025-06-26 07:00:00,2025-06-26 10:00:00,7.199999809265137,7.172762314478557,False,ok
180,2025-06-27 07:00:00,2025-06-27 10:00:00,8.899999618530273,7.762986580530803,False,ok
180,2025-06-28 07:00:00,2025-06-28 10:00:00,9.800000190734863,7.518578926722209,False,ok
180,2025-06-29 07:00:00,2025-06-29 10:00:00,8.5,7.739075104395549,False,ok
180,2025-06-30 07:00:00,2025-06-30 10:00:00,8.0,7.870166420936585,False,ok
180,2025-07-01 07:00:00,2025-07-01 10:00:00,8.199999809265137,8.21419358253479,False,ok
180,2025-07-02 07:00:00,2025-07-02 10:00:00,8.800000190734863,8.533199548721313,False,ok
180,2025-07-03 07:00:00,2025-07-03 10:00:00,9.300000190734863,8.014502922693888,False,ok
180,2025-07-04 07:00:00,2025-07-04 10:00:00,9.399999618530272,8.063731590906778,False,ok
180,2025-07-05 07:00:00,2025-07-05 10:00:00,8.600000381469727,10.044500907262163,False,ok
180,2025-07-06 07:00:00,2025-07-06 10:00:00,9.300000190734863,8.175119082132973,False,ok
180,2025-07-07 07:00:00,2025-07-07 10:00:00,8.5,8.919339696566267,False,ok
180,2025-07-08 07:00:00,2025-07-08 10:00:00,9.199999809265137,8.8674559990565,False,ok
180,2025-07-09 07:00:00,2025-07-09 10:00:00,8.199999809265137,8.364982644716896,False,ok
180,2025-07-10 07:00:00,2025-07-10 10:00:00,7.599999904632568,8.548885305722552,False,ok
180,2025-07-11 07:00:00,2025-07-11 10:00:00,9.100000381469728,9.428581198056538,False,ok
180,2025-07-12 07:00:00,2025-07-12 10:00:00,8.800000190734863,8.549652616182964,False,ok
180,2025-07-13 07:00:00,2025-07-13 10:00:00,8.5,9.02795461813609,False,ok
180,2025-07-14 07:00:00,2025-07-14 10:00:00,9.800000190734863,10.242484966913858,False,ok
180,2025-07-15 07:00:00,2025-07-15 10:00:00,9.399999618530272,10.40270702044169,False,ok
180,2025-07-16 07:00:00,2025-07-16 10:00:00,9.100000381469728,9.27885893980662,False,ok
180,2025-07-17 07:00:00,2025-07-17 10:00:00,8.100000381469727,9.394214431444802,False,ok
180,2025-07-18 07:00:00,2025-07-18 10:00:00,9.399999618530272,8.959973136583965,False,ok
180,2025-07-19 07:00:00,2025-07-19 10:00:00,7.900000095367432,8.978386680285135,False,ok
180,2025-07-20 07:00:00,2025-07-20 10:00:00,9.5,8.765291968981424,False,ok
180,2025-07-21 07:00:00,2025-07-21 10:00:00,9.300000190734863,9.487817684809364,False,ok
180,2025-07-22 07:00:00,2025-07-22 10:00:00,9.899999618530272,8.516206701596579,False,ok
180,2025-07-23 07:00:00,2025-07-23 10:00:00,8.5,8.382498105367024,False,ok
180,2025-07-24 07:00:00,2025-07-24 10:00:00,8.199999809265137,8.943275769551594,False,ok
180,2025-07-24 10:00:00,2025-07-24 13:00:00,120.0,8.956245740254717,False,ok
180,2025-07-24 10:15:00,2025-07-24 13:15:00,45.900001525878906,8.892156918843588,False,ok
180,2025-07-24 12:20:00,2025-07-24 15:20:00,2.0999999046325684,10.111371358235678,False,ok
180,2025-07-25 07:00:00,2025-07-25 10:00:00,9.600000381469728,9.309077819188436,False,ok
180,2025-07-26 07:00:00,2025-07-26 10:00:00,7.300000190734863,6.6059008439381905,False,ok
180,2025-07-27 07:00:00,2025-07-27 10:00:00,8.899999618530273,8.203509092330934,False,ok
180,2025-07-28 07:00:00,2025-07-28 10:00:00,10.199999809265137,9.676654815673828,False,ok
180,2025-07-28 13:00:00,2025-07-28 16:00:00,35.099998474121094,18.55754089355469,False,ok
180,2025-07-28 18:26:26,2025-07-28 21:26:26,3.5,12.881187955538431,False,ok
180,2025-07-29 07:00:00,2025-07-29 10:00:00,8.300000190734863,10.021705349286396,False,ok
180,2025-07-30 07:00:00,2025-07-30 10:00:00,10.0,8.947607715924581,False,ok
180,2025-07-31 07:00:00,2025-07-31 10:00:00,6.599999904632568,12.13908072312673,False,ok
180,2025-08-01 07:00:00,2025-08-01 10:00:00,5.300000190734863,10.422180136044815,False,ok
180,2025-08-03 07:00:00,2025-08-03 10:00:00,10.199999809265137,10.070454557736712,False,ok
180,2025-08-04 07:00:00,2025-08-04 10:00:00,7.5,10.801283280054728,False,ok
180,2025-08-05 07:00:00,2025-08-05 10:00:00,6.599999904632568,11.301472743352257,False,ok
180,2025-08-05 11:05:08,2025-08-05 14:05:08,3.5999999046325684,18.9331370194753,False,ok
180,2025-08-06 07:00:00,2025-08-06 10:00:00,7.900000095367432,9.45269016424815,False,ok
180,2025-08-07 07:00:00,2025-08-07 10:00:00,6.300000190734863,3.990498105684917,False,ok
180,2025-08-08 07:00:00,2025-08-08 10:00:00,7.400000095367432,7.786935806274412,False,ok
180,2025-08-09 07:00:00,2025-08-09 10:00:00,7.599999904632568,8.620091438293457,False,ok
180,2025-08-10 07:00:00,2025-08-10 10:00:00,9.300000190734863,8.378135800361632,False,ok
180,2025-08-12 07:00:00,2025-08-12 10:00:00,8.0,8.09004783630371,False,ok
180,2025-08-13 07:00:00,2025-08-13 10:00:00,9.199999809265137,9.143745501836143,False,ok
180,2025-08-14 07:00:00,2025-08-14 10:00:00,10.5,10.524225314458212,False,ok
180,2025-08-14 11:00:00,2025-08-14 14:00:00,11.800000190734863,0.4703850348790492,False,ok
180,2025-08-14 17:00:00,2025-08-14 20:00:00,4.699999809265137,8.904906233151756,False,ok
180,2025-08-15 07:00:00,2025-08-15 10:00:00,8.100000381469727,7.634379347165424,False,ok
180,2025-08-16 07:00:00,2025-08-16 10:00:00,8.300000190734863,5.45694096883138,False,ok
180,2025-08-16 17:00:00,2025-08-16 20:00:00,5.199999809265137,9.762797236442568,False,ok
180,2025-08-17 07:00:00,2025-08-17 10:00:00,7.900000095367432,8.088693896929422,False,ok
180,2025-08-18 07:00:00,2025-08-18 10:00:00,9.199999809265137,9.249160091082254,False,ok
180,2025-08-19 07:00:00,2025-08-19 10:00:00,6.699999809265137,10.223986506462095,False,ok
180,2025-08-20 07:00:00,2025-08-20 10:00:00,7.099999904632568,12.03450858592987,False,ok
180,2025-08-21 07:00:00,2025-08-21 10:00:00,6.599999904632568,10.635998606681824,False,ok
180,2025-08-22 07:00:00,2025-08-22 10:00:00,8.5,6.447332739830017,False,ok
180,2025-08-23 07:00:00,2025-08-23 10:00:00,11.399999618530272,7.623058199882507,False,ok
180,2025-08-23 19:00:00,2025-08-23 22:00:00,8.899999618530273,6.989579359690348,False,ok
180,2025-08-24 07:00:00,2025-08-24 10:00:00,9.399999618530272,8.113683780034386,False,ok
180,2025-08-25 07:00:00,2025-08-25 10:00:00,10.899999618530272,9.894207596778868,False,ok
180,2025-08-27 07:00:00,2025-08-27 10:00:00,8.699999809265137,10.223000566164655,False,ok
180,2025-08-27 19:00:00,2025-08-27 22:00:00,9.300000190734863,7.3003874222437535,False,ok
180,2025-08-28 07:00:00,2025-08-28 10:00:00,7.800000190734863,8.025729378064474,False,ok
180,2025-08-29 07:00:00,2025-08-29 10:00:00,8.0,8.91992398103078,False,ok
180,2025-08-30 07:00:00,2025-08-30 10:00:00,11.100000381469728,9.217570344607037,False,ok
180,2025-08-31 07:00:00,2025-08-31 10:00:00,8.600000381469727,9.508028030395508,False,ok
180,2025-09-01 07:00:00,2025-09-01 10:00:00,7.599999904632568,10.988990783691406,False,ok
180,2025-09-02 07:00:00,2025-09-02 10:00:00,7.199999809265137,9.760688821474709,False,ok
180,2025-09-03 07:00:00,2025-09-03 10:00:00,10.699999809265137,8.136921445528666,False,ok
180,2025-09-04 07:00:00,2025-09-04 10:00:00,7.300000190734863,4.072056810061136,False,ok
180,2025-09-05 07:00:00,2025-09-05 10:00:00,9.699999809265137,8.1378790140152,False,ok
180,2025-09-06 07:00:00,2025-09-06 10:00:00,11.699999809265137,6.924452741940817,False,ok
180,2025-09-07 07:00:00,2025-09-07 10:00:00,10.699999809265137,9.510506590207418,False,ok
180,2025-09-08 07:00:00,2025-09-08 10:00:00,9.800000190734863,8.210549354553223,False,ok
180,2025-09-09 07:00:00,2025-09-09 10:00:00,8.399999618530273,8.595035433769226,False,ok
180,2025-09-10 07:00:00,2025-09-10 10:00:00,10.100000381469728,10.120128711064655,False,ok
180,2025-09-11 07:00:00,2025-09-11 10:00:00,8.699999809265137,8.924276471138002,False,ok
180,2025-09-12 07:00:00,2025-09-12 10:00:00,9.899999618530272,9.544310688972471,False,ok
180,2025-09-13 07:00:00,2025-09-13 10:00:00,9.800000190734863,9.622007489204409,False,ok
180,2025-09-14 07:00:00,2025-09-14 10:00:00,9.899999618530272,9.094749569892883,False,ok
180,2025-09-15 07:00:00,2025-09-15 10:00:00,8.300000190734863,9.809905608495075,False,ok
180,2025-09-16 07:00:00,2025-09-16 10:00:00,9.199999809265137,9.280388434727984,False,ok
180,2025-09-17 07:00:00,2025-09-17 10:00:00,9.300000190734863,9.1802521944046,False,ok
180,2025-09-18 07:00:00,2025-09-18 10:00:00,9.600000381469728,8.474281350771586,False,ok
180,2025-09-19 07:00:00,2025-09-19 10:00:00,9.600000381469728,9.233428994814552,False,ok
180,2025-09-20 07:00:00,2025-09-20 10:00:00,8.5,8.927686770757038,False,ok
180,2025-09-21 07:00:00,2025-09-21 10:00:00,7.599999904632568,9.807992617289226,False,ok
180,2025-09-22 07:00:00,2025-09-22 10:00:00,8.899999618530273,9.378414789835611,False,ok
180,2025-09-23 07:00:00,2025-09-23 10:00:00,10.199999809265137,9.6779572168986,False,ok
180,2025-09-24 07:00:00,2025-09-24 10:00:00,10.5,8.201162974039717,False,ok
180,2025-09-25 07:00:00,2025-09-25 10:00:00,9.800000190734863,8.932349522908527,False,ok
180,2025-09-26 07:00:00,2025-09-26 10:00:00,7.599999904632568,9.547249476114912,False,ok
180,2025-09-27 07:00:00,2025-09-27 10:00:00,8.399999618530273,8.785813013712566,False,ok
180,2025-09-28 07:00:00,2025-09-28 10:00:00,9.399999618530272,9.125393629074098,False,ok
180,2025-09-28 14:00:00,2025-09-28 17:00:00,15.300000190734863,11.62174201011658,False,ok
180,2025-09-28 17:00:00,2025-09-28 20:00:00,8.300000190734863,6.390010595321655,False,ok
180,2025-09-29 07:00:00,2025-09-29 10:00:00,9.199999809265137,9.46207014719645,False,ok
180,2025-09-30 07:00:00,2025-09-30 10:00:00,8.300000190734863,8.925098578135172,False,ok
180,2025-10-01 07:00:00,2025-10-01 10:00:00,9.800000190734863,9.699933687845864,False,ok
180,2025-10-02 07:00:00,2025-10-02 10:00:00,9.699999809265137,9.452050924301147,False,ok
180,2025-10-03 07:00:00,2025-10-03 10:00:00,10.399999618530272,9.54226311047872,False,ok
180,2025-10-05 07:00:00,2025-10-05 10:00:00,9.699999809265137,8.078442653020225,False,ok
180,2025-10-06 07:00:00,2025-10-06 10:00:00,9.800000190734863,8.811444203058882,False,ok
180,2025-10-06 11:00:00,2025-10-06 14:00:00,5.199999809265137,9.042622009913128,False,ok
180,2025-10-07 07:00:00,2025-10-07 10:00:00,9.300000190734863,8.652742783228557,False,ok
180,2025-10-08 07:00:00,2025-10-08 10:00:00,9.800000190734863,9.31616473197937,False,ok
180,2025-10-09 07:00:00,2025-10-09 10:00:00,12.699999809265137,9.322899580001833,False,ok
180,2025-10-09 13:00:00,2025-10-09 16:00:00,8.699999809265137,9.242156744003296,False,ok
180,2025-10-09 19:00:00,2025-10-09 22:00:00,9.0,10.660401741663618,False,ok
180,2025-10-10 07:00:00,2025-10-10 10:00:00,10.199999809265137,10.773021141688028,False,ok
180,2025-10-10 17:00:00,2025-10-10 20:00:00,9.600000381469728,9.303388635317486,False,ok
180,2025-10-11 07:00:00,2025-10-11 10:00:00,9.0,8.502010067303976,False,ok
180,2025-10-12 07:00:00,2025-10-12 10:00:00,10.5,9.506430586179096,False,ok
180,2025-10-14 07:00:00,2025-10-14 10:00:00,9.199999809265137,9.772288282712298,False,ok
180,2025-10-15 07:00:00,2025-10-15 10:00:00,9.100000381469728,10.001236637433369,False,ok
180,2025-10-16 07:00:00,2025-10-16 10:00:00,12.199999809265137,8.866750200589497,False,ok
180,2025-10-16 12:00:00,2025-10-16 15:00:00,9.699999809265137,8.377449949582415,False,ok
180,2025-10-17 07:00:00,2025-10-17 10:00:00,10.399999618530272,9.57404061158498,False,ok
180,2025-10-18 07:00:00,2025-10-18 10:00:00,10.800000190734863,9.39970338344574,False,ok
180,2025-10-18 13:00:00,2025-10-18 16:00:00,8.0,10.206305384635924,False,ok
180,2025-10-19 07:00:00,2025-10-19 10:00:00,6.5,8.49043071269989,False,ok
180,2025-10-20 07:00:00,2025-10-20 10:00:00,10.5,8.955979983011883,False,ok
180,2025-10-21 07:00:00,2025-10-21 10:00:00,10.100000381469728,10.614253322283426,False,ok
180,2025-10-21 13:00:00,2025-10-21 16:00:00,11.0,10.261001388231913,False,ok
180,2025-10-21 19:00:00,2025-10-21 22:00:00,10.0,9.36636980374654,False,ok
180,2025-10-22 07:00:00,2025-10-22 10:00:00,9.300000190734863,9.290840546290076,False,ok
180,2025-10-22 17:00:00,2025-10-22 20:00:00,11.0,9.364848057428995,False,ok
180,2025-10-22 23:00:00,2025-10-23 02:00:00,6.699999809265137,9.744325558344524,False,ok
180,2025-10-23 07:00:00,2025-10-23 10:00:00,9.100000381469728,8.783225814501446,False,ok
180,2025-10-23 18:00:00,2025-10-23 21:00:00,6.5,10.908425013224283,False,ok
180,2025-10-24 07:00:00,2025-10-24 10:00:00,7.0,10.723025004069008,False,ok
180,2025-10-25 07:00:00,2025-10-25 10:00:00,7.199999809265137,9.996684233347573,False,ok
180,2025-10-26 07:00:00,2025-10-26 10:00:00,7.199999809265137,9.855586210886637,False,ok
180,2025-10-27 07:00:00,2025-10-27 10:00:00,10.399999618530272,9.679161111513771,False,ok
180,2025-10-27 12:15:10,2025-10-27 15:15:10,9.600000381469728,9.84889272848765,False,ok
180,2025-10-27 15:46:34,2025-10-27 18:46:34,5.599999904632568,8.052022178967794,False,ok
180,2025-10-27 19:00:00,2025-10-27 22:00:00,7.699999809265137,8.155410011609392,False,ok
180,2025-10-28 07:00:00,2025-10-28 10:00:00,9.899999618530272,8.599876006444294,False,ok
180,2025-10-28 11:00:00,2025-10-28 14:00:00,7.800000190734863,6.282758315404256,False,ok
180,2025-10-29 07:00:00,2025-10-29 10:00:00,9.199999809265137,7.33183201154073,False,ok
180,2025-10-30 07:00:00,2025-10-30 10:00:00,9.899999618530272,8.181886196136476,False,ok
180,2025-10-31 07:00:00,2025-10-31 10:00:00,10.199999809265137,9.386231740315752,False,ok
180,2025-11-01 07:00:00,2025-11-01 10:00:00,7.800000190734863,9.475089152654013,False,ok
180,2025-11-02 07:00:00,2025-11-02 10:00:00,10.100000381469728,9.420918544133505,False,ok
180,2025-11-03 02:00:00,2025-11-03 05:00:00,8.5,8.482511599858602,False,ok
180,2025-11-03 07:00:00,2025-11-03 10:00:00,9.5,9.1714297135671,False,ok
180,2025-11-04 07:00:00,2025-11-04 10:00:00,9.399999618530272,9.689526081085203,False,ok
180,2025-11-05 07:00:00,2025-11-05 10:00:00,8.899999618530273,9.571482062339784,False,ok
180,2025-11-06 07:00:00,2025-11-06 10:00:00,9.600000381469728,9.723835825920103,False,ok
180,2025-11-07 07:00:00,2025-11-07 10:00:00,9.899999618530272,10.248851815859478,False,ok
180,2025-11-08 07:00:00,2025-11-08 10:00:00,8.800000190734863,9.913597027460735,False,ok
180,2025-11-09 07:00:00,2025-11-09 10:00:00,10.5,8.91697430610657,False,ok
180,2025-11-09 10:00:00,2025-11-09 13:00:00,11.199999809265137,8.434280633926393,False,ok
180,2025-11-09 14:00:09,2025-11-09 17:00:09,8.100000381469727,10.49052882194519,False,ok
180,2025-11-09 21:00:00,2025-11-10 00:00:00,7.300000190734863,8.277893940607708,False,ok
180,2025-11-10 07:00:00,2025-11-10 10:00:00,8.100000381469727,9.15009824434916,False,ok
180,2025-11-11 07:00:00,2025-11-11 10:00:00,9.100000381469728,9.677681485811872,False,ok
180,2025-11-12 07:00:00,2025-11-12 10:00:00,11.5,10.299843072891235,False,ok
180,2025-11-12 14:06:58,2025-11-12 17:06:58,8.100000381469727,8.839185277620953,False,ok
180,2025-11-13 07:00:00,2025-11-13 10:00:00,7.300000190734863,10.342569589614866,False,ok
180,2025-11-14 07:00:00,2025-11-14 10:00:00,10.399999618530272,9.290563782056172,False,ok
180,2025-11-14 19:00:00,2025-11-14 22:00:00,8.300000190734863,8.379075249036154,False,ok
180,2025-11-15 07:00:00,2025-11-15 10:00:00,9.199999809265137,8.931945323944094,False,ok
180,2025-11-16 07:00:00,2025-11-16 10:00:00,9.899999618530272,8.901233196258543,False,ok
180,2025-11-17 07:00:00,2025-11-17 10:00:00,9.199999809265137,9.562941273053484,False,ok
180,2025-11-18 07:00:00,2025-11-18 10:00:00,9.800000190734863,9.934632062911987,False,ok
180,2025-11-19 07:00:00,2025-11-19 10:00:00,9.699999809265137,9.21135687828064,False,ok
180,2025-11-20 07:00:00,2025-11-20 10:00:00,6.099999904632568,10.305561502774554,False,ok
180,2025-11-21 07:00:00,2025-11-21 10:00:00,10.399999618530272,8.822245836257933,False,ok
180,2025-11-22 07:00:00,2025-11-22 10:00:00,9.300000190734863,9.368696490923565,False,ok
180,2025-11-23 07:00:00,2025-11-23 10:00:00,9.899999618530272,9.008961359659832,False,ok
180,2025-11-23 19:51:00,2025-11-23 22:51:00,9.899999618530272,8.340605894724526,False,ok
180,2025-11-23 23:38:00,2025-11-24 02:38:00,10.699999809265137,9.274472395579018,False,ok
180,2025-11-24 07:00:00,2025-11-24 10:00:00,9.0,8.372457544008892,False,ok
180,2025-11-24 17:00:00,2025-11-24 20:00:00,8.399999618530273,10.283322294553118,False,ok
180,2025-11-25 07:00:00,2025-11-25 10:00:00,9.899999618530272,9.91481109460195,False,ok
180,2025-11-26 07:00:00,2025-11-26 10:00:00,9.699999809265137,9.92903931935628,False,ok
180,2025-11-27 07:00:00,2025-11-27 10:00:00,13.100000381469728,10.997432152430216,False,ok
180,2025-11-27 09:45:00,2025-11-27 12:45:00,10.5,11.144602219263714,False,ok
180,2025-11-27 19:00:00,2025-11-27 22:00:00,8.600000381469727,12.166102965672808,False,ok
180,2025-11-28 07:00:00,2025-11-28 10:00:00,9.0,10.380935509999594,False,ok
180,2025-11-29 07:00:00,2025-11-29 10:00:00,7.300000190734863,8.889781872431437,False,ok
180,2025-11-30 07:00:00,2025-11-30 10:00:00,8.699999809265137,10.01980988184611,False,ok
180,2025-12-01 07:00:00,2025-12-01 10:00:00,7.800000190734863,8.349309563636782,False,ok
180,2025-12-02 07:00:00,2025-12-02 10:00:00,8.399999618530273,8.565526763598124,False,ok
180,2025-12-03 07:00:00,2025-12-03 10:00:00,6.800000190734863,7.8203182617823295,False,ok
180,2025-12-04 07:00:00,2025-12-04 10:00:00,7.800000190734863,11.142526467641195,False,ok
180,2025-12-05 07:00:00,2025-12-05 10:00:00,9.0,9.983526031176252,False,ok
180,2025-12-06 07:00:00,2025-12-06 10:00:00,8.300000190734863,8.662287394205732,False,ok
180,2025-12-07 07:00:00,2025-12-07 10:00:00,10.199999809265137,7.028211275736492,False,ok
180,2025-12-08 07:00:00,2025-12-08 10:00:00,8.199999809265137,6.5529349247614554,False,ok
180,2025-12-09 07:00:00,2025-12-09 10:00:00,9.100000381469728,8.749514778455099,False,ok
180,2025-12-10 03:00:00,2025-12-10 06:00:00,9.800000190734863,3.068386117617289,False,ok
180,2025-12-10 06:35:00,2025-12-10 09:35:00,8.0,2.932512084643046,False,ok
180,2025-12-10 17:00:00,2025-12-10 20:00:00,7.800000190734863,8.185633261998495,False,ok
180,2025-12-11 07:00:00,2025-12-11 10:00:00,7.300000190734863,8.225307067235308,False,ok
180,2025-12-11 14:00:00,2025-12-11 17:00:00,10.5,6.748974402745565,False,ok
180,2025-12-12 07:00:00,2025-12-12 10:00:00,7.599999904632568,11.016224463780718,False,ok
180,2025-12-13 07:00:00,2025-12-13 10:00:00,6.699999809265137,11.042165358861288,False,ok
180,2025-12-14 07:00:00,2025-12-14 10:00:00,6.400000095367432,10.426585992177328,False,ok
180,2025-12-14 11:22:00,2025-12-14 14:22:00,11.0,9.19534953435262,False,ok
180,2025-12-15 07:00:00,2025-12-15 10:00:00,8.800000190734863,7.62012815475464,False,ok
180,2025-12-16 07:00:00,2025-12-16 10:00:00,7.400000095367432,8.073607166608172,False,ok
180,2025-12-17 07:00:00,2025-12-17 10:00:00,8.399999618530273,8.60972221692403,False,ok
180,2025-12-18 07:00:00,2025-12-18 10:00:00,9.300000190734863,9.051331440607706,False,ok
180,2025-12-19 07:00:00,2025-12-19 10:00:00,9.399999618530272,8.848319133122764,False,ok
180,2025-12-20 07:00:00,2025-12-20 10:00:00,9.100000381469728,7.469393809636435,False,ok
180,2025-12-21 07:00:00,2025-12-21 10:00:00,8.800000190734863,7.70785673459371,False,ok
180,2025-12-22 07:00:00,2025-12-22 10:00:00,9.0,7.966926733652751,False,ok
180,2025-12-23 07:00:00,2025-12-23 10:00:00,8.300000190734863,7.804506381352744,False,ok
180,2025-12-24 07:00:00,2025-12-24 10:00:00,5.099999904632568,7.05465586980184,False,ok
180,2025-12-25 07:00:00,2025-12-25 10:00:00,9.0,12.151545683542889,False,ok
180,2025-12-26 07:00:00,2025-12-26 10:00:00,6.199999809265137,8.347224950790407,False,ok
180,2025-12-27 07:00:00,2025-12-27 10:00:00,8.899999618530273,9.83093285560608,False,ok
180,2025-12-28 07:00:00,2025-12-28 10:00:00,10.899999618530272,9.380215644836424,False,ok
180,2025-12-28 21:00:00,2025-12-29 00:00:00,10.5,8.994440913200378,False,ok
180,2025-12-28 23:30:00,2025-12-29 02:30:00,7.900000095367432,9.017127871513368,False,ok
180,2025-12-29 07:00:00,2025-12-29 10:00:00,4.699999809265137,5.052256862322489,False,ok
180,2025-12-30 07:00:00,2025-12-30 10:00:00,9.699999809265137,8.78672448794047,False,ok
180,2025-12-31 07:00:00,2025-12-31 10:00:00,9.0,9.120452384154005,False,ok
0,2026-01-01 10:00:00,2026-01-01 10:00:00,8.899999618530273,8.277706007162728,False,ok
0,2026-01-02 10:00:00,2026-01-02 10:00:00,9.100000381469728,9.38899048169454,False,ok
0,2026-01-03 10:00:00,2026-01-03 10:00:00,10.600000381469728,9.301655610402426,False,ok
0,2026-01-03 14:58:15,2026-01-03 14:58:15,8.699999809265137,8.357384324073793,False,ok
0,2026-01-04 10:00:00,2026-01-04 10:00:00,8.100000381469727,8.179223974545796,False,ok
0,2026-01-04 18:00:00,2026-01-04 18:00:00,6.800000190734863,6.898757656415304,False,ok
0,2026-01-05 10:00:00,2026-01-05 10:00:00,7.900000095367432,8.657767017682392,False,ok
0,2026-01-05 22:00:00,2026-01-05 22:00:00,8.600000381469727,9.7678777774175,False,ok
0,2026-01-06 10:00:00,2026-01-06 10:00:00,10.5,10.430892189343773,False,ok
0,2026-01-06 16:00:00,2026-01-06 16:00:00,8.899999618530273,8.830959518750506,False,ok
0,2026-01-07 10:00:00,2026-01-07 10:00:00,7.099999904632568,8.334107478459675,False,ok
0,2026-01-08 10:00:00,2026-01-08 10:00:00,8.199999809265137,10.23916395505269,False,ok
0,2026-01-09 18:00:00,2026-01-09 18:00:00,13.0,7.001974662144979,False,ok
0,2026-01-09 21:00:00,2026-01-09 21:00:00,2.0,8.600000381469728,True,ok
0,2026-01-10 10:00:00,2026-01-10 10:00:00,6.599999904632568,7.225618441899616,False,ok
0,2026-01-11 10:00:00,2026-01-11 10:00:00,8.800000190734863,9.072825272878012,False,ok
0,2026-01-12 10:00:00,2026-01-12 10:00:00,12.0,9.251526276270548,False,ok
0,2026-01-12 16:00:00,2026-01-12 16:00:00,9.800000190734863,7.179350296656291,False,ok
0,2026-01-13 10:00:00,2026-01-13 10:00:00,9.0,8.434604724248247,False,ok
0,2026-01-13 22:00:00,2026-01-13 22:00:00,11.100000381469728,9.436036666234331,False,ok
0,2026-01-14 10:00:00,2026-01-14 10:00:00,8.899999618530273,8.516448100407915,False,ok
0,2026-01-15 10:00:00,2026-01-15 10:00:00,9.5,9.082618633906048,False,ok
0,2026-01-16 10:00:00,2026-01-16 10:00:00,9.399999618530272,10.07163675626119,False,ok
0,2026-01-17 10:00:00,2026-01-17 10:00:00,9.899999618530272,10.675626198450727,False,ok
0,2026-01-18 10:00:00,2026-01-18 10:00:00,9.199999809265137,10.078144788742064,False,ok
0,2026-01-18 14:30:00,2026-01-18 14:30:00,9.600000381469728,10.56936049461365,False,ok
0,2026-01-18 22:00:00,2026-01-18 22:00:00,7.099999904632568,10.167223691940306,False,ok
0,2026-01-19 10:00:00,2026-01-19 10:00:00,7.599999904632568,10.66255819797516,False,ok
0,2026-01-19 17:44:10,2026-01-19 17:44:10,7.0,8.191015760103863,False,ok
0,2026-01-19 22:00:00,2026-01-19 22:00:00,9.899999618530272,8.41058361530304,False,ok
0,2026-01-20 05:30:00,2026-01-20 05:30:00,7.099999904632568,7.702242970466613,False,ok
0,2026-01-20 10:00:00,2026-01-20 10:00:00,8.0,8.044160326321917,False,ok
0,2026-01-21 10:00:00,2026-01-21 10:00:00,9.899999618530272,9.481268366177874,False,ok
0,2026-01-22 10:00:00,2026-01-22 10:00:00,9.199999809265137,9.409910162289936,False,ok
0,2026-01-23 10:00:00,2026-01-23 10:00:00,8.5,9.53076692422231,False,ok
0,2026-01-24 10:00:00,2026-01-24 10:00:00,9.600000381469728,8.023917833964031,False,ok
0,2026-01-25 10:00:00,2026-01-25 10:00:00,7.400000095367432,8.347239971160887,False,ok
0,2026-01-26 10:00:00,2026-01-26 10:00:00,8.199999809265137,9.877175331115724,False,ok
0,2026-01-27 10:00:00,2026-01-27 10:00:00,8.0,8.335227966308596,False,ok
0,2026-01-28 10:00:00,2026-01-28 10:00:00,7.699999809265137,9.130658626556396,False,ok
0,2026-01-29 10:00:00,2026-01-29 10:00:00,9.0,8.50544063250224,False,ok
0,2026-01-30 10:00:00,2026-01-30 10:00:00,8.5,8.85120968023936,False,ok
0,2026-01-31 10:00:00,2026-01-31 10:00:00,8.699999809265137,8.610691626866657,False,ok
0,2026-02-01 10:00:00,2026-02-01 10:00:00,9.0,7.793100992838541,False,ok
0,2026-02-02 10:00:00,2026-02-02 10:00:00,9.199999809265137,7.86253039042155,False,ok
0,2026-02-03 10:00:00,2026-02-03 10:00:00,8.399999618530273,7.262592951456705,False,ok
0,2026-02-04 10:00:00,2026-02-04 10:00:00,9.800000190734863,10.391448179880776,False,ok
0,2026-02-05 10:00:00,2026-02-05 10:00:00,8.899999618530273,8.416507760683697,False,ok
0,2026-02-06 10:00:00,2026-02-06 10:00:00,6.400000095367432,7.879166642824808,False,ok
0,2026-02-07 10:00:00,2026-02-07 10:00:00,7.0,8.548284570376078,False,ok
0,2026-02-08 10:00:00,2026-02-08 10:00:00,9.899999618530272,11.439150849978128,False,ok
0,2026-02-09 10:00:00,2026-02-09 10:00:00,10.300000190734863,10.600106755892435,False,ok
0,2026-02-10 10:00:00,2026-02-10 10:00:00,9.100000381469728,10.877368092536928,False,ok
0,2026-02-11 10:00:00,2026-02-11 10:00:00,8.699999809265137,9.228644450505572,False,ok
0,2026-02-12 10:00:00,2026-02-12 10:00:00,7.699999809265137,8.973391215006508,False,ok
0,2026-02-13 10:00:00,2026-02-13 10:00:00,8.899999618530273,8.485679785410563,False,ok
0,2026-02-14 10:00:00,2026-02-14 10:00:00,7.699999809265137,8.687288443247475,False,ok
0,2026-02-15 10:00:00,2026-02-15 10:00:00,8.199999809265137,9.673293590545656,False,ok
0,2026-02-16 10:00:00,2026-02-16 10:00:00,7.800000190734863,7.924237370491028,False,ok
0,2026-02-17 10:00:00,2026-02-17 10:00:00,8.0,8.02444883187612,False,ok
0,2026-02-18 10:00:00,2026-02-18 10:00:00,8.800000190734863,9.027208725611368,False,ok
0,2026-02-19 10:00:00,2026-02-19 10:00:00,9.5,9.642714738845823,False,ok
0,2026-02-20 10:00:00,2026-02-20 10:00:00,7.400000095367432,8.14626137415568,False,ok
0,2026-02-21 10:00:00,2026-02-21 10:00:00,7.400000095367432,7.767831961313885,False,ok
0,2026-02-22 10:00:00,2026-02-22 10:00:00,7.800000190734863,7.721912145614623,False,ok
0,2026-02-23 10:00:00,2026-02-23 10:00:00,10.399999618530272,9.913138151168823,False,ok
0,2026-02-24 10:00:00,2026-02-24 10:00:00,8.0,8.322941541671751,False,ok
0,2026-02-25 10:00:00,2026-02-25 10:00:00,9.100000381469728,9.01179814338684,False,ok
0,2026-02-26 10:00:00,2026-02-26 10:00:00,8.699999809265137,8.728191455205282,False,ok
0,2026-02-27 10:00:00,2026-02-27 10:00:00,8.899999618530273,8.332385301589964,False,ok
0,2026-02-28 10:00:00,2026-02-28 10:00:00,8.600000381469727,8.307334264119465,False,ok
0,2026-03-01 10:00:00,2026-03-01 10:00:00,9.899999618530272,9.27642869949341,False,ok
0,2026-03-02 10:00:00,2026-03-02 10:00:00,8.199999809265137,8.088175853093462,False,ok
0,2026-03-03 10:00:00,2026-03-03 10:00:00,10.199999809265137,10.82472515106201,False,ok
0,2026-03-04 13:30:00,2026-03-04 13:30:00,2.700000047683716,1.8065056800842283,False,ok
0,2026-03-04 16:30:00,2026-03-04 16:30:00,8.100000381469727,5.3481788635253915,False,ok
0,2026-03-05 10:00:00,2026-03-05 10:00:00,6.0,6.618661721547444,False,ok
0,2026-03-06 10:00:00,2026-03-06 10:00:00,8.5,8.236756642659504,False,ok
0,2026-03-07 10:00:00,2026-03-07 10:00:00,8.899999618530273,8.205271879831951,False,ok
0,2026-03-08 10:00:00,2026-03-08 10:00:00,7.599999904632568,7.550266742706299,False,ok
0,2026-03-09 10:00:00,2026-03-09 10:00:00,8.399999618530273,7.4694056908289586,False,ok
0,2026-03-10 10:00:00,2026-03-10 10:00:00,8.100000381469727,7.95819838841756,False,ok
0,2026-03-10 22:00:00,2026-03-10 22:00:00,7.300000190734863,7.718545079231261,False,ok
0,2026-03-11 14:30:00,2026-03-11 14:30:00,7.199999809265137,5.6714210510253915,False,ok
0,2026-03-12 10:00:00,2026-03-12 10:00:00,8.300000190734863,8.34511395295461,False,ok
0,2026-03-13 10:00:00,2026-03-13 10:00:00,8.800000190734863,7.95880115032196,False,ok
0,2026-03-14 10:00:00,2026-03-14 10:00:00,9.0,10.3295863866806,False,ok
0,2026-03-15 10:00:00,2026-03-15 10:00:00,8.800000190734863,8.746305823326113,False,ok
0,2026-03-15 15:00:00,2026-03-15 15:00:00,9.100000381469728,8.773215929667154,False,ok
0,2026-03-15 22:00:00,2026-03-15 22:00:00,8.5,8.841120402018229,False,ok
0,2026-03-16 10:00:00,2026-03-16 10:00:00,7.599999904632568,8.826623598734539,False,ok
0,2026-03-16 22:00:00,2026-03-16 22:00:00,8.100000381469727,10.195865035057068,False,ok
0,2026-03-17 10:00:00,2026-03-17 10:00:00,12.800000190734863,9.920034805933634,False,ok
0,2026-03-17 16:00:00,2026-03-17 16:00:00,9.600000381469728,10.31363836924235,False,ok
0,2026-03-17 22:00:00,2026-03-17 22:00:00,8.699999809265137,9.56574002901713,False,ok
0,2026-03-19 10:00:00,2026-03-19 10:00:00,8.5,8.459183692932129,False,ok
0,2026-03-20 10:00:00,2026-03-20 10:00:00,7.400000095367432,9.102465629577637,False,ok
0,2026-03-21 10:00:00,2026-03-21 10:00:00,6.800000190734863,7.564550399780274,False,ok
0,2026-03-22 10:00:00,2026-03-22 10:00:00,8.199999809265137,8.815947453180947,False,ok
0,2026-03-23 10:00:00,2026-03-23 10:00:00,7.699999809265137,7.278628746668497,False,ok
0,2026-03-24 10:00:00,2026-03-24 10:00:00,9.199999809265137,8.519073406855265,False,ok
0,2026-03-25 10:00:00,2026-03-25 10:00:00,8.300000190734863,8.882293939590454,False,ok
0,2026-03-26 10:00:00,2026-03-26 10:00:00,7.5,7.7035953998565665,False,ok
0,2026-03-27 10:00:00,2026-03-27 10:00:00,7.199999809265137,7.913217862447102,False,ok
0,2026-03-28 10:00:00,2026-03-28 10:00:00,7.800000190734863,7.1667438348134365,False,ok
0,2026-03-29 10:00:00,2026-03-29 10:00:00,9.0,8.456750472386677,False,ok
0,2026-03-30 10:00:00,2026-03-30 10:00:00,7.099999904632568,6.673106749852498,False,ok
0,2026-03-31 10:00:00,2026-03-31 10:00:00,7.800000190734863,7.395519614219666,False,ok
0,2026-04-01 10:00:00,2026-04-01 10:00:00,9.899999618530272,9.79209927717845,False,ok
0,2026-04-02 10:00:00,2026-04-02 10:00:00,7.099999904632568,8.943718910217287,False,ok
0,2026-04-03 10:00:00,2026-04-03 10:00:00,9.100000381469728,9.062559564908344,False,ok
0,2026-04-04 10:00:00,2026-04-04 10:00:00,8.800000190734863,8.466442386309305,False,ok
0,2026-04-04 16:00:00,2026-04-04 16:00:00,5.5,6.429791371027629,False,ok
0,2026-04-05 10:00:00,2026-04-05 10:00:00,10.0,9.829873482386274,False,ok
0,2026-04-06 10:00:00,2026-04-06 10:00:00,9.699999809265137,8.938212951024374,False,ok
0,2026-04-07 10:00:00,2026-04-07 10:00:00,8.300000190734863,9.100114583969118,False,ok
0,2026-04-08 10:00:00,2026-04-08 10:00:00,9.399999618530272,10.400374571482342,False,ok
0,2026-04-09 03:00:00,2026-04-09 03:00:00,8.199999809265137,7.702733437220256,False,ok
0,2026-04-09 10:00:00,2026-04-09 10:00:00,7.699999809265137,7.423654476801555,False,ok
0,2026-04-10 02:00:00,2026-04-10 02:00:00,5.699999809265137,5.700719277064006,False,ok
0,2026-04-10 10:00:00,2026-04-10 10:00:00,7.900000095367432,8.750873963038128,False,ok
0,2026-04-11 10:00:00,2026-04-11 10:00:00,8.199999809265137,8.44546647866567,False,ok
0,2026-04-12 10:00:00,2026-04-12 10:00:00,9.199999809265137,8.907747387886047,False,ok
0,2026-04-13 10:00:00,2026-04-13 10:00:00,7.400000095367432,8.626010060310362,False,ok
0,2026-04-14 10:00:00,2026-04-14 10:00:00,7.199999809265137,6.607110142707825,False,ok
0,2026-04-27 15:30:00,2026-04-27 15:30:00,14.300000190734863,11.06265938282013,False,ok
0,2026-04-27 17:30:00,2026-04-27 17:30:00,5.900000095367432,11.04404270648956,False,ok
0,2026-04-27 22:00:00,2026-04-27 22:00:00,1.2000000476837158,11.215227246284485,False,ok
0,2026-04-28 06:00:00,2026-04-28 06:00:00,0.5,0.5103492736816411,False,ok
0,2026-04-28 10:00:00,2026-04-28 10:00:00,0.8999999761581421,0.3275201419989271,False,ok
0,2026-04-28 22:00:00,2026-04-28 22:00:00,3.4000000953674316,0.7540162901083631,False,ok
0,2026-04-29 06:00:00,2026-04-29 06:00:00,7.199999809265137,6.076060116291046,False,ok
0,2026-04-29 10:00:00,2026-04-29 10:00:00,8.100000381469727,7.766331324974697,False,ok
0,2026-04-29 20:00:00,2026-04-29 20:00:00,11.5,12.615798244873684,False,ok
0,2026-04-30 10:00:00,2026-04-30 10:00:00,7.0,6.846274147431057,False,ok
0,2026-04-30 16:00:00,2026-04-30 16:00:00,11.5,9.85795192917188,False,ok
0,2026-04-30 20:00:00,2026-04-30 20:00:00,5.099999904632568,8.373180200656256,False,ok
0,2026-05-01 10:00:00,2026-05-01 10:00:00,7.900000095367432,5.465529729922613,False,ok
0,2026-05-02 10:00:00,2026-05-02 10:00:00,7.599999904632568,7.75803768634796,False,ok
0,2026-05-03 10:00:00,2026-05-03 10:00:00,7.699999809265137,8.045157551765442,False,ok
0,2026-05-04 10:00:00,2026-05-04 10:00:00,13.899999618530272,11.918246388435364,False,ok
0,2026-05-04 14:00:00,2026-05-04 14:00:00,20.299999237060547,6.7386380434036255,False,ok
0,2026-05-04 16:30:00,2026-05-04 16:30:00,9.5,8.949558377265932,False,ok
0,2026-05-05 00:01:00,2026-05-05 00:01:00,9.699999809265137,7.683998664220174,False,ok
0,2026-05-05 10:00:00,2026-05-05 10:00:00,4.900000095367432,6.120954116185506,False,ok
0,2026-05-07 09:30:00,2026-05-07 09:30:00,7.800000190734863,9.404396136601765,False,ok
0,2026-05-08 10:00:00,2026-05-08 10:00:00,4.0,6.470158656438192,False,ok
0,2026-05-08 23:50:00,2026-05-08 23:50:00,8.399999618530273,16.044783194859818,False,ok
0,2026-05-09 10:00:00,2026-05-09 10:00:00,4.099999904632568,8.052791277567545,False,ok
0,2026-05-09 18:30:00,2026-05-09 18:30:00,3.900000095367432,12.109230399131771,False,ok
0,2026-05-09 22:00:00,2026-05-09 22:00:00,3.200000047683716,5.101046919822693,False,ok
0,2026-05-10 10:00:00,2026-05-10 10:00:00,6.099999904632568,4.8440318902333575,False,ok
0,2026-05-11 10:00:00,2026-05-11 10:00:00,9.0,6.568926413853963,False,ok
0,2026-05-12 10:00:00,2026-05-12 10:00:00,9.899999618530272,8.025187571843462,False,ok
0,2026-05-12 18:00:00,2026-05-12 18:00:00,9.5,6.000632842381795,False,ok
0,2026-05-13 10:00:00,2026-05-13 10:00:00,4.599999904632568,3.7181800603866577,False,ok
0,2026-05-14 03:00:00,2026-05-14 03:00:00,6.699999809265137,6.862490872542063,False,ok
0,2026-05-14 10:00:00,2026-05-14 10:00:00,12.0,10.049870868523918,False,ok
0,2026-05-15 10:00:00,2026-05-15 10:00:00,11.899999618530272,10.574049651622772,False,ok
0,2026-05-15 15:00:00,2026-05-15 15:00:00,7.099999904632568,7.790209293365478,False,ok
0,2026-05-16 10:00:00,2026-05-16 10:00:00,9.699999809265137,9.152546882629396,False,ok
0,2026-05-18 11:00:00,2026-05-18 11:00:00,5.0,12.672069152196247,False,ok
0,2026-05-19 11:30:00,2026-05-19 11:30:00,9.0,6.224270900090535,False,ok
0,2026-05-20 10:00:00,2026-05-20 10:00:00,11.0,10.365105231602987,False,ok
0,2026-05-20 16:30:00,2026-05-20 16:30:00,6.0,7.0429065227508545,False,ok
0,2026-05-21 10:00:00,2026-05-21 10:00:00,10.0,9.725438992182411,False,ok
0,2026-05-22 10:00:00,2026-05-22 10:00:00,10.899999618530272,11.206478913625078,False,ok
0,2026-05-22 12:00:00,2026-05-22 12:00:00,9.100000381469728,9.260886987050371,False,ok
0,2026-05-23 09:35:00,2026-05-23 09:35:00,10.800000190734863,9.734461665153502,False,ok
0,2026-05-24 10:00:00,2026-05-24 10:00:00,9.5,10.644676089286802,False,ok
0,2026-05-25 05:00:00,2026-05-25 05:00:00,11.300000190734863,11.034549593925478,False,ok
0,2026-05-25 10:00:00,2026-05-25 10:00:00,8.199999809265137,8.451920866966246,False,ok
0,2026-05-25 14:00:00,2026-05-25 14:00:00,10.100000381469728,10.79269278049469,False,ok
0,2026-05-26 10:00:00,2026-05-26 10:00:00,9.399999618530272,9.078313708305355,False,ok
0,2026-05-27 05:00:00,2026-05-27 05:00:00,10.699999809265137,8.882232069969179,False,ok
0,2026-05-27 10:00:00,2026-05-27 10:00:00,6.0,6.809264302253723,False,ok
0,2026-05-28 10:00:00,2026-05-28 10:00:00,8.699999809265137,8.870026707649231,False,ok
0,2026-05-29 10:00:00,2026-05-29 10:00:00,8.100000381469727,8.40080463886261,False,ok
0,2026-05-30 10:00:00,2026-05-30 10:00:00,9.199999809265137,9.889416058858236,False,ok
0,2026-05-31 10:00:00,2026-05-31 10:00:00,9.100000381469728,9.443072398503624,False,ok
0,2026-06-01 10:00:00,2026-06-01 10:00:00,10.0,10.00571163495382,False,ok
0,2026-06-02 10:00:00,2026-06-02 10:00:00,8.899999618530273,8.648828109105429,False,ok
0,2026-06-03 10:00:00,2026-06-03 10:00:00,9.300000190734863,9.068124413490294,False,ok
0,2026-06-03 20:00:00,2026-06-03 20:00:00,9.0,8.845594604810081,False,ok
0,2026-06-04 10:00:00,2026-06-04 10:00:00,8.699999809265137,8.834962089856466,False,ok
0,2026-06-05 10:00:00,2026-06-05 10:00:00,8.5,9.884287476539612,False,ok
0,2026-06-06 10:00:00,2026-06-06 10:00:00,10.5,10.05623400211334,False,ok
0,2026-06-07 10:00:00,2026-06-07 10:00:00,9.399999618530272,8.661064743995667,False,ok
0,2026-06-07 16:15:00,2026-06-07 16:15:00,10.800000190734863,10.976082801818846,False,ok
0,2026-06-08 10:00:00,2026-06-08 10:00:00,9.699999809265137,9.477114160855612,False,ok
0,2026-06-08 17:00:00,2026-06-08 17:00:00,7.599999904632568,12.102121909459433,False,ok
0,2026-06-08 22:00:00,2026-06-08 22:00:00,6.699999809265137,8.896066546440125,False,ok
0,2026-06-09 10:00:00,2026-06-09 10:00:00,5.599999904632568,8.475864768028261,False,ok
0,2026-06-09 17:00:00,2026-06-09 17:00:00,6.800000190734863,8.201950271924336,False,ok
0,2026-06-10 10:00:00,2026-06-10 10:00:00,10.399999618530272,8.365846474965412,False,ok
0,2026-06-10 14:30:00,2026-06-10 14:30:00,9.800000190734863,9.70679585138957,False,ok
0,2026-06-11 10:00:00,2026-06-11 10:00:00,9.699999809265137,9.345115423202516,False,ok
0,2026-06-12 10:00:00,2026-06-12 10:00:00,9.699999809265137,10.34007716178894,False,ok
0,2026-06-13 10:00:00,2026-06-13 10:00:00,8.600000381469727,8.88052519162496,False,ok
0,2026-06-14 10:00:00,2026-06-14 10:00:00,9.399999618530272,9.20779577891032,False,ok
0,2026-06-15 10:00:00,2026-06-15 10:00:00,9.800000190734863,9.589506785074867,False,ok
0,2026-06-16 04:00:00,2026-06-16 04:00:00,8.300000190734863,8.16945219039917,False,ok
0,2026-06-17 09:00:00,2026-06-17 09:00:00,2.0999999046325684,2.8890469074249268,False,ok
0,2026-06-17 10:00:00,2026-06-17 10:00:00,0.3000000119209289,4.062483549118042,False,ok
0,2026-06-17 14:00:00,2026-06-17 14:00:00,0.1000000014901161,3.4528973102569576,False,ok
0,2026-06-17 22:00:00,2026-06-17 22:00:00,2.700000047683716,3.6652624607086177,False,ok
0,2026-07-02 12:00:00,2026-07-02 12:00:00,4.099999904632568,2.0999999046325684,True,ok
0,2026-07-02 20:00:00,2026-07-02 20:00:00,1.100000023841858,2.0999999046325684,True,ok
0,2026-07-03 13:00:00,2026-07-03 13:00:00,2.299999952316284,1.100000023841858,True,ok
0,2026-07-03 18:00:00,2026-07-03 18:00:00,16.100000381469727,2.299999952316284,True,ok
0,2026-07-03 21:00:00,2026-07-03 21:00:00,13.800000190734863,2.299999952316284,True,ok
0,2026-07-04 00:00:00,2026-07-04 00:00:00,7.099999904632568,2.700000047683716,True,ok
0,2026-07-04 04:00:00,2026-07-04 04:00:00,3.700000047683716,7.0999999046325675,True,ok
0,2026-07-04 10:00:00,2026-07-04 10:00:00,3.200000047683716,7.0999999046325675,True,ok
0,2026-07-05 10:00:00,2026-07-05 10:00:00,4.800000190734863,7.0999999046325675,True,ok
0,2026-07-06 10:00:00,2026-07-06 10:00:00,6.5,4.800000190734863,True,ok
0,2026-07-07 10:00:00,2026-07-07 10:00:00,5.699999809265137,4.800000190734863,True,ok
0,2026-07-08 10:00:00,2026-07-08 10:00:00,5.300000190734863,4.555628299713136,False,ok
0,2026-07-09 10:00:00,2026-07-09 10:00:00,9.600000381469728,9.834281206130983,False,ok
0,2026-07-10 10:00:00,2026-07-10 10:00:00,8.0,8.21347109476725,False,ok
0,2026-07-11 10:00:00,2026-07-11 10:00:00,8.100000381469727,7.835380752881368,False,ok
0,2026-07-12 10:00:00,2026-07-12 10:00:00,11.600000381469728,11.132435480753582,False,ok
0,2026-07-12 14:00:00,2026-07-12 14:00:00,6.800000190734863,5.579762816429138,False,ok
0,2026-07-13 10:00:00,2026-07-13 10:00:00,7.900000095367432,7.694408019383746,False,ok
0,2026-07-14 10:00:00,2026-07-14 10:00:00,8.899999618530273,9.151664535204567,False,ok
0,2026-07-15 10:00:00,2026-07-15 10:00:00,10.300000190734863,9.472357829411823,False,ok
0,2026-07-16 10:00:00,2026-07-16 10:00:00,11.0,10.719690124193823,False,ok
0,2026-07-17 10:00:00,2026-07-17 10:00:00,9.100000381469728,9.401024659474691,False,ok
0,2026-07-18 05:00:00,2026-07-18 05:00:00,10.300000190734863,8.708188176155089,False,ok
0,2026-07-18 10:00:00,2026-07-18 10:00:00,12.399999618530272,11.453400293986004,False,ok
0,2026-07-18 22:00:00,2026-07-18 22:00:00,10.399999618530272,10.183533827463783,False,ok
0,2026-07-19 10:00:00,2026-07-19 10:00:00,9.100000381469728,10.420303583145143,False,ok
0,2026-07-20 10:00:00,2026-07-20 10:00:00,10.199999809265137,10.383895158767698,False,ok
0,2026-07-21 10:00:00,2026-07-21 10:00:00,8.100000381469727,10.300000190734863,True,ok
0,2026-07-23 10:00:00,2026-07-23 10:00:00,6.400000095367432,7.027189890543619,False,ok
0,2026-07-24 10:00:00,2026-07-24 10:00:00,8.800000190734863,8.228712240854898,False,ok
0,2026-07-25 10:00:00,2026-07-25 10:00:00,7.400000095367432,8.4310409228007,False,ok
0,2026-07-26 10:00:00,2026-07-26 10:00:00,9.899999618530272,9.451192220052084,False,ok
0,2026-07-27 10:00:00,2026-07-27 10:00:00,10.800000190734863,9.838046391805014,False,ok
0,2026-07-28 10:00:00,2026-07-28 10:00:00,9.300000190734863,8.749298413594564,False,ok
0,2026-07-29 10:00:00,2026-07-29 10:00:00,8.0,9.083476384480797,False,ok
0,2026-07-30 10:00:00,2026-07-30 10:00:00,8.5,8.01224454243978,False,ok
0,2026-07-31 10:00:00,2026-07-31 10:00:00,8.600000381469727,8.766814549763996,False,ok
0,2026-08-01 10:00:00,2026-08-01 10:00:00,8.399999618530273,8.292255401611328,False,ok
0,2026-08-02 10:00:00,2026-08-02 10:00:00,10.600000381469728,9.864938656489054,False,ok
0,2026-08-03 10:00:00,2026-08-03 10:00:00,9.600000381469728,10.110637346903482,False,ok
0,2026-08-04 10:00:00,2026-08-04 10:00:00,8.0,8.468716541926065,False,ok
0,2026-08-05 10:00:00,2026-08-05 10:00:00,7.800000190734863,8.6258868376414,False,ok
0,2026-08-06 10:00:00,2026-08-06 10:00:00,9.300000190734863,9.724493503570558,False,ok
0,2026-08-07 10:00:00,2026-08-07 10:00:00,9.699999809265137,8.081133166948952,False,ok
0,2026-08-07 13:00:00,2026-08-07 13:00:00,8.800000190734863,7.934644500414531,False,ok
0,2026-08-08 10:00:00,2026-08-08 10:00:00,6.699999809265137,7.625555992126466,False,ok
0,2026-08-09 10:00:00,2026-08-09 10:00:00,7.300000190734863,8.76390055815379,False,ok
60,2026-01-01 09:00:00,2026-01-01 10:00:00,8.899999618530273,8.865949968496956,False,ok
60,2026-01-02 09:00:00,2026-01-02 10:00:00,9.100000381469728,9.224190314610798,False,ok
60,2026-01-03 09:00:00,2026-01-03 10:00:00,10.600000381469728,8.99857552846273,False,ok
60,2026-01-03 13:58:15,2026-01-03 14:58:15,8.699999809265137,8.193027814229332,False,ok
60,2026-01-04 09:00:00,2026-01-04 10:00:00,8.100000381469727,8.337157209714253,False,ok
60,2026-01-04 17:00:00,2026-01-04 18:00:00,6.800000190734863,7.836805542310078,False,ok
60,2026-01-05 09:00:00,2026-01-05 10:00:00,7.900000095367432,8.674703319867449,False,ok
60,2026-01-05 21:00:00,2026-01-05 22:00:00,8.600000381469727,9.551196297009788,False,ok
60,2026-01-06 09:00:00,2026-01-06 10:00:00,10.5,10.681906898816424,False,ok
60,2026-01-06 15:00:00,2026-01-06 16:00:00,8.899999618530273,9.201759537061056,False,ok
60,2026-01-07 09:00:00,2026-01-07 10:00:00,7.099999904632568,7.968520720799765,False,ok
60,2026-01-08 09:00:00,2026-01-08 10:00:00,8.199999809265137,10.167603095372518,False,ok
60,2026-01-09 17:00:00,2026-01-09 18:00:00,13.0,6.588428576787313,False,ok
60,2026-01-09 20:00:00,2026-01-09 21:00:00,2.0,8.600000381469728,True,ok
60,2026-01-10 09:00:00,2026-01-10 10:00:00,6.599999904632568,7.632959922154746,False,ok
60,2026-01-11 09:00:00,2026-01-11 10:00:00,8.800000190734863,8.720253785451252,False,ok
60,2026-01-12 09:00:00,2026-01-12 10:00:00,12.0,9.631688515345258,False,ok
60,2026-01-12 15:00:00,2026-01-12 16:00:00,9.800000190734863,7.546409527460733,False,ok
60,2026-01-13 09:00:00,2026-01-13 10:00:00,9.0,7.673930724461872,False,ok
60,2026-01-13 21:00:00,2026-01-13 22:00:00,11.100000381469728,8.785786231358847,False,ok
60,2026-01-14 09:00:00,2026-01-14 10:00:00,8.899999618530273,10.693218310674029,False,ok
60,2026-01-15 09:00:00,2026-01-15 10:00:00,9.5,9.388268391291303,False,ok
60,2026-01-16 09:00:00,2026-01-16 10:00:00,9.399999618530272,10.365601619084677,False,ok
60,2026-01-17 09:00:00,2026-01-17 10:00:00,9.899999618530272,10.063499848047892,False,ok
60,2026-01-18 09:00:00,2026-01-18 10:00:00,9.199999809265137,9.97525668144226,False,ok
60,2026-01-18 13:30:00,2026-01-18 14:30:00,9.600000381469728,10.742592096328735,False,ok
60,2026-01-18 21:00:00,2026-01-18 22:00:00,7.099999904632568,10.575015783309937,False,ok
60,2026-01-19 09:00:00,2026-01-19 10:00:00,7.599999904632568,10.6611944437027,False,ok
60,2026-01-19 16:44:10,2026-01-19 17:44:10,7.0,8.408931771914165,False,ok
60,2026-01-19 21:00:00,2026-01-19 22:00:00,9.899999618530272,10.024426976839704,False,ok
60,2026-01-20 04:30:00,2026-01-20 05:30:00,7.099999904632568,7.455738663673402,False,ok
60,2026-01-20 09:00:00,2026-01-20 10:00:00,8.0,8.08691656589508,False,ok
60,2026-01-21 09:00:00,2026-01-21 10:00:00,9.899999618530272,10.123441179593405,False,ok
60,2026-01-22 09:00:00,2026-01-22 10:00:00,9.199999809265137,9.587826689084372,False,ok
60,2026-01-23 09:00:00,2026-01-23 10:00:00,8.5,9.515229185422262,False,ok
60,2026-01-24 09:00:00,2026-01-24 10:00:00,9.600000381469728,8.089532534281412,False,ok
60,2026-01-25 09:00:00,2026-01-25 10:00:00,7.400000095367432,8.28967761993408,False,ok
60,2026-01-26 09:00:00,2026-01-26 10:00:00,8.199999809265137,9.09208679199219,False,ok
60,2026-01-27 09:00:00,2026-01-27 10:00:00,8.0,9.530027389526364,False,ok
60,2026-01-28 09:00:00,2026-01-28 10:00:00,7.699999809265137,9.209583282470703,False,ok
60,2026-01-29 09:00:00,2026-01-29 10:00:00,9.0,8.037744442621864,False,ok
60,2026-01-30 09:00:00,2026-01-30 10:00:00,8.5,8.523898641268412,False,ok
60,2026-01-31 09:00:00,2026-01-31 10:00:00,8.699999809265137,8.921217044194536,False,ok
60,2026-02-01 09:00:00,2026-02-01 10:00:00,9.0,9.147359530131022,False,ok
60,2026-02-02 09:00:00,2026-02-02 10:00:00,9.199999809265137,7.786337057749429,False,ok
60,2026-02-03 09:00:00,2026-02-03 10:00:00,8.399999618530273,7.337363402048747,False,ok
60,2026-02-04 09:00:00,2026-02-04 10:00:00,9.800000190734863,8.802097002665201,False,ok
60,2026-02-05 09:00:00,2026-02-05 10:00:00,8.899999618530273,9.050951043764751,False,ok
60,2026-02-06 09:00:00,2026-02-06 10:00:00,6.400000095367432,6.999470273653666,False,ok
60,2026-02-07 09:00:00,2026-02-07 10:00:00,7.0,9.196803132692972,False,ok
60,2026-02-08 09:00:00,2026-02-08 10:00:00,9.899999618530272,10.168806115786234,False,ok
60,2026-02-09 09:00:00,2026-02-09 10:00:00,10.300000190734863,10.972432653109232,False,ok
60,2026-02-10 09:00:00,2026-02-10 10:00:00,9.100000381469728,10.43561279773712,False,ok
60,2026-02-11 09:00:00,2026-02-11 10:00:00,8.699999809265137,9.415800174077352,False,ok
60,2026-02-12 09:00:00,2026-02-12 10:00:00,7.699999809265137,9.0762144724528,False,ok
60,2026-02-13 09:00:00,2026-02-13 10:00:00,8.899999618530273,8.836549917856853,False,ok
60,2026-02-14 09:00:00,2026-02-14 10:00:00,7.699999809265137,9.02912918726603,False,ok
60,2026-02-15 09:00:00,2026-02-15 10:00:00,8.199999809265137,8.919649600982664,False,ok
60,2026-02-16 09:00:00,2026-02-16 10:00:00,7.800000190734863,7.849466919898988,False,ok
60,2026-02-17 09:00:00,2026-02-17 10:00:00,8.0,8.635020693143211,False,ok
60,2026-02-18 09:00:00,2026-02-18 10:00:00,8.800000190734863,10.275318543116256,False,ok
60,2026-02-19 09:00:00,2026-02-19 10:00:00,9.5,9.037685632705688,False,ok
60,2026-02-20 09:00:00,2026-02-20 10:00:00,7.400000095367432,8.073017279307047,False,ok
60,2026-02-21 09:00:00,2026-02-21 10:00:00,7.400000095367432,7.8265802065531425,False,ok
60,2026-02-22 09:00:00,2026-02-22 10:00:00,7.800000190734863,9.68773341178894,False,ok
60,2026-02-23 09:00:00,2026-02-23 10:00:00,10.399999618530272,8.92829489707947,False,ok
60,2026-02-24 09:00:00,2026-02-24 10:00:00,8.0,8.46350932121277,False,ok
60,2026-02-25 09:00:00,2026-02-25 10:00:00,9.100000381469728,8.15076947212219,False,ok
60,2026-02-26 09:00:00,2026-02-26 10:00:00,8.699999809265137,7.910739978154502,False,ok
60,2026-02-27 09:00:00,2026-02-27 10:00:00,8.899999618530273,7.734960794448852,False,ok
60,2026-02-28 09:00:00,2026-02-28 10:00:00,8.600000381469727,8.41501553853353,False,ok
60,2026-03-01 09:00:00,2026-03-01 10:00:00,9.899999618530272,8.477177143096924,False,ok
60,2026-03-02 09:00:00,2026-03-02 10:00:00,8.199999809265137,7.915746768315632,False,ok
60,2026-03-03 09:00:00,2026-03-03 10:00:00,10.199999809265137,10.306674003601074,False,ok
60,2026-03-04 12:30:00,2026-03-04 13:30:00,2.700000047683716,1.9354465007781985,False,ok
60,2026-03-04 15:30:00,2026-03-04 16:30:00,8.100000381469727,2.84108304977417,False,ok
60,2026-03-05 09:00:00,2026-03-05 10:00:00,6.0,8.41452725728353,False,ok
60,2026-03-06 09:00:00,2026-03-06 10:00:00,8.5,9.318891843159992,False,ok
60,2026-03-07 09:00:00,2026-03-07 10:00:00,8.899999618530273,10.48858467737834,False,ok
60,2026-03-08 09:00:00,2026-03-08 10:00:00,7.599999904632568,7.638007640838621,False,ok
60,2026-03-09 09:00:00,2026-03-09 10:00:00,8.399999618530273,9.579593221346537,False,ok
60,2026-03-10 09:00:00,2026-03-10 10:00:00,8.100000381469727,8.129865010579426,False,ok
60,2026-03-10 21:00:00,2026-03-10 22:00:00,7.300000190734863,7.764498353004455,False,ok
60,2026-03-11 13:30:00,2026-03-11 14:30:00,7.199999809265137,6.292496204376222,False,ok
60,2026-03-12 09:00:00,2026-03-12 10:00:00,8.300000190734863,8.92649241288503,False,ok
60,2026-03-13 09:00:00,2026-03-13 10:00:00,8.800000190734863,8.206763625144958,False,ok
60,2026-03-14 09:00:00,2026-03-14 10:00:00,9.0,9.384778380393982,False,ok
60,2026-03-15 09:00:00,2026-03-15 10:00:00,8.800000190734863,8.76754128932953,False,ok
60,2026-03-15 14:00:00,2026-03-15 15:00:00,9.100000381469728,8.784660975138348,False,ok
60,2026-03-15 21:00:00,2026-03-15 22:00:00,8.5,8.816705385843912,False,ok
60,2026-03-16 09:00:00,2026-03-16 10:00:00,7.599999904632568,8.831432024637857,False,ok
60,2026-03-16 21:00:00,2026-03-16 22:00:00,8.100000381469727,11.2318776845932,False,ok
60,2026-03-17 09:00:00,2026-03-17 10:00:00,12.800000190734863,10.271414200464884,False,ok
60,2026-03-17 15:00:00,2026-03-17 16:00:00,9.600000381469728,9.514053026835125,False,ok
60,2026-03-17 21:00:00,2026-03-17 22:00:00,8.699999809265137,8.795427719751993,False,ok
60,2026-03-19 09:00:00,2026-03-19 10:00:00,8.5,9.89666748046875,False,ok
60,2026-03-20 09:00:00,2026-03-20 10:00:00,7.400000095367432,9.424958229064943,False,ok
60,2026-03-21 09:00:00,2026-03-21 10:00:00,6.800000190734863,7.087240695953368,False,ok
60,2026-03-22 09:00:00,2026-03-22 10:00:00,8.199999809265137,8.774746815363567,False,ok
60,2026-03-23 09:00:00,2026-03-23 10:00:00,7.699999809265137,7.130462567011515,False,ok
60,2026-03-24 09:00:00,2026-03-24 10:00:00,9.199999809265137,9.21716586748759,False,ok
60,2026-03-25 09:00:00,2026-03-25 10:00:00,8.300000190734863,6.818479776382447,False,ok
60,2026-03-26 09:00:00,2026-03-26 10:00:00,7.5,7.406724214553833,False,ok
60,2026-03-27 09:00:00,2026-03-27 10:00:00,7.199999809265137,6.257588704427083,False,ok
60,2026-03-28 09:00:00,2026-03-28 10:00:00,7.800000190734863,7.780436118443808,False,ok
60,2026-03-29 09:00:00,2026-03-29 10:00:00,9.0,7.882402976353963,False,ok
60,2026-03-30 09:00:00,2026-03-30 10:00:00,7.099999904632568,7.510660727818808,False,ok
60,2026-03-31 09:00:00,2026-03-31 10:00:00,7.800000190734863,6.2567218542099,False,ok
60,2026-04-01 09:00:00,2026-04-01 10:00:00,9.899999618530272,9.437473575274147,False,ok
60,2026-04-02 09:00:00,2026-04-02 10:00:00,7.099999904632568,12.657821655273436,False,ok
60,2026-04-03 09:00:00,2026-04-03 10:00:00,9.100000381469728,9.201418360074358,False,ok
60,2026-04-04 09:00:00,2026-04-04 10:00:00,8.800000190734863,8.402353564898174,False,ok
60,2026-04-04 15:00:00,2026-04-04 16:00:00,5.5,9.559937874476118,False,ok
60,2026-04-05 09:00:00,2026-04-05 10:00:00,10.0,10.450162331263227,False,ok
60,2026-04-06 09:00:00,2026-04-06 10:00:00,9.699999809265137,7.521570285161338,False,ok
60,2026-04-07 09:00:00,2026-04-07 10:00:00,8.300000190734863,9.11672568321228,False,ok
60,2026-04-08 09:00:00,2026-04-08 10:00:00,9.399999618530272,8.942712942759195,False,ok
60,2026-04-09 02:00:00,2026-04-09 03:00:00,8.199999809265137,8.297081391016642,False,ok
60,2026-04-09 09:00:00,2026-04-09 10:00:00,7.699999809265137,7.710362831751504,False,ok
60,2026-04-10 01:00:00,2026-04-10 02:00:00,5.699999809265137,6.16383735338847,False,ok
60,2026-04-10 09:00:00,2026-04-10 10:00:00,7.900000095367432,8.560477654139202,False,ok
60,2026-04-11 09:00:00,2026-04-11 10:00:00,8.199999809265137,8.666527231534321,False,ok
60,2026-04-12 09:00:00,2026-04-12 10:00:00,9.199999809265137,8.945895314216616,False,ok
60,2026-04-13 09:00:00,2026-04-13 10:00:00,7.400000095367432,8.547278523445128,False,ok
60,2026-04-14 09:00:00,2026-04-14 10:00:00,7.199999809265137,7.057840466499328,False,ok
60,2026-04-27 14:30:00,2026-04-27 15:30:00,14.300000190734863,10.99597656726837,False,ok
60,2026-04-27 16:30:00,2026-04-27 17:30:00,5.900000095367432,11.032989621162416,False,ok
60,2026-04-27 21:00:00,2026-04-27 22:00:00,1.2000000476837158,11.272581219673157,False,ok
60,2026-04-28 05:00:00,2026-04-28 06:00:00,0.5,0.353178977966309,False,ok
60,2026-04-28 09:00:00,2026-04-28 10:00:00,0.8999999761581421,0.3287885189056401,False,ok
60,2026-04-28 21:00:00,2026-04-28 22:00:00,3.4000000953674316,0.6014237503210706,False,ok
60,2026-04-29 05:00:00,2026-04-29 06:00:00,7.199999809265137,2.8075278401374817,False,ok
60,2026-04-29 09:00:00,2026-04-29 10:00:00,8.100000381469727,7.011452496051788,False,ok
60,2026-04-29 19:00:00,2026-04-29 20:00:00,11.5,13.189257870117824,False,ok
60,2026-04-30 09:00:00,2026-04-30 10:00:00,7.0,5.880363712708156,False,ok
60,2026-04-30 15:00:00,2026-04-30 16:00:00,11.5,9.249510576327644,False,ok
60,2026-04-30 19:00:00,2026-04-30 20:00:00,5.099999904632568,10.283639719088873,False,ok
60,2026-05-01 09:00:00,2026-05-01 10:00:00,7.900000095367432,6.571062376101812,False,ok
60,2026-05-02 09:00:00,2026-05-02 10:00:00,7.599999904632568,6.528676629066467,False,ok
60,2026-05-03 09:00:00,2026-05-03 10:00:00,7.699999809265137,8.457447171211244,False,ok
60,2026-05-04 09:00:00,2026-05-04 10:00:00,13.899999618530272,9.617150425910948,False,ok
60,2026-05-04 13:00:00,2026-05-04 14:00:00,20.299999237060547,7.131829857826234,False,ok
60,2026-05-04 15:30:00,2026-05-04 16:30:00,9.5,7.243573307991028,False,ok
60,2026-05-04 23:01:00,2026-05-05 00:01:00,9.699999809265137,6.553526957829794,False,ok
60,2026-05-05 09:00:00,2026-05-05 10:00:00,4.900000095367432,5.140197118123372,False,ok
60,2026-05-07 08:30:00,2026-05-07 09:30:00,7.800000190734863,9.008662780125931,False,ok
60,2026-05-08 09:00:00,2026-05-08 10:00:00,4.0,8.360222895940145,False,ok
60,2026-05-08 22:50:00,2026-05-08 23:50:00,8.399999618530273,12.923502524693806,False,ok
60,2026-05-09 09:00:00,2026-05-09 10:00:00,4.099999904632568,10.186164538065592,False,ok
60,2026-05-09 17:30:00,2026-05-09 18:30:00,3.900000095367432,14.534346938133242,False,ok
60,2026-05-09 21:00:00,2026-05-09 22:00:00,3.200000047683716,4.757713675498962,False,ok
60,2026-05-10 09:00:00,2026-05-10 10:00:00,6.099999904632568,4.72484548886617,False,ok
60,2026-05-11 09:00:00,2026-05-11 10:00:00,9.0,6.747459967931111,False,ok
60,2026-05-12 09:00:00,2026-05-12 10:00:00,9.899999618530272,7.822474559148154,False,ok
60,2026-05-12 17:00:00,2026-05-12 18:00:00,9.5,5.8343063195546465,False,ok
60,2026-05-13 09:00:00,2026-05-13 10:00:00,4.599999904632568,3.6431940793991098,False,ok
60,2026-05-14 02:00:00,2026-05-14 03:00:00,6.699999809265137,4.964635113875071,False,ok
60,2026-05-14 09:00:00,2026-05-14 10:00:00,12.0,9.124397655328114,False,ok
60,2026-05-15 09:00:00,2026-05-15 10:00:00,11.899999618530272,9.708086669445038,False,ok
60,2026-05-15 14:00:00,2026-05-15 15:00:00,7.099999904632568,8.463121414184572,False,ok
60,2026-05-16 09:00:00,2026-05-16 10:00:00,9.699999809265137,8.803873062133787,False,ok
60,2026-05-18 10:00:00,2026-05-18 11:00:00,5.0,13.991159041722614,False,ok
60,2026-05-19 10:30:00,2026-05-19 11:30:00,9.0,5.4948783715566,False,ok
60,2026-05-20 09:00:00,2026-05-20 10:00:00,11.0,8.572365840276081,False,ok
60,2026-05-20 15:30:00,2026-05-20 16:30:00,6.0,8.618088483810427,False,ok
60,2026-05-21 09:00:00,2026-05-21 10:00:00,10.0,9.616037289301556,False,ok
60,2026-05-22 09:00:00,2026-05-22 10:00:00,10.899999618530272,12.109898408253986,False,ok
60,2026-05-22 11:00:00,2026-05-22 12:00:00,9.100000381469728,8.696295102437336,False,ok
60,2026-05-23 08:35:00,2026-05-23 09:35:00,10.800000190734863,9.538485407829285,False,ok
60,2026-05-24 09:00:00,2026-05-24 10:00:00,9.5,9.049221873283384,False,ok
60,2026-05-25 04:00:00,2026-05-25 05:00:00,11.300000190734863,10.521076083183289,False,ok
60,2026-05-25 09:00:00,2026-05-25 10:00:00,8.199999809265137,7.033770442008973,False,ok
60,2026-05-25 13:00:00,2026-05-25 14:00:00,10.100000381469728,10.391372561454771,False,ok
60,2026-05-26 09:00:00,2026-05-26 10:00:00,9.399999618530272,8.429643511772154,False,ok
60,2026-05-27 04:00:00,2026-05-27 05:00:00,10.699999809265137,5.319196105003357,False,ok
60,2026-05-27 09:00:00,2026-05-27 10:00:00,6.0,7.308382630348206,False,ok
60,2026-05-28 09:00:00,2026-05-28 10:00:00,8.699999809265137,8.774656414985655,False,ok
60,2026-05-29 09:00:00,2026-05-29 10:00:00,8.100000381469727,7.802473187446595,False,ok
60,2026-05-30 09:00:00,2026-05-30 10:00:00,9.199999809265137,9.398005803426106,False,ok
60,2026-05-31 09:00:00,2026-05-31 10:00:00,9.100000381469728,9.173746188481651,False,ok
60,2026-06-01 09:00:00,2026-06-01 10:00:00,10.0,9.023442347844442,False,ok
60,2026-06-02 09:00:00,2026-06-02 10:00:00,8.899999618530273,7.8397594292958575,False,ok
60,2026-06-03 09:00:00,2026-06-03 10:00:00,9.300000190734863,8.75233042240143,False,ok
60,2026-06-03 19:00:00,2026-06-03 20:00:00,9.0,8.455006321271263,False,ok
60,2026-06-04 09:00:00,2026-06-04 10:00:00,8.699999809265137,8.892184456189472,False,ok
60,2026-06-05 09:00:00,2026-06-05 10:00:00,8.5,8.779797196388245,False,ok
60,2026-06-06 09:00:00,2026-06-06 10:00:00,10.5,9.821241021156313,False,ok
60,2026-06-07 09:00:00,2026-06-07 10:00:00,9.399999618530272,8.755382657051086,False,ok
60,2026-06-07 15:15:00,2026-06-07 16:15:00,10.800000190734863,10.36015224456787,False,ok
60,2026-06-08 09:00:00,2026-06-08 10:00:00,9.699999809265137,8.810043772061663,False,ok
60,2026-06-08 16:00:00,2026-06-08 17:00:00,7.599999904632568,11.680965979894,False,ok
60,2026-06-08 21:00:00,2026-06-08 22:00:00,6.699999809265137,8.997402548789978,False,ok
60,2026-06-09 09:00:00,2026-06-09 10:00:00,5.599999904632568,8.894265055656433,False,ok
60,2026-06-09 16:00:00,2026-06-09 17:00:00,6.800000190734863,7.00943919022878,False,ok
60,2026-06-10 09:00:00,2026-06-10 10:00:00,10.399999618530272,9.11889060338338,False,ok
60,2026-06-10 13:30:00,2026-06-10 14:30:00,9.800000190734863,9.578194459279375,False,ok
60,2026-06-11 09:00:00,2026-06-11 10:00:00,9.699999809265137,10.664537191390991,False,ok
60,2026-06-12 09:00:00,2026-06-12 10:00:00,9.699999809265137,9.794026136398314,False,ok
60,2026-06-13 09:00:00,2026-06-13 10:00:00,8.600000381469727,8.154947837193806,False,ok
60,2026-06-14 09:00:00,2026-06-14 10:00:00,9.399999618530272,7.67500368754069,False,ok
60,2026-06-15 09:00:00,2026-06-15 10:00:00,9.800000190734863,8.892921129862465,False,ok
60,2026-06-16 03:00:00,2026-06-16 04:00:00,8.300000190734863,8.590934753417969,False,ok
60,2026-06-17 08:00:00,2026-06-17 09:00:00,2.0999999046325684,5.875283241271973,False,ok
60,2026-06-17 09:00:00,2026-06-17 10:00:00,0.3000000119209289,2.8890469074249268,False,ok
60,2026-06-17 13:00:00,2026-06-17 14:00:00,0.1000000014901161,2.286659359931946,False,ok
60,2026-06-17 21:00:00,2026-06-17 22:00:00,2.700000047683716,2.4216332435607906,False,ok
60,2026-07-02 11:00:00,2026-07-02 12:00:00,4.099999904632568,2.0999999046325684,True,ok
60,2026-07-02 19:00:00,2026-07-02 20:00:00,1.100000023841858,2.0999999046325684,True,ok
60,2026-07-03 12:00:00,2026-07-03 13:00:00,2.299999952316284,1.100000023841858,True,ok
60,2026-07-03 17:00:00,2026-07-03 18:00:00,16.100000381469727,2.299999952316284,True,ok
60,2026-07-03 20:00:00,2026-07-03 21:00:00,13.800000190734863,2.299999952316284,True,ok
60,2026-07-03 23:00:00,2026-07-04 00:00:00,7.099999904632568,2.700000047683716,True,ok
60,2026-07-04 03:00:00,2026-07-04 04:00:00,3.700000047683716,4.099999904632568,True,ok
60,2026-07-04 09:00:00,2026-07-04 10:00:00,3.200000047683716,7.0999999046325675,True,ok
60,2026-07-05 09:00:00,2026-07-05 10:00:00,4.800000190734863,7.0999999046325675,True,ok
60,2026-07-06 09:00:00,2026-07-06 10:00:00,6.5,4.800000190734863,True,ok
60,2026-07-07 09:00:00,2026-07-07 10:00:00,5.699999809265137,4.800000190734863,True,ok
60,2026-07-08 09:00:00,2026-07-08 10:00:00,5.300000190734863,4.68533182144165,False,ok
60,2026-07-09 09:00:00,2026-07-09 10:00:00,9.600000381469728,8.702807664871216,False,ok
60,2026-07-10 09:00:00,2026-07-10 10:00:00,8.0,6.497436682383219,False,ok
60,2026-07-11 09:00:00,2026-07-11 10:00:00,8.100000381469727,7.386579712231955,False,ok
60,2026-07-12 09:00:00,2026-07-12 10:00:00,11.600000381469728,7.4045993487040205,False,ok
60,2026-07-12 13:00:00,2026-07-12 14:00:00,6.800000190734863,5.829774061838785,False,ok
60,2026-07-13 09:00:00,2026-07-13 10:00:00,7.900000095367432,8.137966235478718,False,ok
60,2026-07-14 09:00:00,2026-07-14 10:00:00,8.899999618530273,8.756710807482401,False,ok
60,2026-07-15 09:00:00,2026-07-15 10:00:00,10.300000190734863,8.154412349065142,False,ok
60,2026-07-16 09:00:00,2026-07-16 10:00:00,11.0,8.963659087816874,False,ok
60,2026-07-17 09:00:00,2026-07-17 10:00:00,9.100000381469728,9.061506112416588,False,ok
60,2026-07-18 04:00:00,2026-07-18 05:00:00,10.300000190734863,8.341287732124329,False,ok
60,2026-07-18 09:00:00,2026-07-18 10:00:00,12.399999618530272,11.441186587015787,False,ok
60,2026-07-18 21:00:00,2026-07-18 22:00:00,10.399999618530272,9.37914482752482,False,ok
60,2026-07-19 09:00:00,2026-07-19 10:00:00,9.100000381469728,9.664162874221802,False,ok
60,2026-07-20 09:00:00,2026-07-20 10:00:00,10.199999809265137,9.136842012405396,False,ok
60,2026-07-21 09:00:00,2026-07-21 10:00:00,8.100000381469727,10.300000190734863,True,ok
60,2026-07-23 09:00:00,2026-07-23 10:00:00,6.400000095367432,9.806357542673744,False,ok
60,2026-07-24 09:00:00,2026-07-24 10:00:00,8.800000190734863,11.91536823908488,False,ok
60,2026-07-25 09:00:00,2026-07-25 10:00:00,7.400000095367432,9.017759482065834,False,ok
60,2026-07-26 09:00:00,2026-07-26 10:00:00,9.899999618530272,7.921452363332112,False,ok
60,2026-07-27 09:00:00,2026-07-27 10:00:00,10.800000190734863,9.912816365559896,False,ok
60,2026-07-28 09:00:00,2026-07-28 10:00:00,9.300000190734863,5.3754771550496425,False,ok
60,2026-07-29 09:00:00,2026-07-29 10:00:00,8.0,7.763550599416098,False,ok
60,2026-07-30 09:00:00,2026-07-30 10:00:00,8.5,8.569944699605308,False,ok
60,2026-07-31 09:00:00,2026-07-31 10:00:00,8.600000381469727,9.315385182698568,False,ok
60,2026-08-01 09:00:00,2026-08-01 10:00:00,8.399999618530273,8.359631538391113,False,ok
60,2026-08-02 09:00:00,2026-08-02 10:00:00,10.600000381469728,9.40029422442118,False,ok
60,2026-08-03 09:00:00,2026-08-03 10:00:00,9.600000381469728,9.343479792277018,False,ok
60,2026-08-04 09:00:00,2026-08-04 10:00:00,8.0,8.361138741175333,False,ok
60,2026-08-05 09:00:00,2026-08-05 10:00:00,7.800000190734863,8.406153599421183,False,ok
60,2026-08-06 09:00:00,2026-08-06 10:00:00,9.300000190734863,9.308678150177,False,ok
60,2026-08-07 09:00:00,2026-08-07 10:00:00,9.699999809265137,7.516971389452617,False,ok
60,2026-08-07 12:00:00,2026-08-07 13:00:00,8.800000190734863,7.97813347975413,False,ok
60,2026-08-08 09:00:00,2026-08-08 10:00:00,6.699999809265137,7.423891067504882,False,ok
60,2026-08-09 09:00:00,2026-08-09 10:00:00,7.300000190734863,8.648427764574688,False,ok
120,2026-01-01 08:00:00,2026-01-01 10:00:00,8.899999618530273,9.44732795159022,False,ok
120,2026-01-02 08:00:00,2026-01-02 10:00:00,9.100000381469728,9.135228713353476,False,ok
120,2026-01-03 08:00:00,2026-01-03 10:00:00,10.600000381469728,9.2881129582723,False,ok
120,2026-01-03 12:58:15,2026-01-03 14:58:15,8.699999809265137,8.466027100880941,False,ok
120,2026-01-04 08:00:00,2026-01-04 10:00:00,8.100000381469727,8.858260591824846,False,ok
120,2026-01-04 16:00:00,2026-01-04 18:00:00,6.800000190734863,9.076633652051289,False,ok
120,2026-01-05 08:00:00,2026-01-05 10:00:00,7.900000095367432,8.434753616650896,False,ok
120,2026-01-05 20:00:00,2026-01-05 22:00:00,8.600000381469727,8.536705692609148,False,ok
120,2026-01-06 08:00:00,2026-01-06 10:00:00,10.5,10.710136612256363,False,ok
120,2026-01-06 14:00:00,2026-01-06 16:00:00,8.899999618530273,8.935485561688742,False,ok
120,2026-01-07 08:00:00,2026-01-07 10:00:00,7.099999904632568,7.713819106419882,False,ok
120,2026-01-08 08:00:00,2026-01-08 10:00:00,8.199999809265137,9.507544120152788,False,ok
120,2026-01-09 16:00:00,2026-01-09 18:00:00,13.0,9.802047808965048,False,ok
120,2026-01-09 19:00:00,2026-01-09 21:00:00,2.0,6.713574965794881,False,ok
120,2026-01-10 08:00:00,2026-01-10 10:00:00,6.599999904632568,6.25937541325887,False,ok
120,2026-01-11 08:00:00,2026-01-11 10:00:00,8.800000190734863,9.112416585286455,False,ok
120,2026-01-12 08:00:00,2026-01-12 10:00:00,12.0,9.69791881243388,False,ok
120,2026-01-12 14:00:00,2026-01-12 16:00:00,9.800000190734863,8.023105065027872,False,ok
120,2026-01-13 08:00:00,2026-01-13 10:00:00,9.0,7.326019843419392,False,ok
120,2026-01-13 20:00:00,2026-01-13 22:00:00,11.100000381469728,8.499612410863238,False,ok
120,2026-01-14 08:00:00,2026-01-14 10:00:00,8.899999618530273,10.89156874020894,False,ok
120,2026-01-15 08:00:00,2026-01-15 10:00:00,9.5,9.758408943812055,False,ok
120,2026-01-16 08:00:00,2026-01-16 10:00:00,9.399999618530272,11.130172332127886,False,ok
120,2026-01-17 08:00:00,2026-01-17 10:00:00,9.899999618530272,10.54529086748759,False,ok
120,2026-01-18 08:00:00,2026-01-18 10:00:00,9.199999809265137,10.174641370773314,False,ok
120,2026-01-18 12:30:00,2026-01-18 14:30:00,9.600000381469728,10.73945164680481,False,ok
120,2026-01-18 20:00:00,2026-01-18 22:00:00,7.099999904632568,9.981404542922974,False,ok
120,2026-01-19 08:00:00,2026-01-19 10:00:00,7.599999904632568,10.04767572879791,False,ok
120,2026-01-19 15:44:10,2026-01-19 17:44:10,7.0,8.110297242800396,False,ok
120,2026-01-19 20:00:00,2026-01-19 22:00:00,9.899999618530272,9.386570493380228,False,ok
120,2026-01-20 03:30:00,2026-01-20 05:30:00,7.099999904632568,7.667666554450988,False,ok
120,2026-01-20 08:00:00,2026-01-20 10:00:00,8.0,8.385618329048157,False,ok
120,2026-01-21 08:00:00,2026-01-21 10:00:00,9.899999618530272,9.742734869321184,False,ok
120,2026-01-22 08:00:00,2026-01-22 10:00:00,9.199999809265137,8.930006941159563,False,ok
120,2026-01-23 08:00:00,2026-01-23 10:00:00,8.5,9.840654333432516,False,ok
120,2026-01-24 08:00:00,2026-01-24 10:00:00,9.600000381469728,8.51526610056559,False,ok
120,2026-01-25 08:00:00,2026-01-25 10:00:00,7.400000095367432,9.495072841644289,False,ok
120,2026-01-26 08:00:00,2026-01-26 10:00:00,8.199999809265137,9.01044988632202,False,ok
120,2026-01-27 08:00:00,2026-01-27 10:00:00,8.0,9.80393123626709,False,ok
120,2026-01-28 08:00:00,2026-01-28 10:00:00,7.699999809265137,9.228830337524412,False,ok
120,2026-01-29 08:00:00,2026-01-29 10:00:00,9.0,8.625988880793251,False,ok
120,2026-01-30 08:00:00,2026-01-30 10:00:00,8.5,8.888595143953957,False,ok
120,2026-01-31 08:00:00,2026-01-31 10:00:00,8.699999809265137,9.213937838872273,False,ok
120,2026-02-01 08:00:00,2026-02-01 10:00:00,9.0,9.984329859415688,False,ok
120,2026-02-02 08:00:00,2026-02-02 10:00:00,9.199999809265137,7.607700983683268,False,ok
120,2026-02-03 08:00:00,2026-02-03 10:00:00,8.399999618530273,7.357712904612224,False,ok
120,2026-02-04 08:00:00,2026-02-04 10:00:00,9.800000190734863,7.641022364298503,False,ok
120,2026-02-05 08:00:00,2026-02-05 10:00:00,8.899999618530273,8.662181893984474,False,ok
120,2026-02-06 08:00:00,2026-02-06 10:00:00,6.400000095367432,7.673141042391459,False,ok
120,2026-02-07 08:00:00,2026-02-07 10:00:00,7.0,10.393660585085549,False,ok
120,2026-02-08 08:00:00,2026-02-08 10:00:00,9.899999618530272,10.236341516176855,False,ok
120,2026-02-09 08:00:00,2026-02-09 10:00:00,10.300000190734863,11.27380327383677,False,ok
120,2026-02-10 08:00:00,2026-02-10 10:00:00,9.100000381469728,10.147975087165834,False,ok
120,2026-02-11 08:00:00,2026-02-11 10:00:00,8.699999809265137,9.893184741338091,False,ok
120,2026-02-12 08:00:00,2026-02-12 10:00:00,7.699999809265137,8.771205584208172,False,ok
120,2026-02-13 08:00:00,2026-02-13 10:00:00,8.899999618530273,9.504905859629313,False,ok
120,2026-02-14 08:00:00,2026-02-14 10:00:00,7.699999809265137,9.231764952341717,False,ok
120,2026-02-15 08:00:00,2026-02-15 10:00:00,8.199999809265137,9.796027660369877,False,ok
120,2026-02-16 08:00:00,2026-02-16 10:00:00,7.800000190734863,7.010207772254943,False,ok
120,2026-02-17 08:00:00,2026-02-17 10:00:00,8.0,8.19178815682729,False,ok
120,2026-02-18 08:00:00,2026-02-18 10:00:00,8.800000190734863,9.872474114100138,False,ok
120,2026-02-19 08:00:00,2026-02-19 10:00:00,9.5,8.431129693984985,False,ok
120,2026-02-20 08:00:00,2026-02-20 10:00:00,7.400000095367432,8.567864576975508,False,ok
120,2026-02-21 08:00:00,2026-02-21 10:00:00,7.400000095367432,7.692820707956949,False,ok
120,2026-02-22 08:00:00,2026-02-22 10:00:00,7.800000190734863,8.375768423080446,False,ok
120,2026-02-23 08:00:00,2026-02-23 10:00:00,10.399999618530272,7.759294271469116,False,ok
120,2026-02-24 08:00:00,2026-02-24 10:00:00,8.0,8.79158282279968,False,ok
120,2026-02-25 08:00:00,2026-02-25 10:00:00,9.100000381469728,8.5354483127594,False,ok
120,2026-02-26 08:00:00,2026-02-26 10:00:00,8.699999809265137,8.714496692021687,False,ok
120,2026-02-27 08:00:00,2026-02-27 10:00:00,8.899999618530273,9.399561166763304,False,ok
120,2026-02-28 08:00:00,2026-02-28 10:00:00,8.600000381469727,8.13315709431966,False,ok
120,2026-03-01 08:00:00,2026-03-01 10:00:00,9.899999618530272,9.666518688201906,False,ok
120,2026-03-02 08:00:00,2026-03-02 10:00:00,8.199999809265137,8.513909419377645,False,ok
120,2026-03-03 08:00:00,2026-03-03 10:00:00,10.199999809265137,8.638073921203615,False,ok
120,2026-03-04 11:30:00,2026-03-04 13:30:00,2.700000047683716,5.258912086486816,False,ok
120,2026-03-04 14:30:00,2026-03-04 16:30:00,8.100000381469727,1.9293427467346191,False,ok
120,2026-03-05 08:00:00,2026-03-05 10:00:00,6.0,8.648756345113117,False,ok
120,2026-03-06 08:00:00,2026-03-06 10:00:00,8.5,9.803881963094074,False,ok
120,2026-03-07 08:00:00,2026-03-07 10:00:00,8.899999618530273,11.786438147226969,False,ok
120,2026-03-08 08:00:00,2026-03-08 10:00:00,7.599999904632568,7.373666286468506,False,ok
120,2026-03-09 08:00:00,2026-03-09 10:00:00,8.399999618530273,9.598389188448587,False,ok
120,2026-03-10 08:00:00,2026-03-10 10:00:00,8.100000381469727,8.582044442494707,False,ok
120,2026-03-10 20:00:00,2026-03-10 22:00:00,7.300000190734863,6.195671200752259,False,ok
120,2026-03-11 12:30:00,2026-03-11 14:30:00,7.199999809265137,8.49830675125122,False,ok
120,2026-03-12 08:00:00,2026-03-12 10:00:00,8.300000190734863,8.387646396954853,False,ok
120,2026-03-13 08:00:00,2026-03-13 10:00:00,8.800000190734863,9.560963034629822,False,ok
120,2026-03-14 08:00:00,2026-03-14 10:00:00,9.0,10.14697778224945,False,ok
120,2026-03-15 08:00:00,2026-03-15 10:00:00,8.800000190734863,8.74465215206146,False,ok
120,2026-03-15 13:00:00,2026-03-15 15:00:00,9.100000381469728,8.693180441856386,False,ok
120,2026-03-15 20:00:00,2026-03-15 22:00:00,8.5,8.814831415812176,False,ok
120,2026-03-16 08:00:00,2026-03-16 10:00:00,7.599999904632568,8.887660662333168,False,ok
120,2026-03-16 20:00:00,2026-03-16 22:00:00,8.100000381469727,11.336909651756288,False,ok
120,2026-03-17 08:00:00,2026-03-17 10:00:00,12.800000190734863,10.393008629480995,False,ok
120,2026-03-17 14:00:00,2026-03-17 16:00:00,9.600000381469728,11.850245157877604,False,ok
120,2026-03-17 20:00:00,2026-03-17 22:00:00,8.699999809265137,9.092219750086468,False,ok
120,2026-03-19 08:00:00,2026-03-19 10:00:00,8.5,10.815275192260744,False,ok
120,2026-03-20 08:00:00,2026-03-20 10:00:00,7.400000095367432,9.161223411560057,False,ok
120,2026-03-21 08:00:00,2026-03-21 10:00:00,6.800000190734863,7.26729965209961,False,ok
120,2026-03-22 08:00:00,2026-03-22 10:00:00,8.199999809265137,7.989592472712198,False,ok
120,2026-03-23 08:00:00,2026-03-23 10:00:00,7.699999809265137,8.219976345698038,False,ok
120,2026-03-24 08:00:00,2026-03-24 10:00:00,9.199999809265137,9.434155384699505,False,ok
120,2026-03-25 08:00:00,2026-03-25 10:00:00,8.300000190734863,8.407731294631958,False,ok
120,2026-03-26 08:00:00,2026-03-26 10:00:00,7.5,8.058294534683226,False,ok
120,2026-03-27 08:00:00,2026-03-27 10:00:00,7.199999809265137,7.278433163960774,False,ok
120,2026-03-28 08:00:00,2026-03-28 10:00:00,7.800000190734863,8.3974023660024,False,ok
120,2026-03-29 08:00:00,2026-03-29 10:00:00,9.0,8.215054114659628,False,ok
120,2026-03-30 08:00:00,2026-03-30 10:00:00,7.099999904632568,7.590200980504352,False,ok
120,2026-03-31 08:00:00,2026-03-31 10:00:00,7.800000190734863,7.8792375326156625,False,ok
120,2026-04-01 08:00:00,2026-04-01 10:00:00,9.899999618530272,10.796624461809795,False,ok
120,2026-04-02 08:00:00,2026-04-02 10:00:00,7.099999904632568,13.072110176086424,False,ok
120,2026-04-03 08:00:00,2026-04-03 10:00:00,9.100000381469728,9.595087488492329,False,ok
120,2026-04-04 08:00:00,2026-04-04 10:00:00,8.800000190734863,9.530012408892317,False,ok
120,2026-04-04 14:00:00,2026-04-04 16:00:00,5.5,11.791755119959513,False,ok
120,2026-04-05 08:00:00,2026-04-05 10:00:00,10.0,9.40642873446147,False,ok
120,2026-04-06 08:00:00,2026-04-06 10:00:00,9.699999809265137,6.926508982976277,False,ok
120,2026-04-07 08:00:00,2026-04-07 10:00:00,8.300000190734863,8.76118540763855,False,ok
120,2026-04-08 08:00:00,2026-04-08 10:00:00,9.399999618530272,7.314417997996012,False,ok
120,2026-04-09 01:00:00,2026-04-09 03:00:00,8.199999809265137,7.876689354578656,False,ok
120,2026-04-09 08:00:00,2026-04-09 10:00:00,7.699999809265137,7.517333428064982,False,ok
120,2026-04-10 00:00:00,2026-04-10 02:00:00,5.699999809265137,6.334741036097209,False,ok
120,2026-04-10 08:00:00,2026-04-10 10:00:00,7.900000095367432,7.168659607569378,False,ok
120,2026-04-11 08:00:00,2026-04-11 10:00:00,8.199999809265137,7.6863417228062945,False,ok
120,2026-04-12 08:00:00,2026-04-12 10:00:00,9.199999809265137,9.817198872566223,False,ok
120,2026-04-13 08:00:00,2026-04-13 10:00:00,7.400000095367432,8.068748593330382,False,ok
120,2026-04-14 08:00:00,2026-04-14 10:00:00,7.199999809265137,7.487874150276183,False,ok
120,2026-04-27 13:30:00,2026-04-27 15:30:00,14.300000190734863,11.034373402595518,False,ok
120,2026-04-27 15:30:00,2026-04-27 17:30:00,5.900000095367432,11.06265938282013,False,ok
120,2026-04-27 20:00:00,2026-04-27 22:00:00,1.2000000476837158,11.320647358894348,False,ok
120,2026-04-28 04:00:00,2026-04-28 06:00:00,0.5,0.4383301734924321,False,ok
120,2026-04-28 08:00:00,2026-04-28 10:00:00,0.8999999761581421,0.5233196020126347,False,ok
120,2026-04-28 20:00:00,2026-04-28 22:00:00,3.4000000953674316,0.7402830223242445,False,ok
120,2026-04-29 04:00:00,2026-04-29 06:00:00,7.199999809265137,1.832461655139923,False,ok
120,2026-04-29 08:00:00,2026-04-29 10:00:00,8.100000381469727,6.810030281543732,False,ok
120,2026-04-29 18:00:00,2026-04-29 20:00:00,11.5,10.663172016541164,False,ok
120,2026-04-30 08:00:00,2026-04-30 10:00:00,7.0,6.3696282009283705,False,ok
120,2026-04-30 14:00:00,2026-04-30 16:00:00,11.5,9.07832699020704,False,ok
120,2026-04-30 18:00:00,2026-04-30 20:00:00,5.099999904632568,9.995162775119146,False,ok
120,2026-05-01 08:00:00,2026-05-01 10:00:00,7.900000095367432,8.830195238192875,False,ok
120,2026-05-02 08:00:00,2026-05-02 10:00:00,7.599999904632568,6.228694558143615,False,ok
120,2026-05-03 08:00:00,2026-05-03 10:00:00,7.699999809265137,8.717081189155579,False,ok
120,2026-05-04 08:00:00,2026-05-04 10:00:00,13.899999618530272,8.02332127094269,False,ok
120,2026-05-04 12:00:00,2026-05-04 14:00:00,20.299999237060547,11.76412785053253,False,ok
120,2026-05-04 14:30:00,2026-05-04 16:30:00,9.5,7.151376366615295,False,ok
120,2026-05-04 22:01:00,2026-05-05 00:01:00,9.699999809265137,6.430837710698446,False,ok
120,2026-05-05 08:00:00,2026-05-05 10:00:00,4.900000095367432,6.025233825047811,False,ok
120,2026-05-07 07:30:00,2026-05-07 09:30:00,7.800000190734863,9.22208793958028,False,ok
120,2026-05-08 08:00:00,2026-05-08 10:00:00,4.0,10.677725394566854,False,ok
120,2026-05-08 21:50:00,2026-05-08 23:50:00,8.399999618530273,11.660799582799278,False,ok
120,2026-05-09 08:00:00,2026-05-09 10:00:00,4.099999904632568,12.56062475840251,False,ok
120,2026-05-09 16:30:00,2026-05-09 18:30:00,3.900000095367432,12.84054124355316,False,ok
120,2026-05-09 20:00:00,2026-05-09 22:00:00,3.200000047683716,6.285165190696717,False,ok
120,2026-05-10 08:00:00,2026-05-10 10:00:00,6.099999904632568,4.656967242558798,False,ok
120,2026-05-11 08:00:00,2026-05-11 10:00:00,9.0,5.958027442296346,False,ok
120,2026-05-12 08:00:00,2026-05-12 10:00:00,9.899999618530272,7.379956324895223,False,ok
120,2026-05-12 16:00:00,2026-05-12 18:00:00,9.5,6.283580859502156,False,ok
120,2026-05-13 08:00:00,2026-05-13 10:00:00,4.599999904632568,3.522539973258972,False,ok
120,2026-05-14 01:00:00,2026-05-14 03:00:00,6.699999809265137,3.288773755232493,False,ok
120,2026-05-14 08:00:00,2026-05-14 10:00:00,12.0,8.32328643401464,False,ok
120,2026-05-15 08:00:00,2026-05-15 10:00:00,11.899999618530272,9.628738105297089,False,ok
120,2026-05-15 13:00:00,2026-05-15 15:00:00,7.099999904632568,7.751850306987763,False,ok
120,2026-05-16 08:00:00,2026-05-16 10:00:00,9.699999809265137,8.788613319396973,False,ok
120,2026-05-18 09:00:00,2026-05-18 11:00:00,5.0,14.632883628209433,False,ok
120,2026-05-19 09:30:00,2026-05-19 11:30:00,9.0,6.249940951665243,False,ok
120,2026-05-20 08:00:00,2026-05-20 10:00:00,11.0,8.716869910558065,False,ok
120,2026-05-20 14:30:00,2026-05-20 16:30:00,6.0,9.604793310165403,False,ok
120,2026-05-21 08:00:00,2026-05-21 10:00:00,10.0,9.69613830248515,False,ok
120,2026-05-22 08:00:00,2026-05-22 10:00:00,10.899999618530272,11.612604935963946,False,ok
120,2026-05-22 10:00:00,2026-05-22 12:00:00,9.100000381469728,11.206478913625078,False,ok
120,2026-05-23 07:35:00,2026-05-23 09:35:00,10.800000190734863,10.899708628654478,False,ok
120,2026-05-24 08:00:00,2026-05-24 10:00:00,9.5,7.415972590446471,False,ok
120,2026-05-25 03:00:00,2026-05-25 05:00:00,11.300000190734863,10.029727816581726,False,ok
120,2026-05-25 08:00:00,2026-05-25 10:00:00,8.199999809265137,9.665388941764832,False,ok
120,2026-05-25 12:00:00,2026-05-25 14:00:00,10.100000381469728,11.495790362358091,False,ok
120,2026-05-26 08:00:00,2026-05-26 10:00:00,9.399999618530272,8.689201712608336,False,ok
120,2026-05-27 03:00:00,2026-05-27 05:00:00,10.699999809265137,4.374453663825989,False,ok
120,2026-05-27 08:00:00,2026-05-27 10:00:00,6.0,7.238907694816589,False,ok
120,2026-05-28 08:00:00,2026-05-28 10:00:00,8.699999809265137,9.867981553077696,False,ok
120,2026-05-29 08:00:00,2026-05-29 10:00:00,8.100000381469727,11.538107514381409,False,ok
120,2026-05-30 08:00:00,2026-05-30 10:00:00,9.199999809265137,9.325077374776203,False,ok
120,2026-05-31 08:00:00,2026-05-31 10:00:00,9.100000381469728,9.59001835187276,False,ok
120,2026-06-01 08:00:00,2026-06-01 10:00:00,10.0,8.938754161198935,False,ok
120,2026-06-02 08:00:00,2026-06-02 10:00:00,8.899999618530273,8.125435431798302,False,ok
120,2026-06-03 08:00:00,2026-06-03 10:00:00,9.300000190734863,8.301419854164125,False,ok
120,2026-06-03 18:00:00,2026-06-03 20:00:00,9.0,8.24882479508718,False,ok
120,2026-06-04 08:00:00,2026-06-04 10:00:00,8.699999809265137,9.212361534436544,False,ok
120,2026-06-05 08:00:00,2026-06-05 10:00:00,8.5,9.09735834598541,False,ok
120,2026-06-06 08:00:00,2026-06-06 10:00:00,10.5,9.997485756874084,False,ok
120,2026-06-07 08:00:00,2026-06-07 10:00:00,9.399999618530272,9.00715982913971,False,ok
120,2026-06-07 14:15:00,2026-06-07 16:15:00,10.800000190734863,9.336849212646484,False,ok
120,2026-06-08 08:00:00,2026-06-08 10:00:00,9.699999809265137,8.952939947446188,False,ok
120,2026-06-08 15:00:00,2026-06-08 17:00:00,7.599999904632568,8.246871074040728,False,ok
120,2026-06-08 20:00:00,2026-06-08 22:00:00,6.699999809265137,7.848557551701862,False,ok
120,2026-06-09 08:00:00,2026-06-09 10:00:00,5.599999904632568,10.875911116600037,False,ok
120,2026-06-09 15:00:00,2026-06-09 17:00:00,6.800000190734863,7.935676296552024,False,ok
120,2026-06-10 08:00:00,2026-06-10 10:00:00,10.399999618530272,9.187944253285725,False,ok
120,2026-06-10 12:30:00,2026-06-10 14:30:00,9.800000190734863,6.9429934819539385,False,ok
120,2026-06-11 08:00:00,2026-06-11 10:00:00,9.699999809265137,12.045529127120972,False,ok
120,2026-06-12 08:00:00,2026-06-12 10:00:00,9.699999809265137,10.354803800582884,False,ok
120,2026-06-13 08:00:00,2026-06-13 10:00:00,8.600000381469727,8.019140799840288,False,ok
120,2026-06-14 08:00:00,2026-06-14 10:00:00,9.399999618530272,8.546687285105385,False,ok
120,2026-06-15 08:00:00,2026-06-15 10:00:00,9.800000190734863,8.727128664652508,False,ok
120,2026-06-16 02:00:00,2026-06-16 04:00:00,8.300000190734863,10.386964321136476,False,ok
120,2026-06-17 07:00:00,2026-06-17 09:00:00,2.0999999046325684,13.717777252197264,False,ok
120,2026-06-17 08:00:00,2026-06-17 10:00:00,0.3000000119209289,5.875283241271973,False,ok
120,2026-06-17 12:00:00,2026-06-17 14:00:00,0.1000000014901161,3.121199607849121,False,ok
120,2026-06-17 20:00:00,2026-06-17 22:00:00,2.700000047683716,3.004764080047607,False,ok
120,2026-07-02 10:00:00,2026-07-02 12:00:00,4.099999904632568,2.0999999046325684,True,ok
120,2026-07-02 18:00:00,2026-07-02 20:00:00,1.100000023841858,2.0999999046325684,True,ok
120,2026-07-03 11:00:00,2026-07-03 13:00:00,2.299999952316284,1.100000023841858,True,ok
120,2026-07-03 16:00:00,2026-07-03 18:00:00,16.100000381469727,1.100000023841858,True,ok
120,2026-07-03 19:00:00,2026-07-03 21:00:00,13.800000190734863,2.299999952316284,True,ok
120,2026-07-03 22:00:00,2026-07-04 00:00:00,7.099999904632568,2.700000047683716,True,ok
120,2026-07-04 02:00:00,2026-07-04 04:00:00,3.700000047683716,4.099999904632568,True,ok
120,2026-07-04 08:00:00,2026-07-04 10:00:00,3.200000047683716,7.0999999046325675,True,ok
120,2026-07-05 08:00:00,2026-07-05 10:00:00,4.800000190734863,7.0999999046325675,True,ok
120,2026-07-06 08:00:00,2026-07-06 10:00:00,6.5,4.800000190734863,True,ok
120,2026-07-07 08:00:00,2026-07-07 10:00:00,5.699999809265137,4.800000190734863,True,ok
120,2026-07-08 08:00:00,2026-07-08 10:00:00,5.300000190734863,5.259842872619629,False,ok
120,2026-07-09 08:00:00,2026-07-09 10:00:00,9.600000381469728,8.776051759719847,False,ok
120,2026-07-10 08:00:00,2026-07-10 10:00:00,8.0,7.243776957194009,False,ok
120,2026-07-11 08:00:00,2026-07-11 10:00:00,8.100000381469727,6.975342949231465,False,ok
120,2026-07-12 08:00:00,2026-07-12 10:00:00,11.600000381469728,6.814829031626383,False,ok
120,2026-07-12 12:00:00,2026-07-12 14:00:00,6.800000190734863,7.191395918528238,False,ok
120,2026-07-13 08:00:00,2026-07-13 10:00:00,7.900000095367432,9.72630127271016,False,ok
120,2026-07-14 08:00:00,2026-07-14 10:00:00,8.899999618530273,8.620139877001442,False,ok
120,2026-07-15 08:00:00,2026-07-15 10:00:00,10.300000190734863,8.821678241093952,False,ok
120,2026-07-16 08:00:00,2026-07-16 10:00:00,11.0,8.597972671190895,False,ok
120,2026-07-17 08:00:00,2026-07-17 10:00:00,9.100000381469728,9.613564332326254,False,ok
120,2026-07-18 03:00:00,2026-07-18 05:00:00,10.300000190734863,7.671040177345274,False,ok
120,2026-07-18 08:00:00,2026-07-18 10:00:00,12.399999618530272,9.764975666999815,False,ok
120,2026-07-18 20:00:00,2026-07-18 22:00:00,10.399999618530272,9.812819639841717,False,ok
120,2026-07-19 08:00:00,2026-07-19 10:00:00,9.100000381469728,9.854559183120726,False,ok
120,2026-07-20 08:00:00,2026-07-20 10:00:00,10.199999809265137,11.18547749519348,False,ok
120,2026-07-21 08:00:00,2026-07-21 10:00:00,8.100000381469727,10.300000190734863,True,ok
120,2026-07-23 08:00:00,2026-07-23 10:00:00,6.400000095367432,11.29825512568156,False,ok
120,2026-07-24 08:00:00,2026-07-24 10:00:00,8.800000190734863,10.634477774302164,False,ok
120,2026-07-25 08:00:00,2026-07-25 10:00:00,7.400000095367432,7.729115645090738,False,ok
120,2026-07-26 08:00:00,2026-07-26 10:00:00,9.899999618530272,5.814054330190024,False,ok
120,2026-07-27 08:00:00,2026-07-27 10:00:00,10.800000190734863,9.033462842305502,False,ok
120,2026-07-28 08:00:00,2026-07-28 10:00:00,9.300000190734863,5.9527285893758135,False,ok
120,2026-07-29 08:00:00,2026-07-29 10:00:00,8.0,7.261521180470785,False,ok
120,2026-07-30 08:00:00,2026-07-30 10:00:00,8.5,7.0944007237752285,False,ok
120,2026-07-31 08:00:00,2026-07-31 10:00:00,8.600000381469727,9.207806905110678,False,ok
120,2026-08-01 08:00:00,2026-08-01 10:00:00,8.399999618530273,8.897520065307617,False,ok
120,2026-08-02 08:00:00,2026-08-02 10:00:00,10.600000381469728,9.265250126520792,False,ok
120,2026-08-03 08:00:00,2026-08-03 10:00:00,9.600000381469728,9.328715006510418,False,ok
120,2026-08-04 08:00:00,2026-08-04 10:00:00,8.0,8.647830883661905,False,ok
120,2026-08-05 08:00:00,2026-08-05 10:00:00,7.800000190734863,8.207020203272501,False,ok
120,2026-08-06 08:00:00,2026-08-06 10:00:00,9.300000190734863,7.934987068176269,False,ok
120,2026-08-07 08:00:00,2026-08-07 10:00:00,9.699999809265137,7.607622424761454,False,ok
120,2026-08-07 11:00:00,2026-08-07 13:00:00,8.800000190734863,8.591977874437967,False,ok
120,2026-08-08 08:00:00,2026-08-08 10:00:00,6.699999809265137,8.325219631195068,False,ok
120,2026-08-09 08:00:00,2026-08-09 10:00:00,7.300000190734863,8.383717338244118,False,ok
180,2026-01-01 07:00:00,2026-01-01 10:00:00,8.899999618530273,9.54040942589442,False,ok
180,2026-01-02 07:00:00,2026-01-02 10:00:00,9.100000381469728,8.598101218541466,False,ok
180,2026-01-03 07:00:00,2026-01-03 10:00:00,10.600000381469728,9.327991326649984,False,ok
180,2026-01-03 11:58:15,2026-01-03 14:58:15,8.699999809265137,8.855138142903646,False,ok
180,2026-01-04 07:00:00,2026-01-04 10:00:00,8.100000381469727,8.751447161038717,False,ok
180,2026-01-04 15:00:00,2026-01-04 18:00:00,6.800000190734863,8.629537304242453,False,ok
180,2026-01-05 07:00:00,2026-01-05 10:00:00,7.900000095367432,8.28315230210622,False,ok
180,2026-01-05 19:00:00,2026-01-05 22:00:00,8.600000381469727,8.466921528180437,False,ok
180,2026-01-06 07:00:00,2026-01-06 10:00:00,10.5,11.163187225659687,False,ok
180,2026-01-06 13:00:00,2026-01-06 16:00:00,8.899999618530273,10.200477798779804,False,ok
180,2026-01-07 07:00:00,2026-01-07 10:00:00,7.099999904632568,8.621744712193806,False,ok
180,2026-01-08 07:00:00,2026-01-08 10:00:00,8.199999809265137,10.029640277226768,False,ok
180,2026-01-09 15:00:00,2026-01-09 18:00:00,13.0,21.113732894261677,False,ok
180,2026-01-09 18:00:00,2026-01-09 21:00:00,2.0,7.001974662144979,False,ok
180,2026-01-10 07:00:00,2026-01-10 10:00:00,6.599999904632568,6.074105103810628,False,ok
180,2026-01-11 07:00:00,2026-01-11 10:00:00,8.800000190734863,9.8151052792867,False,ok
180,2026-01-12 07:00:00,2026-01-12 10:00:00,12.0,8.887504021326704,False,ok
180,2026-01-12 13:00:00,2026-01-12 16:00:00,9.800000190734863,8.767229954401655,False,ok
180,2026-01-13 07:00:00,2026-01-13 10:00:00,9.0,7.70353325208028,False,ok
180,2026-01-13 19:00:00,2026-01-13 22:00:00,11.100000381469728,7.889048655827841,False,ok
180,2026-01-14 07:00:00,2026-01-14 10:00:00,8.899999618530273,10.370019515355429,False,ok
180,2026-01-15 07:00:00,2026-01-15 10:00:00,9.5,10.03646270434062,False,ok
180,2026-01-16 07:00:00,2026-01-16 10:00:00,9.399999618530272,10.8251572450002,False,ok
180,2026-01-17 07:00:00,2026-01-17 10:00:00,9.899999618530272,10.356530586878462,False,ok
180,2026-01-18 07:00:00,2026-01-18 10:00:00,9.199999809265137,10.27270483970642,False,ok
180,2026-01-18 11:30:00,2026-01-18 14:30:00,9.600000381469728,10.429632902145388,False,ok
180,2026-01-18 19:00:00,2026-01-18 22:00:00,7.099999904632568,10.983912706375124,False,ok
180,2026-01-19 07:00:00,2026-01-19 10:00:00,7.599999904632568,10.181053757667542,False,ok
180,2026-01-19 14:44:10,2026-01-19 17:44:10,7.0,9.04373315970103,False,ok
180,2026-01-19 19:00:00,2026-01-19 22:00:00,9.899999618530272,9.586480180422464,False,ok
180,2026-01-20 02:30:00,2026-01-20 05:30:00,7.099999904632568,7.1170445680618295,False,ok
180,2026-01-20 07:00:00,2026-01-20 10:00:00,8.0,8.221384644508364,False,ok
180,2026-01-21 07:00:00,2026-01-21 10:00:00,9.899999618530272,9.196443041165669,False,ok
180,2026-01-22 07:00:00,2026-01-22 10:00:00,9.199999809265137,9.058947523434956,False,ok
180,2026-01-23 07:00:00,2026-01-23 10:00:00,8.5,9.535085638364151,False,ok
180,2026-01-24 07:00:00,2026-01-24 10:00:00,9.600000381469728,9.48201004664103,False,ok
180,2026-01-25 07:00:00,2026-01-25 10:00:00,7.400000095367432,9.851979732513426,False,ok
180,2026-01-26 07:00:00,2026-01-26 10:00:00,8.199999809265137,9.75698232650757,False,ok
180,2026-01-27 07:00:00,2026-01-27 10:00:00,8.0,9.09284973144531,False,ok
180,2026-01-28 07:00:00,2026-01-28 10:00:00,7.699999809265137,9.708407402038576,False,ok
180,2026-01-29 07:00:00,2026-01-29 10:00:00,9.0,9.084529320398964,False,ok
180,2026-01-30 07:00:00,2026-01-30 10:00:00,8.5,8.619980374972023,False,ok
180,2026-01-31 07:00:00,2026-01-31 10:00:00,8.699999809265137,9.080082019170126,False,ok
180,2026-02-01 07:00:00,2026-02-01 10:00:00,9.0,9.794352213541668,False,ok
180,2026-02-02 07:00:00,2026-02-02 10:00:00,9.199999809265137,7.450163046518962,False,ok
180,2026-02-03 07:00:00,2026-02-03 10:00:00,8.399999618530273,7.129837195078532,False,ok
180,2026-02-04 07:00:00,2026-02-04 10:00:00,9.800000190734863,7.982469717661537,False,ok
180,2026-02-05 07:00:00,2026-02-05 10:00:00,8.899999618530273,7.610137502352396,False,ok
180,2026-02-06 07:00:00,2026-02-06 10:00:00,6.400000095367432,8.365415136019386,False,ok
180,2026-02-07 07:00:00,2026-02-07 10:00:00,7.0,11.656595269838968,False,ok
180,2026-02-08 07:00:00,2026-02-08 10:00:00,9.899999618530272,10.143639604250591,False,ok
180,2026-02-09 07:00:00,2026-02-09 10:00:00,10.300000190734863,11.56525472799937,False,ok
180,2026-02-10 07:00:00,2026-02-10 10:00:00,9.100000381469728,9.832250714302065,False,ok
180,2026-02-11 07:00:00,2026-02-11 10:00:00,8.699999809265137,9.338350375493366,False,ok
180,2026-02-12 07:00:00,2026-02-12 10:00:00,7.699999809265137,9.42964235941569,False,ok
180,2026-02-13 07:00:00,2026-02-13 10:00:00,8.899999618530273,9.409535566965738,False,ok
180,2026-02-14 07:00:00,2026-02-14 10:00:00,7.699999809265137,8.326990286509195,False,ok
180,2026-02-15 07:00:00,2026-02-15 10:00:00,8.199999809265137,8.161746501922606,False,ok
180,2026-02-16 07:00:00,2026-02-16 10:00:00,7.800000190734863,9.122088551521305,False,ok
180,2026-02-17 07:00:00,2026-02-17 10:00:00,8.0,8.021031816800434,False,ok
180,2026-02-18 07:00:00,2026-02-18 10:00:00,8.800000190734863,9.80784551302592,False,ok
180,2026-02-19 07:00:00,2026-02-19 10:00:00,9.5,8.714951753616335,False,ok
180,2026-02-20 07:00:00,2026-02-20 10:00:00,7.400000095367432,9.064480940500898,False,ok
180,2026-02-21 07:00:00,2026-02-21 10:00:00,7.400000095367432,6.724196592966716,False,ok
180,2026-02-22 07:00:00,2026-02-22 10:00:00,7.800000190734863,8.515390157699583,False,ok
180,2026-02-23 07:00:00,2026-02-23 10:00:00,10.399999618530272,8.752671957015991,False,ok
180,2026-02-24 07:00:00,2026-02-24 10:00:00,8.0,8.37500548362732,False,ok
180,2026-02-25 07:00:00,2026-02-25 10:00:00,9.100000381469728,9.275522470474243,False,ok
180,2026-02-26 07:00:00,2026-02-26 10:00:00,8.699999809265137,8.848015864690145,False,ok
180,2026-02-27 07:00:00,2026-02-27 10:00:00,8.899999618530273,8.676456689834593,False,ok
180,2026-02-28 07:00:00,2026-02-28 10:00:00,8.600000381469727,9.0692351659139,False,ok
180,2026-03-01 07:00:00,2026-03-01 10:00:00,9.899999618530272,10.861102581024172,False,ok
180,2026-03-02 07:00:00,2026-03-02 10:00:00,8.199999809265137,9.788057406743365,False,ok
180,2026-03-03 07:00:00,2026-03-03 10:00:00,10.199999809265137,8.153593063354494,False,ok
180,2026-03-04 10:30:00,2026-03-04 13:30:00,2.700000047683716,3.6696605682373047,False,ok
180,2026-03-04 13:30:00,2026-03-04 16:30:00,8.100000381469727,1.8065056800842283,False,ok
180,2026-03-05 07:00:00,2026-03-05 10:00:00,6.0,11.060170491536455,False,ok
180,2026-03-06 07:00:00,2026-03-06 10:00:00,8.5,9.854667981465658,False,ok
180,2026-03-07 07:00:00,2026-03-07 10:00:00,8.899999618530273,8.697383085886639,False,ok
180,2026-03-08 07:00:00,2026-03-08 10:00:00,7.599999904632568,8.492099761962892,False,ok
180,2026-03-09 07:00:00,2026-03-09 10:00:00,8.399999618530273,9.276906530062355,False,ok
180,2026-03-10 07:00:00,2026-03-10 10:00:00,8.100000381469727,8.320365746815998,False,ok
180,2026-03-10 19:00:00,2026-03-10 22:00:00,7.300000190734863,8.032885670661926,False,ok
180,2026-03-11 11:30:00,2026-03-11 14:30:00,7.199999809265137,7.438442707061767,False,ok
180,2026-03-12 07:00:00,2026-03-12 10:00:00,8.300000190734863,8.482253750165302,False,ok
180,2026-03-13 07:00:00,2026-03-13 10:00:00,8.800000190734863,10.239854216575624,False,ok
180,2026-03-14 07:00:00,2026-03-14 10:00:00,9.0,10.07068192958832,False,ok
180,2026-03-15 07:00:00,2026-03-15 10:00:00,8.800000190734863,8.815608382225035,False,ok
180,2026-03-15 12:00:00,2026-03-15 15:00:00,9.100000381469728,8.755334258079529,False,ok
180,2026-03-15 19:00:00,2026-03-15 22:00:00,8.5,8.863245646158854,False,ok
180,2026-03-16 07:00:00,2026-03-16 10:00:00,7.599999904632568,8.815942446390787,False,ok
180,2026-03-16 19:00:00,2026-03-16 22:00:00,8.100000381469727,8.980374693870546,False,ok
180,2026-03-17 07:00:00,2026-03-17 10:00:00,12.800000190734863,9.31889001528422,False,ok
180,2026-03-17 13:00:00,2026-03-17 16:00:00,9.600000381469728,9.358403603235882,False,ok
180,2026-03-17 19:00:00,2026-03-17 22:00:00,8.699999809265137,9.287453333536783,False,ok
180,2026-03-19 07:00:00,2026-03-19 10:00:00,8.5,9.735682487487791,False,ok
180,2026-03-20 07:00:00,2026-03-20 10:00:00,7.400000095367432,8.665810585021973,False,ok
180,2026-03-21 07:00:00,2026-03-21 10:00:00,6.800000190734863,8.51474380493164,False,ok
180,2026-03-22 07:00:00,2026-03-22 10:00:00,8.199999809265137,7.10155431429545,False,ok
180,2026-03-23 07:00:00,2026-03-23 10:00:00,7.699999809265137,7.899228970209758,False,ok
180,2026-03-24 07:00:00,2026-03-24 10:00:00,9.199999809265137,8.494640270868935,False,ok
180,2026-03-25 07:00:00,2026-03-25 10:00:00,8.300000190734863,7.454027891159056,False,ok
180,2026-03-26 07:00:00,2026-03-26 10:00:00,7.5,7.66536831855774,False,ok
180,2026-03-27 07:00:00,2026-03-27 10:00:00,7.199999809265137,8.345054944356283,False,ok
180,2026-03-28 07:00:00,2026-03-28 10:00:00,7.800000190734863,7.969379981358845,False,ok
180,2026-03-29 07:00:00,2026-03-29 10:00:00,9.0,7.728911002477012,False,ok
180,2026-03-30 07:00:00,2026-03-30 10:00:00,7.099999904632568,7.189632018407185,False,ok
180,2026-03-31 07:00:00,2026-03-31 10:00:00,7.800000190734863,9.092046141624452,False,ok
180,2026-04-01 07:00:00,2026-04-01 10:00:00,9.899999618530272,10.301144878069564,False,ok
180,2026-04-02 07:00:00,2026-04-02 10:00:00,7.099999904632568,10.873251914978026,False,ok
180,2026-04-03 07:00:00,2026-04-03 10:00:00,9.100000381469728,10.01819368203481,False,ok
180,2026-04-04 07:00:00,2026-04-04 10:00:00,8.800000190734863,10.61799744764964,False,ok
180,2026-04-04 13:00:00,2026-04-04 16:00:00,5.5,11.98980454603831,False,ok
180,2026-04-05 07:00:00,2026-04-05 10:00:00,10.0,8.57479993502299,False,ok
180,2026-04-06 07:00:00,2026-04-06 10:00:00,9.699999809265137,7.469510157903036,False,ok
180,2026-04-07 07:00:00,2026-04-07 10:00:00,8.300000190734863,8.710829496383665,False,ok
180,2026-04-08 07:00:00,2026-04-08 10:00:00,9.399999618530272,6.511021773020426,False,ok
180,2026-04-09 00:00:00,2026-04-09 03:00:00,8.199999809265137,9.023421684900924,False,ok
180,2026-04-09 07:00:00,2026-04-09 10:00:00,7.699999809265137,7.2937854925791425,False,ok
180,2026-04-09 23:00:00,2026-04-10 02:00:00,5.699999809265137,6.80243722597758,False,ok
180,2026-04-10 07:00:00,2026-04-10 10:00:00,7.900000095367432,7.0040210882822675,False,ok
180,2026-04-11 07:00:00,2026-04-11 10:00:00,8.199999809265137,7.742154558499656,False,ok
180,2026-04-12 07:00:00,2026-04-12 10:00:00,9.199999809265137,9.499043583869936,False,ok
180,2026-04-13 07:00:00,2026-04-13 10:00:00,7.400000095367432,7.613411545753478,False,ok
180,2026-04-14 07:00:00,2026-04-14 10:00:00,7.199999809265137,7.597813725471495,False,ok
180,2026-04-27 12:30:00,2026-04-27 15:30:00,14.300000190734863,10.86856186389923,False,ok
180,2026-04-27 14:30:00,2026-04-27 17:30:00,5.900000095367432,10.99597656726837,False,ok
180,2026-04-27 19:00:00,2026-04-27 22:00:00,1.2000000476837158,10.882223248481752,False,ok
180,2026-04-28 03:00:00,2026-04-28 06:00:00,0.5,0.5217937231063847,False,ok
180,2026-04-28 07:00:00,2026-04-28 10:00:00,0.8999999761581421,0.4821196794509892,False,ok
180,2026-04-28 19:00:00,2026-04-28 22:00:00,3.4000000953674316,0.7078596452871961,False,ok
180,2026-04-29 03:00:00,2026-04-29 06:00:00,7.199999809265137,1.3350098729133606,False,ok
180,2026-04-29 07:00:00,2026-04-29 10:00:00,8.100000381469727,6.762743294239044,False,ok
180,2026-04-29 17:00:00,2026-04-29 20:00:00,11.5,8.343970547119776,False,ok
180,2026-04-30 07:00:00,2026-04-30 10:00:00,7.0,6.606887588898342,False,ok
180,2026-04-30 13:00:00,2026-04-30 16:00:00,11.5,6.668561230103175,False,ok
180,2026-04-30 17:00:00,2026-04-30 20:00:00,5.099999904632568,10.330179979403812,False,ok
180,2026-05-01 07:00:00,2026-05-01 10:00:00,7.900000095367432,8.629536439975105,False,ok
180,2026-05-02 07:00:00,2026-05-02 10:00:00,7.599999904632568,6.353958249092102,False,ok
180,2026-05-03 07:00:00,2026-05-03 10:00:00,7.699999809265137,9.175888180732729,False,ok
180,2026-05-04 07:00:00,2026-05-04 10:00:00,13.899999618530272,7.67353069782257,False,ok
180,2026-05-04 11:00:00,2026-05-04 14:00:00,20.299999237060547,13.89355671405792,False,ok
180,2026-05-04 13:30:00,2026-05-04 16:30:00,9.5,6.269270062446594,False,ok
180,2026-05-04 21:01:00,2026-05-05 00:01:00,9.699999809265137,6.349052985509238,False,ok
180,2026-05-05 07:00:00,2026-05-05 10:00:00,4.900000095367432,7.140685160954793,False,ok
180,2026-05-07 06:30:00,2026-05-07 09:30:00,7.800000190734863,8.72399004300435,False,ok
180,2026-05-08 07:00:00,2026-05-08 10:00:00,4.0,12.612977584203088,False,ok
180,2026-05-08 20:50:00,2026-05-08 23:50:00,8.399999618530273,11.634858687718712,False,ok
180,2026-05-09 07:00:00,2026-05-09 10:00:00,4.099999904632568,12.478866259257002,False,ok
180,2026-05-09 15:30:00,2026-05-09 18:30:00,3.900000095367432,9.66814172267914,False,ok
180,2026-05-09 19:00:00,2026-05-09 22:00:00,3.200000047683716,8.393993735313416,False,ok
180,2026-05-10 07:00:00,2026-05-10 10:00:00,6.099999904632568,4.009186347325643,False,ok
180,2026-05-11 07:00:00,2026-05-11 10:00:00,9.0,6.694511016209919,False,ok
180,2026-05-12 07:00:00,2026-05-12 10:00:00,9.899999618530272,6.517045100529989,False,ok
180,2026-05-12 15:00:00,2026-05-12 18:00:00,9.5,6.06689699490865,False,ok
180,2026-05-13 07:00:00,2026-05-13 10:00:00,4.599999904632568,2.8058255910873413,False,ok
180,2026-05-14 00:00:00,2026-05-14 03:00:00,6.699999809265137,2.6170897285143533,False,ok
180,2026-05-14 07:00:00,2026-05-14 10:00:00,12.0,6.539479633172354,False,ok
180,2026-05-15 07:00:00,2026-05-15 10:00:00,11.899999618530272,9.164094626903536,False,ok
180,2026-05-15 12:00:00,2026-05-15 15:00:00,7.099999904632568,8.791768729686735,False,ok
180,2026-05-16 07:00:00,2026-05-16 10:00:00,9.699999809265137,8.354243755340576,False,ok
180,2026-05-18 08:00:00,2026-05-18 11:00:00,5.0,15.006734450658165,False,ok
180,2026-05-19 08:30:00,2026-05-19 11:30:00,9.0,6.531907637914022,False,ok
180,2026-05-20 07:00:00,2026-05-20 10:00:00,11.0,10.49152143796285,False,ok
180,2026-05-20 13:30:00,2026-05-20 16:30:00,6.0,11.389685233434042,False,ok
180,2026-05-21 07:00:00,2026-05-21 10:00:00,10.0,10.527313152949011,False,ok
180,2026-05-22 07:00:00,2026-05-22 10:00:00,10.899999618530272,9.925428231557207,False,ok
180,2026-05-22 09:00:00,2026-05-22 12:00:00,9.100000381469728,12.109898408253986,False,ok
180,2026-05-23 06:35:00,2026-05-23 09:35:00,10.800000190734863,10.60500228404999,False,ok
180,2026-05-24 07:00:00,2026-05-24 10:00:00,9.5,7.270854830741882,False,ok
180,2026-05-25 02:00:00,2026-05-25 05:00:00,11.300000190734863,9.761928439140322,False,ok
180,2026-05-25 07:00:00,2026-05-25 10:00:00,8.199999809265137,11.24054992198944,False,ok
180,2026-05-25 11:00:00,2026-05-25 14:00:00,10.100000381469728,9.056950449943542,False,ok
180,2026-05-26 07:00:00,2026-05-26 10:00:00,9.399999618530272,9.645093798637392,False,ok
180,2026-05-27 02:00:00,2026-05-27 05:00:00,10.699999809265137,2.4680042266845703,False,ok
180,2026-05-27 07:00:00,2026-05-27 10:00:00,6.0,9.369002223014832,False,ok
180,2026-05-28 07:00:00,2026-05-28 10:00:00,8.699999809265137,8.954715371131899,False,ok
180,2026-05-29 07:00:00,2026-05-29 10:00:00,8.100000381469727,13.585898995399472,False,ok
180,2026-05-30 07:00:00,2026-05-30 10:00:00,9.199999809265137,9.529347737630207,False,ok
180,2026-05-31 07:00:00,2026-05-31 10:00:00,9.100000381469728,9.24241264661153,False,ok
180,2026-06-01 07:00:00,2026-06-01 10:00:00,10.0,9.071509440739948,False,ok
180,2026-06-02 07:00:00,2026-06-02 10:00:00,8.899999618530273,8.869397242863972,False,ok
180,2026-06-03 07:00:00,2026-06-03 10:00:00,9.300000190734863,8.828022599220276,False,ok
180,2026-06-03 17:00:00,2026-06-03 20:00:00,9.0,8.959325035413105,False,ok
180,2026-06-04 07:00:00,2026-06-04 10:00:00,8.699999809265137,9.513959129651386,False,ok
180,2026-06-05 07:00:00,2026-06-05 10:00:00,8.5,10.335833191871645,False,ok
180,2026-06-06 07:00:00,2026-06-06 10:00:00,10.5,9.871596932411196,False,ok
180,2026-06-07 07:00:00,2026-06-07 10:00:00,9.399999618530272,9.316922783851624,False,ok
180,2026-06-07 13:15:00,2026-06-07 16:15:00,10.800000190734863,8.8717485666275,False,ok
180,2026-06-08 07:00:00,2026-06-08 10:00:00,9.699999809265137,8.673109491666155,False,ok
180,2026-06-08 14:00:00,2026-06-08 17:00:00,7.599999904632568,9.057137568791706,False,ok
180,2026-06-08 19:00:00,2026-06-08 22:00:00,6.699999809265137,9.066292842229208,False,ok
180,2026-06-09 07:00:00,2026-06-09 10:00:00,5.599999904632568,11.21542966365814,False,ok
180,2026-06-09 14:00:00,2026-06-09 17:00:00,6.800000190734863,10.403097828229267,False,ok
180,2026-06-10 07:00:00,2026-06-10 10:00:00,10.399999618530272,6.28891642888387,False,ok
180,2026-06-10 11:30:00,2026-06-10 14:30:00,9.800000190734863,6.068565686543782,False,ok
180,2026-06-11 07:00:00,2026-06-11 10:00:00,9.699999809265137,11.138366460800173,False,ok
180,2026-06-12 07:00:00,2026-06-12 10:00:00,9.699999809265137,10.315804243087769,False,ok
180,2026-06-13 07:00:00,2026-06-13 10:00:00,8.600000381469727,8.749295790990194,False,ok
180,2026-06-14 07:00:00,2026-06-14 10:00:00,9.399999618530272,8.845388094584147,False,ok
180,2026-06-15 07:00:00,2026-06-15 10:00:00,9.800000190734863,8.563854853312174,False,ok
180,2026-06-16 01:00:00,2026-06-16 04:00:00,8.300000190734863,11.488841533660889,False,ok
180,2026-06-17 06:00:00,2026-06-17 09:00:00,2.0999999046325684,6.687838554382323,False,ok
180,2026-06-17 07:00:00,2026-06-17 10:00:00,0.3000000119209289,13.717777252197264,False,ok
180,2026-06-17 11:00:00,2026-06-17 14:00:00,0.1000000014901161,3.963298559188843,False,ok
180,2026-06-17 19:00:00,2026-06-17 22:00:00,2.700000047683716,8.193446159362795,False,ok
180,2026-07-02 09:00:00,2026-07-02 12:00:00,4.099999904632568,2.0999999046325684,True,ok
180,2026-07-02 17:00:00,2026-07-02 20:00:00,1.100000023841858,2.0999999046325684,True,ok
180,2026-07-03 10:00:00,2026-07-03 13:00:00,2.299999952316284,1.100000023841858,True,ok
180,2026-07-03 15:00:00,2026-07-03 18:00:00,16.100000381469727,1.100000023841858,True,ok
180,2026-07-03 18:00:00,2026-07-03 21:00:00,13.800000190734863,2.299999952316284,True,ok
180,2026-07-03 21:00:00,2026-07-04 00:00:00,7.099999904632568,2.299999952316284,True,ok
180,2026-07-04 01:00:00,2026-07-04 04:00:00,3.700000047683716,4.099999904632568,True,ok
180,2026-07-04 07:00:00,2026-07-04 10:00:00,3.200000047683716,7.0999999046325675,True,ok
180,2026-07-05 07:00:00,2026-07-05 10:00:00,4.800000190734863,7.0999999046325675,True,ok
180,2026-07-06 07:00:00,2026-07-06 10:00:00,6.5,4.800000190734863,True,ok
180,2026-07-07 07:00:00,2026-07-07 10:00:00,5.699999809265137,4.800000190734863,True,ok
180,2026-07-08 07:00:00,2026-07-08 10:00:00,5.300000190734863,5.804597854614258,False,ok
180,2026-07-09 07:00:00,2026-07-09 10:00:00,9.600000381469728,8.492229700088503,False,ok
180,2026-07-10 07:00:00,2026-07-10 10:00:00,8.0,6.62332550684611,False,ok
180,2026-07-11 07:00:00,2026-07-11 10:00:00,8.100000381469727,7.717705448468526,False,ok
180,2026-07-12 07:00:00,2026-07-12 10:00:00,11.600000381469728,10.843271891276045,False,ok
180,2026-07-12 11:00:00,2026-07-12 14:00:00,6.800000190734863,8.910424868265787,False,ok
180,2026-07-13 07:00:00,2026-07-13 10:00:00,7.900000095367432,9.898120959599812,False,ok
180,2026-07-14 07:00:00,2026-07-14 10:00:00,8.899999618530273,8.540747443834938,False,ok
180,2026-07-15 07:00:00,2026-07-15 10:00:00,10.300000190734863,8.796306689580279,False,ok
180,2026-07-16 07:00:00,2026-07-16 10:00:00,11.0,10.272465507189432,False,ok
180,2026-07-17 07:00:00,2026-07-17 10:00:00,9.100000381469728,8.66323932011922,False,ok
180,2026-07-18 02:00:00,2026-07-18 05:00:00,10.300000190734863,7.31793749332428,False,ok
180,2026-07-18 07:00:00,2026-07-18 10:00:00,12.399999618530272,9.63374626636505,False,ok
180,2026-07-18 19:00:00,2026-07-18 22:00:00,10.399999618530272,10.143041769663492,False,ok
180,2026-07-19 07:00:00,2026-07-19 10:00:00,9.100000381469728,10.522813081741331,False,ok
180,2026-07-20 07:00:00,2026-07-20 10:00:00,10.199999809265137,11.477983713150026,False,ok
180,2026-07-21 07:00:00,2026-07-21 10:00:00,8.100000381469727,10.300000190734863,True,ok
180,2026-07-23 07:00:00,2026-07-23 10:00:00,6.400000095367432,10.964840094248451,False,ok
180,2026-07-24 07:00:00,2026-07-24 10:00:00,8.800000190734863,6.683093706766765,False,ok
180,2026-07-25 07:00:00,2026-07-25 10:00:00,7.400000095367432,7.226174036661782,False,ok
180,2026-07-26 07:00:00,2026-07-26 10:00:00,9.899999618530272,4.573940594991049,False,ok
180,2026-07-27 07:00:00,2026-07-27 10:00:00,10.800000190734863,8.304490884145102,False,ok
180,2026-07-28 07:00:00,2026-07-28 10:00:00,9.300000190734863,7.653563817342122,False,ok
180,2026-07-29 07:00:00,2026-07-29 10:00:00,8.0,8.167157967885336,False,ok
180,2026-07-30 07:00:00,2026-07-30 10:00:00,8.5,7.954474767049153,False,ok
180,2026-07-31 07:00:00,2026-07-31 10:00:00,8.600000381469727,9.413044293721518,False,ok
180,2026-08-01 07:00:00,2026-08-01 10:00:00,8.399999618530273,9.546801567077638,False,ok
180,2026-08-02 07:00:00,2026-08-02 10:00:00,10.600000381469728,8.731938282648722,False,ok
180,2026-08-03 07:00:00,2026-08-03 10:00:00,9.600000381469728,8.23854891459147,False,ok
180,2026-08-04 07:00:00,2026-08-04 10:00:00,8.0,9.807716290156046,False,ok
180,2026-08-05 07:00:00,2026-08-05 10:00:00,7.800000190734863,7.8797091643015555,False,ok
180,2026-08-06 07:00:00,2026-08-06 10:00:00,9.300000190734863,8.28630828857422,False,ok
180,2026-08-07 07:00:00,2026-08-07 10:00:00,9.699999809265137,9.317895690600077,False,ok
180,2026-08-07 10:00:00,2026-08-07 13:00:00,8.800000190734863,8.081133166948952,False,ok
180,2026-08-08 07:00:00,2026-08-08 10:00:00,6.699999809265137,8.58823251724243,False,ok
180,2026-08-09 07:00:00,2026-08-09 10:00:00,7.300000190734863,7.743939201037089,False,ok
