horizon_minutes,prediction_origin,target_time,target,prediction,level_substituted,forecast_status
0,2024-01-01 01:00:00,2024-01-01 01:00:00,4.599999904632568,5.5648939212163295,False,ok
0,2024-01-01 10:00:00,2024-01-01 10:00:00,10.800000190734863,10.956038753191631,False,ok
0,2024-01-01 22:00:00,2024-01-01 22:00:00,8.300000190734863,7.737969676653544,False,ok
0,2024-01-02 10:00:00,2024-01-02 10:00:00,9.5,7.762335101763408,False,ok
0,2024-01-03 10:00:00,2024-01-03 10:00:00,7.199999809265137,7.238117059071859,False,ok
0,2024-01-04 10:00:00,2024-01-04 10:00:00,8.899999618530273,8.040101806322737,False,ok
0,2024-01-05 10:00:00,2024-01-05 10:00:00,6.099999904632568,5.7695658604304,False,ok
0,2024-01-06 10:00:00,2024-01-06 10:00:00,6.900000095367432,9.75737003485362,False,ok
0,2024-01-07 10:00:00,2024-01-07 10:00:00,3.200000047683716,5.663950443267822,False,ok
0,2024-01-08 12:00:00,2024-01-08 12:00:00,12.600000381469728,6.900000095367432,True,ok
0,2024-01-08 14:00:00,2024-01-08 14:00:00,1.0,1.9838969310124717,False,ok
0,2024-01-08 16:00:00,2024-01-08 16:00:00,2.0,3.399912556012472,False,ok
0,2024-01-09 10:00:00,2024-01-09 10:00:00,6.0,9.18848760177692,False,ok
0,2024-01-10 10:00:00,2024-01-10 10:00:00,9.199999809265137,11.096721582114698,False,ok
0,2024-01-11 10:00:00,2024-01-11 10:00:00,4.699999809265137,5.306523859500885,False,ok
0,2024-01-12 10:00:00,2024-01-12 10:00:00,6.800000190734863,6.553159753481547,False,ok
0,2024-01-13 10:00:00,2024-01-13 10:00:00,3.5,2.9032783905665083,False,ok
0,2024-01-13 23:00:00,2024-01-13 23:00:00,3.4000000953674316,2.352396051088969,False,ok
0,2024-01-14 10:00:00,2024-01-14 10:00:00,4.099999904632568,3.4619901180267334,False,ok
0,2024-01-15 10:00:00,2024-01-15 10:00:00,2.299999952316284,3.3118515412012743,False,ok
0,2024-01-16 10:00:00,2024-01-16 10:00:00,6.300000190734863,7.214281598726909,False,ok
0,2024-01-16 20:30:00,2024-01-16 20:30:00,4.199999809265137,4.188284317652385,False,ok
0,2024-01-17 10:00:00,2024-01-17 10:00:00,5.099999904632568,6.463355461756389,False,ok
0,2024-01-18 10:00:00,2024-01-18 10:00:00,5.900000095367432,10.729731957117718,False,ok
0,2024-01-19 10:00:00,2024-01-19 10:00:00,8.199999809265137,5.417362133661906,False,ok
0,2024-01-19 23:45:00,2024-01-19 23:45:00,12.800000190734863,10.08751157919566,False,ok
0,2024-01-20 10:00:00,2024-01-20 10:00:00,7.300000190734863,4.830119570096334,False,ok
0,2024-01-20 22:00:00,2024-01-20 22:00:00,6.599999904632568,3.987065752347311,False,ok
0,2024-01-21 10:00:00,2024-01-21 10:00:00,10.100000381469728,6.230592052141826,False,ok
0,2024-01-21 22:00:00,2024-01-21 22:00:00,5.800000190734863,4.727150956789652,False,ok
0,2024-01-22 10:00:00,2024-01-22 10:00:00,7.0,6.395139733950296,False,ok
0,2024-01-23 10:00:00,2024-01-23 10:00:00,9.600000381469728,9.310705105463663,False,ok
0,2024-01-24 10:00:00,2024-01-24 10:00:00,8.5,7.93380570411682,False,ok
0,2024-01-25 10:00:00,2024-01-25 10:00:00,10.199999809265137,9.083328803380327,False,ok
0,2024-01-26 10:00:00,2024-01-26 10:00:00,8.899999618530273,8.740928252538046,False,ok
0,2024-01-27 10:00:00,2024-01-27 10:00:00,9.0,8.354049762090048,False,ok
0,2024-01-28 10:00:00,2024-01-28 10:00:00,9.899999618530272,9.049827178319294,False,ok
0,2024-01-29 10:00:00,2024-01-29 10:00:00,9.600000381469728,9.569288611412048,False,ok
0,2024-01-30 10:00:00,2024-01-30 10:00:00,7.599999904632568,6.444510420163472,False,ok
0,2024-01-30 14:07:00,2024-01-30 14:07:00,20.600000381469727,16.580934484799705,False,ok
0,2024-01-30 16:25:00,2024-01-30 16:25:00,4.400000095367432,5.6449293692906695,False,ok
0,2024-01-30 22:30:00,2024-01-30 22:30:00,1.0,26.168776313463848,False,ok
0,2024-01-31 10:00:00,2024-01-31 10:00:00,3.299999952316284,1.4136760632197063,False,ok
0,2024-01-31 15:00:00,2024-01-31 15:00:00,2.9000000953674316,5.9623234669367475,False,ok
0,2024-02-01 10:00:00,2024-02-01 10:00:00,7.300000190734863,10.014502684275309,False,ok
0,2024-02-01 22:30:00,2024-02-01 22:30:00,6.300000190734863,4.902545551458994,False,ok
0,2024-02-02 02:00:00,2024-02-02 02:00:00,19.100000381469727,18.787273029486336,False,ok
0,2024-02-02 07:00:00,2024-02-02 07:00:00,11.600000381469728,16.69517030318578,False,ok
0,2024-02-02 10:00:00,2024-02-02 10:00:00,5.300000190734863,8.16704644759496,False,ok
0,2024-02-03 10:00:00,2024-02-03 10:00:00,7.300000190734863,6.54076608022054,False,ok
0,2024-02-04 10:00:00,2024-02-04 10:00:00,6.900000095367432,6.026766141255697,False,ok
0,2024-02-05 10:00:00,2024-02-05 10:00:00,9.300000190734863,7.555701573689778,False,ok
0,2024-02-05 18:00:00,2024-02-05 18:00:00,12.100000381469728,2.4546463886896768,False,ok
0,2024-02-06 10:00:00,2024-02-06 10:00:00,9.899999618530272,8.996071020762123,False,ok
0,2024-02-07 10:00:00,2024-02-07 10:00:00,8.899999618530273,7.800102909406026,False,ok
0,2024-02-08 10:00:00,2024-02-08 10:00:00,10.699999809265137,10.226045449574787,False,ok
0,2024-02-09 10:00:00,2024-02-09 10:00:00,11.300000190734863,10.845623811086025,False,ok
0,2024-02-11 10:00:00,2024-02-11 10:00:00,7.800000190734863,8.085222085316977,False,ok
0,2024-02-12 10:00:00,2024-02-12 10:00:00,9.0,9.6370743115743,False,ok
0,2024-02-13 10:00:00,2024-02-13 10:00:00,2.5999999046325684,2.699356396993002,False,ok
0,2024-02-14 10:00:00,2024-02-14 10:00:00,8.600000381469727,9.671870549519854,False,ok
0,2024-02-15 10:00:00,2024-02-15 10:00:00,9.199999809265137,9.128639539082846,False,ok
0,2024-02-16 10:00:00,2024-02-16 10:00:00,9.600000381469728,8.536341587702436,False,ok
0,2024-02-17 10:00:00,2024-02-17 10:00:00,10.699999809265137,9.911164204279585,False,ok
0,2024-02-17 16:00:00,2024-02-17 16:00:00,7.400000095367432,10.372032562891643,False,ok
0,2024-02-18 10:00:00,2024-02-18 10:00:00,8.199999809265137,10.54329005877177,False,ok
0,2024-02-19 10:00:00,2024-02-19 10:00:00,6.800000190734863,7.272324323654176,False,ok
0,2024-02-20 10:00:00,2024-02-20 10:00:00,7.699999809265137,8.907280912001927,False,ok
0,2024-02-21 10:00:00,2024-02-21 10:00:00,7.0,9.016756763060886,False,ok
0,2024-02-22 10:00:00,2024-02-22 10:00:00,8.100000381469727,8.973087350527445,False,ok
0,2024-02-23 10:00:00,2024-02-23 10:00:00,7.800000190734863,8.894323070844015,False,ok
0,2024-02-24 12:00:00,2024-02-24 12:00:00,7.400000095367432,4.103285074234009,False,ok
0,2024-02-24 15:00:00,2024-02-24 15:00:00,13.899999618530272,13.843748807907104,False,ok
0,2024-02-25 10:00:00,2024-02-25 10:00:00,8.0,8.467805147171019,False,ok
0,2024-02-26 10:00:00,2024-02-26 10:00:00,8.300000190734863,8.090776125590008,False,ok
0,2024-02-27 10:00:00,2024-02-27 10:00:00,8.100000381469727,8.213830153147379,False,ok
0,2024-02-28 10:00:00,2024-02-28 10:00:00,8.800000190734863,8.617486238479612,False,ok
0,2024-02-29 10:00:00,2024-02-29 10:00:00,8.300000190734863,8.362617731094359,False,ok
0,2024-02-29 21:00:00,2024-02-29 21:00:00,8.399999618530273,7.318104902903239,False,ok
0,2024-03-01 06:00:00,2024-03-01 06:00:00,14.199999809265137,14.268797159194945,False,ok
0,2024-03-01 10:00:00,2024-03-01 10:00:00,9.800000190734863,9.317201534907024,False,ok
0,2024-03-02 10:00:00,2024-03-02 10:00:00,7.599999904632568,7.32270884513855,False,ok
0,2024-03-03 10:00:00,2024-03-03 10:00:00,8.899999618530273,7.92647703488668,False,ok
0,2024-03-04 10:00:00,2024-03-04 10:00:00,9.199999809265137,8.397976477940874,False,ok
0,2024-03-05 10:00:00,2024-03-05 10:00:00,7.900000095367432,7.787021319071452,False,ok
0,2024-03-06 10:00:00,2024-03-06 10:00:00,9.399999618530272,8.486551920572918,False,ok
0,2024-03-07 10:00:00,2024-03-07 10:00:00,8.5,8.517360647519427,False,ok
0,2024-03-08 10:00:00,2024-03-08 10:00:00,8.0,7.340087850888569,False,ok
0,2024-03-08 17:00:00,2024-03-08 17:00:00,10.5,9.615589658419289,False,ok
0,2024-03-09 09:30:00,2024-03-09 09:30:00,8.5,8.53526167074839,False,ok
0,2024-03-10 10:00:00,2024-03-10 10:00:00,7.400000095367432,6.940494457880655,False,ok
0,2024-03-11 10:00:00,2024-03-11 10:00:00,10.0,9.779786904652914,False,ok
0,2024-03-12 10:00:00,2024-03-12 10:00:00,7.699999809265137,7.611043294270833,False,ok
0,2024-03-13 10:00:00,2024-03-13 10:00:00,7.5,7.697283109029136,False,ok
0,2024-03-14 10:00:00,2024-03-14 10:00:00,8.399999618530273,8.128279209136965,False,ok
0,2024-03-15 10:00:00,2024-03-15 10:00:00,7.800000190734863,7.350014289220173,False,ok
0,2024-03-16 10:00:00,2024-03-16 10:00:00,3.5,3.4910331567128496,False,ok
0,2024-04-23 06:30:00,2024-04-23 06:30:00,2120.0,7.699999809265137,True,ok
0,2024-04-23 09:24:00,2024-04-23 09:24:00,34.0,14.248931010564169,False,ok
0,2024-04-23 10:00:00,2024-04-23 10:00:00,107.0,16.83596150080363,False,ok
0,2024-04-23 13:21:00,2024-04-23 13:21:00,6.800000190734863,5.6306659380594875,False,ok
0,2024-04-23 16:33:00,2024-04-23 16:33:00,5.0,3.381465514500937,False,ok
0,2024-04-24 02:00:00,2024-04-24 02:00:00,3.200000047683716,4.374657233556111,False,ok
0,2024-04-24 10:00:00,2024-04-24 10:00:00,3.799999952316284,7.200590213139852,False,ok
0,2024-04-24 15:00:00,2024-04-24 15:00:00,7.599999904632568,8.055072863896687,False,ok
0,2024-04-25 10:00:00,2024-04-25 10:00:00,6.800000190734863,7.530164798100789,False,ok
0,2024-04-26 10:00:00,2024-04-26 10:00:00,5.900000095367432,5.410377860069275,False,ok
0,2024-04-26 16:00:00,2024-04-26 16:00:00,6.599999904632568,20.291822353998818,False,ok
0,2024-04-26 17:00:00,2024-04-26 17:00:00,4.5,20.688594738642372,False,ok
0,2024-04-26 20:00:00,2024-04-26 20:00:00,4.300000190734863,4.700612823168437,False,ok
0,2024-04-27 10:00:00,2024-04-27 10:00:00,3.5,3.784083088239034,False,ok
0,2024-04-27 23:00:00,2024-04-27 23:00:00,6.900000095367432,6.597246726353965,False,ok
0,2024-04-28 10:00:00,2024-04-28 10:00:00,8.899999618530273,7.560080130894979,False,ok
0,2024-04-29 10:00:00,2024-04-29 10:00:00,7.5,7.613199154535931,False,ok
0,2024-04-30 10:00:00,2024-04-30 10:00:00,6.599999904632568,6.1224197546641035,False,ok
0,2024-05-01 10:00:00,2024-05-01 10:00:00,6.099999904632568,5.8038822412490845,False,ok
0,2024-05-02 10:00:00,2024-05-02 10:00:00,7.599999904632568,7.1916738748550415,False,ok
0,2024-05-03 10:00:00,2024-05-03 10:00:00,8.600000381469727,9.27984583377838,False,ok
0,2024-05-04 03:00:00,2024-05-04 03:00:00,4.0,12.418582558631895,False,ok
0,2024-05-04 06:00:00,2024-05-04 06:00:00,2.5999999046325684,2.919220089912415,False,ok
0,2024-05-04 10:00:00,2024-05-04 10:00:00,5.5,5.252988656361898,False,ok
0,2024-05-04 22:00:00,2024-05-04 22:00:00,8.899999618530273,8.597708543141682,False,ok
0,2024-05-05 10:00:00,2024-05-05 10:00:00,7.900000095367432,9.039813915888471,False,ok
0,2024-05-06 10:00:00,2024-05-06 10:00:00,7.5,6.216539065043133,False,ok
0,2024-05-07 10:00:00,2024-05-07 10:00:00,6.0,5.08936095237732,False,ok
0,2024-05-08 10:00:00,2024-05-08 10:00:00,8.300000190734863,7.536879777908326,False,ok
0,2024-05-09 10:00:00,2024-05-09 10:00:00,7.599999904632568,7.76173307498296,False,ok
0,2024-05-10 10:00:00,2024-05-10 10:00:00,7.0,6.428868790467581,False,ok
0,2024-05-11 10:00:00,2024-05-11 10:00:00,8.699999809265137,7.858220358689626,False,ok
0,2024-05-12 10:00:00,2024-05-12 10:00:00,7.099999904632568,6.111795981725057,False,ok
0,2024-05-13 10:00:00,2024-05-13 10:00:00,8.600000381469727,10.535999496777851,False,ok
0,2024-05-13 14:02:00,2024-05-13 14:02:00,5.699999809265137,23.834049423535667,False,ok
0,2024-05-14 10:00:00,2024-05-14 10:00:00,7.400000095367432,7.548320015271504,False,ok
0,2024-05-15 10:00:00,2024-05-15 10:00:00,6.900000095367432,6.616790016492208,False,ok
0,2024-05-16 10:00:00,2024-05-16 10:00:00,7.199999809265137,7.84763483206431,False,ok
0,2024-05-17 10:00:00,2024-05-17 10:00:00,6.5,7.237165212631225,False,ok
0,2024-05-18 10:00:00,2024-05-18 10:00:00,7.599999904632568,7.061689138412476,False,ok
0,2024-05-19 10:00:00,2024-05-19 10:00:00,8.899999618530273,8.631505608558657,False,ok
0,2024-05-20 09:20:00,2024-05-20 09:20:00,6.699999809265137,7.420733094215393,False,ok
0,2024-05-20 17:00:00,2024-05-20 17:00:00,6.900000095367432,6.350452383359273,False,ok
0,2024-05-20 22:00:00,2024-05-20 22:00:00,7.0,6.137595613797506,False,ok
0,2024-05-21 10:00:00,2024-05-21 10:00:00,5.800000190734863,5.562959790229797,False,ok
0,2024-05-22 10:00:00,2024-05-22 10:00:00,7.900000095367432,7.778539299964904,False,ok
0,2024-05-23 10:00:00,2024-05-23 10:00:00,8.600000381469727,7.8911003669103,False,ok
0,2024-05-24 10:00:00,2024-05-24 10:00:00,6.300000190734863,6.922467668851217,False,ok
0,2024-05-25 10:00:00,2024-05-25 10:00:00,7.0,7.215475996335347,False,ok
0,2024-05-26 10:00:00,2024-05-26 10:00:00,8.5,7.550406416257224,False,ok
0,2024-05-27 10:00:00,2024-05-27 10:00:00,5.0,4.848823030789694,False,ok
0,2024-05-28 10:00:00,2024-05-28 10:00:00,5.900000095367432,5.8931808869044,False,ok
0,2024-05-29 10:00:00,2024-05-29 10:00:00,6.099999904632568,6.18137800693512,False,ok
0,2024-05-30 10:00:00,2024-05-30 10:00:00,6.300000190734863,5.602170705795288,False,ok
0,2024-05-31 10:00:00,2024-05-31 10:00:00,8.5,7.453033685684204,False,ok
0,2024-06-01 10:00:00,2024-06-01 10:00:00,7.800000190734863,7.699876546859741,False,ok
0,2024-06-02 10:00:00,2024-06-02 10:00:00,6.300000190734863,6.4282223780949925,False,ok
0,2024-06-03 10:00:00,2024-06-03 10:00:00,9.600000381469728,8.823375582695007,False,ok
0,2024-06-04 10:00:00,2024-06-04 10:00:00,5.900000095367432,5.138813694318136,False,ok
0,2024-06-05 10:00:00,2024-06-05 10:00:00,9.699999809265137,8.49907640616099,False,ok
0,2024-06-06 10:00:00,2024-06-06 10:00:00,8.399999618530273,7.7803845802942915,False,ok
0,2024-06-07 08:20:00,2024-06-07 08:20:00,9.699999809265137,9.080790678660074,False,ok
0,2024-06-08 10:00:00,2024-06-08 10:00:00,9.5,8.168079535166424,False,ok
0,2024-06-09 10:00:00,2024-06-09 10:00:00,9.100000381469728,8.113088369369507,False,ok
0,2024-06-10 10:00:00,2024-06-10 10:00:00,8.300000190734863,8.563760797182718,False,ok
0,2024-06-11 10:00:00,2024-06-11 10:00:00,8.5,7.22758678595225,False,ok
0,2024-06-12 10:00:00,2024-06-12 10:00:00,9.800000190734863,9.665553450584412,False,ok
0,2024-06-13 10:00:00,2024-06-13 10:00:00,8.800000190734863,8.50729219118754,False,ok
0,2024-06-14 10:00:00,2024-06-14 10:00:00,8.800000190734863,9.502672076225284,False,ok
0,2024-06-15 10:00:00,2024-06-15 10:00:00,9.300000190734863,10.401435732841492,False,ok
0,2024-06-16 10:00:00,2024-06-16 10:00:00,9.5,9.769731640815731,False,ok
0,2024-06-17 10:00:00,2024-06-17 10:00:00,8.800000190734863,8.552075505256653,False,ok
0,2024-06-18 10:00:00,2024-06-18 10:00:00,9.5,10.043538331985472,False,ok
0,2024-06-19 10:00:00,2024-06-19 10:00:00,9.399999618530272,10.26962570349375,False,ok
0,2024-06-20 10:00:00,2024-06-20 10:00:00,8.899999618530273,9.081780831019085,False,ok
0,2024-06-21 09:30:00,2024-06-21 09:30:00,6.800000190734863,7.177480141321817,False,ok
0,2024-06-22 10:00:00,2024-06-22 10:00:00,7.699999809265137,8.71344510714213,False,ok
0,2024-06-23 10:00:00,2024-06-23 10:00:00,9.100000381469728,8.330013831456505,False,ok
0,2024-06-24 10:00:00,2024-06-24 10:00:00,8.699999809265137,8.28271253903707,False,ok
0,2024-06-25 12:00:00,2024-06-25 12:00:00,7.599999904632568,6.267026503880818,False,ok
0,2024-06-26 10:00:00,2024-06-26 10:00:00,8.899999618530273,9.50535027186076,False,ok
0,2024-06-27 10:00:00,2024-06-27 10:00:00,9.399999618530272,9.138006766637169,False,ok
0,2024-06-28 10:00:00,2024-06-28 10:00:00,9.300000190734863,9.02200945218404,False,ok
0,2024-06-29 10:00:00,2024-06-29 10:00:00,8.300000190734863,7.761188745498657,False,ok
0,2024-06-30 10:00:00,2024-06-30 10:00:00,8.800000190734863,9.066845575968426,False,ok
0,2024-07-01 10:00:00,2024-07-01 10:00:00,8.5,9.010388056437176,False,ok
0,2024-07-02 10:00:00,2024-07-02 10:00:00,9.699999809265137,8.76987636089325,False,ok
0,2024-07-03 10:00:00,2024-07-03 10:00:00,9.300000190734863,9.899215102195738,False,ok
0,2024-07-04 10:00:00,2024-07-04 10:00:00,10.100000381469728,10.7870911359787,False,ok
0,2024-07-05 10:00:00,2024-07-05 10:00:00,10.100000381469728,9.574925939242044,False,ok
0,2024-07-06 10:00:00,2024-07-06 10:00:00,8.899999618530273,7.215136567751568,False,ok
0,2024-07-07 10:00:00,2024-07-07 10:00:00,8.800000190734863,7.842290163040163,False,ok
0,2024-07-08 10:00:00,2024-07-08 10:00:00,7.5,8.443199912707014,False,ok
0,2024-07-09 10:00:00,2024-07-09 10:00:00,9.399999618530272,8.76393246650696,False,ok
0,2024-07-10 10:00:00,2024-07-10 10:00:00,9.300000190734863,8.209249377250673,False,ok
0,2024-07-11 10:00:00,2024-07-11 10:00:00,10.800000190734863,10.07361475626628,False,ok
0,2024-07-11 16:00:00,2024-07-11 16:00:00,7.099999904632568,9.403140862782797,False,ok
0,2024-07-12 10:00:00,2024-07-12 10:00:00,6.5,8.965819040934248,False,ok
0,2024-07-13 10:00:00,2024-07-13 10:00:00,8.5,9.758516947428388,False,ok
0,2024-07-14 10:00:00,2024-07-14 10:00:00,7.099999904632568,10.572580019632978,False,ok
0,2024-07-15 10:00:00,2024-07-15 10:00:00,6.800000190734863,8.074828227361042,False,ok
0,2024-07-16 10:00:00,2024-07-16 10:00:00,6.199999809265137,7.971448977788292,False,ok
0,2024-07-17 10:00:00,2024-07-17 10:00:00,8.800000190734863,8.40914026896159,False,ok
0,2024-07-18 10:00:00,2024-07-18 10:00:00,6.699999809265137,6.680022160212198,False,ok
0,2024-07-19 10:00:00,2024-07-19 10:00:00,8.600000381469727,7.979380687077841,False,ok
0,2024-07-20 10:00:00,2024-07-20 10:00:00,10.399999618530272,7.457483371098837,False,ok
0,2024-07-21 10:00:00,2024-07-21 10:00:00,7.900000095367432,7.95189865430196,False,ok
0,2024-07-22 10:00:00,2024-07-22 10:00:00,8.800000190734863,6.769394318262735,False,ok
0,2024-07-23 10:00:00,2024-07-23 10:00:00,8.0,7.759532610575358,False,ok
0,2024-07-24 10:00:00,2024-07-24 10:00:00,6.599999904632568,8.25620905558268,False,ok
0,2024-07-25 10:00:00,2024-07-25 10:00:00,7.5,7.295649210611979,False,ok
0,2024-07-26 10:00:00,2024-07-26 10:00:00,8.399999618530273,8.751550555229189,False,ok
0,2024-07-27 10:00:00,2024-07-27 10:00:00,9.300000190734863,8.262201070785522,False,ok
0,2024-07-28 10:00:00,2024-07-28 10:00:00,6.599999904632568,7.395180066426596,False,ok
0,2024-07-29 10:00:00,2024-07-29 10:00:00,7.0,7.285302003224691,False,ok
0,2024-07-30 10:00:00,2024-07-30 10:00:00,8.199999809265137,7.324805378913879,False,ok
0,2024-07-31 09:00:00,2024-07-31 09:00:00,8.100000381469727,7.506379246711729,False,ok
0,2024-08-01 10:00:00,2024-08-01 10:00:00,7.400000095367432,8.219125588734945,False,ok
0,2024-08-02 10:00:00,2024-08-02 10:00:00,7.400000095367432,6.540473103523254,False,ok
0,2024-08-03 10:00:00,2024-08-03 10:00:00,10.100000381469728,9.853184819221497,False,ok
0,2024-08-03 23:00:00,2024-08-03 23:00:00,8.399999618530273,8.363607645034788,False,ok
0,2024-08-04 10:00:00,2024-08-04 10:00:00,10.100000381469728,10.052753686904907,False,ok
0,2024-08-05 10:00:00,2024-08-05 10:00:00,7.400000095367432,8.174235423405964,False,ok
0,2024-08-06 10:00:00,2024-08-06 10:00:00,7.0,7.793946981430052,False,ok
0,2024-08-07 10:00:00,2024-08-07 10:00:00,8.0,8.505003690719604,False,ok
0,2024-08-08 10:00:00,2024-08-08 10:00:00,9.699999809265137,8.811850945154827,False,ok
0,2024-08-09 10:00:00,2024-08-09 10:00:00,7.699999809265137,8.44869844118754,False,ok
0,2024-08-10 10:00:00,2024-08-10 10:00:00,6.199999809265137,6.473743756612142,False,ok
0,2024-08-11 10:00:00,2024-08-11 10:00:00,8.0,7.311327775319418,False,ok
0,2024-08-12 10:00:00,2024-08-12 10:00:00,7.400000095367432,6.488885720570884,False,ok
0,2024-08-13 10:00:00,2024-08-13 10:00:00,8.0,6.810858567555746,False,ok
0,2024-08-14 10:00:00,2024-08-14 10:00:00,7.400000095367432,8.008882999420168,False,ok
0,2024-08-15 10:00:00,2024-08-15 10:00:00,9.0,6.299412727355957,False,ok
0,2024-08-16 10:00:00,2024-08-16 10:00:00,8.100000381469727,7.331547816594441,False,ok
0,2024-08-17 10:00:00,2024-08-17 10:00:00,6.699999809265137,7.420848925908407,False,ok
0,2024-08-18 10:00:00,2024-08-18 10:00:00,6.699999809265137,7.307171901067099,False,ok
0,2024-08-19 10:00:00,2024-08-19 10:00:00,8.5,8.379994908968607,False,ok
0,2024-08-20 10:00:00,2024-08-20 10:00:00,8.699999809265137,8.480966726938885,False,ok
0,2024-08-21 10:00:00,2024-08-21 10:00:00,6.800000190734863,9.398387988408404,False,ok
0,2024-08-22 10:00:00,2024-08-22 10:00:00,9.0,8.25285545984904,False,ok
0,2024-08-23 10:00:00,2024-08-23 10:00:00,6.5,6.847635030746461,False,ok
0,2024-08-24 10:00:00,2024-08-24 10:00:00,8.300000190734863,8.2185214360555,False,ok
0,2024-08-25 10:00:00,2024-08-25 10:00:00,7.5,7.779534419377646,False,ok
0,2024-08-26 10:00:00,2024-08-26 10:00:00,6.099999904632568,8.264242490132649,False,ok
0,2024-08-27 10:00:00,2024-08-27 10:00:00,17.299999237060547,10.52147527535756,False,ok
0,2024-08-27 14:00:00,2024-08-27 14:00:00,8.0,7.769913037618004,False,ok
0,2024-08-28 10:00:00,2024-08-28 10:00:00,6.900000095367432,8.606103261311851,False,ok
0,2024-08-29 09:30:00,2024-08-29 09:30:00,7.0,7.013117074966432,False,ok
0,2024-08-30 10:00:00,2024-08-30 10:00:00,5.800000190734863,6.792622963587443,False,ok
0,2024-08-31 10:00:00,2024-08-31 10:00:00,7.0,8.497052113215128,False,ok
0,2024-09-01 04:00:00,2024-09-01 04:00:00,7.099999904632568,8.473996758461,False,ok
0,2024-09-03 00:00:00,2024-09-03 00:00:00,5.900000095367432,6.999999999999999,True,ok
0,2024-09-03 10:00:00,2024-09-03 10:00:00,5.0,2.4915575186411543,False,ok
0,2024-09-04 10:00:00,2024-09-04 10:00:00,12.100000381469728,10.488671938578287,False,ok
0,2024-09-05 10:00:00,2024-09-05 10:00:00,6.099999904632568,8.038413206736248,False,ok
0,2024-09-06 10:00:00,2024-09-06 10:00:00,4.0,4.189825693766276,False,ok
0,2024-09-07 00:00:00,2024-09-07 00:00:00,19.5,5.900000095367432,True,ok
0,2024-09-07 02:00:00,2024-09-07 02:00:00,7.599999904632568,10.698334693908691,False,ok
0,2024-09-07 10:00:00,2024-09-07 10:00:00,7.199999809265137,7.059991677602133,False,ok
0,2024-09-08 10:00:00,2024-09-08 10:00:00,7.5,6.768549760182698,False,ok
0,2024-09-09 10:00:00,2024-09-09 10:00:00,6.900000095367432,5.560060342152913,False,ok
0,2024-09-10 11:30:00,2024-09-10 11:30:00,6.800000190734863,5.827975749969482,False,ok
0,2024-09-11 10:00:00,2024-09-11 10:00:00,4.5,4.379759351412455,False,ok
0,2024-09-11 20:00:00,2024-09-11 20:00:00,12.0,5.874842206637064,False,ok
0,2024-09-12 10:00:00,2024-09-12 10:00:00,6.099999904632568,5.462867299715677,False,ok
0,2024-09-13 11:00:00,2024-09-13 11:00:00,7.199999809265137,6.9719167947769165,False,ok
0,2024-09-13 22:00:00,2024-09-13 22:00:00,7.5,6.502258022626242,False,ok
0,2024-09-14 10:00:00,2024-09-14 10:00:00,4.5,4.024166226387024,False,ok
0,2024-09-14 18:30:00,2024-09-14 18:30:00,3.299999952316284,3.0376845598220825,False,ok
0,2024-09-15 10:00:00,2024-09-15 10:00:00,5.300000190734863,3.6350671052932735,False,ok
0,2024-09-16 10:00:00,2024-09-16 10:00:00,6.699999809265137,5.00454819202423,False,ok
0,2024-09-16 18:00:00,2024-09-16 18:00:00,5.300000190734863,4.138589024543762,False,ok
0,2024-09-17 10:00:00,2024-09-17 10:00:00,4.900000095367432,4.170602003733317,False,ok
0,2024-09-18 10:00:00,2024-09-18 10:00:00,6.699999809265137,7.535611828168236,False,ok
0,2024-09-19 10:00:00,2024-09-19 10:00:00,4.699999809265137,5.694525122642517,False,ok
0,2024-09-20 10:00:00,2024-09-20 10:00:00,6.900000095367432,6.855108141899109,False,ok
0,2024-09-21 12:00:00,2024-09-21 12:00:00,5.699999809265137,6.4894038041432704,False,ok
0,2024-09-22 10:00:00,2024-09-22 10:00:00,3.799999952316284,3.4880807002385463,False,ok
0,2024-09-23 10:00:00,2024-09-23 10:00:00,4.900000095367432,5.689139326413473,False,ok
0,2024-09-24 10:00:00,2024-09-24 10:00:00,6.800000190734863,6.379593332608542,False,ok
0,2024-09-25 10:00:00,2024-09-25 10:00:00,9.199999809265137,9.42524762948354,False,ok
0,2024-09-26 10:00:00,2024-09-26 10:00:00,6.699999809265137,7.438634157180787,False,ok
0,2024-09-27 10:00:00,2024-09-27 10:00:00,7.599999904632568,7.033577362696331,False,ok
0,2024-09-28 04:31:00,2024-09-28 04:31:00,6.099999904632568,4.994247833887736,False,ok
0,2024-09-28 10:00:00,2024-09-28 10:00:00,4.900000095367432,4.533397833506267,False,ok
0,2024-09-29 10:00:00,2024-09-29 10:00:00,6.199999809265137,5.265398979187012,False,ok
0,2024-09-30 10:00:00,2024-09-30 10:00:00,8.899999618530273,7.850227832794189,False,ok
0,2024-10-01 10:00:00,2024-10-01 10:00:00,7.800000190734863,7.672928969065349,False,ok
0,2024-10-02 10:00:00,2024-10-02 10:00:00,9.5,9.56199578444163,False,ok
0,2024-10-03 10:00:00,2024-10-03 10:00:00,9.399999618530272,9.549609978993733,False,ok
0,2024-10-04 10:00:00,2024-10-04 10:00:00,7.300000190734863,7.978890697161356,False,ok
0,2024-10-05 10:00:00,2024-10-05 10:00:00,10.0,7.87594441572825,False,ok
0,2024-10-06 10:00:00,2024-10-06 10:00:00,7.800000190734863,8.243788282076519,False,ok
0,2024-10-07 10:00:00,2024-10-07 10:00:00,8.0,7.235989650090536,False,ok
0,2024-10-08 10:00:00,2024-10-08 10:00:00,7.699999809265137,7.552828470865886,False,ok
0,2024-10-09 10:00:00,2024-10-09 10:00:00,9.5,9.8108845949173,False,ok
0,2024-10-10 10:00:00,2024-10-10 10:00:00,9.199999809265137,9.726955533027647,False,ok
0,2024-10-11 10:00:00,2024-10-11 10:00:00,7.800000190734863,7.211003462473552,False,ok
0,2024-10-12 10:00:00,2024-10-12 10:00:00,8.699999809265137,8.055270473162333,False,ok
0,2024-10-13 10:00:00,2024-10-13 10:00:00,8.0,8.580963015556335,False,ok
0,2024-10-14 10:00:00,2024-10-14 10:00:00,9.0,9.273717761039734,False,ok
0,2024-10-15 10:00:00,2024-10-15 10:00:00,9.199999809265137,8.504669070243835,False,ok
0,2024-10-16 10:00:00,2024-10-16 10:00:00,9.699999809265137,9.638399958610536,False,ok
0,2024-10-17 10:00:00,2024-10-17 10:00:00,5.300000190734863,5.275904059410095,False,ok
0,2024-10-18 10:00:00,2024-10-18 10:00:00,12.0,10.822477221488954,False,ok
0,2024-10-18 14:00:00,2024-10-18 14:00:00,5.599999904632568,4.699934363365173,False,ok
0,2024-10-19 10:00:00,2024-10-19 10:00:00,9.699999809265137,9.70217208067576,False,ok
0,2024-10-20 10:00:00,2024-10-20 10:00:00,8.100000381469727,7.255213141441346,False,ok
0,2024-10-21 10:00:00,2024-10-21 10:00:00,7.599999904632568,8.238214691480001,False,ok
0,2024-10-22 10:00:00,2024-10-22 10:00:00,6.699999809265137,5.959146300951639,False,ok
0,2024-10-23 10:00:00,2024-10-23 10:00:00,6.0,5.881220738093059,False,ok
0,2024-10-24 10:00:00,2024-10-24 10:00:00,9.600000381469728,9.448366403579712,False,ok
0,2024-10-25 10:00:00,2024-10-25 10:00:00,7.800000190734863,8.993718385696411,False,ok
0,2024-10-26 10:00:00,2024-10-26 10:00:00,5.400000095367432,6.952784776687621,False,ok
0,2024-10-27 10:00:00,2024-10-27 10:00:00,9.100000381469728,12.998312234878538,False,ok
0,2024-10-28 10:00:00,2024-10-28 10:00:00,10.699999809265137,9.430600881576536,False,ok
0,2024-10-28 16:34:18,2024-10-28 16:34:18,7.400000095367432,9.154628038406372,False,ok
0,2024-10-29 10:00:00,2024-10-29 10:00:00,9.399999618530272,9.05016307036082,False,ok
0,2024-10-30 10:00:00,2024-10-30 10:00:00,11.0,8.732441584269205,False,ok
0,2024-10-31 10:00:00,2024-10-31 10:00:00,10.199999809265137,8.425551692644756,False,ok
0,2024-10-31 16:30:00,2024-10-31 16:30:00,11.600000381469728,8.903918544451393,False,ok
0,2024-10-31 23:00:00,2024-10-31 23:00:00,9.800000190734863,7.059943437576293,False,ok
0,2024-11-01 04:00:00,2024-11-01 04:00:00,8.399999618530273,6.970465739568075,False,ok
0,2024-11-01 10:00:00,2024-11-01 10:00:00,7.300000190734863,7.861923853556315,False,ok
0,2024-11-01 20:00:00,2024-11-01 20:00:00,8.399999618530273,7.491103331247967,False,ok
0,2024-11-02 10:00:00,2024-11-02 10:00:00,9.600000381469728,10.368943492571512,False,ok
0,2024-11-03 10:00:00,2024-11-03 10:00:00,9.300000190734863,9.644914428393047,False,ok
0,2024-11-04 10:00:00,2024-11-04 10:00:00,9.600000381469728,9.574519316355389,False,ok
0,2024-11-05 10:00:00,2024-11-05 10:00:00,9.600000381469728,10.379241625467936,False,ok
0,2024-11-06 10:00:00,2024-11-06 10:00:00,5.699999809265137,6.680652618408203,False,ok
0,2024-11-07 10:00:00,2024-11-07 10:00:00,7.800000190734863,8.39765226840973,False,ok
0,2024-11-08 10:00:00,2024-11-08 10:00:00,10.600000381469728,11.377265016237898,False,ok
0,2024-11-08 16:00:00,2024-11-08 16:00:00,7.300000190734863,7.880308071772258,False,ok
0,2024-11-09 10:00:00,2024-11-09 10:00:00,9.699999809265137,9.258537451426188,False,ok
0,2024-11-10 10:00:00,2024-11-10 10:00:00,13.5,12.7836389541626,False,ok
0,2024-11-12 10:00:00,2024-11-12 10:00:00,8.199999809265137,10.983869552612305,False,ok
0,2024-11-13 10:00:00,2024-11-13 10:00:00,5.699999809265137,7.529366652170816,False,ok
0,2024-11-14 10:00:00,2024-11-14 10:00:00,6.400000095367432,8.284031073252363,False,ok
0,2024-11-15 10:00:00,2024-11-15 10:00:00,8.699999809265137,9.053186893463137,False,ok
0,2024-11-16 10:00:00,2024-11-16 10:00:00,8.5,9.785796205202736,False,ok
0,2024-11-17 10:00:00,2024-11-17 10:00:00,7.199999809265137,10.787909428278605,False,ok
0,2024-11-18 10:00:00,2024-11-18 10:00:00,7.699999809265137,8.166574557622273,False,ok
0,2024-11-19 11:00:00,2024-11-19 11:00:00,5.900000095367432,9.36459803581238,False,ok
0,2024-11-20 10:00:00,2024-11-20 10:00:00,7.099999904632568,7.127970019976298,False,ok
0,2024-11-21 10:00:00,2024-11-21 10:00:00,8.5,8.734501163164774,False,ok
0,2024-11-22 10:00:00,2024-11-22 10:00:00,8.0,8.739407420158386,False,ok
0,2024-11-23 10:00:00,2024-11-23 10:00:00,7.099999904632568,6.6886271238327035,False,ok
0,2024-11-24 10:00:00,2024-11-24 10:00:00,7.5,7.709455370903016,False,ok
0,2024-11-25 10:00:00,2024-11-25 10:00:00,7.199999809265137,7.050257563591003,False,ok
0,2024-11-26 10:00:00,2024-11-26 10:00:00,7.300000190734863,8.152801672617594,False,ok
0,2024-11-27 10:00:00,2024-11-27 10:00:00,8.100000381469727,6.627033829689027,False,ok
0,2024-11-28 10:00:00,2024-11-28 10:00:00,8.899999618530273,8.829176306724548,False,ok
0,2024-11-29 10:00:00,2024-11-29 10:00:00,7.800000190734863,8.087571779886884,False,ok
0,2024-11-30 10:00:00,2024-11-30 10:00:00,6.5,5.961230278015138,False,ok
0,2024-12-01 10:00:00,2024-12-01 10:00:00,6.0,6.149672985076905,False,ok
0,2024-12-02 10:00:00,2024-12-02 10:00:00,6.900000095367432,7.679481188456219,False,ok
0,2024-12-03 10:00:00,2024-12-03 10:00:00,7.0,6.423704783121746,False,ok
0,2024-12-04 10:00:00,2024-12-04 10:00:00,7.300000190734863,7.444499651590983,False,ok
0,2024-12-05 10:00:00,2024-12-05 10:00:00,6.5,6.965339422225953,False,ok
0,2024-12-06 10:00:00,2024-12-06 10:00:00,7.900000095367432,8.128095388412474,False,ok
0,2024-12-07 10:00:00,2024-12-07 10:00:00,6.5,6.98972773551941,False,ok
0,2024-12-07 16:39:56,2024-12-07 16:39:56,9.300000190734863,10.491918961207077,False,ok
0,2024-12-08 10:00:00,2024-12-08 10:00:00,8.5,5.91685708363851,False,ok
0,2024-12-09 10:00:00,2024-12-09 10:00:00,5.0,5.147954305013021,False,ok
0,2024-12-10 10:00:00,2024-12-10 10:00:00,7.900000095367432,9.54454465707143,False,ok
0,2024-12-10 16:00:00,2024-12-10 16:00:00,7.300000190734863,11.519038637479149,False,ok
0,2024-12-11 10:00:00,2024-12-11 10:00:00,8.0,9.420233209927876,False,ok
0,2024-12-12 10:00:00,2024-12-12 10:00:00,5.300000190734863,5.730768163998921,False,ok
0,2024-12-13 10:00:00,2024-12-13 10:00:00,7.5,4.821526765823364,False,ok
0,2024-12-14 10:00:00,2024-12-14 10:00:00,9.600000381469728,8.08443796634674,False,ok
0,2024-12-15 10:00:00,2024-12-15 10:00:00,8.5,6.492294907569885,False,ok
0,2024-12-16 10:00:00,2024-12-16 10:00:00,6.099999904632568,4.203378438949585,False,ok
0,2024-12-17 10:00:00,2024-12-17 10:00:00,11.300000190734863,7.968526403109233,False,ok
0,2024-12-17 17:00:00,2024-12-17 17:00:00,7.400000095367432,5.611825505892435,False,ok
0,2024-12-18 10:00:00,2024-12-18 10:00:00,8.0,11.78969939549764,False,ok
0,2024-12-19 10:00:00,2024-12-19 10:00:00,8.5,9.041604836781818,False,ok
0,2024-12-20 10:00:00,2024-12-20 10:00:00,11.300000190734863,9.864033540089926,False,ok
0,2024-12-20 23:41:32,2024-12-20 23:41:32,13.100000381469728,8.662481268246967,False,ok
0,2024-12-22 10:00:00,2024-12-22 10:00:00,9.699999809265137,9.862564762433372,False,ok
0,2024-12-23 10:00:00,2024-12-23 10:00:00,7.099999904632568,7.807997186978657,False,ok
0,2024-12-24 10:00:00,2024-12-24 10:00:00,8.699999809265137,9.507819135983782,False,ok
0,2024-12-25 10:00:00,2024-12-25 10:00:00,8.5,7.775635043780008,False,ok
0,2024-12-26 10:00:00,2024-12-26 10:00:00,7.699999809265137,7.412426789601645,False,ok
0,2024-12-27 10:00:00,2024-12-27 10:00:00,8.300000190734863,8.347796360651653,False,ok
0,2024-12-28 10:00:00,2024-12-28 10:00:00,9.300000190734863,9.046038587888084,False,ok
0,2024-12-29 10:00:00,2024-12-29 10:00:00,8.100000381469727,8.060655156771343,False,ok
0,2024-12-30 10:00:00,2024-12-30 10:00:00,6.400000095367432,7.406282862027485,False,ok
0,2024-12-31 04:50:00,2024-12-31 04:50:00,2.0999999046325684,7.859659671783448,False,ok
0,2024-12-31 10:00:00,2024-12-31 10:00:00,2.700000047683716,2.9623555739720664,False,ok
60,2024-01-01 00:00:00,2024-01-01 01:00:00,4.599999904632568,8.107008655865986,False,ok
60,2024-01-01 09:00:00,2024-01-01 10:00:00,10.800000190734863,7.901228229204815,False,ok
60,2024-01-01 21:00:00,2024-01-01 22:00:00,8.300000190734863,7.519758502642314,False,ok
60,2024-01-02 09:00:00,2024-01-02 10:00:00,9.5,8.53905467192332,False,ok
60,2024-01-03 09:00:00,2024-01-03 10:00:00,7.199999809265137,8.190265496571858,False,ok
60,2024-01-04 09:00:00,2024-01-04 10:00:00,8.899999618530273,8.300000190734863,True,ok
60,2024-01-05 09:00:00,2024-01-05 10:00:00,6.099999904632568,7.379382411638896,False,ok
60,2024-01-06 09:00:00,2024-01-06 10:00:00,6.900000095367432,10.430324594179792,False,ok
60,2024-01-07 09:00:00,2024-01-07 10:00:00,3.200000047683716,8.849982738494871,False,ok
60,2024-01-08 11:00:00,2024-01-08 12:00:00,12.600000381469728,25.47174521287282,False,ok
60,2024-01-08 13:00:00,2024-01-08 14:00:00,1.0,4.978443344434103,False,ok
60,2024-01-08 15:00:00,2024-01-08 16:00:00,2.0,1.2087605198224387,False,ok
60,2024-01-09 09:00:00,2024-01-09 10:00:00,6.0,7.560417724152405,False,ok
60,2024-01-10 09:00:00,2024-01-10 10:00:00,9.199999809265137,6.815998487174511,False,ok
60,2024-01-11 09:00:00,2024-01-11 10:00:00,4.699999809265137,6.420407354831696,False,ok
60,2024-01-12 09:00:00,2024-01-12 10:00:00,6.800000190734863,6.626428643862407,False,ok
60,2024-01-13 09:00:00,2024-01-13 10:00:00,3.5,2.294477979342143,False,ok
60,2024-01-13 22:00:00,2024-01-13 23:00:00,3.4000000953674316,4.610736886660258,False,ok
60,2024-01-14 09:00:00,2024-01-14 10:00:00,4.099999904632568,3.626786947250366,False,ok
60,2024-01-15 09:00:00,2024-01-15 10:00:00,2.299999952316284,1.3335516850153608,False,ok
60,2024-01-16 09:00:00,2024-01-16 10:00:00,6.300000190734863,8.75999883810679,False,ok
60,2024-01-16 19:30:00,2024-01-16 20:30:00,4.199999809265137,2.4899691740671797,False,ok
60,2024-01-17 09:00:00,2024-01-17 10:00:00,5.099999904632568,7.742056290308634,False,ok
60,2024-01-18 09:00:00,2024-01-18 10:00:00,5.900000095367432,7.0851673285166425,False,ok
60,2024-01-19 09:00:00,2024-01-19 10:00:00,8.199999809265137,6.033071915308635,False,ok
60,2024-01-19 22:45:00,2024-01-19 23:45:00,12.800000190734863,9.223868886629742,False,ok
60,2024-01-20 09:00:00,2024-01-20 10:00:00,7.300000190734863,6.154578646024069,False,ok
60,2024-01-20 21:00:00,2024-01-20 22:00:00,6.599999904632568,4.746177633603414,False,ok
60,2024-01-21 09:00:00,2024-01-21 10:00:00,10.100000381469728,5.109123508135478,False,ok
60,2024-01-21 21:00:00,2024-01-21 22:00:00,5.800000190734863,5.37793497244517,False,ok
60,2024-01-22 09:00:00,2024-01-22 10:00:00,7.0,6.294414560000102,False,ok
60,2024-01-23 09:00:00,2024-01-23 10:00:00,9.600000381469728,8.852991978327434,False,ok
60,2024-01-24 09:00:00,2024-01-24 10:00:00,8.5,8.752692937850954,False,ok
60,2024-01-25 09:00:00,2024-01-25 10:00:00,10.199999809265137,9.837870200475054,False,ok
60,2024-01-26 09:00:00,2024-01-26 10:00:00,8.899999618530273,10.98399504025777,False,ok
60,2024-01-27 09:00:00,2024-01-27 10:00:00,9.0,7.9069810708363875,False,ok
60,2024-01-28 09:00:00,2024-01-28 10:00:00,9.899999618530272,8.664550383885702,False,ok
60,2024-01-29 09:00:00,2024-01-29 10:00:00,9.600000381469728,9.537174582481386,False,ok
60,2024-01-30 09:00:00,2024-01-30 10:00:00,7.599999904632568,9.74651809533437,False,ok
60,2024-01-30 13:07:00,2024-01-30 14:07:00,20.600000381469727,14.348567922910052,False,ok
60,2024-01-30 15:25:00,2024-01-30 16:25:00,4.400000095367432,9.793820341428122,False,ok
60,2024-01-30 21:30:00,2024-01-30 22:30:00,1.0,26.169535438219704,False,ok
60,2024-01-31 09:00:00,2024-01-31 10:00:00,3.299999952316284,26.09787253538768,False,ok
60,2024-01-31 14:00:00,2024-01-31 15:00:00,2.9000000953674316,5.318407575289409,False,ok
60,2024-02-01 09:00:00,2024-02-01 10:00:00,7.300000190734863,11.896675268809004,False,ok
60,2024-02-01 21:30:00,2024-02-01 22:30:00,6.300000190734863,14.162298778692884,False,ok
60,2024-02-02 01:00:00,2024-02-02 02:00:00,19.100000381469727,8.55778847138087,False,ok
60,2024-02-02 06:00:00,2024-02-02 07:00:00,11.600000381469728,15.39593400557836,False,ok
60,2024-02-02 09:00:00,2024-02-02 10:00:00,5.300000190734863,9.474736114343004,False,ok
60,2024-02-03 09:00:00,2024-02-03 10:00:00,7.300000190734863,5.693826993306478,False,ok
60,2024-02-04 09:00:00,2024-02-04 10:00:00,6.900000095367432,5.987099488576254,False,ok
60,2024-02-05 09:00:00,2024-02-05 10:00:00,9.300000190734863,7.526715596516927,False,ok
60,2024-02-05 17:00:00,2024-02-05 18:00:00,12.100000381469728,10.959879438082378,False,ok
60,2024-02-06 09:00:00,2024-02-06 10:00:00,9.899999618530272,7.972222487131754,False,ok
60,2024-02-07 09:00:00,2024-02-07 10:00:00,8.899999618530273,8.096134861310325,False,ok
60,2024-02-08 09:00:00,2024-02-08 10:00:00,10.699999809265137,11.053057511647545,False,ok
60,2024-02-09 09:00:00,2024-02-09 10:00:00,11.300000190734863,11.268206437428796,False,ok
60,2024-02-11 09:00:00,2024-02-11 10:00:00,7.800000190734863,8.640640099843342,False,ok
60,2024-02-12 09:00:00,2024-02-12 10:00:00,9.0,10.43965419133504,False,ok
60,2024-02-13 09:00:00,2024-02-13 10:00:00,2.5999999046325684,3.5477469762166347,False,ok
60,2024-02-14 09:00:00,2024-02-14 10:00:00,8.600000381469727,7.340318520863851,False,ok
60,2024-02-15 09:00:00,2024-02-15 10:00:00,9.199999809265137,8.786859830220543,False,ok
60,2024-02-16 09:00:00,2024-02-16 10:00:00,9.600000381469728,11.467542568842571,False,ok
60,2024-02-17 09:00:00,2024-02-17 10:00:00,10.699999809265137,9.709741512934366,False,ok
60,2024-02-17 15:00:00,2024-02-17 16:00:00,7.400000095367432,12.715782562891643,False,ok
60,2024-02-18 09:00:00,2024-02-18 10:00:00,8.199999809265137,9.759746472040812,False,ok
60,2024-02-19 09:00:00,2024-02-19 10:00:00,6.800000190734863,25.18620371818543,False,ok
60,2024-02-20 09:00:00,2024-02-20 10:00:00,7.699999809265137,9.448185910781223,False,ok
60,2024-02-21 09:00:00,2024-02-21 10:00:00,7.0,8.970984210570654,False,ok
60,2024-02-22 09:00:00,2024-02-22 10:00:00,8.100000381469727,9.43234352270762,False,ok
60,2024-02-23 09:00:00,2024-02-23 10:00:00,7.800000190734863,8.602901180585224,False,ok
60,2024-02-24 11:00:00,2024-02-24 12:00:00,7.400000095367432,5.513971090316772,False,ok
60,2024-02-24 14:00:00,2024-02-24 15:00:00,13.899999618530272,5.460618257522584,False,ok
60,2024-02-25 09:00:00,2024-02-25 10:00:00,8.0,10.207310914993284,False,ok
60,2024-02-26 09:00:00,2024-02-26 10:00:00,8.300000190734863,7.517018000284833,False,ok
60,2024-02-27 09:00:00,2024-02-27 10:00:00,8.100000381469727,6.289662520090739,False,ok
60,2024-02-28 09:00:00,2024-02-28 10:00:00,8.800000190734863,8.240549325942997,False,ok
60,2024-02-29 09:00:00,2024-02-29 10:00:00,8.300000190734863,9.28264832496643,False,ok
60,2024-02-29 20:00:00,2024-02-29 21:00:00,8.399999618530273,8.041369597117109,False,ok
60,2024-03-01 05:00:00,2024-03-01 06:00:00,14.199999809265137,11.188555002212524,False,ok
60,2024-03-01 09:00:00,2024-03-01 10:00:00,9.800000190734863,9.10650086402893,False,ok
60,2024-03-02 09:00:00,2024-03-02 10:00:00,7.599999904632568,8.024637937545775,False,ok
60,2024-03-03 09:00:00,2024-03-03 10:00:00,8.899999618530273,6.775964339574178,False,ok
60,2024-03-04 09:00:00,2024-03-04 10:00:00,9.199999809265137,7.418359359105429,False,ok
60,2024-03-05 09:00:00,2024-03-05 10:00:00,7.900000095367432,8.684261004130049,False,ok
60,2024-03-06 09:00:00,2024-03-06 10:00:00,9.399999618530272,8.934421221415198,False,ok
60,2024-03-07 09:00:00,2024-03-07 10:00:00,8.5,8.067230184872944,False,ok
60,2024-03-08 09:00:00,2024-03-08 10:00:00,8.0,8.914080580075579,False,ok
60,2024-03-08 16:00:00,2024-03-08 17:00:00,10.5,9.83835748831431,False,ok
60,2024-03-09 08:30:00,2024-03-09 09:30:00,8.5,7.804363767306008,False,ok
60,2024-03-10 09:00:00,2024-03-10 10:00:00,7.400000095367432,7.205997387568156,False,ok
60,2024-03-11 09:00:00,2024-03-11 10:00:00,10.0,10.220779259999594,False,ok
60,2024-03-12 09:00:00,2024-03-12 10:00:00,7.699999809265137,9.01792271931966,False,ok
60,2024-03-13 09:00:00,2024-03-13 10:00:00,7.5,8.027605374654131,False,ok
60,2024-03-14 09:00:00,2024-03-14 10:00:00,8.399999618530273,7.340925693511962,False,ok
60,2024-03-15 09:00:00,2024-03-15 10:00:00,7.800000190734863,8.825550635655725,False,ok
60,2024-03-16 09:00:00,2024-03-16 10:00:00,3.5,3.344546397527059,False,ok
60,2024-04-23 05:30:00,2024-04-23 06:30:00,2120.0,7.699999809265137,True,ok
60,2024-04-23 08:24:00,2024-04-23 09:24:00,34.0,7.699999809265137,True,ok
60,2024-04-23 09:00:00,2024-04-23 10:00:00,107.0,16.015888293584187,False,ok
60,2024-04-23 12:21:00,2024-04-23 13:21:00,6.800000190734863,12.948781172434488,False,ok
60,2024-04-23 15:33:00,2024-04-23 16:33:00,5.0,3.2944856484731044,False,ok
60,2024-04-24 01:00:00,2024-04-24 02:00:00,3.200000047683716,4.533347686131795,False,ok
60,2024-04-24 09:00:00,2024-04-24 10:00:00,3.799999952316284,10.30040701230367,False,ok
60,2024-04-24 14:00:00,2024-04-24 15:00:00,7.599999904632568,7.346304972966511,False,ok
60,2024-04-25 09:00:00,2024-04-25 10:00:00,6.800000190734863,8.990429480870564,False,ok
60,2024-04-26 09:00:00,2024-04-26 10:00:00,5.900000095367432,6.017698645591736,False,ok
60,2024-04-26 15:00:00,2024-04-26 16:00:00,6.599999904632568,16.53208724657695,False,ok
60,2024-04-26 16:00:00,2024-04-26 17:00:00,4.5,20.291822353998818,False,ok
60,2024-04-26 19:00:00,2024-04-26 20:00:00,4.300000190734863,5.545740524927775,False,ok
60,2024-04-27 09:00:00,2024-04-27 10:00:00,3.5,4.856708725293479,False,ok
60,2024-04-27 22:00:00,2024-04-27 23:00:00,6.900000095367432,6.893267234166464,False,ok
60,2024-04-28 09:00:00,2024-04-28 10:00:00,8.899999618530273,7.802722533543903,False,ok
60,2024-04-29 09:00:00,2024-04-29 10:00:00,7.5,7.367544094721477,False,ok
60,2024-04-30 09:00:00,2024-04-30 10:00:00,6.599999904632568,5.667735497156779,False,ok
60,2024-05-01 09:00:00,2024-05-01 10:00:00,6.099999904632568,6.5042721033096305,False,ok
60,2024-05-02 09:00:00,2024-05-02 10:00:00,7.599999904632568,6.583616852760315,False,ok
60,2024-05-03 09:00:00,2024-05-03 10:00:00,8.600000381469727,8.237670540809633,False,ok
60,2024-05-04 02:00:00,2024-05-04 03:00:00,4.0,7.499999999999999,True,ok
60,2024-05-04 05:00:00,2024-05-04 06:00:00,2.5999999046325684,1.4108883142471318,False,ok
60,2024-05-04 09:00:00,2024-05-04 10:00:00,5.5,5.170653939247131,False,ok
60,2024-05-04 21:00:00,2024-05-04 22:00:00,8.899999618530273,5.35064156850179,False,ok
60,2024-05-05 09:00:00,2024-05-05 10:00:00,7.900000095367432,9.49299995104472,False,ok
60,2024-05-06 09:00:00,2024-05-06 10:00:00,7.5,6.099807898203532,False,ok
60,2024-05-07 09:00:00,2024-05-07 10:00:00,6.0,5.49829363822937,False,ok
60,2024-05-08 09:00:00,2024-05-08 10:00:00,8.300000190734863,7.372073411941529,False,ok
60,2024-05-09 09:00:00,2024-05-09 10:00:00,7.599999904632568,7.770766278107963,False,ok
60,2024-05-10 09:00:00,2024-05-10 10:00:00,7.0,5.558347245057425,False,ok
60,2024-05-11 09:00:00,2024-05-11 10:00:00,8.699999809265137,7.051829596360524,False,ok
60,2024-05-12 09:00:00,2024-05-12 10:00:00,7.099999904632568,8.198436339696249,False,ok
60,2024-05-13 09:00:00,2024-05-13 10:00:00,8.600000381469727,6.744205673535665,False,ok
60,2024-05-13 13:02:00,2024-05-13 14:02:00,5.699999809265137,5.6104728778203325,False,ok
60,2024-05-14 09:00:00,2024-05-14 10:00:00,7.400000095367432,7.060070236523946,False,ok
60,2024-05-15 09:00:00,2024-05-15 10:00:00,6.900000095367432,6.663322647412618,False,ok
60,2024-05-16 09:00:00,2024-05-16 10:00:00,7.199999809265137,6.623879949251809,False,ok
60,2024-05-17 09:00:00,2024-05-17 10:00:00,6.5,4.898005247116089,False,ok
60,2024-05-18 09:00:00,2024-05-18 10:00:00,7.599999904632568,7.723910093307497,False,ok
60,2024-05-19 09:00:00,2024-05-19 10:00:00,8.899999618530273,8.591832756996157,False,ok
60,2024-05-20 08:20:00,2024-05-20 09:20:00,6.699999809265137,5.900955319404602,False,ok
60,2024-05-20 16:00:00,2024-05-20 17:00:00,6.900000095367432,5.656946142514548,False,ok
60,2024-05-20 21:00:00,2024-05-20 22:00:00,7.0,5.894971330960592,False,ok
60,2024-05-21 09:00:00,2024-05-21 10:00:00,5.800000190734863,6.356420159339905,False,ok
60,2024-05-22 09:00:00,2024-05-22 10:00:00,7.900000095367432,7.006443619728088,False,ok
60,2024-05-23 09:00:00,2024-05-23 10:00:00,8.600000381469727,6.064634283383688,False,ok
60,2024-05-24 09:00:00,2024-05-24 10:00:00,6.300000190734863,7.480963667233784,False,ok
60,2024-05-25 09:00:00,2024-05-25 10:00:00,7.0,7.113237341245015,False,ok
60,2024-05-26 09:00:00,2024-05-26 10:00:00,8.5,5.7460603316624965,False,ok
60,2024-05-27 09:00:00,2024-05-27 10:00:00,5.0,5.466034849484762,False,ok
60,2024-05-28 09:00:00,2024-05-28 10:00:00,5.900000095367432,4.953240434328715,False,ok
60,2024-05-29 09:00:00,2024-05-29 10:00:00,6.099999904632568,5.439031720161437,False,ok
60,2024-05-30 09:00:00,2024-05-30 10:00:00,6.300000190734863,5.0406248569488525,False,ok
60,2024-05-31 09:00:00,2024-05-31 10:00:00,8.5,8.14274525642395,False,ok
60,2024-06-01 09:00:00,2024-06-01 10:00:00,7.800000190734863,8.160696744918825,False,ok
60,2024-06-02 09:00:00,2024-06-02 10:00:00,6.300000190734863,7.650451382001241,False,ok
60,2024-06-03 09:00:00,2024-06-03 10:00:00,9.600000381469728,8.19472873210907,False,ok
60,2024-06-04 09:00:00,2024-06-04 10:00:00,5.900000095367432,5.498964985211691,False,ok
60,2024-06-05 09:00:00,2024-06-05 10:00:00,9.699999809265137,8.077935735384624,False,ok
60,2024-06-06 09:00:00,2024-06-06 10:00:00,8.399999618530273,8.28392271200816,False,ok
60,2024-06-07 07:20:00,2024-06-07 08:20:00,9.699999809265137,8.610812346140545,False,ok
60,2024-06-08 09:00:00,2024-06-08 10:00:00,9.5,8.93709961573283,False,ok
60,2024-06-09 09:00:00,2024-06-09 10:00:00,9.100000381469728,7.458486318588257,False,ok
60,2024-06-10 09:00:00,2024-06-10 10:00:00,8.300000190734863,9.143564263979597,False,ok
60,2024-06-11 09:00:00,2024-06-11 10:00:00,8.5,8.42947773138682,False,ok
60,2024-06-12 09:00:00,2024-06-12 10:00:00,9.800000190734863,7.562895655632018,False,ok
60,2024-06-13 09:00:00,2024-06-13 10:00:00,8.800000190734863,8.064823547999065,False,ok
60,2024-06-14 09:00:00,2024-06-14 10:00:00,8.800000190734863,8.15687835216522,False,ok
60,2024-06-15 09:00:00,2024-06-15 10:00:00,9.300000190734863,9.108963847160338,False,ok
60,2024-06-16 09:00:00,2024-06-16 10:00:00,9.5,9.156333088874815,False,ok
60,2024-06-17 09:00:00,2024-06-17 10:00:00,8.800000190734863,8.272836804389952,False,ok
60,2024-06-18 09:00:00,2024-06-18 10:00:00,9.5,8.730529069900513,False,ok
60,2024-06-19 09:00:00,2024-06-19 10:00:00,9.399999618530272,8.472124139467875,False,ok
60,2024-06-20 09:00:00,2024-06-20 10:00:00,8.899999618530273,7.990032593409221,False,ok
60,2024-06-21 08:30:00,2024-06-21 09:30:00,6.800000190734863,8.914695183436073,False,ok
60,2024-06-22 09:00:00,2024-06-22 10:00:00,7.699999809265137,8.167169014612833,False,ok
60,2024-06-23 09:00:00,2024-06-23 10:00:00,9.100000381469728,8.41241224606832,False,ok
60,2024-06-24 09:00:00,2024-06-24 10:00:00,8.699999809265137,7.814289649327596,False,ok
60,2024-06-25 11:00:00,2024-06-25 12:00:00,7.599999904632568,7.637262900670368,False,ok
60,2024-06-26 09:00:00,2024-06-26 10:00:00,8.899999618530273,8.209116141001383,False,ok
60,2024-06-27 09:00:00,2024-06-27 10:00:00,9.399999618530272,8.50852926572164,False,ok
60,2024-06-28 09:00:00,2024-06-28 10:00:00,9.300000190734863,8.889241774876911,False,ok
60,2024-06-29 09:00:00,2024-06-29 10:00:00,8.300000190734863,8.063661336898805,False,ok
60,2024-06-30 09:00:00,2024-06-30 10:00:00,8.800000190734863,9.468159357706703,False,ok
60,2024-07-01 09:00:00,2024-07-01 10:00:00,8.5,8.59380594889323,False,ok
60,2024-07-02 09:00:00,2024-07-02 10:00:00,9.699999809265137,10.690951228141785,False,ok
60,2024-07-03 09:00:00,2024-07-03 10:00:00,9.300000190734863,12.085819602012636,False,ok
60,2024-07-04 09:00:00,2024-07-04 10:00:00,10.100000381469728,8.808028101921082,False,ok
60,2024-07-05 09:00:00,2024-07-05 10:00:00,10.100000381469728,7.5882172981898,False,ok
60,2024-07-06 09:00:00,2024-07-06 10:00:00,8.899999618530273,6.665063897768657,False,ok
60,2024-07-07 09:00:00,2024-07-07 10:00:00,8.800000190734863,7.742353200912476,False,ok
60,2024-07-08 09:00:00,2024-07-08 10:00:00,7.5,7.727495471636454,False,ok
60,2024-07-09 09:00:00,2024-07-09 10:00:00,9.399999618530272,8.61741375923157,False,ok
60,2024-07-10 09:00:00,2024-07-10 10:00:00,9.300000190734863,7.426476836204528,False,ok
60,2024-07-11 09:00:00,2024-07-11 10:00:00,10.800000190734863,9.777591387430828,False,ok
60,2024-07-11 15:00:00,2024-07-11 16:00:00,7.099999904632568,10.35835631688436,False,ok
60,2024-07-12 09:00:00,2024-07-12 10:00:00,6.5,8.617938200632732,False,ok
60,2024-07-13 09:00:00,2024-07-13 10:00:00,8.5,9.534971872965498,False,ok
60,2024-07-14 09:00:00,2024-07-14 10:00:00,7.099999904632568,9.342717806498207,False,ok
60,2024-07-15 09:00:00,2024-07-15 10:00:00,6.800000190734863,9.831875880559286,False,ok
60,2024-07-16 09:00:00,2024-07-16 10:00:00,6.199999809265137,7.08034904797872,False,ok
60,2024-07-17 09:00:00,2024-07-17 10:00:00,8.800000190734863,8.110106150309244,False,ok
60,2024-07-18 09:00:00,2024-07-18 10:00:00,6.699999809265137,7.308680454889933,False,ok
60,2024-07-19 09:00:00,2024-07-19 10:00:00,8.600000381469727,7.436153491338095,False,ok
60,2024-07-20 09:00:00,2024-07-20 10:00:00,10.399999618530272,6.699128707249959,False,ok
60,2024-07-21 09:00:00,2024-07-21 10:00:00,7.900000095367432,7.851194461186727,False,ok
60,2024-07-22 09:00:00,2024-07-22 10:00:00,8.800000190734863,8.897990147272747,False,ok
60,2024-07-23 09:00:00,2024-07-23 10:00:00,8.0,8.247805277506512,False,ok
60,2024-07-24 09:00:00,2024-07-24 10:00:00,6.599999904632568,7.765637079874673,False,ok
60,2024-07-25 09:00:00,2024-07-25 10:00:00,7.5,7.318553606669108,False,ok
60,2024-07-26 09:00:00,2024-07-26 10:00:00,8.399999618530273,7.814647555351256,False,ok
60,2024-07-27 09:00:00,2024-07-27 10:00:00,9.300000190734863,9.138064146041872,False,ok
60,2024-07-28 09:00:00,2024-07-28 10:00:00,6.599999904632568,7.324191411336264,False,ok
60,2024-07-29 09:00:00,2024-07-29 10:00:00,7.0,8.217610200246172,False,ok
60,2024-07-30 09:00:00,2024-07-30 10:00:00,8.199999809265137,8.606537938117983,False,ok
60,2024-07-31 08:00:00,2024-07-31 09:00:00,8.100000381469727,7.241641163825989,False,ok
60,2024-08-01 09:00:00,2024-08-01 10:00:00,7.400000095367432,8.419026215871176,False,ok
60,2024-08-02 09:00:00,2024-08-02 10:00:00,7.400000095367432,6.898324131965636,False,ok
60,2024-08-03 09:00:00,2024-08-03 10:00:00,10.100000381469728,8.817100644111633,False,ok
60,2024-08-03 22:00:00,2024-08-03 23:00:00,8.399999618530273,7.167323350906373,False,ok
60,2024-08-04 09:00:00,2024-08-04 10:00:00,10.100000381469728,9.196741342544556,False,ok
60,2024-08-05 09:00:00,2024-08-05 10:00:00,7.400000095367432,8.377177317937214,False,ok
60,2024-08-06 09:00:00,2024-08-06 10:00:00,7.0,7.885497808456422,False,ok
60,2024-08-07 09:00:00,2024-08-07 10:00:00,8.0,8.801026105880739,False,ok
60,2024-08-08 09:00:00,2024-08-08 10:00:00,9.699999809265137,8.81342355410258,False,ok
60,2024-08-09 09:00:00,2024-08-09 10:00:00,7.699999809265137,8.215237061182657,False,ok
60,2024-08-10 09:00:00,2024-08-10 10:00:00,6.199999809265137,6.792871316274007,False,ok
60,2024-08-11 09:00:00,2024-08-11 10:00:00,8.0,6.478204568227134,False,ok
60,2024-08-12 09:00:00,2024-08-12 10:00:00,7.400000095367432,4.959946950276693,False,ok
60,2024-08-13 09:00:00,2024-08-13 10:00:00,8.0,7.796576340993244,False,ok
60,2024-08-14 09:00:00,2024-08-14 10:00:00,7.400000095367432,6.864474296569824,False,ok
60,2024-08-15 09:00:00,2024-08-15 10:00:00,9.0,6.935678958892822,False,ok
60,2024-08-16 09:00:00,2024-08-16 10:00:00,8.100000381469727,8.061652263005573,False,ok
60,2024-08-17 09:00:00,2024-08-17 10:00:00,6.699999809265137,7.750438769658405,False,ok
60,2024-08-18 09:00:00,2024-08-18 10:00:00,6.699999809265137,8.759044726689654,False,ok
60,2024-08-19 09:00:00,2024-08-19 10:00:00,8.5,8.00004820028941,False,ok
60,2024-08-20 09:00:00,2024-08-20 10:00:00,8.699999809265137,7.950723807017008,False,ok
60,2024-08-21 09:00:00,2024-08-21 10:00:00,6.800000190734863,7.723744471867881,False,ok
60,2024-08-22 09:00:00,2024-08-22 10:00:00,9.0,7.0938998858133955,False,ok
60,2024-08-23 09:00:00,2024-08-23 10:00:00,6.5,6.691995382308961,False,ok
60,2024-08-24 09:00:00,2024-08-24 10:00:00,8.300000190734863,9.28663762410482,False,ok
60,2024-08-25 09:00:00,2024-08-25 10:00:00,7.5,8.805686553319296,False,ok
60,2024-08-26 09:00:00,2024-08-26 10:00:00,6.099999904632568,8.567870457967121,False,ok
60,2024-08-27 09:00:00,2024-08-27 10:00:00,17.299999237060547,8.93838926156362,False,ok
60,2024-08-27 13:00:00,2024-08-27 14:00:00,8.0,8.901754816373192,False,ok
60,2024-08-28 09:00:00,2024-08-28 10:00:00,6.900000095367432,7.690584977467852,False,ok
60,2024-08-29 08:30:00,2024-08-29 09:30:00,7.0,6.4438183307647705,False,ok
60,2024-08-30 09:00:00,2024-08-30 10:00:00,5.800000190734863,6.933785835901896,False,ok
60,2024-08-31 09:00:00,2024-08-31 10:00:00,7.0,8.725936810175577,False,ok
60,2024-09-01 03:00:00,2024-09-01 04:00:00,7.099999904632568,12.05445158481598,False,ok
60,2024-09-02 23:00:00,2024-09-03 00:00:00,5.900000095367432,6.999999999999999,True,ok
60,2024-09-03 09:00:00,2024-09-03 10:00:00,5.0,3.2102171579996743,False,ok
60,2024-09-04 09:00:00,2024-09-04 10:00:00,12.100000381469728,11.58117453257243,False,ok
60,2024-09-05 09:00:00,2024-09-05 10:00:00,6.099999904632568,7.88125530878703,False,ok
60,2024-09-06 09:00:00,2024-09-06 10:00:00,4.0,5.033661524454753,False,ok
60,2024-09-06 23:00:00,2024-09-07 00:00:00,19.5,5.900000095367432,True,ok
60,2024-09-07 01:00:00,2024-09-07 02:00:00,7.599999904632568,15.47512245178223,False,ok
60,2024-09-07 09:00:00,2024-09-07 10:00:00,7.199999809265137,7.850413163503009,False,ok
60,2024-09-08 09:00:00,2024-09-08 10:00:00,7.5,4.665129502614339,False,ok
60,2024-09-09 09:00:00,2024-09-09 10:00:00,6.900000095367432,6.7227676709493,False,ok
60,2024-09-10 10:30:00,2024-09-10 11:30:00,6.800000190734863,6.394836425781249,False,ok
60,2024-09-11 09:00:00,2024-09-11 10:00:00,4.5,4.649834672609964,False,ok
60,2024-09-11 19:00:00,2024-09-11 20:00:00,12.0,4.890664140383402,False,ok
60,2024-09-12 09:00:00,2024-09-12 10:00:00,6.099999904632568,5.282815019289652,False,ok
60,2024-09-13 10:00:00,2024-09-13 11:00:00,7.199999809265137,8.16893446445465,False,ok
60,2024-09-13 21:00:00,2024-09-13 22:00:00,7.5,4.562371929486593,False,ok
60,2024-09-14 09:00:00,2024-09-14 10:00:00,4.5,3.131540417671204,False,ok
60,2024-09-14 17:30:00,2024-09-14 18:30:00,3.299999952316284,2.799646973609924,False,ok
60,2024-09-15 09:00:00,2024-09-15 10:00:00,5.300000190734863,4.286631226539612,False,ok
60,2024-09-16 09:00:00,2024-09-16 10:00:00,6.699999809265137,5.54705822467804,False,ok
60,2024-09-16 17:00:00,2024-09-16 18:00:00,5.300000190734863,3.940271496772766,False,ok
60,2024-09-17 09:00:00,2024-09-17 10:00:00,4.900000095367432,5.092330137888591,False,ok
60,2024-09-18 09:00:00,2024-09-18 10:00:00,6.699999809265137,7.955229481061302,False,ok
60,2024-09-19 09:00:00,2024-09-19 10:00:00,4.699999809265137,5.906645178794862,False,ok
60,2024-09-20 09:00:00,2024-09-20 10:00:00,6.900000095367432,8.320533156394957,False,ok
60,2024-09-21 11:00:00,2024-09-21 12:00:00,5.699999809265137,5.964527209599813,False,ok
60,2024-09-22 09:00:00,2024-09-22 10:00:00,3.799999952316284,3.814614494641622,False,ok
60,2024-09-23 09:00:00,2024-09-23 10:00:00,4.900000095367432,5.358790834744772,False,ok
60,2024-09-24 09:00:00,2024-09-24 10:00:00,6.800000190734863,7.8154520591100045,False,ok
60,2024-09-25 09:00:00,2024-09-25 10:00:00,9.199999809265137,10.679516275723778,False,ok
60,2024-09-26 09:00:00,2024-09-26 10:00:00,6.699999809265137,7.109030008316041,False,ok
60,2024-09-27 09:00:00,2024-09-27 10:00:00,7.599999904632568,7.479919830958049,False,ok
60,2024-09-28 03:31:00,2024-09-28 04:31:00,6.099999904632568,3.1647056738535557,False,ok
60,2024-09-28 09:00:00,2024-09-28 10:00:00,4.900000095367432,7.246410528818766,False,ok
60,2024-09-29 09:00:00,2024-09-29 10:00:00,6.199999809265137,5.520305156707764,False,ok
60,2024-09-30 09:00:00,2024-09-30 10:00:00,8.899999618530273,8.620794773101808,False,ok
60,2024-10-01 09:00:00,2024-10-01 10:00:00,7.800000190734863,7.994163672129312,False,ok
60,2024-10-02 09:00:00,2024-10-02 10:00:00,9.5,8.66783074537913,False,ok
60,2024-10-03 09:00:00,2024-10-03 10:00:00,9.399999618530272,6.900615533192954,False,ok
60,2024-10-04 09:00:00,2024-10-04 10:00:00,7.300000190734863,8.269568721453346,False,ok
60,2024-10-05 09:00:00,2024-10-05 10:00:00,10.0,8.76242379347483,False,ok
60,2024-10-06 09:00:00,2024-10-06 10:00:00,7.800000190734863,8.942685643831888,False,ok
60,2024-10-07 09:00:00,2024-10-07 10:00:00,8.0,7.344335635503134,False,ok
60,2024-10-08 09:00:00,2024-10-08 10:00:00,7.699999809265137,7.421590487162274,False,ok
60,2024-10-09 09:00:00,2024-10-09 10:00:00,9.5,7.750941872596742,False,ok
60,2024-10-10 09:00:00,2024-10-10 10:00:00,9.199999809265137,8.976216435432434,False,ok
60,2024-10-11 09:00:00,2024-10-11 10:00:00,7.800000190734863,7.307129542032879,False,ok
60,2024-10-12 09:00:00,2024-10-12 10:00:00,8.699999809265137,7.881303588549296,False,ok
60,2024-10-13 09:00:00,2024-10-13 10:00:00,8.0,7.882107138633726,False,ok
60,2024-10-14 09:00:00,2024-10-14 10:00:00,9.0,9.763518214225767,False,ok
60,2024-10-15 09:00:00,2024-10-15 10:00:00,9.199999809265137,7.90043342113495,False,ok
60,2024-10-16 09:00:00,2024-10-16 10:00:00,9.699999809265137,12.041656374931334,False,ok
60,2024-10-17 09:00:00,2024-10-17 10:00:00,5.300000190734863,7.375526309013367,False,ok
60,2024-10-18 09:00:00,2024-10-18 10:00:00,12.0,8.944896578788756,False,ok
60,2024-10-18 13:00:00,2024-10-18 14:00:00,5.599999904632568,6.591224551200867,False,ok
60,2024-10-19 09:00:00,2024-10-19 10:00:00,9.699999809265137,10.152306358019514,False,ok
60,2024-10-20 09:00:00,2024-10-20 10:00:00,8.100000381469727,7.494775176048279,False,ok
60,2024-10-21 09:00:00,2024-10-21 10:00:00,7.599999904632568,8.467141826947527,False,ok
60,2024-10-22 09:00:00,2024-10-22 10:00:00,6.699999809265137,8.167137900988262,False,ok
60,2024-10-23 09:00:00,2024-10-23 10:00:00,6.0,5.577583233515422,False,ok
60,2024-10-24 09:00:00,2024-10-24 10:00:00,9.600000381469728,9.851954698562622,False,ok
60,2024-10-25 09:00:00,2024-10-25 10:00:00,7.800000190734863,8.422281503677368,False,ok
60,2024-10-26 09:00:00,2024-10-26 10:00:00,5.400000095367432,7.691296815872191,False,ok
60,2024-10-27 09:00:00,2024-10-27 10:00:00,9.100000381469728,11.702846765518188,False,ok
60,2024-10-28 09:00:00,2024-10-28 10:00:00,10.699999809265137,9.451975584030151,False,ok
60,2024-10-28 15:34:18,2024-10-28 16:34:18,7.400000095367432,8.893714189529417,False,ok
60,2024-10-29 09:00:00,2024-10-29 10:00:00,9.399999618530272,8.75564746061961,False,ok
60,2024-10-30 09:00:00,2024-10-30 10:00:00,11.0,8.788889567057291,False,ok
60,2024-10-31 09:00:00,2024-10-31 10:00:00,10.199999809265137,9.100746432940165,False,ok
60,2024-10-31 15:30:00,2024-10-31 16:30:00,11.600000381469728,8.247795383135477,False,ok
60,2024-10-31 22:00:00,2024-10-31 23:00:00,9.800000190734863,7.888520002365112,False,ok
60,2024-11-01 03:00:00,2024-11-01 04:00:00,8.399999618530273,7.300616343816121,False,ok
60,2024-11-01 09:00:00,2024-11-01 10:00:00,7.300000190734863,7.655910174051921,False,ok
60,2024-11-01 19:00:00,2024-11-01 20:00:00,8.399999618530273,7.571219126383463,False,ok
60,2024-11-02 09:00:00,2024-11-02 10:00:00,9.600000381469728,10.414717952410385,False,ok
60,2024-11-03 09:00:00,2024-11-03 10:00:00,9.300000190734863,10.330798427263897,False,ok
60,2024-11-04 09:00:00,2024-11-04 10:00:00,9.600000381469728,10.47249190012614,False,ok
60,2024-11-05 09:00:00,2024-11-05 10:00:00,9.600000381469728,10.158747355143229,False,ok
60,2024-11-06 09:00:00,2024-11-06 10:00:00,5.699999809265137,6.4716033935546875,False,ok
60,2024-11-07 09:00:00,2024-11-07 10:00:00,7.800000190734863,9.458910584449766,False,ok
60,2024-11-08 09:00:00,2024-11-08 10:00:00,10.600000381469728,10.76082424322764,False,ok
60,2024-11-08 15:00:00,2024-11-08 16:00:00,7.300000190734863,7.099086682001749,False,ok
60,2024-11-09 09:00:00,2024-11-09 10:00:00,9.699999809265137,9.307365576426188,False,ok
60,2024-11-10 09:00:00,2024-11-10 10:00:00,13.5,11.186731338500977,False,ok
60,2024-11-12 09:00:00,2024-11-12 10:00:00,8.199999809265137,11.02050495147705,False,ok
60,2024-11-13 09:00:00,2024-11-13 10:00:00,5.699999809265137,8.99802080790202,False,ok
60,2024-11-14 09:00:00,2024-11-14 10:00:00,6.400000095367432,8.859292666117351,False,ok
60,2024-11-15 09:00:00,2024-11-15 10:00:00,8.699999809265137,8.909740924835205,False,ok
60,2024-11-16 09:00:00,2024-11-16 10:00:00,8.5,7.71515707174937,False,ok
60,2024-11-17 09:00:00,2024-11-17 10:00:00,7.199999809265137,9.020179669062298,False,ok
60,2024-11-18 09:00:00,2024-11-18 10:00:00,7.699999809265137,7.048101027806601,False,ok
60,2024-11-19 10:00:00,2024-11-19 11:00:00,5.900000095367432,9.954377889633175,False,ok
60,2024-11-20 09:00:00,2024-11-20 10:00:00,7.099999904632568,7.741197864214579,False,ok
60,2024-11-21 09:00:00,2024-11-21 10:00:00,8.5,6.567753116289774,False,ok
60,2024-11-22 09:00:00,2024-11-22 10:00:00,8.0,8.833994746208191,False,ok
60,2024-11-23 09:00:00,2024-11-23 10:00:00,7.099999904632568,7.189106822013856,False,ok
60,2024-11-24 09:00:00,2024-11-24 10:00:00,7.5,8.040552020072937,False,ok
60,2024-11-25 09:00:00,2024-11-25 10:00:00,7.199999809265137,8.600556254386902,False,ok
60,2024-11-26 09:00:00,2024-11-26 10:00:00,7.300000190734863,6.632268110911051,False,ok
60,2024-11-27 09:00:00,2024-11-27 10:00:00,8.100000381469727,7.376240849494935,False,ok
60,2024-11-28 09:00:00,2024-11-28 10:00:00,8.899999618530273,8.119616866111755,False,ok
60,2024-11-29 09:00:00,2024-11-29 10:00:00,7.800000190734863,7.401690165201823,False,ok
60,2024-11-30 09:00:00,2024-11-30 10:00:00,6.5,6.135186195373535,False,ok
60,2024-12-01 09:00:00,2024-12-01 10:00:00,6.0,6.957622051239014,False,ok
60,2024-12-02 09:00:00,2024-12-02 10:00:00,6.900000095367432,7.61233870188395,False,ok
60,2024-12-03 09:00:00,2024-12-03 10:00:00,7.0,7.247655550638836,False,ok
60,2024-12-04 09:00:00,2024-12-04 10:00:00,7.300000190734863,6.126158396402995,False,ok
60,2024-12-05 09:00:00,2024-12-05 10:00:00,6.5,5.773627042770387,False,ok
60,2024-12-06 09:00:00,2024-12-06 10:00:00,7.900000095367432,8.507870435714722,False,ok
60,2024-12-07 09:00:00,2024-12-07 10:00:00,6.5,6.6098148822784415,False,ok
60,2024-12-07 15:39:56,2024-12-07 16:39:56,9.300000190734863,12.762423912684124,False,ok
60,2024-12-08 09:00:00,2024-12-08 10:00:00,8.5,9.690355618794758,False,ok
60,2024-12-09 09:00:00,2024-12-09 10:00:00,5.0,4.574096043904623,False,ok
60,2024-12-10 09:00:00,2024-12-10 10:00:00,7.900000095367432,11.059754808743795,False,ok
60,2024-12-10 15:00:00,2024-12-10 16:00:00,7.300000190734863,12.242049654324846,False,ok
60,2024-12-11 09:00:00,2024-12-11 10:00:00,8.0,8.527567346890766,False,ok
60,2024-12-12 09:00:00,2024-12-12 10:00:00,5.300000190734863,7.375640829404196,False,ok
60,2024-12-13 09:00:00,2024-12-13 10:00:00,7.5,5.749267339706421,False,ok
60,2024-12-14 09:00:00,2024-12-14 10:00:00,9.600000381469728,6.646707177162171,False,ok
60,2024-12-15 09:00:00,2024-12-15 10:00:00,8.5,7.482606530189514,False,ok
60,2024-12-16 09:00:00,2024-12-16 10:00:00,6.099999904632568,4.084372282028198,False,ok
60,2024-12-17 09:00:00,2024-12-17 10:00:00,11.300000190734863,6.658559362093607,False,ok
60,2024-12-17 16:00:00,2024-12-17 17:00:00,7.400000095367432,6.191648999849955,False,ok
60,2024-12-18 09:00:00,2024-12-18 10:00:00,8.0,10.45913298924764,False,ok
60,2024-12-19 09:00:00,2024-12-19 10:00:00,8.5,10.254710038503012,False,ok
60,2024-12-20 09:00:00,2024-12-20 10:00:00,11.300000190734863,10.335546334584553,False,ok
60,2024-12-20 22:41:32,2024-12-20 23:41:32,13.100000381469728,13.029538114865622,False,ok
60,2024-12-22 09:00:00,2024-12-22 10:00:00,9.699999809265137,8.786051472028095,False,ok
60,2024-12-23 09:00:00,2024-12-23 10:00:00,7.099999904632568,7.135836561520893,False,ok
60,2024-12-24 09:00:00,2024-12-24 10:00:00,8.699999809265137,9.576483686765034,False,ok
60,2024-12-25 09:00:00,2024-12-25 10:00:00,8.5,7.208014289538066,False,ok
60,2024-12-26 09:00:00,2024-12-26 10:00:00,7.699999809265137,8.030433972676596,False,ok
60,2024-12-27 09:00:00,2024-12-27 10:00:00,8.300000190734863,8.175372044245403,False,ok
60,2024-12-28 09:00:00,2024-12-28 10:00:00,9.300000190734863,8.290718992551168,False,ok
60,2024-12-29 09:00:00,2024-12-29 10:00:00,8.100000381469727,8.203337232271831,False,ok
60,2024-12-30 09:00:00,2024-12-30 10:00:00,6.400000095367432,8.056562860806784,False,ok
60,2024-12-31 03:50:00,2024-12-31 04:50:00,2.0999999046325684,12.958422183990477,False,ok
60,2024-12-31 09:00:00,2024-12-31 10:00:00,2.700000047683716,3.4140159686406455,False,ok
120,2024-01-01 08:00:00,2024-01-01 10:00:00,10.800000190734863,7.853927890459697,False,ok
120,2024-01-01 20:00:00,2024-01-01 22:00:00,8.300000190734863,7.74861458937327,False,ok
120,2024-01-02 08:00:00,2024-01-02 10:00:00,9.5,8.076747218767803,False,ok
120,2024-01-03 08:00:00,2024-01-03 10:00:00,7.199999809265137,8.548854192097984,False,ok
120,2024-01-04 08:00:00,2024-01-04 10:00:00,8.899999618530273,8.300000190734863,True,ok
120,2024-01-05 08:00:00,2024-01-05 10:00:00,6.099999904632568,7.487715522448223,False,ok
120,2024-01-06 08:00:00,2024-01-06 10:00:00,6.900000095367432,10.852988282839457,False,ok
120,2024-01-07 08:00:00,2024-01-07 10:00:00,3.200000047683716,6.1369805335998535,False,ok
120,2024-01-08 10:00:00,2024-01-08 12:00:00,12.600000381469728,25.471758564313248,False,ok
120,2024-01-08 12:00:00,2024-01-08 14:00:00,1.0,6.900000095367432,True,ok
120,2024-01-08 14:00:00,2024-01-08 16:00:00,2.0,1.9838969310124717,False,ok
120,2024-01-09 08:00:00,2024-01-09 10:00:00,6.0,6.1042171244819965,False,ok
120,2024-01-10 08:00:00,2024-01-10 10:00:00,9.199999809265137,8.337375573813913,False,ok
120,2024-01-11 08:00:00,2024-01-11 10:00:00,4.699999809265137,6.043523371219634,False,ok
120,2024-01-12 08:00:00,2024-01-12 10:00:00,6.800000190734863,5.161633054415386,False,ok
120,2024-01-13 08:00:00,2024-01-13 10:00:00,3.5,4.37881092230479,False,ok
120,2024-01-13 21:00:00,2024-01-13 23:00:00,3.4000000953674316,4.429157296816508,False,ok
120,2024-01-14 08:00:00,2024-01-14 10:00:00,4.099999904632568,4.765096902847291,False,ok
120,2024-01-15 08:00:00,2024-01-15 10:00:00,2.299999952316284,1.357949773470561,False,ok
120,2024-01-16 08:00:00,2024-01-16 10:00:00,6.300000190734863,9.037703076998392,False,ok
120,2024-01-16 18:30:00,2024-01-16 20:30:00,4.199999809265137,3.228498379389445,False,ok
120,2024-01-17 08:00:00,2024-01-17 10:00:00,5.099999904632568,8.822380463282268,False,ok
120,2024-01-18 08:00:00,2024-01-18 10:00:00,5.900000095367432,5.939992348353069,False,ok
120,2024-01-19 08:00:00,2024-01-19 10:00:00,8.199999809265137,7.487234512964883,False,ok
120,2024-01-19 21:45:00,2024-01-19 23:45:00,12.800000190734863,6.5047498146692915,False,ok
120,2024-01-20 08:00:00,2024-01-20 10:00:00,7.300000190734863,9.329936464627584,False,ok
120,2024-01-20 20:00:00,2024-01-20 22:00:00,6.599999904632568,4.456281145413717,False,ok
120,2024-01-21 08:00:00,2024-01-21 10:00:00,10.100000381469728,4.111205379168193,False,ok
120,2024-01-21 20:00:00,2024-01-21 22:00:00,5.800000190734863,4.939248124758404,False,ok
120,2024-01-22 08:00:00,2024-01-22 10:00:00,7.0,6.247112313906352,False,ok
120,2024-01-23 08:00:00,2024-01-23 10:00:00,9.600000381469728,8.538589398066202,False,ok
120,2024-01-24 08:00:00,2024-01-24 10:00:00,8.5,8.140815496444702,False,ok
120,2024-01-25 08:00:00,2024-01-25 10:00:00,10.199999809265137,9.061200698216751,False,ok
120,2024-01-26 08:00:00,2024-01-26 10:00:00,8.899999618530273,7.561476786931355,False,ok
120,2024-01-27 08:00:00,2024-01-27 10:00:00,9.0,8.441011031468712,False,ok
120,2024-01-28 08:00:00,2024-01-28 10:00:00,9.899999618530272,7.25235136349996,False,ok
120,2024-01-29 08:00:00,2024-01-29 10:00:00,9.600000381469728,8.29671037197113,False,ok
120,2024-01-30 08:00:00,2024-01-30 10:00:00,7.599999904632568,9.11174960931142,False,ok
120,2024-01-30 12:07:00,2024-01-30 14:07:00,20.600000381469727,9.618349035580954,False,ok
120,2024-01-30 14:25:00,2024-01-30 16:25:00,4.400000095367432,16.875443418820694,False,ok
120,2024-01-30 20:30:00,2024-01-30 22:30:00,1.0,3.567453424135844,False,ok
120,2024-01-31 08:00:00,2024-01-31 10:00:00,3.299999952316284,7.59999990463257,True,ok
120,2024-01-31 13:00:00,2024-01-31 15:00:00,2.9000000953674316,4.961344520250957,False,ok
120,2024-02-01 08:00:00,2024-02-01 10:00:00,7.300000190734863,9.664310614267988,False,ok
120,2024-02-01 20:30:00,2024-02-01 22:30:00,6.300000190734863,8.792766193548836,False,ok
120,2024-02-02 00:00:00,2024-02-02 02:00:00,19.100000381469727,4.375326017538706,False,ok
120,2024-02-02 05:00:00,2024-02-02 07:00:00,11.600000381469728,8.241932014624277,False,ok
120,2024-02-02 08:00:00,2024-02-02 10:00:00,5.300000190734863,11.017399688561754,False,ok
120,2024-02-03 08:00:00,2024-02-03 10:00:00,7.300000190734863,5.344489415486653,False,ok
120,2024-02-04 08:00:00,2024-02-04 10:00:00,6.900000095367432,6.971285184224447,False,ok
120,2024-02-05 08:00:00,2024-02-05 10:00:00,9.300000190734863,9.507311185201011,False,ok
120,2024-02-05 16:00:00,2024-02-05 18:00:00,12.100000381469728,19.92746977011363,False,ok
120,2024-02-06 08:00:00,2024-02-06 10:00:00,9.899999618530272,7.116204420725503,False,ok
120,2024-02-07 08:00:00,2024-02-07 10:00:00,8.899999618530273,6.861687382062278,False,ok
120,2024-02-08 08:00:00,2024-02-08 10:00:00,10.699999809265137,12.619359811147056,False,ok
120,2024-02-09 08:00:00,2024-02-09 10:00:00,11.300000190734863,13.18165381749471,False,ok
120,2024-02-11 08:00:00,2024-02-11 10:00:00,7.800000190734863,7.990604718526205,False,ok
120,2024-02-12 08:00:00,2024-02-12 10:00:00,9.0,8.712350686391195,False,ok
120,2024-02-13 08:00:00,2024-02-13 10:00:00,2.5999999046325684,8.146735032399496,False,ok
120,2024-02-14 08:00:00,2024-02-14 10:00:00,8.600000381469727,6.933670361836751,False,ok
120,2024-02-15 08:00:00,2024-02-15 10:00:00,9.199999809265137,8.720482190450033,False,ok
120,2024-02-16 08:00:00,2024-02-16 10:00:00,9.600000381469728,10.326195637385052,False,ok
120,2024-02-17 08:00:00,2024-02-17 10:00:00,10.699999809265137,10.16444484392802,False,ok
120,2024-02-17 14:00:00,2024-02-17 16:00:00,7.400000095367432,11.211222092310589,False,ok
120,2024-02-18 08:00:00,2024-02-18 10:00:00,8.199999809265137,9.697967449824016,False,ok
120,2024-02-19 08:00:00,2024-02-19 10:00:00,6.800000190734863,8.146613836288454,False,ok
120,2024-02-20 08:00:00,2024-02-20 10:00:00,7.699999809265137,10.030371656020485,False,ok
120,2024-02-21 08:00:00,2024-02-21 10:00:00,7.0,8.748202075560888,False,ok
120,2024-02-22 08:00:00,2024-02-22 10:00:00,8.100000381469727,9.226388971010843,False,ok
120,2024-02-23 08:00:00,2024-02-23 10:00:00,7.800000190734863,8.482333858807884,False,ok
120,2024-02-24 10:00:00,2024-02-24 12:00:00,7.400000095367432,6.050309896469115,False,ok
120,2024-02-24 13:00:00,2024-02-24 15:00:00,13.899999618530272,2.8116395473480225,False,ok
120,2024-02-25 08:00:00,2024-02-25 10:00:00,8.0,8.937772989273073,False,ok
120,2024-02-26 08:00:00,2024-02-26 10:00:00,8.300000190734863,8.046525637308756,False,ok
120,2024-02-27 08:00:00,2024-02-27 10:00:00,8.100000381469727,8.460988203684492,False,ok
120,2024-02-28 08:00:00,2024-02-28 10:00:00,8.800000190734863,8.304625749588011,False,ok
120,2024-02-29 08:00:00,2024-02-29 10:00:00,8.300000190734863,9.064531564712526,False,ok
120,2024-02-29 19:00:00,2024-02-29 21:00:00,8.399999618530273,8.515157858530678,False,ok
120,2024-03-01 04:00:00,2024-03-01 06:00:00,14.199999809265137,12.046106576919554,False,ok
120,2024-03-01 08:00:00,2024-03-01 10:00:00,9.800000190734863,9.816781282424929,False,ok
120,2024-03-02 08:00:00,2024-03-02 10:00:00,7.599999904632568,6.851217031478882,False,ok
120,2024-03-03 08:00:00,2024-03-03 10:00:00,8.899999618530273,10.468579848607382,False,ok
120,2024-03-04 08:00:00,2024-03-04 10:00:00,9.199999809265137,6.541002353032429,False,ok
120,2024-03-05 08:00:00,2024-03-05 10:00:00,7.900000095367432,9.23585287729899,False,ok
120,2024-03-06 08:00:00,2024-03-06 10:00:00,9.399999618530272,9.43792215983073,False,ok
120,2024-03-07 08:00:00,2024-03-07 10:00:00,8.5,9.779266317685444,False,ok
120,2024-03-08 08:00:00,2024-03-08 10:00:00,8.0,8.648543318112692,False,ok
120,2024-03-08 15:00:00,2024-03-08 17:00:00,10.5,10.177122632662458,False,ok
120,2024-03-09 07:30:00,2024-03-09 09:30:00,8.5,7.457986394564311,False,ok
120,2024-03-10 08:00:00,2024-03-10 10:00:00,7.400000095367432,7.556979099909463,False,ok
120,2024-03-11 08:00:00,2024-03-11 10:00:00,10.0,9.604310830434162,False,ok
120,2024-03-12 08:00:00,2024-03-12 10:00:00,7.699999809265137,9.03318150838216,False,ok
120,2024-03-13 08:00:00,2024-03-13 10:00:00,7.5,7.076999505360921,False,ok
120,2024-03-14 08:00:00,2024-03-14 10:00:00,8.399999618530273,7.334822654724122,False,ok
120,2024-03-15 08:00:00,2024-03-15 10:00:00,7.800000190734863,8.968929847081501,False,ok
120,2024-03-16 08:00:00,2024-03-16 10:00:00,3.5,3.871733744939168,False,ok
120,2024-04-23 04:30:00,2024-04-23 06:30:00,2120.0,7.699999809265137,True,ok
120,2024-04-23 07:24:00,2024-04-23 09:24:00,34.0,7.699999809265137,True,ok
120,2024-04-23 08:00:00,2024-04-23 10:00:00,107.0,7.699999809265137,True,ok
120,2024-04-23 11:21:00,2024-04-23 13:21:00,6.800000190734863,24.287625471750893,False,ok
120,2024-04-23 14:33:00,2024-04-23 16:33:00,5.0,3.1113632520039896,False,ok
120,2024-04-24 00:00:00,2024-04-24 02:00:00,3.200000047683716,6.573448737462361,False,ok
120,2024-04-24 08:00:00,2024-04-24 10:00:00,3.799999952316284,10.627708991368612,False,ok
120,2024-04-24 13:00:00,2024-04-24 15:00:00,7.599999904632568,17.958015998204548,False,ok
120,2024-04-25 08:00:00,2024-04-25 10:00:00,6.800000190734863,8.41976221402486,False,ok
120,2024-04-26 08:00:00,2024-04-26 10:00:00,5.900000095367432,6.944677710533142,False,ok
120,2024-04-26 14:00:00,2024-04-26 16:00:00,6.599999904632568,12.775357166926067,False,ok
120,2024-04-26 15:00:00,2024-04-26 17:00:00,4.5,16.53208724657695,False,ok
120,2024-04-26 18:00:00,2024-04-26 20:00:00,4.300000190734863,5.992777268091838,False,ok
120,2024-04-27 08:00:00,2024-04-27 10:00:00,3.5,4.606436928113302,False,ok
120,2024-04-27 21:00:00,2024-04-27 23:00:00,6.900000095367432,6.784929831822714,False,ok
120,2024-04-28 08:00:00,2024-04-28 10:00:00,8.899999618530273,6.3211017449696865,False,ok
120,2024-04-29 08:00:00,2024-04-29 10:00:00,7.5,7.127221981684367,False,ok
120,2024-04-30 08:00:00,2024-04-30 10:00:00,6.599999904632568,6.564943234125773,False,ok
120,2024-05-01 08:00:00,2024-05-01 10:00:00,6.099999904632568,7.573131203651428,False,ok
120,2024-05-02 08:00:00,2024-05-02 10:00:00,7.599999904632568,6.855221390724182,False,ok
120,2024-05-03 08:00:00,2024-05-03 10:00:00,8.600000381469727,7.145141243934631,False,ok
120,2024-05-04 01:00:00,2024-05-04 03:00:00,4.0,23.66126406192779,False,ok
120,2024-05-04 04:00:00,2024-05-04 06:00:00,2.5999999046325684,1.7107206583023076,False,ok
120,2024-05-04 08:00:00,2024-05-04 10:00:00,5.5,4.82122814655304,False,ok
120,2024-05-04 20:00:00,2024-05-04 22:00:00,8.899999618530273,8.002627213795982,False,ok
120,2024-05-05 08:00:00,2024-05-05 10:00:00,7.900000095367432,7.108065525690714,False,ok
120,2024-05-06 08:00:00,2024-05-06 10:00:00,7.5,6.349290529886883,False,ok
120,2024-05-07 08:00:00,2024-05-07 10:00:00,6.0,6.32837176322937,False,ok
120,2024-05-08 08:00:00,2024-05-08 10:00:00,8.300000190734863,8.168574571609497,False,ok
120,2024-05-09 08:00:00,2024-05-09 10:00:00,7.599999904632568,6.795887966950735,False,ok
120,2024-05-10 08:00:00,2024-05-10 10:00:00,7.0,5.721600075562795,False,ok
120,2024-05-11 08:00:00,2024-05-11 10:00:00,8.699999809265137,7.376086493333181,False,ok
120,2024-05-12 08:00:00,2024-05-12 10:00:00,7.099999904632568,6.854137023289998,False,ok
120,2024-05-13 08:00:00,2024-05-13 10:00:00,8.600000381469727,7.975578506787617,False,ok
120,2024-05-13 12:02:00,2024-05-13 14:02:00,5.699999809265137,5.4731342395146685,False,ok
120,2024-05-14 08:00:00,2024-05-14 10:00:00,7.400000095367432,6.774687488873799,False,ok
120,2024-05-15 08:00:00,2024-05-15 10:00:00,6.900000095367432,8.350190361340841,False,ok
120,2024-05-16 08:00:00,2024-05-16 10:00:00,7.199999809265137,5.33756403128306,False,ok
120,2024-05-17 08:00:00,2024-05-17 10:00:00,6.5,9.236068487167358,False,ok
120,2024-05-18 08:00:00,2024-05-18 10:00:00,7.599999904632568,7.826138257980345,False,ok
120,2024-05-19 08:00:00,2024-05-19 10:00:00,8.899999618530273,6.97670328617096,False,ok
120,2024-05-20 07:20:00,2024-05-20 09:20:00,6.699999809265137,6.479253411293031,False,ok
120,2024-05-20 15:00:00,2024-05-20 17:00:00,6.900000095367432,5.711909731229147,False,ok
120,2024-05-20 20:00:00,2024-05-20 22:00:00,7.0,4.683427770932516,False,ok
120,2024-05-21 08:00:00,2024-05-21 10:00:00,5.800000190734863,6.597509026527406,False,ok
120,2024-05-22 08:00:00,2024-05-22 10:00:00,7.900000095367432,7.385631203651429,False,ok
120,2024-05-23 08:00:00,2024-05-23 10:00:00,8.600000381469727,8.139810999234522,False,ok
120,2024-05-24 08:00:00,2024-05-24 10:00:00,6.300000190734863,8.059282263120018,False,ok
120,2024-05-25 08:00:00,2024-05-25 10:00:00,7.0,7.821621855099996,False,ok
120,2024-05-26 08:00:00,2024-05-26 10:00:00,8.5,9.435626943906149,False,ok
120,2024-05-27 08:00:00,2024-05-27 10:00:00,5.0,7.734252889951072,False,ok
120,2024-05-28 08:00:00,2024-05-28 10:00:00,5.900000095367432,5.697868386904399,False,ok
120,2024-05-29 08:00:00,2024-05-29 10:00:00,6.099999904632568,4.737904191017151,False,ok
120,2024-05-30 08:00:00,2024-05-30 10:00:00,6.300000190734863,5.426667928695679,False,ok
120,2024-05-31 08:00:00,2024-05-31 10:00:00,8.5,7.92301869392395,False,ok
120,2024-06-01 08:00:00,2024-06-01 10:00:00,7.800000190734863,6.906417608261108,False,ok
120,2024-06-02 08:00:00,2024-06-02 10:00:00,6.300000190734863,7.522277553876242,False,ok
120,2024-06-03 08:00:00,2024-06-03 10:00:00,9.600000381469728,7.506553530693056,False,ok
120,2024-06-04 08:00:00,2024-06-04 10:00:00,5.900000095367432,5.283813198407492,False,ok
120,2024-06-05 08:00:00,2024-06-05 10:00:00,9.699999809265137,8.297642270723978,False,ok
120,2024-06-06 08:00:00,2024-06-06 10:00:00,8.399999618530273,8.142015973726911,False,ok
120,2024-06-07 06:20:00,2024-06-07 08:20:00,9.699999809265137,8.55740276972453,False,ok
120,2024-06-08 08:00:00,2024-06-08 10:00:00,9.5,7.901046435038248,False,ok
120,2024-06-09 08:00:00,2024-06-09 10:00:00,9.100000381469728,9.12703490257263,False,ok
120,2024-06-10 08:00:00,2024-06-10 10:00:00,8.300000190734863,9.058112184206642,False,ok
120,2024-06-11 08:00:00,2024-06-11 10:00:00,8.5,9.081798593203226,False,ok
120,2024-06-12 08:00:00,2024-06-12 10:00:00,9.800000190734863,7.89935004711151,False,ok
120,2024-06-13 08:00:00,2024-06-13 10:00:00,8.800000190734863,7.508840958277383,False,ok
120,2024-06-14 08:00:00,2024-06-14 10:00:00,8.800000190734863,9.174641489982603,False,ok
120,2024-06-15 08:00:00,2024-06-15 10:00:00,9.300000190734863,10.186321139335632,False,ok
120,2024-06-16 08:00:00,2024-06-16 10:00:00,9.5,9.731581807136534,False,ok
120,2024-06-17 08:00:00,2024-06-17 10:00:00,8.800000190734863,9.269239544868473,False,ok
120,2024-06-18 08:00:00,2024-06-18 10:00:00,9.5,9.871873140335085,False,ok
120,2024-06-19 08:00:00,2024-06-19 10:00:00,9.399999618530272,9.663835565249125,False,ok
120,2024-06-20 08:00:00,2024-06-20 10:00:00,8.899999618530273,8.501946846644083,False,ok
120,2024-06-21 07:30:00,2024-06-21 09:30:00,6.800000190734863,8.77965966860453,False,ok
120,2024-06-22 08:00:00,2024-06-22 10:00:00,7.699999809265137,8.302972237269083,False,ok
120,2024-06-23 08:00:00,2024-06-23 10:00:00,9.100000381469728,8.849582274754841,False,ok
120,2024-06-24 08:00:00,2024-06-24 10:00:00,8.699999809265137,8.680954535802206,False,ok
120,2024-06-25 10:00:00,2024-06-25 12:00:00,7.599999904632568,8.359774192174278,False,ok
120,2024-06-26 08:00:00,2024-06-26 10:00:00,8.899999618530273,8.694345633188885,False,ok
120,2024-06-27 08:00:00,2024-06-27 10:00:00,9.399999618530272,7.341245253880819,False,ok
120,2024-06-28 08:00:00,2024-06-28 10:00:00,9.300000190734863,8.377347548802694,False,ok
120,2024-06-29 08:00:00,2024-06-29 10:00:00,8.300000190734863,8.484750986099243,False,ok
120,2024-06-30 08:00:00,2024-06-30 10:00:00,8.800000190734863,8.412251154581709,False,ok
120,2024-07-01 08:00:00,2024-07-01 10:00:00,8.5,9.114137331644692,False,ok
120,2024-07-02 08:00:00,2024-07-02 10:00:00,9.699999809265137,9.42450797557831,False,ok
120,2024-07-03 08:00:00,2024-07-03 10:00:00,9.300000190734863,11.890522360801697,False,ok
120,2024-07-04 08:00:00,2024-07-04 10:00:00,10.100000381469728,10.4361447095871,False,ok
120,2024-07-05 08:00:00,2024-07-05 10:00:00,10.100000381469728,6.4880566994349165,False,ok
120,2024-07-06 08:00:00,2024-07-06 10:00:00,8.899999618530273,10.145542661348982,False,ok
120,2024-07-07 08:00:00,2024-07-07 10:00:00,8.800000190734863,7.95375895500183,False,ok
120,2024-07-08 08:00:00,2024-07-08 10:00:00,7.5,8.67050580183665,False,ok
120,2024-07-09 08:00:00,2024-07-09 10:00:00,9.399999618530272,9.319332361221312,False,ok
120,2024-07-10 08:00:00,2024-07-10 10:00:00,9.300000190734863,7.919344782829285,False,ok
120,2024-07-11 08:00:00,2024-07-11 10:00:00,10.800000190734863,9.04668203989665,False,ok
120,2024-07-11 14:00:00,2024-07-11 16:00:00,7.099999904632568,7.2287438710530605,False,ok
120,2024-07-12 08:00:00,2024-07-12 10:00:00,6.5,8.126604715983076,False,ok
120,2024-07-13 08:00:00,2024-07-13 10:00:00,8.5,9.305313746134445,False,ok
120,2024-07-14 08:00:00,2024-07-14 10:00:00,7.099999904632568,8.816299120585123,False,ok
120,2024-07-15 08:00:00,2024-07-15 10:00:00,6.800000190734863,9.419881900151571,False,ok
120,2024-07-16 08:00:00,2024-07-16 10:00:00,6.199999809265137,8.28273876508077,False,ok
120,2024-07-17 08:00:00,2024-07-17 10:00:00,8.800000190734863,9.788551012674963,False,ok
120,2024-07-18 08:00:00,2024-07-18 10:00:00,6.699999809265137,8.579741398493448,False,ok
120,2024-07-19 08:00:00,2024-07-19 10:00:00,8.600000381469727,8.138813098271688,False,ok
120,2024-07-20 08:00:00,2024-07-20 10:00:00,10.399999618530272,7.336937030156452,False,ok
120,2024-07-21 08:00:00,2024-07-21 10:00:00,7.900000095367432,6.929572184880575,False,ok
120,2024-07-22 08:00:00,2024-07-22 10:00:00,8.800000190734863,6.909835735956826,False,ok
120,2024-07-23 08:00:00,2024-07-23 10:00:00,8.0,8.272227923075357,False,ok
120,2024-07-24 08:00:00,2024-07-24 10:00:00,6.599999904632568,8.560627619425457,False,ok
120,2024-07-25 08:00:00,2024-07-25 10:00:00,7.5,7.1888538996378575,False,ok
120,2024-07-26 08:00:00,2024-07-26 10:00:00,8.399999618530273,7.736068606376648,False,ok
120,2024-07-27 08:00:00,2024-07-27 10:00:00,9.300000190734863,7.938715696334837,False,ok
120,2024-07-28 08:00:00,2024-07-28 10:00:00,6.599999904632568,8.60212500890096,False,ok
120,2024-07-29 08:00:00,2024-07-29 10:00:00,7.0,8.589419205983477,False,ok
120,2024-07-30 08:00:00,2024-07-30 10:00:00,8.199999809265137,8.946805119514465,False,ok
120,2024-07-31 07:00:00,2024-07-31 09:00:00,8.100000381469727,7.880219578742979,False,ok
120,2024-08-01 08:00:00,2024-08-01 10:00:00,7.400000095367432,7.797993501027424,False,ok
120,2024-08-02 08:00:00,2024-08-02 10:00:00,7.400000095367432,6.946374535560608,False,ok
120,2024-08-03 08:00:00,2024-08-03 10:00:00,10.100000381469728,8.115204930305483,False,ok
120,2024-08-03 21:00:00,2024-08-03 23:00:00,8.399999618530273,7.402309656143188,False,ok
120,2024-08-04 08:00:00,2024-08-04 10:00:00,10.100000381469728,8.613875627517698,False,ok
120,2024-08-05 08:00:00,2024-08-05 10:00:00,7.400000095367432,8.722020228703816,False,ok
120,2024-08-06 08:00:00,2024-08-06 10:00:00,7.0,7.4765708446502686,False,ok
120,2024-08-07 08:00:00,2024-08-07 10:00:00,8.0,8.26243567466736,False,ok
120,2024-08-08 08:00:00,2024-08-08 10:00:00,9.699999809265137,8.705035607020061,False,ok
120,2024-08-09 08:00:00,2024-08-09 10:00:00,7.699999809265137,7.89015809694926,False,ok
120,2024-08-10 08:00:00,2024-08-10 10:00:00,6.199999809265137,7.305149873097738,False,ok
120,2024-08-11 08:00:00,2024-08-11 10:00:00,8.0,7.762226899464927,False,ok
120,2024-08-12 08:00:00,2024-08-12 10:00:00,7.400000095367432,5.367364724477133,False,ok
120,2024-08-13 08:00:00,2024-08-13 10:00:00,8.0,7.298357804616294,False,ok
120,2024-08-14 08:00:00,2024-08-14 10:00:00,7.400000095367432,7.0246639251708975,False,ok
120,2024-08-15 08:00:00,2024-08-15 10:00:00,9.0,7.678818702697755,False,ok
120,2024-08-16 08:00:00,2024-08-16 10:00:00,8.100000381469727,7.491726954778035,False,ok
120,2024-08-17 08:00:00,2024-08-17 10:00:00,6.699999809265137,8.07469280560811,False,ok
120,2024-08-18 08:00:00,2024-08-18 10:00:00,6.699999809265137,9.634899218877154,False,ok
120,2024-08-19 08:00:00,2024-08-19 10:00:00,8.5,7.977922956148784,False,ok
120,2024-08-20 08:00:00,2024-08-20 10:00:00,8.699999809265137,7.994235197703046,False,ok
120,2024-08-21 08:00:00,2024-08-21 10:00:00,6.800000190734863,8.356212695439657,False,ok
120,2024-08-22 08:00:00,2024-08-22 10:00:00,9.0,4.679248491923015,False,ok
120,2024-08-23 08:00:00,2024-08-23 10:00:00,6.5,4.232299566268921,False,ok
120,2024-08-24 08:00:00,2024-08-24 10:00:00,8.300000190734863,8.671707471211752,False,ok
120,2024-08-25 08:00:00,2024-08-25 10:00:00,7.5,7.304216464360555,False,ok
120,2024-08-26 08:00:00,2024-08-26 10:00:00,6.099999904632568,9.002811749776207,False,ok
120,2024-08-27 08:00:00,2024-08-27 10:00:00,17.299999237060547,9.608236749966938,False,ok
120,2024-08-27 12:00:00,2024-08-27 14:00:00,8.0,9.223715265591938,False,ok
120,2024-08-28 08:00:00,2024-08-28 10:00:00,6.900000095367432,7.941581090291341,False,ok
120,2024-08-29 07:30:00,2024-08-29 09:30:00,7.0,6.87250256538391,False,ok
120,2024-08-30 08:00:00,2024-08-30 10:00:00,5.800000190734863,8.600766102472939,False,ok
120,2024-08-31 08:00:00,2024-08-31 10:00:00,7.0,7.698992649714151,False,ok
120,2024-09-01 02:00:00,2024-09-01 04:00:00,7.099999904632568,11.482985138893127,False,ok
120,2024-09-02 22:00:00,2024-09-03 00:00:00,5.900000095367432,6.999999999999999,True,ok
120,2024-09-03 08:00:00,2024-09-03 10:00:00,5.0,2.6319042841593427,False,ok
120,2024-09-04 08:00:00,2024-09-04 10:00:00,12.100000381469728,11.78870741526286,False,ok
120,2024-09-05 08:00:00,2024-09-05 10:00:00,6.099999904632568,8.598380247751875,False,ok
120,2024-09-06 08:00:00,2024-09-06 10:00:00,4.0,5.296088854471844,False,ok
120,2024-09-06 22:00:00,2024-09-07 00:00:00,19.5,23.137300491333004,False,ok
120,2024-09-07 00:00:00,2024-09-07 02:00:00,7.599999904632568,5.900000095367432,True,ok
120,2024-09-07 08:00:00,2024-09-07 10:00:00,7.199999809265137,7.496398766835529,False,ok
120,2024-09-08 08:00:00,2024-09-08 10:00:00,7.5,5.691261132558186,False,ok
120,2024-09-09 08:00:00,2024-09-09 10:00:00,6.900000095367432,4.990125974019368,False,ok
120,2024-09-10 09:30:00,2024-09-10 11:30:00,6.800000190734863,9.723544120788572,False,ok
120,2024-09-11 08:00:00,2024-09-11 10:00:00,4.5,6.790630857149759,False,ok
120,2024-09-11 18:00:00,2024-09-11 20:00:00,12.0,3.9125824371973663,False,ok
120,2024-09-12 08:00:00,2024-09-12 10:00:00,6.099999904632568,5.630717317263285,False,ok
120,2024-09-13 09:00:00,2024-09-13 11:00:00,7.199999809265137,7.351851105690002,False,ok
120,2024-09-13 20:00:00,2024-09-13 22:00:00,7.5,6.432738979657492,False,ok
120,2024-09-14 08:00:00,2024-09-14 10:00:00,4.5,4.865668416023254,False,ok
120,2024-09-14 16:30:00,2024-09-14 18:30:00,3.299999952316284,3.5297771692276,False,ok
120,2024-09-15 08:00:00,2024-09-15 10:00:00,5.300000190734863,4.686402916908264,False,ok
120,2024-09-16 08:00:00,2024-09-16 10:00:00,6.699999809265137,5.397457242012024,False,ok
120,2024-09-16 16:00:00,2024-09-16 18:00:00,5.300000190734863,4.573457837104797,False,ok
120,2024-09-17 08:00:00,2024-09-17 10:00:00,4.900000095367432,4.634380022684733,False,ok
120,2024-09-18 08:00:00,2024-09-18 10:00:00,6.699999809265137,9.383439739545183,False,ok
120,2024-09-19 08:00:00,2024-09-19 10:00:00,4.699999809265137,6.805364966392517,False,ok
120,2024-09-20 08:00:00,2024-09-20 10:00:00,6.900000095367432,7.772900938987734,False,ok
120,2024-09-21 10:00:00,2024-09-21 12:00:00,5.699999809265137,7.046391089757283,False,ok
120,2024-09-22 08:00:00,2024-09-22 10:00:00,3.799999952316284,3.629234989484151,False,ok
120,2024-09-23 08:00:00,2024-09-23 10:00:00,4.900000095367432,4.1411289771397914,False,ok
120,2024-09-24 08:00:00,2024-09-24 10:00:00,6.800000190734863,8.955263574918114,False,ok
120,2024-09-25 08:00:00,2024-09-25 10:00:00,9.199999809265137,10.038664301236471,False,ok
120,2024-09-26 08:00:00,2024-09-26 10:00:00,6.699999809265137,7.653784036636353,False,ok
120,2024-09-27 08:00:00,2024-09-27 10:00:00,7.599999904632568,7.714867035547892,False,ok
120,2024-09-28 02:31:00,2024-09-28 04:31:00,6.099999904632568,1.8127934137980144,False,ok
120,2024-09-28 08:00:00,2024-09-28 10:00:00,4.900000095367432,9.524579445521036,False,ok
120,2024-09-29 08:00:00,2024-09-29 10:00:00,6.199999809265137,6.153427600860596,False,ok
120,2024-09-30 08:00:00,2024-09-30 10:00:00,8.899999618530273,9.028213977813722,False,ok
120,2024-10-01 08:00:00,2024-10-01 10:00:00,7.800000190734863,7.505847136179605,False,ok
120,2024-10-02 08:00:00,2024-10-02 10:00:00,9.5,7.873995105425515,False,ok
120,2024-10-03 08:00:00,2024-10-03 10:00:00,9.399999618530272,6.592387994130452,False,ok
120,2024-10-04 08:00:00,2024-10-04 10:00:00,7.300000190734863,8.21922711531321,False,ok
120,2024-10-05 08:00:00,2024-10-05 10:00:00,10.0,8.819265643755596,False,ok
120,2024-10-06 08:00:00,2024-10-06 10:00:00,7.800000190734863,9.597321073214212,False,ok
120,2024-10-07 08:00:00,2024-10-07 10:00:00,8.0,7.490821917851766,False,ok
120,2024-10-08 08:00:00,2024-10-08 10:00:00,7.699999809265137,7.088201681772868,False,ok
120,2024-10-09 08:00:00,2024-10-09 10:00:00,9.5,7.398470044136047,False,ok
120,2024-10-10 08:00:00,2024-10-10 10:00:00,9.199999809265137,8.446744084358217,False,ok
120,2024-10-11 08:00:00,2024-10-11 10:00:00,7.800000190734863,8.12504545847575,False,ok
120,2024-10-12 08:00:00,2024-10-12 10:00:00,8.699999809265137,9.018089572588604,False,ok
120,2024-10-13 08:00:00,2024-10-13 10:00:00,8.0,9.024992823600767,False,ok
120,2024-10-14 08:00:00,2024-10-14 10:00:00,9.0,9.531588435173031,False,ok
120,2024-10-15 08:00:00,2024-10-15 10:00:00,9.199999809265137,6.720155119895935,False,ok
120,2024-10-16 08:00:00,2024-10-16 10:00:00,9.699999809265137,8.889193415641786,False,ok
120,2024-10-17 08:00:00,2024-10-17 10:00:00,5.300000190734863,13.031195521354675,False,ok
120,2024-10-18 08:00:00,2024-10-18 10:00:00,12.0,6.7712844610214225,False,ok
120,2024-10-18 12:00:00,2024-10-18 14:00:00,5.599999904632568,7.567782282829284,False,ok
120,2024-10-19 08:00:00,2024-10-19 10:00:00,9.699999809265137,10.68333319822947,False,ok
120,2024-10-20 08:00:00,2024-10-20 10:00:00,8.100000381469727,6.671558737754823,False,ok
120,2024-10-21 08:00:00,2024-10-21 10:00:00,7.599999904632568,7.582877834637961,False,ok
120,2024-10-22 08:00:00,2024-10-22 10:00:00,6.699999809265137,10.565821448961891,False,ok
120,2024-10-23 08:00:00,2024-10-23 10:00:00,6.0,7.619207779566449,False,ok
120,2024-10-24 08:00:00,2024-10-24 10:00:00,9.600000381469728,8.140676259994507,False,ok
120,2024-10-25 08:00:00,2024-10-25 10:00:00,7.800000190734863,8.976221323013304,False,ok
120,2024-10-26 08:00:00,2024-10-26 10:00:00,5.400000095367432,9.548293352127075,False,ok
120,2024-10-27 08:00:00,2024-10-27 10:00:00,9.100000381469728,10.263930559158323,False,ok
120,2024-10-28 08:00:00,2024-10-28 10:00:00,10.699999809265137,10.23324465751648,False,ok
120,2024-10-28 14:34:18,2024-10-28 16:34:18,7.400000095367432,10.164779901504517,False,ok
120,2024-10-29 08:00:00,2024-10-29 10:00:00,9.399999618530272,8.05065898100535,False,ok
120,2024-10-30 08:00:00,2024-10-30 10:00:00,11.0,9.484706560770668,False,ok
120,2024-10-31 08:00:00,2024-10-31 10:00:00,10.199999809265137,8.107417861620585,False,ok
120,2024-10-31 14:30:00,2024-10-31 16:30:00,11.600000381469728,8.540759364763895,False,ok
120,2024-10-31 21:00:00,2024-10-31 23:00:00,9.800000190734863,7.947991132736205,False,ok
120,2024-11-01 02:00:00,2024-11-01 04:00:00,8.399999618530273,8.22893023490906,False,ok
120,2024-11-01 08:00:00,2024-11-01 10:00:00,7.300000190734863,7.750982443491616,False,ok
120,2024-11-01 18:00:00,2024-11-01 20:00:00,8.399999618530273,6.3390714327494315,False,ok
120,2024-11-02 08:00:00,2024-11-02 10:00:00,9.600000381469728,10.573413173357649,False,ok
120,2024-11-03 08:00:00,2024-11-03 10:00:00,9.300000190734863,9.563281337420149,False,ok
120,2024-11-04 08:00:00,2024-11-04 10:00:00,9.600000381469728,9.955973307291668,False,ok
120,2024-11-05 08:00:00,2024-11-05 10:00:00,9.600000381469728,8.906757036844889,False,ok
120,2024-11-06 08:00:00,2024-11-06 10:00:00,5.699999809265137,6.335805892944337,False,ok
120,2024-11-07 08:00:00,2024-11-07 10:00:00,7.800000190734863,9.534440159797668,False,ok
120,2024-11-08 08:00:00,2024-11-08 10:00:00,10.600000381469728,10.104685823122662,False,ok
120,2024-11-08 14:00:00,2024-11-08 16:00:00,7.300000190734863,8.335421005884807,False,ok
120,2024-11-09 08:00:00,2024-11-09 10:00:00,9.699999809265137,8.674880186716717,False,ok
120,2024-11-10 08:00:00,2024-11-10 10:00:00,13.5,12.158796310424805,False,ok
120,2024-11-12 08:00:00,2024-11-12 10:00:00,8.199999809265137,10.681733131408691,False,ok
120,2024-11-13 08:00:00,2024-11-13 10:00:00,5.699999809265137,9.209345976511637,False,ok
120,2024-11-14 08:00:00,2024-11-14 10:00:00,6.400000095367432,8.036829153696697,False,ok
120,2024-11-15 08:00:00,2024-11-15 10:00:00,8.699999809265137,10.156365871429443,False,ok
120,2024-11-16 08:00:00,2024-11-16 10:00:00,8.5,8.25838760534922,False,ok
120,2024-11-17 08:00:00,2024-11-17 10:00:00,7.199999809265137,8.895822445551556,False,ok
120,2024-11-18 08:00:00,2024-11-18 10:00:00,7.699999809265137,7.158734877904256,False,ok
120,2024-11-19 09:00:00,2024-11-19 11:00:00,5.900000095367432,12.291988134384155,False,ok
120,2024-11-20 08:00:00,2024-11-20 10:00:00,7.099999904632568,7.646619121233623,False,ok
120,2024-11-21 08:00:00,2024-11-21 10:00:00,8.5,8.823770801226296,False,ok
120,2024-11-22 08:00:00,2024-11-22 10:00:00,8.0,8.443400263786312,False,ok
120,2024-11-23 08:00:00,2024-11-23 10:00:00,7.099999904632568,7.787282824516297,False,ok
120,2024-11-24 08:00:00,2024-11-24 10:00:00,7.5,6.938869833946227,False,ok
120,2024-11-25 08:00:00,2024-11-25 10:00:00,7.199999809265137,8.85537898540497,False,ok
120,2024-11-26 08:00:00,2024-11-26 10:00:00,7.300000190734863,7.812525908152263,False,ok
120,2024-11-27 08:00:00,2024-11-27 10:00:00,8.100000381469727,8.043048977851864,False,ok
120,2024-11-28 08:00:00,2024-11-28 10:00:00,8.899999618530273,8.972607016563416,False,ok
120,2024-11-29 08:00:00,2024-11-29 10:00:00,7.800000190734863,7.646595637003581,False,ok
120,2024-11-30 08:00:00,2024-11-30 10:00:00,6.5,6.167228698730469,False,ok
120,2024-12-01 08:00:00,2024-12-01 10:00:00,6.0,7.55577850341797,False,ok
120,2024-12-02 08:00:00,2024-12-02 10:00:00,6.900000095367432,8.346290270487469,False,ok
120,2024-12-03 08:00:00,2024-12-03 10:00:00,7.0,5.115256468454997,False,ok
120,2024-12-04 08:00:00,2024-12-04 10:00:00,7.300000190734863,5.840800921122234,False,ok
120,2024-12-05 08:00:00,2024-12-05 10:00:00,6.5,6.83533501625061,False,ok
120,2024-12-06 08:00:00,2024-12-06 10:00:00,7.900000095367432,9.714159727096554,False,ok
120,2024-12-07 08:00:00,2024-12-07 10:00:00,6.5,7.749651670455933,False,ok
120,2024-12-07 14:39:56,2024-12-07 16:39:56,9.300000190734863,10.873367706934612,False,ok
120,2024-12-08 08:00:00,2024-12-08 10:00:00,8.5,7.91881020863851,False,ok
120,2024-12-09 08:00:00,2024-12-09 10:00:00,5.0,6.098448117574057,False,ok
120,2024-12-10 08:00:00,2024-12-10 10:00:00,7.900000095367432,12.108787020047505,False,ok
120,2024-12-10 14:00:00,2024-12-10 16:00:00,7.300000190734863,10.497458895047506,False,ok
120,2024-12-11 08:00:00,2024-12-11 10:00:00,8.0,8.489386041959127,False,ok
120,2024-12-12 08:00:00,2024-12-12 10:00:00,5.300000190734863,7.270391424496968,False,ok
120,2024-12-13 08:00:00,2024-12-13 10:00:00,7.5,4.729970216751099,False,ok
120,2024-12-14 08:00:00,2024-12-14 10:00:00,9.600000381469728,6.280861496925353,False,ok
120,2024-12-15 08:00:00,2024-12-15 10:00:00,8.5,10.001069664955136,False,ok
120,2024-12-16 08:00:00,2024-12-16 10:00:00,6.099999904632568,4.168295621871948,False,ok
120,2024-12-17 08:00:00,2024-12-17 10:00:00,11.300000190734863,5.263910333315531,False,ok
120,2024-12-17 15:00:00,2024-12-17 17:00:00,7.400000095367432,8.864980260531107,False,ok
120,2024-12-18 08:00:00,2024-12-18 10:00:00,8.0,11.593630631764729,False,ok
120,2024-12-19 08:00:00,2024-12-19 10:00:00,8.5,10.578164895375568,False,ok
120,2024-12-20 08:00:00,2024-12-20 10:00:00,11.300000190734863,10.51558764775594,False,ok
120,2024-12-20 21:41:32,2024-12-20 23:41:32,13.100000381469728,12.916621168454483,False,ok
120,2024-12-22 08:00:00,2024-12-22 10:00:00,9.699999809265137,8.68000861008962,False,ok
120,2024-12-23 08:00:00,2024-12-23 10:00:00,7.099999904632568,6.872625311215718,False,ok
120,2024-12-24 08:00:00,2024-12-24 10:00:00,8.699999809265137,9.272830923398333,False,ok
120,2024-12-25 08:00:00,2024-12-25 10:00:00,8.5,7.114171783129375,False,ok
120,2024-12-26 08:00:00,2024-12-26 10:00:00,7.699999809265137,7.697020371754966,False,ok
120,2024-12-27 08:00:00,2024-12-27 10:00:00,8.300000190734863,8.626244942347212,False,ok
120,2024-12-28 08:00:00,2024-12-28 10:00:00,9.300000190734863,8.275476415952046,False,ok
120,2024-12-29 08:00:00,2024-12-29 10:00:00,8.100000381469727,7.899672547976174,False,ok
120,2024-12-30 08:00:00,2024-12-30 10:00:00,6.400000095367432,8.292692621548968,False,ok
120,2024-12-31 02:50:00,2024-12-31 04:50:00,2.0999999046325684,11.126583576202393,False,ok
120,2024-12-31 08:00:00,2024-12-31 10:00:00,2.700000047683716,4.260113954544067,False,ok
180,2024-01-01 07:00:00,2024-01-01 10:00:00,10.800000190734863,7.705913345019022,False,ok
180,2024-01-01 19:00:00,2024-01-01 22:00:00,8.300000190734863,5.0676615635554,False,ok
180,2024-01-02 07:00:00,2024-01-02 10:00:00,9.5,6.678226272265116,False,ok
180,2024-01-03 07:00:00,2024-01-03 10:00:00,7.199999809265137,7.659266789754232,False,ok
180,2024-01-04 07:00:00,2024-01-04 10:00:00,8.899999618530273,8.300000190734863,True,ok
180,2024-01-05 07:00:00,2024-01-05 10:00:00,6.099999904632568,7.362524310747784,False,ok
180,2024-01-06 07:00:00,2024-01-06 10:00:00,6.900000095367432,10.546285669008892,False,ok
180,2024-01-07 07:00:00,2024-01-07 10:00:00,3.200000047683716,5.261133670806885,False,ok
180,2024-01-08 09:00:00,2024-01-08 12:00:00,12.600000381469728,4.13692589600881,False,ok
180,2024-01-08 11:00:00,2024-01-08 14:00:00,1.0,25.47174521287282,False,ok
180,2024-01-08 13:00:00,2024-01-08 16:00:00,2.0,4.978443344434103,False,ok
180,2024-01-09 07:00:00,2024-01-09 10:00:00,6.0,5.642379355927308,False,ok
180,2024-01-10 07:00:00,2024-01-10 10:00:00,9.199999809265137,12.407072953879831,False,ok
180,2024-01-11 07:00:00,2024-01-11 10:00:00,4.699999809265137,5.697138845920563,False,ok
180,2024-01-12 07:00:00,2024-01-12 10:00:00,6.800000190734863,5.022711316744487,False,ok
180,2024-01-13 07:00:00,2024-01-13 10:00:00,3.5,4.741984407107036,False,ok
180,2024-01-13 20:00:00,2024-01-13 23:00:00,3.4000000953674316,7.230667153994243,False,ok
180,2024-01-14 07:00:00,2024-01-14 10:00:00,4.099999904632568,6.36956000328064,False,ok
180,2024-01-15 07:00:00,2024-01-15 10:00:00,2.299999952316284,4.803392926851909,False,ok
180,2024-01-16 07:00:00,2024-01-16 10:00:00,6.300000190734863,7.998583356539408,False,ok
180,2024-01-16 17:30:00,2024-01-16 20:30:00,4.199999809265137,3.0171741644541425,False,ok
180,2024-01-17 07:00:00,2024-01-17 10:00:00,5.099999904632568,7.090547005335488,False,ok
180,2024-01-18 07:00:00,2024-01-18 10:00:00,5.900000095367432,5.6393922964731855,False,ok
180,2024-01-19 07:00:00,2024-01-19 10:00:00,8.199999809265137,6.548818985621134,False,ok
180,2024-01-19 20:45:00,2024-01-19 23:45:00,12.800000190734863,5.633460561434427,False,ok
180,2024-01-20 07:00:00,2024-01-20 10:00:00,7.300000190734863,9.889934023221336,False,ok
180,2024-01-20 19:00:00,2024-01-20 22:00:00,6.599999904632568,4.75533672173818,False,ok
180,2024-01-21 07:00:00,2024-01-21 10:00:00,10.100000381469728,3.2475512425104776,False,ok
180,2024-01-21 19:00:00,2024-01-21 22:00:00,5.800000190734863,6.45749048391978,False,ok
180,2024-01-22 07:00:00,2024-01-22 10:00:00,7.0,5.507061044375102,False,ok
180,2024-01-23 07:00:00,2024-01-23 10:00:00,9.600000381469728,7.754295269648234,False,ok
180,2024-01-24 07:00:00,2024-01-24 10:00:00,8.5,8.526862859725952,False,ok
180,2024-01-25 07:00:00,2024-01-25 10:00:00,10.199999809265137,8.527910788853964,False,ok
180,2024-01-26 07:00:00,2024-01-26 10:00:00,8.899999618530273,7.981056769688925,False,ok
180,2024-01-27 07:00:00,2024-01-27 10:00:00,9.0,8.550893863042196,False,ok
180,2024-01-28 07:00:00,2024-01-28 10:00:00,9.899999618530272,7.745974620183309,False,ok
180,2024-01-29 07:00:00,2024-01-29 10:00:00,9.600000381469728,7.991921305656432,False,ok
180,2024-01-30 07:00:00,2024-01-30 10:00:00,7.599999904632568,4.968985040982562,False,ok
180,2024-01-30 11:07:00,2024-01-30 14:07:00,20.600000381469727,6.780209501584371,False,ok
180,2024-01-30 13:25:00,2024-01-30 16:25:00,4.400000095367432,15.503663976987204,False,ok
180,2024-01-30 19:30:00,2024-01-30 22:30:00,1.0,4.526479283968609,False,ok
180,2024-01-31 07:00:00,2024-01-31 10:00:00,3.299999952316284,7.59999990463257,True,ok
180,2024-01-31 12:00:00,2024-01-31 15:00:00,2.9000000953674316,7.598049441973368,False,ok
180,2024-02-01 07:00:00,2024-02-01 10:00:00,7.300000190734863,8.632817427317303,False,ok
180,2024-02-01 19:30:00,2024-02-01 22:30:00,6.300000190734863,12.996628383795418,False,ok
180,2024-02-01 23:00:00,2024-02-02 02:00:00,19.100000381469727,3.648239473501841,False,ok
180,2024-02-02 04:00:00,2024-02-02 07:00:00,11.600000381469728,10.945788959662115,False,ok
180,2024-02-02 07:00:00,2024-02-02 10:00:00,5.300000190734863,16.69517030318578,False,ok
180,2024-02-03 07:00:00,2024-02-03 10:00:00,7.300000190734863,6.16411336263021,False,ok
180,2024-02-04 07:00:00,2024-02-04 10:00:00,6.900000095367432,7.799848874409993,False,ok
180,2024-02-05 07:00:00,2024-02-05 10:00:00,9.300000190734863,8.03478558858236,False,ok
180,2024-02-05 15:00:00,2024-02-05 18:00:00,12.100000381469728,4.461174527804056,False,ok
180,2024-02-06 07:00:00,2024-02-06 10:00:00,9.899999618530272,6.761449019114176,False,ok
180,2024-02-07 07:00:00,2024-02-07 10:00:00,8.899999618530273,6.439018925031027,False,ok
180,2024-02-08 07:00:00,2024-02-08 10:00:00,10.699999809265137,11.902974923451744,False,ok
180,2024-02-09 07:00:00,2024-02-09 10:00:00,11.300000190734863,9.481402238210045,False,ok
180,2024-02-11 07:00:00,2024-02-11 10:00:00,7.800000190734863,7.113236745198568,False,ok
180,2024-02-12 07:00:00,2024-02-12 10:00:00,9.0,10.680746873219809,False,ok
180,2024-02-13 07:00:00,2024-02-13 10:00:00,2.5999999046325684,11.908045132954918,False,ok
180,2024-02-14 07:00:00,2024-02-14 10:00:00,8.600000381469727,7.064879258473715,False,ok
180,2024-02-15 07:00:00,2024-02-15 10:00:00,9.199999809265137,8.595352490743002,False,ok
180,2024-02-16 07:00:00,2024-02-16 10:00:00,9.600000381469728,10.513115803400677,False,ok
180,2024-02-17 07:00:00,2024-02-17 10:00:00,10.699999809265137,10.101896206537884,False,ok
180,2024-02-17 13:00:00,2024-02-17 16:00:00,7.400000095367432,9.15739623705546,False,ok
180,2024-02-18 07:00:00,2024-02-18 10:00:00,8.199999809265137,10.19615737597148,False,ok
180,2024-02-19 07:00:00,2024-02-19 10:00:00,6.800000190734863,8.459447622299196,False,ok
180,2024-02-20 07:00:00,2024-02-20 10:00:00,7.699999809265137,9.365775098403295,False,ok
180,2024-02-21 07:00:00,2024-02-21 10:00:00,7.0,8.171427478392916,False,ok
180,2024-02-22 07:00:00,2024-02-22 10:00:00,8.100000381469727,9.39575390021006,False,ok
180,2024-02-23 07:00:00,2024-02-23 10:00:00,7.800000190734863,8.305328090985617,False,ok
180,2024-02-24 09:00:00,2024-02-24 12:00:00,7.400000095367432,6.556226968765259,False,ok
180,2024-02-24 12:00:00,2024-02-24 15:00:00,13.899999618530272,4.103285074234009,False,ok
180,2024-02-25 07:00:00,2024-02-25 10:00:00,8.0,8.748566865921022,False,ok
180,2024-02-26 07:00:00,2024-02-26 10:00:00,8.300000190734863,6.516087214152019,False,ok
180,2024-02-27 07:00:00,2024-02-27 10:00:00,8.100000381469727,8.583976904551188,False,ok
180,2024-02-28 07:00:00,2024-02-28 10:00:00,8.800000190734863,7.846867799758911,False,ok
180,2024-02-29 07:00:00,2024-02-29 10:00:00,8.300000190734863,9.183553934097288,False,ok
180,2024-02-29 18:00:00,2024-02-29 21:00:00,8.399999618530273,8.152760664621988,False,ok
180,2024-03-01 03:00:00,2024-03-01 06:00:00,14.199999809265137,15.914201974868774,False,ok
180,2024-03-01 07:00:00,2024-03-01 10:00:00,9.800000190734863,13.889383554458622,False,ok
180,2024-03-02 07:00:00,2024-03-02 10:00:00,7.599999904632568,6.105848550796509,False,ok
180,2024-03-03 07:00:00,2024-03-03 10:00:00,8.899999618530273,8.88778837521871,False,ok
180,2024-03-04 07:00:00,2024-03-04 10:00:00,9.199999809265137,6.093971808751424,False,ok
180,2024-03-05 07:00:00,2024-03-05 10:00:00,7.900000095367432,9.262571970621746,False,ok
180,2024-03-06 07:00:00,2024-03-06 10:00:00,9.399999618530272,7.349762598673503,False,ok
180,2024-03-07 07:00:00,2024-03-07 10:00:00,8.5,9.062873800595602,False,ok
180,2024-03-08 07:00:00,2024-03-08 10:00:00,8.0,9.120118101437884,False,ok
180,2024-03-08 14:00:00,2024-03-08 17:00:00,10.5,10.355630437533058,False,ok
180,2024-03-09 06:30:00,2024-03-09 09:30:00,8.5,7.680768529574077,False,ok
180,2024-03-10 07:00:00,2024-03-10 10:00:00,7.400000095367432,7.60575572649638,False,ok
180,2024-03-11 07:00:00,2024-03-11 10:00:00,10.0,9.22741874059041,False,ok
180,2024-03-12 07:00:00,2024-03-12 10:00:00,7.699999809265137,8.418266614278158,False,ok
180,2024-03-13 07:00:00,2024-03-13 10:00:00,7.5,7.606473286946614,False,ok
180,2024-03-14 07:00:00,2024-03-14 10:00:00,8.399999618530273,10.379969120025631,False,ok
180,2024-03-15 07:00:00,2024-03-15 10:00:00,7.800000190734863,8.82548673947652,False,ok
180,2024-03-16 07:00:00,2024-03-16 10:00:00,3.5,4.1074882348378505,False,ok
180,2024-04-23 03:30:00,2024-04-23 06:30:00,2120.0,7.699999809265137,True,ok
180,2024-04-23 06:24:00,2024-04-23 09:24:00,34.0,7.699999809265137,True,ok
180,2024-04-23 07:00:00,2024-04-23 10:00:00,107.0,7.699999809265137,True,ok
180,2024-04-23 10:21:00,2024-04-23 13:21:00,6.800000190734863,24.292164961496983,False,ok
180,2024-04-23 13:33:00,2024-04-23 16:33:00,5.0,5.1972901821136475,False,ok
180,2024-04-23 23:00:00,2024-04-24 02:00:00,3.200000047683716,3.901637156804402,False,ok
180,2024-04-24 07:00:00,2024-04-24 10:00:00,3.799999952316284,11.03664453824361,False,ok
180,2024-04-24 12:00:00,2024-04-24 15:00:00,7.599999904632568,6.988484938939413,False,ok
180,2024-04-25 07:00:00,2024-04-25 10:00:00,6.800000190734863,8.476230223973591,False,ok
180,2024-04-26 07:00:00,2024-04-26 10:00:00,5.900000095367432,8.22258508205414,False,ok
180,2024-04-26 13:00:00,2024-04-26 16:00:00,6.599999904632568,8.898577094078062,False,ok
180,2024-04-26 14:00:00,2024-04-26 17:00:00,4.5,12.775357166926067,False,ok
180,2024-04-26 17:00:00,2024-04-26 20:00:00,4.300000190734863,20.688594738642372,False,ok
180,2024-04-27 07:00:00,2024-04-27 10:00:00,3.5,6.657259186108907,False,ok
180,2024-04-27 20:00:00,2024-04-27 23:00:00,6.900000095367432,7.056412299474081,False,ok
180,2024-04-28 07:00:00,2024-04-28 10:00:00,8.899999618530273,5.237702449162803,False,ok
180,2024-04-29 07:00:00,2024-04-29 10:00:00,7.5,7.901605526606246,False,ok
180,2024-04-30 07:00:00,2024-04-30 10:00:00,6.599999904632568,6.224636952082317,False,ok
180,2024-05-01 07:00:00,2024-05-01 10:00:00,6.099999904632568,7.355700135231018,False,ok
180,2024-05-02 07:00:00,2024-05-02 10:00:00,7.599999904632568,7.778380990028382,False,ok
180,2024-05-03 07:00:00,2024-05-03 10:00:00,8.600000381469727,6.044963479042053,False,ok
180,2024-05-04 00:00:00,2024-05-04 03:00:00,4.0,22.01940500736237,False,ok
180,2024-05-04 03:00:00,2024-05-04 06:00:00,2.5999999046325684,12.418582558631895,False,ok
180,2024-05-04 07:00:00,2024-05-04 10:00:00,5.5,3.3975831270217904,False,ok
180,2024-05-04 19:00:00,2024-05-04 22:00:00,8.899999618530273,6.188339074452719,False,ok
180,2024-05-05 07:00:00,2024-05-05 10:00:00,7.900000095367432,7.059223095575968,False,ok
180,2024-05-06 07:00:00,2024-05-06 10:00:00,7.5,7.904161135355632,False,ok
180,2024-05-07 07:00:00,2024-05-07 10:00:00,6.0,6.810536623001099,False,ok
180,2024-05-08 07:00:00,2024-05-08 10:00:00,8.300000190734863,7.327066659927368,False,ok
180,2024-05-09 07:00:00,2024-05-09 10:00:00,7.599999904632568,6.344191571076712,False,ok
180,2024-05-10 07:00:00,2024-05-10 10:00:00,7.0,5.964227219422659,False,ok
180,2024-05-11 07:00:00,2024-05-11 10:00:00,8.699999809265137,7.1258404453595485,False,ok
180,2024-05-12 07:00:00,2024-05-12 10:00:00,7.099999904632568,7.650579055150349,False,ok
180,2024-05-13 07:00:00,2024-05-13 10:00:00,8.600000381469727,7.690239151318866,False,ok
180,2024-05-13 11:02:00,2024-05-13 14:02:00,5.699999809265137,9.339711387952166,False,ok
180,2024-05-14 07:00:00,2024-05-14 10:00:00,7.400000095367432,7.017272671063742,False,ok
180,2024-05-15 07:00:00,2024-05-15 10:00:00,6.900000095367432,6.762504776318868,False,ok
180,2024-05-16 07:00:00,2024-05-16 10:00:00,7.199999809265137,6.059303323427836,False,ok
180,2024-05-17 07:00:00,2024-05-17 10:00:00,6.5,4.989574670791627,False,ok
180,2024-05-18 07:00:00,2024-05-18 10:00:00,7.599999904632568,6.941144704818726,False,ok
180,2024-05-19 07:00:00,2024-05-19 10:00:00,8.899999618530273,6.611283898353577,False,ok
180,2024-05-20 06:20:00,2024-05-20 09:20:00,6.699999809265137,6.672252297401428,False,ok
180,2024-05-20 14:00:00,2024-05-20 17:00:00,6.900000095367432,8.511881311734516,False,ok
180,2024-05-20 19:00:00,2024-05-20 22:00:00,7.0,5.431104143460592,False,ok
180,2024-05-21 07:00:00,2024-05-21 10:00:00,5.800000190734863,6.976695656776429,False,ok
180,2024-05-22 07:00:00,2024-05-22 10:00:00,7.900000095367432,7.926543831825256,False,ok
180,2024-05-23 07:00:00,2024-05-23 10:00:00,8.600000381469727,9.233841379483543,False,ok
180,2024-05-24 07:00:00,2024-05-24 10:00:00,6.300000190734863,7.964162786801659,False,ok
180,2024-05-25 07:00:00,2024-05-25 10:00:00,7.0,7.314696272214255,False,ok
180,2024-05-26 07:00:00,2024-05-26 10:00:00,8.5,5.619392355283102,False,ok
180,2024-05-27 07:00:00,2024-05-27 10:00:00,5.0,5.431712587674459,False,ok
180,2024-05-28 07:00:00,2024-05-28 10:00:00,5.900000095367432,6.526420632998148,False,ok
180,2024-05-29 07:00:00,2024-05-29 10:00:00,6.099999904632568,3.672156929969787,False,ok
180,2024-05-30 07:00:00,2024-05-30 10:00:00,6.300000190734863,5.580780267715454,False,ok
180,2024-05-31 07:00:00,2024-05-31 10:00:00,8.5,7.753647089004517,False,ok
180,2024-06-01 07:00:00,2024-06-01 10:00:00,7.800000190734863,7.982186079025269,False,ok
180,2024-06-02 07:00:00,2024-06-02 10:00:00,6.300000190734863,6.928708751996358,False,ok
180,2024-06-03 07:00:00,2024-06-03 10:00:00,9.600000381469728,10.191333651542664,False,ok
180,2024-06-04 07:00:00,2024-06-04 10:00:00,5.900000095367432,5.312795360883078,False,ok
180,2024-06-05 07:00:00,2024-06-05 10:00:00,9.699999809265137,6.220937291781108,False,ok
180,2024-06-06 07:00:00,2024-06-06 10:00:00,8.399999618530273,8.708118001619974,False,ok
180,2024-06-07 05:20:00,2024-06-07 08:20:00,9.699999809265137,8.78634277979533,False,ok
180,2024-06-08 07:00:00,2024-06-08 10:00:00,9.5,7.984233061472574,False,ok
180,2024-06-09 07:00:00,2024-06-09 10:00:00,9.100000381469728,9.477224111557009,False,ok
180,2024-06-10 07:00:00,2024-06-10 10:00:00,8.300000190734863,9.304560701052347,False,ok
180,2024-06-11 07:00:00,2024-06-11 10:00:00,8.5,9.091714898745218,False,ok
180,2024-06-12 07:00:00,2024-06-12 10:00:00,9.800000190734863,10.391878485679628,False,ok
180,2024-06-13 07:00:00,2024-06-13 10:00:00,8.800000190734863,9.05666391054789,False,ok
180,2024-06-14 07:00:00,2024-06-14 10:00:00,8.800000190734863,9.71174895763397,False,ok
180,2024-06-15 07:00:00,2024-06-15 10:00:00,9.300000190734863,9.072411417961122,False,ok
180,2024-06-16 07:00:00,2024-06-16 10:00:00,9.5,9.351636052131653,False,ok
180,2024-06-17 07:00:00,2024-06-17 10:00:00,8.800000190734863,8.182819962501526,False,ok
180,2024-06-18 07:00:00,2024-06-18 10:00:00,9.5,10.065675973892214,False,ok
180,2024-06-19 07:00:00,2024-06-19 10:00:00,9.399999618530272,8.360743085543314,False,ok
180,2024-06-20 07:00:00,2024-06-20 10:00:00,8.899999618530273,8.677403847376507,False,ok
180,2024-06-21 06:30:00,2024-06-21 09:30:00,6.800000190734863,8.05028525988261,False,ok
180,2024-06-22 07:00:00,2024-06-22 10:00:00,7.699999809265137,8.66916791598002,False,ok
180,2024-06-23 07:00:00,2024-06-23 10:00:00,9.100000381469728,8.728272994359337,False,ok
180,2024-06-24 07:00:00,2024-06-24 10:00:00,8.699999809265137,8.877795775731405,False,ok
180,2024-06-25 09:00:00,2024-06-25 12:00:00,7.599999904632568,7.352694590886435,False,ok
180,2024-06-26 07:00:00,2024-06-26 10:00:00,8.899999618530273,8.64703861872355,False,ok
180,2024-06-27 07:00:00,2024-06-27 10:00:00,9.399999618530272,9.58428724606832,False,ok
180,2024-06-28 07:00:00,2024-06-28 10:00:00,9.300000190734863,8.226223548253376,False,ok
180,2024-06-29 07:00:00,2024-06-29 10:00:00,8.300000190734863,9.210182428359987,False,ok
180,2024-06-30 07:00:00,2024-06-30 10:00:00,8.800000190734863,8.854721705118816,False,ok
180,2024-07-01 07:00:00,2024-07-01 10:00:00,8.5,8.74331537882487,False,ok
180,2024-07-02 07:00:00,2024-07-02 10:00:00,9.699999809265137,8.562372088432314,False,ok
180,2024-07-03 07:00:00,2024-07-03 10:00:00,9.300000190734863,7.8987735509872445,False,ok
180,2024-07-04 07:00:00,2024-07-04 10:00:00,10.100000381469728,7.630049586296081,False,ok
180,2024-07-05 07:00:00,2024-07-05 10:00:00,10.100000381469728,6.135580579439799,False,ok
180,2024-07-06 07:00:00,2024-07-06 10:00:00,8.899999618530273,7.740027467409769,False,ok
180,2024-07-07 07:00:00,2024-07-07 10:00:00,8.800000190734863,7.445526838302613,False,ok
180,2024-07-08 07:00:00,2024-07-08 10:00:00,7.5,7.452763358751934,False,ok
180,2024-07-09 07:00:00,2024-07-09 10:00:00,9.399999618530272,8.263412714004517,False,ok
180,2024-07-10 07:00:00,2024-07-10 10:00:00,9.300000190734863,9.91747319698334,False,ok
180,2024-07-11 07:00:00,2024-07-11 10:00:00,10.800000190734863,10.126259485880537,False,ok
180,2024-07-11 13:00:00,2024-07-11 16:00:00,7.099999904632568,9.138250986735027,False,ok
180,2024-07-12 07:00:00,2024-07-12 10:00:00,6.5,8.727795282999676,False,ok
180,2024-07-13 07:00:00,2024-07-13 10:00:00,8.5,9.608196894327802,False,ok
180,2024-07-14 07:00:00,2024-07-14 10:00:00,7.099999904632568,9.5983034769694,False,ok
180,2024-07-15 07:00:00,2024-07-15 10:00:00,6.800000190734863,7.782610972722373,False,ok
180,2024-07-16 07:00:00,2024-07-16 10:00:00,6.199999809265137,8.731331904729208,False,ok
180,2024-07-17 07:00:00,2024-07-17 10:00:00,8.800000190734863,8.1131378809611,False,ok
180,2024-07-18 07:00:00,2024-07-18 10:00:00,6.699999809265137,7.531456867853798,False,ok
180,2024-07-19 07:00:00,2024-07-19 10:00:00,8.600000381469727,6.325321753819782,False,ok
180,2024-07-20 07:00:00,2024-07-20 10:00:00,10.399999618530272,7.314780314763387,False,ok
180,2024-07-21 07:00:00,2024-07-21 10:00:00,7.900000095367432,8.82622726758321,False,ok
180,2024-07-22 07:00:00,2024-07-22 10:00:00,8.800000190734863,9.146708408991495,False,ok
180,2024-07-23 07:00:00,2024-07-23 10:00:00,8.0,8.261541048685707,False,ok
180,2024-07-24 07:00:00,2024-07-24 10:00:00,6.599999904632568,7.951793352762858,False,ok
180,2024-07-25 07:00:00,2024-07-25 10:00:00,7.5,9.47080580393473,False,ok
180,2024-07-26 07:00:00,2024-07-26 10:00:00,8.399999618530273,8.058792948722841,False,ok
180,2024-07-27 07:00:00,2024-07-27 10:00:00,9.300000190734863,7.780026197433473,False,ok
180,2024-07-28 07:00:00,2024-07-28 10:00:00,6.599999904632568,7.381462891896565,False,ok
180,2024-07-29 07:00:00,2024-07-29 10:00:00,7.0,8.251685937245686,False,ok
180,2024-07-30 07:00:00,2024-07-30 10:00:00,8.199999809265137,8.31967556476593,False,ok
180,2024-07-31 06:00:00,2024-07-31 09:00:00,8.100000381469727,7.987043499946594,False,ok
180,2024-08-01 07:00:00,2024-08-01 10:00:00,7.400000095367432,7.92615779240926,False,ok
180,2024-08-02 07:00:00,2024-08-02 10:00:00,7.400000095367432,6.267370343208313,False,ok
180,2024-08-03 07:00:00,2024-08-03 10:00:00,10.100000381469728,8.327302098274231,False,ok
180,2024-08-03 20:00:00,2024-08-03 23:00:00,8.399999618530273,6.305205583572387,False,ok
180,2024-08-04 07:00:00,2024-08-04 10:00:00,10.100000381469728,8.751186609268188,False,ok
180,2024-08-05 07:00:00,2024-08-05 10:00:00,7.400000095367432,8.437444766362509,False,ok
180,2024-08-06 07:00:00,2024-08-06 10:00:00,7.0,7.488771200180055,False,ok
180,2024-08-07 07:00:00,2024-08-07 10:00:00,8.0,7.117213964462279,False,ok
180,2024-08-08 07:00:00,2024-08-08 10:00:00,9.699999809265137,8.555491844813032,False,ok
180,2024-08-09 07:00:00,2024-08-09 10:00:00,7.699999809265137,7.461459557215374,False,ok
180,2024-08-10 07:00:00,2024-08-10 10:00:00,6.199999809265137,6.8550937970479335,False,ok
180,2024-08-11 07:00:00,2024-08-11 10:00:00,8.0,7.943821748097739,False,ok
180,2024-08-12 07:00:00,2024-08-12 10:00:00,7.400000095367432,5.546655495961508,False,ok
180,2024-08-13 07:00:00,2024-08-13 10:00:00,8.0,7.244195779164633,False,ok
180,2024-08-14 07:00:00,2024-08-14 10:00:00,7.400000095367432,6.676762580871583,False,ok
180,2024-08-15 07:00:00,2024-08-15 10:00:00,9.0,7.457535743713378,False,ok
180,2024-08-16 07:00:00,2024-08-16 10:00:00,8.100000381469727,7.809108813603719,False,ok
180,2024-08-17 07:00:00,2024-08-17 10:00:00,6.699999809265137,9.106940348943072,False,ok
180,2024-08-18 07:00:00,2024-08-18 10:00:00,6.699999809265137,9.363325198491411,False,ok
180,2024-08-19 07:00:00,2024-08-19 10:00:00,8.5,9.48930792013804,False,ok
180,2024-08-20 07:00:00,2024-08-20 10:00:00,8.699999809265137,9.462117354075115,False,ok
180,2024-08-21 07:00:00,2024-08-21 10:00:00,6.800000190734863,7.860284407933551,False,ok
180,2024-08-22 07:00:00,2024-08-22 10:00:00,9.0,8.050689856211346,False,ok
180,2024-08-23 07:00:00,2024-08-23 10:00:00,6.5,3.0344471931457524,False,ok
180,2024-08-24 07:00:00,2024-08-24 10:00:00,8.300000190734863,7.252640088399252,False,ok
180,2024-08-25 07:00:00,2024-08-25 10:00:00,7.5,6.470333178838095,False,ok
180,2024-08-26 07:00:00,2024-08-26 10:00:00,6.099999904632568,7.853050549825035,False,ok
180,2024-08-27 07:00:00,2024-08-27 10:00:00,17.299999237060547,8.018270929654442,False,ok
180,2024-08-27 11:00:00,2024-08-27 14:00:00,8.0,11.280597170193992,False,ok
180,2024-08-28 07:00:00,2024-08-28 10:00:00,6.900000095367432,8.727410634358725,False,ok
180,2024-08-29 06:30:00,2024-08-29 09:30:00,7.0,4.838789224624634,False,ok
180,2024-08-30 07:00:00,2024-08-30 10:00:00,5.800000190734863,9.58807078997294,False,ok
180,2024-08-31 07:00:00,2024-08-31 10:00:00,7.0,9.339341084162394,False,ok
180,2024-09-01 01:00:00,2024-09-01 04:00:00,7.099999904632568,7.920112252235412,False,ok
180,2024-09-02 21:00:00,2024-09-03 00:00:00,5.900000095367432,6.999999999999999,True,ok
180,2024-09-03 07:00:00,2024-09-03 10:00:00,5.0,2.8180615107218427,False,ok
180,2024-09-04 07:00:00,2024-09-04 10:00:00,12.100000381469728,7.175201098124187,False,ok
180,2024-09-05 07:00:00,2024-09-05 10:00:00,6.099999904632568,9.328540960947674,False,ok
180,2024-09-06 07:00:00,2024-09-06 10:00:00,4.0,4.784890810648601,False,ok
180,2024-09-06 21:00:00,2024-09-07 00:00:00,19.5,7.30174160003662,False,ok
180,2024-09-06 23:00:00,2024-09-07 02:00:00,7.599999904632568,5.900000095367432,True,ok
180,2024-09-07 07:00:00,2024-09-07 10:00:00,7.199999809265137,6.457271416982015,False,ok
180,2024-09-08 07:00:00,2024-09-08 10:00:00,7.5,6.919623215993245,False,ok
180,2024-09-09 07:00:00,2024-09-09 10:00:00,6.900000095367432,7.140849908192953,False,ok
180,2024-09-10 08:30:00,2024-09-10 11:30:00,6.800000190734863,10.260653495788572,False,ok
180,2024-09-11 07:00:00,2024-09-11 10:00:00,4.5,6.02920631567637,False,ok
180,2024-09-11 17:00:00,2024-09-11 20:00:00,12.0,2.8124246994654336,False,ok
180,2024-09-12 07:00:00,2024-09-12 10:00:00,6.099999904632568,7.660130540529886,False,ok
180,2024-09-13 08:00:00,2024-09-13 11:00:00,7.199999809265137,8.738875031471254,False,ok
180,2024-09-13 19:00:00,2024-09-13 22:00:00,7.5,6.2240125735600795,False,ok
180,2024-09-14 07:00:00,2024-09-14 10:00:00,4.5,4.594805836677551,False,ok
180,2024-09-14 15:30:00,2024-09-14 18:30:00,3.299999952316284,3.9235140085220337,False,ok
180,2024-09-15 07:00:00,2024-09-15 10:00:00,5.300000190734863,3.986004948616028,False,ok
180,2024-09-16 07:00:00,2024-09-16 10:00:00,6.699999809265137,6.551021695137024,False,ok
180,2024-09-16 15:00:00,2024-09-16 18:00:00,5.300000190734863,5.283016324043274,False,ok
180,2024-09-17 07:00:00,2024-09-17 10:00:00,4.900000095367432,5.076922098795574,False,ok
180,2024-09-18 07:00:00,2024-09-18 10:00:00,6.699999809265137,10.30660696824392,False,ok
180,2024-09-19 07:00:00,2024-09-19 10:00:00,4.699999809265137,6.603937506675719,False,ok
180,2024-09-20 07:00:00,2024-09-20 10:00:00,6.900000095367432,7.769720435142516,False,ok
180,2024-09-21 09:00:00,2024-09-21 12:00:00,5.699999809265137,6.984970649083456,False,ok
180,2024-09-22 07:00:00,2024-09-22 10:00:00,3.799999952316284,5.255042751630148,False,ok
180,2024-09-23 07:00:00,2024-09-23 10:00:00,4.900000095367432,5.282492597897847,False,ok
180,2024-09-24 07:00:00,2024-09-24 10:00:00,6.800000190734863,8.214459856351219,False,ok
180,2024-09-25 07:00:00,2024-09-25 10:00:00,9.199999809265137,9.60836740334829,False,ok
180,2024-09-26 07:00:00,2024-09-26 10:00:00,6.699999809265137,8.25496506690979,False,ok
180,2024-09-27 07:00:00,2024-09-27 10:00:00,7.599999904632568,8.523596207300823,False,ok
180,2024-09-28 01:31:00,2024-09-28 04:31:00,6.099999904632568,1.7517551581064863,False,ok
180,2024-09-28 07:00:00,2024-09-28 10:00:00,4.900000095367432,11.357926766077677,False,ok
180,2024-09-29 07:00:00,2024-09-29 10:00:00,6.199999809265137,5.276077747344971,False,ok
180,2024-09-30 07:00:00,2024-09-30 10:00:00,8.899999618530273,8.871025562286375,False,ok
180,2024-10-01 07:00:00,2024-10-01 10:00:00,7.800000190734863,8.210810820261637,False,ok
180,2024-10-02 07:00:00,2024-10-02 10:00:00,9.5,7.2792833248774205,False,ok
180,2024-10-03 07:00:00,2024-10-03 10:00:00,9.399999618530272,8.661479791005453,False,ok
180,2024-10-04 07:00:00,2024-10-04 10:00:00,7.300000190734863,7.779009143511453,False,ok
180,2024-10-05 07:00:00,2024-10-05 10:00:00,10.0,8.254373828570047,False,ok
180,2024-10-06 07:00:00,2024-10-06 10:00:00,7.800000190734863,9.337873975435892,False,ok
180,2024-10-07 07:00:00,2024-10-07 10:00:00,8.0,7.466971476872762,False,ok
180,2024-10-08 07:00:00,2024-10-08 10:00:00,7.699999809265137,6.519808451334637,False,ok
180,2024-10-09 07:00:00,2024-10-09 10:00:00,9.5,7.594534516334535,False,ok
180,2024-10-10 07:00:00,2024-10-10 10:00:00,9.199999809265137,7.467137455940247,False,ok
180,2024-10-11 07:00:00,2024-10-11 10:00:00,7.800000190734863,7.926669756571452,False,ok
180,2024-10-12 07:00:00,2024-10-12 10:00:00,8.699999809265137,8.201744357744854,False,ok
180,2024-10-13 07:00:00,2024-10-13 10:00:00,8.0,8.782381892204285,False,ok
180,2024-10-14 07:00:00,2024-10-14 10:00:00,9.0,8.453563570976257,False,ok
180,2024-10-15 07:00:00,2024-10-15 10:00:00,9.199999809265137,6.514915823936462,False,ok
180,2024-10-16 07:00:00,2024-10-16 10:00:00,9.699999809265137,6.447787165641784,False,ok
180,2024-10-17 07:00:00,2024-10-17 10:00:00,5.300000190734863,14.41133201122284,False,ok
180,2024-10-18 07:00:00,2024-10-18 10:00:00,12.0,5.840483069419861,False,ok
180,2024-10-18 11:00:00,2024-10-18 14:00:00,5.599999904632568,8.382601618766786,False,ok
180,2024-10-19 07:00:00,2024-10-19 10:00:00,9.699999809265137,9.796017448107404,False,ok
180,2024-10-20 07:00:00,2024-10-20 10:00:00,8.100000381469727,7.896081328392028,False,ok
180,2024-10-21 07:00:00,2024-10-21 10:00:00,7.599999904632568,9.272805889447527,False,ok
180,2024-10-22 07:00:00,2024-10-22 10:00:00,6.699999809265137,8.913250724474592,False,ok
180,2024-10-23 07:00:00,2024-10-23 10:00:00,6.0,7.179749886194864,False,ok
180,2024-10-24 07:00:00,2024-10-24 10:00:00,9.600000381469728,8.814326524734497,False,ok
180,2024-10-25 07:00:00,2024-10-25 10:00:00,7.800000190734863,8.963893175125122,False,ok
180,2024-10-26 07:00:00,2024-10-26 10:00:00,5.400000095367432,9.270594835281374,False,ok
180,2024-10-27 07:00:00,2024-10-27 10:00:00,9.100000381469728,8.999758005142212,False,ok
180,2024-10-28 07:00:00,2024-10-28 10:00:00,10.699999809265137,10.807714223861694,False,ok
180,2024-10-28 13:34:18,2024-10-28 16:34:18,7.400000095367432,9.625923871994017,False,ok
180,2024-10-29 07:00:00,2024-10-29 10:00:00,9.399999618530272,8.57560900847117,False,ok
180,2024-10-30 07:00:00,2024-10-30 10:00:00,11.0,8.841549555460613,False,ok
180,2024-10-31 07:00:00,2024-10-31 10:00:00,10.199999809265137,8.171496669451393,False,ok
180,2024-10-31 13:30:00,2024-10-31 16:30:00,11.600000381469728,9.408989230791729,False,ok
180,2024-10-31 20:00:00,2024-10-31 23:00:00,9.800000190734863,8.338584701220192,False,ok
180,2024-11-01 01:00:00,2024-11-01 04:00:00,8.399999618530273,9.95318913459778,False,ok
180,2024-11-01 07:00:00,2024-11-01 10:00:00,7.300000190734863,8.221518119176228,False,ok
180,2024-11-01 17:00:00,2024-11-01 20:00:00,8.399999618530273,6.667114893595377,False,ok
180,2024-11-02 07:00:00,2024-11-02 10:00:00,9.600000381469728,9.539640227953592,False,ok
180,2024-11-03 07:00:00,2024-11-03 10:00:00,9.300000190734863,10.204150478045149,False,ok
180,2024-11-04 07:00:00,2024-11-04 10:00:00,9.600000381469728,10.2535359064738,False,ok
180,2024-11-05 07:00:00,2024-11-05 10:00:00,9.600000381469728,8.192654768625895,False,ok
180,2024-11-06 07:00:00,2024-11-06 10:00:00,5.699999809265137,6.299063682556153,False,ok
180,2024-11-07 07:00:00,2024-11-07 10:00:00,7.800000190734863,9.523764729499815,False,ok
180,2024-11-08 07:00:00,2024-11-08 10:00:00,10.600000381469728,9.12965969244639,False,ok
180,2024-11-08 13:00:00,2024-11-08 16:00:00,7.300000190734863,8.360616723696392,False,ok
180,2024-11-09 07:00:00,2024-11-09 10:00:00,9.699999809265137,7.000244776407878,False,ok
180,2024-11-10 07:00:00,2024-11-10 10:00:00,13.5,14.264853477478027,False,ok
180,2024-11-12 07:00:00,2024-11-12 10:00:00,8.199999809265137,11.014414787292482,False,ok
180,2024-11-13 07:00:00,2024-11-13 10:00:00,5.699999809265137,10.582655111948652,False,ok
180,2024-11-14 07:00:00,2024-11-14 10:00:00,6.400000095367432,7.632435003916424,False,ok
180,2024-11-15 07:00:00,2024-11-15 10:00:00,8.699999809265137,8.677822589874266,False,ok
180,2024-11-16 07:00:00,2024-11-16 10:00:00,8.5,8.999928514162699,False,ok
180,2024-11-17 07:00:00,2024-11-17 10:00:00,7.199999809265137,10.777238766352337,False,ok
180,2024-11-18 07:00:00,2024-11-18 10:00:00,7.699999809265137,9.501730044682825,False,ok
180,2024-11-19 08:00:00,2024-11-19 11:00:00,5.900000095367432,7.877620458602906,False,ok
180,2024-11-20 07:00:00,2024-11-20 10:00:00,7.099999904632568,9.335580150286354,False,ok
180,2024-11-21 07:00:00,2024-11-21 10:00:00,8.5,8.447640697161354,False,ok
180,2024-11-22 07:00:00,2024-11-22 10:00:00,8.0,7.986387133598327,False,ok
180,2024-11-23 07:00:00,2024-11-23 10:00:00,7.099999904632568,7.956634402275085,False,ok
180,2024-11-24 07:00:00,2024-11-24 10:00:00,7.5,6.6840494871139535,False,ok
180,2024-11-25 07:00:00,2024-11-25 10:00:00,7.199999809265137,7.585058093070983,False,ok
180,2024-11-26 07:00:00,2024-11-26 10:00:00,7.300000190734863,8.070406119028727,False,ok
180,2024-11-27 07:00:00,2024-11-27 10:00:00,8.100000381469727,5.9792996644973755,False,ok
180,2024-11-28 07:00:00,2024-11-28 10:00:00,8.899999618530273,7.748790144920348,False,ok
180,2024-11-29 07:00:00,2024-11-29 10:00:00,7.800000190734863,8.360704104105633,False,ok
180,2024-11-30 07:00:00,2024-11-30 10:00:00,6.5,8.304985046386719,False,ok
180,2024-12-01 07:00:00,2024-12-01 10:00:00,6.0,7.104118347167969,False,ok
180,2024-12-02 07:00:00,2024-12-02 10:00:00,6.900000095367432,7.854961077372232,False,ok
180,2024-12-03 07:00:00,2024-12-03 10:00:00,7.0,7.402543703715006,False,ok
180,2024-12-04 07:00:00,2024-12-04 10:00:00,7.300000190734863,6.04679791132609,False,ok
180,2024-12-05 07:00:00,2024-12-05 10:00:00,6.5,8.77045226097107,False,ok
180,2024-12-06 07:00:00,2024-12-06 10:00:00,7.900000095367432,10.065830945968626,False,ok
180,2024-12-07 07:00:00,2024-12-07 10:00:00,6.5,6.578556299209595,False,ok
180,2024-12-07 13:39:56,2024-12-07 16:39:56,9.300000190734863,11.887066602706906,False,ok
180,2024-12-08 07:00:00,2024-12-08 10:00:00,8.5,9.084580739339197,False,ok
180,2024-12-09 07:00:00,2024-12-09 10:00:00,5.0,6.206738313039145,False,ok
180,2024-12-10 07:00:00,2024-12-10 10:00:00,7.900000095367432,10.355536897977194,False,ok
180,2024-12-10 13:00:00,2024-12-10 16:00:00,7.300000190734863,7.401450594266254,False,ok
180,2024-12-11 07:00:00,2024-12-11 10:00:00,8.0,7.379319628079732,False,ok
180,2024-12-12 07:00:00,2024-12-12 10:00:00,5.300000190734863,7.08346649010976,False,ok
180,2024-12-13 07:00:00,2024-12-13 10:00:00,7.5,6.173451662063599,False,ok
180,2024-12-14 07:00:00,2024-12-14 10:00:00,9.600000381469728,5.823039650917053,False,ok
180,2024-12-15 07:00:00,2024-12-15 10:00:00,8.5,9.92019522190094,False,ok
180,2024-12-16 07:00:00,2024-12-16 10:00:00,6.099999904632568,4.582571268081665,False,ok
180,2024-12-17 07:00:00,2024-12-17 10:00:00,11.300000190734863,5.043420354525248,False,ok
180,2024-12-17 14:00:00,2024-12-17 17:00:00,7.400000095367432,11.66575006643931,False,ok
180,2024-12-18 07:00:00,2024-12-18 10:00:00,8.0,8.730295976003012,False,ok
180,2024-12-19 07:00:00,2024-12-19 10:00:00,8.5,10.675810654958088,False,ok
180,2024-12-20 07:00:00,2024-12-20 10:00:00,11.300000190734863,9.89226802190145,False,ok
180,2024-12-20 20:41:32,2024-12-20 23:41:32,13.100000381469728,10.466052969296776,False,ok
180,2024-12-22 07:00:00,2024-12-22 10:00:00,9.699999809265137,8.97448798020681,False,ok
180,2024-12-23 07:00:00,2024-12-23 10:00:00,7.099999904632568,6.78869100411733,False,ok
180,2024-12-24 07:00:00,2024-12-24 10:00:00,8.699999809265137,8.87915511926015,False,ok
180,2024-12-25 07:00:00,2024-12-25 10:00:00,8.5,9.065008918444317,False,ok
180,2024-12-26 07:00:00,2024-12-26 10:00:00,7.699999809265137,7.159109433492025,False,ok
180,2024-12-27 07:00:00,2024-12-27 10:00:00,8.300000190734863,8.956600586573286,False,ok
180,2024-12-28 07:00:00,2024-12-28 10:00:00,9.300000190734863,8.467751463254295,False,ok
180,2024-12-29 07:00:00,2024-12-29 10:00:00,8.100000381469727,6.677451650301614,False,ok
180,2024-12-30 07:00:00,2024-12-30 10:00:00,6.400000095367432,8.386085470517477,False,ok
180,2024-12-31 01:50:00,2024-12-31 04:50:00,2.0999999046325684,9.19482183456421,False,ok
180,2024-12-31 07:00:00,2024-12-31 10:00:00,2.700000047683716,4.600395679473877,False,ok
0,2025-01-01 10:00:00,2025-01-01 10:00:00,3.5,3.507279336452484,False,ok
0,2025-01-02 10:00:00,2025-01-02 10:00:00,7.099999904632568,7.529694755872091,False,ok
0,2025-01-03 10:00:00,2025-01-03 10:00:00,7.699999809265137,7.514421184857685,False,ok
0,2025-01-04 10:00:00,2025-01-04 10:00:00,5.400000095367432,5.692542751630147,False,ok
0,2025-01-05 10:00:00,2025-01-05 10:00:00,5.300000190734863,4.760023891925812,False,ok
0,2025-01-06 10:00:00,2025-01-06 10:00:00,4.800000190734863,4.77909928560257,False,ok
0,2025-01-07 10:00:00,2025-01-07 10:00:00,5.099999904632568,4.69364196062088,False,ok
0,2025-01-08 10:00:00,2025-01-08 10:00:00,3.5999999046325684,3.905531704425812,False,ok
0,2025-01-09 10:00:00,2025-01-09 10:00:00,3.900000095367432,3.806351006031037,False,ok
0,2025-01-10 10:00:00,2025-01-10 10:00:00,3.5,3.613284170627594,False,ok
0,2025-01-11 10:00:00,2025-01-11 10:00:00,3.5999999046325684,3.9001460671424857,False,ok
0,2025-01-12 10:00:00,2025-01-12 10:00:00,4.199999809265137,3.0665788451830545,False,ok
0,2025-01-13 10:00:00,2025-01-13 10:00:00,6.0,5.386160949865977,False,ok
0,2025-01-14 10:00:00,2025-01-14 10:00:00,1.600000023841858,2.34354172150294,False,ok
0,2025-01-15 10:00:00,2025-01-15 10:00:00,1.899999976158142,2.255021433035533,False,ok
0,2025-01-16 10:00:00,2025-01-16 10:00:00,7.099999904632568,6.569987754027047,False,ok
0,2025-01-17 10:00:00,2025-01-17 10:00:00,8.199999809265137,7.343615988890329,False,ok
0,2025-01-18 10:00:00,2025-01-18 10:00:00,7.599999904632568,6.882745722929636,False,ok
0,2025-01-19 10:00:00,2025-01-19 10:00:00,6.900000095367432,6.418457607428233,False,ok
0,2025-01-20 10:00:00,2025-01-20 10:00:00,10.600000381469728,10.522249420483906,False,ok
0,2025-01-21 10:00:00,2025-01-21 10:00:00,8.300000190734863,10.245105187098186,False,ok
0,2025-01-22 10:00:00,2025-01-22 10:00:00,6.099999904632568,7.272697369257609,False,ok
0,2025-01-23 10:00:00,2025-01-23 10:00:00,6.099999904632568,8.148748517036436,False,ok
0,2025-01-23 22:00:00,2025-01-23 22:00:00,5.900000095367432,9.105948070685066,False,ok
0,2025-01-24 10:00:00,2025-01-24 10:00:00,6.699999809265137,8.957930187384289,False,ok
0,2025-01-25 10:00:00,2025-01-25 10:00:00,7.5,8.407209475835165,False,ok
0,2025-01-26 10:00:00,2025-01-26 10:00:00,8.899999618530273,8.971249779065452,False,ok
0,2025-01-27 10:00:00,2025-01-27 10:00:00,6.0,5.980538209279378,False,ok
0,2025-01-28 10:00:00,2025-01-28 10:00:00,7.900000095367432,7.16999085744222,False,ok
0,2025-01-29 10:00:00,2025-01-29 10:00:00,6.199999809265137,6.999844868977864,False,ok
0,2025-01-30 10:00:00,2025-01-30 10:00:00,5.900000095367432,6.482402642567951,False,ok
0,2025-01-31 10:00:00,2025-01-31 10:00:00,7.400000095367432,9.277325073877968,False,ok
0,2025-02-01 10:00:00,2025-02-01 10:00:00,9.600000381469728,7.291586001714072,False,ok
0,2025-02-02 10:00:00,2025-02-02 10:00:00,10.5,7.804740269978843,False,ok
0,2025-02-03 04:48:22,2025-02-03 04:48:22,10.699999809265137,7.400000095367432,True,ok
0,2025-02-03 10:00:00,2025-02-03 10:00:00,8.5,8.312317848205566,False,ok
0,2025-02-04 10:00:00,2025-02-04 10:00:00,7.099999904632568,7.304462114969889,False,ok
0,2025-02-05 10:00:00,2025-02-05 10:00:00,7.400000095367432,7.751537005106607,False,ok
0,2025-02-07 10:00:00,2025-02-07 10:00:00,8.300000190734863,6.999510606129965,False,ok
0,2025-02-08 10:00:00,2025-02-08 10:00:00,8.100000381469727,6.767611344655355,False,ok
0,2025-02-09 10:00:00,2025-02-09 10:00:00,9.899999618530272,8.563055674235025,False,ok
0,2025-02-10 10:00:00,2025-02-10 10:00:00,9.5,10.152814785639446,False,ok
0,2025-02-11 10:00:00,2025-02-11 10:00:00,6.800000190734863,8.150096813837687,False,ok
0,2025-02-12 10:00:00,2025-02-12 10:00:00,9.600000381469728,8.375404357910158,False,ok
0,2025-02-13 10:00:00,2025-02-13 10:00:00,11.600000381469728,10.087458610534668,False,ok
0,2025-02-13 16:46:39,2025-02-13 16:46:39,8.899999618530273,9.640246351559956,False,ok
0,2025-02-14 10:00:00,2025-02-14 10:00:00,7.0,8.827711065610254,False,ok
0,2025-02-14 22:41:16,2025-02-14 22:41:16,11.899999618530272,6.139878233273824,False,ok
0,2025-02-15 02:39:46,2025-02-15 02:39:46,8.0,8.038092573483784,False,ok
0,2025-02-15 10:00:00,2025-02-15 10:00:00,9.100000381469728,6.782053589820862,False,ok
0,2025-02-16 10:00:00,2025-02-16 10:00:00,7.300000190734863,7.944941838582358,False,ok
0,2025-02-17 10:00:00,2025-02-17 10:00:00,8.699999809265137,8.84059532483419,False,ok
0,2025-02-18 10:00:00,2025-02-18 10:00:00,8.5,7.96747660636902,False,ok
0,2025-02-19 10:00:00,2025-02-19 10:00:00,10.199999809265137,9.350160201390583,False,ok
0,2025-02-20 10:00:00,2025-02-20 10:00:00,5.699999809265137,5.091425975163779,False,ok
0,2025-02-21 10:00:00,2025-02-21 10:00:00,9.399999618530272,8.707000335057577,False,ok
0,2025-02-22 10:00:00,2025-02-22 10:00:00,9.100000381469728,9.872609217961628,False,ok
0,2025-02-23 10:00:00,2025-02-23 10:00:00,10.300000190734863,10.500495036443072,False,ok
0,2025-02-24 10:00:00,2025-02-24 10:00:00,9.399999618530272,9.54559413592021,False,ok
0,2025-02-25 10:00:00,2025-02-25 10:00:00,9.399999618530272,9.4478181997935,False,ok
0,2025-02-26 10:00:00,2025-02-26 10:00:00,8.800000190734863,9.595870018005368,False,ok
0,2025-02-27 10:00:00,2025-02-27 10:00:00,10.300000190734863,10.57625961303711,False,ok
0,2025-02-28 10:00:00,2025-02-28 10:00:00,10.600000381469728,10.248160362243652,False,ok
0,2025-03-01 10:00:00,2025-03-01 10:00:00,7.800000190734863,8.359148979187012,False,ok
0,2025-03-02 10:00:00,2025-03-02 10:00:00,10.0,7.894454002380369,False,ok
0,2025-03-03 10:00:00,2025-03-03 10:00:00,8.300000190734863,8.614661693573,False,ok
0,2025-03-06 10:00:00,2025-03-06 10:00:00,8.5,9.878026326497396,False,ok
0,2025-03-07 10:00:00,2025-03-07 10:00:00,8.399999618530273,8.156837781270344,False,ok
0,2025-03-08 10:00:00,2025-03-08 10:00:00,8.0,7.952249368031819,False,ok
0,2025-03-09 10:00:00,2025-03-09 10:00:00,9.5,8.658155282338457,False,ok
0,2025-03-10 10:00:00,2025-03-10 10:00:00,10.199999809265137,9.704990386962889,False,ok
0,2025-03-11 10:00:00,2025-03-11 10:00:00,8.100000381469727,8.488455375035606,False,ok
0,2025-03-12 10:00:00,2025-03-12 10:00:00,8.600000381469727,9.714511473973593,False,ok
0,2025-03-13 10:00:00,2025-03-13 10:00:00,7.699999809265137,8.402592420578005,False,ok
0,2025-03-14 10:00:00,2025-03-14 10:00:00,9.899999618530272,9.041963338851929,False,ok
0,2025-03-15 10:00:00,2025-03-15 10:00:00,10.399999618530272,11.570325613021849,False,ok
0,2025-03-16 10:00:00,2025-03-16 10:00:00,10.5,10.067854722340902,False,ok
0,2025-03-17 10:00:00,2025-03-17 10:00:00,12.399999618530272,12.380978186925256,False,ok
0,2025-03-18 10:00:00,2025-03-18 10:00:00,12.300000190734863,12.258861621220907,False,ok
0,2025-03-19 10:00:00,2025-03-19 10:00:00,10.300000190734863,10.905747095743816,False,ok
0,2025-03-20 10:00:00,2025-03-20 10:00:00,11.300000190734863,10.676677306493122,False,ok
0,2025-03-21 10:00:00,2025-03-21 10:00:00,9.600000381469728,9.54370363553365,False,ok
0,2025-03-22 10:00:00,2025-03-22 10:00:00,8.800000190734863,11.103193521499632,False,ok
0,2025-03-23 10:00:00,2025-03-23 10:00:00,6.900000095367432,9.935882806777956,False,ok
0,2025-03-24 06:00:00,2025-03-24 06:00:00,6.800000190734863,25.02228569984436,False,ok
0,2025-03-24 10:00:00,2025-03-24 10:00:00,6.5,9.555516084035236,False,ok
0,2025-03-25 00:01:00,2025-03-25 00:01:00,11.0,2.5532694657643633,False,ok
0,2025-03-25 06:00:00,2025-03-25 06:00:00,13.399999618530272,3.3642354806264234,False,ok
0,2025-03-25 10:00:00,2025-03-25 10:00:00,8.100000381469727,2.123713095982869,False,ok
0,2025-03-25 20:00:00,2025-03-25 20:00:00,10.5,7.6420811017354335,False,ok
0,2025-03-26 10:00:00,2025-03-26 10:00:00,8.300000190734863,7.068526506423951,False,ok
0,2025-03-26 23:07:57,2025-03-26 23:07:57,10.199999809265137,9.655684709548948,False,ok
0,2025-03-27 10:00:00,2025-03-27 10:00:00,5.400000095367432,7.417460203170776,False,ok
0,2025-03-29 10:00:00,2025-03-29 10:00:00,8.399999618530273,9.750590562820436,False,ok
0,2025-03-30 10:00:00,2025-03-30 10:00:00,10.199999809265137,11.320831537246706,False,ok
0,2025-03-31 10:00:00,2025-03-31 10:00:00,8.600000381469727,9.64071774482727,False,ok
0,2025-04-01 10:00:00,2025-04-01 10:00:00,7.0,8.71145749092102,False,ok
0,2025-04-02 10:00:00,2025-04-02 10:00:00,7.300000190734863,11.119528452555342,False,ok
0,2025-04-03 10:00:00,2025-04-03 10:00:00,9.899999618530272,11.859548409779864,False,ok
0,2025-04-05 10:00:00,2025-04-05 10:00:00,5.800000190734863,6.93772037823995,False,ok
0,2025-04-06 10:00:00,2025-04-06 10:00:00,6.800000190734863,7.393962502479552,False,ok
0,2025-04-07 10:00:00,2025-04-07 10:00:00,7.5,8.506399671236673,False,ok
0,2025-04-08 10:00:00,2025-04-08 10:00:00,6.800000190734863,8.15587802728017,False,ok
0,2025-04-09 10:00:00,2025-04-09 10:00:00,8.100000381469727,8.93881595134735,False,ok
0,2025-04-10 10:00:00,2025-04-10 10:00:00,6.099999904632568,7.118599096934001,False,ok
0,2025-04-11 10:00:00,2025-04-11 10:00:00,7.400000095367432,8.820545991261799,False,ok
0,2025-04-12 10:00:00,2025-04-12 10:00:00,8.699999809265137,7.601273298263551,False,ok
0,2025-04-13 10:00:00,2025-04-13 10:00:00,5.300000190734863,5.454345464706422,False,ok
0,2025-04-14 10:00:00,2025-04-14 10:00:00,7.699999809265137,7.889646291732788,False,ok
0,2025-04-15 10:00:00,2025-04-15 10:00:00,8.5,7.652174949645995,False,ok
0,2025-04-16 10:00:00,2025-04-16 10:00:00,7.699999809265137,6.451321601867676,False,ok
0,2025-04-17 10:00:00,2025-04-17 10:00:00,5.199999809265137,5.2916412353515625,False,ok
0,2025-04-18 10:00:00,2025-04-18 10:00:00,8.800000190734863,9.551400740941364,False,ok
0,2025-04-18 20:00:00,2025-04-18 20:00:00,10.0,7.37550695737203,False,ok
0,2025-04-19 10:00:00,2025-04-19 10:00:00,8.800000190734863,6.487450202306111,False,ok
0,2025-04-20 10:00:00,2025-04-20 10:00:00,11.800000190734863,8.875399033228554,False,ok
0,2025-04-21 10:00:00,2025-04-21 10:00:00,11.399999618530272,10.986218055089312,False,ok
0,2025-04-22 10:00:00,2025-04-22 10:00:00,10.600000381469728,9.69092806180318,False,ok
0,2025-04-23 10:00:00,2025-04-23 10:00:00,13.5,12.132867574691774,False,ok
0,2025-04-24 10:00:00,2025-04-24 10:00:00,12.399999618530272,12.715601205825804,False,ok
0,2025-04-25 10:00:00,2025-04-25 10:00:00,9.399999618530272,8.855127573013307,False,ok
0,2025-04-26 06:00:00,2025-04-26 06:00:00,9.0,25.009628454844155,False,ok
0,2025-04-26 10:00:00,2025-04-26 10:00:00,9.5,9.410429318745932,False,ok
0,2025-04-27 10:00:00,2025-04-27 10:00:00,7.699999809265137,8.090617497762047,False,ok
0,2025-04-28 10:00:00,2025-04-28 10:00:00,10.0,10.071888287862144,False,ok
0,2025-04-29 10:00:00,2025-04-29 10:00:00,7.5,7.943132082621257,False,ok
0,2025-04-30 10:00:00,2025-04-30 10:00:00,6.5,7.507914543151855,False,ok
0,2025-05-01 10:00:00,2025-05-01 10:00:00,11.300000190734863,11.598826408386232,False,ok
0,2025-05-02 10:00:00,2025-05-02 10:00:00,8.300000190734863,9.155505975087484,False,ok
0,2025-05-03 10:00:00,2025-05-03 10:00:00,9.899999618530272,9.793086687723791,False,ok
0,2025-05-04 10:00:00,2025-05-04 10:00:00,8.399999618530273,8.735049088795977,False,ok
0,2025-05-05 10:00:00,2025-05-05 10:00:00,8.600000381469727,8.551000277201334,False,ok
0,2025-05-06 10:00:00,2025-05-06 10:00:00,8.5,8.99168912569682,False,ok
0,2025-05-07 10:00:00,2025-05-07 10:00:00,9.699999809265137,9.612181266148882,False,ok
0,2025-05-08 10:00:00,2025-05-08 10:00:00,9.399999618530272,9.804570913314818,False,ok
0,2025-05-09 10:00:00,2025-05-09 10:00:00,9.699999809265137,8.973478476206463,False,ok
0,2025-05-10 10:00:00,2025-05-10 10:00:00,9.199999809265137,8.250578800837198,False,ok
0,2025-05-11 10:00:00,2025-05-11 10:00:00,11.0,9.87958558400472,False,ok
0,2025-05-11 14:00:00,2025-05-11 14:00:00,8.699999809265137,7.689979871114096,False,ok
0,2025-05-12 10:00:00,2025-05-12 10:00:00,9.399999618530272,9.454655090967812,False,ok
0,2025-05-13 10:00:00,2025-05-13 10:00:00,8.699999809265137,9.279541412989298,False,ok
0,2025-05-14 10:00:00,2025-05-14 10:00:00,9.199999809265137,9.351272026697792,False,ok
0,2025-05-15 10:00:00,2025-05-15 10:00:00,8.300000190734863,8.22072084744771,False,ok
0,2025-05-16 10:00:00,2025-05-16 10:00:00,9.0,8.08212375640869,False,ok
0,2025-05-17 10:00:00,2025-05-17 10:00:00,6.800000190734863,9.000000000000002,True,ok
0,2025-05-18 10:00:00,2025-05-18 10:00:00,7.900000095367432,8.295435428619385,False,ok
0,2025-05-19 02:00:00,2025-05-19 02:00:00,6.900000095367432,24.791975259780877,False,ok
0,2025-05-19 10:00:00,2025-05-19 10:00:00,7.599999904632568,7.9859202702840175,False,ok
0,2025-05-20 10:00:00,2025-05-20 10:00:00,11.300000190734863,10.295564333597818,False,ok
0,2025-05-21 10:00:00,2025-05-21 10:00:00,10.199999809265137,9.285421053568518,False,ok
0,2025-05-21 22:02:41,2025-05-21 22:02:41,9.0,8.510322411855062,False,ok
0,2025-05-22 10:00:00,2025-05-22 10:00:00,8.800000190734863,7.789089997609457,False,ok
0,2025-05-23 10:00:00,2025-05-23 10:00:00,10.0,10.669981241226196,False,ok
0,2025-05-24 10:00:00,2025-05-24 10:00:00,8.0,8.058428049087524,False,ok
0,2025-05-25 10:00:00,2025-05-25 10:00:00,8.300000190734863,9.318230708440144,False,ok
0,2025-05-26 10:00:00,2025-05-26 10:00:00,6.699999809265137,6.613685806592306,False,ok
0,2025-05-27 10:00:00,2025-05-27 10:00:00,9.199999809265137,9.321068008740744,False,ok
0,2025-05-28 10:00:00,2025-05-28 10:00:00,7.5,8.128972808519999,False,ok
0,2025-05-29 10:00:00,2025-05-29 10:00:00,8.699999809265137,8.071745673815409,False,ok
0,2025-05-30 10:00:00,2025-05-30 10:00:00,10.0,9.487801353136698,False,ok
0,2025-05-31 10:00:00,2025-05-31 10:00:00,6.800000190734863,6.559908469518026,False,ok
0,2025-06-01 10:00:00,2025-06-01 10:00:00,8.699999809265137,8.439860900243126,False,ok
0,2025-06-02 10:00:00,2025-06-02 10:00:00,8.399999618530273,8.58169706662496,False,ok
0,2025-06-03 10:00:00,2025-06-03 10:00:00,23.299999237060547,7.093211730321249,False,ok
0,2025-06-03 17:30:00,2025-06-03 17:30:00,8.5,7.798722783724467,False,ok
0,2025-06-04 10:00:00,2025-06-04 10:00:00,6.900000095367432,7.3451298872629796,False,ok
0,2025-06-05 10:00:00,2025-06-05 10:00:00,9.199999809265137,9.019530216852823,False,ok
0,2025-06-06 10:00:00,2025-06-06 10:00:00,8.800000190734863,9.003509044647219,False,ok
0,2025-06-07 10:00:00,2025-06-07 10:00:00,9.100000381469728,9.993803501129149,False,ok
0,2025-06-08 10:00:00,2025-06-08 10:00:00,9.100000381469728,8.63906280199687,False,ok
0,2025-06-09 10:00:00,2025-06-09 10:00:00,9.300000190734863,8.879392544428507,False,ok
0,2025-06-10 10:00:00,2025-06-10 10:00:00,8.800000190734863,9.056456009546917,False,ok
0,2025-06-11 10:00:00,2025-06-11 10:00:00,7.800000190734863,7.890394131342571,False,ok
0,2025-06-12 10:00:00,2025-06-12 10:00:00,9.899999618530272,10.032503008842466,False,ok
0,2025-06-13 10:00:00,2025-06-13 10:00:00,9.199999809265137,9.13324439525604,False,ok
0,2025-06-14 10:00:00,2025-06-14 10:00:00,8.300000190734863,8.61062514781952,False,ok
0,2025-06-15 10:00:00,2025-06-15 10:00:00,8.0,7.977385401725771,False,ok
0,2025-06-16 10:00:00,2025-06-16 10:00:00,9.600000381469728,9.307990908622742,False,ok
0,2025-06-17 10:00:00,2025-06-17 10:00:00,9.300000190734863,9.872386813163756,False,ok
0,2025-06-18 10:00:00,2025-06-18 10:00:00,8.5,9.112499117851256,False,ok
0,2025-06-19 10:00:00,2025-06-19 10:00:00,10.600000381469728,10.449309229850767,False,ok
0,2025-06-20 10:00:00,2025-06-20 10:00:00,8.300000190734863,10.591208338737488,False,ok
0,2025-06-21 10:00:00,2025-06-21 10:00:00,3.200000047683716,6.2684019804000854,False,ok
0,2025-06-21 15:57:36,2025-06-21 15:57:36,8.399999618530273,8.45391647020976,False,ok
0,2025-06-22 10:00:00,2025-06-22 10:00:00,7.699999809265137,7.075752337773642,False,ok
0,2025-06-23 10:00:00,2025-06-23 10:00:00,7.599999904632568,8.044694503148397,False,ok
0,2025-06-24 10:00:00,2025-06-24 10:00:00,9.199999809265137,9.127326329549154,False,ok
0,2025-06-25 10:00:00,2025-06-25 10:00:00,8.5,7.876507441202801,False,ok
0,2025-06-26 10:00:00,2025-06-26 10:00:00,7.199999809265137,6.619208971659342,False,ok
0,2025-06-27 10:00:00,2025-06-27 10:00:00,8.899999618530273,8.407313028971355,False,ok
0,2025-06-28 10:00:00,2025-06-28 10:00:00,9.800000190734863,8.578706701596579,False,ok
0,2025-06-29 10:00:00,2025-06-29 10:00:00,8.5,8.34601112206777,False,ok
0,2025-06-30 10:00:00,2025-06-30 10:00:00,8.0,8.442800164222717,False,ok
0,2025-07-01 10:00:00,2025-07-01 10:00:00,8.199999809265137,9.018818497657776,False,ok
0,2025-07-02 10:00:00,2025-07-02 10:00:00,8.800000190734863,8.86547529697418,False,ok
0,2025-07-03 10:00:00,2025-07-03 10:00:00,9.300000190734863,8.668586134910583,False,ok
0,2025-07-04 10:00:00,2025-07-04 10:00:00,9.399999618530272,8.222330689430235,False,ok
0,2025-07-05 10:00:00,2025-07-05 10:00:00,8.600000381469727,8.878966013590494,False,ok
0,2025-07-06 10:00:00,2025-07-06 10:00:00,9.300000190734863,9.273659348487858,False,ok
0,2025-07-07 10:00:00,2025-07-07 10:00:00,8.5,8.602439403533934,False,ok
0,2025-07-08 10:00:00,2025-07-08 10:00:00,9.199999809265137,8.788849274317421,False,ok
0,2025-07-09 10:00:00,2025-07-09 10:00:00,8.199999809265137,8.554643074671427,False,ok
0,2025-07-10 10:00:00,2025-07-10 10:00:00,7.599999904632568,7.667141993840535,False,ok
0,2025-07-11 10:00:00,2025-07-11 10:00:00,9.100000381469728,8.82222565015157,False,ok
0,2025-07-12 10:00:00,2025-07-12 10:00:00,8.800000190734863,9.259295701980587,False,ok
0,2025-07-13 10:00:00,2025-07-13 10:00:00,8.5,8.57482735315959,False,ok
0,2025-07-14 10:00:00,2025-07-14 10:00:00,9.800000190734863,9.402370095252987,False,ok
0,2025-07-15 10:00:00,2025-07-15 10:00:00,9.399999618530272,9.448148369789122,False,ok
0,2025-07-16 10:00:00,2025-07-16 10:00:00,9.100000381469728,8.145013451576233,False,ok
0,2025-07-17 10:00:00,2025-07-17 10:00:00,8.100000381469727,8.676059365272522,False,ok
0,2025-07-18 10:00:00,2025-07-18 10:00:00,9.399999618530272,9.386856913566588,False,ok
0,2025-07-19 10:00:00,2025-07-19 10:00:00,7.900000095367432,8.341629862785341,False,ok
0,2025-07-20 10:00:00,2025-07-20 10:00:00,9.5,9.516540408134455,False,ok
0,2025-07-21 10:00:00,2025-07-21 10:00:00,9.300000190734863,9.864599386850994,False,ok
0,2025-07-22 10:00:00,2025-07-22 10:00:00,9.899999618530272,9.439876238505049,False,ok
0,2025-07-23 10:00:00,2025-07-23 10:00:00,8.5,8.506555716196697,False,ok
0,2025-07-24 10:00:00,2025-07-24 10:00:00,8.199999809265137,9.191236813863116,False,ok
0,2025-07-24 13:00:00,2025-07-24 13:00:00,120.0,9.300000190734862,True,ok
0,2025-07-24 13:15:00,2025-07-24 13:15:00,45.900001525878906,9.300000190734862,True,ok
0,2025-07-24 15:20:00,2025-07-24 15:20:00,2.0999999046325684,9.262171745300291,False,ok
0,2025-07-25 10:00:00,2025-07-25 10:00:00,9.600000381469728,9.970420360565184,False,ok
0,2025-07-26 10:00:00,2025-07-26 10:00:00,7.300000190734863,8.052531003952026,False,ok
0,2025-07-27 10:00:00,2025-07-27 10:00:00,8.899999618530273,7.694155057271321,False,ok
0,2025-07-28 10:00:00,2025-07-28 10:00:00,10.199999809265137,9.592376073201494,False,ok
0,2025-07-28 16:00:00,2025-07-28 16:00:00,35.099998474121094,8.899999618530273,True,ok
0,2025-07-28 21:26:26,2025-07-28 21:26:26,3.5,5.561474800109864,False,ok
0,2025-07-29 10:00:00,2025-07-29 10:00:00,8.300000190734863,7.898213068644206,False,ok
0,2025-07-30 10:00:00,2025-07-30 10:00:00,10.0,9.637115478515623,False,ok
0,2025-07-31 10:00:00,2025-07-31 10:00:00,6.599999904632568,6.262793779373169,False,ok
0,2025-08-01 10:00:00,2025-08-01 10:00:00,5.300000190734863,4.9598517417907715,False,ok
0,2025-08-03 10:00:00,2025-08-03 10:00:00,10.199999809265137,9.126625061035156,False,ok
0,2025-08-04 10:00:00,2025-08-04 10:00:00,7.5,7.941471735636392,False,ok
0,2025-08-05 10:00:00,2025-08-05 10:00:00,6.599999904632568,6.696345965067545,False,ok
0,2025-08-05 14:05:08,2025-08-05 14:05:08,3.5999999046325684,4.368917465209961,False,ok
0,2025-08-06 10:00:00,2025-08-06 10:00:00,7.900000095367432,7.719380617141722,False,ok
0,2025-08-07 10:00:00,2025-08-07 10:00:00,6.300000190734863,6.143983880678813,False,ok
0,2025-08-08 10:00:00,2025-08-08 10:00:00,7.400000095367432,7.132951656977335,False,ok
0,2025-08-09 10:00:00,2025-08-09 10:00:00,7.599999904632568,9.0856511592865,False,ok
0,2025-08-10 10:00:00,2025-08-10 10:00:00,9.300000190734863,9.563671986262008,False,ok
0,2025-08-12 10:00:00,2025-08-12 10:00:00,8.0,8.135260144869488,False,ok
0,2025-08-13 10:00:00,2025-08-13 10:00:00,9.199999809265137,9.063447992006935,False,ok
0,2025-08-14 10:00:00,2025-08-14 10:00:00,10.5,0.90532652537028,False,ok
0,2025-08-14 14:00:00,2025-08-14 14:00:00,11.800000190734863,0.3,False,ok
0,2025-08-14 20:00:00,2025-08-14 20:00:00,4.699999809265137,4.6886989275614415,False,ok
0,2025-08-15 10:00:00,2025-08-15 10:00:00,8.100000381469727,8.250526666641235,False,ok
0,2025-08-16 10:00:00,2025-08-16 10:00:00,8.300000190734863,8.31435990333557,False,ok
0,2025-08-16 20:00:00,2025-08-16 20:00:00,5.199999809265137,6.252424240112305,False,ok
0,2025-08-17 10:00:00,2025-08-17 10:00:00,7.900000095367432,8.016363461812338,False,ok
0,2025-08-18 10:00:00,2025-08-18 10:00:00,9.199999809265137,8.311657269795734,False,ok
0,2025-08-19 10:00:00,2025-08-19 10:00:00,6.699999809265137,7.213738441467285,False,ok
0,2025-08-20 10:00:00,2025-08-20 10:00:00,7.099999904632568,6.7864885330200195,False,ok
0,2025-08-21 10:00:00,2025-08-21 10:00:00,6.599999904632568,6.15019702911377,False,ok
0,2025-08-22 10:00:00,2025-08-22 10:00:00,8.5,8.19029712677002,False,ok
0,2025-08-23 10:00:00,2025-08-23 10:00:00,11.399999618530272,9.667354583740236,False,ok
0,2025-08-23 22:00:00,2025-08-23 22:00:00,8.899999618530273,8.38855242729187,False,ok
0,2025-08-24 10:00:00,2025-08-24 10:00:00,9.399999618530272,8.623027563095095,False,ok
0,2025-08-25 10:00:00,2025-08-25 10:00:00,10.899999618530272,10.60060127576192,False,ok
0,2025-08-27 10:00:00,2025-08-27 10:00:00,8.699999809265137,8.883535385131838,False,ok
0,2025-08-27 22:00:00,2025-08-27 22:00:00,9.300000190734863,10.042895952860516,False,ok
0,2025-08-28 10:00:00,2025-08-28 10:00:00,7.800000190734863,8.284759362538654,False,ok
0,2025-08-29 10:00:00,2025-08-29 10:00:00,8.0,8.297720750172935,False,ok
0,2025-08-30 10:00:00,2025-08-30 10:00:00,11.100000381469728,9.881595452626549,False,ok
0,2025-08-31 10:00:00,2025-08-31 10:00:00,8.600000381469727,9.711768786112469,False,ok
0,2025-09-01 10:00:00,2025-09-01 10:00:00,7.599999904632568,9.04191748301188,False,ok
0,2025-09-02 10:00:00,2025-09-02 10:00:00,7.199999809265137,8.317294518152874,False,ok
0,2025-09-03 10:00:00,2025-09-03 10:00:00,10.699999809265137,9.140472650527952,False,ok
0,2025-09-04 10:00:00,2025-09-04 10:00:00,7.300000190734863,8.89480710029602,False,ok
0,2025-09-05 10:00:00,2025-09-05 10:00:00,9.699999809265137,10.065327644348145,False,ok
0,2025-09-06 10:00:00,2025-09-06 10:00:00,11.699999809265137,10.246907790501911,False,ok
0,2025-09-07 10:00:00,2025-09-07 10:00:00,10.699999809265137,7.751295804977419,False,ok
0,2025-09-08 10:00:00,2025-09-08 10:00:00,9.800000190734863,9.313673814137776,False,ok
0,2025-09-09 10:00:00,2025-09-09 10:00:00,8.399999618530273,7.763684590657555,False,ok
0,2025-09-10 10:00:00,2025-09-10 10:00:00,10.100000381469728,9.700795491536455,False,ok
0,2025-09-11 10:00:00,2025-09-11 10:00:00,8.699999809265137,8.851706107457478,False,ok
0,2025-09-12 10:00:00,2025-09-12 10:00:00,9.899999618530272,10.152503569920858,False,ok
0,2025-09-13 10:00:00,2025-09-13 10:00:00,9.800000190734863,9.930503447850544,False,ok
0,2025-09-14 10:00:00,2025-09-14 10:00:00,9.899999618530272,9.598657528559366,False,ok
0,2025-09-15 10:00:00,2025-09-15 10:00:00,8.300000190734863,9.190431197484331,False,ok
0,2025-09-16 10:00:00,2025-09-16 10:00:00,9.199999809265137,8.873050292332966,False,ok
0,2025-09-17 10:00:00,2025-09-17 10:00:00,9.300000190734863,9.104224761327108,False,ok
0,2025-09-18 10:00:00,2025-09-18 10:00:00,9.600000381469728,9.327762206395468,False,ok
0,2025-09-19 10:00:00,2025-09-19 10:00:00,9.600000381469728,9.629881620407104,False,ok
0,2025-09-20 10:00:00,2025-09-20 10:00:00,8.5,9.207350651423136,False,ok
0,2025-09-21 10:00:00,2025-09-21 10:00:00,7.599999904632568,8.478022575378418,False,ok
0,2025-09-22 10:00:00,2025-09-22 10:00:00,8.899999618530273,9.007628440856934,False,ok
0,2025-09-23 10:00:00,2025-09-23 10:00:00,10.199999809265137,9.414273262023924,False,ok
0,2025-09-24 10:00:00,2025-09-24 10:00:00,10.5,11.064189751942951,False,ok
0,2025-09-25 10:00:00,2025-09-25 10:00:00,9.800000190734863,8.403202692667644,False,ok
0,2025-09-26 10:00:00,2025-09-26 10:00:00,7.599999904632568,8.388028939565023,False,ok
0,2025-09-27 10:00:00,2025-09-27 10:00:00,8.399999618530273,8.635178248087565,False,ok
0,2025-09-28 10:00:00,2025-09-28 10:00:00,9.399999618530272,9.004280567169191,False,ok
0,2025-09-28 17:00:00,2025-09-28 17:00:00,15.300000190734863,6.228686809539795,False,ok
0,2025-09-28 20:00:00,2025-09-28 20:00:00,8.300000190734863,7.20680046081543,False,ok
0,2025-09-29 10:00:00,2025-09-29 10:00:00,9.199999809265137,9.612269560496015,False,ok
0,2025-09-30 10:00:00,2025-09-30 10:00:00,8.300000190734863,8.950057188669842,False,ok
0,2025-10-01 10:00:00,2025-10-01 10:00:00,9.800000190734863,9.575037320454918,False,ok
0,2025-10-02 10:00:00,2025-10-02 10:00:00,9.699999809265137,9.356008211771645,False,ok
0,2025-10-03 10:00:00,2025-10-03 10:00:00,10.399999618530272,10.40114529927572,False,ok
0,2025-10-05 10:00:00,2025-10-05 10:00:00,9.699999809265137,9.50929522514343,False,ok
0,2025-10-06 10:00:00,2025-10-06 10:00:00,9.800000190734863,9.19875367482503,False,ok
0,2025-10-06 14:00:00,2025-10-06 14:00:00,5.199999809265137,6.9419331550598145,False,ok
0,2025-10-07 10:00:00,2025-10-07 10:00:00,9.300000190734863,9.62972720464071,False,ok
0,2025-10-08 10:00:00,2025-10-08 10:00:00,9.800000190734863,9.848040342330934,False,ok
0,2025-10-09 10:00:00,2025-10-09 10:00:00,12.699999809265137,9.430590947469076,False,ok
0,2025-10-09 16:00:00,2025-10-09 16:00:00,8.699999809265137,9.349077939987184,False,ok
0,2025-10-09 22:00:00,2025-10-09 22:00:00,9.0,11.399859189987184,False,ok
0,2025-10-10 10:00:00,2025-10-10 10:00:00,10.199999809265137,13.356677373250324,False,ok
0,2025-10-10 20:00:00,2025-10-10 20:00:00,9.600000381469728,8.913565158843994,False,ok
0,2025-10-11 10:00:00,2025-10-11 10:00:00,9.0,8.95624780654907,False,ok
0,2025-10-12 10:00:00,2025-10-12 10:00:00,10.5,9.79747978846232,False,ok
0,2025-10-14 10:00:00,2025-10-14 10:00:00,9.199999809265137,8.819371382395428,False,ok
0,2025-10-15 10:00:00,2025-10-15 10:00:00,9.100000381469728,8.443979740142822,False,ok
0,2025-10-16 10:00:00,2025-10-16 10:00:00,12.199999809265137,10.800060272216797,False,ok
0,2025-10-16 15:00:00,2025-10-16 15:00:00,9.699999809265137,9.69210394223531,False,ok
0,2025-10-17 10:00:00,2025-10-17 10:00:00,10.399999618530272,9.470851500829058,False,ok
0,2025-10-18 10:00:00,2025-10-18 10:00:00,10.800000190734863,8.89742048581441,False,ok
0,2025-10-18 16:00:00,2025-10-18 16:00:00,8.0,7.335257927576702,False,ok
0,2025-10-19 10:00:00,2025-10-19 10:00:00,6.5,6.6533241271972665,False,ok
0,2025-10-20 10:00:00,2025-10-20 10:00:00,10.5,9.383026043574016,False,ok
0,2025-10-21 10:00:00,2025-10-21 10:00:00,10.100000381469728,8.949459671974182,False,ok
0,2025-10-21 16:00:00,2025-10-21 16:00:00,11.0,9.2019704580307,False,ok
0,2025-10-21 22:00:00,2025-10-21 22:00:00,10.0,8.871812661488848,False,ok
0,2025-10-22 10:00:00,2025-10-22 10:00:00,9.300000190734863,8.29448922475179,False,ok
0,2025-10-22 20:00:00,2025-10-22 20:00:00,11.0,9.988677819569906,False,ok
0,2025-10-23 02:00:00,2025-10-23 02:00:00,6.699999809265137,7.850436290105183,False,ok
0,2025-10-23 10:00:00,2025-10-23 10:00:00,9.100000381469728,9.077958663304644,False,ok
0,2025-10-23 21:00:00,2025-10-23 21:00:00,6.5,10.649810949961344,False,ok
0,2025-10-24 10:00:00,2025-10-24 10:00:00,7.0,10.79630390803019,False,ok
0,2025-10-25 10:00:00,2025-10-25 10:00:00,7.199999809265137,11.77898327509562,False,ok
0,2025-10-26 10:00:00,2025-10-26 10:00:00,7.199999809265137,11.11460224787394,False,ok
0,2025-10-27 10:00:00,2025-10-27 10:00:00,10.399999618530272,9.7999081214269,False,ok
0,2025-10-27 15:15:10,2025-10-27 15:15:10,9.600000381469728,11.02054456869761,False,ok
0,2025-10-27 18:46:34,2025-10-27 18:46:34,5.599999904632568,9.311567346254984,False,ok
0,2025-10-27 22:00:00,2025-10-27 22:00:00,7.699999809265137,9.93933379650116,False,ok
0,2025-10-28 10:00:00,2025-10-28 10:00:00,9.899999618530272,10.183160106341042,False,ok
0,2025-10-28 14:00:00,2025-10-28 14:00:00,7.800000190734863,6.141617576281229,False,ok
0,2025-10-29 10:00:00,2025-10-29 10:00:00,9.199999809265137,6.867448131243386,False,ok
0,2025-10-30 10:00:00,2025-10-30 10:00:00,9.899999618530272,8.36824913819631,False,ok
0,2025-10-31 10:00:00,2025-10-31 10:00:00,10.199999809265137,7.846597035725909,False,ok
0,2025-11-01 10:00:00,2025-11-01 10:00:00,7.800000190734863,7.741387208302817,False,ok
0,2025-11-02 10:00:00,2025-11-02 10:00:00,10.100000381469728,8.87330369154612,False,ok
0,2025-11-03 05:00:00,2025-11-03 05:00:00,8.5,7.651056567827861,False,ok
0,2025-11-03 10:00:00,2025-11-03 10:00:00,9.5,9.271325151125591,False,ok
0,2025-11-04 10:00:00,2025-11-04 10:00:00,9.399999618530272,8.498998006184895,False,ok
0,2025-11-05 10:00:00,2025-11-05 10:00:00,8.899999618530273,8.46760654449463,False,ok
0,2025-11-06 10:00:00,2025-11-06 10:00:00,9.600000381469728,8.615929087003073,False,ok
0,2025-11-07 10:00:00,2025-11-07 10:00:00,9.899999618530272,9.929604252179466,False,ok
0,2025-11-08 10:00:00,2025-11-08 10:00:00,8.800000190734863,8.936251362164818,False,ok
0,2025-11-09 10:00:00,2025-11-09 10:00:00,10.5,8.339834372202557,False,ok
0,2025-11-09 13:00:00,2025-11-09 13:00:00,11.199999809265137,10.51115147272746,False,ok
0,2025-11-09 17:00:09,2025-11-09 17:00:09,8.100000381469727,8.57432548205058,False,ok
0,2025-11-10 00:00:00,2025-11-10 00:00:00,7.300000190734863,6.293627421061199,False,ok
0,2025-11-10 10:00:00,2025-11-10 10:00:00,8.100000381469727,7.94718925158183,False,ok
0,2025-11-11 10:00:00,2025-11-11 10:00:00,9.100000381469728,9.519992152849836,False,ok
0,2025-11-12 10:00:00,2025-11-12 10:00:00,11.5,11.203733642896012,False,ok
0,2025-11-12 17:06:58,2025-11-12 17:06:58,8.100000381469727,9.15753384431203,False,ok
0,2025-11-13 10:00:00,2025-11-13 10:00:00,7.300000190734863,9.92962682247162,False,ok
0,2025-11-14 10:00:00,2025-11-14 10:00:00,10.399999618530272,10.362972617149357,False,ok
0,2025-11-14 22:00:00,2025-11-14 22:00:00,8.300000190734863,8.559344967206318,False,ok
0,2025-11-15 10:00:00,2025-11-15 10:00:00,9.199999809265137,8.505213141441343,False,ok
0,2025-11-16 10:00:00,2025-11-16 10:00:00,9.899999618530272,9.84265172481537,False,ok
0,2025-11-17 10:00:00,2025-11-17 10:00:00,9.199999809265137,9.46575963497162,False,ok
0,2025-11-18 10:00:00,2025-11-18 10:00:00,9.800000190734863,9.227722525596617,False,ok
0,2025-11-19 10:00:00,2025-11-19 10:00:00,9.699999809265137,9.961673895517984,False,ok
0,2025-11-20 10:00:00,2025-11-20 10:00:00,6.099999904632568,7.398175398508708,False,ok
0,2025-11-21 10:00:00,2025-11-21 10:00:00,10.399999618530272,11.011667331059776,False,ok
0,2025-11-22 10:00:00,2025-11-22 10:00:00,9.300000190734863,8.941124359766643,False,ok
0,2025-11-23 10:00:00,2025-11-23 10:00:00,9.899999618530272,9.226337512334188,False,ok
0,2025-11-23 22:51:00,2025-11-23 22:51:00,9.899999618530272,11.04714115460714,False,ok
0,2025-11-24 02:38:00,2025-11-24 02:38:00,10.699999809265137,10.729322512944542,False,ok
0,2025-11-24 10:00:00,2025-11-24 10:00:00,9.0,8.327605326970417,False,ok
0,2025-11-24 20:00:00,2025-11-24 20:00:00,8.399999618530273,9.616477171579998,False,ok
0,2025-11-25 10:00:00,2025-11-25 10:00:00,9.899999618530272,9.898768583933514,False,ok
0,2025-11-26 10:00:00,2025-11-26 10:00:00,9.699999809265137,10.517495314280191,False,ok
0,2025-11-27 10:00:00,2025-11-27 10:00:00,13.100000381469728,12.19992208480835,False,ok
0,2025-11-27 12:45:00,2025-11-27 12:45:00,10.5,10.31087827682495,False,ok
0,2025-11-27 22:00:00,2025-11-27 22:00:00,8.600000381469727,12.334258238474533,False,ok
0,2025-11-28 10:00:00,2025-11-28 10:00:00,9.0,10.4464115301768,False,ok
0,2025-11-29 10:00:00,2025-11-29 10:00:00,7.300000190734863,9.620928208033243,False,ok
0,2025-11-30 10:00:00,2025-11-30 10:00:00,8.699999809265137,10.404464165369667,False,ok
0,2025-12-01 10:00:00,2025-12-01 10:00:00,7.800000190734863,8.454532066980999,False,ok
0,2025-12-02 10:00:00,2025-12-02 10:00:00,8.399999618530273,8.805902679761251,False,ok
0,2025-12-03 10:00:00,2025-12-03 10:00:00,6.800000190734863,6.7597419023513785,False,ok
0,2025-12-04 10:00:00,2025-12-04 10:00:00,7.800000190734863,6.46550198396047,False,ok
0,2025-12-05 10:00:00,2025-12-05 10:00:00,9.0,9.756819446881613,False,ok
0,2025-12-06 10:00:00,2025-12-06 10:00:00,8.300000190734863,8.39497395356496,False,ok
0,2025-12-07 10:00:00,2025-12-07 10:00:00,10.199999809265137,9.443238457043964,False,ok
0,2025-12-08 10:00:00,2025-12-08 10:00:00,8.199999809265137,8.343108852704368,False,ok
0,2025-12-09 10:00:00,2025-12-09 10:00:00,9.100000381469728,8.252273281415304,False,ok
0,2025-12-10 06:00:00,2025-12-10 06:00:00,9.800000190734863,9.000000000000002,True,ok
0,2025-12-10 09:35:00,2025-12-10 09:35:00,8.0,0.3,False,ok
0,2025-12-10 20:00:00,2025-12-10 20:00:00,7.800000190734863,9.244702657063804,False,ok
0,2025-12-11 10:00:00,2025-12-11 10:00:00,7.300000190734863,7.788143157958984,False,ok
0,2025-12-11 17:00:00,2025-12-11 17:00:00,10.5,11.263304233551024,False,ok
0,2025-12-12 10:00:00,2025-12-12 10:00:00,7.599999904632568,8.728918393452965,False,ok
0,2025-12-13 10:00:00,2025-12-13 10:00:00,6.699999809265137,8.34357794125875,False,ok
0,2025-12-14 10:00:00,2025-12-14 10:00:00,6.400000095367432,8.661737680435182,False,ok
0,2025-12-14 14:22:00,2025-12-14 14:22:00,11.0,10.765748977661133,False,ok
0,2025-12-15 10:00:00,2025-12-15 10:00:00,8.800000190734863,7.703310012817385,False,ok
0,2025-12-16 10:00:00,2025-12-16 10:00:00,7.400000095367432,7.359987258911133,False,ok
0,2025-12-17 10:00:00,2025-12-17 10:00:00,8.399999618530273,10.201251149177551,False,ok
0,2025-12-18 10:00:00,2025-12-18 10:00:00,9.300000190734863,8.436957438786823,False,ok
0,2025-12-19 10:00:00,2025-12-19 10:00:00,9.399999618530272,8.737943768501282,False,ok
0,2025-12-20 10:00:00,2025-12-20 10:00:00,9.100000381469728,9.385939518610638,False,ok
0,2025-12-21 10:00:00,2025-12-21 10:00:00,8.800000190734863,8.649909893671675,False,ok
0,2025-12-22 10:00:00,2025-12-22 10:00:00,9.0,9.30948559443156,False,ok
0,2025-12-23 10:00:00,2025-12-23 10:00:00,8.300000190734863,8.103265921274822,False,ok
0,2025-12-24 10:00:00,2025-12-24 10:00:00,5.099999904632568,4.495711167653402,False,ok
0,2025-12-25 10:00:00,2025-12-25 10:00:00,9.0,9.575738112131758,False,ok
0,2025-12-26 10:00:00,2025-12-26 10:00:00,6.199999809265137,8.49697987238566,False,ok
0,2025-12-27 10:00:00,2025-12-27 10:00:00,8.899999618530273,6.997630357742309,False,ok
0,2025-12-28 10:00:00,2025-12-28 10:00:00,10.899999618530272,7.786934375762941,False,ok
0,2025-12-29 00:00:00,2025-12-29 00:00:00,10.5,8.23401689529419,False,ok
0,2025-12-29 02:30:00,2025-12-29 02:30:00,7.900000095367432,5.9101033210754395,False,ok
0,2025-12-29 10:00:00,2025-12-29 10:00:00,4.699999809265137,3.0790907939275107,False,ok
0,2025-12-30 10:00:00,2025-12-30 10:00:00,9.699999809265137,7.804606358210245,False,ok
0,2025-12-31 10:00:00,2025-12-31 10:00:00,9.0,8.78269831339518,False,ok
60,2025-01-01 09:00:00,2025-01-01 10:00:00,3.5,3.4622494578361507,False,ok
60,2025-01-02 09:00:00,2025-01-02 10:00:00,7.099999904632568,7.5113985141118365,False,ok
60,2025-01-03 09:00:00,2025-01-03 10:00:00,7.699999809265137,8.112586696942648,False,ok
60,2025-01-04 09:00:00,2025-01-04 10:00:00,5.400000095367432,6.8125764926274615,False,ok
60,2025-01-05 09:00:00,2025-01-05 10:00:00,5.300000190734863,4.513588249683379,False,ok
60,2025-01-06 09:00:00,2025-01-06 10:00:00,4.800000190734863,4.856170952320099,False,ok
60,2025-01-07 09:00:00,2025-01-07 10:00:00,5.099999904632568,5.107917606830597,False,ok
60,2025-01-08 09:00:00,2025-01-08 10:00:00,3.5999999046325684,3.8269432187080383,False,ok
60,2025-01-09 09:00:00,2025-01-09 10:00:00,3.900000095367432,3.984878361225128,False,ok
60,2025-01-10 09:00:00,2025-01-10 10:00:00,3.5,3.730765640735626,False,ok
60,2025-01-11 09:00:00,2025-01-11 10:00:00,3.5999999046325684,4.180910646915436,False,ok
60,2025-01-12 09:00:00,2025-01-12 10:00:00,4.199999809265137,3.4801077644030256,False,ok
60,2025-01-13 09:00:00,2025-01-13 10:00:00,6.0,4.969551185766856,False,ok
60,2025-01-14 09:00:00,2025-01-14 10:00:00,1.600000023841858,2.302342275778453,False,ok
60,2025-01-15 09:00:00,2025-01-15 10:00:00,1.899999976158142,1.861355761686961,False,ok
60,2025-01-16 09:00:00,2025-01-16 10:00:00,7.099999904632568,6.528796652952829,False,ok
60,2025-01-17 09:00:00,2025-01-17 10:00:00,8.199999809265137,6.830916861693063,False,ok
60,2025-01-18 09:00:00,2025-01-18 10:00:00,7.599999904632568,6.61114070812861,False,ok
60,2025-01-19 09:00:00,2025-01-19 10:00:00,6.900000095367432,6.015633682409923,False,ok
60,2025-01-20 09:00:00,2025-01-20 10:00:00,10.600000381469728,9.832545479138693,False,ok
60,2025-01-21 09:00:00,2025-01-21 10:00:00,8.300000190734863,8.819931427637735,False,ok
60,2025-01-22 09:00:00,2025-01-22 10:00:00,6.099999904632568,7.54581681887309,False,ok
60,2025-01-23 09:00:00,2025-01-23 10:00:00,6.099999904632568,8.246419548988342,False,ok
60,2025-01-23 21:00:00,2025-01-23 22:00:00,5.900000095367432,8.960977176825205,False,ok
60,2025-01-24 09:00:00,2025-01-24 10:00:00,6.699999809265137,11.017856220404305,False,ok
60,2025-01-25 09:00:00,2025-01-25 10:00:00,7.5,7.5267783006032305,False,ok
60,2025-01-26 09:00:00,2025-01-26 10:00:00,8.899999618530273,7.576623161633809,False,ok
60,2025-01-27 09:00:00,2025-01-27 10:00:00,6.0,6.081281503041584,False,ok
60,2025-01-28 09:00:00,2025-01-28 10:00:00,7.900000095367432,7.376756985982259,False,ok
60,2025-01-29 09:00:00,2025-01-29 10:00:00,6.199999809265137,6.481055577596028,False,ok
60,2025-01-30 09:00:00,2025-01-30 10:00:00,5.900000095367432,7.874754746754966,False,ok
60,2025-01-31 09:00:00,2025-01-31 10:00:00,7.400000095367432,9.855634133021036,False,ok
60,2025-02-01 09:00:00,2025-02-01 10:00:00,9.600000381469728,6.13496979077657,False,ok
60,2025-02-02 09:00:00,2025-02-02 10:00:00,10.5,8.095423062642414,False,ok
60,2025-02-03 03:48:22,2025-02-03 04:48:22,10.699999809265137,23.726519902547203,False,ok
60,2025-02-03 09:00:00,2025-02-03 10:00:00,8.5,9.600000381469725,True,ok
60,2025-02-04 09:00:00,2025-02-04 10:00:00,7.099999904632568,8.250507036844889,False,ok
60,2025-02-05 09:00:00,2025-02-05 10:00:00,7.400000095367432,8.355806986490885,False,ok
60,2025-02-07 09:00:00,2025-02-07 10:00:00,8.300000190734863,6.740135033925374,False,ok
60,2025-02-08 09:00:00,2025-02-08 10:00:00,8.100000381469727,7.084975083669027,False,ok
60,2025-02-09 09:00:00,2025-02-09 10:00:00,9.899999618530272,7.99697748819987,False,ok
60,2025-02-10 09:00:00,2025-02-10 10:00:00,9.5,9.665297428766888,False,ok
60,2025-02-11 09:00:00,2025-02-11 10:00:00,6.800000190734863,8.558268467585245,False,ok
60,2025-02-12 09:00:00,2025-02-12 10:00:00,9.600000381469728,7.951266288757322,False,ok
60,2025-02-13 09:00:00,2025-02-13 10:00:00,11.600000381469728,9.480167388916016,False,ok
60,2025-02-13 15:46:39,2025-02-13 16:46:39,8.899999618530273,8.807164152463274,False,ok
60,2025-02-14 09:00:00,2025-02-14 10:00:00,7.0,8.573656042416888,False,ok
60,2025-02-14 21:41:16,2025-02-14 22:41:16,11.899999618530272,5.746205766995748,False,ok
60,2025-02-15 01:39:46,2025-02-15 02:39:46,8.0,9.84930129845937,False,ok
60,2025-02-15 09:00:00,2025-02-15 10:00:00,9.100000381469728,7.929514050483703,False,ok
60,2025-02-16 09:00:00,2025-02-16 10:00:00,7.300000190734863,9.53036912282308,False,ok
60,2025-02-17 09:00:00,2025-02-17 10:00:00,8.699999809265137,8.921441157658895,False,ok
60,2025-02-18 09:00:00,2025-02-18 10:00:00,8.5,7.711132287979127,False,ok
60,2025-02-19 09:00:00,2025-02-19 10:00:00,10.199999809265137,9.016751845677694,False,ok
60,2025-02-20 09:00:00,2025-02-20 10:00:00,5.699999809265137,5.228005488713583,False,ok
60,2025-02-21 09:00:00,2025-02-21 10:00:00,9.399999618530272,7.623637755711875,False,ok
60,2025-02-22 09:00:00,2025-02-22 10:00:00,9.100000381469728,10.193024714787803,False,ok
60,2025-02-23 09:00:00,2025-02-23 10:00:00,10.300000190734863,10.028236468633017,False,ok
60,2025-02-24 09:00:00,2025-02-24 10:00:00,9.399999618530272,9.574585835138956,False,ok
60,2025-02-25 09:00:00,2025-02-25 10:00:00,9.399999618530272,9.272341171900434,False,ok
60,2025-02-26 09:00:00,2025-02-26 10:00:00,8.800000190734863,10.79141330718994,False,ok
60,2025-02-27 09:00:00,2025-02-27 10:00:00,10.300000190734863,10.499958038330076,False,ok
60,2025-02-28 09:00:00,2025-02-28 10:00:00,10.600000381469728,10.266143798828129,False,ok
60,2025-03-01 09:00:00,2025-03-01 10:00:00,7.800000190734863,9.24110794067383,False,ok
60,2025-03-02 09:00:00,2025-03-02 10:00:00,10.0,9.144136905670166,False,ok
60,2025-03-03 09:00:00,2025-03-03 10:00:00,8.300000190734863,8.6568865776062,False,ok
60,2025-03-06 09:00:00,2025-03-06 10:00:00,8.5,10.045886357625324,False,ok
60,2025-03-07 09:00:00,2025-03-07 10:00:00,8.399999618530273,8.077491124471026,False,ok
60,2025-03-08 09:00:00,2025-03-08 10:00:00,8.0,7.3983553250630685,False,ok
60,2025-03-09 09:00:00,2025-03-09 10:00:00,9.5,8.891600449879963,False,ok
60,2025-03-10 09:00:00,2025-03-10 10:00:00,10.199999809265137,9.531017303466797,False,ok
60,2025-03-11 09:00:00,2025-03-11 10:00:00,8.100000381469727,9.665667136510212,False,ok
60,2025-03-12 09:00:00,2025-03-12 10:00:00,8.600000381469727,9.442141135533651,False,ok
60,2025-03-13 09:00:00,2025-03-13 10:00:00,7.699999809265137,8.66200041770935,False,ok
60,2025-03-14 09:00:00,2025-03-14 10:00:00,9.899999618530272,8.823755979537962,False,ok
60,2025-03-15 09:00:00,2025-03-15 10:00:00,10.399999618530272,10.90960669517517,False,ok
60,2025-03-16 09:00:00,2025-03-16 10:00:00,10.5,9.908411820729574,False,ok
60,2025-03-17 09:00:00,2025-03-17 10:00:00,12.399999618530272,12.651809295018516,False,ok
60,2025-03-18 09:00:00,2025-03-18 10:00:00,12.300000190734863,12.985952456792194,False,ok
60,2025-03-19 09:00:00,2025-03-19 10:00:00,10.300000190734863,11.171258608500164,False,ok
60,2025-03-20 09:00:00,2025-03-20 10:00:00,11.300000190734863,10.281474669774376,False,ok
60,2025-03-21 09:00:00,2025-03-21 10:00:00,9.600000381469728,10.127376159032188,False,ok
60,2025-03-22 09:00:00,2025-03-22 10:00:00,8.800000190734863,10.49284863471985,False,ok
60,2025-03-23 09:00:00,2025-03-23 10:00:00,6.900000095367432,10.518768548965452,False,ok
60,2025-03-24 05:00:00,2025-03-24 06:00:00,6.800000190734863,0.4052285850048065,False,ok
60,2025-03-24 09:00:00,2025-03-24 10:00:00,6.5,7.857649087905883,False,ok
60,2025-03-24 23:01:00,2025-03-25 00:01:00,11.0,1.8131851752599075,False,ok
60,2025-03-25 05:00:00,2025-03-25 06:00:00,13.399999618530272,3.2421952088673907,False,ok
60,2025-03-25 09:00:00,2025-03-25 10:00:00,8.100000381469727,2.953049739201864,False,ok
60,2025-03-25 19:00:00,2025-03-25 20:00:00,10.5,6.986688931783039,False,ok
60,2025-03-26 09:00:00,2025-03-26 10:00:00,8.300000190734863,6.6809561252593985,False,ok
60,2025-03-26 22:07:57,2025-03-26 23:07:57,10.199999809265137,8.169558763504027,False,ok
60,2025-03-27 09:00:00,2025-03-27 10:00:00,5.400000095367432,7.671563386917114,False,ok
60,2025-03-29 09:00:00,2025-03-29 10:00:00,8.399999618530273,10.397561311721802,False,ok
60,2025-03-30 09:00:00,2025-03-30 10:00:00,10.199999809265137,10.342622041702269,False,ok
60,2025-03-31 09:00:00,2025-03-31 10:00:00,8.600000381469727,9.453027963638306,False,ok
60,2025-04-01 09:00:00,2025-04-01 10:00:00,7.0,7.873749971389769,False,ok
60,2025-04-02 09:00:00,2025-04-02 10:00:00,7.300000190734863,13.060444513956703,False,ok
60,2025-04-03 09:00:00,2025-04-03 10:00:00,9.899999618530272,12.57059558232625,False,ok
60,2025-04-05 09:00:00,2025-04-05 10:00:00,5.800000190734863,7.561779578526815,False,ok
60,2025-04-06 09:00:00,2025-04-06 10:00:00,6.800000190734863,7.511438488960266,False,ok
60,2025-04-07 09:00:00,2025-04-07 10:00:00,7.5,7.778555432955422,False,ok
60,2025-04-08 09:00:00,2025-04-08 10:00:00,6.800000190734863,8.69602866967519,False,ok
60,2025-04-09 09:00:00,2025-04-09 10:00:00,8.100000381469727,9.305034518241882,False,ok
60,2025-04-10 09:00:00,2025-04-10 10:00:00,6.099999904632568,7.150639692942301,False,ok
60,2025-04-11 09:00:00,2025-04-11 10:00:00,7.400000095367432,8.585561593373614,False,ok
60,2025-04-12 09:00:00,2025-04-12 10:00:00,8.699999809265137,6.902388334274291,False,ok
60,2025-04-13 09:00:00,2025-04-13 10:00:00,5.300000190734863,4.291620969772339,False,ok
60,2025-04-14 09:00:00,2025-04-14 10:00:00,7.699999809265137,7.317441701889038,False,ok
60,2025-04-15 09:00:00,2025-04-15 10:00:00,8.5,4.926955699920654,False,ok
60,2025-04-16 09:00:00,2025-04-16 10:00:00,7.699999809265137,6.387222290039062,False,ok
60,2025-04-17 09:00:00,2025-04-17 10:00:00,5.199999809265137,4.401289939880371,False,ok
60,2025-04-18 09:00:00,2025-04-18 10:00:00,8.800000190734863,8.941095908482867,False,ok
60,2025-04-18 19:00:00,2025-04-18 20:00:00,10.0,6.168541510899861,False,ok
60,2025-04-19 09:00:00,2025-04-19 10:00:00,8.800000190734863,7.056595404942829,False,ok
60,2025-04-20 09:00:00,2025-04-20 10:00:00,11.800000190734863,8.5565017859141,False,ok
60,2025-04-21 09:00:00,2025-04-21 10:00:00,11.399999618530272,7.519421180089314,False,ok
60,2025-04-22 09:00:00,2025-04-22 10:00:00,10.600000381469728,9.327147086461386,False,ok
60,2025-04-23 09:00:00,2025-04-23 10:00:00,13.5,9.985952138900757,False,ok
60,2025-04-24 09:00:00,2025-04-24 10:00:00,12.399999618530272,10.075830698013304,False,ok
60,2025-04-25 09:00:00,2025-04-25 10:00:00,9.399999618530272,6.827240705490113,False,ok
60,2025-04-26 05:00:00,2025-04-26 06:00:00,9.0,25.011160055796307,False,ok
60,2025-04-26 09:00:00,2025-04-26 10:00:00,9.5,8.71781078974406,False,ok
60,2025-04-27 09:00:00,2025-04-27 10:00:00,7.699999809265137,8.186711152394613,False,ok
60,2025-04-28 09:00:00,2025-04-28 10:00:00,10.0,9.012158711751304,False,ok
60,2025-04-29 09:00:00,2025-04-29 10:00:00,7.5,8.677061716715494,False,ok
60,2025-04-30 09:00:00,2025-04-30 10:00:00,6.5,7.373680591583252,False,ok
60,2025-05-01 09:00:00,2025-05-01 10:00:00,11.300000190734863,10.446784973144531,False,ok
60,2025-05-02 09:00:00,2025-05-02 10:00:00,8.300000190734863,9.70096476872762,False,ok
60,2025-05-03 09:00:00,2025-05-03 10:00:00,9.899999618530272,10.33627478281657,False,ok
60,2025-05-04 09:00:00,2025-05-04 10:00:00,8.399999618530273,8.822069009145102,False,ok
60,2025-05-05 09:00:00,2025-05-05 10:00:00,8.600000381469727,8.162670771280926,False,ok
60,2025-05-06 09:00:00,2025-05-06 10:00:00,8.5,8.987900177637737,False,ok
60,2025-05-07 09:00:00,2025-05-07 10:00:00,9.699999809265137,9.203251441319784,False,ok
60,2025-05-08 09:00:00,2025-05-08 10:00:00,9.399999618530272,9.784735441207888,False,ok
60,2025-05-09 09:00:00,2025-05-09 10:00:00,9.699999809265137,8.989492575327557,False,ok
60,2025-05-10 09:00:00,2025-05-10 10:00:00,9.199999809265137,7.93396560351054,False,ok
60,2025-05-11 09:00:00,2025-05-11 10:00:00,11.0,9.351595242818194,False,ok
60,2025-05-11 13:00:00,2025-05-11 14:00:00,8.699999809265137,8.188143094380697,False,ok
60,2025-05-12 09:00:00,2025-05-12 10:00:00,9.399999618530272,9.350895325342815,False,ok
60,2025-05-13 09:00:00,2025-05-13 10:00:00,8.699999809265137,10.036381165186564,False,ok
60,2025-05-14 09:00:00,2025-05-14 10:00:00,9.199999809265137,8.867567459742226,False,ok
60,2025-05-15 09:00:00,2025-05-15 10:00:00,8.300000190734863,8.251247008641558,False,ok
60,2025-05-16 09:00:00,2025-05-16 10:00:00,9.0,8.159945487976074,False,ok
60,2025-05-17 09:00:00,2025-05-17 10:00:00,6.800000190734863,9.000000000000002,True,ok
60,2025-05-18 09:00:00,2025-05-18 10:00:00,7.900000095367432,8.779897689819338,False,ok
60,2025-05-19 01:00:00,2025-05-19 02:00:00,6.900000095367432,24.796560525894165,False,ok
60,2025-05-19 09:00:00,2025-05-19 10:00:00,7.599999904632568,8.125543912251791,False,ok
60,2025-05-20 09:00:00,2025-05-20 10:00:00,11.300000190734863,9.98121992746989,False,ok
60,2025-05-21 09:00:00,2025-05-21 10:00:00,10.199999809265137,8.865811983744301,False,ok
60,2025-05-21 21:02:41,2025-05-21 22:02:41,9.0,8.8078449567159,False,ok
60,2025-05-22 09:00:00,2025-05-22 10:00:00,8.800000190734863,7.548770745595296,False,ok
60,2025-05-23 09:00:00,2025-05-23 10:00:00,10.0,10.288484811782835,False,ok
60,2025-05-24 09:00:00,2025-05-24 10:00:00,8.0,8.875569581985474,False,ok
60,2025-05-25 09:00:00,2025-05-25 10:00:00,8.300000190734863,9.824845393498745,False,ok
60,2025-05-26 09:00:00,2025-05-26 10:00:00,6.699999809265137,7.472760876019797,False,ok
60,2025-05-27 09:00:00,2025-05-27 10:00:00,9.199999809265137,9.205097397168478,False,ok
60,2025-05-28 09:00:00,2025-05-28 10:00:00,7.5,9.163513938585917,False,ok
60,2025-05-29 09:00:00,2025-05-29 10:00:00,8.699999809265137,8.41277865568797,False,ok
60,2025-05-30 09:00:00,2025-05-30 10:00:00,10.0,8.854483405749003,False,ok
60,2025-05-31 09:00:00,2025-05-31 10:00:00,6.800000190734863,6.802532752354941,False,ok
60,2025-06-01 09:00:00,2025-06-01 10:00:00,8.699999809265137,6.582028945287068,False,ok
60,2025-06-02 09:00:00,2025-06-02 10:00:00,8.399999618530273,8.351293166478477,False,ok
60,2025-06-03 09:00:00,2025-06-03 10:00:00,23.299999237060547,7.363229831059775,False,ok
60,2025-06-03 16:30:00,2025-06-03 17:30:00,8.5,7.256267110506693,False,ok
60,2025-06-04 09:00:00,2025-06-04 10:00:00,6.900000095367432,7.88909713427226,False,ok
60,2025-06-05 09:00:00,2025-06-05 10:00:00,9.199999809265137,8.872534672419231,False,ok
60,2025-06-06 09:00:00,2025-06-06 10:00:00,8.800000190734863,8.844034671783449,False,ok
60,2025-06-07 09:00:00,2025-06-07 10:00:00,9.100000381469728,9.969377040863035,False,ok
60,2025-06-08 09:00:00,2025-06-08 10:00:00,9.100000381469728,8.804654995600384,False,ok
60,2025-06-09 09:00:00,2025-06-09 10:00:00,9.300000190734863,8.990027348200483,False,ok
60,2025-06-10 09:00:00,2025-06-10 10:00:00,8.800000190734863,9.489034096399946,False,ok
60,2025-06-11 09:00:00,2025-06-11 10:00:00,7.800000190734863,8.02009431521098,False,ok
60,2025-06-12 09:00:00,2025-06-12 10:00:00,9.899999618530272,9.724279284477234,False,ok
60,2025-06-13 09:00:00,2025-06-13 10:00:00,9.199999809265137,8.776938319206236,False,ok
60,2025-06-14 09:00:00,2025-06-14 10:00:00,8.300000190734863,8.641132235527039,False,ok
60,2025-06-15 09:00:00,2025-06-15 10:00:00,8.0,7.811057448387148,False,ok
60,2025-06-16 09:00:00,2025-06-16 10:00:00,9.600000381469728,9.03486239910126,False,ok
60,2025-06-17 09:00:00,2025-06-17 10:00:00,9.300000190734863,7.804820895195006,False,ok
60,2025-06-18 09:00:00,2025-06-18 10:00:00,8.5,9.205577731132507,False,ok
60,2025-06-19 09:00:00,2025-06-19 10:00:00,10.600000381469728,9.78555381298065,False,ok
60,2025-06-20 09:00:00,2025-06-20 10:00:00,8.300000190734863,9.28431022167206,False,ok
60,2025-06-21 09:00:00,2025-06-21 10:00:00,3.200000047683716,8.519076228141786,False,ok
60,2025-06-21 14:57:36,2025-06-21 15:57:36,8.399999618530273,7.9129943052927665,False,ok
60,2025-06-22 09:00:00,2025-06-22 10:00:00,7.699999809265137,6.929274638493855,False,ok
60,2025-06-23 09:00:00,2025-06-23 10:00:00,7.599999904632568,8.203391631444298,False,ok
60,2025-06-24 09:00:00,2025-06-24 10:00:00,9.199999809265137,8.79468568166097,False,ok
60,2025-06-25 09:00:00,2025-06-25 10:00:00,8.5,8.398361841837566,False,ok
60,2025-06-26 09:00:00,2025-06-26 10:00:00,7.199999809265137,6.719134012858072,False,ok
60,2025-06-27 09:00:00,2025-06-27 10:00:00,8.899999618530273,8.421018282572431,False,ok
60,2025-06-28 09:00:00,2025-06-28 10:00:00,9.800000190734863,7.917259176572164,False,ok
60,2025-06-29 09:00:00,2025-06-29 10:00:00,8.5,8.484869917233786,False,ok
60,2025-06-30 09:00:00,2025-06-30 10:00:00,8.0,8.574793457984923,False,ok
60,2025-07-01 09:00:00,2025-07-01 10:00:00,8.199999809265137,8.370315194129944,False,ok
60,2025-07-02 09:00:00,2025-07-02 10:00:00,8.800000190734863,8.950156807899475,False,ok
60,2025-07-03 09:00:00,2025-07-03 10:00:00,9.300000190734863,8.23726689815521,False,ok
60,2025-07-04 09:00:00,2025-07-04 10:00:00,9.399999618530272,7.860648751258852,False,ok
60,2025-07-05 09:00:00,2025-07-05 10:00:00,8.600000381469727,9.413792292277018,False,ok
60,2025-07-06 09:00:00,2025-07-06 10:00:00,9.300000190734863,8.993661522865295,False,ok
60,2025-07-07 09:00:00,2025-07-07 10:00:00,8.5,8.690944194793703,False,ok
60,2025-07-08 09:00:00,2025-07-08 10:00:00,9.199999809265137,8.965105454126993,False,ok
60,2025-07-09 09:00:00,2025-07-09 10:00:00,8.199999809265137,8.17539922396342,False,ok
60,2025-07-10 09:00:00,2025-07-10 10:00:00,7.599999904632568,8.104307254155474,False,ok
60,2025-07-11 09:00:00,2025-07-11 10:00:00,9.100000381469728,8.964106639226278,False,ok
60,2025-07-12 09:00:00,2025-07-12 10:00:00,8.800000190734863,9.21655488014221,False,ok
60,2025-07-13 09:00:00,2025-07-13 10:00:00,8.5,8.8609143892924,False,ok
60,2025-07-14 09:00:00,2025-07-14 10:00:00,9.800000190734863,8.936954140663147,False,ok
60,2025-07-15 09:00:00,2025-07-15 10:00:00,9.399999618530272,9.596158623695374,False,ok
60,2025-07-16 09:00:00,2025-07-16 10:00:00,9.100000381469728,7.780367016792298,False,ok
60,2025-07-17 09:00:00,2025-07-17 10:00:00,8.100000381469727,9.375640511512756,False,ok
60,2025-07-18 09:00:00,2025-07-18 10:00:00,9.399999618530272,10.291704058647158,False,ok
60,2025-07-19 09:00:00,2025-07-19 10:00:00,7.900000095367432,8.556778788566588,False,ok
60,2025-07-20 09:00:00,2025-07-20 10:00:00,9.5,9.063394427299498,False,ok
60,2025-07-21 09:00:00,2025-07-21 10:00:00,9.300000190734863,10.157549063364666,False,ok
60,2025-07-22 09:00:00,2025-07-22 10:00:00,9.899999618530272,9.13775412241618,False,ok
60,2025-07-23 09:00:00,2025-07-23 10:00:00,8.5,8.549299399058027,False,ok
60,2025-07-24 09:00:00,2025-07-24 10:00:00,8.199999809265137,9.748114903767902,False,ok
60,2025-07-24 12:00:00,2025-07-24 13:00:00,120.0,24.630075772603348,False,ok
60,2025-07-24 12:15:00,2025-07-24 13:15:00,45.900001525878906,9.300000190734862,True,ok
60,2025-07-24 14:20:00,2025-07-24 15:20:00,2.0999999046325684,9.300000190734862,True,ok
60,2025-07-25 09:00:00,2025-07-25 10:00:00,9.600000381469728,12.253117084503176,False,ok
60,2025-07-26 09:00:00,2025-07-26 10:00:00,7.300000190734863,7.771776914596558,False,ok
60,2025-07-27 09:00:00,2025-07-27 10:00:00,8.899999618530273,8.561621983846026,False,ok
60,2025-07-28 09:00:00,2025-07-28 10:00:00,10.199999809265137,9.479457219441732,False,ok
60,2025-07-28 15:00:00,2025-07-28 16:00:00,35.099998474121094,8.899999618530273,True,ok
60,2025-07-28 20:26:26,2025-07-28 21:26:26,3.5,4.194308280944824,False,ok
60,2025-07-29 09:00:00,2025-07-29 10:00:00,8.300000190734863,8.679465929667153,False,ok
60,2025-07-30 09:00:00,2025-07-30 10:00:00,10.0,9.09161853790283,False,ok
60,2025-07-31 09:00:00,2025-07-31 10:00:00,6.599999904632568,7.1577308177948,False,ok
60,2025-08-01 09:00:00,2025-08-01 10:00:00,5.300000190734863,7.373033046722413,False,ok
60,2025-08-03 09:00:00,2025-08-03 10:00:00,10.199999809265137,9.267743110656738,False,ok
60,2025-08-04 09:00:00,2025-08-04 10:00:00,7.5,8.878352801005045,False,ok
60,2025-08-05 09:00:00,2025-08-05 10:00:00,6.599999904632568,7.559993426005044,False,ok
60,2025-08-05 13:05:08,2025-08-05 14:05:08,3.5999999046325684,15.883660952250166,False,ok
60,2025-08-06 09:00:00,2025-08-06 10:00:00,7.900000095367432,7.130370378494262,False,ok
60,2025-08-07 09:00:00,2025-08-07 10:00:00,6.300000190734863,7.065614263216655,False,ok
60,2025-08-08 09:00:00,2025-08-08 10:00:00,7.400000095367432,6.981883446375528,False,ok
60,2025-08-09 09:00:00,2025-08-09 10:00:00,7.599999904632568,9.624274015426636,False,ok
60,2025-08-10 09:00:00,2025-08-10 10:00:00,9.300000190734863,8.933488766352337,False,ok
60,2025-08-12 09:00:00,2025-08-12 10:00:00,8.0,8.132211248079939,False,ok
60,2025-08-13 09:00:00,2025-08-13 10:00:00,9.199999809265137,9.6959152619044,False,ok
60,2025-08-14 09:00:00,2025-08-14 10:00:00,10.5,3.3345299164454145,False,ok
60,2025-08-14 13:00:00,2025-08-14 14:00:00,11.800000190734863,0.555920282999675,False,ok
60,2025-08-14 19:00:00,2025-08-14 20:00:00,4.699999809265137,5.031967798868815,False,ok
60,2025-08-15 09:00:00,2025-08-15 10:00:00,8.100000381469727,7.762731790542602,False,ok
60,2025-08-16 09:00:00,2025-08-16 10:00:00,8.300000190734863,7.475116491317748,False,ok
60,2025-08-16 19:00:00,2025-08-16 20:00:00,5.199999809265137,8.411549568176271,False,ok
60,2025-08-17 09:00:00,2025-08-17 10:00:00,7.900000095367432,7.772989590962727,False,ok
60,2025-08-18 09:00:00,2025-08-18 10:00:00,9.199999809265137,8.175042470296223,False,ok
60,2025-08-19 09:00:00,2025-08-19 10:00:00,6.699999809265137,9.71312427520752,False,ok
60,2025-08-20 09:00:00,2025-08-20 10:00:00,7.099999904632568,7.222930908203125,False,ok
60,2025-08-21 09:00:00,2025-08-21 10:00:00,6.599999904632568,8.520652770996092,False,ok
60,2025-08-22 09:00:00,2025-08-22 10:00:00,8.5,6.284440994262695,False,ok
60,2025-08-23 09:00:00,2025-08-23 10:00:00,11.399999618530272,6.922291755676269,False,ok
60,2025-08-23 21:00:00,2025-08-23 22:00:00,8.899999618530273,7.523371458053588,False,ok
60,2025-08-24 09:00:00,2025-08-24 10:00:00,9.399999618530272,7.620510816574099,False,ok
60,2025-08-25 09:00:00,2025-08-25 10:00:00,10.899999618530272,8.737502177556355,False,ok
60,2025-08-27 09:00:00,2025-08-27 10:00:00,8.699999809265137,10.1393518447876,False,ok
60,2025-08-27 21:00:00,2025-08-27 22:00:00,9.300000190734863,9.22046152750651,False,ok
60,2025-08-28 09:00:00,2025-08-28 10:00:00,7.800000190734863,8.673111756642662,False,ok
60,2025-08-29 09:00:00,2025-08-29 10:00:00,8.0,8.264150460561115,False,ok
60,2025-08-30 09:00:00,2025-08-30 10:00:00,11.100000381469728,8.821108659108479,False,ok
60,2025-08-31 09:00:00,2025-08-31 10:00:00,8.600000381469727,10.468626658121746,False,ok
60,2025-09-01 09:00:00,2025-09-01 10:00:00,7.599999904632568,10.670037905375162,False,ok
60,2025-09-02 09:00:00,2025-09-02 10:00:00,7.199999809265137,9.724097649256388,False,ok
60,2025-09-03 09:00:00,2025-09-03 10:00:00,10.699999809265137,8.83835434913635,False,ok
60,2025-09-04 09:00:00,2025-09-04 10:00:00,7.300000190734863,6.055908441543579,False,ok
60,2025-09-05 09:00:00,2025-09-05 10:00:00,9.699999809265137,9.305439949035645,False,ok
60,2025-09-06 09:00:00,2025-09-06 10:00:00,11.699999809265137,8.093892653783165,False,ok
60,2025-09-07 09:00:00,2025-09-07 10:00:00,10.699999809265137,8.705754041671751,False,ok
60,2025-09-08 09:00:00,2025-09-08 10:00:00,9.800000190734863,9.248825867970789,False,ok
60,2025-09-09 09:00:00,2025-09-09 10:00:00,8.399999618530273,7.650772412618004,False,ok
60,2025-09-10 09:00:00,2025-09-10 10:00:00,10.100000381469728,9.762598355611168,False,ok
60,2025-09-11 09:00:00,2025-09-11 10:00:00,8.699999809265137,8.874574263890587,False,ok
60,2025-09-12 09:00:00,2025-09-12 10:00:00,9.899999618530272,9.810692389806114,False,ok
60,2025-09-13 09:00:00,2025-09-13 10:00:00,9.800000190734863,9.928958495457968,False,ok
60,2025-09-14 09:00:00,2025-09-14 10:00:00,9.899999618530272,9.259905735651657,False,ok
60,2025-09-15 09:00:00,2025-09-15 10:00:00,8.300000190734863,9.40863378842672,False,ok
60,2025-09-16 09:00:00,2025-09-16 10:00:00,9.199999809265137,8.556427558263143,False,ok
60,2025-09-17 09:00:00,2025-09-17 10:00:00,9.300000190734863,8.841764052708946,False,ok
60,2025-09-18 09:00:00,2025-09-18 10:00:00,9.600000381469728,8.83642919858297,False,ok
60,2025-09-19 09:00:00,2025-09-19 10:00:00,9.600000381469728,9.435323476791382,False,ok
60,2025-09-20 09:00:00,2025-09-20 10:00:00,8.5,9.31644336382548,False,ok
60,2025-09-21 09:00:00,2025-09-21 10:00:00,7.599999904632568,9.267003059387209,False,ok
60,2025-09-22 09:00:00,2025-09-22 10:00:00,8.899999618530273,8.89165210723877,False,ok
60,2025-09-23 09:00:00,2025-09-23 10:00:00,10.199999809265137,8.958792686462406,False,ok
60,2025-09-24 09:00:00,2025-09-24 10:00:00,10.5,10.1000870068868,False,ok
60,2025-09-25 09:00:00,2025-09-25 10:00:00,9.800000190734863,8.297901789347332,False,ok
60,2025-09-26 09:00:00,2025-09-26 10:00:00,7.599999904632568,9.047221978505451,False,ok
60,2025-09-27 09:00:00,2025-09-27 10:00:00,8.399999618530273,8.891480127970379,False,ok
60,2025-09-28 09:00:00,2025-09-28 10:00:00,9.399999618530272,9.34073495864868,False,ok
60,2025-09-28 16:00:00,2025-09-28 17:00:00,15.300000190734863,7.855277538299559,False,ok
60,2025-09-28 19:00:00,2025-09-28 20:00:00,8.300000190734863,5.657263278961182,False,ok
60,2025-09-29 09:00:00,2025-09-29 10:00:00,9.199999809265137,9.468855063120523,False,ok
60,2025-09-30 09:00:00,2025-09-30 10:00:00,8.300000190734863,8.812716643015547,False,ok
60,2025-10-01 09:00:00,2025-10-01 10:00:00,9.800000190734863,9.22942574818929,False,ok
60,2025-10-02 09:00:00,2025-10-02 10:00:00,9.699999809265137,9.416260401407875,False,ok
60,2025-10-03 09:00:00,2025-10-03 10:00:00,10.399999618530272,10.053261121114094,False,ok
60,2025-10-05 09:00:00,2025-10-05 10:00:00,9.699999809265137,9.233111143112184,False,ok
60,2025-10-06 09:00:00,2025-10-06 10:00:00,9.800000190734863,8.690632184346518,False,ok
60,2025-10-06 13:00:00,2025-10-06 14:00:00,5.199999809265137,8.437349637349447,False,ok
60,2025-10-07 09:00:00,2025-10-07 10:00:00,9.300000190734863,9.2726887067159,False,ok
60,2025-10-08 09:00:00,2025-10-08 10:00:00,9.800000190734863,10.015126943588257,False,ok
60,2025-10-09 09:00:00,2025-10-09 10:00:00,12.699999809265137,9.509936650594076,False,ok
60,2025-10-09 15:00:00,2025-10-09 16:00:00,8.699999809265137,7.006853818893433,False,ok
60,2025-10-09 21:00:00,2025-10-09 22:00:00,9.0,10.79866290092468,False,ok
60,2025-10-10 09:00:00,2025-10-10 10:00:00,10.199999809265137,13.683205922444662,False,ok
60,2025-10-10 19:00:00,2025-10-10 20:00:00,9.600000381469728,9.542185306549072,False,ok
60,2025-10-11 09:00:00,2025-10-11 10:00:00,9.0,9.700891017913817,False,ok
60,2025-10-12 09:00:00,2025-10-12 10:00:00,10.5,10.543635527292889,False,ok
60,2025-10-14 09:00:00,2025-10-14 10:00:00,9.199999809265137,9.489249388376871,False,ok
60,2025-10-15 09:00:00,2025-10-15 10:00:00,9.100000381469728,7.4098162651062,False,ok
60,2025-10-16 09:00:00,2025-10-16 10:00:00,12.199999809265137,10.769508361816408,False,ok
60,2025-10-16 14:00:00,2025-10-16 15:00:00,9.699999809265137,9.023786147435503,False,ok
60,2025-10-17 09:00:00,2025-10-17 10:00:00,10.399999618530272,9.80654486020406,False,ok
60,2025-10-18 09:00:00,2025-10-18 10:00:00,10.800000190734863,8.622784217198689,False,ok
60,2025-10-18 15:00:00,2025-10-18 16:00:00,8.0,8.456833759943644,False,ok
60,2025-10-19 09:00:00,2025-10-19 10:00:00,6.5,7.121773719787598,False,ok
60,2025-10-20 09:00:00,2025-10-20 10:00:00,10.5,8.270646015803019,False,ok
60,2025-10-21 09:00:00,2025-10-21 10:00:00,10.100000381469728,8.95022737979889,False,ok
60,2025-10-21 15:00:00,2025-10-21 16:00:00,11.0,9.60631501674652,False,ok
60,2025-10-21 21:00:00,2025-10-21 22:00:00,10.0,9.21057113011678,False,ok
60,2025-10-22 09:00:00,2025-10-22 10:00:00,9.300000190734863,8.422663052876787,False,ok
60,2025-10-22 19:00:00,2025-10-22 20:00:00,11.0,9.619396050771078,False,ok
60,2025-10-23 01:00:00,2025-10-23 02:00:00,6.699999809265137,8.360806067784624,False,ok
60,2025-10-23 09:00:00,2025-10-23 10:00:00,9.100000381469728,8.717845042546589,False,ok
60,2025-10-23 20:00:00,2025-10-23 21:00:00,6.5,10.709324995676674,False,ok
60,2025-10-24 09:00:00,2025-10-24 10:00:00,7.0,11.46617523829142,False,ok
60,2025-10-25 09:00:00,2025-10-25 10:00:00,7.199999809265137,11.769786993662516,False,ok
60,2025-10-26 09:00:00,2025-10-26 10:00:00,7.199999809265137,11.254342238108318,False,ok
60,2025-10-27 09:00:00,2025-10-27 10:00:00,10.399999618530272,8.979773481686909,False,ok
60,2025-10-27 14:15:10,2025-10-27 15:15:10,9.600000381469728,12.386210004488628,False,ok
60,2025-10-27 17:46:34,2025-10-27 18:46:34,5.599999904632568,8.621874849001568,False,ok
60,2025-10-27 21:00:00,2025-10-27 22:00:00,7.699999809265137,10.471861720085144,False,ok
60,2025-10-28 09:00:00,2025-10-28 10:00:00,9.899999618530272,11.33901623884837,False,ok
60,2025-10-28 13:00:00,2025-10-28 14:00:00,7.800000190734863,5.586459914843241,False,ok
60,2025-10-29 09:00:00,2025-10-29 10:00:00,9.199999809265137,6.994076053301493,False,ok
60,2025-10-30 09:00:00,2025-10-30 10:00:00,9.899999618530272,7.760878761609395,False,ok
60,2025-10-31 09:00:00,2025-10-31 10:00:00,10.199999809265137,8.29062779744466,False,ok
60,2025-11-01 09:00:00,2025-11-01 10:00:00,7.800000190734863,7.195131619771321,False,ok
60,2025-11-02 09:00:00,2025-11-02 10:00:00,10.100000381469728,8.82903508345286,False,ok
60,2025-11-03 04:00:00,2025-11-03 05:00:00,8.5,7.605284015337626,False,ok
60,2025-11-03 09:00:00,2025-11-03 10:00:00,9.5,9.300317804018656,False,ok
60,2025-11-04 09:00:00,2025-11-04 10:00:00,9.399999618530272,8.476075490315754,False,ok
60,2025-11-05 09:00:00,2025-11-05 10:00:00,8.899999618530273,7.687860012054445,False,ok
60,2025-11-06 09:00:00,2025-11-06 10:00:00,9.600000381469728,9.11187787850698,False,ok
60,2025-11-07 09:00:00,2025-11-07 10:00:00,9.899999618530272,9.5191418727239,False,ok
60,2025-11-08 09:00:00,2025-11-08 10:00:00,8.800000190734863,8.820297916730246,False,ok
60,2025-11-09 09:00:00,2025-11-09 10:00:00,10.5,10.0747758547465,False,ok
60,2025-11-09 12:00:00,2025-11-09 13:00:00,11.199999809265137,9.150056997934978,False,ok
60,2025-11-09 16:00:09,2025-11-09 17:00:09,8.100000381469727,9.33471409479777,False,ok
60,2025-11-09 23:00:00,2025-11-10 00:00:00,7.300000190734863,6.803272406260173,False,ok
60,2025-11-10 09:00:00,2025-11-10 10:00:00,8.100000381469727,7.533676067988078,False,ok
60,2025-11-11 09:00:00,2025-11-11 10:00:00,9.100000381469728,9.263638774553938,False,ok
60,2025-11-12 09:00:00,2025-11-12 10:00:00,11.5,12.619719703992205,False,ok
60,2025-11-12 16:06:58,2025-11-12 17:06:58,8.100000381469727,8.932060440381369,False,ok
60,2025-11-13 09:00:00,2025-11-13 10:00:00,7.300000190734863,8.989720702171326,False,ok
60,2025-11-14 09:00:00,2025-11-14 10:00:00,10.399999618530272,9.754130721092222,False,ok
60,2025-11-14 21:00:00,2025-11-14 22:00:00,8.300000190734863,7.894079883893332,False,ok
60,2025-11-15 09:00:00,2025-11-15 10:00:00,9.199999809265137,8.376300692558289,False,ok
60,2025-11-16 09:00:00,2025-11-16 10:00:00,9.899999618530272,9.4535516500473,False,ok
60,2025-11-17 09:00:00,2025-11-17 10:00:00,9.199999809265137,8.023857474327086,False,ok
60,2025-11-18 09:00:00,2025-11-18 10:00:00,9.800000190734863,9.58935582637787,False,ok
60,2025-11-19 09:00:00,2025-11-19 10:00:00,9.699999809265137,8.161121527353925,False,ok
60,2025-11-20 09:00:00,2025-11-20 10:00:00,6.099999904632568,6.304129759470622,False,ok
60,2025-11-21 09:00:00,2025-11-21 10:00:00,10.399999618530272,8.745738108952839,False,ok
60,2025-11-22 09:00:00,2025-11-22 10:00:00,9.300000190734863,9.742210785547892,False,ok
60,2025-11-23 09:00:00,2025-11-23 10:00:00,9.899999618530272,10.5729189713796,False,ok
60,2025-11-23 21:51:00,2025-11-23 22:51:00,9.899999618530272,12.053785403569538,False,ok
60,2025-11-24 01:38:00,2025-11-24 02:38:00,10.699999809265137,8.890638430913292,False,ok
60,2025-11-24 09:00:00,2025-11-24 10:00:00,9.0,8.68468483289083,False,ok
60,2025-11-24 19:00:00,2025-11-24 20:00:00,8.399999618530273,9.688187758127848,False,ok
60,2025-11-25 09:00:00,2025-11-25 10:00:00,9.899999618530272,9.978104750315348,False,ok
60,2025-11-26 09:00:00,2025-11-26 10:00:00,9.699999809265137,10.80512062708537,False,ok
60,2025-11-27 09:00:00,2025-11-27 10:00:00,13.100000381469728,10.93040609359741,False,ok
60,2025-11-27 11:45:00,2025-11-27 12:45:00,10.5,10.170497417449951,False,ok
60,2025-11-27 21:00:00,2025-11-27 22:00:00,8.600000381469727,13.735008398691813,False,ok
60,2025-11-28 09:00:00,2025-11-28 10:00:00,9.0,11.209345261255905,False,ok
60,2025-11-29 09:00:00,2025-11-29 10:00:00,7.300000190734863,9.076175133387247,False,ok
60,2025-11-30 09:00:00,2025-11-30 10:00:00,8.699999809265137,11.682384888331097,False,ok
60,2025-12-01 09:00:00,2025-12-01 10:00:00,7.800000190734863,8.078117767969767,False,ok
60,2025-12-02 09:00:00,2025-12-02 10:00:00,8.399999618530273,8.297781189282738,False,ok
60,2025-12-03 09:00:00,2025-12-03 10:00:00,6.800000190734863,7.360923409461975,False,ok
60,2025-12-04 09:00:00,2025-12-04 10:00:00,7.800000190734863,8.612422664960224,False,ok
60,2025-12-05 09:00:00,2025-12-05 10:00:00,9.0,10.766958912213642,False,ok
60,2025-12-06 09:00:00,2025-12-06 10:00:00,8.300000190734863,9.255558212598167,False,ok
60,2025-12-07 09:00:00,2025-12-07 10:00:00,10.199999809265137,7.376417358716329,False,ok
60,2025-12-08 09:00:00,2025-12-08 10:00:00,8.199999809265137,7.619076450665793,False,ok
60,2025-12-09 09:00:00,2025-12-09 10:00:00,9.100000381469728,8.366751392682392,False,ok
60,2025-12-10 05:00:00,2025-12-10 06:00:00,9.800000190734863,9.000000000000002,True,ok
60,2025-12-10 08:35:00,2025-12-10 09:35:00,8.0,9.000000000000002,True,ok
60,2025-12-10 19:00:00,2025-12-10 20:00:00,7.800000190734863,9.48424752553304,False,ok
60,2025-12-11 09:00:00,2025-12-11 10:00:00,7.300000190734863,8.120007991790771,False,ok
60,2025-12-11 16:00:00,2025-12-11 17:00:00,10.5,8.65254545211792,False,ok
60,2025-12-12 09:00:00,2025-12-12 10:00:00,7.599999904632568,8.51070245107015,False,ok
60,2025-12-13 09:00:00,2025-12-13 10:00:00,6.699999809265137,7.635511954625447,False,ok
60,2025-12-14 09:00:00,2025-12-14 10:00:00,6.400000095367432,10.012135744094849,False,ok
60,2025-12-14 13:22:00,2025-12-14 14:22:00,11.0,7.756863832473754,False,ok
60,2025-12-15 09:00:00,2025-12-15 10:00:00,8.800000190734863,8.100781440734863,False,ok
60,2025-12-16 09:00:00,2025-12-16 10:00:00,7.400000095367432,7.660594940185548,False,ok
60,2025-12-17 09:00:00,2025-12-17 10:00:00,8.399999618530273,7.440165638923646,False,ok
60,2025-12-18 09:00:00,2025-12-18 10:00:00,9.300000190734863,8.899300654729208,False,ok
60,2025-12-19 09:00:00,2025-12-19 10:00:00,9.399999618530272,9.061428189277647,False,ok
60,2025-12-20 09:00:00,2025-12-20 10:00:00,9.100000381469728,9.739974896113074,False,ok
60,2025-12-21 09:00:00,2025-12-21 10:00:00,8.800000190734863,9.212975422541296,False,ok
60,2025-12-22 09:00:00,2025-12-22 10:00:00,9.0,7.303739706675212,False,ok
60,2025-12-23 09:00:00,2025-12-23 10:00:00,8.300000190734863,7.80271355311076,False,ok
60,2025-12-24 09:00:00,2025-12-24 10:00:00,5.099999904632568,6.8150404294331866,False,ok
60,2025-12-25 09:00:00,2025-12-25 10:00:00,9.0,14.38223282496135,False,ok
60,2025-12-26 09:00:00,2025-12-26 10:00:00,6.199999809265137,6.989408651987712,False,ok
60,2025-12-27 09:00:00,2025-12-27 10:00:00,8.899999618530273,7.756776094436645,False,ok
60,2025-12-28 09:00:00,2025-12-28 10:00:00,10.899999618530272,8.905394077301025,False,ok
60,2025-12-28 23:00:00,2025-12-29 00:00:00,10.5,7.681647777557372,False,ok
60,2025-12-29 01:30:00,2025-12-29 02:30:00,7.900000095367432,6.637186527252198,False,ok
60,2025-12-29 09:00:00,2025-12-29 10:00:00,4.699999809265137,4.266230781873067,False,ok
60,2025-12-30 09:00:00,2025-12-30 10:00:00,9.699999809265137,8.210482041041056,False,ok
60,2025-12-31 09:00:00,2025-12-31 10:00:00,9.0,9.403796354929604,False,ok
120,2025-01-01 08:00:00,2025-01-01 10:00:00,3.5,3.9276382327079777,False,ok
120,2025-01-02 08:00:00,2025-01-02 10:00:00,7.099999904632568,7.087196071942648,False,ok
120,2025-01-03 08:00:00,2025-01-03 10:00:00,7.699999809265137,8.210242946942648,False,ok
120,2025-01-04 08:00:00,2025-01-04 10:00:00,5.400000095367432,7.979835232098896,False,ok
120,2025-01-05 08:00:00,2025-01-05 10:00:00,5.300000190734863,4.151192486286163,False,ok
120,2025-01-06 08:00:00,2025-01-06 10:00:00,4.800000190734863,4.743239223957062,False,ok
120,2025-01-07 08:00:00,2025-01-07 10:00:00,5.099999904632568,5.358168423175813,False,ok
120,2025-01-08 08:00:00,2025-01-08 10:00:00,3.5999999046325684,3.7834489941596985,False,ok
120,2025-01-09 08:00:00,2025-01-09 10:00:00,3.900000095367432,4.01843935251236,False,ok
120,2025-01-10 08:00:00,2025-01-10 10:00:00,3.5,3.834494650363922,False,ok
120,2025-01-11 08:00:00,2025-01-11 10:00:00,3.5999999046325684,4.146560728549957,False,ok
120,2025-01-12 08:00:00,2025-01-12 10:00:00,4.199999809265137,3.608300427595774,False,ok
120,2025-01-13 08:00:00,2025-01-13 10:00:00,6.0,4.614021400610606,False,ok
120,2025-01-14 08:00:00,2025-01-14 10:00:00,1.600000023841858,2.274839739004771,False,ok
120,2025-01-15 08:00:00,2025-01-15 10:00:00,1.899999976158142,1.8323615590731304,False,ok
120,2025-01-16 08:00:00,2025-01-16 10:00:00,7.099999904632568,6.734775523344675,False,ok
120,2025-01-17 08:00:00,2025-01-17 10:00:00,8.199999809265137,6.000815371672313,False,ok
120,2025-01-18 08:00:00,2025-01-18 10:00:00,7.599999904632568,6.338074187437693,False,ok
120,2025-01-19 08:00:00,2025-01-19 10:00:00,6.900000095367432,5.972900966803233,False,ok
120,2025-01-20 08:00:00,2025-01-20 10:00:00,10.600000381469728,8.210533340771994,False,ok
120,2025-01-21 08:00:00,2025-01-21 10:00:00,8.300000190734863,8.244632641474407,False,ok
120,2025-01-22 08:00:00,2025-01-22 10:00:00,6.099999904632568,8.372842709223432,False,ok
120,2025-01-23 08:00:00,2025-01-23 10:00:00,6.099999904632568,7.79625952243805,False,ok
120,2025-01-23 20:00:00,2025-01-23 22:00:00,5.900000095367432,8.53068123261134,False,ok
120,2025-01-24 08:00:00,2025-01-24 10:00:00,6.699999809265137,12.371284107367195,False,ok
120,2025-01-25 08:00:00,2025-01-25 10:00:00,7.5,6.801993449529013,False,ok
120,2025-01-26 08:00:00,2025-01-26 10:00:00,8.899999618530273,6.302524765332539,False,ok
120,2025-01-27 08:00:00,2025-01-27 10:00:00,6.0,6.37273629506429,False,ok
120,2025-01-28 08:00:00,2025-01-28 10:00:00,7.900000095367432,6.798412640889485,False,ok
120,2025-01-29 08:00:00,2025-01-29 10:00:00,6.199999809265137,6.752659161885579,False,ok
120,2025-01-30 08:00:00,2025-01-30 10:00:00,5.900000095367432,9.1511648495992,False,ok
120,2025-01-31 08:00:00,2025-01-31 10:00:00,7.400000095367432,9.83425752321879,False,ok
120,2025-02-01 08:00:00,2025-02-01 10:00:00,9.600000381469728,5.811490138371786,False,ok
120,2025-02-02 08:00:00,2025-02-02 10:00:00,10.5,7.984793980916341,False,ok
120,2025-02-03 02:48:22,2025-02-03 04:48:22,10.699999809265137,7.400000095367432,True,ok
120,2025-02-03 08:00:00,2025-02-03 10:00:00,8.5,7.400000095367432,True,ok
120,2025-02-04 08:00:00,2025-02-04 10:00:00,7.099999904632568,8.02924696604411,False,ok
120,2025-02-05 08:00:00,2025-02-05 10:00:00,7.400000095367432,8.42445723215739,False,ok
120,2025-02-07 08:00:00,2025-02-07 10:00:00,8.300000190734863,6.72792371114095,False,ok
120,2025-02-08 08:00:00,2025-02-08 10:00:00,8.100000381469727,6.686731179555259,False,ok
120,2025-02-09 08:00:00,2025-02-09 10:00:00,9.899999618530272,7.232497851053872,False,ok
120,2025-02-10 08:00:00,2025-02-10 10:00:00,9.5,8.805468479792275,False,ok
120,2025-02-11 08:00:00,2025-02-11 10:00:00,6.800000190734863,9.069437901178995,False,ok
120,2025-02-12 08:00:00,2025-02-12 10:00:00,9.600000381469728,8.222835540771486,False,ok
120,2025-02-13 08:00:00,2025-02-13 10:00:00,11.600000381469728,8.441802024841307,False,ok
120,2025-02-13 14:46:39,2025-02-13 16:46:39,8.899999618530273,7.510134180386861,False,ok
120,2025-02-14 08:00:00,2025-02-14 10:00:00,7.0,8.990221937497454,False,ok
120,2025-02-14 20:41:16,2025-02-14 22:41:16,11.899999618530272,5.558531244595845,False,ok
120,2025-02-15 00:39:46,2025-02-15 02:39:46,8.0,9.863024671872456,False,ok
120,2025-02-15 08:00:00,2025-02-15 10:00:00,9.100000381469728,7.712840199470519,False,ok
120,2025-02-16 08:00:00,2025-02-16 10:00:00,7.300000190734863,12.197597821553552,False,ok
120,2025-02-17 08:00:00,2025-02-17 10:00:00,8.699999809265137,9.263238032658894,False,ok
120,2025-02-18 08:00:00,2025-02-18 10:00:00,8.5,8.203989744186401,False,ok
120,2025-02-19 08:00:00,2025-02-19 10:00:00,10.199999809265137,9.431794722874958,False,ok
120,2025-02-20 08:00:00,2025-02-20 10:00:00,5.699999809265137,10.267972548802694,False,ok
120,2025-02-21 08:00:00,2025-02-21 10:00:00,9.399999618530272,7.521390517552693,False,ok
120,2025-02-22 08:00:00,2025-02-22 10:00:00,9.100000381469728,10.838462909062706,False,ok
120,2025-02-23 08:00:00,2025-02-23 10:00:00,10.300000190734863,10.23731811841329,False,ok
120,2025-02-24 08:00:00,2025-02-24 10:00:00,9.399999618530272,9.275505940119428,False,ok
120,2025-02-25 08:00:00,2025-02-25 10:00:00,9.399999618530272,8.852724472681684,False,ok
120,2025-02-26 08:00:00,2025-02-26 10:00:00,8.800000190734863,10.78836250305176,False,ok
120,2025-02-27 08:00:00,2025-02-27 10:00:00,10.300000190734863,10.329055786132814,False,ok
120,2025-02-28 08:00:00,2025-02-28 10:00:00,10.600000381469728,10.111063003540036,False,ok
120,2025-03-01 08:00:00,2025-03-01 10:00:00,7.800000190734863,9.412036895751957,False,ok
120,2025-03-02 08:00:00,2025-03-02 10:00:00,10.0,9.254014492034914,False,ok
120,2025-03-03 08:00:00,2025-03-03 10:00:00,8.300000190734863,8.915274143218996,False,ok
120,2025-03-06 08:00:00,2025-03-06 10:00:00,8.5,9.963478406270342,False,ok
120,2025-03-07 08:00:00,2025-03-07 10:00:00,8.399999618530273,7.677716096242269,False,ok
120,2025-03-08 08:00:00,2025-03-08 10:00:00,8.0,7.447187264760335,False,ok
120,2025-03-09 08:00:00,2025-03-09 10:00:00,9.5,9.32571872075399,False,ok
120,2025-03-10 08:00:00,2025-03-10 10:00:00,10.199999809265137,9.94835376739502,False,ok
120,2025-03-11 08:00:00,2025-03-11 10:00:00,8.100000381469727,11.056509574254354,False,ok
120,2025-03-12 08:00:00,2025-03-12 10:00:00,8.600000381469727,9.371939261754354,False,ok
120,2025-03-13 08:00:00,2025-03-13 10:00:00,7.699999809265137,9.749193906784056,False,ok
120,2025-03-14 08:00:00,2025-03-14 10:00:00,9.899999618530272,8.803890943527222,False,ok
120,2025-03-15 08:00:00,2025-03-15 10:00:00,10.399999618530272,10.280949354171751,False,ok
120,2025-03-16 08:00:00,2025-03-16 10:00:00,10.5,10.492805322011312,False,ok
120,2025-03-17 08:00:00,2025-03-17 10:00:00,12.399999618530272,12.290951331456505,False,ok
120,2025-03-18 08:00:00,2025-03-18 10:00:00,12.300000190734863,13.35520656903585,False,ok
120,2025-03-19 08:00:00,2025-03-19 10:00:00,10.300000190734863,12.419418017069502,False,ok
120,2025-03-20 08:00:00,2025-03-20 10:00:00,11.300000190734863,9.387312491734823,False,ok
120,2025-03-21 08:00:00,2025-03-21 10:00:00,9.600000381469728,10.272306044896444,False,ok
120,2025-03-22 08:00:00,2025-03-22 10:00:00,8.800000190734863,9.613425493240358,False,ok
120,2025-03-23 08:00:00,2025-03-23 10:00:00,6.900000095367432,10.630187273025513,False,ok
120,2025-03-24 04:00:00,2025-03-24 06:00:00,6.800000190734863,10.257777452468874,False,ok
120,2025-03-24 08:00:00,2025-03-24 10:00:00,6.5,25.020780801773075,False,ok
120,2025-03-24 22:01:00,2025-03-25 00:01:00,11.0,1.120483597119649,False,ok
120,2025-03-25 04:00:00,2025-03-25 06:00:00,13.399999618530272,3.584770758946737,False,ok
120,2025-03-25 08:00:00,2025-03-25 10:00:00,8.100000381469727,3.320774873097737,False,ok
120,2025-03-25 18:00:00,2025-03-25 20:00:00,10.5,6.477818330128987,False,ok
120,2025-03-26 08:00:00,2025-03-26 10:00:00,8.300000190734863,7.538483858108519,False,ok
120,2025-03-26 21:07:57,2025-03-26 23:07:57,10.199999809265137,7.972654581069945,False,ok
120,2025-03-27 08:00:00,2025-03-27 10:00:00,5.400000095367432,8.156091451644896,False,ok
120,2025-03-29 08:00:00,2025-03-29 10:00:00,8.399999618530273,11.389387369155882,False,ok
120,2025-03-30 08:00:00,2025-03-30 10:00:00,10.199999809265137,10.446384668350222,False,ok
120,2025-03-31 08:00:00,2025-03-31 10:00:00,8.600000381469727,10.185430765151976,False,ok
120,2025-04-01 08:00:00,2025-04-01 10:00:00,7.0,8.537507295608522,False,ok
120,2025-04-02 08:00:00,2025-04-02 10:00:00,7.300000190734863,12.789594332377114,False,ok
120,2025-04-03 08:00:00,2025-04-03 10:00:00,9.899999618530272,9.910937150319418,False,ok
120,2025-04-05 08:00:00,2025-04-05 10:00:00,5.800000190734863,8.3430229028066,False,ok
120,2025-04-06 08:00:00,2025-04-06 10:00:00,6.800000190734863,7.995914101600649,False,ok
120,2025-04-07 08:00:00,2025-04-07 10:00:00,7.5,7.353621999422709,False,ok
120,2025-04-08 08:00:00,2025-04-08 10:00:00,6.800000190734863,9.037838896115623,False,ok
120,2025-04-09 08:00:00,2025-04-09 10:00:00,8.100000381469727,9.0685213804245,False,ok
120,2025-04-10 08:00:00,2025-04-10 10:00:00,6.099999904632568,6.692876021067301,False,ok
120,2025-04-11 08:00:00,2025-04-11 10:00:00,7.400000095367432,7.692168076833088,False,ok
120,2025-04-12 08:00:00,2025-04-12 10:00:00,8.699999809265137,7.193834066390992,False,ok
120,2025-04-13 08:00:00,2025-04-13 10:00:00,5.300000190734863,4.174137830734253,False,ok
120,2025-04-14 08:00:00,2025-04-14 10:00:00,7.699999809265137,6.543821096420288,False,ok
120,2025-04-15 08:00:00,2025-04-15 10:00:00,8.5,3.2744235992431645,False,ok
120,2025-04-16 08:00:00,2025-04-16 10:00:00,7.699999809265137,6.184269428253174,False,ok
120,2025-04-17 08:00:00,2025-04-17 10:00:00,5.199999809265137,4.148725509643555,False,ok
120,2025-04-18 08:00:00,2025-04-18 10:00:00,8.800000190734863,8.27653940518697,False,ok
120,2025-04-18 18:00:00,2025-04-18 20:00:00,10.0,5.930492480595905,False,ok
120,2025-04-19 08:00:00,2025-04-19 10:00:00,8.800000190734863,7.587595542271931,False,ok
120,2025-04-20 08:00:00,2025-04-20 10:00:00,11.800000190734863,8.641931931177776,False,ok
120,2025-04-21 08:00:00,2025-04-21 10:00:00,11.399999618530272,4.136541922887166,False,ok
120,2025-04-22 08:00:00,2025-04-22 10:00:00,10.600000381469728,7.777026732762656,False,ok
120,2025-04-23 08:00:00,2025-04-23 10:00:00,13.5,7.62083315849304,False,ok
120,2025-04-24 08:00:00,2025-04-24 10:00:00,12.399999618530272,7.655787706375122,False,ok
120,2025-04-25 08:00:00,2025-04-25 10:00:00,9.399999618530272,5.359308004379273,False,ok
120,2025-04-26 04:00:00,2025-04-26 06:00:00,9.0,0.7374648849169416,False,ok
120,2025-04-26 08:00:00,2025-04-26 10:00:00,9.5,11.399999618530272,True,ok
120,2025-04-27 08:00:00,2025-04-27 10:00:00,7.699999809265137,8.584211190541584,False,ok
120,2025-04-28 08:00:00,2025-04-28 10:00:00,10.0,8.391127904256184,False,ok
120,2025-04-29 08:00:00,2025-04-29 10:00:00,7.5,9.642176310221354,False,ok
120,2025-04-30 08:00:00,2025-04-30 10:00:00,6.5,7.762769699096681,False,ok
120,2025-05-01 08:00:00,2025-05-01 10:00:00,11.300000190734863,9.08723258972168,False,ok
120,2025-05-02 08:00:00,2025-05-02 10:00:00,8.300000190734863,9.588002045949295,False,ok
120,2025-05-03 08:00:00,2025-05-03 10:00:00,9.899999618530272,10.113475481669104,False,ok
120,2025-05-04 08:00:00,2025-05-04 10:00:00,8.399999618530273,9.244705041249592,False,ok
120,2025-05-05 08:00:00,2025-05-05 10:00:00,8.600000381469727,8.102391878763834,False,ok
120,2025-05-06 08:00:00,2025-05-06 10:00:00,8.5,8.311936775843304,False,ok
120,2025-05-07 08:00:00,2025-05-07 10:00:00,9.699999809265137,8.995726188023884,False,ok
120,2025-05-08 08:00:00,2025-05-08 10:00:00,9.399999618530272,9.82974410057068,False,ok
120,2025-05-09 08:00:00,2025-05-09 10:00:00,9.699999809265137,9.469389120737713,False,ok
120,2025-05-10 08:00:00,2025-05-10 10:00:00,9.199999809265137,8.033913532892864,False,ok
120,2025-05-11 08:00:00,2025-05-11 10:00:00,11.0,9.399999618530272,True,ok
120,2025-05-11 12:00:00,2025-05-11 14:00:00,8.699999809265137,9.060185750325518,False,ok
120,2025-05-12 08:00:00,2025-05-12 10:00:00,9.399999618530272,9.218143860499064,False,ok
120,2025-05-13 08:00:00,2025-05-13 10:00:00,8.699999809265137,9.348224083582558,False,ok
120,2025-05-14 08:00:00,2025-05-14 10:00:00,9.199999809265137,8.957595268885294,False,ok
120,2025-05-15 08:00:00,2025-05-15 10:00:00,8.300000190734863,8.457236846288046,False,ok
120,2025-05-16 08:00:00,2025-05-16 10:00:00,9.0,9.654582977294924,False,ok
120,2025-05-17 08:00:00,2025-05-17 10:00:00,6.800000190734863,24.96349541346232,False,ok
120,2025-05-18 08:00:00,2025-05-18 10:00:00,7.900000095367432,9.742735862731935,False,ok
120,2025-05-19 00:00:00,2025-05-19 02:00:00,6.900000095367432,10.618098497390744,False,ok
120,2025-05-19 08:00:00,2025-05-19 10:00:00,7.599999904632568,8.181235631306965,False,ok
120,2025-05-20 08:00:00,2025-05-20 10:00:00,11.300000190734863,9.476957003275556,False,ok
120,2025-05-21 08:00:00,2025-05-21 10:00:00,10.199999809265137,8.099826494852701,False,ok
120,2025-05-21 20:02:41,2025-05-21 22:02:41,9.0,9.002390702565512,False,ok
120,2025-05-22 08:00:00,2025-05-22 10:00:00,8.800000190734863,7.24816354115804,False,ok
120,2025-05-23 08:00:00,2025-05-23 10:00:00,10.0,10.48761200904846,False,ok
120,2025-05-24 08:00:00,2025-05-24 10:00:00,8.0,9.63695549964905,False,ok
120,2025-05-25 08:00:00,2025-05-25 10:00:00,8.300000190734863,9.663125117619831,False,ok
120,2025-05-26 08:00:00,2025-05-26 10:00:00,6.699999809265137,7.842012127240498,False,ok
120,2025-05-27 08:00:00,2025-05-27 10:00:00,9.199999809265137,9.514856537183126,False,ok
120,2025-05-28 08:00:00,2025-05-28 10:00:00,7.5,9.641873160998026,False,ok
120,2025-05-29 08:00:00,2025-05-29 10:00:00,8.699999809265137,9.611360351244606,False,ok
120,2025-05-30 08:00:00,2025-05-30 10:00:00,10.0,8.949109832445782,False,ok
120,2025-05-31 08:00:00,2025-05-31 10:00:00,6.800000190734863,7.978220542271933,False,ok
120,2025-06-01 08:00:00,2025-06-01 10:00:00,8.699999809265137,5.587927897771201,False,ok
120,2025-06-02 08:00:00,2025-06-02 10:00:00,8.399999618530273,7.1305595239003505,False,ok
120,2025-06-03 08:00:00,2025-06-03 10:00:00,23.299999237060547,7.409069617589315,False,ok
120,2025-06-03 15:30:00,2025-06-03 17:30:00,8.5,7.182235757509867,False,ok
120,2025-06-04 08:00:00,2025-06-04 10:00:00,6.900000095367432,8.864905277887981,False,ok
120,2025-06-05 08:00:00,2025-06-05 10:00:00,9.199999809265137,8.632208744684856,False,ok
120,2025-06-06 08:00:00,2025-06-06 10:00:00,8.800000190734863,9.175917148590088,False,ok
120,2025-06-07 08:00:00,2025-06-07 10:00:00,9.100000381469728,9.734393596649166,False,ok
120,2025-06-08 08:00:00,2025-06-08 10:00:00,9.100000381469728,9.03274432818095,False,ok
120,2025-06-09 08:00:00,2025-06-09 10:00:00,9.300000190734863,9.98946277300517,False,ok
120,2025-06-10 08:00:00,2025-06-10 10:00:00,8.800000190734863,9.867438713709513,False,ok
120,2025-06-11 08:00:00,2025-06-11 10:00:00,7.800000190734863,9.211816231409712,False,ok
120,2025-06-12 08:00:00,2025-06-12 10:00:00,9.899999618530272,9.123847842216492,False,ok
120,2025-06-13 08:00:00,2025-06-13 10:00:00,9.199999809265137,8.006364703178404,False,ok
120,2025-06-14 08:00:00,2025-06-14 10:00:00,8.300000190734863,8.723561167716978,False,ok
120,2025-06-15 08:00:00,2025-06-15 10:00:00,8.0,7.661539912223815,False,ok
120,2025-06-16 08:00:00,2025-06-16 10:00:00,9.600000381469728,8.949370265007019,False,ok
120,2025-06-17 08:00:00,2025-06-17 10:00:00,9.300000190734863,5.929509520530702,False,ok
120,2025-06-18 08:00:00,2025-06-18 10:00:00,8.5,9.446666598320007,False,ok
120,2025-06-19 08:00:00,2025-06-19 10:00:00,10.600000381469728,9.658903002738953,False,ok
120,2025-06-20 08:00:00,2025-06-20 10:00:00,8.300000190734863,8.133025050163269,False,ok
120,2025-06-21 08:00:00,2025-06-21 10:00:00,3.200000047683716,8.516043543815615,False,ok
120,2025-06-21 13:57:36,2025-06-21 15:57:36,8.399999618530273,7.194618582725525,False,ok
120,2025-06-22 08:00:00,2025-06-22 10:00:00,7.699999809265137,6.898753722508749,False,ok
120,2025-06-23 08:00:00,2025-06-23 10:00:00,7.599999904632568,7.976049979527791,False,ok
120,2025-06-24 08:00:00,2025-06-24 10:00:00,9.199999809265137,8.63446839650472,False,ok
120,2025-06-25 08:00:00,2025-06-25 10:00:00,8.5,9.487844149271648,False,ok
120,2025-06-26 08:00:00,2025-06-26 10:00:00,7.199999809265137,7.314984957377115,False,ok
120,2025-06-27 08:00:00,2025-06-27 10:00:00,8.899999618530273,8.161622683207193,False,ok
120,2025-06-28 08:00:00,2025-06-28 10:00:00,9.800000190734863,7.5922264655431135,False,ok
120,2025-06-29 08:00:00,2025-06-29 10:00:00,8.5,8.49554248650869,False,ok
120,2025-06-30 08:00:00,2025-06-30 10:00:00,8.0,8.873860001564024,False,ok
120,2025-07-01 08:00:00,2025-07-01 10:00:00,8.199999809265137,8.371898293495176,False,ok
120,2025-07-02 08:00:00,2025-07-02 10:00:00,8.800000190734863,9.073734879493712,False,ok
120,2025-07-03 08:00:00,2025-07-03 10:00:00,9.300000190734863,8.030780196189879,False,ok
120,2025-07-04 08:00:00,2025-07-04 10:00:00,9.399999618530272,7.589078068733215,False,ok
120,2025-07-05 08:00:00,2025-07-05 10:00:00,8.600000381469727,10.11111132303874,False,ok
120,2025-07-06 08:00:00,2025-07-06 10:00:00,9.300000190734863,8.805964112281798,False,ok
120,2025-07-07 08:00:00,2025-07-07 10:00:00,8.5,9.237212657928469,False,ok
120,2025-07-08 08:00:00,2025-07-08 10:00:00,9.199999809265137,9.052829186121622,False,ok
120,2025-07-09 08:00:00,2025-07-09 10:00:00,8.199999809265137,8.135778824488323,False,ok
120,2025-07-10 08:00:00,2025-07-10 10:00:00,7.599999904632568,8.6299725373586,False,ok
120,2025-07-11 08:00:00,2025-07-11 10:00:00,9.100000381469728,9.2189617951711,False,ok
120,2025-07-12 08:00:00,2025-07-12 10:00:00,8.800000190734863,9.39743638038635,False,ok
120,2025-07-13 08:00:00,2025-07-13 10:00:00,8.5,9.36975399653117,False,ok
120,2025-07-14 08:00:00,2025-07-14 10:00:00,9.800000190734863,9.595398545265196,False,ok
120,2025-07-15 08:00:00,2025-07-15 10:00:00,9.399999618530272,9.83038103580475,False,ok
120,2025-07-16 08:00:00,2025-07-16 10:00:00,9.100000381469728,7.990179657936094,False,ok
120,2025-07-17 08:00:00,2025-07-17 10:00:00,8.100000381469727,9.391693711280825,False,ok
120,2025-07-18 08:00:00,2025-07-18 10:00:00,9.399999618530272,10.946305155754088,False,ok
120,2025-07-19 08:00:00,2025-07-19 10:00:00,7.900000095367432,9.304476618766785,False,ok
120,2025-07-20 08:00:00,2025-07-20 10:00:00,9.5,8.926029086112974,False,ok
120,2025-07-21 08:00:00,2025-07-21 10:00:00,9.300000190734863,9.309950987497968,False,ok
120,2025-07-22 08:00:00,2025-07-22 10:00:00,9.899999618530272,8.943926493326822,False,ok
120,2025-07-23 08:00:00,2025-07-23 10:00:00,8.5,8.73394219080607,False,ok
120,2025-07-24 08:00:00,2025-07-24 10:00:00,8.199999809265137,9.60628159840902,False,ok
120,2025-07-24 11:00:00,2025-07-24 13:00:00,120.0,24.62780030568441,False,ok
120,2025-07-24 11:15:00,2025-07-24 13:15:00,45.900001525878906,24.630071957906093,False,ok
120,2025-07-24 13:20:00,2025-07-24 15:20:00,2.0999999046325684,9.300000190734862,True,ok
120,2025-07-25 08:00:00,2025-07-25 10:00:00,9.600000381469728,10.811175823211668,False,ok
120,2025-07-26 08:00:00,2025-07-26 10:00:00,7.300000190734863,7.222452402114869,False,ok
120,2025-07-27 08:00:00,2025-07-27 10:00:00,8.899999618530273,8.750829060872395,False,ok
120,2025-07-28 08:00:00,2025-07-28 10:00:00,10.199999809265137,9.30824788411458,False,ok
120,2025-07-28 14:00:00,2025-07-28 16:00:00,35.099998474121094,8.899999618530273,True,ok
120,2025-07-28 19:26:26,2025-07-28 21:26:26,3.5,4.247799952824909,False,ok
120,2025-07-29 08:00:00,2025-07-29 10:00:00,8.300000190734863,8.499418894449873,False,ok
120,2025-07-30 08:00:00,2025-07-30 10:00:00,10.0,8.83145236968994,False,ok
120,2025-07-31 08:00:00,2025-07-31 10:00:00,6.599999904632568,9.023864030838014,False,ok
120,2025-08-01 08:00:00,2025-08-01 10:00:00,5.300000190734863,8.425883769989012,False,ok
120,2025-08-03 08:00:00,2025-08-03 10:00:00,10.199999809265137,7.786902427673339,False,ok
120,2025-08-04 08:00:00,2025-08-04 10:00:00,7.5,9.430692354838053,False,ok
120,2025-08-05 08:00:00,2025-08-05 10:00:00,6.599999904632568,9.301038424173989,False,ok
120,2025-08-05 12:05:08,2025-08-05 14:05:08,3.5999999046325684,16.072871843973797,False,ok
120,2025-08-06 08:00:00,2025-08-06 10:00:00,7.900000095367432,7.962740182876588,False,ok
120,2025-08-07 08:00:00,2025-08-07 10:00:00,6.300000190734863,6.5651393334070836,False,ok
120,2025-08-08 08:00:00,2025-08-08 10:00:00,7.400000095367432,7.09480373064677,False,ok
120,2025-08-09 08:00:00,2025-08-09 10:00:00,7.599999904632568,9.079548597335815,False,ok
120,2025-08-10 08:00:00,2025-08-10 10:00:00,9.300000190734863,8.602371136347452,False,ok
120,2025-08-12 08:00:00,2025-08-12 10:00:00,8.0,8.014721433321636,False,ok
120,2025-08-13 08:00:00,2025-08-13 10:00:00,9.199999809265137,9.311409036318462,False,ok
120,2025-08-14 08:00:00,2025-08-14 10:00:00,10.5,7.733651200930276,False,ok
120,2025-08-14 12:00:00,2025-08-14 14:00:00,11.800000190734863,0.3,False,ok
120,2025-08-14 18:00:00,2025-08-14 20:00:00,4.699999809265137,6.68144671122233,False,ok
120,2025-08-15 08:00:00,2025-08-15 10:00:00,8.100000381469727,7.721552133560182,False,ok
120,2025-08-16 08:00:00,2025-08-16 10:00:00,8.300000190734863,6.421540021896362,False,ok
120,2025-08-16 18:00:00,2025-08-16 20:00:00,5.199999809265137,9.853500366210938,False,ok
120,2025-08-17 08:00:00,2025-08-17 10:00:00,7.900000095367432,8.107159932454426,False,ok
120,2025-08-18 08:00:00,2025-08-18 10:00:00,9.199999809265137,8.88230260213216,False,ok
120,2025-08-19 08:00:00,2025-08-19 10:00:00,6.699999809265137,11.152791976928713,False,ok
120,2025-08-20 08:00:00,2025-08-20 10:00:00,7.099999904632568,9.774145126342772,False,ok
120,2025-08-21 08:00:00,2025-08-21 10:00:00,6.599999904632568,10.70341968536377,False,ok
120,2025-08-22 08:00:00,2025-08-22 10:00:00,8.5,5.274359226226807,False,ok
120,2025-08-23 08:00:00,2025-08-23 10:00:00,11.399999618530272,6.984851837158203,False,ok
120,2025-08-23 20:00:00,2025-08-23 22:00:00,8.899999618530273,7.283063650131226,False,ok
120,2025-08-24 08:00:00,2025-08-24 10:00:00,9.399999618530272,7.492336988449097,False,ok
120,2025-08-25 08:00:00,2025-08-25 10:00:00,10.899999618530272,8.650529940923056,False,ok
120,2025-08-27 08:00:00,2025-08-27 10:00:00,8.699999809265137,10.47425365447998,False,ok
120,2025-08-27 20:00:00,2025-08-27 22:00:00,9.300000190734863,7.990579287211099,False,ok
120,2025-08-28 08:00:00,2025-08-28 10:00:00,7.800000190734863,8.816531022389732,False,ok
120,2025-08-29 08:00:00,2025-08-29 10:00:00,8.0,8.703608353932701,False,ok
120,2025-08-30 08:00:00,2025-08-30 10:00:00,11.100000381469728,8.79974635442098,False,ok
120,2025-08-31 08:00:00,2025-08-31 10:00:00,8.600000381469727,10.755481402079266,False,ok
120,2025-09-01 08:00:00,2025-09-01 10:00:00,7.599999904632568,11.730518023173016,False,ok
120,2025-09-02 08:00:00,2025-09-02 10:00:00,7.199999809265137,11.088223854700724,False,ok
120,2025-09-03 08:00:00,2025-09-03 10:00:00,10.699999809265137,9.008479356765749,False,ok
120,2025-09-04 08:00:00,2025-09-04 10:00:00,7.300000190734863,4.182132005691528,False,ok
120,2025-09-05 08:00:00,2025-09-05 10:00:00,9.699999809265137,8.614216804504395,False,ok
120,2025-09-06 08:00:00,2025-09-06 10:00:00,11.699999809265137,6.59243925412496,False,ok
120,2025-09-07 08:00:00,2025-09-07 10:00:00,10.699999809265137,9.74249815940857,False,ok
120,2025-09-08 08:00:00,2025-09-08 10:00:00,9.800000190734863,8.791822274525959,False,ok
120,2025-09-09 08:00:00,2025-09-09 10:00:00,8.399999618530273,8.128371556599935,False,ok
120,2025-09-10 08:00:00,2025-09-10 10:00:00,10.100000381469728,10.301942189534504,False,ok
120,2025-09-11 08:00:00,2025-09-11 10:00:00,8.699999809265137,8.61059053738912,False,ok
120,2025-09-12 08:00:00,2025-09-12 10:00:00,9.899999618530272,9.483408530553184,False,ok
120,2025-09-13 08:00:00,2025-09-13 10:00:00,9.800000190734863,10.3776384194692,False,ok
120,2025-09-14 08:00:00,2025-09-14 10:00:00,9.899999618530272,8.991354862848917,False,ok
120,2025-09-15 08:00:00,2025-09-15 10:00:00,8.300000190734863,9.370490630467735,False,ok
120,2025-09-16 08:00:00,2025-09-16 10:00:00,9.199999809265137,8.778456290562946,False,ok
120,2025-09-17 08:00:00,2025-09-17 10:00:00,9.300000190734863,9.220945914586387,False,ok
120,2025-09-18 08:00:00,2025-09-18 10:00:00,9.600000381469728,8.45038183530172,False,ok
120,2025-09-19 08:00:00,2025-09-19 10:00:00,9.600000381469728,9.294949293136598,False,ok
120,2025-09-20 08:00:00,2025-09-20 10:00:00,8.5,9.020435253779096,False,ok
120,2025-09-21 08:00:00,2025-09-21 10:00:00,7.599999904632568,9.749205589294432,False,ok
120,2025-09-22 08:00:00,2025-09-22 10:00:00,8.899999618530273,9.102245330810549,False,ok
120,2025-09-23 08:00:00,2025-09-23 10:00:00,10.199999809265137,9.170897483825684,False,ok
120,2025-09-24 08:00:00,2025-09-24 10:00:00,10.5,8.35448344548543,False,ok
120,2025-09-25 08:00:00,2025-09-25 10:00:00,9.800000190734863,8.296402613321943,False,ok
120,2025-09-26 08:00:00,2025-09-26 10:00:00,7.599999904632568,9.9291828473409,False,ok
120,2025-09-27 08:00:00,2025-09-27 10:00:00,8.399999618530273,9.404202143351236,False,ok
120,2025-09-28 08:00:00,2025-09-28 10:00:00,9.399999618530272,9.697050571441649,False,ok
120,2025-09-28 15:00:00,2025-09-28 17:00:00,15.300000190734863,12.349007129669188,False,ok
120,2025-09-28 18:00:00,2025-09-28 20:00:00,8.300000190734863,5.5969929695129395,False,ok
120,2025-09-29 08:00:00,2025-09-29 10:00:00,9.199999809265137,9.212515036265057,False,ok
120,2025-09-30 08:00:00,2025-09-30 10:00:00,8.300000190734863,8.55942455927531,False,ok
120,2025-10-01 08:00:00,2025-10-01 10:00:00,9.800000190734863,9.409466107686358,False,ok
120,2025-10-02 08:00:00,2025-10-02 10:00:00,9.699999809265137,9.281977335611977,False,ok
120,2025-10-03 08:00:00,2025-10-03 10:00:00,10.399999618530272,9.75877221425374,False,ok
120,2025-10-05 08:00:00,2025-10-05 10:00:00,9.699999809265137,8.828753232955933,False,ok
120,2025-10-06 08:00:00,2025-10-06 10:00:00,9.800000190734863,8.712002118428549,False,ok
120,2025-10-06 12:00:00,2025-10-06 14:00:00,5.199999809265137,9.76789220174154,False,ok
120,2025-10-07 08:00:00,2025-10-07 10:00:00,9.300000190734863,8.689801057179766,False,ok
120,2025-10-08 08:00:00,2025-10-08 10:00:00,9.800000190734863,10.212727308273315,False,ok
120,2025-10-09 08:00:00,2025-10-09 10:00:00,12.699999809265137,9.299379666646322,False,ok
120,2025-10-09 14:00:00,2025-10-09 16:00:00,8.699999809265137,8.454912900924683,False,ok
120,2025-10-09 20:00:00,2025-10-09 22:00:00,9.0,10.8627564907074,False,ok
120,2025-10-10 08:00:00,2025-10-10 10:00:00,10.199999809265137,12.62426503499349,False,ok
120,2025-10-10 18:00:00,2025-10-10 20:00:00,9.600000381469728,9.57421636581421,False,ok
120,2025-10-11 08:00:00,2025-10-11 10:00:00,9.0,10.028920650482176,False,ok
120,2025-10-12 08:00:00,2025-10-12 10:00:00,10.5,10.381892363230383,False,ok
120,2025-10-14 08:00:00,2025-10-14 10:00:00,9.199999809265137,10.377312819163,False,ok
120,2025-10-15 08:00:00,2025-10-15 10:00:00,9.100000381469728,8.44283628463745,False,ok
120,2025-10-16 08:00:00,2025-10-16 10:00:00,12.199999809265137,10.0523796081543,False,ok
120,2025-10-16 13:00:00,2025-10-16 15:00:00,9.699999809265137,8.051918506622314,False,ok
120,2025-10-17 08:00:00,2025-10-17 10:00:00,10.399999618530272,10.174381812413532,False,ok
120,2025-10-18 08:00:00,2025-10-18 10:00:00,10.800000190734863,9.165997107823689,False,ok
120,2025-10-18 14:00:00,2025-10-18 16:00:00,8.0,9.903350750605265,False,ok
120,2025-10-19 08:00:00,2025-10-19 10:00:00,6.5,7.201114654541016,False,ok
120,2025-10-20 08:00:00,2025-10-20 10:00:00,10.5,7.866274754206338,False,ok
120,2025-10-21 08:00:00,2025-10-21 10:00:00,10.100000381469728,9.353059411048893,False,ok
120,2025-10-21 14:00:00,2025-10-21 16:00:00,11.0,9.717707991600038,False,ok
120,2025-10-21 20:00:00,2025-10-21 22:00:00,10.0,8.894680817921955,False,ok
120,2025-10-22 08:00:00,2025-10-22 10:00:00,9.300000190734863,9.315285046895344,False,ok
120,2025-10-22 18:00:00,2025-10-22 20:00:00,11.0,9.602611382802326,False,ok
120,2025-10-23 00:00:00,2025-10-23 02:00:00,6.699999809265137,10.068250735600788,False,ok
120,2025-10-23 08:00:00,2025-10-23 10:00:00,9.100000381469728,9.001690944035847,False,ok
120,2025-10-23 19:00:00,2025-10-23 21:00:00,6.5,12.04595677057902,False,ok
120,2025-10-24 08:00:00,2025-10-24 10:00:00,7.0,11.850659529368084,False,ok
120,2025-10-25 08:00:00,2025-10-25 10:00:00,7.199999809265137,11.325775305430092,False,ok
120,2025-10-26 08:00:00,2025-10-26 10:00:00,7.199999809265137,10.826201597849527,False,ok
120,2025-10-27 08:00:00,2025-10-27 10:00:00,10.399999618530272,9.268903692563374,False,ok
120,2025-10-27 13:15:10,2025-10-27 15:15:10,9.600000381469728,11.75073476632436,False,ok
120,2025-10-27 16:46:34,2025-10-27 18:46:34,5.599999904632568,6.032465020815531,False,ok
120,2025-10-27 20:00:00,2025-10-27 22:00:00,7.699999809265137,9.596024394035336,False,ok
120,2025-10-28 08:00:00,2025-10-28 10:00:00,9.899999618530272,9.594152728716532,False,ok
120,2025-10-28 12:00:00,2025-10-28 14:00:00,7.800000190734863,6.204436103502909,False,ok
120,2025-10-29 08:00:00,2025-10-29 10:00:00,9.199999809265137,7.859233180681863,False,ok
120,2025-10-30 08:00:00,2025-10-30 10:00:00,9.899999618530272,7.977551658948263,False,ok
120,2025-10-31 08:00:00,2025-10-31 10:00:00,10.199999809265137,9.000159581502277,False,ok
120,2025-11-01 08:00:00,2025-11-01 10:00:00,7.800000190734863,8.923179467519127,False,ok
120,2025-11-02 08:00:00,2025-11-02 10:00:00,10.100000381469728,9.296704570452372,False,ok
120,2025-11-03 03:00:00,2025-11-03 05:00:00,8.5,8.63066796461741,False,ok
120,2025-11-03 08:00:00,2025-11-03 10:00:00,9.5,9.227597514788307,False,ok
120,2025-11-04 08:00:00,2025-11-04 10:00:00,9.399999618530272,8.663751920064287,False,ok
120,2025-11-05 08:00:00,2025-11-05 10:00:00,8.899999618530273,8.188391208648682,False,ok
120,2025-11-06 08:00:00,2025-11-06 10:00:00,9.600000381469728,9.575682123502096,False,ok
120,2025-11-07 08:00:00,2025-11-07 10:00:00,9.899999618530272,9.135393818219503,False,ok
120,2025-11-08 08:00:00,2025-11-08 10:00:00,8.800000190734863,9.090341289838156,False,ok
120,2025-11-09 08:00:00,2025-11-09 10:00:00,10.5,12.081284681955973,False,ok
120,2025-11-09 11:00:00,2025-11-09 13:00:00,11.199999809265137,9.522400061289469,False,ok
120,2025-11-09 15:00:09,2025-11-09 17:00:09,8.100000381469727,10.772103468577066,False,ok
120,2025-11-09 22:00:00,2025-11-10 00:00:00,7.300000190734863,7.343443075815837,False,ok
120,2025-11-10 08:00:00,2025-11-10 10:00:00,8.100000381469727,6.393855969111125,False,ok
120,2025-11-11 08:00:00,2025-11-11 10:00:00,9.100000381469728,8.48085335890452,False,ok
120,2025-11-12 08:00:00,2025-11-12 10:00:00,11.5,12.360333641370136,False,ok
120,2025-11-12 15:06:58,2025-11-12 17:06:58,8.100000381469727,7.758291443188984,False,ok
120,2025-11-13 08:00:00,2025-11-13 10:00:00,7.300000190734863,11.093872427940369,False,ok
120,2025-11-14 08:00:00,2025-11-14 10:00:00,10.399999618530272,9.802976965904236,False,ok
120,2025-11-14 20:00:00,2025-11-14 22:00:00,8.300000190734863,8.618889530499775,False,ok
120,2025-11-15 08:00:00,2025-11-15 10:00:00,9.199999809265137,8.15959966182709,False,ok
120,2025-11-16 08:00:00,2025-11-16 10:00:00,9.899999618530272,10.080685973167418,False,ok
120,2025-11-17 08:00:00,2025-11-17 10:00:00,9.199999809265137,9.055302023887636,False,ok
120,2025-11-18 08:00:00,2025-11-18 10:00:00,9.800000190734863,9.673302054405214,False,ok
120,2025-11-19 08:00:00,2025-11-19 10:00:00,9.699999809265137,8.179431597391766,False,ok
120,2025-11-20 08:00:00,2025-11-20 10:00:00,6.099999904632568,8.928636709849041,False,ok
120,2025-11-21 08:00:00,2025-11-21 10:00:00,10.399999618530272,7.991954406102499,False,ok
120,2025-11-22 08:00:00,2025-11-22 10:00:00,9.300000190734863,9.45076600710551,False,ok
120,2025-11-23 08:00:00,2025-11-23 10:00:00,9.899999618530272,10.016736110051472,False,ok
120,2025-11-23 20:51:00,2025-11-23 22:51:00,9.899999618530272,9.734449466069538,False,ok
120,2025-11-24 00:38:00,2025-11-24 02:38:00,10.699999809265137,8.100219329198202,False,ok
120,2025-11-24 08:00:00,2025-11-24 10:00:00,9.0,8.055985053380331,False,ok
120,2025-11-24 18:00:00,2025-11-24 20:00:00,8.399999618530273,10.705947081247963,False,ok
120,2025-11-25 08:00:00,2025-11-25 10:00:00,9.899999618530272,10.312272230784098,False,ok
120,2025-11-26 08:00:00,2025-11-26 10:00:00,9.699999809265137,9.50813404719035,False,ok
120,2025-11-27 08:00:00,2025-11-27 10:00:00,13.100000381469728,10.6267352104187,False,ok
120,2025-11-27 10:45:00,2025-11-27 12:45:00,10.5,11.088310718536375,False,ok
120,2025-11-27 20:00:00,2025-11-27 22:00:00,8.600000381469727,13.26504437128703,False,ok
120,2025-11-28 08:00:00,2025-11-28 10:00:00,9.0,10.623350540796912,False,ok
120,2025-11-29 08:00:00,2025-11-29 10:00:00,7.300000190734863,8.601624886194863,False,ok
120,2025-11-30 08:00:00,2025-11-30 10:00:00,8.699999809265137,11.120857636133833,False,ok
120,2025-12-01 08:00:00,2025-12-01 10:00:00,7.800000190734863,9.2556156317393,False,ok
120,2025-12-02 08:00:00,2025-12-02 10:00:00,8.399999618530273,7.498995502789815,False,ok
120,2025-12-03 08:00:00,2025-12-03 10:00:00,6.800000190734863,6.884092926979066,False,ok
120,2025-12-04 08:00:00,2025-12-04 10:00:00,7.800000190734863,10.365659435590109,False,ok
120,2025-12-05 08:00:00,2025-12-05 10:00:00,9.0,9.38300581773122,False,ok
120,2025-12-06 08:00:00,2025-12-06 10:00:00,8.300000190734863,8.231682022412619,False,ok
120,2025-12-07 08:00:00,2025-12-07 10:00:00,10.199999809265137,7.462650974591573,False,ok
120,2025-12-08 08:00:00,2025-12-08 10:00:00,8.199999809265137,7.103322704633078,False,ok
120,2025-12-09 08:00:00,2025-12-09 10:00:00,9.100000381469728,7.344428261121114,False,ok
120,2025-12-10 04:00:00,2025-12-10 06:00:00,9.800000190734863,24.70102636019389,False,ok
120,2025-12-10 07:35:00,2025-12-10 09:35:00,8.0,9.000000000000002,True,ok
120,2025-12-10 18:00:00,2025-12-10 20:00:00,7.800000190734863,8.879238446553547,False,ok
120,2025-12-11 08:00:00,2025-12-11 10:00:00,7.300000190734863,8.382467746734617,False,ok
120,2025-12-11 15:00:00,2025-12-11 17:00:00,10.5,7.386058807373047,False,ok
120,2025-12-12 08:00:00,2025-12-12 10:00:00,7.599999904632568,10.109833081563314,False,ok
120,2025-12-13 08:00:00,2025-12-13 10:00:00,6.699999809265137,8.433621962865194,False,ok
120,2025-12-14 08:00:00,2025-12-14 10:00:00,6.400000095367432,9.16373085975647,False,ok
120,2025-12-14 12:22:00,2025-12-14 14:22:00,11.0,6.4690816402435285,False,ok
120,2025-12-15 08:00:00,2025-12-15 10:00:00,8.800000190734863,7.315736770629884,False,ok
120,2025-12-16 08:00:00,2025-12-16 10:00:00,7.400000095367432,8.441822052001951,False,ok
120,2025-12-17 08:00:00,2025-12-17 10:00:00,8.399999618530273,7.141863942146301,False,ok
120,2025-12-18 08:00:00,2025-12-18 10:00:00,9.300000190734863,8.620083888371783,False,ok
120,2025-12-19 08:00:00,2025-12-19 10:00:00,9.399999618530272,9.42763912677765,False,ok
120,2025-12-20 08:00:00,2025-12-20 10:00:00,9.100000381469728,9.071606556574505,False,ok
120,2025-12-21 08:00:00,2025-12-21 10:00:00,8.800000190734863,8.45993224779765,False,ok
120,2025-12-22 08:00:00,2025-12-22 10:00:00,9.0,8.039201895395916,False,ok
120,2025-12-23 08:00:00,2025-12-23 10:00:00,8.300000190734863,8.237582365671797,False,ok
120,2025-12-24 08:00:00,2025-12-24 10:00:00,5.099999904632568,7.307905515034993,False,ok
120,2025-12-25 08:00:00,2025-12-25 10:00:00,9.0,13.77804199854533,False,ok
120,2025-12-26 08:00:00,2025-12-26 10:00:00,6.199999809265137,7.492953459421795,False,ok
120,2025-12-27 08:00:00,2025-12-27 10:00:00,8.899999618530273,8.715781450271605,False,ok
120,2025-12-28 08:00:00,2025-12-28 10:00:00,10.899999618530272,9.233497142791748,False,ok
120,2025-12-28 22:00:00,2025-12-29 00:00:00,10.5,8.036428928375244,False,ok
120,2025-12-29 00:30:00,2025-12-29 02:30:00,7.900000095367432,7.835758686065673,False,ok
120,2025-12-29 08:00:00,2025-12-29 10:00:00,4.699999809265137,4.294459541638693,False,ok
120,2025-12-30 08:00:00,2025-12-30 10:00:00,9.699999809265137,8.13723031679789,False,ok
120,2025-12-31 08:00:00,2025-12-31 10:00:00,9.0,9.597517172495522,False,ok
180,2025-01-01 07:00:00,2025-01-01 10:00:00,3.5,4.872166812419891,False,ok
180,2025-01-02 07:00:00,2025-01-02 10:00:00,7.099999904632568,7.604464729626975,False,ok
180,2025-01-03 07:00:00,2025-01-03 10:00:00,7.699999809265137,7.869212826093037,False,ok
180,2025-01-04 07:00:00,2025-01-04 10:00:00,5.400000095367432,9.0357434352239,False,ok
180,2025-01-05 07:00:00,2025-01-05 10:00:00,5.300000190734863,4.3129523396492,False,ok
180,2025-01-06 07:00:00,2025-01-06 10:00:00,4.800000190734863,5.091122925281525,False,ok
180,2025-01-07 07:00:00,2025-01-07 10:00:00,5.099999904632568,5.431380093097687,False,ok
180,2025-01-08 07:00:00,2025-01-08 10:00:00,3.5999999046325684,3.2890766263008113,False,ok
180,2025-01-09 07:00:00,2025-01-09 10:00:00,3.900000095367432,3.71629124879837,False,ok
180,2025-01-10 07:00:00,2025-01-10 10:00:00,3.5,3.8131633400917058,False,ok
180,2025-01-11 07:00:00,2025-01-11 10:00:00,3.5999999046325684,3.967279016971588,False,ok
180,2025-01-12 07:00:00,2025-01-12 10:00:00,4.199999809265137,3.921068410078685,False,ok
180,2025-01-13 07:00:00,2025-01-13 10:00:00,6.0,4.978722671667735,False,ok
180,2025-01-14 07:00:00,2025-01-14 10:00:00,1.600000023841858,2.190941909948985,False,ok
180,2025-01-15 07:00:00,2025-01-15 10:00:00,1.899999976158142,2.084136227766673,False,ok
180,2025-01-16 07:00:00,2025-01-16 10:00:00,7.099999904632568,7.1467847625414525,False,ok
180,2025-01-17 07:00:00,2025-01-17 10:00:00,8.199999809265137,5.797896842161814,False,ok
180,2025-01-18 07:00:00,2025-01-18 10:00:00,7.599999904632568,6.827920416990915,False,ok
180,2025-01-19 07:00:00,2025-01-19 10:00:00,6.900000095367432,6.140750030676524,False,ok
180,2025-01-20 07:00:00,2025-01-20 10:00:00,10.600000381469728,7.343836506207785,False,ok
180,2025-01-21 07:00:00,2025-01-21 10:00:00,8.300000190734863,8.534614006678263,False,ok
180,2025-01-22 07:00:00,2025-01-22 10:00:00,6.099999904632568,9.666805664698284,False,ok
180,2025-01-23 07:00:00,2025-01-23 10:00:00,6.099999904632568,8.317352890968325,False,ok
180,2025-01-23 19:00:00,2025-01-23 22:00:00,5.900000095367432,7.921847919623058,False,ok
180,2025-01-24 07:00:00,2025-01-24 10:00:00,6.699999809265137,12.270592312018074,False,ok
180,2025-01-25 07:00:00,2025-01-25 10:00:00,7.5,6.025321086247763,False,ok
180,2025-01-26 07:00:00,2025-01-26 10:00:00,8.899999618530273,6.525227268536885,False,ok
180,2025-01-27 07:00:00,2025-01-27 10:00:00,6.0,6.896868069966633,False,ok
180,2025-01-28 07:00:00,2025-01-28 10:00:00,7.900000095367432,6.5771859486897775,False,ok
180,2025-01-29 07:00:00,2025-01-29 10:00:00,6.199999809265137,6.1438363393147775,False,ok
180,2025-01-30 07:00:00,2025-01-30 10:00:00,5.900000095367432,9.052749474843344,False,ok
180,2025-01-31 07:00:00,2025-01-31 10:00:00,7.400000095367432,9.53825036684672,False,ok
180,2025-02-01 07:00:00,2025-02-01 10:00:00,9.600000381469728,5.945766051610312,False,ok
180,2025-02-02 07:00:00,2025-02-02 10:00:00,10.5,8.61192735036214,False,ok
180,2025-02-03 01:48:22,2025-02-03 04:48:22,10.699999809265137,23.729583104451496,False,ok
180,2025-02-03 07:00:00,2025-02-03 10:00:00,8.5,23.721961339314777,False,ok
180,2025-02-04 07:00:00,2025-02-04 10:00:00,7.099999904632568,8.787582079569502,False,ok
180,2025-02-05 07:00:00,2025-02-05 10:00:00,7.400000095367432,8.771301905314127,False,ok
180,2025-02-07 07:00:00,2025-02-07 10:00:00,8.300000190734863,7.529029687245687,False,ok
180,2025-02-08 07:00:00,2025-02-08 10:00:00,8.100000381469727,6.621119340260824,False,ok
180,2025-02-09 07:00:00,2025-02-09 10:00:00,9.899999618530272,6.495505015055338,False,ok
180,2025-02-10 07:00:00,2025-02-10 10:00:00,9.5,8.893961826960245,False,ok
180,2025-02-11 07:00:00,2025-02-11 10:00:00,6.800000190734863,8.509446064631142,False,ok
180,2025-02-12 07:00:00,2025-02-12 10:00:00,9.600000381469728,8.52954578399658,False,ok
180,2025-02-13 07:00:00,2025-02-13 10:00:00,11.600000381469728,7.978693962097168,False,ok
180,2025-02-13 13:46:39,2025-02-13 16:46:39,8.899999618530273,7.899335861206054,False,ok
180,2025-02-14 07:00:00,2025-02-14 10:00:00,7.0,8.793383558591206,False,ok
180,2025-02-14 19:41:16,2025-02-14 22:41:16,11.899999618530272,5.855299433072408,False,ok
180,2025-02-14 23:39:46,2025-02-15 02:39:46,8.0,6.898241957028707,False,ok
180,2025-02-15 07:00:00,2025-02-15 10:00:00,9.100000381469728,7.6457005739212045,False,ok
180,2025-02-16 07:00:00,2025-02-16 10:00:00,7.300000190734863,14.80914529164632,False,ok
180,2025-02-17 07:00:00,2025-02-17 10:00:00,8.699999809265137,8.469789584477745,False,ok
180,2025-02-18 07:00:00,2025-02-18 10:00:00,8.5,8.53969168663025,False,ok
180,2025-02-19 07:00:00,2025-02-19 10:00:00,10.199999809265137,9.465360244115196,False,ok
180,2025-02-20 07:00:00,2025-02-20 10:00:00,5.699999809265137,18.18506010373434,False,ok
180,2025-02-21 07:00:00,2025-02-21 10:00:00,9.399999618530272,8.546781142552694,False,ok
180,2025-02-22 07:00:00,2025-02-22 10:00:00,9.100000381469728,11.207713206609093,False,ok
180,2025-02-23 07:00:00,2025-02-23 10:00:00,10.300000190734863,10.550077517827352,False,ok
180,2025-02-24 07:00:00,2025-02-24 10:00:00,9.399999618530272,9.42352382342021,False,ok
180,2025-02-25 07:00:00,2025-02-25 10:00:00,9.399999618530272,8.976323525110882,False,ok
180,2025-02-26 07:00:00,2025-02-26 10:00:00,8.800000190734863,9.192279815673828,False,ok
180,2025-02-27 07:00:00,2025-02-27 10:00:00,10.300000190734863,10.004047393798826,False,ok
180,2025-02-28 07:00:00,2025-02-28 10:00:00,10.600000381469728,8.543960571289062,False,ok
180,2025-03-01 07:00:00,2025-03-01 10:00:00,7.800000190734863,9.373859405517578,False,ok
180,2025-03-02 07:00:00,2025-03-02 10:00:00,10.0,9.264694690704344,False,ok
180,2025-03-03 07:00:00,2025-03-03 10:00:00,8.300000190734863,9.54392194747925,False,ok
180,2025-03-06 07:00:00,2025-03-06 10:00:00,8.5,9.879555066426594,False,ok
180,2025-03-07 07:00:00,2025-03-07 10:00:00,8.399999618530273,7.827233632405597,False,ok
180,2025-03-08 07:00:00,2025-03-08 10:00:00,8.0,7.92020018895467,False,ok
180,2025-03-09 07:00:00,2025-03-09 10:00:00,9.5,9.43635066350301,False,ok
180,2025-03-10 07:00:00,2025-03-10 10:00:00,10.199999809265137,9.617244720458984,False,ok
180,2025-03-11 07:00:00,2025-03-11 10:00:00,8.100000381469727,10.59417780240377,False,ok
180,2025-03-12 07:00:00,2025-03-12 10:00:00,8.600000381469727,8.767691214879356,False,ok
180,2025-03-13 07:00:00,2025-03-13 10:00:00,7.699999809265137,11.03477358818054,False,ok
180,2025-03-14 07:00:00,2025-03-14 10:00:00,9.899999618530272,8.991590261459352,False,ok
180,2025-03-15 07:00:00,2025-03-15 10:00:00,10.399999618530272,10.0169312953949,False,ok
180,2025-03-16 07:00:00,2025-03-16 10:00:00,10.5,10.67448409398397,False,ok
180,2025-03-17 07:00:00,2025-03-17 10:00:00,12.399999618530272,11.70955808957418,False,ok
180,2025-03-18 07:00:00,2025-03-18 10:00:00,12.300000190734863,13.1949892838796,False,ok
180,2025-03-19 07:00:00,2025-03-19 10:00:00,10.300000190734863,12.604693094889324,False,ok
180,2025-03-20 07:00:00,2025-03-20 10:00:00,11.300000190734863,7.354831298192342,False,ok
180,2025-03-21 07:00:00,2025-03-21 10:00:00,9.600000381469728,9.828288634618124,False,ok
180,2025-03-22 07:00:00,2025-03-22 10:00:00,8.800000190734863,10.207520723342896,False,ok
180,2025-03-23 07:00:00,2025-03-23 10:00:00,6.900000095367432,10.63778042793274,False,ok
180,2025-03-24 03:00:00,2025-03-24 06:00:00,6.800000190734863,9.838160753250122,False,ok
180,2025-03-24 07:00:00,2025-03-24 10:00:00,6.5,24.90341210365295,False,ok
180,2025-03-24 21:01:00,2025-03-25 00:01:00,11.0,1.1419068177541094,False,ok
180,2025-03-25 03:00:00,2025-03-25 06:00:00,13.399999618530272,4.082188447316487,False,ok
180,2025-03-25 07:00:00,2025-03-25 10:00:00,8.100000381469727,3.313126643498738,False,ok
180,2025-03-25 17:00:00,2025-03-25 20:00:00,10.5,6.796706040700276,False,ok
180,2025-03-26 07:00:00,2025-03-26 10:00:00,8.300000190734863,8.42889428138733,False,ok
180,2025-03-26 20:07:57,2025-03-26 23:07:57,10.199999809265137,7.795637845993041,False,ok
180,2025-03-27 07:00:00,2025-03-27 10:00:00,5.400000095367432,8.773952245712278,False,ok
180,2025-03-29 07:00:00,2025-03-29 10:00:00,8.399999618530273,11.97684502601624,False,ok
180,2025-03-30 07:00:00,2025-03-30 10:00:00,10.199999809265137,10.841583490371706,False,ok
180,2025-03-31 07:00:00,2025-03-31 10:00:00,8.600000381469727,10.40670895576477,False,ok
180,2025-04-01 07:00:00,2025-04-01 10:00:00,7.0,11.41072392463684,False,ok
180,2025-04-02 07:00:00,2025-04-02 10:00:00,7.300000190734863,10.242166201273598,False,ok
180,2025-04-03 07:00:00,2025-04-03 10:00:00,9.899999618530272,6.190913041432698,False,ok
180,2025-04-05 07:00:00,2025-04-05 10:00:00,5.800000190734863,9.723960479100544,False,ok
180,2025-04-06 07:00:00,2025-04-06 10:00:00,6.800000190734863,8.162991166114807,False,ok
180,2025-04-07 07:00:00,2025-04-07 10:00:00,7.5,7.409364740053813,False,ok
180,2025-04-08 07:00:00,2025-04-08 10:00:00,6.800000190734863,8.990514715512594,False,ok
180,2025-04-09 07:00:00,2025-04-09 10:00:00,8.100000381469727,8.279631495475769,False,ok
180,2025-04-10 07:00:00,2025-04-10 10:00:00,6.099999904632568,7.408513228098551,False,ok
180,2025-04-11 07:00:00,2025-04-11 10:00:00,7.400000095367432,6.929996331532796,False,ok
180,2025-04-12 07:00:00,2025-04-12 10:00:00,8.699999809265137,7.006176710128784,False,ok
180,2025-04-13 07:00:00,2025-04-13 10:00:00,5.300000190734863,4.904283285140991,False,ok
180,2025-04-14 07:00:00,2025-04-14 10:00:00,7.699999809265137,6.540777921676636,False,ok
180,2025-04-15 07:00:00,2025-04-15 10:00:00,8.5,3.9015674591064458,False,ok
180,2025-04-16 07:00:00,2025-04-16 10:00:00,7.699999809265137,6.0850982666015625,False,ok
180,2025-04-17 07:00:00,2025-04-17 10:00:00,5.199999809265137,4.7835235595703125,False,ok
180,2025-04-18 07:00:00,2025-04-18 10:00:00,8.800000190734863,7.1420760949452715,False,ok
180,2025-04-18 17:00:00,2025-04-18 20:00:00,10.0,6.557493766148884,False,ok
180,2025-04-19 07:00:00,2025-04-19 10:00:00,8.800000190734863,8.371906836827593,False,ok
180,2025-04-20 07:00:00,2025-04-20 10:00:00,11.800000190734863,8.408480087916054,False,ok
180,2025-04-21 07:00:00,2025-04-21 10:00:00,11.399999618530272,3.295827468236287,False,ok
180,2025-04-22 07:00:00,2025-04-22 10:00:00,10.600000381469728,6.2309032281239825,False,ok
180,2025-04-23 07:00:00,2025-04-23 10:00:00,13.5,7.237079381942749,False,ok
180,2025-04-24 07:00:00,2025-04-24 10:00:00,12.399999618530272,6.285552740097046,False,ok
180,2025-04-25 07:00:00,2025-04-25 10:00:00,9.399999618530272,5.341040372848511,False,ok
180,2025-04-26 03:00:00,2025-04-26 06:00:00,9.0,25.014209906260177,False,ok
180,2025-04-26 07:00:00,2025-04-26 10:00:00,9.5,11.399999618530272,True,ok
180,2025-04-27 07:00:00,2025-04-27 10:00:00,7.699999809265137,9.070208390553791,False,ok
180,2025-04-28 07:00:00,2025-04-28 10:00:00,10.0,7.528245290120443,False,ok
180,2025-04-29 07:00:00,2025-04-29 10:00:00,7.5,9.217222849527994,False,ok
180,2025-04-30 07:00:00,2025-04-30 10:00:00,6.5,8.55012321472168,False,ok
180,2025-05-01 07:00:00,2025-05-01 10:00:00,11.300000190734863,8.501301765441895,False,ok
180,2025-05-02 07:00:00,2025-05-02 10:00:00,8.300000190734863,9.58643611272176,False,ok
180,2025-05-03 07:00:00,2025-05-03 10:00:00,9.899999618530272,9.605382601420084,False,ok
180,2025-05-04 07:00:00,2025-05-04 10:00:00,8.399999618530273,9.599472840627037,False,ok
180,2025-05-05 07:00:00,2025-05-05 10:00:00,8.600000381469727,8.500646273295084,False,ok
180,2025-05-06 07:00:00,2025-05-06 10:00:00,8.5,7.884693543116251,False,ok
180,2025-05-07 07:00:00,2025-05-07 10:00:00,9.699999809265137,8.898826201756794,False,ok
180,2025-05-08 07:00:00,2025-05-08 10:00:00,9.399999618530272,10.038031339645386,False,ok
180,2025-05-09 07:00:00,2025-05-09 10:00:00,9.699999809265137,9.615111509958902,False,ok
180,2025-05-10 07:00:00,2025-05-10 10:00:00,9.199999809265137,8.502358357111614,False,ok
180,2025-05-11 07:00:00,2025-05-11 10:00:00,11.0,24.620339711507164,False,ok
180,2025-05-11 11:00:00,2025-05-11 14:00:00,8.699999809265137,9.807877858479817,False,ok
180,2025-05-12 07:00:00,2025-05-12 10:00:00,9.399999618530272,9.201380173365273,False,ok
180,2025-05-13 07:00:00,2025-05-13 10:00:00,8.699999809265137,8.904167572657267,False,ok
180,2025-05-14 07:00:00,2025-05-14 10:00:00,9.199999809265137,9.303968826929726,False,ok
180,2025-05-15 07:00:00,2025-05-15 10:00:00,8.300000190734863,8.721213897069292,False,ok
180,2025-05-16 07:00:00,2025-05-16 10:00:00,9.0,10.932549476623532,False,ok
180,2025-05-17 07:00:00,2025-05-17 10:00:00,6.800000190734863,24.949783484141033,False,ok
180,2025-05-18 07:00:00,2025-05-18 10:00:00,7.900000095367432,10.287450790405272,False,ok
180,2025-05-18 23:00:00,2025-05-19 02:00:00,6.900000095367432,10.128288507461548,False,ok
180,2025-05-19 07:00:00,2025-05-19 10:00:00,7.599999904632568,8.566517194112144,False,ok
180,2025-05-20 07:00:00,2025-05-20 10:00:00,11.300000190734863,9.47618261973063,False,ok
180,2025-05-21 07:00:00,2025-05-21 10:00:00,10.199999809265137,7.7626053492228175,False,ok
180,2025-05-21 19:02:41,2025-05-21 22:02:41,9.0,8.266172250111898,False,ok
180,2025-05-22 07:00:00,2025-05-22 10:00:00,8.800000190734863,7.960763295491535,False,ok
180,2025-05-23 07:00:00,2025-05-23 10:00:00,10.0,9.961984872817991,False,ok
180,2025-05-24 07:00:00,2025-05-24 10:00:00,8.0,9.580497980117798,False,ok
180,2025-05-25 07:00:00,2025-05-25 10:00:00,8.300000190734863,9.622069438298542,False,ok
180,2025-05-26 07:00:00,2025-05-26 10:00:00,6.699999809265137,8.453908642133076,False,ok
180,2025-05-27 07:00:00,2025-05-27 10:00:00,9.199999809265137,9.850547989209492,False,ok
180,2025-05-28 07:00:00,2025-05-28 10:00:00,7.5,9.115447799364723,False,ok
180,2025-05-29 07:00:00,2025-05-29 10:00:00,8.699999809265137,9.525140563646952,False,ok
180,2025-05-30 07:00:00,2025-05-30 10:00:00,10.0,9.0216033856074,False,ok
180,2025-05-31 07:00:00,2025-05-31 10:00:00,6.800000190734863,8.947911818822226,False,ok
180,2025-06-01 07:00:00,2025-06-01 10:00:00,8.699999809265137,6.141820510228475,False,ok
180,2025-06-02 07:00:00,2025-06-02 10:00:00,8.399999618530273,5.9114170869191485,False,ok
180,2025-06-03 07:00:00,2025-06-03 10:00:00,23.299999237060547,7.43428142865499,False,ok
180,2025-06-03 14:30:00,2025-06-03 17:30:00,8.5,7.296717206637065,False,ok
180,2025-06-04 07:00:00,2025-06-04 10:00:00,6.900000095367432,8.774878422419231,False,ok
180,2025-06-05 07:00:00,2025-06-05 10:00:00,9.199999809265137,8.510906140009562,False,ok
180,2025-06-06 07:00:00,2025-06-06 10:00:00,8.800000190734863,9.182762622833254,False,ok
180,2025-06-07 07:00:00,2025-06-07 10:00:00,9.100000381469728,9.583296298980711,False,ok
180,2025-06-08 07:00:00,2025-06-08 10:00:00,9.100000381469728,9.66293994585673,False,ok
180,2025-06-09 07:00:00,2025-06-09 10:00:00,9.300000190734863,10.596752087275188,False,ok
180,2025-06-10 07:00:00,2025-06-10 10:00:00,8.800000190734863,9.407411019007368,False,ok
180,2025-06-11 07:00:00,2025-06-11 10:00:00,7.800000190734863,10.176124970118204,False,ok
180,2025-06-12 07:00:00,2025-06-12 10:00:00,9.899999618530272,8.777426600456238,False,ok
180,2025-06-13 07:00:00,2025-06-13 10:00:00,9.199999809265137,7.457820773124697,False,ok
180,2025-06-14 07:00:00,2025-06-14 10:00:00,8.300000190734863,9.011946558952332,False,ok
180,2025-06-15 07:00:00,2025-06-15 10:00:00,8.0,7.588286280632018,False,ok
180,2025-06-16 07:00:00,2025-06-16 10:00:00,9.600000381469728,8.920479655265808,False,ok
180,2025-06-17 07:00:00,2025-06-17 10:00:00,9.300000190734863,5.92800509929657,False,ok
180,2025-06-18 07:00:00,2025-06-18 10:00:00,8.5,9.38714587688446,False,ok
180,2025-06-19 07:00:00,2025-06-19 10:00:00,10.600000381469728,9.871006846427916,False,ok
180,2025-06-20 07:00:00,2025-06-20 10:00:00,8.300000190734863,8.518311381340027,False,ok
180,2025-06-21 07:00:00,2025-06-21 10:00:00,3.200000047683716,8.598476290702818,False,ok
180,2025-06-21 12:57:36,2025-06-21 15:57:36,8.399999618530273,6.901655077934266,False,ok
180,2025-06-22 07:00:00,2025-06-22 10:00:00,7.699999809265137,7.100172122319541,False,ok
180,2025-06-23 07:00:00,2025-06-23 10:00:00,7.599999904632568,7.797482093175251,False,ok
180,2025-06-24 07:00:00,2025-06-24 10:00:00,9.199999809265137,8.41576035817464,False,ok
180,2025-06-25 07:00:00,2025-06-25 10:00:00,8.5,9.385608355204267,False,ok
180,2025-06-26 07:00:00,2025-06-26 10:00:00,7.199999809265137,8.676089922587078,False,ok
180,2025-06-27 07:00:00,2025-06-27 10:00:00,8.899999618530273,7.944900194803874,False,ok
180,2025-06-28 07:00:00,2025-06-28 10:00:00,9.800000190734863,7.615115125974022,False,ok
180,2025-06-29 07:00:00,2025-06-29 10:00:00,8.5,8.393313368161518,False,ok
180,2025-06-30 07:00:00,2025-06-30 10:00:00,8.0,8.988298058509827,False,ok
180,2025-07-01 07:00:00,2025-07-01 10:00:00,8.199999809265137,8.597699761390686,False,ok
180,2025-07-02 07:00:00,2025-07-02 10:00:00,8.800000190734863,8.783074021339417,False,ok
180,2025-07-03 07:00:00,2025-07-03 10:00:00,9.300000190734863,8.290168166160583,False,ok
180,2025-07-04 07:00:00,2025-07-04 10:00:00,9.399999618530272,7.8591681718826285,False,ok
180,2025-07-05 07:00:00,2025-07-05 10:00:00,8.600000381469727,10.513935724894203,False,ok
180,2025-07-06 07:00:00,2025-07-06 10:00:00,9.300000190734863,8.428313851356506,False,ok
180,2025-07-07 07:00:00,2025-07-07 10:00:00,8.5,9.13881063461304,False,ok
180,2025-07-08 07:00:00,2025-07-08 10:00:00,9.199999809265137,8.503515640894573,False,ok
180,2025-07-09 07:00:00,2025-07-09 10:00:00,8.199999809265137,8.372282425562538,False,ok
180,2025-07-10 07:00:00,2025-07-10 10:00:00,7.599999904632568,9.21895893414815,False,ok
180,2025-07-11 07:00:00,2025-07-11 10:00:00,9.100000381469728,9.838440974553423,False,ok
180,2025-07-12 07:00:00,2025-07-12 10:00:00,8.800000190734863,8.978559732437132,False,ok
180,2025-07-13 07:00:00,2025-07-13 10:00:00,8.5,9.662731329600016,False,ok
180,2025-07-14 07:00:00,2025-07-14 10:00:00,9.800000190734863,10.142428040504456,False,ok
180,2025-07-15 07:00:00,2025-07-15 10:00:00,9.399999618530272,10.21030294895172,False,ok
180,2025-07-16 07:00:00,2025-07-16 10:00:00,9.100000381469728,8.660040497779844,False,ok
180,2025-07-17 07:00:00,2025-07-17 10:00:00,8.100000381469727,9.2482305765152,False,ok
180,2025-07-18 07:00:00,2025-07-18 10:00:00,9.399999618530272,10.1144198179245,False,ok
180,2025-07-19 07:00:00,2025-07-19 10:00:00,7.900000095367432,10.228377223014832,False,ok
180,2025-07-20 07:00:00,2025-07-20 10:00:00,9.5,8.851273417472841,False,ok
180,2025-07-21 07:00:00,2025-07-21 10:00:00,9.300000190734863,8.82246510187785,False,ok
180,2025-07-22 07:00:00,2025-07-22 10:00:00,9.899999618530272,8.623564402262371,False,ok
180,2025-07-23 07:00:00,2025-07-23 10:00:00,8.5,8.289918104807537,False,ok
180,2025-07-24 07:00:00,2025-07-24 10:00:00,8.199999809265137,8.850974400838219,False,ok
180,2025-07-24 10:00:00,2025-07-24 13:00:00,120.0,9.191236813863116,False,ok
180,2025-07-24 10:15:00,2025-07-24 13:15:00,45.900001525878906,9.114942868550616,False,ok
180,2025-07-24 12:20:00,2025-07-24 15:20:00,2.0999999046325684,9.300000190734862,True,ok
180,2025-07-25 07:00:00,2025-07-25 10:00:00,9.600000381469728,8.273625850677492,False,ok
180,2025-07-26 07:00:00,2025-07-26 10:00:00,7.300000190734863,7.321470022201538,False,ok
180,2025-07-27 07:00:00,2025-07-27 10:00:00,8.899999618530273,8.879757245381674,False,ok
180,2025-07-28 07:00:00,2025-07-28 10:00:00,10.199999809265137,8.795854886372885,False,ok
180,2025-07-28 13:00:00,2025-07-28 16:00:00,35.099998474121094,24.16739686330159,False,ok
180,2025-07-28 18:26:26,2025-07-28 21:26:26,3.5,8.611036380132038,False,ok
180,2025-07-29 07:00:00,2025-07-29 10:00:00,8.300000190734863,8.266709963480633,False,ok
180,2025-07-30 07:00:00,2025-07-30 10:00:00,10.0,8.530100822448729,False,ok
180,2025-07-31 07:00:00,2025-07-31 10:00:00,6.599999904632568,9.980607271194456,False,ok
180,2025-08-01 07:00:00,2025-08-01 10:00:00,5.300000190734863,8.464038372039795,False,ok
180,2025-08-03 07:00:00,2025-08-03 10:00:00,10.199999809265137,8.113420486450194,False,ok
180,2025-08-04 07:00:00,2025-08-04 10:00:00,7.5,9.432246843973797,False,ok
180,2025-08-05 07:00:00,2025-08-05 10:00:00,6.599999904632568,10.192161242167154,False,ok
180,2025-08-05 11:05:08,2025-08-05 14:05:08,3.5999999046325684,8.21613852183024,False,ok
180,2025-08-06 07:00:00,2025-08-06 10:00:00,7.900000095367432,9.286437273025513,False,ok
180,2025-08-07 07:00:00,2025-08-07 10:00:00,6.300000190734863,4.244265596071879,False,ok
180,2025-08-08 07:00:00,2025-08-08 10:00:00,7.400000095367432,7.647176663080852,False,ok
180,2025-08-09 07:00:00,2025-08-09 10:00:00,7.599999904632568,8.626353979110718,False,ok
180,2025-08-10 07:00:00,2025-08-10 10:00:00,9.300000190734863,8.41545383135478,False,ok
180,2025-08-12 07:00:00,2025-08-12 10:00:00,8.0,8.06659559408824,False,ok
180,2025-08-13 07:00:00,2025-08-13 10:00:00,9.199999809265137,9.177120248476664,False,ok
180,2025-08-14 07:00:00,2025-08-14 10:00:00,10.5,10.593129197756443,False,ok
180,2025-08-14 11:00:00,2025-08-14 14:00:00,11.800000190734863,0.3,False,ok
180,2025-08-14 17:00:00,2025-08-14 20:00:00,4.699999809265137,9.137762586275736,False,ok
180,2025-08-15 07:00:00,2025-08-15 10:00:00,8.100000381469727,7.568951368331909,False,ok
180,2025-08-16 07:00:00,2025-08-16 10:00:00,8.300000190734863,5.509017229080201,False,ok
180,2025-08-16 17:00:00,2025-08-16 20:00:00,5.199999809265137,9.909976959228516,False,ok
180,2025-08-17 07:00:00,2025-08-17 10:00:00,7.900000095367432,8.15445836385091,False,ok
180,2025-08-18 07:00:00,2025-08-18 10:00:00,9.199999809265137,9.169148763020834,False,ok
180,2025-08-19 07:00:00,2025-08-19 10:00:00,6.699999809265137,10.378414154052736,False,ok
180,2025-08-20 07:00:00,2025-08-20 10:00:00,7.099999904632568,12.209462165832518,False,ok
180,2025-08-21 07:00:00,2025-08-21 10:00:00,6.599999904632568,10.88042163848877,False,ok
180,2025-08-22 07:00:00,2025-08-22 10:00:00,8.5,6.432432651519776,False,ok
180,2025-08-23 07:00:00,2025-08-23 10:00:00,11.399999618530272,7.785940170288086,False,ok
180,2025-08-23 19:00:00,2025-08-23 22:00:00,8.899999618530273,6.880223989486694,False,ok
180,2025-08-24 07:00:00,2025-08-24 10:00:00,9.399999618530272,8.140833616256714,False,ok
180,2025-08-25 07:00:00,2025-08-25 10:00:00,10.899999618530272,9.942183574040731,False,ok
180,2025-08-27 07:00:00,2025-08-27 10:00:00,8.699999809265137,10.269044876098633,False,ok
180,2025-08-27 19:00:00,2025-08-27 22:00:00,9.300000190734863,6.878218332926433,False,ok
180,2025-08-28 07:00:00,2025-08-28 10:00:00,7.800000190734863,8.160406907399496,False,ok
180,2025-08-29 07:00:00,2025-08-29 10:00:00,8.0,10.008997758229574,False,ok
180,2025-08-30 07:00:00,2025-08-30 10:00:00,11.100000381469728,9.54437526067098,False,ok
180,2025-08-31 07:00:00,2025-08-31 10:00:00,8.600000381469727,10.531177202860516,False,ok
180,2025-09-01 07:00:00,2025-09-01 10:00:00,7.599999904632568,11.7183100382487,False,ok
180,2025-09-02 07:00:00,2025-09-02 10:00:00,7.199999809265137,11.09299699465434,False,ok
180,2025-09-03 07:00:00,2025-09-03 10:00:00,10.699999809265137,9.016123056411743,False,ok
180,2025-09-04 07:00:00,2025-09-04 10:00:00,7.300000190734863,4.063122987747192,False,ok
180,2025-09-05 07:00:00,2025-09-05 10:00:00,9.699999809265137,8.211388587951658,False,ok
180,2025-09-06 07:00:00,2025-09-06 10:00:00,11.699999809265137,6.433758815129599,False,ok
180,2025-09-07 07:00:00,2025-09-07 10:00:00,10.699999809265137,10.04620909690857,False,ok
180,2025-09-08 07:00:00,2025-09-08 10:00:00,9.800000190734863,8.327956994374594,False,ok
180,2025-09-09 07:00:00,2025-09-09 10:00:00,8.399999618530273,8.522048314412437,False,ok
180,2025-09-10 07:00:00,2025-09-10 10:00:00,10.100000381469728,10.206631024678543,False,ok
180,2025-09-11 07:00:00,2025-09-11 10:00:00,8.699999809265137,8.677737792332968,False,ok
180,2025-09-12 07:00:00,2025-09-12 10:00:00,9.899999618530272,9.43457372983297,False,ok
180,2025-09-13 07:00:00,2025-09-13 10:00:00,9.800000190734863,9.961001952489218,False,ok
180,2025-09-14 07:00:00,2025-09-14 10:00:00,9.899999618530272,8.892212788263958,False,ok
180,2025-09-15 07:00:00,2025-09-15 10:00:00,8.300000190734863,9.31555231412252,False,ok
180,2025-09-16 07:00:00,2025-09-16 10:00:00,9.199999809265137,8.89593847592672,False,ok
180,2025-09-17 07:00:00,2025-09-17 10:00:00,9.300000190734863,9.402541716893513,False,ok
180,2025-09-18 07:00:00,2025-09-18 10:00:00,9.600000381469728,8.38616998990377,False,ok
180,2025-09-19 07:00:00,2025-09-19 10:00:00,9.600000381469728,9.209505796432495,False,ok
180,2025-09-20 07:00:00,2025-09-20 10:00:00,8.5,8.982270161310828,False,ok
180,2025-09-21 07:00:00,2025-09-21 10:00:00,7.599999904632568,9.47072982788086,False,ok
180,2025-09-22 07:00:00,2025-09-22 10:00:00,8.899999618530273,9.088497161865233,False,ok
180,2025-09-23 07:00:00,2025-09-23 10:00:00,10.199999809265137,9.1190185546875,False,ok
180,2025-09-24 07:00:00,2025-09-24 10:00:00,10.5,7.170398076375325,False,ok
180,2025-09-25 07:00:00,2025-09-25 10:00:00,9.800000190734863,8.548170725504558,False,ok
180,2025-09-26 07:00:00,2025-09-26 10:00:00,7.599999904632568,10.203835328420002,False,ok
180,2025-09-27 07:00:00,2025-09-27 10:00:00,8.399999618530273,9.294318834940594,False,ok
180,2025-09-28 07:00:00,2025-09-28 10:00:00,9.399999618530272,9.700081348419188,False,ok
180,2025-09-28 14:00:00,2025-09-28 17:00:00,15.300000190734863,14.31434774398804,False,ok
180,2025-09-28 17:00:00,2025-09-28 20:00:00,8.300000190734863,6.228686809539795,False,ok
180,2025-09-29 07:00:00,2025-09-29 10:00:00,9.199999809265137,8.92562977472941,False,ok
180,2025-09-30 07:00:00,2025-09-30 10:00:00,8.300000190734863,8.504489103953047,False,ok
180,2025-10-01 07:00:00,2025-10-01 10:00:00,9.800000190734863,9.366740544637045,False,ok
180,2025-10-02 07:00:00,2025-10-02 10:00:00,9.699999809265137,8.94322458902995,False,ok
180,2025-10-03 07:00:00,2025-10-03 10:00:00,10.399999618530272,9.682463963826496,False,ok
180,2025-10-05 07:00:00,2025-10-05 10:00:00,9.699999809265137,7.742327451705932,False,ok
180,2025-10-06 07:00:00,2025-10-06 10:00:00,9.800000190734863,9.117885907491043,False,ok
180,2025-10-06 11:00:00,2025-10-06 14:00:00,5.199999809265137,9.738927205403645,False,ok
180,2025-10-07 07:00:00,2025-10-07 10:00:00,9.300000190734863,8.506675561269123,False,ok
180,2025-10-08 07:00:00,2025-10-08 10:00:00,9.800000190734863,9.65424990653992,False,ok
180,2025-10-09 07:00:00,2025-10-09 10:00:00,12.699999809265137,8.804961522420246,False,ok
180,2025-10-09 13:00:00,2025-10-09 16:00:00,8.699999809265137,9.799866994222004,False,ok
180,2025-10-09 19:00:00,2025-10-09 22:00:00,9.0,11.753103017807009,False,ok
180,2025-10-10 07:00:00,2025-10-10 10:00:00,10.199999809265137,11.383704503377276,False,ok
180,2025-10-10 17:00:00,2025-10-10 20:00:00,9.600000381469728,9.357542514801024,False,ok
180,2025-10-11 07:00:00,2025-10-11 10:00:00,9.0,24.69875001907349,False,ok
180,2025-10-12 07:00:00,2025-10-12 10:00:00,10.5,9.611318747202557,False,ok
180,2025-10-14 07:00:00,2025-10-14 10:00:00,9.199999809265137,10.273523489634195,False,ok
180,2025-10-15 07:00:00,2025-10-15 10:00:00,9.100000381469728,11.01698064804077,False,ok
180,2025-10-16 07:00:00,2025-10-16 10:00:00,12.199999809265137,8.657701492309572,False,ok
180,2025-10-16 12:00:00,2025-10-16 15:00:00,9.699999809265137,8.770641326904295,False,ok
180,2025-10-17 07:00:00,2025-10-17 10:00:00,10.399999618530272,10.10256536801656,False,ok
180,2025-10-18 07:00:00,2025-10-18 10:00:00,10.800000190734863,9.47271021207174,False,ok
180,2025-10-18 13:00:00,2025-10-18 16:00:00,8.0,10.823101600011189,False,ok
180,2025-10-19 07:00:00,2025-10-19 10:00:00,6.5,7.964054107666014,False,ok
180,2025-10-20 07:00:00,2025-10-20 10:00:00,10.5,8.162330547968546,False,ok
180,2025-10-21 07:00:00,2025-10-21 10:00:00,10.100000381469728,10.320432305335997,False,ok
180,2025-10-21 13:00:00,2025-10-21 16:00:00,11.0,9.38661539554596,False,ok
180,2025-10-21 19:00:00,2025-10-21 22:00:00,10.0,8.838798880577086,False,ok
180,2025-10-22 07:00:00,2025-10-22 10:00:00,9.300000190734863,9.576973756154375,False,ok
180,2025-10-22 17:00:00,2025-10-22 20:00:00,11.0,9.69876130421956,False,ok
180,2025-10-22 23:00:00,2025-10-23 02:00:00,6.699999809265137,10.782100518544514,False,ok
180,2025-10-23 07:00:00,2025-10-23 10:00:00,9.100000381469728,9.189359267552693,False,ok
180,2025-10-23 18:00:00,2025-10-23 21:00:00,6.5,12.682197729746498,False,ok
180,2025-10-24 07:00:00,2025-10-24 10:00:00,7.0,12.078029791514078,False,ok
180,2025-10-25 07:00:00,2025-10-25 10:00:00,7.199999809265137,10.106560866038006,False,ok
180,2025-10-26 07:00:00,2025-10-26 10:00:00,7.199999809265137,10.527746359507244,False,ok
180,2025-10-27 07:00:00,2025-10-27 10:00:00,10.399999618530272,8.335815389951067,False,ok
180,2025-10-27 12:15:10,2025-10-27 15:15:10,9.600000381469728,10.722282846768694,False,ok
180,2025-10-27 15:46:34,2025-10-27 18:46:34,5.599999904632568,10.407145063082377,False,ok
180,2025-10-27 19:00:00,2025-10-27 22:00:00,7.699999809265137,9.076597730318705,False,ok
180,2025-10-28 07:00:00,2025-10-28 10:00:00,9.899999618530272,8.814459125200907,False,ok
180,2025-10-28 11:00:00,2025-10-28 14:00:00,7.800000190734863,5.869506160418192,False,ok
180,2025-10-29 07:00:00,2025-10-29 10:00:00,9.199999809265137,6.978862086931865,False,ok
180,2025-10-30 07:00:00,2025-10-30 10:00:00,9.899999618530272,7.446535309155783,False,ok
180,2025-10-31 07:00:00,2025-10-31 10:00:00,10.199999809265137,8.687358220418297,False,ok
180,2025-11-01 07:00:00,2025-11-01 10:00:00,7.800000190734863,9.229117234547932,False,ok
180,2025-11-02 07:00:00,2025-11-02 10:00:00,10.100000381469728,8.916768352190653,False,ok
180,2025-11-03 02:00:00,2025-11-03 05:00:00,8.5,8.528472224871315,False,ok
180,2025-11-03 07:00:00,2025-11-03 10:00:00,9.5,8.85802678267161,False,ok
180,2025-11-04 07:00:00,2025-11-04 10:00:00,9.399999618530272,9.895135243733726,False,ok
180,2025-11-05 07:00:00,2025-11-05 10:00:00,8.899999618530273,8.037322044372559,False,ok
180,2025-11-06 07:00:00,2025-11-06 10:00:00,9.600000381469728,10.211984117825828,False,ok
180,2025-11-07 07:00:00,2025-11-07 10:00:00,9.899999618530272,10.44230337937673,False,ok
180,2025-11-08 07:00:00,2025-11-08 10:00:00,8.800000190734863,10.028790195782978,False,ok
180,2025-11-09 07:00:00,2025-11-09 10:00:00,10.5,9.194292227427168,False,ok
180,2025-11-09 10:00:00,2025-11-09 13:00:00,11.199999809265137,8.339834372202557,False,ok
180,2025-11-09 14:00:09,2025-11-09 17:00:09,8.100000381469727,11.560978094736734,False,ok
180,2025-11-09 21:00:00,2025-11-10 00:00:00,7.300000190734863,7.506210247675578,False,ok
180,2025-11-10 07:00:00,2025-11-10 10:00:00,8.100000381469727,8.844396511713665,False,ok
180,2025-11-11 07:00:00,2025-11-11 10:00:00,9.100000381469728,9.584090511004131,False,ok
180,2025-11-12 07:00:00,2025-11-12 10:00:00,11.5,10.781816681226095,False,ok
180,2025-11-12 14:06:58,2025-11-12 17:06:58,8.100000381469727,10.288217743237814,False,ok
180,2025-11-13 07:00:00,2025-11-13 10:00:00,7.300000190734863,11.367922186851503,False,ok
180,2025-11-14 07:00:00,2025-11-14 10:00:00,10.399999618530272,10.012039542198185,False,ok
180,2025-11-14 19:00:00,2025-11-14 22:00:00,8.300000190734863,8.801993091901144,False,ok
180,2025-11-15 07:00:00,2025-11-15 10:00:00,9.199999809265137,10.004385352134706,False,ok
180,2025-11-16 07:00:00,2025-11-16 10:00:00,9.899999618530272,9.629028677940369,False,ok
180,2025-11-17 07:00:00,2025-11-17 10:00:00,9.199999809265137,10.19054448604584,False,ok
180,2025-11-18 07:00:00,2025-11-18 10:00:00,9.800000190734863,10.024206519126889,False,ok
180,2025-11-19 07:00:00,2025-11-19 10:00:00,9.699999809265137,9.351305166880293,False,ok
180,2025-11-20 07:00:00,2025-11-20 10:00:00,6.099999904632568,9.65038029352824,False,ok
180,2025-11-21 07:00:00,2025-11-21 10:00:00,10.399999618530272,8.904426654179892,False,ok
180,2025-11-22 07:00:00,2025-11-22 10:00:00,9.300000190734863,8.993004242579143,False,ok
180,2025-11-23 07:00:00,2025-11-23 10:00:00,9.899999618530272,8.84639128049215,False,ok
180,2025-11-23 19:51:00,2025-11-23 22:51:00,9.899999618530272,7.42350204785665,False,ok
180,2025-11-23 23:38:00,2025-11-24 02:38:00,10.699999809265137,9.769548495610556,False,ok
180,2025-11-24 07:00:00,2025-11-24 10:00:00,9.0,8.303171237309774,False,ok
180,2025-11-24 17:00:00,2025-11-24 20:00:00,8.399999618530273,10.335160414377851,False,ok
180,2025-11-25 07:00:00,2025-11-25 10:00:00,9.899999618530272,10.086427847544355,False,ok
180,2025-11-26 07:00:00,2025-11-26 10:00:00,9.699999809265137,9.892647902170818,False,ok
180,2025-11-27 07:00:00,2025-11-27 10:00:00,13.100000381469728,11.24928140640259,False,ok
180,2025-11-27 09:45:00,2025-11-27 12:45:00,10.5,11.5025897026062,False,ok
180,2025-11-27 19:00:00,2025-11-27 22:00:00,8.600000381469727,12.856113592783611,False,ok
180,2025-11-28 07:00:00,2025-11-28 10:00:00,9.0,10.27548638979594,False,ok
180,2025-11-29 07:00:00,2025-11-29 10:00:00,7.300000190734863,8.867149750391642,False,ok
180,2025-11-30 07:00:00,2025-11-30 10:00:00,8.699999809265137,10.626476685206098,False,ok
180,2025-12-01 07:00:00,2025-12-01 10:00:00,7.800000190734863,8.59495488802592,False,ok
180,2025-12-02 07:00:00,2025-12-02 10:00:00,8.399999618530273,7.431085785230002,False,ok
180,2025-12-03 07:00:00,2025-12-03 10:00:00,6.800000190734863,7.767637848854066,False,ok
180,2025-12-04 07:00:00,2025-12-04 10:00:00,7.800000190734863,10.747082432111103,False,ok
180,2025-12-05 07:00:00,2025-12-05 10:00:00,9.0,10.531973560651146,False,ok
180,2025-12-06 07:00:00,2025-12-06 10:00:00,8.300000190734863,8.44837494691213,False,ok
180,2025-12-07 07:00:00,2025-12-07 10:00:00,10.199999809265137,8.037903984387714,False,ok
180,2025-12-08 07:00:00,2025-12-08 10:00:00,8.199999809265137,6.758500774701437,False,ok
180,2025-12-09 07:00:00,2025-12-09 10:00:00,9.100000381469728,9.047279079755148,False,ok
180,2025-12-10 03:00:00,2025-12-10 06:00:00,9.800000190734863,1.3428720633188886,False,ok
180,2025-12-10 06:35:00,2025-12-10 09:35:00,8.0,9.000000000000002,True,ok
180,2025-12-10 17:00:00,2025-12-10 20:00:00,7.800000190734863,8.538209279378254,False,ok
180,2025-12-11 07:00:00,2025-12-11 10:00:00,7.300000190734863,8.59454870223999,False,ok
180,2025-12-11 14:00:00,2025-12-11 17:00:00,10.5,6.754348278045654,False,ok
180,2025-12-12 07:00:00,2025-12-12 10:00:00,7.599999904632568,11.54568608601888,False,ok
180,2025-12-13 07:00:00,2025-12-13 10:00:00,6.699999809265137,10.834574302037558,False,ok
180,2025-12-14 07:00:00,2025-12-14 10:00:00,6.400000095367432,8.791422128677368,False,ok
180,2025-12-14 11:22:00,2025-12-14 14:22:00,11.0,7.262483835220336,False,ok
180,2025-12-15 07:00:00,2025-12-15 10:00:00,8.800000190734863,6.815258979797364,False,ok
180,2025-12-16 07:00:00,2025-12-16 10:00:00,7.400000095367432,7.649904251098634,False,ok
180,2025-12-17 07:00:00,2025-12-17 10:00:00,8.399999618530273,7.700335621833802,False,ok
180,2025-12-18 07:00:00,2025-12-18 10:00:00,9.300000190734863,7.591638644536337,False,ok
180,2025-12-19 07:00:00,2025-12-19 10:00:00,9.399999618530272,8.895092129707333,False,ok
180,2025-12-20 07:00:00,2025-12-20 10:00:00,9.100000381469728,8.08131305376689,False,ok
180,2025-12-21 07:00:00,2025-12-21 10:00:00,8.800000190734863,8.706379810969036,False,ok
180,2025-12-22 07:00:00,2025-12-22 10:00:00,9.0,8.767057577768961,False,ok
180,2025-12-23 07:00:00,2025-12-23 10:00:00,8.300000190734863,8.033117453257246,False,ok
180,2025-12-24 07:00:00,2025-12-24 10:00:00,5.099999904632568,7.6229861577351885,False,ok
180,2025-12-25 07:00:00,2025-12-25 10:00:00,9.0,12.114821592966717,False,ok
180,2025-12-26 07:00:00,2025-12-26 10:00:00,6.199999809265137,6.818520704905192,False,ok
180,2025-12-27 07:00:00,2025-12-27 10:00:00,8.899999618530273,8.618908166885376,False,ok
180,2025-12-28 07:00:00,2025-12-28 10:00:00,10.899999618530272,8.44153642654419,False,ok
180,2025-12-28 21:00:00,2025-12-29 00:00:00,10.5,8.203484058380125,False,ok
180,2025-12-28 23:30:00,2025-12-29 02:30:00,7.900000095367432,7.980720996856689,False,ok
180,2025-12-29 07:00:00,2025-12-29 10:00:00,4.699999809265137,4.440942962964376,False,ok
180,2025-12-30 07:00:00,2025-12-30 10:00:00,9.699999809265137,8.915450493494667,False,ok
180,2025-12-31 07:00:00,2025-12-31 10:00:00,9.0,9.791269461313885,False,ok
0,2026-01-01 10:00:00,2026-01-01 10:00:00,8.899999618530273,9.143762509028118,False,ok
0,2026-01-02 10:00:00,2026-01-02 10:00:00,9.100000381469728,9.278039852778116,False,ok
0,2026-01-03 10:00:00,2026-01-03 10:00:00,10.600000381469728,9.558823506037395,False,ok
0,2026-01-03 14:58:15,2026-01-03 14:58:15,8.699999809265137,8.431660056114197,False,ok
0,2026-01-04 10:00:00,2026-01-04 10:00:00,8.100000381469727,8.31558593114217,False,ok
0,2026-01-04 18:00:00,2026-01-04 18:00:00,6.800000190734863,7.54358947277069,False,ok
0,2026-01-05 10:00:00,2026-01-05 10:00:00,7.900000095367432,7.868889729181926,False,ok
0,2026-01-05 22:00:00,2026-01-05 22:00:00,8.600000381469727,9.136527657508848,False,ok
0,2026-01-06 10:00:00,2026-01-06 10:00:00,10.5,10.319109042485552,False,ok
0,2026-01-06 16:00:00,2026-01-06 16:00:00,8.899999618530273,8.180855353673298,False,ok
0,2026-01-07 10:00:00,2026-01-07 10:00:00,7.099999904632568,7.624457915623982,False,ok
0,2026-01-08 10:00:00,2026-01-08 10:00:00,8.199999809265137,9.764485279719034,False,ok
0,2026-01-09 18:00:00,2026-01-09 18:00:00,13.0,8.600000381469728,True,ok
0,2026-01-09 21:00:00,2026-01-09 21:00:00,2.0,3.701453804969787,False,ok
0,2026-01-10 10:00:00,2026-01-10 10:00:00,6.599999904632568,6.697066903114319,False,ok
0,2026-01-11 10:00:00,2026-01-11 10:00:00,8.800000190734863,8.583442687988281,False,ok
0,2026-01-12 10:00:00,2026-01-12 10:00:00,12.0,11.012239853541056,False,ok
0,2026-01-12 16:00:00,2026-01-12 16:00:00,9.800000190734863,8.91261331240336,False,ok
0,2026-01-13 10:00:00,2026-01-13 10:00:00,9.0,8.706097006797792,False,ok
0,2026-01-13 22:00:00,2026-01-13 22:00:00,11.100000381469728,9.646040320396423,False,ok
0,2026-01-14 10:00:00,2026-01-14 10:00:00,8.899999618530273,8.896841883659361,False,ok
0,2026-01-15 10:00:00,2026-01-15 10:00:00,9.5,8.552523056666057,False,ok
0,2026-01-16 10:00:00,2026-01-16 10:00:00,9.399999618530272,9.25003695487976,False,ok
0,2026-01-17 10:00:00,2026-01-17 10:00:00,9.899999618530272,9.828986605008442,False,ok
0,2026-01-18 10:00:00,2026-01-18 10:00:00,9.199999809265137,9.500000000000002,True,ok
0,2026-01-18 14:30:00,2026-01-18 14:30:00,9.600000381469728,9.399999618530272,True,ok
0,2026-01-18 22:00:00,2026-01-18 22:00:00,7.099999904632568,9.500000000000002,True,ok
0,2026-01-19 10:00:00,2026-01-19 10:00:00,7.599999904632568,9.399999618530272,True,ok
0,2026-01-19 17:44:10,2026-01-19 17:44:10,7.0,7.450672348340352,False,ok
0,2026-01-19 22:00:00,2026-01-19 22:00:00,9.899999618530272,9.078064362208048,False,ok
0,2026-01-20 05:30:00,2026-01-20 05:30:00,7.099999904632568,7.398071686426797,False,ok
0,2026-01-20 10:00:00,2026-01-20 10:00:00,8.0,7.767282883326211,False,ok
0,2026-01-21 10:00:00,2026-01-21 10:00:00,9.899999618530272,10.776222467422484,False,ok
0,2026-01-22 10:00:00,2026-01-22 10:00:00,9.199999809265137,9.55440330505371,False,ok
0,2026-01-23 10:00:00,2026-01-23 10:00:00,8.5,9.511693636576334,False,ok
0,2026-01-24 10:00:00,2026-01-24 10:00:00,9.600000381469728,9.54168717066447,False,ok
0,2026-01-25 10:00:00,2026-01-25 10:00:00,7.400000095367432,7.744935949643454,False,ok
0,2026-01-26 10:00:00,2026-01-26 10:00:00,8.199999809265137,9.894162336985271,False,ok
0,2026-01-27 10:00:00,2026-01-27 10:00:00,8.0,8.818925380706787,False,ok
0,2026-01-28 10:00:00,2026-01-28 10:00:00,7.699999809265137,9.03093409538269,False,ok
0,2026-01-29 10:00:00,2026-01-29 10:00:00,9.0,9.503092209498083,False,ok
0,2026-01-30 10:00:00,2026-01-30 10:00:00,8.5,8.92291307449341,False,ok
0,2026-01-31 10:00:00,2026-01-31 10:00:00,8.699999809265137,9.26385243733724,False,ok
0,2026-02-01 10:00:00,2026-02-01 10:00:00,9.0,8.84797962506612,False,ok
0,2026-02-02 10:00:00,2026-02-02 10:00:00,9.199999809265137,9.086013873418173,False,ok
0,2026-02-03 10:00:00,2026-02-03 10:00:00,8.399999618530273,7.955350955327354,False,ok
0,2026-02-04 10:00:00,2026-02-04 10:00:00,9.800000190734863,10.856031497319542,False,ok
0,2026-02-05 10:00:00,2026-02-05 10:00:00,8.899999618530273,8.720315694808958,False,ok
0,2026-02-06 10:00:00,2026-02-06 10:00:00,6.400000095367432,5.645156939824423,False,ok
0,2026-02-07 10:00:00,2026-02-07 10:00:00,7.0,6.6622733275095625,False,ok
0,2026-02-08 10:00:00,2026-02-08 10:00:00,9.899999618530272,10.1951060295105,False,ok
0,2026-02-09 10:00:00,2026-02-09 10:00:00,10.300000190734863,9.28337526321411,False,ok
0,2026-02-10 10:00:00,2026-02-10 10:00:00,9.100000381469728,9.52230727672577,False,ok
0,2026-02-11 10:00:00,2026-02-11 10:00:00,8.699999809265137,7.975821375846863,False,ok
0,2026-02-12 10:00:00,2026-02-12 10:00:00,7.699999809265137,8.613608717918396,False,ok
0,2026-02-13 10:00:00,2026-02-13 10:00:00,8.899999618530273,8.05778920650482,False,ok
0,2026-02-14 10:00:00,2026-02-14 10:00:00,7.699999809265137,7.895294547080995,False,ok
0,2026-02-15 10:00:00,2026-02-15 10:00:00,8.199999809265137,9.515000700950624,False,ok
0,2026-02-16 10:00:00,2026-02-16 10:00:00,7.800000190734863,7.844638387362163,False,ok
0,2026-02-17 10:00:00,2026-02-17 10:00:00,8.0,7.853636304537456,False,ok
0,2026-02-18 10:00:00,2026-02-18 10:00:00,8.800000190734863,9.116331974665329,False,ok
0,2026-02-19 10:00:00,2026-02-19 10:00:00,9.5,9.805659095446268,False,ok
0,2026-02-20 10:00:00,2026-02-20 10:00:00,7.400000095367432,8.114633083343506,False,ok
0,2026-02-21 10:00:00,2026-02-21 10:00:00,7.400000095367432,7.665248394012451,False,ok
0,2026-02-22 10:00:00,2026-02-22 10:00:00,7.800000190734863,7.662557125091553,False,ok
0,2026-02-23 10:00:00,2026-02-23 10:00:00,10.399999618530272,10.1062331199646,False,ok
0,2026-02-24 10:00:00,2026-02-24 10:00:00,8.0,8.499506473541258,False,ok
0,2026-02-25 10:00:00,2026-02-25 10:00:00,9.100000381469728,9.01067773501078,False,ok
0,2026-02-26 10:00:00,2026-02-26 10:00:00,8.699999809265137,8.79247999191284,False,ok
0,2026-02-27 10:00:00,2026-02-27 10:00:00,8.899999618530273,8.769755840301515,False,ok
0,2026-02-28 10:00:00,2026-02-28 10:00:00,8.600000381469727,8.43395805358887,False,ok
0,2026-03-01 10:00:00,2026-03-01 10:00:00,9.899999618530272,9.217419544855751,False,ok
0,2026-03-02 10:00:00,2026-03-02 10:00:00,8.199999809265137,8.054086049397787,False,ok
0,2026-03-03 10:00:00,2026-03-03 10:00:00,10.199999809265137,10.302806059519453,False,ok
0,2026-03-04 13:30:00,2026-03-04 13:30:00,2.700000047683716,1.7487281958262129,False,ok
0,2026-03-04 16:30:00,2026-03-04 16:30:00,8.100000381469727,5.708374182383221,False,ok
0,2026-03-05 10:00:00,2026-03-05 10:00:00,6.0,6.486891349156697,False,ok
0,2026-03-06 10:00:00,2026-03-06 10:00:00,8.5,8.432374080022175,False,ok
0,2026-03-07 10:00:00,2026-03-07 10:00:00,8.899999618530273,8.29172507921855,False,ok
0,2026-03-08 10:00:00,2026-03-08 10:00:00,7.599999904632568,7.447751045227051,False,ok
0,2026-03-09 10:00:00,2026-03-09 10:00:00,8.399999618530273,7.279843091964721,False,ok
0,2026-03-10 10:00:00,2026-03-10 10:00:00,8.100000381469727,8.1569287776947,False,ok
0,2026-03-10 22:00:00,2026-03-10 22:00:00,7.300000190734863,7.6868862708409615,False,ok
0,2026-03-11 14:30:00,2026-03-11 14:30:00,7.199999809265137,5.881232778231303,False,ok
0,2026-03-12 10:00:00,2026-03-12 10:00:00,8.300000190734863,8.012862245241802,False,ok
0,2026-03-13 10:00:00,2026-03-13 10:00:00,8.800000190734863,7.590236703554789,False,ok
0,2026-03-14 10:00:00,2026-03-14 10:00:00,9.0,10.188777963320414,False,ok
0,2026-03-15 10:00:00,2026-03-15 10:00:00,8.800000190734863,8.300000190734863,True,ok
0,2026-03-15 15:00:00,2026-03-15 15:00:00,9.100000381469728,8.800000190734865,True,ok
0,2026-03-15 22:00:00,2026-03-15 22:00:00,8.5,8.800000190734865,True,ok
0,2026-03-16 10:00:00,2026-03-16 10:00:00,7.599999904632568,24.89867568016052,False,ok
0,2026-03-16 22:00:00,2026-03-16 22:00:00,8.100000381469727,9.606373151143387,False,ok
0,2026-03-17 10:00:00,2026-03-17 10:00:00,12.800000190734863,8.99910386403402,False,ok
0,2026-03-17 16:00:00,2026-03-17 16:00:00,9.600000381469728,9.133413632710775,False,ok
0,2026-03-17 22:00:00,2026-03-17 22:00:00,8.699999809265137,9.587490240732828,False,ok
0,2026-03-19 10:00:00,2026-03-19 10:00:00,8.5,7.844541549682618,False,ok
0,2026-03-20 10:00:00,2026-03-20 10:00:00,7.400000095367432,8.407591819763182,False,ok
0,2026-03-21 10:00:00,2026-03-21 10:00:00,6.800000190734863,6.8321313858032235,False,ok
0,2026-03-22 10:00:00,2026-03-22 10:00:00,8.199999809265137,8.17594055334727,False,ok
0,2026-03-23 10:00:00,2026-03-23 10:00:00,7.699999809265137,7.439221461613972,False,ok
0,2026-03-24 10:00:00,2026-03-24 10:00:00,9.199999809265137,8.775602380434671,False,ok
0,2026-03-25 10:00:00,2026-03-25 10:00:00,8.300000190734863,8.73956274986267,False,ok
0,2026-03-26 10:00:00,2026-03-26 10:00:00,7.5,7.602777242660523,False,ok
0,2026-03-27 10:00:00,2026-03-27 10:00:00,7.199999809265137,7.870755235354107,False,ok
0,2026-03-28 10:00:00,2026-03-28 10:00:00,7.800000190734863,7.131131927172342,False,ok
0,2026-03-29 10:00:00,2026-03-29 10:00:00,9.0,8.424307624499006,False,ok
0,2026-03-30 10:00:00,2026-03-30 10:00:00,7.099999904632568,6.6291063229242955,False,ok
0,2026-03-31 10:00:00,2026-03-31 10:00:00,7.800000190734863,7.305771152178447,False,ok
0,2026-04-01 10:00:00,2026-04-01 10:00:00,9.899999618530272,9.808792114257814,False,ok
0,2026-04-02 10:00:00,2026-04-02 10:00:00,7.099999904632568,9.00040578842163,False,ok
0,2026-04-03 10:00:00,2026-04-03 10:00:00,9.100000381469728,9.055621147155762,False,ok
0,2026-04-04 10:00:00,2026-04-04 10:00:00,8.800000190734863,8.520763556162517,False,ok
0,2026-04-04 16:00:00,2026-04-04 16:00:00,5.5,6.156444708506267,False,ok
0,2026-04-05 10:00:00,2026-04-05 10:00:00,10.0,9.929938475290935,False,ok
0,2026-04-06 10:00:00,2026-04-06 10:00:00,9.699999809265137,8.912568489710491,False,ok
0,2026-04-07 10:00:00,2026-04-07 10:00:00,8.300000190734863,8.734111150105795,False,ok
0,2026-04-08 10:00:00,2026-04-08 10:00:00,9.399999618530272,10.629316727320347,False,ok
0,2026-04-09 03:00:00,2026-04-09 03:00:00,8.199999809265137,8.321668783823652,False,ok
0,2026-04-09 10:00:00,2026-04-09 10:00:00,7.699999809265137,7.466209808985391,False,ok
0,2026-04-10 02:00:00,2026-04-10 02:00:00,5.699999809265137,5.840977589289347,False,ok
0,2026-04-10 10:00:00,2026-04-10 10:00:00,7.900000095367432,8.682228485743206,False,ok
0,2026-04-11 10:00:00,2026-04-11 10:00:00,8.199999809265137,8.762688120206196,False,ok
0,2026-04-12 10:00:00,2026-04-12 10:00:00,9.199999809265137,8.81474379698435,False,ok
0,2026-04-13 10:00:00,2026-04-13 10:00:00,7.400000095367432,8.646716554959616,False,ok
0,2026-04-14 10:00:00,2026-04-14 10:00:00,7.199999809265137,6.413024226824441,False,ok
0,2026-04-27 15:30:00,2026-04-27 15:30:00,14.300000190734863,7.900000095367432,True,ok
0,2026-04-27 17:30:00,2026-04-27 17:30:00,5.900000095367432,7.900000095367432,True,ok
0,2026-04-27 22:00:00,2026-04-27 22:00:00,1.2000000476837158,24.20762677987416,False,ok
0,2026-04-28 06:00:00,2026-04-28 06:00:00,0.5,0.3,False,ok
0,2026-04-28 10:00:00,2026-04-28 10:00:00,0.8999999761581421,0.3,False,ok
0,2026-04-28 22:00:00,2026-04-28 22:00:00,3.4000000953674316,0.3,False,ok
0,2026-04-29 06:00:00,2026-04-29 06:00:00,7.199999809265137,6.111836587389311,False,ok
0,2026-04-29 10:00:00,2026-04-29 10:00:00,8.100000381469727,7.836247558395067,False,ok
0,2026-04-29 20:00:00,2026-04-29 20:00:00,11.5,12.518642663955683,False,ok
0,2026-04-30 10:00:00,2026-04-30 10:00:00,7.0,7.025460481643679,False,ok
0,2026-04-30 16:00:00,2026-04-30 16:00:00,11.5,9.904311060905458,False,ok
0,2026-04-30 20:00:00,2026-04-30 20:00:00,5.099999904632568,8.692331949869795,False,ok
0,2026-05-01 10:00:00,2026-05-01 10:00:00,7.900000095367432,5.426619887351989,False,ok
0,2026-05-02 10:00:00,2026-05-02 10:00:00,7.599999904632568,7.995213637749354,False,ok
0,2026-05-03 10:00:00,2026-05-03 10:00:00,7.699999809265137,8.172708719968796,False,ok
0,2026-05-04 10:00:00,2026-05-04 10:00:00,13.899999618530272,12.293886899948122,False,ok
0,2026-05-04 14:00:00,2026-05-04 14:00:00,20.299999237060547,6.72442889213562,False,ok
0,2026-05-04 16:30:00,2026-05-04 16:30:00,9.5,9.226105451583862,False,ok
0,2026-05-05 00:01:00,2026-05-05 00:01:00,9.699999809265137,7.657618959744771,False,ok
0,2026-05-05 10:00:00,2026-05-05 10:00:00,4.900000095367432,6.1692508459091195,False,ok
0,2026-05-07 09:30:00,2026-05-07 09:30:00,7.800000190734863,9.40791881084442,False,ok
0,2026-05-08 10:00:00,2026-05-08 10:00:00,4.0,6.13940187295278,False,ok
0,2026-05-08 23:50:00,2026-05-08 23:50:00,8.399999618530273,25.33186336358388,False,ok
0,2026-05-09 10:00:00,2026-05-09 10:00:00,4.099999904632568,7.2688601414362575,False,ok
0,2026-05-09 18:30:00,2026-05-09 18:30:00,3.900000095367432,11.907724817593897,False,ok
0,2026-05-09 22:00:00,2026-05-09 22:00:00,3.200000047683716,5.32205625375112,False,ok
0,2026-05-10 10:00:00,2026-05-10 10:00:00,6.099999904632568,4.873229146003723,False,ok
0,2026-05-11 10:00:00,2026-05-11 10:00:00,9.0,6.591377377510071,False,ok
0,2026-05-12 10:00:00,2026-05-12 10:00:00,9.899999618530272,8.025705456733705,False,ok
0,2026-05-12 18:00:00,2026-05-12 18:00:00,9.5,6.294591069221497,False,ok
0,2026-05-13 10:00:00,2026-05-13 10:00:00,4.599999904632568,3.876599709192912,False,ok
0,2026-05-14 03:00:00,2026-05-14 03:00:00,6.699999809265137,6.982986390590668,False,ok
0,2026-05-14 10:00:00,2026-05-14 10:00:00,12.0,10.116616189479826,False,ok
0,2026-05-15 10:00:00,2026-05-15 10:00:00,11.899999618530272,10.744984249273935,False,ok
0,2026-05-15 15:00:00,2026-05-15 15:00:00,7.099999904632568,7.785573999087015,False,ok
0,2026-05-16 10:00:00,2026-05-16 10:00:00,9.699999809265137,9.2656436363856,False,ok
0,2026-05-18 11:00:00,2026-05-18 11:00:00,5.0,12.695552666982014,False,ok
0,2026-05-19 11:30:00,2026-05-19 11:30:00,9.0,6.073269208272299,False,ok
0,2026-05-20 10:00:00,2026-05-20 10:00:00,11.0,10.238868554433186,False,ok
0,2026-05-20 16:30:00,2026-05-20 16:30:00,6.0,6.925434430440266,False,ok
0,2026-05-21 10:00:00,2026-05-21 10:00:00,10.0,9.5735658009847,False,ok
0,2026-05-22 10:00:00,2026-05-22 10:00:00,10.899999618530272,11.326857566833494,False,ok
0,2026-05-22 12:00:00,2026-05-22 12:00:00,9.100000381469728,9.454604148864746,False,ok
0,2026-05-23 09:35:00,2026-05-23 09:35:00,10.800000190734863,9.73310112953186,False,ok
0,2026-05-24 10:00:00,2026-05-24 10:00:00,9.5,10.59903073310852,False,ok
0,2026-05-25 05:00:00,2026-05-25 05:00:00,11.300000190734863,11.198275804519652,False,ok
0,2026-05-25 10:00:00,2026-05-25 10:00:00,8.199999809265137,8.125666379928587,False,ok
0,2026-05-25 14:00:00,2026-05-25 14:00:00,10.100000381469728,10.946934938430784,False,ok
0,2026-05-26 10:00:00,2026-05-26 10:00:00,9.399999618530272,9.444960753122968,False,ok
0,2026-05-27 05:00:00,2026-05-27 05:00:00,10.699999809265137,9.530412832895916,False,ok
0,2026-05-27 10:00:00,2026-05-27 10:00:00,6.0,7.40725088119507,False,ok
0,2026-05-28 10:00:00,2026-05-28 10:00:00,8.699999809265137,8.643894354502361,False,ok
0,2026-05-29 10:00:00,2026-05-29 10:00:00,8.100000381469727,8.269301891326903,False,ok
0,2026-05-30 10:00:00,2026-05-30 10:00:00,9.199999809265137,9.58895734945933,False,ok
0,2026-05-31 10:00:00,2026-05-31 10:00:00,9.100000381469728,9.381552656491596,False,ok
0,2026-06-01 10:00:00,2026-06-01 10:00:00,10.0,10.022123932838442,False,ok
0,2026-06-02 10:00:00,2026-06-02 10:00:00,8.899999618530273,8.73503506183624,False,ok
0,2026-06-03 10:00:00,2026-06-03 10:00:00,9.300000190734863,9.027648369471232,False,ok
0,2026-06-03 20:00:00,2026-06-03 20:00:00,9.0,8.832087119420368,False,ok
0,2026-06-04 10:00:00,2026-06-04 10:00:00,8.699999809265137,8.77234081427256,False,ok
0,2026-06-05 10:00:00,2026-06-05 10:00:00,8.5,10.009561936060589,False,ok
0,2026-06-06 10:00:00,2026-06-06 10:00:00,10.5,10.520723740259804,False,ok
0,2026-06-07 10:00:00,2026-06-07 10:00:00,9.399999618530272,9.08182946840922,False,ok
0,2026-06-07 16:15:00,2026-06-07 16:15:00,10.800000190734863,10.76784388224284,False,ok
0,2026-06-08 10:00:00,2026-06-08 10:00:00,9.699999809265137,9.236496845881144,False,ok
0,2026-06-08 17:00:00,2026-06-08 17:00:00,7.599999904632568,12.201258341471352,False,ok
0,2026-06-08 22:00:00,2026-06-08 22:00:00,6.699999809265137,9.060677925745647,False,ok
0,2026-06-09 10:00:00,2026-06-09 10:00:00,5.599999904632568,8.513673226038616,False,ok
0,2026-06-09 17:00:00,2026-06-09 17:00:00,6.800000190734863,8.216907620429993,False,ok
0,2026-06-10 10:00:00,2026-06-10 10:00:00,10.399999618530272,8.394059777259827,False,ok
0,2026-06-10 14:30:00,2026-06-10 14:30:00,9.800000190734863,9.603129227956137,False,ok
0,2026-06-11 10:00:00,2026-06-11 10:00:00,9.699999809265137,9.258212248484291,False,ok
0,2026-06-12 10:00:00,2026-06-12 10:00:00,9.699999809265137,10.553686300913496,False,ok
0,2026-06-13 10:00:00,2026-06-13 10:00:00,8.600000381469727,9.070166667302448,False,ok
0,2026-06-14 10:00:00,2026-06-14 10:00:00,9.399999618530272,9.11079672972361,False,ok
0,2026-06-15 10:00:00,2026-06-15 10:00:00,9.800000190734863,9.52891997496287,False,ok
0,2026-06-16 04:00:00,2026-06-16 04:00:00,8.300000190734863,8.004507184028625,False,ok
0,2026-06-17 09:00:00,2026-06-17 09:00:00,2.0999999046325684,3.713269472122192,False,ok
0,2026-06-17 10:00:00,2026-06-17 10:00:00,0.3000000119209289,4.1725709438323975,False,ok
0,2026-06-17 14:00:00,2026-06-17 14:00:00,0.1000000014901161,2.730602741241455,False,ok
0,2026-06-17 22:00:00,2026-06-17 22:00:00,2.700000047683716,3.5321809053421025,False,ok
0,2026-07-02 12:00:00,2026-07-02 12:00:00,4.099999904632568,1.2655246059099832,False,ok
0,2026-07-02 20:00:00,2026-07-02 20:00:00,1.100000023841858,0.7062939355770745,False,ok
0,2026-07-03 13:00:00,2026-07-03 13:00:00,2.299999952316284,1.4606049237772825,False,ok
0,2026-07-03 18:00:00,2026-07-03 18:00:00,16.100000381469727,19.776083566558857,False,ok
0,2026-07-03 21:00:00,2026-07-03 21:00:00,13.800000190734863,15.127503015411396,False,ok
0,2026-07-04 00:00:00,2026-07-04 00:00:00,7.099999904632568,7.968342878234883,False,ok
0,2026-07-04 04:00:00,2026-07-04 04:00:00,3.700000047683716,11.960553924242657,False,ok
0,2026-07-04 10:00:00,2026-07-04 10:00:00,3.200000047683716,2.536775867144267,False,ok
0,2026-07-05 10:00:00,2026-07-05 10:00:00,4.800000190734863,4.86807119846344,False,ok
0,2026-07-06 10:00:00,2026-07-06 10:00:00,6.5,5.576727787653606,False,ok
0,2026-07-07 10:00:00,2026-07-07 10:00:00,5.699999809265137,6.152269919713339,False,ok
0,2026-07-08 10:00:00,2026-07-08 10:00:00,5.300000190734863,5.150792797406515,False,ok
0,2026-07-09 10:00:00,2026-07-09 10:00:00,9.600000381469728,10.111642360687258,False,ok
0,2026-07-10 10:00:00,2026-07-10 10:00:00,8.0,7.786051392555236,False,ok
0,2026-07-11 10:00:00,2026-07-11 10:00:00,8.100000381469727,7.894397854804992,False,ok
0,2026-07-12 10:00:00,2026-07-12 10:00:00,11.600000381469728,11.403870344161987,False,ok
0,2026-07-12 14:00:00,2026-07-12 14:00:00,6.800000190734863,5.816178162892659,False,ok
0,2026-07-13 10:00:00,2026-07-13 10:00:00,7.900000095367432,7.890584746996561,False,ok
0,2026-07-14 10:00:00,2026-07-14 10:00:00,8.899999618530273,9.331788341204325,False,ok
0,2026-07-15 10:00:00,2026-07-15 10:00:00,10.300000190734863,9.810929139455157,False,ok
0,2026-07-16 10:00:00,2026-07-16 10:00:00,11.0,11.081219514211016,False,ok
0,2026-07-17 10:00:00,2026-07-17 10:00:00,9.100000381469728,9.46025729179382,False,ok
0,2026-07-18 05:00:00,2026-07-18 05:00:00,10.300000190734863,8.819201469421387,False,ok
0,2026-07-18 10:00:00,2026-07-18 10:00:00,12.399999618530272,11.452394207318624,False,ok
0,2026-07-18 22:00:00,2026-07-18 22:00:00,10.399999618530272,10.080894629160564,False,ok
0,2026-07-19 10:00:00,2026-07-19 10:00:00,9.100000381469728,10.496780713399254,False,ok
0,2026-07-20 10:00:00,2026-07-20 10:00:00,10.199999809265137,10.411898295084638,False,ok
0,2026-07-21 10:00:00,2026-07-21 10:00:00,8.100000381469727,7.985599716504416,False,ok
0,2026-07-23 10:00:00,2026-07-23 10:00:00,6.400000095367432,6.66201933224996,False,ok
0,2026-07-24 10:00:00,2026-07-24 10:00:00,8.800000190734863,8.119233687718712,False,ok
0,2026-07-25 10:00:00,2026-07-25 10:00:00,7.400000095367432,8.291658004124962,False,ok
0,2026-07-26 10:00:00,2026-07-26 10:00:00,9.899999618530272,9.474243879318236,False,ok
0,2026-07-27 10:00:00,2026-07-27 10:00:00,10.800000190734863,10.489776372909546,False,ok
0,2026-07-28 10:00:00,2026-07-28 10:00:00,9.300000190734863,8.956268072128298,False,ok
0,2026-07-29 10:00:00,2026-07-29 10:00:00,8.0,8.889129400253294,False,ok
0,2026-07-30 10:00:00,2026-07-30 10:00:00,8.5,8.261931180953981,False,ok
0,2026-07-31 10:00:00,2026-07-31 10:00:00,8.600000381469727,8.519103606541952,False,ok
0,2026-08-01 10:00:00,2026-08-01 10:00:00,8.399999618530273,7.976538499196372,False,ok
0,2026-08-02 10:00:00,2026-08-02 10:00:00,10.600000381469728,9.880029439926147,False,ok
0,2026-08-03 10:00:00,2026-08-03 10:00:00,9.600000381469728,10.261884888013205,False,ok
0,2026-08-04 10:00:00,2026-08-04 10:00:00,8.0,8.63645625114441,False,ok
0,2026-08-05 10:00:00,2026-08-05 10:00:00,7.800000190734863,8.979763746261597,False,ok
0,2026-08-06 10:00:00,2026-08-06 10:00:00,9.300000190734863,9.983481168746948,False,ok
0,2026-08-07 10:00:00,2026-08-07 10:00:00,9.699999809265137,9.300000190734862,True,ok
0,2026-08-07 13:00:00,2026-08-07 13:00:00,8.800000190734863,9.300000190734862,True,ok
0,2026-08-08 10:00:00,2026-08-08 10:00:00,6.699999809265137,8.800000190734865,True,ok
0,2026-08-09 10:00:00,2026-08-09 10:00:00,7.300000190734863,8.800000190734865,True,ok
60,2026-01-01 09:00:00,2026-01-01 10:00:00,8.899999618530273,9.47181789080302,False,ok
60,2026-01-02 09:00:00,2026-01-02 10:00:00,9.100000381469728,9.60457793871562,False,ok
60,2026-01-03 09:00:00,2026-01-03 10:00:00,10.600000381469728,9.090356747309366,False,ok
60,2026-01-03 13:58:15,2026-01-03 14:58:15,8.699999809265137,8.502927700678509,False,ok
60,2026-01-04 09:00:00,2026-01-04 10:00:00,8.100000381469727,8.503246148427326,False,ok
60,2026-01-04 17:00:00,2026-01-04 18:00:00,6.800000190734863,8.208866000175476,False,ok
60,2026-01-05 09:00:00,2026-01-05 10:00:00,7.900000095367432,8.252650181452436,False,ok
60,2026-01-05 21:00:00,2026-01-05 22:00:00,8.600000381469727,8.750457406044008,False,ok
60,2026-01-06 09:00:00,2026-01-06 10:00:00,10.5,10.436619838078814,False,ok
60,2026-01-06 15:00:00,2026-01-06 16:00:00,8.899999618530273,8.741426547368365,False,ok
60,2026-01-07 09:00:00,2026-01-07 10:00:00,7.099999904632568,7.138408740361531,False,ok
60,2026-01-08 09:00:00,2026-01-08 10:00:00,8.199999809265137,9.313204685846966,False,ok
60,2026-01-09 17:00:00,2026-01-09 18:00:00,13.0,8.600000381469728,True,ok
60,2026-01-09 20:00:00,2026-01-09 21:00:00,2.0,3.4573146104812627,False,ok
60,2026-01-10 09:00:00,2026-01-10 10:00:00,6.599999904632568,6.286614537239075,False,ok
60,2026-01-11 09:00:00,2026-01-11 10:00:00,8.800000190734863,8.040216922760012,False,ok
60,2026-01-12 09:00:00,2026-01-12 10:00:00,12.0,10.928313652674357,False,ok
60,2026-01-12 15:00:00,2026-01-12 16:00:00,9.800000190734863,9.268124977747602,False,ok
60,2026-01-13 09:00:00,2026-01-13 10:00:00,9.0,8.158310294151308,False,ok
60,2026-01-13 21:00:00,2026-01-13 22:00:00,11.100000381469728,9.198189139366152,False,ok
60,2026-01-14 09:00:00,2026-01-14 10:00:00,8.899999618530273,11.44351518154144,False,ok
60,2026-01-15 09:00:00,2026-01-15 10:00:00,9.5,9.017879883448286,False,ok
60,2026-01-16 09:00:00,2026-01-16 10:00:00,9.399999618530272,10.083165884017944,False,ok
60,2026-01-17 09:00:00,2026-01-17 10:00:00,9.899999618530272,8.635524233182268,False,ok
60,2026-01-18 09:00:00,2026-01-18 10:00:00,9.199999809265137,10.000445564587912,False,ok
60,2026-01-18 13:30:00,2026-01-18 14:30:00,9.600000381469728,9.500000000000002,True,ok
60,2026-01-18 21:00:00,2026-01-18 22:00:00,7.099999904632568,9.500000000000002,True,ok
60,2026-01-19 09:00:00,2026-01-19 10:00:00,7.599999904632568,9.399999618530272,True,ok
60,2026-01-19 16:44:10,2026-01-19 17:44:10,7.0,7.4340588649114,False,ok
60,2026-01-19 21:00:00,2026-01-19 22:00:00,9.899999618530272,9.493800361951193,False,ok
60,2026-01-20 04:30:00,2026-01-20 05:30:00,7.099999904632568,7.089844147364297,False,ok
60,2026-01-20 09:00:00,2026-01-20 10:00:00,8.0,8.086242119471232,False,ok
60,2026-01-21 09:00:00,2026-01-21 10:00:00,9.899999618530272,10.594632387161257,False,ok
60,2026-01-22 09:00:00,2026-01-22 10:00:00,9.199999809265137,10.43865394592285,False,ok
60,2026-01-23 09:00:00,2026-01-23 10:00:00,8.5,9.848905245463056,False,ok
60,2026-01-24 09:00:00,2026-01-24 10:00:00,9.600000381469728,8.56133810679118,False,ok
60,2026-01-25 09:00:00,2026-01-25 10:00:00,7.400000095367432,8.495670278867086,False,ok
60,2026-01-26 09:00:00,2026-01-26 10:00:00,8.199999809265137,8.4476424853007,False,ok
60,2026-01-27 09:00:00,2026-01-27 10:00:00,8.0,10.224989891052244,False,ok
60,2026-01-28 09:00:00,2026-01-28 10:00:00,7.699999809265137,9.223206281661987,False,ok
60,2026-01-29 09:00:00,2026-01-29 10:00:00,9.0,8.822566429773964,False,ok
60,2026-01-30 09:00:00,2026-01-30 10:00:00,8.5,8.74434232711792,False,ok
60,2026-01-31 09:00:00,2026-01-31 10:00:00,8.699999809265137,8.91439660390218,False,ok
60,2026-02-01 09:00:00,2026-02-01 10:00:00,9.0,10.708023150761925,False,ok
60,2026-02-02 09:00:00,2026-02-02 10:00:00,9.199999809265137,8.79304607709249,False,ok
60,2026-02-03 09:00:00,2026-02-03 10:00:00,8.399999618530273,7.964470942815147,False,ok
60,2026-02-04 09:00:00,2026-02-04 10:00:00,9.800000190734863,8.873923381169636,False,ok
60,2026-02-05 09:00:00,2026-02-05 10:00:00,8.899999618530273,9.74414896965027,False,ok
60,2026-02-06 09:00:00,2026-02-06 10:00:00,6.400000095367432,6.06176765759786,False,ok
60,2026-02-07 09:00:00,2026-02-07 10:00:00,7.0,7.43282691637675,False,ok
60,2026-02-08 09:00:00,2026-02-08 10:00:00,9.899999618530272,8.798940181732178,False,ok
60,2026-02-09 09:00:00,2026-02-09 10:00:00,10.300000190734863,9.398569583892824,False,ok
60,2026-02-10 09:00:00,2026-02-10 10:00:00,9.100000381469728,9.036287188529968,False,ok
60,2026-02-11 09:00:00,2026-02-11 10:00:00,8.699999809265137,8.421358942985536,False,ok
60,2026-02-12 09:00:00,2026-02-12 10:00:00,7.699999809265137,8.63877809047699,False,ok
60,2026-02-13 09:00:00,2026-02-13 10:00:00,8.899999618530273,8.45528542995453,False,ok
60,2026-02-14 09:00:00,2026-02-14 10:00:00,7.699999809265137,8.427832007408142,False,ok
60,2026-02-15 09:00:00,2026-02-15 10:00:00,8.199999809265137,8.507163405418396,False,ok
60,2026-02-16 09:00:00,2026-02-16 10:00:00,7.800000190734863,7.652377645174663,False,ok
60,2026-02-17 09:00:00,2026-02-17 10:00:00,8.0,8.645578900973003,False,ok
60,2026-02-18 09:00:00,2026-02-18 10:00:00,8.800000190734863,10.308777729670206,False,ok
60,2026-02-19 09:00:00,2026-02-19 10:00:00,9.5,9.109864989916485,False,ok
60,2026-02-20 09:00:00,2026-02-20 10:00:00,7.400000095367432,8.17869234085083,False,ok
60,2026-02-21 09:00:00,2026-02-21 10:00:00,7.400000095367432,7.757575511932372,False,ok
60,2026-02-22 09:00:00,2026-02-22 10:00:00,7.800000190734863,9.910962581634518,False,ok
60,2026-02-23 09:00:00,2026-02-23 10:00:00,10.399999618530272,9.122043132781982,False,ok
60,2026-02-24 09:00:00,2026-02-24 10:00:00,8.0,8.665814876556396,False,ok
60,2026-02-25 09:00:00,2026-02-25 10:00:00,9.100000381469728,8.190540711085003,False,ok
60,2026-02-26 09:00:00,2026-02-26 10:00:00,8.699999809265137,7.9776482582092285,False,ok
60,2026-02-27 09:00:00,2026-02-27 10:00:00,8.899999618530273,7.942750453948975,False,ok
60,2026-02-28 09:00:00,2026-02-28 10:00:00,8.600000381469727,9.17094135284424,False,ok
60,2026-03-01 09:00:00,2026-03-01 10:00:00,9.899999618530272,8.817623058954874,False,ok
60,2026-03-02 09:00:00,2026-03-02 10:00:00,8.199999809265137,7.454385121663411,False,ok
60,2026-03-03 09:00:00,2026-03-03 10:00:00,10.199999809265137,10.272669951121014,False,ok
60,2026-03-04 12:30:00,2026-03-04 13:30:00,2.700000047683716,2.168336788813274,False,ok
60,2026-03-04 15:30:00,2026-03-04 16:30:00,8.100000381469727,2.9099160830179853,False,ok
60,2026-03-05 09:00:00,2026-03-05 10:00:00,6.0,8.240127642949421,False,ok
60,2026-03-06 09:00:00,2026-03-06 10:00:00,8.5,9.434114535649618,False,ok
60,2026-03-07 09:00:00,2026-03-07 10:00:00,8.899999618530273,10.484359661738075,False,ok
60,2026-03-08 09:00:00,2026-03-08 10:00:00,7.599999904632568,7.729288578033446,False,ok
60,2026-03-09 09:00:00,2026-03-09 10:00:00,8.399999618530273,9.672427415847777,False,ok
60,2026-03-10 09:00:00,2026-03-10 10:00:00,8.100000381469727,8.201164960861206,False,ok
60,2026-03-10 21:00:00,2026-03-10 22:00:00,7.300000190734863,7.813542326291403,False,ok
60,2026-03-11 13:30:00,2026-03-11 14:30:00,7.199999809265137,5.933107415835061,False,ok
60,2026-03-12 09:00:00,2026-03-12 10:00:00,8.300000190734863,8.67206005255381,False,ok
60,2026-03-13 09:00:00,2026-03-13 10:00:00,8.800000190734863,7.854174176851909,False,ok
60,2026-03-14 09:00:00,2026-03-14 10:00:00,9.0,9.27478222052256,False,ok
60,2026-03-15 09:00:00,2026-03-15 10:00:00,8.800000190734863,8.300000190734863,True,ok
60,2026-03-15 14:00:00,2026-03-15 15:00:00,9.100000381469728,8.800000190734865,True,ok
60,2026-03-15 21:00:00,2026-03-15 22:00:00,8.5,8.800000190734865,True,ok
60,2026-03-16 09:00:00,2026-03-16 10:00:00,7.599999904632568,8.800000190734865,True,ok
60,2026-03-16 21:00:00,2026-03-16 22:00:00,8.100000381469727,10.835462888081867,False,ok
60,2026-03-17 09:00:00,2026-03-17 10:00:00,12.800000190734863,9.36226495107015,False,ok
60,2026-03-17 15:00:00,2026-03-17 16:00:00,9.600000381469728,8.367389996846518,False,ok
60,2026-03-17 21:00:00,2026-03-17 22:00:00,8.699999809265137,8.766672293345131,False,ok
60,2026-03-19 09:00:00,2026-03-19 10:00:00,8.5,9.037784576416016,False,ok
60,2026-03-20 09:00:00,2026-03-20 10:00:00,7.400000095367432,8.975227355957033,False,ok
60,2026-03-21 09:00:00,2026-03-21 10:00:00,6.800000190734863,6.527697086334228,False,ok
60,2026-03-22 09:00:00,2026-03-22 10:00:00,8.199999809265137,8.677954713503519,False,ok
60,2026-03-23 09:00:00,2026-03-23 10:00:00,7.699999809265137,7.033345301946003,False,ok
60,2026-03-24 09:00:00,2026-03-24 10:00:00,9.199999809265137,9.170826951662695,False,ok
60,2026-03-25 09:00:00,2026-03-25 10:00:00,8.300000190734863,6.9359681606292725,False,ok
60,2026-03-26 09:00:00,2026-03-26 10:00:00,7.5,7.306769132614137,False,ok
60,2026-03-27 09:00:00,2026-03-27 10:00:00,7.199999809265137,6.131257573763529,False,ok
60,2026-03-28 09:00:00,2026-03-28 10:00:00,7.800000190734863,7.772007743517559,False,ok
60,2026-03-29 09:00:00,2026-03-29 10:00:00,9.0,7.9291036526362095,False,ok
60,2026-03-30 09:00:00,2026-03-30 10:00:00,7.099999904632568,7.512590209643045,False,ok
60,2026-03-31 09:00:00,2026-03-31 10:00:00,7.800000190734863,6.206399242083231,False,ok
60,2026-04-01 09:00:00,2026-04-01 10:00:00,9.899999618530272,9.32356548309326,False,ok
60,2026-04-02 09:00:00,2026-04-02 10:00:00,7.099999904632568,12.770858287811278,False,ok
60,2026-04-03 09:00:00,2026-04-03 10:00:00,9.100000381469728,9.150208473205568,False,ok
60,2026-04-04 09:00:00,2026-04-04 10:00:00,8.800000190734863,8.418529669443767,False,ok
60,2026-04-04 15:00:00,2026-04-04 16:00:00,5.5,9.704095045725506,False,ok
60,2026-04-05 09:00:00,2026-04-05 10:00:00,10.0,10.56472889582316,False,ok
60,2026-04-06 09:00:00,2026-04-06 10:00:00,9.699999809265137,7.298662583033244,False,ok
60,2026-04-07 09:00:00,2026-04-07 10:00:00,8.300000190734863,8.970607121785484,False,ok
60,2026-04-08 09:00:00,2026-04-08 10:00:00,9.399999618530272,9.35064927736918,False,ok
60,2026-04-09 02:00:00,2026-04-09 03:00:00,8.199999809265137,7.995124022165934,False,ok
60,2026-04-09 09:00:00,2026-04-09 10:00:00,7.699999809265137,8.1917089621226,False,ok
60,2026-04-10 01:00:00,2026-04-10 02:00:00,5.699999809265137,6.222519318262736,False,ok
60,2026-04-10 09:00:00,2026-04-10 10:00:00,7.900000095367432,8.581528107325239,False,ok
60,2026-04-11 09:00:00,2026-04-11 10:00:00,8.199999809265137,8.51089902718862,False,ok
60,2026-04-12 09:00:00,2026-04-12 10:00:00,9.199999809265137,9.077245513598127,False,ok
60,2026-04-13 09:00:00,2026-04-13 10:00:00,7.400000095367432,8.388833483060203,False,ok
60,2026-04-14 09:00:00,2026-04-14 10:00:00,7.199999809265137,7.209594051043191,False,ok
60,2026-04-27 14:30:00,2026-04-27 15:30:00,14.300000190734863,7.900000095367432,True,ok
60,2026-04-27 16:30:00,2026-04-27 17:30:00,5.900000095367432,7.900000095367432,True,ok
60,2026-04-27 21:00:00,2026-04-27 22:00:00,1.2000000476837158,8.199999809265135,True,ok
60,2026-04-28 05:00:00,2026-04-28 06:00:00,0.5,0.3,False,ok
60,2026-04-28 09:00:00,2026-04-28 10:00:00,0.8999999761581421,0.3,False,ok
60,2026-04-28 21:00:00,2026-04-28 22:00:00,3.4000000953674316,0.3,False,ok
60,2026-04-29 05:00:00,2026-04-29 06:00:00,7.199999809265137,2.89222971101602,False,ok
60,2026-04-29 09:00:00,2026-04-29 10:00:00,8.100000381469727,6.871747647722561,False,ok
60,2026-04-29 19:00:00,2026-04-29 20:00:00,11.5,13.458578348159792,False,ok
60,2026-04-30 09:00:00,2026-04-30 10:00:00,7.0,5.806313276290893,False,ok
60,2026-04-30 15:00:00,2026-04-30 16:00:00,11.5,9.349650263786316,False,ok
60,2026-04-30 19:00:00,2026-04-30 20:00:00,5.099999904632568,10.451334834098818,False,ok
60,2026-05-01 09:00:00,2026-05-01 10:00:00,7.900000095367432,6.574859023094177,False,ok
60,2026-05-02 09:00:00,2026-05-02 10:00:00,7.599999904632568,6.548700461785,False,ok
60,2026-05-03 09:00:00,2026-05-03 10:00:00,7.699999809265137,8.62058374285698,False,ok
60,2026-05-04 09:00:00,2026-05-04 10:00:00,13.899999618530272,9.667841672897335,False,ok
60,2026-05-04 13:00:00,2026-05-04 14:00:00,20.299999237060547,7.096743345260621,False,ok
60,2026-05-04 15:30:00,2026-05-04 16:30:00,9.5,7.29054045677185,False,ok
60,2026-05-04 23:01:00,2026-05-05 00:01:00,9.699999809265137,6.4674300750096645,False,ok
60,2026-05-05 09:00:00,2026-05-05 10:00:00,4.900000095367432,5.021004557609558,False,ok
60,2026-05-07 08:30:00,2026-05-07 09:30:00,7.800000190734863,8.934896349906921,False,ok
60,2026-05-08 09:00:00,2026-05-08 10:00:00,4.0,8.118418653806053,False,ok
60,2026-05-08 22:50:00,2026-05-08 23:50:00,8.399999618530273,13.771801908810936,False,ok
60,2026-05-09 09:00:00,2026-05-09 10:00:00,4.099999904632568,9.427978793780008,False,ok
60,2026-05-09 17:30:00,2026-05-09 18:30:00,3.900000095367432,14.213326891263325,False,ok
60,2026-05-09 21:00:00,2026-05-09 22:00:00,3.200000047683716,4.496572931607565,False,ok
60,2026-05-10 09:00:00,2026-05-10 10:00:00,6.099999904632568,4.755717873573303,False,ok
60,2026-05-11 09:00:00,2026-05-11 10:00:00,9.0,6.8492480516433725,False,ok
60,2026-05-12 09:00:00,2026-05-12 10:00:00,9.899999618530272,7.981451153755189,False,ok
60,2026-05-12 17:00:00,2026-05-12 18:00:00,9.5,5.996280789375305,False,ok
60,2026-05-13 09:00:00,2026-05-13 10:00:00,4.599999904632568,3.8034071127573648,False,ok
60,2026-05-14 02:00:00,2026-05-14 03:00:00,6.699999809265137,5.164138734340668,False,ok
60,2026-05-14 09:00:00,2026-05-14 10:00:00,12.0,9.143096864223482,False,ok
60,2026-05-15 09:00:00,2026-05-15 10:00:00,11.899999618530272,9.653211216131847,False,ok
60,2026-05-15 14:00:00,2026-05-15 15:00:00,7.099999904632568,8.574430028597515,False,ok
60,2026-05-16 09:00:00,2026-05-16 10:00:00,9.699999809265137,8.923861066500347,False,ok
60,2026-05-18 10:00:00,2026-05-18 11:00:00,5.0,9.699999809265138,True,ok
60,2026-05-19 10:30:00,2026-05-19 11:30:00,9.0,5.333187898000081,False,ok
60,2026-05-20 09:00:00,2026-05-20 10:00:00,11.0,8.589408715565998,False,ok
60,2026-05-20 15:30:00,2026-05-20 16:30:00,6.0,8.394839604695639,False,ok
60,2026-05-21 09:00:00,2026-05-21 10:00:00,10.0,9.803953488667808,False,ok
60,2026-05-22 09:00:00,2026-05-22 10:00:00,10.899999618530272,12.188196182250977,False,ok
60,2026-05-22 11:00:00,2026-05-22 12:00:00,9.100000381469728,8.743522644042969,False,ok
60,2026-05-23 08:35:00,2026-05-23 09:35:00,10.800000190734863,9.49126935005188,False,ok
60,2026-05-24 09:00:00,2026-05-24 10:00:00,9.5,9.038070917129518,False,ok
60,2026-05-25 04:00:00,2026-05-25 05:00:00,11.300000190734863,10.510530710220335,False,ok
60,2026-05-25 09:00:00,2026-05-25 10:00:00,8.199999809265137,6.36168360710144,False,ok
60,2026-05-25 13:00:00,2026-05-25 14:00:00,10.100000381469728,10.316756486892702,False,ok
60,2026-05-26 09:00:00,2026-05-26 10:00:00,9.399999618530272,8.667529741923016,False,ok
60,2026-05-27 04:00:00,2026-05-27 05:00:00,10.699999809265137,5.558526198069255,False,ok
60,2026-05-27 09:00:00,2026-05-27 10:00:00,6.0,7.218003749847412,False,ok
60,2026-05-28 09:00:00,2026-05-28 10:00:00,8.699999809265137,8.578302065531414,False,ok
60,2026-05-29 09:00:00,2026-05-29 10:00:00,8.100000381469727,7.587304592132569,False,ok
60,2026-05-30 09:00:00,2026-05-30 10:00:00,9.199999809265137,9.21202520529429,False,ok
60,2026-05-31 09:00:00,2026-05-31 10:00:00,9.100000381469728,9.312902410825094,False,ok
60,2026-06-01 09:00:00,2026-06-01 10:00:00,10.0,9.03108084201813,False,ok
60,2026-06-02 09:00:00,2026-06-02 10:00:00,8.899999618530273,7.982794404029847,False,ok
60,2026-06-03 09:00:00,2026-06-03 10:00:00,9.300000190734863,8.758322159449259,False,ok
60,2026-06-03 19:00:00,2026-06-03 20:00:00,9.0,8.766364177068073,False,ok
60,2026-06-04 09:00:00,2026-06-04 10:00:00,8.699999809265137,9.52155069510142,False,ok
60,2026-06-05 09:00:00,2026-06-05 10:00:00,8.5,9.45566980044047,False,ok
60,2026-06-06 09:00:00,2026-06-06 10:00:00,10.5,10.024810234705608,False,ok
60,2026-06-07 09:00:00,2026-06-07 10:00:00,9.399999618530272,8.468420426050823,False,ok
60,2026-06-07 15:15:00,2026-06-07 16:15:00,10.800000190734863,9.783657709757486,False,ok
60,2026-06-08 09:00:00,2026-06-08 10:00:00,9.699999809265137,8.891648213068644,False,ok
60,2026-06-08 16:00:00,2026-06-08 17:00:00,7.599999904632568,11.648904482523598,False,ok
60,2026-06-08 21:00:00,2026-06-08 22:00:00,6.699999809265137,9.169790665308632,False,ok
60,2026-06-09 09:00:00,2026-06-09 10:00:00,5.599999904632568,8.839478413263954,False,ok
60,2026-06-09 16:00:00,2026-06-09 17:00:00,6.800000190734863,6.953498959541321,False,ok
60,2026-06-10 09:00:00,2026-06-10 10:00:00,10.399999618530272,8.987616181373594,False,ok
60,2026-06-10 13:30:00,2026-06-10 14:30:00,9.800000190734863,9.787965416908264,False,ok
60,2026-06-11 09:00:00,2026-06-11 10:00:00,9.699999809265137,10.642179648081456,False,ok
60,2026-06-12 09:00:00,2026-06-12 10:00:00,9.699999809265137,10.06235233942668,False,ok
60,2026-06-13 09:00:00,2026-06-13 10:00:00,8.600000381469727,8.273654063542683,False,ok
60,2026-06-14 09:00:00,2026-06-14 10:00:00,9.399999618530272,7.68565825621287,False,ok
60,2026-06-15 09:00:00,2026-06-15 10:00:00,9.800000190734863,8.960530082384743,False,ok
60,2026-06-16 03:00:00,2026-06-16 04:00:00,8.300000190734863,8.550811409950258,False,ok
60,2026-06-17 08:00:00,2026-06-17 09:00:00,2.0999999046325684,5.844942331314087,False,ok
60,2026-06-17 09:00:00,2026-06-17 10:00:00,0.3000000119209289,3.713269472122192,False,ok
60,2026-06-17 13:00:00,2026-06-17 14:00:00,0.1000000014901161,2.362916588783264,False,ok
60,2026-06-17 21:00:00,2026-06-17 22:00:00,2.700000047683716,2.190928220748902,False,ok
60,2026-07-02 11:00:00,2026-07-02 12:00:00,4.099999904632568,0.7055270286897817,False,ok
60,2026-07-02 19:00:00,2026-07-02 20:00:00,1.100000023841858,0.8420913616816201,False,ok
60,2026-07-03 12:00:00,2026-07-03 13:00:00,2.299999952316284,0.8609022079035642,False,ok
60,2026-07-03 17:00:00,2026-07-03 18:00:00,16.100000381469727,10.014274217498802,False,ok
60,2026-07-03 20:00:00,2026-07-03 21:00:00,13.800000190734863,15.904175378692646,False,ok
60,2026-07-03 23:00:00,2026-07-04 00:00:00,7.099999904632568,7.209995843780539,False,ok
60,2026-07-04 03:00:00,2026-07-04 04:00:00,3.700000047683716,15.332947254180908,False,ok
60,2026-07-04 09:00:00,2026-07-04 10:00:00,3.200000047683716,1.978257934252421,False,ok
60,2026-07-05 09:00:00,2026-07-05 10:00:00,4.800000190734863,5.283880352973938,False,ok
60,2026-07-06 09:00:00,2026-07-06 10:00:00,6.5,5.584357182184855,False,ok
60,2026-07-07 09:00:00,2026-07-07 10:00:00,5.699999809265137,5.439690669377645,False,ok
60,2026-07-08 09:00:00,2026-07-08 10:00:00,5.300000190734863,5.518542965253195,False,ok
60,2026-07-09 09:00:00,2026-07-09 10:00:00,9.600000381469728,8.947370052337646,False,ok
60,2026-07-10 09:00:00,2026-07-10 10:00:00,8.0,6.726335644721985,False,ok
60,2026-07-11 09:00:00,2026-07-11 10:00:00,8.100000381469727,7.198605656623839,False,ok
60,2026-07-12 09:00:00,2026-07-12 10:00:00,11.600000381469728,7.901995420455934,False,ok
60,2026-07-12 13:00:00,2026-07-12 14:00:00,6.800000190734863,6.1411402225494385,False,ok
60,2026-07-13 09:00:00,2026-07-13 10:00:00,7.900000095367432,8.458985606829323,False,ok
60,2026-07-14 09:00:00,2026-07-14 10:00:00,8.899999618530273,9.11205510298411,False,ok
60,2026-07-15 09:00:00,2026-07-15 10:00:00,10.300000190734863,8.09431536992391,False,ok
60,2026-07-16 09:00:00,2026-07-16 10:00:00,11.0,9.089188416798908,False,ok
60,2026-07-17 09:00:00,2026-07-17 10:00:00,9.100000381469728,9.19166922569275,False,ok
60,2026-07-18 04:00:00,2026-07-18 05:00:00,10.300000190734863,8.474352836608885,False,ok
60,2026-07-18 09:00:00,2026-07-18 10:00:00,12.399999618530272,11.655336101849874,False,ok
60,2026-07-18 21:00:00,2026-07-18 22:00:00,10.399999618530272,9.326338926951092,False,ok
60,2026-07-19 09:00:00,2026-07-19 10:00:00,9.100000381469728,9.642288525899254,False,ok
60,2026-07-20 09:00:00,2026-07-20 10:00:00,10.199999809265137,9.149962107340496,False,ok
60,2026-07-21 09:00:00,2026-07-21 10:00:00,8.100000381469727,9.418402393658956,False,ok
60,2026-07-23 09:00:00,2026-07-23 10:00:00,6.400000095367432,9.669526656468712,False,ok
60,2026-07-24 09:00:00,2026-07-24 10:00:00,8.800000190734863,11.979695876439411,False,ok
60,2026-07-25 09:00:00,2026-07-25 10:00:00,7.400000095367432,9.084344466527304,False,ok
60,2026-07-26 09:00:00,2026-07-26 10:00:00,9.899999618530272,7.912502527236939,False,ok
60,2026-07-27 09:00:00,2026-07-27 10:00:00,10.800000190734863,9.6703565120697,False,ok
60,2026-07-28 09:00:00,2026-07-28 10:00:00,9.300000190734863,5.970128774642944,False,ok
60,2026-07-29 09:00:00,2026-07-29 10:00:00,8.0,7.927828550338746,False,ok
60,2026-07-30 09:00:00,2026-07-30 10:00:00,8.5,8.755554914474489,False,ok
60,2026-07-31 09:00:00,2026-07-31 10:00:00,8.600000381469727,9.584153731664024,False,ok
60,2026-08-01 09:00:00,2026-08-01 10:00:00,8.399999618530273,8.536536534627281,False,ok
60,2026-08-02 09:00:00,2026-08-02 10:00:00,10.600000381469728,9.820516347885134,False,ok
60,2026-08-03 09:00:00,2026-08-03 10:00:00,9.600000381469728,9.616435249646504,False,ok
60,2026-08-04 09:00:00,2026-08-04 10:00:00,8.0,8.561681985855103,False,ok
60,2026-08-05 09:00:00,2026-08-05 10:00:00,7.800000190734863,8.358733892440798,False,ok
60,2026-08-06 09:00:00,2026-08-06 10:00:00,9.300000190734863,9.435683965682983,False,ok
60,2026-08-07 09:00:00,2026-08-07 10:00:00,9.699999809265137,9.300000190734862,True,ok
60,2026-08-07 12:00:00,2026-08-07 13:00:00,8.800000190734863,9.300000190734862,True,ok
60,2026-08-08 09:00:00,2026-08-08 10:00:00,6.699999809265137,8.800000190734865,True,ok
60,2026-08-09 09:00:00,2026-08-09 10:00:00,7.300000190734863,8.800000190734865,True,ok
120,2026-01-01 08:00:00,2026-01-01 10:00:00,8.899999618530273,9.876184384028116,False,ok
120,2026-01-02 08:00:00,2026-01-02 10:00:00,9.100000381469728,9.175805966059368,False,ok
120,2026-01-03 08:00:00,2026-01-03 10:00:00,10.600000381469728,9.63736907641093,False,ok
120,2026-01-03 12:58:15,2026-01-03 14:58:15,8.699999809265137,8.987396160761515,False,ok
120,2026-01-04 08:00:00,2026-01-04 10:00:00,8.100000381469727,9.102925141652427,False,ok
120,2026-01-04 16:00:00,2026-01-04 18:00:00,6.800000190734863,9.42728793621063,False,ok
120,2026-01-05 08:00:00,2026-01-05 10:00:00,7.900000095367432,8.052759091059368,False,ok
120,2026-01-05 20:00:00,2026-01-05 22:00:00,8.600000381469727,7.656417489051818,False,ok
120,2026-01-06 08:00:00,2026-01-06 10:00:00,10.5,10.537316401799515,False,ok
120,2026-01-06 14:00:00,2026-01-06 16:00:00,8.899999618530273,8.689490397771197,False,ok
120,2026-01-07 08:00:00,2026-01-07 10:00:00,7.099999904632568,7.200222094853718,False,ok
120,2026-01-08 08:00:00,2026-01-08 10:00:00,8.199999809265137,8.66737691561381,False,ok
120,2026-01-09 16:00:00,2026-01-09 18:00:00,13.0,8.600000381469728,True,ok
120,2026-01-09 19:00:00,2026-01-09 21:00:00,2.0,6.390056252479554,False,ok
120,2026-01-10 08:00:00,2026-01-10 10:00:00,6.599999904632568,4.640205502510071,False,ok
120,2026-01-11 08:00:00,2026-01-11 10:00:00,8.800000190734863,8.97099494934082,False,ok
120,2026-01-12 08:00:00,2026-01-12 10:00:00,12.0,10.784889618555708,False,ok
120,2026-01-12 14:00:00,2026-01-12 16:00:00,9.800000190734863,10.151606957117718,False,ok
120,2026-01-13 08:00:00,2026-01-13 10:00:00,9.0,7.0932358503341675,False,ok
120,2026-01-13 20:00:00,2026-01-13 22:00:00,11.100000381469728,7.854656577110291,False,ok
120,2026-01-14 08:00:00,2026-01-14 10:00:00,8.899999618530273,11.05900228023529,False,ok
120,2026-01-15 08:00:00,2026-01-15 10:00:00,9.5,9.407002846399946,False,ok
120,2026-01-16 08:00:00,2026-01-16 10:00:00,9.399999618530272,11.030746221542357,False,ok
120,2026-01-17 08:00:00,2026-01-17 10:00:00,9.899999618530272,9.41905351479848,False,ok
120,2026-01-18 08:00:00,2026-01-18 10:00:00,9.199999809265137,9.745601852734886,False,ok
120,2026-01-18 12:30:00,2026-01-18 14:30:00,9.600000381469728,9.500000000000002,True,ok
120,2026-01-18 20:00:00,2026-01-18 22:00:00,7.099999904632568,9.500000000000002,True,ok
120,2026-01-19 08:00:00,2026-01-19 10:00:00,7.599999904632568,9.399999618530272,True,ok
120,2026-01-19 15:44:10,2026-01-19 17:44:10,7.0,7.757425506909688,False,ok
120,2026-01-19 20:00:00,2026-01-19 22:00:00,9.899999618530272,9.47238083680471,False,ok
120,2026-01-20 03:30:00,2026-01-20 05:30:00,7.099999904632568,6.822779099146524,False,ok
120,2026-01-20 08:00:00,2026-01-20 10:00:00,8.0,7.942814270655313,False,ok
120,2026-01-21 08:00:00,2026-01-21 10:00:00,9.899999618530272,9.859956026077269,False,ok
120,2026-01-22 08:00:00,2026-01-22 10:00:00,9.199999809265137,9.034851074218752,False,ok
120,2026-01-23 08:00:00,2026-01-23 10:00:00,8.5,10.221224466959637,False,ok
120,2026-01-24 08:00:00,2026-01-24 10:00:00,9.600000381469728,10.10627285639445,False,ok
120,2026-01-25 08:00:00,2026-01-25 10:00:00,7.400000095367432,9.838452776273092,False,ok
120,2026-01-26 08:00:00,2026-01-26 10:00:00,8.199999809265137,9.10377136866252,False,ok
120,2026-01-27 08:00:00,2026-01-27 10:00:00,8.0,10.589707374572752,False,ok
120,2026-01-28 08:00:00,2026-01-28 10:00:00,7.699999809265137,9.192991971969604,False,ok
120,2026-01-29 08:00:00,2026-01-29 10:00:00,9.0,9.585478226343788,False,ok
120,2026-01-30 08:00:00,2026-01-30 10:00:00,8.5,9.115131855010986,False,ok
120,2026-01-31 08:00:00,2026-01-31 10:00:00,8.699999809265137,9.36302121480306,False,ok
120,2026-02-01 08:00:00,2026-02-01 10:00:00,9.0,11.709757884343466,False,ok
120,2026-02-02 08:00:00,2026-02-02 10:00:00,9.199999809265137,7.743240435918171,False,ok
120,2026-02-03 08:00:00,2026-02-03 10:00:00,8.399999618530273,7.978225787480673,False,ok
120,2026-02-04 08:00:00,2026-02-04 10:00:00,9.800000190734863,7.577660163243611,False,ok
120,2026-02-05 08:00:00,2026-02-05 10:00:00,8.899999618530273,8.885071516036989,False,ok
120,2026-02-06 08:00:00,2026-02-06 10:00:00,6.400000095367432,6.462268431981404,False,ok
120,2026-02-07 08:00:00,2026-02-07 10:00:00,7.0,8.68557635943095,False,ok
120,2026-02-08 08:00:00,2026-02-08 10:00:00,9.899999618530272,8.671515941619875,False,ok
120,2026-02-09 08:00:00,2026-02-09 10:00:00,10.300000190734863,9.89300012588501,False,ok
120,2026-02-10 08:00:00,2026-02-10 10:00:00,9.100000381469728,9.323914408683777,False,ok
120,2026-02-11 08:00:00,2026-02-11 10:00:00,8.699999809265137,8.85623824596405,False,ok
120,2026-02-12 08:00:00,2026-02-12 10:00:00,7.699999809265137,7.92466676235199,False,ok
120,2026-02-13 08:00:00,2026-02-13 10:00:00,8.899999618530273,9.064106345176697,False,ok
120,2026-02-14 08:00:00,2026-02-14 10:00:00,7.699999809265137,8.841280341148375,False,ok
120,2026-02-15 08:00:00,2026-02-15 10:00:00,8.199999809265137,9.587494254112242,False,ok
120,2026-02-16 08:00:00,2026-02-16 10:00:00,7.800000190734863,6.909274617830913,False,ok
120,2026-02-17 08:00:00,2026-02-17 10:00:00,8.0,8.262583295504253,False,ok
120,2026-02-18 08:00:00,2026-02-18 10:00:00,8.800000190734863,9.853331486384072,False,ok
120,2026-02-19 08:00:00,2026-02-19 10:00:00,9.5,8.409498969713848,False,ok
120,2026-02-20 08:00:00,2026-02-20 10:00:00,7.400000095367432,8.568571567535404,False,ok
120,2026-02-21 08:00:00,2026-02-21 10:00:00,7.400000095367432,7.6537861824035645,False,ok
120,2026-02-22 08:00:00,2026-02-22 10:00:00,7.800000190734863,8.385050296783447,False,ok
120,2026-02-23 08:00:00,2026-02-23 10:00:00,10.399999618530272,7.829648494720459,False,ok
120,2026-02-24 08:00:00,2026-02-24 10:00:00,8.0,8.92369794845581,False,ok
120,2026-02-25 08:00:00,2026-02-25 10:00:00,9.100000381469728,8.64904920260111,False,ok
120,2026-02-26 08:00:00,2026-02-26 10:00:00,8.699999809265137,8.76348066329956,False,ok
120,2026-02-27 08:00:00,2026-02-27 10:00:00,8.899999618530273,9.229060649871826,False,ok
120,2026-02-28 08:00:00,2026-02-28 10:00:00,8.600000381469727,8.572820663452147,False,ok
120,2026-03-01 08:00:00,2026-03-01 10:00:00,9.899999618530272,9.496639172236126,False,ok
120,2026-03-02 08:00:00,2026-03-02 10:00:00,8.199999809265137,8.353155453999836,False,ok
120,2026-03-03 08:00:00,2026-03-03 10:00:00,10.199999809265137,8.670141379038492,False,ok
120,2026-03-04 11:30:00,2026-03-04 13:30:00,2.700000047683716,4.47384516398112,False,ok
120,2026-03-04 14:30:00,2026-03-04 16:30:00,8.100000381469727,2.662718216578166,False,ok
120,2026-03-05 08:00:00,2026-03-05 10:00:00,6.0,8.878695567448933,False,ok
120,2026-03-06 08:00:00,2026-03-06 10:00:00,8.5,9.883494456609087,False,ok
120,2026-03-07 08:00:00,2026-03-07 10:00:00,8.899999618530273,12.172009388605757,False,ok
120,2026-03-08 08:00:00,2026-03-08 10:00:00,7.599999904632568,7.505746841430666,False,ok
120,2026-03-09 08:00:00,2026-03-09 10:00:00,8.399999618530273,9.64495873451233,False,ok
120,2026-03-10 08:00:00,2026-03-10 10:00:00,8.100000381469727,8.709282636642456,False,ok
120,2026-03-10 20:00:00,2026-03-10 22:00:00,7.300000190734863,6.106078108151753,False,ok
120,2026-03-11 12:30:00,2026-03-11 14:30:00,7.199999809265137,8.528642694155376,False,ok
120,2026-03-12 08:00:00,2026-03-12 10:00:00,8.300000190734863,8.078493158022562,False,ok
120,2026-03-13 08:00:00,2026-03-13 10:00:00,8.800000190734863,9.242738763491314,False,ok
120,2026-03-14 08:00:00,2026-03-14 10:00:00,9.0,9.932436029116314,False,ok
120,2026-03-15 08:00:00,2026-03-15 10:00:00,8.800000190734863,8.300000190734863,True,ok
120,2026-03-15 13:00:00,2026-03-15 15:00:00,9.100000381469728,8.300000190734863,True,ok
120,2026-03-15 20:00:00,2026-03-15 22:00:00,8.5,8.800000190734865,True,ok
120,2026-03-16 08:00:00,2026-03-16 10:00:00,7.599999904632568,8.800000190734865,True,ok
120,2026-03-16 20:00:00,2026-03-16 22:00:00,8.100000381469727,11.026958783467611,False,ok
120,2026-03-17 08:00:00,2026-03-17 10:00:00,12.800000190734863,9.524007161458336,False,ok
120,2026-03-17 14:00:00,2026-03-17 16:00:00,9.600000381469728,10.904928525288902,False,ok
120,2026-03-17 20:00:00,2026-03-17 22:00:00,8.699999809265137,9.000105063120523,False,ok
120,2026-03-19 08:00:00,2026-03-19 10:00:00,8.5,10.243228912353516,False,ok
120,2026-03-20 08:00:00,2026-03-20 10:00:00,7.400000095367432,8.651740074157713,False,ok
120,2026-03-21 08:00:00,2026-03-21 10:00:00,6.800000190734863,6.9473657608032235,False,ok
120,2026-03-22 08:00:00,2026-03-22 10:00:00,8.199999809265137,7.469470063845318,False,ok
120,2026-03-23 08:00:00,2026-03-23 10:00:00,7.699999809265137,8.104503711064655,False,ok
120,2026-03-24 08:00:00,2026-03-24 10:00:00,9.199999809265137,9.388975183169046,False,ok
120,2026-03-25 08:00:00,2026-03-25 10:00:00,8.300000190734863,8.20244288444519,False,ok
120,2026-03-26 08:00:00,2026-03-26 10:00:00,7.5,7.956781148910523,False,ok
120,2026-03-27 08:00:00,2026-03-27 10:00:00,7.199999809265137,6.877433339754741,False,ok
120,2026-03-28 08:00:00,2026-03-28 10:00:00,7.800000190734863,8.640191833178202,False,ok
120,2026-03-29 08:00:00,2026-03-29 10:00:00,9.0,8.486110488573708,False,ok
120,2026-03-30 08:00:00,2026-03-30 10:00:00,7.099999904632568,7.663650314013162,False,ok
120,2026-03-31 08:00:00,2026-03-31 10:00:00,7.800000190734863,7.874940196673074,False,ok
120,2026-04-01 08:00:00,2026-04-01 10:00:00,9.899999618530272,10.77775955200195,False,ok
120,2026-04-02 08:00:00,2026-04-02 10:00:00,7.099999904632568,13.178246021270752,False,ok
120,2026-04-03 08:00:00,2026-04-03 10:00:00,9.100000381469728,9.649200439453123,False,ok
120,2026-04-04 08:00:00,2026-04-04 10:00:00,8.800000190734863,9.576671759287516,False,ok
120,2026-04-04 14:00:00,2026-04-04 16:00:00,5.5,11.927310148874918,False,ok
120,2026-04-05 08:00:00,2026-04-05 10:00:00,10.0,9.487433592478434,False,ok
120,2026-04-06 08:00:00,2026-04-06 10:00:00,9.699999809265137,6.526883522669474,False,ok
120,2026-04-07 08:00:00,2026-04-07 10:00:00,8.300000190734863,8.761630376180014,False,ok
120,2026-04-08 08:00:00,2026-04-08 10:00:00,9.399999618530272,6.9290718237558995,False,ok
120,2026-04-09 01:00:00,2026-04-09 03:00:00,8.199999809265137,7.80439774195353,False,ok
120,2026-04-09 08:00:00,2026-04-09 10:00:00,7.699999809265137,7.757526795069377,False,ok
120,2026-04-10 00:00:00,2026-04-10 02:00:00,5.699999809265137,6.933578888575236,False,ok
120,2026-04-10 08:00:00,2026-04-10 10:00:00,7.900000095367432,7.353204170862833,False,ok
120,2026-04-11 08:00:00,2026-04-11 10:00:00,8.199999809265137,8.037895639737446,False,ok
120,2026-04-12 08:00:00,2026-04-12 10:00:00,9.199999809265137,10.043128768603006,False,ok
120,2026-04-13 08:00:00,2026-04-13 10:00:00,7.400000095367432,8.008913477261862,False,ok
120,2026-04-14 08:00:00,2026-04-14 10:00:00,7.199999809265137,7.496423522631326,False,ok
120,2026-04-27 13:30:00,2026-04-27 15:30:00,14.300000190734863,7.900000095367432,True,ok
120,2026-04-27 15:30:00,2026-04-27 17:30:00,5.900000095367432,7.900000095367432,True,ok
120,2026-04-27 20:00:00,2026-04-27 22:00:00,1.2000000476837158,8.199999809265135,True,ok
120,2026-04-28 04:00:00,2026-04-28 06:00:00,0.5,0.3,False,ok
120,2026-04-28 08:00:00,2026-04-28 10:00:00,0.8999999761581421,0.3,False,ok
120,2026-04-28 20:00:00,2026-04-28 22:00:00,3.4000000953674316,0.3,False,ok
120,2026-04-29 04:00:00,2026-04-29 06:00:00,7.199999809265137,1.603643094499906,False,ok
120,2026-04-29 08:00:00,2026-04-29 10:00:00,8.100000381469727,6.789834176500638,False,ok
120,2026-04-29 18:00:00,2026-04-29 20:00:00,11.5,10.89204716682434,False,ok
120,2026-04-30 08:00:00,2026-04-30 10:00:00,7.0,6.389177560806275,False,ok
120,2026-04-30 14:00:00,2026-04-30 16:00:00,11.5,9.255035281181335,False,ok
120,2026-04-30 18:00:00,2026-04-30 20:00:00,5.099999904632568,10.252459406852722,False,ok
120,2026-05-01 08:00:00,2026-05-01 10:00:00,7.900000095367432,8.986491084098816,False,ok
120,2026-05-02 08:00:00,2026-05-02 10:00:00,7.599999904632568,6.383926997582118,False,ok
120,2026-05-03 08:00:00,2026-05-03 10:00:00,7.699999809265137,8.835712641477585,False,ok
120,2026-05-04 08:00:00,2026-05-04 10:00:00,13.899999618530272,8.012269258499146,False,ok
120,2026-05-04 12:00:00,2026-05-04 14:00:00,20.299999237060547,11.78576922416687,False,ok
120,2026-05-04 14:30:00,2026-05-04 16:30:00,9.5,7.104372739791871,False,ok
120,2026-05-04 22:01:00,2026-05-05 00:01:00,9.699999809265137,6.2339706023534145,False,ok
120,2026-05-05 08:00:00,2026-05-05 10:00:00,4.900000095367432,5.827453017234803,False,ok
120,2026-05-07 07:30:00,2026-05-07 09:30:00,7.800000190734863,9.238551020622252,False,ok
120,2026-05-08 08:00:00,2026-05-08 10:00:00,4.0,9.992980917294824,False,ok
120,2026-05-08 21:50:00,2026-05-08 23:50:00,8.399999618530273,12.827280958493551,False,ok
120,2026-05-09 08:00:00,2026-05-09 10:00:00,4.099999904632568,12.180664340655008,False,ok
120,2026-05-09 16:30:00,2026-05-09 18:30:00,3.900000095367432,13.139125307401024,False,ok
120,2026-05-09 20:00:00,2026-05-09 22:00:00,3.200000047683716,6.084222753842672,False,ok
120,2026-05-10 08:00:00,2026-05-10 10:00:00,6.099999904632568,4.793885350227356,False,ok
120,2026-05-11 08:00:00,2026-05-11 10:00:00,9.0,6.052725434303284,False,ok
120,2026-05-12 08:00:00,2026-05-12 10:00:00,9.899999618530272,7.511484265327453,False,ok
120,2026-05-12 16:00:00,2026-05-12 18:00:00,9.5,6.46472942829132,False,ok
120,2026-05-13 08:00:00,2026-05-13 10:00:00,4.599999904632568,3.775885025660197,False,ok
120,2026-05-14 01:00:00,2026-05-14 03:00:00,6.699999809265137,3.070671260356903,False,ok
120,2026-05-14 08:00:00,2026-05-14 10:00:00,12.0,8.36111253499985,False,ok
120,2026-05-15 08:00:00,2026-05-15 10:00:00,11.899999618530272,9.62044582764308,False,ok
120,2026-05-15 13:00:00,2026-05-15 15:00:00,7.099999904632568,7.877872089544933,False,ok
120,2026-05-16 08:00:00,2026-05-16 10:00:00,9.699999809265137,8.810941259066261,False,ok
120,2026-05-18 09:00:00,2026-05-18 11:00:00,5.0,9.699999809265138,True,ok
120,2026-05-19 09:30:00,2026-05-19 11:30:00,9.0,6.170890649159749,False,ok
120,2026-05-20 08:00:00,2026-05-20 10:00:00,11.0,8.57872756322225,False,ok
120,2026-05-20 14:30:00,2026-05-20 16:30:00,6.0,9.540013631184896,False,ok
120,2026-05-21 08:00:00,2026-05-21 10:00:00,10.0,9.6750119527181,False,ok
120,2026-05-22 08:00:00,2026-05-22 10:00:00,10.899999618530272,11.749491691589355,False,ok
120,2026-05-22 10:00:00,2026-05-22 12:00:00,9.100000381469728,11.326857566833494,False,ok
120,2026-05-23 07:35:00,2026-05-23 09:35:00,10.800000190734863,10.978983163833616,False,ok
120,2026-05-24 08:00:00,2026-05-24 10:00:00,9.5,7.248209238052369,False,ok
120,2026-05-25 03:00:00,2026-05-25 05:00:00,11.300000190734863,10.07984662055969,False,ok
120,2026-05-25 08:00:00,2026-05-25 10:00:00,8.199999809265137,9.546697854995726,False,ok
120,2026-05-25 12:00:00,2026-05-25 14:00:00,10.100000381469728,11.51917481422424,False,ok
120,2026-05-26 08:00:00,2026-05-26 10:00:00,9.399999618530272,8.810198465983074,False,ok
120,2026-05-27 03:00:00,2026-05-27 05:00:00,10.699999809265137,3.973914543787638,False,ok
120,2026-05-27 08:00:00,2026-05-27 10:00:00,6.0,7.037117163340251,False,ok
120,2026-05-28 08:00:00,2026-05-28 10:00:00,8.699999809265137,9.982049147288006,False,ok
120,2026-05-29 08:00:00,2026-05-29 10:00:00,8.100000381469727,11.093754291534426,False,ok
120,2026-05-30 08:00:00,2026-05-30 10:00:00,9.199999809265137,9.247167150179544,False,ok
120,2026-05-31 08:00:00,2026-05-31 10:00:00,9.100000381469728,9.753868063290914,False,ok
120,2026-06-01 08:00:00,2026-06-01 10:00:00,10.0,8.812864422798157,False,ok
120,2026-06-02 08:00:00,2026-06-02 10:00:00,8.899999618530273,8.268133759498596,False,ok
120,2026-06-03 08:00:00,2026-06-03 10:00:00,9.300000190734863,8.428731838862099,False,ok
120,2026-06-03 18:00:00,2026-06-03 20:00:00,9.0,8.167376120885212,False,ok
120,2026-06-04 08:00:00,2026-06-04 10:00:00,8.699999809265137,9.397176305452982,False,ok
120,2026-06-05 08:00:00,2026-06-05 10:00:00,8.5,8.978069702784222,False,ok
120,2026-06-06 08:00:00,2026-06-06 10:00:00,10.5,9.23441163698832,False,ok
120,2026-06-07 08:00:00,2026-06-07 10:00:00,9.399999618530272,9.19168702761332,False,ok
120,2026-06-07 14:15:00,2026-06-07 16:15:00,10.800000190734863,9.203823725382486,False,ok
120,2026-06-08 08:00:00,2026-06-08 10:00:00,9.699999809265137,9.251754681269327,False,ok
120,2026-06-08 15:00:00,2026-06-08 17:00:00,7.599999904632568,8.291947046915691,False,ok
120,2026-06-08 20:00:00,2026-06-08 22:00:00,6.699999809265137,7.962377230326332,False,ok
120,2026-06-09 08:00:00,2026-06-09 10:00:00,5.599999904632568,10.966514984766642,False,ok
120,2026-06-09 15:00:00,2026-06-09 17:00:00,6.800000190734863,7.891145825386048,False,ok
120,2026-06-10 08:00:00,2026-06-10 10:00:00,10.399999618530272,9.37521040439606,False,ok
120,2026-06-10 12:30:00,2026-06-10 14:30:00,9.800000190734863,7.197781205177307,False,ok
120,2026-06-11 08:00:00,2026-06-11 10:00:00,9.699999809265137,12.302334944407146,False,ok
120,2026-06-12 08:00:00,2026-06-12 10:00:00,9.699999809265137,10.577344099680584,False,ok
120,2026-06-13 08:00:00,2026-06-13 10:00:00,8.600000381469727,8.055461009343462,False,ok
120,2026-06-14 08:00:00,2026-06-14 10:00:00,9.399999618530272,8.527984897295635,False,ok
120,2026-06-15 08:00:00,2026-06-15 10:00:00,9.800000190734863,8.666797439257305,False,ok
120,2026-06-16 02:00:00,2026-06-16 04:00:00,8.300000190734863,10.320830941200258,False,ok
120,2026-06-17 07:00:00,2026-06-17 09:00:00,2.0999999046325684,14.948349237442017,False,ok
120,2026-06-17 08:00:00,2026-06-17 10:00:00,0.3000000119209289,5.844942331314087,False,ok
120,2026-06-17 12:00:00,2026-06-17 14:00:00,0.1000000014901161,3.046511650085449,False,ok
120,2026-06-17 20:00:00,2026-06-17 22:00:00,2.700000047683716,2.691415548324586,False,ok
120,2026-07-02 10:00:00,2026-07-02 12:00:00,4.099999904632568,0.8588729898134866,False,ok
120,2026-07-02 18:00:00,2026-07-02 20:00:00,1.100000023841858,0.7566458011666931,False,ok
120,2026-07-03 11:00:00,2026-07-03 13:00:00,2.299999952316284,1.0150121627375486,False,ok
120,2026-07-03 16:00:00,2026-07-03 18:00:00,16.100000381469727,6.374656098894776,False,ok
120,2026-07-03 19:00:00,2026-07-03 21:00:00,13.800000190734863,14.531647302520776,False,ok
120,2026-07-03 22:00:00,2026-07-04 00:00:00,7.099999904632568,11.503788091552757,False,ok
120,2026-07-04 02:00:00,2026-07-04 04:00:00,3.700000047683716,24.631642818450924,False,ok
120,2026-07-04 08:00:00,2026-07-04 10:00:00,3.200000047683716,2.718309203783671,False,ok
120,2026-07-05 08:00:00,2026-07-05 10:00:00,4.800000190734863,4.754400372505189,False,ok
120,2026-07-06 08:00:00,2026-07-06 10:00:00,6.5,5.96123735109965,False,ok
120,2026-07-07 08:00:00,2026-07-07 10:00:00,5.699999809265137,5.695280154546102,False,ok
120,2026-07-08 08:00:00,2026-07-08 10:00:00,5.300000190734863,5.639072140057882,False,ok
120,2026-07-09 08:00:00,2026-07-09 10:00:00,9.600000381469728,8.591853618621826,False,ok
120,2026-07-10 08:00:00,2026-07-10 10:00:00,8.0,6.862143158912658,False,ok
120,2026-07-11 08:00:00,2026-07-11 10:00:00,8.100000381469727,7.151294827461243,False,ok
120,2026-07-12 08:00:00,2026-07-12 10:00:00,11.600000381469728,6.423419713973999,False,ok
120,2026-07-12 12:00:00,2026-07-12 14:00:00,6.800000190734863,7.261126279830933,False,ok
120,2026-07-13 08:00:00,2026-07-13 10:00:00,7.900000095367432,10.059631625811258,False,ok
120,2026-07-14 08:00:00,2026-07-14 10:00:00,8.899999618530273,8.758070270220438,False,ok
120,2026-07-15 08:00:00,2026-07-15 10:00:00,10.300000190734863,8.555130799611408,False,ok
120,2026-07-16 08:00:00,2026-07-16 10:00:00,11.0,8.235465844472248,False,ok
120,2026-07-17 08:00:00,2026-07-17 10:00:00,9.100000381469728,9.728790998458862,False,ok
120,2026-07-18 03:00:00,2026-07-18 05:00:00,10.300000190734863,7.786176204681398,False,ok
120,2026-07-18 08:00:00,2026-07-18 10:00:00,12.399999618530272,9.740845680236816,False,ok
120,2026-07-18 20:00:00,2026-07-18 22:00:00,10.399999618530272,9.794023672739664,False,ok
120,2026-07-19 08:00:00,2026-07-19 10:00:00,9.100000381469728,9.765122731526692,False,ok
120,2026-07-20 08:00:00,2026-07-20 10:00:00,10.199999809265137,11.075675646464031,False,ok
120,2026-07-21 08:00:00,2026-07-21 10:00:00,8.100000381469727,10.57347842057546,False,ok
120,2026-07-23 08:00:00,2026-07-23 10:00:00,6.400000095367432,11.281619628270468,False,ok
120,2026-07-24 08:00:00,2026-07-24 10:00:00,8.800000190734863,10.66136701901754,False,ok
120,2026-07-25 08:00:00,2026-07-25 10:00:00,7.400000095367432,7.673686106999716,False,ok
120,2026-07-26 08:00:00,2026-07-26 10:00:00,9.899999618530272,5.75185751914978,False,ok
120,2026-07-27 08:00:00,2026-07-27 10:00:00,10.800000190734863,9.185149908065796,False,ok
120,2026-07-28 08:00:00,2026-07-28 10:00:00,9.300000190734863,5.5932252407073975,False,ok
120,2026-07-29 08:00:00,2026-07-29 10:00:00,8.0,6.910064935684203,False,ok
120,2026-07-30 08:00:00,2026-07-30 10:00:00,8.5,7.281554460525513,False,ok
120,2026-07-31 08:00:00,2026-07-31 10:00:00,8.600000381469727,9.382737716039022,False,ok
120,2026-08-01 08:00:00,2026-08-01 10:00:00,8.399999618530273,9.041599114735922,False,ok
120,2026-08-02 08:00:00,2026-08-02 10:00:00,10.600000381469728,9.51381468772888,False,ok
120,2026-08-03 08:00:00,2026-08-03 10:00:00,9.600000381469728,9.462321480115254,False,ok
120,2026-08-04 08:00:00,2026-08-04 10:00:00,8.0,8.73866820335388,False,ok
120,2026-08-05 08:00:00,2026-08-05 10:00:00,7.800000190734863,8.448741197586061,False,ok
120,2026-08-06 08:00:00,2026-08-06 10:00:00,9.300000190734863,8.120389699935913,False,ok
120,2026-08-07 08:00:00,2026-08-07 10:00:00,9.699999809265137,9.300000190734862,True,ok
120,2026-08-07 11:00:00,2026-08-07 13:00:00,8.800000190734863,9.300000190734862,True,ok
120,2026-08-08 08:00:00,2026-08-08 10:00:00,6.699999809265137,8.800000190734865,True,ok
120,2026-08-09 08:00:00,2026-08-09 10:00:00,7.300000190734863,8.800000190734865,True,ok
180,2026-01-01 07:00:00,2026-01-01 10:00:00,8.899999618530273,10.092859188715616,False,ok
180,2026-01-02 07:00:00,2026-01-02 10:00:00,9.100000381469728,8.595971981684366,False,ok
180,2026-01-03 07:00:00,2026-01-03 10:00:00,10.600000381469728,9.654936710993448,False,ok
180,2026-01-03 11:58:15,2026-01-03 14:58:15,8.699999809265137,8.969824711481731,False,ok
180,2026-01-04 07:00:00,2026-01-04 10:00:00,8.100000381469727,8.765705903371174,False,ok
180,2026-01-04 15:00:00,2026-01-04 18:00:00,6.800000190734863,8.875681757926941,False,ok
180,2026-01-05 07:00:00,2026-01-05 10:00:00,7.900000095367432,7.791829029719034,False,ok
180,2026-01-05 19:00:00,2026-01-05 22:00:00,8.600000381469727,7.665620446205139,False,ok
180,2026-01-06 07:00:00,2026-01-06 10:00:00,10.5,10.898939212163286,False,ok
180,2026-01-06 13:00:00,2026-01-06 16:00:00,8.899999618530273,10.250448306401571,False,ok
180,2026-01-07 07:00:00,2026-01-07 10:00:00,7.099999904632568,8.324801524480185,False,ok
180,2026-01-08 07:00:00,2026-01-08 10:00:00,8.199999809265137,9.495931545893349,False,ok
180,2026-01-09 15:00:00,2026-01-09 18:00:00,13.0,8.600000381469728,True,ok
180,2026-01-09 18:00:00,2026-01-09 21:00:00,2.0,8.600000381469728,True,ok
180,2026-01-10 07:00:00,2026-01-10 10:00:00,6.599999904632568,4.387659430503845,False,ok
180,2026-01-11 07:00:00,2026-01-11 10:00:00,8.800000190734863,9.241065979003906,False,ok
180,2026-01-12 07:00:00,2026-01-12 10:00:00,12.0,10.340853134791056,False,ok
180,2026-01-12 13:00:00,2026-01-12 16:00:00,9.800000190734863,10.845887581507364,False,ok
180,2026-01-13 07:00:00,2026-01-13 10:00:00,9.0,7.661633849143983,False,ok
180,2026-01-13 19:00:00,2026-01-13 22:00:00,11.100000381469728,7.424380183219908,False,ok
180,2026-01-14 07:00:00,2026-01-14 10:00:00,8.899999618530273,9.75896394252777,False,ok
180,2026-01-15 07:00:00,2026-01-15 10:00:00,9.5,10.08904019991557,False,ok
180,2026-01-16 07:00:00,2026-01-16 10:00:00,9.399999618530272,10.038927793502806,False,ok
180,2026-01-17 07:00:00,2026-01-17 10:00:00,9.899999618530272,9.153519590695696,False,ok
180,2026-01-18 07:00:00,2026-01-18 10:00:00,9.199999809265137,9.835623939832052,False,ok
180,2026-01-18 11:30:00,2026-01-18 14:30:00,9.600000381469728,9.500000000000002,True,ok
180,2026-01-18 19:00:00,2026-01-18 22:00:00,7.099999904632568,9.500000000000002,True,ok
180,2026-01-19 07:00:00,2026-01-19 10:00:00,7.599999904632568,9.399999618530272,True,ok
180,2026-01-19 14:44:10,2026-01-19 17:44:10,7.0,8.19128962357839,False,ok
180,2026-01-19 19:00:00,2026-01-19 22:00:00,9.899999618530272,8.43494721253713,False,ok
180,2026-01-20 02:30:00,2026-01-20 05:30:00,7.099999904632568,7.030313889185587,False,ok
180,2026-01-20 07:00:00,2026-01-20 10:00:00,8.0,8.127415577570597,False,ok
180,2026-01-21 07:00:00,2026-01-21 10:00:00,9.899999618530272,9.447165727615356,False,ok
180,2026-01-22 07:00:00,2026-01-22 10:00:00,9.199999809265137,9.73294258117676,False,ok
180,2026-01-23 07:00:00,2026-01-23 10:00:00,8.5,10.23650805155436,False,ok
180,2026-01-24 07:00:00,2026-01-24 10:00:00,9.600000381469728,11.10725990931193,False,ok
180,2026-01-25 07:00:00,2026-01-25 10:00:00,7.400000095367432,9.813268144925436,False,ok
180,2026-01-26 07:00:00,2026-01-26 10:00:00,8.199999809265137,9.953688780466717,False,ok
180,2026-01-27 07:00:00,2026-01-27 10:00:00,8.0,8.958508491516113,False,ok
180,2026-01-28 07:00:00,2026-01-28 10:00:00,7.699999809265137,9.761848211288452,False,ok
180,2026-01-29 07:00:00,2026-01-29 10:00:00,9.0,9.934922615687054,False,ok
180,2026-01-30 07:00:00,2026-01-30 10:00:00,8.5,8.428497791290281,False,ok
180,2026-01-31 07:00:00,2026-01-31 10:00:00,8.699999809265137,9.120406468709309,False,ok
180,2026-02-01 07:00:00,2026-02-01 10:00:00,9.0,10.926223834355673,False,ok
180,2026-02-02 07:00:00,2026-02-02 10:00:00,9.199999809265137,7.978225787480673,False,ok
180,2026-02-03 07:00:00,2026-02-03 10:00:00,8.399999618530273,7.523513873418175,False,ok
180,2026-02-04 07:00:00,2026-02-04 10:00:00,9.800000190734863,8.378006060918173,False,ok
180,2026-02-05 07:00:00,2026-02-05 10:00:00,8.899999618530273,7.325638055801392,False,ok
180,2026-02-06 07:00:00,2026-02-06 10:00:00,6.400000095367432,7.834813197453817,False,ok
180,2026-02-07 07:00:00,2026-02-07 10:00:00,7.0,9.897125164667766,False,ok
180,2026-02-08 07:00:00,2026-02-08 10:00:00,9.899999618530272,8.620405673980713,False,ok
180,2026-02-09 07:00:00,2026-02-09 10:00:00,10.300000190734863,10.305731296539308,False,ok
180,2026-02-10 07:00:00,2026-02-10 10:00:00,9.100000381469728,8.576986193656923,False,ok
180,2026-02-11 07:00:00,2026-02-11 10:00:00,8.699999809265137,8.560187220573425,False,ok
180,2026-02-12 07:00:00,2026-02-12 10:00:00,7.699999809265137,8.49992311000824,False,ok
180,2026-02-13 07:00:00,2026-02-13 10:00:00,8.899999618530273,9.24568784236908,False,ok
180,2026-02-14 07:00:00,2026-02-14 10:00:00,7.699999809265137,7.800681471824646,False,ok
180,2026-02-15 07:00:00,2026-02-15 10:00:00,8.199999809265137,7.974637389183044,False,ok
180,2026-02-16 07:00:00,2026-02-16 10:00:00,7.800000190734863,9.047030965487163,False,ok
180,2026-02-17 07:00:00,2026-02-17 10:00:00,8.0,8.189326802889507,False,ok
180,2026-02-18 07:00:00,2026-02-18 10:00:00,8.800000190734863,9.828914562861128,False,ok
180,2026-02-19 07:00:00,2026-02-19 10:00:00,9.5,8.629213134447737,False,ok
180,2026-02-20 07:00:00,2026-02-20 10:00:00,7.400000095367432,9.095819950103762,False,ok
180,2026-02-21 07:00:00,2026-02-21 10:00:00,7.400000095367432,6.712330341339111,False,ok
180,2026-02-22 07:00:00,2026-02-22 10:00:00,7.800000190734863,8.569694995880129,False,ok
180,2026-02-23 07:00:00,2026-02-23 10:00:00,10.399999618530272,8.807731151580812,False,ok
180,2026-02-24 07:00:00,2026-02-24 10:00:00,8.0,8.444568157196045,False,ok
180,2026-02-25 07:00:00,2026-02-25 10:00:00,9.100000381469728,9.343332688013714,False,ok
180,2026-02-26 07:00:00,2026-02-26 10:00:00,8.699999809265137,8.945091724395754,False,ok
180,2026-02-27 07:00:00,2026-02-27 10:00:00,8.899999618530273,8.984923839569094,False,ok
180,2026-02-28 07:00:00,2026-02-28 10:00:00,8.600000381469727,8.68419551849365,False,ok
180,2026-03-01 07:00:00,2026-03-01 10:00:00,9.899999618530272,11.635919491449997,False,ok
180,2026-03-02 07:00:00,2026-03-02 10:00:00,8.199999809265137,9.590644200642906,False,ok
180,2026-03-03 07:00:00,2026-03-03 10:00:00,10.199999809265137,8.595342795054119,False,ok
180,2026-03-04 10:30:00,2026-03-04 13:30:00,2.700000047683716,2.9740060965220136,False,ok
180,2026-03-04 13:30:00,2026-03-04 16:30:00,8.100000381469727,1.7487281958262129,False,ok
180,2026-03-05 07:00:00,2026-03-05 10:00:00,6.0,10.623519976933798,False,ok
180,2026-03-06 07:00:00,2026-03-06 10:00:00,8.5,9.942987521489458,False,ok
180,2026-03-07 07:00:00,2026-03-07 10:00:00,8.899999618530273,8.966156880060833,False,ok
180,2026-03-08 07:00:00,2026-03-08 10:00:00,7.599999904632568,8.186291217803953,False,ok
180,2026-03-09 07:00:00,2026-03-09 10:00:00,8.399999618530273,9.331389665603638,False,ok
180,2026-03-10 07:00:00,2026-03-10 10:00:00,8.100000381469727,8.423943281173704,False,ok
180,2026-03-10 19:00:00,2026-03-10 22:00:00,7.300000190734863,7.934086759885153,False,ok
180,2026-03-11 11:30:00,2026-03-11 14:30:00,7.199999809265137,7.408632318178812,False,ok
180,2026-03-12 07:00:00,2026-03-12 10:00:00,8.300000190734863,8.188341180483501,False,ok
180,2026-03-13 07:00:00,2026-03-13 10:00:00,8.800000190734863,10.197171250979103,False,ok
180,2026-03-14 07:00:00,2026-03-14 10:00:00,9.0,9.946178476015724,False,ok
180,2026-03-15 07:00:00,2026-03-15 10:00:00,8.800000190734863,8.675106088320415,False,ok
180,2026-03-15 12:00:00,2026-03-15 15:00:00,9.100000381469728,8.300000190734863,True,ok
180,2026-03-15 19:00:00,2026-03-15 22:00:00,8.5,8.800000190734865,True,ok
180,2026-03-16 07:00:00,2026-03-16 10:00:00,7.599999904632568,8.800000190734865,True,ok
180,2026-03-16 19:00:00,2026-03-16 22:00:00,8.100000381469727,8.64353593190511,False,ok
180,2026-03-17 07:00:00,2026-03-17 10:00:00,12.800000190734863,8.36892255147298,False,ok
180,2026-03-17 13:00:00,2026-03-17 16:00:00,9.600000381469728,8.565754254659018,False,ok
180,2026-03-17 19:00:00,2026-03-17 22:00:00,8.699999809265137,8.242177327473957,False,ok
180,2026-03-19 07:00:00,2026-03-19 10:00:00,8.5,9.518436431884767,False,ok
180,2026-03-20 07:00:00,2026-03-20 10:00:00,7.400000095367432,8.691410064697266,False,ok
180,2026-03-21 07:00:00,2026-03-21 10:00:00,6.800000190734863,7.934553146362306,False,ok
180,2026-03-22 07:00:00,2026-03-22 10:00:00,8.199999809265137,6.912513772646586,False,ok
180,2026-03-23 07:00:00,2026-03-23 10:00:00,7.699999809265137,7.768812259038287,False,ok
180,2026-03-24 07:00:00,2026-03-24 10:00:00,9.199999809265137,8.575721780459086,False,ok
180,2026-03-25 07:00:00,2026-03-25 10:00:00,8.300000190734863,7.226645231246948,False,ok
180,2026-03-26 07:00:00,2026-03-26 10:00:00,7.5,7.480702161788941,False,ok
180,2026-03-27 07:00:00,2026-03-27 10:00:00,7.199999809265137,8.034037629763287,False,ok
180,2026-03-28 07:00:00,2026-03-28 10:00:00,7.800000190734863,7.855912963549297,False,ok
180,2026-03-29 07:00:00,2026-03-29 10:00:00,9.0,7.790289680163065,False,ok
180,2026-03-30 07:00:00,2026-03-30 10:00:00,7.099999904632568,7.106705466906229,False,ok
180,2026-03-31 07:00:00,2026-03-31 10:00:00,7.800000190734863,9.060537616411846,False,ok
180,2026-04-01 07:00:00,2026-04-01 10:00:00,9.899999618530272,10.287939071655275,False,ok
180,2026-04-02 07:00:00,2026-04-02 10:00:00,7.099999904632568,10.9397931098938,False,ok
180,2026-04-03 07:00:00,2026-04-03 10:00:00,9.100000381469728,9.972644805908203,False,ok
180,2026-04-04 07:00:00,2026-04-04 10:00:00,8.800000190734863,10.673786322275795,False,ok
180,2026-04-04 13:00:00,2026-04-04 16:00:00,5.5,12.115730444590254,False,ok
180,2026-04-05 07:00:00,2026-04-05 10:00:00,10.0,8.575705687204996,False,ok
180,2026-04-06 07:00:00,2026-04-06 10:00:00,9.699999809265137,7.726321617762248,False,ok
180,2026-04-07 07:00:00,2026-04-07 10:00:00,8.300000190734863,9.014116605122885,False,ok
180,2026-04-08 07:00:00,2026-04-08 10:00:00,9.399999618530272,7.229673782984416,False,ok
180,2026-04-09 00:00:00,2026-04-09 03:00:00,8.199999809265137,9.154774824778238,False,ok
180,2026-04-09 07:00:00,2026-04-09 10:00:00,7.699999809265137,7.592007080713907,False,ok
180,2026-04-09 23:00:00,2026-04-10 02:00:00,5.699999809265137,7.031239906946817,False,ok
180,2026-04-10 07:00:00,2026-04-10 10:00:00,7.900000095367432,7.087705055872599,False,ok
180,2026-04-11 07:00:00,2026-04-11 10:00:00,8.199999809265137,7.442035158475241,False,ok
180,2026-04-12 07:00:00,2026-04-12 10:00:00,9.199999809265137,9.39613131682078,False,ok
180,2026-04-13 07:00:00,2026-04-13 10:00:00,7.400000095367432,7.308525522549949,False,ok
180,2026-04-14 07:00:00,2026-04-14 10:00:00,7.199999809265137,7.682580749193828,False,ok
180,2026-04-27 12:30:00,2026-04-27 15:30:00,14.300000190734863,7.900000095367432,True,ok
180,2026-04-27 14:30:00,2026-04-27 17:30:00,5.900000095367432,7.900000095367432,True,ok
180,2026-04-27 19:00:00,2026-04-27 22:00:00,1.2000000476837158,7.900000095367432,True,ok
180,2026-04-28 03:00:00,2026-04-28 06:00:00,0.5,0.3,False,ok
180,2026-04-28 07:00:00,2026-04-28 10:00:00,0.8999999761581421,0.3,False,ok
180,2026-04-28 19:00:00,2026-04-28 22:00:00,3.4000000953674316,0.3,False,ok
180,2026-04-29 03:00:00,2026-04-29 06:00:00,7.199999809265137,1.1435782064994175,False,ok
180,2026-04-29 07:00:00,2026-04-29 10:00:00,8.100000381469727,6.748175298174222,False,ok
180,2026-04-29 17:00:00,2026-04-29 20:00:00,11.5,8.288923501968384,False,ok
180,2026-04-30 07:00:00,2026-04-30 10:00:00,7.0,6.521158456802368,False,ok
180,2026-04-30 13:00:00,2026-04-30 16:00:00,11.5,6.639453649520874,False,ok
180,2026-04-30 17:00:00,2026-04-30 20:00:00,5.099999904632568,10.541354060173036,False,ok
180,2026-05-01 07:00:00,2026-05-01 10:00:00,7.900000095367432,8.904106020927427,False,ok
180,2026-05-02 07:00:00,2026-05-02 10:00:00,7.599999904632568,6.428164134422939,False,ok
180,2026-05-03 07:00:00,2026-05-03 10:00:00,7.699999809265137,9.381987780332569,False,ok
180,2026-05-04 07:00:00,2026-05-04 10:00:00,13.899999618530272,7.566714048385618,False,ok
180,2026-05-04 11:00:00,2026-05-04 14:00:00,20.299999237060547,14.245486021041872,False,ok
180,2026-05-04 13:30:00,2026-05-04 16:30:00,9.5,6.234641790390015,False,ok
180,2026-05-04 21:01:00,2026-05-05 00:01:00,9.699999809265137,6.165306051572165,False,ok
180,2026-05-05 07:00:00,2026-05-05 10:00:00,4.900000095367432,7.062642931938171,False,ok
180,2026-05-07 06:30:00,2026-05-07 09:30:00,7.800000190734863,8.686176180839539,False,ok
180,2026-05-08 07:00:00,2026-05-08 10:00:00,4.0,13.034812887509666,False,ok
180,2026-05-08 20:50:00,2026-05-08 23:50:00,8.399999618530273,11.820212324460348,False,ok
180,2026-05-09 07:00:00,2026-05-09 10:00:00,4.099999904632568,12.636873523394264,False,ok
180,2026-05-09 15:30:00,2026-05-09 18:30:00,3.900000095367432,10.76335855325063,False,ok
180,2026-05-09 19:00:00,2026-05-09 22:00:00,3.200000047683716,6.654143770535788,False,ok
180,2026-05-10 07:00:00,2026-05-10 10:00:00,6.099999904632568,4.146910309791565,False,ok
180,2026-05-11 07:00:00,2026-05-11 10:00:00,9.0,6.437278866767883,False,ok
180,2026-05-12 07:00:00,2026-05-12 10:00:00,9.899999618530272,6.324340939521789,False,ok
180,2026-05-12 15:00:00,2026-05-12 18:00:00,9.5,6.084782242774963,False,ok
180,2026-05-13 07:00:00,2026-05-13 10:00:00,4.599999904632568,2.9824401537577305,False,ok
180,2026-05-14 00:00:00,2026-05-14 03:00:00,6.699999809265137,2.5953287482261658,False,ok
180,2026-05-14 07:00:00,2026-05-14 10:00:00,12.0,6.382831513881683,False,ok
180,2026-05-15 07:00:00,2026-05-15 10:00:00,11.899999618530272,9.2572704354922,False,ok
180,2026-05-15 12:00:00,2026-05-15 15:00:00,7.099999904632568,8.866679767767591,False,ok
180,2026-05-16 07:00:00,2026-05-16 10:00:00,9.699999809265137,8.571364442507425,False,ok
180,2026-05-18 08:00:00,2026-05-18 11:00:00,5.0,9.699999809265138,True,ok
180,2026-05-19 08:30:00,2026-05-19 11:30:00,9.0,6.510938485463459,False,ok
180,2026-05-20 07:00:00,2026-05-20 10:00:00,11.0,10.653158028920492,False,ok
180,2026-05-20 13:30:00,2026-05-20 16:30:00,6.0,11.42603858311971,False,ok
180,2026-05-21 07:00:00,2026-05-21 10:00:00,10.0,10.60425599416097,False,ok
180,2026-05-22 07:00:00,2026-05-22 10:00:00,10.899999618530272,10.013075828552246,False,ok
180,2026-05-22 09:00:00,2026-05-22 12:00:00,9.100000381469728,12.188196182250977,False,ok
180,2026-05-23 06:35:00,2026-05-23 09:35:00,10.800000190734863,10.609720468521118,False,ok
180,2026-05-24 07:00:00,2026-05-24 10:00:00,9.5,7.13987135887146,False,ok
180,2026-05-25 02:00:00,2026-05-25 05:00:00,11.300000190734863,10.101703882217407,False,ok
180,2026-05-25 07:00:00,2026-05-25 10:00:00,8.199999809265137,11.089019060134888,False,ok
180,2026-05-25 11:00:00,2026-05-25 14:00:00,10.100000381469728,9.643078088760376,False,ok
180,2026-05-26 07:00:00,2026-05-26 10:00:00,9.399999618530272,9.747087637583418,False,ok
180,2026-05-27 02:00:00,2026-05-27 05:00:00,10.699999809265137,2.686076084772746,False,ok
180,2026-05-27 07:00:00,2026-05-27 10:00:00,6.0,8.971941153208414,False,ok
180,2026-05-28 07:00:00,2026-05-28 10:00:00,8.699999809265137,8.596590677897135,False,ok
180,2026-05-29 07:00:00,2026-05-29 10:00:00,8.100000381469727,13.94181966781616,False,ok
180,2026-05-30 07:00:00,2026-05-30 10:00:00,9.199999809265137,9.469142476717629,False,ok
180,2026-05-31 07:00:00,2026-05-31 10:00:00,9.100000381469728,9.355627020200094,False,ok
180,2026-06-01 07:00:00,2026-06-01 10:00:00,10.0,9.069236397743223,False,ok
180,2026-06-02 07:00:00,2026-06-02 10:00:00,8.899999618530273,8.757940888404844,False,ok
180,2026-06-03 07:00:00,2026-06-03 10:00:00,9.300000190734863,8.86360208193461,False,ok
180,2026-06-03 17:00:00,2026-06-03 20:00:00,9.0,9.00149973233541,False,ok
180,2026-06-04 07:00:00,2026-06-04 10:00:00,8.699999809265137,10.506450215975445,False,ok
180,2026-06-05 07:00:00,2026-06-05 10:00:00,8.5,10.366609970728556,False,ok
180,2026-06-06 07:00:00,2026-06-06 10:00:00,10.5,9.493811051050823,False,ok
180,2026-06-07 07:00:00,2026-06-07 10:00:00,9.399999618530272,9.089453140894571,False,ok
180,2026-06-07 13:15:00,2026-06-07 16:15:00,10.800000190734863,9.10927430788676,False,ok
180,2026-06-08 07:00:00,2026-06-08 10:00:00,9.699999809265137,8.723800102869667,False,ok
180,2026-06-08 14:00:00,2026-06-08 17:00:00,7.599999904632568,9.143407503763832,False,ok
180,2026-06-08 19:00:00,2026-06-08 22:00:00,6.699999809265137,8.973269144694008,False,ok
180,2026-06-09 07:00:00,2026-06-09 10:00:00,5.599999904632568,11.357147614161171,False,ok
180,2026-06-09 14:00:00,2026-06-09 17:00:00,6.800000190734863,10.456915974617006,False,ok
180,2026-06-10 07:00:00,2026-06-10 10:00:00,10.399999618530272,6.20137083530426,False,ok
180,2026-06-10 11:30:00,2026-06-10 14:30:00,9.800000190734863,5.941998600959777,False,ok
180,2026-06-11 07:00:00,2026-06-11 10:00:00,9.699999809265137,11.35934940973918,False,ok
180,2026-06-12 07:00:00,2026-06-12 10:00:00,9.699999809265137,10.670416990915934,False,ok
180,2026-06-13 07:00:00,2026-06-13 10:00:00,8.600000381469727,8.896215995152792,False,ok
180,2026-06-14 07:00:00,2026-06-14 10:00:00,9.399999618530272,8.915503303209938,False,ok
180,2026-06-15 07:00:00,2026-06-15 10:00:00,9.800000190734863,8.560740272204079,False,ok
180,2026-06-16 01:00:00,2026-06-16 04:00:00,8.300000190734863,11.599507927894594,False,ok
180,2026-06-17 06:00:00,2026-06-17 09:00:00,2.0999999046325684,9.399999618530272,True,ok
180,2026-06-17 07:00:00,2026-06-17 10:00:00,0.3000000119209289,14.948349237442017,False,ok
180,2026-06-17 11:00:00,2026-06-17 14:00:00,0.1000000014901161,3.823170423507691,False,ok
180,2026-06-17 19:00:00,2026-06-17 22:00:00,2.700000047683716,8.038875699043276,False,ok
180,2026-07-02 09:00:00,2026-07-02 12:00:00,4.099999904632568,25.52165679136912,False,ok
180,2026-07-02 17:00:00,2026-07-02 20:00:00,1.100000023841858,0.7978509167830148,False,ok
180,2026-07-03 10:00:00,2026-07-03 13:00:00,2.299999952316284,1.3552906690165405,False,ok
180,2026-07-03 15:00:00,2026-07-03 18:00:00,16.100000381469727,2.7911331830546264,False,ok
180,2026-07-03 18:00:00,2026-07-03 21:00:00,13.800000190734863,19.776083566558857,False,ok
180,2026-07-03 21:00:00,2026-07-04 00:00:00,7.099999904632568,15.127503015411396,False,ok
180,2026-07-04 01:00:00,2026-07-04 04:00:00,3.700000047683716,4.195544719696045,False,ok
180,2026-07-04 07:00:00,2026-07-04 10:00:00,3.200000047683716,1.869938651720683,False,ok
180,2026-07-05 07:00:00,2026-07-05 10:00:00,4.800000190734863,3.721378445625305,False,ok
180,2026-07-06 07:00:00,2026-07-06 10:00:00,6.5,5.790382782618205,False,ok
180,2026-07-07 07:00:00,2026-07-07 10:00:00,5.699999809265137,6.050091822942097,False,ok
180,2026-07-08 07:00:00,2026-07-08 10:00:00,5.300000190734863,6.334902962048849,False,ok
180,2026-07-09 07:00:00,2026-07-09 10:00:00,9.600000381469728,8.382818698883058,False,ok
180,2026-07-10 07:00:00,2026-07-10 10:00:00,8.0,6.357078194618226,False,ok
180,2026-07-11 07:00:00,2026-07-11 10:00:00,8.100000381469727,7.253506302833558,False,ok
180,2026-07-12 07:00:00,2026-07-12 10:00:00,11.600000381469728,11.164324522018433,False,ok
180,2026-07-12 11:00:00,2026-07-12 14:00:00,6.800000190734863,9.000628232955933,False,ok
180,2026-07-13 07:00:00,2026-07-13 10:00:00,7.900000095367432,9.987151424090069,False,ok
180,2026-07-14 07:00:00,2026-07-14 10:00:00,8.899999618530273,8.87249211470286,False,ok
180,2026-07-15 07:00:00,2026-07-15 10:00:00,10.300000190734863,9.299005349477136,False,ok
180,2026-07-16 07:00:00,2026-07-16 10:00:00,11.0,10.077957948048908,False,ok
180,2026-07-17 07:00:00,2026-07-17 10:00:00,9.100000381469728,8.63930106163025,False,ok
180,2026-07-18 02:00:00,2026-07-18 05:00:00,10.300000190734863,7.49398708343506,False,ok
180,2026-07-18 07:00:00,2026-07-18 10:00:00,12.399999618530272,9.786653518676758,False,ok
180,2026-07-18 19:00:00,2026-07-18 22:00:00,10.399999618530272,9.873383680979412,False,ok
180,2026-07-19 07:00:00,2026-07-19 10:00:00,9.100000381469728,10.566971143086752,False,ok
180,2026-07-20 07:00:00,2026-07-20 10:00:00,10.199999809265137,11.563134829203284,False,ok
180,2026-07-21 07:00:00,2026-07-21 10:00:00,8.100000381469727,8.753109653790792,False,ok
180,2026-07-23 07:00:00,2026-07-23 10:00:00,6.400000095367432,10.933717330296831,False,ok
180,2026-07-24 07:00:00,2026-07-24 10:00:00,8.800000190734863,6.615477164586386,False,ok
180,2026-07-25 07:00:00,2026-07-25 10:00:00,7.400000095367432,7.189973433812461,False,ok
180,2026-07-26 07:00:00,2026-07-26 10:00:00,9.899999618530272,4.507528781890869,False,ok
180,2026-07-27 07:00:00,2026-07-27 10:00:00,10.800000190734863,8.135348081588747,False,ok
180,2026-07-28 07:00:00,2026-07-28 10:00:00,9.300000190734863,6.923797369003297,False,ok
180,2026-07-29 07:00:00,2026-07-29 10:00:00,8.0,7.816436529159548,False,ok
180,2026-07-30 07:00:00,2026-07-30 10:00:00,8.5,8.011690378189087,False,ok
180,2026-07-31 07:00:00,2026-07-31 10:00:00,8.600000381469727,9.336973746617636,False,ok
180,2026-08-01 07:00:00,2026-08-01 10:00:00,8.399999618530273,9.911354859670004,False,ok
180,2026-08-02 07:00:00,2026-08-02 10:00:00,10.600000381469728,8.859216451644897,False,ok
180,2026-08-03 07:00:00,2026-08-03 10:00:00,9.600000381469728,8.191264828046164,False,ok
180,2026-08-04 07:00:00,2026-08-04 10:00:00,8.0,10.072294950485231,False,ok
180,2026-08-05 07:00:00,2026-08-05 10:00:00,7.800000190734863,8.14051651954651,False,ok
180,2026-08-06 07:00:00,2026-08-06 10:00:00,9.300000190734863,8.493443727493286,False,ok
180,2026-08-07 07:00:00,2026-08-07 10:00:00,9.699999809265137,9.300000190734862,True,ok
180,2026-08-07 10:00:00,2026-08-07 13:00:00,8.800000190734863,9.300000190734862,True,ok
180,2026-08-08 07:00:00,2026-08-08 10:00:00,6.699999809265137,8.800000190734865,True,ok
180,2026-08-09 07:00:00,2026-08-09 10:00:00,7.300000190734863,8.800000190734865,True,ok
