horizon_minutes,prediction_origin,target,forecast_status,abstain_reasons,ln_prediction,prediction,model_cutoff,config,prediction_lower,prediction_upper,exceedance_probability,model_fit_end
0,2024-01-01 01:00:00,4.599999904632568,abstain,outside_training_support,1.7534834374699042,5.774683429310435,2024-01-01T00:00:00,fixed,5.21975080966588,7.073623148291395,0.010000000000000009,2024-01-01T00:00:00
0,2024-01-01 10:00:00,10.800000190734863,ok,,2.2005880912761504,9.030322592102806,2024-01-01T00:00:00,fixed,8.162531199965933,11.061575877877141,0.2458556249244459,2024-01-01T00:00:00
0,2024-01-01 22:00:00,8.300000190734863,ok,,2.144718017974501,8.539632874777535,2024-01-01T00:00:00,fixed,7.7189955359496025,10.460511908641502,0.1339909056581291,2024-01-01T00:00:00
0,2024-01-02 10:00:00,9.5,ok,,2.097700978853323,8.147417279860624,2024-01-01T00:00:00,fixed,7.364470877725076,9.980072531264856,0.09889216182634852,2024-01-01T00:00:00
0,2024-01-03 10:00:00,7.199999809265137,ok,,2.037061291240461,7.668041913840111,2024-01-01T00:00:00,fixed,6.931162284180539,9.392867929088373,0.059418524911168946,2024-01-01T00:00:00
0,2024-01-04 10:00:00,8.899999618530273,ok,,1.820335562496453,6.173929841634007,2024-01-01T00:00:00,fixed,5.580630641347149,7.5626748337482965,0.010000000000000009,2024-01-01T00:00:00
0,2024-01-05 10:00:00,6.099999904632568,abstain,outside_training_support,1.5813277181826877,4.861406105483068,2024-01-01T00:00:00,fixed,4.394237150111622,5.954916002226021,0.010000000000000009,2024-01-01T00:00:00
0,2024-01-06 10:00:00,6.900000095367432,ok,,2.261350488347617,9.596039759862512,2024-01-01T00:00:00,fixed,8.673884364274064,11.754543743949196,0.4843145424228693,2024-01-01T00:00:00
0,2024-01-07 10:00:00,3.200000047683716,ok,,1.6625091792723643,5.272523968320516,2024-01-01T00:00:00,fixed,4.765847615634599,6.4585094661521145,0.010000000000000009,2024-01-01T00:00:00
0,2024-01-08 12:00:00,12.600000381469727,abstain,outside_training_support,1.7624297387773786,5.826577270076587,2024-01-01T00:00:00,fixed,5.266657782259552,7.137189831693299,0.010000000000000009,2024-01-01T00:00:00
0,2024-01-08 14:00:00,1.0,abstain,outside_training_support,1.6428288595632974,5.169773409257756,2024-01-01T00:00:00,fixed,4.672971128044091,6.3326465089903206,0.010000000000000009,2024-01-01T00:00:00
0,2024-01-08 16:00:00,2.0,abstain,outside_training_support,1.590066348806467,4.904074297009023,2024-01-01T00:00:00,fixed,4.432805035259082,6.007181846920085,0.010000000000000009,2024-01-01T00:00:00
0,2024-01-09 10:00:00,6.0,abstain,outside_training_support,2.1133814071072154,8.276179154364243,2024-01-01T00:00:00,fixed,7.480859058466373,10.137797710013738,0.1083672186266974,2024-01-01T00:00:00
0,2024-01-10 10:00:00,9.199999809265137,abstain,outside_training_support,2.326455082849638,10.24157158414706,2024-01-01T00:00:00,fixed,9.257382196444706,12.545279532519205,0.7229979006228417,2024-01-01T00:00:00
0,2024-01-11 10:00:00,4.699999809265137,ok,,1.9063895293822988,6.728750931859732,2024-01-01T00:00:00,fixed,6.082134813892111,8.242295691761218,0.02690987735082717,2024-01-01T00:00:00
0,2024-01-12 10:00:00,6.800000190734863,ok,,2.023497765444297,7.564738393236535,2024-01-01T00:00:00,fixed,6.837785973268853,9.266327628899363,0.0572304077028255,2024-01-01T00:00:00
0,2024-01-13 10:00:00,3.5,abstain,outside_training_support,1.6175099788011489,5.040523666661226,2024-01-01T00:00:00,fixed,4.556141962112149,6.174323722584228,0.010000000000000009,2024-01-01T00:00:00
0,2024-01-13 23:00:00,3.4000000953674316,abstain,outside_training_support,1.5520330085390546,4.721058384849547,2024-01-01T00:00:00,fixed,4.267376494046349,5.782998892372996,0.010000000000000009,2024-01-01T00:00:00
0,2024-01-14 10:00:00,4.099999904632568,ok,,1.7615309098997352,5.8213425270899295,2024-01-01T00:00:00,fixed,5.2619260849678335,7.130777601547862,0.010000000000000009,2024-01-01T00:00:00
0,2024-01-15 10:00:00,2.299999952316284,abstain,outside_training_support,1.5680027074794494,4.79705749219535,2024-01-01T00:00:00,fixed,4.336072277453043,5.876093007669796,0.010000000000000009,2024-01-01T00:00:00
0,2024-01-16 10:00:00,6.300000190734863,abstain,outside_training_support,2.0768066873844884,7.978948911092091,2024-01-01T00:00:00,fixed,7.212191897405691,9.773709400252791,0.08555446462866312,2024-01-01T00:00:00
0,2024-01-16 20:30:00,4.199999809265137,abstain,outside_training_support,1.7553570459735783,5.785513067372562,2024-01-01T00:00:00,fixed,5.229539746624096,7.0868887721860405,0.010000000000000009,2024-01-01T00:00:00
0,2024-01-17 10:00:00,5.099999904632568,abstain,outside_training_support,2.1085239241233307,8.236075235855976,2024-01-01T00:00:00,fixed,7.4446090261197,10.088672938107212,0.10539742955921105,2024-01-01T00:00:00
0,2024-01-18 10:00:00,5.900000095367432,ok,,2.3652569874483014,10.646774553395177,2024-01-01T00:00:00,fixed,9.623646174843334,13.041627624690234,0.8131459099640325,2024-01-01T00:00:00
0,2024-01-19 10:00:00,8.199999809265137,ok,,1.8000539584260569,6.049973902675293,2024-01-01T00:00:00,fixed,5.468586557777376,7.4108366230619565,0.010000000000000009,2024-01-01T00:00:00
0,2024-01-19 23:45:00,12.800000190734863,ok,,2.307908836841935,10.053379401534862,2024-01-01T00:00:00,fixed,9.087274811410074,12.314755972994472,0.6582710421791043,2024-01-01T00:00:00
0,2024-01-20 10:00:00,7.300000190734863,ok,,1.8814777846253528,6.5631966903722185,2024-01-01T00:00:00,fixed,5.932489920518059,8.039502182953457,0.02414707542108241,2024-01-01T00:00:00
0,2024-01-20 22:00:00,6.599999904632568,ok,,1.8136439543517573,6.132754241556701,2024-01-01T00:00:00,fixed,5.543411913347082,7.512237319481581,0.010000000000000009,2024-01-01T00:00:00
0,2024-01-21 10:00:00,10.100000381469727,ok,,1.9217504664873946,6.832908784765083,2024-01-01T00:00:00,fixed,6.176283357910339,8.369882495160345,0.02861346042341839,2024-01-01T00:00:00
0,2024-01-21 22:00:00,5.800000190734863,ok,,1.7510245364795631,5.760501497635676,2024-01-01T00:00:00,fixed,5.206931726118162,7.056251176059482,0.010000000000000009,2024-01-01T00:00:00
0,2024-01-22 10:00:00,7.0,ok,,1.917519837952926,6.80406234819065,2024-01-01T00:00:00,fixed,6.150208991668698,8.334547428918802,0.028144268530473804,2024-01-01T00:00:00
0,2024-01-23 10:00:00,9.600000381469727,ok,,2.2090924706810364,9.107447365910083,2024-01-01T00:00:00,fixed,8.232244476105453,11.156048863624004,0.28333944372372044,2024-01-01T00:00:00
0,2024-01-24 10:00:00,8.5,ok,,2.2012750946639246,9.036528585841547,2024-01-01T00:00:00,fixed,8.168140813244154,11.069177828963445,0.24751675849649712,2024-01-01T00:00:00
0,2024-01-25 10:00:00,10.199999809265137,ok,,2.2364688639296473,9.360220650000501,2024-01-01T00:00:00,fixed,8.460726880456132,11.465680201081604,0.37145742594919584,2024-01-01T00:00:00
0,2024-01-26 10:00:00,8.899999618530273,ok,,2.1537451987310265,8.617070681003138,2024-01-01T00:00:00,fixed,7.78899176287578,10.555368339366355,0.13821643654670956,2024-01-01T00:00:00
0,2024-01-27 10:00:00,9.0,ok,,2.14281330991347,8.523382847894103,2024-01-01T00:00:00,fixed,7.704307095964935,10.440606650157623,0.13309933131585194,2024-01-01T00:00:00
0,2024-01-28 10:00:00,9.899999618530273,ok,,2.1890391642770117,8.926631965942947,2024-01-01T00:00:00,fixed,8.068804983372738,10.934561397785929,0.21599977273685467,2024-01-01T00:00:00
0,2024-01-29 10:00:00,9.600000381469727,ok,,2.24862513075021,9.474700403168479,2024-01-01T00:00:00,fixed,8.564205415964398,11.605910681580236,0.42842383056181754,2024-01-01T00:00:00
0,2024-01-30 10:00:00,7.599999904632568,abstain,outside_training_support,1.8916520638397873,6.63031333883065,2024-01-01T00:00:00,fixed,5.993156827097695,8.121715846088923,0.025275439512865483,2024-01-01T00:00:00
0,2024-01-30 14:07:00,20.600000381469727,ok,,2.5308673192267106,12.564398756909851,2024-01-01T00:00:00,fixed,11.356991493501928,15.39059638146328,0.9782289114669893,2024-01-01T00:00:00
0,2024-01-30 16:25:00,4.400000095367432,ok,,1.756298977045036,5.790965189253437,2024-01-01T00:00:00,fixed,5.234467933242543,7.093567277772705,0.010000000000000009,2024-01-01T00:00:00
0,2024-01-30 22:30:00,1.0,ok,,2.3432770985853835,10.415312703325807,2024-01-01T00:00:00,fixed,9.414427229061117,12.758101450374465,0.7652791641367624,2024-01-01T00:00:00
0,2024-01-31 10:00:00,3.299999952316284,abstain,outside_training_support,1.396949255940069,4.042847441411238,2024-01-01T00:00:00,fixed,3.654339924254834,4.9522332430250735,0.010000000000000009,2024-01-01T00:00:00
0,2024-01-31 15:00:00,2.9000000953674316,ok,,1.576103209908283,4.8360738808894865,2024-01-01T00:00:00,fixed,4.371339288877907,5.923885624115013,0.010000000000000009,2024-01-01T00:00:00
0,2024-02-01 10:00:00,7.300000190734863,abstain,outside_training_support,2.2703005070663345,9.682309979505845,2024-01-01T00:00:00,fixed,8.75186423180199,11.86021932429008,0.504816718993609,2024-01-01T00:00:00
0,2024-02-01 22:30:00,6.300000190734863,abstain,outside_training_support,1.8990673117841785,6.6796614944710555,2024-01-01T00:00:00,fixed,6.037762748532645,8.182164225699085,0.026097817131542134,2024-01-01T00:00:00
0,2024-02-02 02:00:00,19.100000381469727,abstain,outside_training_support,2.5033138945281936,12.222932428180068,2024-01-01T00:00:00,fixed,11.04833922404345,14.972321655786498,0.9697491338219458,2024-01-01T00:00:00
0,2024-02-02 07:00:00,11.600000381469727,ok,,2.6362901402222625,13.96131290045049,2024-01-01T00:00:00,fixed,12.61966568526289,17.1017281418245,0.99,2024-01-01T00:00:00
0,2024-02-02 10:00:00,5.300000190734863,ok,,2.2831115864144316,9.807148773360106,2024-01-01T00:00:00,fixed,8.864706330122228,12.013138976565758,0.5386951861576904,2024-01-01T00:00:00
0,2024-02-03 10:00:00,7.300000190734863,ok,,1.9459154950106257,7.000037421787214,2024-01-01T00:00:00,fixed,6.327351351349902,8.574604539243598,0.03575109905564955,2024-01-01T00:00:00
0,2024-02-04 10:00:00,6.900000095367432,ok,,1.9887455881500669,7.306362823339376,2024-01-01T00:00:00,fixed,6.604239648751177,8.949833844512682,0.05162406033358802,2024-01-01T00:00:00
0,2024-02-05 10:00:00,9.300000190734863,ok,,2.151996695706902,8.602016871509308,2024-01-01T00:00:00,fixed,7.775384586784508,10.536928371771761,0.1373979801829247,2024-01-01T00:00:00
0,2024-02-05 18:00:00,12.100000381469727,ok,,1.6308545484813681,5.108238091017678,2024-01-01T00:00:00,fixed,4.617349199822643,6.257269623509263,0.010000000000000009,2024-01-01T00:00:00
0,2024-02-06 10:00:00,9.899999618530273,ok,,2.2501364566017004,9.489030588885342,2024-01-01T00:00:00,fixed,8.577158506711953,11.623464255667363,0.44119334220464745,2024-01-01T00:00:00
0,2024-02-07 10:00:00,8.899999618530273,ok,,2.0930123013818567,8.109306083382796,2024-01-01T00:00:00,fixed,7.3300220718108395,9.933388718218705,0.09628815889113262,2024-01-01T00:00:00
0,2024-02-08 10:00:00,10.699999809265137,ok,,2.2914344650152594,9.889113098444051,2024-01-01T00:00:00,fixed,8.938794088777376,12.11354010752734,0.5975302275043208,2024-01-01T00:00:00
0,2024-02-09 10:00:00,11.300000190734863,ok,,2.3152603452011653,10.127559236998882,2024-01-01T00:00:00,fixed,9.154326150407966,12.40562159492821,0.6859816948711777,2024-01-01T00:00:00
0,2024-02-11 10:00:00,7.800000190734863,ok,,2.0405054301691985,7.694497247273336,2024-01-01T00:00:00,fixed,6.955075326306304,9.425274044723942,0.05997414590316996,2024-01-01T00:00:00
0,2024-02-12 10:00:00,9.0,ok,,2.1715732858598193,8.772074170241812,2024-01-01T00:00:00,fixed,7.929099804876484,10.745237841818984,0.1661407821258183,2024-01-01T00:00:00
0,2024-02-13 10:00:00,2.5999999046325684,ok,,1.7092990352386748,5.525087228476164,2024-01-01T00:00:00,fixed,4.994140178824808,6.767883537530132,0.010000000000000009,2024-01-01T00:00:00
0,2024-02-14 10:00:00,8.600000381469727,ok,,2.0007644557692434,7.394706865099952,2024-01-01T00:00:00,fixed,6.68409404928305,9.05804972620749,0.0535629876787006,2024-01-01T00:00:00
0,2024-02-15 10:00:00,9.199999809265137,ok,,2.2112997208900986,9.127571982874496,2024-01-01T00:00:00,fixed,8.250435167765023,11.180700250691809,0.2876136890117822,2024-01-01T00:00:00
0,2024-02-16 10:00:00,9.600000381469727,ok,,2.302924657260509,10.00339621924935,2024-01-01T00:00:00,fixed,9.042094887800715,12.253529725777959,0.6349624445128145,2024-01-01T00:00:00
0,2024-02-17 10:00:00,10.699999809265137,ok,,2.223766107484997,9.242072042012019,2024-01-01T00:00:00,fixed,8.353932057890002,11.320955604722988,0.32313715893139683,2024-01-01T00:00:00
0,2024-02-17 16:00:00,7.400000095367432,ok,,2.163474033717779,8.701313869297925,2024-01-01T00:00:00,fixed,7.865139391692734,10.658560934095142,0.14798051577145044,2024-01-01T00:00:00
0,2024-02-18 10:00:00,8.199999809265137,ok,,2.2811407280433857,9.787839306466557,2024-01-01T00:00:00,fixed,8.84725245465258,11.989486096945361,0.5320642766982164,2024-01-01T00:00:00
0,2024-02-19 10:00:00,6.800000190734863,ok,,2.2121061489663685,9.134935681937428,2024-01-01T00:00:00,fixed,8.257091233784292,11.189720317815182,0.28917530236717137,2024-01-01T00:00:00
0,2024-02-20 10:00:00,7.699999809265137,ok,,2.193468140607477,8.96625548868238,2024-01-01T00:00:00,fixed,8.10462078478121,10.983097715161161,0.2247843148271309,2024-01-01T00:00:00
0,2024-02-21 10:00:00,7.0,ok,,2.223650910922821,9.241007448405336,2024-01-01T00:00:00,fixed,8.35296976906353,11.319651544669837,0.32269323652647364,2024-01-01T00:00:00
0,2024-02-22 10:00:00,8.100000381469727,ok,,2.2061388295895976,9.080586922713923,2024-01-01T00:00:00,fixed,8.20796525425071,11.123146514068125,0.2756235236815586,2024-01-01T00:00:00
0,2024-02-23 10:00:00,7.800000190734863,ok,,2.2120558819067035,9.13447650712125,2024-01-01T00:00:00,fixed,8.256676184518327,11.18915785761306,0.28907796236374295,2024-01-01T00:00:00
0,2024-02-24 12:00:00,7.400000095367432,abstain,outside_training_support,1.7843543657432535,5.955733480451697,2024-01-01T00:00:00,fixed,5.383402404182378,7.295398047024691,0.010000000000000009,2024-01-01T00:00:00
0,2024-02-24 15:00:00,13.899999618530273,ok,,2.447184518458873,11.55576582991168,2024-01-01T00:00:00,fixed,10.445285665502444,14.155084633004519,0.9400798955001703,2024-01-01T00:00:00
0,2024-02-25 10:00:00,8.0,ok,,2.2087358608402545,9.10420013958584,2024-01-01T00:00:00,fixed,8.229309300100981,11.152071216091272,0.2826488840738084,2024-01-01T00:00:00
0,2024-02-26 10:00:00,8.300000190734863,ok,,2.283281310155549,9.808813420600698,2024-01-01T00:00:00,fixed,8.866211008930728,12.015178064491344,0.5392662179360292,2024-01-01T00:00:00
0,2024-02-27 10:00:00,8.100000381469727,ok,,2.1527448823976316,8.60845519427937,2024-01-01T00:00:00,fixed,7.781204202855814,10.544814911274743,0.13774819871264865,2024-01-01T00:00:00
0,2024-02-28 10:00:00,8.800000190734863,ok,,2.2294539122341566,9.294788922806342,2024-01-01T00:00:00,fixed,8.40158297842576,11.385530460272598,0.3393851737423531,2024-01-01T00:00:00
0,2024-02-29 10:00:00,8.300000190734863,ok,,2.1342406642486407,8.45062720660852,2024-01-01T00:00:00,fixed,7.638543089650646,10.351485576307182,0.12828708878842554,2024-01-01T00:00:00
0,2024-02-29 21:00:00,8.399999618530273,ok,,2.0277443964284836,7.596931353114661,2024-01-01T00:00:00,fixed,6.866885270303297,9.305761975213498,0.057915489625743444,2024-01-01T00:00:00
0,2024-03-01 06:00:00,14.199999809265137,ok,,2.5464878845542165,12.762202650786032,2024-01-01T00:00:00,fixed,11.535786928412643,15.632893681336531,0.9821341744635947,2024-01-01T00:00:00
0,2024-03-01 10:00:00,9.800000190734863,ok,,2.2244839850274793,9.248709099989387,2024-01-01T00:00:00,fixed,8.35993131121276,11.329085582326085,0.3259035776428547,2024-01-01T00:00:00
0,2024-03-02 10:00:00,7.599999904632568,ok,,2.120765197576166,8.337514893576563,2024-01-01T00:00:00,fixed,7.53630058670495,10.212930123767826,0.11538790734517623,2024-01-01T00:00:00
0,2024-03-03 10:00:00,8.899999618530273,ok,,2.1783013570342997,8.831292298111455,2024-01-01T00:00:00,fixed,7.982627218920613,10.81777631517859,0.19450854648825822,2024-01-01T00:00:00
0,2024-03-04 10:00:00,9.199999809265137,ok,,2.2226452811545814,9.231719087335662,2024-01-01T00:00:00,fixed,8.344573996237642,11.308273887924422,0.3193224905909049,2024-01-01T00:00:00
0,2024-03-05 10:00:00,7.900000095367432,ok,,2.2000662400384736,9.025611336475704,2024-01-01T00:00:00,fixed,8.158272684209159,11.055804886745015,0.24459381948658632,2024-01-01T00:00:00
0,2024-03-06 10:00:00,9.399999618530273,ok,,2.1703870983595195,8.761675014403039,2024-01-01T00:00:00,fixed,7.919699981877744,10.732499531509111,0.16436168803451445,2024-01-01T00:00:00
0,2024-03-07 10:00:00,8.5,ok,,2.1455950053577966,8.547125309972051,2024-01-01T00:00:00,fixed,7.725767966880524,10.46968966941017,0.13440141447333498,2024-01-01T00:00:00
0,2024-03-08 10:00:00,8.0,ok,,2.1872502254628254,8.910677042984643,2024-01-01T00:00:00,fixed,8.054383288564836,10.91501762300613,0.21326471023739535,2024-01-01T00:00:00
0,2024-03-08 17:00:00,10.5,ok,,2.3213408997089298,10.189328016871135,2024-01-01T00:00:00,fixed,9.21015910518325,12.481284456190592,0.710557028900103,2024-01-01T00:00:00
0,2024-03-09 09:30:00,8.5,ok,,2.186050563054624,8.899993648219382,2024-01-01T00:00:00,fixed,8.044726541288803,10.90193113793055,0.21143057726500813,2024-01-01T00:00:00
0,2024-03-10 10:00:00,7.400000095367432,ok,,2.0648813583729875,7.884362428576729,2024-01-01T00:00:00,fixed,7.126694939046545,9.657846922174748,0.07167934759607308,2024-01-01T00:00:00
0,2024-03-11 10:00:00,10.0,ok,,2.340099036866889,10.38226473878828,2024-01-01T00:00:00,fixed,9.384555091174388,12.717619777254509,0.7511647629884648,2024-01-01T00:00:00
0,2024-03-12 10:00:00,7.699999809265137,ok,,2.1698595756042582,8.757054250344986,2024-01-01T00:00:00,fixed,7.915523261676793,10.726839386844222,0.16357048713526678,2024-01-01T00:00:00
0,2024-03-13 10:00:00,7.5,ok,,2.2195482526798327,9.203172418192215,2024-01-01T00:00:00,fixed,8.31877059052739,11.273306017887636,0.3124820170312179,2024-01-01T00:00:00
0,2024-03-14 10:00:00,8.399999618530273,ok,,2.145171653367165,8.543507633287243,2024-01-01T00:00:00,fixed,7.722497939867652,10.465258243540001,0.1342032477409515,2024-01-01T00:00:00
0,2024-03-15 10:00:00,7.800000190734863,ok,,2.0602141658161233,7.847650328794536,2024-01-01T00:00:00,fixed,7.093510780138371,9.612876914377678,0.06848448717694156,2024-01-01T00:00:00
0,2024-03-16 10:00:00,3.5,abstain,outside_training_support,1.6415001953266581,5.162909077423283,2024-01-01T00:00:00,fixed,4.666766441312877,6.324238135240268,0.010000000000000009,2024-01-01T00:00:00
0,2024-04-23 06:30:00,2120.0,abstain,too_many_missing_features|outside_training_support,1.556085624285987,4.740229841436767,2024-01-01T00:00:00,fixed,4.284705621654573,5.806482718068704,0.010000000000000009,2024-01-01T00:00:00
0,2024-04-23 09:24:00,34.0,abstain,outside_training_support,2.2199140826797295,9.20653983066971,2024-01-01T00:00:00,fixed,8.321814403096692,11.277430885881222,0.31329003363876207,2024-01-01T00:00:00
0,2024-04-23 10:00:00,107.0,abstain,outside_training_support,2.259692547108819,9.580143271178873,2024-01-01T00:00:00,fixed,8.659515488353332,11.735071547472,0.48210216328557765,2024-01-01T00:00:00
0,2024-04-23 13:21:00,6.800000190734863,abstain,outside_training_support,1.98821451450006,7.302483636724582,2024-01-01T00:00:00,fixed,6.600733242257855,8.945082085464612,0.05153838560491186,2024-01-01T00:00:00
0,2024-04-23 16:33:00,5.0,abstain,outside_training_support,1.658750809296322,5.252745064041997,2024-01-01T00:00:00,fixed,4.747969414537361,6.434281555329811,0.010000000000000009,2024-01-01T00:00:00
0,2024-04-24 02:00:00,3.200000047683716,abstain,outside_training_support,1.541603975636869,4.672078163732167,2024-01-01T00:00:00,fixed,4.223103149547951,5.723001209357895,0.010000000000000009,2024-01-01T00:00:00
0,2024-04-24 10:00:00,3.799999952316284,ok,,2.1098890492571765,8.247326186895469,2024-01-01T00:00:00,fixed,7.454778788932987,10.102454643838353,0.10623204569923583,2024-01-01T00:00:00
0,2024-04-24 15:00:00,7.599999904632568,ok,,2.125064239423703,8.37343537551323,2024-01-01T00:00:00,fixed,7.568769200260602,10.256930449609989,0.120232206189399,2024-01-01T00:00:00
0,2024-04-25 10:00:00,6.800000190734863,ok,,2.2208011810695325,9.21471056091415,2024-01-01T00:00:00,fixed,8.32919994662147,11.287439515324381,0.3152493869768941,2024-01-01T00:00:00
0,2024-04-26 10:00:00,5.900000095367432,ok,,1.8555174465783588,6.395006468849872,2024-01-01T00:00:00,fixed,5.780462358190891,7.833479764782772,0.021267980730893643,2024-01-01T00:00:00
0,2024-04-26 16:00:00,6.599999904632568,ok,,2.371609942066144,10.714628336747522,2024-01-01T00:00:00,fixed,9.684979379499122,13.124744231599646,0.8294737278213893,2024-01-01T00:00:00
0,2024-04-26 17:00:00,4.5,ok,,2.2939220016082444,9.913743250650436,2024-01-01T00:00:00,fixed,8.961057345022544,12.143710491224688,0.616004101336864,2024-01-01T00:00:00
0,2024-04-26 20:00:00,4.300000190734863,ok,,1.777337589313228,5.914089703540027,2024-01-01T00:00:00,fixed,5.345760489969568,7.244387045651089,0.010000000000000009,2024-01-01T00:00:00
0,2024-04-27 10:00:00,3.5,ok,,1.5508143848715432,4.715308695431414,2024-01-01T00:00:00,fixed,4.262179335385964,5.775955885312703,0.010000000000000009,2024-01-01T00:00:00
0,2024-04-27 23:00:00,6.900000095367432,ok,,1.9740573223836433,7.199829335826451,2024-01-01T00:00:00,fixed,6.507943762663354,8.8193370384861,0.04808619661766356,2024-01-01T00:00:00
0,2024-04-28 10:00:00,8.899999618530273,ok,,2.1492731420852818,8.578620692142433,2024-01-01T00:00:00,fixed,7.754236721678435,10.508269527009622,0.13612311261737353,2024-01-01T00:00:00
0,2024-04-29 10:00:00,7.5,ok,,2.214684063203941,9.158515142546424,2024-01-01T00:00:00,fixed,8.278404767263996,11.218603670544345,0.3017454054490253,2024-01-01T00:00:00
0,2024-04-30 10:00:00,6.599999904632568,ok,,1.9575003175824155,7.081603163406819,2024-01-01T00:00:00,fixed,6.401078829413712,8.67451743058921,0.04122930802540303,2024-01-01T00:00:00
0,2024-05-01 10:00:00,6.099999904632568,ok,,1.8703457756346666,6.490540282009709,2024-01-01T00:00:00,fixed,5.866815611091384,7.950502663177854,0.022912495658746534,2024-01-01T00:00:00
0,2024-05-02 10:00:00,7.599999904632568,ok,,2.0463327995928244,7.739466825176687,2024-01-01T00:00:00,fixed,6.995723440362208,9.480358942644315,0.06245965487085192,2024-01-01T00:00:00
0,2024-05-03 10:00:00,8.600000381469727,ok,,2.3973548537455605,10.99405699641991,2024-01-01T00:00:00,fixed,9.937555644574656,13.467026723713794,0.8922646167529944,2024-01-01T00:00:00
0,2024-05-04 03:00:00,4.0,abstain,outside_training_support,2.300351846635757,9.977692454810509,2024-01-01T00:00:00,fixed,9.018861190770656,12.222044234779446,0.629786490423808,2024-01-01T00:00:00
0,2024-05-04 06:00:00,2.5999999046325684,abstain,outside_training_support,1.7869363832698997,5.971131158665311,2024-01-01T00:00:00,fixed,5.397320404070396,7.31425923212255,0.010000000000000009,2024-01-01T00:00:00
0,2024-05-04 10:00:00,5.5,abstain,outside_training_support,1.8196275132868789,6.169559942723971,2024-01-01T00:00:00,fixed,5.576680678781575,7.55732198307447,0.010000000000000009,2024-01-01T00:00:00
0,2024-05-04 22:00:00,8.899999618530273,abstain,outside_training_support,2.087925592047009,8.06816113534238,2024-01-01T00:00:00,fixed,7.29283105026366,9.882988750764785,0.09346309657470264,2024-01-01T00:00:00
0,2024-05-05 10:00:00,7.900000095367432,ok,,2.2555506886806262,9.540545734331644,2024-01-01T00:00:00,fixed,8.623723175657885,11.686567061176493,0.46929645892614336,2024-01-01T00:00:00
0,2024-05-06 10:00:00,7.5,ok,,1.9967053157140169,7.364751551803376,2024-01-01T00:00:00,fixed,6.657017366596002,9.021356355888093,0.05290815247291436,2024-01-01T00:00:00
0,2024-05-07 10:00:00,6.0,ok,,1.8286883975525219,6.225715637263222,2024-01-01T00:00:00,fixed,5.627439951671033,7.62610916866893,0.012434377660898832,2024-01-01T00:00:00
0,2024-05-08 10:00:00,8.300000190734863,ok,,2.1012265762882745,8.176192488418797,2024-01-01T00:00:00,fixed,7.3904808607844865,10.015320347676901,0.10093594531025085,2024-01-01T00:00:00
0,2024-05-09 10:00:00,7.599999904632568,ok,,2.1407251359618993,8.505603111903316,2024-01-01T00:00:00,fixed,7.688235948088238,10.418827594454484,0.13212187846860368,2024-01-01T00:00:00
0,2024-05-10 10:00:00,7.0,ok,,1.9945894016465686,7.349184845106294,2024-01-01T00:00:00,fixed,6.642946581438585,9.002288121554027,0.05256680553614157,2024-01-01T00:00:00
0,2024-05-11 10:00:00,8.699999809265137,ok,,2.1347178951076144,8.454661069154481,2024-01-01T00:00:00,fixed,7.642189308105409,10.356426803619716,0.12870599251346015,2024-01-01T00:00:00
0,2024-05-12 10:00:00,7.099999904632568,ok,,2.0442016021695517,7.722990057280468,2024-01-01T00:00:00,fixed,6.980830048608396,9.460175940714175,0.06153466615721681,2024-01-01T00:00:00
0,2024-05-13 10:00:00,8.600000381469727,ok,,2.262486516044702,9.606947321284915,2024-01-01T00:00:00,fixed,8.683743736352728,11.767904819047667,0.4858304730949585,2024-01-01T00:00:00
0,2024-05-13 14:02:00,5.699999809265137,ok,,2.5526838664070803,12.841522505243733,2024-01-01T00:00:00,fixed,11.607484343447844,15.730055502495981,0.9834704306227494,2024-01-01T00:00:00
0,2024-05-14 10:00:00,7.400000095367432,ok,,2.1263483306948,8.384194537182424,2024-01-01T00:00:00,fixed,7.578494433430796,10.270109744366325,0.12135935588358193,2024-01-01T00:00:00
0,2024-05-15 10:00:00,6.900000095367432,ok,,1.9952817775023701,7.354275005201499,2024-01-01T00:00:00,fixed,6.6475475898927305,9.008523246772354,0.05267850212208014,2024-01-01T00:00:00
0,2024-05-16 10:00:00,7.199999809265137,ok,,2.1113269803722226,8.259193804198796,2024-01-01T00:00:00,fixed,7.465505957926082,10.11699172686628,0.10711117427661421,2024-01-01T00:00:00
0,2024-05-17 10:00:00,6.5,ok,,1.9492180180935654,7.023193422521363,2024-01-01T00:00:00,fixed,6.348282118388526,8.602969180322198,0.03737961891283137,2024-01-01T00:00:00
0,2024-05-18 10:00:00,7.599999904632568,ok,,2.0338763019070507,7.64365813378881,2024-01-01T00:00:00,fixed,6.909121724343185,9.362999335748993,0.0589047108724331,2024-01-01T00:00:00
0,2024-05-19 10:00:00,8.899999618530273,ok,,2.251339487037011,9.500453050892457,2024-01-01T00:00:00,fixed,8.587483298718281,11.637456051521298,0.45311234124239086,2024-01-01T00:00:00
0,2024-05-20 09:20:00,6.699999809265137,ok,,2.1076661424152703,8.229013510314944,2024-01-01T00:00:00,fixed,7.438225914722917,10.08002276951089,0.10487299524882054,2024-01-01T00:00:00
0,2024-05-20 17:00:00,6.900000095367432,ok,,2.0373111540141196,7.669958111444488,2024-01-01T00:00:00,fixed,6.932894339992664,9.39521515035114,0.0594588336806573,2024-01-01T00:00:00
0,2024-05-20 22:00:00,7.0,ok,,1.9631366529253838,7.121630150396685,2024-01-01T00:00:00,fixed,6.437259323168291,8.72354796623568,0.043563529944121604,2024-01-01T00:00:00
0,2024-05-21 10:00:00,5.800000190734863,ok,,1.843126683957112,6.3162563562548355,2024-01-01T00:00:00,fixed,5.7092799342518,7.737015841486922,0.01952943825212783,2024-01-01T00:00:00
0,2024-05-22 10:00:00,7.900000095367432,ok,,2.1350331171542667,8.45732658481303,2024-01-01T00:00:00,fixed,7.644598674382748,10.359691892259683,0.12898268813586733,2024-01-01T00:00:00
0,2024-05-23 10:00:00,8.600000381469727,ok,,2.1604102312018187,8.674695559417318,2024-01-01T00:00:00,fixed,7.84107903474814,10.625955182586033,0.14384930196865353,2024-01-01T00:00:00
0,2024-05-24 10:00:00,6.300000190734863,ok,,2.1175096171416277,8.310415579150302,2024-01-01T00:00:00,fixed,7.511805448547263,10.1797351720142,0.11166625055004042,2024-01-01T00:00:00
0,2024-05-25 10:00:00,7.0,ok,,2.023765262777257,7.566762211252157,2024-01-01T00:00:00,fixed,6.839615307440149,9.268806678381203,0.05727356134342243,2024-01-01T00:00:00
0,2024-05-26 10:00:00,8.5,ok,,2.0319251635107602,7.628758838935717,2024-01-01T00:00:00,fixed,6.89565421442253,9.344748638848257,0.05858994614496149,2024-01-01T00:00:00
0,2024-05-27 10:00:00,5.0,ok,,1.824805119478327,6.20158633295423,2024-01-01T00:00:00,fixed,5.6056294130942765,7.5965522920709985,0.01052611150957461,2024-01-01T00:00:00
0,2024-05-28 10:00:00,5.900000095367432,ok,,1.7757791643937206,5.904880216780573,2024-01-01T00:00:00,fixed,5.337436011830166,7.233106004963231,0.010000000000000009,2024-01-01T00:00:00
0,2024-05-29 10:00:00,6.099999904632568,ok,,1.8513118091294662,6.368167866432983,2024-01-01T00:00:00,fixed,5.756202878271212,7.800604168804592,0.020801560439060562,2024-01-01T00:00:00
0,2024-05-30 10:00:00,6.300000190734863,ok,,1.7827200366884264,5.946007801826165,2024-01-01T00:00:00,fixed,5.374611338922852,7.283484703843103,0.010000000000000009,2024-01-01T00:00:00
0,2024-05-31 10:00:00,8.5,ok,,2.0892633105470524,8.078961285924514,2024-01-01T00:00:00,fixed,7.302593333414883,9.896218254355414,0.09420604017058964,2024-01-01T00:00:00
0,2024-06-01 10:00:00,7.800000190734863,ok,,2.18592352135901,8.898863049753453,2024-01-01T00:00:00,fixed,8.0437045905048,10.900546226085957,0.211236346487082,2024-01-01T00:00:00
0,2024-06-02 10:00:00,6.300000190734863,ok,,2.048581107824848,7.756887107895594,2024-01-01T00:00:00,fixed,7.011469677526498,9.501697690750364,0.06343547236982472,2024-01-01T00:00:00
0,2024-06-03 10:00:00,9.600000381469727,ok,,2.056445011016496,7.818126993853757,2024-01-01T00:00:00,fixed,7.06682456376866,9.576712690310977,0.066848587277886,2024-01-01T00:00:00
0,2024-06-04 10:00:00,5.900000095367432,ok,,1.8144206968486534,6.137519662912186,2024-01-01T00:00:00,fixed,5.547719389641356,7.518074660216213,0.010000000000000009,2024-01-01T00:00:00
0,2024-06-05 10:00:00,9.699999809265137,ok,,2.0945357634681256,8.12166971912066,2024-01-01T00:00:00,fixed,7.341197593108781,9.948533392558513,0.09713426096756617,2024-01-01T00:00:00
0,2024-06-06 10:00:00,8.399999618530273,ok,,2.138375993723183,8.485645690955517,2024-01-01T00:00:00,fixed,7.67019638532669,10.394381011966516,0.1310222690380305,2024-01-01T00:00:00
0,2024-06-07 08:20:00,9.699999809265137,ok,,2.233950988179316,9.336682423009025,2024-01-01T00:00:00,fixed,8.43945061814654,11.436847356934416,0.3576026014255437,2024-01-01T00:00:00
0,2024-06-08 10:00:00,9.5,ok,,2.145682600813169,8.54787403209755,2024-01-01T00:00:00,fixed,7.726444738684318,10.470606806812317,0.1344424170091607,2024-01-01T00:00:00
0,2024-06-09 10:00:00,9.100000381469727,ok,,2.1783598698424917,8.83180905694214,2024-01-01T00:00:00,fixed,7.983094318521464,10.81840931216822,0.19473404589397048,2024-01-01T00:00:00
0,2024-06-10 10:00:00,8.300000190734863,ok,,2.1604268028605427,8.67483931470279,2024-01-01T00:00:00,fixed,7.841208975510596,10.626131273747992,0.14387164709856937,2024-01-01T00:00:00
0,2024-06-11 10:00:00,8.5,ok,,2.038634225175725,7.680112727991295,2024-01-01T00:00:00,fixed,6.942073123313151,9.407653915444813,0.05967227632234784,2024-01-01T00:00:00
0,2024-06-12 10:00:00,9.800000190734863,ok,,2.3301194159413603,10.279168956392361,2024-01-01T00:00:00,fixed,9.291366555348713,12.591333943273465,0.7347204065246227,2024-01-01T00:00:00
0,2024-06-13 10:00:00,8.800000190734863,ok,,2.1338559868594746,8.447377066565638,2024-01-01T00:00:00,fixed,7.635605279928601,10.347504359652806,0.12794942665231657,2024-01-01T00:00:00
0,2024-06-14 10:00:00,8.800000190734863,ok,,2.2332750740310843,9.33037375955939,2024-01-01T00:00:00,fixed,8.433748201459593,11.42911964192486,0.35329659522099144,2024-01-01T00:00:00
0,2024-06-15 10:00:00,9.300000190734863,ok,,2.3107507949278356,10.081991322097627,2024-01-01T00:00:00,fixed,9.113137198041617,12.349803771906284,0.671503306024392,2024-01-01T00:00:00
0,2024-06-16 10:00:00,9.5,ok,,2.27090644335427,9.688178620305116,2024-01-01T00:00:00,fixed,8.757168910913602,11.867408039293231,0.5058475631034776,2024-01-01T00:00:00
0,2024-06-17 10:00:00,8.800000190734863,ok,,2.180253352370196,8.848547775313792,2024-01-01T00:00:00,fixed,7.998224487965857,10.838913186916653,0.20097812104460544,2024-01-01T00:00:00
0,2024-06-18 10:00:00,9.5,ok,,2.2638855775677915,9.620397438213102,2024-01-01T00:00:00,fixed,8.695901330718794,11.78438036435073,0.487697399650036,2024-01-01T00:00:00
0,2024-06-19 10:00:00,9.399999618530273,ok,,2.2695584197414136,9.675127525327815,2024-01-01T00:00:00,fixed,8.745371993487959,11.851421270724511,0.5035542490555415,2024-01-01T00:00:00
0,2024-06-20 10:00:00,8.899999618530273,ok,,2.262898507984107,9.610906121584483,2024-01-01T00:00:00,fixed,8.687322105855044,11.772754099840506,0.486380240692351,2024-01-01T00:00:00
0,2024-06-21 09:30:00,6.800000190734863,ok,,2.072503134428574,7.944684863375039,2024-01-01T00:00:00,fixed,7.181220538888317,9.731738101903293,0.08163676325754243,2024-01-01T00:00:00
0,2024-06-22 10:00:00,7.699999809265137,ok,,2.197769365958153,9.004904433415865,2024-01-01T00:00:00,fixed,8.13955566269008,11.030440235919299,0.2385417098395327,2024-01-01T00:00:00
0,2024-06-23 10:00:00,9.100000381469727,ok,,2.1546811276298463,8.6251394217715,2024-01-01T00:00:00,fixed,7.7962851178577806,10.565252038131026,0.13865453528186777,2024-01-01T00:00:00
0,2024-06-24 10:00:00,8.699999809265137,ok,,2.1633351689948106,8.700105647649627,2024-01-01T00:00:00,fixed,7.864047277119847,10.657080938745736,0.14779327137261578,2024-01-01T00:00:00
0,2024-06-25 12:00:00,7.599999904632568,ok,,1.9135124522418472,6.776850406748564,2024-01-01T00:00:00,fixed,6.125612049669426,8.30121451617112,0.027699835068112133,2024-01-01T00:00:00
0,2024-06-26 10:00:00,8.899999618530273,ok,,2.2174679033208395,9.184046505539234,2024-01-01T00:00:00,fixed,8.301482630195352,11.24987798064015,0.30788890209904185,2024-01-01T00:00:00
0,2024-06-27 10:00:00,9.399999618530273,ok,,2.2204232633258028,9.211228816237833,2024-01-01T00:00:00,fixed,8.326052788891399,11.283174597595067,0.31441467190895156,2024-01-01T00:00:00
0,2024-06-28 10:00:00,9.300000190734863,ok,,2.191548916110345,8.949063734196178,2024-01-01T00:00:00,fixed,8.08908111485862,10.962038899733097,0.2198368677050362,2024-01-01T00:00:00
0,2024-06-29 10:00:00,8.300000190734863,ok,,2.136730398608394,8.471693237054222,2024-01-01T00:00:00,fixed,7.657584727312944,10.377290135540159,0.13025198281299688,2024-01-01T00:00:00
0,2024-06-30 10:00:00,8.800000190734863,ok,,2.2210547717591433,9.217047622035803,2024-01-01T00:00:00,fixed,8.331312422020567,11.290302267863368,0.3158094982000905,2024-01-01T00:00:00
0,2024-07-01 10:00:00,8.5,ok,,2.229503399801697,9.29524891068268,2024-01-01T00:00:00,fixed,8.40199876261884,11.386093916422155,0.33950405247612336,2024-01-01T00:00:00
0,2024-07-02 10:00:00,9.699999809265137,ok,,2.178687366762139,8.83470192087936,2024-01-01T00:00:00,fixed,7.985709185477098,10.821952888116869,0.19599616888951454,2024-01-01T00:00:00
0,2024-07-03 10:00:00,9.300000190734863,ok,,2.263782334686646,9.619404251934403,2024-01-01T00:00:00,fixed,8.695003587154867,11.783163773772637,0.48755963095777155,2024-01-01T00:00:00
0,2024-07-04 10:00:00,10.100000381469727,ok,,2.3917060748386154,10.932129072402144,2024-01-01T00:00:00,fixed,9.8815788390078,13.391168920906063,0.8726840801317319,2024-01-01T00:00:00
0,2024-07-05 10:00:00,10.100000381469727,ok,,2.2779890271753858,9.757039526170743,2024-01-01T00:00:00,fixed,8.819412456130651,11.95175830778952,0.5192551889015966,2024-01-01T00:00:00
0,2024-07-06 10:00:00,8.899999618530273,ok,,1.9976204130603907,7.371494100979045,2024-01-01T00:00:00,fixed,6.663111973677018,9.029615553558637,0.05305577929804839,2024-01-01T00:00:00
0,2024-07-07 10:00:00,8.800000190734863,ok,,2.087273355715379,8.062900503294635,2024-01-01T00:00:00,fixed,7.2880759517848075,9.876544808151637,0.09310085683175706,2024-01-01T00:00:00
0,2024-07-08 10:00:00,7.5,ok,,2.141681072715564,8.51373781804289,2024-01-01T00:00:00,fixed,7.695588929334433,10.428792096640246,0.13256934267576703,2024-01-01T00:00:00
0,2024-07-09 10:00:00,9.399999618530273,ok,,2.1798433240258315,8.84492036364107,2024-01-01T00:00:00,fixed,7.994945661473036,10.834469836300011,0.20021719895253542,2024-01-01T00:00:00
0,2024-07-10 10:00:00,9.300000190734863,ok,,2.1530222278695903,8.610843041462058,2024-01-01T00:00:00,fixed,7.7833625839026315,10.547739873536798,0.137878021288509,2024-01-01T00:00:00
0,2024-07-11 10:00:00,10.800000190734863,ok,,2.2834480596084155,9.810449171248326,2024-01-01T00:00:00,fixed,8.867689568036502,12.017181755912274,0.5398272427872408,2024-01-01T00:00:00
0,2024-07-11 16:00:00,7.099999904632568,ok,,2.26556316853127,9.636550074991055,2024-01-01T00:00:00,fixed,8.710501739543288,11.80416632609515,0.4899359996448096,2024-01-01T00:00:00
0,2024-07-12 10:00:00,6.5,ok,,2.208281432304036,9.100063871133358,2024-01-01T00:00:00,fixed,8.225570516690924,11.147004547999213,0.2817689027188546,2024-01-01T00:00:00
0,2024-07-13 10:00:00,8.5,ok,,2.29709146288572,9.945214322825338,2024-01-01T00:00:00,fixed,8.989504125954676,12.182260570612248,0.6246933553102325,2024-01-01T00:00:00
0,2024-07-14 10:00:00,7.099999904632568,ok,,2.289947011025165,9.874414432212234,2024-01-01T00:00:00,fixed,8.9255079275698,12.09553516803946,0.5931695783695695,2024-01-01T00:00:00
0,2024-07-15 10:00:00,6.800000190734863,ok,,2.061227532393694,7.855606906134081,2024-01-01T00:00:00,fixed,7.100702750316245,9.622623220013155,0.06892431158588286,2024-01-01T00:00:00
0,2024-07-16 10:00:00,6.199999809265137,ok,,2.1171739741515077,8.307626714473798,2024-01-01T00:00:00,fixed,7.509284586783769,10.176318988603514,0.11128255613976956,2024-01-01T00:00:00
0,2024-07-17 10:00:00,8.800000190734863,ok,,2.1318032559273155,8.430054659568441,2024-01-01T00:00:00,fixed,7.619947512874214,10.326285503135486,0.12614758040158502,2024-01-01T00:00:00
0,2024-07-18 10:00:00,6.699999809265137,ok,,2.040712380382887,7.69608978990572,2024-01-01T00:00:00,fixed,6.95651482957892,9.427224809050154,0.060020263626136994,2024-01-01T00:00:00
0,2024-07-19 10:00:00,8.600000381469727,ok,,2.1268709719457806,8.38857760839094,2024-01-01T00:00:00,fixed,7.582456302469945,10.27547873027537,0.1218181199445717,2024-01-01T00:00:00
0,2024-07-20 10:00:00,10.399999618530273,ok,,2.0749869707079975,7.964442687309328,2024-01-01T00:00:00,fixed,7.199079685409628,9.755940190632879,0.08389790164650168,2024-01-01T00:00:00
0,2024-07-21 10:00:00,7.900000095367432,ok,,2.1466470006169196,8.556121576462443,2024-01-01T00:00:00,fixed,7.73389971468489,10.480709528710447,0.13489384268342164,2024-01-01T00:00:00
0,2024-07-22 10:00:00,8.800000190734863,ok,,2.1319655794773973,8.431423167035657,2024-01-01T00:00:00,fixed,7.621184510200123,10.327961838508187,0.12629006477473803,2024-01-01T00:00:00
0,2024-07-23 10:00:00,8.0,ok,,2.1155268913659278,8.293954628143279,2024-01-01T00:00:00,fixed,7.496926353719196,10.159571544776183,0.10967893412155882,2024-01-01T00:00:00
0,2024-07-24 10:00:00,6.599999904632568,ok,,2.1628485157586703,8.695872743143315,2024-01-01T00:00:00,fixed,7.860221144138787,10.65189589757995,0.1471370709302422,2024-01-01T00:00:00
0,2024-07-25 10:00:00,7.5,ok,,2.106358432026203,8.218259377034197,2024-01-01T00:00:00,fixed,7.42850522672563,10.066849634213396,0.10407348158510321,2024-01-01T00:00:00
0,2024-07-26 10:00:00,8.399999618530273,ok,,2.2273730320486393,9.275467690265131,2024-01-01T00:00:00,fixed,8.384118467957734,11.361863168475557,0.334386496016269,2024-01-01T00:00:00
0,2024-07-27 10:00:00,9.300000190734863,ok,,2.2212187745113585,9.218559367174908,2024-01-01T00:00:00,fixed,8.332678892236718,11.29215406035402,0.31617173461457326,2024-01-01T00:00:00
0,2024-07-28 10:00:00,6.599999904632568,ok,,2.101013638756726,8.174451655523757,2024-01-01T00:00:00,fixed,7.388907317572188,10.013187937127578,0.10080575863634011,2024-01-01T00:00:00
0,2024-07-29 10:00:00,7.0,ok,,2.016801571524496,7.514252657784314,2024-01-01T00:00:00,fixed,6.792151790593877,9.204485785736024,0.056150153396790525,2024-01-01T00:00:00
0,2024-07-30 10:00:00,8.199999809265137,ok,,2.0478508552218537,7.751224688643751,2024-01-01T00:00:00,fixed,7.006351402587918,9.494761584142015,0.06311852593938305,2024-01-01T00:00:00
0,2024-07-31 09:00:00,8.100000381469727,ok,,2.154978450708764,8.627704256053793,2024-01-01T00:00:00,fixed,7.798603477987049,10.568393798432323,0.13879370917100764,2024-01-01T00:00:00
0,2024-08-01 10:00:00,7.400000095367432,ok,,2.1446343112615938,8.538918080097124,2024-01-01T00:00:00,fixed,7.718349431248369,10.45963633022071,0.1339517234028368,2024-01-01T00:00:00
0,2024-08-02 10:00:00,7.400000095367432,ok,,1.956640396326192,7.075516159865425,2024-01-01T00:00:00,fixed,6.395576771672787,8.667061234993174,0.04087318176205834,2024-01-01T00:00:00
0,2024-08-03 10:00:00,10.100000381469727,ok,,2.2758497316563133,9.736188646282102,2024-01-01T00:00:00,fixed,8.800565293595549,11.926217294425236,0.5149896521300077,2024-01-01T00:00:00
0,2024-08-03 23:00:00,8.399999618530273,ok,,2.1674697081564664,8.736151039354288,2024-01-01T00:00:00,fixed,7.896628796927521,10.70123427117902,0.1599629386591167,2024-01-01T00:00:00
0,2024-08-04 10:00:00,10.100000381469727,ok,,2.269566171810691,9.675202527877373,2024-01-01T00:00:00,fixed,8.745439788480287,11.851513144119345,0.5035674371994325,2024-01-01T00:00:00
0,2024-08-05 10:00:00,7.400000095367432,ok,,2.1487388808052637,8.574038691372447,2024-01-01T00:00:00,fixed,7.750095039710617,10.502656864928865,0.1358730303821577,2024-01-01T00:00:00
0,2024-08-06 10:00:00,7.0,ok,,2.131585641188289,8.428220355016812,2024-01-01T00:00:00,fixed,7.6182894803975,10.324038595699562,0.12595656252609255,2024-01-01T00:00:00
0,2024-08-07 10:00:00,8.0,ok,,2.1816274652600787,8.860715036549337,2024-01-01T00:00:00,fixed,8.009222505859494,10.853817314871133,0.20352817122840416,2024-01-01T00:00:00
0,2024-08-08 10:00:00,9.699999809265137,ok,,2.2312809704467953,9.311786566356243,2024-01-01T00:00:00,fixed,8.416947190987036,11.406351502041002,0.3451549959300838,2024-01-01T00:00:00
0,2024-08-09 10:00:00,7.699999809265137,ok,,2.1903841051370705,8.938645835177505,2024-01-01T00:00:00,fixed,8.07966434985264,10.94927763020947,0.21805601819431053,2024-01-01T00:00:00
0,2024-08-10 10:00:00,6.199999809265137,ok,,2.0200205607980353,7.538479929231818,2024-01-01T00:00:00,fixed,6.814050881912413,9.234162665902504,0.05666945242926602,2024-01-01T00:00:00
0,2024-08-11 10:00:00,8.0,ok,,2.0074067819426418,7.443988410911694,2024-01-01T00:00:00,fixed,6.728639761927101,9.118416512976811,0.054634551844380375,2024-01-01T00:00:00
0,2024-08-12 10:00:00,7.400000095367432,ok,,1.938801731796053,6.950417514464883,2024-01-01T00:00:00,fixed,6.282499792889284,8.513823280955089,0.032243203921148655,2024-01-01T00:00:00
0,2024-08-13 10:00:00,8.0,ok,,2.0514850192265532,7.779445158247653,2024-01-01T00:00:00,fixed,7.03185995571768,9.529329880307413,0.06469583672773993,2024-01-01T00:00:00
0,2024-08-14 10:00:00,7.400000095367432,ok,,2.1687766457187436,8.747576107596517,2024-01-01T00:00:00,fixed,7.906955944716293,10.715229259506664,0.16194626317393834,2024-01-01T00:00:00
0,2024-08-15 10:00:00,9.0,abstain,outside_training_support,1.9471142655336577,7.00843389202357,2024-01-01T00:00:00,fixed,6.33494094181855,8.584889685945557,0.03634222939809795,2024-01-01T00:00:00
0,2024-08-16 10:00:00,8.100000381469727,ok,,2.0406579446611848,7.695670859106225,2024-01-01T00:00:00,fixed,6.956136156980391,9.426711645231373,0.059998750094547026,2024-01-01T00:00:00
0,2024-08-17 10:00:00,6.699999809265137,ok,,2.0901506171624704,8.086132982995817,2024-01-01T00:00:00,fixed,7.309075848353211,9.905003131143399,0.09469883351051256,2024-01-01T00:00:00
0,2024-08-18 10:00:00,6.699999809265137,ok,,2.1339981182415904,8.448577789271528,2024-01-01T00:00:00,fixed,7.636690616188672,10.348975169270519,0.12807418674335636,2024-01-01T00:00:00
0,2024-08-19 10:00:00,8.5,ok,,2.1845371530389466,8.8865344958696,2024-01-01T00:00:00,fixed,8.032560779782534,10.885444524805653,0.2089279094230828,2024-01-01T00:00:00
0,2024-08-20 10:00:00,8.699999809265137,ok,,2.2081456372415724,9.098828211291705,2024-01-01T00:00:00,fixed,8.224453600666367,11.145490942592732,0.28150594140912444,2024-01-01T00:00:00
0,2024-08-21 10:00:00,6.800000190734863,ok,,2.2104254195479043,9.119595221993388,2024-01-01T00:00:00,fixed,8.243224953633398,11.170929221490345,0.285920641990254,2024-01-01T00:00:00
0,2024-08-22 10:00:00,9.0,ok,,2.090857333952097,8.091849608717812,2024-01-01T00:00:00,fixed,7.314243120655876,9.912005637260352,0.09509133067111974,2024-01-01T00:00:00
0,2024-08-23 10:00:00,6.5,ok,,1.9018418291452004,6.698220064885882,2024-01-01T00:00:00,fixed,6.054537886795176,8.204897304471714,0.02640552106773497,2024-01-01T00:00:00
0,2024-08-24 10:00:00,8.300000190734863,ok,,2.1360417593695638,8.465861304950966,2024-01-01T00:00:00,fixed,7.652313229283568,10.370146386375406,0.1298680541453574,2024-01-01T00:00:00
0,2024-08-25 10:00:00,7.5,ok,,2.1987882395951868,9.014083968746244,2024-01-01T00:00:00,fixed,8.147853067657753,11.041684587994766,0.2415036899774462,2024-01-01T00:00:00
0,2024-08-26 10:00:00,6.099999904632568,ok,,2.1803284244160075,8.849212078832744,2024-01-01T00:00:00,fixed,7.9988249535798355,10.83972691684777,0.20111743818923666,2024-01-01T00:00:00
0,2024-08-27 10:00:00,17.299999237060547,ok,,2.2386472106003263,9.380632679657088,2024-01-01T00:00:00,fixed,8.479177365167743,11.490683650578,0.37686321917287124,2024-01-01T00:00:00
0,2024-08-27 14:00:00,8.0,ok,,2.20352490471795,9.056881945719182,2024-01-01T00:00:00,fixed,8.186538266195681,11.094109411679339,0.2639338253887762,2024-01-01T00:00:00
0,2024-08-28 10:00:00,6.900000095367432,ok,,2.194734208643041,8.977614567321176,2024-01-01T00:00:00,fixed,8.114888284402221,10.997011870384773,0.22812621236852726,2024-01-01T00:00:00
0,2024-08-29 09:30:00,7.0,ok,,1.9721847782886937,7.186359952861548,2024-01-01T00:00:00,fixed,6.495768753678464,8.802837893502648,0.047310704528525926,2024-01-01T00:00:00
0,2024-08-30 10:00:00,5.800000190734863,ok,,2.061038677338642,7.854123475140486,2024-01-01T00:00:00,fixed,7.099361873327109,9.620806110565745,0.06884234414704848,2024-01-01T00:00:00
0,2024-08-31 10:00:00,7.0,ok,,2.157296676820922,8.647728426657963,2024-01-01T00:00:00,fixed,7.816703375930109,10.592922145041255,0.13987884707926956,2024-01-01T00:00:00
0,2024-09-01 04:00:00,7.099999904632568,ok,,2.2739572141471363,9.717780163478727,2024-01-01T00:00:00,fixed,8.783925819900778,11.90366806351468,0.5112161655058827,2024-01-01T00:00:00
0,2024-09-03 00:00:00,5.900000095367432,abstain,outside_training_support,1.5873429137101152,4.890736539455899,2024-01-01T00:00:00,fixed,4.420749002813445,5.9908439347680185,0.010000000000000009,2024-01-01T00:00:00
0,2024-09-03 10:00:00,5.0,abstain,outside_training_support,1.4847255615622008,4.413753942812323,2024-01-01T00:00:00,fixed,3.989603239499431,5.406570324231236,0.010000000000000009,2024-01-01T00:00:00
0,2024-09-04 10:00:00,12.100000381469727,ok,,2.438951734020643,11.461020245944074,2024-01-01T00:00:00,fixed,10.359644894942276,14.039027265677687,0.9340844882789764,2024-01-01T00:00:00
0,2024-09-05 10:00:00,6.099999904632568,ok,,2.1172301509303355,8.308093423291297,2024-01-01T00:00:00,fixed,7.509706446052393,10.176890677482287,0.11134677531507708,2024-01-01T00:00:00
0,2024-09-06 10:00:00,4.0,ok,,1.6137645372887692,5.021679991047199,2024-01-01T00:00:00,fixed,4.539109116546252,6.151241407916428,0.010000000000000009,2024-01-01T00:00:00
0,2024-09-07 00:00:00,19.5,abstain,outside_training_support,1.7216010104752035,5.59347651389569,2024-01-01T00:00:00,fixed,5.055957425139844,6.851656100712255,0.010000000000000009,2024-01-01T00:00:00
0,2024-09-07 02:00:00,7.599999904632568,ok,,2.2944093696513908,9.918576069883926,2024-01-01T00:00:00,fixed,8.96542574242749,12.149630390110921,0.6205035837137173,2024-01-01T00:00:00
0,2024-09-07 10:00:00,7.199999809265137,ok,,2.1219797982787707,8.347647797494668,2024-01-01T00:00:00,fixed,7.545459743925992,10.225342292260166,0.1167763930696476,2024-01-01T00:00:00
0,2024-09-08 10:00:00,7.5,ok,,2.0096751159441717,7.4608930283420785,2024-01-01T00:00:00,fixed,6.743919887946039,9.139123603613442,0.05500048771810595,2024-01-01T00:00:00
0,2024-09-09 10:00:00,6.900000095367432,ok,,1.8210761285688388,6.178503738035217,2024-01-01T00:00:00,fixed,5.584764997755737,7.568277568488224,0.010000000000000009,2024-01-01T00:00:00
0,2024-09-10 11:30:00,6.800000190734863,ok,,1.8346094581487253,6.262687826074211,2024-01-01T00:00:00,fixed,5.660859205703514,7.671397769129517,0.015344022373379729,2024-01-01T00:00:00
0,2024-09-11 10:00:00,4.5,ok,,1.806981612804699,6.092031543067367,2024-01-01T00:00:00,fixed,5.5066025642263,7.4623545811079115,0.010000000000000009,2024-01-01T00:00:00
0,2024-09-11 20:00:00,12.0,ok,,1.673614555391105,5.3314036655437045,2024-01-01T00:00:00,fixed,4.819069121370079,6.530633383305453,0.010000000000000009,2024-01-01T00:00:00
0,2024-09-12 10:00:00,6.099999904632568,ok,,1.935766378763761,6.929352529592794,2024-01-01T00:00:00,fixed,6.263459100323594,8.48802000248387,0.030746429315036017,2024-01-01T00:00:00
0,2024-09-13 11:00:00,7.199999809265137,ok,,2.077137198909313,7.9815864815128945,2024-01-01T00:00:00,fixed,7.214576003912666,9.776940257738268,0.08585534287211471,2024-01-01T00:00:00
0,2024-09-13 22:00:00,7.5,ok,,1.9955553804262156,7.3562874316360105,2024-01-01T00:00:00,fixed,6.649366627185341,9.010988342285494,0.05272264073875821,2024-01-01T00:00:00
0,2024-09-14 10:00:00,4.5,ok,,1.717518503594972,5.57068765702733,2024-01-01T00:00:00,fixed,5.035358520360714,6.823741187723442,0.010000000000000009,2024-01-01T00:00:00
0,2024-09-14 18:30:00,3.299999952316284,ok,,1.619181881013333,5.048957978037334,2024-01-01T00:00:00,fixed,4.563765757281762,6.18465522229677,0.010000000000000009,2024-01-01T00:00:00
0,2024-09-15 10:00:00,5.300000190734863,abstain,outside_training_support,1.5782770070844716,4.8465979590971475,2024-01-01T00:00:00,fixed,4.38085202951865,5.936776956451308,0.010000000000000009,2024-01-01T00:00:00
0,2024-09-16 10:00:00,6.699999809265137,abstain,outside_training_support,1.7783199658396323,5.919902421111011,2024-01-01T00:00:00,fixed,5.3510146199351185,7.251507258225151,0.010000000000000009,2024-01-01T00:00:00
0,2024-09-16 18:00:00,5.300000190734863,ok,,1.5023938441297922,4.49243038679991,2024-01-01T00:00:00,fixed,4.060719074199806,5.502944008127238,0.010000000000000009,2024-01-01T00:00:00
0,2024-09-17 10:00:00,4.900000095367432,ok,,1.5974335247684348,4.940336887715559,2024-01-01T00:00:00,fixed,4.465582881788347,6.051601234437818,0.010000000000000009,2024-01-01T00:00:00
0,2024-09-18 10:00:00,6.699999809265137,ok,,2.085078736466574,8.045224909342592,2024-01-01T00:00:00,fixed,7.272098938157669,9.854893319880548,0.09188200674015923,2024-01-01T00:00:00
0,2024-09-19 10:00:00,4.699999809265137,ok,,1.8689705106452543,6.481620204338672,2024-01-01T00:00:00,fixed,5.858752730551585,7.939576130378127,0.022759973834051817,2024-01-01T00:00:00
0,2024-09-20 10:00:00,6.900000095367432,ok,,2.042219170054534,7.707694919562264,2024-01-01T00:00:00,fixed,6.967004735330906,9.441440361258746,0.060674245009970984,2024-01-01T00:00:00
0,2024-09-21 12:00:00,5.699999809265137,ok,,1.992818608631729,7.3361824755680285,2024-01-01T00:00:00,fixed,6.631193707059279,8.986361038576337,0.052281134780143845,2024-01-01T00:00:00
0,2024-09-22 10:00:00,3.799999952316284,abstain,outside_training_support,1.5856339328509337,4.8823855022365645,2024-01-01T00:00:00,fixed,4.413200479362633,5.980614440647683,0.010000000000000009,2024-01-01T00:00:00
0,2024-09-23 10:00:00,4.900000095367432,ok,,1.7515434589201175,5.7634915268611815,2024-01-01T00:00:00,fixed,5.209634421021149,7.059913773360704,0.010000000000000009,2024-01-01T00:00:00
0,2024-09-24 10:00:00,6.800000190734863,ok,,1.9830202452964454,7.26465091259925,2024-01-01T00:00:00,fixed,6.5665361482002425,8.898739383494574,0.050700427245116364,2024-01-01T00:00:00
0,2024-09-25 10:00:00,9.199999809265137,ok,,2.2651577307214255,9.632643845154336,2024-01-01T00:00:00,fixed,8.70697088861396,11.799381440805107,0.4893949779662491,2024-01-01T00:00:00
0,2024-09-26 10:00:00,6.699999809265137,ok,,2.1174083337808196,8.309573914954743,2024-01-01T00:00:00,fixed,7.511044666173646,10.178704186435565,0.11155046723103945,2024-01-01T00:00:00
0,2024-09-27 10:00:00,7.599999904632568,ok,,2.083973793467377,8.03634030379733,2024-01-01T00:00:00,fixed,7.26406812096117,9.844010238198628,0.0912683422621341,2024-01-01T00:00:00
0,2024-09-28 04:31:00,6.099999904632568,ok,,1.635784263013111,5.133482419107954,2024-01-01T00:00:00,fixed,4.640167611186957,6.288192333944971,0.010000000000000009,2024-01-01T00:00:00
0,2024-09-28 10:00:00,4.900000095367432,ok,,1.651389591498149,5.214220431654828,2024-01-01T00:00:00,fixed,4.713146902869563,6.387091309358902,0.010000000000000009,2024-01-01T00:00:00
0,2024-09-29 10:00:00,6.199999809265137,ok,,1.8084526983419646,6.101000037656893,2024-01-01T00:00:00,fixed,5.51470920893994,7.473340421580446,0.010000000000000009,2024-01-01T00:00:00
0,2024-09-30 10:00:00,8.899999618530273,ok,,2.1708343363665294,8.765594444868354,2024-01-01T00:00:00,fixed,7.923242764888309,10.737300586736978,0.1650324744788808,2024-01-01T00:00:00
0,2024-10-01 10:00:00,7.800000190734863,ok,,2.1263243824857585,8.383993753143221,2024-01-01T00:00:00,fixed,7.578312944235063,10.269863796576303,0.12133833462356314,2024-01-01T00:00:00
0,2024-10-02 10:00:00,9.5,ok,,2.2695328780589348,9.67488040944851,2024-01-01T00:00:00,fixed,8.74514862482596,11.85111856935126,0.5035107964789858,2024-01-01T00:00:00
0,2024-10-03 10:00:00,9.399999618530273,ok,,2.239550052920414,9.389105736170933,2024-01-01T00:00:00,fixed,8.48683618216436,11.501062610641663,0.3791037160422043,2024-01-01T00:00:00
0,2024-10-04 10:00:00,7.300000190734863,ok,,2.1318813329778803,8.430712879067945,2024-01-01T00:00:00,fixed,7.620542479127781,10.327091780526333,0.12621611487857098,2024-01-01T00:00:00
0,2024-10-05 10:00:00,10.0,ok,,2.148967571962152,8.575999722426667,2024-01-01T00:00:00,fixed,7.751867620590305,10.505059004341259,0.13598007837127424,2024-01-01T00:00:00
0,2024-10-06 10:00:00,7.800000190734863,ok,,2.1422966019592757,8.518979885800684,2024-01-01T00:00:00,fixed,7.70032724750512,10.435213299168549,0.13285746561273704,2024-01-01T00:00:00
0,2024-10-07 10:00:00,8.0,abstain,outside_training_support,2.0629148218401614,7.8688727772973355,2024-01-01T00:00:00,fixed,7.112693804474097,9.638873075869556,0.0696566340247029,2024-01-01T00:00:00
0,2024-10-08 10:00:00,7.699999809265137,ok,,2.1864827967482143,8.903841356841633,2024-01-01T00:00:00,fixed,8.048204494745855,10.906644338422215,0.2120914082319293,2024-01-01T00:00:00
0,2024-10-09 10:00:00,9.5,ok,,2.2201858149340024,9.209041884420907,2024-01-01T00:00:00,fixed,8.324076015746723,11.280495743989793,0.3138902145269339,2024-01-01T00:00:00
0,2024-10-10 10:00:00,9.199999809265137,ok,,2.221053617761099,9.217036985587011,2024-01-01T00:00:00,fixed,8.331302807707873,11.29028923888415,0.31580694933973164,2024-01-01T00:00:00
0,2024-10-11 10:00:00,7.800000190734863,ok,,2.1560261695753735,8.636748401612032,2024-01-01T00:00:00,fixed,7.806778503800713,10.579472306572276,0.13928413564554198,2024-01-01T00:00:00
0,2024-10-12 10:00:00,8.699999809265137,ok,,2.186179737865999,8.901143377476561,2024-01-01T00:00:00,fixed,8.045765784442912,10.903339483788363,0.21162806930870726,2024-01-01T00:00:00
0,2024-10-13 10:00:00,8.0,ok,,2.163110921169287,8.698154886611453,2024-01-01T00:00:00,fixed,7.862283979333376,10.654691379455546,0.14749089688626316,2024-01-01T00:00:00
0,2024-10-14 10:00:00,9.0,ok,,2.2567388958515995,9.551888616700737,2024-01-01T00:00:00,fixed,8.63397603543016,11.700461376990777,0.474170253181355,2024-01-01T00:00:00
0,2024-10-15 10:00:00,9.199999809265137,ok,,2.1195785896271087,8.32762739957811,2024-01-01T00:00:00,fixed,7.52736325612471,10.200818566955718,0.11403142188104176,2024-01-01T00:00:00
0,2024-10-16 10:00:00,9.699999809265137,ok,,2.249055057319388,9.478774704369217,2024-01-01T00:00:00,fixed,8.56788818702046,11.6109014436955,0.42981713276321554,2024-01-01T00:00:00
0,2024-10-17 10:00:00,5.300000190734863,ok,,1.686060798337492,5.39817427045062,2024-01-01T00:00:00,fixed,4.879423238317122,6.612423164905891,0.010000000000000009,2024-01-01T00:00:00
0,2024-10-18 10:00:00,12.0,ok,,2.280345603967363,9.780059853006977,2024-01-01T00:00:00,fixed,8.840220587193267,11.979956756896446,0.5291611694603405,2024-01-01T00:00:00
0,2024-10-18 14:00:00,5.599999904632568,ok,,1.6278423955404395,5.092874447067786,2024-01-01T00:00:00,fixed,4.603461963590813,6.2384501282388465,0.010000000000000009,2024-01-01T00:00:00
0,2024-10-19 10:00:00,9.699999809265137,ok,,2.2648581479198246,9.629758502945412,2024-01-01T00:00:00,fixed,8.704362820567365,11.79584707849943,0.4889952106375629,2024-01-01T00:00:00
0,2024-10-20 10:00:00,8.100000381469727,ok,,2.107793167555461,8.23005886830169,2024-01-01T00:00:00,fixed,7.439170816424371,10.081303267142287,0.10495065643134782,2024-01-01T00:00:00
0,2024-10-21 10:00:00,7.599999904632568,ok,,2.178281415024285,8.831116186148021,2024-01-01T00:00:00,fixed,7.982468030875939,10.817560589125986,0.19443169303435626,2024-01-01T00:00:00
0,2024-10-22 10:00:00,6.699999809265137,ok,,1.8965179047065979,6.66265400689745,2024-01-01T00:00:00,fixed,6.022389637933696,8.161331125622237,0.025815078733956387,2024-01-01T00:00:00
0,2024-10-23 10:00:00,6.0,ok,,1.637514377369332,5.142371618186798,2024-01-01T00:00:00,fixed,4.648202580489961,6.299081042415938,0.010000000000000009,2024-01-01T00:00:00
0,2024-10-24 10:00:00,9.600000381469727,ok,,2.1675130152890154,8.736529385197795,2024-01-01T00:00:00,fixed,7.896970784682721,10.701697720985308,0.16005101690759937,2024-01-01T00:00:00
0,2024-10-25 10:00:00,7.800000190734863,ok,,2.141741712409676,8.514254104153482,2024-01-01T00:00:00,fixed,7.696055601642409,10.429424514577564,0.13259772749572962,2024-01-01T00:00:00
0,2024-10-26 10:00:00,5.400000095367432,ok,,2.032183905296152,7.630732973002501,2024-01-01T00:00:00,fixed,6.897438639148079,9.34716682862499,0.058631687308847824,2024-01-01T00:00:00
0,2024-10-27 10:00:00,9.100000381469727,ok,,2.407072420994219,11.101413260663918,2024-01-01T00:00:00,fixed,10.034595240609669,13.598531379365744,0.9027453766452724,2024-01-01T00:00:00
0,2024-10-28 10:00:00,10.699999809265137,ok,,2.235129930275144,9.347696322051812,2024-01-01T00:00:00,fixed,8.449406109066505,11.45033868891403,0.36516400226906254,2024-01-01T00:00:00
0,2024-10-28 16:34:18,7.400000095367432,ok,,2.1653413512654818,8.717577165017202,2024-01-01T00:00:00,fixed,7.879839825411343,10.678482446066425,0.15147420005229884,2024-01-01T00:00:00
0,2024-10-29 10:00:00,9.399999618530273,ok,,2.222721436401621,9.232422157954277,2024-01-01T00:00:00,fixed,8.345209503530066,11.309135105108636,0.3194906963268397,2024-01-01T00:00:00
0,2024-10-30 10:00:00,11.0,ok,,2.166001211782437,8.723331448295284,2024-01-01T00:00:00,fixed,7.885041136473238,10.685531080315545,0.15410598773279494,2024-01-01T00:00:00
0,2024-10-31 10:00:00,10.199999809265137,ok,,2.1761882025546204,8.812650117071632,2024-01-01T00:00:00,fixed,7.965776504804813,10.794940818661392,0.18219450417290417,2024-01-01T00:00:00
0,2024-10-31 16:30:00,11.600000381469727,ok,,2.223892203803971,9.243237506755072,2024-01-01T00:00:00,fixed,8.354985524389189,11.322383225558987,0.32362308472738877,2024-01-01T00:00:00
0,2024-10-31 23:00:00,9.800000190734863,ok,,2.0040387386754466,7.41895890974531,2024-01-01T00:00:00,fixed,6.70601553315715,9.087756951979568,0.05409120688067792,2024-01-01T00:00:00
0,2024-11-01 04:00:00,8.399999618530273,ok,,1.9826391664446024,7.261883035193704,2024-01-01T00:00:00,fixed,6.564034256883513,8.895348908167712,0.05063895022166509,2024-01-01T00:00:00
0,2024-11-01 10:00:00,7.300000190734863,ok,,2.085930668030833,8.052081810775084,2024-01-01T00:00:00,fixed,7.27829690852993,9.863292591856608,0.09235515344462641,2024-01-01T00:00:00
0,2024-11-01 20:00:00,8.399999618530273,ok,,2.07451096477904,7.960652467524436,2024-01-01T00:00:00,fixed,7.195653696256597,9.751297410342719,0.08346457385905659,2024-01-01T00:00:00
0,2024-11-02 10:00:00,9.600000381469727,ok,,2.2633594615299595,9.615337324050865,2024-01-01T00:00:00,fixed,8.691327480858684,11.778182043506106,0.4869953433173654,2024-01-01T00:00:00
0,2024-11-03 10:00:00,9.300000190734863,ok,,2.2681739695890575,9.661742061443062,2024-01-01T00:00:00,fixed,8.733272839169723,11.835024921323743,0.5011989646578607,2024-01-01T00:00:00
0,2024-11-04 10:00:00,9.600000381469727,ok,,2.2442615186140946,9.433446558850918,2024-01-01T00:00:00,fixed,8.526915962799668,11.555377323051946,0.4132020040189477,2024-01-01T00:00:00
0,2024-11-05 10:00:00,9.600000381469727,ok,,2.3094463974260155,10.068848971092045,2024-01-01T00:00:00,fixed,9.101257794063537,12.333705220455967,0.6661949660175916,2024-01-01T00:00:00
0,2024-11-06 10:00:00,5.699999809265137,ok,,1.7320310136985337,5.652121795560855,2024-01-01T00:00:00,fixed,5.108967042065525,6.923492873585242,0.010000000000000009,2024-01-01T00:00:00
0,2024-11-07 10:00:00,7.800000190734863,ok,,2.106603961282922,8.220277447888144,2024-01-01T00:00:00,fixed,7.4303293660231,10.069321643784503,0.10422359432966066,2024-01-01T00:00:00
0,2024-11-08 10:00:00,10.600000381469727,ok,,2.3348657121089227,10.328072901112284,2024-01-01T00:00:00,fixed,9.335570953420481,12.651238192510366,0.741939519668211,2024-01-01T00:00:00
0,2024-11-08 16:00:00,7.300000190734863,ok,,2.069367062666471,7.919808788482115,2024-01-01T00:00:00,fixed,7.158734992511075,9.701266478418603,0.07808820907483205,2024-01-01T00:00:00
0,2024-11-09 10:00:00,9.699999809265137,ok,,2.2350980365896245,9.347398194319204,2024-01-01T00:00:00,fixed,8.449136630662586,11.449973501236414,0.3649588010482455,2024-01-01T00:00:00
0,2024-11-10 10:00:00,13.5,ok,,2.6729079806509133,14.482021457767702,2024-01-01T00:00:00,fixed,13.090335453905258,17.73956329757645,0.99,2024-01-01T00:00:00
0,2024-11-12 10:00:00,8.199999809265137,ok,,2.3680378533190507,10.676423010468987,2024-01-01T00:00:00,fixed,9.650445489422356,13.077945115481839,0.8198013430867657,2024-01-01T00:00:00
0,2024-11-13 10:00:00,5.699999809265137,ok,,2.1046928130071128,8.204582281489241,2024-01-01T00:00:00,fixed,7.416142465819585,10.050096054414174,0.10305514818694161,2024-01-01T00:00:00
0,2024-11-14 10:00:00,6.400000095367432,ok,,2.0549539515987183,7.806478388509697,2024-01-01T00:00:00,fixed,7.056295360233879,9.56244388312601,0.06620143318613336,2024-01-01T00:00:00
0,2024-11-15 10:00:00,8.699999809265137,ok,,2.2119079518135045,9.1331253431016,2024-01-01T00:00:00,fixed,8.255454863978095,11.187502766870248,0.2887915020878655,2024-01-01T00:00:00
0,2024-11-16 10:00:00,8.5,ok,,2.2215514772905123,9.221626917759169,2024-01-01T00:00:00,fixed,8.33545165888997,11.295911616432546,0.31690658241548675,2024-01-01T00:00:00
0,2024-11-17 10:00:00,7.199999809265137,ok,,2.287002031867086,9.845377265423009,2024-01-01T00:00:00,fixed,8.899261159809484,12.059966469308979,0.5714454162332987,2024-01-01T00:00:00
0,2024-11-18 10:00:00,7.699999809265137,ok,,2.1481563821757645,8.569045779908668,2024-01-01T00:00:00,fixed,7.7455819345378965,10.496540863153202,0.13560036873752135,2024-01-01T00:00:00
0,2024-11-19 11:00:00,5.900000095367432,ok,,2.1761421257148554,8.812244067359098,2024-01-01T00:00:00,fixed,7.965409475453039,10.794443433362076,0.18181322238814868,2024-01-01T00:00:00
0,2024-11-20 10:00:00,7.099999904632568,ok,,2.0420762617371624,7.706593504553054,2024-01-01T00:00:00,fixed,6.9660091635465,9.440091197308826,0.060612219512375276,2024-01-01T00:00:00
0,2024-11-21 10:00:00,8.5,ok,,2.1655590303047787,8.71947500539202,2024-01-01T00:00:00,fixed,7.881555288077711,10.680807180880274,0.152342391130873,2024-01-01T00:00:00
0,2024-11-22 10:00:00,8.0,ok,,2.238584413763613,9.380043624094043,2024-01-01T00:00:00,fixed,8.478644916369506,11.489962094649021,0.37670738230863743,2024-01-01T00:00:00
0,2024-11-23 10:00:00,7.099999904632568,ok,,2.031000814615214,7.621710462210037,2024-01-01T00:00:00,fixed,6.889283169053365,9.336114821709192,0.05844082682633789,2024-01-01T00:00:00
0,2024-11-24 10:00:00,7.5,ok,,2.1653681555310227,8.717810836402087,2024-01-01T00:00:00,fixed,7.8800510415611775,10.678768678781594,0.15158110618476583,2024-01-01T00:00:00
0,2024-11-25 10:00:00,7.199999809265137,ok,,2.099467073341985,8.161819102361708,2024-01-01T00:00:00,fixed,7.377488721141243,9.997713855896468,0.09987301735764331,2024-01-01T00:00:00
0,2024-11-26 10:00:00,7.300000190734863,ok,,2.1280957033063537,8.398857656322104,2024-01-01T00:00:00,fixed,7.591748463532791,10.288071140907327,0.12289316469380274,2024-01-01T00:00:00
0,2024-11-27 10:00:00,8.100000381469727,ok,,1.949761406701099,7.0270107828768005,2024-01-01T00:00:00,fixed,6.351732639971223,8.607645206100258,0.03764757135867691,2024-01-01T00:00:00
0,2024-11-28 10:00:00,8.899999618530273,ok,,2.2571787713374856,9.556091182582229,2024-01-01T00:00:00,fixed,8.637774745252289,11.705609255253792,0.4760307722402558,2024-01-01T00:00:00
0,2024-11-29 10:00:00,7.800000190734863,ok,,2.1498873722700393,8.58389155851203,2024-01-01T00:00:00,fixed,7.759001070986432,10.514726006021837,0.13641062747814725,2024-01-01T00:00:00
0,2024-11-30 10:00:00,6.5,ok,,1.8960755186403861,6.659707193463469,2024-01-01T00:00:00,fixed,6.019726005892866,8.157721464941186,0.02576601653099364,2024-01-01T00:00:00
0,2024-12-01 10:00:00,6.0,ok,,1.923778168919452,6.846777947041006,2024-01-01T00:00:00,fixed,6.1888197284153765,8.386871344596564,0.028838339902832355,2024-01-01T00:00:00
0,2024-12-02 10:00:00,6.900000095367432,ok,,2.111983698075228,8.264619544377378,2024-01-01T00:00:00,fixed,7.470410298057775,10.123637916530813,0.10751268120134871,2024-01-01T00:00:00
0,2024-12-03 10:00:00,7.0,ok,,2.066849696602832,7.899896803999882,2024-01-01T00:00:00,fixed,7.140736499884511,9.676875552736508,0.0744915719945346,2024-01-01T00:00:00
0,2024-12-04 10:00:00,7.300000190734863,ok,,2.0745890300471532,7.96127394225115,2024-01-01T00:00:00,fixed,7.196215448818044,9.752058677703394,0.0835356398854441,2024-01-01T00:00:00
0,2024-12-05 10:00:00,6.5,ok,,2.0270695981531786,7.59180668619263,2024-01-01T00:00:00,fixed,6.862253071041989,9.299484581307718,0.05780662871888598,2024-01-01T00:00:00
0,2024-12-06 10:00:00,7.900000095367432,ok,,2.2256546119384204,9.259542227291362,2024-01-01T00:00:00,fixed,8.369723402103611,11.342355480319572,0.3302585176786449,2024-01-01T00:00:00
0,2024-12-07 10:00:00,6.5,ok,,2.0517816102747837,7.781752814239927,2024-01-01T00:00:00,fixed,7.03394585174671,9.532156613416694,0.06482456406626924,2024-01-01T00:00:00
0,2024-12-07 16:39:56,9.300000190734863,ok,,2.3913815419309135,10.92858181239934,2024-01-01T00:00:00,fixed,9.87837246181009,13.386823751032077,0.8708710284842242,2024-01-01T00:00:00
0,2024-12-08 10:00:00,8.5,ok,,1.9948935195922832,7.3514202039932135,2024-01-01T00:00:00,fixed,6.644967127933075,9.005026295267061,0.05261586694689757,2024-01-01T00:00:00
0,2024-12-09 10:00:00,5.0,ok,,1.8613317018067477,6.4322969718458225,2024-01-01T00:00:00,fixed,5.814169337212112,7.879158280052494,0.02191280250960681,2024-01-01T00:00:00
0,2024-12-10 10:00:00,7.900000095367432,ok,,2.178189476254454,8.830304301512042,2024-01-01T00:00:00,fixed,7.981734166320783,10.816566081630448,0.19407737508928735,2024-01-01T00:00:00
0,2024-12-10 16:00:00,7.300000190734863,ok,,2.535573786722953,12.623672065807195,2024-01-01T00:00:00,fixed,11.41056878581515,15.463202448103047,0.9796849626969737,2024-01-01T00:00:00
0,2024-12-11 10:00:00,8.0,ok,,2.223790524117982,9.242297705048047,2024-01-01T00:00:00,fixed,8.354136035273253,11.321232027715677,0.32323125106600736,2024-01-01T00:00:00
0,2024-12-12 10:00:00,5.300000190734863,ok,,1.869382242121756,6.484289440862167,2024-01-01T00:00:00,fixed,5.861165460128065,7.942845776843079,0.022805636332961954,2024-01-01T00:00:00
0,2024-12-13 10:00:00,7.5,ok,,1.874735528224319,6.519094775748751,2024-01-01T00:00:00,fixed,5.892626089473185,7.98548011785096,0.023399334980685693,2024-01-01T00:00:00
0,2024-12-14 10:00:00,9.600000381469727,ok,,2.1180203417338057,8.314660996785108,2024-01-01T00:00:00,fixed,7.515642892176497,10.184935540973527,0.11225009164601141,2024-01-01T00:00:00
0,2024-12-15 10:00:00,8.5,ok,,2.0606274768513404,7.850894519659712,2024-01-01T00:00:00,fixed,7.096443212383793,9.616850843664418,0.06866387367517113,2024-01-01T00:00:00
0,2024-12-16 10:00:00,6.099999904632568,ok,,1.8489979980898146,6.353450162879962,2024-01-01T00:00:00,fixed,5.742899509181337,7.782575909798403,0.020544950487899616,2024-01-01T00:00:00
0,2024-12-17 10:00:00,11.300000190734863,ok,,2.0028253923797035,7.409962602355727,2024-01-01T00:00:00,fixed,6.697883748383905,9.076737042580362,0.05389546545257917,2024-01-01T00:00:00
0,2024-12-17 17:00:00,7.400000095367432,ok,,1.8942429653652384,6.647514100892714,2024-01-01T00:00:00,fixed,6.008704638990658,8.142785695229556,0.02556277979369015,2024-01-01T00:00:00
0,2024-12-18 10:00:00,8.0,ok,,2.3779663451828714,10.782951749233854,2024-01-01T00:00:00,fixed,9.746737083104922,13.208436104591426,0.8510867064573572,2024-01-01T00:00:00
0,2024-12-19 10:00:00,8.5,ok,,2.2483834324355545,9.472410660773754,2024-01-01T00:00:00,fixed,8.562135712081044,11.603105891498629,0.42764053681347547,2024-01-01T00:00:00
0,2024-12-20 10:00:00,11.300000190734863,ok,,2.2346484114911442,9.34319631419172,2024-01-01T00:00:00,fixed,8.445338540695225,11.444826462978828,0.36206595195869384,2024-01-01T00:00:00
0,2024-12-20 23:41:32,13.100000381469727,ok,,2.236631359380053,9.361741766854855,2024-01-01T00:00:00,fixed,8.46210182178916,11.467543473332617,0.3718606752650666,2024-01-01T00:00:00
0,2024-12-22 10:00:00,9.699999809265137,ok,,2.270929485124086,9.688401855658682,2024-01-01T00:00:00,fixed,8.7573706939086,11.867681488527952,0.5058867627242444,2024-01-01T00:00:00
0,2024-12-23 10:00:00,7.099999904632568,ok,,2.109389621485725,8.24320827154375,2024-01-01T00:00:00,fixed,7.451056594936659,10.097410457137698,0.10592670337676624,2024-01-01T00:00:00
0,2024-12-24 10:00:00,8.699999809265137,ok,,2.26236932564701,9.605821545274082,2024-01-01T00:00:00,fixed,8.682726144597963,11.766525814406549,0.4856740926486086,2024-01-01T00:00:00
0,2024-12-25 10:00:00,8.5,ok,,2.082070965534634,8.021063070572884,2024-01-01T00:00:00,fixed,7.250258991600415,9.825296590619303,0.09021154755782179,2024-01-01T00:00:00
0,2024-12-26 10:00:00,7.699999809265137,abstain,outside_training_support,2.008133689299278,7.449401468007461,2024-01-01T00:00:00,fixed,6.733532637788484,9.125047166664475,0.05475181917736083,2024-01-01T00:00:00
0,2024-12-27 10:00:00,8.300000190734863,ok,,2.139380071752441,8.494170220287995,2024-01-01T00:00:00,fixed,7.677901728732941,10.40482302298801,0.13149226768341116,2024-01-01T00:00:00
0,2024-12-28 10:00:00,9.300000190734863,ok,,2.244779000310726,9.438329458077796,2024-01-01T00:00:00,fixed,8.53132962763602,11.561358566772894,0.4151959054443374,2024-01-01T00:00:00
0,2024-12-29 10:00:00,8.100000381469727,ok,,2.1282526698563666,8.400176099505499,2024-01-01T00:00:00,fixed,7.592940207627211,10.289686150688544,0.12303094679919224,2024-01-01T00:00:00
0,2024-12-30 10:00:00,6.400000095367432,ok,,2.0649455134413865,7.884868266613481,2024-01-01T00:00:00,fixed,7.127152167314417,9.658466541880287,0.0717710078838738,2024-01-01T00:00:00
0,2024-12-31 04:50:00,2.0999999046325684,abstain,outside_training_support,2.2444061268872297,9.434810811906267,2024-01-01T00:00:00,fixed,8.52814911455204,11.557048447038323,0.41375919211623546,2024-01-01T00:00:00
0,2024-12-31 10:00:00,2.700000047683716,ok,,1.5073735804357655,4.514857299209321,2024-01-01T00:00:00,fixed,4.080990816476302,5.530415561971854,0.010000000000000009,2024-01-01T00:00:00
60,2024-01-01 00:00:00,4.599999904632568,abstain,outside_training_support,2.146212272895418,8.552402801610445,2024-01-01T00:00:00,fixed,7.466547098856567,10.869084563449972,0.19422624555516466,2024-01-01T00:00:00
60,2024-01-01 09:00:00,10.800000190734863,ok,,2.1438835752426444,8.532510012416116,2024-01-01T00:00:00,fixed,7.449179997365614,10.84380319949044,0.19100585012270976,2024-01-01T00:00:00
60,2024-01-01 21:00:00,8.300000190734863,ok,,2.1204266095511004,8.334692388734926,2024-01-01T00:00:00,fixed,7.276478285523723,10.592400578518621,0.13962563509565806,2024-01-01T00:00:00
60,2024-01-02 09:00:00,9.5,ok,,2.26442219972185,9.625561342017965,2024-01-01T00:00:00,fixed,8.403452080107462,12.232941153960592,0.47025044756504586,2024-01-01T00:00:00
60,2024-01-03 09:00:00,7.199999809265137,ok,,2.094949114805554,8.125027516088336,2024-01-01T00:00:00,fixed,7.0934335105165465,10.325941516235956,0.12565121711756855,2024-01-01T00:00:00
60,2024-01-04 09:00:00,8.899999618530273,ok,,1.948794134175675,7.020217034643364,2024-01-01T00:00:00,fixed,6.128895276481787,8.9218590813967,0.051409590089159796,2024-01-01T00:00:00
60,2024-01-05 09:00:00,6.099999904632568,ok,,1.7973217851250505,6.033466885790448,2024-01-01T00:00:00,fixed,5.267427846553593,7.667817257166949,0.010000000000000009,2024-01-01T00:00:00
60,2024-01-06 09:00:00,6.900000095367432,ok,,2.3103612070391617,10.078064265401355,2024-01-01T00:00:00,fixed,8.798502976117195,12.808018433825877,0.6067274413955387,2024-01-01T00:00:00
60,2024-01-07 09:00:00,3.200000047683716,ok,,2.0140379560408537,7.493514821692611,2024-01-01T00:00:00,fixed,6.542100816581271,9.523364154352725,0.06526035620607673,2024-01-01T00:00:00
60,2024-01-08 11:00:00,12.600000381469727,abstain,outside_training_support,2.0620097651512017,7.8617542231890924,2024-01-01T00:00:00,fixed,6.863586707588473,9.991352541628613,0.09813937508344717,2024-01-01T00:00:00
60,2024-01-08 13:00:00,1.0,abstain,outside_training_support,1.696518126061226,5.454920940037045,2024-01-01T00:00:00,fixed,4.762336978755965,6.932554319475243,0.010000000000000009,2024-01-01T00:00:00
60,2024-01-08 15:00:00,2.0,abstain,outside_training_support,1.7668621088684706,5.8524601357474015,2024-01-01T00:00:00,fixed,5.109402616012199,7.437779252829427,0.010000000000000009,2024-01-01T00:00:00
60,2024-01-09 09:00:00,6.0,abstain,outside_training_support,2.064049130810118,7.877803574456162,2024-01-01T00:00:00,fixed,6.877598353195145,10.011749354098374,0.10143978418114785,2024-01-01T00:00:00
60,2024-01-10 09:00:00,9.199999809265137,abstain,outside_training_support,2.07796399656473,7.9881883673380925,2024-01-01T00:00:00,fixed,6.973968142384127,10.15203526861665,0.11603060423961031,2024-01-01T00:00:00
60,2024-01-11 09:00:00,4.699999809265137,ok,,1.8180636112785677,6.159918896330056,2024-01-01T00:00:00,fixed,5.37782487933382,7.828522690207879,0.010000000000000009,2024-01-01T00:00:00
60,2024-01-12 09:00:00,6.800000190734863,ok,,1.8119088184622036,6.122122306164162,2024-01-01T00:00:00,fixed,5.344827132712638,7.780487729243949,0.010000000000000009,2024-01-01T00:00:00
60,2024-01-13 09:00:00,3.5,abstain,outside_training_support,1.5231063172356751,4.586450059103046,2024-01-01T00:00:00,fixed,4.0041314911404715,5.828831346559605,0.010000000000000009,2024-01-01T00:00:00
60,2024-01-13 22:00:00,3.4000000953674316,abstain,outside_training_support,1.7564690649042158,5.791950245895776,2024-01-01T00:00:00,fixed,5.056575363483972,7.360878395260073,0.010000000000000009,2024-01-01T00:00:00
60,2024-01-14 09:00:00,4.099999904632568,ok,,1.7285053760341607,5.632229549106713,2024-01-01T00:00:00,fixed,4.917133602741229,7.157892427432814,0.010000000000000009,2024-01-01T00:00:00
60,2024-01-15 09:00:00,2.299999952316284,abstain,outside_training_support,1.663490439351542,5.2777002248187275,2024-01-01T00:00:00,fixed,4.607617089180435,6.707327914126298,0.010000000000000009,2024-01-01T00:00:00
60,2024-01-16 09:00:00,6.300000190734863,abstain,outside_training_support,2.031708001314845,7.627102340785045,2024-01-01T00:00:00,fixed,6.65872739817016,9.693137968252573,0.07230423931030694,2024-01-01T00:00:00
60,2024-01-16 19:30:00,4.199999809265137,abstain,outside_training_support,1.748305226099828,5.744858185271251,2024-01-01T00:00:00,fixed,5.015462345681652,7.3010299993100265,0.010000000000000009,2024-01-01T00:00:00
60,2024-01-17 09:00:00,5.099999904632568,abstain,outside_training_support,1.8937354038836562,6.644140934903806,2024-01-01T00:00:00,fixed,5.800567673514941,8.443911184743376,0.018185339064784922,2024-01-01T00:00:00
60,2024-01-18 09:00:00,5.900000095367432,abstain,outside_training_support,2.0668749610757797,7.900096393250226,2024-01-01T00:00:00,fixed,6.8970607645610835,10.040080869609396,0.10490463456863608,2024-01-01T00:00:00
60,2024-01-19 09:00:00,8.199999809265137,ok,,1.7638567824694342,5.83489798601666,2024-01-01T00:00:00,fixed,5.094070244377755,7.415459853829245,0.010000000000000009,2024-01-01T00:00:00
60,2024-01-19 22:45:00,12.800000190734863,ok,,2.2787523168670245,9.764489816865305,2024-01-01T00:00:00,fixed,8.524741503078118,12.40950268601361,0.5007637960187236,2024-01-01T00:00:00
60,2024-01-20 09:00:00,7.300000190734863,ok,,1.875726947058887,6.525561133998789,2024-01-01T00:00:00,fixed,5.697043355382541,8.293210391825742,0.014552724572504894,2024-01-01T00:00:00
60,2024-01-20 21:00:00,6.599999904632568,ok,,1.6671383447864812,5.296987934634754,2024-01-01T00:00:00,fixed,4.624455935187936,6.731840294318001,0.010000000000000009,2024-01-01T00:00:00
60,2024-01-21 09:00:00,10.100000381469727,ok,,1.8884738068143296,6.6092739508822635,2024-01-01T00:00:00,fixed,5.770127575634739,8.399599403996657,0.017123984727067,2024-01-01T00:00:00
60,2024-01-21 21:00:00,5.800000190734863,ok,,1.6476437828414958,5.194725494570867,2024-01-01T00:00:00,fixed,4.535177244404426,6.601876922093553,0.010000000000000009,2024-01-01T00:00:00
60,2024-01-22 09:00:00,7.0,ok,,1.8004103130981055,6.052130223325934,2024-01-01T00:00:00,fixed,5.283721593698469,7.691536134611685,0.010000000000000009,2024-01-01T00:00:00
60,2024-01-23 09:00:00,9.600000381469727,ok,,2.255637275187462,9.541371852624918,2024-01-01T00:00:00,fixed,8.329951708064236,12.125946347846641,0.41445475621538763,2024-01-01T00:00:00
60,2024-01-24 09:00:00,8.5,ok,,2.168322053517314,8.743600431440745,2024-01-01T00:00:00,fixed,7.633469324274769,11.112073961302633,0.22509937693433413,2024-01-01T00:00:00
60,2024-01-25 09:00:00,10.199999809265137,ok,,2.2172717662806884,9.182245350483413,2024-01-01T00:00:00,fixed,8.016421697272154,11.669539369445554,0.3253598531367119,2024-01-01T00:00:00
60,2024-01-26 09:00:00,8.899999618530273,ok,,2.1916360804131556,8.949843807094139,2024-01-01T00:00:00,fixed,7.813527012606901,11.374184708729777,0.258320206239511,2024-01-01T00:00:00
60,2024-01-27 09:00:00,9.0,ok,,2.0676642406140058,7.906334239061634,2024-01-01T00:00:00,fixed,6.902506622365807,10.048008428120227,0.1058723981130677,2024-01-01T00:00:00
60,2024-01-28 09:00:00,9.899999618530273,ok,,2.255151100633776,9.536734207866703,2024-01-01T00:00:00,fixed,8.325902881808243,12.120052454139625,0.4129498130560062,2024-01-01T00:00:00
60,2024-01-29 09:00:00,9.600000381469727,ok,,2.2661730008416487,9.64242854684622,2024-01-01T00:00:00,fixed,8.418177740509297,12.254377360823161,0.47307608817663827,2024-01-01T00:00:00
60,2024-01-30 09:00:00,7.599999904632568,abstain,outside_training_support,2.0622162866186096,7.863378011875505,2024-01-01T00:00:00,fixed,6.8650043319669,9.993416183502738,0.09858354353668564,2024-01-01T00:00:00
60,2024-01-30 13:07:00,20.600000381469727,abstain,outside_training_support,2.415529122104673,11.19569267907254,2024-01-01T00:00:00,fixed,9.774231713791348,14.228390932700595,0.8643513220107397,2024-01-01T00:00:00
60,2024-01-30 15:25:00,4.400000095367432,ok,,2.3901344014223214,10.914960830724102,2024-01-01T00:00:00,fixed,9.52914298066386,13.871614215077072,0.8374112995839151,2024-01-01T00:00:00
60,2024-01-30 21:30:00,1.0,ok,,2.0553440505123097,7.809524281309139,2024-01-01T00:00:00,fixed,6.81798813955286,9.924974511008916,0.08698703443477307,2024-01-01T00:00:00
60,2024-01-31 09:00:00,3.299999952316284,abstain,outside_training_support,2.1557894676445035,8.634704308518867,2024-01-01T00:00:00,fixed,7.538399196085066,10.973679968862653,0.20961554042919206,2024-01-01T00:00:00
60,2024-01-31 14:00:00,2.9000000953674316,ok,,1.7454223174558765,5.728320134249979,2024-01-01T00:00:00,fixed,5.001024048078273,7.280012107702888,0.010000000000000009,2024-01-01T00:00:00
60,2024-02-01 09:00:00,7.300000190734863,abstain,outside_training_support,2.4072388006323147,11.103260463448782,2024-01-01T00:00:00,fixed,9.69353515313865,14.110920604033137,0.8546706767070428,2024-01-01T00:00:00
60,2024-02-01 21:30:00,6.300000190734863,abstain,outside_training_support,2.5745888231434098,13.12591897465808,2024-01-01T00:00:00,fixed,11.459386854604762,16.68147848247824,0.9748710135648706,2024-01-01T00:00:00
60,2024-02-02 01:00:00,19.100000381469727,abstain,outside_training_support,2.4614871274229366,11.722231035496666,2024-01-01T00:00:00,fixed,10.233918135115536,14.897558423361362,0.9147592488163308,2024-01-01T00:00:00
60,2024-02-02 06:00:00,11.600000381469727,ok,,2.6935550565820514,14.784141064910376,2024-01-01T00:00:00,fixed,12.907072800231845,18.78888110861964,0.9881515425819273,2024-01-01T00:00:00
60,2024-02-02 09:00:00,5.300000190734863,ok,,2.2742184415069064,9.720319045131896,2024-01-01T00:00:00,fixed,8.486178872763485,12.353366900043278,0.48741962973761366,2024-01-01T00:00:00
60,2024-02-03 09:00:00,7.300000190734863,ok,,1.7149467511701397,5.556379633770137,2024-01-01T00:00:00,fixed,4.85091397085039,7.061496225915208,0.010000000000000009,2024-01-01T00:00:00
60,2024-02-04 09:00:00,6.900000095367432,ok,,1.8861051882014128,6.5936376271385075,2024-01-01T00:00:00,fixed,5.75647651751763,8.379727500278515,0.01664619374343701,2024-01-01T00:00:00
60,2024-02-05 09:00:00,9.300000190734863,ok,,2.0507070459613415,7.773395311511,2024-01-01T00:00:00,fixed,6.7864462839026345,9.879058896761611,0.08213799030009128,2024-01-01T00:00:00
60,2024-02-05 17:00:00,12.100000381469727,ok,,2.271643205181347,9.695319130591166,2024-01-01T00:00:00,fixed,8.464353072024704,12.32159498850854,0.4823315423929728,2024-01-01T00:00:00
60,2024-02-06 09:00:00,9.899999618530273,ok,,2.183350555110066,8.87599600615344,2024-01-01T00:00:00,fixed,7.749055296685512,11.28033295596877,0.2444839567773337,2024-01-01T00:00:00
60,2024-02-07 09:00:00,8.899999618530273,ok,,2.1278928726221746,8.397154283031375,2024-01-01T00:00:00,fixed,7.331009706279585,10.6717822010696,0.15506792566885663,2024-01-01T00:00:00
60,2024-02-08 09:00:00,10.699999809265137,ok,,2.3173217756198254,10.148458028978789,2024-01-01T00:00:00,fixed,8.859959196481103,12.897480516799629,0.6404392615046922,2024-01-01T00:00:00
60,2024-02-09 09:00:00,11.300000190734863,ok,,2.3280385729301636,10.25780185800701,2024-01-01T00:00:00,fixed,8.955420187777584,13.03644349033677,0.6815270916701298,2024-01-01T00:00:00
60,2024-02-11 09:00:00,7.800000190734863,ok,,2.134043778441224,8.448963561827167,2024-01-01T00:00:00,fixed,7.376241020713668,10.737625619049957,0.1739473560180359,2024-01-01T00:00:00
60,2024-02-12 09:00:00,9.0,ok,,2.0937216309429263,8.11506029448225,2024-01-01T00:00:00,fixed,7.084731777063047,10.313274365610312,0.1250927674358806,2024-01-01T00:00:00
60,2024-02-13 09:00:00,2.5999999046325684,ok,,1.7989399624439089,6.0432380086316595,2024-01-01T00:00:00,fixed,5.2759583789191735,7.680235189636289,0.010000000000000009,2024-01-01T00:00:00
60,2024-02-14 09:00:00,8.600000381469727,ok,,1.8708907240075214,6.494078255294176,2024-01-01T00:00:00,fixed,5.669557699934774,8.253199405570882,0.01357717546714643,2024-01-01T00:00:00
60,2024-02-15 09:00:00,9.199999809265137,ok,,2.1989527485009703,9.015566987818161,2024-01-01T00:00:00,fixed,7.8709056506044215,11.457711037603552,0.2838656628985844,2024-01-01T00:00:00
60,2024-02-16 09:00:00,9.600000381469727,ok,,2.2529151197511696,9.515434074715039,2024-01-01T00:00:00,fixed,8.307307119765925,12.092982523757652,0.407918038532471,2024-01-01T00:00:00
60,2024-02-17 09:00:00,10.699999809265137,ok,,2.2586949627300026,9.57059103527756,2024-01-01T00:00:00,fixed,8.355461077597786,12.163080446239045,0.43321656941282827,2024-01-01T00:00:00
60,2024-02-17 15:00:00,7.400000095367432,ok,,2.3348586367431987,10.3279998264778,2024-01-01T00:00:00,fixed,9.01670547215784,13.125656741067633,0.7018837118083006,2024-01-01T00:00:00
60,2024-02-18 09:00:00,8.199999809265137,ok,,2.2801961191812876,9.77859799211775,2024-01-01T00:00:00,fixed,8.537058434055863,12.427432495145837,0.5057867342891745,2024-01-01T00:00:00
60,2024-02-19 09:00:00,6.800000190734863,ok,,2.248228488335571,9.47094308032865,2024-01-01T00:00:00,fixed,8.268464923862995,12.036439772964089,0.40031313373366606,2024-01-01T00:00:00
60,2024-02-20 09:00:00,7.699999809265137,ok,,2.1634007712001657,8.700676412488447,2024-01-01T00:00:00,fixed,7.595995152791733,11.05752264951131,0.21982533756586708,2024-01-01T00:00:00
60,2024-02-21 09:00:00,7.0,ok,,2.228887805487267,9.28952856918755,2024-01-01T00:00:00,fixed,8.110083703605687,11.805883552873723,0.3696210297991863,2024-01-01T00:00:00
60,2024-02-22 09:00:00,8.100000381469727,ok,,2.2343330087481608,9.340249909122537,2024-01-01T00:00:00,fixed,8.154365209321297,11.870344330238076,0.37726256625288757,2024-01-01T00:00:00
60,2024-02-23 09:00:00,7.800000190734863,ok,,2.212959101979186,9.1427306767588,2024-01-01T00:00:00,fixed,7.98192400354739,11.619320929064205,0.32150782425130364,2024-01-01T00:00:00
60,2024-02-24 11:00:00,7.400000095367432,ok,,1.6741387686158389,5.334199190513139,2024-01-01T00:00:00,fixed,4.6569426644812815,6.7791313651710015,0.010000000000000009,2024-01-01T00:00:00
60,2024-02-24 14:00:00,13.899999618530273,ok,,2.084273051632815,8.038745604138413,2024-01-01T00:00:00,fixed,7.0181063803172785,10.216287490456995,0.12079409087581694,2024-01-01T00:00:00
60,2024-02-25 09:00:00,8.0,ok,,2.3427684274634544,10.410016081761187,2024-01-01T00:00:00,fixed,9.08830853472991,13.229889625665255,0.7182438216310504,2024-01-01T00:00:00
60,2024-02-26 09:00:00,8.300000190734863,ok,,2.3048442869876737,10.022617478952695,2024-01-01T00:00:00,fixed,8.750095990138796,12.737552177188787,0.5866845616302343,2024-01-01T00:00:00
60,2024-02-27 09:00:00,8.100000381469727,ok,,2.055341559741129,7.809504829595348,2024-01-01T00:00:00,fixed,6.817971157525639,9.92494979019922,0.08698442976633836,2024-01-01T00:00:00
60,2024-02-28 09:00:00,8.800000190734863,ok,,2.203402054758244,9.055769376478029,2024-01-01T00:00:00,fixed,7.90600374354725,11.50880348169593,0.3029190899916112,2024-01-01T00:00:00
60,2024-02-29 09:00:00,8.300000190734863,ok,,2.0243931700150575,7.571514927987783,2024-01-01T00:00:00,fixed,6.610197640465555,9.622492992288267,0.06915758473450961,2024-01-01T00:00:00
60,2024-02-29 20:00:00,8.399999618530273,ok,,2.241763065107083,9.409906949767233,2024-01-01T00:00:00,fixed,8.215178244769374,11.95887012617747,0.391480597878747,2024-01-01T00:00:00
60,2024-03-01 05:00:00,14.199999809265137,ok,,2.524843412791688,12.48893950231576,2024-01-01T00:00:00,fixed,10.903281472108842,15.871953497433482,0.9554204725566458,2024-01-01T00:00:00
60,2024-03-01 09:00:00,9.800000190734863,ok,,2.264334099640923,9.624713366638666,2024-01-01T00:00:00,fixed,8.402711767910398,12.231863478327305,0.4701082617029644,2024-01-01T00:00:00
60,2024-03-02 09:00:00,7.599999904632568,ok,,2.195651784930424,8.98585599405605,2024-01-01T00:00:00,fixed,7.844966912752076,11.41995190591208,0.2665323774274775,2024-01-01T00:00:00
60,2024-03-03 09:00:00,8.899999618530273,ok,,2.3291382941878758,10.269088785867389,2024-01-01T00:00:00,fixed,8.965274070999156,13.0507878303102,0.6870854916007791,2024-01-01T00:00:00
60,2024-03-04 09:00:00,9.199999809265137,ok,,2.190052977071486,8.935686488661542,2024-01-01T00:00:00,fixed,7.801167177912189,11.356192444473164,0.25609430099810293,2024-01-01T00:00:00
60,2024-03-05 09:00:00,7.900000095367432,ok,,2.1698880162977274,8.75730331058232,2024-01-01T00:00:00,fixed,7.645432417556722,11.129488687386917,0.22676654564856502,2024-01-01T00:00:00
60,2024-03-06 09:00:00,9.399999618530273,ok,,2.134700550904872,8.454514431070443,2024-01-01T00:00:00,fixed,7.381087123920677,10.744680112226362,0.17493453401844716,2024-01-01T00:00:00
60,2024-03-07 09:00:00,8.5,ok,,2.1830235142800944,8.873093667670226,2024-01-01T00:00:00,fixed,7.7465214535674525,11.276644429698718,0.24372215962264476,2024-01-01T00:00:00
60,2024-03-08 09:00:00,8.0,ok,,2.2648765450927084,9.629935664907055,2024-01-01T00:00:00,fixed,8.407271017151778,12.238500396958408,0.4709837214458247,2024-01-01T00:00:00
60,2024-03-08 16:00:00,10.5,ok,,2.3464536959858298,10.448450563538788,2024-01-01T00:00:00,fixed,9.12186318306319,13.278735270834641,0.7242536963062954,2024-01-01T00:00:00
60,2024-03-09 08:30:00,8.5,ok,,2.2534203769665173,9.520243031216134,2024-01-01T00:00:00,fixed,8.311505507171745,12.099094134270493,0.40873790949753985,2024-01-01T00:00:00
60,2024-03-10 09:00:00,7.400000095367432,ok,,2.1129952628968303,8.272983972639839,2024-01-01T00:00:00,fixed,7.2226046776198665,10.51397653695129,0.13513211059371677,2024-01-01T00:00:00
60,2024-03-11 09:00:00,10.0,ok,,2.30149836606242,9.989138633422447,2024-01-01T00:00:00,fixed,8.72086778576565,12.695004555006351,0.5802686649767752,2024-01-01T00:00:00
60,2024-03-12 09:00:00,7.699999809265137,ok,,2.1767317717245445,8.817441704142123,2024-01-01T00:00:00,fixed,7.6979353408146505,11.20591741744959,0.23447812807483004,2024-01-01T00:00:00
60,2024-03-13 09:00:00,7.5,ok,,2.0436461299280704,7.718701341923851,2024-01-01T00:00:00,fixed,6.738696533403398,9.809549380624048,0.07772302128445818,2024-01-01T00:00:00
60,2024-03-14 09:00:00,8.399999618530273,ok,,2.0904780675873202,8.088781224236689,2024-01-01T00:00:00,fixed,7.061789228605706,10.27987679964276,0.1236170927010658,2024-01-01T00:00:00
60,2024-03-15 09:00:00,7.800000190734863,ok,,2.0597300519089012,7.8438520915952585,2024-01-01T00:00:00,fixed,6.8479575198834555,9.968601066204332,0.0932363656415276,2024-01-01T00:00:00
60,2024-03-16 09:00:00,3.5,abstain,outside_training_support,1.9585119661919497,7.08877088239552,2024-01-01T00:00:00,fixed,6.188745185907583,9.008982850663946,0.05303794128449235,2024-01-01T00:00:00
60,2024-04-23 05:30:00,2120.0,abstain,too_many_missing_features|outside_training_support,1.5952081491922148,4.929355006604468,2024-01-01T00:00:00,fixed,4.303499516751728,6.264622662529487,0.010000000000000009,2024-01-01T00:00:00
60,2024-04-23 08:24:00,34.0,abstain,too_many_missing_features|outside_training_support,1.6136685455832032,5.021197974555214,2024-01-01T00:00:00,fixed,4.383681643554022,6.381344127639491,0.010000000000000009,2024-01-01T00:00:00
60,2024-04-23 09:00:00,107.0,abstain,outside_training_support,2.02687089964364,7.590298355375885,2024-01-01T00:00:00,fixed,6.626596230256578,9.646364489621654,0.07010865236429042,2024-01-01T00:00:00
60,2024-04-23 12:21:00,6.800000190734863,abstain,outside_training_support,2.2465719796316526,9.455267367743478,2024-01-01T00:00:00,fixed,8.25477947790817,12.01651781072343,0.39801218857356047,2024-01-01T00:00:00
60,2024-04-23 15:33:00,5.0,abstain,outside_training_support,1.7324703022913364,5.6546052536282385,2024-01-01T00:00:00,fixed,4.936668376249395,7.186329280823937,0.010000000000000009,2024-01-01T00:00:00
60,2024-04-24 01:00:00,3.200000047683716,abstain,outside_training_support,1.5890913139758285,4.899294984134298,2024-01-01T00:00:00,fixed,4.277256064616388,6.226419956952294,0.010000000000000009,2024-01-01T00:00:00
60,2024-04-24 09:00:00,3.799999952316284,ok,,2.0672913605567986,7.903386674276489,2024-01-01T00:00:00,fixed,6.899933295102611,10.044262424611135,0.10541519669286914,2024-01-01T00:00:00
60,2024-04-24 14:00:00,7.599999904632568,ok,,2.0873428275070416,8.063460666896155,2024-01-01T00:00:00,fixed,7.039683495475738,10.247697389328255,0.12219070016088329,2024-01-01T00:00:00
60,2024-04-25 09:00:00,6.800000190734863,ok,,2.206157495904718,9.08075642539289,2024-01-01T00:00:00,fixed,7.927818312144173,11.5405590425537,0.3075484412036361,2024-01-01T00:00:00
60,2024-04-26 09:00:00,5.900000095367432,ok,,1.8696321933673306,6.485910399656471,2024-01-01T00:00:00,fixed,5.662426875974507,8.24281903461694,0.013323308259810318,2024-01-01T00:00:00
60,2024-04-26 15:00:00,6.599999904632568,ok,,2.1308503928661935,8.422025797690535,2024-01-01T00:00:00,fixed,7.352723409425976,10.703390931659396,0.16597409618462133,2024-01-01T00:00:00
60,2024-04-26 16:00:00,4.5,ok,,2.0838461583058305,8.03531464966057,2024-01-01T00:00:00,fixed,7.015111036926996,10.211927156265768,0.12059987370536984,2024-01-01T00:00:00
60,2024-04-26 19:00:00,4.300000190734863,ok,,1.8387050212395266,6.28838965498874,2024-01-01T00:00:00,fixed,5.489984349906262,7.991793711484949,0.010000000000000009,2024-01-01T00:00:00
60,2024-04-27 09:00:00,3.5,ok,,1.6979016772457456,5.46247332571643,2024-01-01T00:00:00,fixed,4.76893047589261,6.942152501472654,0.010000000000000009,2024-01-01T00:00:00
60,2024-04-27 22:00:00,6.900000095367432,ok,,1.9403873474149127,6.961446946942788,2024-01-01T00:00:00,fixed,6.0775869321487,8.847169304986888,0.05000092185453031,2024-01-01T00:00:00
60,2024-04-28 09:00:00,8.899999618530273,ok,,2.041218515940455,7.699986040534943,2024-01-01T00:00:00,fixed,6.722357419995028,9.785764463315408,0.0766211139971037,2024-01-01T00:00:00
60,2024-04-29 09:00:00,7.5,ok,,2.042070880755461,7.706552035625997,2024-01-01T00:00:00,fixed,6.72808976361067,9.794109060447154,0.07700800705585642,2024-01-01T00:00:00
60,2024-04-30 09:00:00,6.599999904632568,ok,,1.8089727110082765,6.104173459992037,2024-01-01T00:00:00,fixed,5.329157161545113,7.75767688515877,0.010000000000000009,2024-01-01T00:00:00
60,2024-05-01 09:00:00,6.099999904632568,ok,,1.8881839107617584,6.607358226147476,2024-01-01T00:00:00,fixed,5.76845508086426,8.39716474620215,0.017065507723064255,2024-01-01T00:00:00
60,2024-05-02 09:00:00,7.599999904632568,ok,,2.0091489132766096,7.456968119267546,2024-01-01T00:00:00,fixed,6.510194265721287,9.476917651727932,0.06342034430627386,2024-01-01T00:00:00
60,2024-05-03 09:00:00,8.600000381469727,ok,,2.2692856526633314,9.672488828953767,2024-01-01T00:00:00,fixed,8.444421419317157,12.292580396368512,0.47809963728089266,2024-01-01T00:00:00
60,2024-05-04 02:00:00,4.0,abstain,outside_training_support,1.6931735834212918,5.4367071996494865,2024-01-01T00:00:00,fixed,4.7464357456633826,6.909406826416122,0.010000000000000009,2024-01-01T00:00:00
60,2024-05-04 05:00:00,2.5999999046325684,abstain,outside_training_support,1.9827397076990443,7.262613190728435,2024-01-01T00:00:00,fixed,6.340515607980925,9.229915703548285,0.057097619593112214,2024-01-01T00:00:00
60,2024-05-04 09:00:00,5.5,abstain,outside_training_support,1.8460847187424299,6.334967723062916,2024-01-01T00:00:00,fixed,5.53064863421524,8.050988884168468,0.010000000000000009,2024-01-01T00:00:00
60,2024-05-04 21:00:00,8.899999618530273,abstain,outside_training_support,1.871566807101437,6.498470276331436,2024-01-01T00:00:00,fixed,5.673392088082126,8.258781140805505,0.013713553018473545,2024-01-01T00:00:00
60,2024-05-05 09:00:00,7.900000095367432,ok,,2.1375210576532533,8.478394106639863,2024-01-01T00:00:00,fixed,7.401934916813563,10.775028333554632,0.17917396603809732,2024-01-01T00:00:00
60,2024-05-06 09:00:00,7.5,ok,,1.9221553938392237,6.835676176683116,2024-01-01T00:00:00,fixed,5.967784645985742,8.687329647141821,0.037244764322081125,2024-01-01T00:00:00
60,2024-05-07 09:00:00,6.0,ok,,1.8098969812473962,6.109817973981849,2024-01-01T00:00:00,fixed,5.334085019894715,7.764850389646106,0.010000000000000009,2024-01-01T00:00:00
60,2024-05-08 09:00:00,8.300000190734863,ok,,2.0932103340290626,8.11091214975503,2024-01-01T00:00:00,fixed,7.081110301473425,10.308002568097093,0.12486015044800114,2024-01-01T00:00:00
60,2024-05-09 09:00:00,7.599999904632568,ok,,2.0467007717652295,7.7423152576374035,2024-01-01T00:00:00,fixed,6.759312308636817,9.839559852852561,0.07910953994755487,2024-01-01T00:00:00
60,2024-05-10 09:00:00,7.0,ok,,1.8913659034655028,6.628416277328847,2024-01-01T00:00:00,fixed,5.786839496870277,8.423927019254663,0.01770737020592028,2024-01-01T00:00:00
60,2024-05-11 09:00:00,8.699999809265137,ok,,2.065596645603822,7.8900040297872795,2024-01-01T00:00:00,fixed,6.888249777884838,10.027254678599872,0.10333724677745637,2024-01-01T00:00:00
60,2024-05-12 09:00:00,7.099999904632568,ok,,2.0073301474438128,7.443417966448677,2024-01-01T00:00:00,fixed,6.498364507866602,9.459697022595707,0.06273584410108524,2024-01-01T00:00:00
60,2024-05-13 09:00:00,8.600000381469727,ok,,2.120042387731447,8.331490633190635,2024-01-01T00:00:00,fixed,7.273683040827581,10.588331528852738,0.1393933070613037,2024-01-01T00:00:00
60,2024-05-13 13:02:00,5.699999809265137,ok,,1.8788855174391323,6.546205163758539,2024-01-01T00:00:00,fixed,5.715066316190976,8.319446493000356,0.015189862371140839,2024-01-01T00:00:00
60,2024-05-14 09:00:00,7.400000095367432,ok,,2.013192419447195,7.487181458618193,2024-01-01T00:00:00,fixed,6.536571568861507,9.515315204785718,0.06494213493678669,2024-01-01T00:00:00
60,2024-05-15 09:00:00,6.900000095367432,ok,,1.927569876930565,6.872788210332396,2024-01-01T00:00:00,fixed,6.000184750798921,8.73449461836835,0.042194198109421044,2024-01-01T00:00:00
60,2024-05-16 09:00:00,7.199999809265137,ok,,1.9055389822999258,6.723030245588009,2024-01-01T00:00:00,fixed,5.869440803965371,8.54417009546931,0.021915531453310932,2024-01-01T00:00:00
60,2024-05-17 09:00:00,6.5,ok,,1.8985335689090292,6.676097224026566,2024-01-01T00:00:00,fixed,5.828466632833699,8.484523819211894,0.019153211213804866,2024-01-01T00:00:00
60,2024-05-18 09:00:00,7.599999904632568,ok,,1.951461202244552,7.038965421831957,2024-01-01T00:00:00,fixed,6.145263274951745,8.945686046813105,0.05185649259485414,2024-01-01T00:00:00
60,2024-05-19 09:00:00,8.899999618530273,ok,,2.1938885570365554,8.970025842300906,2024-01-01T00:00:00,fixed,7.8311466359943465,11.399833669894653,0.26244941102983643,2024-01-01T00:00:00
60,2024-05-20 08:20:00,6.699999809265137,ok,,1.9233540737985821,6.843874877552301,2024-01-01T00:00:00,fixed,5.974942398913104,8.6977492187084,0.039066351286473955,2024-01-01T00:00:00
60,2024-05-20 16:00:00,6.900000095367432,ok,,1.945140876417612,6.994617162236447,2024-01-01T00:00:00,fixed,6.106545691518954,8.889324694925579,0.05079743846653073,2024-01-01T00:00:00
60,2024-05-20 21:00:00,7.0,ok,,1.8237350942677586,6.194954028231888,2024-01-01T00:00:00,fixed,5.408411776201029,7.873048166868185,0.010000000000000009,2024-01-01T00:00:00
60,2024-05-21 09:00:00,5.800000190734863,ok,,1.8941158972106786,6.646669467207662,2024-01-01T00:00:00,fixed,5.802775170750007,8.44712464791502,0.01826209109231325,2024-01-01T00:00:00
60,2024-05-22 09:00:00,7.900000095367432,ok,,2.0703920795735162,7.927930888324575,2024-01-01T00:00:00,fixed,6.9213612533554585,10.07545519513661,0.10921709789589495,2024-01-01T00:00:00
60,2024-05-23 09:00:00,8.600000381469727,ok,,1.933885433179089,6.916331044738962,2024-01-01T00:00:00,fixed,6.038199169840681,8.789832370842793,0.04604200488222254,2024-01-01T00:00:00
60,2024-05-24 09:00:00,6.300000190734863,ok,,2.1344345641812885,8.452265941524873,2024-01-01T00:00:00,fixed,7.379124113818987,10.741822550021011,0.17453473613340087,2024-01-01T00:00:00
60,2024-05-25 09:00:00,7.0,ok,,2.113855900225043,8.280107076227146,2024-01-01T00:00:00,fixed,7.228823396459285,10.523029152577637,0.1356525135706641,2024-01-01T00:00:00
60,2024-05-26 09:00:00,8.5,ok,,2.006931262467885,7.440449490931812,2024-01-01T00:00:00,fixed,6.495772924802448,9.455924444039038,0.062585722055165,2024-01-01T00:00:00
60,2024-05-27 09:00:00,5.0,ok,,1.870989414498999,6.494719190695479,2024-01-01T00:00:00,fixed,5.670117258981765,8.254013958070109,0.01359708303130247,2024-01-01T00:00:00
60,2024-05-28 09:00:00,5.900000095367432,ok,,1.898245630409782,6.674175195337358,2024-01-01T00:00:00,fixed,5.826788634490284,8.482081149842715,0.019095129081869278,2024-01-01T00:00:00
60,2024-05-29 09:00:00,6.099999904632568,ok,,1.7847566031058482,5.9581295808474355,2024-01-01T00:00:00,fixed,5.201655741484829,7.572072522359344,0.010000000000000009,2024-01-01T00:00:00
60,2024-05-30 09:00:00,6.300000190734863,ok,,1.8638981727312163,6.448826477176017,2024-01-01T00:00:00,fixed,5.630051313195996,8.195689789335297,0.012166657989081342,2024-01-01T00:00:00
60,2024-05-31 09:00:00,8.5,ok,,2.035015939402463,7.652374098777105,2024-01-01T00:00:00,fixed,6.680790527760253,9.72525536041177,0.07380573052903394,2024-01-01T00:00:00
60,2024-06-01 09:00:00,7.800000190734863,ok,,2.123234465470732,8.35812789045583,2024-01-01T00:00:00,fixed,7.29693829909459,10.622184307828404,0.1446837746916011,2024-01-01T00:00:00
60,2024-06-02 09:00:00,6.300000190734863,ok,,2.0649814292703454,7.885151463279099,2024-01-01T00:00:00,fixed,6.884013317415877,10.02108764496609,0.1025829082818508,2024-01-01T00:00:00
60,2024-06-03 09:00:00,9.600000381469727,ok,,2.141652646507023,8.51349580819594,2024-01-01T00:00:00,fixed,7.43257993131979,10.819638412310761,0.18704344673601025,2024-01-01T00:00:00
60,2024-06-04 09:00:00,5.900000095367432,ok,,1.8890589162141125,6.613142230769766,2024-01-01T00:00:00,fixed,5.773504719420129,8.40451552665688,0.017242011324565154,2024-01-01T00:00:00
60,2024-06-05 09:00:00,9.699999809265137,ok,,1.9748722253626756,7.205698889434286,2024-01-01T00:00:00,fixed,6.290827430158986,9.157584410461938,0.05577931894279975,2024-01-01T00:00:00
60,2024-06-06 09:00:00,8.399999618530273,ok,,2.084313267420675,8.039068895126945,2024-01-01T00:00:00,fixed,7.0183886246699485,10.216698354768987,0.12081238724175136,2024-01-01T00:00:00
60,2024-06-07 07:20:00,9.699999809265137,ok,,2.2125898098380237,9.139354961522026,2024-01-01T00:00:00,fixed,7.978976885948701,11.615030797364176,0.32117797618165067,2024-01-01T00:00:00
60,2024-06-08 09:00:00,9.5,ok,,2.2061097338699027,9.080322720345752,2024-01-01T00:00:00,fixed,7.927439672452313,11.540007855133943,0.30746819734357644,2024-01-01T00:00:00
60,2024-06-09 09:00:00,9.100000381469727,ok,,2.0402727083616954,7.69270677831479,2024-01-01T00:00:00,fixed,6.71600236920141,9.776513388679929,0.07619180675600723,2024-01-01T00:00:00
60,2024-06-10 09:00:00,8.300000190734863,ok,,2.179132189166976,8.838632668411295,2024-01-01T00:00:00,fixed,7.716435794600125,11.23284860719422,0.23730201509861115,2024-01-01T00:00:00
60,2024-06-11 09:00:00,8.5,ok,,2.163944857458094,8.705411619022753,2024-01-01T00:00:00,fixed,7.6001291538942715,11.06354053260693,0.22043928895698173,2024-01-01T00:00:00
60,2024-06-12 09:00:00,9.800000190734863,ok,,2.1837610929810656,8.879640686745322,2024-01-01T00:00:00,fixed,7.752237230456741,11.284964910576017,0.24544024893830652,2024-01-01T00:00:00
60,2024-06-13 09:00:00,8.800000190734863,ok,,2.1141756086125696,8.282754719123304,2024-01-01T00:00:00,fixed,7.231134881411956,10.526393991114793,0.13584583216279322,2024-01-01T00:00:00
60,2024-06-14 09:00:00,8.800000190734863,ok,,2.1930207721490786,8.962245165899649,2024-01-01T00:00:00,fixed,7.824353833064157,11.38994535760069,0.26043995068255577,2024-01-01T00:00:00
60,2024-06-15 09:00:00,9.300000190734863,ok,,2.2519366219206716,9.506127796945517,2024-01-01T00:00:00,fixed,8.299182413423972,12.081155353967564,0.4063302493109828,2024-01-01T00:00:00
60,2024-06-16 09:00:00,9.5,ok,,2.2084581877231138,9.101672498899182,2024-01-01T00:00:00,fixed,7.946078776668654,11.567140878904112,0.312302772235878,2024-01-01T00:00:00
60,2024-06-17 09:00:00,8.800000190734863,ok,,2.1417174073247742,8.514047166999429,2024-01-01T00:00:00,fixed,7.433061286860464,10.820339123631188,0.18717078790286834,2024-01-01T00:00:00
60,2024-06-18 09:00:00,9.5,ok,,2.2487280607795075,9.475675684550573,2024-01-01T00:00:00,fixed,8.272596653055704,12.042454348830853,0.40112378013175853,2024-01-01T00:00:00
60,2024-06-19 09:00:00,9.399999618530273,ok,,2.2334125417371054,9.331656472800239,2024-01-01T00:00:00,fixed,8.146862838522136,11.859423096960793,0.3760195744805531,2024-01-01T00:00:00
60,2024-06-20 09:00:00,8.899999618530273,ok,,2.2350595160818405,9.347038134729184,2024-01-01T00:00:00,fixed,8.16029156795821,11.878971355866536,0.3782436363265115,2024-01-01T00:00:00
60,2024-06-21 08:30:00,6.800000190734863,ok,,2.2069380724974264,9.087847418474203,2024-01-01T00:00:00,fixed,7.934008997387544,11.549570849554314,0.3088598693936947,2024-01-01T00:00:00
60,2024-06-22 09:00:00,7.699999809265137,ok,,2.156845963225294,8.643831656114465,2024-01-01T00:00:00,fixed,7.546367690120139,10.985279739729139,0.2111166817214183,2024-01-01T00:00:00
60,2024-06-23 09:00:00,9.100000381469727,ok,,2.1956454873346196,8.985799404945231,2024-01-01T00:00:00,fixed,7.844917508476925,11.419879987897328,0.2665177945864593,2024-01-01T00:00:00
60,2024-06-24 09:00:00,8.699999809265137,ok,,2.1078687126342555,8.230680632232685,2024-01-01T00:00:00,fixed,7.185672380239124,10.46021403360952,0.1320322310850579,2024-01-01T00:00:00
60,2024-06-25 11:00:00,7.599999904632568,ok,,2.0427461241844806,7.711757591559381,2024-01-01T00:00:00,fixed,6.732634396207374,9.800724701566052,0.07731450374724602,2024-01-01T00:00:00
60,2024-06-26 09:00:00,8.899999618530273,ok,,2.274791286534361,9.72588887673503,2024-01-01T00:00:00,fixed,8.491041530774597,12.360445492118858,0.4885514425758003,2024-01-01T00:00:00
60,2024-06-27 09:00:00,9.399999618530273,ok,,2.225130134066938,9.254687075614195,2024-01-01T00:00:00,fixed,8.079665859779274,11.761604167448333,0.3379152831299187,2024-01-01T00:00:00
60,2024-06-28 09:00:00,9.300000190734863,ok,,2.2045714740295383,9.066365562187606,2024-01-01T00:00:00,fixed,7.91525458468559,11.522269970728198,0.30488380352862876,2024-01-01T00:00:00
60,2024-06-29 09:00:00,8.300000190734863,ok,,2.077317539626873,7.983026016345707,2024-01-01T00:00:00,fixed,6.969461229213688,10.14547453582798,0.11546832265638585,2024-01-01T00:00:00
60,2024-06-30 09:00:00,8.800000190734863,ok,,2.218563568191181,9.19411465731582,2024-01-01T00:00:00,fixed,8.026784017727671,11.684623843676198,0.3265136777624099,2024-01-01T00:00:00
60,2024-07-01 09:00:00,8.5,ok,,2.172278462301445,8.778262211865016,2024-01-01T00:00:00,fixed,7.663730272229572,11.156124952736315,0.22931148275709834,2024-01-01T00:00:00
60,2024-07-02 09:00:00,9.699999809265137,ok,,2.1182372867394452,8.31646501664142,2024-01-01T00:00:00,fixed,7.26056515147455,10.56923576118606,0.13830181370035566,2024-01-01T00:00:00
60,2024-07-03 09:00:00,9.300000190734863,ok,,2.2552056644351954,9.53725458253489,2024-01-01T00:00:00,fixed,8.326357187113924,12.120713788317213,0.4131187141617373,2024-01-01T00:00:00
60,2024-07-04 09:00:00,10.100000381469727,ok,,2.305443456729519,10.028624527521329,2024-01-01T00:00:00,fixed,8.755340353869464,12.745186419913761,0.5878334863141813,2024-01-01T00:00:00
60,2024-07-05 09:00:00,10.100000381469727,ok,,2.188001964159584,8.917378062124302,2024-01-01T00:00:00,fixed,7.7851832804956045,11.332924616603842,0.2532104965927735,2024-01-01T00:00:00
60,2024-07-06 09:00:00,8.899999618530273,ok,,1.9486367994885545,7.019112597878086,2024-01-01T00:00:00,fixed,6.12793106451505,8.920455473910565,0.05138322658283345,2024-01-01T00:00:00
60,2024-07-07 09:00:00,8.800000190734863,ok,,2.085543299338817,8.04896329042361,2024-01-01T00:00:00,fixed,7.02702677820539,10.229272951835837,0.12137199617353966,2024-01-01T00:00:00
60,2024-07-08 09:00:00,7.5,ok,,2.1196158733907056,8.327937890657502,2024-01-01T00:00:00,fixed,7.270581372200754,10.583816416559674,0.1391354059392439,2024-01-01T00:00:00
60,2024-07-09 09:00:00,9.399999618530273,ok,,2.26415761102338,9.623014864169924,2024-01-01T00:00:00,fixed,8.401228915783978,12.229704884141295,0.4685319284451712,2024-01-01T00:00:00
60,2024-07-10 09:00:00,9.300000190734863,ok,,2.126221918709633,8.3831347414938,2024-01-01T00:00:00,fixed,7.318770155638337,10.653965034824344,0.15117290491326318,2024-01-01T00:00:00
60,2024-07-11 09:00:00,10.800000190734863,ok,,2.273294848648268,9.71134557243366,2024-01-01T00:00:00,fixed,8.47834471690157,12.341962685830334,0.48559481813139416,2024-01-01T00:00:00
60,2024-07-11 15:00:00,7.099999904632568,ok,,2.2540393225513298,9.526137367555199,2024-01-01T00:00:00,fixed,8.316651469179504,12.106585133186336,0.4097422603480191,2024-01-01T00:00:00
60,2024-07-12 09:00:00,6.5,ok,,2.1809322602099073,8.85455716344805,2024-01-01T00:00:00,fixed,7.7303384363460275,11.253086742277398,0.23941964562826967,2024-01-01T00:00:00
60,2024-07-13 09:00:00,8.5,ok,,2.221110492235069,9.217561214624613,2024-01-01T00:00:00,fixed,8.047253683213864,11.714421623320423,0.3287885650015072,2024-01-01T00:00:00
60,2024-07-14 09:00:00,7.099999904632568,ok,,2.246597548225094,9.455509128721415,2024-01-01T00:00:00,fixed,8.254990543706906,12.016825060109868,0.39804691649108725,2024-01-01T00:00:00
60,2024-07-15 09:00:00,6.800000190734863,ok,,2.12456918913455,8.369291129799034,2024-01-01T00:00:00,fixed,7.30668419790985,10.636371454439466,0.1475400113506774,2024-01-01T00:00:00
60,2024-07-16 09:00:00,6.199999809265137,ok,,2.098599987728466,8.15474517373198,2024-01-01T00:00:00,fixed,7.119378066170799,10.363709116926561,0.12731219929725945,2024-01-01T00:00:00
60,2024-07-17 09:00:00,8.800000190734863,ok,,2.198557624127507,9.012005421237903,2024-01-01T00:00:00,fixed,7.867796278275488,11.453184710998368,0.28021111203721205,2024-01-01T00:00:00
60,2024-07-18 09:00:00,6.699999809265137,ok,,2.127099135853528,8.390491797404628,2024-01-01T00:00:00,fixed,7.325193123047773,10.663314975968108,0.15321771234750037,2024-01-01T00:00:00
60,2024-07-19 09:00:00,8.600000381469727,ok,,2.1025825108244725,8.18728638979072,2024-01-01T00:00:00,fixed,7.1477876871852475,10.405065123810772,0.129124067316867,2024-01-01T00:00:00
60,2024-07-20 09:00:00,10.399999618530273,ok,,2.0489273653560534,7.759573453532275,2024-01-01T00:00:00,fixed,6.7743793179299345,9.861492962756905,0.08027692898220296,2024-01-01T00:00:00
60,2024-07-21 09:00:00,7.900000095367432,ok,,2.0867954211508373,8.059047885176666,2024-01-01T00:00:00,fixed,7.035830982525888,10.242089269741074,0.12194165500869547,2024-01-01T00:00:00
60,2024-07-22 09:00:00,8.800000190734863,ok,,2.0817061375783514,8.018137296260218,2024-01-01T00:00:00,fixed,7.000114605962205,10.190096787535994,0.11928547993289806,2024-01-01T00:00:00
60,2024-07-23 09:00:00,8.0,ok,,2.116616290112775,8.302994975298937,2024-01-01T00:00:00,fixed,7.248805333743765,10.552116944191491,0.1373216430262666,2024-01-01T00:00:00
60,2024-07-24 09:00:00,6.599999904632568,ok,,2.055111168417197,7.807705794687382,2024-01-01T00:00:00,fixed,6.8164005370597405,9.922663431265844,0.08674350317553758,2024-01-01T00:00:00
60,2024-07-25 09:00:00,7.5,ok,,2.0977180243411717,8.147556157746484,2024-01-01T00:00:00,fixed,7.113101803499911,10.354572734498497,0.12691094581614215,2024-01-01T00:00:00
60,2024-07-26 09:00:00,8.399999618530273,ok,,2.1535166168573787,8.61510119994393,2024-01-01T00:00:00,fixed,7.521284995917694,10.948766754442099,0.20556997883426176,2024-01-01T00:00:00
60,2024-07-27 09:00:00,9.300000190734863,ok,,2.1770167524547466,8.819954863201426,2024-01-01T00:00:00,fixed,7.700129416668944,11.20911134305981,0.2348133836732189,2024-01-01T00:00:00
60,2024-07-28 09:00:00,6.599999904632568,ok,,2.1558846207018325,8.63552596612395,2024-01-01T00:00:00,fixed,7.5391165319437485,10.974724197741839,0.20978490814860018,2024-01-01T00:00:00
60,2024-07-29 09:00:00,7.0,ok,,2.0965627412732153,8.13814885916491,2024-01-01T00:00:00,fixed,7.104888902451903,10.34261717929739,0.1263853442329339,2024-01-01T00:00:00
60,2024-07-30 09:00:00,8.199999809265137,ok,,2.1446387171974814,8.538955702105616,2024-01-01T00:00:00,fixed,7.454807310153337,10.851994902796525,0.19205014872425463,2024-01-01T00:00:00
60,2024-07-31 08:00:00,8.100000381469727,ok,,2.031327844243332,7.6242033949573305,2024-01-01T00:00:00,fixed,6.65619651695914,9.689453753643276,0.07213168393306113,2024-01-01T00:00:00
60,2024-08-01 09:00:00,7.400000095367432,ok,,2.1554297086890024,8.631598455028575,2024-01-01T00:00:00,fixed,7.535687677239971,10.969732799276429,0.20897518734395992,2024-01-01T00:00:00
60,2024-08-02 09:00:00,7.400000095367432,ok,,2.0114951450541043,7.474484435466258,2024-01-01T00:00:00,fixed,6.52548662307746,9.499178801771999,0.06430335854821478,2024-01-01T00:00:00
60,2024-08-03 09:00:00,10.100000381469727,ok,,2.195151509844808,8.981361718460077,2024-01-01T00:00:00,fixed,7.841043252794636,11.414240217321492,0.2653739302572331,2024-01-01T00:00:00
60,2024-08-03 22:00:00,8.399999618530273,ok,,2.192689629992966,8.959277880035636,2024-01-01T00:00:00,fixed,7.821763288608597,11.386174290950997,0.2598015381715818,2024-01-01T00:00:00
60,2024-08-04 09:00:00,10.100000381469727,ok,,2.260007169558949,9.58315787353337,2024-01-01T00:00:00,fixed,8.366432367409237,12.179051399767085,0.44104652285926793,2024-01-01T00:00:00
60,2024-08-05 09:00:00,7.400000095367432,ok,,2.264109286412197,9.622549846954184,2024-01-01T00:00:00,fixed,8.400822939472567,12.229113902687477,0.4678834954592328,2024-01-01T00:00:00
60,2024-08-06 09:00:00,7.0,ok,,2.150184557425523,8.586442942757484,2024-01-01T00:00:00,fixed,7.496265333956327,10.912345525458132,0.19971958512285148,2024-01-01T00:00:00
60,2024-08-07 09:00:00,8.0,ok,,2.276695221713106,9.744423977928513,2024-01-01T00:00:00,fixed,8.507223323102846,12.384001396457942,0.4938917880018432,2024-01-01T00:00:00
60,2024-08-08 09:00:00,9.699999809265137,ok,,2.234343237379062,9.340345447579997,2024-01-01T00:00:00,fixed,8.154448617739835,11.87046574822987,0.37727637891960997,2024-01-01T00:00:00
60,2024-08-09 09:00:00,7.699999809265137,ok,,2.2507439250437087,9.494796626679024,2024-01-01T00:00:00,fixed,8.289289905032764,12.066754787169403,0.40439488350155606,2024-01-01T00:00:00
60,2024-08-10 09:00:00,6.199999809265137,ok,,2.1397992348617483,8.497731409395925,2024-01-01T00:00:00,fixed,7.418817059194157,10.799603740461928,0.18339902701165045,2024-01-01T00:00:00
60,2024-08-11 09:00:00,8.0,ok,,1.9394943431907408,6.955233120312472,2024-01-01T00:00:00,fixed,6.072162043930075,8.839272271992279,0.04945928137879596,2024-01-01T00:00:00
60,2024-08-12 09:00:00,7.400000095367432,abstain,outside_training_support,1.9200349669906622,6.821196981851862,2024-01-01T00:00:00,fixed,5.955143801924852,8.668928316348337,0.034022434728487316,2024-01-01T00:00:00
60,2024-08-13 09:00:00,8.0,ok,,2.1521005635230854,8.602910390619662,2024-01-01T00:00:00,fixed,7.510641992529723,10.933273688865556,0.20304947418079222,2024-01-01T00:00:00
60,2024-08-14 09:00:00,7.400000095367432,ok,,2.1154766692921747,8.293538099001806,2024-01-01T00:00:00,fixed,7.240549149614168,10.540098381623292,0.13663254664595603,2024-01-01T00:00:00
60,2024-08-15 09:00:00,9.0,abstain,outside_training_support,2.020583578813169,7.542725424271649,2024-01-01T00:00:00,fixed,6.585063395688315,9.585904964608899,0.06772382899072182,2024-01-01T00:00:00
60,2024-08-16 09:00:00,8.100000381469727,ok,,2.1082109598960255,8.2334980422395,2024-01-01T00:00:00,fixed,7.188132077823609,10.463794625909054,0.13223917829503662,2024-01-01T00:00:00
60,2024-08-17 09:00:00,6.699999809265137,ok,,2.106104281084658,8.216170964072965,2024-01-01T00:00:00,fixed,7.173004931895492,10.441773974847798,0.1309653293821803,2024-01-01T00:00:00
60,2024-08-18 09:00:00,6.699999809265137,ok,,2.190461464637462,8.939337351100807,2024-01-01T00:00:00,fixed,7.804354508652633,11.360832255471593,0.25666865049899945,2024-01-01T00:00:00
60,2024-08-19 09:00:00,8.5,ok,,2.0537988987023716,7.797466698527998,2024-01-01T00:00:00,fixed,6.807461447601821,9.909650760488846,0.085371226376183,2024-01-01T00:00:00
60,2024-08-20 09:00:00,8.699999809265137,ok,,2.0559589612160494,7.81432791813332,2024-01-01T00:00:00,fixed,6.82218188269447,9.931079360846471,0.08763006359477232,2024-01-01T00:00:00
60,2024-08-21 09:00:00,6.800000190734863,ok,,2.107770827151028,8.229875007511835,2024-01-01T00:00:00,fixed,7.184969041649751,10.459190180615167,0.13197304251026387,2024-01-01T00:00:00
60,2024-08-22 09:00:00,9.0,ok,,1.9641715525881176,7.129004138047973,2024-01-01T00:00:00,fixed,6.223870226815714,9.060114523024735,0.05398627978816817,2024-01-01T00:00:00
60,2024-08-23 09:00:00,6.5,ok,,1.8388275619354606,6.289160285849223,2024-01-01T00:00:00,fixed,5.490657137630262,7.992773091453841,0.010000000000000009,2024-01-01T00:00:00
60,2024-08-24 09:00:00,8.300000190734863,ok,,2.102169536594896,8.183905949566968,2024-01-01T00:00:00,fixed,7.144836444507486,10.400768987215482,0.1289361827066705,2024-01-01T00:00:00
60,2024-08-25 09:00:00,7.5,ok,,2.192820918765392,8.96045420984809,2024-01-01T00:00:00,fixed,7.822790265722773,11.387669265930853,0.25998613532262627,2024-01-01T00:00:00
60,2024-08-26 09:00:00,6.099999904632568,abstain,outside_training_support,2.188319679678215,8.920211701641925,2024-01-01T00:00:00,fixed,7.787657147011285,11.336525834677152,0.2536572170434116,2024-01-01T00:00:00
60,2024-08-27 09:00:00,17.299999237060547,ok,,2.291196597884373,9.886761083228958,2024-01-01T00:00:00,fixed,8.631488599808542,12.564894891527643,0.5520987708219525,2024-01-01T00:00:00
60,2024-08-27 13:00:00,8.0,ok,,2.274790143217507,9.725877756968714,2024-01-01T00:00:00,fixed,8.491031822829255,12.36043136022128,0.48854918363903455,2024-01-01T00:00:00
60,2024-08-28 09:00:00,6.900000095367432,ok,,2.1939943647662754,8.970974990583537,2024-01-01T00:00:00,fixed,7.831975275678475,11.401039924228842,0.2626944215622582,2024-01-01T00:00:00
60,2024-08-29 08:30:00,7.0,ok,,1.9126638585237365,6.771102053418039,2024-01-01T00:00:00,fixed,5.911409175382875,8.605263633337303,0.026776749145339007,2024-01-01T00:00:00
60,2024-08-30 09:00:00,5.800000190734863,ok,,2.0549328243400833,7.806313460763996,2024-01-01T00:00:00,fixed,6.815184980793572,9.920893940807446,0.08655700383278764,2024-01-01T00:00:00
60,2024-08-31 09:00:00,7.0,ok,,2.2334222957541523,9.331747494380464,2024-01-01T00:00:00,fixed,8.146942303548693,11.859538774540006,0.37603274623227356,2024-01-01T00:00:00
60,2024-09-01 03:00:00,7.099999904632568,ok,,2.4057883995392637,11.087167955452863,2024-01-01T00:00:00,fixed,9.679485830196606,14.090468944505043,0.853231736841773,2024-01-01T00:00:00
60,2024-09-02 23:00:00,5.900000095367432,abstain,outside_training_support,1.599995358433204,4.953009434617629,2024-01-01T00:00:00,fixed,4.3241506606412,6.294684621061968,0.010000000000000009,2024-01-01T00:00:00
60,2024-09-03 09:00:00,5.0,ok,,1.6613007764048022,5.266156483256349,2024-01-01T00:00:00,fixed,4.597538998604966,6.692657194548348,0.010000000000000009,2024-01-01T00:00:00
60,2024-09-04 09:00:00,12.100000381469727,ok,,2.390022970294422,10.913744632090205,2024-01-01T00:00:00,fixed,9.528081196672602,13.870068571577296,0.8371291422729032,2024-01-01T00:00:00
60,2024-09-05 09:00:00,6.099999904632568,ok,,2.1246009855561527,8.369557247539086,2024-01-01T00:00:00,fixed,7.306916528014738,10.636709658367366,0.14760805397813004,2024-01-01T00:00:00
60,2024-09-06 09:00:00,4.0,ok,,1.6168581962086406,5.037239411504609,2024-01-01T00:00:00,fixed,4.397686379684251,6.401730881954826,0.010000000000000009,2024-01-01T00:00:00
60,2024-09-06 23:00:00,19.5,abstain,outside_training_support,1.650358639273017,5.2088475895461315,2024-01-01T00:00:00,fixed,4.547506327787575,6.619824421534331,0.010000000000000009,2024-01-01T00:00:00
60,2024-09-07 01:00:00,7.599999904632568,abstain,outside_training_support,2.261465744989348,9.59714583091894,2024-01-01T00:00:00,fixed,8.378644343979902,12.196828426319794,0.44558870251084803,2024-01-01T00:00:00
60,2024-09-07 09:00:00,7.199999809265137,ok,,2.052054033293297,7.783873031615804,2024-01-01T00:00:00,fixed,6.7955937004200635,9.892374830130633,0.08354657227358664,2024-01-01T00:00:00
60,2024-09-08 09:00:00,7.5,ok,,1.8715413677710937,6.498304961702106,2024-01-01T00:00:00,fixed,5.673247762622409,8.25857104561618,0.013708421469391996,2024-01-01T00:00:00
60,2024-09-09 09:00:00,6.900000095367432,ok,,2.0191286532161743,7.531759299363118,2024-01-01T00:00:00,fixed,6.575489584676272,9.571968326949396,0.0671762615954482,2024-01-01T00:00:00
60,2024-09-10 10:30:00,6.800000190734863,ok,,1.8811075656321294,6.560767320028452,2024-01-01T00:00:00,fixed,5.727779588492619,8.337953257893851,0.01563808758815799,2024-01-01T00:00:00
60,2024-09-11 09:00:00,4.5,ok,,1.7428378255245809,5.713534452051503,2024-01-01T00:00:00,fixed,4.9881156298144775,7.261221267997199,0.010000000000000009,2024-01-01T00:00:00
60,2024-09-11 19:00:00,12.0,ok,,1.8573419704062426,6.4066849611357854,2024-01-01T00:00:00,fixed,5.593260294153679,8.142132945475348,0.010844159575599144,2024-01-01T00:00:00
60,2024-09-12 09:00:00,6.099999904632568,ok,,1.7986244490089107,6.041331586615739,2024-01-01T00:00:00,fixed,5.274294005747989,7.677812354488632,0.010000000000000009,2024-01-01T00:00:00
60,2024-09-13 10:00:00,7.199999809265137,ok,,2.034990410036632,7.652178741012951,2024-01-01T00:00:00,fixed,6.6806199735919085,9.725007083979056,0.07379414261003425,2024-01-01T00:00:00
60,2024-09-13 21:00:00,7.5,ok,,1.9247791677280308,6.853634994984446,2024-01-01T00:00:00,fixed,5.983463323171227,8.7101531646146,0.04049393460960027,2024-01-01T00:00:00
60,2024-09-14 09:00:00,4.5,ok,,1.7147158975062964,5.555097071221804,2024-01-01T00:00:00,fixed,4.849794248838168,7.059866241790382,0.010000000000000009,2024-01-01T00:00:00
60,2024-09-14 17:30:00,3.299999952316284,ok,,1.7127295168712229,5.544073486116221,2024-01-01T00:00:00,fixed,4.840170273062191,7.045856579069351,0.010000000000000009,2024-01-01T00:00:00
60,2024-09-15 09:00:00,5.300000190734863,abstain,outside_training_support,1.6285880981445817,5.096673633160963,2024-01-01T00:00:00,fixed,4.449574536214659,6.477264693461473,0.010000000000000009,2024-01-01T00:00:00
60,2024-09-16 09:00:00,6.699999809265137,ok,,1.6735428059640194,5.331021154107792,2024-01-01T00:00:00,fixed,4.654168127423937,6.7750924597035285,0.010000000000000009,2024-01-01T00:00:00
60,2024-09-16 17:00:00,5.300000190734863,ok,,1.778912694515792,5.9234123571531825,2024-01-01T00:00:00,fixed,5.171346389614046,7.527951069138034,0.010000000000000009,2024-01-01T00:00:00
60,2024-09-17 09:00:00,4.900000095367432,ok,,1.597050760963004,4.938446267421899,2024-01-01T00:00:00,fixed,4.311436505765921,6.276176571402257,0.010000000000000009,2024-01-01T00:00:00
60,2024-09-18 09:00:00,6.699999809265137,ok,,2.0282826516806582,7.60102154199996,2024-01-01T00:00:00,fixed,6.6359579476400725,9.659992381678466,0.0707494543474162,2024-01-01T00:00:00
60,2024-09-19 09:00:00,4.699999809265137,ok,,1.833133203856857,6.253449327156986,2024-01-01T00:00:00,fixed,5.4594802203116926,7.947388719497612,0.010000000000000009,2024-01-01T00:00:00
60,2024-09-20 09:00:00,6.900000095367432,ok,,2.0307542287920683,7.619831288160296,2024-01-01T00:00:00,fixed,6.6523795146407805,9.683897327034316,0.07187131673748937,2024-01-01T00:00:00
60,2024-09-21 11:00:00,5.699999809265137,ok,,1.6770589636219402,5.349798858301249,2024-01-01T00:00:00,fixed,4.670561720665644,6.798956683538694,0.010000000000000009,2024-01-01T00:00:00
60,2024-09-22 09:00:00,3.799999952316284,abstain,outside_training_support,1.594372034278565,4.925235221915489,2024-01-01T00:00:00,fixed,4.299902800468486,6.259386907244519,0.010000000000000009,2024-01-01T00:00:00
60,2024-09-23 09:00:00,4.900000095367432,ok,,1.7629888410316905,5.829835833413379,2024-01-01T00:00:00,fixed,5.089650807909341,7.409026461250052,0.010000000000000009,2024-01-01T00:00:00
60,2024-09-24 09:00:00,6.800000190734863,ok,,1.975931598715669,7.213336459632335,2024-01-01T00:00:00,fixed,6.297495296363068,9.167290851829065,0.055956830949877134,2024-01-01T00:00:00
60,2024-09-25 09:00:00,9.199999809265137,ok,,2.167181606167538,8.733634499391764,2024-01-01T00:00:00,fixed,7.624768716649774,11.09940844955036,0.223885224104168,2024-01-01T00:00:00
60,2024-09-26 09:00:00,6.699999809265137,ok,,2.103467209103659,8.19453287297393,2024-01-01T00:00:00,fixed,7.15411412073189,10.414274540197368,0.12952656505019267,2024-01-01T00:00:00
60,2024-09-27 09:00:00,7.599999904632568,ok,,2.089426439456763,8.080279305571311,2024-01-01T00:00:00,fixed,7.054366755925429,10.269071874399044,0.12313864942971686,2024-01-01T00:00:00
60,2024-09-28 03:31:00,6.099999904632568,ok,,1.851078115919317,6.366679842718798,2024-01-01T00:00:00,fixed,5.558334425040087,8.091291208348187,0.010000000000000009,2024-01-01T00:00:00
60,2024-09-28 09:00:00,4.900000095367432,ok,,1.907217141737329,6.734322034303476,2024-01-01T00:00:00,fixed,5.879298930883632,8.558520613010172,0.023060519533228074,2024-01-01T00:00:00
60,2024-09-29 09:00:00,6.199999809265137,ok,,1.9367969717623232,6.936497552967488,2024-01-01T00:00:00,fixed,6.055805237632461,8.81546159906905,0.04781588471782061,2024-01-01T00:00:00
60,2024-09-30 09:00:00,8.899999618530273,ok,,2.137505881327867,8.478265436748519,2024-01-01T00:00:00,fixed,7.401822583493184,10.774864809459448,0.1791511548890654,2024-01-01T00:00:00
60,2024-10-01 09:00:00,7.800000190734863,ok,,2.0941340492121725,8.118407783839166,2024-01-01T00:00:00,fixed,7.08765425248032,10.317528625581405,0.12528039910925326,2024-01-01T00:00:00
60,2024-10-02 09:00:00,9.5,ok,,2.2390840401230014,9.384731312089581,2024-01-01T00:00:00,fixed,8.193199031579308,11.926874891480896,0.3863158030231443,2024-01-01T00:00:00
60,2024-10-03 09:00:00,9.399999618530273,ok,,2.197851857444316,9.005647292004664,2024-01-01T00:00:00,fixed,7.862245408831915,11.445104286595486,0.2750708725581752,2024-01-01T00:00:00
60,2024-10-04 09:00:00,7.300000190734863,ok,,2.1548305850365455,8.626428609078793,2024-01-01T00:00:00,fixed,7.531174220709297,10.963162541290263,0.20790877697829735,2024-01-01T00:00:00
60,2024-10-05 09:00:00,10.0,ok,,2.240124862237214,9.394504233029004,2024-01-01T00:00:00,fixed,8.201731133747584,11.939295109118737,0.38872912456870234,2024-01-01T00:00:00
60,2024-10-06 09:00:00,7.800000190734863,ok,,2.114317294647163,8.283928352936762,2024-01-01T00:00:00,fixed,7.232159504824613,10.527885539801275,0.13593150568842016,2024-01-01T00:00:00
60,2024-10-07 09:00:00,8.0,ok,,2.1160605320168155,8.298381800644021,2024-01-01T00:00:00,fixed,7.244777870744748,10.546254149069073,0.13698559187194292,2024-01-01T00:00:00
60,2024-10-08 09:00:00,7.699999809265137,ok,,2.0749440356119435,7.964100740538342,2024-01-01T00:00:00,fixed,6.95293880078598,10.12142276606123,0.11340387332163526,2024-01-01T00:00:00
60,2024-10-09 09:00:00,9.5,ok,,2.170205685975463,8.760085682216975,2024-01-01T00:00:00,fixed,7.6478615254154825,11.133024750091813,0.2271047458630301,2024-01-01T00:00:00
60,2024-10-10 09:00:00,9.199999809265137,ok,,2.2770785739532045,9.748160240795535,2024-01-01T00:00:00,fixed,8.510485211406925,12.38874974122081,0.4951660928972782,2024-01-01T00:00:00
60,2024-10-11 09:00:00,7.800000190734863,ok,,2.1277973455017167,8.39635216537528,2024-01-01T00:00:00,fixed,7.330309429480541,10.670762805136532,0.1548452503968979,2024-01-01T00:00:00
60,2024-10-12 09:00:00,8.699999809265137,ok,,2.1901562547848332,8.936609393586213,2024-01-01T00:00:00,fixed,7.801972906225936,11.357365346627443,0.25623951350407725,2024-01-01T00:00:00
60,2024-10-13 09:00:00,8.0,ok,,2.1829690127294743,8.872610083484703,2024-01-01T00:00:00,fixed,7.746099267641319,11.276029851839384,0.24359520566954906,2024-01-01T00:00:00
60,2024-10-14 09:00:00,9.0,ok,,2.2346282962250994,9.343008375202379,2024-01-01T00:00:00,fixed,8.156773446793679,11.873850011832207,0.37766132025482324,2024-01-01T00:00:00
60,2024-10-15 09:00:00,9.199999809265137,ok,,2.126906817262196,8.388878304998839,2024-01-01T00:00:00,fixed,7.323784487682842,10.661264419439396,0.15276941458219329,2024-01-01T00:00:00
60,2024-10-16 09:00:00,9.699999809265137,ok,,2.447289026716681,11.556973565974294,2024-01-01T00:00:00,fixed,10.08964257791256,14.687535877341643,0.909155951526197,2024-01-01T00:00:00
60,2024-10-17 09:00:00,5.300000190734863,ok,,2.0732782048848337,7.950844940835579,2024-01-01T00:00:00,fixed,6.941366023508108,10.104576224654368,0.11195495092051111,2024-01-01T00:00:00
60,2024-10-18 09:00:00,12.0,ok,,2.1232370422350595,8.358149427409373,2024-01-01T00:00:00,fixed,7.296957101609125,10.622211678729274,0.1446892888282978,2024-01-01T00:00:00
60,2024-10-18 13:00:00,5.599999904632568,ok,,1.8311098731016378,6.240809322574361,2024-01-01T00:00:00,fixed,5.448445053735095,7.931324780289195,0.010000000000000009,2024-01-01T00:00:00
60,2024-10-19 09:00:00,9.699999809265137,ok,,2.19215816861698,8.95451763494092,2024-01-01T00:00:00,fixed,7.817607427966124,11.380124586829547,0.25905428268214203,2024-01-01T00:00:00
60,2024-10-20 09:00:00,8.100000381469727,ok,,2.1313139890593513,8.42593112196581,2024-01-01T00:00:00,fixed,7.356132894258959,10.708354133320999,0.1692646475305024,2024-01-01T00:00:00
60,2024-10-21 09:00:00,7.599999904632568,ok,,2.213786373715618,9.150297328848659,2024-01-01T00:00:00,fixed,7.988529955759901,11.628937241968854,0.3222467351430479,2024-01-01T00:00:00
60,2024-10-22 09:00:00,6.699999809265137,ok,,2.006916332919117,7.440338409207484,2024-01-01T00:00:00,fixed,6.4956759465677045,9.455783272407722,0.06258010325641106,2024-01-01T00:00:00
60,2024-10-23 09:00:00,6.0,ok,,1.650315962662172,5.208625298327953,2024-01-01T00:00:00,fixed,4.547312259770821,6.619541915891867,0.010000000000000009,2024-01-01T00:00:00
60,2024-10-24 09:00:00,9.600000381469727,ok,,2.25001825468523,9.48790903357059,2024-01-01T00:00:00,fixed,8.283276795087545,12.058001477290206,0.4032173524558722,2024-01-01T00:00:00
60,2024-10-25 09:00:00,7.800000190734863,ok,,2.139975146093444,8.499226387282619,2024-01-01T00:00:00,fixed,7.42012222723426,10.801503679163119,0.1837449266201716,2024-01-01T00:00:00
60,2024-10-26 09:00:00,5.400000095367432,ok,,2.0767537040618693,7.9785261710669575,2024-01-01T00:00:00,fixed,6.965532706728169,10.139755768834457,0.11497790429190935,2024-01-01T00:00:00
60,2024-10-27 09:00:00,9.100000381469727,ok,,2.3138606553518883,10.113393711120972,2024-01-01T00:00:00,fixed,8.829346819252406,12.852917948268066,0.62226529654164,2024-01-01T00:00:00
60,2024-10-28 09:00:00,10.699999809265137,ok,,2.2388562551720725,9.382593854977701,2024-01-01T00:00:00,fixed,8.191332956679906,11.924158438264332,0.3857876452118102,2024-01-01T00:00:00
60,2024-10-28 15:34:18,7.400000095367432,ok,,2.176030658802145,8.811261848462332,2024-01-01T00:00:00,fixed,7.69254011042529,11.198063557483954,0.23365332833426367,2024-01-01T00:00:00
60,2024-10-29 09:00:00,9.399999618530273,ok,,2.24984720269884,9.486286246678125,2024-01-01T00:00:00,fixed,8.281860045310312,12.055939108576782,0.4029397897553333,2024-01-01T00:00:00
60,2024-10-30 09:00:00,11.0,ok,,2.148386767519196,8.571020189892382,2024-01-01T00:00:00,fixed,7.4828007306942315,10.892745044870335,0.19723339100660264,2024-01-01T00:00:00
60,2024-10-31 09:00:00,10.199999809265137,ok,,2.2102437095054284,9.117938250506974,2024-01-01T00:00:00,fixed,7.960279347349798,11.58781271041325,0.3171888867483844,2024-01-01T00:00:00
60,2024-10-31 15:30:00,11.600000381469727,ok,,2.1972458282334077,9.000191260106913,2024-01-01T00:00:00,fixed,7.857482101948175,11.438170320381175,0.27069685973692004,2024-01-01T00:00:00
60,2024-10-31 22:00:00,9.800000190734863,ok,,2.0944569916163798,8.121029985354454,2024-01-01T00:00:00,fixed,7.089943526216692,10.320861131155946,0.1254273233078712,2024-01-01T00:00:00
60,2024-11-01 03:00:00,8.399999618530273,ok,,1.8704525695989376,6.491233469550149,2024-01-01T00:00:00,fixed,5.667074102373171,8.249584021972378,0.013488792210881506,2024-01-01T00:00:00
60,2024-11-01 09:00:00,7.300000190734863,ok,,2.1253015659341776,8.375422849542394,2024-01-01T00:00:00,fixed,7.312037403941278,10.644164139367428,0.14910725820488357,2024-01-01T00:00:00
60,2024-11-01 19:00:00,8.399999618530273,ok,,2.3471007410436937,10.45521336952241,2024-01-01T00:00:00,fixed,9.127767349479164,13.28732999115211,0.7252375245003833,2024-01-01T00:00:00
60,2024-11-02 09:00:00,9.600000381469727,ok,,2.2549868023235944,9.535167467261639,2024-01-01T00:00:00,fixed,8.324535062402312,12.118061313577089,0.41244123107422326,2024-01-01T00:00:00
60,2024-11-03 09:00:00,9.300000190734863,ok,,2.2684383542057915,9.664296815118865,2024-01-01T00:00:00,fixed,8.437269504404863,12.282169323225448,0.47673217132220114,2024-01-01T00:00:00
60,2024-11-04 09:00:00,9.600000381469727,ok,,2.2830567628639136,9.806611125381913,2024-01-01T00:00:00,fixed,8.561514880244767,12.463033848519656,0.5207247239209499,2024-01-01T00:00:00
60,2024-11-05 09:00:00,9.600000381469727,ok,,2.2951462728820915,9.925887794319582,2024-01-01T00:00:00,fixed,8.665647588569746,12.614620277644114,0.5639778902021468,2024-01-01T00:00:00
60,2024-11-06 09:00:00,5.699999809265137,ok,,1.8471226953769724,6.341546685353926,2024-01-01T00:00:00,fixed,5.536392298650476,8.059349961065745,0.010000000000000009,2024-01-01T00:00:00
60,2024-11-07 09:00:00,7.800000190734863,ok,,2.1999318250468916,9.024398240534856,2024-01-01T00:00:00,fixed,7.878615643442771,11.468934507171763,0.2915417458958255,2024-01-01T00:00:00
60,2024-11-08 09:00:00,10.600000381469727,ok,,2.2727404051652975,9.70596267256492,2024-01-01T00:00:00,fixed,8.473645256839797,12.33512166170798,0.4844993626032852,2024-01-01T00:00:00
60,2024-11-08 15:00:00,7.300000190734863,ok,,2.0424579834540846,7.709535840198213,2024-01-01T00:00:00,fixed,6.730694729476875,9.797901120406037,0.0771837150912954,2024-01-01T00:00:00
60,2024-11-09 09:00:00,9.699999809265137,ok,,2.2902249878301584,9.877159671926085,2024-01-01T00:00:00,fixed,8.623106231558195,12.552692642194891,0.5486426941650369,2024-01-01T00:00:00
60,2024-11-10 09:00:00,13.5,ok,,2.455289657848643,11.649807518390388,2024-01-01T00:00:00,fixed,10.17068986885134,14.805516765587434,0.9125540596356101,2024-01-01T00:00:00
60,2024-11-12 09:00:00,8.199999809265137,ok,,2.281292842397752,9.789328290568358,2024-01-01T00:00:00,fixed,8.546426360312934,12.441069425486484,0.5096021963934052,2024-01-01T00:00:00
60,2024-11-13 09:00:00,5.699999809265137,ok,,2.1106781230122205,8.253836503761127,2024-01-01T00:00:00,fixed,7.205888266861024,10.489642386274996,0.13373100184044173,2024-01-01T00:00:00
60,2024-11-14 09:00:00,6.400000095367432,ok,,2.0685607332455174,7.9134253875554785,2024-01-01T00:00:00,fixed,6.908697443289759,10.057020432631644,0.10697161942137445,2024-01-01T00:00:00
60,2024-11-15 09:00:00,8.699999809265137,ok,,2.241301591567684,9.405565528504273,2024-01-01T00:00:00,fixed,8.211388031996684,11.95335269722478,0.39085381271539255,2024-01-01T00:00:00
60,2024-11-16 09:00:00,8.5,ok,,2.219586724222314,9.203526485241575,2024-01-01T00:00:00,fixed,8.035000873051738,11.696585155133885,0.3274275505590549,2024-01-01T00:00:00
60,2024-11-17 09:00:00,7.199999809265137,ok,,2.297508495139817,9.949362662907548,2024-01-01T00:00:00,fixed,8.686141970793944,12.644454037549629,0.5677608484338432,2024-01-01T00:00:00
60,2024-11-18 09:00:00,7.699999809265137,ok,,2.1885307105080942,8.922094339960399,2024-01-01T00:00:00,fixed,7.789300756181838,11.338918443580233,0.25395393464734994,2024-01-01T00:00:00
60,2024-11-19 10:00:00,5.900000095367432,ok,,2.1451226299459587,8.543088811580075,2024-01-01T00:00:00,fixed,7.458415659440859,10.857247592295602,0.19271935986166722,2024-01-01T00:00:00
60,2024-11-20 09:00:00,7.099999904632568,ok,,2.217907826795889,9.188087672029795,2024-01-01T00:00:00,fixed,8.021522248544658,11.67696426375976,0.32592797606632795,2024-01-01T00:00:00
60,2024-11-21 09:00:00,8.5,ok,,1.993436217980449,7.340714769898463,2024-01-01T00:00:00,fixed,6.4087010212379205,9.329173501412784,0.05888996126700019,2024-01-01T00:00:00
60,2024-11-22 09:00:00,8.0,ok,,2.147102687298076,8.56002137558297,2024-01-01T00:00:00,fixed,7.473198380690635,10.878766862878699,0.1954576147163336,2024-01-01T00:00:00
60,2024-11-23 09:00:00,7.099999904632568,ok,,1.9680110942764555,7.156428862126588,2024-01-01T00:00:00,fixed,6.247812971183129,9.094968078458725,0.054629645745437605,2024-01-01T00:00:00
60,2024-11-24 09:00:00,7.5,ok,,2.115752916325725,8.29582948077843,2024-01-01T00:00:00,fixed,7.242549606135393,10.543010454741808,0.13679958539029102,2024-01-01T00:00:00
60,2024-11-25 09:00:00,7.199999809265137,ok,,2.163172308247303,8.698688857313355,2024-01-01T00:00:00,fixed,7.5942599475318024,11.054996703788952,0.21952180384873698,2024-01-01T00:00:00
60,2024-11-26 09:00:00,7.300000190734863,ok,,1.976726612573731,7.219073442268788,2024-01-01T00:00:00,fixed,6.302503883078876,9.174581872944545,0.05609004602952794,2024-01-01T00:00:00
60,2024-11-27 09:00:00,8.100000381469727,ok,,2.049496321620787,7.763989567629084,2024-01-01T00:00:00,fixed,6.778234740161865,9.86710531739846,0.08087190231209118,2024-01-01T00:00:00
60,2024-11-28 09:00:00,8.899999618530273,ok,,2.135688183742337,8.462868511850582,2024-01-01T00:00:00,fixed,7.388380528950759,10.75529715313937,0.17641901983902164,2024-01-01T00:00:00
60,2024-11-29 09:00:00,7.800000190734863,ok,,2.129811483595914,8.413280620524176,2024-01-01T00:00:00,fixed,7.34508856355691,10.69227685385595,0.15954023906333992,2024-01-01T00:00:00
60,2024-11-30 09:00:00,6.5,ok,,1.9348276043896455,6.922850483463463,2024-01-01T00:00:00,fixed,6.043890868118202,8.798117800381904,0.046616030767268835,2024-01-01T00:00:00
60,2024-12-01 09:00:00,6.0,ok,,2.0454982416125564,7.733010485844203,2024-01-01T00:00:00,fixed,6.7511889170649235,9.827734596978871,0.07856370492384279,2024-01-01T00:00:00
60,2024-12-02 09:00:00,6.900000095367432,ok,,2.087210370496265,8.062392675732724,2024-01-01T00:00:00,fixed,7.038751101795517,10.24634009985796,0.12213043820733938,2024-01-01T00:00:00
60,2024-12-03 09:00:00,7.0,ok,,2.081223823497757,8.014270968209274,2024-01-01T00:00:00,fixed,6.9967391661984735,10.185183145427388,0.11886596811553407,2024-01-01T00:00:00
60,2024-12-04 09:00:00,7.300000190734863,ok,,1.9447230533680906,6.991695260424958,2024-01-01T00:00:00,fixed,6.1039947689303204,8.885611305997124,0.05072742669219821,2024-01-01T00:00:00
60,2024-12-05 09:00:00,6.5,ok,,1.8546572326142385,6.389507760356715,2024-01-01T00:00:00,fixed,5.578263996432612,8.120302770709031,0.01030260193375876,2024-01-01T00:00:00
60,2024-12-06 09:00:00,7.900000095367432,ok,,2.161828091310015,8.68700378781282,2024-01-01T00:00:00,fixed,7.58405847271788,11.040146373247087,0.21773588994675874,2024-01-01T00:00:00
60,2024-12-07 09:00:00,6.5,ok,,1.9913778198291143,7.325620196836917,2024-01-01T00:00:00,fixed,6.395522930435188,9.309990098238153,0.05854504945080674,2024-01-01T00:00:00
60,2024-12-07 15:39:56,9.300000190734863,ok,,2.4479292402580946,11.56437486590241,2024-01-01T00:00:00,fixed,10.096104171898244,14.696942047357746,0.9098127820628542,2024-01-01T00:00:00
60,2024-12-08 09:00:00,8.5,ok,,2.144558112425232,8.538267449264605,2024-01-01T00:00:00,fixed,7.454206441324714,10.851120215471395,0.191938679019256,2024-01-01T00:00:00
60,2024-12-09 09:00:00,5.0,ok,,1.70797619108111,5.517783231206113,2024-01-01T00:00:00,fixed,4.817217960001082,7.012444798726308,0.010000000000000009,2024-01-01T00:00:00
60,2024-12-10 09:00:00,7.900000095367432,ok,,2.330492435683691,10.283004004577721,2024-01-01T00:00:00,fixed,8.977422544159474,13.068472414676716,0.6918187184615068,2024-01-01T00:00:00
60,2024-12-10 15:00:00,7.300000190734863,ok,,2.5144980205692478,12.360402553705987,2024-01-01T00:00:00,fixed,10.79106421539153,15.70859835661804,0.9499087055981951,2024-01-01T00:00:00
60,2024-12-11 09:00:00,8.0,ok,,2.0929998952395024,8.10920547880119,2024-01-01T00:00:00,fixed,7.0796203179735,10.305833592740157,0.12476441030947649,2024-01-01T00:00:00
60,2024-12-12 09:00:00,5.300000190734863,ok,,2.041654992173599,7.703347635011857,2024-01-01T00:00:00,fixed,6.725292209675935,9.79003664921277,0.07681923295032778,2024-01-01T00:00:00
60,2024-12-13 09:00:00,7.5,ok,,1.931043977498361,6.896706490955848,2024-01-01T00:00:00,fixed,6.021066247255688,8.764891902118793,0.044310823655632214,2024-01-01T00:00:00
60,2024-12-14 09:00:00,9.600000381469727,ok,,1.8934373166720486,6.64216069661551,2024-01-01T00:00:00,fixed,5.798838856153377,8.441394537912007,0.018125209763569017,2024-01-01T00:00:00
60,2024-12-15 09:00:00,8.5,ok,,2.056832533040866,7.821157277366078,2024-01-01T00:00:00,fixed,6.828144152427228,9.939758662410828,0.08854358185570788,2024-01-01T00:00:00
60,2024-12-16 09:00:00,6.099999904632568,ok,,1.93515400176171,6.92511045247237,2024-01-01T00:00:00,fixed,6.045863900193326,8.800989951616872,0.04681489116363491,2024-01-01T00:00:00
60,2024-12-17 09:00:00,11.300000190734863,ok,,1.8242394062277025,6.198079005555116,2024-01-01T00:00:00,fixed,5.411139990821877,7.877019640566622,0.010000000000000009,2024-01-01T00:00:00
60,2024-12-17 16:00:00,7.400000095367432,ok,,2.0042509118622847,7.42053318090337,2024-01-01T00:00:00,fixed,6.478385288799758,9.430613187902896,0.0615769607806641,2024-01-01T00:00:00
60,2024-12-18 09:00:00,8.0,ok,,2.0531200396718825,7.792175114167898,2024-01-01T00:00:00,fixed,6.802841709176401,9.902925787493686,0.0846613246791097,2024-01-01T00:00:00
60,2024-12-19 09:00:00,8.5,ok,,2.1475999725417165,8.56427920648879,2024-01-01T00:00:00,fixed,7.476915616154718,10.884178058450955,0.19614531890383924,2024-01-01T00:00:00
60,2024-12-20 09:00:00,11.300000190734863,ok,,2.270196745040643,9.68130537552977,2024-01-01T00:00:00,fixed,8.452118573179765,12.30378517618479,0.47957006107325306,2024-01-01T00:00:00
60,2024-12-20 22:41:32,13.100000381469727,ok,,2.107230985769903,8.225433379416483,2024-01-01T00:00:00,fixed,7.181091344803749,10.453545400722588,0.13164661574185932,2024-01-01T00:00:00
60,2024-12-22 09:00:00,9.699999809265137,ok,,2.239039312491778,9.384311564675546,2024-01-01T00:00:00,fixed,8.192832577389856,11.926341442549141,0.38621209446945404,2024-01-01T00:00:00
60,2024-12-23 09:00:00,7.099999904632568,ok,,2.163430179741318,8.700932290451256,2024-01-01T00:00:00,fixed,7.596218543212553,11.05784783990285,0.21986440947533603,2024-01-01T00:00:00
60,2024-12-24 09:00:00,8.699999809265137,ok,,2.143069703500295,8.525568468771974,2024-01-01T00:00:00,fixed,7.4431197867137024,10.834981324910952,0.18982984902823063,2024-01-01T00:00:00
60,2024-12-25 09:00:00,8.5,abstain,outside_training_support,2.080638289254504,8.009579711702374,2024-01-01T00:00:00,fixed,6.992643535008723,10.179221117578008,0.11835667646430681,2024-01-01T00:00:00
60,2024-12-26 09:00:00,7.699999809265137,abstain,outside_training_support,2.0657696563211734,7.891369203135781,2024-01-01T00:00:00,fixed,6.889441622018136,10.02898965120498,0.10354938133427605,2024-01-01T00:00:00
60,2024-12-27 09:00:00,8.300000190734863,abstain,outside_training_support,2.2238859396154744,9.243179605554365,2024-01-01T00:00:00,fixed,8.069619435495538,11.746979544626768,0.33421761402102157,2024-01-01T00:00:00
60,2024-12-28 09:00:00,9.300000190734863,ok,,2.231436885783019,9.313238529878328,2024-01-01T00:00:00,fixed,8.130783329467135,11.836016086820278,0.37335166344583026,2024-01-01T00:00:00
60,2024-12-29 09:00:00,8.100000381469727,ok,,2.089998532377634,8.084903298711446,2024-01-01T00:00:00,fixed,7.0584036638408385,10.274948418526673,0.12339892585312529,2024-01-01T00:00:00
60,2024-12-30 09:00:00,6.400000095367432,ok,,2.1220453146092764,8.348194722662782,2024-01-01T00:00:00,fixed,7.28826629581223,10.60956043554011,0.14213905597885645,2024-01-01T00:00:00
60,2024-12-31 03:50:00,2.0999999046325684,abstain,outside_training_support,2.1805708576048812,8.851357681608187,2024-01-01T00:00:00,fixed,7.727545176673463,11.249020582218831,0.23899448619197594,2024-01-01T00:00:00
60,2024-12-31 09:00:00,2.700000047683716,ok,,1.6195135484400736,5.05063283066931,2024-01-01T00:00:00,fixed,4.409379303570991,6.418752321294361,0.010000000000000009,2024-01-01T00:00:00
120,2024-01-01 08:00:00,10.800000190734863,ok,,2.14315724416063,8.526314835333695,2024-01-01T00:00:00,fixed,7.299398298705874,11.241645736106385,0.20542844683428174,2024-01-01T00:00:00
120,2024-01-01 20:00:00,8.300000190734863,ok,,2.1689989557603884,8.749520997781586,2024-01-01T00:00:00,fixed,7.490485622350199,11.535935197944772,0.22914274057759976,2024-01-01T00:00:00
120,2024-01-02 08:00:00,9.5,ok,,2.0964667647165878,8.137367825141162,2024-01-01T00:00:00,fixed,6.966419843263348,10.728832805415315,0.16035702898607607,2024-01-01T00:00:00
120,2024-01-03 08:00:00,7.199999809265137,ok,,1.8531008899067332,6.379571230877622,2024-01-01T00:00:00,fixed,5.461566021015756,8.411239921446743,0.025366693650503036,2024-01-01T00:00:00
120,2024-01-04 08:00:00,8.899999618530273,ok,,1.7908525227597847,5.994560788100226,2024-01-01T00:00:00,fixed,5.131957670248899,7.903617216210856,0.011138141750944741,2024-01-01T00:00:00
120,2024-01-05 08:00:00,6.099999904632568,ok,,2.0765235403431612,7.97669001512996,2024-01-01T00:00:00,fixed,6.8288631900448715,10.51698477344798,0.14284620702498974,2024-01-01T00:00:00
120,2024-01-06 08:00:00,6.900000095367432,ok,,2.2504648641279843,9.492147369706998,2024-01-01T00:00:00,fixed,8.126249815966716,12.515061907279888,0.45000973438153236,2024-01-01T00:00:00
120,2024-01-07 08:00:00,3.200000047683716,ok,,2.3496159520654536,10.481543536506372,2024-01-01T00:00:00,fixed,8.973274214685018,13.819545897681925,0.7350417935114639,2024-01-01T00:00:00
120,2024-01-08 10:00:00,12.600000381469727,abstain,outside_training_support,2.4099529325729887,11.13343711049434,2024-01-01T00:00:00,fixed,9.531361845367591,14.679044609370088,0.8422934812588383,2024-01-01T00:00:00
120,2024-01-08 12:00:00,1.0,abstain,outside_training_support,1.4651888464679628,4.328360558728081,2024-01-01T00:00:00,fixed,3.70551971264721,5.706790912495345,0.010000000000000009,2024-01-01T00:00:00
120,2024-01-08 14:00:00,2.0,abstain,outside_training_support,1.5258931926159205,4.599249751144546,2024-01-01T00:00:00,fixed,3.9374285910372455,6.06394876951772,0.010000000000000009,2024-01-01T00:00:00
120,2024-01-09 08:00:00,6.0,abstain,outside_training_support,2.1655669715949113,8.719544249547786,2024-01-01T00:00:00,fixed,7.464822457280132,11.496411911451956,0.22701528400280613,2024-01-01T00:00:00
120,2024-01-10 08:00:00,9.199999809265137,abstain,outside_training_support,2.164138378421578,8.70709646168772,2024-01-01T00:00:00,fixed,7.454165876649085,11.479999941682651,0.22612971175282726,2024-01-01T00:00:00
120,2024-01-11 08:00:00,4.699999809265137,ok,,1.999619146273812,7.386242485204005,2024-01-01T00:00:00,fixed,6.323379663028487,9.73850050616759,0.08430742409614378,2024-01-01T00:00:00
120,2024-01-12 08:00:00,6.800000190734863,ok,,1.9800119742017968,7.242829711746318,2024-01-01T00:00:00,fixed,6.2006036484422555,9.549415816664604,0.07876930034939578,2024-01-01T00:00:00
120,2024-01-13 08:00:00,3.5,ok,,1.5280995083295354,4.609408350559234,2024-01-01T00:00:00,fixed,3.946125392025349,6.077342524967811,0.010000000000000009,2024-01-01T00:00:00
120,2024-01-13 21:00:00,3.4000000953674316,abstain,outside_training_support,1.7269411590445767,5.623426406764112,2024-01-01T00:00:00,fixed,4.814228648504412,7.414289609144339,0.010000000000000009,2024-01-01T00:00:00
120,2024-01-14 08:00:00,4.099999904632568,ok,,1.7237484544526165,5.605501097787423,2024-01-01T00:00:00,fixed,4.798882749088876,7.39065572075083,0.010000000000000009,2024-01-01T00:00:00
120,2024-01-15 08:00:00,2.299999952316284,abstain,outside_training_support,1.6374991885362586,5.14229351215586,2024-01-01T00:00:00,fixed,4.402329639356756,6.779932837475621,0.010000000000000009,2024-01-01T00:00:00
120,2024-01-16 08:00:00,6.300000190734863,abstain,outside_training_support,2.025035409400442,7.576379214932694,2024-01-01T00:00:00,fixed,6.486156167099342,9.989189085971608,0.0984377588075197,2024-01-01T00:00:00
120,2024-01-16 18:30:00,4.199999809265137,abstain,outside_training_support,1.6474118384674343,5.1935207469402265,2024-01-01T00:00:00,fixed,4.446185396228742,6.847474141850131,0.010000000000000009,2024-01-01T00:00:00
120,2024-01-17 08:00:00,5.099999904632568,abstain,outside_training_support,2.248135427809044,9.470061750388037,2024-01-01T00:00:00,fixed,8.107342265026348,12.485942796264029,0.4470484056091377,2024-01-01T00:00:00
120,2024-01-18 08:00:00,5.900000095367432,ok,,2.004670344111823,7.423646244642235,2024-01-01T00:00:00,fixed,6.355401109958547,9.787816045286629,0.08577642542131314,2024-01-01T00:00:00
120,2024-01-19 08:00:00,8.199999809265137,ok,,1.9744082545699022,7.202356431069558,2024-01-01T00:00:00,fixed,6.165954377119233,9.49605322192899,0.07733132802790665,2024-01-01T00:00:00
120,2024-01-19 21:45:00,12.800000190734863,ok,,2.1594722313039356,8.666562510864091,2024-01-01T00:00:00,fixed,7.419464665469819,11.42655735549575,0.22323720849939144,2024-01-01T00:00:00
120,2024-01-20 08:00:00,7.300000190734863,ok,,2.039548552867333,7.687138078980218,2024-01-01T00:00:00,fixed,6.580977092599855,10.135220746284691,0.11774472234310884,2024-01-01T00:00:00
120,2024-01-20 20:00:00,6.599999904632568,ok,,1.4989054195619096,4.476786184942806,2024-01-01T00:00:00,fixed,3.832587242336163,5.902484871760266,0.010000000000000009,2024-01-01T00:00:00
120,2024-01-21 08:00:00,10.100000381469727,ok,,1.9739344766594313,7.198944921901836,2024-01-01T00:00:00,fixed,6.163033776051149,9.491555267275702,0.07720975172385447,2024-01-01T00:00:00
120,2024-01-21 20:00:00,5.800000190734863,ok,,1.6149912162156175,5.027843759779293,2024-01-01T00:00:00,fixed,4.304348935627308,6.629034870927318,0.010000000000000009,2024-01-01T00:00:00
120,2024-01-22 08:00:00,7.0,ok,,1.9407566266427574,6.964018139410802,2024-01-01T00:00:00,fixed,5.961912401863894,9.181812580817164,0.05930085155070919,2024-01-01T00:00:00
120,2024-01-23 08:00:00,9.600000381469727,ok,,2.1685436238266904,8.745537968335801,2024-01-01T00:00:00,fixed,7.48707574142019,11.530683713938991,0.2288604843464075,2024-01-01T00:00:00
120,2024-01-24 08:00:00,8.5,ok,,2.21546766119939,9.165694549170375,2024-01-01T00:00:00,fixed,7.846772784112601,12.084645364036936,0.37167084036572384,2024-01-01T00:00:00
120,2024-01-25 08:00:00,10.199999809265137,ok,,2.28503246292559,9.826005199715542,2024-01-01T00:00:00,fixed,8.412066293945578,12.95524169463985,0.5581654757112693,2024-01-01T00:00:00
120,2024-01-26 08:00:00,8.899999618530273,ok,,2.1507854631695027,8.591604136182227,2024-01-01T00:00:00,fixed,7.355292623597856,11.32772737919276,0.2154886426636563,2024-01-01T00:00:00
120,2024-01-27 08:00:00,9.0,ok,,2.1360916509403878,8.466283690606504,2024-01-01T00:00:00,fixed,7.2480054937070335,11.162496786625962,0.193722796323063,2024-01-01T00:00:00
120,2024-01-28 08:00:00,9.899999618530273,ok,,2.061779744891457,7.859946068404714,2024-01-01T00:00:00,fixed,6.728918421106824,10.363061992473318,0.1350022538413862,2024-01-01T00:00:00
120,2024-01-29 08:00:00,9.600000381469727,ok,,2.1412194715635904,8.50980877375393,2024-01-01T00:00:00,fixed,7.285267420343939,11.219883075406933,0.2028330090888436,2024-01-01T00:00:00
120,2024-01-30 08:00:00,7.599999904632568,abstain,outside_training_support,1.7932581445435538,6.008998793343425,2024-01-01T00:00:00,fixed,5.144318080689312,7.922653217486283,0.011666782631516659,2024-01-01T00:00:00
120,2024-01-30 12:07:00,20.600000381469727,abstain,outside_training_support,2.2827224606081122,9.803333301083487,2024-01-01T00:00:00,fixed,8.392656827898483,12.925349595003759,0.5398770454936803,2024-01-01T00:00:00
120,2024-01-30 14:25:00,4.400000095367432,ok,,2.160259898810771,8.673391569710661,2024-01-01T00:00:00,fixed,7.4253110389018495,11.435561229003449,0.22372547660768427,2024-01-01T00:00:00
120,2024-01-30 20:30:00,1.0,ok,,1.7057518881154459,5.505523649167939,2024-01-01T00:00:00,fixed,4.713291818838708,7.258838976860205,0.010000000000000009,2024-01-01T00:00:00
120,2024-01-31 08:00:00,3.299999952316284,abstain,outside_training_support,1.5585922650938449,4.752126799466887,2024-01-01T00:00:00,fixed,4.068306993721938,6.2655117720119975,0.010000000000000009,2024-01-01T00:00:00
120,2024-01-31 13:00:00,2.9000000953674316,abstain,outside_training_support,1.8186486014819616,6.163523442747487,2024-01-01T00:00:00,fixed,5.276606998557309,8.12638852396333,0.017246393526548665,2024-01-01T00:00:00
120,2024-02-01 08:00:00,7.300000190734863,abstain,outside_training_support,2.439636870037303,11.468875294283233,2024-01-01T00:00:00,fixed,9.818531267955986,15.121308037515021,0.8814171641292979,2024-01-01T00:00:00
120,2024-02-01 20:30:00,6.300000190734863,abstain,outside_training_support,2.5128243722108397,12.339732887963597,2024-01-01T00:00:00,fixed,10.564074513835525,16.269503095265268,0.9261794352735554,2024-01-01T00:00:00
120,2024-02-02 00:00:00,19.100000381469727,abstain,outside_training_support,2.314204902024081,10.116875812567129,2024-01-01T00:00:00,fixed,8.661081313634247,13.338744350578747,0.6440466519287205,2024-01-01T00:00:00
120,2024-02-02 05:00:00,11.600000381469727,abstain,outside_training_support,2.3758016181499646,10.759634848555702,2024-01-01T00:00:00,fixed,9.21134884472867,14.186199495716137,0.7957874630481283,2024-01-01T00:00:00
120,2024-02-02 08:00:00,5.300000190734863,ok,,2.1704559830485133,8.762278580449461,2024-01-01T00:00:00,fixed,7.501407419049,11.552755621254384,0.23008356950761133,2024-01-01T00:00:00
120,2024-02-03 08:00:00,7.300000190734863,ok,,1.8976449961655242,6.6701676608145775,2024-01-01T00:00:00,fixed,5.710346312062655,8.794381076871911,0.04598410425366406,2024-01-01T00:00:00
120,2024-02-04 08:00:00,6.900000095367432,ok,,2.2014297002037133,9.03792579122644,2024-01-01T00:00:00,fixed,7.7373896482121065,11.916186757864457,0.3162606546683019,2024-01-01T00:00:00
120,2024-02-05 08:00:00,9.300000190734863,ok,,2.2118135731038144,9.13226341119093,2024-01-01T00:00:00,fixed,7.818152307810262,12.040567586359483,0.3464403241617646,2024-01-01T00:00:00
120,2024-02-05 16:00:00,12.100000381469727,abstain,outside_training_support,2.02101695565212,7.545994975195743,2024-01-01T00:00:00,fixed,6.460144147589545,9.949128536287443,0.09263399428500896,2024-01-01T00:00:00
120,2024-02-06 08:00:00,9.899999618530273,ok,,2.1038456049239387,8.197634236696738,2024-01-01T00:00:00,fixed,7.01801406075047,10.80829194592073,0.17198766492747186,2024-01-01T00:00:00
120,2024-02-07 08:00:00,8.899999618530273,ok,,1.9259853710412298,6.861906859995431,2024-01-01T00:00:00,fixed,5.874494694021996,9.047182456195072,0.05451645641748837,2024-01-01T00:00:00
120,2024-02-08 08:00:00,10.699999809265137,ok,,2.1359002206017217,8.464663142168385,2024-01-01T00:00:00,fixed,7.246618138355909,11.160360150600743,0.19332393251951063,2024-01-01T00:00:00
120,2024-02-09 08:00:00,11.300000190734863,ok,,2.4398817084727185,11.471683659550113,2024-01-01T00:00:00,fixed,9.82093551610388,15.12501076818326,0.8817778644667515,2024-01-01T00:00:00
120,2024-02-11 08:00:00,7.800000190734863,ok,,1.9064822508365922,6.729374860357044,2024-01-01T00:00:00,fixed,5.76103373563989,8.87244368365311,0.048449277527255474,2024-01-01T00:00:00
120,2024-02-12 08:00:00,9.0,ok,,2.357588371612121,10.565440786743293,2024-01-01T00:00:00,fixed,9.045098849063713,13.930161466495838,0.7487834266958797,2024-01-01T00:00:00
120,2024-02-13 08:00:00,2.5999999046325684,ok,,1.7454589757367744,5.728530128467524,2024-01-01T00:00:00,fixed,4.9042081932674355,7.5528651635022035,0.010000000000000009,2024-01-01T00:00:00
120,2024-02-14 08:00:00,8.600000381469727,ok,,1.754430298397812,5.780153840871463,2024-01-01T00:00:00,fixed,4.948403375567367,7.620929209650579,0.010000000000000009,2024-01-01T00:00:00
120,2024-02-15 08:00:00,9.199999809265137,ok,,2.1404843933318376,8.503555697099795,2024-01-01T00:00:00,fixed,7.279914146629284,11.211638614128635,0.20184845094644033,2024-01-01T00:00:00
120,2024-02-16 08:00:00,9.600000381469727,ok,,2.254415685134099,9.52972332398625,2024-01-01T00:00:00,fixed,8.158418679307486,12.564604479230548,0.45893519776229885,2024-01-01T00:00:00
120,2024-02-17 08:00:00,10.699999809265137,ok,,2.304449371473349,10.018660173268248,2024-01-01T00:00:00,fixed,8.57699867251084,13.209250490210406,0.6077689207447834,2024-01-01T00:00:00
120,2024-02-17 14:00:00,7.400000095367432,ok,,2.3622268284034287,10.614561962467997,2024-01-01T00:00:00,fixed,9.087151603793043,13.99492600619472,0.7642116354756175,2024-01-01T00:00:00
120,2024-02-18 08:00:00,8.199999809265137,ok,,2.235696195823482,9.352991099418833,2024-01-01T00:00:00,fixed,8.00711780381226,12.331589267253197,0.41444294383021296,2024-01-01T00:00:00
120,2024-02-19 08:00:00,6.800000190734863,ok,,2.152661371735814,8.607736326505846,2024-01-01T00:00:00,fixed,7.36910342989305,11.34899710381213,0.21793135550311948,2024-01-01T00:00:00
120,2024-02-20 08:00:00,7.699999809265137,ok,,2.223560589153753,9.240172821957662,2024-01-01T00:00:00,fixed,7.910533809616981,12.182842342905476,0.38827326009957885,2024-01-01T00:00:00
120,2024-02-21 08:00:00,7.0,ok,,2.267497053512733,9.655204085996363,2024-01-01T00:00:00,fixed,8.265843056477003,12.73004644336829,0.5001271405377123,2024-01-01T00:00:00
120,2024-02-22 08:00:00,8.100000381469727,ok,,2.2167389964173876,9.177354629813216,2024-01-01T00:00:00,fixed,7.856755006731736,12.100018769590534,0.37512414004417016,2024-01-01T00:00:00
120,2024-02-23 08:00:00,7.800000190734863,ok,,2.179564771352699,8.842456930544001,2024-01-01T00:00:00,fixed,7.570048294219102,11.65846795124402,0.2424156157679701,2024-01-01T00:00:00
120,2024-02-24 10:00:00,7.400000095367432,abstain,outside_training_support,2.0296229460748494,7.611215978809985,2024-01-01T00:00:00,fixed,6.515980003057701,10.035120131876456,0.10753387968662986,2024-01-01T00:00:00
120,2024-02-24 13:00:00,13.899999618530273,ok,,1.8164404333751223,6.149928362490913,2024-01-01T00:00:00,fixed,5.264968218191802,8.108463889587291,0.01676114354239633,2024-01-01T00:00:00
120,2024-02-25 08:00:00,8.0,ok,,2.317503597464638,10.150303408099655,2024-01-01T00:00:00,fixed,8.689698757239402,13.382817457664736,0.651113449189206,2024-01-01T00:00:00
120,2024-02-26 08:00:00,8.300000190734863,ok,,2.061137728562953,7.854901474216833,2024-01-01T00:00:00,fixed,6.724599732090078,10.35641087275304,0.13472582687174262,2024-01-01T00:00:00
120,2024-02-27 08:00:00,8.100000381469727,ok,,2.196344295767424,8.99208095188826,2024-01-01T00:00:00,fixed,7.698141772813138,11.855741952268868,0.3020229820481979,2024-01-01T00:00:00
120,2024-02-28 08:00:00,8.800000190734863,ok,,2.139194858750106,8.492597135201553,2024-01-01T00:00:00,fixed,7.270532495866775,11.197190136325924,0.20012125822393645,2024-01-01T00:00:00
120,2024-02-29 08:00:00,8.300000190734863,ok,,1.981897753206094,7.256500974387019,2024-01-01T00:00:00,fixed,6.212307648727014,9.567440894830275,0.07925321071443092,2024-01-01T00:00:00
120,2024-02-29 19:00:00,8.399999618530273,ok,,2.0182944905054514,7.525479206283338,2024-01-01T00:00:00,fixed,6.442580549295559,9.92207921772823,0.08973863196090537,2024-01-01T00:00:00
120,2024-03-01 04:00:00,14.199999809265137,ok,,2.115511269787127,8.293825064489482,2024-01-01T00:00:00,fixed,7.1003632559539795,10.935116163650491,0.18054509360569215,2024-01-01T00:00:00
120,2024-03-01 08:00:00,9.800000190734863,ok,,2.2337356452272226,9.334672050720817,2024-01-01T00:00:00,fixed,7.991434822889944,12.30743624690821,0.408976394643339,2024-01-01T00:00:00
120,2024-03-02 08:00:00,7.599999904632568,ok,,2.0857976935873355,8.051011160863414,2024-01-01T00:00:00,fixed,6.892489698706795,10.614974585831483,0.1511707095845024,2024-01-01T00:00:00
120,2024-03-03 08:00:00,8.899999618530273,ok,,2.070877116323481,7.931777158872469,2024-01-01T00:00:00,fixed,6.790413187565797,10.457768754711367,0.13891922402583134,2024-01-01T00:00:00
120,2024-03-04 08:00:00,9.199999809265137,ok,,2.0626428159724006,7.866732688800757,2024-01-01T00:00:00,fixed,6.734728462880973,10.372009912379063,0.13537385828959125,2024-01-01T00:00:00
120,2024-03-05 08:00:00,7.900000095367432,ok,,2.2301231274548425,9.301011218821928,2024-01-01T00:00:00,fixed,7.962617705079849,12.263055625889876,0.4031391177749776,2024-01-01T00:00:00
120,2024-03-06 08:00:00,9.399999618530273,ok,,2.1545565184626363,8.624064717291489,2024-01-01T00:00:00,fixed,7.383082203867875,11.37052551182871,0.22019000166515879,2024-01-01T00:00:00
120,2024-03-07 08:00:00,8.5,ok,,2.2760128996321662,9.737777410090201,2024-01-01T00:00:00,fixed,8.336534274552983,12.838916462203253,0.5174100865625786,2024-01-01T00:00:00
120,2024-03-08 08:00:00,8.0,ok,,2.2431586180111527,9.423048140218475,2024-01-01T00:00:00,fixed,8.067093802154018,12.423957007501988,0.4407306770958175,2024-01-01T00:00:00
120,2024-03-08 15:00:00,10.5,ok,,2.216521179266788,9.175355862268534,2024-01-01T00:00:00,fixed,7.855043857108842,12.097383464997625,0.3745324881450659,2024-01-01T00:00:00
120,2024-03-09 07:30:00,8.5,ok,,2.1516630665584384,8.599147466630567,2024-01-01T00:00:00,fixed,7.361750486637703,11.33767299464426,0.21663141321474189,2024-01-01T00:00:00
120,2024-03-10 08:00:00,7.400000095367432,ok,,2.114866217969425,8.288476842681476,2024-01-01T00:00:00,fixed,7.095784630613441,10.928064721609601,0.18022057444667194,2024-01-01T00:00:00
120,2024-03-11 08:00:00,10.0,ok,,2.3379864439742173,10.360354392061575,2024-01-01T00:00:00,fixed,8.869523901464577,13.659762280114288,0.70075232616536,2024-01-01T00:00:00
120,2024-03-12 08:00:00,7.699999809265137,ok,,2.2435000607918556,9.426266121325114,2024-01-01T00:00:00,fixed,8.069848723391235,12.428199802224556,0.44116411596105765,2024-01-01T00:00:00
120,2024-03-13 08:00:00,7.5,ok,,2.098509627950929,8.154008346062506,2024-01-01T00:00:00,fixed,6.98066583258566,10.750772746019761,0.1645010499966829,2024-01-01T00:00:00
120,2024-03-14 08:00:00,8.399999618530273,ok,,2.2370592833119556,9.365748737479354,2024-01-01T00:00:00,fixed,8.018039647932836,12.348409763596061,0.419006466509385,2024-01-01T00:00:00
120,2024-03-15 08:00:00,7.800000190734863,ok,,2.1288141517806602,8.404893970922068,2024-01-01T00:00:00,fixed,7.195449609473718,11.081556603925765,0.18723764133381982,2024-01-01T00:00:00
120,2024-03-16 08:00:00,3.5,abstain,outside_training_support,2.1456538174803224,8.547627999334994,2024-01-01T00:00:00,fixed,7.317644548821623,11.269746391998803,0.20877233797924022,2024-01-01T00:00:00
120,2024-04-23 04:30:00,2120.0,abstain,too_many_missing_features|outside_training_support,1.4557998599901394,4.287911823425011,2024-01-01T00:00:00,fixed,3.670891454676664,5.653460679970235,0.010000000000000009,2024-01-01T00:00:00
120,2024-04-23 07:24:00,34.0,abstain,too_many_missing_features|outside_training_support,1.4763247688929413,4.376830222457468,2024-01-01T00:00:00,fixed,3.7470147064162607,5.770696456580576,0.010000000000000009,2024-01-01T00:00:00
120,2024-04-23 08:00:00,107.0,abstain,too_many_missing_features|outside_training_support,1.4717739884227217,4.356957481496737,2024-01-01T00:00:00,fixed,3.7300016058727246,5.74449494772236,0.010000000000000009,2024-01-01T00:00:00
120,2024-04-23 11:21:00,6.800000190734863,abstain,outside_training_support,1.891831394946259,6.631502466878594,2024-01-01T00:00:00,fixed,5.677244948075266,8.74340238080677,0.04436238632400302,2024-01-01T00:00:00
120,2024-04-23 14:33:00,5.0,abstain,outside_training_support,1.8277596511583927,6.219936210540535,2024-01-01T00:00:00,fixed,5.3249021025039065,8.200766770928198,0.019248567499356994,2024-01-01T00:00:00
120,2024-04-24 00:00:00,3.200000047683716,abstain,outside_training_support,1.8420299868683103,6.3093331333299245,2024-01-01T00:00:00,fixed,5.401435019563715,8.318633464254104,0.022656415189176937,2024-01-01T00:00:00
120,2024-04-24 08:00:00,3.799999952316284,ok,,2.00803841230769,7.44869174525712,2024-01-01T00:00:00,fixed,6.37684262227767,9.820837655517254,0.08675593499541012,2024-01-01T00:00:00
120,2024-04-24 13:00:00,7.599999904632568,ok,,2.124375868411729,8.367673328770591,2024-01-01T00:00:00,fixed,7.163584929685995,11.032482498498258,0.18500478507816276,2024-01-01T00:00:00
120,2024-04-25 08:00:00,6.800000190734863,ok,,2.053292298828657,7.793517503298593,2024-01-01T00:00:00,fixed,6.672048769389099,10.275478269598548,0.13134789352220133,2024-01-01T00:00:00
120,2024-04-26 08:00:00,5.900000095367432,ok,,1.901244401621736,6.694219558986052,2024-01-01T00:00:00,fixed,5.730937198979703,8.826092657284605,0.04698816699279973,2024-01-01T00:00:00
120,2024-04-26 14:00:00,6.599999904632568,ok,,1.9613529977346198,7.10893893954896,2024-01-01T00:00:00,fixed,6.085979441658369,9.372885550371953,0.07398121431553994,2024-01-01T00:00:00
120,2024-04-26 15:00:00,4.5,ok,,1.8281941835888254,6.222639561843606,2024-01-01T00:00:00,fixed,5.327216447948984,8.204331044384704,0.019344056993262915,2024-01-01T00:00:00
120,2024-04-26 18:00:00,4.300000190734863,ok,,2.019112445130736,7.531637224954193,2024-01-01T00:00:00,fixed,6.447852443645878,9.930198348404382,0.08997651146335317,2024-01-01T00:00:00
120,2024-04-27 08:00:00,3.5,ok,,1.7992001088412222,6.04481033973698,2024-01-01T00:00:00,fixed,5.1749764302656,7.969869479798128,0.012972542855272606,2024-01-01T00:00:00
120,2024-04-27 21:00:00,6.900000095367432,ok,,1.927135574897842,6.869803992515013,2024-01-01T00:00:00,fixed,5.881255447851917,9.05759454721338,0.05488900631319382,2024-01-01T00:00:00
120,2024-04-28 08:00:00,8.899999618530273,ok,,1.8552053226193783,6.393010745585834,2024-01-01T00:00:00,fixed,5.473071621347334,8.428959448127696,0.025881881854626698,2024-01-01T00:00:00
120,2024-04-29 08:00:00,7.5,ok,,2.002707928585174,7.409092251149513,2024-01-01T00:00:00,fixed,6.3429414017033565,9.768627117590368,0.08520571108747999,2024-01-01T00:00:00
120,2024-04-30 08:00:00,6.599999904632568,ok,,1.9948771913396874,7.351300169127167,2024-01-01T00:00:00,fixed,6.293465463582422,9.692430293406149,0.08292835752510153,2024-01-01T00:00:00
120,2024-05-01 08:00:00,6.099999904632568,ok,,2.0357702155822066,7.658148279668091,2024-01-01T00:00:00,fixed,6.556158856836165,10.096998717175794,0.1144111443497402,2024-01-01T00:00:00
120,2024-05-02 08:00:00,7.599999904632568,ok,,1.9844922148515443,7.2753521315730945,2024-01-01T00:00:00,fixed,6.22844616898461,9.592295481471071,0.0799189763630348,2024-01-01T00:00:00
120,2024-05-03 08:00:00,8.600000381469727,ok,,2.276801588260518,9.745460513788958,2024-01-01T00:00:00,fixed,8.34311179780313,12.84904636376134,0.5190366448799324,2024-01-01T00:00:00
120,2024-05-04 01:00:00,4.0,abstain,outside_training_support,1.796020729469387,6.025622113924435,2024-01-01T00:00:00,fixed,5.158549344759579,7.9445704800479495,0.012273866977734693,2024-01-01T00:00:00
120,2024-05-04 04:00:00,2.5999999046325684,abstain,outside_training_support,1.6958781660492275,5.45143112555677,2024-01-01T00:00:00,fixed,4.666983081424531,7.18751989010906,0.010000000000000009,2024-01-01T00:00:00
120,2024-05-04 08:00:00,5.5,ok,,2.0549082452356706,7.806121590928369,2024-01-01T00:00:00,fixed,6.682839158622707,10.29209631510792,0.1320436564624341,2024-01-01T00:00:00
120,2024-05-04 20:00:00,8.899999618530273,abstain,outside_training_support,1.9247269716341415,6.8532772713447345,2024-01-01T00:00:00,fixed,5.867106882765674,9.035804647571652,0.054108862089603416,2024-01-01T00:00:00
120,2024-05-05 08:00:00,7.900000095367432,ok,,2.1354374002748453,8.460746430442843,2024-01-01T00:00:00,fixed,7.243265032183068,11.15519610417279,0.19235960117461726,2024-01-01T00:00:00
120,2024-05-06 08:00:00,7.5,ok,,2.0212015344895073,7.5473879347266655,2024-01-01T00:00:00,fixed,6.46133666353888,9.950965104356273,0.09290057744737135,2024-01-01T00:00:00
120,2024-05-07 08:00:00,6.0,ok,,1.9246768716263236,6.852933930700618,2024-01-01T00:00:00,fixed,5.866812948028106,9.035351965027962,0.05409263474644144,2024-01-01T00:00:00
120,2024-05-08 08:00:00,8.300000190734863,ok,,2.0728553946195523,7.947483952557175,2024-01-01T00:00:00,fixed,6.803859810792182,10.478477608848662,0.13977099282082306,2024-01-01T00:00:00
120,2024-05-09 08:00:00,7.599999904632568,ok,,2.104550267473692,8.203412838282862,2024-01-01T00:00:00,fixed,7.022961135237077,10.81591082853718,0.17252120298770457,2024-01-01T00:00:00
120,2024-05-10 08:00:00,7.0,ok,,1.8707418470691122,6.493111508770654,2024-01-01T00:00:00,fixed,5.5587681214885745,8.560938777928456,0.029685393405025073,2024-01-01T00:00:00
120,2024-05-11 08:00:00,8.699999809265137,ok,,1.9416061450157616,6.969936714383313,2024-01-01T00:00:00,fixed,5.966979307897679,9.189616013412431,0.0595760097145801,2024-01-01T00:00:00
120,2024-05-12 08:00:00,7.099999904632568,ok,,2.186134790860382,8.900743306726236,2024-01-01T00:00:00,fixed,7.619947398739523,11.735316484864521,0.2705944560713812,2024-01-01T00:00:00
120,2024-05-13 08:00:00,8.600000381469727,ok,,2.2086621987256003,9.1035295296509,2024-01-01T00:00:00,fixed,7.793553163856611,12.002682975817343,0.3380284044054891,2024-01-01T00:00:00
120,2024-05-13 12:02:00,5.699999809265137,ok,,2.1722496327266008,8.778009141945542,2024-01-01T00:00:00,fixed,7.514874389954925,11.573495812413661,0.23210621821394184,2024-01-01T00:00:00
120,2024-05-14 08:00:00,7.400000095367432,ok,,2.139324668791691,8.493699631144814,2024-01-01T00:00:00,fixed,7.271476345251649,11.198643738387188,0.20029512479743528,2024-01-01T00:00:00
120,2024-05-15 08:00:00,6.900000095367432,ok,,2.153154661394941,8.611983481276845,2024-01-01T00:00:00,fixed,7.372739429138737,11.354596827754309,0.21857369223826928,2024-01-01T00:00:00
120,2024-05-16 08:00:00,7.199999809265137,ok,,1.8923173440758676,6.634725822860455,2024-01-01T00:00:00,fixed,5.680004470755876,8.74765226211297,0.04449794299303944,2024-01-01T00:00:00
120,2024-05-17 08:00:00,6.5,ok,,1.9294950369484802,6.886032171688526,2024-01-01T00:00:00,fixed,5.895148430428557,9.07899082974973,0.055653233746298714,2024-01-01T00:00:00
120,2024-05-18 08:00:00,7.599999904632568,ok,,2.160974045510086,8.679587855937369,2024-01-01T00:00:00,fixed,7.430615694197251,11.44373081410386,0.22416816981883236,2024-01-01T00:00:00
120,2024-05-19 08:00:00,8.899999618530273,ok,,2.1609052285514583,8.678990573650793,2024-01-01T00:00:00,fixed,7.4301043594189,11.442943318450718,0.22412551079593757,2024-01-01T00:00:00
120,2024-05-20 07:20:00,6.699999809265137,ok,,1.9880524527422323,7.30130027928099,2024-01-01T00:00:00,fixed,6.250660439615184,9.626507200094398,0.08094357087347759,2024-01-01T00:00:00
120,2024-05-20 15:00:00,6.900000095367432,ok,,2.0684910119501225,7.912873672519814,2024-01-01T00:00:00,fixed,6.7742298681849125,10.432845173907944,0.13789186136868858,2024-01-01T00:00:00
120,2024-05-20 20:00:00,7.0,ok,,1.8271734424682644,6.216291098384468,2024-01-01T00:00:00,fixed,5.321781513364936,8.195960818964396,0.01911974680100814,2024-01-01T00:00:00
120,2024-05-21 08:00:00,5.800000190734863,ok,,1.9672472132508523,7.150964289315193,2024-01-01T00:00:00,fixed,6.121957443000159,9.428294493524058,0.0754937308806074,2024-01-01T00:00:00
120,2024-05-22 08:00:00,7.900000095367432,ok,,2.042346232846003,7.708674343017359,2024-01-01T00:00:00,fixed,6.599414339184009,10.163615551714756,0.12029974819307299,2024-01-01T00:00:00
120,2024-05-23 08:00:00,8.600000381469727,ok,,2.0767164924920096,7.978229283106833,2024-01-01T00:00:00,fixed,6.830180961000862,10.519014244048483,0.14302131399787898,2024-01-01T00:00:00
120,2024-05-24 08:00:00,6.300000190734863,ok,,2.0089737186255507,7.45566181277223,2024-01-01T00:00:00,fixed,6.382809713564378,9.830027443986815,0.08702794299518335,2024-01-01T00:00:00
120,2024-05-25 08:00:00,7.0,ok,,2.117693361887892,8.311942714649511,2024-01-01T00:00:00,fixed,7.1158738191115365,10.959003647118228,0.18164288245615634,2024-01-01T00:00:00
120,2024-05-26 08:00:00,8.5,ok,,1.9995880161401753,7.386012554067281,2024-01-01T00:00:00,fixed,6.323182818438457,9.738197350064082,0.08429837075690993,2024-01-01T00:00:00
120,2024-05-27 08:00:00,5.0,ok,,2.0649148720435617,7.884626666929622,2024-01-01T00:00:00,fixed,6.750047539883577,10.395602492153474,0.13635211623526522,2024-01-01T00:00:00
120,2024-05-28 08:00:00,5.900000095367432,ok,,1.6868591799780779,5.402485794572663,2024-01-01T00:00:00,fixed,4.625080867793569,7.1229871955058055,0.010000000000000009,2024-01-01T00:00:00
120,2024-05-29 08:00:00,6.099999904632568,ok,,2.091264226510741,8.095142792049728,2024-01-01T00:00:00,fixed,6.930270892554521,10.673160586833594,0.15577047083163342,2024-01-01T00:00:00
120,2024-05-30 08:00:00,6.300000190734863,ok,,1.8352571194794816,6.2667452405791675,2024-01-01T00:00:00,fixed,5.364975423842234,8.262482827994777,0.020998342984799967,2024-01-01T00:00:00
120,2024-05-31 08:00:00,8.5,ok,,2.10648174035817,8.219272819371309,2024-01-01T00:00:00,fixed,7.036538902562154,10.836821654869656,0.173983625386252,2024-01-01T00:00:00
120,2024-06-01 08:00:00,7.800000190734863,ok,,2.1230654150286843,8.356715064664035,2024-01-01T00:00:00,fixed,7.154203533863654,11.018034413323397,0.18434550900431834,2024-01-01T00:00:00
120,2024-06-02 08:00:00,6.300000190734863,ok,,1.9810828510623115,7.250590044928279,2024-01-01T00:00:00,fixed,6.207247288035653,9.559647542575572,0.07904409840966609,2024-01-01T00:00:00
120,2024-06-03 08:00:00,9.600000381469727,ok,,1.9608807318836412,7.1055824230975535,2024-01-01T00:00:00,fixed,6.083105919984803,9.368460101677782,0.07386002602156705,2024-01-01T00:00:00
120,2024-06-04 08:00:00,5.900000095367432,ok,,1.9361983750800054,6.932346631033371,2024-01-01T00:00:00,fixed,5.934798348626072,9.140054812779825,0.05782443836139495,2024-01-01T00:00:00
120,2024-06-05 08:00:00,9.699999809265137,ok,,2.092322847491502,8.103717017678473,2024-01-01T00:00:00,fixed,6.937611307396796,10.684465401262962,0.1566612372151771,2024-01-01T00:00:00
120,2024-06-06 08:00:00,8.399999618530273,ok,,2.234113570405457,9.338200525026988,2024-01-01T00:00:00,fixed,7.994455558089723,12.312088415975971,0.4095870639991399,2024-01-01T00:00:00
120,2024-06-07 06:20:00,9.699999809265137,ok,,2.258140124880275,9.565282381984002,2024-01-01T00:00:00,fixed,8.188860872970887,12.611487844487458,0.46528924619310896,2024-01-01T00:00:00
120,2024-06-08 08:00:00,9.5,ok,,2.2058243238149338,9.077731474740368,2024-01-01T00:00:00,fixed,7.771467388024891,11.96866914925971,0.3316981242305862,2024-01-01T00:00:00
120,2024-06-09 08:00:00,9.100000381469727,ok,,2.1693755689897354,8.752816803722903,2024-01-01T00:00:00,fixed,7.493307169612473,11.540280601970167,0.22937619978145862,2024-01-01T00:00:00
120,2024-06-10 08:00:00,8.300000190734863,ok,,2.208711262352548,9.103976192785018,2024-01-01T00:00:00,fixed,7.793935553222269,12.003271885424146,0.3381378477441682,2024-01-01T00:00:00
120,2024-06-11 08:00:00,8.5,ok,,2.261191796454015,9.594517066964642,2024-01-01T00:00:00,fixed,8.213888755934645,12.650032746723193,0.470400967842438,2024-01-01T00:00:00
120,2024-06-12 08:00:00,9.800000190734863,ok,,2.1928753247989285,8.960941725882119,2024-01-01T00:00:00,fixed,7.671483407772439,11.814685979786251,0.2948376649526877,2024-01-01T00:00:00
120,2024-06-13 08:00:00,8.800000190734863,ok,,2.2051443030680398,9.071560527426714,2024-01-01T00:00:00,fixed,7.766184425432891,11.960532972623495,0.3301812420606196,2024-01-01T00:00:00
120,2024-06-14 08:00:00,8.800000190734863,ok,,2.1990348275225142,9.0163070071048,2024-01-01T00:00:00,fixed,7.718881755988416,11.887683152610084,0.3101686839735438,2024-01-01T00:00:00
120,2024-06-15 08:00:00,9.300000190734863,ok,,2.215270390458288,9.163886604147136,2024-01-01T00:00:00,fixed,7.845224998101687,12.082261652216046,0.3711349982234071,2024-01-01T00:00:00
120,2024-06-16 08:00:00,9.5,ok,,2.220550554498417,9.212401398983204,2024-01-01T00:00:00,fixed,7.886758628717921,12.146226700075509,0.3833189981334244,2024-01-01T00:00:00
120,2024-06-17 08:00:00,8.800000190734863,ok,,2.2073507752351254,9.091598772027293,2024-01-01T00:00:00,fixed,7.783339214033984,11.98695269220031,0.33510308937787725,2024-01-01T00:00:00
120,2024-06-18 08:00:00,9.5,ok,,2.2702685165946503,9.682000242796947,2024-01-01T00:00:00,fixed,8.288783309697711,12.765376232105737,0.5056853800234811,2024-01-01T00:00:00
120,2024-06-19 08:00:00,9.399999618530273,ok,,2.196014921994035,8.989119683963281,2024-01-01T00:00:00,fixed,7.695606624337969,11.851837624832546,0.3010217619848443,2024-01-01T00:00:00
120,2024-06-20 08:00:00,8.899999618530273,ok,,2.263780708373718,9.61938860778563,2024-01-01T00:00:00,fixed,8.235181340862729,12.68282499709401,0.47712598546950635,2024-01-01T00:00:00
120,2024-06-21 07:30:00,6.800000190734863,ok,,2.23969890199543,9.390503399892884,2024-01-01T00:00:00,fixed,8.03923217297983,12.381047913904162,0.4321055595462282,2024-01-01T00:00:00
120,2024-06-22 08:00:00,7.699999809265137,ok,,2.1555106274138085,8.63229694122852,2024-01-01T00:00:00,fixed,7.390129830252901,11.381379409075958,0.22078144535002753,2024-01-01T00:00:00
120,2024-06-23 08:00:00,9.100000381469727,ok,,2.279536322977164,9.772148238276431,2024-01-01T00:00:00,fixed,8.3659592218641,12.884233188313926,0.5328152155769399,2024-01-01T00:00:00
120,2024-06-24 08:00:00,8.699999809265137,ok,,2.2321148847630323,9.319555037152986,2024-01-01T00:00:00,fixed,7.978493111816683,12.287504997077601,0.4063574933221866,2024-01-01T00:00:00
120,2024-06-25 10:00:00,7.599999904632568,ok,,2.188308040257815,8.920107876152109,2024-01-01T00:00:00,fixed,7.636525452430038,11.760847987456447,0.2811243426518707,2024-01-01T00:00:00
120,2024-06-26 08:00:00,8.899999618530273,ok,,2.176567192261413,8.815990653730085,2024-01-01T00:00:00,fixed,7.54739045203528,11.623573097647624,0.2369750096587152,2024-01-01T00:00:00
120,2024-06-27 08:00:00,9.399999618530273,ok,,2.270347801121265,9.682767906034387,2024-01-01T00:00:00,fixed,8.289440508011117,12.766388369040227,0.5058443871519958,2024-01-01T00:00:00
120,2024-06-28 08:00:00,9.300000190734863,ok,,2.191011206807124,8.944253032866524,2024-01-01T00:00:00,fixed,7.6571961782062905,11.792682525972593,0.2914050559309834,2024-01-01T00:00:00
120,2024-06-29 08:00:00,8.300000190734863,ok,,2.1870362585045613,8.908770656480815,2024-01-01T00:00:00,fixed,7.626819631852341,11.745900262719736,0.2749933598685481,2024-01-01T00:00:00
120,2024-06-30 08:00:00,8.800000190734863,ok,,2.2302486202105727,9.302178501592088,2024-01-01T00:00:00,fixed,7.963617018620478,12.264594647100028,0.40334189489783945,2024-01-01T00:00:00
120,2024-07-01 08:00:00,8.5,ok,,2.200520305515245,9.029710485560969,2024-01-01T00:00:00,fixed,7.7303565055993815,11.905355166762245,0.3139473768746185,2024-01-01T00:00:00
120,2024-07-02 08:00:00,9.699999809265137,ok,,2.1862043107023985,8.90136210650393,2024-01-01T00:00:00,fixed,7.620477154692919,11.73613235057166,0.2709336929802143,2024-01-01T00:00:00
120,2024-07-03 08:00:00,9.300000190734863,ok,,2.216329891347724,9.173600895396303,2024-01-01T00:00:00,fixed,7.85354142581832,12.095069603002468,0.37401289700966567,2024-01-01T00:00:00
120,2024-07-04 08:00:00,10.100000381469727,ok,,2.2175222110566395,9.184545283854069,2024-01-01T00:00:00,fixed,7.86291094266491,12.109499393623228,0.37725156861186404,2024-01-01T00:00:00
120,2024-07-05 08:00:00,10.100000381469727,ok,,2.1537792618080416,8.617364209944611,2024-01-01T00:00:00,fixed,7.377345883678808,11.361691128944603,0.21938701516669723,2024-01-01T00:00:00
120,2024-07-06 08:00:00,8.899999618530273,ok,,2.1699860682242518,8.758162023141603,2024-01-01T00:00:00,fixed,7.497883224600423,11.547328085466525,0.2297546428475553,2024-01-01T00:00:00
120,2024-07-07 08:00:00,8.800000190734863,ok,,2.1468517828359373,8.557873897441022,2024-01-01T00:00:00,fixed,7.32641608642588,11.283255247697975,0.21036640396305717,2024-01-01T00:00:00
120,2024-07-08 08:00:00,7.5,ok,,2.046609900270903,7.741611733846008,2024-01-01T00:00:00,fixed,6.627612117382642,10.207042341168146,0.12559161513018224,2024-01-01T00:00:00
120,2024-07-09 08:00:00,9.399999618530273,ok,,2.1960788368454893,8.989694240573742,2024-01-01T00:00:00,fixed,7.6960985036112435,11.852595157482336,0.3012160483451821,2024-01-01T00:00:00
120,2024-07-10 08:00:00,9.300000190734863,ok,,2.2620946270829223,9.603183202279821,2024-01-01T00:00:00,fixed,8.22130785487688,12.661458740836228,0.4727461816163989,2024-01-01T00:00:00
120,2024-07-11 08:00:00,10.800000190734863,ok,,2.2450144655433,9.440552118188075,2024-01-01T00:00:00,fixed,8.082078999097767,12.447035385805757,0.44308655191249036,2024-01-01T00:00:00
120,2024-07-11 14:00:00,7.099999904632568,ok,,2.303654038877235,10.010695174094653,2024-01-01T00:00:00,fixed,8.570179817877886,13.198748919399666,0.6064172727865849,2024-01-01T00:00:00
120,2024-07-12 08:00:00,6.5,ok,,2.1098429519036705,8.246946015747262,2024-01-01T00:00:00,fixed,7.060229991437889,10.873307789389926,0.17652858011479033,2024-01-01T00:00:00
120,2024-07-13 08:00:00,8.5,ok,,2.1689321999620375,8.748936936017163,2024-01-01T00:00:00,fixed,7.489985605692135,11.535165133084341,0.22910135924969743,2024-01-01T00:00:00
120,2024-07-14 08:00:00,7.099999904632568,ok,,2.2623097822655183,9.605249599205242,2024-01-01T00:00:00,fixed,8.223076902172595,12.66418321238512,0.4733050737071267,2024-01-01T00:00:00
120,2024-07-15 08:00:00,6.800000190734863,ok,,2.154195847916512,8.620954832015816,2024-01-01T00:00:00,fixed,7.380419823727237,11.366425237651153,0.2199294724346995,2024-01-01T00:00:00
120,2024-07-16 08:00:00,6.199999809265137,ok,,2.149286721106828,8.578737182208558,2024-01-01T00:00:00,fixed,7.344277193865459,11.310762753669511,0.21353705688528435,2024-01-01T00:00:00
120,2024-07-17 08:00:00,8.800000190734863,ok,,2.20028072586733,9.02754740982687,2024-01-01T00:00:00,fixed,7.728504691346872,11.902503227610017,0.31333794481352517,2024-01-01T00:00:00
120,2024-07-18 08:00:00,6.699999809265137,ok,,2.23570710872526,9.353093168248966,2024-01-01T00:00:00,fixed,8.00720518517917,12.331723841409936,0.41447947947094155,2024-01-01T00:00:00
120,2024-07-19 08:00:00,8.600000381469727,ok,,2.1581653549659356,8.655243783086561,2024-01-01T00:00:00,fixed,7.4097746758461165,11.411634011669515,0.22242708743715345,2024-01-01T00:00:00
120,2024-07-20 08:00:00,10.399999618530273,ok,,2.149803027947605,8.58316758652657,2024-01-01T00:00:00,fixed,7.348070073481804,11.316604085683714,0.21420936542511293,2024-01-01T00:00:00
120,2024-07-21 08:00:00,7.900000095367432,ok,,2.2444776612253285,9.435485748993086,2024-01-01T00:00:00,fixed,8.077741668445928,12.44035555650572,0.44240511458949683,2024-01-01T00:00:00
120,2024-07-22 08:00:00,8.800000190734863,ok,,2.159589637576394,8.667580079396814,2024-01-01T00:00:00,fixed,7.420335808297644,11.427898983758134,0.22330998760740017,2024-01-01T00:00:00
120,2024-07-23 08:00:00,8.0,ok,,2.3350634829247015,10.330115694511159,2024-01-01T00:00:00,fixed,8.843636480964939,13.61989362267575,0.6899497540587871,2024-01-01T00:00:00
120,2024-07-24 08:00:00,6.599999904632568,ok,,2.200497301474597,9.029502768123098,2024-01-01T00:00:00,fixed,7.7301786782094855,11.905081298638109,0.31388886021835183,2024-01-01T00:00:00
120,2024-07-25 08:00:00,7.5,ok,,2.1745863399530263,8.798544762864006,2024-01-01T00:00:00,fixed,7.532454983598255,11.600571305143493,0.2347412577684006,2024-01-01T00:00:00
120,2024-07-26 08:00:00,8.399999618530273,ok,,2.1888176787284204,8.924655064900485,2024-01-01T00:00:00,fixed,7.64041831147346,11.766843295627877,0.28345581811970155,2024-01-01T00:00:00
120,2024-07-27 08:00:00,9.300000190734863,ok,,2.241237994446802,9.404967380636835,2024-01-01T00:00:00,fixed,8.051614821107881,12.400118162962237,0.43631837365239823,2024-01-01T00:00:00
120,2024-07-28 08:00:00,6.599999904632568,ok,,2.222521991281319,9.230580980019388,2024-01-01T00:00:00,fixed,7.902322211045045,12.170195837221687,0.3865638160144731,2024-01-01T00:00:00
120,2024-07-29 08:00:00,7.0,ok,,2.1927966005724397,8.960236310443145,2024-01-01T00:00:00,fixed,7.670879499946541,11.813755914381105,0.29469270122653946,2024-01-01T00:00:00
120,2024-07-30 08:00:00,8.199999809265137,ok,,2.2121765535272457,9.135578845713322,2024-01-01T00:00:00,fixed,7.820990659147222,12.044938869977527,0.3474712862689642,2024-01-01T00:00:00
120,2024-07-31 07:00:00,8.100000381469727,ok,,2.1839591892775556,8.881399884919098,2024-01-01T00:00:00,fixed,7.603387449575431,11.709812864662887,0.2581891541420376,2024-01-01T00:00:00
120,2024-08-01 08:00:00,7.400000095367432,ok,,2.2016506438709644,9.039922884309508,2024-01-01T00:00:00,fixed,7.739099364324452,11.918819854738718,0.3168226813499926,2024-01-01T00:00:00
120,2024-08-02 08:00:00,7.400000095367432,ok,,2.1546659221551963,8.625008273429758,2024-01-01T00:00:00,fixed,7.3838899845097385,11.371769557356398,0.2202578200447961,2024-01-01T00:00:00
120,2024-08-03 08:00:00,10.100000381469727,ok,,2.276386882228977,9.741419850435387,2024-01-01T00:00:00,fixed,8.339652576348339,12.843718891478536,0.5181813725701625,2024-01-01T00:00:00
120,2024-08-03 21:00:00,8.399999618530273,ok,,2.1954314822476926,8.983876603914407,2024-01-01T00:00:00,fixed,7.691118011106125,11.844924808497023,0.29954460365404634,2024-01-01T00:00:00
120,2024-08-04 08:00:00,10.100000381469727,ok,,2.285055651779096,9.826233056152521,2024-01-01T00:00:00,fixed,8.412261362380248,12.955542115324832,0.5583082822305314,2024-01-01T00:00:00
120,2024-08-05 08:00:00,7.400000095367432,ok,,2.2668972247527637,9.649414353499836,2024-01-01T00:00:00,fixed,8.26088645279167,12.722412885038601,0.494617623643848,2024-01-01T00:00:00
120,2024-08-06 08:00:00,7.0,ok,,2.239032880404469,9.38425120415835,2024-01-01T00:00:00,fixed,8.033879653422527,12.372804614087322,0.43028252081264584,2024-01-01T00:00:00
120,2024-08-07 08:00:00,8.0,ok,,2.231645340508677,9.315180120820935,2024-01-01T00:00:00,fixed,7.974747735596372,12.281736824018097,0.4055987815351956,2024-01-01T00:00:00
120,2024-08-08 08:00:00,9.699999809265137,ok,,2.2342709092825834,9.339669902604056,2024-01-01T00:00:00,fixed,7.995713495709122,12.314025738546505,0.40984129958933313,2024-01-01T00:00:00
120,2024-08-09 08:00:00,7.699999809265137,ok,,2.2730562008753967,9.709028257963181,2024-01-01T00:00:00,fixed,8.31192205741369,12.801011717930137,0.5113123151711182,2024-01-01T00:00:00
120,2024-08-10 08:00:00,6.199999809265137,ok,,2.21165772286472,9.130840256657189,2024-01-01T00:00:00,fixed,7.816933941847591,12.038691207243179,0.3459976675320058,2024-01-01T00:00:00
120,2024-08-11 08:00:00,8.0,ok,,2.1386284394031216,8.48778812596454,2024-01-01T00:00:00,fixed,7.266415491683721,11.190849627063924,0.19900844279950147,2024-01-01T00:00:00
120,2024-08-12 08:00:00,7.400000095367432,ok,,2.0414335253104365,7.701641787676581,2024-01-01T00:00:00,fixed,6.593393751921938,10.154343375248441,0.11940780908742132,2024-01-01T00:00:00
120,2024-08-13 08:00:00,8.0,ok,,2.2931033729275985,9.905630897048598,2024-01-01T00:00:00,fixed,8.480234041779328,13.060225371432923,0.5829369929684383,2024-01-01T00:00:00
120,2024-08-14 08:00:00,7.400000095367432,ok,,2.0335597983902236,7.641239271917379,2024-01-01T00:00:00,fixed,6.54168301530415,10.074704786145372,0.11246092192349866,2024-01-01T00:00:00
120,2024-08-15 08:00:00,9.0,ok,,2.233376729394155,9.331322290302307,2024-01-01T00:00:00,fixed,7.988567085072121,12.303019705805402,0.4083964414854413,2024-01-01T00:00:00
120,2024-08-16 08:00:00,8.100000381469727,ok,,2.257469487203294,9.55886969376319,2024-01-01T00:00:00,fixed,8.183370955416455,12.603032940981468,0.4641988531251372,2024-01-01T00:00:00
120,2024-08-17 08:00:00,6.699999809265137,ok,,2.201785999346412,9.041146570183946,2024-01-01T00:00:00,fixed,7.740146964696069,11.920433241454829,0.31716699259303893,2024-01-01T00:00:00
120,2024-08-18 08:00:00,6.699999809265137,ok,,2.216970095147871,9.179475749901998,2024-01-01T00:00:00,fixed,7.858570902657049,12.102815391702473,0.37575186840437724,2024-01-01T00:00:00
120,2024-08-19 08:00:00,8.5,ok,,2.1985681615593005,9.012100385130687,2024-01-01T00:00:00,fixed,7.7152804569660205,11.882136869732667,0.30878301951602627,2024-01-01T00:00:00
120,2024-08-20 08:00:00,8.699999809265137,ok,,2.263614976517337,9.617794500755217,2024-01-01T00:00:00,fixed,8.233816622063285,12.680723223133343,0.47669547655684374,2024-01-01T00:00:00
120,2024-08-21 08:00:00,6.800000190734863,ok,,2.2104709021762097,9.120010014586022,2024-01-01T00:00:00,fixed,7.80766214599257,12.024411914611877,0.34262677731614233,2024-01-01T00:00:00
120,2024-08-22 08:00:00,9.0,ok,,1.986272794933414,7.288318018641633,2024-01-01T00:00:00,fixed,6.239546295573544,9.609390546794586,0.08042600657222831,2024-01-01T00:00:00
120,2024-08-23 08:00:00,6.5,ok,,2.137064284648489,8.474522289426305,2024-01-01T00:00:00,fixed,7.255058577644279,11.173359088931562,0.19574937363039957,2024-01-01T00:00:00
120,2024-08-24 08:00:00,8.300000190734863,ok,,2.1347774947898626,8.45516497928401,2024-01-01T00:00:00,fixed,7.238486738643607,11.147837157449295,0.19098462365768143,2024-01-01T00:00:00
120,2024-08-25 08:00:00,7.5,ok,,2.1331252862930588,8.44120681793499,2024-01-01T00:00:00,fixed,7.2265371236960245,11.129433813443883,0.18940653026334886,2024-01-01T00:00:00
120,2024-08-26 08:00:00,6.099999904632568,ok,,2.171118991155842,8.768089968472779,2024-01-01T00:00:00,fixed,7.506382562082043,11.56041773163324,0.2308312252549729,2024-01-01T00:00:00
120,2024-08-27 08:00:00,17.299999237060547,ok,,2.131606124523138,8.428392994844641,2024-01-01T00:00:00,fixed,7.215567179438511,11.112539239118536,0.18864225507419186,2024-01-01T00:00:00
120,2024-08-27 12:00:00,8.0,ok,,2.2688052436419124,9.66784319405257,2024-01-01T00:00:00,fixed,8.276663426780514,12.746710662076168,0.502750749013084,2024-01-01T00:00:00
120,2024-08-28 08:00:00,6.900000095367432,ok,,2.204754975223571,9.068029403747593,2024-01-01T00:00:00,fixed,7.763161422098661,11.955877310450832,0.32857592222967846,2024-01-01T00:00:00
120,2024-08-29 07:30:00,7.0,ok,,2.0620620566677457,7.862165336988907,2024-01-01T00:00:00,fixed,6.730818342191218,10.36598801991877,0.13512380618413744,2024-01-01T00:00:00
120,2024-08-30 08:00:00,5.800000190734863,ok,,2.175048690037123,8.802613711341895,2024-01-01T00:00:00,fixed,7.535938420014881,11.605936070366251,0.2352626370605191,2024-01-01T00:00:00
120,2024-08-31 08:00:00,7.0,ok,,2.2320898707366927,9.319321920473419,2024-01-01T00:00:00,fixed,7.978293540075891,12.28719764094808,0.40631707447678944,2024-01-01T00:00:00
120,2024-09-01 02:00:00,7.099999904632568,ok,,2.4267495310982943,11.32202032848613,2024-01-01T00:00:00,fixed,9.692808384365806,14.927684938677803,0.8630612315256063,2024-01-01T00:00:00
120,2024-09-02 22:00:00,5.900000095367432,abstain,outside_training_support,1.4199764181392707,4.137022880403676,2024-01-01T00:00:00,fixed,3.5417150736428344,5.454518924276198,0.010000000000000009,2024-01-01T00:00:00
120,2024-09-03 08:00:00,5.0,abstain,outside_training_support,2.013453038902767,7.489133018069841,2024-01-01T00:00:00,fixed,6.411464491592577,9.874158049011736,0.08833062953293325,2024-01-01T00:00:00
120,2024-09-04 08:00:00,12.100000381469727,ok,,2.389711236660468,10.910342981048066,2024-01-01T00:00:00,fixed,9.340370433440958,14.384902859097513,0.8134163217738267,2024-01-01T00:00:00
120,2024-09-05 08:00:00,6.099999904632568,ok,,2.190711335994969,8.941571314550059,2024-01-01T00:00:00,fixed,7.65490035281222,11.789146774846822,0.29085287025407125,2024-01-01T00:00:00
120,2024-09-06 08:00:00,4.0,ok,,1.842068343583663,6.309575143266308,2024-01-01T00:00:00,fixed,5.401642204842704,8.318952545829433,0.02266580533369411,2024-01-01T00:00:00
120,2024-09-06 22:00:00,19.5,abstain,outside_training_support,2.078292723553887,7.990814732103746,2024-01-01T00:00:00,fixed,6.840955393656787,10.535607715177045,0.14445176735881204,2024-01-01T00:00:00
120,2024-09-07 00:00:00,7.599999904632568,abstain,outside_training_support,1.5683157189570116,4.79855926127215,2024-01-01T00:00:00,fixed,4.1080579341049415,6.326731337129034,0.010000000000000009,2024-01-01T00:00:00
120,2024-09-07 08:00:00,7.199999809265137,ok,,2.1941787191637547,8.972628981728313,2024-01-01T00:00:00,fixed,7.681488895147445,11.830095214888113,0.29723775082451054,2024-01-01T00:00:00
120,2024-09-08 08:00:00,7.5,ok,,1.87815369341318,6.5414162460771275,2024-01-01T00:00:00,fixed,5.600121921356851,8.624626872335284,0.04054695885036741,2024-01-01T00:00:00
120,2024-09-09 08:00:00,6.900000095367432,ok,,2.1290950602397243,8.407255308380341,2024-01-01T00:00:00,fixed,7.197471156057262,11.084669944176738,0.1873789635879325,2024-01-01T00:00:00
120,2024-09-10 09:30:00,6.800000190734863,ok,,2.180893087736456,8.854210315336136,2024-01-01T00:00:00,fixed,7.5801103947411494,11.673964375031444,0.25081545754492307,2024-01-01T00:00:00
120,2024-09-11 08:00:00,4.5,ok,,1.675104947426972,5.339355471288875,2024-01-01T00:00:00,fixed,4.5710348487016175,7.0397520882797355,0.010000000000000009,2024-01-01T00:00:00
120,2024-09-11 18:00:00,12.0,ok,,1.920457344363251,6.824078709656435,2024-01-01T00:00:00,fixed,5.842109925037934,8.99730737262428,0.05272593402400261,2024-01-01T00:00:00
120,2024-09-12 08:00:00,6.099999904632568,ok,,1.8114331775978227,6.119211067025647,2024-01-01T00:00:00,fixed,5.238671068885184,8.067964217658593,0.015660787650534802,2024-01-01T00:00:00
120,2024-09-13 09:00:00,7.199999809265137,ok,,2.0403426284725854,7.693244672030349,2024-01-01T00:00:00,fixed,6.58620496135463,10.143272074091595,0.11844532495292881,2024-01-01T00:00:00
120,2024-09-13 20:00:00,7.5,ok,,1.9072427791700415,6.734494687244675,2024-01-01T00:00:00,fixed,5.7654168315488485,8.87919399503763,0.048661428720268685,2024-01-01T00:00:00
120,2024-09-14 08:00:00,4.5,ok,,1.9507360219794763,7.033862753422327,2024-01-01T00:00:00,fixed,6.021706541129869,9.273900243829425,0.0712567887059995,2024-01-01T00:00:00
120,2024-09-14 16:30:00,3.299999952316284,ok,,1.5976229224617386,4.941272664740445,2024-01-01T00:00:00,fixed,4.230235216388961,6.514893931939174,0.010000000000000009,2024-01-01T00:00:00
120,2024-09-15 08:00:00,5.300000190734863,abstain,outside_training_support,1.8994397762070645,6.68214989412607,2024-01-01T00:00:00,fixed,5.720604330343443,8.810179229369982,0.046484762428070314,2024-01-01T00:00:00
120,2024-09-16 08:00:00,6.699999809265137,ok,,1.9045375988994504,6.716301284396502,2024-01-01T00:00:00,fixed,5.749841416335785,8.855206634319273,0.0479068122300208,2024-01-01T00:00:00
120,2024-09-16 16:00:00,5.300000190734863,ok,,1.7659838457925434,5.847322392582145,2024-01-01T00:00:00,fixed,5.005906531567624,7.709488578794409,0.010000000000000009,2024-01-01T00:00:00
120,2024-09-17 08:00:00,4.900000095367432,ok,,1.7425339022726654,5.711798239931885,2024-01-01T00:00:00,fixed,4.8898839839144035,7.53080475791711,0.010000000000000009,2024-01-01T00:00:00
120,2024-09-18 08:00:00,6.699999809265137,ok,,1.9749511841543876,7.206267865174559,2024-01-01T00:00:00,fixed,6.1693029651086455,9.501210310000188,0.07747064936557024,2024-01-01T00:00:00
120,2024-09-19 08:00:00,4.699999809265137,ok,,2.0079509513612326,7.448040304115454,2024-01-01T00:00:00,fixed,6.376284921975368,9.819978753321642,0.08673049939570343,2024-01-01T00:00:00
120,2024-09-20 08:00:00,6.900000095367432,ok,,2.23385453934747,9.335781954321282,2024-01-01T00:00:00,fixed,7.992385013987672,12.308899615704535,0.4091685093792746,2024-01-01T00:00:00
120,2024-09-21 10:00:00,5.699999809265137,ok,,1.7662278509479645,5.848749343475951,2024-01-01T00:00:00,fixed,5.007128147603127,7.711369963277716,0.010000000000000009,2024-01-01T00:00:00
120,2024-09-22 08:00:00,3.799999952316284,ok,,1.6659705268099392,5.290805627510478,2024-01-01T00:00:00,fixed,4.529471212602952,6.975740829624556,0.010000000000000009,2024-01-01T00:00:00
120,2024-09-23 08:00:00,4.900000095367432,ok,,1.748146700208295,5.743947548687346,2024-01-01T00:00:00,fixed,4.917407083186048,7.573192488920413,0.010000000000000009,2024-01-01T00:00:00
120,2024-09-24 08:00:00,6.800000190734863,ok,,2.269269236979947,9.672330049742852,2024-01-01T00:00:00,fixed,8.28050463455019,12.752626423235979,0.5036812994178235,2024-01-01T00:00:00
120,2024-09-25 08:00:00,9.199999809265137,ok,,2.269822072710966,9.67767873773325,2024-01-01T00:00:00,fixed,8.285083658990576,12.759678479921929,0.5047900254944369,2024-01-01T00:00:00
120,2024-09-26 08:00:00,6.699999809265137,ok,,2.008780584444285,7.454222008674396,2024-01-01T00:00:00,fixed,6.381577093870504,9.828129113006803,0.08697177525491395,2024-01-01T00:00:00
120,2024-09-27 08:00:00,7.599999904632568,ok,,2.069597143043815,7.921631190718119,2024-01-01T00:00:00,fixed,6.781727200229547,10.444391653133044,0.13836811789470327,2024-01-01T00:00:00
120,2024-09-28 02:31:00,6.099999904632568,abstain,outside_training_support,1.7270555086854036,5.624069480320857,2024-01-01T00:00:00,fixed,4.8147791852974695,7.415137478974013,0.010000000000000009,2024-01-01T00:00:00
120,2024-09-28 08:00:00,4.900000095367432,ok,,1.902520665063757,6.7027686009364755,2024-01-01T00:00:00,fixed,5.738256054015396,8.837364267921302,0.047344183724741695,2024-01-01T00:00:00
120,2024-09-29 08:00:00,6.199999809265137,ok,,1.7983466355913322,6.039653456755225,2024-01-01T00:00:00,fixed,5.17056161054681,7.963070311258958,0.012784990159578458,2024-01-01T00:00:00
120,2024-09-30 08:00:00,8.899999618530273,ok,,2.13876190196398,8.488921003500543,2024-01-01T00:00:00,fixed,7.267385350822004,11.192343286184903,0.199286525077508,2024-01-01T00:00:00
120,2024-10-01 08:00:00,7.800000190734863,ok,,2.1868413145274213,8.907034114567304,2024-01-01T00:00:00,fixed,7.625332974212563,11.743610693383559,0.2740420891193279,2024-01-01T00:00:00
120,2024-10-02 08:00:00,9.5,ok,,2.171475506601681,8.771216485269695,2024-01-01T00:00:00,fixed,7.509059180507355,11.564539933885642,0.23123325777789117,2024-01-01T00:00:00
120,2024-10-03 08:00:00,9.399999618530273,ok,,2.261552273329376,9.597976291945388,2024-01-01T00:00:00,fixed,8.216850206623127,12.65459361299497,0.47133735093160545,2024-01-01T00:00:00
120,2024-10-04 08:00:00,7.300000190734863,ok,,2.2195579702341024,9.203261850954176,2024-01-01T00:00:00,fixed,7.878934240031548,12.13417652797716,0.38168528854799444,2024-01-01T00:00:00
120,2024-10-05 08:00:00,10.0,ok,,2.2607951097769567,9.590711804669697,2024-01-01T00:00:00,fixed,8.210631061882962,12.645015642443223,0.46960599907812994,2024-01-01T00:00:00
120,2024-10-06 08:00:00,7.800000190734863,ok,,2.207935577664493,9.096917116014684,2024-01-01T00:00:00,fixed,7.78789226090162,11.993964741387284,0.33640757366326535,2024-01-01T00:00:00
120,2024-10-07 08:00:00,8.0,ok,,2.176820984661758,8.818228369105084,2024-01-01T00:00:00,fixed,7.549306165460916,11.62652344653689,0.23726120426879205,2024-01-01T00:00:00
120,2024-10-08 08:00:00,7.699999809265137,ok,,2.1169875095843014,8.306077780869076,2024-01-01T00:00:00,fixed,7.110852835429171,10.951270938544983,0.18128777517691508,2024-01-01T00:00:00
120,2024-10-09 08:00:00,9.5,ok,,2.171805776955822,8.774113836472798,2024-01-01T00:00:00,fixed,7.511539609725737,11.568359989375898,0.23160569444303436,2024-01-01T00:00:00
120,2024-10-10 08:00:00,9.199999809265137,ok,,2.2312313298841944,9.311324335505065,2024-01-01T00:00:00,fixed,7.971446788666965,12.276653106914914,0.40492980361070585,2024-01-01T00:00:00
120,2024-10-11 08:00:00,7.800000190734863,ok,,2.1754258973286023,8.805934747738084,2024-01-01T00:00:00,fixed,7.53878156712925,11.610314739857548,0.2356880032005464,2024-01-01T00:00:00
120,2024-10-12 08:00:00,8.699999809265137,ok,,2.1945735976066314,8.97617277912768,2024-01-01T00:00:00,fixed,7.684522748483554,11.834767586914433,0.29796488468162374,2024-01-01T00:00:00
120,2024-10-13 08:00:00,8.0,ok,,2.200450972290447,9.029084448316851,2024-01-01T00:00:00,fixed,7.729820553633862,11.904529758710595,0.3137710100986474,2024-01-01T00:00:00
120,2024-10-14 08:00:00,9.0,ok,,2.2409881567780507,9.402617959011005,2024-01-01T00:00:00,fixed,8.049603475696678,12.397020533316557,0.43563451632191075,2024-01-01T00:00:00
120,2024-10-15 08:00:00,9.199999809265137,ok,,1.9797100897466606,7.240643544046769,2024-01-01T00:00:00,fixed,6.198732065103502,9.546533431569438,0.07869183368095245,2024-01-01T00:00:00
120,2024-10-16 08:00:00,9.699999809265137,ok,,2.158130574992348,8.654942759171222,2024-01-01T00:00:00,fixed,7.409516968560151,11.411237122241937,0.22240552763969723,2024-01-01T00:00:00
120,2024-10-17 08:00:00,5.300000190734863,ok,,2.101206503984486,8.17602837504641,2024-01-01T00:00:00,fixed,6.999517231485039,10.779805378489536,0.16997175932180641,2024-01-01T00:00:00
120,2024-10-18 08:00:00,12.0,ok,,2.0983205148025696,8.152466461672335,2024-01-01T00:00:00,fixed,6.979345821712056,10.748739825770498,0.16411742722301448,2024-01-01T00:00:00
120,2024-10-18 12:00:00,5.599999904632568,ok,,2.199202422514262,9.017818221635705,2024-01-01T00:00:00,fixed,7.720175510322958,11.889675635730377,0.3105950046653828,2024-01-01T00:00:00
120,2024-10-19 08:00:00,9.699999809265137,ok,,2.2239277156645625,9.243565757145184,2024-01-01T00:00:00,fixed,7.913438509456681,12.187315808420216,0.3888775192253159,2024-01-01T00:00:00
120,2024-10-20 08:00:00,8.100000381469727,ok,,2.156449016287987,8.64040119451263,2024-01-01T00:00:00,fixed,7.397067900659259,11.392064581525618,0.22136314429845683,2024-01-01T00:00:00
120,2024-10-21 08:00:00,7.599999904632568,ok,,2.140855225315139,8.506709672285359,2024-01-01T00:00:00,fixed,7.28261427224607,11.215797019299137,0.20234514045900087,2024-01-01T00:00:00
120,2024-10-22 08:00:00,6.699999809265137,ok,,2.4005298004999425,11.02901801231207,2024-01-01T00:00:00,fixed,9.44196840842043,14.541371707006187,0.8195102673031452,2024-01-01T00:00:00
120,2024-10-23 08:00:00,6.0,ok,,1.9045098288843767,6.716114775198289,2024-01-01T00:00:00,fixed,5.749681745370025,8.854960728511978,0.047899065718064904,2024-01-01T00:00:00
120,2024-10-24 08:00:00,9.600000381469727,ok,,2.202485151329424,9.047469915969486,2024-01-01T00:00:00,fixed,7.745560395980336,11.928770350107369,0.31894546433607884,2024-01-01T00:00:00
120,2024-10-25 08:00:00,7.800000190734863,ok,,2.234643577368213,9.343151148141336,2024-01-01T00:00:00,fixed,7.998693798248138,12.31861563814631,0.41091885001103134,2024-01-01T00:00:00
120,2024-10-26 08:00:00,5.400000095367432,ok,,1.8910094199861502,6.626053777552796,2024-01-01T00:00:00,fixed,5.672580312255101,8.736218475883053,0.0441330944478896,2024-01-01T00:00:00
120,2024-10-27 08:00:00,9.100000381469727,ok,,2.2413108014522076,9.405652153075568,2024-01-01T00:00:00,fixed,8.052201056412443,12.401021011298798,0.43651766147239024,2024-01-01T00:00:00
120,2024-10-28 08:00:00,10.699999809265137,ok,,2.3204855578473675,10.180616384320244,2024-01-01T00:00:00,fixed,8.715649767884274,13.422784048913128,0.654723258078354,2024-01-01T00:00:00
120,2024-10-28 14:34:18,7.400000095367432,ok,,2.3500791308037825,10.486399489117538,2024-01-01T00:00:00,fixed,8.977431407201726,13.825948300128974,0.7356894198740633,2024-01-01T00:00:00
120,2024-10-29 08:00:00,9.399999618530273,ok,,2.2051407884361205,9.071528644286555,2024-01-01T00:00:00,fixed,7.766157130201184,11.960490935826408,0.3301734021785032,2024-01-01T00:00:00
120,2024-10-30 08:00:00,11.0,ok,,2.357426209699132,10.56372761356322,2024-01-01T00:00:00,fixed,9.043632197451906,13.927902708011436,0.748461639873024,2024-01-01T00:00:00
120,2024-10-31 08:00:00,10.199999809265137,ok,,2.1634079114741347,8.700738537923543,2024-01-01T00:00:00,fixed,7.448722843075518,11.471617243183431,0.2256769017644713,2024-01-01T00:00:00
120,2024-10-31 14:30:00,11.600000381469727,ok,,2.1994967335517037,9.020472655667433,2024-01-01T00:00:00,fixed,7.722447977576328,11.893175413487924,0.31134366000281044,2024-01-01T00:00:00
120,2024-10-31 21:00:00,9.800000190734863,ok,,2.0836254240607794,8.033541176287983,2024-01-01T00:00:00,fixed,6.877533603588202,10.591941026620372,0.1492912731568068,2024-01-01T00:00:00
120,2024-11-01 02:00:00,8.399999618530273,ok,,2.056659249432047,7.819802116424893,2024-01-01T00:00:00,fixed,6.694551088860246,10.31013360602267,0.1327975699726487,2024-01-01T00:00:00
120,2024-11-01 08:00:00,7.300000190734863,ok,,2.166205511871763,8.725113807751288,2024-01-01T00:00:00,fixed,7.4695905692324045,11.50375517773283,0.22741110946258636,2024-01-01T00:00:00
120,2024-11-01 18:00:00,8.399999618530273,ok,,1.8622160069005058,6.43798760057774,2024-01-01T00:00:00,fixed,5.511576413294325,8.488259846941018,0.0275981742420095,2024-01-01T00:00:00
120,2024-11-02 08:00:00,9.600000381469727,ok,,2.4169694394093044,11.211829647363185,2024-01-01T00:00:00,fixed,9.598473881611008,14.782402407534216,0.8533365374868055,2024-01-01T00:00:00
120,2024-11-03 08:00:00,9.300000190734863,ok,,2.219118512688419,9.199218296639177,2024-01-01T00:00:00,fixed,7.875472543617841,12.12884524406356,0.38096197866833625,2024-01-01T00:00:00
120,2024-11-04 08:00:00,9.600000381469727,ok,,2.246230717494494,9.452041193511024,2024-01-01T00:00:00,fixed,8.091914823658044,12.462183326869438,0.44463050274514926,2024-01-01T00:00:00
120,2024-11-05 08:00:00,9.600000381469727,ok,,2.2303669646591118,9.303279427920046,2024-01-01T00:00:00,fixed,7.9645595242539775,12.266046179678812,0.40353312144826303,2024-01-01T00:00:00
120,2024-11-06 08:00:00,5.699999809265137,ok,,1.8558069299577433,6.396857984912294,2024-01-01T00:00:00,fixed,5.476365252034991,8.434031897644907,0.026029161927958344,2024-01-01T00:00:00
120,2024-11-07 08:00:00,7.800000190734863,ok,,2.1830800384943116,8.87359522649244,2024-01-01T00:00:00,fixed,7.596705863035203,11.699522697478326,0.25607487610790836,2024-01-01T00:00:00
120,2024-11-08 08:00:00,10.600000381469727,ok,,2.244316941728667,9.43396940432909,2024-01-01T00:00:00,fixed,8.076443522192314,12.438356309485679,0.4422010918946502,2024-01-01T00:00:00
120,2024-11-08 14:00:00,7.300000190734863,ok,,2.1677194097287504,8.738332742380528,2024-01-01T00:00:00,fixed,7.4809073304366125,11.521183877350492,0.22834956133011308,2024-01-01T00:00:00
120,2024-11-09 08:00:00,9.699999809265137,ok,,2.182490106638092,8.868361953778054,2024-01-01T00:00:00,fixed,7.5922256458856126,11.692622811767821,0.2546561434069766,2024-01-01T00:00:00
120,2024-11-10 08:00:00,13.5,ok,,2.42672500926932,11.321742695244044,2024-01-01T00:00:00,fixed,9.692570701890542,14.92731888902888,0.8630149514967121,2024-01-01T00:00:00
120,2024-11-12 08:00:00,8.199999809265137,ok,,2.2954830050485957,9.929230722825231,2024-01-01T00:00:00,fixed,8.500437908449818,13.091340910319115,0.5882940072510325,2024-01-01T00:00:00
120,2024-11-13 08:00:00,5.699999809265137,ok,,2.2134496332396787,9.147216572108015,2024-01-01T00:00:00,fixed,7.83095374424164,12.060282802242462,0.3524063471515121,2024-01-01T00:00:00
120,2024-11-14 08:00:00,6.400000095367432,ok,,2.1426071849026647,8.521626146568744,2024-01-01T00:00:00,fixed,7.295384301163558,11.235463865148018,0.20469170168547957,2024-01-01T00:00:00
120,2024-11-15 08:00:00,8.699999809265137,ok,,2.1756992422511297,8.808342134297943,2024-01-01T00:00:00,fixed,7.540842536457586,11.613488794226694,0.23599624664445096,2024-01-01T00:00:00
120,2024-11-16 08:00:00,8.5,ok,,2.233256321331384,9.330198791502752,2024-01-01T00:00:00,fixed,7.987605255092295,12.301538412218028,0.40820188044965866,2024-01-01T00:00:00
120,2024-11-17 08:00:00,7.199999809265137,ok,,2.217730920699574,9.186462387072782,2024-01-01T00:00:00,fixed,7.864552179265174,12.112027026679307,0.37781848198972934,2024-01-01T00:00:00
120,2024-11-18 08:00:00,7.699999809265137,ok,,2.105199559581171,8.208740979065846,2024-01-01T00:00:00,fixed,7.027522569164593,10.822935794454013,0.17301281709671346,2024-01-01T00:00:00
120,2024-11-19 09:00:00,5.900000095367432,ok,,2.242774746072929,9.41943159065527,2024-01-01T00:00:00,fixed,8.063997665518357,12.41918871431064,0.44024337724147977,2024-01-01T00:00:00
120,2024-11-20 08:00:00,7.099999904632568,ok,,2.1765954557301384,8.816239827727454,2024-01-01T00:00:00,fixed,7.547603770483825,11.623901624784983,0.23700688158395922,2024-01-01T00:00:00
120,2024-11-21 08:00:00,8.5,ok,,2.2056810364502732,9.076430843704479,2024-01-01T00:00:00,fixed,7.770353914718549,11.966954313058935,0.33137850155785487,2024-01-01T00:00:00
120,2024-11-22 08:00:00,8.0,ok,,2.281163177208103,9.788059037749758,2024-01-01T00:00:00,fixed,8.379580494928678,12.905211016896578,0.5364210133198337,2024-01-01T00:00:00
120,2024-11-23 08:00:00,7.099999904632568,ok,,2.181751760895791,8.861816453206893,2024-01-01T00:00:00,fixed,7.586622027363892,11.683992799856751,0.2528804887476246,2024-01-01T00:00:00
120,2024-11-24 08:00:00,7.5,ok,,2.1679912443095013,8.740708446282621,2024-01-01T00:00:00,fixed,7.482941176166694,11.524316159251525,0.22851806917810724,2024-01-01T00:00:00
120,2024-11-25 08:00:00,7.199999809265137,ok,,2.2465281004028554,9.4548524870057,2024-01-01T00:00:00,fixed,8.09432157866868,12.465889918302867,0.4450080105374551,2024-01-01T00:00:00
120,2024-11-26 08:00:00,7.300000190734863,ok,,2.23145943770843,9.313448563707315,2024-01-01T00:00:00,fixed,7.9732653454555695,12.279453826964962,0.4052983910086927,2024-01-01T00:00:00
120,2024-11-27 08:00:00,8.100000381469727,ok,,1.7928147034059814,6.006334746800403,2024-01-01T00:00:00,fixed,5.142037384142286,7.919140765971234,0.011569335428872507,2024-01-01T00:00:00
120,2024-11-28 08:00:00,8.899999618530273,ok,,2.236449295388679,9.360037485931375,2024-01-01T00:00:00,fixed,8.013150231973196,12.340879679632224,0.4169642691116159,2024-01-01T00:00:00
120,2024-11-29 08:00:00,7.800000190734863,ok,,2.032773868533113,7.635236153152394,2024-01-01T00:00:00,fixed,6.536543731129647,10.066789885538128,0.11176750620163911,2024-01-01T00:00:00
120,2024-11-30 08:00:00,6.5,ok,,1.9750799155278067,7.207195597646925,2024-01-01T00:00:00,fixed,6.1700971990727,9.502433492581833,0.07750368316526834,2024-01-01T00:00:00
120,2024-12-01 08:00:00,6.0,ok,,2.1567485554927366,8.642989721078393,2024-01-01T00:00:00,fixed,7.39928394437512,11.395477462611153,0.2215488259973888,2024-01-01T00:00:00
120,2024-12-02 08:00:00,6.900000095367432,ok,,2.2485242912946233,9.473745027708558,2024-01-01T00:00:00,fixed,8.110495527452883,12.490799067652638,0.4475420419003363,2024-01-01T00:00:00
120,2024-12-03 08:00:00,7.0,ok,,1.896599077348759,6.663194854077696,2024-01-01T00:00:00,fixed,5.704376875721708,8.785187676834944,0.04569234270447198,2024-01-01T00:00:00
120,2024-12-04 08:00:00,7.300000190734863,ok,,2.0378213059432033,7.673871953613215,2024-01-01T00:00:00,fixed,6.569619931293421,10.117729827341773,0.11622079477897662,2024-01-01T00:00:00
120,2024-12-05 08:00:00,6.5,ok,,2.0684736665242234,7.91273642154622,2024-01-01T00:00:00,fixed,6.774112367301765,10.432664213334487,0.1378843931107867,2024-01-01T00:00:00
120,2024-12-06 08:00:00,7.900000095367432,ok,,2.0922268325066553,8.10293897676421,2024-01-01T00:00:00,fixed,6.9369452247297145,10.683439581727175,0.15658044633499213,2024-01-01T00:00:00
120,2024-12-07 08:00:00,6.5,ok,,2.0967774495346285,8.139896374553864,2024-01-01T00:00:00,fixed,6.968584540396603,10.73216660873748,0.16098726423236875,2024-01-01T00:00:00
120,2024-12-07 14:39:56,9.300000190734863,ok,,1.8775923254910167,6.537745135349371,2024-01-01T00:00:00,fixed,5.596979074779159,8.619786642170613,0.04039036392922091,2024-01-01T00:00:00
120,2024-12-08 08:00:00,8.5,ok,,1.9629186652165627,7.120077891749928,2024-01-01T00:00:00,fixed,6.0955155249857365,9.38757186643382,0.07438298075847105,2024-01-01T00:00:00
120,2024-12-09 08:00:00,5.0,ok,,2.1504612807184778,8.588819340310486,2024-01-01T00:00:00,fixed,7.352908553264894,11.324055723941687,0.2150665087443019,2024-01-01T00:00:00
120,2024-12-10 08:00:00,7.900000095367432,ok,,2.0922384157752694,8.103032835826538,2024-01-01T00:00:00,fixed,6.937025577694987,10.683563331594286,0.15659019296431498,2024-01-01T00:00:00
120,2024-12-10 14:00:00,7.300000190734863,ok,,2.3325237405969172,10.303913150370628,2024-01-01T00:00:00,fixed,8.821204420946636,13.585346491318148,0.6867126930490344,2024-01-01T00:00:00
120,2024-12-11 08:00:00,8.0,ok,,2.2361926719487446,9.35763578909285,2024-01-01T00:00:00,fixed,8.011094133628754,12.337713126960216,0.4161051115754698,2024-01-01T00:00:00
120,2024-12-12 08:00:00,5.300000190734863,ok,,2.0012586975198032,7.3983625412853184,2024-01-01T00:00:00,fixed,6.333755671708524,9.754480373132301,0.08478424227477854,2024-01-01T00:00:00
120,2024-12-13 08:00:00,7.5,ok,,1.7802913209768974,5.931584161807573,2024-01-01T00:00:00,fixed,5.078043231514614,7.820584753052995,0.010000000000000009,2024-01-01T00:00:00
120,2024-12-14 08:00:00,9.600000381469727,ok,,1.9849275776626019,7.278520238916549,2024-01-01T00:00:00,fixed,6.231158393175194,9.596472519393888,0.08003478729774394,2024-01-01T00:00:00
120,2024-12-15 08:00:00,8.5,ok,,2.041867925998844,7.704988112941394,2024-01-01T00:00:00,fixed,6.596258548896555,10.158755387222115,0.11979107518197574,2024-01-01T00:00:00
120,2024-12-16 08:00:00,6.099999904632568,ok,,1.660274420170866,5.260754303475547,2024-01-01T00:00:00,fixed,4.5037442030131345,6.936119217565188,0.010000000000000009,2024-01-01T00:00:00
120,2024-12-17 08:00:00,11.300000190734863,ok,,2.0995144618092896,8.162205887623893,2024-01-01T00:00:00,fixed,6.9876837673068595,10.761580915776552,0.1665393913556228,2024-01-01T00:00:00
120,2024-12-17 15:00:00,7.400000095367432,ok,,1.9387897780884613,6.950334431702849,2024-01-01T00:00:00,fixed,5.950197747327622,9.163771094268748,0.05866379124217436,2024-01-01T00:00:00
120,2024-12-18 08:00:00,8.0,ok,,2.400521005020746,11.028921007240188,2024-01-01T00:00:00,fixed,9.441885362148936,14.54124380923631,0.819505312932868,2024-01-01T00:00:00
120,2024-12-19 08:00:00,8.5,ok,,2.1765214492559632,8.815587393044815,2024-01-01T00:00:00,fixed,7.547045219608746,11.623041412640601,0.2369234265475164,2024-01-01T00:00:00
120,2024-12-20 08:00:00,11.300000190734863,ok,,2.3242310281591037,10.218819079612729,2024-01-01T00:00:00,fixed,8.748355185688967,13.47315295681022,0.659257333079367,2024-01-01T00:00:00
120,2024-12-20 21:41:32,13.100000381469727,ok,,2.156532369176389,8.641121426925455,2024-01-01T00:00:00,fixed,7.397684493331519,11.393014182588798,0.22141481401542196,2024-01-01T00:00:00
120,2024-12-22 08:00:00,9.699999809265137,ok,,2.225623300658322,9.259252303710062,2024-01-01T00:00:00,fixed,7.926867799075887,12.207997967443305,0.3928386540050912,2024-01-01T00:00:00
120,2024-12-23 08:00:00,7.099999904632568,ok,,2.1952179188123924,8.981958181224323,2024-01-01T00:00:00,fixed,7.689475644903301,11.842395435764427,0.29915134540647803,2024-01-01T00:00:00
120,2024-12-24 08:00:00,8.699999809265137,ok,,2.2215157769052714,9.22129770800215,2024-01-01T00:00:00,fixed,7.894374779912401,12.157956170108148,0.3849076724201742,2024-01-01T00:00:00
120,2024-12-25 08:00:00,8.5,ok,,2.1695855198564655,8.754654658119986,2024-01-01T00:00:00,fixed,7.494880561109083,11.54270374824679,0.22950634646345724,2024-01-01T00:00:00
120,2024-12-26 08:00:00,7.699999809265137,ok,,2.224271211504086,9.246741428908921,2024-01-01T00:00:00,fixed,7.916157209565362,12.19150281976469,0.38944288426862783,2024-01-01T00:00:00
120,2024-12-27 08:00:00,8.300000190734863,ok,,2.2025847131520235,9.048370743407503,2024-01-01T00:00:00,fixed,7.746331596480842,11.929958059349065,0.31919872527573345,2024-01-01T00:00:00
120,2024-12-28 08:00:00,9.300000190734863,ok,,2.192983026553953,8.961906887006512,2024-01-01T00:00:00,fixed,7.672309684494027,11.815958510727016,0.2950359882442263,2024-01-01T00:00:00
120,2024-12-29 08:00:00,8.100000381469727,ok,,2.1905915586347624,8.940500380879987,2024-01-01T00:00:00,fixed,7.65398352396408,11.787734786530846,0.29063231079965435,2024-01-01T00:00:00
120,2024-12-30 08:00:00,6.400000095367432,ok,,2.21162221663943,9.130516060741472,2024-01-01T00:00:00,fixed,7.816656396957292,12.038263766349433,0.3458968202948536,2024-01-01T00:00:00
120,2024-12-31 02:50:00,2.0999999046325684,abstain,outside_training_support,2.0407020302806593,7.69601013500186,2024-01-01T00:00:00,fixed,6.5885724807459765,10.146918239594799,0.11876242050786734,2024-01-01T00:00:00
120,2024-12-31 08:00:00,2.700000047683716,abstain,outside_training_support,1.707208322827465,5.5135479269183305,2024-01-01T00:00:00,fixed,4.720161422001475,7.269418704386122,0.010000000000000009,2024-01-01T00:00:00
180,2024-01-01 07:00:00,10.800000190734863,ok,,2.151988326880404,8.601944883023808,2024-01-01T00:00:00,fixed,7.10273453009578,11.38521799645419,0.25913242478576215,2024-01-01T00:00:00
180,2024-01-01 19:00:00,8.300000190734863,ok,,2.1038850907220703,8.197957933218031,2024-01-01T00:00:00,fixed,6.769157403397789,10.850515722281452,0.19526626918232104,2024-01-01T00:00:00
180,2024-01-02 07:00:00,9.5,ok,,2.0967513919484517,8.139684271266075,2024-01-01T00:00:00,fixed,6.721040104743838,10.773386845754464,0.1918843441287431,2024-01-01T00:00:00
180,2024-01-03 07:00:00,7.199999809265137,ok,,2.247895074181296,9.467785860211519,2024-01-01T00:00:00,fixed,7.817670360291566,12.531213281194926,0.45325272269365946,2024-01-01T00:00:00
180,2024-01-04 07:00:00,8.899999618530273,ok,,1.9271711796286801,6.870048594391544,2024-01-01T00:00:00,fixed,5.672685891201349,9.09294374203036,0.042685865593417804,2024-01-01T00:00:00
180,2024-01-05 07:00:00,6.099999904632568,ok,,2.100650612364053,8.171484652409976,2024-01-01T00:00:00,fixed,6.747298081084368,10.815476661094733,0.1937328762340953,2024-01-01T00:00:00
180,2024-01-06 07:00:00,6.900000095367432,ok,,2.177843744324272,8.827251911046616,2024-01-01T00:00:00,fixed,7.2887733886996156,11.683426095326727,0.29656795591753216,2024-01-01T00:00:00
180,2024-01-07 07:00:00,3.200000047683716,ok,,1.9743191712378667,7.201714849737697,2024-01-01T00:00:00,fixed,5.946546907093674,9.531925003888459,0.07235599626406952,2024-01-01T00:00:00
180,2024-01-08 09:00:00,12.600000381469727,abstain,outside_training_support,1.8847199794890241,6.584510385877567,2024-01-01T00:00:00,fixed,5.436913386162816,8.71501586706055,0.03571982317872591,2024-01-01T00:00:00
180,2024-01-08 11:00:00,1.0,abstain,outside_training_support,2.1275046223809357,8.393894718659539,2024-01-01T00:00:00,fixed,6.93094488176421,11.109850447871075,0.22684129535718878,2024-01-01T00:00:00
180,2024-01-08 13:00:00,2.0,abstain,outside_training_support,2.0189662551892407,7.5305362558261795,2024-01-01T00:00:00,fixed,6.2180588950242806,9.967140927860054,0.0977911608967772,2024-01-01T00:00:00
180,2024-01-09 07:00:00,6.0,abstain,outside_training_support,1.755970707228984,5.789064502162168,2024-01-01T00:00:00,fixed,4.780103673717663,7.662192939962414,0.014539615598443412,2024-01-01T00:00:00
180,2024-01-10 07:00:00,9.199999809265137,abstain,outside_training_support,2.479547067491827,11.935857055683066,2024-01-01T00:00:00,fixed,9.855587917448506,15.797861576822594,0.8807976462304956,2024-01-01T00:00:00
180,2024-01-11 07:00:00,4.699999809265137,ok,,2.0673755090553856,7.9040517603814875,2024-01-01T00:00:00,fixed,6.52647536453304,10.461512317382708,0.15462838545992408,2024-01-01T00:00:00
180,2024-01-12 07:00:00,6.800000190734863,ok,,1.902925674667252,6.705483836400964,2024-01-01T00:00:00,fixed,5.5368026921211815,8.87513187858142,0.03781651179327927,2024-01-01T00:00:00
180,2024-01-13 07:00:00,3.5,ok,,1.6500909187774246,5.207453260941494,2024-01-01T00:00:00,fixed,4.299859926252755,6.892393684034381,0.010000000000000009,2024-01-01T00:00:00
180,2024-01-13 20:00:00,3.4000000953674316,abstain,outside_training_support,2.0802199215804023,8.006229463334533,2024-01-01T00:00:00,fixed,6.610844784337477,10.596750968445585,0.16151907120037223,2024-01-01T00:00:00
180,2024-01-14 07:00:00,4.099999904632568,ok,,2.1230716076480616,8.35676681477991,2024-01-01T00:00:00,fixed,6.900287902615651,11.060709319304301,0.21834747177278102,2024-01-01T00:00:00
180,2024-01-15 07:00:00,2.299999952316284,abstain,outside_training_support,1.700457462773401,5.476452091742298,2024-01-01T00:00:00,fixed,4.521975658225759,7.248430646733666,0.010000000000000009,2024-01-01T00:00:00
180,2024-01-16 07:00:00,6.300000190734863,abstain,outside_training_support,2.1315074105207183,8.427561035501846,2024-01-01T00:00:00,fixed,6.958743584777167,11.154409947100582,0.23445482859637035,2024-01-01T00:00:00
180,2024-01-16 17:30:00,4.199999809265137,abstain,outside_training_support,1.9172269223330882,6.802069623914797,2024-01-01T00:00:00,fixed,5.616554796723117,9.002969275955868,0.03946353833422267,2024-01-01T00:00:00
180,2024-01-17 07:00:00,5.099999904632568,abstain,outside_training_support,2.0632717581224336,7.871681964812786,2024-01-01T00:00:00,fixed,6.4997472155104035,10.418668846044307,0.15272198021065553,2024-01-01T00:00:00
180,2024-01-18 07:00:00,5.900000095367432,abstain,outside_training_support,1.8654397298292624,6.458775377834978,2024-01-01T00:00:00,fixed,5.333092402023699,8.548597633066057,0.03349938174259148,2024-01-01T00:00:00
180,2024-01-19 07:00:00,8.199999809265137,ok,,1.9528102787699921,7.048467933212232,2024-01-01T00:00:00,fixed,5.820008992652458,9.329093019302025,0.06104763213744657,2024-01-01T00:00:00
180,2024-01-19 20:45:00,12.800000190734863,ok,,1.9354839924906997,6.9273960518114714,2024-01-01T00:00:00,fixed,5.720038411075497,9.168846728290688,0.04690958473414186,2024-01-01T00:00:00
180,2024-01-20 07:00:00,7.300000190734863,ok,,2.275930720396826,9.736977199869509,2024-01-01T00:00:00,fixed,8.03994504925928,12.887505041539988,0.542034986428943,2024-01-01T00:00:00
180,2024-01-20 19:00:00,6.599999904632568,ok,,1.916346587674665,6.79608416126752,2024-01-01T00:00:00,fixed,5.611612524620524,8.995047137651614,0.03936215315572533,2024-01-01T00:00:00
180,2024-01-21 07:00:00,10.100000381469727,abstain,outside_training_support,1.8176023917746873,6.157078476671572,2024-01-01T00:00:00,fixed,5.083977460384717,8.149282706580195,0.021489650566309915,2024-01-01T00:00:00
180,2024-01-21 19:00:00,5.800000190734863,ok,,1.9496352563936823,7.026124379217542,2024-01-01T00:00:00,fixed,5.801559637926139,9.299519912695967,0.05854568741915911,2024-01-01T00:00:00
180,2024-01-22 07:00:00,7.0,ok,,1.788679806435602,5.981550447027986,2024-01-01T00:00:00,fixed,4.9390417494375765,7.916960259836291,0.017588671941322742,2024-01-01T00:00:00
180,2024-01-23 07:00:00,9.600000381469727,ok,,2.125229406711951,8.374818507348444,2024-01-01T00:00:00,fixed,6.915193413157371,11.08460187591709,0.2226466158543009,2024-01-01T00:00:00
180,2024-01-24 07:00:00,8.5,ok,,2.042348292218263,7.708690218063807,2024-01-01T00:00:00,fixed,6.365162871679123,10.202938962442955,0.12731041874357985,2024-01-01T00:00:00
180,2024-01-25 07:00:00,10.199999809265137,ok,,2.207301285562666,9.09114884291545,2024-01-01T00:00:00,fixed,7.506676418288919,12.032710372171094,0.3373339836108923,2024-01-01T00:00:00
180,2024-01-26 07:00:00,8.899999618530273,ok,,2.148371397956576,8.57088845807319,2024-01-01T00:00:00,fixed,7.077090847780002,11.34411285417978,0.25656491748026666,2024-01-01T00:00:00
180,2024-01-27 07:00:00,9.0,ok,,2.1832024593469757,8.874681606082666,2024-01-01T00:00:00,fixed,7.327936686914802,11.746202295922531,0.29906467116454616,2024-01-01T00:00:00
180,2024-01-28 07:00:00,9.899999618530273,ok,,2.030767973906187,7.619936024330719,2024-01-01T00:00:00,fixed,6.291877412972811,10.085467174667965,0.11267797521319678,2024-01-01T00:00:00
180,2024-01-29 07:00:00,9.600000381469727,ok,,2.038609119214751,7.6799199138012755,2024-01-01T00:00:00,fixed,6.341406868088572,10.164859645462016,0.12327609837764253,2024-01-01T00:00:00
180,2024-01-30 07:00:00,7.599999904632568,abstain,outside_training_support,1.7387017552567336,5.6899516757094375,2024-01-01T00:00:00,fixed,4.6982649611480785,7.531010846755094,0.012929849239141866,2024-01-01T00:00:00
180,2024-01-30 11:07:00,20.600000381469727,ok,,1.8647119503580751,6.454076523778141,2024-01-01T00:00:00,fixed,5.329212498883742,8.542378402589911,0.03341556583135019,2024-01-01T00:00:00
180,2024-01-30 13:25:00,4.400000095367432,abstain,outside_training_support,2.0956494759141133,8.130719962517942,2024-01-01T00:00:00,fixed,6.7136381617937655,10.761522016268467,0.19136195068857575,2024-01-01T00:00:00
180,2024-01-30 19:30:00,1.0,ok,,1.9846194696732131,7.276278014121435,2024-01-01T00:00:00,fixed,6.008114653637455,9.630614066950193,0.0763267613609373,2024-01-01T00:00:00
180,2024-01-31 07:00:00,3.299999952316284,abstain,outside_training_support,1.8402491043911708,6.2981069517324135,2024-01-01T00:00:00,fixed,5.20042645339306,8.335942811255356,0.030598262228479833,2024-01-01T00:00:00
180,2024-01-31 12:00:00,2.9000000953674316,abstain,outside_training_support,2.0857109695297082,8.050312974782745,2024-01-01T00:00:00,fixed,6.647245096502814,10.655098283467051,0.16802853420406383,2024-01-01T00:00:00
180,2024-02-01 07:00:00,7.300000190734863,abstain,outside_training_support,2.1589213865504315,8.661789894979956,2024-01-01T00:00:00,fixed,7.152149312293908,11.464426654076004,0.2689833132706013,2024-01-01T00:00:00
180,2024-02-01 19:30:00,6.300000190734863,abstain,outside_training_support,2.048432239867766,7.755732441907041,2024-01-01T00:00:00,fixed,6.404006230036749,10.265202320413337,0.13393304514203952,2024-01-01T00:00:00
180,2024-02-01 23:00:00,19.100000381469727,abstain,outside_training_support,1.9591196603871552,7.093079996491095,2024-01-01T00:00:00,fixed,5.8568457367398254,9.388139906094318,0.06471604735120262,2024-01-01T00:00:00
180,2024-02-02 04:00:00,11.600000381469727,abstain,outside_training_support,2.3047144777413653,10.021316534970818,2024-01-01T00:00:00,fixed,8.274727629379536,13.263846131737404,0.6251591817686104,2024-01-01T00:00:00
180,2024-02-02 07:00:00,5.300000190734863,ok,,2.302442643493992,9.998575606453945,2024-01-01T00:00:00,fixed,8.25595015749152,13.23374707482327,0.6176070184777913,2024-01-01T00:00:00
180,2024-02-03 07:00:00,7.300000190734863,ok,,1.824402102067649,6.199087489260807,2024-01-01T00:00:00,fixed,5.118664832641851,8.204884291180923,0.02480549087213546,2024-01-01T00:00:00
180,2024-02-04 07:00:00,6.900000095367432,ok,,2.082578025074815,8.025131258444784,2024-01-01T00:00:00,fixed,6.626452235284451,10.62176868952855,0.1643145280234538,2024-01-01T00:00:00
180,2024-02-05 07:00:00,9.300000190734863,ok,,2.226999080550451,9.271999763684542,2024-01-01T00:00:00,fixed,7.656007307665032,12.272078001912496,0.39255173706812707,2024-01-01T00:00:00
180,2024-02-05 15:00:00,12.100000381469727,abstain,outside_training_support,1.6735226028349257,5.330913451887179,2024-01-01T00:00:00,fixed,4.4018025651846475,7.05580105375312,0.010000000000000009,2024-01-01T00:00:00
180,2024-02-06 07:00:00,9.899999618530273,ok,,2.096297449583737,8.135990162259672,2024-01-01T00:00:00,fixed,6.717989832281676,10.768497458887598,0.19166914033267235,2024-01-01T00:00:00
180,2024-02-07 07:00:00,8.899999618530273,ok,,2.0136997421679537,7.490980839561243,2024-01-01T00:00:00,fixed,6.185397488240364,9.914786833147641,0.09425674669192652,2024-01-01T00:00:00
180,2024-02-08 07:00:00,10.699999809265137,ok,,2.3538978045955945,10.526520183184354,2024-01-01T00:00:00,fixed,8.691880662291698,13.932515106688232,0.7530566903226806,2024-01-01T00:00:00
180,2024-02-09 07:00:00,11.300000190734863,ok,,2.177344607717371,8.82284700589563,2024-01-01T00:00:00,fixed,7.285136202883714,11.677595924815328,0.29633539979698575,2024-01-01T00:00:00
180,2024-02-11 07:00:00,7.800000190734863,ok,,2.0384433528379278,7.678646946813349,2024-01-01T00:00:00,fixed,6.34035576316942,10.16317479315746,0.12309724742065886,2024-01-01T00:00:00
180,2024-02-12 07:00:00,9.0,ok,,2.235191535497376,9.348272206699658,2024-01-01T00:00:00,fixed,7.7189864271624575,12.37302940332905,0.4255759704489649,2024-01-01T00:00:00
180,2024-02-13 07:00:00,2.5999999046325684,ok,,2.0645421751599558,7.881688638673457,2024-01-01T00:00:00,fixed,6.508009852498681,10.43191331167068,0.1533121548456815,2024-01-01T00:00:00
180,2024-02-14 07:00:00,8.600000381469727,ok,,1.8944724357772855,6.649039683723901,2024-01-01T00:00:00,fixed,5.490196042381705,8.80042447326873,0.03684298073263137,2024-01-01T00:00:00
180,2024-02-15 07:00:00,9.199999809265137,ok,,2.3563998584057844,10.552891080060817,2024-01-01T00:00:00,fixed,8.713655444899722,13.967418656267245,0.7565626094120932,2024-01-01T00:00:00
180,2024-02-16 07:00:00,9.600000381469727,ok,,2.306283499847195,10.037052543988425,2024-01-01T00:00:00,fixed,8.28772105076681,13.284673734738346,0.629394040853253,2024-01-01T00:00:00
180,2024-02-17 07:00:00,10.699999809265137,ok,,2.3503779301126935,10.489533286202736,2024-01-01T00:00:00,fixed,8.661340114319705,13.883560609667546,0.7473841344065149,2024-01-01T00:00:00
180,2024-02-17 13:00:00,7.400000095367432,ok,,2.2449419359910223,9.43986742400027,2024-01-01T00:00:00,fixed,7.794617754909814,12.494261465447712,0.4465354283399726,2024-01-01T00:00:00
180,2024-02-18 07:00:00,8.199999809265137,ok,,2.3131136177270237,10.105841446767728,2024-01-01T00:00:00,fixed,8.344520916576485,13.375720197431324,0.6465833337840639,2024-01-01T00:00:00
180,2024-02-19 07:00:00,6.800000190734863,ok,,2.3983774257525208,11.00530496129426,2024-01-01T00:00:00,fixed,9.087219300496278,14.56621703646031,0.8080720212183198,2024-01-01T00:00:00
180,2024-02-20 07:00:00,7.699999809265137,ok,,2.291775990112456,9.892491055551917,2024-01-01T00:00:00,fixed,8.168354803993198,13.093337463450478,0.5906157357243893,2024-01-01T00:00:00
180,2024-02-21 07:00:00,7.0,ok,,2.0846812774390537,8.042027897456647,2024-01-01T00:00:00,fixed,6.64040400351642,10.6441324597193,0.16680786692321148,2024-01-01T00:00:00
180,2024-02-22 07:00:00,8.100000381469727,ok,,2.2235156160921625,9.239757272440572,2024-01-01T00:00:00,fixed,7.629384275431145,12.229403025897964,0.3789511927718878,2024-01-01T00:00:00
180,2024-02-23 07:00:00,7.800000190734863,ok,,2.226439963232537,9.266817077044912,2024-01-01T00:00:00,fixed,7.651727897850792,12.265218388417884,0.39134547217335447,2024-01-01T00:00:00
180,2024-02-24 09:00:00,7.400000095367432,abstain,outside_training_support,1.8634625493972912,6.446017829686733,2024-01-01T00:00:00,fixed,5.322558333393392,8.531712211368612,0.033271676529467276,2024-01-01T00:00:00
180,2024-02-24 12:00:00,13.899999618530273,abstain,outside_training_support,2.0831519526614497,8.029738424623789,2024-01-01T00:00:00,fixed,6.63025643058569,10.627866565300502,0.16499490095526714,2024-01-01T00:00:00
180,2024-02-25 07:00:00,8.0,ok,,2.112768365270752,8.27110706515684,2024-01-01T00:00:00,fixed,6.829557565492954,10.947333223986016,0.1994776284935803,2024-01-01T00:00:00
180,2024-02-26 07:00:00,8.300000190734863,ok,,2.3498864820228027,10.484379491620368,2024-01-01T00:00:00,fixed,8.657084561042044,13.876739236637707,0.746423626975409,2024-01-01T00:00:00
180,2024-02-27 07:00:00,8.100000381469727,ok,,2.1246534042651057,8.369995980423317,2024-01-01T00:00:00,fixed,6.911211391768113,11.078218956579311,0.22158467447866326,2024-01-01T00:00:00
180,2024-02-28 07:00:00,8.800000190734863,ok,,2.157270178628565,8.647499280522652,2024-01-01T00:00:00,fixed,7.140349371450006,11.44551212217511,0.2663859341061888,2024-01-01T00:00:00
180,2024-02-29 07:00:00,8.300000190734863,ok,,2.276291765699214,9.740493324448915,2024-01-01T00:00:00,fixed,8.042848357732177,12.892158854762885,0.5473013276062739,2024-01-01T00:00:00
180,2024-02-29 18:00:00,8.399999618530273,ok,,2.1843836062820423,8.885170102069443,2024-01-01T00:00:00,fixed,7.336597170517886,11.760084483600817,0.2996149873409524,2024-01-01T00:00:00
180,2024-03-01 03:00:00,14.199999809265137,ok,,2.219502056921297,9.202747280481276,2024-01-01T00:00:00,fixed,7.5988246576444,12.180417961213909,0.37151486398503575,2024-01-01T00:00:00
180,2024-03-01 07:00:00,9.800000190734863,ok,,2.200073940654893,9.025680839514163,2024-01-01T00:00:00,fixed,7.452618661037714,11.946059329801914,0.3272297648725089,2024-01-01T00:00:00
180,2024-03-02 07:00:00,7.599999904632568,ok,,2.0087219492527097,7.4537849417527475,2024-01-01T00:00:00,fixed,6.154684365645995,9.865555710316418,0.09091609569242631,2024-01-01T00:00:00
180,2024-03-03 07:00:00,8.899999618530273,ok,,2.4147406010184027,11.186868118952791,2024-01-01T00:00:00,fixed,9.237138292867353,14.806527356763164,0.8499266187786658,2024-01-01T00:00:00
180,2024-03-04 07:00:00,9.199999809265137,ok,,2.105403485013056,8.21041512080947,2024-01-01T00:00:00,fixed,6.779443460522871,10.86700359778867,0.19598610553325924,2024-01-01T00:00:00
180,2024-03-05 07:00:00,7.900000095367432,ok,,2.2770089459142806,9.747481519144158,2024-01-01T00:00:00,fixed,8.048618598351004,12.901408172340355,0.5521426292443941,2024-01-01T00:00:00
180,2024-03-06 07:00:00,9.399999618530273,ok,,2.088128565247228,8.069798922035684,2024-01-01T00:00:00,fixed,6.6633348892516855,10.680889166849708,0.17273252445911413,2024-01-01T00:00:00
180,2024-03-07 07:00:00,8.5,ok,,2.2241893980928245,9.245984952394952,2024-01-01T00:00:00,fixed,7.634526549423351,12.237645754124774,0.3806209726589421,2024-01-01T00:00:00
180,2024-03-08 07:00:00,8.0,ok,,2.15028497403716,8.587305207555941,2024-01-01T00:00:00,fixed,7.090646365166912,11.36584146023295,0.25792328549633503,2024-01-01T00:00:00
180,2024-03-08 14:00:00,10.5,ok,,2.1687703973530383,8.747521449712723,2024-01-01T00:00:00,fixed,7.22293893980256,11.577897787997566,0.292340531315076,2024-01-01T00:00:00
180,2024-03-09 06:30:00,8.5,ok,,2.154745336751875,8.625693252181438,2024-01-01T00:00:00,fixed,7.122343858444564,11.416650464761851,0.2624143133326299,2024-01-01T00:00:00
180,2024-03-10 07:00:00,7.400000095367432,ok,,2.122443755923146,8.351521651085372,2024-01-01T00:00:00,fixed,6.895956904708106,11.053767013476783,0.21691095143052597,2024-01-01T00:00:00
180,2024-03-11 07:00:00,10.0,ok,,2.31660255109911,10.141161633304762,2024-01-01T00:00:00,fixed,8.373685240684292,13.42246869778421,0.6586093795661612,2024-01-01T00:00:00
180,2024-03-12 07:00:00,7.699999809265137,ok,,2.2002628240219986,9.027385801515965,2024-01-01T00:00:00,fixed,7.4540264696958,11.94831595482453,0.3274465161132444,2024-01-01T00:00:00
180,2024-03-13 07:00:00,7.5,ok,,2.2258332515684955,9.261196496244107,2024-01-01T00:00:00,fixed,7.647086913297188,12.25777919431073,0.39003652509170683,2024-01-01T00:00:00
180,2024-03-14 07:00:00,8.399999618530273,ok,,2.438660985342031,11.45768845383257,2024-01-01T00:00:00,fixed,9.460758063763459,15.164975195293739,0.8630990005496338,2024-01-01T00:00:00
180,2024-03-15 07:00:00,7.800000190734863,ok,,2.057480536662259,7.826227058046011,2024-01-01T00:00:00,fixed,6.462214524910187,10.358506402598575,0.15003165733976642,2024-01-01T00:00:00
180,2024-03-16 07:00:00,3.5,abstain,outside_training_support,1.7389989423447905,5.6916429071727555,2024-01-01T00:00:00,fixed,4.699661432327125,7.533249298541774,0.012957552239158399,2024-01-01T00:00:00
180,2024-04-23 03:30:00,2120.0,abstain,too_many_missing_features|outside_training_support,1.9331329171963367,6.911128352885693,2024-01-01T00:00:00,fixed,5.706605966615947,9.147315400074879,0.045715009337472634,2024-01-01T00:00:00
180,2024-04-23 06:24:00,34.0,abstain,too_many_missing_features|outside_training_support,1.7898316283800442,5.988444097461437,2024-01-01T00:00:00,fixed,4.944733923665374,7.92608444210478,0.017696041758613723,2024-01-01T00:00:00
180,2024-04-23 07:00:00,107.0,abstain,too_many_missing_features|outside_training_support,1.777836254177784,5.917039587721684,2024-01-01T00:00:00,fixed,4.885774318154065,7.831576058201805,0.01657786447205578,2024-01-01T00:00:00
180,2024-04-23 10:21:00,6.800000190734863,abstain,outside_training_support,2.102513882244732,8.186724527233997,2024-01-01T00:00:00,fixed,6.759881838201963,10.835647599117431,0.19461621029276743,2024-01-01T00:00:00
180,2024-04-23 13:33:00,5.0,ok,,2.0039515465663515,7.418312063271045,2024-01-01T00:00:00,fixed,6.125393961871016,9.818605112519288,0.0874219269141534,2024-01-01T00:00:00
180,2024-04-23 23:00:00,3.200000047683716,abstain,outside_training_support,1.8963121509494403,6.661283281823642,2024-01-01T00:00:00,fixed,5.500305735965917,8.81662964957736,0.03705485453463209,2024-01-01T00:00:00
180,2024-04-24 07:00:00,3.799999952316284,ok,,1.943781813036662,6.985117490977357,2024-01-01T00:00:00,fixed,5.76769973240057,9.245244703040516,0.052346394753055026,2024-01-01T00:00:00
180,2024-04-24 12:00:00,7.599999904632568,ok,,1.87319745513417,6.509075638559853,2024-01-01T00:00:00,fixed,5.374625962582599,8.615173208871173,0.03439281284546325,2024-01-01T00:00:00
180,2024-04-25 07:00:00,6.800000190734863,ok,,2.1308705580522704,8.422195631120246,2024-01-01T00:00:00,fixed,6.954313302615708,11.14730849512032,0.2332156583397007,2024-01-01T00:00:00
180,2024-04-26 07:00:00,5.900000095367432,ok,,2.0890627235258084,8.07734091366368,2024-01-01T00:00:00,fixed,6.669562406992188,10.690871469687016,0.17611539806336218,2024-01-01T00:00:00
180,2024-04-26 13:00:00,6.599999904632568,ok,,2.025680641389602,7.5812693146188925,2024-01-01T00:00:00,fixed,6.2599498224139145,10.03428933927593,0.10506887737472637,2024-01-01T00:00:00
180,2024-04-26 14:00:00,4.5,ok,,1.9669289377201962,7.148688674516772,2024-01-01T00:00:00,fixed,5.90276252450784,9.461741507874684,0.06925653539190679,2024-01-01T00:00:00
180,2024-04-26 17:00:00,4.300000190734863,ok,,2.1739695578138614,8.793119650831716,2024-01-01T00:00:00,fixed,7.260589950359173,11.638249890579674,0.2947629074144231,2024-01-01T00:00:00
180,2024-04-27 07:00:00,3.5,ok,,1.9481032659653128,7.015368664849412,2024-01-01T00:00:00,fixed,5.7926785087306785,9.285284044592414,0.0569231797005626,2024-01-01T00:00:00
180,2024-04-27 20:00:00,6.900000095367432,ok,,1.8783854571533156,6.542932484869902,2024-01-01T00:00:00,fixed,5.402581988183405,8.659984885899364,0.034990297569849504,2024-01-01T00:00:00
180,2024-04-28 07:00:00,8.899999618530273,ok,,1.732469888656428,5.654602914686596,2024-01-01T00:00:00,fixed,4.6690770427264505,7.484224526263331,0.012348930997841179,2024-01-01T00:00:00
180,2024-04-29 07:00:00,7.5,ok,,1.968717810234857,7.161488212159749,2024-01-01T00:00:00,fixed,5.913331264394263,9.478682505323611,0.07019667157019638,2024-01-01T00:00:00
180,2024-04-30 07:00:00,6.599999904632568,ok,,1.8574378087039338,6.407298996339879,2024-01-01T00:00:00,fixed,5.290587703690746,8.480465387049582,0.03257782742929638,2024-01-01T00:00:00
180,2024-05-01 07:00:00,6.099999904632568,ok,,2.044822034149477,7.727783134027945,2024-01-01T00:00:00,fixed,6.380928133528957,10.228209644061561,0.129979422676748,2024-01-01T00:00:00
180,2024-05-02 07:00:00,7.599999904632568,ok,,2.078369577639673,7.991428882464348,2024-01-01T00:00:00,fixed,6.598623757785725,10.57716146374953,0.15973570079224775,2024-01-01T00:00:00
180,2024-05-03 07:00:00,8.600000381469727,ok,,2.1134954344215005,8.277122918652188,2024-01-01T00:00:00,fixed,6.834524931702626,10.955295586499457,0.19982231551424534,2024-01-01T00:00:00
180,2024-05-04 00:00:00,4.0,abstain,outside_training_support,2.0933051293369176,8.111681062613341,2024-01-01T00:00:00,fixed,6.697917501686501,10.736322828320363,0.19025054906155336,2024-01-01T00:00:00
180,2024-05-04 03:00:00,2.5999999046325684,abstain,outside_training_support,1.8816210130011581,6.564136793697401,2024-01-01T00:00:00,fixed,5.420090653786822,8.688050129486504,0.03536292564263166,2024-01-01T00:00:00
180,2024-05-04 07:00:00,5.5,abstain,outside_training_support,1.8542979282895602,6.387212394977901,2024-01-01T00:00:00,fixed,5.274001943257945,8.453879499971261,0.032216217974044725,2024-01-01T00:00:00
180,2024-05-04 19:00:00,8.899999618530273,abstain,outside_training_support,1.8850026724227436,6.586372043561996,2024-01-01T00:00:00,fixed,5.438450580425069,8.71747988872777,0.035752379972066706,2024-01-01T00:00:00
180,2024-05-05 07:00:00,7.900000095367432,ok,,2.1193447033338706,8.32567990942866,2024-01-01T00:00:00,fixed,6.874619052248114,11.01956383429223,0.20985859404457063,2024-01-01T00:00:00
180,2024-05-06 07:00:00,7.5,ok,,2.1353713699487074,8.460187783040707,2024-01-01T00:00:00,fixed,6.985683902286796,11.19759351061984,0.24212782211716943,2024-01-01T00:00:00
180,2024-05-07 07:00:00,6.0,ok,,2.042083448463316,7.706648889929169,2024-01-01T00:00:00,fixed,6.363477321256943,10.200237135573428,0.12702466984847127,2024-01-01T00:00:00
180,2024-05-08 07:00:00,8.300000190734863,ok,,2.094975949670002,8.125245553025847,2024-01-01T00:00:00,fixed,6.709117872735867,10.754276289131532,0.1910426471475255,2024-01-01T00:00:00
180,2024-05-09 07:00:00,7.599999904632568,ok,,1.9839457243894865,7.271377307225799,2024-01-01T00:00:00,fixed,6.004068078059156,9.624127671477737,0.0760670325507875,2024-01-01T00:00:00
180,2024-05-10 07:00:00,7.0,ok,,2.003530812108207,7.415191580258153,2024-01-01T00:00:00,fixed,6.122817339636434,9.81447495592806,0.0871034041999178,2024-01-01T00:00:00
180,2024-05-11 07:00:00,8.699999809265137,ok,,2.0950309810598116,8.125692708884866,2024-01-01T00:00:00,fixed,6.7094870949761125,10.754868128186832,0.19106873628330712,2024-01-01T00:00:00
180,2024-05-12 07:00:00,7.099999904632568,ok,,2.1090229844164754,8.240186559791479,2024-01-01T00:00:00,fixed,6.80402611369535,10.906407979877567,0.1977020282407197,2024-01-01T00:00:00
180,2024-05-13 07:00:00,8.600000381469727,ok,,2.1436490789273663,8.530509404834852,2024-01-01T00:00:00,fixed,7.0437493535448406,11.290668623850406,0.25321273974558645,2024-01-01T00:00:00
180,2024-05-13 11:02:00,5.699999809265137,ok,,2.0637929228553586,7.875785477051697,2024-01-01T00:00:00,fixed,6.503135537392297,10.424100103978002,0.15296408827199137,2024-01-01T00:00:00
180,2024-05-14 07:00:00,7.400000095367432,ok,,2.105784219325552,8.213541702726538,2024-01-01T00:00:00,fixed,6.782025118699658,10.871141826665239,0.19616660304949152,2024-01-01T00:00:00
180,2024-05-15 07:00:00,6.900000095367432,ok,,2.0311443226364556,7.622804317283555,2024-01-01T00:00:00,fixed,6.2942457986897145,10.089263541767478,0.11325150140460072,2024-01-01T00:00:00
180,2024-05-16 07:00:00,7.199999809265137,ok,,1.841945566297723,6.308800518308932,2024-01-01T00:00:00,fixed,5.209256266372078,8.350096422826798,0.030793638034219195,2024-01-01T00:00:00
180,2024-05-17 07:00:00,6.5,ok,,1.9682412913707927,7.158076440883127,2024-01-01T00:00:00,fixed,5.910514121761429,9.474166810295726,0.07001297354578451,2024-01-01T00:00:00
180,2024-05-18 07:00:00,7.599999904632568,ok,,2.047597319894061,7.749259728455459,2024-01-01T00:00:00,fixed,6.398661628791198,10.256635274858294,0.1330186325591105,2024-01-01T00:00:00
180,2024-05-19 07:00:00,8.899999618530273,ok,,2.0770906248654613,7.981214755410559,2024-01-01T00:00:00,fixed,6.590189824075813,10.563642420703767,0.15914156086461584,2024-01-01T00:00:00
180,2024-05-20 06:20:00,6.699999809265137,ok,,2.0822209497001514,8.022266193246507,2024-01-01T00:00:00,fixed,6.624086514765254,10.617976594566302,0.16389122650389676,2024-01-01T00:00:00
180,2024-05-20 14:00:00,6.900000095367432,ok,,2.223457751632045,9.239222634342806,2024-01-01T00:00:00,fixed,7.628942818001488,12.228695398567742,0.3788439814085591,2024-01-01T00:00:00
180,2024-05-20 19:00:00,7.0,ok,,2.0148120597882504,7.499317825370922,2024-01-01T00:00:00,fixed,6.192281442717239,9.925821361055842,0.09500323515243003,2024-01-01T00:00:00
180,2024-05-21 07:00:00,5.800000190734863,ok,,2.0624118184399496,7.864915702828909,2024-01-01T00:00:00,fixed,6.494160227534301,10.409713270444238,0.15232249360644234,2024-01-01T00:00:00
180,2024-05-22 07:00:00,7.900000095367432,ok,,2.1197714227354614,8.329233396694507,2024-01-01T00:00:00,fixed,6.877553211563084,11.024267099393256,0.2107966718434019,2024-01-01T00:00:00
180,2024-05-23 07:00:00,8.600000381469727,ok,,2.1617743593955727,8.686537031008516,2024-01-01T00:00:00,fixed,7.172583335062168,11.497181053494337,0.2802183287416452,2024-01-01T00:00:00
180,2024-05-24 07:00:00,6.300000190734863,ok,,2.1429174672571514,8.524270667046359,2024-01-01T00:00:00,fixed,7.038597948959351,11.282411259880908,0.25269339907077026,2024-01-01T00:00:00
180,2024-05-25 07:00:00,7.0,ok,,2.1502127060978733,8.586684643128292,2024-01-01T00:00:00,fixed,7.090133957281445,11.36502010397158,0.2578719854940461,2024-01-01T00:00:00
180,2024-05-26 07:00:00,8.5,ok,,1.960209983874581,7.10081796588777,2024-01-01T00:00:00,fixed,5.863235075799072,9.398381597901123,0.0653499857483203,2024-01-01T00:00:00
180,2024-05-27 07:00:00,5.0,ok,,1.7169961987379032,5.567778819522958,2024-01-01T00:00:00,fixed,4.597385290785543,7.369307345994744,0.010906514253320121,2024-01-01T00:00:00
180,2024-05-28 07:00:00,5.900000095367432,ok,,1.8374962531974313,6.280793042733571,2024-01-01T00:00:00,fixed,5.186130140062837,8.31302675785078,0.030281225625429564,2024-01-01T00:00:00
180,2024-05-29 07:00:00,6.099999904632568,ok,,1.895714869485741,6.657305808748675,2024-01-01T00:00:00,fixed,5.497021486213532,8.811365212447228,0.0369860676395225,2024-01-01T00:00:00
180,2024-05-30 07:00:00,6.300000190734863,ok,,1.9081178026353056,6.74039010706189,2024-01-01T00:00:00,fixed,5.5656252406624445,8.921332535098319,0.038414471689309004,2024-01-01T00:00:00
180,2024-05-31 07:00:00,8.5,ok,,2.091320361017933,8.09559722165548,2024-01-01T00:00:00,fixed,6.684636871073134,10.715034847751348,0.18448633237858614,2024-01-01T00:00:00
180,2024-06-01 07:00:00,7.800000190734863,ok,,2.0406995972895206,7.6959914107001755,2024-01-01T00:00:00,fixed,6.3546773060565505,10.186131287888418,0.12553158595836345,2024-01-01T00:00:00
180,2024-06-02 07:00:00,6.300000190734863,ok,,2.0407607686970946,7.696462199726713,2024-01-01T00:00:00,fixed,6.355066042501697,10.186754406935373,0.1255975858613252,2024-01-01T00:00:00
180,2024-06-03 07:00:00,9.600000381469727,ok,,2.0085288797333996,7.452345981991106,2024-01-01T00:00:00,fixed,6.153496198397145,9.8636511560793,0.09078652463681225,2024-01-01T00:00:00
180,2024-06-04 07:00:00,5.900000095367432,ok,,2.017465386599566,7.5192423879222545,2024-01-01T00:00:00,fixed,6.2087334056575845,9.952192779521752,0.09678391165206468,2024-01-01T00:00:00
180,2024-06-05 07:00:00,9.699999809265137,ok,,1.8851854670186448,6.5875761068229295,2024-01-01T00:00:00,fixed,5.439444790666609,8.719073542592527,0.03577343181020176,2024-01-01T00:00:00
180,2024-06-06 07:00:00,8.399999618530273,ok,,2.2192464470000988,9.200395267585828,2024-01-01T00:00:00,fixed,7.596882570891356,12.177304923417305,0.37104126951830696,2024-01-01T00:00:00
180,2024-06-07 05:20:00,9.699999809265137,ok,,2.2001352816677673,9.026234500899642,2024-01-01T00:00:00,fixed,7.453075826236294,11.94679213565636,0.3273001561454528,2024-01-01T00:00:00
180,2024-06-08 07:00:00,9.5,ok,,2.155794825705237,8.634750573912912,2024-01-01T00:00:00,fixed,7.129822603389709,11.42863840281297,0.26406517795400464,2024-01-01T00:00:00
180,2024-06-09 07:00:00,9.100000381469727,ok,,2.13929252085601,8.493426580624407,2024-01-01T00:00:00,fixed,7.0131295972484695,11.24158716107641,0.2501202004918195,2024-01-01T00:00:00
180,2024-06-10 07:00:00,8.300000190734863,ok,,2.1605748346496347,8.676123561738981,2024-01-01T00:00:00,fixed,7.163984801967078,11.483398168420635,0.2746569478705553,2024-01-01T00:00:00
180,2024-06-11 07:00:00,8.5,ok,,2.1997971661333344,9.023183106688416,2024-01-01T00:00:00,fixed,7.4505562514978205,11.942753422462964,0.32691215500632,2024-01-01T00:00:00
180,2024-06-12 07:00:00,9.800000190734863,ok,,2.3047818177616715,10.021991393352012,2024-01-01T00:00:00,fixed,8.275284868468162,13.264739349479568,0.6253409354199415,2024-01-01T00:00:00
180,2024-06-13 07:00:00,8.800000190734863,ok,,2.107677779616079,8.229109273554828,2024-01-01T00:00:00,fixed,6.7948794585466885,10.891746491071439,0.1970642971055787,2024-01-01T00:00:00
180,2024-06-14 07:00:00,8.800000190734863,ok,,2.0948419003340426,8.124156442253875,2024-01-01T00:00:00,fixed,6.708218580216283,10.752834782154935,0.19097909739275132,2024-01-01T00:00:00
180,2024-06-15 07:00:00,9.300000190734863,ok,,2.153563963926887,8.615509109395846,2024-01-01T00:00:00,fixed,7.113934683123596,11.4031711077911,0.260555993056672,2024-01-01T00:00:00
180,2024-06-16 07:00:00,9.5,ok,,2.178260126990181,8.830928191046505,2024-01-01T00:00:00,fixed,7.2918089395259225,11.688291884376055,0.29676195558837903,2024-01-01T00:00:00
180,2024-06-17 07:00:00,8.800000190734863,ok,,2.167348072412568,8.735088475747975,2024-01-01T00:00:00,fixed,7.212672876174848,11.56144196075642,0.2916778462590439,2024-01-01T00:00:00
180,2024-06-18 07:00:00,9.5,ok,,2.136199355111282,8.467195593778962,2024-01-01T00:00:00,fixed,6.991470340120083,11.20686879127066,0.2438651243677442,2024-01-01T00:00:00
180,2024-06-19 07:00:00,9.399999618530273,ok,,2.24731236202221,9.462270473368703,2024-01-01T00:00:00,fixed,7.813116235717644,12.523913317943109,0.4517775004309853,2024-01-01T00:00:00
180,2024-06-20 07:00:00,8.899999618530273,ok,,2.298039507687201,9.954647302300762,2024-01-01T00:00:00,fixed,8.219678001949914,13.175605186471303,0.6037127651129987,2024-01-01T00:00:00
180,2024-06-21 06:30:00,6.800000190734863,ok,,2.1351778099522636,8.45855038759575,2024-01-01T00:00:00,fixed,6.984331884188043,11.195426314207776,0.24172168897295054,2024-01-01T00:00:00
180,2024-06-22 07:00:00,7.699999809265137,ok,,2.1352700167869214,8.459330359711611,2024-01-01T00:00:00,fixed,6.984975917014941,11.196458656624637,0.2419151600019136,2024-01-01T00:00:00
180,2024-06-23 07:00:00,9.100000381469727,ok,,2.216323426476423,9.173541589438852,2024-01-01T00:00:00,fixed,7.574709149690875,12.141762382298108,0.35858540349120593,2024-01-01T00:00:00
180,2024-06-24 07:00:00,8.699999809265137,ok,,2.203111323447365,9.053136963457176,2024-01-01T00:00:00,fixed,7.4752895293407065,11.98239924602781,0.3309497493996503,2024-01-01T00:00:00
180,2024-06-25 09:00:00,7.599999904632568,ok,,2.1043975525936784,8.202160150730014,2024-01-01T00:00:00,fixed,6.772627227470277,10.856077622885682,0.19550921575149838,2024-01-01T00:00:00
180,2024-06-26 07:00:00,8.899999618530273,ok,,2.248498476249909,9.473500465713759,2024-01-01T00:00:00,fixed,7.8223889822286505,12.538776922940079,0.45478032453117334,2024-01-01T00:00:00
180,2024-06-27 07:00:00,9.399999618530273,ok,,2.1074586176300905,8.227305963239273,2024-01-01T00:00:00,fixed,6.793390442443823,10.889359695836518,0.1969603973707108,2024-01-01T00:00:00
180,2024-06-28 07:00:00,9.300000190734863,ok,,2.122637792672023,8.353142310423372,2024-01-01T00:00:00,fixed,6.897295103591971,11.05591205859298,0.2173549061507971,2024-01-01T00:00:00
180,2024-06-29 07:00:00,8.300000190734863,ok,,2.198962788305753,9.0156575028051,2024-01-01T00:00:00,fixed,7.444342265325072,11.93279280984202,0.32595467297843317,2024-01-01T00:00:00
180,2024-06-30 07:00:00,8.800000190734863,ok,,2.1753191594157832,8.804994870803833,2024-01-01T00:00:00,fixed,7.270395469470891,11.653967495142012,0.29539170944674564,2024-01-01T00:00:00
180,2024-07-01 07:00:00,8.5,ok,,2.1457121204305842,8.548126365793072,2024-01-01T00:00:00,fixed,7.058295900705383,11.3139857856867,0.2546772070443927,2024-01-01T00:00:00
180,2024-07-02 07:00:00,9.699999809265137,ok,,2.2290289562784245,9.2908398860391,2024-01-01T00:00:00,fixed,7.671563834638721,12.297014095203423,0.3969310824272382,2024-01-01T00:00:00
180,2024-07-03 07:00:00,9.300000190734863,ok,,2.2041754170491736,9.062775475806477,2024-01-01T00:00:00,fixed,7.483248170719268,11.995156426613201,0.332571106010924,2024-01-01T00:00:00
180,2024-07-04 07:00:00,10.100000381469727,ok,,2.4583183156658786,11.685144283473825,2024-01-01T00:00:00,fixed,9.648571215002416,15.466027368987707,0.8724538618501686,2024-01-01T00:00:00
180,2024-07-05 07:00:00,10.100000381469727,ok,,2.175699409127436,8.808343604201667,2024-01-01T00:00:00,fixed,7.273160560931059,11.65839975555112,0.29556887416790256,2024-01-01T00:00:00
180,2024-07-06 07:00:00,8.899999618530273,ok,,2.163109636780705,8.698143714807806,2024-01-01T00:00:00,fixed,7.182167120464445,11.51254323345106,0.2868398597663355,2024-01-01T00:00:00
180,2024-07-07 07:00:00,8.800000190734863,ok,,2.165460588444847,8.718616686302818,2024-01-01T00:00:00,fixed,7.199071911595841,11.539640505832557,0.2907984358069602,2024-01-01T00:00:00
180,2024-07-08 07:00:00,7.5,ok,,2.117113782060083,8.307126676096408,2024-01-01T00:00:00,fixed,6.8592994131634715,10.995007456763743,0.20584108111022448,2024-01-01T00:00:00
180,2024-07-09 07:00:00,9.399999618530273,ok,,2.2112012075267025,9.126672839348377,2024-01-01T00:00:00,fixed,7.536009030801829,12.079728627809109,0.3446939492987119,2024-01-01T00:00:00
180,2024-07-10 07:00:00,9.300000190734863,ok,,2.1085485281049663,8.236277878592729,2024-01-01T00:00:00,fixed,6.80079866626398,10.901234593145663,0.19747709924698997,2024-01-01T00:00:00
180,2024-07-11 07:00:00,10.800000190734863,ok,,2.1871757749402385,8.910013663116985,2024-01-01T00:00:00,fixed,7.35711081264214,11.792966507629206,0.30472179836685076,2024-01-01T00:00:00
180,2024-07-11 13:00:00,7.099999904632568,ok,,2.187992282920804,8.917291731275887,2024-01-01T00:00:00,fixed,7.363120405440932,11.802599491065973,0.30668301479589244,2024-01-01T00:00:00
180,2024-07-12 07:00:00,6.5,ok,,2.199072248877654,9.01664441584447,2024-01-01T00:00:00,fixed,7.445157171886118,11.934099051657046,0.3260802833756574,2024-01-01T00:00:00
180,2024-07-13 07:00:00,8.5,ok,,2.2187160760059466,9.19551693857762,2024-01-01T00:00:00,fixed,7.592854473017335,12.17084814649393,0.370058597300552,2024-01-01T00:00:00
180,2024-07-14 07:00:00,7.099999904632568,ok,,2.2601534432740893,9.584559740163929,2024-01-01T00:00:00,fixed,7.914092027790054,12.685770895505355,0.49571229924636273,2024-01-01T00:00:00
180,2024-07-15 07:00:00,6.800000190734863,ok,,2.2889993483113655,9.865061250365049,2024-01-01T00:00:00,fixed,8.145705667419556,13.057032381762607,0.5874398437842151,2024-01-01T00:00:00
180,2024-07-16 07:00:00,6.199999809265137,ok,,2.142841617603902,8.52362412859223,2024-01-01T00:00:00,fixed,7.038064093992174,11.281555525353022,0.252639556558811,2024-01-01T00:00:00
180,2024-07-17 07:00:00,8.800000190734863,ok,,2.219795106769742,9.20544453937345,2024-01-01T00:00:00,fixed,7.601051818377302,12.1839879539188,0.37205782720825,2024-01-01T00:00:00
180,2024-07-18 07:00:00,6.699999809265137,ok,,2.1991310883984516,9.017174966489618,2024-01-01T00:00:00,fixed,7.445595254254525,11.93480126898526,0.32614780408609667,2024-01-01T00:00:00
180,2024-07-19 07:00:00,8.600000381469727,ok,,2.0070002454901457,7.440962773328356,2024-01-01T00:00:00,fixed,6.144096939237537,9.848584759597232,0.089729985684468,2024-01-01T00:00:00
180,2024-07-20 07:00:00,10.399999618530273,ok,,2.1331762645428314,8.441637146853152,2024-01-01T00:00:00,fixed,6.97036640769733,11.173040570576589,0.23770203948018143,2024-01-01T00:00:00
180,2024-07-21 07:00:00,7.900000095367432,ok,,2.068634136035301,7.914006276374839,2024-01-01T00:00:00,fixed,6.534694934111532,10.474687748773482,0.15521308300141345,2024-01-01T00:00:00
180,2024-07-22 07:00:00,8.800000190734863,ok,,2.1989710924731294,9.015732370644868,2024-01-01T00:00:00,fixed,7.444404084645929,11.93289190216222,0.325964202343616,2024-01-01T00:00:00
180,2024-07-23 07:00:00,8.0,ok,,2.1024562394250004,8.186252634948612,2024-01-01T00:00:00,fixed,6.759492190782052,10.835023019837628,0.1945888831371928,2024-01-01T00:00:00
180,2024-07-24 07:00:00,6.599999904632568,ok,,2.0741195201508233,7.95753692270035,2024-01-01T00:00:00,fixed,6.57063873856252,10.53230331184464,0.15776132855601477,2024-01-01T00:00:00
180,2024-07-25 07:00:00,7.5,ok,,2.1417731982283796,8.514522186634979,2024-01-01T00:00:00,fixed,7.030548505563066,11.269508529611528,0.2518811301120222,2024-01-01T00:00:00
180,2024-07-26 07:00:00,8.399999618530273,ok,,2.166202257854421,8.725085416125843,2024-01-01T00:00:00,fixed,7.204413223508979,11.5482022788033,0.29114399202991326,2024-01-01T00:00:00
180,2024-07-27 07:00:00,9.300000190734863,ok,,2.1378527090795694,8.481206444470349,2024-01-01T00:00:00,fixed,7.003039276489127,11.225413038136505,0.24733423915377506,2024-01-01T00:00:00
180,2024-07-28 07:00:00,6.599999904632568,ok,,2.1221302310899373,8.348903652077974,2024-01-01T00:00:00,fixed,6.893795189863093,11.050301926241389,0.2161936088115073,2024-01-01T00:00:00
180,2024-07-29 07:00:00,7.0,ok,,2.214070306446618,9.152895766632012,2024-01-01T00:00:00,fixed,7.557661633048241,12.114436330275161,0.35139863560954043,2024-01-01T00:00:00
180,2024-07-30 07:00:00,8.199999809265137,ok,,2.2005896636315017,9.03033679099002,2024-01-01T00:00:00,fixed,7.456463138974708,11.952221775999188,0.32782157767619113,2024-01-01T00:00:00
180,2024-07-31 06:00:00,8.100000381469727,ok,,2.128512715135876,8.402360809696697,2024-01-01T00:00:00,fixed,6.937935440057979,11.12105585471181,0.2286998558768798,2024-01-01T00:00:00
180,2024-08-01 07:00:00,7.400000095367432,ok,,2.187101579519613,8.909352605429499,2024-01-01T00:00:00,fixed,7.356564968960608,11.792091555977853,0.30454358421419825,2024-01-01T00:00:00
180,2024-08-02 07:00:00,7.400000095367432,ok,,2.060552522915536,7.850306086268854,2024-01-01T00:00:00,fixed,6.48209688262525,10.390376519088262,0.15145875435774148,2024-01-01T00:00:00
180,2024-08-03 07:00:00,10.100000381469727,ok,,2.206544310629128,9.084269675131571,2024-01-01T00:00:00,fixed,7.500996202567785,12.023605358605126,0.33618058290349695,2024-01-01T00:00:00
180,2024-08-03 20:00:00,8.399999618530273,ok,,2.126584592693888,8.386175637764696,2024-01-01T00:00:00,fixed,6.924571139179484,11.09963375619086,0.22514509146631578,2024-01-01T00:00:00
180,2024-08-04 07:00:00,10.100000381469727,ok,,2.227011705390752,9.27211682193975,2024-01-01T00:00:00,fixed,7.656103964144771,12.27223293591544,0.3925789744674518,2024-01-01T00:00:00
180,2024-08-05 07:00:00,7.400000095367432,ok,,2.194990111787417,8.97991226109894,2024-01-01T00:00:00,fixed,7.414826967795786,11.885481722094442,0.32139586731129277,2024-01-01T00:00:00
180,2024-08-06 07:00:00,7.0,ok,,2.1716893602581457,8.773092442569727,2024-01-01T00:00:00,fixed,7.2440532315591515,11.611742614024912,0.29370052511205413,2024-01-01T00:00:00
180,2024-08-07 07:00:00,8.0,ok,,2.135544258789095,8.461650581543104,2024-01-01T00:00:00,fixed,6.986891753484964,11.199529616937788,0.24249058244800747,2024-01-01T00:00:00
180,2024-08-08 07:00:00,9.699999809265137,ok,,2.277459934834347,9.751878516731916,2024-01-01T00:00:00,fixed,8.052249254792077,12.907227876691788,0.5539584166658994,2024-01-01T00:00:00
180,2024-08-09 07:00:00,7.699999809265137,ok,,2.2114758323824106,9.129179594752893,2024-01-01T00:00:00,fixed,7.538078890398966,12.083046477101604,0.3452934578135196,2024-01-01T00:00:00
180,2024-08-10 07:00:00,6.199999809265137,ok,,2.226270446176647,9.265246326634797,2024-01-01T00:00:00,fixed,7.650430909399017,12.263139400923732,0.39097974843875805,2024-01-01T00:00:00
180,2024-08-11 07:00:00,8.0,ok,,2.052594671118994,7.78808242558339,2024-01-01T00:00:00,fixed,6.43071802012965,10.308019569459404,0.13849178086710556,2024-01-01T00:00:00
180,2024-08-12 07:00:00,7.400000095367432,ok,,1.9649252588174793,7.134379338282456,2024-01-01T00:00:00,fixed,5.890947124856209,9.442802196518045,0.06809155178238568,2024-01-01T00:00:00
180,2024-08-13 07:00:00,8.0,ok,,2.2002110056941473,9.026918029598546,2024-01-01T00:00:00,fixed,7.453640224515757,11.94769682911228,0.3273870525033633,2024-01-01T00:00:00
180,2024-08-14 07:00:00,7.400000095367432,ok,,2.053890588384429,7.798181678548085,2024-01-01T00:00:00,fixed,6.439057100853368,10.32138656938419,0.1399110822268398,2024-01-01T00:00:00
180,2024-08-15 07:00:00,9.0,ok,,2.1123040402699775,8.26726747484028,2024-01-01T00:00:00,fixed,6.826387167275606,10.94225128340565,0.1992575025248573,2024-01-01T00:00:00
180,2024-08-16 07:00:00,8.100000381469727,ok,,2.129415856339139,8.409952755732215,2024-01-01T00:00:00,fixed,6.944204205783683,11.131104275366338,0.23038513920921488,2024-01-01T00:00:00
180,2024-08-17 07:00:00,6.699999809265137,ok,,2.100895416584073,8.17348531121158,2024-01-01T00:00:00,fixed,6.748950050324621,10.818124659530266,0.19384893237147638,2024-01-01T00:00:00
180,2024-08-18 07:00:00,6.699999809265137,ok,,2.1586552053608794,8.659484596269248,2024-01-01T00:00:00,fixed,7.150245798033191,11.461375445456873,0.2685646055678672,2024-01-01T00:00:00
180,2024-08-19 07:00:00,8.5,ok,,2.0801545001518527,8.005705701498556,2024-01-01T00:00:00,fixed,6.610412307574544,10.596057736535604,0.16144151617395042,2024-01-01T00:00:00
180,2024-08-20 07:00:00,8.699999809265137,ok,,2.1932951920599084,8.964704921906485,2024-01-01T00:00:00,fixed,7.402270075760092,11.86535384703751,0.31891257227262126,2024-01-01T00:00:00
180,2024-08-21 07:00:00,6.800000190734863,ok,,2.120566473200113,8.335858190750573,2024-01-01T00:00:00,fixed,6.883023387684494,11.03303543324515,0.21261574172928133,2024-01-01T00:00:00
180,2024-08-22 07:00:00,9.0,ok,,1.9849326333114603,7.278557036652104,2024-01-01T00:00:00,fixed,6.009996471324452,9.633630497383466,0.07644748594500306,2024-01-01T00:00:00
180,2024-08-23 07:00:00,6.5,ok,,1.7473385524851426,5.739307465742738,2024-01-01T00:00:00,fixed,4.739018660328542,7.5963363558763275,0.013734948798903357,2024-01-01T00:00:00
180,2024-08-24 07:00:00,8.300000190734863,ok,,2.1100168626554208,8.248380373049967,2024-01-01T00:00:00,fixed,6.810791848788478,10.917253009860756,0.19817320340849176,2024-01-01T00:00:00
180,2024-08-25 07:00:00,7.5,ok,,2.134779402628609,8.455181110390754,2024-01-01T00:00:00,fixed,6.981549829446839,11.190966862770805,0.24088573928288848,2024-01-01T00:00:00
180,2024-08-26 07:00:00,6.099999904632568,ok,,2.1473566977529166,8.562195986681312,2024-01-01T00:00:00,fixed,7.069913364368221,11.332607818624416,0.2558446240377772,2024-01-01T00:00:00
180,2024-08-27 07:00:00,17.299999237060547,ok,,2.181334929710035,8.858123341502289,2024-01-01T00:00:00,fixed,7.314264318724486,11.72428638568895,0.2981945577700017,2024-01-01T00:00:00
180,2024-08-27 11:00:00,8.0,ok,,2.2140236192990805,9.152468454012043,2024-01-01T00:00:00,fixed,7.5573087956210925,12.113870755001528,0.35124971780313463,2024-01-01T00:00:00
180,2024-08-28 07:00:00,6.900000095367432,ok,,2.1219687270157457,8.347555379001857,2024-01-01T00:00:00,fixed,6.892681903755829,11.048517401567134,0.21582408862270075,2024-01-01T00:00:00
180,2024-08-29 06:30:00,7.0,ok,,2.0012652256130674,7.398410838643635,2024-01-01T00:00:00,fixed,6.108961269349204,9.792264583271464,0.08538821128952523,2024-01-01T00:00:00
180,2024-08-30 07:00:00,5.800000190734863,ok,,2.140953136280969,8.507542613221766,2024-01-01T00:00:00,fixed,7.024785383645694,11.260270622845987,0.2512990022667484,2024-01-01T00:00:00
180,2024-08-31 07:00:00,7.0,ok,,2.155724987397736,8.63414755860417,2024-01-01T00:00:00,fixed,7.129324686033363,11.427840273920191,0.2639553210653731,2024-01-01T00:00:00
180,2024-09-01 01:00:00,7.099999904632568,ok,,2.2075109859810396,9.093055460533574,2024-01-01T00:00:00,fixed,7.508250736536256,12.0352339011536,0.3376535035846415,2024-01-01T00:00:00
180,2024-09-02 21:00:00,5.900000095367432,abstain,outside_training_support,1.7999649240179922,6.049435270808802,2024-01-01T00:00:00,fixed,4.9950951057999315,8.006810116805358,0.018640640970716382,2024-01-01T00:00:00
180,2024-09-03 07:00:00,5.0,ok,,1.9886736642979193,7.305837340477535,2024-01-01T00:00:00,fixed,6.0325221627357974,9.669737704565762,0.07788965340845799,2024-01-01T00:00:00
180,2024-09-04 07:00:00,12.100000381469727,ok,,2.121059776238781,8.339971309349519,2024-01-01T00:00:00,fixed,6.886419641659192,11.038479405803805,0.2137444156212549,2024-01-01T00:00:00
180,2024-09-05 07:00:00,6.099999904632568,ok,,2.1212645123573832,8.341678977509359,2024-01-01T00:00:00,fixed,6.887829684826148,11.040739612597708,0.21421285042440197,2024-01-01T00:00:00
180,2024-09-06 07:00:00,4.0,ok,,1.9153648786074786,6.789415657625852,2024-01-01T00:00:00,fixed,5.606106256942243,8.986220951399202,0.03924909302790147,2024-01-01T00:00:00
180,2024-09-06 21:00:00,19.5,abstain,outside_training_support,1.8239049721918705,6.196006503555804,2024-01-01T00:00:00,fixed,5.116120823833232,8.200806411774296,0.024563068297008606,2024-01-01T00:00:00
180,2024-09-06 23:00:00,7.599999904632568,abstain,outside_training_support,1.7817213763007214,5.94007272342661,2024-01-01T00:00:00,fixed,4.904793069207751,7.862061869807042,0.01694002535508632,2024-01-01T00:00:00
180,2024-09-07 07:00:00,7.199999809265137,ok,,2.0624585003243894,7.865282860484617,2024-01-01T00:00:00,fixed,6.494463394247718,10.41019922681877,0.15234417976405668,2024-01-01T00:00:00
180,2024-09-08 07:00:00,7.5,ok,,2.023532576581425,7.565001734965665,2024-01-01T00:00:00,fixed,6.246517476439217,10.012758168924885,0.10188802458571167,2024-01-01T00:00:00
180,2024-09-09 07:00:00,6.900000095367432,ok,,2.0364810569390537,7.663593943454358,2024-01-01T00:00:00,fixed,6.327926308180635,10.143251191335539,0.1209800599298988,2024-01-01T00:00:00
180,2024-09-10 08:30:00,6.800000190734863,ok,,2.3969420298747024,10.989519323948416,2024-01-01T00:00:00,fixed,9.074184900371582,14.545323747228696,0.8071461959569664,2024-01-01T00:00:00
180,2024-09-11 07:00:00,4.5,ok,,2.0091642914491095,7.457082794691357,2024-01-01T00:00:00,fixed,6.157407444468374,9.869920627220315,0.09121295635450777,2024-01-01T00:00:00
180,2024-09-11 17:00:00,12.0,abstain,outside_training_support,2.1372635649252634,8.476211262857632,2024-01-01T00:00:00,fixed,6.998914691943745,11.218801599401889,0.24609807996705002,2024-01-01T00:00:00
180,2024-09-12 07:00:00,6.099999904632568,ok,,2.177671225190007,8.825729172543525,2024-01-01T00:00:00,fixed,7.287516044285847,11.681410654627554,0.2964875763580489,2024-01-01T00:00:00
180,2024-09-13 08:00:00,7.199999809265137,ok,,2.133431732351277,8.443793988884874,2024-01-01T00:00:00,fixed,6.972147339403241,11.175895287393423,0.238199121811563,2024-01-01T00:00:00
180,2024-09-13 19:00:00,7.5,ok,,1.8714412796977697,6.497654591426314,2024-01-01T00:00:00,fixed,5.365195459719772,8.600056730780299,0.03419056003354859,2024-01-01T00:00:00
180,2024-09-14 07:00:00,4.5,ok,,1.994973462602594,7.352007922146045,2024-01-01T00:00:00,fixed,6.070645795141153,9.730847388999626,0.08062494697249933,2024-01-01T00:00:00
180,2024-09-14 15:30:00,3.299999952316284,ok,,1.9013165235166414,6.694702376196195,2024-01-01T00:00:00,fixed,5.5279003042632455,8.860861934235041,0.037631191273323705,2024-01-01T00:00:00
180,2024-09-15 07:00:00,5.300000190734863,abstain,outside_training_support,1.8088301133877691,6.103303081439908,2024-01-01T00:00:00,fixed,5.039574437373575,8.078107570505301,0.0194670306462007,2024-01-01T00:00:00
180,2024-09-16 07:00:00,6.699999809265137,ok,,2.0195977560040843,7.535293297487696,2024-01-01T00:00:00,fixed,6.221986844404315,9.973437173310483,0.09821496796633855,2024-01-01T00:00:00
180,2024-09-16 15:00:00,5.300000190734863,abstain,outside_training_support,1.6947680389441293,5.445382701983354,2024-01-01T00:00:00,fixed,4.496321270704005,7.207308344715609,0.010000000000000009,2024-01-01T00:00:00
180,2024-09-17 07:00:00,4.900000095367432,ok,,1.9000719336695178,6.686375400498848,2024-01-01T00:00:00,fixed,5.521024615262548,8.849840655343499,0.03748785605120197,2024-01-01T00:00:00
180,2024-09-18 07:00:00,6.699999809265137,ok,,2.2733910738694196,9.712280093770586,2024-01-01T00:00:00,fixed,8.019552336835787,12.854816859897172,0.5366912458698526,2024-01-01T00:00:00
180,2024-09-19 07:00:00,4.699999809265137,ok,,2.0517356596717584,7.781395246220815,2024-01-01T00:00:00,fixed,6.425196331672748,10.299168664709415,0.13755098306495595,2024-01-01T00:00:00
180,2024-09-20 07:00:00,6.900000095367432,ok,,2.2211130817531184,9.217585083696653,2024-01-01T00:00:00,fixed,7.611076419156684,12.200056732037579,0.3744997733443324,2024-01-01T00:00:00
180,2024-09-21 09:00:00,5.699999809265137,ok,,1.8846939526380693,6.584339014037288,2024-01-01T00:00:00,fixed,5.436771882269919,8.714789045593246,0.035716825753934534,2024-01-01T00:00:00
180,2024-09-22 07:00:00,3.799999952316284,abstain,outside_training_support,1.7503847791140332,5.756817352978414,2024-01-01T00:00:00,fixed,4.75347679536407,7.6195117988700325,0.014018910046689315,2024-01-01T00:00:00
180,2024-09-23 07:00:00,4.900000095367432,abstain,outside_training_support,2.0474684382524355,7.74826105549696,2024-01-01T00:00:00,fixed,6.397837011916403,10.25531346804666,0.13287748011513667,2024-01-01T00:00:00
180,2024-09-24 07:00:00,6.800000190734863,ok,,2.1348117644245446,8.45545473966399,2024-01-01T00:00:00,fixed,6.981775768593612,11.191329028416872,0.24095364173265765,2024-01-01T00:00:00
180,2024-09-25 07:00:00,9.199999809265137,ok,,2.13956017927568,8.495700222026617,2024-01-01T00:00:00,fixed,7.015006971669737,11.244596469245893,0.25031020006392957,2024-01-01T00:00:00
180,2024-09-26 07:00:00,6.699999809265137,ok,,2.18934045107015,8.929321847454034,2024-01-01T00:00:00,fixed,7.3730538243062655,11.81852211055185,0.30992125567845796,2024-01-01T00:00:00
180,2024-09-27 07:00:00,7.599999904632568,ok,,2.117272907089138,8.308448653047124,2024-01-01T00:00:00,fixed,6.8603909862278805,10.996757176853196,0.20612763844862847,2024-01-01T00:00:00
180,2024-09-28 01:31:00,6.099999904632568,abstain,outside_training_support,1.8610111907336466,6.4302356797919815,2024-01-01T00:00:00,fixed,5.30952681290111,8.510823537999048,0.03298936180597367,2024-01-01T00:00:00
180,2024-09-28 07:00:00,4.900000095367432,ok,,2.0525522509295766,7.787752060658818,2024-01-01T00:00:00,fixed,6.430445233639014,10.307582310591116,0.13844532185762526,2024-01-01T00:00:00
180,2024-09-29 07:00:00,6.199999809265137,ok,,1.85870068647018,6.415395743308814,2024-01-01T00:00:00,fixed,5.297273289922668,8.491181943660559,0.032723268809487616,2024-01-01T00:00:00
180,2024-09-30 07:00:00,8.899999618530273,ok,,2.122155643680567,8.349115822044572,2024-01-01T00:00:00,fixed,6.893970381284162,11.050582746608745,0.2162517526405996,2024-01-01T00:00:00
180,2024-10-01 07:00:00,7.800000190734863,ok,,2.0805149152329703,8.008591598597544,2024-01-01T00:00:00,fixed,6.61279522925726,10.599877403835746,0.1618687768094733,2024-01-01T00:00:00
180,2024-10-02 07:00:00,9.5,ok,,2.172790964253332,8.782762241421239,2024-01-01T00:00:00,fixed,7.2520377065977275,11.62454120427438,0.2942137808980587,2024-01-01T00:00:00
180,2024-10-03 07:00:00,9.399999618530273,ok,,2.1086494865580283,8.237109442442334,2024-01-01T00:00:00,fixed,6.8014852990370205,10.902335220484535,0.1975249613634903,2024-01-01T00:00:00
180,2024-10-04 07:00:00,7.300000190734863,ok,,2.113922753522756,8.280660647194424,2024-01-01T00:00:00,fixed,6.837446078840483,10.959977993933283,0.20009457693134047,2024-01-01T00:00:00
180,2024-10-05 07:00:00,10.0,ok,,2.099736487378961,8.164018307230169,2024-01-01T00:00:00,fixed,6.741133025571529,10.805594481115106,0.1932995102780476,2024-01-01T00:00:00
180,2024-10-06 07:00:00,7.800000190734863,ok,,2.203183929576292,9.0537943005498,2024-01-01T00:00:00,fixed,7.475832300880071,11.983269273236594,0.3310603791665755,2024-01-01T00:00:00
180,2024-10-07 07:00:00,8.0,ok,,2.156576800562706,8.641505372459342,2024-01-01T00:00:00,fixed,7.135400125860731,11.43757880582869,0.2652952381874786,2024-01-01T00:00:00
180,2024-10-08 07:00:00,7.699999809265137,ok,,2.1410897203866566,8.508704687679836,2024-01-01T00:00:00,fixed,7.025744923202402,11.261808701874994,0.2513959576387098,2024-01-01T00:00:00
180,2024-10-09 07:00:00,9.5,ok,,2.160488277533636,8.675372614005832,2024-01-01T00:00:00,fixed,7.163364734939555,11.482404241609652,0.274256705305709,2024-01-01T00:00:00
180,2024-10-10 07:00:00,9.199999809265137,ok,,2.2426709875212985,9.418454294778519,2024-01-01T00:00:00,fixed,7.77693666366952,12.46591983486403,0.4418193718200698,2024-01-01T00:00:00
180,2024-10-11 07:00:00,7.800000190734863,ok,,2.162823833557136,8.695658112508543,2024-01-01T00:00:00,fixed,7.180114727253475,11.509253381630986,0.28542258502410645,2024-01-01T00:00:00
180,2024-10-12 07:00:00,8.699999809265137,ok,,2.2992346903253553,9.96655203667422,2024-01-01T00:00:00,fixed,8.229507891475578,13.191361855210157,0.6060194732780699,2024-01-01T00:00:00
180,2024-10-13 07:00:00,8.0,ok,,2.1924550358547257,8.957176332477122,2024-01-01T00:00:00,fixed,7.396053624384266,11.85538928285758,0.31700333364592725,2024-01-01T00:00:00
180,2024-10-14 07:00:00,9.0,ok,,2.126435986357486,8.384929491521653,2024-01-01T00:00:00,fixed,6.923542180488122,11.097984402838167,0.22487111482234245,2024-01-01T00:00:00
180,2024-10-15 07:00:00,9.199999809265137,ok,,2.304416969244021,10.018335551603016,2024-01-01T00:00:00,fixed,8.272266193763747,13.259900611747707,0.6243561933606994,2024-01-01T00:00:00
180,2024-10-16 07:00:00,9.699999809265137,ok,,2.3289589685921666,10.267247440508584,2024-01-01T00:00:00,fixed,8.477795884121337,13.589351236651373,0.7005206608863042,2024-01-01T00:00:00
180,2024-10-17 07:00:00,5.300000190734863,ok,,2.1377278119299925,8.480147232108141,2024-01-01T00:00:00,fixed,7.002164671464093,11.224011103595856,0.24707217636707546,2024-01-01T00:00:00
180,2024-10-18 07:00:00,12.0,ok,,1.8978840678185025,6.67176249945565,2024-01-01T00:00:00,fixed,5.5089585583142835,8.83049955676639,0.03723588690775059,2024-01-01T00:00:00
180,2024-10-18 11:00:00,5.599999904632568,ok,,2.1603014272279673,8.673751769413483,2024-01-01T00:00:00,fixed,7.162026383088834,11.48025895129761,0.2733927041808988,2024-01-01T00:00:00
180,2024-10-19 07:00:00,9.699999809265137,ok,,2.1596284827829235,8.667916779874668,2024-01-01T00:00:00,fixed,7.157208358532331,11.472535973667568,0.2702809899379307,2024-01-01T00:00:00
180,2024-10-20 07:00:00,8.100000381469727,ok,,2.075760610415067,7.970606680464401,2024-01-01T00:00:00,fixed,6.581430602615721,10.549601962711172,0.15852370013884065,2024-01-01T00:00:00
180,2024-10-21 07:00:00,7.599999904632568,ok,,2.2542517142065144,9.528160854516477,2024-01-01T00:00:00,fixed,7.867522755608636,12.611123403968811,0.4813666855926675,2024-01-01T00:00:00
180,2024-10-22 07:00:00,6.699999809265137,ok,,2.230887471487292,9.308123108861892,2024-01-01T00:00:00,fixed,7.6858348100058205,12.319889533513559,0.40376771867809413,2024-01-01T00:00:00
180,2024-10-23 07:00:00,6.0,ok,,1.9895510344831624,7.312250077098899,2024-01-01T00:00:00,fixed,6.037817240355146,9.678225366993383,0.07822787961913169,2024-01-01T00:00:00
180,2024-10-24 07:00:00,9.600000381469727,ok,,2.184385748159236,8.88518913303303,2024-01-01T00:00:00,fixed,7.336612884624874,11.760109672284546,0.2996159852774771,2024-01-01T00:00:00
180,2024-10-25 07:00:00,7.800000190734863,ok,,2.1028792931957696,8.189716592662819,2024-01-01T00:00:00,fixed,6.762352424415501,10.839607786915662,0.19478944335031334,2024-01-01T00:00:00
180,2024-10-26 07:00:00,5.400000095367432,ok,,2.1798327958029833,8.844827242838607,2024-01-01T00:00:00,fixed,7.303285562131838,11.706688158329097,0.29749468837726434,2024-01-01T00:00:00
180,2024-10-27 07:00:00,9.100000381469727,ok,,2.1973680936533637,9.001291739544932,2024-01-01T00:00:00,fixed,7.432480273165538,11.913778813748504,0.32412469689427026,2024-01-01T00:00:00
180,2024-10-28 07:00:00,10.699999809265137,ok,,2.206382662194572,9.082801335840076,2024-01-01T00:00:00,fixed,7.499783776270078,12.021661918702433,0.3359342796106066,2024-01-01T00:00:00
180,2024-10-28 13:34:18,7.400000095367432,ok,,2.2638472004768184,9.620028242429793,2024-01-01T00:00:00,fixed,7.943378818068345,12.732715701104091,0.5044412817927962,2024-01-01T00:00:00
180,2024-10-29 07:00:00,9.399999618530273,ok,,2.1957551248165723,8.986784639373646,2024-01-01T00:00:00,fixed,7.420501577333447,11.894577749315683,0.32227375045044415,2024-01-01T00:00:00
180,2024-10-30 07:00:00,11.0,ok,,2.263874019084645,9.62028624165408,2024-01-01T00:00:00,fixed,7.943591851286298,12.733057179392011,0.5044950943131421,2024-01-01T00:00:00
180,2024-10-31 07:00:00,10.199999809265137,ok,,2.201961961122004,9.042737606364495,2024-01-01T00:00:00,fixed,7.466702648848277,11.96863503931256,0.3293963440957145,2024-01-01T00:00:00
180,2024-10-31 13:30:00,11.600000381469727,ok,,2.1978879234316873,9.00597209542331,2024-01-01T00:00:00,fixed,7.4363449021259145,11.919973560715725,0.32472122241766277,2024-01-01T00:00:00
180,2024-10-31 20:00:00,9.800000190734863,ok,,2.227846514943771,9.279860505440176,2024-01-01T00:00:00,fixed,7.662498021411652,12.28248219069989,0.3943800302125764,2024-01-01T00:00:00
180,2024-11-01 01:00:00,8.399999618530273,ok,,1.8231437623530258,6.191291837096655,2024-01-01T00:00:00,fixed,5.112227864192981,8.194566252583796,0.02419186861995104,2024-01-01T00:00:00
180,2024-11-01 07:00:00,7.300000190734863,ok,,2.1400036988637656,8.49946906720614,2024-01-01T00:00:00,fixed,7.01811895473394,11.249584774163823,0.25062503616011,2024-01-01T00:00:00
180,2024-11-01 17:00:00,8.399999618530273,ok,,2.2231882892283075,9.23673334660288,2024-01-01T00:00:00,fixed,7.626887381675618,12.225400668833904,0.37834472104024763,2024-01-01T00:00:00
180,2024-11-02 07:00:00,9.600000381469727,ok,,2.2061845812165743,9.08100238384348,2024-01-01T00:00:00,fixed,7.498298358886224,12.019280891978255,0.33563246414747594,2024-01-01T00:00:00
180,2024-11-03 07:00:00,9.300000190734863,ok,,2.158103131210612,8.654705238070456,2024-01-01T00:00:00,fixed,7.146299421606477,11.455049662658174,0.26769618319892974,2024-01-01T00:00:00
180,2024-11-04 07:00:00,9.600000381469727,ok,,2.2008909167629542,9.033057618034634,2024-01-01T00:00:00,fixed,7.4587097602287376,11.955822962644165,0.3281672777291833,2024-01-01T00:00:00
180,2024-11-05 07:00:00,9.600000381469727,ok,,2.2348522252189578,9.345100779933748,2024-01-01T00:00:00,fixed,7.716367740027604,12.368831819459277,0.42437287112128685,2024-01-01T00:00:00
180,2024-11-06 07:00:00,5.699999809265137,ok,,1.916958087193873,6.800241234359191,2024-01-01T00:00:00,fixed,5.615045072375,9.000549286760856,0.039432577496415266,2024-01-01T00:00:00
180,2024-11-07 07:00:00,7.800000190734863,ok,,2.1951743744066836,8.98156707570851,2024-01-01T00:00:00,fixed,7.416193369118759,11.887671973872369,0.32160731605852355,2024-01-01T00:00:00
180,2024-11-08 07:00:00,10.600000381469727,ok,,2.1102714848538384,8.250480861198046,2024-01-01T00:00:00,fixed,6.81252624838093,10.920033138749053,0.19829391402711372,2024-01-01T00:00:00
180,2024-11-08 13:00:00,7.300000190734863,ok,,2.0882033197875933,8.070402198693495,2024-01-01T00:00:00,fixed,6.663833022407258,10.681687641654507,0.1730032335746874,2024-01-01T00:00:00
180,2024-11-09 07:00:00,9.699999809265137,ok,,2.168527594441942,8.745397783866412,2024-01-01T00:00:00,fixed,7.22118540209195,11.575086981960016,0.29222740536462233,2024-01-01T00:00:00
180,2024-11-10 07:00:00,13.5,ok,,2.2722248348492933,9.700959856085355,2024-01-01T00:00:00,fixed,8.010205073607622,12.839833809485818,0.5350835028436227,2024-01-01T00:00:00
180,2024-11-12 07:00:00,8.199999809265137,ok,,2.133507043753308,8.444429926795026,2024-01-01T00:00:00,fixed,6.972672441367373,11.176736991431028,0.23834566069459884,2024-01-01T00:00:00
180,2024-11-13 07:00:00,5.699999809265137,ok,,2.1528663041144784,8.609500511149259,2024-01-01T00:00:00,fixed,7.1089733076644555,11.39521834805818,0.2597556642825891,2024-01-01T00:00:00
180,2024-11-14 07:00:00,6.400000095367432,ok,,2.1707777121543463,8.7650981140409,2024-01-01T00:00:00,fixed,7.237452213526741,11.601161614695842,0.29327577296326024,2024-01-01T00:00:00
180,2024-11-15 07:00:00,8.699999809265137,ok,,2.229308636369338,9.293438712386145,2024-01-01T00:00:00,fixed,7.673709718375934,12.30045380621046,0.3975344768573995,2024-01-01T00:00:00
180,2024-11-16 07:00:00,8.5,ok,,2.101094425309204,8.175112067967268,2024-01-01T00:00:00,fixed,6.750293283923279,10.820277774964342,0.19394327790172095,2024-01-01T00:00:00
180,2024-11-17 07:00:00,7.199999809265137,ok,,2.1321786043777777,8.433219461436805,2024-01-01T00:00:00,fixed,6.963415818536016,11.161899231635925,0.23576081939539228,2024-01-01T00:00:00
180,2024-11-18 07:00:00,7.699999809265137,ok,,2.203376397399303,9.05553703233333,2024-01-01T00:00:00,fixed,7.477271296523952,11.985575888953697,0.3313536418802743,2024-01-01T00:00:00
180,2024-11-19 08:00:00,5.900000095367432,ok,,2.1646427438077143,8.711489127417899,2024-01-01T00:00:00,fixed,7.193186596205467,11.530206730937355,0.2904173882672857,2024-01-01T00:00:00
180,2024-11-20 07:00:00,7.099999904632568,ok,,2.1109009501471894,8.255675887426447,2024-01-01T00:00:00,fixed,6.8168158471494635,10.926909084469697,0.19859232926912163,2024-01-01T00:00:00
180,2024-11-21 07:00:00,8.5,ok,,2.165045318818897,8.714996861266412,2024-01-01T00:00:00,fixed,7.196082976345892,11.534849438497325,0.2906049547201066,2024-01-01T00:00:00
180,2024-11-22 07:00:00,8.0,ok,,2.222715222732919,9.232364790919902,2024-01-01T00:00:00,fixed,7.623280210074533,12.219618609141971,0.3774682226885385,2024-01-01T00:00:00
180,2024-11-23 07:00:00,7.099999904632568,ok,,2.1186668039374976,8.320037848634534,2024-01-01T00:00:00,fixed,6.869960331392737,11.012096210055628,0.20863781157003258,2024-01-01T00:00:00
180,2024-11-24 07:00:00,7.5,ok,,2.153150579972419,8.611948332205236,2024-01-01T00:00:00,fixed,7.110994504425679,11.39845819401367,0.2599574598825054,2024-01-01T00:00:00
180,2024-11-25 07:00:00,7.199999809265137,ok,,2.2090128533070317,9.106722283731875,2024-01-01T00:00:00,fixed,7.519535605059288,12.053322805877778,0.33994189486348647,2024-01-01T00:00:00
180,2024-11-26 07:00:00,7.300000190734863,ok,,2.2128548060339654,9.141777176744926,2024-01-01T00:00:00,fixed,7.548480872953761,12.099720173475847,0.34830376962113374,2024-01-01T00:00:00
180,2024-11-27 07:00:00,8.100000381469727,ok,,1.8496054668676702,6.357310857992721,2024-01-01T00:00:00,fixed,5.249311866521146,8.414302924948423,0.03167580299174444,2024-01-01T00:00:00
180,2024-11-28 07:00:00,8.899999618530273,ok,,2.1683422912069945,8.743777383503511,2024-01-01T00:00:00,fixed,7.219847417047094,11.57294227961374,0.292141069478117,2024-01-01T00:00:00
180,2024-11-29 07:00:00,7.800000190734863,ok,,2.2050463592911638,9.070672068036743,2024-01-01T00:00:00,fixed,7.4897684866555725,12.005608065770774,0.33389815840526993,2024-01-01T00:00:00
180,2024-11-30 07:00:00,6.5,ok,,2.076316111259124,7.97503558922043,2024-01-01T00:00:00,fixed,6.585087608511466,10.555463903511711,0.1587817591054751,2024-01-01T00:00:00
180,2024-12-01 07:00:00,6.0,ok,,2.1087442186746967,8.23788979821684,2024-01-01T00:00:00,fixed,6.802129648655708,10.903368070697871,0.19756987171489515,2024-01-01T00:00:00
180,2024-12-02 07:00:00,6.900000095367432,ok,,2.2495264894837703,9.483244357130046,2024-01-01T00:00:00,fixed,7.830434636433731,12.551673579384268,0.457382892514815,2024-01-01T00:00:00
180,2024-12-03 07:00:00,7.0,ok,,2.20839782708683,9.101123132736113,2024-01-01T00:00:00,fixed,7.51491231536636,12.045911975472714,0.339004781035778,2024-01-01T00:00:00
180,2024-12-04 07:00:00,7.300000190734863,ok,,2.053974367999032,7.798835034572291,2024-01-01T00:00:00,fixed,6.439596585174262,10.32225132739718,0.1400075327484286,2024-01-01T00:00:00
180,2024-12-05 07:00:00,6.5,ok,,2.122434061074256,8.351440684737442,2024-01-01T00:00:00,fixed,6.895890049772038,11.053659849395393,0.21688876968427473,2024-01-01T00:00:00
180,2024-12-06 07:00:00,7.900000095367432,ok,,2.083742896363483,8.034484950301394,2024-01-01T00:00:00,fixed,6.634175696784993,10.634148892181246,0.16569544595162544,2024-01-01T00:00:00
180,2024-12-07 07:00:00,6.5,ok,,2.2372627450567752,9.36765450292763,2024-01-01T00:00:00,fixed,7.734990633950932,12.398683098025796,0.43153762814953023,2024-01-01T00:00:00
180,2024-12-07 13:39:56,9.300000190734863,ok,,2.264911360548842,9.630270941346133,2024-01-01T00:00:00,fixed,7.951836343926019,12.746272560816681,0.5065765580121122,2024-01-01T00:00:00
180,2024-12-08 07:00:00,8.5,ok,,2.0939876388164813,8.117219251552015,2024-01-01T00:00:00,fixed,6.702490454238957,10.743652971587938,0.1905741113511158,2024-01-01T00:00:00
180,2024-12-09 07:00:00,5.0,ok,,2.076586252218879,7.977190264008437,2024-01-01T00:00:00,fixed,6.586866750696869,10.558315751844445,0.1589072535987165,2024-01-01T00:00:00
180,2024-12-10 07:00:00,7.900000095367432,ok,,2.1332032377183365,8.441864847684359,2024-01-01T00:00:00,fixed,6.970554423149456,11.173341947025346,0.2377545231533552,2024-01-01T00:00:00
180,2024-12-10 13:00:00,7.300000190734863,ok,,2.3324645408369498,10.30330317924065,2024-01-01T00:00:00,fixed,8.507567562966404,13.637073286847011,0.7067573987257693,2024-01-01T00:00:00
180,2024-12-11 07:00:00,8.0,ok,,1.856540957349569,6.4015551776179915,2024-01-01T00:00:00,fixed,5.285844960029243,8.472863079760929,0.03247454007853967,2024-01-01T00:00:00
180,2024-12-12 07:00:00,5.300000190734863,ok,,2.0110571531403805,7.471211388560633,2024-01-01T00:00:00,fixed,6.169073602866465,9.888620714627587,0.09248327643582244,2024-01-01T00:00:00
180,2024-12-13 07:00:00,7.5,ok,,2.1298266864276902,8.413408527186405,2024-01-01T00:00:00,fixed,6.947057679918845,11.135678207411582,0.2311845212505822,2024-01-01T00:00:00
180,2024-12-14 07:00:00,9.600000381469727,ok,,1.985138890366018,7.2800584452206465,2024-01-01T00:00:00,fixed,6.011236203341872,9.635617706565467,0.0765269980405372,2024-01-01T00:00:00
180,2024-12-15 07:00:00,8.5,ok,,2.0340629423463317,7.6450848826409885,2024-01-01T00:00:00,fixed,6.31264314290272,10.11875327892904,0.11769925082351318,2024-01-01T00:00:00
180,2024-12-16 07:00:00,6.099999904632568,ok,,2.119377062466184,8.32594932556546,2024-01-01T00:00:00,fixed,6.87484151255492,11.019920423585807,0.2099168673839934,2024-01-01T00:00:00
180,2024-12-17 07:00:00,11.300000190734863,ok,,1.883599068757933,6.577133872505899,2024-01-01T00:00:00,fixed,5.430822505908508,8.705252585159506,0.0355907316639662,2024-01-01T00:00:00
180,2024-12-17 14:00:00,7.400000095367432,ok,,2.1896430671871387,8.932024413058182,2024-01-01T00:00:00,fixed,7.375285366858266,11.82209912702561,0.3106131895702281,2024-01-01T00:00:00
180,2024-12-18 07:00:00,8.0,ok,,2.2474860595246815,9.463914188868143,2024-01-01T00:00:00,fixed,7.814473472365203,12.526088879346927,0.45221724142252195,2024-01-01T00:00:00
180,2024-12-19 07:00:00,8.5,ok,,2.1198234785784806,8.329666993246194,2024-01-01T00:00:00,fixed,6.877911237712017,11.024840991847883,0.2109157752470605,2024-01-01T00:00:00
180,2024-12-20 07:00:00,11.300000190734863,ok,,2.1291915606561225,8.408066651165194,2024-01-01T00:00:00,fixed,6.942646825421716,11.128607896704112,0.22995140289645333,2024-01-01T00:00:00
180,2024-12-20 20:41:32,13.100000381469727,ok,,2.1350186842589265,8.457204521984435,2024-01-01T00:00:00,fixed,6.983220585954871,11.193644975965425,0.24138780687257677,2024-01-01T00:00:00
180,2024-12-22 07:00:00,9.699999809265137,ok,,2.221067195639527,9.21716213424429,2024-01-01T00:00:00,fixed,7.610727184452135,12.199496931692181,0.37441475548041403,2024-01-01T00:00:00
180,2024-12-23 07:00:00,7.099999904632568,ok,,2.098478514582198,8.153754651340867,2024-01-01T00:00:00,fixed,6.732658195276598,10.792009883523587,0.1927031338605536,2024-01-01T00:00:00
180,2024-12-24 07:00:00,8.699999809265137,ok,,2.146002684801302,8.550610507635442,2024-01-01T00:00:00,fixed,7.060347087998653,11.317273704499728,0.25488346659780003,2024-01-01T00:00:00
180,2024-12-25 07:00:00,8.5,ok,,2.0507971433027015,7.774095705313243,2024-01-01T00:00:00,fixed,6.419169008554184,10.289507260731956,0.13652311068894563,2024-01-01T00:00:00
180,2024-12-26 07:00:00,7.699999809265137,ok,,2.0296823808723867,7.611668363334257,2024-01-01T00:00:00,fixed,6.285050700869762,10.074524402533807,0.11102361587034681,2024-01-01T00:00:00
180,2024-12-27 07:00:00,8.300000190734863,ok,,2.215232566071095,9.163539992307259,2024-01-01T00:00:00,fixed,7.566450704621916,12.128524636043698,0.35510589045120655,2024-01-01T00:00:00
180,2024-12-28 07:00:00,9.300000190734863,ok,,2.1935534278345328,8.967020228360884,2024-01-01T00:00:00,fixed,7.404181853541169,11.868418301538252,0.31949940804514265,2024-01-01T00:00:00
180,2024-12-29 07:00:00,8.100000381469727,ok,,2.0260795261077336,7.584293970296895,2024-01-01T00:00:00,fixed,6.262447318807806,10.038292662329793,0.10565954557213597,2024-01-01T00:00:00
180,2024-12-30 07:00:00,6.400000095367432,ok,,2.124890268474358,8.371978767719067,2024-01-01T00:00:00,fixed,6.912848604280268,11.080843300946743,0.22202136690174312,2024-01-01T00:00:00
180,2024-12-31 01:50:00,2.0999999046325684,abstain,outside_training_support,1.8499359456738753,6.359412161694791,2024-01-01T00:00:00,fixed,5.251046939526828,8.417084133274,0.031713863123122965,2024-01-01T00:00:00
180,2024-12-31 07:00:00,2.700000047683716,abstain,outside_training_support,1.839532743539555,6.293596850095899,2024-01-01T00:00:00,fixed,5.196702405510455,8.329973406543264,0.030515761361207705,2024-01-01T00:00:00
0,2025-01-01 10:00:00,3.5,ok,,0.7812521658632637,2.1842055415010377,2025-01-01T00:00:00,fixed,1.7390516662972844,2.5281289321140834,0.010000000000000009,2025-01-01T00:00:00
0,2025-01-02 10:00:00,7.099999904632568,ok,,1.719201657485854,5.580071876959826,2025-01-01T00:00:00,fixed,4.442820563955148,6.458705871482915,0.010000000000000009,2025-01-01T00:00:00
0,2025-01-03 10:00:00,7.699999809265137,ok,,1.961942444190152,7.113130513642356,2025-01-01T00:00:00,fixed,5.663432876302827,8.23315878829081,0.029017103997135307,2025-01-01T00:00:00
0,2025-01-04 10:00:00,5.400000095367432,ok,,1.6440872194935554,5.17628293977169,2025-01-01T00:00:00,fixed,4.121326175855179,5.991336626612589,0.010000000000000009,2025-01-01T00:00:00
0,2025-01-05 10:00:00,5.300000190734863,ok,,1.4191407960227318,4.13356733655369,2025-01-01T00:00:00,fixed,3.2911221163946056,4.784435794994604,0.010000000000000009,2025-01-01T00:00:00
0,2025-01-06 10:00:00,4.800000190734863,ok,,1.4361743561497142,4.204579784755729,2025-01-01T00:00:00,fixed,3.3476618119622388,4.866629810818065,0.010000000000000009,2025-01-01T00:00:00
0,2025-01-07 10:00:00,5.099999904632568,ok,,1.3845396224373754,3.992987199885187,2025-01-01T00:00:00,fixed,3.1791930345035073,4.6217200138836585,0.010000000000000009,2025-01-01T00:00:00
0,2025-01-08 10:00:00,3.5999999046325684,ok,,1.0633430773809953,2.896036498105383,2025-01-01T00:00:00,fixed,2.3058073070480423,3.3520442651596913,0.010000000000000009,2025-01-01T00:00:00
0,2025-01-09 10:00:00,3.9000000953674316,ok,,0.8920835650951333,2.440208691851796,2025-01-01T00:00:00,fixed,1.9428798760219455,2.8244421493533944,0.010000000000000009,2025-01-01T00:00:00
0,2025-01-10 10:00:00,3.5,ok,,0.9432205570792961,2.5682392749206597,2025-01-01T00:00:00,fixed,2.0448170767992626,2.9726323334280083,0.010000000000000009,2025-01-01T00:00:00
0,2025-01-11 10:00:00,3.5999999046325684,ok,,0.9340614539623681,2.5448239021706063,2025-01-01T00:00:00,fixed,2.0261738940839726,2.9455299933868027,0.010000000000000009,2025-01-01T00:00:00
0,2025-01-12 10:00:00,4.199999809265137,ok,,0.9555658378160845,2.600141425096703,2025-01-01T00:00:00,fixed,2.070217382021448,3.0095577725976552,0.010000000000000009,2025-01-01T00:00:00
0,2025-01-13 10:00:00,6.0,ok,,1.328867446088777,3.776763576107759,2025-01-01T00:00:00,fixed,3.00703705097617,4.371449978078054,0.010000000000000009,2025-01-01T00:00:00
0,2025-01-14 10:00:00,1.600000023841858,ok,,0.9919204425013392,2.696407799359584,2025-01-01T00:00:00,fixed,2.146864105687945,3.1209821790188848,0.010000000000000009,2025-01-01T00:00:00
0,2025-01-15 10:00:00,1.899999976158142,abstain,outside_training_support,0.8787304658199989,2.407840928857513,2025-01-01T00:00:00,fixed,1.91710885259947,2.7869777823151973,0.010000000000000009,2025-01-01T00:00:00
0,2025-01-16 10:00:00,7.099999904632568,ok,,1.5692175830604578,4.802888861680286,2025-01-01T00:00:00,fixed,3.8240319966433884,5.559148192893017,0.010000000000000009,2025-01-01T00:00:00
0,2025-01-17 10:00:00,8.199999809265137,ok,,1.918698984260086,6.812090065178491,2025-01-01T00:00:00,fixed,5.4237462334586795,7.88471673325643,0.020471587824370086,2025-01-01T00:00:00
0,2025-01-18 10:00:00,7.599999904632568,ok,,1.8901878559130894,6.620612285396288,2025-01-01T00:00:00,fixed,5.271292746063759,7.6630890037563555,0.017526000483722104,2025-01-01T00:00:00
0,2025-01-19 10:00:00,6.900000095367432,ok,,1.8756325674168606,6.524945282937298,2025-01-01T00:00:00,fixed,5.195123238718933,7.552358345780371,0.01614762106428902,2025-01-01T00:00:00
0,2025-01-20 10:00:00,10.600000381469727,ok,,2.198014836931082,9.00711514739022,2025-01-01T00:00:00,fixed,7.171412354734668,10.425368842966742,0.16273385417360742,2025-01-01T00:00:00
0,2025-01-21 10:00:00,8.300000190734863,ok,,2.2689816524491184,9.6695488371795,2025-01-01T00:00:00,fixed,7.698838180807715,11.19210885206518,0.3369257647492011,2025-01-01T00:00:00
0,2025-01-22 10:00:00,6.099999904632568,ok,,1.9404887260186403,6.962152724488959,2025-01-01T00:00:00,fixed,5.543225244368765,8.058408148017726,0.024777547405292477,2025-01-01T00:00:00
0,2025-01-23 10:00:00,6.099999904632568,ok,,2.0479588374836437,7.752061728609194,2025-01-01T00:00:00,fixed,6.1721461695004205,8.972695640247695,0.042455689308810274,2025-01-01T00:00:00
0,2025-01-23 22:00:00,5.900000095367432,ok,,2.136959253478165,8.473632247174221,2025-01-01T00:00:00,fixed,6.7466563924710785,9.807884119483562,0.08458994459744884,2025-01-01T00:00:00
0,2025-01-24 10:00:00,6.699999809265137,ok,,2.146600615786194,8.555724711415781,2025-01-01T00:00:00,fixed,6.812017931949467,9.90290280248489,0.08921465261647799,2025-01-01T00:00:00
0,2025-01-25 10:00:00,7.5,ok,,2.229858591687505,9.298551094091978,2025-01-01T00:00:00,fixed,7.403451949498413,10.762694078488504,0.22867159763997102,2025-01-01T00:00:00
0,2025-01-26 10:00:00,8.899999618530273,ok,,2.178812797793038,8.83581013614982,2025-01-01T00:00:00,fixed,7.035020307565902,10.227090271237016,0.13115715375198778,2025-01-01T00:00:00
0,2025-01-27 10:00:00,6.0,ok,,1.6042402314528053,4.974079017947741,2025-01-01T00:00:00,fixed,3.9603325969550323,5.7572938246706284,0.010000000000000009,2025-01-01T00:00:00
0,2025-01-28 10:00:00,7.900000095367432,ok,,1.9485645413486887,7.018605428182045,2025-01-01T00:00:00,fixed,5.588172556587825,8.12374985272033,0.026373442151522375,2025-01-01T00:00:00
0,2025-01-29 10:00:00,6.199999809265137,ok,,1.9577722006169471,7.083528792925371,2025-01-01T00:00:00,fixed,5.63986415954975,8.198896002503012,0.028193005186429088,2025-01-01T00:00:00
0,2025-01-30 10:00:00,5.900000095367432,ok,,2.0100669845437262,7.46381729097045,2025-01-01T00:00:00,fixed,5.942647635570279,8.639064446447742,0.03585593844555046,2025-01-01T00:00:00
0,2025-01-31 10:00:00,7.400000095367432,ok,,2.1350738460755987,8.457671049616973,2025-01-01T00:00:00,fixed,6.733948180409243,9.78940968355299,0.08368556423550289,2025-01-01T00:00:00
0,2025-02-01 10:00:00,9.600000381469727,ok,,2.0374139140376166,7.670746317017559,2025-01-01T00:00:00,fixed,6.1074033147932125,8.878576364032371,0.03956716085697687,2025-01-01T00:00:00
0,2025-02-02 10:00:00,10.5,ok,,2.084844705214271,8.043342295585818,2025-01-01T00:00:00,fixed,6.4040620518365685,9.309841030067615,0.05526872054782894,2025-01-01T00:00:00
0,2025-02-03 04:48:22,10.699999809265137,ok,,1.7836043065137062,5.951268002481795,2025-01-01T00:00:00,fixed,4.738364746197472,6.888350264645579,0.010000000000000009,2025-01-01T00:00:00
0,2025-02-03 10:00:00,8.5,ok,,2.0489596060491433,7.759823631591434,2025-01-01T00:00:00,fixed,6.178326151218455,8.981679726738099,0.04278980544359079,2025-01-01T00:00:00
0,2025-02-04 10:00:00,7.099999904632568,abstain,outside_training_support,1.9140163020301275,6.78026578173694,2025-01-01T00:00:00,fixed,5.398407925274683,7.847881421659753,0.019782543851674217,2025-01-01T00:00:00
0,2025-02-05 10:00:00,7.400000095367432,ok,,2.0656611067209583,7.890512644654013,2025-01-01T00:00:00,fixed,6.282379978394919,9.13294693522887,0.04836576080617294,2025-01-01T00:00:00
0,2025-02-07 10:00:00,8.300000190734863,ok,,2.007799922622414,7.446915520921085,2025-01-01T00:00:00,fixed,5.929190545196118,8.619501336175448,0.035548277908657444,2025-01-01T00:00:00
0,2025-02-08 10:00:00,8.100000381469727,ok,,1.9974086111488014,7.369932969768311,2025-01-01T00:00:00,fixed,5.8678974886067445,8.530397169402056,0.034138084196284724,2025-01-01T00:00:00
0,2025-02-09 10:00:00,9.899999618530273,ok,,2.125525142650404,8.377295608424943,2025-01-01T00:00:00,fixed,6.6699537246318235,9.696378384781827,0.07835185546454604,2025-01-01T00:00:00
0,2025-02-10 10:00:00,9.5,ok,,2.2386863824862067,9.381000143926988,2025-01-01T00:00:00,fixed,7.469097400338933,10.858125494787336,0.246799710485318,2025-01-01T00:00:00
0,2025-02-11 10:00:00,6.800000190734863,ok,,2.0656951489138518,7.890781259579585,2025-01-01T00:00:00,fixed,6.282593848026249,9.13325784606214,0.0483771261170961,2025-01-01T00:00:00
0,2025-02-12 10:00:00,9.600000381469727,ok,,2.132841000888373,8.43880744710793,2025-01-01T00:00:00,fixed,6.71892909051481,9.76757583213155,0.08261452710270956,2025-01-01T00:00:00
0,2025-02-13 10:00:00,11.600000381469727,ok,,2.2543285879986565,9.528893348527939,2025-01-01T00:00:00,fixed,7.5868491041088,11.029305854103605,0.2967892546338129,2025-01-01T00:00:00
0,2025-02-13 16:46:39,8.899999618530273,ok,,2.242937436618958,9.42096416778856,2025-01-01T00:00:00,fixed,7.500916522197149,10.904382224315961,0.2572203381824538,2025-01-01T00:00:00
0,2025-02-14 10:00:00,7.0,ok,,2.178362797158585,8.831834910476765,2025-01-01T00:00:00,fixed,7.031855256155088,10.222489109466851,0.13076802102573548,2025-01-01T00:00:00
0,2025-02-14 22:41:16,11.899999618530273,ok,,1.8291350801396637,6.228497177217367,2025-01-01T00:00:00,fixed,4.959092992284969,7.209231740385016,0.01174432946791526,2025-01-01T00:00:00
0,2025-02-15 02:39:46,8.0,ok,,2.1085724339493424,8.236474776123423,2025-01-01T00:00:00,fixed,6.557833002286697,9.533384008281347,0.06592290205618578,2025-01-01T00:00:00
0,2025-02-15 10:00:00,9.100000381469727,abstain,outside_training_support,1.7254953808406193,5.615302053855011,2025-01-01T00:00:00,fixed,4.470870624569597,6.499483365999756,0.010000000000000009,2025-01-01T00:00:00
0,2025-02-16 10:00:00,7.300000190734863,ok,,2.2020204377329162,9.043266410474269,2025-01-01T00:00:00,fixed,7.200195778780861,10.467212457223138,0.17106985555369325,2025-01-01T00:00:00
0,2025-02-17 10:00:00,8.699999809265137,ok,,2.1612339683438595,8.68184417223023,2025-01-01T00:00:00,fixed,6.912433508375097,10.048880940407074,0.11102027781424684,2025-01-01T00:00:00
0,2025-02-18 10:00:00,8.5,ok,,2.098108886760758,8.150741353706165,2025-01-01T00:00:00,fixed,6.489572553222163,9.43415106452035,0.06023541112064601,2025-01-01T00:00:00
0,2025-02-19 10:00:00,10.199999809265137,ok,,2.1983395430981556,9.010040288106035,2025-01-01T00:00:00,fixed,7.173741334649487,10.428754574178226,0.16336031648448457,2025-01-01T00:00:00
0,2025-02-20 10:00:00,5.699999809265137,ok,,1.6623868453534643,5.271878999252578,2025-01-01T00:00:00,fixed,4.197439198816124,6.1019851709815605,0.010000000000000009,2025-01-01T00:00:00
0,2025-02-21 10:00:00,9.399999618530273,ok,,2.193598901976162,8.96742800518032,2025-01-01T00:00:00,fixed,7.139813684426712,10.379432592670069,0.14781285246177334,2025-01-01T00:00:00
0,2025-02-22 10:00:00,9.100000381469727,ok,,2.280658964390604,9.78312501692729,2025-01-01T00:00:00,fixed,7.789266870273605,11.323568653152421,0.3687061570159682,2025-01-01T00:00:00
0,2025-02-23 10:00:00,10.300000190734863,ok,,2.257142410208146,9.555743718631888,2025-01-01T00:00:00,fixed,7.608227211609562,11.060384063643864,0.3029451961145818,2025-01-01T00:00:00
0,2025-02-24 10:00:00,9.399999618530273,ok,,2.226073733892615,9.263423918118713,2025-01-01T00:00:00,fixed,7.375483897615049,10.722035803342637,0.22162762704910555,2025-01-01T00:00:00
0,2025-02-25 10:00:00,9.399999618530273,ok,,2.225678926625651,9.25976737290168,2025-01-01T00:00:00,fixed,7.372572577717838,10.717803501217622,0.22089285419150728,2025-01-01T00:00:00
0,2025-02-26 10:00:00,8.800000190734863,ok,,2.2639469943511488,9.620988310222918,2025-01-01T00:00:00,fixed,7.6601745735072395,11.135902020416328,0.3253162791228824,2025-01-01T00:00:00
0,2025-02-27 10:00:00,10.300000190734863,ok,,2.2767613231695267,9.745068119834562,2025-01-01T00:00:00,fixed,7.758966191584853,11.279519345164449,0.3588566946169597,2025-01-01T00:00:00
0,2025-02-28 10:00:00,10.600000381469727,ok,,2.2645262561189208,9.626562995364317,2025-01-01T00:00:00,fixed,7.664613105183874,11.142354491360848,0.32670789969013714,2025-01-01T00:00:00
0,2025-03-01 10:00:00,7.800000190734863,ok,,2.1600192041816024,8.671304182164718,2025-01-01T00:00:00,fixed,6.904041629983658,10.036681331294048,0.10889396473189894,2025-01-01T00:00:00
0,2025-03-02 10:00:00,10.0,ok,,2.110003306394801,8.248268556613848,2025-01-01T00:00:00,fixed,6.567223141275045,9.54703482873314,0.06670065685738147,2025-01-01T00:00:00
0,2025-03-03 10:00:00,8.300000190734863,ok,,2.1721199081877027,8.776870492614139,2025-01-01T00:00:00,fixed,6.988092908402151,10.158870034981845,0.12439686505254899,2025-01-01T00:00:00
0,2025-03-06 10:00:00,8.5,ok,,2.275891788006032,9.736598123447235,2025-01-01T00:00:00,fixed,7.75222243004271,11.269715669404619,0.35605535829456636,2025-01-01T00:00:00
0,2025-03-07 10:00:00,8.399999618530273,ok,,2.086732322092126,8.058539382884177,2025-01-01T00:00:00,fixed,6.416161883783206,9.327431039502553,0.05596475235469711,2025-01-01T00:00:00
0,2025-03-08 10:00:00,8.0,ok,,2.0937311754655683,8.115137749228605,2025-01-01T00:00:00,fixed,6.461225171752589,9.392941342789946,0.05854547973463986,2025-01-01T00:00:00
0,2025-03-09 10:00:00,9.5,ok,,2.1853333899185867,8.893613100116303,2025-01-01T00:00:00,fixed,7.081042689110522,10.293994847197931,0.1367957586701274,2025-01-01T00:00:00
0,2025-03-10 10:00:00,10.199999809265137,ok,,2.235347858234284,9.34973366842324,2025-01-01T00:00:00,fixed,7.444203215569735,10.821935823154172,0.24071742469114787,2025-01-01T00:00:00
0,2025-03-11 10:00:00,8.100000381469727,ok,,2.161391261137306,8.683209871156832,2025-01-01T00:00:00,fixed,6.913520869865964,10.050461681277516,0.11123159527920157,2025-01-01T00:00:00
0,2025-03-12 10:00:00,8.600000381469727,ok,,2.2643863347706867,9.625216127921098,2025-01-01T00:00:00,fixed,7.66354073720984,11.140795547165245,0.32637175213676173,2025-01-01T00:00:00
0,2025-03-13 10:00:00,7.699999809265137,ok,,2.157881681623103,8.652788869362835,2025-01-01T00:00:00,fixed,6.889299846315257,10.015250611019704,0.10370170593670314,2025-01-01T00:00:00
0,2025-03-14 10:00:00,9.899999618530273,ok,,2.205679624616557,9.076418029302436,2025-01-01T00:00:00,fixed,7.226590903629761,10.505584105455618,0.18394557175661486,2025-01-01T00:00:00
0,2025-03-15 10:00:00,10.399999618530273,ok,,2.311230980962456,10.086833716063593,2025-01-01T00:00:00,fixed,8.03107795868381,11.675099099638496,0.4723941031591541,2025-01-01T00:00:00
0,2025-03-16 10:00:00,10.5,ok,,2.3250014974377575,10.22669539961936,2025-01-01T00:00:00,fixed,8.14243501241221,11.836983300540451,0.5168237583304476,2025-01-01T00:00:00
0,2025-03-17 10:00:00,12.399999618530273,ok,,2.5207655605569634,12.43811514998558,2025-01-01T00:00:00,fixed,9.903154472502122,14.396611570738523,0.8932727111993797,2025-01-01T00:00:00
0,2025-03-18 10:00:00,12.300000190734863,ok,,2.54055641974241,12.686728153285058,2025-01-01T00:00:00,fixed,10.101098690404806,14.684370993832584,0.9039314362332389,2025-01-01T00:00:00
0,2025-03-19 10:00:00,10.300000190734863,ok,,2.5132754687028376,12.345300553864416,2025-01-01T00:00:00,fixed,9.82925603438613,14.28918245689462,0.8869510840164372,2025-01-01T00:00:00
0,2025-03-20 10:00:00,11.300000190734863,ok,,2.3673577751867487,10.669164677045032,2025-01-01T00:00:00,fixed,8.494726460983332,12.349123463440467,0.6345494695198506,2025-01-01T00:00:00
0,2025-03-21 10:00:00,9.600000381469727,ok,,2.2430130607219043,9.421676646692589,2025-01-01T00:00:00,fixed,7.501483793729847,10.905206889621754,0.2574392378701085,2025-01-01T00:00:00
0,2025-03-22 10:00:00,8.800000190734863,ok,,2.430953415520383,11.369716978730292,2025-01-01T00:00:00,fixed,9.052502102710212,13.159984212897447,0.7727301680558668,2025-01-01T00:00:00
0,2025-03-23 10:00:00,6.900000095367432,ok,,1.945922484949697,7.000086351793298,2025-01-01T00:00:00,fixed,5.573427776373594,8.102314776247516,0.02585133462998146,2025-01-01T00:00:00
0,2025-03-24 06:00:00,6.800000190734863,ok,,1.7497724904186636,5.753293597679733,2025-01-01T00:00:00,fixed,4.580738683991513,6.6592029563505,0.010000000000000009,2025-01-01T00:00:00
0,2025-03-24 10:00:00,6.5,ok,,2.1142614537026123,8.283465783468223,2025-01-01T00:00:00,fixed,6.595246967259883,9.587774184920095,0.06901518497857084,2025-01-01T00:00:00
0,2025-03-25 00:01:00,11.0,ok,,1.1955004888467726,3.305211578142094,2025-01-01T00:00:00,fixed,2.631590110554783,3.8256477509516045,0.010000000000000009,2025-01-01T00:00:00
0,2025-03-25 06:00:00,13.399999618530273,ok,,1.1852095932784068,3.271372407284085,2025-01-01T00:00:00,fixed,2.6046475608044983,3.786480289254711,0.010000000000000009,2025-01-01T00:00:00
0,2025-03-25 10:00:00,8.100000381469727,ok,,1.1930159091906527,3.297009710012489,2025-01-01T00:00:00,fixed,2.6250598311618747,3.8161544227268305,0.010000000000000009,2025-01-01T00:00:00
0,2025-03-25 20:00:00,10.5,ok,,2.1362611963679092,8.467719231985646,2025-01-01T00:00:00,fixed,6.741948484391389,9.801040045292634,0.08425510495421162,2025-01-01T00:00:00
0,2025-03-26 10:00:00,8.300000190734863,ok,,2.0454348738702564,7.732520477954043,2025-01-01T00:00:00,fixed,6.156587540118857,8.950077438703792,0.04161303997318622,2025-01-01T00:00:00
0,2025-03-26 23:07:57,10.199999809265137,ok,,2.2400889117457568,9.394166502055665,2025-01-01T00:00:00,fixed,7.4795803776081,10.873365017938077,0.24935490647838499,2025-01-01T00:00:00
0,2025-03-27 10:00:00,5.400000095367432,ok,,2.0549397569194743,7.806367578839402,2025-01-01T00:00:00,fixed,6.215384169559534,9.03555244952751,0.044786335873382876,2025-01-01T00:00:00
0,2025-03-29 10:00:00,8.399999618530273,ok,,2.1354510527294486,8.460861941187895,2025-01-01T00:00:00,fixed,6.736488749599252,9.793103010552855,0.08386650035025078,2025-01-01T00:00:00
0,2025-03-30 10:00:00,10.199999809265137,ok,,2.295047850385066,9.924910911732072,2025-01-01T00:00:00,fixed,7.902155969734573,11.487680050184826,0.4235365379720032,2025-01-01T00:00:00
0,2025-03-31 10:00:00,8.600000381469727,ok,,2.1965348306044428,8.993794419799368,2025-01-01T00:00:00,fixed,7.160806469403362,10.409950643452378,0.1596342101110031,2025-01-01T00:00:00
0,2025-04-01 10:00:00,7.0,ok,,2.159642568823405,8.668038877361253,2025-01-01T00:00:00,fixed,6.901441813413495,10.032901874009026,0.1079790792990385,2025-01-01T00:00:00
0,2025-04-02 10:00:00,7.300000190734863,ok,,2.5795877815632755,13.191699177098409,2025-01-01T00:00:00,fixed,10.503153663578692,15.26885438192273,0.9210480823084505,2025-01-01T00:00:00
0,2025-04-03 10:00:00,9.899999618530273,ok,,2.371704440163118,10.715640896576865,2025-01-01T00:00:00,fixed,8.531730554913286,12.402917794157604,0.6469418410345056,2025-01-01T00:00:00
0,2025-04-05 10:00:00,5.800000190734863,ok,,1.998088035403181,7.374941982410776,2025-01-01T00:00:00,fixed,5.871885635151046,8.536194897473946,0.03423028813165829,2025-01-01T00:00:00
0,2025-04-06 10:00:00,6.800000190734863,ok,,2.0047620364241308,7.424326967140194,2025-01-01T00:00:00,fixed,5.911205670904065,8.593356005407339,0.03513600963755403,2025-01-01T00:00:00
0,2025-04-07 10:00:00,7.5,ok,,2.0881468771058573,8.069946696405719,2025-01-01T00:00:00,fixed,6.425244320033221,9.340634540182112,0.05648634934488761,2025-01-01T00:00:00
0,2025-04-08 10:00:00,6.800000190734863,ok,,2.0721468399977976,7.941854720615937,2025-01-01T00:00:00,fixed,6.3232582387308875,9.192373296534107,0.05058656381693882,2025-01-01T00:00:00
0,2025-04-09 10:00:00,8.100000381469727,ok,,2.1361546763675823,8.466817298568111,2025-01-01T00:00:00,fixed,6.741230370284064,9.799996094105634,0.08420401011056189,2025-01-01T00:00:00
0,2025-04-10 10:00:00,6.099999904632568,ok,,1.9816254457029396,7.254525243740395,2025-01-01T00:00:00,fixed,5.776010532714076,8.396817428110783,0.03199616777605119,2025-01-01T00:00:00
0,2025-04-11 10:00:00,7.400000095367432,ok,,2.1334782867090496,8.444187093441485,2025-01-01T00:00:00,fixed,6.723212333434353,9.773802553601664,0.08292021635606772,2025-01-01T00:00:00
0,2025-04-12 10:00:00,8.699999809265137,ok,,2.051419002776879,7.778931603849574,2025-01-01T00:00:00,fixed,6.1935398068766325,9.003796426188755,0.04361089850835209,2025-01-01T00:00:00
0,2025-04-13 10:00:00,5.300000190734863,ok,,1.777929323298782,5.917590307022108,2025-01-01T00:00:00,fixed,4.71155076221409,6.84936970414391,0.010000000000000009,2025-01-01T00:00:00
0,2025-04-14 10:00:00,7.699999809265137,ok,,2.071703378126186,7.938333591658391,2025-01-01T00:00:00,fixed,6.320454736466783,9.188297733212737,0.05042304357541316,2025-01-01T00:00:00
0,2025-04-15 10:00:00,8.5,ok,,2.0544018742747543,7.8021697982583085,2025-01-01T00:00:00,fixed,6.212041921233725,9.030693689517937,0.04460675862004493,2025-01-01T00:00:00
0,2025-04-16 10:00:00,7.699999809265137,ok,,1.9791875249903006,7.236860827360577,2025-01-01T00:00:00,fixed,5.761946227795968,8.376371585780378,0.03166532017621193,2025-01-01T00:00:00
0,2025-04-17 10:00:00,5.199999809265137,ok,,1.752358529064349,5.768191091708581,2025-01-01T00:00:00,fixed,4.592599981530718,6.676446198781084,0.010000000000000009,2025-01-01T00:00:00
0,2025-04-18 10:00:00,8.800000190734863,ok,,2.128039083300956,8.39838212641865,2025-01-01T00:00:00,fixed,6.686742686822701,9.720785170317589,0.0803111734827806,2025-01-01T00:00:00
0,2025-04-18 20:00:00,10.0,ok,,2.0213384226007776,7.548421153122118,2025-01-01T00:00:00,fixed,6.010008735363539,8.736989970218382,0.03738557319067526,2025-01-01T00:00:00
0,2025-04-19 10:00:00,8.800000190734863,ok,,2.025426935448736,7.5793461455245,2025-01-01T00:00:00,fixed,6.034631033286396,8.772784389073369,0.03794042087528049,2025-01-01T00:00:00
0,2025-04-20 10:00:00,11.800000190734863,ok,,2.1990301769703082,9.016265076395857,2025-01-01T00:00:00,fixed,7.17869747464734,10.435959513032548,0.1646927706704273,2025-01-01T00:00:00
0,2025-04-21 10:00:00,11.399999618530273,ok,,2.259979339325348,9.582891175722262,2025-01-01T00:00:00,fixed,7.629841858029836,11.091806139267907,0.31108923519101783,2025-01-01T00:00:00
0,2025-04-22 10:00:00,10.600000381469727,ok,,2.254816097153857,9.533539903801366,2025-01-01T00:00:00,fixed,7.590548664217616,11.034684052536955,0.29769980977126864,2025-01-01T00:00:00
0,2025-04-23 10:00:00,13.5,ok,,2.3722728994341735,10.72173403367588,2025-01-01T00:00:00,fixed,8.536581875003673,12.409970352121892,0.6486524443836824,2025-01-01T00:00:00
0,2025-04-24 10:00:00,12.399999618530273,ok,,2.17310670272341,8.785535735160698,2025-01-01T00:00:00,fixed,6.99499212379335,10.168899700216873,0.12542943592815547,2025-01-01T00:00:00
0,2025-04-25 10:00:00,9.399999618530273,ok,,2.2931557320597817,9.906149560864371,2025-01-01T00:00:00,fixed,7.887218291998419,11.465964550872622,0.41564007459113816,2025-01-01T00:00:00
0,2025-04-26 06:00:00,9.0,ok,,2.1279635870017137,8.397748103581971,2025-01-01T00:00:00,fixed,6.6862378815515635,9.720051314713539,0.08027495989290001,2025-01-01T00:00:00
0,2025-04-26 10:00:00,9.5,ok,,2.1867317675487548,8.906058429333836,2025-01-01T00:00:00,fixed,7.090951587381375,10.308399808757962,0.13800498918647686,2025-01-01T00:00:00
0,2025-04-27 10:00:00,7.699999809265137,ok,,2.0995453406522326,8.16245793098895,2025-01-01T00:00:00,fixed,6.49890122346852,9.447712525404478,0.061016199732752185,2025-01-01T00:00:00
0,2025-04-28 10:00:00,10.0,ok,,2.2719610609326444,9.698401333359476,2025-01-01T00:00:00,fixed,7.721810369370217,11.225504440973987,0.34439753369545556,2025-01-01T00:00:00
0,2025-04-29 10:00:00,7.5,ok,,2.0976448202377003,8.146959745032667,2025-01-01T00:00:00,fixed,6.486561658533008,9.429774006539429,0.05998858043698296,2025-01-01T00:00:00
0,2025-04-30 10:00:00,6.5,ok,,2.0805414033766083,8.008803734131673,2025-01-01T00:00:00,fixed,6.376562651387714,9.26986405224811,0.05368193935896226,2025-01-01T00:00:00
0,2025-05-01 10:00:00,11.300000190734863,ok,,2.320412041132545,10.179867966359753,2025-01-01T00:00:00,fixed,8.105151284168128,11.782782454241485,0.498230063497488,2025-01-01T00:00:00
0,2025-05-02 10:00:00,8.300000190734863,ok,,2.182894182765021,8.871946171228123,2025-01-01T00:00:00,fixed,7.06379160716306,10.268916259697132,0.1346864831338509,2025-01-01T00:00:00
0,2025-05-03 10:00:00,9.899999618530273,ok,,2.2335315741325146,9.332767308334729,2025-01-01T00:00:00,fixed,7.430694698984501,10.802297952542895,0.2367535564298704,2025-01-01T00:00:00
0,2025-05-04 10:00:00,8.399999618530273,ok,,2.187670671144551,8.914424286369563,2025-01-01T00:00:00,fixed,7.097612433781384,10.318082947460843,0.13881689496604122,2025-01-01T00:00:00
0,2025-05-05 10:00:00,8.600000381469727,ok,,2.117920028880539,8.313826971249016,2025-01-01T00:00:00,fixed,6.619420367243416,9.622916022894383,0.07163183526084593,2025-01-01T00:00:00
0,2025-05-06 10:00:00,8.5,ok,,2.2054361173684285,9.074208124800059,2025-01-01T00:00:00,fixed,7.224831390601249,10.503026231023236,0.1833670105028553,2025-01-01T00:00:00
0,2025-05-07 10:00:00,9.699999809265137,ok,,2.251945614648591,9.506213283350741,2025-01-01T00:00:00,fixed,7.568791368978693,11.003054602622345,0.2923384077047324,2025-01-01T00:00:00
0,2025-05-08 10:00:00,9.399999618530273,ok,,2.2607568005475946,9.590344398928986,2025-01-01T00:00:00,fixed,7.635776070717546,11.100432941493432,0.31503723605230294,2025-01-01T00:00:00
0,2025-05-09 10:00:00,9.699999809265137,ok,,2.194976137406078,8.979786773257425,2025-01-01T00:00:00,fixed,7.1496536632242655,10.393737363236461,0.15058454403231314,2025-01-01T00:00:00
0,2025-05-10 10:00:00,9.199999809265137,ok,,2.109400167717658,8.243295206788474,2025-01-01T00:00:00,fixed,6.563263389256949,9.541278378919168,0.06637281910816506,2025-01-01T00:00:00
0,2025-05-11 10:00:00,11.0,ok,,2.3183511385467286,10.1589098538767,2025-01-01T00:00:00,fixed,8.088464557693177,11.758524292853204,0.4889667044069371,2025-01-01T00:00:00
0,2025-05-11 14:00:00,8.699999809265137,ok,,2.1069475334391483,8.223102191559544,2025-01-01T00:00:00,fixed,6.5471858287370255,9.517905786433301,0.06503968274667993,2025-01-01T00:00:00
0,2025-05-12 10:00:00,9.399999618530273,ok,,2.2259454264821636,9.262235428431513,2025-01-01T00:00:00,fixed,7.3745376290832505,10.720660174947488,0.22138883508523566,2025-01-01T00:00:00
0,2025-05-13 10:00:00,8.699999809265137,ok,,2.210501697151697,9.120290869395301,2025-01-01T00:00:00,fixed,7.2615222020900045,10.556365130531015,0.1941153061990225,2025-01-01T00:00:00
0,2025-05-14 10:00:00,9.199999809265137,ok,,2.208381002570366,9.10097001202822,2025-01-01T00:00:00,fixed,7.2461390485542685,10.534002025239468,0.19027720343021115,2025-01-01T00:00:00
0,2025-05-15 10:00:00,8.300000190734863,ok,,2.147049628646338,8.559567204438894,2025-01-01T00:00:00,fixed,6.815077302401383,9.90735033162013,0.08943003228053503,2025-01-01T00:00:00
0,2025-05-16 10:00:00,9.0,ok,,2.0958830732591007,8.13261949896872,2025-01-01T00:00:00,fixed,6.475144038561454,9.413175755926536,0.05933896136059891,2025-01-01T00:00:00
0,2025-05-17 10:00:00,6.800000190734863,ok,,1.9430271910794372,6.979848356297278,2025-01-01T00:00:00,fixed,5.557314402828317,8.078890120934938,0.02527918382074401,2025-01-01T00:00:00
0,2025-05-18 10:00:00,7.900000095367432,ok,,2.0539888901914,7.79894829157728,2025-01-01T00:00:00,fixed,6.209476976472263,9.026964926775348,0.04446887994318294,2025-01-01T00:00:00
0,2025-05-19 02:00:00,6.900000095367432,ok,,2.083587356039237,8.033235361090348,2025-01-01T00:00:00,fixed,6.396014969754987,9.298142665134698,0.05480509096895081,2025-01-01T00:00:00
0,2025-05-19 10:00:00,7.599999904632568,ok,,2.0698807259718115,7.923877948641731,2025-01-01T00:00:00,fixed,6.308945238116987,9.171565915328227,0.04977452095606505,2025-01-01T00:00:00
0,2025-05-20 10:00:00,11.300000190734863,ok,,2.288221981174233,9.857395455897603,2025-01-01T00:00:00,fixed,7.848400559019395,11.409533660563136,0.40091967568736964,2025-01-01T00:00:00
0,2025-05-21 10:00:00,10.199999809265137,ok,,2.187325224771926,8.911345362667928,2025-01-01T00:00:00,fixed,7.095161012753466,10.314519218708224,0.13851817430108748,2025-01-01T00:00:00
0,2025-05-21 22:02:41,9.0,ok,,2.138482664430432,8.486550909062101,2025-01-01T00:00:00,fixed,6.756942155443281,9.82283694432646,0.0853206847793998,2025-01-01T00:00:00
0,2025-05-22 10:00:00,8.800000190734863,ok,,2.095676933227554,8.13094321330937,2025-01-01T00:00:00,fixed,6.473809389732077,9.411235523565905,0.05926295016346006,2025-01-01T00:00:00
0,2025-05-23 10:00:00,10.0,ok,,2.3138319246720442,10.11310315061814,2025-01-01T00:00:00,fixed,8.051993528700805,11.70550489994701,0.47889211557855105,2025-01-01T00:00:00
0,2025-05-24 10:00:00,8.0,ok,,2.1165987498980168,8.30284934026117,2025-01-01T00:00:00,fixed,6.610680041711466,9.610209862242774,0.07046432853761231,2025-01-01T00:00:00
0,2025-05-25 10:00:00,8.300000190734863,ok,,2.215027080004846,9.161657205971126,2025-01-01T00:00:00,fixed,7.2944578371224855,10.604244979897683,0.2016473334280856,2025-01-01T00:00:00
0,2025-05-26 10:00:00,6.699999809265137,ok,,1.9640233626501222,7.127947769640304,2025-01-01T00:00:00,fixed,5.675230288791524,8.250309158469438,0.029428322765999826,2025-01-01T00:00:00
0,2025-05-27 10:00:00,9.199999809265137,ok,,2.1692421686301775,8.751649252691738,2025-01-01T00:00:00,fixed,6.968011904815377,10.129677477257726,0.12138563024412785,2025-01-01T00:00:00
0,2025-05-28 10:00:00,7.5,ok,,2.109467828538748,8.243852973779925,2025-01-01T00:00:00,fixed,6.563707480070501,9.541923971488949,0.06640959634056098,2025-01-01T00:00:00
0,2025-05-29 10:00:00,8.699999809265137,ok,,2.0811392242794344,8.013592995828308,2025-01-01T00:00:00,fixed,6.38037583351532,9.27540742755262,0.05390237729213576,2025-01-01T00:00:00
0,2025-05-30 10:00:00,10.0,ok,,2.210852472457103,9.123490603371426,2025-01-01T00:00:00,fixed,7.264069811551274,10.560068692254674,0.19475015087810077,2025-01-01T00:00:00
0,2025-05-31 10:00:00,6.800000190734863,ok,,1.9554025970387927,7.066763509134709,2025-01-01T00:00:00,fixed,5.626515738735809,8.179490869514865,0.027724738176043928,2025-01-01T00:00:00
0,2025-06-01 10:00:00,8.699999809265137,ok,,2.132153003147237,8.43300356340481,2025-01-01T00:00:00,fixed,6.714308072285011,9.76085807318914,0.0822845126743692,2025-01-01T00:00:00
0,2025-06-02 10:00:00,8.399999618530273,ok,,2.1668204076446487,8.730480493156614,2025-01-01T00:00:00,fixed,6.951157462390648,10.105175500488206,0.11852546711948864,2025-01-01T00:00:00
0,2025-06-03 10:00:00,23.299999237060547,ok,,1.9902084684049353,7.31705897893846,2025-01-01T00:00:00,fixed,5.825799526620416,8.46919767904575,0.033160960562625075,2025-01-01T00:00:00
0,2025-06-03 17:30:00,8.5,ok,,2.0725596545529457,7.945133910641596,2025-01-01T00:00:00,fixed,6.32586911063368,9.19616882539815,0.05073878329754,2025-01-01T00:00:00
0,2025-06-04 10:00:00,6.900000095367432,ok,,2.005519330126595,7.429951492637512,2025-01-01T00:00:00,fixed,5.915683885180327,8.599866164533394,0.0352387811520396,2025-01-01T00:00:00
0,2025-06-05 10:00:00,9.199999809265137,ok,,2.1751996168595014,8.80394236211997,2025-01-01T00:00:00,fixed,7.009647372430087,10.19020462105614,0.1276194381057867,2025-01-01T00:00:00
0,2025-06-06 10:00:00,8.800000190734863,ok,,2.1908234095937456,8.942573484783361,2025-01-01T00:00:00,fixed,7.120024660779401,10.35066449785689,0.1430575449245558,2025-01-01T00:00:00
0,2025-06-07 10:00:00,9.100000381469727,ok,,2.285557088539086,9.831161526173858,2025-01-01T00:00:00,fixed,7.82751325774085,11.37916895564985,0.3870119373947789,2025-01-01T00:00:00
0,2025-06-08 10:00:00,9.100000381469727,ok,,2.200764218314655,9.031913216149535,2025-01-01T00:00:00,fixed,7.191156431918543,10.454071597309127,0.16803829243099655,2025-01-01T00:00:00
0,2025-06-09 10:00:00,9.300000190734863,ok,,2.1961807952995804,8.990610862629154,2025-01-01T00:00:00,fixed,7.158271739820263,10.406265805722533,0.1575787053507124,2025-01-01T00:00:00
0,2025-06-10 10:00:00,8.800000190734863,ok,,2.199006661406009,9.016053056327609,2025-01-01T00:00:00,fixed,7.178528665510118,10.435714108441019,0.1646474016068048,2025-01-01T00:00:00
0,2025-06-11 10:00:00,7.800000190734863,ok,,2.091273639279266,8.095218990113624,2025-01-01T00:00:00,fixed,6.445365972345156,9.369886190583076,0.057639298309657305,2025-01-01T00:00:00
0,2025-06-12 10:00:00,9.899999618530273,ok,,2.251745407969296,9.50431026646131,2025-01-01T00:00:00,fixed,7.567276198071159,11.000851938099679,0.2919644676085501,2025-01-01T00:00:00
0,2025-06-13 10:00:00,9.199999809265137,ok,,2.2105030591378476,9.120303291113615,2025-01-01T00:00:00,fixed,7.261532092189411,10.556379508163914,0.19411777116633155,2025-01-01T00:00:00
0,2025-06-14 10:00:00,8.300000190734863,ok,,2.1477677004573077,8.565715795663321,2025-01-01T00:00:00,fixed,6.8199727747418075,9.914467075475441,0.08977447244949999,2025-01-01T00:00:00
0,2025-06-15 10:00:00,8.0,ok,,2.1033488103241913,8.193562707717787,2025-01-01T00:00:00,fixed,6.523666664619683,9.483715037293116,0.06308358652740109,2025-01-01T00:00:00
0,2025-06-16 10:00:00,9.600000381469727,ok,,2.187174344445782,8.910000917400946,2025-01-01T00:00:00,fixed,7.094090573301974,10.31296307808294,0.13838770232359432,2025-01-01T00:00:00
0,2025-06-17 10:00:00,9.300000190734863,ok,,2.266139418513551,9.642104737084274,2025-01-01T00:00:00,fixed,7.676987348963459,11.160343424247936,0.3305451297288031,2025-01-01T00:00:00
0,2025-06-18 10:00:00,8.5,ok,,2.212671749227614,9.140103865370765,2025-01-01T00:00:00,fixed,7.277297193504865,10.579297866212569,0.19804273778410875,2025-01-01T00:00:00
0,2025-06-19 10:00:00,10.600000381469727,ok,,2.242728526395527,9.418996237626853,2025-01-01T00:00:00,fixed,7.499349667722217,10.902104425325133,0.2566156317347058,2025-01-01T00:00:00
0,2025-06-20 10:00:00,8.300000190734863,ok,,2.297353701139924,9.947822680457671,2025-01-01T00:00:00,fixed,7.920398185873576,11.514199489084008,0.4311326205560484,2025-01-01T00:00:00
0,2025-06-21 10:00:00,3.200000047683716,ok,,2.0851525794672345,8.04581901482588,2025-01-01T00:00:00,fixed,6.4060340011973524,9.312707731689123,0.05538224478841636,2025-01-01T00:00:00
0,2025-06-21 15:57:36,8.399999618530273,ok,,1.9668998093257484,7.148480447725947,2025-01-01T00:00:00,fixed,5.691578286889654,8.27407489687445,0.029996749104373555,2025-01-01T00:00:00
0,2025-06-22 10:00:00,7.699999809265137,ok,,1.9891892458197282,7.309605066413101,2025-01-01T00:00:00,fixed,5.8198647651012445,8.460570078961988,0.03302264296096169,2025-01-01T00:00:00
0,2025-06-23 10:00:00,7.599999904632568,ok,,2.075709310934728,7.970197802971397,2025-01-01T00:00:00,fixed,6.345824834988303,9.225179259694006,0.05190017417518311,2025-01-01T00:00:00
0,2025-06-24 10:00:00,9.199999809265137,ok,,2.1751973628589907,8.803922518051754,2025-01-01T00:00:00,fixed,7.009631572699136,10.190181652355605,0.12761707954461032,2025-01-01T00:00:00
0,2025-06-25 10:00:00,8.5,ok,,2.077312753456998,7.982987808318514,2025-01-01T00:00:00,fixed,6.3560081623758755,9.239983169832298,0.05249142074066904,2025-01-01T00:00:00
0,2025-06-26 10:00:00,7.199999809265137,ok,,1.960505734365442,7.102918346865739,2025-01-01T00:00:00,fixed,5.655302008895001,8.221338621279513,0.028733189919434632,2025-01-01T00:00:00
0,2025-06-27 10:00:00,8.899999618530273,ok,,2.104968030202283,8.206840634366811,2025-01-01T00:00:00,fixed,6.534238472091654,9.49908369646098,0.06396371811311607,2025-01-01T00:00:00
0,2025-06-28 10:00:00,9.800000190734863,ok,,2.113931230453716,8.280730842080553,2025-01-01T00:00:00,fixed,6.59306942293675,9.584608601682424,0.06883569118923227,2025-01-01T00:00:00
0,2025-06-29 10:00:00,8.5,ok,,2.1303924424816842,8.41816981073088,2025-01-01T00:00:00,fixed,6.702497525239465,9.74368860878012,0.08144001800983525,2025-01-01T00:00:00
0,2025-06-30 10:00:00,8.0,ok,,2.129698462743983,8.412329798113301,2025-01-01T00:00:00,fixed,6.697847741379462,9.736929032091075,0.0811071341750148,2025-01-01T00:00:00
0,2025-07-01 10:00:00,8.199999809265137,ok,,2.17478325060594,8.800277460645681,2025-01-01T00:00:00,fixed,7.006729399329761,10.185962646903773,0.12718375706839158,2025-01-01T00:00:00
0,2025-07-02 10:00:00,8.800000190734863,ok,,2.182419619221715,8.867736867887038,2025-01-01T00:00:00,fixed,7.060440184483199,10.264044162562296,0.13427610992268657,2025-01-01T00:00:00
0,2025-07-03 10:00:00,9.300000190734863,ok,,2.2066873589834315,9.085569257908022,2025-01-01T00:00:00,fixed,7.233877058276302,10.516176279755419,0.18633989908459436,2025-01-01T00:00:00
0,2025-07-04 10:00:00,9.399999618530273,ok,,2.094901019903671,8.12463675308408,2025-01-01T00:00:00,fixed,6.468788223017294,9.403936052773506,0.05897684318956542,2025-01-01T00:00:00
0,2025-07-05 10:00:00,8.600000381469727,ok,,2.1913136454940334,8.946958530112063,2025-01-01T00:00:00,fixed,7.12351600820105,10.355740009182856,0.14389747606125158,2025-01-01T00:00:00
0,2025-07-06 10:00:00,9.300000190734863,ok,,2.1997056548530316,9.02235742143025,2025-01-01T00:00:00,fixed,7.183548164100512,10.443011154214304,0.1659959840931069,2025-01-01T00:00:00
0,2025-07-07 10:00:00,8.5,ok,,2.1572011465315826,8.646902346117718,2025-01-01T00:00:00,fixed,6.884613030965872,10.008437200174077,0.10204861727088477,2025-01-01T00:00:00
0,2025-07-08 10:00:00,9.199999809265137,ok,,2.1983644659965176,9.010264847222693,2025-01-01T00:00:00,fixed,7.173920127303652,10.429014492207461,0.16340840074676488,2025-01-01T00:00:00
0,2025-07-09 10:00:00,8.199999809265137,ok,,2.1354158216345924,8.460563861009156,2025-01-01T00:00:00,fixed,6.736251419905834,9.79275799488943,0.08384960092030558,2025-01-01T00:00:00
0,2025-07-10 10:00:00,7.599999904632568,ok,,2.0950076369241124,8.125503023825646,2025-01-01T00:00:00,fixed,6.469477942710776,9.404938725865934,0.05901615669552707,2025-01-01T00:00:00
0,2025-07-11 10:00:00,9.100000381469727,ok,,2.185879779213666,8.89847380290584,2025-01-01T00:00:00,fixed,7.084912752218096,10.299620912657044,0.1372682423506172,2025-01-01T00:00:00
0,2025-07-12 10:00:00,8.800000190734863,ok,,2.2141575820618367,9.153694626101046,2025-01-01T00:00:00,fixed,7.288118077641073,10.595028618084966,0.200522923264988,2025-01-01T00:00:00
0,2025-07-13 10:00:00,8.5,ok,,2.1515023792810535,8.597765804047096,2025-01-01T00:00:00,fixed,6.84549080380346,9.951563654496955,0.0940203757174144,2025-01-01T00:00:00
0,2025-07-14 10:00:00,9.800000190734863,ok,,2.2108731896746048,9.123679618668561,2025-01-01T00:00:00,fixed,7.264220304424401,10.56028746976083,0.19478764557939177,2025-01-01T00:00:00
0,2025-07-15 10:00:00,9.399999618530273,ok,,2.2529748984454714,9.516002911941744,2025-01-01T00:00:00,fixed,7.576585813956574,11.01438569889754,0.29426087344543017,2025-01-01T00:00:00
0,2025-07-16 10:00:00,9.100000381469727,ok,,2.1219785250515475,8.347637169049008,2025-01-01T00:00:00,fixed,6.6463398488145105,9.662049949456954,0.0752179980837987,2025-01-01T00:00:00
0,2025-07-17 10:00:00,8.100000381469727,ok,,2.190693659906599,8.941413263942199,2025-01-01T00:00:00,fixed,7.119100899737339,10.349321589499388,0.1428352421471647,2025-01-01T00:00:00
0,2025-07-18 10:00:00,9.399999618530273,ok,,2.233161037952848,9.329309820992215,2025-01-01T00:00:00,fixed,7.427941867801741,10.798296051798232,0.23590791194038208,2025-01-01T00:00:00
0,2025-07-19 10:00:00,7.900000095367432,ok,,2.137371981096594,8.477130271046915,2025-01-01T00:00:00,fixed,6.749441498601876,9.811932939610495,0.08478791918502693,2025-01-01T00:00:00
0,2025-07-20 10:00:00,9.5,ok,,2.2154111006764907,9.165176147354613,2025-01-01T00:00:00,fixed,7.29725959765293,10.6083180111912,0.20214393810611686,2025-01-01T00:00:00
0,2025-07-21 10:00:00,9.300000190734863,ok,,2.249377133564235,9.481828084215914,2025-01-01T00:00:00,fixed,7.549376016172991,10.974829728050443,0.2820662097453258,2025-01-01T00:00:00
0,2025-07-22 10:00:00,9.899999618530273,ok,,2.2258943872133963,9.261762702771982,2025-01-01T00:00:00,fixed,7.374161247680362,10.720113014254915,0.22129384628310356,2025-01-01T00:00:00
0,2025-07-23 10:00:00,8.5,ok,,2.152564742186543,8.606904605009456,2025-01-01T00:00:00,fixed,6.852767063633215,9.962141444306011,0.09532871841783808,2025-01-01T00:00:00
0,2025-07-24 10:00:00,8.199999809265137,ok,,2.2100243022476462,9.115937928129451,2025-01-01T00:00:00,fixed,7.258056415735269,10.551326778349917,0.19325130120783518,2025-01-01T00:00:00
0,2025-07-24 13:00:00,120.0,abstain,outside_training_support,1.9401446048688762,6.959757312668148,2025-01-01T00:00:00,fixed,5.541318031499236,8.055635556421626,0.024709544223876057,2025-01-01T00:00:00
0,2025-07-24 13:15:00,45.900001525878906,abstain,outside_training_support,1.9124727431383524,6.769808115289305,2025-01-01T00:00:00,fixed,5.390081592465894,7.835777098780643,0.019636369503453155,2025-01-01T00:00:00
0,2025-07-24 15:20:00,2.0999999046325684,ok,,2.3007058544161967,9.981225260853863,2025-01-01T00:00:00,fixed,7.946993124853865,11.552861615107574,0.43843543233972004,2025-01-01T00:00:00
0,2025-07-25 10:00:00,9.600000381469727,ok,,2.0333714131485636,7.63979991079201,2025-01-01T00:00:00,fixed,6.082763967309702,8.842757159549445,0.039018557405864795,2025-01-01T00:00:00
0,2025-07-26 10:00:00,7.300000190734863,ok,,2.10677205303266,8.221659324845495,2025-01-01T00:00:00,fixed,6.546037026705515,9.51623572699262,0.06494429987094197,2025-01-01T00:00:00
0,2025-07-27 10:00:00,8.899999618530273,ok,,2.091344013049543,8.0957887012413,2025-01-01T00:00:00,fixed,6.445819573010052,9.370545608003946,0.05766524763393843,2025-01-01T00:00:00
0,2025-07-28 10:00:00,10.199999809265137,ok,,2.2582873292183727,9.566690536686457,2025-01-01T00:00:00,fixed,7.616943004064409,11.07305455958049,0.30602523085772104,2025-01-01T00:00:00
0,2025-07-28 16:00:00,35.099998474121094,abstain,outside_training_support,2.202033784589874,9.043387110462962,2025-01-01T00:00:00,fixed,7.200291879405308,10.467352162542863,0.17112949322199045,2025-01-01T00:00:00
0,2025-07-28 21:26:26,3.5,ok,,1.6921317880473006,5.431046212546242,2025-01-01T00:00:00,fixed,4.324167202311628,6.286214736068714,0.010000000000000009,2025-01-01T00:00:00
0,2025-07-29 10:00:00,8.300000190734863,ok,,1.9640643133322195,7.128239669940143,2025-01-01T00:00:00,fixed,5.675462698101537,8.250647021174798,0.029436415197010457,2025-01-01T00:00:00
0,2025-07-30 10:00:00,10.0,ok,,2.2394154720798047,9.387842227452326,2025-01-01T00:00:00,fixed,7.474545027189797,10.866044927728828,0.24812800135373547,2025-01-01T00:00:00
0,2025-07-31 10:00:00,6.599999904632568,ok,,1.9884583542175747,7.304264489384197,2025-01-01T00:00:00,fixed,5.815612628933362,8.45438857862037,0.032923454447134515,2025-01-01T00:00:00
0,2025-08-01 10:00:00,5.300000190734863,ok,,1.7383951918212688,5.688207611922856,2025-01-01T00:00:00,fixed,4.528917603130546,6.583868579369638,0.010000000000000009,2025-01-01T00:00:00
0,2025-08-03 10:00:00,10.199999809265137,ok,,2.382590338801433,10.83292750405166,2025-01-01T00:00:00,fixed,8.625113465215414,12.53867226418004,0.6773874222588618,2025-01-01T00:00:00
0,2025-08-04 10:00:00,7.5,ok,,2.102434353526237,8.186073473412753,2025-01-01T00:00:00,fixed,6.517703780106302,9.475046553688353,0.06258653092516875,2025-01-01T00:00:00
0,2025-08-05 10:00:00,6.599999904632568,abstain,outside_training_support,1.8802971861947895,6.555452762793925,2025-01-01T00:00:00,fixed,5.2194131155968835,7.587669510872655,0.01658935841114162,2025-01-01T00:00:00
0,2025-08-05 14:05:08,3.5999999046325684,abstain,outside_training_support,1.9623848407881364,7.116278034557547,2025-01-01T00:00:00,fixed,5.665938914030626,8.236801915523543,0.02910452778998085,2025-01-01T00:00:00
0,2025-08-06 10:00:00,7.900000095367432,ok,,1.881182938496814,6.561261842492444,2025-01-01T00:00:00,fixed,5.224038270847804,7.594393283968062,0.016673238764605025,2025-01-01T00:00:00
0,2025-08-07 10:00:00,6.300000190734863,ok,,1.8677074816541688,6.473438897812647,2025-01-01T00:00:00,fixed,5.154114156389429,7.492741803313056,0.01539711892787532,2025-01-01T00:00:00
0,2025-08-08 10:00:00,7.400000095367432,ok,,1.9703181546094803,7.172958235079347,2025-01-01T00:00:00,fixed,5.7110673578929925,8.302406938537407,0.03046166745388723,2025-01-01T00:00:00
0,2025-08-09 10:00:00,7.599999904632568,ok,,2.1847134677676032,8.888101460923387,2025-01-01T00:00:00,fixed,7.076654354249013,10.287615349370357,0.13625968832220547,2025-01-01T00:00:00
0,2025-08-10 10:00:00,9.300000190734863,ok,,2.22965932824586,9.296698417390159,2025-01-01T00:00:00,fixed,7.401976859153574,10.760549680682194,0.22830074993608218,2025-01-01T00:00:00
0,2025-08-12 10:00:00,8.0,ok,,2.090019009006118,8.085068851967602,2025-01-01T00:00:00,fixed,6.437284491769909,9.358137819184714,0.05717667128707893,2025-01-01T00:00:00
0,2025-08-13 10:00:00,9.199999809265137,ok,,2.2388147991837206,9.382204898338484,2025-01-01T00:00:00,fixed,7.470056618749007,10.859519948938251,0.24703366626819834,2025-01-01T00:00:00
0,2025-08-14 10:00:00,10.5,ok,,1.1369577624136762,3.1172704477280333,2025-01-01T00:00:00,fixed,2.4819524826840302,3.6081135490158807,0.010000000000000009,2025-01-01T00:00:00
0,2025-08-14 14:00:00,11.800000190734863,abstain,outside_training_support,1.2009097066134655,3.323138629283466,2025-01-01T00:00:00,fixed,2.645863523732636,3.846397582319052,0.010000000000000009,2025-01-01T00:00:00
0,2025-08-14 20:00:00,4.699999809265137,ok,,1.8361888577053742,6.272586927710733,2025-01-01T00:00:00,fixed,4.994196993536347,7.260263830412299,0.012412319101260838,2025-01-01T00:00:00
0,2025-08-15 10:00:00,8.100000381469727,ok,,2.163135962502462,8.698372702733169,2025-01-01T00:00:00,fixed,6.925593427607253,10.068012041109753,0.113575541632429,2025-01-01T00:00:00
0,2025-08-16 10:00:00,8.300000190734863,ok,,2.101569579063364,8.178997426155204,2025-01-01T00:00:00,fixed,6.5120698727014235,9.466856317258259,0.06211648029795491,2025-01-01T00:00:00
0,2025-08-16 20:00:00,5.199999809265137,ok,,1.9528149228782512,7.048500667136385,2025-01-01T00:00:00,fixed,5.611974970843295,8.15835237391025,0.02721337735004814,2025-01-01T00:00:00
0,2025-08-17 10:00:00,7.900000095367432,ok,,2.0839464325925756,8.036120425504462,2025-01-01T00:00:00,fixed,6.398312041152988,9.301482009659628,0.05493749532767234,2025-01-01T00:00:00
0,2025-08-18 10:00:00,9.199999809265137,ok,,2.074451101474359,7.960175930823986,2025-01-01T00:00:00,fixed,6.337845479050311,9.21357935096362,0.05143622737835507,2025-01-01T00:00:00
0,2025-08-19 10:00:00,6.699999809265137,ok,,2.031534181581415,7.625776715102615,2025-01-01T00:00:00,fixed,6.071598780990424,8.826525881828807,0.0387692286843897,2025-01-01T00:00:00
0,2025-08-20 10:00:00,7.099999904632568,ok,,1.9128859574055175,6.77260607462706,2025-01-01T00:00:00,fixed,5.392309311311991,7.839015622728256,0.019675500712829308,2025-01-01T00:00:00
0,2025-08-21 10:00:00,6.599999904632568,ok,,1.885207433719481,6.587720815725887,2025-01-01T00:00:00,fixed,5.245104750451419,7.625018467575796,0.017054356692289385,2025-01-01T00:00:00
0,2025-08-22 10:00:00,8.5,ok,,2.071695638645398,7.938272153315818,2025-01-01T00:00:00,fixed,6.320405819618073,9.18822662083414,0.050420189752235056,2025-01-01T00:00:00
0,2025-08-23 10:00:00,11.399999618530273,ok,,2.1912416548970564,8.946314456410256,2025-01-01T00:00:00,fixed,7.123003200489932,10.354994520111878,0.1437741331075535,2025-01-01T00:00:00
0,2025-08-23 22:00:00,8.899999618530273,ok,,2.1342222051124113,8.450471216769412,2025-01-01T00:00:00,fixed,6.72821571564221,9.781076170345345,0.08327705445587286,2025-01-01T00:00:00
0,2025-08-24 10:00:00,9.399999618530273,ok,,2.148826758735754,8.574792193256195,2025-01-01T00:00:00,fixed,6.827199349374074,9.924972635926565,0.09072524126622239,2025-01-01T00:00:00
0,2025-08-25 10:00:00,10.899999618530273,ok,,2.29479238395334,9.92237575399389,2025-01-01T00:00:00,fixed,7.900137491983672,11.484745708382466,0.4226119907601438,2025-01-01T00:00:00
0,2025-08-27 10:00:00,8.699999809265137,ok,,2.1938835857891803,8.969981250194321,2025-01-01T00:00:00,fixed,7.141846563160741,10.382387869757332,0.14830060702753856,2025-01-01T00:00:00
0,2025-08-27 22:00:00,9.300000190734863,ok,,2.2529140883108307,9.515424260117554,2025-01-01T00:00:00,fixed,7.576125094761451,11.01371593298469,0.2941472940799644,2025-01-01T00:00:00
0,2025-08-28 10:00:00,7.800000190734863,ok,,2.1113582752659577,8.259452278835683,2025-01-01T00:00:00,fixed,6.5761275554410865,9.559979531592157,0.06743715405414952,2025-01-01T00:00:00
0,2025-08-29 10:00:00,8.0,ok,,2.0888109443270486,8.07530746324133,2025-01-01T00:00:00,fixed,6.429512531207016,9.346839409402483,0.056731214663305884,2025-01-01T00:00:00
0,2025-08-30 10:00:00,11.100000381469727,ok,,2.2446067685052866,9.436704017535197,2025-01-01T00:00:00,fixed,7.5134484984278975,10.922600459173227,0.26262340187657485,2025-01-01T00:00:00
0,2025-08-31 10:00:00,8.600000381469727,ok,,2.2240556788992465,9.244748669402508,2025-01-01T00:00:00,fixed,7.360614773907895,10.700419963763082,0.21692031628610386,2025-01-01T00:00:00
0,2025-09-01 10:00:00,7.599999904632568,ok,,2.1671263416362874,8.733151852511789,2025-01-01T00:00:00,fixed,6.953284383071703,10.108267490113528,0.11893647892835801,2025-01-01T00:00:00
0,2025-09-02 10:00:00,7.199999809265137,ok,,2.0996831865141665,8.163583169590908,2025-01-01T00:00:00,fixed,6.499797131856505,9.449014943245238,0.061091126244395055,2025-01-01T00:00:00
0,2025-09-03 10:00:00,10.699999809265137,ok,,2.1458819097012207,8.549577869155389,2025-01-01T00:00:00,fixed,6.807123852123969,9.895788082984197,0.08886990820294915,2025-01-01T00:00:00
0,2025-09-04 10:00:00,7.300000190734863,ok,,2.095937717176819,8.133063909301505,2025-01-01T00:00:00,fixed,6.47549787546694,9.41369014278194,0.05935911052605192,2025-01-01T00:00:00
0,2025-09-05 10:00:00,9.699999809265137,ok,,2.2566474216296157,9.551014905082702,2025-01-01T00:00:00,fixed,7.604462157943107,11.054910654607436,0.30161358924482695,2025-01-01T00:00:00
0,2025-09-06 10:00:00,11.699999809265137,ok,,2.3007792070805206,9.981957437173179,2025-01-01T00:00:00,fixed,7.947576079353309,11.553709079369108,0.4385952343109426,2025-01-01T00:00:00
0,2025-09-07 10:00:00,10.699999809265137,ok,,2.150566114136923,8.589719782799747,2025-01-01T00:00:00,fixed,6.839084608785912,9.94225071268936,0.09286732748817483,2025-01-01T00:00:00
0,2025-09-08 10:00:00,9.800000190734863,ok,,2.2127950711174513,9.141231109758278,2025-01-01T00:00:00,fixed,7.278194698887569,10.580602605668396,0.1982659297944087,2025-01-01T00:00:00
0,2025-09-09 10:00:00,8.399999618530273,ok,,2.1029653030296522,8.190421019119867,2025-01-01T00:00:00,fixed,6.521165270548756,9.480078660730022,0.06287513004298984,2025-01-01T00:00:00
0,2025-09-10 10:00:00,10.100000381469727,ok,,2.2811159872898163,9.787597150941867,2025-01-01T00:00:00,fixed,7.792827557197149,11.328744966084388,0.3698292684189922,2025-01-01T00:00:00
0,2025-09-11 10:00:00,8.699999809265137,ok,,2.1840286408438754,8.882016733472518,2025-01-01T00:00:00,fixed,7.0718097298712514,10.280572525231197,0.13566749233971542,2025-01-01T00:00:00
0,2025-09-12 10:00:00,9.899999618530273,ok,,2.24995119953548,9.487272841739737,2025-01-01T00:00:00,fixed,7.5537111002410775,10.981131813070728,0.2855257683960698,2025-01-01T00:00:00
0,2025-09-13 10:00:00,9.800000190734863,ok,,2.2558061878157583,9.542983646944473,2025-01-01T00:00:00,fixed,7.59806771722662,11.045614800497212,0.29954907173717105,2025-01-01T00:00:00
0,2025-09-14 10:00:00,9.899999618530273,ok,,2.2665405472410103,9.645973238119069,2025-01-01T00:00:00,fixed,7.68006742684203,11.164821056597159,0.3314456382950005,2025-01-01T00:00:00
0,2025-09-15 10:00:00,8.300000190734863,ok,,2.2185224310628535,9.193736445620631,2025-01-01T00:00:00,fixed,7.319999139946799,10.641375392918428,0.2061674226184239,2025-01-01T00:00:00
0,2025-09-16 10:00:00,9.199999809265137,ok,,2.212335394290061,9.137030063279136,2025-01-01T00:00:00,fixed,7.274849850272853,10.575740065514884,0.19743399156082408,2025-01-01T00:00:00
0,2025-09-17 10:00:00,9.300000190734863,ok,,2.2160969414049916,9.171464154479569,2025-01-01T00:00:00,fixed,7.302266072117247,10.615596123271722,0.2030308479505768,2025-01-01T00:00:00
0,2025-09-18 10:00:00,9.600000381469727,ok,,2.210585297928147,9.121053364665588,2025-01-01T00:00:00,fixed,7.2621292963607305,10.557247687743137,0.19426660963252584,2025-01-01T00:00:00
0,2025-09-19 10:00:00,9.600000381469727,ok,,2.243037300508013,9.421905028887245,2025-01-01T00:00:00,fixed,7.501665630296334,10.905471232708026,0.25750940176496784,2025-01-01T00:00:00
0,2025-09-20 10:00:00,8.5,ok,,2.2056002412812643,9.075697541564498,2025-01-01T00:00:00,fixed,7.226017255510386,10.504750170250844,0.1837569608534586,2025-01-01T00:00:00
0,2025-09-21 10:00:00,7.599999904632568,ok,,2.1542977954466673,8.621833761870121,2025-01-01T00:00:00,fixed,6.864653570933766,9.979421335174516,0.09746304329930122,2025-01-01T00:00:00
0,2025-09-22 10:00:00,8.899999618530273,ok,,2.191833170340236,8.951607904994713,2025-01-01T00:00:00,fixed,7.127217813266224,10.361121471199013,0.14478758854456109,2025-01-01T00:00:00
0,2025-09-23 10:00:00,10.199999809265137,ok,,2.221019324852392,9.216720911998689,2025-01-01T00:00:00,fixed,7.3382992375311344,10.667978976388708,0.20939633509108113,2025-01-01T00:00:00
0,2025-09-24 10:00:00,10.5,ok,,2.373097702719081,10.730581003129945,2025-01-01T00:00:00,fixed,8.54362578029484,12.420210358849,0.6518843674120675,2025-01-01T00:00:00
0,2025-09-25 10:00:00,9.800000190734863,ok,,2.1442213181317458,8.535392293706602,2025-01-01T00:00:00,fixed,6.795829379990799,9.87936885730724,0.08807336608552574,2025-01-01T00:00:00
0,2025-09-26 10:00:00,7.599999904632568,ok,,2.1466683193179907,8.556303983804998,2025-01-01T00:00:00,fixed,6.812479145234832,9.903573286676476,0.0892471282206938,2025-01-01T00:00:00
0,2025-09-27 10:00:00,8.399999618530273,ok,,2.1984362957618178,9.010912075676817,2025-01-01T00:00:00,fixed,7.174435446810096,10.429763632775723,0.16354698339570328,2025-01-01T00:00:00
0,2025-09-28 10:00:00,9.399999618530273,ok,,2.1817592223605478,8.861882575584724,2025-01-01T00:00:00,fixed,7.055779031221801,10.257268057719909,0.13370503954784863,2025-01-01T00:00:00
0,2025-09-28 17:00:00,15.300000190734863,ok,,1.9965456019287489,7.3635753933823365,2025-01-01T00:00:00,fixed,5.862835623504047,8.52303853373608,0.03402096614252137,2025-01-01T00:00:00
0,2025-09-28 20:00:00,8.300000190734863,ok,,2.058090324933143,7.831000854866012,2025-01-01T00:00:00,fixed,6.234997039734287,9.064064462995264,0.04583818306700915,2025-01-01T00:00:00
0,2025-09-29 10:00:00,9.199999809265137,ok,,2.2487994728044147,9.47635238590059,2025-01-01T00:00:00,fixed,7.545016297227831,10.968491830324487,0.27903525386520633,2025-01-01T00:00:00
0,2025-09-30 10:00:00,8.300000190734863,ok,,2.194674440788391,8.977078010593194,2025-01-01T00:00:00,fixed,7.147496962247492,10.39060208080468,0.14965559497937697,2025-01-01T00:00:00
0,2025-10-01 10:00:00,9.800000190734863,ok,,2.2509310794804107,9.496573786289757,2025-01-01T00:00:00,fixed,7.561116457846175,10.991897277476948,0.2904434890151816,2025-01-01T00:00:00
0,2025-10-02 10:00:00,9.699999809265137,ok,,2.2253236294855903,9.25647798842551,2025-01-01T00:00:00,fixed,7.3699535890532255,10.713996172692424,0.22023161333617414,2025-01-01T00:00:00
0,2025-10-03 10:00:00,10.399999618530273,ok,,2.277644899352378,9.753682435066956,2025-01-01T00:00:00,fixed,7.765824858946631,11.289490064108053,0.36129923972643463,2025-01-01T00:00:00
0,2025-10-05 10:00:00,9.699999809265137,ok,,2.2168488813816585,9.17836313850777,2025-01-01T00:00:00,fixed,7.3077590028154065,10.62358141622721,0.20400323547443622,2025-01-01T00:00:00
0,2025-10-06 10:00:00,9.800000190734863,ok,,2.204786783969185,9.068317850975664,2025-01-01T00:00:00,fixed,7.220141589062598,10.49620847903489,0.18182422625942363,2025-01-01T00:00:00
0,2025-10-06 14:00:00,5.199999809265137,ok,,2.0461837378800576,7.7383132529746845,2025-01-01T00:00:00,fixed,6.161199713680696,8.956782339798789,0.041863055368410174,2025-01-01T00:00:00
0,2025-10-07 10:00:00,9.300000190734863,ok,,2.2296250456499975,9.296379707898584,2025-01-01T00:00:00,fixed,7.401723104522036,10.760180787429578,0.22823694685281692,2025-01-01T00:00:00
0,2025-10-08 10:00:00,9.800000190734863,ok,,2.2755673789323563,9.73343999495972,2025-01-01T00:00:00,fixed,7.749707946627921,11.266060264339062,0.35501022641312563,2025-01-01T00:00:00
0,2025-10-09 10:00:00,12.699999809265137,ok,,2.223765497304551,9.242066402682102,2025-01-01T00:00:00,fixed,7.358479168846491,10.697315349306859,0.2161387970657871,2025-01-01T00:00:00
0,2025-10-09 16:00:00,8.699999809265137,ok,,2.2430601997193667,9.422120785552176,2025-01-01T00:00:00,fixed,7.5018374144899616,10.90572096225799,0.2575756852647725,2025-01-01T00:00:00
0,2025-10-09 22:00:00,9.0,ok,,2.3669534304575026,10.664851528600595,2025-01-01T00:00:00,fixed,8.491292357440068,12.344131169829037,0.6334690166517445,2025-01-01T00:00:00
0,2025-10-10 10:00:00,10.199999809265137,ok,,2.408278952346543,11.114815547331716,2025-01-01T00:00:00,fixed,8.849551075166065,12.864946190462447,0.7362357514046447,2025-01-01T00:00:00
0,2025-10-10 20:00:00,9.600000381469727,ok,,2.1493450767566586,8.579237814598775,2025-01-01T00:00:00,fixed,6.830738927063371,9.930118261520791,0.09136357078210133,2025-01-01T00:00:00
0,2025-10-11 10:00:00,9.0,ok,,2.258455617563428,9.568300634681096,2025-01-01T00:00:00,fixed,7.618224954662591,11.074918182415631,0.30647795628633734,2025-01-01T00:00:00
0,2025-10-12 10:00:00,10.5,ok,,2.2686584709479196,9.666424322790206,2025-01-01T00:00:00,fixed,7.696350460741161,11.188492353948911,0.33620024276500104,2025-01-01T00:00:00
0,2025-10-14 10:00:00,9.199999809265137,ok,,2.2394541884612846,9.38820569776936,2025-01-01T00:00:00,fixed,7.474834420128547,10.866465629813407,0.2481985367398244,2025-01-01T00:00:00
0,2025-10-15 10:00:00,9.100000381469727,ok,,2.1368236377160152,8.472483166997296,2025-01-01T00:00:00,fixed,6.7457415015606665,9.806554105991056,0.08452489328180646,2025-01-01T00:00:00
0,2025-10-16 10:00:00,12.199999809265137,ok,,2.3222337798823474,10.198429928691453,2025-01-01T00:00:00,fixed,8.119930209919094,11.804267169446142,0.5095656092092187,2025-01-01T00:00:00
0,2025-10-16 15:00:00,9.699999809265137,ok,,2.244994913088739,9.440367534026294,2025-01-01T00:00:00,fixed,7.516365368812711,10.926840830263966,0.26405952858824466,2025-01-01T00:00:00
0,2025-10-17 10:00:00,10.399999618530273,ok,,2.2210062322633575,9.216600242049482,2025-01-01T00:00:00,fixed,7.3382031608239515,10.667839305838466,0.20937940412501022,2025-01-01T00:00:00
0,2025-10-18 10:00:00,10.800000190734863,ok,,2.1980037259864234,9.00701507038826,2025-01-01T00:00:00,fixed,7.171332674011537,10.425253007914002,0.16271241759872013,2025-01-01T00:00:00
0,2025-10-18 16:00:00,8.0,ok,,2.09541513273,8.12881480695162,2025-01-01T00:00:00,fixed,6.4721147650492465,9.408771979915786,0.0591664149631822,2025-01-01T00:00:00
0,2025-10-19 10:00:00,6.5,ok,,1.960463964937941,7.1026216682288945,2025-01-01T00:00:00,fixed,5.655065795101036,8.220995227843732,0.028724935692811426,2025-01-01T00:00:00
0,2025-10-20 10:00:00,10.5,ok,,2.225989043025003,9.262639423930242,2025-01-01T00:00:00,fixed,7.3748592879344415,10.721127783278929,0.22147000950754803,2025-01-01T00:00:00
0,2025-10-21 10:00:00,10.100000381469727,ok,,2.1978116070653075,9.00528481858284,2025-01-01T00:00:00,fixed,7.169955057652564,10.423250311937817,0.16234175859839972,2025-01-01T00:00:00
0,2025-10-21 16:00:00,11.0,ok,,2.202988831508563,9.052028095073386,2025-01-01T00:00:00,fixed,7.207171780769755,10.477353750205053,0.1753969227392782,2025-01-01T00:00:00
0,2025-10-21 22:00:00,10.0,ok,,2.2130847517720005,9.143879531149238,2025-01-01T00:00:00,fixed,7.280303356495791,10.583668045534608,0.19879020336594688,2025-01-01T00:00:00
0,2025-10-22 10:00:00,9.300000190734863,ok,,2.134039548620333,8.448927824300167,2025-01-01T00:00:00,fixed,6.726986875592868,9.779289756438336,0.08318943893882735,2025-01-01T00:00:00
0,2025-10-22 20:00:00,11.0,ok,,2.2390313286659045,9.384236642265156,2025-01-01T00:00:00,fixed,7.471674281370054,10.861871609762321,0.24742815020604825,2025-01-01T00:00:00
0,2025-10-23 02:00:00,6.699999809265137,ok,,2.0507642574297957,7.773840051593643,2025-01-01T00:00:00,fixed,6.189485942775256,8.99790316187685,0.043392305526743336,2025-01-01T00:00:00
0,2025-10-23 10:00:00,9.100000381469727,ok,,2.0526022013926073,7.788141072195788,2025-01-01T00:00:00,fixed,6.20087233166374,9.01445601061571,0.04400592065612263,2025-01-01T00:00:00
0,2025-10-23 21:00:00,6.5,ok,,2.2306436587817653,9.305853946819854,2025-01-01T00:00:00,fixed,7.409266438091096,10.771146833010691,0.23016270286014073,2025-01-01T00:00:00
0,2025-10-24 10:00:00,7.0,ok,,2.1634109580087175,8.700765045064774,2025-01-01T00:00:00,fixed,6.927498196567445,10.070781079897145,0.11394498864892932,2025-01-01T00:00:00
0,2025-10-25 10:00:00,7.199999809265137,ok,,2.1626164096986793,8.693854612601944,2025-01-01T00:00:00,fixed,6.921996150692651,10.062782535844972,0.11287754028729502,2025-01-01T00:00:00
0,2025-10-26 10:00:00,7.199999809265137,ok,,2.141895025560245,8.51555955134349,2025-01-01T00:00:00,fixed,6.780038666617682,9.856413265986427,0.08695750469931174,2025-01-01T00:00:00
0,2025-10-27 10:00:00,10.399999618530273,ok,,2.0986103472253808,8.154829653227031,2025-01-01T00:00:00,fixed,6.492827633368695,9.43888310466285,0.060507981387274534,2025-01-01T00:00:00
0,2025-10-27 15:15:10,9.600000381469727,ok,,2.3325827189200337,10.304520875810912,2025-01-01T00:00:00,fixed,8.204399200983167,11.927063118706377,0.5345060984256784,2025-01-01T00:00:00
0,2025-10-27 18:46:34,5.599999904632568,ok,,2.125886352904309,8.38032212006931,2025-01-01T00:00:00,fixed,6.672363415486553,9.699881448713368,0.07867102757392885,2025-01-01T00:00:00
0,2025-10-27 22:00:00,7.699999809265137,ok,,2.2013576768304643,9.037274872764735,2025-01-01T00:00:00,fixed,7.195425351529639,10.460277496413125,0.16918326419600505,2025-01-01T00:00:00
0,2025-10-28 10:00:00,9.899999618530273,ok,,2.2304904763073776,9.304428562260744,2025-01-01T00:00:00,fixed,7.408131555249012,10.769497008452149,0.22984759338945815,2025-01-01T00:00:00
0,2025-10-28 14:00:00,7.800000190734863,ok,,2.0062952032304033,7.43571842907939,2025-01-01T00:00:00,fixed,5.920275486217007,8.60654115852611,0.03534407405711404,2025-01-01T00:00:00
0,2025-10-29 10:00:00,9.199999809265137,ok,,1.9898198169693733,7.314215746011273,2025-01-01T00:00:00,fixed,5.823535761207432,8.465906752762768,0.03310821709399492,2025-01-01T00:00:00
0,2025-10-30 10:00:00,9.899999618530273,ok,,2.1114283623600874,8.260031180131527,2025-01-01T00:00:00,fixed,6.5765884732640805,9.560649586258284,0.06747525009418032,2025-01-01T00:00:00
0,2025-10-31 10:00:00,10.199999809265137,ok,,2.1027636826830474,8.188769830057401,2025-01-01T00:00:00,fixed,6.519850603482908,9.478167476657877,0.06276553872820256,2025-01-01T00:00:00
0,2025-11-01 10:00:00,7.800000190734863,ok,,2.1211843475930134,8.3410102955824,2025-01-01T00:00:00,fixed,6.641063570952617,9.654379613391018,0.07451624808660351,2025-01-01T00:00:00
0,2025-11-02 10:00:00,10.100000381469727,ok,,2.149069907859355,8.576877399960868,2025-01-01T00:00:00,fixed,6.828859578746004,9.927386177738153,0.09102468920377205,2025-01-01T00:00:00
0,2025-11-03 05:00:00,8.5,ok,,2.1289634524266567,8.406148920701533,2025-01-01T00:00:00,fixed,6.692926562965673,9.72977491828922,0.08075456904987921,2025-01-01T00:00:00
0,2025-11-03 10:00:00,9.5,ok,,2.1689571477885137,8.74915520570036,2025-01-01T00:00:00,fixed,6.966026159200429,10.126790719469986,0.12108738759138349,2025-01-01T00:00:00
0,2025-11-04 10:00:00,9.399999618530273,ok,,2.1604823564401503,8.675321246465638,2025-01-01T00:00:00,fixed,6.907239993065062,10.041330919571504,0.11001051303964093,2025-01-01T00:00:00
0,2025-11-05 10:00:00,8.899999618530273,ok,,2.18306338804206,8.873447478348863,2025-01-01T00:00:00,fixed,7.06498693910428,10.270653961527758,0.1348328013958917,2025-01-01T00:00:00
0,2025-11-06 10:00:00,9.600000381469727,ok,,2.1741786429784513,8.79495835391724,2025-01-01T00:00:00,fixed,7.002494357689426,10.179805997560264,0.12655110234167366,2025-01-01T00:00:00
0,2025-11-07 10:00:00,9.899999618530273,ok,,2.2336698505094996,9.3340578988124,2025-01-01T00:00:00,fixed,7.431722259567999,10.80379175844354,0.23706913332260193,2025-01-01T00:00:00
0,2025-11-08 10:00:00,8.800000190734863,ok,,2.1829454683199603,8.872401185578639,2025-01-01T00:00:00,fixed,7.064153886925388,10.269442920271059,0.13473083171090372,2025-01-01T00:00:00
0,2025-11-09 10:00:00,10.5,ok,,2.154288706817391,8.621755401575474,2025-01-01T00:00:00,fixed,6.864591180925869,9.979330636325773,0.09745185028634018,2025-01-01T00:00:00
0,2025-11-09 13:00:00,11.199999809265137,ok,,2.2399817355216785,9.393159724713872,2025-01-01T00:00:00,fixed,7.478778787382012,10.872199714179974,0.24915964762267684,2025-01-01T00:00:00
0,2025-11-09 17:00:09,8.100000381469727,ok,,2.1795957286976786,8.842730673770825,2025-01-01T00:00:00,fixed,7.040530399108483,10.235100511598104,0.13183418399164537,2025-01-01T00:00:00
0,2025-11-10 00:00:00,7.300000190734863,ok,,1.9609701036056566,7.106217489612699,2025-01-01T00:00:00,fixed,5.657928767037695,8.225157244605608,0.028824955815567987,2025-01-01T00:00:00
0,2025-11-10 10:00:00,8.100000381469727,ok,,2.1060336329923546,8.215590527771914,2025-01-01T00:00:00,fixed,6.541205086000898,9.509211341616185,0.06454292955070873,2025-01-01T00:00:00
0,2025-11-11 10:00:00,9.100000381469727,ok,,2.197338742885527,9.001027548597978,2025-01-01T00:00:00,fixed,7.166565444211715,10.41832269536692,0.16142945197525804,2025-01-01T00:00:00
0,2025-11-12 10:00:00,11.5,ok,,2.3428651564955993,10.411023081243647,2025-01-01T00:00:00,fixed,8.289195633508859,12.050335082710012,0.5630811881295175,2025-01-01T00:00:00
0,2025-11-12 17:06:58,8.100000381469727,ok,,2.084357151698397,8.03942169160002,2025-01-01T00:00:00,fixed,6.400940489893407,9.305303090675224,0.05508894214121485,2025-01-01T00:00:00
0,2025-11-13 10:00:00,7.300000190734863,ok,,2.1697808991565806,8.756365303526747,2025-01-01T00:00:00,fixed,6.971766796883516,10.135136113972436,0.12194935190171208,2025-01-01T00:00:00
0,2025-11-14 10:00:00,10.399999618530273,ok,,2.2183402580285922,9.192061747303203,2025-01-01T00:00:00,fixed,7.318665754949768,10.639436997841404,0.20593184159973077,2025-01-01T00:00:00
0,2025-11-14 22:00:00,8.300000190734863,ok,,2.114877432613048,8.28856979551666,2025-01-01T00:00:00,fixed,6.599310751775116,9.593681870934226,0.06935000207323716,2025-01-01T00:00:00
0,2025-11-15 10:00:00,9.199999809265137,ok,,2.091696696266625,8.098644453603633,2025-01-01T00:00:00,fixed,6.4480933063240125,9.37385102502308,0.05779529454108234,2025-01-01T00:00:00
0,2025-11-16 10:00:00,9.899999618530273,ok,,2.2123251042807395,9.136936043638345,2025-01-01T00:00:00,fixed,7.274774992385225,10.575631241610928,0.19741536836368112,2025-01-01T00:00:00
0,2025-11-17 10:00:00,9.199999809265137,ok,,2.2127640001521227,9.140947087295855,2025-01-01T00:00:00,fixed,7.277968561865591,10.58027386123891,0.19820969653993292,2025-01-01T00:00:00
0,2025-11-18 10:00:00,9.800000190734863,ok,,2.2132978670229626,9.145828438993902,2025-01-01T00:00:00,fixed,7.281855065513247,10.585923826968408,0.19917590635306925,2025-01-01T00:00:00
0,2025-11-19 10:00:00,9.699999809265137,ok,,2.201853375313717,9.041755746701355,2025-01-01T00:00:00,fixed,7.198992997127952,10.465463925448802,0.17032337170565381,2025-01-01T00:00:00
0,2025-11-20 10:00:00,6.099999904632568,ok,,2.0419307319559326,7.705472047291003,2025-01-01T00:00:00,fixed,6.135051737960348,8.918769982135158,0.0404431487590754,2025-01-01T00:00:00
0,2025-11-21 10:00:00,10.399999618530273,ok,,2.2619148938597506,9.60145734631164,2025-01-01T00:00:00,fixed,7.6446241343709325,11.113295725359388,0.32043435354813754,2025-01-01T00:00:00
0,2025-11-22 10:00:00,9.300000190734863,ok,,2.1946087506867342,8.97648832479457,2025-01-01T00:00:00,fixed,7.147027457866513,10.389919543515932,0.1495430467924287,2025-01-01T00:00:00
0,2025-11-23 10:00:00,9.899999618530273,ok,,2.195509373363163,8.984576395337747,2025-01-01T00:00:00,fixed,7.153467132287253,10.399281155670407,0.1536804755201978,2025-01-01T00:00:00
0,2025-11-23 22:51:00,9.899999618530273,ok,,2.2487579587717117,9.475958992463466,2025-01-01T00:00:00,fixed,7.5447030796760295,10.96803649344744,0.27886468232885486,2025-01-01T00:00:00
0,2025-11-24 02:38:00,10.699999809265137,ok,,2.274136031868488,9.719518030160204,2025-01-01T00:00:00,fixed,7.738623359750584,11.249946157249424,0.35039892983961973,2025-01-01T00:00:00
0,2025-11-24 10:00:00,9.0,ok,,2.1364595804822013,8.469399259605442,2025-01-01T00:00:00,fixed,6.74328611254777,9.80298460882004,0.08435026459813977,2025-01-01T00:00:00
0,2025-11-24 20:00:00,8.399999618530273,ok,,2.201813840852389,9.041398292824372,2025-01-01T00:00:00,fixed,7.198708394443552,10.465050187148478,0.17014672014653265,2025-01-01T00:00:00
0,2025-11-25 10:00:00,9.899999618530273,ok,,2.2386744356359145,9.380888071192137,2025-01-01T00:00:00,fixed,7.4690081686834935,10.857995775162468,0.24677794513262508,2025-01-01T00:00:00
0,2025-11-26 10:00:00,9.699999809265137,ok,,2.2277812277080926,9.27925466877721,2025-01-01T00:00:00,fixed,7.388088248619707,10.740359252302174,0.2248054310438944,2025-01-01T00:00:00
0,2025-11-27 10:00:00,13.100000381469727,ok,,2.4674878617619926,11.792784504401423,2025-01-01T00:00:00,fixed,9.38934599010784,13.64966763854798,0.8421391926215669,2025-01-01T00:00:00
0,2025-11-27 12:45:00,10.5,ok,,2.2296407228397412,9.296525450149606,2025-01-01T00:00:00,fixed,7.401839143649157,10.760349478147752,0.22826612355363018,2025-01-01T00:00:00
0,2025-11-27 22:00:00,8.600000381469727,ok,,2.6503490201075426,14.158979551653637,2025-01-01T00:00:00,fixed,11.273296635558754,16.388442009513255,0.9638146436361383,2025-01-01T00:00:00
0,2025-11-28 10:00:00,9.0,ok,,2.1916024677151547,8.949542983752865,2025-01-01T00:00:00,fixed,7.125573735061048,10.358731408984234,0.14439232104577215,2025-01-01T00:00:00
0,2025-11-29 10:00:00,7.300000190734863,ok,,2.1135479138122433,8.277557308418217,2025-01-01T00:00:00,fixed,6.590542674011948,9.580935365754602,0.06862733833483914,2025-01-01T00:00:00
0,2025-11-30 10:00:00,8.699999809265137,ok,,2.1881793157667855,8.918959713705721,2025-01-01T00:00:00,fixed,7.101223514477066,10.323332519834038,0.13925673938711458,2025-01-01T00:00:00
0,2025-12-01 10:00:00,7.800000190734863,ok,,2.1135129904378074,8.277268233232691,2025-01-01T00:00:00,fixed,6.590312514041412,9.580600773003965,0.06860835563499912,2025-01-01T00:00:00
0,2025-12-02 10:00:00,8.399999618530273,ok,,2.132135512212709,8.43285606358157,2025-01-01T00:00:00,fixed,6.714190633789176,9.760687348152722,0.08227612273292872,2025-01-01T00:00:00
0,2025-12-03 10:00:00,6.800000190734863,ok,,1.9090658872618471,6.746783597605427,2025-01-01T00:00:00,fixed,5.371749606266316,7.8091271575555234,0.01931374175022338,2025-01-01T00:00:00
0,2025-12-04 10:00:00,7.800000190734863,ok,,1.94207206789388,6.973184924006409,2025-01-01T00:00:00,fixed,5.552009017044555,8.071177469519288,0.025090438039477636,2025-01-01T00:00:00
0,2025-12-05 10:00:00,9.0,ok,,2.2321792431976335,9.320154848427608,2025-01-01T00:00:00,fixed,7.420652732236942,10.787699544018388,0.23366724187868237,2025-01-01T00:00:00
0,2025-12-06 10:00:00,8.300000190734863,ok,,2.1268896353223785,8.388734169034937,2025-01-01T00:00:00,fixed,6.679061039630751,9.709618052693298,0.07955754660881298,2025-01-01T00:00:00
0,2025-12-07 10:00:00,10.199999809265137,ok,,2.120476642266747,8.33510940646139,2025-01-01T00:00:00,fixed,6.63636531757694,9.647549574629295,0.07389090647638041,2025-01-01T00:00:00
0,2025-12-08 10:00:00,8.199999809265137,ok,,2.0780454199054947,7.988838818802226,2025-01-01T00:00:00,fixed,6.360666702672514,9.24675547610335,0.05276158104595208,2025-01-01T00:00:00
0,2025-12-09 10:00:00,9.100000381469727,ok,,2.0975350221387967,8.146065273447357,2025-01-01T00:00:00,fixed,6.485849485492819,9.428738692119238,0.05994809395369971,2025-01-01T00:00:00
0,2025-12-10 06:00:00,9.800000190734863,ok,,1.80370033051217,6.072074627881807,2025-01-01T00:00:00,fixed,4.834550274166265,7.028179012014725,0.010000000000000009,2025-01-01T00:00:00
0,2025-12-10 09:35:00,8.0,abstain,outside_training_support,1.5925845006390453,4.916439062331526,2025-01-01T00:00:00,fixed,3.9144400017046816,5.690577924234362,0.010000000000000009,2025-01-01T00:00:00
0,2025-12-10 20:00:00,7.800000190734863,ok,,2.127659116587541,8.395191626944253,2025-01-01T00:00:00,fixed,6.684202429817651,9.717092297153476,0.08012891344002382,2025-01-01T00:00:00
0,2025-12-11 10:00:00,7.300000190734863,ok,,2.0391444538280714,7.684032341422874,2025-01-01T00:00:00,fixed,6.117981569651339,8.893954396023247,0.0398020105521002,2025-01-01T00:00:00
0,2025-12-11 17:00:00,10.5,ok,,2.2784382288714076,9.761423389419738,2025-01-01T00:00:00,fixed,7.771988161488518,11.298449903413283,0.363248808185069,2025-01-01T00:00:00
0,2025-12-12 10:00:00,7.599999904632568,ok,,2.2036589140147846,9.058095733427843,2025-01-01T00:00:00,fixed,7.2120027989089905,10.48437679441131,0.17839104775042958,2025-01-01T00:00:00
0,2025-12-13 10:00:00,6.699999809265137,ok,,2.109279807216502,8.24230309935268,2025-01-01T00:00:00,fixed,6.562473479124143,9.540130054979622,0.06630739681427344,2025-01-01T00:00:00
0,2025-12-14 10:00:00,6.400000095367432,ok,,2.171148680432909,8.768350290589572,2025-01-01T00:00:00,fixed,6.981309173425529,10.149008248242232,0.12338058308412303,2025-01-01T00:00:00
0,2025-12-14 14:22:00,11.0,ok,,2.364054556087915,10.633980231473716,2025-01-01T00:00:00,fixed,8.466712811381246,12.308398901067958,0.6210960748123282,2025-01-01T00:00:00
0,2025-12-15 10:00:00,8.800000190734863,ok,,2.122558450400845,8.352479579432629,2025-01-01T00:00:00,fixed,6.650195347615572,9.66765484220143,0.07573043092594212,2025-01-01T00:00:00
0,2025-12-16 10:00:00,7.400000095367432,ok,,2.0026031113449236,7.40831569124613,2025-01-01T00:00:00,fixed,5.898457586763603,8.574823605842036,0.034843024235286735,2025-01-01T00:00:00
0,2025-12-17 10:00:00,8.399999618530273,ok,,2.2683773684920108,9.663707449051042,2025-01-01T00:00:00,fixed,7.694187301774004,11.185347683278332,0.33556918557014925,2025-01-01T00:00:00
0,2025-12-18 10:00:00,9.300000190734863,ok,,2.119784825547413,8.329345032591542,2025-01-01T00:00:00,fixed,6.6317757568451094,9.640877546709307,0.07327960433523406,2025-01-01T00:00:00
0,2025-12-19 10:00:00,9.399999618530273,ok,,2.209029227769492,9.106871402634912,2025-01-01T00:00:00,fixed,7.2508377012099094,10.540832644450438,0.1914503827052848,2025-01-01T00:00:00
0,2025-12-20 10:00:00,9.100000381469727,ok,,2.208871034303758,9.105430869030242,2025-01-01T00:00:00,fixed,7.249690756786429,10.539165285488814,0.19116407897056198,2025-01-01T00:00:00
0,2025-12-21 10:00:00,8.800000190734863,ok,,2.192683050120508,8.959218929323814,2025-01-01T00:00:00,fixed,7.1332776662838375,10.369930921795042,0.14624370485403448,2025-01-01T00:00:00
0,2025-12-22 10:00:00,9.0,ok,,2.1911441898780932,8.945442546193174,2025-01-01T00:00:00,fixed,7.122308990679057,10.353985319556287,0.1436071443086555,2025-01-01T00:00:00
0,2025-12-23 10:00:00,8.300000190734863,ok,,2.0700598941596446,7.925297782685147,2025-01-01T00:00:00,fixed,6.310075701670968,9.173209315390977,0.049834337965170006,2025-01-01T00:00:00
0,2025-12-24 10:00:00,5.099999904632568,ok,,1.5607416932713483,4.762352140093572,2025-01-01T00:00:00,fixed,3.7917568962088586,5.512228589078626,0.010000000000000009,2025-01-01T00:00:00
0,2025-12-25 10:00:00,9.0,ok,,2.3786291428325894,10.790101033312888,2025-01-01T00:00:00,fixed,8.591015279909687,12.489102369004048,0.6670442568722107,2025-01-01T00:00:00
0,2025-12-26 10:00:00,6.199999809265137,ok,,2.1318953087598964,8.430830705696742,2025-01-01T00:00:00,fixed,6.712578055697264,9.758343078911926,0.0821609034517804,2025-01-01T00:00:00
0,2025-12-27 10:00:00,8.899999618530273,ok,,1.9645215411777133,7.131499644825445,2025-01-01T00:00:00,fixed,5.678058271022058,8.25442030929668,0.029526769853058465,2025-01-01T00:00:00
0,2025-12-28 10:00:00,10.899999618530273,ok,,2.1013731359211176,8.177390876003432,2025-01-01T00:00:00,fixed,6.510790746874965,9.464996800906698,0.062009703067371524,2025-01-01T00:00:00
0,2025-12-29 00:00:00,10.5,ok,,2.1391614447305694,8.492313368135887,2025-01-01T00:00:00,fixed,6.7615301916256945,9.82950675594801,0.085646277843628,2025-01-01T00:00:00
0,2025-12-29 02:30:00,7.900000095367432,ok,,1.9110156010312196,6.759950726379683,2025-01-01T00:00:00,fixed,5.382233197118981,7.824367572697129,0.019498378786733106,2025-01-01T00:00:00
0,2025-12-29 10:00:00,4.699999809265137,ok,,1.186094438848996,3.2742683477094987,2025-01-01T00:00:00,fixed,2.6069532916190314,3.7898322223196437,0.010000000000000009,2025-01-01T00:00:00
0,2025-12-30 10:00:00,9.699999809265137,ok,,2.094047974791469,8.117709026665128,2025-01-01T00:00:00,fixed,6.46327240779587,9.395917491671657,0.05866229496860409,2025-01-01T00:00:00
0,2025-12-31 10:00:00,9.0,ok,,2.191741473434867,8.950787107884599,2025-01-01T00:00:00,fixed,7.126564299411912,10.360171431982444,0.1446304823719755,2025-01-01T00:00:00
60,2025-01-01 09:00:00,3.5,ok,,1.1035655575690586,3.0148966698512853,2025-01-01T00:00:00,fixed,2.318573017212086,3.606854464976961,0.010000000000000009,2025-01-01T00:00:00
60,2025-01-02 09:00:00,7.099999904632568,ok,,1.7269690047122384,5.623582997007125,2025-01-01T00:00:00,fixed,4.3247544525486346,6.727741499321162,0.010000000000000009,2025-01-01T00:00:00
60,2025-01-03 09:00:00,7.699999809265137,ok,,1.972800860390402,7.19078870470223,2025-01-01T00:00:00,fixed,5.529996709312903,8.602659124480203,0.03493141194719007,2025-01-01T00:00:00
60,2025-01-04 09:00:00,5.400000095367432,ok,,1.866174146058906,6.46352054954836,2025-01-01T00:00:00,fixed,4.970699159357219,7.7325960079284535,0.015553087168365565,2025-01-01T00:00:00
60,2025-01-05 09:00:00,5.300000190734863,ok,,1.3347022534487432,3.7988646791552543,2025-01-01T00:00:00,fixed,2.921474964368808,4.544750129207667,0.010000000000000009,2025-01-01T00:00:00
60,2025-01-06 09:00:00,4.800000190734863,ok,,1.4639996326229865,4.323216271860441,2025-01-01T00:00:00,fixed,3.324721770979396,5.172055171625514,0.010000000000000009,2025-01-01T00:00:00
60,2025-01-07 09:00:00,5.099999904632568,ok,,1.5693342264209078,4.803449119451519,2025-01-01T00:00:00,fixed,3.6940395434715865,5.746579004526203,0.010000000000000009,2025-01-01T00:00:00
60,2025-01-08 09:00:00,3.5999999046325684,ok,,1.2629250965551486,3.5357487824175884,2025-01-01T00:00:00,fixed,2.7191285872355557,4.229972924255739,0.010000000000000009,2025-01-01T00:00:00
60,2025-01-09 09:00:00,3.9000000953674316,ok,,1.0908051012833246,2.976669628639083,2025-01-01T00:00:00,fixed,2.2891749329696705,3.561121761877092,0.010000000000000009,2025-01-01T00:00:00
60,2025-01-10 09:00:00,3.5,ok,,1.0893390576604447,2.97230889840401,2025-01-01T00:00:00,fixed,2.2858213614992158,3.5559048270891718,0.010000000000000009,2025-01-01T00:00:00
60,2025-01-11 09:00:00,3.5999999046325684,ok,,1.075897507761292,2.9326237723397917,2025-01-01T00:00:00,fixed,2.2553019531900436,3.5084277524785326,0.010000000000000009,2025-01-01T00:00:00
60,2025-01-12 09:00:00,4.199999809265137,ok,,1.085385440474242,2.960580726488604,2025-01-01T00:00:00,fixed,2.2768019402977506,3.54187389539519,0.010000000000000009,2025-01-01T00:00:00
60,2025-01-13 09:00:00,6.0,ok,,1.2951494983882503,3.651541832956404,2025-01-01T00:00:00,fixed,2.80817795507781,4.368501280973792,0.010000000000000009,2025-01-01T00:00:00
60,2025-01-14 09:00:00,1.600000023841858,ok,,1.3012602420463484,3.673923784591582,2025-01-01T00:00:00,fixed,2.8253905480176633,4.3952778013758085,0.010000000000000009,2025-01-01T00:00:00
60,2025-01-15 09:00:00,1.899999976158142,abstain,outside_training_support,1.0764725562208775,2.9343106580966625,2025-01-01T00:00:00,fixed,2.256599234068062,3.510445848649096,0.010000000000000009,2025-01-01T00:00:00
60,2025-01-16 09:00:00,7.099999904632568,ok,,1.6597944086247738,5.258229686639815,2025-01-01T00:00:00,fixed,4.043783520563578,6.290653146685368,0.010000000000000009,2025-01-01T00:00:00
60,2025-01-17 09:00:00,8.199999809265137,ok,,1.8567910194888355,6.403156164365082,2025-01-01T00:00:00,fixed,4.924276594999997,7.66037941941279,0.014656997153909002,2025-01-01T00:00:00
60,2025-01-18 09:00:00,7.599999904632568,ok,,1.869283814546569,6.4836512393845185,2025-01-01T00:00:00,fixed,4.986180444251232,7.756679244095282,0.015850060981865366,2025-01-01T00:00:00
60,2025-01-19 09:00:00,6.900000095367432,ok,,1.8058562822398632,6.085179849703056,2025-01-01T00:00:00,fixed,4.6797404187985485,7.2799702658373135,0.010000000000000009,2025-01-01T00:00:00
60,2025-01-20 09:00:00,10.600000381469727,ok,,2.024740565676451,7.5741456963562435,2025-01-01T00:00:00,fixed,5.824813173736686,9.061286078715293,0.04792742256340954,2025-01-01T00:00:00
60,2025-01-21 09:00:00,8.300000190734863,ok,,2.1956663623579873,8.985986985675655,2025-01-01T00:00:00,fixed,6.910574138859044,10.750334366553211,0.18768387280970455,2025-01-01T00:00:00
60,2025-01-22 09:00:00,6.099999904632568,ok,,2.04353570171843,7.717849026614607,2025-01-01T00:00:00,fixed,5.935326634231832,9.233204739662304,0.05656119820948258,2025-01-01T00:00:00
60,2025-01-23 09:00:00,6.099999904632568,ok,,2.0103386951327527,7.465845564702212,2025-01-01T00:00:00,fixed,5.7415261524849965,8.931721832842415,0.041991626686460615,2025-01-01T00:00:00
60,2025-01-23 21:00:00,5.900000095367432,ok,,1.9823888787076054,7.260065702360038,2025-01-01T00:00:00,fixed,5.58327341995081,8.685538266183782,0.036417326064406286,2025-01-01T00:00:00
60,2025-01-24 09:00:00,6.699999809265137,ok,,2.034140539091873,7.645678139364368,2025-01-01T00:00:00,fixed,5.879824409734396,9.146863509621836,0.05208340425370739,2025-01-01T00:00:00
60,2025-01-25 09:00:00,7.5,ok,,1.964177359000757,7.129045532107882,2025-01-01T00:00:00,fixed,5.482513803710906,8.528793031495745,0.033594974945216904,2025-01-01T00:00:00
60,2025-01-26 09:00:00,8.899999618530273,ok,,1.9485340362270673,7.018391328035438,2025-01-01T00:00:00,fixed,5.397416409040957,8.396412504488543,0.03117063308639001,2025-01-01T00:00:00
60,2025-01-27 09:00:00,6.0,ok,,1.905275855379722,6.721261468061748,2025-01-01T00:00:00,fixed,5.168911968795253,8.040942888285429,0.019287306355212253,2025-01-01T00:00:00
60,2025-01-28 09:00:00,7.900000095367432,ok,,1.9469177569875291,7.007056810177416,2025-01-01T00:00:00,fixed,5.388699723148696,8.382852518584755,0.03092014836056467,2025-01-01T00:00:00
60,2025-01-29 09:00:00,6.199999809265137,ok,,2.0110907551330564,7.471462440368888,2025-01-01T00:00:00,fixed,5.745845748739163,8.938441550065283,0.04230159160632818,2025-01-01T00:00:00
60,2025-01-30 09:00:00,5.900000095367432,ok,,2.011679578443423,7.475863107096734,2025-01-01T00:00:00,fixed,5.74923003292872,8.943706262648945,0.042544277788468254,2025-01-01T00:00:00
60,2025-01-31 09:00:00,7.400000095367432,ok,,2.0609889013369207,7.853732538006592,2025-01-01T00:00:00,fixed,6.039826349312625,9.395768204832441,0.06709456555901483,2025-01-01T00:00:00
60,2025-02-01 09:00:00,9.600000381469727,ok,,2.0234207205622505,7.564155591310556,2025-01-01T00:00:00,fixed,5.817130393683336,9.04933447342482,0.04738344244892989,2025-01-01T00:00:00
60,2025-02-02 09:00:00,10.5,ok,,2.1699369859683046,8.757732163340886,2025-01-01T00:00:00,fixed,6.7350372863339985,10.477263009473734,0.14854227361697336,2025-01-01T00:00:00
60,2025-02-03 03:48:22,10.699999809265137,ok,,2.0531015049733217,7.792030689889457,2025-01-01T00:00:00,fixed,5.992375223843849,9.321951550151008,0.06162889269061089,2025-01-01T00:00:00
60,2025-02-03 09:00:00,8.5,ok,,1.6183145609740979,5.044580814081125,2025-01-01T00:00:00,fixed,3.879479212549998,6.035055534458206,0.010000000000000009,2025-01-01T00:00:00
60,2025-02-04 09:00:00,7.099999904632568,ok,,2.1343763509368223,8.451773922022491,2025-01-01T00:00:00,fixed,6.499743476828584,10.111231609515277,0.11140773389347547,2025-01-01T00:00:00
60,2025-02-05 09:00:00,7.400000095367432,ok,,1.9899657228630625,7.315283011054567,2025-01-01T00:00:00,fixed,5.625737681927829,8.751597179048185,0.037591556163063866,2025-01-01T00:00:00
60,2025-02-07 09:00:00,8.300000190734863,ok,,2.0339331652897967,7.644092790404757,2025-01-01T00:00:00,fixed,5.878605214609941,9.14496688642055,0.051984568587478575,2025-01-01T00:00:00
60,2025-02-08 09:00:00,8.100000381469727,ok,,2.0692086689327067,7.918554439740522,2025-01-01T00:00:00,fixed,6.089676917588345,9.473317517893593,0.07638000332058326,2025-01-01T00:00:00
60,2025-02-09 09:00:00,9.899999618530273,ok,,2.1920627045481154,8.95366284105447,2025-01-01T00:00:00,fixed,6.885715612106669,10.711663560180522,0.17929085504446385,2025-01-01T00:00:00
60,2025-02-10 09:00:00,9.5,ok,,2.223721084577124,9.241655946420904,2025-01-01T00:00:00,fixed,7.107193532037725,11.056202472031433,0.25466870078217174,2025-01-01T00:00:00
60,2025-02-11 09:00:00,6.800000190734863,ok,,2.13358741450814,8.445108639276322,2025-01-01T00:00:00,fixed,6.494617614678184,10.1032576364522,0.11091253091398245,2025-01-01T00:00:00
60,2025-02-12 09:00:00,9.600000381469727,ok,,2.1364842610739916,8.469608291970788,2025-01-01T00:00:00,fixed,6.513458802250712,10.132567656458884,0.11273083591092614,2025-01-01T00:00:00
60,2025-02-13 09:00:00,11.600000381469727,ok,,2.207606015869674,9.093919613640873,2025-01-01T00:00:00,fixed,6.993578535453931,10.879458951480443,0.22369824149871398,2025-01-01T00:00:00
60,2025-02-13 15:46:39,8.899999618530273,ok,,2.2078214250568666,9.095878738472408,2025-01-01T00:00:00,fixed,6.995085178788401,10.881802739317928,0.22419009976356463,2025-01-01T00:00:00
60,2025-02-14 09:00:00,7.0,ok,,2.1653090904156818,8.717295933106076,2025-01-01T00:00:00,fixed,6.7039402496502065,10.428887355665188,0.14402764461394457,2025-01-01T00:00:00
60,2025-02-14 21:41:16,11.899999618530273,ok,,1.7721853567132675,5.883697299369905,2025-01-01T00:00:00,fixed,4.524792486647837,7.038927763932956,0.010000000000000009,2025-01-01T00:00:00
60,2025-02-15 01:39:46,8.0,ok,,2.1221007585669915,8.348657592449532,2025-01-01T00:00:00,fixed,6.42044300136864,9.987868975746935,0.09967930768072619,2025-01-01T00:00:00
60,2025-02-15 09:00:00,9.100000381469727,abstain,outside_training_support,1.7367598170366674,5.678912862895363,2025-01-01T00:00:00,fixed,4.367305275393504,6.7939350693433855,0.010000000000000009,2025-01-01T00:00:00
60,2025-02-16 09:00:00,7.300000190734863,ok,,2.2717751543344504,9.696598504143786,2025-01-01T00:00:00,fixed,7.457062086162918,11.600470410644322,0.37260692002164086,2025-01-01T00:00:00
60,2025-02-17 09:00:00,8.699999809265137,ok,,2.2147244259402936,9.158884812738906,2025-01-01T00:00:00,fixed,7.043539304986355,10.957179697527245,0.24133308501578754,2025-01-01T00:00:00
60,2025-02-18 09:00:00,8.5,ok,,2.1472582561266984,8.561353151670088,2025-01-01T00:00:00,fixed,6.584014174278503,10.242326096989924,0.11949350303742101,2025-01-01T00:00:00
60,2025-02-19 09:00:00,10.199999809265137,ok,,2.24359941726854,9.427202728443437,2025-01-01T00:00:00,fixed,7.249886237406363,11.278180308251304,0.2872364104586159,2025-01-01T00:00:00
60,2025-02-20 09:00:00,5.699999809265137,ok,,2.043090513756305,7.714413897830186,2025-01-01T00:00:00,fixed,5.932684886343803,9.22909514289975,0.05634901880980381,2025-01-01T00:00:00
60,2025-02-21 09:00:00,9.399999618530273,ok,,2.111825077511474,8.263308709731453,2025-01-01T00:00:00,fixed,6.3548063848642675,9.885762325860428,0.09696450575705828,2025-01-01T00:00:00
60,2025-02-22 09:00:00,9.100000381469727,ok,,2.199906997631143,9.024174190829156,2025-01-01T00:00:00,fixed,6.93994158762007,10.796019412011066,0.21060368425898068,2025-01-01T00:00:00
60,2025-02-23 09:00:00,10.300000190734863,ok,,2.264210669608199,9.62352546126597,2025-01-01T00:00:00,fixed,7.4008660688345875,11.51304989185543,0.34835711654258583,2025-01-01T00:00:00
60,2025-02-24 09:00:00,9.399999618530273,ok,,2.189040063198841,8.92663999029089,2025-01-01T00:00:00,fixed,6.864933986900366,10.67933492653026,0.17494847837363847,2025-01-01T00:00:00
60,2025-02-25 09:00:00,9.399999618530273,ok,,2.254978958033272,9.535092670933118,2025-01-01T00:00:00,fixed,7.3328578072072865,11.407253826652918,0.3142343405533612,2025-01-01T00:00:00
60,2025-02-26 09:00:00,8.800000190734863,ok,,2.2491472129567422,9.479648267144682,2025-01-01T00:00:00,fixed,7.290218900254095,11.340923229865941,0.29895345886390867,2025-01-01T00:00:00
60,2025-02-27 09:00:00,10.300000190734863,ok,,2.3001901899368082,9.976079624351074,2025-01-01T00:00:00,fixed,7.6719939578296135,11.934826057515012,0.4529854935199733,2025-01-01T00:00:00
60,2025-02-28 09:00:00,10.600000381469727,ok,,2.228388444852858,9.28489090233838,2025-01-01T00:00:00,fixed,7.140442897826292,11.107926365375256,0.2661987039416118,2025-01-01T00:00:00
60,2025-03-01 09:00:00,7.800000190734863,ok,,2.1900029290032315,8.935239286005164,2025-01-01T00:00:00,fixed,6.87154718038375,10.689622644995984,0.1763317473503313,2025-01-01T00:00:00
60,2025-03-02 09:00:00,10.0,ok,,2.1774716565439194,8.823968009464133,2025-01-01T00:00:00,fixed,6.785975232940689,10.556503886854433,0.15863198608604645,2025-01-01T00:00:00
60,2025-03-03 09:00:00,8.300000190734863,ok,,2.2102149690280366,9.117676200374566,2025-01-01T00:00:00,fixed,7.011848276348408,10.90788000875577,0.2296554394728305,2025-01-01T00:00:00
60,2025-03-06 09:00:00,8.5,ok,,2.2504926982964353,9.49241157941286,2025-01-01T00:00:00,fixed,7.300034384721994,11.356192545827154,0.30247705951277293,2025-01-01T00:00:00
60,2025-03-07 09:00:00,8.399999618530273,ok,,2.1410675540997977,8.508516083381268,2025-01-01T00:00:00,fixed,6.543380409921633,10.179114771182455,0.11560769680840022,2025-01-01T00:00:00
60,2025-03-08 09:00:00,8.0,ok,,2.123923305617833,8.363887287925744,2025-01-01T00:00:00,fixed,6.432155230628306,10.006088935216168,0.10069022273364236,2025-01-01T00:00:00
60,2025-03-09 09:00:00,9.5,ok,,2.2551559319967844,9.536780283402878,2025-01-01T00:00:00,fixed,7.334155646955835,11.40927279222231,0.31464929753904347,2025-01-01T00:00:00
60,2025-03-10 09:00:00,10.199999809265137,ok,,2.2316113264362483,9.314863278998189,2025-01-01T00:00:00,fixed,7.163492823377663,11.143783647537678,0.271801535011693,2025-01-01T00:00:00
60,2025-03-11 09:00:00,8.100000381469727,ok,,2.2040391044652434,9.061540189658228,2025-01-01T00:00:00,fixed,6.968677496718586,10.840722011958416,0.2169902921182384,2025-01-01T00:00:00
60,2025-03-12 09:00:00,8.600000381469727,ok,,2.286141357952765,9.836907251516875,2025-01-01T00:00:00,fixed,7.564964980146384,11.768327981684363,0.410207577263935,2025-01-01T00:00:00
60,2025-03-13 09:00:00,7.699999809265137,ok,,2.1879664495796836,8.917061370812224,2025-01-01T00:00:00,fixed,6.85756765528195,10.667875599655003,0.17340610725030636,2025-01-01T00:00:00
60,2025-03-14 09:00:00,9.899999618530273,ok,,2.215860270753378,9.169293794922215,2025-01-01T00:00:00,fixed,7.051544217880451,10.96963242409634,0.24272861231315657,2025-01-01T00:00:00
60,2025-03-15 09:00:00,10.399999618530273,ok,,2.425433307383766,11.307127819919913,2025-01-01T00:00:00,fixed,8.695621885683929,13.527217987658279,0.7694476736287146,2025-01-01T00:00:00
60,2025-03-16 09:00:00,10.5,ok,,2.2912223933549836,9.8870161201733,2025-01-01T00:00:00,fixed,7.603500652679248,11.828275441395242,0.42463114244391365,2025-01-01T00:00:00
60,2025-03-17 09:00:00,12.399999618530273,ok,,2.4825743417153636,11.972044915734891,2025-01-01T00:00:00,fixed,9.206969041444221,14.322687769379876,0.8332770423006178,2025-01-01T00:00:00
60,2025-03-18 09:00:00,12.300000190734863,ok,,2.5293348410152254,12.545158835719878,2025-01-01T00:00:00,fixed,9.647715977799882,15.008329344399513,0.8809750030529487,2025-01-01T00:00:00
60,2025-03-19 09:00:00,10.300000190734863,ok,,2.361396836307944,10.605755615047038,2025-01-01T00:00:00,fixed,8.156239330552774,12.688135343780719,0.6379581891370711,2025-01-01T00:00:00
60,2025-03-20 09:00:00,11.300000190734863,ok,,2.2173279696024313,9.18276143767594,2025-01-01T00:00:00,fixed,7.061901359936592,10.98574436182367,0.24453186376491853,2025-01-01T00:00:00
60,2025-03-21 09:00:00,9.600000381469727,ok,,2.2755517042325573,9.733287427405516,2025-01-01T00:00:00,fixed,7.485277297767303,11.644362995091765,0.37839677272697403,2025-01-01T00:00:00
60,2025-03-22 09:00:00,8.800000190734863,ok,,2.2649496782435588,9.630639958197996,2025-01-01T00:00:00,fixed,7.406337394197937,11.521561279752053,0.3516174215741298,2025-01-01T00:00:00
60,2025-03-23 09:00:00,6.900000095367432,ok,,2.044989771792729,7.729079482878621,2025-01-01T00:00:00,fixed,5.943963292703451,9.246640232070602,0.05725421720753221,2025-01-01T00:00:00
60,2025-03-24 05:00:00,6.800000190734863,abstain,outside_training_support,1.3950171202175727,4.035043652866119,2025-01-01T00:00:00,fixed,3.103105798073588,4.827301499667979,0.010000000000000009,2025-01-01T00:00:00
60,2025-03-24 09:00:00,6.5,ok,,1.889035122952179,6.612984884416364,2025-01-01T00:00:00,fixed,5.085643056879783,7.911406813938621,0.017736313938441106,2025-01-01T00:00:00
60,2025-03-24 23:01:00,11.0,ok,,1.5135302199297818,4.5427393898871395,2025-01-01T00:00:00,fixed,3.4935436026530082,5.434680403971975,0.010000000000000009,2025-01-01T00:00:00
60,2025-03-25 05:00:00,13.399999618530273,ok,,1.5103538781060657,4.528332988708452,2025-01-01T00:00:00,fixed,3.482464518788524,5.417445387947971,0.010000000000000009,2025-01-01T00:00:00
60,2025-03-25 09:00:00,8.100000381469727,ok,,1.469408010965852,4.346661203498877,2025-01-01T00:00:00,fixed,3.342751836961704,5.2001033821021085,0.010000000000000009,2025-01-01T00:00:00
60,2025-03-25 19:00:00,10.5,ok,,2.157525359196692,8.649706235876021,2025-01-01T00:00:00,fixed,6.6519611387883835,10.34802680622132,0.1329708990487346,2025-01-01T00:00:00
60,2025-03-26 09:00:00,8.300000190734863,ok,,2.0957088569686646,8.131202787578765,2025-01-01T00:00:00,fixed,6.253211783105578,9.727718158068162,0.09270665206390738,2025-01-01T00:00:00
60,2025-03-26 22:07:57,10.199999809265137,ok,,2.239466115094054,9.388317668118795,2025-01-01T00:00:00,fixed,7.219982110826188,11.23166038773285,0.2800401392978945,2025-01-01T00:00:00
60,2025-03-27 09:00:00,5.400000095367432,ok,,1.9589408133968595,7.091811533915534,2025-01-01T00:00:00,fixed,5.453879408245552,8.48424834975856,0.0327834352942844,2025-01-01T00:00:00
60,2025-03-29 09:00:00,8.399999618530273,ok,,2.2620857862196484,9.603098302225431,2025-01-01T00:00:00,fixed,7.385156787570222,11.488611976443954,0.3381794351872186,2025-01-01T00:00:00
60,2025-03-30 09:00:00,10.199999809265137,ok,,2.256071500329682,9.545515855824677,2025-01-01T00:00:00,fixed,7.340873642537448,11.419723544551161,0.3167960623402909,2025-01-01T00:00:00
60,2025-03-31 09:00:00,8.600000381469727,ok,,2.2415775063820877,9.408161021422439,2025-01-01T00:00:00,fixed,7.235242422730378,11.25539987047502,0.2837161696469134,2025-01-01T00:00:00
60,2025-04-01 09:00:00,7.0,ok,,2.097441638366326,8.145304598659223,2025-01-01T00:00:00,fixed,6.264056625315903,9.7445887794624,0.09316444734251239,2025-01-01T00:00:00
60,2025-04-02 09:00:00,7.300000190734863,ok,,2.274735922639928,9.725350428555425,2025-01-01T00:00:00,fixed,7.479173436379452,11.634867611708566,0.37714609277080235,2025-01-01T00:00:00
60,2025-04-03 09:00:00,9.899999618530273,ok,,2.217387987268614,9.183312582125577,2025-01-01T00:00:00,fixed,7.0623252114941915,10.986403720347928,0.2446056029681244,2025-01-01T00:00:00
60,2025-04-05 09:00:00,5.800000190734863,ok,,2.1441149628052267,8.534484557544381,2025-01-01T00:00:00,fixed,6.563351178437468,10.210182007390083,0.11752050729071262,2025-01-01T00:00:00
60,2025-04-06 09:00:00,6.800000190734863,ok,,2.0051748933111146,7.427392784488154,2025-01-01T00:00:00,fixed,5.711954466154035,8.885719068172973,0.0399486147681104,2025-01-01T00:00:00
60,2025-04-07 09:00:00,7.5,ok,,2.0123995544441824,7.481247487198442,2025-01-01T00:00:00,fixed,5.753370831034034,8.950147835126433,0.04284101914326954,2025-01-01T00:00:00
60,2025-04-08 09:00:00,6.800000190734863,ok,,2.1963719855045096,8.992329943692912,2025-01-01T00:00:00,fixed,6.915452120733243,10.757922728262082,0.18942723466196876,2025-01-01T00:00:00
60,2025-04-09 09:00:00,8.100000381469727,ok,,2.1384406158146776,8.486194068846219,2025-01-01T00:00:00,fixed,6.5262139109472805,10.152409956188915,0.11395880899128086,2025-01-01T00:00:00
60,2025-04-10 09:00:00,6.099999904632568,ok,,1.9906219163256664,7.320084827231409,2025-01-01T00:00:00,fixed,5.6294304656748055,8.757341804491118,0.03769325049628791,2025-01-01T00:00:00
60,2025-04-11 09:00:00,7.400000095367432,ok,,1.849520487819943,6.356770642723718,2025-01-01T00:00:00,fixed,4.8886043214052,7.604886364703657,0.013962660273804883,2025-01-01T00:00:00
60,2025-04-12 09:00:00,8.699999809265137,ok,,2.0395547721742706,7.68718588780007,2025-01-01T00:00:00,fixed,5.911745485667322,9.196521068129087,0.05466386199937623,2025-01-01T00:00:00
60,2025-04-13 09:00:00,5.300000190734863,ok,,1.844872314368908,6.3272918345699924,2025-01-01T00:00:00,fixed,4.865933969267338,7.569619560413244,0.013518759002322467,2025-01-01T00:00:00
60,2025-04-14 09:00:00,7.699999809265137,ok,,1.954587027442454,7.061002421275527,2025-01-01T00:00:00,fixed,5.430186000121255,8.447390043270376,0.03210870233081253,2025-01-01T00:00:00
60,2025-04-15 09:00:00,8.5,ok,,2.0590952846821082,7.8388746512808245,2025-01-01T00:00:00,fixed,6.028400055469905,9.377993056644826,0.06578235951582267,2025-01-01T00:00:00
60,2025-04-16 09:00:00,7.699999809265137,ok,,2.0045815573083883,7.422987152082137,2025-01-01T00:00:00,fixed,5.708566363164472,8.880448414928503,0.03985666184170411,2025-01-01T00:00:00
60,2025-04-17 09:00:00,5.199999809265137,ok,,1.8339522055791477,6.258573010792647,2025-01-01T00:00:00,fixed,4.813086516093241,7.487408186853463,0.012475886952136417,2025-01-01T00:00:00
60,2025-04-18 09:00:00,8.800000190734863,ok,,2.150800272951825,8.591731376911483,2025-01-01T00:00:00,fixed,6.607376213203361,10.278668913792135,0.12345542354491101,2025-01-01T00:00:00
60,2025-04-18 19:00:00,10.0,ok,,2.00544051933515,7.429365955353611,2025-01-01T00:00:00,fixed,5.713471911435907,8.888079659903166,0.0399897804653333,2025-01-01T00:00:00
60,2025-04-19 09:00:00,8.800000190734863,ok,,2.0722194739646507,7.9424315899783675,2025-01-01T00:00:00,fixed,6.108039376515377,9.501882810630658,0.08051959527563912,2025-01-01T00:00:00
60,2025-04-20 09:00:00,11.800000190734863,ok,,2.227400191446718,9.275719609805472,2025-01-01T00:00:00,fixed,7.133389816501017,11.096954341772351,0.263697496712728,2025-01-01T00:00:00
60,2025-04-21 09:00:00,11.399999618530273,ok,,2.2213502696275618,9.219771642412512,2025-01-01T00:00:00,fixed,7.090363649514147,11.030021309534256,0.24947376200543125,2025-01-01T00:00:00
60,2025-04-22 09:00:00,10.600000381469727,ok,,2.172464368148437,8.77989429383872,2025-01-01T00:00:00,fixed,6.7520808282537095,10.503776548109688,0.15147632637794484,2025-01-01T00:00:00
60,2025-04-23 09:00:00,13.5,ok,,2.2931769238453152,9.906359492085729,2025-01-01T00:00:00,fixed,7.6183764594113805,11.85141677424679,0.43235734150699856,2025-01-01T00:00:00
60,2025-04-24 09:00:00,12.399999618530273,ok,,2.273163755602974,9.71007256601163,2025-01-01T00:00:00,fixed,7.4674241647679445,11.616590027842284,0.37473579347177566,2025-01-01T00:00:00
60,2025-04-25 09:00:00,9.399999618530273,ok,,2.1985343690949892,9.011795849195591,2025-01-01T00:00:00,fixed,6.930422160570907,10.781210653476654,0.20366382402593353,2025-01-01T00:00:00
60,2025-04-26 05:00:00,9.0,ok,,2.277136908401972,9.748728910936048,2025-01-01T00:00:00,fixed,7.497152400293249,11.66283632599392,0.3814871813473847,2025-01-01T00:00:00
60,2025-04-26 09:00:00,9.5,ok,,2.284025160397664,9.816112423184338,2025-01-01T00:00:00,fixed,7.548972946869916,11.743450207208816,0.4030096036870139,2025-01-01T00:00:00
60,2025-04-27 09:00:00,7.699999809265137,ok,,2.1560735006389145,8.637157197773718,2025-01-01T00:00:00,fixed,6.642310439503422,10.33301383593843,0.13017879110211017,2025-01-01T00:00:00
60,2025-04-28 09:00:00,10.0,ok,,2.2901269624166254,9.876191506717886,2025-01-01T00:00:00,fixed,7.595176103141466,11.815325476720256,0.4198484178311508,2025-01-01T00:00:00
60,2025-04-29 09:00:00,7.5,ok,,2.1472939753871954,8.561658962335152,2025-01-01T00:00:00,fixed,6.5842493545961185,10.242691951837871,0.11951592345506212,2025-01-01T00:00:00
60,2025-04-30 09:00:00,6.5,ok,,2.0665111000765535,7.897222379185117,2025-01-01T00:00:00,fixed,6.073271731798766,9.447797028707072,0.07210622345577156,2025-01-01T00:00:00
60,2025-05-01 09:00:00,11.300000190734863,ok,,2.236551150840054,9.360990905329048,2025-01-01T00:00:00,fixed,7.198966765429563,11.198968170660473,0.27697267305377726,2025-01-01T00:00:00
60,2025-05-02 09:00:00,8.300000190734863,ok,,2.2111864847584597,9.126538470448478,2025-01-01T00:00:00,fixed,7.018663707361381,10.918482335099345,0.23250681783630212,2025-01-01T00:00:00
60,2025-05-03 09:00:00,9.899999618530273,ok,,2.2336388825150153,9.333768846234586,2025-01-01T00:00:00,fixed,7.178031941254483,11.166401215257796,0.273924034014551,2025-01-01T00:00:00
60,2025-05-04 09:00:00,8.399999618530273,ok,,2.1507838912488095,8.591590630872512,2025-01-01T00:00:00,fixed,6.607267974015098,10.278500533069781,0.12343472741492156,2025-01-01T00:00:00
60,2025-05-05 09:00:00,8.600000381469727,ok,,2.184694300550638,8.887931102386933,2025-01-01T00:00:00,fixed,6.835165343776409,10.633025768884211,0.16874246010812255,2025-01-01T00:00:00
60,2025-05-06 09:00:00,8.5,ok,,2.2427906055431257,9.419580979034459,2025-01-01T00:00:00,fixed,7.2440248151227,11.269062071742036,0.28582823165911286,2025-01-01T00:00:00
60,2025-05-07 09:00:00,9.699999809265137,ok,,2.2317913552928883,9.316540374142297,2025-01-01T00:00:00,fixed,7.164782574892967,11.145790030764408,0.27198999395135226,2025-01-01T00:00:00
60,2025-05-08 09:00:00,9.399999618530273,ok,,2.2631516204850595,9.613339069961171,2025-01-01T00:00:00,fixed,7.393032336999514,11.500863460616467,0.3425872882606419,2025-01-01T00:00:00
60,2025-05-09 09:00:00,9.699999809265137,ok,,2.2075616170799153,9.093515863578935,2025-01-01T00:00:00,fixed,6.993268035923825,10.878975927392686,0.22359686276005886,2025-01-01T00:00:00
60,2025-05-10 09:00:00,9.199999809265137,ok,,2.1409544134961287,8.507553479191104,2025-01-01T00:00:00,fixed,6.542640129790678,10.177963165140358,0.11553668023215713,2025-01-01T00:00:00
60,2025-05-11 09:00:00,11.0,ok,,2.2638850542453373,9.62039240364442,2025-01-01T00:00:00,fixed,7.398456625441274,11.509301676208663,0.34658312448818007,2025-01-01T00:00:00
60,2025-05-11 13:00:00,8.699999809265137,ok,,2.18612811168047,8.900683857258874,2025-01-01T00:00:00,fixed,6.8449727091952255,10.64828245456455,0.17076512054887172,2025-01-01T00:00:00
60,2025-05-12 09:00:00,9.399999618530273,ok,,2.2387094997590076,9.381217009573122,2025-01-01T00:00:00,fixed,7.21452142772117,11.223165555310947,0.2792320894399736,2025-01-01T00:00:00
60,2025-05-13 09:00:00,8.699999809265137,ok,,2.196787892043653,8.99607069036521,2025-01-01T00:00:00,fixed,6.918328900685719,10.762397949244694,0.19135085256196793,2025-01-01T00:00:00
60,2025-05-14 09:00:00,9.199999809265137,ok,,2.2423876983189928,9.415786526267247,2025-01-01T00:00:00,fixed,7.241106733090529,11.264522599778562,0.28512675145876065,2025-01-01T00:00:00
60,2025-05-15 09:00:00,8.300000190734863,ok,,2.173922887250713,8.792709280561962,2025-01-01T00:00:00,fixed,6.7619360523910945,10.519107684510997,0.15356062141936289,2025-01-01T00:00:00
60,2025-05-16 09:00:00,9.0,ok,,2.1620430911226975,8.688871692792388,2025-01-01T00:00:00,fixed,6.682080901273495,10.394882177605783,0.14084157981098655,2025-01-01T00:00:00
60,2025-05-17 09:00:00,6.800000190734863,ok,,1.6146052913973448,5.025903764460245,2025-01-01T00:00:00,fixed,3.8651158336239004,6.012711352486295,0.010000000000000009,2025-01-01T00:00:00
60,2025-05-18 09:00:00,7.900000095367432,ok,,2.1627512405129763,8.6950268911266,2025-01-01T00:00:00,fixed,6.686814488635211,10.402245914086896,0.14153239742764978,2025-01-01T00:00:00
60,2025-05-19 01:00:00,6.900000095367432,ok,,2.190924850320613,8.943480671949807,2025-01-01T00:00:00,fixed,6.877885127308022,10.699482180146653,0.1776561947982216,2025-01-01T00:00:00
60,2025-05-19 09:00:00,7.599999904632568,ok,,2.0601951774317824,7.847501316008681,2025-01-01T00:00:00,fixed,6.035034296791194,9.388313517874119,0.06654454435894686,2025-01-01T00:00:00
60,2025-05-20 09:00:00,11.300000190734863,ok,,2.272367520958717,9.702344147062094,2025-01-01T00:00:00,fixed,7.461480709451118,11.607344177835515,0.3735150810666673,2025-01-01T00:00:00
60,2025-05-21 09:00:00,10.199999809265137,ok,,2.212407552101255,9.137689395157004,2025-01-01T00:00:00,fixed,7.027239202967811,10.931822680384064,0.23623693653906874,2025-01-01T00:00:00
60,2025-05-21 21:02:41,9.0,ok,,2.202832968065106,9.050617324750837,2025-01-01T00:00:00,fixed,6.960277387985779,10.827654504718275,0.21512608082803586,2025-01-01T00:00:00
60,2025-05-22 09:00:00,8.800000190734863,ok,,2.035016328501871,7.652377076311917,2025-01-01T00:00:00,fixed,5.884976153277023,9.154877744697115,0.05250081102807613,2025-01-01T00:00:00
60,2025-05-23 09:00:00,10.0,ok,,2.2324218182908275,9.322415960092146,2025-01-01T00:00:00,fixed,7.169301129435767,11.152819254561527,0.2726499791909608,2025-01-01T00:00:00
60,2025-05-24 09:00:00,8.0,ok,,2.210299371919771,9.11844579108916,2025-01-01T00:00:00,fixed,7.0124401215957075,10.908800704225333,0.2298481622643601,2025-01-01T00:00:00
60,2025-05-25 09:00:00,8.300000190734863,ok,,2.2091540235473386,9.10800797265345,2025-01-01T00:00:00,fixed,7.004413032499884,10.896313479569864,0.227232911399452,2025-01-01T00:00:00
60,2025-05-26 09:00:00,6.699999809265137,ok,,2.1010818702062384,8.17500942923782,2025-01-01T00:00:00,fixed,6.286900797505654,9.780125984393898,0.094126184900169,2025-01-01T00:00:00
60,2025-05-27 09:00:00,9.199999809265137,ok,,2.208218238915816,9.099488825434056,2025-01-01T00:00:00,fixed,6.997861476332117,10.886121646299644,0.22509617149929428,2025-01-01T00:00:00
60,2025-05-28 09:00:00,7.5,ok,,2.2196045015940924,9.2036901012079,2025-01-01T00:00:00,fixed,7.0779963176964245,11.010782249278028,0.24732886781080543,2025-01-01T00:00:00
60,2025-05-29 09:00:00,8.699999809265137,ok,,2.1847831650679908,8.888720959189211,2025-01-01T00:00:00,fixed,6.835772774434826,10.633970709572388,0.1688664586044356,2025-01-01T00:00:00
60,2025-05-30 09:00:00,10.0,ok,,2.1937603620576227,8.968876003730367,2025-01-01T00:00:00,fixed,6.897415126998678,10.72986374072823,0.18297477528301986,2025-01-01T00:00:00
60,2025-05-31 09:00:00,6.800000190734863,ok,,1.9590761284652534,7.09277122780734,2025-01-01T00:00:00,fixed,5.454617450243665,8.485396474081787,0.032804405901947664,2025-01-01T00:00:00
60,2025-06-01 09:00:00,8.699999809265137,ok,,2.030719489997058,7.619566589000854,2025-01-01T00:00:00,fixed,5.8597436100453635,9.115625105016495,0.050452910608405954,2025-01-01T00:00:00
60,2025-06-02 09:00:00,8.399999618530273,ok,,2.1068505967702706,8.222305110059091,2025-01-01T00:00:00,fixed,6.32327301897495,9.836707902855716,0.09565026392602982,2025-01-01T00:00:00
60,2025-06-03 09:00:00,23.299999237060547,ok,,2.034599942160857,7.649191394304315,2025-01-01T00:00:00,fixed,5.8825262396802795,9.151066572165726,0.05230235866326116,2025-01-01T00:00:00
60,2025-06-03 16:30:00,8.5,ok,,2.076664467800458,7.977814228985876,2025-01-01T00:00:00,fixed,6.135250004627753,9.544212629348191,0.08370130712851664,2025-01-01T00:00:00
60,2025-06-04 09:00:00,6.900000095367432,ok,,2.0905314639668275,8.089213147400153,2025-01-01T00:00:00,fixed,6.220920113645019,9.677484091118043,0.09133880146548645,2025-01-01T00:00:00
60,2025-06-05 09:00:00,9.199999809265137,ok,,2.2295975015259653,9.29612365078931,2025-01-01T00:00:00,fixed,7.149081319078964,11.121364600028318,0.26925875035492775,2025-01-01T00:00:00
60,2025-06-06 09:00:00,8.800000190734863,ok,,2.264384172392077,9.625195314582129,2025-01-01T00:00:00,fixed,7.402150251102015,11.515047611362526,0.3493023807872194,2025-01-01T00:00:00
60,2025-06-07 09:00:00,9.100000381469727,ok,,2.273692754723693,9.715210544734466,2025-01-01T00:00:00,fixed,7.471375470611657,11.622736819433097,0.37554680539346375,2025-01-01T00:00:00
60,2025-06-08 09:00:00,9.100000381469727,ok,,2.256191332588537,9.54665978509006,2025-01-01T00:00:00,fixed,7.341753368716737,11.421092077814581,0.31707703719068736,2025-01-01T00:00:00
60,2025-06-09 09:00:00,9.300000190734863,ok,,2.219391659681044,9.201731378656175,2025-01-01T00:00:00,fixed,7.076489983730804,11.008438942705705,0.2470673649221522,2025-01-01T00:00:00
60,2025-06-10 09:00:00,8.800000190734863,ok,,2.2305494366079097,9.304977170337944,2025-01-01T00:00:00,fixed,7.155890020597028,11.131956457730801,0.270689920824842,2025-01-01T00:00:00
60,2025-06-11 09:00:00,7.800000190734863,ok,,2.1521986640163364,8.603754381769674,2025-01-01T00:00:00,fixed,6.616622372426252,10.29305256719852,0.12522210697336256,2025-01-01T00:00:00
60,2025-06-12 09:00:00,9.899999618530273,ok,,2.2434478054439775,9.425773561379309,2025-01-01T00:00:00,fixed,7.248787152245299,11.276470532371423,0.2869724472266372,2025-01-01T00:00:00
60,2025-06-13 09:00:00,9.199999809265137,ok,,2.1666729621639242,8.729193318159744,2025-01-01T00:00:00,fixed,6.713089802348535,10.443120724533678,0.14535813595304525,2025-01-01T00:00:00
60,2025-06-14 09:00:00,8.300000190734863,ok,,2.206523216913095,9.084078056147662,2025-01-01T00:00:00,fixed,6.9860099942567215,10.867685060208585,0.22122581391608964,2025-01-01T00:00:00
60,2025-06-15 09:00:00,8.0,ok,,2.1111337752754973,8.257598240001514,2025-01-01T00:00:00,fixed,6.350414811128476,9.878930637912873,0.09678186592716032,2025-01-01T00:00:00
60,2025-06-16 09:00:00,9.600000381469727,ok,,2.2430966632124676,9.422464355252274,2025-01-01T00:00:00,fixed,7.246242243787486,11.27251158246306,0.2863610922839658,2025-01-01T00:00:00
60,2025-06-17 09:00:00,9.300000190734863,ok,,2.1585431937597805,8.65851468785644,2025-01-01T00:00:00,fixed,6.658735181590393,10.35856474759517,0.13492832386585896,2025-01-01T00:00:00
60,2025-06-18 09:00:00,8.5,ok,,2.2345338318625236,9.342125835556605,2025-01-01T00:00:00,fixed,7.184458791680543,11.176399051850774,0.27486089051760265,2025-01-01T00:00:00
60,2025-06-19 09:00:00,10.600000381469727,ok,,2.2665565473561986,9.64612757603669,2025-01-01T00:00:00,fixed,7.418247975804523,11.540089803171101,0.35755852594897375,2025-01-01T00:00:00
60,2025-06-20 09:00:00,8.300000190734863,ok,,2.2342783077833572,9.339739002414674,2025-01-01T00:00:00,fixed,7.182623223989349,11.173543577611404,0.2745934011944138,2025-01-01T00:00:00
60,2025-06-21 09:00:00,3.200000047683716,abstain,outside_training_support,1.7353698671996514,5.671024942064219,2025-01-01T00:00:00,fixed,4.361239156914593,6.784498400168716,0.010000000000000009,2025-01-01T00:00:00
60,2025-06-21 14:57:36,8.399999618530273,ok,,2.0113631633965663,7.473498005717972,2025-01-01T00:00:00,fixed,5.7474111778102,8.940876787080706,0.042413865900315484,2025-01-01T00:00:00
60,2025-06-22 09:00:00,7.699999809265137,ok,,2.1348379544980345,8.455676191544919,2025-01-01T00:00:00,fixed,6.502744474146691,10.115900067439977,0.11169747518383344,2025-01-01T00:00:00
60,2025-06-23 09:00:00,7.599999904632568,ok,,2.1190714151981513,8.323404910766849,2025-01-01T00:00:00,fixed,6.401022705161736,9.95765807379774,0.09887896489461356,2025-01-01T00:00:00
60,2025-06-24 09:00:00,9.199999809265137,ok,,2.2064897135241965,9.083773713846043,2025-01-01T00:00:00,fixed,6.985775943167811,10.867320962028884,0.2211493133779978,2025-01-01T00:00:00
60,2025-06-25 09:00:00,8.5,ok,,2.112986181342502,8.27290884142759,2025-01-01T00:00:00,fixed,6.36218926021616,9.89724738875457,0.09727126565910493,2025-01-01T00:00:00
60,2025-06-26 09:00:00,7.199999809265137,ok,,2.009833369016969,7.462073831019987,2025-01-01T00:00:00,fixed,5.73862554231445,8.927209540726908,0.04178335424952395,2025-01-01T00:00:00
60,2025-06-27 09:00:00,8.899999618530273,ok,,2.090194959163253,8.086491546260527,2025-01-01T00:00:00,fixed,6.2188270963190675,9.674228119090705,0.09124989797742267,2025-01-01T00:00:00
60,2025-06-28 09:00:00,9.800000190734863,ok,,2.135350680540638,8.460012748574007,2025-01-01T00:00:00,fixed,6.506079455479812,10.121088082750552,0.11201930525116222,2025-01-01T00:00:00
60,2025-06-29 09:00:00,8.5,ok,,2.164075722842914,8.70655093061089,2025-01-01T00:00:00,fixed,6.6956769240429495,10.416032633109186,0.14282446339429566,2025-01-01T00:00:00
60,2025-06-30 09:00:00,8.0,ok,,2.17274029290828,8.78231721832025,2025-01-01T00:00:00,fixed,6.753944151591387,10.506675200017696,0.15187063633785425,2025-01-01T00:00:00
60,2025-07-01 09:00:00,8.199999809265137,ok,,2.184063894916059,8.882329866251148,2025-01-01T00:00:00,fixed,6.830857774930906,10.626324761925076,0.1678628137308752,2025-01-01T00:00:00
60,2025-07-02 09:00:00,8.800000190734863,ok,,2.1838070671048695,8.880048929829826,2025-01-01T00:00:00,fixed,6.829103645944219,10.62359597662446,0.1675044450214327,2025-01-01T00:00:00
60,2025-07-03 09:00:00,9.300000190734863,ok,,2.1178664911403513,8.313381879655369,2025-01-01T00:00:00,fixed,6.393314603680799,9.945667077595926,0.09856062782942865,2025-01-01T00:00:00
60,2025-07-04 09:00:00,9.399999618530273,ok,,2.092280100411053,8.10337061483909,2025-01-01T00:00:00,fixed,6.231807757763714,9.694421296679854,0.09180078559645855,2025-01-01T00:00:00
60,2025-07-05 09:00:00,8.600000381469727,ok,,2.194066505753585,8.97162218892097,2025-01-01T00:00:00,fixed,6.8995270504177695,10.73314912374498,0.18373115529051032,2025-01-01T00:00:00
60,2025-07-06 09:00:00,9.300000190734863,ok,,2.215040933526675,9.161784128068378,2025-01-01T00:00:00,fixed,7.045768991449087,10.960648276913746,0.2417219541390443,2025-01-01T00:00:00
60,2025-07-07 09:00:00,8.5,ok,,2.2260522369303635,9.263224784784812,2025-01-01T00:00:00,fixed,7.1237808091882995,11.082006229001012,0.26028590859214606,2025-01-01T00:00:00
60,2025-07-08 09:00:00,9.199999809265137,ok,,2.195907939325949,8.988158055395461,2025-01-01T00:00:00,fixed,6.912243776071212,10.752931713451021,0.1882807297473007,2025-01-01T00:00:00
60,2025-07-09 09:00:00,8.199999809265137,ok,,2.1569875491794885,8.645055587911125,2025-01-01T00:00:00,fixed,6.648384609286797,10.34246303000804,0.13193662224899816,2025-01-01T00:00:00
60,2025-07-10 09:00:00,7.599999904632568,ok,,2.0839889414690393,8.036462039215634,2025-01-01T00:00:00,fixed,6.180352455957866,9.614375603191919,0.08894414110045223,2025-01-01T00:00:00
60,2025-07-11 09:00:00,9.100000381469727,ok,,2.1846531460742424,8.887565331762774,2025-01-01T00:00:00,fixed,6.834884051913858,10.632588181280598,0.16868503456481643,2025-01-01T00:00:00
60,2025-07-12 09:00:00,8.800000190734863,ok,,2.213952308223051,9.151815804909093,2025-01-01T00:00:00,fixed,7.03810296251513,10.94872273025905,0.24038444190998487,2025-01-01T00:00:00
60,2025-07-13 09:00:00,8.5,ok,,2.2238656668643104,9.242992222773646,2025-01-01T00:00:00,fixed,7.108221180622166,11.057801118637645,0.25501619695253386,2025-01-01T00:00:00
60,2025-07-14 09:00:00,9.800000190734863,ok,,2.222694195550994,9.232170662346837,2025-01-01T00:00:00,fixed,7.099898978982344,11.044854806436046,0.2522006252598459,2025-01-01T00:00:00
60,2025-07-15 09:00:00,9.399999618530273,ok,,2.2599649032630365,9.582752837506659,2025-01-01T00:00:00,fixed,7.3695103324225855,11.464271795569179,0.3316454168262536,2025-01-01T00:00:00
60,2025-07-16 09:00:00,9.100000381469727,ok,,2.139469771335714,8.494932177990139,2025-01-01T00:00:00,fixed,6.532933857367051,10.162863743310831,0.11460479371432153,2025-01-01T00:00:00
60,2025-07-17 09:00:00,8.100000381469727,ok,,2.231038741391829,9.309531254258314,2025-01-01T00:00:00,fixed,7.159392288585672,11.137404710099224,0.27120213793530235,2025-01-01T00:00:00
60,2025-07-18 09:00:00,9.399999618530273,ok,,2.1778091355181735,8.826946415683288,2025-01-01T00:00:00,fixed,6.788265743379432,10.560067086176485,0.159114260025087,2025-01-01T00:00:00
60,2025-07-19 09:00:00,7.900000095367432,ok,,2.2283320436766743,9.284367238338524,2025-01-01T00:00:00,fixed,7.140040179805373,11.107299882930628,0.2660559561112359,2025-01-01T00:00:00
60,2025-07-20 09:00:00,9.5,ok,,2.202658743038511,9.049040618061602,2025-01-01T00:00:00,fixed,6.959064839103996,10.825768220647946,0.21485679763454524,2025-01-01T00:00:00
60,2025-07-21 09:00:00,9.300000190734863,ok,,2.198504437609391,9.011526116794686,2025-01-01T00:00:00,fixed,6.93021472584425,10.780887960654612,0.20347070591503835,2025-01-01T00:00:00
60,2025-07-22 09:00:00,9.899999618530273,ok,,2.241481176980274,9.4072547825485,2025-01-01T00:00:00,fixed,7.234545489723927,11.254315696758063,0.283548455681919,2025-01-01T00:00:00
60,2025-07-23 09:00:00,8.5,ok,,2.2003091381196973,9.027803906425941,2025-01-01T00:00:00,fixed,6.942732980349055,10.80036180159867,0.21122523488868172,2025-01-01T00:00:00
60,2025-07-24 09:00:00,8.199999809265137,ok,,2.2411650564295744,9.404281425980392,2025-01-01T00:00:00,fixed,7.232258862663601,11.250758538557285,0.28299807511299946,2025-01-01T00:00:00
60,2025-07-24 12:00:00,120.0,abstain,outside_training_support,2.4472841045360383,11.556916680602722,2025-01-01T00:00:00,fixed,8.887719252791332,13.826051468906488,0.7972206134479314,2025-01-01T00:00:00
60,2025-07-24 12:15:00,45.900001525878906,abstain,outside_training_support,2.223558128543261,9.240150085519442,2025-01-01T00:00:00,fixed,7.1060354663273095,11.054400943915933,0.2542770442465988,2025-01-01T00:00:00
60,2025-07-24 14:20:00,2.0999999046325684,ok,,1.4803561967041143,4.394510712404634,2025-01-01T00:00:00,fixed,3.379549973808368,5.257347869639455,0.010000000000000009,2025-01-01T00:00:00
60,2025-07-25 09:00:00,9.600000381469727,ok,,1.986483138741743,7.28985123245535,2025-01-01T00:00:00,fixed,5.606179653213443,8.721172015522622,0.037051838701221196,2025-01-01T00:00:00
60,2025-07-26 09:00:00,7.300000190734863,ok,,2.0519412920928977,7.782995517893368,2025-01-01T00:00:00,fixed,5.985426824515445,9.311142373577292,0.06082490823620057,2025-01-01T00:00:00
60,2025-07-27 09:00:00,8.899999618530273,ok,,2.1158143177064166,8.296338871801026,2025-01-01T00:00:00,fixed,6.380207866545042,9.925277772187627,0.09801845020090494,2025-01-01T00:00:00
60,2025-07-28 09:00:00,10.199999809265137,ok,,2.258372458055173,9.56750497258937,2025-01-01T00:00:00,fixed,7.357784130154744,11.446030099192567,0.32468929462735174,2025-01-01T00:00:00
60,2025-07-28 15:00:00,35.099998474121094,abstain,outside_training_support,2.030182393167026,7.615475242762585,2025-01-01T00:00:00,fixed,5.856597205365235,9.110730446239351,0.05019692686072874,2025-01-01T00:00:00
60,2025-07-28 20:26:26,3.5,ok,,1.531695360373571,4.62601293692465,2025-01-01T00:00:00,fixed,3.5575842051517457,5.534304237833429,0.010000000000000009,2025-01-01T00:00:00
60,2025-07-29 09:00:00,8.300000190734863,ok,,2.1167546570626667,8.304143914874432,2025-01-01T00:00:00,fixed,6.386210248798849,9.934615291028708,0.09826688483793355,2025-01-01T00:00:00
60,2025-07-30 09:00:00,10.0,ok,,2.2445385654908887,9.43606042782285,2025-01-01T00:00:00,fixed,7.256698153377167,11.28877716647054,0.2888715111560318,2025-01-01T00:00:00
60,2025-07-31 09:00:00,6.599999904632568,ok,,2.1993802689035262,9.019422150667731,2025-01-01T00:00:00,fixed,6.936287083568517,10.790334335820766,0.20912157427679157,2025-01-01T00:00:00
60,2025-08-01 09:00:00,5.300000190734863,ok,,2.1364780670012125,8.469555830763092,2025-01-01T00:00:00,fixed,6.513418457537796,10.132504894791754,0.11272694798892902,2025-01-01T00:00:00
60,2025-08-03 09:00:00,10.199999809265137,ok,,2.1334522615371037,8.443967334880075,2025-01-01T00:00:00,fixed,6.493739907125542,10.101892243436026,0.1108276975211876,2025-01-01T00:00:00
60,2025-08-04 09:00:00,7.5,ok,,2.2310347526047942,9.309494120594806,2025-01-01T00:00:00,fixed,7.159363731351489,11.137360285452313,0.2711979623681786,2025-01-01T00:00:00
60,2025-08-05 09:00:00,6.599999904632568,ok,,2.129607605539301,8.411565512063953,2025-01-01T00:00:00,fixed,6.468821642814463,10.063128507197105,0.10713572961884721,2025-01-01T00:00:00
60,2025-08-05 13:05:08,3.5999999046325684,ok,,2.599094088218521,13.451546599109507,2025-01-01T00:00:00,fixed,10.344763486041703,16.092681184405897,0.9338140599977401,2025-01-01T00:00:00
60,2025-08-06 09:00:00,7.900000095367432,ok,,1.8026971783931773,6.06598646753819,2025-01-01T00:00:00,fixed,4.664979960026775,7.257008372366264,0.010000000000000009,2025-01-01T00:00:00
60,2025-08-07 09:00:00,6.300000190734863,ok,,1.985874711012596,7.285417233844804,2025-01-01T00:00:00,fixed,5.602769735507284,8.715867426530874,0.03695754691723252,2025-01-01T00:00:00
60,2025-08-08 09:00:00,7.400000095367432,ok,,2.0479589010994843,7.752062221763133,2025-01-01T00:00:00,fixed,5.961637914448244,9.27413550087764,0.05866932302231853,2025-01-01T00:00:00
60,2025-08-09 09:00:00,7.599999904632568,ok,,2.202172450390424,9.044641205924384,2025-01-01T00:00:00,fixed,6.955681519743518,10.820505008986638,0.2141051809477399,2025-01-01T00:00:00
60,2025-08-10 09:00:00,9.300000190734863,ok,,2.1868044646034246,8.90670589708458,2025-01-01T00:00:00,fixed,6.849603892475264,10.655486887622178,0.171736780370368,2025-01-01T00:00:00
60,2025-08-12 09:00:00,8.0,ok,,2.1359725889885612,8.465275738351155,2025-01-01T00:00:00,fixed,6.510126899695457,10.127384430604414,0.11240966739592706,2025-01-01T00:00:00
60,2025-08-13 09:00:00,9.199999809265137,ok,,2.2512995402421736,9.500073545823627,2025-01-01T00:00:00,fixed,7.305926735447125,11.365358895717529,0.304741609540092,2025-01-01T00:00:00
60,2025-08-14 09:00:00,10.5,ok,,1.6062840840709918,4.98425569864677,2025-01-01T00:00:00,fixed,3.833086848159878,5.962885926083075,0.010000000000000009,2025-01-01T00:00:00
60,2025-08-14 13:00:00,11.800000190734863,abstain,outside_training_support,1.465416235879292,4.329344893997017,2025-01-01T00:00:00,fixed,3.3294349202095668,5.179387113823904,0.010000000000000009,2025-01-01T00:00:00
60,2025-08-14 19:00:00,4.699999809265137,ok,,1.7981039827367828,6.038188095397703,2025-01-01T00:00:00,fixed,4.643601928662757,7.223751948132343,0.010000000000000009,2025-01-01T00:00:00
60,2025-08-15 09:00:00,8.100000381469727,ok,,2.0265821990341286,7.5881073479021275,2025-01-01T00:00:00,fixed,5.835550227803485,9.077989021048374,0.04868646005497601,2025-01-01T00:00:00
60,2025-08-16 09:00:00,8.300000190734863,ok,,2.052918441916716,7.790604387489823,2025-01-01T00:00:00,fixed,5.991278341721405,9.320245201396183,0.06150203678841315,2025-01-01T00:00:00
60,2025-08-16 19:00:00,5.199999809265137,ok,,1.99007377657288,7.316073497228989,2025-01-01T00:00:00,fixed,5.626345596597948,8.752542872682142,0.037608301910466824,2025-01-01T00:00:00
60,2025-08-17 09:00:00,7.900000095367432,ok,,2.0561340013954426,7.815695859212781,2025-01-01T00:00:00,fixed,6.010574661187591,9.350263240727944,0.06373030013279446,2025-01-01T00:00:00
60,2025-08-18 09:00:00,9.199999809265137,ok,,2.140910264383889,8.507177886548767,2025-01-01T00:00:00,fixed,6.542351284413424,10.177513827021219,0.11550896852925141,2025-01-01T00:00:00
60,2025-08-19 09:00:00,6.699999809265137,ok,,2.076486080051627,7.976391211593185,2025-01-01T00:00:00,fixed,6.1341556488036515,9.542510210592718,0.08357361776924443,2025-01-01T00:00:00
60,2025-08-20 09:00:00,7.099999904632568,ok,,1.920203095681595,6.822343917184681,2025-01-01T00:00:00,fixed,5.246648310937191,8.161872300757747,0.02264306525655757,2025-01-01T00:00:00
60,2025-08-21 09:00:00,6.599999904632568,ok,,2.108519011020312,8.236034771269278,2025-01-01T00:00:00,fixed,6.33383166343389,9.853133304871573,0.09609105361101666,2025-01-01T00:00:00
60,2025-08-22 09:00:00,8.5,ok,,1.6414401427787175,5.162599040887733,2025-01-01T00:00:00,fixed,3.9702398276481317,6.176245968134687,0.010000000000000009,2025-01-01T00:00:00
60,2025-08-23 09:00:00,11.399999618530273,ok,,2.0258758601256392,7.582749464903885,2025-01-01T00:00:00,fixed,5.831429807003221,9.071579148229752,0.048395339289238115,2025-01-01T00:00:00
60,2025-08-23 21:00:00,8.899999618530273,ok,,2.0387663176829065,7.6811272803428805,2025-01-01T00:00:00,fixed,5.907086180453783,9.189272887593736,0.05428807959984072,2025-01-01T00:00:00
60,2025-08-24 09:00:00,9.399999618530273,ok,,2.0549769379233553,7.806657832818582,2025-01-01T00:00:00,fixed,6.003624066715816,9.339450649311303,0.06292849810144285,2025-01-01T00:00:00
60,2025-08-25 09:00:00,10.899999618530273,ok,,2.2975183508160133,9.94946072108753,2025-01-01T00:00:00,fixed,7.651522983991005,11.902980684156448,0.4453740144041576,2025-01-01T00:00:00
60,2025-08-27 09:00:00,8.699999809265137,ok,,2.2026398149787365,9.048869338900875,2025-01-01T00:00:00,fixed,6.958933118755355,10.825563311799229,0.2148275423175433,2025-01-01T00:00:00
60,2025-08-27 21:00:00,9.300000190734863,ok,,2.1693857930417106,8.752906293434307,2025-01-01T00:00:00,fixed,6.73132600433158,10.471489607488186,0.14800457099504294,2025-01-01T00:00:00
60,2025-08-28 09:00:00,7.800000190734863,ok,,2.179335239447821,8.840427537475069,2025-01-01T00:00:00,fixed,6.798633251341062,10.57619514947425,0.16126461025088168,2025-01-01T00:00:00
60,2025-08-29 09:00:00,8.0,ok,,2.155157451584997,8.629248760905243,2025-01-01T00:00:00,fixed,6.636228543392378,10.323552622519315,0.12896014642349818,2025-01-01T00:00:00
60,2025-08-30 09:00:00,11.100000381469727,ok,,2.20412881939964,9.062353181610089,2025-01-01T00:00:00,fixed,6.969302719208512,10.841694630251071,0.2171289560318579,2025-01-01T00:00:00
60,2025-08-31 09:00:00,8.600000381469727,ok,,2.3121000543453882,10.09560372510301,2025-01-01T00:00:00,fixed,7.763912648669405,12.07781803491195,0.4961121540651142,2025-01-01T00:00:00
60,2025-09-01 09:00:00,7.599999904632568,ok,,2.299287965252682,9.967083018153543,2025-01-01T00:00:00,fixed,7.665075217103051,11.92406301891482,0.45041537923603714,2025-01-01T00:00:00
60,2025-09-02 09:00:00,7.199999809265137,ok,,2.1514227004257283,8.597080771201155,2025-01-01T00:00:00,fixed,6.611490105855964,10.28506863119259,0.1242417789010517,2025-01-01T00:00:00
60,2025-09-03 09:00:00,10.699999809265137,ok,,2.1445693165823445,8.538363113890494,2025-01-01T00:00:00,fixed,6.566333939398983,10.214822096191314,0.1178056980056964,2025-01-01T00:00:00
60,2025-09-04 09:00:00,7.300000190734863,ok,,1.8753286328632788,6.52296242794992,2025-01-01T00:00:00,fixed,5.016412280053013,7.803708960708313,0.01642734205042584,2025-01-01T00:00:00
60,2025-09-05 09:00:00,9.699999809265137,ok,,2.1596044986961878,8.667708890299831,2025-01-01T00:00:00,fixed,6.665805881529534,10.36956417933904,0.13696934771825842,2025-01-01T00:00:00
60,2025-09-06 09:00:00,11.699999809265137,ok,,2.144606334495334,8.53867919212356,2025-01-01T00:00:00,fixed,6.566577015876477,10.21520023458578,0.11782893356706814,2025-01-01T00:00:00
60,2025-09-07 09:00:00,10.699999809265137,ok,,2.181738123764724,8.861695604278447,2025-01-01T00:00:00,fixed,6.81498922344176,10.601639080099899,0.16461751252263845,2025-01-01T00:00:00
60,2025-09-08 09:00:00,9.800000190734863,ok,,2.1930962578913387,8.962921713162828,2025-01-01T00:00:00,fixed,6.892836045538079,10.722740359109862,0.1813339931245329,2025-01-01T00:00:00
60,2025-09-09 09:00:00,8.399999618530273,ok,,2.11363930531714,8.27831384140732,2025-01-01T00:00:00,fixed,6.366345915811142,9.903713629705724,0.09744381891500697,2025-01-01T00:00:00
60,2025-09-10 09:00:00,10.100000381469727,ok,,2.2913791565719355,9.888566162117959,2025-01-01T00:00:00,fixed,7.604692695333438,11.83012982525022,0.42533410233146984,2025-01-01T00:00:00
60,2025-09-11 09:00:00,8.699999809265137,ok,,2.2413439850260963,9.405964271407333,2025-01-01T00:00:00,fixed,7.23355303637047,11.252771801102146,0.28330959811437295,2025-01-01T00:00:00
60,2025-09-12 09:00:00,9.899999618530273,ok,,2.2438345441237018,9.42941957758412,2025-01-01T00:00:00,fixed,7.251591080777022,11.280832423098627,0.28764577723982,2025-01-01T00:00:00
60,2025-09-13 09:00:00,9.800000190734863,ok,,2.18160285615164,8.860496984935198,2025-01-01T00:00:00,fixed,6.814067438461545,10.600205118673212,0.16442876473981183,2025-01-01T00:00:00
60,2025-09-14 09:00:00,9.899999618530273,ok,,2.212535263681117,9.138856458428105,2025-01-01T00:00:00,fixed,7.028136720098934,10.933218889883506,0.2366270701016545,2025-01-01T00:00:00
60,2025-09-15 09:00:00,8.300000190734863,ok,,2.2137179810826724,9.149671537322114,2025-01-01T00:00:00,fixed,7.036453937187473,10.946157447940243,0.24009654173458617,2025-01-01T00:00:00
60,2025-09-16 09:00:00,9.199999809265137,ok,,2.232060570195595,9.319048863298866,2025-01-01T00:00:00,fixed,7.16671170079985,11.148791047484215,0.27227181518852206,2025-01-01T00:00:00
60,2025-09-17 09:00:00,9.300000190734863,ok,,2.235503571399768,9.351189658404646,2025-01-01T00:00:00,fixed,7.191429224630503,11.187242504708092,0.2758760393573253,2025-01-01T00:00:00
60,2025-09-18 09:00:00,9.600000381469727,ok,,2.220050801539417,9.207798624345486,2025-01-01T00:00:00,fixed,7.0811559320814395,11.015697457540869,0.24787720306694283,2025-01-01T00:00:00
60,2025-09-19 09:00:00,9.600000381469727,ok,,2.2174526833923536,9.183906726071928,2025-01-01T00:00:00,fixed,7.062782131340276,10.987114521075252,0.2446850902410973,2025-01-01T00:00:00
60,2025-09-20 09:00:00,8.5,ok,,2.239811194111782,9.391557938600352,2025-01-01T00:00:00,fixed,7.222474005086491,11.235536866874245,0.28064093790361366,2025-01-01T00:00:00
60,2025-09-21 09:00:00,7.599999904632568,ok,,2.2109924831025967,9.124768078607941,2025-01-01T00:00:00,fixed,7.017302207051135,10.916364336901045,0.2319141812309813,2025-01-01T00:00:00
60,2025-09-22 09:00:00,8.899999618530273,ok,,2.2223655801554605,9.229137327360585,2025-01-01T00:00:00,fixed,7.097566226181354,11.041225893396225,0.2514108148778694,2025-01-01T00:00:00
60,2025-09-23 09:00:00,10.199999809265137,ok,,2.2761750512306254,9.739356534287982,2025-01-01T00:00:00,fixed,7.489944677447999,11.651623736554765,0.37935242998041985,2025-01-01T00:00:00
60,2025-09-24 09:00:00,10.5,ok,,2.211351257408538,9.12804239827798,2025-01-01T00:00:00,fixed,7.019820286464138,10.920281550595215,0.23301016562247323,2025-01-01T00:00:00
60,2025-09-25 09:00:00,9.800000190734863,ok,,2.156023271058438,8.636723367886804,2025-01-01T00:00:00,fixed,6.641976807415823,10.33249482602333,0.13008219325512838,2025-01-01T00:00:00
60,2025-09-26 09:00:00,7.599999904632568,ok,,2.1811851439752035,8.856796620352785,2025-01-01T00:00:00,fixed,6.811221713909715,10.595778208573911,0.16384590351113648,2025-01-01T00:00:00
60,2025-09-27 09:00:00,8.399999618530273,ok,,2.197905103777631,9.006126822468596,2025-01-01T00:00:00,fixed,6.926062458119243,10.774428545629707,0.1995493712842209,2025-01-01T00:00:00
60,2025-09-28 09:00:00,9.399999618530273,ok,,2.218372514246543,9.192358253232396,2025-01-01T00:00:00,fixed,7.069281685047854,10.997225457472986,0.24581521739508583,2025-01-01T00:00:00
60,2025-09-28 16:00:00,15.300000190734863,ok,,2.1557125177391017,8.634039894402783,2025-01-01T00:00:00,fixed,6.639913111742709,10.329284467799688,0.12966139960012213,2025-01-01T00:00:00
60,2025-09-28 19:00:00,8.300000190734863,ok,,1.9374076373576377,6.940734726991592,2025-01-01T00:00:00,fixed,5.337695456880582,8.303508471985253,0.028734937196014942,2025-01-01T00:00:00
60,2025-09-29 09:00:00,9.199999809265137,ok,,2.228740559057545,9.288160819972502,2025-01-01T00:00:00,fixed,7.142957591902142,11.111838312718817,0.26708988285249,2025-01-01T00:00:00
60,2025-09-30 09:00:00,8.300000190734863,ok,,2.2046953830934846,9.067489036660708,2025-01-01T00:00:00,fixed,6.973252391865541,10.847838881198722,0.2180046401042096,2025-01-01T00:00:00
60,2025-10-01 09:00:00,9.800000190734863,ok,,2.2296264933399574,9.296393166183893,2025-01-01T00:00:00,fixed,7.149288586919302,11.12168703323608,0.2693321268131167,2025-01-01T00:00:00
60,2025-10-02 09:00:00,9.699999809265137,ok,,2.2121583622152987,9.135412659060304,2025-01-01T00:00:00,fixed,7.025488304194428,10.929098920117893,0.23547571082974916,2025-01-01T00:00:00
60,2025-10-03 09:00:00,10.399999618530273,ok,,2.232375741682841,9.32198642468231,2025-01-01T00:00:00,fixed,7.168970799968379,11.152305382319627,0.2726017449864767,2025-01-01T00:00:00
60,2025-10-05 09:00:00,9.699999809265137,ok,,2.2169063909012783,9.178890996941059,2025-01-01T00:00:00,fixed,7.058924840196347,10.98111398208773,0.24401390164661574,2025-01-01T00:00:00
60,2025-10-06 09:00:00,9.800000190734863,ok,,2.218626074927991,9.194689369382408,2025-01-01T00:00:00,fixed,7.071074404201201,11.000014275006313,0.2461267483792693,2025-01-01T00:00:00
60,2025-10-06 13:00:00,5.199999809265137,ok,,2.1336042084215845,8.445250466890755,2025-01-01T00:00:00,fixed,6.494726685640121,10.1034273111112,0.110923072189138,2025-01-01T00:00:00
60,2025-10-07 09:00:00,9.300000190734863,ok,,2.1871823574658387,8.910072313703054,2025-01-01T00:00:00,fixed,6.85219279803025,10.659514280976232,0.17227966752110868,2025-01-01T00:00:00
60,2025-10-08 09:00:00,9.800000190734863,ok,,2.2458488090982636,9.448432068839079,2025-01-01T00:00:00,fixed,7.266212427390504,11.303577908759554,0.2914967567244108,2025-01-01T00:00:00
60,2025-10-09 09:00:00,12.699999809265137,ok,,2.2265827303243078,9.268140168013652,2025-01-01T00:00:00,fixed,7.127560930423502,11.087886719739982,0.2616285540144281,2025-01-01T00:00:00
60,2025-10-09 15:00:00,8.699999809265137,ok,,2.0755544025124233,7.9689632478282455,2025-01-01T00:00:00,fixed,6.128443255231281,9.533623808435332,0.08290672607511762,2025-01-01T00:00:00
60,2025-10-09 21:00:00,9.0,ok,,2.292188002289441,9.896567722087976,2025-01-01T00:00:00,fixed,7.610846206738192,11.839702445961649,0.42896114001086594,2025-01-01T00:00:00
60,2025-10-10 09:00:00,10.199999809265137,ok,,2.4317051303996253,11.378266977333944,2025-01-01T00:00:00,fixed,8.750330669735062,13.612324913583588,0.7749753516195301,2025-01-01T00:00:00
60,2025-10-10 19:00:00,9.600000381469727,ok,,2.1824120033017818,8.867669332170236,2025-01-01T00:00:00,fixed,6.819583252962099,10.60878571545046,0.16555782089070992,2025-01-01T00:00:00
60,2025-10-11 09:00:00,9.0,ok,,2.290092794113567,9.87585405977845,2025-01-01T00:00:00,fixed,7.594916593296122,11.814921773995591,0.4197657675919647,2025-01-01T00:00:00
60,2025-10-12 09:00:00,10.5,ok,,2.269938598107249,9.678806498788388,2025-01-01T00:00:00,fixed,7.443379340763503,11.579185046340218,0.36952363090816565,2025-01-01T00:00:00
60,2025-10-14 09:00:00,9.199999809265137,ok,,2.327353743397865,10.250779417220055,2025-01-01T00:00:00,fixed,7.883248802464533,12.263461590648095,0.5565482013766123,2025-01-01T00:00:00
60,2025-10-15 09:00:00,9.100000381469727,ok,,2.100824706125113,8.172907380747025,2025-01-01T00:00:00,fixed,6.2852842403080675,9.777611210650429,0.09405824297608967,2025-01-01T00:00:00
60,2025-10-16 09:00:00,12.199999809265137,ok,,2.2477271911125167,9.466196512682766,2025-01-01T00:00:00,fixed,7.279873976913454,11.324830300006049,0.2957432152496371,2025-01-01T00:00:00
60,2025-10-16 14:00:00,9.699999809265137,ok,,2.2237695139873934,9.242103525206204,2025-01-01T00:00:00,fixed,7.107537737563922,11.056737930362836,0.25478509840548413,2025-01-01T00:00:00
60,2025-10-17 09:00:00,10.399999618530273,ok,,2.2329052598065897,9.326923892567516,2025-01-01T00:00:00,fixed,7.172767905164874,11.158212293911495,0.27315605847818303,2025-01-01T00:00:00
60,2025-10-18 09:00:00,10.800000190734863,ok,,2.2379995446343632,9.37455913015923,2025-01-01T00:00:00,fixed,7.209401259021769,11.215200439182288,0.278488889752472,2025-01-01T00:00:00
60,2025-10-18 15:00:00,8.0,ok,,2.2574101594714326,9.558302604527327,2025-01-01T00:00:00,fixed,7.350707150536679,11.435020898557315,0.31993486282422967,2025-01-01T00:00:00
60,2025-10-19 09:00:00,6.5,ok,,1.8525578264174531,6.376107659219649,2025-01-01T00:00:00,fixed,4.9034752405744015,7.628020094288866,0.014252726571794883,2025-01-01T00:00:00
60,2025-10-20 09:00:00,10.5,ok,,2.2404764877412595,9.397808161153856,2025-01-01T00:00:00,fixed,7.227280669775547,11.243014285039067,0.2817992450287914,2025-01-01T00:00:00
60,2025-10-21 09:00:00,10.100000381469727,ok,,2.22184706650399,9.224353134107,2025-01-01T00:00:00,fixed,7.093886995149055,11.03550235103719,0.25016459370048627,2025-01-01T00:00:00
60,2025-10-21 15:00:00,11.0,ok,,2.2185737567681034,9.19420833273745,2025-01-01T00:00:00,fixed,7.0707044682772136,10.999438789555011,0.24606246898174067,2025-01-01T00:00:00
60,2025-10-21 21:00:00,10.0,ok,,2.1797454102290135,8.844054366302949,2025-01-01T00:00:00,fixed,6.801422424032271,10.580534085492308,0.16183694847557017,2025-01-01T00:00:00
60,2025-10-22 09:00:00,9.300000190734863,ok,,2.114653347349042,8.286712657252231,2025-01-01T00:00:00,fixed,6.372804932463114,9.913761505221215,0.09771172556216878,2025-01-01T00:00:00
60,2025-10-22 19:00:00,11.0,ok,,2.2189496214937865,9.19766476086432,2025-01-01T00:00:00,fixed,7.073362596189534,11.003573867664633,0.24652426576838482,2025-01-01T00:00:00
60,2025-10-23 01:00:00,6.699999809265137,ok,,1.9754887621582182,7.210142837725273,2025-01-01T00:00:00,fixed,5.544880791758414,8.625813331325164,0.03534797260136846,2025-01-01T00:00:00
60,2025-10-23 09:00:00,9.100000381469727,ok,,2.0151984324287144,7.502215916436285,2025-01-01T00:00:00,fixed,5.769496370171194,8.975233296056606,0.043994589323633315,2025-01-01T00:00:00
60,2025-10-23 20:00:00,6.5,ok,,2.2001044221791433,9.025955960216578,2025-01-01T00:00:00,fixed,6.941311837707206,10.7981510216728,0.2109088247648998,2025-01-01T00:00:00
60,2025-10-24 09:00:00,7.0,ok,,2.221716317666086,9.223147139497213,2025-01-01T00:00:00,fixed,7.09295953830149,11.034059566252376,0.249923497765127,2025-01-01T00:00:00
60,2025-10-25 09:00:00,7.199999809265137,ok,,2.2713673258910263,9.692644761748436,2025-01-01T00:00:00,fixed,7.454021504199849,11.595740373441176,0.37198167563716844,2025-01-01T00:00:00
60,2025-10-26 09:00:00,7.199999809265137,ok,,2.190731764916575,8.941753983075332,2025-01-01T00:00:00,fixed,6.876557236281602,10.69741646574297,0.17737880510586768,2025-01-01T00:00:00
60,2025-10-27 09:00:00,10.399999618530273,ok,,2.1375678329716554,8.478790695498953,2025-01-01T00:00:00,fixed,6.520520428364288,10.143552972637702,0.11341097693713564,2025-01-01T00:00:00
60,2025-10-27 14:15:10,9.600000381469727,ok,,2.2254956708663776,9.258070622675435,2025-01-01T00:00:00,fixed,7.119817057689736,11.075840076507852,0.2589338286307652,2025-01-01T00:00:00
60,2025-10-27 17:46:34,5.599999904632568,ok,,1.9965089070430135,7.363305192782193,2025-01-01T00:00:00,fixed,5.662668610902858,8.809048242732821,0.03860559362345228,2025-01-01T00:00:00
60,2025-10-27 21:00:00,7.699999809265137,ok,,2.199385637904165,9.019470576081018,2025-01-01T00:00:00,fixed,6.936324324598272,10.79039226928823,0.20915621509865634,2025-01-01T00:00:00
60,2025-10-28 09:00:00,9.899999618530273,ok,,2.2758844289277063,9.736526471322664,2025-01-01T00:00:00,fixed,7.487768248751782,11.648238006839813,0.3789068750765565,2025-01-01T00:00:00
60,2025-10-28 13:00:00,7.800000190734863,ok,,1.897104794804383,6.666565400225803,2025-01-01T00:00:00,fixed,5.126848561349095,7.975507558954393,0.01850696882758729,2025-01-01T00:00:00
60,2025-10-29 09:00:00,9.199999809265137,ok,,2.007912537698531,7.447754203102554,2025-01-01T00:00:00,fixed,5.727613190469067,8.910078335399945,0.040991674961357694,2025-01-01T00:00:00
60,2025-10-30 09:00:00,9.899999618530273,ok,,2.126941887546757,8.389172510507047,2025-01-01T00:00:00,fixed,6.45160055205423,10.036338767284144,0.10411303484335421,2025-01-01T00:00:00
60,2025-10-31 09:00:00,10.199999809265137,ok,,2.1876414512202134,8.914163811371951,2025-01-01T00:00:00,fixed,6.855339319166433,10.664409120916547,0.17293920921936434,2025-01-01T00:00:00
60,2025-11-01 09:00:00,7.800000190734863,ok,,2.103855784139262,8.197717682605484,2025-01-01T00:00:00,fixed,6.304364329192422,9.8072928740157,0.0948590440499203,2025-01-01T00:00:00
60,2025-11-02 09:00:00,10.100000381469727,ok,,2.221270733356372,9.219038365316305,2025-01-01T00:00:00,fixed,7.089799730854377,11.029144057655287,0.2493760417567692,2025-01-01T00:00:00
60,2025-11-03 04:00:00,8.5,ok,,2.029932898389821,7.613575458466566,2025-01-01T00:00:00,fixed,5.855136197214833,9.108457650113662,0.050078016071232745,2025-01-01T00:00:00
60,2025-11-03 09:00:00,9.5,ok,,2.2394701567313473,9.388355612370281,2025-01-01T00:00:00,fixed,7.220011291434113,11.231705782122072,0.2800471759762373,2025-01-01T00:00:00
60,2025-11-04 09:00:00,9.399999618530273,ok,,2.201512385341573,9.038673124262695,2025-01-01T00:00:00,fixed,6.951091832394137,10.813365128471307,0.21308498064850656,2025-01-01T00:00:00
60,2025-11-05 09:00:00,8.899999618530273,ok,,2.1189843882483674,8.322680581744178,2025-01-01T00:00:00,fixed,6.400465667919186,9.9567915268956,0.09885597265405954,2025-01-01T00:00:00
60,2025-11-06 09:00:00,9.600000381469727,ok,,2.235528038394898,9.351418456715468,2025-01-01T00:00:00,fixed,7.191605179446854,11.18751622626453,0.27590165205100614,2025-01-01T00:00:00
60,2025-11-07 09:00:00,9.899999618530273,ok,,2.218547824233742,9.193969906705446,2025-01-01T00:00:00,fixed,7.070521109368123,10.999153549929154,0.24603060762253537,2025-01-01T00:00:00
60,2025-11-08 09:00:00,8.800000190734863,ok,,2.2269219734164345,9.27128485391884,2025-01-01T00:00:00,fixed,7.129979316420038,11.091648846817668,0.2624871569487609,2025-01-01T00:00:00
60,2025-11-09 09:00:00,10.5,ok,,2.2436961992915276,9.428115156347209,2025-01-01T00:00:00,fixed,7.250587930017918,11.279271886178867,0.2874049124581075,2025-01-01T00:00:00
60,2025-11-09 12:00:00,11.199999809265137,ok,,2.151385393513797,8.596760046648615,2025-01-01T00:00:00,fixed,6.611243456177748,10.284684934200278,0.12419464651816658,2025-01-01T00:00:00
60,2025-11-09 16:00:09,8.100000381469727,ok,,2.1707624096644347,8.764963987241675,2025-01-01T00:00:00,fixed,6.740598840708073,10.485914760821407,0.14934749528111047,2025-01-01T00:00:00
60,2025-11-09 23:00:00,7.300000190734863,ok,,1.9171349567650575,6.8014440964819824,2025-01-01T00:00:00,fixed,5.230575534436948,8.136868919257951,0.02155668296727875,2025-01-01T00:00:00
60,2025-11-10 09:00:00,8.100000381469727,ok,,1.9920980335280176,7.330898109239907,2025-01-01T00:00:00,fixed,5.63774630088837,8.770278212854105,0.03792201344991142,2025-01-01T00:00:00
60,2025-11-11 09:00:00,9.100000381469727,ok,,2.219152763834759,9.199533385807317,2025-01-01T00:00:00,fixed,7.0747996415833105,11.005809386475747,0.24677385152060427,2025-01-01T00:00:00
60,2025-11-12 09:00:00,11.5,ok,,2.400552136283519,11.029264356822592,2025-01-01T00:00:00,fixed,8.481934055368226,13.194797615660598,0.7152048746862485,2025-01-01T00:00:00
60,2025-11-12 16:06:58,8.100000381469727,ok,,2.043096313598373,7.7144586403421895,2025-01-01T00:00:00,fixed,5.932719295078965,9.229148670349234,0.056351783051231896,2025-01-01T00:00:00
60,2025-11-13 09:00:00,7.300000190734863,ok,,2.1959345580526994,8.988397311903064,2025-01-01T00:00:00,fixed,6.912427773648399,10.753217946611631,0.18834649583363317,2025-01-01T00:00:00
60,2025-11-14 09:00:00,10.399999618530273,ok,,2.212679338732055,9.140173234492881,2025-01-01T00:00:00,fixed,7.029149372202082,10.934794207431235,0.23706719082495198,2025-01-01T00:00:00
60,2025-11-14 21:00:00,8.300000190734863,ok,,2.0658228452212466,7.891788947546541,2025-01-01T00:00:00,fixed,6.069093211150265,9.441296773702739,0.07101581579638594,2025-01-01T00:00:00
60,2025-11-15 09:00:00,9.199999809265137,ok,,2.0750611364997353,7.96503339841199,2025-01-01T00:00:00,fixed,6.125421047900146,9.528922355461686,0.08255364789837238,2025-01-01T00:00:00
60,2025-11-16 09:00:00,9.899999618530273,ok,,2.2190250977897605,9.198358992730777,2025-01-01T00:00:00,fixed,7.073896487546193,11.0044044080053,0.24661699783012658,2025-01-01T00:00:00
60,2025-11-17 09:00:00,9.199999809265137,ok,,2.0842844397662277,8.038837150967096,2025-01-01T00:00:00,fixed,6.182179009443057,9.617217054612544,0.08915565780202683,2025-01-01T00:00:00
60,2025-11-18 09:00:00,9.800000190734863,ok,,2.231212524394177,9.311149233134675,2025-01-01T00:00:00,fixed,7.16063657738756,11.139340369915626,0.2713840585505002,2025-01-01T00:00:00
60,2025-11-19 09:00:00,9.699999809265137,ok,,2.0707259749040565,7.930578429405237,2025-01-01T00:00:00,fixed,6.098923834165828,9.487702349467657,0.07878388327876173,2025-01-01T00:00:00
60,2025-11-20 09:00:00,6.099999904632568,ok,,1.7650987743746922,5.8421493842401135,2025-01-01T00:00:00,fixed,4.4928405209620275,6.989222152229931,0.010000000000000009,2025-01-01T00:00:00
60,2025-11-21 09:00:00,10.399999618530273,ok,,2.1772352912453226,8.821882576102515,2025-01-01T00:00:00,fixed,6.784371453424862,10.55400899052615,0.15829420852861864,2025-01-01T00:00:00
60,2025-11-22 09:00:00,9.300000190734863,ok,,2.25066134837685,9.494012610392264,2025-01-01T00:00:00,fixed,7.301265639930735,11.358107930123532,0.3029504069214294,2025-01-01T00:00:00
60,2025-11-23 09:00:00,9.899999618530273,ok,,2.211216778044847,9.126814947479767,2025-01-01T00:00:00,fixed,7.018876328971612,10.918813096821541,0.23259935782174068,2025-01-01T00:00:00
60,2025-11-23 21:51:00,9.899999618530273,ok,,2.2794940976692115,9.771735615019347,2025-01-01T00:00:00,fixed,7.514845452209736,11.690360265430076,0.38798539526590126,2025-01-01T00:00:00
60,2025-11-24 01:38:00,10.699999809265137,ok,,2.149167579655525,8.577715159894144,2025-01-01T00:00:00,fixed,6.596597196162822,10.26190069236796,0.1213927300226777,2025-01-01T00:00:00
60,2025-11-24 09:00:00,9.0,ok,,2.083150489029979,8.029726672054531,2025-01-01T00:00:00,fixed,6.175172696161482,9.606317785038078,0.08834397962397456,2025-01-01T00:00:00
60,2025-11-24 19:00:00,8.399999618530273,ok,,2.2052334395025297,9.072369170026613,2025-01-01T00:00:00,fixed,6.977005404582604,10.853677200964873,0.21883626315479798,2025-01-01T00:00:00
60,2025-11-25 09:00:00,9.899999618530273,ok,,2.2301242051201684,9.301021242204614,2025-01-01T00:00:00,fixed,7.152847757716284,11.127223805632468,0.2702447773251546,2025-01-01T00:00:00
60,2025-11-26 09:00:00,9.699999809265137,ok,,2.280867901668931,9.785169289996844,2025-01-01T00:00:00,fixed,7.525176471722374,11.706431566001722,0.39219750466544057,2025-01-01T00:00:00
60,2025-11-27 09:00:00,13.100000381469727,ok,,2.2537393718947234,9.523280424889213,2025-01-01T00:00:00,fixed,7.323773729724984,11.393122313354,0.3113278399736298,2025-01-01T00:00:00
60,2025-11-27 11:45:00,10.5,ok,,2.218513676521845,9.193655959030208,2025-01-01T00:00:00,fixed,7.070279671372617,10.998777960415417,0.24598865289109118,2025-01-01T00:00:00
60,2025-11-27 21:00:00,8.600000381469727,ok,,2.394566072318703,10.963439686798027,2025-01-01T00:00:00,fixed,8.431312319203261,13.116048646464435,0.7062810453302095,2025-01-01T00:00:00
60,2025-11-28 09:00:00,9.0,ok,,2.295927210835859,9.9336423243323,2025-01-01T00:00:00,fixed,7.639358020508513,11.88405643526397,0.4408410666488183,2025-01-01T00:00:00
60,2025-11-29 09:00:00,7.300000190734863,ok,,2.1932640154755463,8.964425437383914,2025-01-01T00:00:00,fixed,6.8939924680580305,10.724539331019963,0.18174846673438672,2025-01-01T00:00:00
60,2025-11-30 09:00:00,8.699999809265137,ok,,2.2850845386124687,9.826516909009282,2025-01-01T00:00:00,fixed,7.556974401889224,11.755897554585182,0.40665693141512405,2025-01-01T00:00:00
60,2025-12-01 09:00:00,7.800000190734863,ok,,2.090514304965622,8.089074345772856,2025-01-01T00:00:00,fixed,6.220813369785101,9.677318036581523,0.09133426811249223,2025-01-01T00:00:00
60,2025-12-02 09:00:00,8.399999618530273,ok,,2.184482600471797,8.886049725822636,2025-01-01T00:00:00,fixed,6.833718491888974,10.63077499474356,0.16844706108691976,2025-01-01T00:00:00
60,2025-12-03 09:00:00,6.800000190734863,ok,,2.0387592656139626,7.68107311269473,2025-01-01T00:00:00,fixed,5.907044523421665,9.189208084436288,0.05428471853916006,2025-01-01T00:00:00
60,2025-12-04 09:00:00,7.800000190734863,ok,,2.1539127674053007,8.618514753100525,2025-01-01T00:00:00,fixed,6.6279736731305094,10.310711053398656,0.12738765145429343,2025-01-01T00:00:00
60,2025-12-05 09:00:00,9.0,ok,,2.1873353033747476,8.911435177031045,2025-01-01T00:00:00,fixed,6.853240893034642,10.661144734758903,0.1724993921493394,2025-01-01T00:00:00
60,2025-12-06 09:00:00,8.300000190734863,ok,,2.1384066064460803,8.485905463651811,2025-01-01T00:00:00,fixed,6.525991962307026,10.152064685007824,0.11393746184587372,2025-01-01T00:00:00
60,2025-12-07 09:00:00,10.199999809265137,ok,,1.9988237118808394,7.380369549973432,2025-01-01T00:00:00,fixed,5.675791766510585,8.829463089298763,0.038964333153700625,2025-01-01T00:00:00
60,2025-12-08 09:00:00,8.199999809265137,ok,,2.042196292581085,7.707518588993395,2025-01-01T00:00:00,fixed,5.927382125166547,9.220845979432863,0.055922827339503045,2025-01-01T00:00:00
60,2025-12-09 09:00:00,9.100000381469727,ok,,2.1621473112442904,8.689777295246895,2025-01-01T00:00:00,fixed,6.682777344848605,10.395965589945979,0.14094324917199352,2025-01-01T00:00:00
60,2025-12-10 05:00:00,9.800000190734863,ok,,1.6109555954959838,5.007594176628358,2025-01-01T00:00:00,fixed,3.85103504713201,5.9908067813334185,0.010000000000000009,2025-01-01T00:00:00
60,2025-12-10 08:35:00,8.0,ok,,1.5135847930142607,4.542987307952395,2025-01-01T00:00:00,fixed,3.493734261305535,5.434976999337766,0.010000000000000009,2025-01-01T00:00:00
60,2025-12-10 19:00:00,7.800000190734863,ok,,2.2082855560764343,9.100101397802947,2025-01-01T00:00:00,fixed,6.998332568353215,10.886854493765346,0.22524988129342105,2025-01-01T00:00:00
60,2025-12-11 09:00:00,7.300000190734863,ok,,2.1376669968054047,8.479631526579205,2025-01-01T00:00:00,fixed,6.521167060228723,10.144558896113097,0.11347322051487574,2025-01-01T00:00:00
60,2025-12-11 16:00:00,10.5,ok,,2.171909690261527,8.775025631019151,2025-01-01T00:00:00,fixed,6.748336636833739,10.497951951066335,0.15068366458320648,2025-01-01T00:00:00
60,2025-12-12 09:00:00,7.599999904632568,ok,,2.2159837267272966,9.170425868897022,2025-01-01T00:00:00,fixed,7.0524148268793345,10.97098677435038,0.24288029340518769,2025-01-01T00:00:00
60,2025-12-13 09:00:00,6.699999809265137,ok,,2.180811374454973,8.853486838315574,2025-01-01T00:00:00,fixed,6.808676362554535,10.591818569678688,0.16332435835614156,2025-01-01T00:00:00
60,2025-12-14 09:00:00,6.400000095367432,ok,,2.324253014823209,10.219043759825361,2025-01-01T00:00:00,fixed,7.858842845320252,12.225494817618133,0.5398915017867599,2025-01-01T00:00:00
60,2025-12-14 13:22:00,11.0,ok,,2.1416198889184934,8.513216931171,2025-01-01T00:00:00,fixed,6.546995545044599,10.184738603670354,0.11595438868109365,2025-01-01T00:00:00
60,2025-12-15 09:00:00,8.800000190734863,ok,,2.1423951128597123,8.519819139517175,2025-01-01T00:00:00,fixed,6.552072900523654,10.192637118034128,0.11644098454802188,2025-01-01T00:00:00
60,2025-12-16 09:00:00,7.400000095367432,ok,,1.9483625713948727,7.017188023909219,2025-01-01T00:00:00,fixed,5.3964910212800925,8.394972938448428,0.031144060127689444,2025-01-01T00:00:00
60,2025-12-17 09:00:00,8.399999618530273,ok,,2.1289911889627513,8.406382081388008,2025-01-01T00:00:00,fixed,6.464835382647734,10.05692733942098,0.10643676627363396,2025-01-01T00:00:00
60,2025-12-18 09:00:00,9.300000190734863,ok,,2.2588313775686886,9.57189669496342,2025-01-01T00:00:00,fixed,7.361161535787708,11.451284111249493,0.3269920944705603,2025-01-01T00:00:00
60,2025-12-19 09:00:00,9.399999618530273,ok,,2.2019600530674337,9.042720352344137,2025-01-01T00:00:00,fixed,6.954204308492562,10.818207006742727,0.2137768984355113,2025-01-01T00:00:00
60,2025-12-20 09:00:00,9.100000381469727,ok,,2.1499550337318323,8.584472376812037,2025-01-01T00:00:00,fixed,6.601793759273573,10.26998465035393,0.12238757481437001,2025-01-01T00:00:00
60,2025-12-21 09:00:00,8.800000190734863,ok,,2.191073666965516,8.944811709774998,2025-01-01T00:00:00,fixed,6.878908747260651,10.701074559670252,0.17786998725732783,2025-01-01T00:00:00
60,2025-12-22 09:00:00,9.0,ok,,2.0256661995597964,7.581159828008338,2025-01-01T00:00:00,fixed,5.830207314288947,9.069677395180724,0.048308926741749025,2025-01-01T00:00:00
60,2025-12-23 09:00:00,8.300000190734863,ok,,2.0824014813285125,8.02371459676291,2025-01-01T00:00:00,fixed,6.170549175996432,9.599125272994065,0.0878078423941645,2025-01-01T00:00:00
60,2025-12-24 09:00:00,5.099999904632568,ok,,1.704202361128075,5.49699929775583,2025-01-01T00:00:00,fixed,4.22740665537938,6.576303811454948,0.010000000000000009,2025-01-01T00:00:00
60,2025-12-25 09:00:00,9.0,ok,,2.4234595721231877,11.284832552761184,2025-01-01T00:00:00,fixed,8.678475956484201,13.500545171736105,0.7636829326293445,2025-01-01T00:00:00
60,2025-12-26 09:00:00,6.199999809265137,ok,,2.0666822450770916,7.898574064977287,2025-01-01T00:00:00,fixed,6.074311230842568,9.449414110308403,0.07237736984582377,2025-01-01T00:00:00
60,2025-12-27 09:00:00,8.899999618530273,ok,,2.0614837122973713,7.857619612551081,2025-01-01T00:00:00,fixed,6.04281566110061,9.400418484331798,0.06743745118525324,2025-01-01T00:00:00
60,2025-12-28 09:00:00,10.899999618530273,ok,,2.211308834508957,9.12765516846571,2025-01-01T00:00:00,fixed,7.019522491649751,10.919818290414085,0.2328805720729551,2025-01-01T00:00:00
60,2025-12-28 23:00:00,10.5,ok,,2.1453260678224324,8.544826976224698,2025-01-01T00:00:00,fixed,6.571304901404058,10.222555101091368,0.11828069884886006,2025-01-01T00:00:00
60,2025-12-29 01:30:00,7.900000095367432,ok,,2.0651516861851507,7.886494079131582,2025-01-01T00:00:00,fixed,6.065021251019964,9.43496228802204,0.06997922091968334,2025-01-01T00:00:00
60,2025-12-29 09:00:00,4.699999809265137,ok,,1.6654113335266845,5.287847871596262,2025-01-01T00:00:00,fixed,4.066561058893673,6.326086693620142,0.010000000000000009,2025-01-01T00:00:00
60,2025-12-30 09:00:00,9.699999809265137,ok,,2.069174458402495,7.918283546428356,2025-01-01T00:00:00,fixed,6.089468590075693,9.472993436221977,0.07632580330457617,2025-01-01T00:00:00
60,2025-12-31 09:00:00,9.0,ok,,2.1857004851835184,8.896878502693733,2025-01-01T00:00:00,fixed,6.842046243255649,10.643729940297193,0.17015078523428517,2025-01-01T00:00:00
120,2025-01-01 08:00:00,3.5,ok,,1.237409036600573,3.446671685666338,2025-01-01T00:00:00,fixed,2.509335698503794,4.266015769980975,0.010000000000000009,2025-01-01T00:00:00
120,2025-01-02 08:00:00,7.099999904632568,ok,,1.825362826754437,6.205045967417528,2025-01-01T00:00:00,fixed,4.51755919243802,7.680111819336942,0.015290385384638672,2025-01-01T00:00:00
120,2025-01-03 08:00:00,7.699999809265137,ok,,1.7645686264033396,5.839053001438772,2025-01-01T00:00:00,fixed,4.251099460067477,7.227114868376806,0.010000000000000009,2025-01-01T00:00:00
120,2025-01-04 08:00:00,5.400000095367432,ok,,1.814743812938651,6.1395031146932855,2025-01-01T00:00:00,fixed,4.469840977556488,7.598988095109318,0.014299612680832685,2025-01-01T00:00:00
120,2025-01-05 08:00:00,5.300000190734863,ok,,1.1835340451008176,3.2658956547715046,2025-01-01T00:00:00,fixed,2.3777224236900856,4.042265593299196,0.010000000000000009,2025-01-01T00:00:00
120,2025-01-06 08:00:00,4.800000190734863,ok,,1.2345736043960718,3.4369127237461528,2025-01-01T00:00:00,fixed,2.502230724848049,4.253936903977205,0.010000000000000009,2025-01-01T00:00:00
120,2025-01-07 08:00:00,5.099999904632568,ok,,1.3636187965257451,3.9103183750475954,2025-01-01T00:00:00,fixed,2.846891838241705,4.839880724054059,0.010000000000000009,2025-01-01T00:00:00
120,2025-01-08 08:00:00,3.5999999046325684,ok,,1.0301803173901722,2.801570961120263,2025-01-01T00:00:00,fixed,2.0396726656230815,3.4675614595270714,0.010000000000000009,2025-01-01T00:00:00
120,2025-01-09 08:00:00,3.9000000953674316,ok,,1.0732670160453532,2.924919667035648,2025-01-01T00:00:00,fixed,2.1294762034549373,3.620232666021765,0.010000000000000009,2025-01-01T00:00:00
120,2025-01-10 08:00:00,3.5,ok,,1.0828284301974247,2.953020161486268,2025-01-01T00:00:00,fixed,2.1499346573784113,3.655013220540241,0.010000000000000009,2025-01-01T00:00:00
120,2025-01-11 08:00:00,3.5999999046325684,ok,,1.0741717005733156,2.9275669939212254,2025-01-01T00:00:00,fixed,2.1314035793309785,3.6235093164463277,0.010000000000000009,2025-01-01T00:00:00
120,2025-01-12 08:00:00,4.199999809265137,ok,,1.2016612371321311,3.325637008067491,2025-01-01T00:00:00,fixed,2.421216879842083,4.116208683481112,0.010000000000000009,2025-01-01T00:00:00
120,2025-01-13 08:00:00,6.0,ok,,1.1355369925283045,3.1128446685027487,2025-01-01T00:00:00,fixed,2.26629425803898,3.8528312692384095,0.010000000000000009,2025-01-01T00:00:00
120,2025-01-14 08:00:00,1.600000023841858,ok,,1.4352333289226538,4.200625021761592,2025-01-01T00:00:00,fixed,3.0582484450058116,5.1991991755800795,0.010000000000000009,2025-01-01T00:00:00
120,2025-01-15 08:00:00,1.899999976158142,abstain,outside_training_support,1.193565951029846,3.29882370213727,2025-01-01T00:00:00,fixed,2.401695558433543,4.083021308420313,0.010000000000000009,2025-01-01T00:00:00
120,2025-01-16 08:00:00,7.099999904632568,ok,,1.782772075897115,5.946317235418299,2025-01-01T00:00:00,fixed,4.329192761676927,7.359877996241458,0.01131659326833978,2025-01-01T00:00:00
120,2025-01-17 08:00:00,8.199999809265137,ok,,1.7655854141353537,5.8449930982942515,2025-01-01T00:00:00,fixed,4.255424124106126,7.234467047282061,0.010000000000000009,2025-01-01T00:00:00
120,2025-01-18 08:00:00,7.599999904632568,ok,,1.8108832217446618,6.115846696295094,2025-01-01T00:00:00,fixed,4.452618015638707,7.569708064067301,0.013939412718584454,2025-01-01T00:00:00
120,2025-01-19 08:00:00,6.900000095367432,ok,,1.7360621470419146,5.674952237553486,2025-01-01T00:00:00,fixed,4.131626547494583,7.024004009425004,0.010000000000000009,2025-01-01T00:00:00
120,2025-01-20 08:00:00,10.600000381469727,ok,,2.0577894268053325,7.828644875842515,2025-01-01T00:00:00,fixed,5.699613960783315,9.689673268508114,0.08356748231060451,2025-01-01T00:00:00
120,2025-01-21 08:00:00,8.300000190734863,ok,,2.159847645979278,8.669816676407974,2025-01-01T00:00:00,fixed,6.312025765630213,10.730808744625213,0.14969895411204615,2025-01-01T00:00:00
120,2025-01-22 08:00:00,6.099999904632568,ok,,2.1339939870189806,8.44854288638804,2025-01-01T00:00:00,fixed,6.150928257344359,10.456933666347775,0.1259737541556718,2025-01-01T00:00:00
120,2025-01-23 08:00:00,6.099999904632568,ok,,2.026993238062211,7.591226997276293,2025-01-01T00:00:00,fixed,5.526762812637454,9.39581632290724,0.06510156230410313,2025-01-01T00:00:00
120,2025-01-23 20:00:00,5.900000095367432,ok,,1.9531678096556249,7.0509884287453986,2025-01-01T00:00:00,fixed,5.133444257997957,8.727152039480085,0.04280695774652721,2025-01-01T00:00:00
120,2025-01-24 08:00:00,6.699999809265137,ok,,2.0070055203735953,7.441002023643258,2025-01-01T00:00:00,fixed,5.417392114316564,9.209879812264624,0.057320164773882354,2025-01-01T00:00:00
120,2025-01-25 08:00:00,7.5,ok,,2.070169300443187,7.926164907495105,2025-01-01T00:00:00,fixed,5.770613034400551,9.81037579861828,0.08987635450982956,2025-01-01T00:00:00
120,2025-01-26 08:00:00,8.899999618530273,ok,,1.790803461947616,5.994266697293593,2025-01-01T00:00:00,fixed,4.364102177885063,7.419226022156657,0.012065935741247813,2025-01-01T00:00:00
120,2025-01-27 08:00:00,6.0,ok,,1.885013755149824,6.5864450389302975,2025-01-01T00:00:00,fixed,4.795235279053206,8.1521772210101,0.022602340578203872,2025-01-01T00:00:00
120,2025-01-28 08:00:00,7.900000095367432,ok,,2.065205931608929,7.886921896948503,2025-01-01T00:00:00,fixed,5.74204231567185,9.761803924903257,0.087346986232822,2025-01-01T00:00:00
120,2025-01-29 08:00:00,6.199999809265137,ok,,2.077170188399425,7.981849794324459,2025-01-01T00:00:00,fixed,5.811154196173847,9.879298117605476,0.09357544207560686,2025-01-01T00:00:00
120,2025-01-30 08:00:00,5.900000095367432,ok,,2.087833323371689,8.067416731145276,2025-01-01T00:00:00,fixed,5.873450866340906,9.985206058702568,0.09921675026691867,2025-01-01T00:00:00
120,2025-01-31 08:00:00,7.400000095367432,ok,,2.0842583212616,8.038627191303696,2025-01-01T00:00:00,fixed,5.852490755643851,9.949572658664664,0.09732540323435657,2025-01-01T00:00:00
120,2025-02-01 08:00:00,9.600000381469727,ok,,1.9709897042464386,7.177776850366613,2025-01-01T00:00:00,fixed,5.225752067254688,8.884080652186793,0.04897176611873755,2025-01-01T00:00:00
120,2025-02-02 08:00:00,10.5,ok,,2.0044655196849397,7.4221258562664465,2025-01-01T00:00:00,fixed,5.403649395261961,9.186516395307574,0.05675747184697166,2025-01-01T00:00:00
120,2025-02-03 02:48:22,10.699999809265137,ok,,1.8668436046462282,6.46784905760137,2025-01-01T00:00:00,fixed,4.708891943572375,8.00538855857103,0.019160615067053577,2025-01-01T00:00:00
120,2025-02-03 08:00:00,8.5,ok,,1.7094132918639,5.525718542362175,2025-01-01T00:00:00,fixed,4.02297754552537,6.839294424306632,0.010000000000000009,2025-01-01T00:00:00
120,2025-02-04 08:00:00,7.099999904632568,ok,,1.9065615780584044,6.729908704143141,2025-01-01T00:00:00,fixed,4.899683433501426,8.329745122461944,0.028714900398880694,2025-01-01T00:00:00
120,2025-02-05 08:00:00,7.400000095367432,ok,,2.05104157503808,7.77599617327537,2025-01-01T00:00:00,fixed,5.661283280962239,9.624508896643363,0.08012872876075094,2025-01-01T00:00:00
120,2025-02-07 08:00:00,8.300000190734863,ok,,1.9917576272771649,7.328403050390065,2025-01-01T00:00:00,fixed,5.335414876863358,9.07051376890766,0.053942259549694116,2025-01-01T00:00:00
120,2025-02-08 08:00:00,8.100000381469727,ok,,2.066766836563546,7.899242245359099,2025-01-01T00:00:00,fixed,5.751012096638596,9.777053071153489,0.08814243456790871,2025-01-01T00:00:00
120,2025-02-09 08:00:00,9.899999618530273,ok,,2.082560007472263,8.02498666612195,2025-01-01T00:00:00,fixed,5.842559825196591,9.932689502726676,0.09642691404556503,2025-01-01T00:00:00
120,2025-02-10 08:00:00,9.5,ok,,2.24624388189218,9.452165624759266,2025-01-01T00:00:00,fixed,6.881611825407549,11.699137978063474,0.2918036735640698,2025-01-01T00:00:00
120,2025-02-11 08:00:00,6.800000190734863,ok,,2.170231730206322,8.760313834881845,2025-01-01T00:00:00,fixed,6.377911864186112,10.842818921513693,0.161238779830418,2025-01-01T00:00:00
120,2025-02-12 08:00:00,9.600000381469727,ok,,2.1480765647235547,8.568361847801869,2025-01-01T00:00:00,fixed,6.238161978642429,10.605236036155683,0.13937935364300424,2025-01-01T00:00:00
120,2025-02-13 08:00:00,11.600000381469727,ok,,2.170577337403228,8.76334198563554,2025-01-01T00:00:00,fixed,6.38011649737421,10.846566925398967,0.16153007554103993,2025-01-01T00:00:00
120,2025-02-13 14:46:39,8.899999618530273,ok,,2.0678757793323577,7.908006911784711,2025-01-01T00:00:00,fixed,5.757393177389261,9.787901277365233,0.08870755973875832,2025-01-01T00:00:00
120,2025-02-14 08:00:00,7.0,ok,,2.1689727976473616,8.749292129815785,2025-01-01T00:00:00,fixed,6.369887555373741,10.82917713259036,0.16017768602892746,2025-01-01T00:00:00
120,2025-02-14 20:41:16,11.899999618530273,ok,,1.6738209962258668,5.332504398581086,2025-01-01T00:00:00,fixed,3.882308751783851,6.600149341883689,0.010000000000000009,2025-01-01T00:00:00
120,2025-02-15 00:39:46,8.0,ok,,1.8646370080022954,6.4535928582028115,2025-01-01T00:00:00,fixed,4.698512773944887,7.987743370110765,0.01895473571130124,2025-01-01T00:00:00
120,2025-02-15 08:00:00,9.100000381469727,ok,,2.051705744292148,7.781162466309993,2025-01-01T00:00:00,fixed,5.665044580187409,9.630903322793582,0.08046719416558012,2025-01-01T00:00:00
120,2025-02-16 08:00:00,7.300000190734863,ok,,2.177201886155151,8.821587885241696,2025-01-01T00:00:00,fixed,6.422522194377792,10.918659062079675,0.1671135895810163,2025-01-01T00:00:00
120,2025-02-17 08:00:00,8.699999809265137,ok,,2.11132177085213,8.259150777874797,2025-01-01T00:00:00,fixed,6.013042081273803,10.222519194848369,0.11348727480067233,2025-01-01T00:00:00
120,2025-02-18 08:00:00,8.5,ok,,2.1752700898405384,8.804562824045751,2025-01-01T00:00:00,fixed,6.410127165862063,10.897586796958274,0.1654853712300104,2025-01-01T00:00:00
120,2025-02-19 08:00:00,10.199999809265137,ok,,2.2010228704039343,9.034249641520706,2025-01-01T00:00:00,fixed,6.577349745535821,11.181874850729043,0.20886878970303113,2025-01-01T00:00:00
120,2025-02-20 08:00:00,5.699999809265137,ok,,2.274284002749835,9.720956342220926,2025-01-01T00:00:00,fixed,7.077303844916681,12.031825725574958,0.3655096481443415,2025-01-01T00:00:00
120,2025-02-21 08:00:00,9.399999618530273,ok,,2.1640653402876535,8.706460534833996,2025-01-01T00:00:00,fixed,6.338704181930127,10.776163594803851,0.15451705168918917,2025-01-01T00:00:00
120,2025-02-22 08:00:00,9.100000381469727,ok,,2.1580358581481356,8.65412302912797,2025-01-01T00:00:00,fixed,6.300600067753849,10.711384397634625,0.1481335578581897,2025-01-01T00:00:00
120,2025-02-23 08:00:00,10.300000190734863,ok,,2.241391828920606,9.406414300135175,2025-01-01T00:00:00,fixed,6.8483027543374755,11.642510631410303,0.2843032400307025,2025-01-01T00:00:00
120,2025-02-24 08:00:00,9.399999618530273,ok,,2.180531633005986,8.851010497462573,2025-01-01T00:00:00,fixed,6.44394321091851,10.955076028700049,0.1699200733110674,2025-01-01T00:00:00
120,2025-02-25 08:00:00,9.399999618530273,ok,,2.171021200518757,8.767232573292034,2025-01-01T00:00:00,fixed,6.382949024340791,10.851382385010663,0.16190418644733595,2025-01-01T00:00:00
120,2025-02-26 08:00:00,8.800000190734863,ok,,2.1938857647560694,8.970000795507756,2025-01-01T00:00:00,fixed,6.530573627126157,11.102352744972883,0.1983192461541049,2025-01-01T00:00:00
120,2025-02-27 08:00:00,10.300000190734863,ok,,2.2123271901009782,9.136955101664341,2025-01-01T00:00:00,fixed,6.652124049871645,11.308995491333718,0.22878766222988067,2025-01-01T00:00:00
120,2025-02-28 08:00:00,10.600000381469727,ok,,2.2191521315288023,9.1995275688894,2025-01-01T00:00:00,fixed,6.6976796873303215,11.386442708908522,0.24724639311507146,2025-01-01T00:00:00
120,2025-03-01 08:00:00,7.800000190734863,ok,,2.207154236704833,9.089812098147513,2025-01-01T00:00:00,fixed,6.617801772484033,11.250645635360076,0.21948586416703364,2025-01-01T00:00:00
120,2025-03-02 08:00:00,10.0,ok,,2.193377672602724,8.965444366129088,2025-01-01T00:00:00,fixed,6.527256336725347,11.09671315949538,0.19756131763396712,2025-01-01T00:00:00
120,2025-03-03 08:00:00,8.300000190734863,ok,,2.238017722644745,9.374729542541298,2025-01-01T00:00:00,fixed,6.8252347917986,11.603293761371411,0.27875345785290084,2025-01-01T00:00:00
120,2025-03-06 08:00:00,8.5,ok,,2.19171626173452,8.950561446166834,2025-01-01T00:00:00,fixed,6.516420885668442,11.078292266224235,0.19508296666478186,2025-01-01T00:00:00
120,2025-03-07 08:00:00,8.399999618530273,ok,,2.1251551222272873,8.3741964113778,2025-01-01T00:00:00,fixed,6.096800600051973,10.364913519446297,0.11991806486027079,2025-01-01T00:00:00
120,2025-03-08 08:00:00,8.0,ok,,2.248676162454755,9.47518392561749,2025-01-01T00:00:00,fixed,6.8983702083723815,11.72762819802487,0.29453614845197174,2025-01-01T00:00:00
120,2025-03-09 08:00:00,9.5,ok,,2.1850041163465987,8.890685150437628,2025-01-01T00:00:00,fixed,6.472828185211269,11.00418215504332,0.17905002119505442,2025-01-01T00:00:00
120,2025-03-10 08:00:00,10.199999809265137,ok,,2.2052057015386457,9.072117524468316,2025-01-01T00:00:00,fixed,6.604919308050978,11.22874470099709,0.2160404925853746,2025-01-01T00:00:00
120,2025-03-11 08:00:00,8.100000381469727,ok,,2.2524336939022804,9.510854201311247,2025-01-01T00:00:00,fixed,6.924339811611952,11.771778025019405,0.29875743791949705,2025-01-01T00:00:00
120,2025-03-12 08:00:00,8.600000381469727,ok,,2.2042642012229687,9.063580142559696,2025-01-01T00:00:00,fixed,6.598703700894616,11.218177809462864,0.21437574540090187,2025-01-01T00:00:00
120,2025-03-13 08:00:00,7.699999809265137,ok,,2.0750305537763305,7.964789809723477,2025-01-01T00:00:00,fixed,5.798733741811107,9.858182627074108,0.09244347306676715,2025-01-01T00:00:00
120,2025-03-14 08:00:00,9.899999618530273,ok,,2.210921044068352,9.124116237272434,2025-01-01T00:00:00,fixed,6.64277676539403,11.293104567288848,0.22625667636686375,2025-01-01T00:00:00
120,2025-03-15 08:00:00,10.399999618530273,ok,,2.3462132179822115,10.445938243097375,2025-01-01T00:00:00,fixed,7.605124052511157,12.929150595521712,0.5334162655413097,2025-01-01T00:00:00
120,2025-03-16 08:00:00,10.5,ok,,2.1995142182410965,9.020630377208846,2025-01-01T00:00:00,fixed,6.567434293980852,11.165018009802894,0.20664265429067163,2025-01-01T00:00:00
120,2025-03-17 08:00:00,12.399999618530273,ok,,2.431652156702176,11.377664244426223,2025-01-01T00:00:00,fixed,8.28346348532739,14.082366850931242,0.707113379922349,2025-01-01T00:00:00
120,2025-03-18 08:00:00,12.300000190734863,ok,,2.2899590135584353,9.874532950911242,2025-01-01T00:00:00,fixed,7.189114687894391,12.221910623216267,0.4078659276956149,2025-01-01T00:00:00
120,2025-03-19 08:00:00,10.300000190734863,ok,,2.414269732956056,11.181601820001184,2025-01-01T00:00:00,fixed,8.140721012120274,13.839696393522642,0.6761542280754748,2025-01-01T00:00:00
120,2025-03-20 08:00:00,11.300000190734863,ok,,2.279733769852848,9.77407790891225,2025-01-01T00:00:00,fixed,7.115978791594469,12.097575371000634,0.3818366562768656,2025-01-01T00:00:00
120,2025-03-21 08:00:00,9.600000381469727,ok,,2.1976333667310253,9.003679856645194,2025-01-01T00:00:00,fixed,6.555093534477856,11.14403800514082,0.20386730934695463,2025-01-01T00:00:00
120,2025-03-22 08:00:00,8.800000190734863,ok,,2.22110105227124,9.217474201590857,2025-01-01T00:00:00,fixed,6.710745662338322,11.408655621858967,0.25064773293087406,2025-01-01T00:00:00
120,2025-03-23 08:00:00,6.900000095367432,ok,,1.904900241957668,6.718737346117925,2025-01-01T00:00:00,fixed,4.891550170443613,8.315918105021943,0.02824362233329214,2025-01-01T00:00:00
120,2025-03-24 04:00:00,6.800000190734863,ok,,2.064770848356767,7.883491175698829,2025-01-01T00:00:00,fixed,5.739544592625229,9.757557651312887,0.08712526469395909,2025-01-01T00:00:00
120,2025-03-24 08:00:00,6.5,ok,,1.9059860544085134,6.726036596873833,2025-01-01T00:00:00,fixed,4.8968643611076965,8.324952536402,0.02855163923077575,2025-01-01T00:00:00
120,2025-03-24 22:01:00,11.0,ok,,1.7508915074182465,5.759735234497495,2025-01-01T00:00:00,fixed,4.193352473332689,7.128941652164094,0.010000000000000009,2025-01-01T00:00:00
120,2025-03-25 04:00:00,13.399999618530273,ok,,1.3925218830136423,4.024987812894491,2025-01-01T00:00:00,fixed,2.9303764692592797,4.98180942362358,0.010000000000000009,2025-01-01T00:00:00
120,2025-03-25 08:00:00,8.100000381469727,ok,,1.4224795555441718,4.147391388607078,2025-01-01T00:00:00,fixed,3.019491908782417,5.1333108232096,0.010000000000000009,2025-01-01T00:00:00
120,2025-03-25 18:00:00,10.5,ok,,2.2582552937227676,9.566384067922778,2025-01-01T00:00:00,fixed,6.964768111528348,11.840508472324522,0.31683137479705903,2025-01-01T00:00:00
120,2025-03-26 08:00:00,8.300000190734863,ok,,2.2130794369194,9.143830932906479,2025-01-01T00:00:00,fixed,6.657129971632205,11.317505847754571,0.2304475827496525,2025-01-01T00:00:00
120,2025-03-26 21:07:57,10.199999809265137,ok,,2.2774800335162553,9.752074518605912,2025-01-01T00:00:00,fixed,7.099959310245717,12.070341326507727,0.37488539172984936,2025-01-01T00:00:00
120,2025-03-27 08:00:00,5.400000095367432,ok,,2.151418520078286,8.597044832491658,2025-01-01T00:00:00,fixed,6.25904451228236,10.640737550711197,0.14241613551602073,2025-01-01T00:00:00
120,2025-03-29 08:00:00,8.399999618530273,ok,,2.209224771624038,9.108652369494726,2025-01-01T00:00:00,fixed,6.631518357576159,11.273964623069924,0.22320347884913083,2025-01-01T00:00:00
120,2025-03-30 08:00:00,10.199999809265137,ok,,2.3041148859789073,10.015309637150654,2025-01-01T00:00:00,fixed,7.291606597920724,12.396152796046515,0.4352358368642343,2025-01-01T00:00:00
120,2025-03-31 08:00:00,8.600000381469727,ok,,2.2502856107872984,9.490446023071284,2025-01-01T00:00:00,fixed,6.9094817181033825,11.746518407002892,0.2963442363920382,2025-01-01T00:00:00
120,2025-04-01 08:00:00,7.0,ok,,2.3704476996764323,10.702182575401237,2025-01-01T00:00:00,fixed,7.791681725893106,13.24630942649554,0.5940871028484624,2025-01-01T00:00:00
120,2025-04-02 08:00:00,7.300000190734863,ok,,2.072852590851119,7.947461669683782,2025-01-01T00:00:00,fixed,5.78611805794104,9.836735235092679,0.09129122655367983,2025-01-01T00:00:00
120,2025-04-03 08:00:00,9.899999618530273,ok,,2.319422569199957,10.16980025441019,2025-01-01T00:00:00,fixed,7.404082881224827,12.587368980716525,0.4656244649101233,2025-01-01T00:00:00
120,2025-04-05 08:00:00,5.800000190734863,ok,,2.134818880462148,8.455514909211956,2025-01-01T00:00:00,fixed,6.156004211005856,10.465563081049265,0.12654260221258984,2025-01-01T00:00:00
120,2025-04-06 08:00:00,6.800000190734863,ok,,2.0361305863886128,7.6609085500697764,2025-01-01T00:00:00,fixed,5.5774941917470535,9.482062600535013,0.0709622145551354,2025-01-01T00:00:00
120,2025-04-07 08:00:00,7.5,ok,,1.9423666731459683,6.975239563547744,2025-01-01T00:00:00,fixed,5.078295596072277,8.633396125670476,0.03920896037517074,2025-01-01T00:00:00
120,2025-04-08 08:00:00,6.800000190734863,ok,,2.152952472846497,8.610242412855523,2025-01-01T00:00:00,fixed,6.2686529585056086,10.65707246482326,0.14374148050160673,2025-01-01T00:00:00
120,2025-04-09 08:00:00,8.100000381469727,ok,,2.1005143541640843,8.170371296473826,2025-01-01T00:00:00,fixed,5.948406530722071,10.112635021870037,0.10772108286927018,2025-01-01T00:00:00
120,2025-04-10 08:00:00,6.099999904632568,ok,,1.9002470913383531,6.687546673002644,2025-01-01T00:00:00,fixed,4.868841924156613,8.277312773408992,0.026923643900396477,2025-01-01T00:00:00
120,2025-04-11 08:00:00,7.400000095367432,ok,,2.0111697436284866,7.472052623254238,2025-01-01T00:00:00,fixed,5.4399983806423675,9.248311772047355,0.0582426759299105,2025-01-01T00:00:00
120,2025-04-12 08:00:00,8.699999809265137,ok,,2.0738404954534038,7.95531688310563,2025-01-01T00:00:00,fixed,5.791837015026735,9.846457792791902,0.09181387531875695,2025-01-01T00:00:00
120,2025-04-13 08:00:00,5.300000190734863,ok,,2.0154907230657404,7.504409064408302,2025-01-01T00:00:00,fixed,5.463555359742549,9.288359998513988,0.05919991368875388,2025-01-01T00:00:00
120,2025-04-14 08:00:00,7.699999809265137,ok,,1.918942920942759,6.81375198652461,2025-01-01T00:00:00,fixed,4.960725203866299,8.433519661340652,0.03231178668850443,2025-01-01T00:00:00
120,2025-04-15 08:00:00,8.5,ok,,1.8711730494516987,6.495911957660361,2025-01-01T00:00:00,fixed,4.7293230270476085,8.040122581745019,0.01956455989755357,2025-01-01T00:00:00
120,2025-04-16 08:00:00,7.699999809265137,ok,,1.9298806186089104,6.888687811357135,2025-01-01T00:00:00,fixed,5.0152819349675175,8.526269258524948,0.03553241504391169,2025-01-01T00:00:00
120,2025-04-17 08:00:00,5.199999809265137,ok,,2.0131810680028375,7.487096468776851,2025-01-01T00:00:00,fixed,5.450950992917467,9.266931846163354,0.05868824982452603,2025-01-01T00:00:00
120,2025-04-18 08:00:00,8.800000190734863,ok,,2.057267514170199,7.824560073213613,2025-01-01T00:00:00,fixed,5.696640036373667,9.684617425068014,0.08330151189680712,2025-01-01T00:00:00
120,2025-04-18 18:00:00,10.0,ok,,1.9517319109072588,7.040871188690301,2025-01-01T00:00:00,fixed,5.126078441362108,8.714629725328955,0.04231026304437491,2025-01-01T00:00:00
120,2025-04-19 08:00:00,8.800000190734863,ok,,1.9716909022218756,7.18281165795438,2025-01-01T00:00:00,fixed,5.2294176390199425,8.89031233612047,0.04921431895887041,2025-01-01T00:00:00
120,2025-04-20 08:00:00,11.800000190734863,ok,,2.0756569398997153,7.96978040639304,2025-01-01T00:00:00,fixed,5.802367125992098,9.864359590253544,0.09277486127276535,2025-01-01T00:00:00
120,2025-04-21 08:00:00,11.399999618530273,ok,,1.4694860493574498,4.347000423183926,2025-01-01T00:00:00,fixed,3.1648164774933254,5.380370992263933,0.010000000000000009,2025-01-01T00:00:00
120,2025-04-22 08:00:00,10.600000381469727,ok,,2.1142453158746957,8.28333210740148,2025-01-01T00:00:00,fixed,6.03064720266408,10.252448919088984,0.1148463600837707,2025-01-01T00:00:00
120,2025-04-23 08:00:00,13.5,ok,,2.211575409148267,9.130088694193702,2025-01-01T00:00:00,fixed,6.647124989050679,11.300496798906853,0.2274344976799345,2025-01-01T00:00:00
120,2025-04-24 08:00:00,12.399999618530273,ok,,2.2822118316275075,9.798328712846063,2025-01-01T00:00:00,fixed,7.133634493552275,12.127591085130472,0.38614322878152463,2025-01-01T00:00:00
120,2025-04-25 08:00:00,9.399999618530273,ok,,2.1691424859393935,8.750776908224976,2025-01-01T00:00:00,fixed,6.370968542426277,10.831014873079212,0.16032070814204946,2025-01-01T00:00:00
120,2025-04-26 04:00:00,9.0,abstain,outside_training_support,2.06877767219591,7.915142303979354,2025-01-01T00:00:00,fixed,5.762588071475432,9.796732897665459,0.0891671707961883,2025-01-01T00:00:00
120,2025-04-26 08:00:00,9.5,ok,,1.9914347914199002,7.32603756096186,2025-01-01T00:00:00,fixed,5.333692691634253,9.06758595444642,0.053870740886629465,2025-01-01T00:00:00
120,2025-04-27 08:00:00,7.699999809265137,ok,,2.1741373316291828,8.794595029825635,2025-01-01T00:00:00,fixed,6.402870152675718,10.885249454961999,0.16453062372737237,2025-01-01T00:00:00
120,2025-04-28 08:00:00,10.0,ok,,2.1705724231144994,8.763298920148616,2025-01-01T00:00:00,fixed,6.380085143716662,10.846513622368358,0.16152593352304911,2025-01-01T00:00:00
120,2025-04-29 08:00:00,7.5,ok,,2.2109131360753707,9.124044084110562,2025-01-01T00:00:00,fixed,6.6427242345697,11.293015261850305,0.2262424424125118,2025-01-01T00:00:00
120,2025-04-30 08:00:00,6.5,ok,,2.165854806876863,8.722054403263416,2025-01-01T00:00:00,fixed,6.350057236208678,10.795464443478116,0.1566061086214301,2025-01-01T00:00:00
120,2025-05-01 08:00:00,11.300000190734863,ok,,2.258041833832862,9.564342246564077,2025-01-01T00:00:00,fixed,6.963281571558015,11.837981268427521,0.3160035704479983,2025-01-01T00:00:00
120,2025-05-02 08:00:00,8.300000190734863,ok,,2.1366853559542793,8.47131165809971,2025-01-01T00:00:00,fixed,6.167504971600254,10.485115039000418,0.1278297271931288,2025-01-01T00:00:00
120,2025-05-03 08:00:00,9.899999618530273,ok,,2.2145191647936544,9.157005042468807,2025-01-01T00:00:00,fixed,6.666721330031159,11.333811711577365,0.23863504898991583,2025-01-01T00:00:00
120,2025-05-04 08:00:00,8.399999618530273,ok,,2.1927046890726056,8.959412799530625,2025-01-01T00:00:00,fixed,6.522865078501836,11.089247766625574,0.19655741822772477,2025-01-01T00:00:00
120,2025-05-05 08:00:00,8.600000381469727,ok,,2.1332967716205746,8.44265448517409,2025-01-01T00:00:00,fixed,6.146641230113211,10.449645472191323,0.12549295311655395,2025-01-01T00:00:00
120,2025-05-06 08:00:00,8.5,ok,,2.125554100083458,8.37753819691405,2025-01-01T00:00:00,fixed,6.099233573803935,10.36904971549213,0.12015359238369383,2025-01-01T00:00:00
120,2025-05-07 08:00:00,9.699999809265137,ok,,2.1752421149562684,8.80431652086487,2025-01-01T00:00:00,fixed,6.409947845804682,10.897281942492961,0.16546179254338012,2025-01-01T00:00:00
120,2025-05-08 08:00:00,9.399999618530273,ok,,2.257953048851567,9.563493114312271,2025-01-01T00:00:00,fixed,6.962663364178105,11.836930280138713,0.3156592594222609,2025-01-01T00:00:00
120,2025-05-09 08:00:00,9.699999809265137,ok,,2.187419697724267,8.91218728354242,2025-01-01T00:00:00,fixed,6.48848272823555,11.03079578328495,0.186875048060137,2025-01-01T00:00:00
120,2025-05-10 08:00:00,9.199999809265137,ok,,2.158995875080169,8.662435123004874,2025-01-01T00:00:00,fixed,6.306651654849125,10.721672445581838,0.14896301861690142,2025-01-01T00:00:00
120,2025-05-11 08:00:00,11.0,ok,,1.9845866688411207,7.276039350062248,2025-01-01T00:00:00,fixed,5.297291691796213,9.005702150121339,0.052353658566570704,2025-01-01T00:00:00
120,2025-05-11 12:00:00,8.699999809265137,ok,,2.1473335314116717,8.561997634224838,2025-01-01T00:00:00,fixed,6.233528538100888,10.597358919342946,0.13853399785975862,2025-01-01T00:00:00
120,2025-05-12 08:00:00,9.399999618530273,ok,,2.221296547521294,9.219276350164762,2025-01-01T00:00:00,fixed,6.712057709484941,11.410886177866987,0.2511006014553976,2025-01-01T00:00:00
120,2025-05-13 08:00:00,8.699999809265137,ok,,2.162297513694054,8.691082619113509,2025-01-01T00:00:00,fixed,6.327508351167808,10.757130035197392,0.15245325769458307,2025-01-01T00:00:00
120,2025-05-14 08:00:00,9.199999809265137,ok,,2.1717651917015814,8.77375774405811,2025-01-01T00:00:00,fixed,6.387699649127665,10.859458721815718,0.16253126088975944,2025-01-01T00:00:00
120,2025-05-15 08:00:00,8.300000190734863,ok,,2.1366912224971815,8.471361355558765,2025-01-01T00:00:00,fixed,6.1675411536389,10.485176550558059,0.12783377277205576,2025-01-01T00:00:00
120,2025-05-16 08:00:00,9.0,ok,,2.2464519313326754,9.454132347109617,2025-01-01T00:00:00,fixed,6.8830436898416645,11.701572230387725,0.2920374006596783,2025-01-01T00:00:00
120,2025-05-17 08:00:00,6.800000190734863,ok,,1.971204449917442,7.179318412388619,2025-01-01T00:00:00,fixed,5.226874395392109,8.885988674910168,0.049046049237389755,2025-01-01T00:00:00
120,2025-05-18 08:00:00,7.900000095367432,ok,,2.210076776130838,9.116416289342103,2025-01-01T00:00:00,fixed,6.63717084873578,11.283574184851952,0.22473704030854125,2025-01-01T00:00:00
120,2025-05-19 00:00:00,6.900000095367432,ok,,2.1256899000717384,8.378675943754263,2025-01-01T00:00:00,fixed,6.100061905894247,10.370457927937423,0.12024724030889256,2025-01-01T00:00:00
120,2025-05-19 08:00:00,7.599999904632568,ok,,2.093831139865569,8.115949014652786,2025-01-01T00:00:00,fixed,5.9087846035348965,10.045275454826731,0.10311401521530617,2025-01-01T00:00:00
120,2025-05-20 08:00:00,11.300000190734863,ok,,2.181105711005753,8.85609312663808,2025-01-01T00:00:00,fixed,6.447643599001714,10.961366902387221,0.17099076227375898,2025-01-01T00:00:00
120,2025-05-21 08:00:00,10.199999809265137,ok,,2.143696917177312,8.530917499237109,2025-01-01T00:00:00,fixed,6.210900768660775,10.558890403022643,0.13439658864097315,2025-01-01T00:00:00
120,2025-05-21 20:02:41,9.0,ok,,2.1586952622906788,8.659831475583232,2025-01-01T00:00:00,fixed,6.304756079634168,10.71844985811974,0.14870328724745463,2025-01-01T00:00:00
120,2025-05-22 08:00:00,8.800000190734863,ok,,2.0548737379376023,7.805852227411404,2025-01-01T00:00:00,fixed,5.683019863176199,9.66146234315334,0.08208162639823346,2025-01-01T00:00:00
120,2025-05-23 08:00:00,10.0,ok,,2.2146620421818133,9.158313464902397,2025-01-01T00:00:00,fixed,6.6676739218126695,11.335431172682032,0.2394475662808334,2025-01-01T00:00:00
120,2025-05-24 08:00:00,8.0,ok,,2.212221796067133,9.135992171853536,2025-01-01T00:00:00,fixed,6.651422992628666,11.307803653487552,0.22859795873997346,2025-01-01T00:00:00
120,2025-05-25 08:00:00,8.300000190734863,ok,,2.2151788666261645,9.163047928507966,2025-01-01T00:00:00,fixed,6.671120829328731,11.341291114749549,0.24069228648294672,2025-01-01T00:00:00
120,2025-05-26 08:00:00,6.699999809265137,ok,,2.140368757214444,8.5025724357863,2025-01-01T00:00:00,fixed,6.19026425724332,10.52380714046963,0.13061011066322636,2025-01-01T00:00:00
120,2025-05-27 08:00:00,9.199999809265137,ok,,2.181798050645235,8.862226673964564,2025-01-01T00:00:00,fixed,6.452109103891204,10.968958518881918,0.17242205120556864,2025-01-01T00:00:00
120,2025-05-28 08:00:00,7.5,ok,,2.223899186931902,9.243302053690448,2025-01-01T00:00:00,fixed,6.7295495279802715,11.440623280635348,0.25712966594379616,2025-01-01T00:00:00
120,2025-05-29 08:00:00,8.699999809265137,ok,,2.187866909133841,8.916173806722766,2025-01-01T00:00:00,fixed,6.491385100681106,11.035729984249166,0.18844688126941667,2025-01-01T00:00:00
120,2025-05-30 08:00:00,10.0,ok,,2.17258967515079,8.780994545006804,2025-01-01T00:00:00,fixed,6.392968373456427,10.868415857797,0.16322617839837417,2025-01-01T00:00:00
120,2025-05-31 08:00:00,6.800000190734863,ok,,1.91336329784712,6.77583968510665,2025-01-01T00:00:00,fixed,4.933123302659357,8.386594833426843,0.03066885479343917,2025-01-01T00:00:00
120,2025-06-01 08:00:00,8.699999809265137,ok,,2.249870023796092,9.48650273660938,2025-01-01T00:00:00,fixed,6.906610823979805,11.741637721006024,0.2958773572685178,2025-01-01T00:00:00
120,2025-06-02 08:00:00,8.399999618530273,ok,,2.0443754101167797,7.72433249098823,2025-01-01T00:00:00,fixed,5.623669741262935,9.560563704448585,0.07604564968223104,2025-01-01T00:00:00
120,2025-06-03 08:00:00,23.299999237060547,ok,,2.060287801182003,7.848228214673952,2025-01-01T00:00:00,fixed,5.7138715332205114,9.713911965982906,0.08484067177192811,2025-01-01T00:00:00
120,2025-06-03 15:30:00,8.5,ok,,2.1122370360660847,8.266713551722555,2025-01-01T00:00:00,fixed,6.018548128883388,10.231879794128394,0.11391275943416235,2025-01-01T00:00:00
120,2025-06-04 08:00:00,6.900000095367432,ok,,2.133064818380762,8.440696411213214,2025-01-01T00:00:00,fixed,6.14521566210487,10.44722192415493,0.1253329977297628,2025-01-01T00:00:00
120,2025-06-05 08:00:00,9.199999809265137,ok,,2.2188248098293872,9.196516856654338,2025-01-01T00:00:00,fixed,6.695487750186792,11.382716289033064,0.24670645898695664,2025-01-01T00:00:00
120,2025-06-06 08:00:00,8.800000190734863,ok,,2.1870349064937886,8.908758611735058,2025-01-01T00:00:00,fixed,6.485986497277306,11.026552046331087,0.18552260574369095,2025-01-01T00:00:00
120,2025-06-07 08:00:00,9.100000381469727,ok,,2.207556725612144,9.093471383047948,2025-01-01T00:00:00,fixed,6.620465900393241,11.255174806837891,0.22020108736417243,2025-01-01T00:00:00
120,2025-06-08 08:00:00,9.100000381469727,ok,,2.2228471607084472,9.233582970800079,2025-01-01T00:00:00,fixed,6.722473588094571,11.428593773719301,0.254692626867679,2025-01-01T00:00:00
120,2025-06-09 08:00:00,9.300000190734863,ok,,2.2897798666134443,9.872764116945206,2025-01-01T00:00:00,fixed,7.187826895316362,12.219721301377179,0.407173946362945,2025-01-01T00:00:00
120,2025-06-10 08:00:00,8.800000190734863,ok,,2.1934736918696984,8.966305262855897,2025-01-01T00:00:00,fixed,6.527883109184787,11.097778708914598,0.19770455098335737,2025-01-01T00:00:00
120,2025-06-11 08:00:00,7.800000190734863,ok,,2.181410232902062,8.858790411581213,2025-01-01T00:00:00,fixed,6.44960734664411,10.964705386917498,0.1716203070734864,2025-01-01T00:00:00
120,2025-06-12 08:00:00,9.899999618530273,ok,,2.182520978923169,8.868635744602708,2025-01-01T00:00:00,fixed,6.456775202438799,10.976891156193137,0.17391657670099436,2025-01-01T00:00:00
120,2025-06-13 08:00:00,9.199999809265137,ok,,2.1104682967294606,8.25210481361244,2025-01-01T00:00:00,fixed,6.007912294840288,10.213798261321994,0.11309051534915993,2025-01-01T00:00:00
120,2025-06-14 08:00:00,8.300000190734863,ok,,2.192167841953292,8.954604255420469,2025-01-01T00:00:00,fixed,6.5193642369671965,11.083296133608167,0.19575659550294422,2025-01-01T00:00:00
120,2025-06-15 08:00:00,8.0,ok,,2.073825120158208,7.955194568700489,2025-01-01T00:00:00,fixed,5.791747964507494,9.84630640176055,0.09180574105252504,2025-01-01T00:00:00
120,2025-06-16 08:00:00,9.600000381469727,ok,,2.2060315930567604,9.079613204266233,2025-01-01T00:00:00,fixed,6.610376508102753,11.238022256604612,0.2175008219730209,2025-01-01T00:00:00
120,2025-06-17 08:00:00,9.300000190734863,ok,,2.2307174359246846,9.306540531463291,2025-01-01T00:00:00,fixed,6.775590051785994,11.518894833034857,0.26870804977794227,2025-01-01T00:00:00
120,2025-06-18 08:00:00,8.5,ok,,2.2140776451818414,9.152962937557046,2025-01-01T00:00:00,fixed,6.663778491525721,11.32880871597172,0.2361242085868258,2025-01-01T00:00:00
120,2025-06-19 08:00:00,10.600000381469727,ok,,2.150756889492034,8.591358645963997,2025-01-01T00:00:00,fixed,6.254904706654354,10.633699641792012,0.14184448246517645,2025-01-01T00:00:00
120,2025-06-20 08:00:00,8.300000190734863,ok,,2.145870874029758,8.549483519343488,2025-01-01T00:00:00,fixed,6.224417686220931,10.581869944383943,0.1368699192014622,2025-01-01T00:00:00
120,2025-06-21 08:00:00,3.200000047683716,ok,,2.134501063291386,8.452828028377223,2025-01-01T00:00:00,fixed,6.1540480380334595,10.462237473895934,0.1263234348988711,2025-01-01T00:00:00
120,2025-06-21 13:57:36,8.399999618530273,ok,,2.181060432796397,8.855692147677289,2025-01-01T00:00:00,fixed,6.447351667854095,10.960870602557653,0.17089715763781466,2025-01-01T00:00:00
120,2025-06-22 08:00:00,7.699999809265137,ok,,2.0514102396137868,7.778863436101931,2025-01-01T00:00:00,fixed,5.663370780330863,9.628057766263192,0.0803166028667841,2025-01-01T00:00:00
120,2025-06-23 08:00:00,7.599999904632568,ok,,2.1320093439283654,8.431792171716026,2025-01-01T00:00:00,fixed,6.138732965731079,10.43620096550875,0.12460514057882377,2025-01-01T00:00:00
120,2025-06-24 08:00:00,9.199999809265137,ok,,2.172490931101132,8.780127516853048,2025-01-01T00:00:00,fixed,6.392337137035831,10.867342719385723,0.16314295178049043,2025-01-01T00:00:00
120,2025-06-25 08:00:00,8.5,ok,,2.116417498192297,8.301344571031027,2025-01-01T00:00:00,fixed,6.043761105619096,10.274743312320409,0.11585615504067115,2025-01-01T00:00:00
120,2025-06-26 08:00:00,7.199999809265137,ok,,1.8615869761016919,6.433939181518222,2025-01-01T00:00:00,fixed,4.6842039923117,7.963417614042021,0.018670162359643694,2025-01-01T00:00:00
120,2025-06-27 08:00:00,8.899999618530273,ok,,2.050191583840537,7.769389453200685,2025-01-01T00:00:00,fixed,5.656473284523537,9.616331624597501,0.07963167441574137,2025-01-01T00:00:00
120,2025-06-28 08:00:00,9.800000190734863,ok,,2.0720192028541655,7.940841109652837,2025-01-01T00:00:00,fixed,5.781297985376882,9.828540833050972,0.09085032446006636,2025-01-01T00:00:00
120,2025-06-29 08:00:00,8.5,ok,,2.1261537487978712,8.38256328341653,2025-01-01T00:00:00,fixed,6.102892068171467,10.375269367440486,0.12056711125555852,2025-01-01T00:00:00
120,2025-06-30 08:00:00,8.0,ok,,2.136116792355973,8.466496547638986,2025-01-01T00:00:00,fixed,6.163999349460036,10.479155278677126,0.12743764467530827,2025-01-01T00:00:00
120,2025-07-01 08:00:00,8.199999809265137,ok,,2.1583460331879336,8.656807738426329,2025-01-01T00:00:00,fixed,6.30255465974777,10.71470731703314,0.1484015510729545,2025-01-01T00:00:00
120,2025-07-02 08:00:00,8.800000190734863,ok,,2.182717851380523,8.870381906595087,2025-01-01T00:00:00,fixed,6.458046488776014,10.979052416468496,0.17432357545293664,2025-01-01T00:00:00
120,2025-07-03 08:00:00,9.300000190734863,ok,,2.1141059217363978,8.28217753993197,2025-01-01T00:00:00,fixed,6.029806624381091,10.251019887408098,0.11478155912450771,2025-01-01T00:00:00
120,2025-07-04 08:00:00,9.399999618530273,ok,,2.147234135257614,8.56114664688208,2025-01-01T00:00:00,fixed,6.232908980129342,10.596305634970271,0.13842091394774392,2025-01-01T00:00:00
120,2025-07-05 08:00:00,8.600000381469727,ok,,2.119666210590378,8.328357106280947,2025-01-01T00:00:00,fixed,6.06342747514643,10.30817727756942,0.11736640276224586,2025-01-01T00:00:00
120,2025-07-06 08:00:00,9.300000190734863,ok,,2.1748814801841476,8.801141950647297,2025-01-01T00:00:00,fixed,6.407636612504601,10.893352712254007,0.16515783081121604,2025-01-01T00:00:00
120,2025-07-07 08:00:00,8.5,ok,,2.1756682598266384,8.80806923473044,2025-01-01T00:00:00,fixed,6.412679994302699,10.901926752904505,0.16582096959164083,2025-01-01T00:00:00
120,2025-07-08 08:00:00,9.199999809265137,ok,,2.158269110710388,8.656141860938256,2025-01-01T00:00:00,fixed,6.30206987027432,10.713883146899152,0.1483350895612271,2025-01-01T00:00:00
120,2025-07-09 08:00:00,8.199999809265137,ok,,2.1360138610945807,8.46562512531883,2025-01-01T00:00:00,fixed,6.16336491388396,10.478076701516569,0.12736666308547484,2025-01-01T00:00:00
120,2025-07-10 08:00:00,7.599999904632568,ok,,2.1258011354738455,8.379608000979912,2025-01-01T00:00:00,fixed,6.10074048647362,10.37161155415592,0.12032394844965089,2025-01-01T00:00:00
120,2025-07-11 08:00:00,9.100000381469727,ok,,2.214046595838615,9.152678748481225,2025-01-01T00:00:00,fixed,6.6635715887922675,11.328456969362332,0.23594763671238095,2025-01-01T00:00:00
120,2025-07-12 08:00:00,8.800000190734863,ok,,2.19131046014439,8.94693003096629,2025-01-01T00:00:00,fixed,6.51377704818409,11.073797589641808,0.19447762647865274,2025-01-01T00:00:00
120,2025-07-13 08:00:00,8.5,ok,,2.1926685418471794,8.959088947469686,2025-01-01T00:00:00,fixed,6.522629299288826,11.088846928331387,0.1965034968811855,2025-01-01T00:00:00
120,2025-07-14 08:00:00,9.800000190734863,ok,,2.1823516606179054,8.867134249347334,2025-01-01T00:00:00,fixed,6.45568204475247,10.975032724923164,0.17356654125241322,2025-01-01T00:00:00
120,2025-07-15 08:00:00,9.399999618530273,ok,,2.182639913318326,8.869690593158502,2025-01-01T00:00:00,fixed,6.457543180760778,10.978196763742783,0.17416245238641215,2025-01-01T00:00:00
120,2025-07-16 08:00:00,9.100000381469727,ok,,2.093630072795004,8.114317328604217,2025-01-01T00:00:00,fixed,5.907596660956132,10.043255883759432,0.10297540981441633,2025-01-01T00:00:00
120,2025-07-17 08:00:00,8.100000381469727,ok,,2.200231569402897,9.027103658420415,2025-01-01T00:00:00,fixed,6.5721471407826515,11.173030121849111,0.20770116258285287,2025-01-01T00:00:00
120,2025-07-18 08:00:00,9.399999618530273,ok,,2.06680307053906,7.8995284714947225,2025-01-01T00:00:00,fixed,5.7512204824453885,9.7774073390733,0.08816089966112994,2025-01-01T00:00:00
120,2025-07-19 08:00:00,7.900000095367432,ok,,2.199389774775051,9.019507888543428,2025-01-01T00:00:00,fixed,6.566617070544394,11.163628682711424,0.20645902812857475,2025-01-01T00:00:00
120,2025-07-20 08:00:00,9.5,ok,,2.1942967442388635,8.973688039434258,2025-01-01T00:00:00,fixed,6.533258110493789,11.106916521906914,0.1989323102786935,2025-01-01T00:00:00
120,2025-07-21 08:00:00,9.300000190734863,ok,,2.156705570542771,8.642618210582416,2025-01-01T00:00:00,fixed,6.292224030082136,10.697144649314467,0.14698418087364717,2025-01-01T00:00:00
120,2025-07-22 08:00:00,9.899999618530273,ok,,2.188198371872413,8.91912967596352,2025-01-01T00:00:00,fixed,6.4935371095993855,11.039388523833164,0.18961188763770764,2025-01-01T00:00:00
120,2025-07-23 08:00:00,8.5,ok,,2.1750174038073933,8.802338315055179,2025-01-01T00:00:00,fixed,6.40850762088338,10.894833476857114,0.16527239430635776,2025-01-01T00:00:00
120,2025-07-24 08:00:00,8.199999809265137,ok,,2.1509497492987886,8.593015733519872,2025-01-01T00:00:00,fixed,6.256111142700118,10.63575065282245,0.14201111456956728,2025-01-01T00:00:00
120,2025-07-24 11:00:00,120.0,abstain,outside_training_support,2.036993122898673,7.667519213954076,2025-01-01T00:00:00,fixed,5.582307059460758,9.490244753914386,0.0714940207572089,2025-01-01T00:00:00
120,2025-07-24 11:15:00,45.900001525878906,abstain,outside_training_support,2.15472848627852,8.625547906391702,2025-01-01T00:00:00,fixed,6.279796062582877,10.67601638601663,0.14527596744621463,2025-01-01T00:00:00
120,2025-07-24 13:20:00,2.0999999046325684,ok,,1.7828133937212536,5.9465629293838385,2025-01-01T00:00:00,fixed,4.329371638197485,7.360182096668528,0.01132044829414991,2025-01-01T00:00:00
120,2025-07-25 08:00:00,9.600000381469727,ok,,1.939511068352378,6.955349448683436,2025-01-01T00:00:00,fixed,5.063814676556817,8.608777725249356,0.038368121466399674,2025-01-01T00:00:00
120,2025-07-26 08:00:00,7.300000190734863,ok,,1.98618670839967,7.287690619612276,2025-01-01T00:00:00,fixed,5.305774352542916,9.020123163833617,0.05270811947140197,2025-01-01T00:00:00
120,2025-07-27 08:00:00,8.899999618530273,ok,,2.205016777986005,9.070403749686927,2025-01-01T00:00:00,fixed,6.603671601094723,11.226623527032652,0.21570644070339196,2025-01-01T00:00:00
120,2025-07-28 08:00:00,10.199999809265137,ok,,2.134659716271582,8.454169201122722,2025-01-01T00:00:00,fixed,6.155024473550117,10.463897470728925,0.12643284228991813,2025-01-01T00:00:00
120,2025-07-28 14:00:00,35.099998474121094,abstain,outside_training_support,2.004179374344996,7.420002353369919,2025-01-01T00:00:00,fixed,5.402103387370843,9.183888092506974,0.056694081329176194,2025-01-01T00:00:00
120,2025-07-28 19:26:26,3.5,ok,,1.5516048112428247,4.719037273161972,2025-01-01T00:00:00,fixed,3.4356764357223697,5.840848581591842,0.010000000000000009,2025-01-01T00:00:00
120,2025-07-29 08:00:00,8.300000190734863,ok,,2.0467744616706898,7.742885809138468,2025-01-01T00:00:00,fixed,5.637177411214124,9.583527524339974,0.07752481083144958,2025-01-01T00:00:00
120,2025-07-30 08:00:00,10.0,ok,,2.12195082780902,8.347405965719668,2025-01-01T00:00:00,fixed,6.077295921974177,10.331754439010032,0.11842846598186563,2025-01-01T00:00:00
120,2025-07-31 08:00:00,6.599999904632568,ok,,2.2006386004108958,9.030778717402555,2025-01-01T00:00:00,fixed,6.574822752949699,11.177578817229241,0.20830176898050679,2025-01-01T00:00:00
120,2025-08-01 08:00:00,5.300000190734863,ok,,2.1032438648234173,8.192702875294863,2025-01-01T00:00:00,fixed,5.964664948421855,10.140275271974307,0.10960266854168488,2025-01-01T00:00:00
120,2025-08-03 08:00:00,10.199999809265137,ok,,2.159581747156095,8.667511688816829,2025-01-01T00:00:00,fixed,6.3103476285244575,10.727955814520401,0.1494692158311276,2025-01-01T00:00:00
120,2025-08-04 08:00:00,7.5,ok,,2.1642082242780103,8.707704637536159,2025-01-01T00:00:00,fixed,6.339609945985383,10.777703446066441,0.15468385714527366,2025-01-01T00:00:00
120,2025-08-05 08:00:00,6.599999904632568,ok,,2.180754798785471,8.852985960539149,2025-01-01T00:00:00,fixed,6.445381439003808,10.957521099599239,0.17026531373913167,2025-01-01T00:00:00
120,2025-08-05 12:05:08,3.5999999046325684,abstain,outside_training_support,2.2705214142786505,9.684449107877942,2025-01-01T00:00:00,fixed,7.0507248972404435,11.986639977807556,0.3573282712517587,2025-01-01T00:00:00
120,2025-08-06 08:00:00,7.900000095367432,ok,,2.0346628844432506,7.649672867021475,2025-01-01T00:00:00,fixed,5.569314097110414,9.468155966703339,0.0700572870671562,2025-01-01T00:00:00
120,2025-08-07 08:00:00,6.300000190734863,ok,,1.9381108375504013,6.9456171694555815,2025-01-01T00:00:00,fixed,5.056729129129766,8.59673188495753,0.037955820526786366,2025-01-01T00:00:00
120,2025-08-08 08:00:00,7.400000095367432,ok,,2.048729817517716,7.758040717969393,2025-01-01T00:00:00,fixed,5.648210882691886,9.602285063775545,0.07873040659995423,2025-01-01T00:00:00
120,2025-08-09 08:00:00,7.599999904632568,ok,,2.149656073682233,8.581906346113927,2025-01-01T00:00:00,fixed,6.248022997106739,10.622000337680545,0.14089337057711282,2025-01-01T00:00:00
120,2025-08-10 08:00:00,9.300000190734863,ok,,2.193313029427065,8.964864830065794,2025-01-01T00:00:00,fixed,6.5268344077849605,11.095995855902013,0.19746488846035826,2025-01-01T00:00:00
120,2025-08-12 08:00:00,8.0,ok,,2.125441701707248,8.376596628140472,2025-01-01T00:00:00,fixed,6.098548068379684,10.367884316636966,0.12007608225382516,2025-01-01T00:00:00
120,2025-08-13 08:00:00,9.199999809265137,ok,,2.1390725206455263,8.491558230515185,2025-01-01T00:00:00,fixed,6.1822454086270175,10.510174634195307,0.129475920416516,2025-01-01T00:00:00
120,2025-08-14 08:00:00,10.5,ok,,2.099955188786648,8.165803984784326,2025-01-01T00:00:00,fixed,5.94508131749787,10.106981967134695,0.10733562272860475,2025-01-01T00:00:00
120,2025-08-14 12:00:00,11.800000190734863,abstain,outside_training_support,1.4983852191320919,4.474457964468345,2025-01-01T00:00:00,fixed,3.2576114366762985,5.538127788010847,0.010000000000000009,2025-01-01T00:00:00
120,2025-08-14 18:00:00,4.699999809265137,ok,,1.937533954709251,6.941611517596324,2025-01-01T00:00:00,fixed,5.053812830125131,8.591774008037689,0.0377859561464875,2025-01-01T00:00:00
120,2025-08-15 08:00:00,8.100000381469727,ok,,2.0698685226963884,7.923781251966713,2025-01-01T00:00:00,fixed,5.768877623414003,9.80742549960471,0.08972307601762253,2025-01-01T00:00:00
120,2025-08-16 08:00:00,8.300000190734863,ok,,2.0840858754009983,8.037241082837404,2025-01-01T00:00:00,fixed,5.8514816048532685,9.947857043974496,0.09723417112967991,2025-01-01T00:00:00
120,2025-08-16 18:00:00,5.199999809265137,ok,,2.1119817738718645,8.264603641583953,2025-01-01T00:00:00,fixed,6.017012017145957,10.229268315361226,0.11379409422161446,2025-01-01T00:00:00
120,2025-08-17 08:00:00,7.900000095367432,ok,,2.0960584187533384,8.134045642184454,2025-01-01T00:00:00,fixed,5.921959781686208,10.067674019434616,0.10464938787610478,2025-01-01T00:00:00
120,2025-08-18 08:00:00,9.199999809265137,ok,,2.1664444501337212,8.727198820364627,2025-01-01T00:00:00,fixed,6.353802608746987,10.801831793339836,0.15729446924281099,2025-01-01T00:00:00
120,2025-08-19 08:00:00,6.699999809265137,ok,,2.1829414882537166,8.872365872904451,2025-01-01T00:00:00,fixed,6.4594909076063365,10.98150801199216,0.17478590486915468,2025-01-01T00:00:00
120,2025-08-20 08:00:00,7.099999904632568,ok,,2.177033659604289,8.820103984757864,2025-01-01T00:00:00,fixed,6.421441846495345,10.916822408216927,0.16697179949933527,2025-01-01T00:00:00
120,2025-08-21 08:00:00,6.599999904632568,ok,,2.1019215779951,8.181876931273516,2025-01-01T00:00:00,fixed,5.956783162664381,10.12687578048457,0.10869115132797591,2025-01-01T00:00:00
120,2025-08-22 08:00:00,8.5,ok,,1.8130988468823996,6.129412142396258,2025-01-01T00:00:00,fixed,4.462494285058084,7.586498293097542,0.014146134448720482,2025-01-01T00:00:00
120,2025-08-23 08:00:00,11.399999618530273,ok,,2.13577394307554,8.463594312932806,2025-01-01T00:00:00,fixed,6.161886388952674,10.475563123649351,0.12720121517207295,2025-01-01T00:00:00
120,2025-08-23 20:00:00,8.899999618530273,ok,,2.103455503807319,8.194436954099665,2025-01-01T00:00:00,fixed,5.965927437642107,10.142421576642207,0.10974856168134783,2025-01-01T00:00:00
120,2025-08-24 08:00:00,9.399999618530273,ok,,2.1627440964927835,8.694964773900796,2025-01-01T00:00:00,fixed,6.3303347386172915,10.761935057275052,0.1529746068480855,2025-01-01T00:00:00
120,2025-08-25 08:00:00,10.899999618530273,ok,,2.2489121432585186,9.477420150978817,2025-01-01T00:00:00,fixed,6.899998283408484,11.73039601971683,0.2948012542256363,2025-01-01T00:00:00
120,2025-08-27 08:00:00,8.699999809265137,ok,,2.2511678554398715,9.498822612883126,2025-01-01T00:00:00,fixed,6.9155802612091835,11.756886282882858,0.2973353684987676,2025-01-01T00:00:00
120,2025-08-27 20:00:00,9.300000190734863,ok,,2.1035715611674295,8.195388034008994,2025-01-01T00:00:00,fixed,5.966619867611152,10.143598747623878,0.10982856571621602,2025-01-01T00:00:00
120,2025-08-28 08:00:00,7.800000190734863,ok,,2.126962025211111,8.389341450548295,2025-01-01T00:00:00,fixed,6.107826885962467,10.383658843002063,0.12112450017764598,2025-01-01T00:00:00
120,2025-08-29 08:00:00,8.0,ok,,2.144562109275178,8.538301575506596,2025-01-01T00:00:00,fixed,6.2162767162047645,10.568029824669146,0.13538092559041048,2025-01-01T00:00:00
120,2025-08-30 08:00:00,11.100000381469727,ok,,2.180343972001034,8.849349663779511,2025-01-01T00:00:00,fixed,6.442734047519653,10.953020381011665,0.16976190286125348,2025-01-01T00:00:00
120,2025-08-31 08:00:00,8.600000381469727,ok,,2.2503801277140116,9.491343073255068,2025-01-01T00:00:00,fixed,6.9101348119442845,11.74762870429242,0.2964504186856024,2025-01-01T00:00:00
120,2025-09-01 08:00:00,7.599999904632568,ok,,2.191990107871896,8.953012858485792,2025-01-01T00:00:00,fixed,6.518205626718568,11.081326429198008,0.1954914669659189,2025-01-01T00:00:00
120,2025-09-02 08:00:00,7.199999809265137,ok,,2.120916463013366,8.33877616680322,2025-01-01T00:00:00,fixed,6.071013030980523,10.321073161062253,0.11794761483701321,2025-01-01T00:00:00
120,2025-09-03 08:00:00,10.699999809265137,ok,,2.1347379658904315,8.454830762523525,2025-01-01T00:00:00,fixed,6.155506120713289,10.464716298753762,0.1264868033730201,2025-01-01T00:00:00
120,2025-09-04 08:00:00,7.300000190734863,ok,,1.6261050866059725,5.084034232104488,2025-01-01T00:00:00,fixed,3.7014110291066853,6.292612754349956,0.010000000000000009,2025-01-01T00:00:00
120,2025-09-05 08:00:00,9.699999809265137,ok,,2.118004119568904,8.31452611607735,2025-01-01T00:00:00,fixed,6.0533578773927825,10.291058379193235,0.1165937368963128,2025-01-01T00:00:00
120,2025-09-06 08:00:00,11.699999809265137,ok,,2.125233511298569,8.374852882586966,2025-01-01T00:00:00,fixed,6.097278541321242,10.365726047237235,0.11995450604120439,2025-01-01T00:00:00
120,2025-09-07 08:00:00,10.699999809265137,ok,,2.1569165728308444,8.644442015206502,2025-01-01T00:00:00,fixed,6.293551843830498,10.699402009457028,0.14716648819773215,2025-01-01T00:00:00
120,2025-09-08 08:00:00,9.800000190734863,ok,,2.206359812407111,9.082593798131104,2025-01-01T00:00:00,fixed,6.612546517685901,11.241711398359636,0.21808117466147692,2025-01-01T00:00:00
120,2025-09-09 08:00:00,8.399999618530273,ok,,2.1522578383262583,8.604263518061698,2025-01-01T00:00:00,fixed,6.26430004778129,10.649672264919223,0.14314131184107692,2025-01-01T00:00:00
120,2025-09-10 08:00:00,10.100000381469727,ok,,2.1825897914797987,8.869246039099833,2025-01-01T00:00:00,fixed,6.45721952493537,10.977646530126748,0.17405883440957703,2025-01-01T00:00:00
120,2025-09-11 08:00:00,8.699999809265137,ok,,2.1326751505390518,8.437407983998904,2025-01-01T00:00:00,fixed,6.142821535668309,10.443151770791316,0.1250642820593496,2025-01-01T00:00:00
120,2025-09-12 08:00:00,9.899999618530273,ok,,2.1761771743345335,8.812552929762493,2025-01-01T00:00:00,fixed,6.415944330749923,10.907476313599268,0.16624990919287097,2025-01-01T00:00:00
120,2025-09-13 08:00:00,9.800000190734863,ok,,2.1899770734601063,8.93500826352709,2025-01-01T00:00:00,fixed,6.505097452518261,11.059041775180809,0.19248859399756357,2025-01-01T00:00:00
120,2025-09-14 08:00:00,9.899999618530273,ok,,2.2058940088434027,9.078364078757877,2025-01-01T00:00:00,fixed,6.6094670872133,11.23647618851246,0.21725754756514082,2025-01-01T00:00:00
120,2025-09-15 08:00:00,8.300000190734863,ok,,2.1551307594592854,8.629018430986532,2025-01-01T00:00:00,fixed,6.282322764297624,10.680311925018279,0.1456235340427955,2025-01-01T00:00:00
120,2025-09-16 08:00:00,9.199999809265137,ok,,2.2052854420381696,9.072840968494967,2025-01-01T00:00:00,fixed,6.6054460086153215,11.229640122408775,0.21618148857853614,2025-01-01T00:00:00
120,2025-09-17 08:00:00,9.300000190734863,ok,,2.225313649236452,9.256385606930039,2025-01-01T00:00:00,fixed,6.739074957206361,11.456817061052437,0.26027375151291277,2025-01-01T00:00:00
120,2025-09-18 08:00:00,9.600000381469727,ok,,2.1865163442406113,8.904140063402256,2025-01-01T00:00:00,fixed,6.482623981417451,11.0208355749584,0.1836999926502566,2025-01-01T00:00:00
120,2025-09-19 08:00:00,9.600000381469727,ok,,2.1912386162427295,8.946287271694425,2025-01-01T00:00:00,fixed,6.513309089836581,11.073002033395046,0.194370455876415,2025-01-01T00:00:00
120,2025-09-20 08:00:00,8.5,ok,,2.239408752919391,9.387779149246377,2025-01-01T00:00:00,fixed,6.834735506384405,11.61944552547109,0.28082349584012445,2025-01-01T00:00:00
120,2025-09-21 08:00:00,7.599999904632568,ok,,2.1531334143812026,8.61180050428937,2025-01-01T00:00:00,fixed,6.2697873208159915,10.659000946336455,0.1438978151428526,2025-01-01T00:00:00
120,2025-09-22 08:00:00,8.899999618530273,ok,,2.2117048468715685,9.131270548574438,2025-01-01T00:00:00,fixed,6.647985433461543,11.301959604153726,0.22766747849431346,2025-01-01T00:00:00
120,2025-09-23 08:00:00,10.199999809265137,ok,,2.191798247423351,8.951295294194532,2025-01-01T00:00:00,fixed,6.516955160824627,11.079200564879992,0.19520526591974807,2025-01-01T00:00:00
120,2025-09-24 08:00:00,10.5,ok,,2.2225231688883307,9.23059185002267,2025-01-01T00:00:00,fixed,6.720295914434354,11.424891602590147,0.2539420935555211,2025-01-01T00:00:00
120,2025-09-25 08:00:00,9.800000190734863,ok,,2.1457151396049454,8.548152174115991,2025-01-01T00:00:00,fixed,6.223448405589914,10.580222111270215,0.13669273872440924,2025-01-01T00:00:00
120,2025-09-26 08:00:00,7.599999904632568,ok,,2.204955765604064,9.069850359630987,2025-01-01T00:00:00,fixed,6.6032687076516545,11.225938584885302,0.21559855949574624,2025-01-01T00:00:00
120,2025-09-27 08:00:00,8.399999618530273,ok,,2.1658229595368788,8.721776633454612,2025-01-01T00:00:00,fixed,6.349855006997205,10.795120642126305,0.15656892943810874,2025-01-01T00:00:00
120,2025-09-28 08:00:00,9.399999618530273,ok,,2.117282140925435,8.308525372256078,2025-01-01T00:00:00,fixed,6.048989059570385,10.28363113630276,0.11625810650872648,2025-01-01T00:00:00
120,2025-09-28 15:00:00,15.300000190734863,ok,,2.156144162815511,8.63776753966471,2025-01-01T00:00:00,fixed,6.288692518291757,10.691140875089037,0.14649912101286633,2025-01-01T00:00:00
120,2025-09-28 18:00:00,8.300000190734863,ok,,1.9853666407364092,7.281716670051506,2025-01-01T00:00:00,fixed,5.301425042175978,9.01272908474529,0.05252644775935644,2025-01-01T00:00:00
120,2025-09-29 08:00:00,9.199999809265137,ok,,2.2205782406193597,9.21265645817329,2025-01-01T00:00:00,fixed,6.707238123284282,11.402692602671348,0.24959883406164673,2025-01-01T00:00:00
120,2025-09-30 08:00:00,8.300000190734863,ok,,2.168724025207031,8.747115817775937,2025-01-01T00:00:00,fixed,6.368303099994544,10.826483466837104,0.1599556880317936,2025-01-01T00:00:00
120,2025-10-01 08:00:00,9.800000190734863,ok,,2.1884737544525925,8.921586187131307,2025-01-01T00:00:00,fixed,6.495325562846249,11.042428997756021,0.19024607097657642,2025-01-01T00:00:00
120,2025-10-02 08:00:00,9.699999809265137,ok,,2.222611708929202,9.231409163184274,2025-01-01T00:00:00,fixed,6.720890956051402,11.425903207742712,0.2541471982711585,2025-01-01T00:00:00
120,2025-10-03 08:00:00,10.399999618530273,ok,,2.1794713003438324,8.841630455800159,2025-01-01T00:00:00,fixed,6.437114108658832,10.943466160019678,0.16902636982606223,2025-01-01T00:00:00
120,2025-10-05 08:00:00,9.699999809265137,ok,,2.187175840930318,8.910014251089514,2025-01-01T00:00:00,fixed,6.4869006605466675,11.028106176743275,0.1860179540799044,2025-01-01T00:00:00
120,2025-10-06 08:00:00,9.800000190734863,ok,,2.1469918859381445,8.55907296611701,2025-01-01T00:00:00,fixed,6.231399245044122,10.593738998036883,0.13814530468510944,2025-01-01T00:00:00
120,2025-10-06 12:00:00,5.199999809265137,ok,,2.10712898126861,8.224594390977723,2025-01-01T00:00:00,fixed,5.987883440370246,10.179748050712549,0.11153814845778842,2025-01-01T00:00:00
120,2025-10-07 08:00:00,9.300000190734863,ok,,2.1495002263576395,8.580568983184897,2025-01-01T00:00:00,fixed,6.247049335311905,10.62034505633502,0.14075871749362334,2025-01-01T00:00:00
120,2025-10-08 08:00:00,9.800000190734863,ok,,2.1840784046034227,8.882458747015574,2025-01-01T00:00:00,fixed,6.466838984712975,10.994000167917989,0.1771362769913487,2025-01-01T00:00:00
120,2025-10-09 08:00:00,12.699999809265137,ok,,2.1790956215326904,8.838309466433694,2025-01-01T00:00:00,fixed,6.434696275476091,10.939355703816902,0.1687097281958042,2025-01-01T00:00:00
120,2025-10-09 14:00:00,8.699999809265137,ok,,2.116518596934532,8.302183868951287,2025-01-01T00:00:00,fixed,6.044372153152792,10.275782128456692,0.11590315339768331,2025-01-01T00:00:00
120,2025-10-09 20:00:00,9.0,ok,,2.2342333271413652,9.339318904406518,2025-01-01T00:00:00,fixed,6.79945421665768,11.55946529307364,0.273635448125343,2025-01-01T00:00:00
120,2025-10-10 08:00:00,10.199999809265137,ok,,2.319336692341685,10.168926941414314,2025-01-01T00:00:00,fixed,7.403447069149767,12.586288063428109,0.46551883593595644,2025-01-01T00:00:00
120,2025-10-10 18:00:00,9.600000381469727,ok,,2.0977583668661874,8.147884857364836,2025-01-01T00:00:00,fixed,5.932035367601697,10.08480309803215,0.10582124555031769,2025-01-01T00:00:00
120,2025-10-11 08:00:00,9.0,ok,,2.18862755958106,8.922958478370964,2025-01-01T00:00:00,fixed,6.496324654059588,11.044127510583259,0.1904755043434203,2025-01-01T00:00:00
120,2025-10-12 08:00:00,10.5,ok,,2.1529353303308847,8.610094812905656,2025-01-01T00:00:00,fixed,6.268545498945466,10.656889777358016,0.14372666925866762,2025-01-01T00:00:00
120,2025-10-14 08:00:00,9.199999809265137,ok,,2.276071804531399,9.73835102978163,2025-01-01T00:00:00,fixed,7.089967978446404,12.053355484779019,0.36942038830087076,2025-01-01T00:00:00
120,2025-10-15 08:00:00,9.100000381469727,ok,,2.2129954877008706,9.143063347664839,2025-01-01T00:00:00,fixed,6.65657113423075,11.316555791861736,0.2299905613160138,2025-01-01T00:00:00
120,2025-10-16 08:00:00,12.199999809265137,ok,,2.1463718523384085,8.553767698187578,2025-01-01T00:00:00,fixed,6.227536765696054,10.587172559827795,0.1374398867974307,2025-01-01T00:00:00
120,2025-10-16 13:00:00,9.699999809265137,ok,,1.9993090704542016,7.383952545057446,2025-01-01T00:00:00,fixed,5.37585746690824,9.139268510257418,0.05561515030230857,2025-01-01T00:00:00
120,2025-10-17 08:00:00,10.399999618530273,ok,,2.1341680350608985,8.450013466706576,2025-01-01T00:00:00,fixed,6.151998907533109,10.458753833570544,0.12609377800999555,2025-01-01T00:00:00
120,2025-10-18 08:00:00,10.800000190734863,ok,,2.1871059865046667,8.909391868899787,2025-01-01T00:00:00,fixed,6.486447537653271,11.027335841626247,0.18577243372039776,2025-01-01T00:00:00
120,2025-10-18 14:00:00,8.0,ok,,2.229320941912815,9.293553073903908,2025-01-01T00:00:00,fixed,6.766134584640082,11.502819992199074,0.2665283843505325,2025-01-01T00:00:00
120,2025-10-19 08:00:00,6.5,ok,,2.1827252474978036,8.870447513222608,2025-01-01T00:00:00,fixed,6.458094253421883,10.979133619128088,0.17433886560851652,2025-01-01T00:00:00
120,2025-10-20 08:00:00,10.5,ok,,2.20010217572051,9.025935683802661,2025-01-01T00:00:00,fixed,6.571296801478369,11.171584495867675,0.20751023198560015,2025-01-01T00:00:00
120,2025-10-21 08:00:00,10.100000381469727,ok,,2.122490775928168,8.351914348907602,2025-01-01T00:00:00,fixed,6.080578232535714,10.337334556738337,0.11867947478682883,2025-01-01T00:00:00
120,2025-10-21 14:00:00,11.0,ok,,2.115112151572488,8.290515508333222,2025-01-01T00:00:00,fixed,6.035877049321553,10.26133996078128,0.11524933100798795,2025-01-01T00:00:00
120,2025-10-21 20:00:00,10.0,ok,,2.0388392437167684,7.681687454916431,2025-01-01T00:00:00,fixed,5.592622191296406,9.507781074426044,0.07263226648871046,2025-01-01T00:00:00
120,2025-10-22 08:00:00,9.300000190734863,ok,,2.0729173817210858,7.947976609320903,2025-01-01T00:00:00,fixed,5.786492957708655,9.837372586373244,0.09132550402146178,2025-01-01T00:00:00
120,2025-10-22 18:00:00,11.0,ok,,2.171260626786982,8.769331930380309,2025-01-01T00:00:00,fixed,6.384477452971641,10.853980802052424,0.16210598735185588,2025-01-01T00:00:00
120,2025-10-23 00:00:00,6.699999809265137,ok,,2.1526824368418964,8.607917651294501,2025-01-01T00:00:00,fixed,6.266960425039239,10.654195060073047,0.1435081676695289,2025-01-01T00:00:00
120,2025-10-23 08:00:00,9.100000381469727,ok,,2.1619357081039916,8.687938705615254,2025-01-01T00:00:00,fixed,6.325219437371061,10.753238749404552,0.15203087904800694,2025-01-01T00:00:00
120,2025-10-23 19:00:00,6.5,ok,,2.162264465046093,8.690795395329836,2025-01-01T00:00:00,fixed,6.327299239027296,10.756774532468263,0.1524146760817492,2025-01-01T00:00:00
120,2025-10-24 08:00:00,7.0,ok,,2.0991371635916947,8.159126882778896,2025-01-01T00:00:00,fixed,5.94022007977266,10.098717581939146,0.10677171780988404,2025-01-01T00:00:00
120,2025-10-25 08:00:00,7.199999809265137,ok,,2.1664508012942263,8.72725424838111,2025-01-01T00:00:00,fixed,6.353842962895321,10.801900397725165,0.1573018837069653,2025-01-01T00:00:00
120,2025-10-26 08:00:00,7.199999809265137,ok,,2.230468840312946,9.304227253873943,2025-01-01T00:00:00,fixed,6.7739058791798135,11.516031642230367,0.2683200386187774,2025-01-01T00:00:00
120,2025-10-27 08:00:00,10.399999618530273,ok,,2.1367206057889945,8.471610275698557,2025-01-01T00:00:00,fixed,6.167722378962871,10.485484644086734,0.12785403554489283,2025-01-01T00:00:00
120,2025-10-27 13:15:10,9.600000381469727,ok,,2.204969760715749,9.069977294087963,2025-01-01T00:00:00,fixed,6.603361121781373,11.226095694248942,0.21562330544897157,2025-01-01T00:00:00
120,2025-10-27 16:46:34,5.599999904632568,ok,,1.9545552626493299,7.060778133556612,2025-01-01T00:00:00,fixed,5.14057161389401,8.739268956586457,0.04328689447761136,2025-01-01T00:00:00
120,2025-10-27 20:00:00,7.699999809265137,ok,,2.144411111215215,8.537012405866824,2025-01-01T00:00:00,fixed,6.215338141343701,10.566434193139656,0.13520913371889276,2025-01-01T00:00:00
120,2025-10-28 08:00:00,9.899999618530273,ok,,2.1026214496526614,8.187605199335781,2025-01-01T00:00:00,fixed,5.9609536055873384,10.13396577457653,0.10917360721393976,2025-01-01T00:00:00
120,2025-10-28 12:00:00,7.800000190734863,ok,,1.8703951824754699,6.490860967022101,2025-01-01T00:00:00,fixed,4.725645673276402,8.03387086772002,0.019491983537770152,2025-01-01T00:00:00
120,2025-10-29 08:00:00,9.199999809265137,ok,,2.065314333693727,7.887776902066105,2025-01-01T00:00:00,fixed,5.742664798768492,9.762862182157718,0.0874022287109868,2025-01-01T00:00:00
120,2025-10-30 08:00:00,9.899999618530273,ok,,2.1216833167810316,8.34517324122127,2025-01-01T00:00:00,fixed,6.075670395727492,10.328990950407446,0.11830410658312218,2025-01-01T00:00:00
120,2025-10-31 08:00:00,10.199999809265137,ok,,2.174220895128812,8.79532996767071,2025-01-01T00:00:00,fixed,6.403405221269138,10.88615910250693,0.16460105538858916,2025-01-01T00:00:00
120,2025-11-01 08:00:00,7.800000190734863,ok,,2.159957887995852,8.670772507167094,2025-01-01T00:00:00,fixed,6.312721654436669,10.731991795830464,0.14979420391822973,2025-01-01T00:00:00
120,2025-11-02 08:00:00,10.100000381469727,ok,,2.225839727790914,9.261256474006691,2025-01-01T00:00:00,fixed,6.7426211727304395,11.462845832475285,0.26109486154096573,2025-01-01T00:00:00
120,2025-11-03 03:00:00,8.5,ok,,2.076925759980941,7.979899041822041,2025-01-01T00:00:00,fixed,5.809733958524401,9.876883631487388,0.09344612775641548,2025-01-01T00:00:00
120,2025-11-03 08:00:00,9.5,ok,,2.2250531992683515,9.253975095516425,2025-01-01T00:00:00,fixed,6.737319993898719,11.45383352196255,0.2598029578214588,2025-01-01T00:00:00
120,2025-11-04 08:00:00,9.399999618530273,ok,,2.1846109719459403,8.887190514346033,2025-01-01T00:00:00,fixed,6.470283929216599,10.999856772750865,0.1782372651470453,2025-01-01T00:00:00
120,2025-11-05 08:00:00,8.899999618530273,ok,,2.1552364542990214,8.629930521907477,2025-01-01T00:00:00,fixed,6.28298680848777,10.68144083853464,0.14571485505915882,2025-01-01T00:00:00
120,2025-11-06 08:00:00,9.600000381469727,ok,,2.1714390864700968,8.770897042228261,2025-01-01T00:00:00,fixed,6.385616926466766,10.855917972875197,0.1622564024493297,2025-01-01T00:00:00
120,2025-11-07 08:00:00,9.899999618530273,ok,,2.159259953324932,8.664722985741621,2025-01-01T00:00:00,fixed,6.308317324272316,10.724504179905447,0.14919118390644082,2025-01-01T00:00:00
120,2025-11-08 08:00:00,8.800000190734863,ok,,2.2175079211645636,9.184414038630939,2025-01-01T00:00:00,fixed,6.686676341358702,11.367736384575164,0.24453418280014616,2025-01-01T00:00:00
120,2025-11-09 08:00:00,10.5,ok,,2.252102627593536,9.507705999078414,2025-01-01T00:00:00,fixed,6.922047775418945,11.767881430972398,0.29838551109954314,2025-01-01T00:00:00
120,2025-11-09 11:00:00,11.199999809265137,ok,,2.2097224865342335,9.113187009976292,2025-01-01T00:00:00,fixed,6.63481978465655,11.279577239985544,0.22409933843433005,2025-01-01T00:00:00
120,2025-11-09 15:00:09,8.100000381469727,ok,,2.2360895767474847,9.356671111475528,2025-01-01T00:00:00,fixed,6.81208742243332,11.580942473307607,0.27614583678118243,2025-01-01T00:00:00
120,2025-11-09 22:00:00,7.300000190734863,ok,,2.005451095974365,7.429444533492464,2025-01-01T00:00:00,fixed,5.408977729290829,9.195574871225496,0.056975809113361975,2025-01-01T00:00:00
120,2025-11-10 08:00:00,8.100000381469727,ok,,2.0932191632204793,8.110983762867107,2025-01-01T00:00:00,fixed,5.905169671596447,10.03912986152647,0.10269214967566587,2025-01-01T00:00:00
120,2025-11-11 08:00:00,9.100000381469727,ok,,2.1877959914757077,8.915541514977471,2025-01-01T00:00:00,fixed,6.490924763174945,11.034947383873309,0.18819762392089623,2025-01-01T00:00:00
120,2025-11-12 08:00:00,11.5,ok,,2.2031916829460396,9.053864498236765,2025-01-01T00:00:00,fixed,6.5916302644443485,11.206152558531794,0.21247933416015863,2025-01-01T00:00:00
120,2025-11-12 15:06:58,8.100000381469727,ok,,2.070691398521355,7.930304223430971,2025-01-01T00:00:00,fixed,5.773626647007881,9.815499114289098,0.09014785248736545,2025-01-01T00:00:00
120,2025-11-13 08:00:00,7.300000190734863,ok,,2.266853604935422,9.648993456988062,2025-01-01T00:00:00,fixed,7.024911550741076,11.942755796305677,0.3474996725391275,2025-01-01T00:00:00
120,2025-11-14 08:00:00,10.399999618530273,ok,,2.178192839182321,8.830333997238386,2025-01-01T00:00:00,fixed,6.428889766649813,10.929484303096702,0.1679488163032219,2025-01-01T00:00:00
120,2025-11-14 20:00:00,8.300000190734863,ok,,2.0594469467175154,7.841631770654687,2025-01-01T00:00:00,fixed,5.709069018223344,9.70574741282021,0.08441216631946691,2025-01-01T00:00:00
120,2025-11-15 08:00:00,9.199999809265137,ok,,2.0880598027960877,8.069244041959271,2025-01-01T00:00:00,fixed,5.874781232756973,9.987467758527817,0.09933656871012031,2025-01-01T00:00:00
120,2025-11-16 08:00:00,9.899999618530273,ok,,2.274196107285909,9.72010195180249,2025-01-01T00:00:00,fixed,7.0766818093493375,12.030768229146178,0.3653173805652967,2025-01-01T00:00:00
120,2025-11-17 08:00:00,9.199999809265137,ok,,2.12092716812012,8.338865434770092,2025-01-01T00:00:00,fixed,6.071078022170992,10.321183649843654,0.1179525913819034,2025-01-01T00:00:00
120,2025-11-18 08:00:00,9.800000190734863,ok,,2.2131986873571923,9.144921403766599,2025-01-01T00:00:00,fixed,6.657923884632059,11.318855545756074,0.23112573794204816,2025-01-01T00:00:00
120,2025-11-19 08:00:00,9.699999809265137,ok,,2.1031035934943616,8.191553754570217,2025-01-01T00:00:00,fixed,5.963828335619935,10.138852981840511,0.10950597262950768,2025-01-01T00:00:00
120,2025-11-20 08:00:00,6.099999904632568,ok,,2.261389715562238,9.596416193156847,2025-01-01T00:00:00,fixed,6.986632881609347,11.877679845619921,0.3250638273023517,2025-01-01T00:00:00
120,2025-11-21 08:00:00,10.399999618530273,ok,,2.0463501249153984,7.739600915097556,2025-01-01T00:00:00,fixed,5.634785857090492,9.579461744057063,0.07726318142144817,2025-01-01T00:00:00
120,2025-11-22 08:00:00,9.300000190734863,ok,,2.254145145008555,9.527145500159891,2025-01-01T00:00:00,fixed,6.936200627350772,11.791942097533424,0.30204942754678177,2025-01-01T00:00:00
120,2025-11-23 08:00:00,9.899999618530273,ok,,2.2584055619340417,9.567821699357474,2025-01-01T00:00:00,fixed,6.965814773412442,11.842287858042443,0.31741411977492473,2025-01-01T00:00:00
120,2025-11-23 20:51:00,9.899999618530273,ok,,2.227936571860581,9.280696258697835,2025-01-01T00:00:00,fixed,6.7567742311431624,11.486906850065774,0.264367642151892,2025-01-01T00:00:00
120,2025-11-24 00:38:00,10.699999809265137,ok,,2.0742631583236877,7.958680010858009,2025-01-01T00:00:00,fixed,5.794285526894799,9.850620404533476,0.09203748418411395,2025-01-01T00:00:00
120,2025-11-24 08:00:00,9.0,ok,,2.11369898664027,8.278807916874051,2025-01-01T00:00:00,fixed,6.027353383631499,10.246849236294516,0.11459238485284273,2025-01-01T00:00:00
120,2025-11-24 18:00:00,8.399999618530273,ok,,2.199010107894136,9.016084130100971,2025-01-01T00:00:00,fixed,6.564124416742049,11.159391027129413,0.2058987996615208,2025-01-01T00:00:00
120,2025-11-25 08:00:00,9.899999618530273,ok,,2.242064992541809,9.412748487781139,2025-01-01T00:00:00,fixed,6.852914334618575,11.65035058451639,0.2854844540632224,2025-01-01T00:00:00
120,2025-11-26 08:00:00,9.699999809265137,ok,,2.266300328622244,9.643656374039235,2025-01-01T00:00:00,fixed,7.021025908593882,11.936149979998868,0.34209753181052815,2025-01-01T00:00:00
120,2025-11-27 08:00:00,13.100000381469727,ok,,2.233362455880093,9.331189100492923,2025-01-01T00:00:00,fixed,6.793535345049728,11.549402869128102,0.2724576833851984,2025-01-01T00:00:00
120,2025-11-27 10:45:00,10.5,ok,,2.204781751623099,9.068272216176645,2025-01-01T00:00:00,fixed,6.602119746547,11.223985284577786,0.2152908705018638,2025-01-01T00:00:00
120,2025-11-27 20:00:00,8.600000381469727,ok,,2.25009123033398,9.488601445151883,2025-01-01T00:00:00,fixed,6.908138780439469,11.74423533532947,0.2961258653226956,2025-01-01T00:00:00
120,2025-11-28 08:00:00,9.0,ok,,2.1866300440809616,8.905152520262922,2025-01-01T00:00:00,fixed,6.483361096633336,11.022088713443274,0.1840996183778798,2025-01-01T00:00:00
120,2025-11-29 08:00:00,7.300000190734863,ok,,2.1320111754951254,8.431807615120439,2025-01-01T00:00:00,fixed,6.138744209240624,10.436220080125043,0.12460640363067754,2025-01-01T00:00:00
120,2025-11-30 08:00:00,8.699999809265137,ok,,2.1948724383698335,8.97885562630371,2025-01-01T00:00:00,fixed,6.537020351690293,11.113312549462863,0.19979108166074544,2025-01-01T00:00:00
120,2025-12-01 08:00:00,7.800000190734863,ok,,2.1694447977972797,8.753422771767859,2025-01-01T00:00:00,fixed,6.372894852921454,10.834289712294709,0.1605755122904028,2025-01-01T00:00:00
120,2025-12-02 08:00:00,8.399999618530273,ok,,2.1299406849577145,8.414367698061994,2025-01-01T00:00:00,fixed,6.126047146553831,10.414634339450092,0.12317858949440497,2025-01-01T00:00:00
120,2025-12-03 08:00:00,6.800000190734863,ok,,1.9261297589443063,6.862897707869554,2025-01-01T00:00:00,fixed,4.996505552053349,8.49434832197477,0.03442796643308921,2025-01-01T00:00:00
120,2025-12-04 08:00:00,7.800000190734863,ok,,2.1290374620931374,8.406771080002159,2025-01-01T00:00:00,fixed,6.120516458799404,10.405231850499215,0.12255572532239067,2025-01-01T00:00:00
120,2025-12-05 08:00:00,9.0,ok,,2.1195025494628648,8.32699418949789,2025-01-01T00:00:00,fixed,6.062435208969168,10.306490367698117,0.11729032066735712,2025-01-01T00:00:00
120,2025-12-06 08:00:00,8.300000190734863,ok,,2.0990612552290338,8.158507560322656,2025-01-01T00:00:00,fixed,5.939769184506136,10.097951033916598,0.10671939044962586,2025-01-01T00:00:00
120,2025-12-07 08:00:00,10.199999809265137,ok,,1.9788458823139148,7.234388829152971,2025-01-01T00:00:00,fixed,5.2669681946631455,8.954150451778316,0.05108188726816498,2025-01-01T00:00:00
120,2025-12-08 08:00:00,8.199999809265137,ok,,2.0055435151163095,7.430131188110898,2025-01-01T00:00:00,fixed,5.409477645471922,9.196424757637061,0.05699628296508785,2025-01-01T00:00:00
120,2025-12-09 08:00:00,9.100000381469727,ok,,2.047214722811805,7.746295451391744,2025-01-01T00:00:00,fixed,5.639659787780728,9.587747708027026,0.07779625859353989,2025-01-01T00:00:00
120,2025-12-10 04:00:00,9.800000190734863,ok,,1.9710414495086073,7.178148275921197,2025-01-01T00:00:00,fixed,5.226022482161721,8.884540373163354,0.04898966542926331,2025-01-01T00:00:00
120,2025-12-10 07:35:00,8.0,ok,,1.45924562183409,4.302712431417232,2025-01-01T00:00:00,fixed,3.1325727801265657,5.325554842503219,0.010000000000000009,2025-01-01T00:00:00
120,2025-12-10 18:00:00,7.800000190734863,ok,,2.1431038911615903,8.525859943001516,2025-01-01T00:00:00,fixed,6.20721863483238,10.552630562624055,0.13372189752822183,2025-01-01T00:00:00
120,2025-12-11 08:00:00,7.300000190734863,ok,,2.0794234574436876,7.999855327418964,2025-01-01T00:00:00,fixed,5.824263053380216,9.90158393277247,0.09476752912596231,2025-01-01T00:00:00
120,2025-12-11 15:00:00,10.5,ok,,2.0368645674622865,7.66653357603144,2025-01-01T00:00:00,fixed,5.58158946966671,9.48902480977554,0.07141475851429724,2025-01-01T00:00:00
120,2025-12-12 08:00:00,7.599999904632568,ok,,2.164978520456133,8.7144147331874,2025-01-01T00:00:00,fixed,6.344495204604026,10.786008668169645,0.1555831153826105,2025-01-01T00:00:00
120,2025-12-13 08:00:00,6.699999809265137,ok,,2.134751123308658,8.454942006999746,2025-01-01T00:00:00,fixed,6.155587111814531,10.464853988308544,0.12649587675316898,2025-01-01T00:00:00
120,2025-12-14 08:00:00,6.400000095367432,ok,,2.0619945604218195,7.861634688252409,2025-01-01T00:00:00,fixed,5.723632063323038,9.73050543148279,0.08571044849452103,2025-01-01T00:00:00
120,2025-12-14 12:22:00,11.0,ok,,2.1993023760722843,9.018719629701279,2025-01-01T00:00:00,fixed,6.566043181809795,11.162653038682022,0.20633006444031343,2025-01-01T00:00:00
120,2025-12-15 08:00:00,8.800000190734863,ok,,2.1098774698468006,8.247230688273957,2025-01-01T00:00:00,fixed,6.004363707151561,10.207765457082091,0.11281585423914309,2025-01-01T00:00:00
120,2025-12-16 08:00:00,7.400000095367432,ok,,2.0982398183979174,8.151808613483178,2025-01-01T00:00:00,fixed,5.934892042735834,10.089659610924869,0.10615313372264179,2025-01-01T00:00:00
120,2025-12-17 08:00:00,8.399999618530273,ok,,2.0715292340313134,7.936951298102897,2025-01-01T00:00:00,fixed,5.77846602345161,9.823726334042172,0.09059110752798849,2025-01-01T00:00:00
120,2025-12-18 08:00:00,9.300000190734863,ok,,2.167497573972203,8.736394482721257,2025-01-01T00:00:00,fixed,6.360497474381809,10.81321345199678,0.1585239058070671,2025-01-01T00:00:00
120,2025-12-19 08:00:00,9.399999618530273,ok,,2.187542938767155,8.91328569848117,2025-01-01T00:00:00,fixed,6.489282424890453,11.032155313834428,0.18730820866340148,2025-01-01T00:00:00
120,2025-12-20 08:00:00,9.100000381469727,ok,,2.1591711381670042,8.663953461174472,2025-01-01T00:00:00,fixed,6.307757074952587,10.723551723669914,0.14911444704293175,2025-01-01T00:00:00
120,2025-12-21 08:00:00,8.800000190734863,ok,,2.132598947033593,8.436765048430821,2025-01-01T00:00:00,fixed,6.142353448969034,10.442355996339131,0.12501173197985815,2025-01-01T00:00:00
120,2025-12-22 08:00:00,9.0,ok,,2.063435347135844,7.872969790833514,2025-01-01T00:00:00,fixed,5.7318845399575995,9.744535118895849,0.08644468371460667,2025-01-01T00:00:00
120,2025-12-23 08:00:00,8.300000190734863,ok,,2.0830471818955125,8.028897186848098,2025-01-01T00:00:00,fixed,5.845406864355751,9.93752963390481,0.09668465260665637,2025-01-01T00:00:00
120,2025-12-24 08:00:00,5.099999904632568,ok,,1.792368795574849,6.003657072142819,2025-01-01T00:00:00,fixed,4.370938803180559,7.430848680432878,0.012211984127389552,2025-01-01T00:00:00
120,2025-12-25 08:00:00,9.0,ok,,2.0793249181947697,7.999067066521505,2025-01-01T00:00:00,fixed,5.823689163149256,9.900608286199166,0.09471539715224797,2025-01-01T00:00:00
120,2025-12-26 08:00:00,6.199999809265137,ok,,2.1246835548225675,8.370248344272516,2025-01-01T00:00:00,fixed,6.093926225399876,10.360026916349712,0.11969884459350677,2025-01-01T00:00:00
120,2025-12-27 08:00:00,8.899999618530273,ok,,2.019107015733414,7.531596332814224,2025-01-01T00:00:00,fixed,5.483348943053515,9.322010234550307,0.06000303614948621,2025-01-01T00:00:00
120,2025-12-28 08:00:00,10.899999618530273,ok,,2.1866543360721997,8.905368846777408,2025-01-01T00:00:00,fixed,6.483518592297223,11.022356465177825,0.18418499848610193,2025-01-01T00:00:00
120,2025-12-28 22:00:00,10.5,ok,,2.147456328870062,8.56304909032981,2025-01-01T00:00:00,fixed,6.234294046562454,10.598660327987092,0.13867370564937975,2025-01-01T00:00:00
120,2025-12-29 00:30:00,7.900000095367432,ok,,2.069336834398852,7.919569390000886,2025-01-01T00:00:00,fixed,5.765811193956281,9.80221239223451,0.08945212385630774,2025-01-01T00:00:00
120,2025-12-29 08:00:00,4.699999809265137,ok,,1.509776418315084,4.525718813350518,2025-01-01T00:00:00,fixed,3.2949316951072305,5.601574385092717,0.010000000000000009,2025-01-01T00:00:00
120,2025-12-30 08:00:00,9.699999809265137,ok,,2.074904384667394,7.963784962681979,2025-01-01T00:00:00,fixed,5.798002166893991,9.856938907417467,0.09237672357615434,2025-01-01T00:00:00
120,2025-12-31 08:00:00,9.0,ok,,2.213933623704524,9.15164480923462,2025-01-01T00:00:00,fixed,6.6628188334102045,11.327177241690688,0.23530518507238585,2025-01-01T00:00:00
180,2025-01-01 07:00:00,3.5,ok,,1.505662163586895,4.5071371044772155,2025-01-01T00:00:00,fixed,3.291456581940353,5.633409245576695,0.010000000000000009,2025-01-01T00:00:00
180,2025-01-02 07:00:00,7.099999904632568,ok,,1.9032528069226387,6.707677775286347,2025-01-01T00:00:00,fixed,4.898459854054541,8.383835042007306,0.028228959735431713,2025-01-01T00:00:00
180,2025-01-03 07:00:00,7.699999809265137,ok,,1.923873752097284,6.847432415112665,2025-01-01T00:00:00,fixed,5.000519391727822,8.558512461810611,0.03175361280284705,2025-01-01T00:00:00
180,2025-01-04 07:00:00,5.400000095367432,ok,,2.0755455241407423,7.968892496724697,2025-01-01T00:00:00,fixed,5.819495402761203,9.96021013504596,0.09823068176621075,2025-01-01T00:00:00
180,2025-01-05 07:00:00,5.300000190734863,ok,,1.7042940985691268,5.497503601536286,2025-01-01T00:00:00,fixed,4.014698020954972,6.871254833965802,0.010000000000000009,2025-01-01T00:00:00
180,2025-01-06 07:00:00,4.800000190734863,ok,,1.4949819618540818,4.45925611540986,2025-01-01T00:00:00,fixed,3.25649021793536,5.573563449842757,0.010000000000000009,2025-01-01T00:00:00
180,2025-01-07 07:00:00,5.099999904632568,ok,,1.452927792658675,4.275614320038891,2025-01-01T00:00:00,fixed,3.122380919264884,5.344032072399312,0.010000000000000009,2025-01-01T00:00:00
180,2025-01-08 07:00:00,3.5999999046325684,ok,,1.6972483035231796,5.4589054548886375,2025-01-01T00:00:00,fixed,3.986510699183043,6.823011536469705,0.010000000000000009,2025-01-01T00:00:00
180,2025-01-09 07:00:00,3.9000000953674316,ok,,1.4405639488861177,4.223076744998935,2025-01-01T00:00:00,fixed,3.08401395967258,5.278366073316153,0.010000000000000009,2025-01-01T00:00:00
180,2025-01-10 07:00:00,3.5,ok,,1.484327315781086,4.411996533889291,2025-01-01T00:00:00,fixed,3.2219776532962445,5.514494342933275,0.010000000000000009,2025-01-01T00:00:00
180,2025-01-11 07:00:00,3.5999999046325684,ok,,1.3579081534799005,3.888051581978245,2025-01-01T00:00:00,fixed,2.839352935972039,4.859622687634189,0.010000000000000009,2025-01-01T00:00:00
180,2025-01-12 07:00:00,4.199999809265137,ok,,1.4306597206661302,4.181456875688165,2025-01-01T00:00:00,fixed,3.053619944667723,5.226345965842148,0.010000000000000009,2025-01-01T00:00:00
180,2025-01-13 07:00:00,6.0,ok,,1.4757645691943868,4.374379010134529,2025-01-01T00:00:00,fixed,3.1945064574375888,5.467476712627494,0.010000000000000009,2025-01-01T00:00:00
180,2025-01-14 07:00:00,1.600000023841858,ok,,1.4307692679826556,4.181914968159006,2025-01-01T00:00:00,fixed,3.0539544788616766,5.226918529378765,0.010000000000000009,2025-01-01T00:00:00
180,2025-01-15 07:00:00,1.899999976158142,abstain,outside_training_support,1.580055686421555,4.8552261738810625,2025-01-01T00:00:00,fixed,3.545657870259865,6.068481029817718,0.010000000000000009,2025-01-01T00:00:00
180,2025-01-16 07:00:00,7.099999904632568,ok,,1.9049855352583775,6.719310433842701,2025-01-01T00:00:00,fixed,4.906954911933465,8.39837454341207,0.02844556716568425,2025-01-01T00:00:00
180,2025-01-17 07:00:00,8.199999809265137,ok,,2.032486241869633,7.633040371450598,2025-01-01T00:00:00,fixed,5.574230467910655,9.540433140512942,0.06404049183853944,2025-01-01T00:00:00
180,2025-01-18 07:00:00,7.599999904632568,ok,,2.0249973597575717,7.5760909418936935,2025-01-01T00:00:00,fixed,5.532641634376699,9.46925282459189,0.0595733747646483,2025-01-01T00:00:00
180,2025-01-19 07:00:00,6.900000095367432,ok,,1.8985185372719315,6.675996872110094,2025-01-01T00:00:00,fixed,4.8753240330524,8.344237512860914,0.02763713125198708,2025-01-01T00:00:00
180,2025-01-20 07:00:00,10.600000381469727,ok,,2.1706004635059197,8.763544649925633,2025-01-01T00:00:00,fixed,6.3998112439207935,10.953435032156966,0.19005523374994304,2025-01-01T00:00:00
180,2025-01-21 07:00:00,8.300000190734863,ok,,2.1362554369215165,8.467670462751101,2025-01-01T00:00:00,fixed,6.1837412601977615,10.583625917652599,0.14596005233692833,2025-01-01T00:00:00
180,2025-01-22 07:00:00,6.099999904632568,ok,,2.1995073829434184,9.0205687187257,2025-01-01T00:00:00,fixed,6.5875098968259165,11.27468591313765,0.22282506510178335,2025-01-01T00:00:00
180,2025-01-23 07:00:00,6.099999904632568,ok,,2.169891918643361,8.757337484673336,2025-01-01T00:00:00,fixed,6.395278296630468,10.945676780896676,0.18864553685312613,2025-01-01T00:00:00
180,2025-01-23 19:00:00,5.900000095367432,ok,,1.9456298044994484,6.998037863158988,2025-01-01T00:00:00,fixed,5.110503020305646,8.74675215893799,0.0376652172286539,2025-01-01T00:00:00
180,2025-01-24 07:00:00,6.699999809265137,ok,,2.019453380202797,7.534205462010386,2025-01-01T00:00:00,fixed,5.502053650196522,9.416900734082896,0.057755566691445104,2025-01-01T00:00:00
180,2025-01-25 07:00:00,7.5,ok,,2.072628328613368,7.945679553983396,2025-01-01T00:00:00,fixed,5.802543534779161,9.931196594249522,0.09693608783978303,2025-01-01T00:00:00
180,2025-01-26 07:00:00,8.899999618530273,ok,,2.0150148770594307,7.500838970800046,2025-01-01T00:00:00,fixed,5.477686883762583,9.37519641142316,0.05630023180659682,2025-01-01T00:00:00
180,2025-01-27 07:00:00,6.0,ok,,2.026128907008702,7.584668498813558,2025-01-01T00:00:00,fixed,5.538905623140833,9.479973796094804,0.05994439628592063,2025-01-01T00:00:00
180,2025-01-28 07:00:00,7.900000095367432,ok,,2.02244711642257,7.556794682001009,2025-01-01T00:00:00,fixed,5.518550028073549,9.445134692313083,0.05873717887373697,2025-01-01T00:00:00
180,2025-01-29 07:00:00,6.199999809265137,ok,,1.9802145533398545,7.244297106573194,2025-01-01T00:00:00,fixed,5.2903403735546,9.054548231367262,0.046251435777512784,2025-01-01T00:00:00
180,2025-01-30 07:00:00,5.900000095367432,ok,,2.038784660840472,7.681268177763111,2025-01-01T00:00:00,fixed,5.6094501044205325,9.600712418395329,0.06815324605327355,2025-01-01T00:00:00
180,2025-01-31 07:00:00,7.400000095367432,ok,,1.984429659376752,7.274897032700835,2025-01-01T00:00:00,fixed,5.312686782355802,9.092794662031682,0.04726521870709344,2025-01-01T00:00:00
180,2025-02-01 07:00:00,9.600000381469727,ok,,1.99488779833141,7.351378144720753,2025-01-01T00:00:00,fixed,5.3685391457778096,9.188387361693955,0.0497805250017882,2025-01-01T00:00:00
180,2025-02-02 07:00:00,10.5,ok,,2.171668056891318,8.772905548153956,2025-01-01T00:00:00,fixed,6.406647288481292,10.965135091286285,0.19068524045942326,2025-01-01T00:00:00
180,2025-02-03 01:48:22,10.699999809265137,ok,,2.0754424626134567,7.968071252813262,2025-01-01T00:00:00,fixed,5.8188956675823045,9.959183673472612,0.0981849450900022,2025-01-01T00:00:00
180,2025-02-03 07:00:00,8.5,ok,,2.0214165109745657,7.549010620069591,2025-01-01T00:00:00,fixed,5.512865510100279,9.435405499382822,0.058399255025865626,2025-01-01T00:00:00
180,2025-02-04 07:00:00,7.099999904632568,ok,,2.0667188615526633,7.898863288216723,2025-01-01T00:00:00,fixed,5.768354713243975,9.872681581659519,0.09431358273396351,2025-01-01T00:00:00
180,2025-02-05 07:00:00,7.400000095367432,ok,,2.0865655319498946,8.057195410038156,2025-01-01T00:00:00,fixed,5.883980950569673,10.070578743042654,0.10655278605281115,2025-01-01T00:00:00
180,2025-02-07 07:00:00,8.300000190734863,ok,,2.0780466069032273,7.988848301541418,2025-01-01T00:00:00,fixed,5.834068659262911,9.985152623537328,0.09934061304213049,2025-01-01T00:00:00
180,2025-02-08 07:00:00,8.100000381469727,ok,,2.0615971408546887,7.858510941557808,2025-01-01T00:00:00,fixed,5.738886340321552,9.822245733474817,0.0920406639507565,2025-01-01T00:00:00
180,2025-02-09 07:00:00,9.899999618530273,ok,,2.1535681340028363,8.615545036798085,2025-01-01T00:00:00,fixed,6.291730595504442,10.768452332583374,0.16383151405295915,2025-01-01T00:00:00
180,2025-02-10 07:00:00,9.5,ok,,2.1935410587443473,8.966909315164934,2025-01-01T00:00:00,fixed,6.548323692160069,11.207617755874125,0.21481569307890358,2025-01-01T00:00:00
180,2025-02-11 07:00:00,6.800000190734863,ok,,2.1878252682416055,8.915802537020179,2025-01-01T00:00:00,fixed,6.511001610003034,11.143740090331999,0.201145233822831,2025-01-01T00:00:00
180,2025-02-12 07:00:00,9.600000381469727,ok,,2.211923680042649,9.13326899211947,2025-01-01T00:00:00,fixed,6.669812264836846,11.415548449022085,0.23790201541931977,2025-01-01T00:00:00
180,2025-02-13 07:00:00,11.600000381469727,ok,,2.250576057421268,9.493202891515754,2025-01-01T00:00:00,fixed,6.932663554861841,11.865424924854448,0.32183121282961813,2025-01-01T00:00:00
180,2025-02-13 13:46:39,8.899999618530273,ok,,2.1515540067721735,8.598209696583226,2025-01-01T00:00:00,fixed,6.279071002878849,10.746785127087318,0.1617063885659602,2025-01-01T00:00:00
180,2025-02-14 07:00:00,7.0,ok,,2.138991522127476,8.49087045473736,2025-01-01T00:00:00,fixed,6.2006836705469555,10.612623271476796,0.14906242969643024,2025-01-01T00:00:00
180,2025-02-14 19:41:16,11.899999618530273,ok,,1.8795394754398578,6.550487507083492,2025-01-01T00:00:00,fixed,4.7836674856619075,8.18736506790135,0.025264569017471872,2025-01-01T00:00:00
180,2025-02-14 23:39:46,8.0,ok,,1.8452882687569596,6.329924246816823,2025-01-01T00:00:00,fixed,4.622595306602212,7.911686054634472,0.02098284423141905,2025-01-01T00:00:00
180,2025-02-15 07:00:00,9.100000381469727,ok,,2.0635034017223397,7.873505600769075,2025-01-01T00:00:00,fixed,5.749836588474832,9.84098735368227,0.09288662498363554,2025-01-01T00:00:00
180,2025-02-16 07:00:00,7.300000190734863,ok,,2.1126011024939717,8.269723732515331,2025-01-01T00:00:00,fixed,6.039185402897371,10.336214997063085,0.12343357758813367,2025-01-01T00:00:00
180,2025-02-17 07:00:00,8.699999809265137,ok,,2.1238411605824026,8.363200264326318,2025-01-01T00:00:00,fixed,6.107449123027075,10.45305004031601,0.13253569631661033,2025-01-01T00:00:00
180,2025-02-18 07:00:00,8.5,ok,,2.1427927104544673,8.523207272626948,2025-01-01T00:00:00,fixed,6.224298490689872,10.653040619484866,0.1529395259637214,2025-01-01T00:00:00
180,2025-02-19 07:00:00,10.199999809265137,ok,,2.1874986134315257,8.912890622857017,2025-01-01T00:00:00,fixed,6.508875107343759,11.140100528501765,0.20014136974984553,2025-01-01T00:00:00
180,2025-02-20 07:00:00,5.699999809265137,ok,,2.0976157040859973,8.146722540370074,2025-01-01T00:00:00,fixed,5.949360515371573,10.18247748320762,0.11414573548234064,2025-01-01T00:00:00
180,2025-02-21 07:00:00,9.399999618530273,ok,,2.2058349876702503,9.07782827887157,2025-01-01T00:00:00,fixed,6.629325211459658,11.346253857055524,0.22895768047990872,2025-01-01T00:00:00
180,2025-02-22 07:00:00,9.100000381469727,ok,,2.188294513556528,8.91998721733348,2025-01-01T00:00:00,fixed,6.514057583948634,11.148970465228585,0.2025873020199972,2025-01-01T00:00:00
180,2025-02-23 07:00:00,10.300000190734863,ok,,2.159016612232428,8.662614759103517,2025-01-01T00:00:00,fixed,6.326104510408965,10.827284137047176,0.16958025711883484,2025-01-01T00:00:00
180,2025-02-24 07:00:00,9.399999618530273,ok,,2.179306101505209,8.840169949357628,2025-01-01T00:00:00,fixed,6.455768904030147,11.049207949700675,0.19519259262165756,2025-01-01T00:00:00
180,2025-02-25 07:00:00,9.399999618530273,ok,,2.196667906353837,8.994991355371463,2025-01-01T00:00:00,fixed,6.568831347891304,11.242717115238403,0.22007308887209664,2025-01-01T00:00:00
180,2025-02-26 07:00:00,8.800000190734863,ok,,2.1673163422373833,8.7348113142576,2025-01-01T00:00:00,fixed,6.3788279623801225,10.917521627470926,0.18297265371751692,2025-01-01T00:00:00
180,2025-02-27 07:00:00,10.300000190734863,ok,,2.1742972432278336,8.796001500028792,2025-01-01T00:00:00,fixed,6.423513720775773,10.99400240679303,0.19223677220843383,2025-01-01T00:00:00
180,2025-02-28 07:00:00,10.600000381469727,ok,,2.1844903544819494,8.886118628609557,2025-01-01T00:00:00,fixed,6.489324147469489,11.106638577728992,0.1982519167085819,2025-01-01T00:00:00
180,2025-03-01 07:00:00,7.800000190734863,ok,,2.2204270460162068,9.211263659530585,2025-01-01T00:00:00,fixed,6.726769942283923,11.513032920941743,0.25491242768209654,2025-01-01T00:00:00
180,2025-03-02 07:00:00,10.0,ok,,2.1970421209832853,8.998358042620927,2025-01-01T00:00:00,fixed,6.5712899606758075,11.246925091751754,0.22043577182881535,2025-01-01T00:00:00
180,2025-03-03 07:00:00,8.300000190734863,ok,,2.1168960319299335,8.305317995108926,2025-01-01T00:00:00,fixed,6.065179058554445,10.380703780815647,0.12663531442884013,2025-01-01T00:00:00
180,2025-03-06 07:00:00,8.5,ok,,2.193473768578519,8.966305950650627,2025-01-01T00:00:00,fixed,6.547883069197889,11.20686361879008,0.21470136887065583,2025-01-01T00:00:00
180,2025-03-07 07:00:00,8.399999618530273,ok,,2.177676377292237,8.82577464371961,2025-01-01T00:00:00,fixed,6.445256349742807,11.031215453356696,0.19423086205755147,2025-01-01T00:00:00
180,2025-03-08 07:00:00,8.0,ok,,2.1410224408301377,8.508132245058958,2025-01-01T00:00:00,fixed,6.2132895514094795,10.634198547963571,0.15118996243625393,2025-01-01T00:00:00
180,2025-03-09 07:00:00,9.5,ok,,2.130375868712177,8.418030291080953,2025-01-01T00:00:00,fixed,6.147490206372472,10.521581343556807,0.1393501156178295,2025-01-01T00:00:00
180,2025-03-10 07:00:00,10.199999809265137,ok,,2.146129483891731,8.551694786011725,2025-01-01T00:00:00,fixed,6.245102253979055,10.688646774249023,0.15623727056998116,2025-01-01T00:00:00
180,2025-03-11 07:00:00,8.100000381469727,ok,,2.170851978714378,8.765749091898812,2025-01-01T00:00:00,fixed,6.401421096222583,10.956190334138062,0.19020365755158164,2025-01-01T00:00:00
180,2025-03-12 07:00:00,8.600000381469727,ok,,2.207583470538851,9.09371459052587,2025-01-01T00:00:00,fixed,6.640926612492114,11.36610994150047,0.23106083917742803,2025-01-01T00:00:00
180,2025-03-13 07:00:00,7.699999809265137,ok,,2.18076619936588,8.85308689029278,2025-01-01T00:00:00,fixed,6.4652018432272484,11.06535265814905,0.1960542235209325,2025-01-01T00:00:00
180,2025-03-14 07:00:00,9.899999618530273,ok,,2.1876924127596795,8.914618102458421,2025-01-01T00:00:00,fixed,6.510136645205246,11.142259681714219,0.20073694702867018,2025-01-01T00:00:00
180,2025-03-15 07:00:00,10.399999618530273,ok,,2.2659698040014207,9.640469434882798,2025-01-01T00:00:00,fixed,7.040208859614953,12.049491370524345,0.35862133354298187,2025-01-01T00:00:00
180,2025-03-16 07:00:00,10.5,ok,,2.2162353893326507,9.172734012587942,2025-01-01T00:00:00,fixed,6.698632644240952,11.464875240293447,0.24634185537731756,2025-01-01T00:00:00
180,2025-03-17 07:00:00,12.399999618530273,ok,,2.314578349340462,10.120654638241728,2025-01-01T00:00:00,fixed,7.390876858282244,12.649668312447012,0.4817396715657992,2025-01-01T00:00:00
180,2025-03-18 07:00:00,12.300000190734863,ok,,2.1991706550325936,9.017531752810882,2025-01-01T00:00:00,fixed,6.585292071803569,11.270890050827173,0.222498713685518,2025-01-01T00:00:00
180,2025-03-19 07:00:00,10.300000190734863,ok,,2.1359192398849998,8.464824135525523,2025-01-01T00:00:00,fixed,6.181662654141673,10.580068332041861,0.1455788470761602,2025-01-01T00:00:00
180,2025-03-20 07:00:00,11.300000190734863,ok,,2.331458653901954,10.292944431923068,2025-01-01T00:00:00,fixed,7.516696056205085,12.865010977678747,0.5191835589374132,2025-01-01T00:00:00
180,2025-03-21 07:00:00,9.600000381469727,ok,,2.2156371144127576,9.16724783716558,2025-01-01T00:00:00,fixed,6.6946262189237205,11.458018144396256,0.24506894049580807,2025-01-01T00:00:00
180,2025-03-22 07:00:00,8.800000190734863,ok,,2.2072002719339214,9.090230559361725,2025-01-01T00:00:00,fixed,6.6383823061972125,11.361755298427273,0.23045682935032719,2025-01-01T00:00:00
180,2025-03-23 07:00:00,6.900000095367432,ok,,1.9697408493597215,7.168818443710555,2025-01-01T00:00:00,fixed,5.235220075255153,8.960208479245727,0.04373238590982431,2025-01-01T00:00:00
180,2025-03-24 03:00:00,6.800000190734863,ok,,2.1250459733987976,8.373282427530997,2025-01-01T00:00:00,fixed,6.114811890493649,10.46565159871019,0.13379207985315889,2025-01-01T00:00:00
180,2025-03-24 07:00:00,6.5,ok,,1.9414313677776478,6.968718634543961,2025-01-01T00:00:00,fixed,5.089091874878878,8.7101064546418,0.036524408379361106,2025-01-01T00:00:00
180,2025-03-24 21:01:00,11.0,abstain,outside_training_support,1.8853883566773462,6.588912793486277,2025-01-01T00:00:00,fixed,4.811728571648787,8.235392309733054,0.025995734491350952,2025-01-01T00:00:00
180,2025-03-25 03:00:00,13.399999618530273,ok,,1.5512491804269195,4.717359336466913,2025-01-01T00:00:00,fixed,3.4449769504388703,5.89616314852323,0.010000000000000009,2025-01-01T00:00:00
180,2025-03-25 07:00:00,8.100000381469727,ok,,1.7609016350731086,5.817680455126156,2025-01-01T00:00:00,fixed,4.248515672316516,7.271439520036504,0.013697365759959279,2025-01-01T00:00:00
180,2025-03-25 17:00:00,10.5,ok,,2.0860604434978756,8.053126841260934,2025-01-01T00:00:00,fixed,5.881009770157264,10.065493494372694,0.10608219071743419,2025-01-01T00:00:00
180,2025-03-26 07:00:00,8.300000190734863,ok,,2.1942013278628094,8.972831843489903,2025-01-01T00:00:00,fixed,6.55264877577414,11.215020243317856,0.21593747281104447,2025-01-01T00:00:00
180,2025-03-26 20:07:57,10.199999809265137,ok,,2.1462319366432543,8.552570975555989,2025-01-01T00:00:00,fixed,6.245742114665704,10.689741911620066,0.15633852497489809,2025-01-01T00:00:00
180,2025-03-27 07:00:00,5.400000095367432,ok,,2.1801540221460316,8.847668890730363,2025-01-01T00:00:00,fixed,6.461245205142521,11.058580774330135,0.19569296635957256,2025-01-01T00:00:00
180,2025-03-29 07:00:00,8.399999618530273,ok,,2.1363446218344655,8.468425684880913,2025-01-01T00:00:00,fixed,6.184292781217063,10.58456985950081,0.14606117683924258,2025-01-01T00:00:00
180,2025-03-30 07:00:00,10.199999809265137,ok,,2.125490393431762,8.377004509005983,2025-01-01T00:00:00,fixed,6.117530039350757,10.470303777622865,0.13425552280888653,2025-01-01T00:00:00
180,2025-03-31 07:00:00,8.600000381469727,ok,,2.1373569098583864,8.477002511160036,2025-01-01T00:00:00,fixed,6.190556236411389,10.595289917785818,0.14720898445863517,2025-01-01T00:00:00
180,2025-04-01 07:00:00,7.0,ok,,1.9891084896254985,7.309014794360998,2025-01-01T00:00:00,fixed,5.337602183989771,9.135437987388663,0.048390532802412345,2025-01-01T00:00:00
180,2025-04-02 07:00:00,7.300000190734863,ok,,1.8296041599737336,6.23141952499338,2025-01-01T00:00:00,fixed,4.550659617165141,7.7885663452069736,0.019355776188783702,2025-01-01T00:00:00
180,2025-04-03 07:00:00,9.899999618530273,ok,,2.222086606085072,9.226562996456677,2025-01-01T00:00:00,fixed,6.737942689430817,11.532155353672938,0.2582099323640792,2025-01-01T00:00:00
180,2025-04-05 07:00:00,5.800000190734863,ok,,2.2347242560160567,9.343904971350877,2025-01-01T00:00:00,fixed,6.823634783247917,11.678819489007665,0.29291711514687435,2025-01-01T00:00:00
180,2025-04-06 07:00:00,6.800000190734863,ok,,2.108063394790142,8.232283154868801,2025-01-01T00:00:00,fixed,6.011843426634013,10.289418529286639,0.12005085706982654,2025-01-01T00:00:00
180,2025-04-07 07:00:00,7.5,ok,,2.0361991130156913,7.661433544280905,2025-01-01T00:00:00,fixed,5.594965336504213,9.5759213803037,0.06646492986424335,2025-01-01T00:00:00
180,2025-04-08 07:00:00,6.800000190734863,ok,,2.1203334216100984,8.333915732100413,2025-01-01T00:00:00,fixed,6.086063315560012,10.416447702563753,0.12919778194756049,2025-01-01T00:00:00
180,2025-04-09 07:00:00,8.100000381469727,ok,,2.0729561719539973,7.94828491916442,2025-01-01T00:00:00,fixed,5.804446171902164,9.934453004684498,0.09708157825810282,2025-01-01T00:00:00
180,2025-04-10 07:00:00,6.099999904632568,ok,,2.054354243583454,7.801798184367358,2025-01-01T00:00:00,fixed,5.6974703430693125,9.751361231119327,0.0864236533306213,2025-01-01T00:00:00
180,2025-04-11 07:00:00,7.400000095367432,ok,,1.9864786172594728,7.289818271596767,2025-01-01T00:00:00,fixed,5.323583413373734,9.111444515187534,0.04775801734768492,2025-01-01T00:00:00
180,2025-04-12 07:00:00,8.699999809265137,ok,,2.0193210924005087,7.5332088444494545,2025-01-01T00:00:00,fixed,5.501325843752083,9.415655075374959,0.057712191020122705,2025-01-01T00:00:00
180,2025-04-13 07:00:00,5.300000190734863,ok,,1.791346321855679,5.997521627767485,2025-01-01T00:00:00,fixed,4.379849465292586,7.496220550923413,0.016204821394842583,2025-01-01T00:00:00
180,2025-04-14 07:00:00,7.699999809265137,ok,,1.958348078151423,7.087609212820338,2025-01-01T00:00:00,fixed,5.175914877447348,8.858706168240214,0.0409922894874597,2025-01-01T00:00:00
180,2025-04-15 07:00:00,8.5,ok,,1.990238287324502,7.317277168984697,2025-01-01T00:00:00,fixed,5.3436360025107605,9.145765016834767,0.048662262531416256,2025-01-01T00:00:00
180,2025-04-16 07:00:00,7.699999809265137,ok,,2.0322131808422053,7.630956370147092,2025-01-01T00:00:00,fixed,5.572708570606847,9.537828375683555,0.06386218790280063,2025-01-01T00:00:00
180,2025-04-17 07:00:00,5.199999809265137,ok,,2.0026230682368156,7.408463539676774,2025-01-01T00:00:00,fixed,5.410227271655767,9.259737618914487,0.05223709811413202,2025-01-01T00:00:00
180,2025-04-18 07:00:00,8.800000190734863,ok,,2.0555509085040713,7.811139910915771,2025-01-01T00:00:00,fixed,5.7042923870013515,9.763037327827194,0.08804196938850706,2025-01-01T00:00:00
180,2025-04-18 17:00:00,10.0,ok,,2.0739346675839707,7.956066087522381,2025-01-01T00:00:00,fixed,5.810128576766563,9.944178580976725,0.0975158153490735,2025-01-01T00:00:00
180,2025-04-19 07:00:00,8.800000190734863,ok,,2.051603646543622,7.780368067695112,2025-01-01T00:00:00,fixed,5.681820431176785,9.724576020331023,0.08270386905213134,2025-01-01T00:00:00
180,2025-04-20 07:00:00,11.800000190734863,ok,,2.103379009051197,8.193810146617352,2025-01-01T00:00:00,fixed,5.983747490499636,10.24133164056662,0.11739637492628274,2025-01-01T00:00:00
180,2025-04-21 07:00:00,11.399999618530273,ok,,1.6873841136275574,5.405322485629225,2025-01-01T00:00:00,fixed,3.9473803126958855,6.756038913397827,0.010000000000000009,2025-01-01T00:00:00
180,2025-04-22 07:00:00,10.600000381469727,ok,,1.9781791537254678,7.229567062883961,2025-01-01T00:00:00,fixed,5.279583367914582,9.036137350494734,0.045761898061052575,2025-01-01T00:00:00
180,2025-04-23 07:00:00,13.5,ok,,2.1304459778063447,8.418620492248328,2025-01-01T00:00:00,fixed,6.147921216450932,10.522319027952904,0.13942322565656395,2025-01-01T00:00:00
180,2025-04-24 07:00:00,12.399999618530273,ok,,2.1787814565683794,8.835533215378844,2025-01-01T00:00:00,fixed,6.452382805888597,11.04341255908799,0.19488298988824027,2025-01-01T00:00:00
180,2025-04-25 07:00:00,9.399999618530273,ok,,1.9953470483352496,7.354755040522296,2025-01-01T00:00:00,fixed,5.371005213628613,9.192608097737436,0.049890980067503476,2025-01-01T00:00:00
180,2025-04-26 03:00:00,9.0,ok,,2.129581894777187,8.411349247084248,2025-01-01T00:00:00,fixed,6.142611196542631,10.513230797711694,0.13852215648028054,2025-01-01T00:00:00
180,2025-04-26 07:00:00,9.5,ok,,1.7623059497998141,5.825856048674176,2025-01-01T00:00:00,fixed,4.254486116652049,7.281658082998731,0.01381302656145722,2025-01-01T00:00:00
180,2025-04-27 07:00:00,7.699999809265137,ok,,2.132084661597213,8.432427258562937,2025-01-01T00:00:00,fixed,6.158003974265507,10.539575917016911,0.14123091637672247,2025-01-01T00:00:00
180,2025-04-28 07:00:00,10.0,ok,,2.181023399997091,8.855364202679667,2025-01-01T00:00:00,fixed,6.466864911084118,11.068199039867197,0.19620600239626262,2025-01-01T00:00:00
180,2025-04-29 07:00:00,7.5,ok,,2.144677737149899,8.539288898251415,2025-01-01T00:00:00,fixed,6.236042524936661,10.673140824199468,0.15480250429724995,2025-01-01T00:00:00
180,2025-04-30 07:00:00,6.5,ok,,2.2015427581943294,9.038947658719788,2025-01-01T00:00:00,fixed,6.600931605908725,11.29765749977604,0.22479771891042954,2025-01-01T00:00:00
180,2025-05-01 07:00:00,11.300000190734863,ok,,2.1396425028316335,8.496399647068392,2025-01-01T00:00:00,fixed,6.204721510104291,10.619534133621919,0.14980056014414178,2025-01-01T00:00:00
180,2025-05-02 07:00:00,8.300000190734863,ok,,2.126414035312536,8.3847454355776,2025-01-01T00:00:00,fixed,6.123183056581839,10.479979056254738,0.13521870018953852,2025-01-01T00:00:00
180,2025-05-03 07:00:00,9.899999618530273,ok,,2.151933696028399,8.601474964282097,2025-01-01T00:00:00,fixed,6.281455551342789,10.750866340686486,0.16210700244141985,2025-01-01T00:00:00
180,2025-05-04 07:00:00,8.399999618530273,ok,,2.138095209824518,8.483263392746862,2025-01-01T00:00:00,fixed,6.195128411481732,10.603115308360612,0.14804612399451622,2025-01-01T00:00:00
180,2025-05-05 07:00:00,8.600000381469727,ok,,2.161870119290656,8.6873688927121,2025-01-01T00:00:00,fixed,6.344181873956496,10.858223991305948,0.17374783714057096,2025-01-01T00:00:00
180,2025-05-06 07:00:00,8.5,ok,,2.181229779874317,8.857191960256314,2025-01-01T00:00:00,fixed,6.468199679600448,11.070483529154359,0.19632779099961328,2025-01-01T00:00:00
180,2025-05-07 07:00:00,9.699999809265137,ok,,2.194867052141231,8.978807264264962,2025-01-01T00:00:00,fixed,6.5570124855047345,11.22248884031416,0.21706852071536975,2025-01-01T00:00:00
180,2025-05-08 07:00:00,9.399999618530273,ok,,2.2279221120167203,9.28056206224925,2025-01-01T00:00:00,fixed,6.777376941463008,11.59964805013123,0.2739301386428118,2025-01-01T00:00:00
180,2025-05-09 07:00:00,9.699999809265137,ok,,2.1929773079029804,8.961855637135514,2025-01-01T00:00:00,fixed,6.54463310955134,11.201301232574485,0.21385789534137511,2025-01-01T00:00:00
180,2025-05-10 07:00:00,9.199999809265137,ok,,2.173899093060817,8.792500067656674,2025-01-01T00:00:00,fixed,6.420956706786565,10.98962601418712,0.19200181639095504,2025-01-01T00:00:00
180,2025-05-11 07:00:00,11.0,ok,,2.1147286683629525,8.287336844358467,2025-01-01T00:00:00,fixed,6.052047845632241,10.358229385531972,0.12501961203300926,2025-01-01T00:00:00
180,2025-05-11 11:00:00,8.699999809265137,ok,,2.0830612553121832,8.029010181658725,2025-01-01T00:00:00,fixed,5.863397938934456,10.035350410187268,0.10328782081160359,2025-01-01T00:00:00
180,2025-05-12 07:00:00,9.399999618530273,ok,,2.1560044331006423,8.636560671188946,2025-01-01T00:00:00,fixed,6.307077820702171,10.794719487616561,0.16640207723679346,2025-01-01T00:00:00
180,2025-05-13 07:00:00,8.699999809265137,ok,,2.1835504573385176,8.877770514893013,2025-01-01T00:00:00,fixed,6.4832277156986855,11.096204384159156,0.19769726592610015,2025-01-01T00:00:00
180,2025-05-14 07:00:00,9.199999809265137,ok,,2.15170529889435,8.59951063638363,2025-01-01T00:00:00,fixed,6.2800210487215855,10.7484111540152,0.16186601837480485,2025-01-01T00:00:00
180,2025-05-15 07:00:00,8.300000190734863,ok,,2.062999778604786,7.869541319667934,2025-01-01T00:00:00,fixed,5.746941566907803,9.836032452757456,0.09266312696196521,2025-01-01T00:00:00
180,2025-05-16 07:00:00,9.0,ok,,2.0962440748222924,8.135555917314607,2025-01-01T00:00:00,fixed,5.941205792295266,10.168520473224486,0.11337210434291856,2025-01-01T00:00:00
180,2025-05-17 07:00:00,6.800000190734863,ok,,1.8772539151775303,6.535533069282718,2025-01-01T00:00:00,fixed,4.7727466102619385,8.168673719886753,0.024978852367666615,2025-01-01T00:00:00
180,2025-05-18 07:00:00,7.900000095367432,ok,,2.1229158413189375,8.355465213265303,2025-01-01T00:00:00,fixed,6.101800396543664,10.443382105404767,0.13157076975470072,2025-01-01T00:00:00
180,2025-05-18 23:00:00,6.900000095367432,ok,,2.1719077824242263,8.775008889713908,2025-01-01T00:00:00,fixed,6.408183309521055,10.967764029238642,0.1908267069542815,2025-01-01T00:00:00
180,2025-05-19 07:00:00,7.599999904632568,ok,,2.1022030426172096,8.184180164296222,2025-01-01T00:00:00,fixed,5.97671494013338,10.229295256896663,0.11673310222109823,2025-01-01T00:00:00
180,2025-05-20 07:00:00,11.300000190734863,ok,,2.1150974497897472,8.29039362387137,2025-01-01T00:00:00,fixed,6.054280140060846,10.362050012588684,0.1252945271621032,2025-01-01T00:00:00
180,2025-05-21 07:00:00,10.199999809265137,ok,,2.1539950381075,8.61922383352905,2025-01-01T00:00:00,fixed,6.294417134527567,10.77305041048436,0.16428194478023084,2025-01-01T00:00:00
180,2025-05-21 19:02:41,9.0,ok,,2.1150610257878695,8.290091660057845,2025-01-01T00:00:00,fixed,6.054059622965738,10.361672592133193,0.12526737419709255,2025-01-01T00:00:00
180,2025-05-22 07:00:00,8.800000190734863,ok,,2.1412245158845775,8.509851700069191,2025-01-01T00:00:00,fixed,6.214545229100127,10.636347671348874,0.1513896739040439,2025-01-01T00:00:00
180,2025-05-23 07:00:00,10.0,ok,,2.2136996624458765,9.149503929347599,2025-01-01T00:00:00,fixed,6.681668258954227,11.43584027582084,0.24094673620669427,2025-01-01T00:00:00
180,2025-05-24 07:00:00,8.0,ok,,2.1672157973674646,8.733933117940051,2025-01-01T00:00:00,fixed,6.3781866361939805,10.9164239818613,0.18275119676690565,2025-01-01T00:00:00
180,2025-05-25 07:00:00,8.300000190734863,ok,,2.169838592660242,8.756870503493687,2025-01-01T00:00:00,fixed,6.394937271220819,10.945093107484048,0.18852808272921673,2025-01-01T00:00:00
180,2025-05-26 07:00:00,6.699999809265137,ok,,2.192943216199737,8.961550117420494,2025-01-01T00:00:00,fixed,6.544409995664719,11.200919367646172,0.21379997444114918,2025-01-01T00:00:00
180,2025-05-27 07:00:00,9.199999809265137,ok,,2.18591606502417,8.89879669709823,2025-01-01T00:00:00,fixed,6.498582643718001,11.122484722761765,0.19909325501177932,2025-01-01T00:00:00
180,2025-05-28 07:00:00,7.5,ok,,2.124359318367364,8.367534844551734,2025-01-01T00:00:00,fixed,6.1106145653649,10.458467773069978,0.13307603328970796,2025-01-01T00:00:00
180,2025-05-29 07:00:00,8.699999809265137,ok,,2.113437431215377,8.276642832908818,2025-01-01T00:00:00,fixed,6.044238259733838,10.344863086354405,0.12405703474108332,2025-01-01T00:00:00
180,2025-05-30 07:00:00,10.0,ok,,2.121150523765956,8.340728175463896,2025-01-01T00:00:00,fixed,6.091038283267465,10.424962482686748,0.12980690629151936,2025-01-01T00:00:00
180,2025-05-31 07:00:00,6.800000190734863,ok,,2.0698700704727737,7.923793516217708,2025-01-01T00:00:00,fixed,5.7865606743986975,9.903841533899618,0.09571202719563854,2025-01-01T00:00:00
180,2025-06-01 07:00:00,8.699999809265137,ok,,2.0622862942621194,7.863928527710077,2025-01-01T00:00:00,fixed,5.74284267650254,9.829017100578024,0.0923464966614077,2025-01-01T00:00:00
180,2025-06-02 07:00:00,8.399999618530273,ok,,2.0133203850363994,7.488139621509658,2025-01-01T00:00:00,fixed,5.468412846643392,9.359323667806327,0.05574462707374894,2025-01-01T00:00:00
180,2025-06-03 07:00:00,23.299999237060547,ok,,2.106843328149225,8.22224534545633,2025-01-01T00:00:00,fixed,6.004513049702252,10.276872408092903,0.1193503323126176,2025-01-01T00:00:00
180,2025-06-03 14:30:00,8.5,ok,,2.123199769044009,8.357837898314813,2025-01-01T00:00:00,fixed,6.103533112820549,10.446347692114228,0.13186685070146287,2025-01-01T00:00:00
180,2025-06-04 07:00:00,6.900000095367432,ok,,2.1655884552025966,8.719731578827885,2025-01-01T00:00:00,fixed,6.367815585058662,10.898673671657418,0.1794227102614131,2025-01-01T00:00:00
180,2025-06-05 07:00:00,9.199999809265137,ok,,2.1834257064933698,8.876663074596745,2025-01-01T00:00:00,fixed,6.48241897800827,11.094820209624565,0.1976236481325362,2025-01-01T00:00:00
180,2025-06-06 07:00:00,8.800000190734863,ok,,2.179379297692709,8.840817039776761,2025-01-01T00:00:00,fixed,6.456241458995702,11.05001673919728,0.19523578705304323,2025-01-01T00:00:00
180,2025-06-07 07:00:00,9.100000381469727,ok,,2.247623802871265,9.465217869864926,2025-01-01T00:00:00,fixed,6.912226749507759,11.830446827660817,0.3165034067572594,2025-01-01T00:00:00
180,2025-06-08 07:00:00,9.100000381469727,ok,,2.211732792849324,9.13152573442376,2025-01-01T00:00:00,fixed,6.66853920460292,11.413369574984577,0.2376011329548412,2025-01-01T00:00:00
180,2025-06-09 07:00:00,9.300000190734863,ok,,2.2163220929468275,9.1735293562578,2025-01-01T00:00:00,fixed,6.699213465080519,11.465869329507806,0.24652632963337684,2025-01-01T00:00:00
180,2025-06-10 07:00:00,8.800000190734863,ok,,2.1313132287386556,8.425924715558434,2025-01-01T00:00:00,fixed,6.15325531952628,10.531448477129418,0.1403562082976204,2025-01-01T00:00:00
180,2025-06-11 07:00:00,7.800000190734863,ok,,2.1770849721469747,8.820556578331837,2025-01-01T00:00:00,fixed,6.441445718899446,11.024693464538052,0.19388186288367837,2025-01-01T00:00:00
180,2025-06-12 07:00:00,9.899999618530273,ok,,2.2016128819788325,9.039581526161875,2025-01-01T00:00:00,fixed,6.6013945044440865,11.298449762053835,0.22486568178386768,2025-01-01T00:00:00
180,2025-06-13 07:00:00,9.199999809265137,ok,,2.183843329207785,8.880370944916452,2025-01-01T00:00:00,fixed,6.48512674879178,11.099454626207917,0.19787009506234265,2025-01-01T00:00:00
180,2025-06-14 07:00:00,8.300000190734863,ok,,2.167608122407214,8.737360330844476,2025-01-01T00:00:00,fixed,6.380689449445606,10.920707608565971,0.18361531949163112,2025-01-01T00:00:00
180,2025-06-15 07:00:00,8.0,ok,,2.1645268432341727,8.710479519339838,2025-01-01T00:00:00,fixed,6.36105902287905,10.88710964858636,0.17780249267831982,2025-01-01T00:00:00
180,2025-06-16 07:00:00,9.600000381469727,ok,,2.169035678697139,8.749842311787546,2025-01-01T00:00:00,fixed,6.389804747555777,10.936308666447692,0.18675960982736006,2025-01-01T00:00:00
180,2025-06-17 07:00:00,9.300000190734863,ok,,2.1807087758702646,8.852578529692613,2025-01-01T00:00:00,fixed,6.464830599396712,11.06471726516262,0.19602033684833375,2025-01-01T00:00:00
180,2025-06-18 07:00:00,8.5,ok,,2.134179597438755,8.450111169520008,2025-01-01T00:00:00,fixed,6.170918119933781,10.561678796333487,0.14360631079435748,2025-01-01T00:00:00
180,2025-06-19 07:00:00,10.600000381469727,ok,,2.1912117213129614,8.94604666516213,2025-01-01T00:00:00,fixed,6.533088187875046,11.181541813942765,0.21085821052098486,2025-01-01T00:00:00
180,2025-06-20 07:00:00,8.300000190734863,ok,,2.176437938111717,8.814851223994008,2025-01-01T00:00:00,fixed,6.437279232357713,11.017562419901292,0.193500036067355,2025-01-01T00:00:00
180,2025-06-21 07:00:00,3.200000047683716,ok,,2.1521244361013707,8.603115766722864,2025-01-01T00:00:00,fixed,6.282653790905538,10.752917157297054,0.16230825417184347,2025-01-01T00:00:00
180,2025-06-21 12:57:36,8.399999618530273,ok,,2.1470432827118526,8.55951288615854,2025-01-01T00:00:00,fixed,6.250811629263189,10.69841851108085,0.15714038107086503,2025-01-01T00:00:00
180,2025-06-22 07:00:00,7.699999809265137,ok,,2.0995219438520665,8.162266957825963,2025-01-01T00:00:00,fixed,5.960712239084791,10.201906238753157,0.1152208995089905,2025-01-01T00:00:00
180,2025-06-23 07:00:00,7.599999904632568,ok,,2.08895287326882,8.0764536644217,2025-01-01T00:00:00,fixed,5.898044802340331,10.094649372753508,0.1087770928730285,2025-01-01T00:00:00
180,2025-06-24 07:00:00,9.199999809265137,ok,,2.121547784220083,8.344042275163423,2025-01-01T00:00:00,fixed,6.093458492596881,10.429104730738073,0.13014415443930105,2025-01-01T00:00:00
180,2025-06-25 07:00:00,8.5,ok,,2.049551226724049,7.7644158619807815,2025-01-01T00:00:00,fixed,5.670170909256819,9.70463757579842,0.07993362634785661,2025-01-01T00:00:00
180,2025-06-26 07:00:00,7.199999809265137,ok,,2.0546412814199253,7.804037917067421,2025-01-01T00:00:00,fixed,5.699105967361747,9.754160642499032,0.08681183044852558,2025-01-01T00:00:00
180,2025-06-27 07:00:00,8.899999618530273,ok,,2.051981693786731,7.783309970447552,2025-01-01T00:00:00,fixed,5.683968833799889,9.728253064490323,0.08321512321661961,2025-01-01T00:00:00
180,2025-06-28 07:00:00,9.800000190734863,ok,,2.129439269271044,8.410149659688452,2025-01-01T00:00:00,fixed,6.141735165985321,10.511731449773146,0.1383734260423476,2025-01-01T00:00:00
180,2025-06-29 07:00:00,8.5,ok,,2.122893774639819,8.355280837929838,2025-01-01T00:00:00,fixed,6.1016657515578565,10.443151657185556,0.13154775853505418,2025-01-01T00:00:00
180,2025-06-30 07:00:00,8.0,ok,,2.1185483859821,8.31905266509653,2025-01-01T00:00:00,fixed,6.075209166111319,10.39787055766303,0.12786709318599865,2025-01-01T00:00:00
180,2025-07-01 07:00:00,8.199999809265137,ok,,2.1525387237834197,8.606680670009029,2025-01-01T00:00:00,fixed,6.285257156215543,10.757372881333477,0.1627453731873002,2025-01-01T00:00:00
180,2025-07-02 07:00:00,8.800000190734863,ok,,2.1524138715399888,8.605606173696918,2025-01-01T00:00:00,fixed,6.284472476744565,10.756029883035739,0.16261364035504178,2025-01-01T00:00:00
180,2025-07-03 07:00:00,9.300000190734863,ok,,2.1576545694238294,8.650823938591184,2025-01-01T00:00:00,fixed,6.317493950560842,10.812546951168997,0.16814315233078025,2025-01-01T00:00:00
180,2025-07-04 07:00:00,9.399999618530273,ok,,2.1480229017458914,8.56790205632842,2025-01-01T00:00:00,fixed,6.256938043599517,10.70890402055221,0.15810854191439538,2025-01-01T00:00:00
180,2025-07-05 07:00:00,8.600000381469727,ok,,2.1420574868354594,8.516943112391868,2025-01-01T00:00:00,fixed,6.219723921299559,10.645211130972298,0.15221290194517056,2025-01-01T00:00:00
180,2025-07-06 07:00:00,9.300000190734863,ok,,2.1595401478827907,8.667151134128675,2025-01-01T00:00:00,fixed,6.329417318759053,10.832954090371368,0.17019186682805432,2025-01-01T00:00:00
180,2025-07-07 07:00:00,8.5,ok,,2.166626299672591,8.728786001755465,2025-01-01T00:00:00,fixed,6.374427817890685,10.909990671484852,0.18145278778786444,2025-01-01T00:00:00
180,2025-07-08 07:00:00,9.199999809265137,ok,,2.1699751528087794,8.758066424686096,2025-01-01T00:00:00,fixed,6.395810624435728,10.946587873084944,0.18882886579347968,2025-01-01T00:00:00
180,2025-07-09 07:00:00,8.199999809265137,ok,,2.1499019670191166,8.584016839169651,2025-01-01T00:00:00,fixed,6.268706291784516,10.729045668020195,0.15996562855395768,2025-01-01T00:00:00
180,2025-07-10 07:00:00,7.599999904632568,ok,,2.119166806604999,8.324198929941751,2025-01-01T00:00:00,fixed,6.078967362701429,10.404302803962006,0.12832810660214689,2025-01-01T00:00:00
180,2025-07-11 07:00:00,9.100000381469727,ok,,2.2105727030357563,9.120938486703407,2025-01-01T00:00:00,fixed,6.660807585753524,11.400136718337327,0.23577256249894607,2025-01-01T00:00:00
180,2025-07-12 07:00:00,8.800000190734863,ok,,2.171041904724636,8.767414093759335,2025-01-01T00:00:00,fixed,6.402637008054356,10.958271397273608,0.19031573642206168,2025-01-01T00:00:00
180,2025-07-13 07:00:00,8.5,ok,,2.143353369516824,8.527987225861532,2025-01-01T00:00:00,fixed,6.227789178496929,10.65901501789364,0.15349362723358584,2025-01-01T00:00:00
180,2025-07-14 07:00:00,9.800000190734863,ok,,2.2379271881690017,9.373880844735712,2025-01-01T00:00:00,fixed,6.84552546095859,11.716285924653171,0.301200891343839,2025-01-01T00:00:00
180,2025-07-15 07:00:00,9.399999618530273,ok,,2.244010673008259,9.431080517001753,2025-01-01T00:00:00,fixed,6.887297040877441,11.787779015526173,0.31092130691369857,2025-01-01T00:00:00
180,2025-07-16 07:00:00,9.100000381469727,ok,,2.2138732292958023,9.151092117747442,2025-01-01T00:00:00,fixed,6.682828075716143,11.437825330858661,0.24131602433638355,2025-01-01T00:00:00
180,2025-07-17 07:00:00,8.100000381469727,ok,,2.154255924647721,8.62147276635977,2025-01-01T00:00:00,fixed,6.296059477459771,10.775861320981994,0.16455720873942792,2025-01-01T00:00:00
180,2025-07-18 07:00:00,9.399999618530273,ok,,2.23044231516959,9.303980461185338,2025-01-01T00:00:00,fixed,6.794478849288293,11.628918387825662,0.27947891115803836,2025-01-01T00:00:00
180,2025-07-19 07:00:00,7.900000095367432,ok,,2.161376160711053,8.683078751976513,2025-01-01T00:00:00,fixed,6.341048884736449,10.852861802864714,0.1729939643510804,2025-01-01T00:00:00
180,2025-07-20 07:00:00,9.5,ok,,2.202315136454576,9.045931842255444,2025-01-01T00:00:00,fixed,6.606031991438395,11.306386935599832,0.22554629582080965,2025-01-01T00:00:00
180,2025-07-21 07:00:00,9.300000190734863,ok,,2.1765437124192997,8.815783658091586,2025-01-01T00:00:00,fixed,6.437960167123298,11.018727856573047,0.1935624554532177,2025-01-01T00:00:00
180,2025-07-22 07:00:00,9.899999618530273,ok,,2.146773193147468,8.557201363224936,2025-01-01T00:00:00,fixed,6.249123578245933,10.695529370066568,0.15687345063015534,2025-01-01T00:00:00
180,2025-07-23 07:00:00,8.5,ok,,2.122119129329828,8.348810965066946,2025-01-01T00:00:00,fixed,6.096940955057273,10.43506505126285,0.13073995536356287,2025-01-01T00:00:00
180,2025-07-24 07:00:00,8.199999809265137,ok,,2.1630077198360222,8.697257271748532,2025-01-01T00:00:00,fixed,6.351403125387222,10.870583341509043,0.17548402744452474,2025-01-01T00:00:00
180,2025-07-24 10:00:00,120.0,ok,,2.081785736598006,8.018775557530605,2025-01-01T00:00:00,fixed,5.855923832829115,10.02255829296255,0.10209940885191948,2025-01-01T00:00:00
180,2025-07-24 10:15:00,45.900001525878906,abstain,outside_training_support,1.8788791986773044,6.546163799977916,2025-01-01T00:00:00,fixed,4.78050998370864,8.181960925311692,0.0251820281772015,2025-01-01T00:00:00
180,2025-07-24 12:20:00,2.0999999046325684,ok,,1.764318402042529,5.837592110916569,2025-01-01T00:00:00,fixed,4.263056687819146,7.296326827261533,0.013978774192627386,2025-01-01T00:00:00
180,2025-07-25 07:00:00,9.600000381469727,ok,,1.9810725047346183,7.250515028335778,2025-01-01T00:00:00,fixed,5.29488117607226,9.062319927043175,0.04645778325034211,2025-01-01T00:00:00
180,2025-07-26 07:00:00,7.300000190734863,ok,,2.138644081059183,8.487920890065453,2025-01-01T00:00:00,fixed,6.198529672603657,10.608936650788767,0.14866847511428327,2025-01-01T00:00:00
180,2025-07-27 07:00:00,8.899999618530273,ok,,2.0277959463188577,7.597322984187277,2025-01-01T00:00:00,fixed,5.548146897193273,9.495790464913577,0.06097781327045593,2025-01-01T00:00:00
180,2025-07-28 07:00:00,10.199999809265137,ok,,2.1365770918301705,8.470394568607833,2025-01-01T00:00:00,fixed,6.185730610853,10.587030740439996,0.1463247686491277,2025-01-01T00:00:00
180,2025-07-28 13:00:00,35.099998474121094,abstain,outside_training_support,2.0844404738495834,8.0400915814176,2025-01-01T00:00:00,fixed,5.871490425434863,10.049200900733378,0.10457285080500667,2025-01-01T00:00:00
180,2025-07-28 18:26:26,3.5,ok,,1.7145138705425034,5.553974905184646,2025-01-01T00:00:00,fixed,4.0559376903449955,6.941837546829456,0.010000000000000009,2025-01-01T00:00:00
180,2025-07-29 07:00:00,8.300000190734863,ok,,2.131475044066169,8.427288269644885,2025-01-01T00:00:00,fixed,6.154251091114462,10.53315276480015,0.14053968657797677,2025-01-01T00:00:00
180,2025-07-30 07:00:00,10.0,ok,,2.1759248396302775,8.810329497361598,2025-01-01T00:00:00,fixed,6.433977121385495,11.011910775403571,0.19319724711197894,2025-01-01T00:00:00
180,2025-07-31 07:00:00,6.599999904632568,ok,,2.265328566901025,9.634289589800646,2025-01-01T00:00:00,fixed,7.035695863604511,12.041767266372412,0.3562059293040529,2025-01-01T00:00:00
180,2025-08-01 07:00:00,5.300000190734863,ok,,2.1367243322521645,8.471641844901061,2025-01-01T00:00:00,fixed,6.1866414674942956,10.588589694081561,0.14649172081516504,2025-01-01T00:00:00
180,2025-08-03 07:00:00,10.199999809265137,ok,,2.181609846712847,8.860558924998191,2025-01-01T00:00:00,fixed,6.470658495031158,11.074691852501697,0.19655207550867793,2025-01-01T00:00:00
180,2025-08-04 07:00:00,7.5,ok,,2.1566810059083124,8.642405910432856,2025-01-01T00:00:00,fixed,6.3113464619119695,10.80202537249114,0.16711593587268359,2025-01-01T00:00:00
180,2025-08-05 07:00:00,6.599999904632568,ok,,2.1717453158559423,8.773583359936536,2025-01-01T00:00:00,fixed,6.407142278538478,10.965982278996407,0.19073083241114075,2025-01-01T00:00:00
180,2025-08-05 11:05:08,3.5999999046325684,abstain,outside_training_support,2.20051225207037,9.02963776557816,2025-01-01T00:00:00,fixed,6.5941328091675,11.286021191209503,0.22379896851816072,2025-01-01T00:00:00
180,2025-08-06 07:00:00,7.900000095367432,ok,,2.107094729509517,8.224312688976427,2025-01-01T00:00:00,fixed,6.006022782217289,10.279456352585811,0.11949212858801161,2025-01-01T00:00:00
180,2025-08-07 07:00:00,6.300000190734863,ok,,1.6084704467938933,4.995165011018945,2025-01-01T00:00:00,fixed,3.6478519229122717,6.2433886753305865,0.010000000000000009,2025-01-01T00:00:00
180,2025-08-08 07:00:00,7.400000095367432,ok,,2.1321583983143535,8.433049060991063,2025-01-01T00:00:00,fixed,6.158458062003972,10.540353099398173,0.14131452456309135,2025-01-01T00:00:00
180,2025-08-09 07:00:00,7.599999904632568,ok,,2.1559179661298282,8.63581392623431,2025-01-01T00:00:00,fixed,6.306532490365196,10.793786141274076,0.16631084508389704,2025-01-01T00:00:00
180,2025-08-10 07:00:00,9.300000190734863,ok,,2.128562120059021,8.40277593794134,2025-01-01T00:00:00,fixed,6.136350309830443,10.502515135447315,0.1374587313992578,2025-01-01T00:00:00
180,2025-08-12 07:00:00,8.0,ok,,2.137474837456183,8.478002242649502,2025-01-01T00:00:00,fixed,6.191286316884847,10.596539468550594,0.14734269955956403,2025-01-01T00:00:00
180,2025-08-13 07:00:00,9.199999809265137,ok,,2.1453934173123947,8.545402485343267,2025-01-01T00:00:00,fixed,6.240507134289847,10.680782113392262,0.15550981345085335,2025-01-01T00:00:00
180,2025-08-14 07:00:00,10.5,ok,,1.9760163312284247,7.213947689651075,2025-01-01T00:00:00,fixed,5.268176905754357,9.016614908744993,0.04524171363199636,2025-01-01T00:00:00
180,2025-08-14 11:00:00,11.800000190734863,abstain,outside_training_support,1.4302690791730694,4.1798237441363195,2025-01-01T00:00:00,fixed,3.0524273069753485,5.224304736971104,0.010000000000000009,2025-01-01T00:00:00
180,2025-08-14 17:00:00,4.699999809265137,ok,,2.015219361871775,7.502372935280288,2025-01-01T00:00:00,fixed,5.478807102067001,9.377113692722812,0.05636728005940039,2025-01-01T00:00:00
180,2025-08-15 07:00:00,8.100000381469727,ok,,2.0616244252716114,7.858725359371848,2025-01-01T00:00:00,fixed,5.739042924625279,9.822513731378594,0.09205277223767205,2025-01-01T00:00:00
180,2025-08-16 07:00:00,8.300000190734863,ok,,2.0285217928600225,7.602839476618738,2025-01-01T00:00:00,fixed,5.552175462311631,9.502685453627294,0.061451777996405,2025-01-01T00:00:00
180,2025-08-16 17:00:00,5.199999809265137,ok,,2.1805991329560803,8.851607960393567,2025-01-01T00:00:00,fixed,6.464121815387369,11.063504163822241,0.19595563452577558,2025-01-01T00:00:00
180,2025-08-17 07:00:00,7.900000095367432,ok,,2.085164463443607,8.045914631717103,2025-01-01T00:00:00,fixed,5.87574286257866,10.056479051948722,0.10524739825198737,2025-01-01T00:00:00
180,2025-08-18 07:00:00,9.199999809265137,ok,,2.0694805761518276,7.920707844607586,2025-01-01T00:00:00,fixed,5.7843072807487115,9.89998479500432,0.09553917728635297,2025-01-01T00:00:00
180,2025-08-19 07:00:00,6.699999809265137,ok,,2.199610039194425,9.021494784024695,2025-01-01T00:00:00,fixed,6.5881861806071775,11.275843389534847,0.22292455793212929,2025-01-01T00:00:00
180,2025-08-20 07:00:00,7.099999904632568,ok,,2.136064613008107,8.466054782896018,2025-01-01T00:00:00,fixed,6.1825613670704715,10.581606501419515,0.14574368195952792,2025-01-01T00:00:00
180,2025-08-21 07:00:00,6.599999904632568,ok,,2.0126878090397007,7.483404302007793,2025-01-01T00:00:00,fixed,5.4649547538051415,9.353405056491827,0.05553721257260358,2025-01-01T00:00:00
180,2025-08-22 07:00:00,8.5,ok,,1.9008779055043443,6.691766603035588,2025-01-01T00:00:00,fixed,4.886840297911214,8.363947884641636,0.02793207459613467,2025-01-01T00:00:00
180,2025-08-23 07:00:00,11.399999618530273,ok,,2.027666384937693,7.596338728290442,2025-01-01T00:00:00,fixed,5.547428118182372,9.494560256881137,0.060893212020694754,2025-01-01T00:00:00
180,2025-08-23 19:00:00,8.899999618530273,ok,,1.951216070586385,7.037240160033105,2025-01-01T00:00:00,fixed,5.13913153882693,8.795750575569054,0.03918313025408782,2025-01-01T00:00:00
180,2025-08-24 07:00:00,9.399999618530273,ok,,2.21382523038882,9.150652885869505,2025-01-01T00:00:00,fixed,6.682507314971102,11.43727634092009,0.2412138998431741,2025-01-01T00:00:00
180,2025-08-25 07:00:00,10.899999618530273,ok,,2.1956710261716483,8.986028894742246,2025-01-01T00:00:00,fixed,6.562286272970216,11.23151505783447,0.2184344512840911,2025-01-01T00:00:00
180,2025-08-27 07:00:00,8.699999809265137,ok,,2.2473173096081855,9.462317288881206,2025-01-01T00:00:00,fixed,6.910108523203785,11.826821431017123,0.3160298904263338,2025-01-01T00:00:00
180,2025-08-27 19:00:00,9.300000190734863,ok,,2.164891628752813,8.713657555744492,2025-01-01T00:00:00,fixed,6.36337986837349,10.891081832979637,0.17835922331902276,2025-01-01T00:00:00
180,2025-08-28 07:00:00,7.800000190734863,ok,,2.1476762065340633,8.56493212057108,2025-01-01T00:00:00,fixed,6.254769169130017,10.705191938322107,0.15776590185017814,2025-01-01T00:00:00
180,2025-08-29 07:00:00,8.0,ok,,2.2069793747465543,9.088222774763793,2025-01-01T00:00:00,fixed,6.636916068166997,11.359245795819534,0.23010864417889831,2025-01-01T00:00:00
180,2025-08-30 07:00:00,11.100000381469727,ok,,2.1687260274816134,8.747133331921143,2025-01-01T00:00:00,fixed,6.387826443056729,10.932922749429478,0.18607758185319512,2025-01-01T00:00:00
180,2025-08-31 07:00:00,8.600000381469727,ok,,2.224071059230136,9.244890857789482,2025-01-01T00:00:00,fixed,6.751327096964554,11.555063097788667,0.26344031704563764,2025-01-01T00:00:00
180,2025-09-01 07:00:00,7.599999904632568,ok,,2.043988786010139,7.721346655074769,2025-01-01T00:00:00,fixed,5.638718476978039,9.650805961015065,0.07297311273992779,2025-01-01T00:00:00
180,2025-09-02 07:00:00,7.199999809265137,ok,,2.1335963534252853,8.44518412974013,2025-01-01T00:00:00,fixed,6.167320018270344,10.555520556456178,0.1429449852557696,2025-01-01T00:00:00
180,2025-09-03 07:00:00,10.699999809265137,ok,,2.1088714914999773,8.23893832444884,2025-01-01T00:00:00,fixed,6.016703540983849,10.297736735050966,0.12065326813275812,2025-01-01T00:00:00
180,2025-09-04 07:00:00,7.300000190734863,ok,,1.5326066934764833,4.630230697248958,2025-01-01T00:00:00,fixed,3.3813489474778398,5.787262249716009,0.010000000000000009,2025-01-01T00:00:00
180,2025-09-05 07:00:00,9.699999809265137,ok,,2.089864637526096,8.08382084425372,2025-01-01T00:00:00,fixed,5.9034248810879575,10.103857510428819,0.1096265916186886,2025-01-01T00:00:00
180,2025-09-06 07:00:00,11.699999809265137,ok,,2.147112889311169,8.560108705478589,2025-01-01T00:00:00,fixed,6.251246742146858,10.699163217529412,0.15720917351115848,2025-01-01T00:00:00
180,2025-09-07 07:00:00,10.699999809265137,ok,,2.2031889689754176,9.053839926347845,2025-01-01T00:00:00,fixed,6.611807079888802,11.316271142138984,0.22639320061125823,2025-01-01T00:00:00
180,2025-09-08 07:00:00,9.800000190734863,ok,,2.163204210835276,8.698966372426574,2025-01-01T00:00:00,fixed,6.352651241551772,10.872719523155645,0.17578390930473287,2025-01-01T00:00:00
180,2025-09-09 07:00:00,8.399999618530273,ok,,2.1425051537738042,8.520756719788334,2025-01-01T00:00:00,fixed,6.222508909391793,10.649977706886954,0.15265533271222265,2025-01-01T00:00:00
180,2025-09-10 07:00:00,10.100000381469727,ok,,2.243261152415187,9.424014376379096,2025-01-01T00:00:00,fixed,6.882136804008176,11.778947142656213,0.3097543539545895,2025-01-01T00:00:00
180,2025-09-11 07:00:00,8.699999809265137,ok,,2.189270932423872,8.928701114663518,2025-01-01T00:00:00,fixed,6.520421138918554,11.159861846752186,0.20558799813977124,2025-01-01T00:00:00
180,2025-09-12 07:00:00,9.899999618530273,ok,,2.1608730331777948,8.678711154804272,2025-01-01T00:00:00,fixed,6.337859330896262,10.84740280267885,0.17222609803064526,2025-01-01T00:00:00
180,2025-09-13 07:00:00,9.800000190734863,ok,,2.240218456008034,9.395383541253404,2025-01-01T00:00:00,fixed,6.861228376211005,11.743161852001212,0.30487513303122826,2025-01-01T00:00:00
180,2025-09-14 07:00:00,9.899999618530273,ok,,2.181061094135151,8.855698004291636,2025-01-01T00:00:00,fixed,6.467108678577164,11.068616253953092,0.19622824640808445,2025-01-01T00:00:00
180,2025-09-15 07:00:00,8.300000190734863,ok,,2.163592177638904,8.702341937366183,2025-01-01T00:00:00,fixed,6.3551163375053,10.876938595772929,0.1763760189037119,2025-01-01T00:00:00
180,2025-09-16 07:00:00,9.199999809265137,ok,,2.197666552198323,9.003978652926454,2025-01-01T00:00:00,fixed,6.575394560637117,11.253950215977394,0.2210409607805972,2025-01-01T00:00:00
180,2025-09-17 07:00:00,9.300000190734863,ok,,2.152148794436165,8.60332532684924,2025-01-01T00:00:00,fixed,6.282806827753826,10.753179083643216,0.1623339548908962,2025-01-01T00:00:00
180,2025-09-18 07:00:00,9.600000381469727,ok,,2.1815270684771977,8.859825493919997,2025-01-01T00:00:00,fixed,6.470122887506079,11.073775146991943,0.19650322653249352,2025-01-01T00:00:00
180,2025-09-19 07:00:00,9.600000381469727,ok,,2.1861179473713865,8.900593388416873,2025-01-01T00:00:00,fixed,6.499894725274293,11.124730382756407,0.1992123895390363,2025-01-01T00:00:00
180,2025-09-20 07:00:00,8.5,ok,,2.166883204715952,8.731028758977219,2025-01-01T00:00:00,fixed,6.376065650920416,10.912793863173,0.1820186387113909,2025-01-01T00:00:00
180,2025-09-21 07:00:00,7.599999904632568,ok,,2.1391176179285156,8.491941185354774,2025-01-01T00:00:00,fixed,6.201465600019363,10.613961563084048,0.14920540651506964,2025-01-01T00:00:00
180,2025-09-22 07:00:00,8.899999618530273,ok,,2.1805952703258984,8.851573769971534,2025-01-01T00:00:00,fixed,6.464096846923567,11.063461429679673,0.19595335511587653,2025-01-01T00:00:00
180,2025-09-23 07:00:00,10.199999809265137,ok,,2.1739370387974417,8.792833711878663,2025-01-01T00:00:00,fixed,6.421200359341398,10.990043031553427,0.19202420887576876,2025-01-01T00:00:00
180,2025-09-24 07:00:00,10.5,ok,,2.1802141261009393,8.848200686603768,2025-01-01T00:00:00,fixed,6.4616335632037885,11.05924545874522,0.19572843482104496,2025-01-01T00:00:00
180,2025-09-25 07:00:00,9.800000190734863,ok,,2.163411911425319,8.700773340522568,2025-01-01T00:00:00,fixed,6.35397082799768,10.874978027954251,0.1761008990882097,2025-01-01T00:00:00
180,2025-09-26 07:00:00,7.599999904632568,ok,,2.220890434172486,9.215533039128353,2025-01-01T00:00:00,fixed,6.729887770131652,11.51836916031974,0.2558331684516377,2025-01-01T00:00:00
180,2025-09-27 07:00:00,8.399999618530273,ok,,2.1121957765864257,8.266372478459221,2025-01-01T00:00:00,fixed,6.036738060612226,10.33202631028779,0.12313141968076113,2025-01-01T00:00:00
180,2025-09-28 07:00:00,9.399999618530273,ok,,2.1515318498120415,8.59801918850432,2025-01-01T00:00:00,fixed,6.278931879294256,10.746547013635654,0.16168301053900447,2025-01-01T00:00:00
180,2025-09-28 14:00:00,15.300000190734863,ok,,1.9890449287984087,7.308550242099276,2025-01-01T00:00:00,fixed,5.337262932361952,9.134857349847453,0.04837524567062257,2025-01-01T00:00:00
180,2025-09-28 17:00:00,8.300000190734863,ok,,2.071290956523352,7.93506032642373,2025-01-01T00:00:00,fixed,5.794788561802709,9.917923766436921,0.09634258844323518,2025-01-01T00:00:00
180,2025-09-29 07:00:00,9.199999809265137,ok,,2.141344222920177,8.510870450164159,2025-01-01T00:00:00,fixed,6.215289198415395,10.63762099320949,0.15150798077695637,2025-01-01T00:00:00
180,2025-09-30 07:00:00,8.300000190734863,ok,,2.1216594563924684,8.344974124520618,2025-01-01T00:00:00,fixed,6.09413900034027,10.430269436550793,0.13026060661923,2025-01-01T00:00:00
180,2025-10-01 07:00:00,9.800000190734863,ok,,2.172507491086096,8.780272916836617,2025-01-01T00:00:00,fixed,6.412027505142117,10.97434346500344,0.19118060618771537,2025-01-01T00:00:00
180,2025-10-02 07:00:00,9.699999809265137,ok,,2.190770446186083,8.942099868160618,2025-01-01T00:00:00,fixed,6.530205934536157,11.176608766155812,0.21010849577621038,2025-01-01T00:00:00
180,2025-10-03 07:00:00,10.399999618530273,ok,,2.2144918260879707,9.156754705224971,2025-01-01T00:00:00,fixed,6.686963330622237,11.444902921779539,0.24263217688803285,2025-01-01T00:00:00
180,2025-10-05 07:00:00,9.699999809265137,ok,,2.096607793930247,8.138515512653628,2025-01-01T00:00:00,fixed,5.943367115399643,10.172219631106648,0.1135772504675765,2025-01-01T00:00:00
180,2025-10-06 07:00:00,9.800000190734863,ok,,2.1798622840705364,8.845088065316387,2025-01-01T00:00:00,fixed,6.459360488836191,11.055355035815575,0.195520806296119,2025-01-01T00:00:00
180,2025-10-06 11:00:00,5.199999809265137,ok,,2.1863667442861727,8.902808104087466,2025-01-01T00:00:00,fixed,6.501512080216493,11.127498525691896,0.19935920922503025,2025-01-01T00:00:00
180,2025-10-07 07:00:00,9.300000190734863,ok,,2.146889261956337,8.55819464503782,2025-01-01T00:00:00,fixed,6.2498489486717625,10.696770859468481,0.15698816183114028,2025-01-01T00:00:00
180,2025-10-08 07:00:00,9.800000190734863,ok,,2.1760608549017424,8.811527918219799,2025-01-01T00:00:00,fixed,6.434852300047742,11.013408665302677,0.19327751225298362,2025-01-01T00:00:00
180,2025-10-09 07:00:00,12.699999809265137,ok,,2.1782933937248767,8.831221972078295,2025-01-01T00:00:00,fixed,6.449234405959995,11.038023994838388,0.19459497492836852,2025-01-01T00:00:00
180,2025-10-09 13:00:00,8.699999809265137,ok,,2.194791815530683,8.97813175465148,2025-01-01T00:00:00,fixed,6.55651917666768,11.221644530053823,0.21694069570816032,2025-01-01T00:00:00
180,2025-10-09 19:00:00,9.0,ok,,2.086368409279685,8.055607310694864,2025-01-01T00:00:00,fixed,5.8828211988436685,10.068593799315401,0.10636912513416052,2025-01-01T00:00:00
180,2025-10-10 07:00:00,10.199999809265137,ok,,2.1456588423905094,8.547670950505914,2025-01-01T00:00:00,fixed,6.242163741226228,10.683617437085395,0.15577213396382072,2025-01-01T00:00:00
180,2025-10-10 17:00:00,9.600000381469727,ok,,2.2228282983447656,9.233408805242592,2025-01-01T00:00:00,fixed,6.742942023124198,11.540711836782739,0.25968365648218406,2025-01-01T00:00:00
180,2025-10-11 07:00:00,9.0,ok,,2.1414012413928365,8.511355740833364,2025-01-01T00:00:00,fixed,6.215643594816099,10.638227551403599,0.151564332328599,2025-01-01T00:00:00
180,2025-10-12 07:00:00,10.5,ok,,2.1973867973007217,9.00146009810585,2025-01-01T00:00:00,fixed,6.57355531908553,11.250802308628893,0.22076982671625522,2025-01-01T00:00:00
180,2025-10-14 07:00:00,9.199999809265137,ok,,2.19738777991346,9.001468943059551,2025-01-01T00:00:00,fixed,6.573561778347896,11.25081336381599,0.22077077904912834,2025-01-01T00:00:00
180,2025-10-15 07:00:00,9.100000381469727,ok,,2.108831834871374,8.238611602410014,2025-01-01T00:00:00,fixed,6.016464943537126,10.297328369627062,0.12062370534466804,2025-01-01T00:00:00
180,2025-10-16 07:00:00,12.199999809265137,ok,,2.207514879610703,9.093090865592973,2025-01-01T00:00:00,fixed,6.640471120793479,11.365330356206696,0.23095272397523692,2025-01-01T00:00:00
180,2025-10-16 12:00:00,9.699999809265137,ok,,2.1618014446229217,8.686772311025168,2025-01-01T00:00:00,fixed,6.343746204334161,10.857478331985407,0.17364302680733645,2025-01-01T00:00:00
180,2025-10-17 07:00:00,10.399999618530273,ok,,2.200502876521509,9.029553108164944,2025-01-01T00:00:00,fixed,6.594070985842964,11.2859153790624,0.22378988188307414,2025-01-01T00:00:00
180,2025-10-18 07:00:00,10.800000190734863,ok,,2.149559322131964,8.581076073536405,2025-01-01T00:00:00,fixed,6.266558719572907,10.72537004513068,0.15962699143947734,2025-01-01T00:00:00
180,2025-10-18 13:00:00,8.0,ok,,2.20849145325449,9.101975275907261,2025-01-01T00:00:00,fixed,6.646959197399042,11.376434859585634,0.23249203040836786,2025-01-01T00:00:00
180,2025-10-19 07:00:00,6.5,ok,,2.052418743404844,7.786712406560337,2025-01-01T00:00:00,fixed,5.686453553141338,9.732505723020768,0.08380616955122833,2025-01-01T00:00:00
180,2025-10-20 07:00:00,10.5,ok,,2.318732603015204,10.162785856255988,2025-01-01T00:00:00,fixed,7.421644299259456,12.702327547697074,0.49076975741296425,2025-01-01T00:00:00
180,2025-10-21 07:00:00,10.100000381469727,ok,,2.0765396754484615,7.9768187209016395,2025-01-01T00:00:00,fixed,5.825283738490155,9.970117014629576,0.09867186653865612,2025-01-01T00:00:00
180,2025-10-21 13:00:00,11.0,ok,,2.1968385837540185,8.996526728133642,2025-01-01T00:00:00,fixed,6.56995259463101,11.244636156730454,0.22023850673465895,2025-01-01T00:00:00
180,2025-10-21 19:00:00,10.0,ok,,2.2194263296147687,9.20205040760355,2025-01-01T00:00:00,fixed,6.720041720356485,11.501517402912343,0.2529240290209167,2025-01-01T00:00:00
180,2025-10-22 07:00:00,9.300000190734863,ok,,2.0764669952427712,7.976238985144163,2025-01-01T00:00:00,fixed,5.82486037105524,9.969392410806693,0.09863961249466924,2025-01-01T00:00:00
180,2025-10-22 17:00:00,11.0,ok,,2.234594774955333,9.342695190947403,2025-01-01T00:00:00,fixed,6.822751308976019,11.677307400967724,0.29254340703374193,2025-01-01T00:00:00
180,2025-10-22 23:00:00,6.699999809265137,ok,,2.0366995151036527,7.665268301003357,2025-01-01T00:00:00,fixed,5.597765769453483,9.580714390472691,0.06679168342031083,2025-01-01T00:00:00
180,2025-10-23 07:00:00,9.100000381469727,ok,,1.9266718419458009,6.8666189765851176,2025-01-01T00:00:00,fixed,5.014530887845963,8.582493483528893,0.03251391618999333,2025-01-01T00:00:00
180,2025-10-23 18:00:00,6.5,ok,,2.094292853025944,8.119697120330056,2025-01-01T00:00:00,fixed,5.929624484581196,10.148698778990303,0.11227156939406735,2025-01-01T00:00:00
180,2025-10-24 07:00:00,7.0,ok,,1.9711176436612312,7.178695229683564,2025-01-01T00:00:00,fixed,5.242432860543398,8.972553339436834,0.044063521247392656,2025-01-01T00:00:00
180,2025-10-25 07:00:00,7.199999809265137,ok,,2.1292406764012,8.408479629765223,2025-01-01T00:00:00,fixed,6.140515582277208,10.509644102130546,0.1381663326177487,2025-01-01T00:00:00
180,2025-10-26 07:00:00,7.199999809265137,ok,,2.1089132052157358,8.239282008348376,2025-01-01T00:00:00,fixed,6.016954525279869,10.298166300873419,0.12068436441559527,2025-01-01T00:00:00
180,2025-10-27 07:00:00,10.399999618530273,ok,,2.1663227452011995,8.726136741852498,2025-01-01T00:00:00,fixed,6.372493125481123,10.906679397635099,0.18078418830951093,2025-01-01T00:00:00
180,2025-10-27 12:15:10,9.600000381469727,ok,,2.089569991280243,8.081439327659504,2025-01-01T00:00:00,fixed,5.901685715340981,10.100880885291982,0.10935206713029344,2025-01-01T00:00:00
180,2025-10-27 15:46:34,5.599999904632568,ok,,2.1815461660601905,8.859994696788347,2025-01-01T00:00:00,fixed,6.470246452394789,11.073986631351271,0.19651449637135243,2025-01-01T00:00:00
180,2025-10-27 19:00:00,7.699999809265137,ok,,2.1025840009482817,8.187298589870194,2025-01-01T00:00:00,fixed,5.9789922532354245,10.233192934525016,0.11694797167273385,2025-01-01T00:00:00
180,2025-10-28 07:00:00,9.899999618530273,ok,,2.109447730139684,8.243687287198059,2025-01-01T00:00:00,fixed,6.02017159716585,10.303672398874408,0.12108283618720384,2025-01-01T00:00:00
180,2025-10-28 11:00:00,7.800000190734863,ok,,2.0372129106973023,7.669204626332814,2025-01-01T00:00:00,fixed,5.600640375575722,9.585634349859445,0.06712692150170618,2025-01-01T00:00:00
180,2025-10-29 07:00:00,9.199999809265137,ok,,1.8756516128751404,6.525069554693865,2025-01-01T00:00:00,fixed,4.765105350818223,8.155595515594383,0.024778549425162777,2025-01-01T00:00:00
180,2025-10-30 07:00:00,9.899999618530273,ok,,1.9966338767542582,7.364225440406284,2025-01-01T00:00:00,fixed,5.377921224681571,9.204445021493928,0.050273310094824386,2025-01-01T00:00:00
180,2025-10-31 07:00:00,10.199999809265137,ok,,2.0661626013520755,7.894470686767551,2025-01-01T00:00:00,fixed,5.765146899366435,9.867191328968667,0.09406672541143002,2025-01-01T00:00:00
180,2025-11-01 07:00:00,7.800000190734863,ok,,2.1539799405657156,8.619093705419385,2025-01-01T00:00:00,fixed,6.294322105019229,10.772887765133419,0.16426601521513262,2025-01-01T00:00:00
180,2025-11-02 07:00:00,10.100000381469727,ok,,2.1721676856163277,8.777289838935214,2025-01-01T00:00:00,fixed,6.409849033272853,10.970614956586568,0.1909800806610492,2025-01-01T00:00:00
180,2025-11-03 02:00:00,8.5,ok,,2.152388390114863,8.605386893381338,2025-01-01T00:00:00,fixed,6.284312341469939,10.755755807557554,0.16258675465231365,2025-01-01T00:00:00
180,2025-11-03 07:00:00,9.5,ok,,2.183175454536304,8.874441950222067,2025-01-01T00:00:00,fixed,6.480796942939694,11.092044056537175,0.19747596979903548,2025-01-01T00:00:00
180,2025-11-04 07:00:00,9.399999618530273,ok,,2.150948456003033,8.593004620216284,2025-01-01T00:00:00,fixed,6.275269857612943,10.7402793730688,0.1610674659827288,2025-01-01T00:00:00
180,2025-11-05 07:00:00,8.899999618530273,ok,,2.172225599405365,8.777798179767094,2025-01-01T00:00:00,fixed,6.410220262667074,10.971250324864886,0.19101425666491356,2025-01-01T00:00:00
180,2025-11-06 07:00:00,9.600000381469727,ok,,2.1538489025479572,8.617964350461186,2025-01-01T00:00:00,fixed,6.293497363564877,10.771476199761526,0.16412775571143068,2025-01-01T00:00:00
180,2025-11-07 07:00:00,9.899999618530273,ok,,2.2258188590958676,9.261063205686227,2025-01-01T00:00:00,fixed,6.763137383560293,11.575276695035065,0.26898964373241785,2025-01-01T00:00:00
180,2025-11-08 07:00:00,8.800000190734863,ok,,2.2047369892178668,9.067866307585739,2025-01-01T00:00:00,fixed,6.622050217334168,11.333802524902788,0.22789351758021126,2025-01-01T00:00:00
180,2025-11-09 07:00:00,10.5,ok,,2.0568074041751894,7.820960743024771,2025-01-01T00:00:00,fixed,5.711464310494247,9.775312252046193,0.08974119787444368,2025-01-01T00:00:00
180,2025-11-09 10:00:00,11.199999809265137,ok,,2.023053931982027,7.56138165417596,2025-01-01T00:00:00,fixed,5.521899786336156,9.450867886325288,0.05893614681942083,2025-01-01T00:00:00
180,2025-11-09 14:00:09,8.100000381469727,ok,,2.1359947097100824,8.465462998429519,2025-01-01T00:00:00,fixed,6.182129200745775,10.58086683807942,0.145664420389503,2025-01-01T00:00:00
180,2025-11-09 21:00:00,7.300000190734863,ok,,1.9890501165712677,7.308588157296208,2025-01-01T00:00:00,fixed,5.337290620941555,9.134904739535404,0.04837649339144412,2025-01-01T00:00:00
180,2025-11-10 07:00:00,8.100000381469727,ok,,2.177744159035564,8.826372890386045,2025-01-01T00:00:00,fixed,6.445693235260645,11.031963193712427,0.1942708613247447,2025-01-01T00:00:00
180,2025-11-11 07:00:00,9.100000381469727,ok,,2.0900460359235704,8.085287369408974,2025-01-01T00:00:00,fixed,5.9044958500340865,10.105690500235202,0.10979560209468564,2025-01-01T00:00:00
180,2025-11-12 07:00:00,11.5,ok,,2.208315870897068,9.100377269926057,2025-01-01T00:00:00,fixed,6.645792211087577,11.374437533686658,0.23221527191294522,2025-01-01T00:00:00
180,2025-11-12 14:06:58,8.100000381469727,ok,,2.1012704697565097,8.176551377740465,2025-01-01T00:00:00,fixed,5.971143816127362,10.219760140542412,0.1162071092112461,2025-01-01T00:00:00
180,2025-11-13 07:00:00,7.300000190734863,ok,,2.1679579360523644,8.740417313366727,2025-01-01T00:00:00,fixed,6.38292189212718,10.924528489361299,0.18438580796309456,2025-01-01T00:00:00
180,2025-11-14 07:00:00,10.399999618530273,ok,,2.1417762525880626,8.514548193087982,2025-01-01T00:00:00,fixed,6.217974967867866,10.642217753971293,0.15193495717610372,2025-01-01T00:00:00
180,2025-11-14 19:00:00,8.300000190734863,ok,,2.0892900357677204,8.079177200832822,2025-01-01T00:00:00,fixed,5.900033737142787,10.098053483798596,0.10909123012683508,2025-01-01T00:00:00
180,2025-11-15 07:00:00,9.199999809265137,ok,,2.1974129130423052,9.001695180981315,2025-01-01T00:00:00,fixed,6.573726994599236,11.25109613551133,0.22079513768388992,2025-01-01T00:00:00
180,2025-11-16 07:00:00,9.899999618530273,ok,,2.2215602572841098,9.221707883939906,2025-01-01T00:00:00,fixed,6.73439711456168,11.526087014701591,0.25716409035565135,2025-01-01T00:00:00
180,2025-11-17 07:00:00,9.199999809265137,ok,,2.1791157663236094,8.838487514123333,2025-01-01T00:00:00,fixed,6.454540261014137,11.047105096828826,0.19508027229156,2025-01-01T00:00:00
180,2025-11-18 07:00:00,9.800000190734863,ok,,2.207544889106866,9.093363748762934,2025-01-01T00:00:00,fixed,6.640670400976231,11.365671429162097,0.23100002589741375,2025-01-01T00:00:00
180,2025-11-19 07:00:00,9.699999809265137,ok,,2.104297182344867,8.20133693918856,2025-01-01T00:00:00,fixed,5.989244130689433,10.250739276029508,0.11791424624192548,2025-01-01T00:00:00
180,2025-11-20 07:00:00,6.099999904632568,ok,,1.9602695004201147,7.10124059462014,2025-01-01T00:00:00,fixed,5.185869556061702,8.87574384658923,0.04145441430222463,2025-01-01T00:00:00
180,2025-11-21 07:00:00,10.399999618530273,ok,,2.1443983594636378,8.536903544699499,2025-01-01T00:00:00,fixed,6.234300557149412,10.67015940330149,0.15452639437390647,2025-01-01T00:00:00
180,2025-11-22 07:00:00,9.300000190734863,ok,,2.196850723487542,8.996635944233681,2025-01-01T00:00:00,fixed,6.570032352588888,11.244772664445547,0.22025027237421857,2025-01-01T00:00:00
180,2025-11-23 07:00:00,9.899999618530273,ok,,2.0902551366154407,8.08697818536112,2025-01-01T00:00:00,fixed,5.905730613291901,10.107803828052083,0.10999042304104645,2025-01-01T00:00:00
180,2025-11-23 19:51:00,9.899999618530273,ok,,2.135032032670829,8.457317412987395,2025-01-01T00:00:00,fixed,6.176180670626599,10.570685781839813,0.14457286540262337,2025-01-01T00:00:00
180,2025-11-23 23:38:00,10.699999809265137,ok,,2.206451718511728,9.083428582307201,2025-01-01T00:00:00,fixed,6.633414981789867,11.353253600001215,0.22955540635026395,2025-01-01T00:00:00
180,2025-11-24 07:00:00,9.0,ok,,2.15390855395163,8.618478439464406,2025-01-01T00:00:00,fixed,6.29387279071389,10.772118752600868,0.1641906944952125,2025-01-01T00:00:00
180,2025-11-24 17:00:00,8.399999618530273,ok,,2.119132203421398,8.323910891141404,2025-01-01T00:00:00,fixed,6.078757014717048,10.40394278819072,0.12830231100075373,2025-01-01T00:00:00
180,2025-11-25 07:00:00,9.899999618530273,ok,,2.2107023145521847,9.122120741987215,2025-01-01T00:00:00,fixed,6.661670959075706,11.401614403105295,0.23597686029288656,2025-01-01T00:00:00
180,2025-11-26 07:00:00,9.699999809265137,ok,,2.118714684991132,8.320436230350396,2025-01-01T00:00:00,fixed,6.076219551386011,10.39959985701921,0.12799106394540904,2025-01-01T00:00:00
180,2025-11-27 07:00:00,13.100000381469727,ok,,2.179707322832058,8.843717525708335,2025-01-01T00:00:00,fixed,6.458359615885321,11.05364201703659,0.19542936078766415,2025-01-01T00:00:00
180,2025-11-27 09:45:00,10.5,ok,,2.162695858314031,8.694545354751877,2025-01-01T00:00:00,fixed,6.3494226759707955,10.867193753411753,0.17500806867950602,2025-01-01T00:00:00
180,2025-11-27 19:00:00,8.600000381469727,ok,,2.0296502533114658,7.611423822923467,2025-01-01T00:00:00,fixed,5.558444409204392,9.513414911089829,0.06218864235860788,2025-01-01T00:00:00
180,2025-11-28 07:00:00,9.0,ok,,2.266782347497219,9.648305918929472,2025-01-01T00:00:00,fixed,7.045931660230242,12.059286085142077,0.3609209234184977,2025-01-01T00:00:00
180,2025-11-29 07:00:00,7.300000190734863,ok,,2.160504173368193,8.675510517389666,2025-01-01T00:00:00,fixed,6.335521980414014,10.843402369591233,0.1716631492631212,2025-01-01T00:00:00
180,2025-11-30 07:00:00,8.699999809265137,ok,,2.1141204041779744,8.282297486952881,2025-01-01T00:00:00,fixed,6.048367721039428,10.351930761384907,0.124566169926692,2025-01-01T00:00:00
180,2025-12-01 07:00:00,7.800000190734863,ok,,2.0641401333880376,7.878520507510665,2025-01-01T00:00:00,fixed,5.753498857320841,9.847255417277609,0.09316919395765233,2025-01-01T00:00:00
180,2025-12-02 07:00:00,8.399999618530273,ok,,2.20458712786272,9.066507486672508,2025-01-01T00:00:00,fixed,6.621057902271446,11.332104153160765,0.2277482743024094,2025-01-01T00:00:00
180,2025-12-03 07:00:00,6.800000190734863,ok,,2.083563220741115,8.033041478899737,2025-01-01T00:00:00,fixed,5.8663419008176,10.040389073672038,0.1037555063990121,2025-01-01T00:00:00
180,2025-12-04 07:00:00,7.800000190734863,ok,,2.115333997563903,8.292354929992127,2025-01-01T00:00:00,fixed,6.055712435948617,10.364501422381188,0.12547086619965775,2025-01-01T00:00:00
180,2025-12-05 07:00:00,9.0,ok,,2.1328284022129838,8.438701129981961,2025-01-01T00:00:00,fixed,6.1625856355058275,10.54741754340595,0.14207422492672084,2025-01-01T00:00:00
180,2025-12-06 07:00:00,8.300000190734863,ok,,2.1148746461363497,8.288546699642241,2025-01-01T00:00:00,fixed,6.052931374587465,10.359741567163779,0.1251284339407912,2025-01-01T00:00:00
180,2025-12-07 07:00:00,10.199999809265137,ok,,2.0576147841904726,7.827277780210641,2025-01-01T00:00:00,fixed,5.716077494682306,9.783207830738968,0.0902733724881224,2025-01-01T00:00:00
180,2025-12-08 07:00:00,8.199999809265137,ok,,2.0136310316525607,7.490466148089519,2025-01-01T00:00:00,fixed,5.470111854471829,9.3622315616736,0.05584648457902863,2025-01-01T00:00:00
180,2025-12-09 07:00:00,9.100000381469727,ok,,2.1304697112003534,8.418820297056495,2025-01-01T00:00:00,fixed,6.148067129218992,10.522568761259778,0.1394479749330434,2025-01-01T00:00:00
180,2025-12-10 03:00:00,9.800000190734863,ok,,1.9407983931724753,6.964309008355629,2025-01-01T00:00:00,fixed,5.085871628233382,8.70459492296148,0.03635241506880127,2025-01-01T00:00:00
180,2025-12-10 06:35:00,8.0,ok,,1.3405745507804239,3.821238370263108,2025-01-01T00:00:00,fixed,2.790560813530964,4.776113764812906,0.010000000000000009,2025-01-01T00:00:00
180,2025-12-10 17:00:00,7.800000190734863,ok,,1.952188553881116,7.044087087251308,2025-01-01T00:00:00,fixed,5.144131689285196,8.804308456592135,0.039447375643963056,2025-01-01T00:00:00
180,2025-12-11 07:00:00,7.300000190734863,ok,,1.8941341667853306,6.646790900140941,2025-01-01T00:00:00,fixed,4.853995596299424,8.307733366502987,0.02708904347343033,2025-01-01T00:00:00
180,2025-12-11 14:00:00,10.5,ok,,2.0719054677773405,7.939938008837269,2025-01-01T00:00:00,fixed,5.798350618938426,9.924020315214666,0.09661529643612421,2025-01-01T00:00:00
180,2025-12-12 07:00:00,7.599999904632568,ok,,2.2111201471634563,9.12593305791667,2025-01-01T00:00:00,fixed,6.664455004039853,11.406379364832935,0.23663546134217173,2025-01-01T00:00:00
180,2025-12-13 07:00:00,6.699999809265137,ok,,2.231520632781839,9.31401851831489,2025-01-01T00:00:00,fixed,6.801809407122032,11.641464818637603,0.2827735322980678,2025-01-01T00:00:00
180,2025-12-14 07:00:00,6.400000095367432,ok,,2.1495984530628935,8.581411865601423,2025-01-01T00:00:00,fixed,6.2668039406471605,10.725789747056716,0.15966566467241827,2025-01-01T00:00:00
180,2025-12-14 11:22:00,11.0,ok,,2.2598987969732853,9.58211937820902,2025-01-01T00:00:00,fixed,6.997597180927674,11.976560429857052,0.34345604648161365,2025-01-01T00:00:00
180,2025-12-15 07:00:00,8.800000190734863,ok,,2.1676079220174533,8.737358579967106,2025-01-01T00:00:00,fixed,6.3806881708209024,10.920705420168204,0.18361487811948163,2025-01-01T00:00:00
180,2025-12-16 07:00:00,7.400000095367432,ok,,2.0805912539353066,8.009202987423741,2025-01-01T00:00:00,fixed,5.848933209257219,10.010593668036813,0.10098649889128175,2025-01-01T00:00:00
180,2025-12-17 07:00:00,8.399999618530273,ok,,2.118333951111751,8.317268961367835,2025-01-01T00:00:00,fixed,6.0739065690875425,10.395641130680076,0.12770723863319022,2025-01-01T00:00:00
180,2025-12-18 07:00:00,9.300000190734863,ok,,2.1363453487516413,8.468431840727233,2025-01-01T00:00:00,fixed,6.18429727668734,10.584577553609236,0.1460620010721222,2025-01-01T00:00:00
180,2025-12-19 07:00:00,9.399999618530273,ok,,2.1717814868910783,8.773900715268017,2025-01-01T00:00:00,fixed,6.407374035698378,10.966378937100444,0.190752177611604,2025-01-01T00:00:00
180,2025-12-20 07:00:00,9.100000381469727,ok,,2.1617228583445995,8.686089676741807,2025-01-01T00:00:00,fixed,6.343247692517693,10.856625116697279,0.1735230895103631,2025-01-01T00:00:00
180,2025-12-21 07:00:00,8.800000190734863,ok,,2.034859723674467,7.6511787709533,2025-01-01T00:00:00,fixed,5.587476515910777,9.563104078869129,0.06559033273378967,2025-01-01T00:00:00
180,2025-12-22 07:00:00,9.0,ok,,2.0391516181967897,7.684087392861016,2025-01-01T00:00:00,fixed,5.611508911125277,9.604236116927158,0.0683928626016187,2025-01-01T00:00:00
180,2025-12-23 07:00:00,8.300000190734863,ok,,2.04108873809872,7.6989868178051015,2025-01-01T00:00:00,fixed,5.622389611925486,9.622858705121871,0.0696577670289037,2025-01-01T00:00:00
180,2025-12-24 07:00:00,5.099999904632568,ok,,1.9690190446872993,7.1636458240972205,2025-01-01T00:00:00,fixed,5.231442632395633,8.953743292481233,0.04355878333636887,2025-01-01T00:00:00
180,2025-12-25 07:00:00,9.0,ok,,1.8427551990372126,6.3139103980392965,2025-01-01T00:00:00,fixed,4.610900768198083,7.891670563277227,0.020666186558471855,2025-01-01T00:00:00
180,2025-12-26 07:00:00,6.199999809265137,ok,,2.1004683782656475,8.169995664947972,2025-01-01T00:00:00,fixed,5.966356332738245,10.211566244461489,0.11575471076042831,2025-01-01T00:00:00
180,2025-12-27 07:00:00,8.899999618530273,ok,,2.0306699808953534,7.6191893604418555,2025-01-01T00:00:00,fixed,5.564115399233032,9.523120950608686,0.06285450611551768,2025-01-01T00:00:00
180,2025-12-28 07:00:00,10.899999618530273,ok,,2.1268921900553015,8.388755600037674,2025-01-01T00:00:00,fixed,6.12611158569041,10.484991306164604,0.1357173218331318,2025-01-01T00:00:00
180,2025-12-28 21:00:00,10.5,ok,,2.1420770674559413,8.51710988105533,2025-01-01T00:00:00,fixed,6.2198457085454955,10.645419572852107,0.1522322535393963,2025-01-01T00:00:00
180,2025-12-28 23:30:00,7.900000095367432,ok,,2.128361558698373,8.40109083475495,2025-01-01T00:00:00,fixed,6.135119718471554,10.500408947938498,0.13724958522471753,2025-01-01T00:00:00
180,2025-12-29 07:00:00,4.699999809265137,ok,,1.6126568836739041,5.016120788456223,2025-01-01T00:00:00,fixed,3.663155435979822,6.269581015973196,0.010000000000000009,2025-01-01T00:00:00
180,2025-12-30 07:00:00,9.699999809265137,ok,,2.0933585818283458,8.112114663764237,2025-01-01T00:00:00,fixed,5.924087194280873,10.139221569859114,0.111744618482292,2025-01-01T00:00:00
180,2025-12-31 07:00:00,9.0,ok,,2.1939584892367243,8.970653157878154,2025-01-01T00:00:00,fixed,6.551057732739384,11.212297133861913,0.21552489642165085,2025-01-01T00:00:00
0,2026-01-01 10:00:00,8.899999618530273,ok,,2.2285845949020406,9.286712312774563,2026-01-01T00:00:00,fixed,7.599221555015548,11.080422931491158,0.26570912855116213,2026-01-01T00:00:00
0,2026-01-02 10:00:00,9.100000381469727,ok,,2.1604473316671187,8.6750174006291,2026-01-01T00:00:00,fixed,7.0986778744414325,10.350580323759072,0.13435657443403237,2026-01-01T00:00:00
0,2026-01-03 10:00:00,10.600000381469727,ok,,2.163401474949851,8.700682535588887,2026-01-01T00:00:00,fixed,7.119679391472441,10.381202630165298,0.1381184571919516,2026-01-01T00:00:00
0,2026-01-03 14:58:15,8.699999809265137,ok,,2.1008081485477983,8.172772058321494,2026-01-01T00:00:00,fixed,6.6876956556943306,9.751327259735042,0.07931398733538098,2026-01-01T00:00:00
0,2026-01-04 10:00:00,8.100000381469727,ok,,2.0427824799886496,7.712037963804726,2026-01-01T00:00:00,fixed,6.310681665784661,9.201603261159043,0.047010141838132236,2026-01-01T00:00:00
0,2026-01-04 18:00:00,6.800000190734863,ok,,1.9881787382554779,7.302222385957251,2026-01-01T00:00:00,fixed,5.975333776470187,8.712632592796995,0.036722099953821696,2026-01-01T00:00:00
0,2026-01-05 10:00:00,7.900000095367432,ok,,2.045539756896709,7.733331530635965,2026-01-01T00:00:00,fixed,6.32810597339722,9.22700963946211,0.04758548204409807,2026-01-01T00:00:00
0,2026-01-05 22:00:00,8.600000381469727,ok,,2.1444182417944657,8.53707327992738,2026-01-01T00:00:00,fixed,6.9857996135328655,10.185992561501681,0.11596838451569136,2026-01-01T00:00:00
0,2026-01-06 10:00:00,10.5,ok,,2.250002303784448,9.48775769408197,2026-01-01T00:00:00,fixed,7.763734931085784,11.320299841454727,0.3348844003593502,2026-01-01T00:00:00
0,2026-01-06 16:00:00,8.899999618530273,ok,,2.1100407826601977,8.248577676707635,2026-01-01T00:00:00,fixed,6.749726616687796,9.841774587488079,0.08526439040778766,2026-01-01T00:00:00
0,2026-01-07 10:00:00,7.099999904632568,ok,,2.0382708670745324,7.67732260375133,2026-01-01T00:00:00,fixed,6.282274442267572,9.160182696091955,0.04606873755056906,2026-01-01T00:00:00
0,2026-01-08 10:00:00,8.199999809265137,ok,,2.163399605845556,8.70066627312099,2026-01-01T00:00:00,fixed,7.119666084061548,10.38118322663301,0.1381160770260128,2026-01-01T00:00:00
0,2026-01-09 18:00:00,13.0,abstain,outside_training_support,1.3767159537264544,3.96186927774985,2026-01-01T00:00:00,fixed,3.2419570456829985,4.727096707449756,0.010000000000000009,2026-01-01T00:00:00
0,2026-01-09 21:00:00,2.0,ok,,1.1774884852173855,3.2462110492024308,2026-01-01T00:00:00,fixed,2.6563412482687934,3.8732104687429603,0.010000000000000009,2026-01-01T00:00:00
0,2026-01-10 10:00:00,6.599999904632568,ok,,1.7662204173785487,5.848705866553306,2026-01-01T00:00:00,fixed,4.78593609806557,6.978372153744707,0.015010434583226262,2026-01-01T00:00:00
0,2026-01-11 10:00:00,8.800000190734863,ok,,2.129141832903206,8.407648547300031,2026-01-01T00:00:00,fixed,6.879892680615285,10.031569690736802,0.10248456459959232,2026-01-01T00:00:00
0,2026-01-12 10:00:00,12.0,ok,,2.319821320045197,10.17385627947553,2026-01-01T00:00:00,fixed,8.325162375308043,12.138917048795255,0.5570973346547263,2026-01-01T00:00:00
0,2026-01-12 16:00:00,9.800000190734863,ok,,2.081356012486912,8.01533043661086,2026-01-01T00:00:00,fixed,6.5588627894372085,9.563476091655469,0.06842108406543312,2026-01-01T00:00:00
0,2026-01-13 10:00:00,9.0,ok,,2.121379076226866,8.342634687274863,2026-01-01T00:00:00,fixed,6.826692504940799,9.953998528712466,0.09477103963130173,2026-01-01T00:00:00
0,2026-01-13 22:00:00,11.100000381469727,ok,,2.1109538103627745,8.256112295767874,2026-01-01T00:00:00,fixed,6.755892118282223,9.850764503725744,0.0858706940573184,2026-01-01T00:00:00
0,2026-01-14 10:00:00,8.899999618530273,ok,,2.1352720888086725,8.459347887646274,2026-01-01T00:00:00,fixed,6.922197721226787,10.093254659218864,0.1073167456402152,2026-01-01T00:00:00
0,2026-01-15 10:00:00,9.5,ok,,2.155213002515697,8.629728137019924,2026-01-01T00:00:00,fixed,7.06161813396081,10.296543526005019,0.12792284881189642,2026-01-01T00:00:00
0,2026-01-16 10:00:00,9.399999618530273,ok,,2.2308263565443327,9.30755426083177,2026-01-01T00:00:00,fixed,7.6162763076115745,11.10529046172275,0.2698059289449183,2026-01-01T00:00:00
0,2026-01-17 10:00:00,9.899999618530273,ok,,2.2049157894746236,9.06948778936613,2026-01-01T00:00:00,fixed,7.421468952698727,10.821241909252953,0.20595838567019253,2026-01-01T00:00:00
0,2026-01-18 10:00:00,9.199999809265137,ok,,2.3959874685980407,10.979034159514786,2026-01-01T00:00:00,fixed,8.984031186523318,13.099613487473983,0.7638996542863381,2026-01-01T00:00:00
0,2026-01-18 14:30:00,9.600000381469727,ok,,2.5359278697622503,12.62814268541793,2026-01-01T00:00:00,fixed,10.333479800255487,15.067244152827874,0.9218165331634015,2026-01-01T00:00:00
0,2026-01-18 22:00:00,7.099999904632568,ok,,2.232769707999712,9.325659696865207,2026-01-01T00:00:00,fixed,7.631091800450627,11.126892927897307,0.2774191124561478,2026-01-01T00:00:00
0,2026-01-19 10:00:00,7.599999904632568,ok,,2.470868381565219,11.832717705412719,2026-01-01T00:00:00,fixed,9.682591687232042,14.118184368063483,0.8740104674199836,2026-01-01T00:00:00
0,2026-01-19 17:44:10,7.0,ok,,1.916297282811673,6.795749089529468,2026-01-01T00:00:00,fixed,5.5608918661765445,8.108334953447633,0.027322164519041126,2026-01-01T00:00:00
0,2026-01-19 22:00:00,9.899999618530273,ok,,2.060008900550996,7.846039644083636,2026-01-01T00:00:00,fixed,6.42033386808052,9.36148710820988,0.05193207634956931,2026-01-01T00:00:00
0,2026-01-20 05:30:00,7.099999904632568,ok,,2.0073528796802287,7.443587173908858,2026-01-01T00:00:00,fixed,6.091011134348962,8.881301717603378,0.039713841649130055,2026-01-01T00:00:00
0,2026-01-20 10:00:00,8.0,ok,,2.0154981577043554,7.504464857185114,2026-01-01T00:00:00,fixed,6.140826718959671,8.953937808296354,0.04131692779902052,2026-01-01T00:00:00
0,2026-01-21 10:00:00,9.899999618530273,ok,,2.199099290789648,9.01688824644605,2026-01-01T00:00:00,fixed,7.378427285542483,10.7584828658016,0.19316923316548995,2026-01-01T00:00:00
0,2026-01-22 10:00:00,9.199999809265137,ok,,2.2469331367044885,9.458682821149345,2026-01-01T00:00:00,fixed,7.739943260400021,11.285609212745392,0.32219091245787257,2026-01-01T00:00:00
0,2026-01-23 10:00:00,8.5,ok,,2.2601873340929153,9.584884574246026,2026-01-01T00:00:00,fixed,7.843212862182971,11.436186591683176,0.36765001133545083,2026-01-01T00:00:00
0,2026-01-24 10:00:00,9.600000381469727,ok,,2.0781933539123925,7.990020727159216,2026-01-01T00:00:00,fixed,6.538152113458634,9.533277860510568,0.06554084184135356,2026-01-01T00:00:00
0,2026-01-25 10:00:00,7.400000095367432,ok,,2.0990582929942976,8.15848339294396,2026-01-01T00:00:00,fixed,6.676003387185054,9.734278766126401,0.07839414525164246,2026-01-01T00:00:00
0,2026-01-26 10:00:00,8.199999809265137,ok,,2.1876129924949757,8.913910129243073,2026-01-01T00:00:00,fixed,7.29416134711481,10.635614723355962,0.16715392212268532,2026-01-01T00:00:00
0,2026-01-27 10:00:00,8.0,ok,,2.1252045747510273,8.374610546764574,2026-01-01T00:00:00,fixed,6.852858023209316,9.992150463951868,0.09910945208042077,2026-01-01T00:00:00
0,2026-01-28 10:00:00,7.699999809265137,ok,,2.1839480907141082,8.881301314685969,2026-01-01T00:00:00,fixed,7.267477888198463,10.596707578995492,0.1634522759817213,2026-01-01T00:00:00
0,2026-01-29 10:00:00,9.0,ok,,2.1927240728052677,8.959586468076308,2026-01-01T00:00:00,fixed,7.331537827286188,10.690113359168999,0.17576843728668856,2026-01-01T00:00:00
0,2026-01-30 10:00:00,8.5,ok,,2.1644690245403506,8.709975905350758,2026-01-01T00:00:00,fixed,7.1272840607498535,10.39229099641937,0.13947790255846415,2026-01-01T00:00:00
0,2026-01-31 10:00:00,8.699999809265137,ok,,2.176709504694334,8.817245368087237,2026-01-01T00:00:00,fixed,7.215061563268228,10.520279349533208,0.15334785775727988,2026-01-01T00:00:00
0,2026-02-01 10:00:00,9.0,ok,,2.118051826010886,8.314922781996795,2026-01-01T00:00:00,fixed,6.804016136724896,9.92093412223828,0.09099767946211801,2026-01-01T00:00:00
0,2026-02-02 10:00:00,9.199999809265137,ok,,2.120971549054763,8.339235529624466,2026-01-01T00:00:00,fixed,6.823911009055516,9.949942830300726,0.09430887216590111,2026-01-01T00:00:00
0,2026-02-03 10:00:00,8.399999618530273,ok,,2.1284131010205654,8.401523857644928,2026-01-01T00:00:00,fixed,6.874880909810153,10.02426202905665,0.10191014088200256,2026-01-01T00:00:00
0,2026-02-04 10:00:00,9.800000190734863,ok,,2.184260456003266,8.884075958267838,2026-01-01T00:00:00,fixed,7.269748350618821,10.600018139647723,0.16376777304994228,2026-01-01T00:00:00
0,2026-02-05 10:00:00,8.899999618530273,ok,,2.196401385260372,8.992594319884168,2026-01-01T00:00:00,fixed,7.358547814297201,10.729496614057597,0.18650951568362428,2026-01-01T00:00:00
0,2026-02-06 10:00:00,6.400000095367432,ok,,1.7129811794806158,5.545468897695498,2026-01-01T00:00:00,fixed,4.53780039272537,6.616565547677455,0.011286277004421086,2026-01-01T00:00:00
0,2026-02-07 10:00:00,7.0,ok,,1.918724962639342,6.812267034536409,2026-01-01T00:00:00,fixed,5.574408331370436,8.12804330775772,0.02754789615754283,2026-01-01T00:00:00
0,2026-02-08 10:00:00,9.899999618530273,ok,,2.3043046336138233,10.01721019877509,2026-01-01T00:00:00,fixed,8.196980492110258,11.952015078941642,0.5102132611933545,2026-01-01T00:00:00
0,2026-02-09 10:00:00,10.300000190734863,ok,,2.198537971915621,9.011828317138093,2026-01-01T00:00:00,fixed,7.374286797222308,10.752445620881408,0.19207660353475609,2026-01-01T00:00:00
0,2026-02-10 10:00:00,9.100000381469727,ok,,2.303272801514791,10.006879450464673,2026-01-01T00:00:00,fixed,8.188526946593191,11.939688966467939,0.5068516924628632,2026-01-01T00:00:00
0,2026-02-11 10:00:00,8.699999809265137,ok,,2.1490454100129983,8.576667287509764,2026-01-01T00:00:00,fixed,7.018198984347401,10.233234075483113,0.12085736698209137,2026-01-01T00:00:00
0,2026-02-12 10:00:00,7.699999809265137,ok,,2.1587484482498964,8.660292069275375,2026-01-01T00:00:00,fixed,7.086628286636926,10.333010822980935,0.13219317218055315,2026-01-01T00:00:00
0,2026-02-13 10:00:00,8.899999618530273,ok,,2.111126422416022,8.257537523265274,2026-01-01T00:00:00,fixed,6.757058367343706,9.85246501117261,0.08598531852877944,2026-01-01T00:00:00
0,2026-02-14 10:00:00,7.699999809265137,ok,,2.1153547637496426,8.292527132362807,2026-01-01T00:00:00,fixed,6.785690006044281,9.894212795959149,0.08879318380471835,2026-01-01T00:00:00
0,2026-02-15 10:00:00,8.199999809265137,ok,,2.222707043883989,9.232289281111802,2026-01-01T00:00:00,fixed,7.554687745700485,11.015488195954253,0.2487956107249073,2026-01-01T00:00:00
0,2026-02-16 10:00:00,7.800000190734863,ok,,2.1054721936625977,8.210979266725229,2026-01-01T00:00:00,fixed,6.7189602229469685,9.796914116944205,0.08223058083702284,2026-01-01T00:00:00
0,2026-02-17 10:00:00,8.0,ok,,2.0997774820440527,8.164352995286643,2026-01-01T00:00:00,fixed,6.68080642265548,9.741282070870444,0.0787721995160674,2026-01-01T00:00:00
0,2026-02-18 10:00:00,8.800000190734863,ok,,2.1929048424952957,8.961206236142996,2026-01-01T00:00:00,fixed,7.3328632669027005,10.692045982321881,0.17622314427487296,2026-01-01T00:00:00
0,2026-02-19 10:00:00,9.5,ok,,2.26566652932567,9.637546167939671,2026-01-01T00:00:00,fixed,7.886305304851594,11.499019670895644,0.3794807620328623,2026-01-01T00:00:00
0,2026-02-20 10:00:00,7.400000095367432,ok,,2.0792891252632906,7.998780761585972,2026-01-01T00:00:00,fixed,6.5453203598946645,9.543729878735506,0.06653876394974079,2026-01-01T00:00:00
0,2026-02-21 10:00:00,7.400000095367432,ok,,2.1047345430710225,8.204924666376021,2026-01-01T00:00:00,fixed,6.7140058055028735,9.789690082184553,0.08174073781858171,2026-01-01T00:00:00
0,2026-02-22 10:00:00,7.800000190734863,ok,,2.0844818371195317,8.040424152774165,2026-01-01T00:00:00,fixed,6.579396720320511,9.593416610823887,0.07073177705299682,2026-01-01T00:00:00
0,2026-02-23 10:00:00,10.399999618530273,ok,,2.2878426025565277,9.853656480123945,2026-01-01T00:00:00,fixed,8.063146159537357,11.756871274155106,0.45149871010413445,2026-01-01T00:00:00
0,2026-02-24 10:00:00,8.0,ok,,2.1136091174772864,8.278063940766817,2026-01-01T00:00:00,fixed,6.773854924518242,9.876956066728685,0.08763397285993302,2026-01-01T00:00:00
0,2026-02-25 10:00:00,9.100000381469727,ok,,2.1894272518624565,8.930096953304565,2026-01-01T00:00:00,fixed,7.307406859430953,10.654928001346953,0.168986371281733,2026-01-01T00:00:00
0,2026-02-26 10:00:00,8.699999809265137,ok,,2.17291401983558,8.783843075842594,2026-01-01T00:00:00,fixed,7.187728809688336,10.480425468796232,0.14810986849980756,2026-01-01T00:00:00
0,2026-02-27 10:00:00,8.899999618530273,ok,,2.1667236020593905,8.729635374789638,2026-01-01T00:00:00,fixed,7.143371203205489,10.415747654562194,0.1418617704071804,2026-01-01T00:00:00
0,2026-02-28 10:00:00,8.600000381469727,ok,,2.141896042008423,8.51556820697288,2026-01-01T00:00:00,fixed,6.968202232626253,10.160333825074511,0.11334678658901376,2026-01-01T00:00:00
0,2026-03-01 10:00:00,9.899999618530273,ok,,2.24758833555312,9.464882169924648,2026-01-01T00:00:00,fixed,7.745016123998426,11.293005953811193,0.3246489766048304,2026-01-01T00:00:00
0,2026-03-02 10:00:00,8.199999809265137,abstain,outside_training_support,2.106090424979105,8.216057120729559,2026-01-01T00:00:00,fixed,6.723115378862571,9.802972748681395,0.08264112249133915,2026-01-01T00:00:00
0,2026-03-03 10:00:00,10.199999809265137,ok,,2.378830847501388,10.792277666579281,2026-01-01T00:00:00,fixed,8.831210261436366,12.87678533718436,0.7264733667883774,2026-01-01T00:00:00
0,2026-03-04 13:30:00,2.700000047683716,abstain,outside_training_support,1.5680724521289475,4.797392072956239,2026-01-01T00:00:00,fixed,3.92565679013457,5.723999123286787,0.010000000000000009,2026-01-01T00:00:00
0,2026-03-04 16:30:00,8.100000381469727,abstain,outside_training_support,1.5692239528338547,4.802919455091422,2026-01-01T00:00:00,fixed,3.9301797903148072,5.730594108648566,0.010000000000000009,2026-01-01T00:00:00
0,2026-03-05 10:00:00,6.0,ok,,1.9773793704133056,7.223787287384992,2026-01-01T00:00:00,fixed,5.911151138776094,8.619047905818125,0.03503707435915848,2026-01-01T00:00:00
0,2026-03-06 10:00:00,8.5,ok,,2.149047814798132,8.576687912576553,2026-01-01T00:00:00,fixed,7.018215861628277,10.233258684241877,0.12086012186021589,2026-01-01T00:00:00
0,2026-03-07 10:00:00,8.899999618530273,ok,,2.135299638823999,8.459580946020596,2026-01-01T00:00:00,fixed,6.922388430507109,10.093532732369862,0.10733846197046015,2026-01-01T00:00:00
0,2026-03-08 10:00:00,7.599999904632568,ok,,2.07680923445613,7.978969234072474,2026-01-01T00:00:00,fixed,6.5291087898742095,9.520091792793458,0.06428032028736219,2026-01-01T00:00:00
0,2026-03-09 10:00:00,8.399999618530273,ok,,2.032249954618368,7.63123699438833,2026-01-01T00:00:00,fixed,6.244563060214142,9.105195739933627,0.04481239909486079,2026-01-01T00:00:00
0,2026-03-10 10:00:00,8.100000381469727,ok,,2.124733637144356,8.370667556241008,2026-01-01T00:00:00,fixed,6.849631514454794,9.987445892393659,0.09857537225719326,2026-01-01T00:00:00
0,2026-03-10 22:00:00,7.300000190734863,ok,,2.124109328878596,8.365443310235387,2026-01-01T00:00:00,fixed,6.845356567464132,9.981212593321734,0.09786735819441073,2026-01-01T00:00:00
0,2026-03-11 14:30:00,7.199999809265137,abstain,outside_training_support,1.6957910888503944,5.450956450871696,2026-01-01T00:00:00,fixed,4.460461825648976,6.50379820355964,0.010083806630528436,2026-01-01T00:00:00
0,2026-03-12 10:00:00,8.300000190734863,ok,,2.0917753072319787,8.099281120886374,2026-01-01T00:00:00,fixed,6.627558774412131,9.663641689106056,0.07456571679304935,2026-01-01T00:00:00
0,2026-03-13 10:00:00,8.800000190734863,ok,,2.0833315640563757,8.031180786671579,2026-01-01T00:00:00,fixed,6.571832968525267,9.582387906339699,0.07012711596016263,2026-01-01T00:00:00
0,2026-03-14 10:00:00,9.0,ok,,2.286871347445316,9.844090712056044,2026-01-01T00:00:00,fixed,8.055318589516492,11.745457896386196,0.4475349239943426,2026-01-01T00:00:00
0,2026-03-15 10:00:00,8.800000190734863,ok,,2.3025854736468516,10.000003806528785,2026-01-01T00:00:00,fixed,8.18290067759266,11.931485305132247,0.5045720293963105,2026-01-01T00:00:00
0,2026-03-15 15:00:00,9.100000381469727,ok,,2.258941052249652,9.572946547249709,2026-01-01T00:00:00,fixed,7.833444096981751,11.42194275773725,0.3609991158003295,2026-01-01T00:00:00
0,2026-03-15 22:00:00,8.5,ok,,2.2338733601664185,9.335957663036675,2026-01-01T00:00:00,fixed,7.639518520679204,11.139179926424985,0.2810783730554174,2026-01-01T00:00:00
0,2026-03-16 10:00:00,7.599999904632568,ok,,2.069603931620768,7.921684967503585,2026-01-01T00:00:00,fixed,6.482233661345166,9.451743180332356,0.05832959371393509,2026-01-01T00:00:00
0,2026-03-16 22:00:00,8.100000381469727,ok,,2.22478304873856,9.251475466894892,2026-01-01T00:00:00,fixed,7.570387604988775,11.038380156613611,0.25719987479735174,2026-01-01T00:00:00
0,2026-03-17 10:00:00,12.800000190734863,ok,,2.227630293487948,9.277854217400932,2026-01-01T00:00:00,fixed,7.5919730663111995,11.069853912036091,0.26396515080827465,2026-01-01T00:00:00
0,2026-03-17 16:00:00,9.600000381469727,ok,,2.2185443910658105,9.193938342316981,2026-01-01T00:00:00,fixed,7.523305565341157,10.969729847105457,0.23676602613385,2026-01-01T00:00:00
0,2026-03-17 22:00:00,8.699999809265137,ok,,2.211256049261007,9.127173375640329,2026-01-01T00:00:00,fixed,7.468672477031617,10.890069355548441,0.22340623387502867,2026-01-01T00:00:00
0,2026-03-19 10:00:00,8.5,ok,,2.1265770185225947,8.38611211967447,2026-01-01T00:00:00,fixed,6.8622696425025325,10.005873543544173,0.10046284680936823,2026-01-01T00:00:00
0,2026-03-20 10:00:00,7.400000095367432,ok,,2.167343953129402,8.735052493519172,2026-01-01T00:00:00,fixed,7.147803975970392,10.422211079353634,0.14248790170839976,2026-01-01T00:00:00
0,2026-03-21 10:00:00,6.800000190734863,ok,,1.9989842347614564,7.381554363245887,2026-01-01T00:00:00,fixed,6.040250320830513,8.80728738889102,0.038408081804029326,2026-01-01T00:00:00
0,2026-03-22 10:00:00,8.199999809265137,ok,,2.1210745376034064,8.340094419615616,2026-01-01T00:00:00,fixed,6.82461382993704,9.950967613241453,0.09442566917908235,2026-01-01T00:00:00
0,2026-03-23 10:00:00,7.699999809265137,ok,,2.032921898716338,7.636366482218457,2026-01-01T00:00:00,fixed,6.248760467560471,9.111315978470742,0.04495260860903527,2026-01-01T00:00:00
0,2026-03-24 10:00:00,9.199999809265137,ok,,2.144550237416398,8.538200210597767,2026-01-01T00:00:00,fixed,6.986721769356474,10.187337156663219,0.11610558199334664,2026-01-01T00:00:00
0,2026-03-25 10:00:00,8.300000190734863,ok,,2.1619731793194954,8.688264259338185,2026-01-01T00:00:00,fixed,7.109517643225899,10.366385787745337,0.1362996284518384,2026-01-01T00:00:00
0,2026-03-26 10:00:00,7.5,ok,,2.0875964472440813,8.065505979024922,2026-01-01T00:00:00,fixed,6.599920921810173,9.623342943566023,0.07236902617408414,2026-01-01T00:00:00
0,2026-03-27 10:00:00,7.199999809265137,ok,,2.0973043046870106,8.14418605081845,2026-01-01T00:00:00,fixed,6.664304018581791,9.717219919872603,0.07747213071381376,2026-01-01T00:00:00
0,2026-03-28 10:00:00,7.800000190734863,ok,,2.026603005629992,7.588265232227597,2026-01-01T00:00:00,fixed,6.209399707428932,9.053924064574694,0.04363409277946906,2026-01-01T00:00:00
0,2026-03-29 10:00:00,9.0,ok,,2.0904702665707475,8.08871812376643,2026-01-01T00:00:00,fixed,6.618915182073319,9.65103846941203,0.07387969941362116,2026-01-01T00:00:00
0,2026-03-30 10:00:00,7.099999904632568,ok,,1.9935359318309305,7.341446777328489,2026-01-01T00:00:00,fixed,6.007430694125389,8.759433099907115,0.037557982981618276,2026-01-01T00:00:00
0,2026-03-31 10:00:00,7.800000190734863,ok,,2.015228803036958,7.5024437667568,2026-01-01T00:00:00,fixed,6.139172881365677,8.951526348139707,0.04126072358922017,2026-01-01T00:00:00
0,2026-04-01 10:00:00,9.899999618530273,ok,,2.3428818511629226,10.411196891261328,2026-01-01T00:00:00,fixed,8.519375766680383,12.42209954318436,0.6282989103760203,2026-01-01T00:00:00
0,2026-04-02 10:00:00,7.099999904632568,ok,,2.2813404827277104,9.789794668507302,2026-01-01T00:00:00,fixed,8.010888693274302,11.680674676473252,0.42781062914351475,2026-01-01T00:00:00
0,2026-04-03 10:00:00,9.100000381469727,ok,,2.1709097156541493,8.766255214037013,2026-01-01T00:00:00,fixed,7.17333684253805,10.459440545316006,0.1460868888583995,2026-01-01T00:00:00
0,2026-04-04 10:00:00,8.800000190734863,ok,,2.1003890646042858,8.169347698375116,2026-01-01T00:00:00,fixed,6.684893537028413,9.747241491252336,0.07909368855295251,2026-01-01T00:00:00
0,2026-04-04 16:00:00,5.5,ok,,1.9789219656105046,7.234939266243175,2026-01-01T00:00:00,fixed,5.92027668883794,8.632353867940125,0.035277765520666415,2026-01-01T00:00:00
0,2026-04-05 10:00:00,10.0,ok,,2.2851470569992087,9.827131266197815,2026-01-01T00:00:00,fixed,8.041440848698606,11.725222766184693,0.44177333642708216,2026-01-01T00:00:00
0,2026-04-06 10:00:00,9.699999809265137,ok,,2.2033632946036725,9.055418380259612,2026-01-01T00:00:00,fixed,7.409956099350022,10.804455020842298,0.20194923902183592,2026-01-01T00:00:00
0,2026-04-07 10:00:00,8.300000190734863,ok,,2.1951128795503485,8.981014772513603,2026-01-01T00:00:00,fixed,7.3490723893015675,10.715680499387542,0.18230532799985466,2026-01-01T00:00:00
0,2026-04-08 10:00:00,9.399999618530273,ok,,2.3177282430689514,10.152583885282729,2026-01-01T00:00:00,fixed,8.307755393048632,12.113535932585012,0.54888477523494,2026-01-01T00:00:00
0,2026-04-09 03:00:00,8.199999809265137,ok,,2.130256565059589,8.417026049225681,2026-01-01T00:00:00,fixed,6.887566194380494,10.042758439120249,0.1033632534625879,2026-01-01T00:00:00
0,2026-04-09 10:00:00,7.699999809265137,ok,,2.0444509150274772,7.724915738041891,2026-01-01T00:00:00,fixed,6.321219416526554,9.21696835271763,0.047358281611861064,2026-01-01T00:00:00
0,2026-04-10 02:00:00,5.699999809265137,ok,,1.8184425494810843,6.162253567244342,2026-01-01T00:00:00,fixed,5.042508969644598,7.352480989664411,0.018663444219162106,2026-01-01T00:00:00
0,2026-04-10 10:00:00,7.900000095367432,ok,,2.1771136512998153,8.820809548049548,2026-01-01T00:00:00,fixed,7.217978095220907,10.52453194399896,0.15405153138563787,2026-01-01T00:00:00
0,2026-04-11 10:00:00,8.199999809265137,ok,,2.143137715881475,8.526148332703187,2026-01-01T00:00:00,fixed,6.976859841131463,10.17295748173704,0.11463739396643713,2026-01-01T00:00:00
0,2026-04-12 10:00:00,9.199999809265137,ok,,2.21592854219291,9.169919817178563,2026-01-01T00:00:00,fixed,7.503651452259557,10.941072190040078,0.2318593146674075,2026-01-01T00:00:00
0,2026-04-13 10:00:00,7.400000095367432,ok,,2.158004568158058,8.653852245940682,2026-01-01T00:00:00,fixed,7.081358645169926,10.32532716015719,0.13124589595742486,2026-01-01T00:00:00
0,2026-04-14 10:00:00,7.199999809265137,ok,,1.9105451486454046,6.756771239389728,2026-01-01T00:00:00,fixed,5.528996690685576,8.061828606533611,0.02678731694341141,2026-01-01T00:00:00
0,2026-04-27 15:30:00,14.300000190734863,ok,,2.072168786801982,7.942029020859009,2026-01-01T00:00:00,fixed,6.498880991807021,9.476016648458298,0.06005425131495046,2026-01-01T00:00:00
0,2026-04-27 17:30:00,5.900000095367432,ok,,2.119446422312594,8.326526832159555,2026-01-01T00:00:00,fixed,6.8135116121043815,9.934779472367705,0.0925792599851828,2026-01-01T00:00:00
0,2026-04-27 22:00:00,1.2000000476837158,ok,,2.2017452815189404,9.0407784418325,2026-01-01T00:00:00,fixed,7.397976387702622,10.786987406470285,0.1983197599110651,2026-01-01T00:00:00
0,2026-04-28 06:00:00,0.5,abstain,outside_training_support,1.2724603797814626,3.569624398603983,2026-01-01T00:00:00,fixed,2.9209870791266432,4.259090484443443,0.010000000000000009,2026-01-01T00:00:00
0,2026-04-28 10:00:00,0.8999999761581421,abstain,outside_training_support,1.2727308373224906,3.570589961007154,2026-01-01T00:00:00,fixed,2.921777188950202,4.2602425433673705,0.010000000000000009,2026-01-01T00:00:00
0,2026-04-28 22:00:00,3.4000000953674316,abstain,outside_training_support,1.3103281511928313,3.707390097102862,2026-01-01T00:00:00,fixed,3.0337193389743344,4.423465362592738,0.010000000000000009,2026-01-01T00:00:00
0,2026-04-29 06:00:00,7.199999809265137,abstain,outside_training_support,1.8954855809145585,6.655779539596585,2026-01-01T00:00:00,fixed,5.446356217276056,7.941330554199319,0.025387041313870817,2026-01-01T00:00:00
0,2026-04-29 10:00:00,8.100000381469727,abstain,outside_training_support,2.1529477715448397,8.61020193360375,2026-01-01T00:00:00,fixed,7.045640041726415,10.273245873960828,0.12532784139889053,2026-01-01T00:00:00
0,2026-04-29 20:00:00,11.5,ok,,2.393436198549589,10.951059379286079,2026-01-01T00:00:00,fixed,8.961139710428126,13.066235432258125,0.7607122133148225,2026-01-01T00:00:00
0,2026-04-30 10:00:00,7.0,ok,,2.024598102734545,7.5730667381355214,2026-01-01T00:00:00,fixed,6.196962935402582,9.035790010585501,0.04321574479220802,2026-01-01T00:00:00
0,2026-04-30 16:00:00,11.5,ok,,2.243275702675991,9.424151499243676,2026-01-01T00:00:00,fixed,7.711686633413981,11.244408232440236,0.3086071034068625,2026-01-01T00:00:00
0,2026-04-30 20:00:00,5.099999904632568,ok,,2.2277251210870723,9.278734055757212,2026-01-01T00:00:00,fixed,7.592693029025321,11.070903689478376,0.2641384474416463,2026-01-01T00:00:00
0,2026-05-01 10:00:00,7.900000095367432,ok,,1.6327324061518418,5.117839647456167,2026-01-01T00:00:00,fixed,4.187875757771004,6.106340530368547,0.010000000000000009,2026-01-01T00:00:00
0,2026-05-02 10:00:00,7.599999904632568,ok,,2.1230536583469,8.356616818001788,2026-01-01T00:00:00,fixed,6.838133939285539,9.970681281092405,0.09667014581857225,2026-01-01T00:00:00
0,2026-05-03 10:00:00,7.699999809265137,ok,,2.0999992629496753,8.166163893691683,2026-01-01T00:00:00,fixed,6.682288262269978,9.74344274081886,0.07888878251627751,2026-01-01T00:00:00
0,2026-05-04 10:00:00,13.899999618530273,ok,,2.393414603170972,10.95082288956608,2026-01-01T00:00:00,fixed,8.960946193312786,13.065953265003634,0.7606852330292033,2026-01-01T00:00:00
0,2026-05-04 14:00:00,20.299999237060547,ok,,1.9953645103907658,7.354883470784446,2026-01-01T00:00:00,fixed,6.018425802738606,8.775465064856434,0.037843296133295734,2026-01-01T00:00:00
0,2026-05-04 16:30:00,9.5,ok,,2.1527886065096227,8.608831599567289,2026-01-01T00:00:00,fixed,7.044518711421703,10.271610862541282,0.12514550482853914,2026-01-01T00:00:00
0,2026-05-05 00:01:00,9.699999809265137,ok,,2.1788937115594615,8.83652510375231,2026-01-01T00:00:00,fixed,7.230837973466646,10.543282929054294,0.15715085585011024,2026-01-01T00:00:00
0,2026-05-05 10:00:00,4.900000095367432,ok,,1.982584794980747,7.261488206716533,2026-01-01T00:00:00,fixed,5.942001414867241,8.664030685194724,0.03584927686539918,2026-01-01T00:00:00
0,2026-05-07 09:30:00,7.800000190734863,ok,,2.261817289738078,9.600520250233542,2026-01-01T00:00:00,fixed,7.85600737567599,11.454842268409926,0.3722382785765115,2026-01-01T00:00:00
0,2026-05-08 10:00:00,4.0,ok,,1.7567403972456384,5.79352200254196,2026-01-01T00:00:00,fixed,4.7407797074334175,6.912529632554673,0.014347294196189075,2026-01-01T00:00:00
0,2026-05-08 23:50:00,8.399999618530273,ok,,2.4238250469870546,11.288957629162116,2026-01-01T00:00:00,fixed,9.237638386964909,13.469398079095686,0.8053295036059627,2026-01-01T00:00:00
0,2026-05-09 10:00:00,4.099999904632568,ok,,2.0124025086837416,7.4812695886283676,2026-01-01T00:00:00,fixed,6.1218462683056405,8.926262418237732,0.040670982032778635,2026-01-01T00:00:00
0,2026-05-09 18:30:00,3.9000000953674316,ok,,2.178767226587801,8.835407486807348,2026-01-01T00:00:00,fixed,7.229923438969145,10.541949446546331,0.15693062849267614,2026-01-01T00:00:00
0,2026-05-09 22:00:00,3.200000047683716,ok,,1.4901456822843604,4.437741972302051,2026-01-01T00:00:00,fixed,3.6313587969260066,5.294883297536485,0.010000000000000009,2026-01-01T00:00:00
0,2026-05-10 10:00:00,6.099999904632568,ok,,1.7341368097628855,5.66403655201393,2026-01-01T00:00:00,fixed,4.634823089679689,6.758034316343398,0.012766142306046224,2026-01-01T00:00:00
0,2026-05-11 10:00:00,9.0,ok,,2.0483164154180082,7.75483419048523,2026-01-01T00:00:00,fixed,6.345701379684537,9.25266549669741,0.048164866465325806,2026-01-01T00:00:00
0,2026-05-12 10:00:00,9.899999618530273,ok,,2.0614770336621886,7.857567134551525,2026-01-01T00:00:00,fixed,6.4297666954459505,9.375241111286648,0.05291095875273788,2026-01-01T00:00:00
0,2026-05-12 18:00:00,9.5,ok,,1.9953889692460038,7.355063365014545,2026-01-01T00:00:00,fixed,6.018573008344309,8.77567970531102,0.037847112448999964,2026-01-01T00:00:00
0,2026-05-13 10:00:00,4.599999904632568,ok,,1.9496161097811642,7.025989854024403,2026-01-01T00:00:00,fixed,5.749295525239655,8.38304627869935,0.030705172210795717,2026-01-01T00:00:00
0,2026-05-14 03:00:00,6.699999809265137,ok,,2.0625677485764906,7.866142175827901,2026-01-01T00:00:00,fixed,6.4367835638820425,9.385472405290074,0.0536381963774083,2026-01-01T00:00:00
0,2026-05-14 10:00:00,12.0,ok,,2.318499725955558,10.160419452119287,2026-01-01T00:00:00,fixed,8.314167157125596,12.12288492408307,0.5513450245379589,2026-01-01T00:00:00
0,2026-05-15 10:00:00,11.899999618530273,ok,,2.315033870431043,10.125265860054592,2026-01-01T00:00:00,fixed,8.285401332842788,12.08094148333471,0.5423873275981577,2026-01-01T00:00:00
0,2026-05-15 15:00:00,7.099999904632568,ok,,2.132920911174886,8.439481821573228,2026-01-01T00:00:00,fixed,6.905941522861732,10.069551500699406,0.10546342725345947,2026-01-01T00:00:00
0,2026-05-16 10:00:00,9.699999809265137,ok,,2.1735372958602914,8.789319541134065,2026-01-01T00:00:00,fixed,7.192210145136942,10.486959702823883,0.1487389520095117,2026-01-01T00:00:00
0,2026-05-18 11:00:00,5.0,ok,,2.625340740539214,13.809278765593838,2026-01-01T00:00:00,fixed,11.299991355430139,16.476514394783134,0.961593004962627,2026-01-01T00:00:00
0,2026-05-19 11:30:00,9.0,ok,,1.8627364616922955,6.441339154164352,2026-01-01T00:00:00,fixed,5.2708818465452145,7.685471420831676,0.02234194769926945,2026-01-01T00:00:00
0,2026-05-20 10:00:00,11.0,ok,,2.2751415920830786,9.729296506395702,2026-01-01T00:00:00,fixed,7.96138366694492,11.608491410727813,0.40932019083488236,2026-01-01T00:00:00
0,2026-05-20 16:30:00,6.0,ok,,1.7785116169776993,5.921037085873687,2026-01-01T00:00:00,fixed,4.845123993894313,7.064674008936,0.015870220822607473,2026-01-01T00:00:00
0,2026-05-21 10:00:00,10.0,ok,,2.2257473694606755,9.26040115932117,2026-01-01T00:00:00,fixed,7.577691407668858,11.049029829362008,0.26052412311344075,2026-01-01T00:00:00
0,2026-05-22 10:00:00,10.899999618530273,ok,,2.415478357973268,11.195124353883603,2026-01-01T00:00:00,fixed,9.160855579006776,13.357441087200637,0.795864912810673,2026-01-01T00:00:00
0,2026-05-22 12:00:00,9.100000381469727,ok,,2.188977421924793,8.926080831702315,2026-01-01T00:00:00,fixed,7.304120508263878,10.65013617358289,0.16853203134238315,2026-01-01T00:00:00
0,2026-05-23 09:35:00,10.800000190734863,ok,,2.2395028980287512,9.388663004345698,2026-01-01T00:00:00,fixed,7.682646761573351,11.202065203020585,0.2963041574274391,2026-01-01T00:00:00
0,2026-05-24 10:00:00,9.5,ok,,2.148728392417653,8.573948764002859,2026-01-01T00:00:00,fixed,7.015974444409508,10.22999047439037,0.12049419738898637,2026-01-01T00:00:00
0,2026-05-25 05:00:00,11.300000190734863,ok,,2.310805983612982,10.08254774929645,2026-01-01T00:00:00,fixed,8.250445540401984,12.02997245165884,0.5306317359747612,2026-01-01T00:00:00
0,2026-05-25 10:00:00,8.199999809265137,ok,,2.1074906530617956,8.227569532759334,2026-01-01T00:00:00,fixed,6.732535867696551,9.816708760948732,0.0835709556106573,2026-01-01T00:00:00
0,2026-05-25 14:00:00,10.100000381469727,ok,,2.2895674624812146,9.87066732374189,2026-01-01T00:00:00,fixed,8.077065958615517,11.777167729494744,0.4608874608731496,2026-01-01T00:00:00
0,2026-05-26 10:00:00,9.399999618530273,ok,,2.2668091322339503,9.648564349724397,2026-01-01T00:00:00,fixed,7.895321370138809,11.512165993296831,0.38272905701807747,2026-01-01T00:00:00
0,2026-05-27 05:00:00,10.699999809265137,ok,,2.021017206380392,7.54599686719026,2026-01-01T00:00:00,fixed,6.174811937304391,9.003491646140445,0.042468546119518114,2026-01-01T00:00:00
0,2026-05-27 10:00:00,6.0,ok,,2.019471741762663,7.534343803045094,2026-01-01T00:00:00,fixed,6.1652763542851865,8.989587815072198,0.04214606565740786,2026-01-01T00:00:00
0,2026-05-28 10:00:00,8.699999809265137,ok,,2.15893504580621,8.661908209391672,2026-01-01T00:00:00,fixed,7.087950757538797,10.334939117451787,0.1324307903536015,2026-01-01T00:00:00
0,2026-05-29 10:00:00,8.100000381469727,ok,,2.0791439659213795,7.9976197481025455,2026-01-01T00:00:00,fixed,6.544370314454278,9.542344617731153,0.06640656692121538,2026-01-01T00:00:00
0,2026-05-30 10:00:00,9.199999809265137,ok,,2.258017664883965,9.564111089258514,2026-01-01T00:00:00,fixed,7.826214132215559,11.411400748031491,0.35762095310693687,2026-01-01T00:00:00
0,2026-05-31 10:00:00,9.100000381469727,ok,,2.221668766388451,9.222708577494089,2026-01-01T00:00:00,fixed,7.546847954072204,11.004056997862815,0.24505067320959917,2026-01-01T00:00:00
0,2026-06-01 10:00:00,10.0,ok,,2.2659595150033036,9.64037024462122,2026-01-01T00:00:00,fixed,7.888616217871039,11.502389212555663,0.38005359865303434,2026-01-01T00:00:00
0,2026-06-02 10:00:00,8.899999618530273,ok,,2.211102741041396,9.125774212194399,2026-01-01T00:00:00,fixed,7.467527555916458,10.888399946374447,0.22313163275808934,2026-01-01T00:00:00
0,2026-06-03 10:00:00,9.300000190734863,ok,,2.2046198505278336,9.066804171814884,2026-01-01T00:00:00,fixed,7.4192729759467815,10.818039956134054,0.2051941560042262,2026-01-01T00:00:00
0,2026-06-03 20:00:00,9.0,ok,,2.222718282229694,9.232393037353411,2026-01-01T00:00:00,fixed,7.554772648370144,11.015611992514339,0.24883614603711468,2026-01-01T00:00:00
0,2026-06-04 10:00:00,8.699999809265137,ok,,2.193666294052952,8.968032359141162,2026-01-01T00:00:00,fixed,7.338449013427172,10.700190557845989,0.17813849493115042,2026-01-01T00:00:00
0,2026-06-05 10:00:00,8.5,ok,,2.238167891191382,9.376137437759958,2026-01-01T00:00:00,fixed,7.6723972187447,11.187120347343763,0.29159222383598193,2026-01-01T00:00:00
0,2026-06-06 10:00:00,10.5,ok,,2.3025596200277265,9.99974527358114,2026-01-01T00:00:00,fixed,8.182689122729943,11.931176837043097,0.5044862805951846,2026-01-01T00:00:00
0,2026-06-07 10:00:00,9.399999618530273,ok,,2.209493698144089,9.111102257083916,2026-01-01T00:00:00,fixed,7.455521645345024,10.870894131358257,0.22024956304306975,2026-01-01T00:00:00
0,2026-06-07 16:15:00,10.800000190734863,ok,,2.289538873547921,9.870385135925952,2026-01-01T00:00:00,fixed,8.076835047216388,11.77683103764499,0.4608240671382007,2026-01-01T00:00:00
0,2026-06-08 10:00:00,9.699999809265137,ok,,2.206195114655518,9.081098038531424,2026-01-01T00:00:00,fixed,7.4309695006584855,10.835094655710327,0.20926210174495097,2026-01-01T00:00:00
0,2026-06-08 17:00:00,7.599999904632568,ok,,2.575124006192776,13.132945624104796,2026-01-01T00:00:00,fixed,10.746554873920422,15.669548808051864,0.9389174505360987,2026-01-01T00:00:00
0,2026-06-08 22:00:00,6.699999809265137,ok,,2.219535927649364,9.20305898951076,2026-01-01T00:00:00,fixed,7.530768897510423,10.980612129759672,0.2386259133675207,2026-01-01T00:00:00
0,2026-06-09 10:00:00,5.599999904632568,ok,,2.12990357454599,8.414055443206307,2026-01-01T00:00:00,fixed,6.88513537790491,10.039214066262673,0.10308500829735556,2026-01-01T00:00:00
0,2026-06-09 17:00:00,6.800000190734863,ok,,2.11462433363809,8.286472232454276,2026-01-01T00:00:00,fixed,6.78073534347386,9.886988403780865,0.08830813560616801,2026-01-01T00:00:00
0,2026-06-10 10:00:00,10.399999618530273,ok,,2.0745637605366563,7.961072767297504,2026-01-01T00:00:00,fixed,6.514464294438738,9.498738657887657,0.06223536075614866,2026-01-01T00:00:00
0,2026-06-10 14:30:00,9.800000190734863,ok,,2.2568823289372744,9.553258771819491,2026-01-01T00:00:00,fixed,7.817333792023364,11.398452326355313,0.3539519273504199,2026-01-01T00:00:00
0,2026-06-11 10:00:00,9.699999809265137,ok,,2.1739127847996733,8.792620453095637,2026-01-01T00:00:00,fixed,7.194911247581461,10.490898179580993,0.1491179396337362,2026-01-01T00:00:00
0,2026-06-12 10:00:00,9.699999809265137,ok,,2.2799120405196716,9.77582049562009,2026-01-01T00:00:00,fixed,7.999453770748281,11.664001418974461,0.4248367593876947,2026-01-01T00:00:00
0,2026-06-13 10:00:00,8.600000381469727,ok,,2.2266594934383956,9.268851646622059,2026-01-01T00:00:00,fixed,7.584606354862708,11.059112512029182,0.26219102194897326,2026-01-01T00:00:00
0,2026-06-14 10:00:00,9.399999618530273,ok,,2.205072165345216,9.070906149310765,2026-01-01T00:00:00,fixed,7.422629582112133,10.82293422269245,0.20636220909608616,2026-01-01T00:00:00
0,2026-06-15 10:00:00,9.800000190734863,ok,,2.274876571716058,9.726718386306981,2026-01-01T00:00:00,fixed,7.959274017685872,11.605415331703387,0.40850361576223215,2026-01-01T00:00:00
0,2026-06-16 04:00:00,8.300000190734863,ok,,2.0586882615094417,7.835684696886843,2026-01-01T00:00:00,fixed,6.411860520862616,9.349132122881446,0.0510515360846171,2026-01-01T00:00:00
0,2026-06-17 09:00:00,2.0999999046325684,ok,,1.4763360420147609,4.376879563275861,2026-01-01T00:00:00,fixed,3.581555711077661,5.2222654312855905,0.010000000000000009,2026-01-01T00:00:00
0,2026-06-17 10:00:00,0.30000001192092896,ok,,1.2408775004858434,3.4586470980695823,2026-01-01T00:00:00,fixed,2.8301754909203005,4.126678131793642,0.010000000000000009,2026-01-01T00:00:00
0,2026-06-17 14:00:00,0.10000000149011612,abstain,outside_training_support,1.302089479271011,3.676971602461706,2026-01-01T00:00:00,fixed,3.008828196408173,4.387171594226546,0.010000000000000009,2026-01-01T00:00:00
0,2026-06-17 22:00:00,2.700000047683716,abstain,outside_training_support,1.3311309909392,3.785322132535644,2026-01-01T00:00:00,fixed,3.097490325254634,4.516449820754466,0.010000000000000009,2026-01-01T00:00:00
0,2026-07-02 12:00:00,4.099999904632568,abstain,outside_training_support,1.2148661747435938,3.3698430640325725,2026-01-01T00:00:00,fixed,2.7575080595519266,4.020721769411332,0.010000000000000009,2026-01-01T00:00:00
0,2026-07-02 20:00:00,1.100000023841858,abstain,outside_training_support,1.0117826815123157,2.7504999124761755,2026-01-01T00:00:00,fixed,2.250705903014305,3.281753679538718,0.010000000000000009,2026-01-01T00:00:00
0,2026-07-03 13:00:00,2.299999952316284,abstain,outside_training_support,1.246421038226581,3.4778734806414913,2026-01-01T00:00:00,fixed,2.845908242829116,4.149618053174253,0.010000000000000009,2026-01-01T00:00:00
0,2026-07-03 18:00:00,16.100000381469727,ok,,1.7384432058595107,5.688480732297416,2026-01-01T00:00:00,fixed,4.6548255120062025,6.787199843026298,0.013067380608730583,2026-01-01T00:00:00
0,2026-07-03 21:00:00,13.800000190734863,ok,,1.684403597626272,5.389235820658664,2026-01-01T00:00:00,fixed,4.40995646619482,6.430156352350593,0.010000000000000009,2026-01-01T00:00:00
0,2026-07-04 00:00:00,7.099999904632568,ok,,1.949916481104013,7.028100576875618,2026-01-01T00:00:00,fixed,5.751022708127139,8.385564683608957,0.030752039154703925,2026-01-01T00:00:00
0,2026-07-04 04:00:00,3.700000047683716,ok,,1.647066190272688,5.191725926075834,2026-01-01T00:00:00,fixed,4.248336142694751,6.194497801571373,0.010000000000000009,2026-01-01T00:00:00
0,2026-07-04 10:00:00,3.200000047683716,ok,,0.9376598811239404,2.553997761454697,2026-01-01T00:00:00,fixed,2.089910205747443,3.0472975160511666,0.010000000000000009,2026-01-01T00:00:00
0,2026-07-05 10:00:00,4.800000190734863,ok,,1.3824453521892297,3.984633556038361,2026-01-01T00:00:00,fixed,3.2605848214154785,4.754257862298916,0.010000000000000009,2026-01-01T00:00:00
0,2026-07-06 10:00:00,6.5,ok,,1.4667638538826127,4.33518313009123,2026-01-01T00:00:00,fixed,3.5474359469294763,5.172515412241193,0.010000000000000009,2026-01-01T00:00:00
0,2026-07-07 10:00:00,5.699999809265137,ok,,1.9450464727459185,6.993956875861461,2026-01-01T00:00:00,fixed,5.723083267345942,8.344826192424858,0.029995334875153157,2026-01-01T00:00:00
0,2026-07-08 10:00:00,5.300000190734863,ok,,1.6709776738054585,5.3173639041216045,2026-01-01T00:00:00,fixed,4.351144413128698,6.344402513391677,0.010000000000000009,2026-01-01T00:00:00
0,2026-07-09 10:00:00,9.600000381469727,ok,,2.211103288142647,9.125779204918253,2026-01-01T00:00:00,fixed,7.467531641411243,10.88840590343331,0.22313261270955553,2026-01-01T00:00:00
0,2026-07-10 10:00:00,8.0,ok,,2.1469063878771615,8.558341213256767,2026-01-01T00:00:00,fixed,7.003202945513441,10.211368355241325,0.11855458670624053,2026-01-01T00:00:00
0,2026-07-11 10:00:00,8.100000381469727,ok,,2.1004050778460837,8.169478517162556,2026-01-01T00:00:00,fixed,6.6850005847021015,9.747397577436917,0.07910210619272473,2026-01-01T00:00:00
0,2026-07-12 10:00:00,11.600000381469727,ok,,2.3324929971621975,10.303596377558698,2026-01-01T00:00:00,fixed,8.431327368547603,12.29371619724709,0.598570926380958,2026-01-01T00:00:00
0,2026-07-12 14:00:00,6.800000190734863,ok,,1.8713110835739506,6.496808677053176,2026-01-01T00:00:00,fixed,5.3162719889105965,7.751654775361863,0.023139237121383105,2026-01-01T00:00:00
0,2026-07-13 10:00:00,7.900000095367432,ok,,2.0957476231439287,8.131518009321068,2026-01-01T00:00:00,fixed,6.653937889992419,9.702105070529033,0.07665383391700609,2026-01-01T00:00:00
0,2026-07-14 10:00:00,8.899999618530273,ok,,2.2024890451280803,9.047505145064276,2026-01-01T00:00:00,fixed,7.403480780050685,10.795013359491374,0.19976752551313304,2026-01-01T00:00:00
0,2026-07-15 10:00:00,10.300000190734863,ok,,2.2694234338540826,9.673821607795968,2026-01-01T00:00:00,fixed,7.915989125690368,11.542301642178497,0.3910182822055859,2026-01-01T00:00:00
0,2026-07-16 10:00:00,11.0,ok,,2.34839633723121,10.468767882795479,2026-01-01T00:00:00,fixed,8.56648551931137,12.490790260986202,0.6441344863974091,2026-01-01T00:00:00
0,2026-07-17 10:00:00,9.100000381469727,ok,,2.255429578373914,9.539390345877695,2026-01-01T00:00:00,fixed,7.805985401139534,11.381905240621021,0.34950273299026013,2026-01-01T00:00:00
0,2026-07-18 05:00:00,10.300000190734863,ok,,2.193111863382515,8.963061585049918,2026-01-01T00:00:00,fixed,7.334381479907551,10.694259688301111,0.17674388336616687,2026-01-01T00:00:00
0,2026-07-18 10:00:00,12.399999618530273,ok,,2.3979180823200688,11.000250907600211,2026-01-01T00:00:00,fixed,9.001392634143087,13.124928209638256,0.7663116754212616,2026-01-01T00:00:00
0,2026-07-18 22:00:00,10.399999618530273,ok,,2.285395651962798,9.829574545217968,2026-01-01T00:00:00,fixed,8.043440158892519,11.728137959847546,0.4426039979056816,2026-01-01T00:00:00
0,2026-07-19 10:00:00,9.100000381469727,ok,,2.200740066505441,9.03169508173888,2026-01-01T00:00:00,fixed,7.390543567185455,10.776149612847895,0.19636306869715925,2026-01-01T00:00:00
0,2026-07-20 10:00:00,10.199999809265137,ok,,2.2987073244584577,9.961297402998422,2026-01-01T00:00:00,fixed,8.151227624081521,11.885302834218034,0.4942101622999783,2026-01-01T00:00:00
0,2026-07-21 10:00:00,8.100000381469727,ok,,2.086288387206753,8.054962710090617,2026-01-01T00:00:00,fixed,6.591293472843581,9.610763262518743,0.071681421606962,2026-01-01T00:00:00
0,2026-07-23 10:00:00,6.400000095367432,ok,,1.952346629519616,7.04520067382841,2026-01-01T00:00:00,fixed,5.7650155422949165,8.405967631393374,0.031131215263802692,2026-01-01T00:00:00
0,2026-07-24 10:00:00,8.800000190734863,ok,,2.1089788252100123,8.2398226877261,2026-01-01T00:00:00,fixed,6.742562498887906,9.8313285892264,0.0845591887190803,2026-01-01T00:00:00
0,2026-07-25 10:00:00,7.400000095367432,ok,,2.117360943774063,8.309180133521496,2026-01-01T00:00:00,fixed,6.79931698630367,9.914082292256891,0.09021416534541493,2026-01-01T00:00:00
0,2026-07-26 10:00:00,9.899999618530273,ok,,1.927933738949356,6.87528941194387,2026-01-01T00:00:00,fixed,5.625978897219053,8.203238336127677,0.028404150817388896,2026-01-01T00:00:00
0,2026-07-27 10:00:00,10.800000190734863,ok,,2.2948507424247637,9.922954825572486,2026-01-01T00:00:00,fixed,8.1198522857447,11.83955446172044,0.47847116980474846,2026-01-01T00:00:00
0,2026-07-28 10:00:00,9.300000190734863,ok,,2.209231443042794,9.10871313733169,2026-01-01T00:00:00,fixed,7.453566653125264,10.868043557721748,0.21957221157645712,2026-01-01T00:00:00
0,2026-07-29 10:00:00,8.0,ok,,2.1824984873291617,8.868436277091321,2026-01-01T00:00:00,fixed,7.256950559720671,10.581357684137423,0.1619881388515455,2026-01-01T00:00:00
0,2026-07-30 10:00:00,8.5,ok,,2.124841303629569,8.371568845114108,2026-01-01T00:00:00,fixed,6.850369029907096,9.988521263478821,0.09869747441377519,2026-01-01T00:00:00
0,2026-07-31 10:00:00,8.600000381469727,ok,,2.185463920418176,8.89477406364634,2026-01-01T00:00:00,fixed,7.278502500661599,10.612782563500543,0.16498330341708478,2026-01-01T00:00:00
0,2026-08-01 10:00:00,8.399999618530273,ok,,2.121447615274231,8.343206503104476,2026-01-01T00:00:00,fixed,6.827160415976648,9.95468078966959,0.09484876823437438,2026-01-01T00:00:00
0,2026-08-02 10:00:00,10.600000381469727,ok,,2.2715756407175767,9.694664093681883,2026-01-01T00:00:00,fixed,7.933044318386116,11.567169814119378,0.3981955963945547,2026-01-01T00:00:00
0,2026-08-03 10:00:00,9.600000381469727,ok,,2.281843579951576,9.794721126166918,2026-01-01T00:00:00,fixed,8.014919963111886,11.686552669952983,0.42885802581792754,2026-01-01T00:00:00
0,2026-08-04 10:00:00,8.0,ok,,2.1587052305969965,8.659917799866294,2026-01-01T00:00:00,fixed,7.086322025813388,10.332564264155458,0.13213813769924276,2026-01-01T00:00:00
0,2026-08-05 10:00:00,7.800000190734863,ok,,2.1787077421021586,8.834881932768864,2026-01-01T00:00:00,fixed,7.229493383483084,10.541322382756302,0.15682705799802044,2026-01-01T00:00:00
0,2026-08-06 10:00:00,9.300000190734863,ok,,2.265018494363518,9.631302724276878,2026-01-01T00:00:00,fixed,7.88119635885845,11.491570318099656,0.3782614608213579,2026-01-01T00:00:00
0,2026-08-07 10:00:00,9.699999809265137,abstain,no_control_telemetry|too_many_missing_features,2.2741269613712256,9.719429869698352,2026-01-01T00:00:00,fixed,7.953309899206592,11.596719052132444,0.4061939324398818,2026-01-01T00:00:00
0,2026-08-07 13:00:00,8.800000190734863,abstain,no_control_telemetry|too_many_missing_features,2.272329151717636,9.70197188262226,2026-01-01T00:00:00,fixed,7.939024207217046,11.575889088435872,0.40065455988148235,2026-01-01T00:00:00
0,2026-08-08 10:00:00,6.699999809265137,abstain,no_control_telemetry|too_many_missing_features,2.2521740405916164,9.508384997113028,2026-01-01T00:00:00,fixed,7.780614041855677,11.344911268386273,0.34246030663549243,2026-01-01T00:00:00
0,2026-08-09 10:00:00,7.300000190734863,abstain,no_control_telemetry|too_many_missing_features,2.2404173929067053,9.397252815644588,2026-01-01T00:00:00,fixed,7.689675716167567,11.21231411984796,0.29953188556637356,2026-01-01T00:00:00
60,2026-01-01 09:00:00,8.899999618530273,ok,,2.2233042777445204,9.23780476373325,2026-01-01T00:00:00,fixed,7.402774788219787,11.340048656129056,0.28066056141925566,2026-01-01T00:00:00
60,2026-01-02 09:00:00,9.100000381469727,ok,,2.245723411310201,9.447247330640314,2026-01-01T00:00:00,fixed,7.570612948208468,11.597153992314016,0.3367282845117703,2026-01-01T00:00:00
60,2026-01-03 09:00:00,10.600000381469727,ok,,2.241861177019537,9.410830219025202,2026-01-01T00:00:00,fixed,7.5414298595181215,11.552449451766426,0.32765265092575335,2026-01-01T00:00:00
60,2026-01-03 13:58:15,8.699999809265137,ok,,2.0934059479382743,8.112498912179257,2026-01-01T00:00:00,fixed,6.501003642370895,9.958657358518222,0.09742496337081308,2026-01-01T00:00:00
60,2026-01-04 09:00:00,8.100000381469727,ok,,2.097322861983136,8.144337186293024,2026-01-01T00:00:00,fixed,6.526517449919104,9.99774105716866,0.09985957637098186,2026-01-01T00:00:00
60,2026-01-04 17:00:00,6.800000190734863,ok,,1.994906079771126,7.351512539725599,2026-01-01T00:00:00,fixed,5.891182275037498,9.024493592235272,0.04453258548413297,2026-01-01T00:00:00
60,2026-01-05 09:00:00,7.900000095367432,ok,,2.021575547480424,7.550211283813447,2026-01-01T00:00:00,fixed,6.050410802897186,9.26841013772387,0.0545607768547548,2026-01-01T00:00:00
60,2026-01-05 21:00:00,8.600000381469727,ok,,2.2469487174107265,9.458830195255874,2026-01-01T00:00:00,fixed,7.579894951925201,11.611372765245171,0.33939850860736487,2026-01-01T00:00:00
60,2026-01-06 09:00:00,10.5,ok,,2.3251135984497884,10.227841886783374,2026-01-01T00:00:00,fixed,8.196147460771838,12.555388169563985,0.5775224090308435,2026-01-01T00:00:00
60,2026-01-06 15:00:00,8.899999618530273,ok,,2.210588946052962,9.121086639467402,2026-01-01T00:00:00,fixed,7.3092419619973015,11.196769030495155,0.2550435348872696,2026-01-01T00:00:00
60,2026-01-07 09:00:00,7.099999904632568,ok,,1.8078602236080419,6.097386419877242,2026-01-01T00:00:00,fixed,4.886180171322394,7.484966444418039,0.017325282085178584,2026-01-01T00:00:00
60,2026-01-08 09:00:00,8.199999809265137,ok,,2.188178089959408,8.918948780785806,2026-01-01T00:00:00,fixed,7.147257477342733,10.948630732347286,0.20135249089674778,2026-01-01T00:00:00
60,2026-01-09 17:00:00,13.0,abstain,outside_training_support,1.1931115391938978,3.297325018137975,2026-01-01T00:00:00,fixed,2.642332798444386,4.047696081167795,0.010000000000000009,2026-01-01T00:00:00
60,2026-01-09 20:00:00,2.0,ok,,0.9746124496850935,2.6501399493657596,2026-01-01T00:00:00,fixed,2.1237068442319607,3.2532313401278237,0.010000000000000009,2026-01-01T00:00:00
60,2026-01-10 09:00:00,6.599999904632568,ok,,1.7135817379858065,5.548800276451074,2026-01-01T00:00:00,fixed,4.44656710570909,6.811538750540597,0.010620017890874633,2026-01-01T00:00:00
60,2026-01-11 09:00:00,8.800000190734863,ok,,2.1382921244602717,8.484934035949497,2026-01-01T00:00:00,fixed,6.799456945402127,10.415847408841303,0.13406172819913387,2026-01-01T00:00:00
60,2026-01-12 09:00:00,12.0,ok,,2.330317071603092,10.281200893139774,2026-01-01T00:00:00,fixed,8.238907046742995,12.620890065717914,0.5970839979487571,2026-01-01T00:00:00
60,2026-01-12 15:00:00,9.800000190734863,ok,,2.1686477836355693,8.746448949342106,2026-01-01T00:00:00,fixed,7.009023618125781,10.736875176587402,0.1693325134771,2026-01-01T00:00:00
60,2026-01-13 09:00:00,9.0,ok,,2.073257383298505,7.950679393354743,2026-01-01T00:00:00,fixed,6.371328520972046,9.760012630261398,0.08492511193743968,2026-01-01T00:00:00
60,2026-01-13 21:00:00,11.100000381469727,ok,,2.0773292161998445,7.983119231275735,2026-01-01T00:00:00,fixed,6.397324395580508,9.799834790377318,0.08744421672407376,2026-01-01T00:00:00
60,2026-01-14 09:00:00,8.899999618530273,ok,,2.207099675809786,9.089316163393072,2026-01-01T00:00:00,fixed,7.283782484847911,11.157768558659495,0.2474031885413126,2026-01-01T00:00:00
60,2026-01-15 09:00:00,9.5,ok,,2.1382471370516534,8.484552329340982,2026-01-01T00:00:00,fixed,6.799151062334636,10.415378837397798,0.13402930420949255,2026-01-01T00:00:00
60,2026-01-16 09:00:00,9.399999618530273,ok,,2.27591605921894,9.736834445361186,2026-01-01T00:00:00,fixed,7.802675461616972,11.952642342101965,0.42886355827975164,2026-01-01T00:00:00
60,2026-01-17 09:00:00,9.899999618530273,ok,,2.1854449077038804,8.89460495145599,2026-01-01T00:00:00,fixed,7.127749391750907,10.918746986572485,0.1973614442878019,2026-01-01T00:00:00
60,2026-01-18 09:00:00,9.199999809265137,ok,,2.220634310858956,9.213173028510194,2026-01-01T00:00:00,fixed,7.383035987372296,11.309811485820918,0.2737257260090098,2026-01-01T00:00:00
60,2026-01-18 13:30:00,9.600000381469727,ok,,2.288964164262487,9.864714163673822,2026-01-01T00:00:00,fixed,7.9051527036524325,12.109623601707115,0.4668011959617827,2026-01-01T00:00:00
60,2026-01-18 21:00:00,7.099999904632568,ok,,2.24841561421612,9.472715504720249,2026-01-01T00:00:00,fixed,7.591022034761271,11.628417949567488,0.34385988302179815,2026-01-01T00:00:00
60,2026-01-19 09:00:00,7.599999904632568,ok,,2.180690243732154,8.85241447400482,2026-01-01T00:00:00,fixed,7.093939778886534,10.866955237411482,0.19131878807627622,2026-01-01T00:00:00
60,2026-01-19 16:44:10,7.0,ok,,2.0006592368719427,7.3939288431297685,2026-01-01T00:00:00,fixed,5.92517285499461,9.076562558479809,0.047015698506571835,2026-01-01T00:00:00
60,2026-01-19 21:00:00,9.899999618530273,ok,,2.197802122688928,9.005199409477244,2026-01-01T00:00:00,fixed,7.216374978294013,11.054509385447044,0.22884667765465216,2026-01-01T00:00:00
60,2026-01-20 04:30:00,7.099999904632568,ok,,1.8681473897908676,6.476287242715332,2026-01-01T00:00:00,fixed,5.189814804255252,7.950093590609732,0.022498077781474723,2026-01-01T00:00:00
60,2026-01-20 09:00:00,8.0,ok,,2.100609371247477,8.171147658207884,2026-01-01T00:00:00,fixed,6.548002195551614,10.030652778490364,0.10183703889648832,2026-01-01T00:00:00
60,2026-01-21 09:00:00,9.899999618530273,ok,,2.225028866940519,9.253749927500088,2026-01-01T00:00:00,fixed,7.415552548666793,11.359622455053215,0.2865438677074019,2026-01-01T00:00:00
60,2026-01-22 09:00:00,9.199999809265137,ok,,2.2582323798781667,9.566164867796221,2026-01-01T00:00:00,fixed,7.665908288221606,11.743133550434711,0.37517565539192,2026-01-01T00:00:00
60,2026-01-23 09:00:00,8.5,ok,,2.226740337272481,9.269601006416892,2026-01-01T00:00:00,fixed,7.428254913608741,11.379080758272003,0.2912033094369372,2026-01-01T00:00:00
60,2026-01-24 09:00:00,9.600000381469727,ok,,2.2026710142307517,9.049151661259934,2026-01-01T00:00:00,fixed,7.25159640045047,11.10846383528765,0.24106293142127022,2026-01-01T00:00:00
60,2026-01-25 09:00:00,7.400000095367432,ok,,2.1486141110662196,8.572968977537716,2026-01-01T00:00:00,fixed,6.870004317071011,10.523916430279076,0.14239091051145558,2026-01-01T00:00:00
60,2026-01-26 09:00:00,8.199999809265137,ok,,2.1892379411509535,8.92840655030729,2026-01-01T00:00:00,fixed,7.154836522316847,10.96024080306161,0.20353417024766796,2026-01-01T00:00:00
60,2026-01-27 09:00:00,8.0,ok,,2.187898305757001,8.9164537488664,2026-01-01T00:00:00,fixed,7.1452580673247486,10.945567906915453,0.20077656153800938,2026-01-01T00:00:00
60,2026-01-28 09:00:00,7.699999809265137,ok,,2.167185134475868,8.733665314401481,2026-01-01T00:00:00,fixed,6.998779369317688,10.721182374462161,0.16752392704003083,2026-01-01T00:00:00
60,2026-01-29 09:00:00,9.0,ok,,2.127241246979424,8.391684264370188,2026-01-01T00:00:00,fixed,6.724730635882723,10.301376820435516,0.12418113597500136,2026-01-01T00:00:00
60,2026-01-30 09:00:00,8.5,ok,,2.164626511497519,8.711347720971801,2026-01-01T00:00:00,fixed,6.980895021011954,10.693785974359196,0.16436015342725208,2026-01-01T00:00:00
60,2026-01-31 09:00:00,8.699999809265137,ok,,2.1957593475214794,8.986822587993364,2026-01-01T00:00:00,fixed,7.2016485931573015,11.03195055733776,0.2220262079173173,2026-01-01T00:00:00
60,2026-02-01 09:00:00,9.0,ok,,2.213591229507606,9.148511875539448,2026-01-01T00:00:00,fixed,7.331219352876157,11.23043541763117,0.2619568777980923,2026-01-01T00:00:00
60,2026-02-02 09:00:00,9.199999809265137,ok,,2.115063928775948,8.290115726130034,2026-01-01T00:00:00,fixed,6.643338028722157,10.176694366645513,0.11093503205507194,2026-01-01T00:00:00
60,2026-02-03 09:00:00,8.399999618530273,ok,,2.1109331820110437,8.255941987536104,2026-01-01T00:00:00,fixed,6.615952681558777,10.134743722706986,0.10803363669582766,2026-01-01T00:00:00
60,2026-02-04 09:00:00,9.800000190734863,ok,,2.230811403947352,9.30741508976452,2026-01-01T00:00:00,fixed,7.458557474661388,11.425500178904539,0.29821791108876894,2026-01-01T00:00:00
60,2026-02-05 09:00:00,8.899999618530273,ok,,2.206880262919399,9.087322069035025,2026-01-01T00:00:00,fixed,7.282184504395128,11.155320668968864,0.2470890678717429,2026-01-01T00:00:00
60,2026-02-06 09:00:00,6.400000095367432,ok,,1.720161094287136,5.585428172374969,2026-01-01T00:00:00,fixed,4.475919107772984,6.856502043505963,0.01108795415372088,2026-01-01T00:00:00
60,2026-02-07 09:00:00,7.0,ok,,2.1003062273895545,8.168671000393887,2026-01-01T00:00:00,fixed,6.546017509742224,10.02761250855247,0.10165508471252405,2026-01-01T00:00:00
60,2026-02-08 09:00:00,9.899999618530273,ok,,2.1589736650348006,8.662242732064303,2026-01-01T00:00:00,fixed,6.941544419526269,10.633506180868018,0.1563694418506082,2026-01-01T00:00:00
60,2026-02-09 09:00:00,10.300000190734863,ok,,2.3365927409159326,10.345925191806325,2026-01-01T00:00:00,fixed,8.290774283452198,12.70034364964664,0.6124284567255098,2026-01-01T00:00:00
60,2026-02-10 09:00:00,9.100000381469727,ok,,2.2480521552201016,9.469273186661963,2026-01-01T00:00:00,fixed,7.5882635108492975,11.624192264432414,0.34268184467815255,2026-01-01T00:00:00
60,2026-02-11 09:00:00,8.699999809265137,ok,,2.164261199704542,8.708165944122293,2026-01-01T00:00:00,fixed,6.978345283488192,10.689880121701648,0.16390844021243378,2026-01-01T00:00:00
60,2026-02-12 09:00:00,7.699999809265137,ok,,2.2374599883953,9.36950239261191,2026-01-01T00:00:00,fixed,7.5083115376603855,11.501716666828308,0.31367084090491915,2026-01-01T00:00:00
60,2026-02-13 09:00:00,8.899999618530273,ok,,2.154000795027039,8.619273453849978,2026-01-01T00:00:00,fixed,6.907110709616982,10.58075839953557,0.1485744661067252,2026-01-01T00:00:00
60,2026-02-14 09:00:00,7.699999809265137,ok,,2.1626559159178487,8.694198080712216,2026-01-01T00:00:00,fixed,6.96715204551207,10.672733596662033,0.16192348403548307,2026-01-01T00:00:00
60,2026-02-15 09:00:00,8.199999809265137,ok,,2.2118586586373326,9.132675153440792,2026-01-01T00:00:00,fixed,7.318528492863588,11.210994738406447,0.2588658083440766,2026-01-01T00:00:00
60,2026-02-16 09:00:00,7.800000190734863,ok,,2.0561436052538458,7.815770920409573,2026-01-01T00:00:00,fixed,6.263218740804736,9.594403084871523,0.06943719030859508,2026-01-01T00:00:00
60,2026-02-17 09:00:00,8.0,ok,,2.139963069672463,8.499123747666513,2026-01-01T00:00:00,fixed,6.810827962958509,10.43326626812691,0.13526603651373215,2026-01-01T00:00:00
60,2026-02-18 09:00:00,8.800000190734863,ok,,2.1636459240543244,8.702809669620434,2026-01-01T00:00:00,fixed,6.9740529981611825,10.683304921746657,0.16314764314181585,2026-01-01T00:00:00
60,2026-02-19 09:00:00,9.5,ok,,2.2019679904160583,9.042792127852941,2026-01-01T00:00:00,fixed,7.246500147090046,11.10065706516097,0.24005645312819612,2026-01-01T00:00:00
60,2026-02-20 09:00:00,7.400000095367432,ok,,1.9971042553412262,7.367690229180396,2026-01-01T00:00:00,fixed,5.904146371453325,9.044352832634182,0.045481337323874604,2026-01-01T00:00:00
60,2026-02-21 09:00:00,7.400000095367432,ok,,2.0850083249611635,8.044658452888118,2026-01-01T00:00:00,fixed,6.446639250125529,9.875378470417461,0.0922053027307208,2026-01-01T00:00:00
60,2026-02-22 09:00:00,7.800000190734863,ok,,2.203205549911158,9.053990048730448,2026-01-01T00:00:00,fixed,7.255473673644529,11.11440329284668,0.24182819505524422,2026-01-01T00:00:00
60,2026-02-23 09:00:00,10.399999618530273,ok,,2.2437576526725826,9.42869456370363,2026-01-01T00:00:00,fixed,7.555745568041505,11.57437917890881,0.3324444438632663,2026-01-01T00:00:00
60,2026-02-24 09:00:00,8.0,ok,,2.137621630603432,8.479246846628515,2026-01-01T00:00:00,fixed,6.7948994793376265,10.408865987901365,0.13357847996287342,2026-01-01T00:00:00
60,2026-02-25 09:00:00,9.100000381469727,ok,,2.115445683158391,8.29328111830217,2026-01-01T00:00:00,fixed,6.645874636278393,10.180580105970586,0.11135266845338143,2026-01-01T00:00:00
60,2026-02-26 09:00:00,8.699999809265137,ok,,2.1283506322516317,8.400999041184866,2026-01-01T00:00:00,fixed,6.732195092723411,10.312811357644412,0.1253731872009496,2026-01-01T00:00:00
60,2026-02-27 09:00:00,8.899999618530273,ok,,2.123446491711796,8.359900220778407,2026-01-01T00:00:00,fixed,6.699260286315189,10.262359693527364,0.12010361414171766,2026-01-01T00:00:00
60,2026-02-28 09:00:00,8.600000381469727,ok,,2.191048420260048,8.944585885598963,2026-01-01T00:00:00,fixed,7.167801937634735,10.980102063839897,0.20726099993762126,2026-01-01T00:00:00
60,2026-03-01 09:00:00,9.899999618530273,ok,,2.156178812199368,8.638066838173081,2026-01-01T00:00:00,fixed,6.922170910087833,10.603828587538894,0.15159821617628544,2026-01-01T00:00:00
60,2026-03-02 09:00:00,8.199999809265137,abstain,outside_training_support,2.068083142568714,7.909646911723037,2026-01-01T00:00:00,fixed,6.338446875571421,9.709642401610102,0.08172398485156995,2026-01-01T00:00:00
60,2026-03-03 09:00:00,10.199999809265137,ok,,2.272531164021667,9.703931998292992,2026-01-01T00:00:00,fixed,7.776308872166695,11.912252297042352,0.4231356679008621,2026-01-01T00:00:00
60,2026-03-04 12:30:00,2.700000047683716,abstain,outside_training_support,1.5239408423795433,4.590279164518612,2026-01-01T00:00:00,fixed,3.678449993162271,5.634887335486408,0.010000000000000009,2026-01-01T00:00:00
60,2026-03-04 15:30:00,8.100000381469727,abstain,outside_training_support,1.4114339575790649,4.10183304350201,2026-01-01T00:00:00,fixed,3.28703052473391,5.035285707189243,0.010000000000000009,2026-01-01T00:00:00
60,2026-03-05 09:00:00,6.0,ok,,2.2354734283742412,9.350907789504278,2026-01-01T00:00:00,fixed,7.493410631806374,11.478890496609846,0.3080142192952652,2026-01-01T00:00:00
60,2026-03-06 09:00:00,8.5,ok,,2.2080395469104195,9.097862964796231,2026-01-01T00:00:00,fixed,7.2906315196094615,11.168260352569943,0.24874874731372487,2026-01-01T00:00:00
60,2026-03-07 09:00:00,8.899999618530273,ok,,2.3668791516521512,10.664059385589884,2026-01-01T00:00:00,fixed,8.545713183899343,13.090875526965293,0.6794074985046414,2026-01-01T00:00:00
60,2026-03-08 09:00:00,7.599999904632568,ok,,2.1024263096111206,8.186007625597435,2026-01-01T00:00:00,fixed,6.559910326840232,10.04889442328974,0.10292760869900941,2026-01-01T00:00:00
60,2026-03-09 09:00:00,8.399999618530273,ok,,2.2436719650988324,9.427886676356282,2026-01-01T00:00:00,fixed,7.555098162273617,11.57338744092972,0.3322577109121916,2026-01-01T00:00:00
60,2026-03-10 09:00:00,8.100000381469727,ok,,2.1536691586269026,8.616415462963051,2026-01-01T00:00:00,fixed,6.904820440075267,10.57725001669512,0.1481937695348503,2026-01-01T00:00:00
60,2026-03-10 21:00:00,7.300000190734863,ok,,2.068967514702469,7.916645077074705,2026-01-01T00:00:00,fixed,6.344054900784565,9.718233136922361,0.0822711158683107,2026-01-01T00:00:00
60,2026-03-11 13:30:00,7.199999809265137,ok,,1.6774143814916211,5.351700610352999,2026-01-01T00:00:00,fixed,4.288620009372351,6.569585184642146,0.010000000000000009,2026-01-01T00:00:00
60,2026-03-12 09:00:00,8.300000190734863,ok,,2.1739215514328167,8.792697535111392,2026-01-01T00:00:00,fixed,7.0460852224224855,10.793648536310245,0.17965768027345497,2026-01-01T00:00:00
60,2026-03-13 09:00:00,8.800000190734863,ok,,2.1326598112697277,8.437278561318067,2026-01-01T00:00:00,fixed,6.761267921586947,10.357346995066274,0.13000232424243674,2026-01-01T00:00:00
60,2026-03-14 09:00:00,9.0,ok,,2.208495227978685,9.102009633418403,2026-01-01T00:00:00,fixed,7.293954479416085,11.173350677072241,0.2494011193873138,2026-01-01T00:00:00
60,2026-03-15 09:00:00,8.800000190734863,ok,,2.2075115563277974,9.093060646729752,2026-01-01T00:00:00,fixed,7.28678315086637,11.16236517271619,0.24799285391545,2026-01-01T00:00:00
60,2026-03-15 14:00:00,9.100000381469727,ok,,2.1658037200807145,8.7216088328296,2026-01-01T00:00:00,fixed,6.989117829579876,10.706382203735059,0.16581578854182977,2026-01-01T00:00:00
60,2026-03-15 21:00:00,8.5,ok,,2.2221314005923456,9.22697630505684,2026-01-01T00:00:00,fixed,7.394097332597463,11.326755969024065,0.2775188929581859,2026-01-01T00:00:00
60,2026-03-16 09:00:00,7.599999904632568,ok,,2.2790022341743725,9.766930436831846,2026-01-01T00:00:00,fixed,7.82679307966408,11.989587267477694,0.4369598185882321,2026-01-01T00:00:00
60,2026-03-16 21:00:00,8.100000381469727,ok,,2.3311275600033112,10.289537064932928,2026-01-01T00:00:00,fixed,8.245587292099868,12.631123297114117,0.5994213670526052,2026-01-01T00:00:00
60,2026-03-17 09:00:00,12.800000190734863,ok,,2.233789676748102,9.335176430874718,2026-01-01T00:00:00,fixed,7.48080420549343,11.459579158380805,0.3042945737869487,2026-01-01T00:00:00
60,2026-03-17 15:00:00,9.600000381469727,ok,,2.1106997607861366,8.254015100341546,2026-01-01T00:00:00,fixed,6.614408558002537,10.13237833448976,0.10789353170148941,2026-01-01T00:00:00
60,2026-03-17 21:00:00,8.699999809265137,ok,,2.2148472719469137,9.160010014275088,2026-01-01T00:00:00,fixed,7.340433460959259,11.244550183644515,0.2637697633547106,2026-01-01T00:00:00
60,2026-03-19 09:00:00,8.5,ok,,2.2265941410781385,9.26824592508296,2026-01-01T00:00:00,fixed,7.427169010389158,11.37741730156851,0.2909514078720091,2026-01-01T00:00:00
60,2026-03-20 09:00:00,7.400000095367432,ok,,2.226175245620059,9.264364312012383,2026-01-01T00:00:00,fixed,7.424058454568654,11.37265235121391,0.29022963517535283,2026-01-01T00:00:00
60,2026-03-21 09:00:00,6.800000190734863,ok,,1.974261412692028,7.201298901172838,2026-01-01T00:00:00,fixed,5.770807601100814,8.840095890230359,0.037893372664652425,2026-01-01T00:00:00
60,2026-03-22 09:00:00,8.199999809265137,ok,,2.1402054917743203,8.50118437286982,2026-01-01T00:00:00,fixed,6.812479258335838,10.43579582906322,0.1354407585517612,2026-01-01T00:00:00
60,2026-03-23 09:00:00,7.699999809265137,ok,,1.9520361643945665,7.04301372422357,2026-01-01T00:00:00,fixed,5.643964747496771,8.645789812752346,0.033277377701927624,2026-01-01T00:00:00
60,2026-03-24 09:00:00,9.199999809265137,ok,,2.2273455654324184,9.275212928052557,2026-01-01T00:00:00,fixed,7.4327520634252275,11.385969782886669,0.2922461404169938,2026-01-01T00:00:00
60,2026-03-25 09:00:00,8.300000190734863,ok,,1.984719703601041,7.277007380599782,2026-01-01T00:00:00,fixed,5.831477082334767,8.93303332096646,0.040136056260933306,2026-01-01T00:00:00
60,2026-03-26 09:00:00,7.5,ok,,2.027748675533466,7.596963861251018,2026-01-01T00:00:00,fixed,6.087876284187491,9.325802182316862,0.05657151627846302,2026-01-01T00:00:00
60,2026-03-27 09:00:00,7.199999809265137,ok,,2.006381036361918,7.436356687468686,2026-01-01T00:00:00,fixed,5.9591726833546685,9.128645692025438,0.04948527730936958,2026-01-01T00:00:00
60,2026-03-28 09:00:00,7.800000190734863,ok,,2.0676520727984142,7.906238036829895,2026-01-01T00:00:00,fixed,6.335715151556834,9.70545777028918,0.08145729661851953,2026-01-01T00:00:00
60,2026-03-29 09:00:00,9.0,ok,,2.0964895771483283,8.137553460406608,2026-01-01T00:00:00,fixed,6.52108126716286,9.989413561233278,0.09934163646511951,2026-01-01T00:00:00
60,2026-03-30 09:00:00,7.099999904632568,ok,,2.0601387290052573,7.84705834940974,2026-01-01T00:00:00,fixed,6.288291125046926,9.63281058278488,0.07362230777666645,2026-01-01T00:00:00
60,2026-03-31 09:00:00,7.800000190734863,ok,,1.8788101899863905,6.545712073370281,2026-01-01T00:00:00,fixed,5.245448842773424,8.035317404893126,0.023672545123190836,2026-01-01T00:00:00
60,2026-04-01 09:00:00,9.899999618530273,ok,,2.2177239082976667,9.186397968132285,2026-01-01T00:00:00,fixed,7.3615796190046945,11.276943234626835,0.2679217030732425,2026-01-01T00:00:00
60,2026-04-02 09:00:00,7.099999904632568,ok,,2.464164638286404,11.753659492679997,2026-01-01T00:00:00,fixed,9.418871299740337,14.428435536745358,0.8352076770443166,2026-01-01T00:00:00
60,2026-04-03 09:00:00,9.100000381469727,ok,,2.1951255487795263,8.981128555768777,2026-01-01T00:00:00,fixed,7.197085643487595,11.024960736257118,0.219902878840182,2026-01-01T00:00:00
60,2026-04-04 09:00:00,8.800000190734863,ok,,2.0957720153040684,8.131716357029585,2026-01-01T00:00:00,fixed,6.516403666496813,9.982248110349735,0.09889562581120892,2026-01-01T00:00:00
60,2026-04-04 15:00:00,5.5,ok,,2.1047382897062357,8.204955407293285,2026-01-01T00:00:00,fixed,6.575094254647561,10.072154144820141,0.10431531437258346,2026-01-01T00:00:00
60,2026-04-05 09:00:00,10.0,ok,,2.2083600013174935,9.100778882262604,2026-01-01T00:00:00,fixed,7.292968208991483,11.171839844320596,0.24920752324406892,2026-01-01T00:00:00
60,2026-04-06 09:00:00,9.699999809265137,ok,,2.1057271896147385,8.213073300175036,2026-01-01T00:00:00,fixed,6.581599580782447,10.082119423651937,0.10490887571704566,2026-01-01T00:00:00
60,2026-04-07 09:00:00,8.300000190734863,ok,,2.2006487235842833,9.030870138004069,2026-01-01T00:00:00,fixed,7.236946383167135,11.086021992389691,0.23661509712115658,2026-01-01T00:00:00
60,2026-04-08 09:00:00,9.399999618530273,ok,,2.247875488552747,9.467600429490377,2026-01-01T00:00:00,fixed,7.586923036035924,11.622138838515664,0.3421092350840371,2026-01-01T00:00:00
60,2026-04-09 02:00:00,8.199999809265137,ok,,2.1346012092341713,8.453674587198334,2026-01-01T00:00:00,fixed,6.774406983314031,10.377474258632104,0.13140155725945313,2026-01-01T00:00:00
60,2026-04-09 09:00:00,7.699999809265137,ok,,2.11381886780111,8.279800449469288,2026-01-01T00:00:00,fixed,6.6350718148379375,10.164031646202073,0.10976569423018445,2026-01-01T00:00:00
60,2026-04-10 01:00:00,5.699999809265137,ok,,1.966216591222934,7.143598144505334,2026-01-01T00:00:00,fixed,5.724568725345793,8.769264193215735,0.03622253169674294,2026-01-01T00:00:00
60,2026-04-10 09:00:00,7.900000095367432,ok,,2.1388564058421244,8.489723277365034,2026-01-01T00:00:00,fixed,6.803294835086138,10.421726536195386,0.1344684254115739,2026-01-01T00:00:00
60,2026-04-11 09:00:00,8.199999809265137,ok,,2.124696247419279,8.37035458513336,2026-01-01T00:00:00,fixed,6.707637959025651,10.275193153801332,0.12144649551986708,2026-01-01T00:00:00
60,2026-04-12 09:00:00,9.199999809265137,ok,,2.262630307226331,9.60832881491301,2026-01-01T00:00:00,fixed,7.699696640830377,11.794892731762724,0.3923070722788633,2026-01-01T00:00:00
60,2026-04-13 09:00:00,7.400000095367432,ok,,2.156210911712977,8.638344120367396,2026-01-01T00:00:00,fixed,6.922393111973432,10.604168970741986,0.1516530147765991,2026-01-01T00:00:00
60,2026-04-14 09:00:00,7.199999809265137,ok,,1.798584774897805,6.041091906909716,2026-01-01T00:00:00,fixed,4.841068198080962,7.415861009474118,0.0166655946314358,2026-01-01T00:00:00
60,2026-04-27 14:30:00,14.300000190734863,ok,,1.7734905508916492,5.891381680546308,2026-01-01T00:00:00,fixed,4.721096936768676,7.232081280988596,0.014880845962619405,2026-01-01T00:00:00
60,2026-04-27 16:30:00,5.900000095367432,ok,,1.9292490233574673,6.884338322549636,2026-01-01T00:00:00,fixed,5.516809184777588,8.451004707250066,0.02922819293261547,2026-01-01T00:00:00
60,2026-04-27 21:00:00,1.2000000476837158,ok,,2.2970717921808954,9.94501869537405,2026-01-01T00:00:00,fixed,7.969505261197716,12.208203006671749,0.49312812938493433,2026-01-01T00:00:00
60,2026-04-28 05:00:00,0.5,abstain,outside_training_support,1.347373403063194,3.847306923183204,2026-01-01T00:00:00,fixed,3.0830643666877213,4.72283716963165,0.010000000000000009,2026-01-01T00:00:00
60,2026-04-28 09:00:00,0.8999999761581421,abstain,outside_training_support,1.3090311331146558,3.7025846621657283,2026-01-01T00:00:00,fixed,2.9670902437705173,4.545180515963647,0.010000000000000009,2026-01-01T00:00:00
60,2026-04-28 21:00:00,3.4000000953674316,abstain,outside_training_support,1.6969993042860265,5.457546360808396,2026-01-01T00:00:00,fixed,4.373440188294898,6.699518214285828,0.010000000000000009,2026-01-01T00:00:00
60,2026-04-29 05:00:00,7.199999809265137,abstain,outside_training_support,1.7718534008551932,5.8817444957244795,2026-01-01T00:00:00,fixed,4.713374116179469,7.220250965498851,0.01476440875589402,2026-01-01T00:00:00
60,2026-04-29 09:00:00,8.100000381469727,abstain,outside_training_support,1.9708717467596515,7.176930227782343,2026-01-01T00:00:00,fixed,5.751279606559758,8.810181646640967,0.037189367892253244,2026-01-01T00:00:00
60,2026-04-29 19:00:00,11.5,ok,,2.3663012008342803,10.65789786444576,2026-01-01T00:00:00,fixed,8.540775608950598,13.08331183068061,0.6780702667072561,2026-01-01T00:00:00
60,2026-04-30 09:00:00,7.0,ok,,1.9933788851738847,7.340293918182938,2026-01-01T00:00:00,fixed,5.882192159870675,9.010721953041521,0.04387343491241125,2026-01-01T00:00:00
60,2026-04-30 15:00:00,11.5,ok,,2.2387820582460156,9.381897721181033,2026-01-01T00:00:00,fixed,7.518244614638094,11.516932795841385,0.3181327817480428,2026-01-01T00:00:00
60,2026-04-30 19:00:00,5.099999904632568,ok,,2.242164000890112,9.413680474598383,2026-01-01T00:00:00,fixed,7.543713930315976,11.555948338970577,0.32857012152856935,2026-01-01T00:00:00
60,2026-05-01 09:00:00,7.900000095367432,ok,,1.8128606671817509,6.127952414692683,2026-01-01T00:00:00,fixed,4.910674429599527,7.522488331629914,0.017680923088840617,2026-01-01T00:00:00
60,2026-05-02 09:00:00,7.599999904632568,ok,,2.1004273402920064,8.16966039176074,2026-01-01T00:00:00,fixed,6.546810364933857,10.028827055355205,0.10172777956929657,2026-01-01T00:00:00
60,2026-05-03 09:00:00,7.699999809265137,ok,,2.174865805812322,8.801003999357023,2026-01-01T00:00:00,fixed,7.05274166144339,10.803845299623074,0.18139570165181162,2026-01-01T00:00:00
60,2026-05-04 09:00:00,13.899999618530273,ok,,2.2422213651841214,9.414220499221758,2026-01-01T00:00:00,fixed,7.544146682551943,11.556611256802382,0.32874391910042244,2026-01-01T00:00:00
60,2026-05-04 13:00:00,20.299999237060547,ok,,1.9351448337260269,6.92504696310367,2026-01-01T00:00:00,fixed,5.549431318029332,8.500977398426649,0.02987759427221215,2026-01-01T00:00:00
60,2026-05-04 15:30:00,9.5,ok,,2.0326819909538694,7.634534678363083,2026-01-01T00:00:00,fixed,6.117983902263804,9.371922976704504,0.058178418276957244,2026-01-01T00:00:00
60,2026-05-04 23:01:00,9.699999809265137,ok,,2.108095766721207,8.232549654085123,2026-01-01T00:00:00,fixed,6.5972070833633705,10.106028004384386,0.10633055226862531,2026-01-01T00:00:00
60,2026-05-05 09:00:00,4.900000095367432,ok,,1.957392970358191,7.080843013764874,2026-01-01T00:00:00,fixed,5.6742794941313885,8.692227900046563,0.034389940720951695,2026-01-01T00:00:00
60,2026-05-07 08:30:00,7.800000190734863,ok,,2.230839260422828,9.307674365155947,2026-01-01T00:00:00,fixed,7.458765246678652,11.42581845750312,0.29826590884820015,2026-01-01T00:00:00
60,2026-05-08 09:00:00,4.0,ok,,1.8811605871203938,6.56111519089815,2026-01-01T00:00:00,fixed,5.257792230949686,8.054225804311551,0.023931432528312535,2026-01-01T00:00:00
60,2026-05-08 22:50:00,8.399999618530273,ok,,2.281724581088727,9.793555634838429,2026-01-01T00:00:00,fixed,7.848129354848016,12.022271552174754,0.4453621612249751,2026-01-01T00:00:00
60,2026-05-09 09:00:00,4.099999904632568,ok,,2.2292266918192953,9.292677196933955,2026-01-01T00:00:00,fixed,7.446747168612713,11.407408389127436,0.2954873922348873,2026-01-01T00:00:00
60,2026-05-09 17:30:00,3.9000000953674316,ok,,2.330072399269054,10.27868567543518,2026-01-01T00:00:00,fixed,8.236891460715073,12.617802460829052,0.5963783869196648,2026-01-01T00:00:00
60,2026-05-09 21:00:00,3.200000047683716,ok,,1.4378579495667447,4.211664549861197,2026-01-01T00:00:00,fixed,3.3750447150121006,5.170111529767658,0.010000000000000009,2026-01-01T00:00:00
60,2026-05-10 09:00:00,6.099999904632568,ok,,1.6597015186254325,5.257741272372439,2026-01-01T00:00:00,fixed,4.213325084213181,6.45424355406555,0.010000000000000009,2026-01-01T00:00:00
60,2026-05-11 09:00:00,9.0,ok,,1.987426984572197,7.296734976231135,2026-01-01T00:00:00,fixed,5.847285919099245,8.957250318407912,0.041304542453310056,2026-01-01T00:00:00
60,2026-05-12 09:00:00,9.899999618530273,ok,,2.0719776223316315,7.940510932194662,2026-01-01T00:00:00,fixed,6.363179958641917,9.747530136069061,0.08413336727219634,2026-01-01T00:00:00
60,2026-05-12 17:00:00,9.5,ok,,1.96617719953629,7.143316751668022,2026-01-01T00:00:00,fixed,5.724343229369755,8.768918763912106,0.036214350378600324,2026-01-01T00:00:00
60,2026-05-13 09:00:00,4.599999904632568,ok,,2.0309215678726713,7.621106490415017,2026-01-01T00:00:00,fixed,6.107223136720925,9.355438940876803,0.057605005242049145,2026-01-01T00:00:00
60,2026-05-14 02:00:00,6.699999809265137,ok,,1.8969456391859216,6.665504463315791,2026-01-01T00:00:00,fixed,5.341445251746115,8.18237090573666,0.025670096650147523,2026-01-01T00:00:00
60,2026-05-14 09:00:00,12.0,ok,,2.207567694774915,9.09357113136278,2026-01-01T00:00:00,fixed,7.2871922310393975,11.162991828152713,0.24807322406401378,2026-01-01T00:00:00
60,2026-05-15 09:00:00,11.899999618530273,ok,,2.3005554279876534,9.97972393370786,2026-01-01T00:00:00,fixed,7.99731652912636,12.250806103553922,0.49994226534170105,2026-01-01T00:00:00
60,2026-05-15 14:00:00,7.099999904632568,ok,,2.1421042214153307,8.517341157451176,2026-01-01T00:00:00,fixed,6.825426602495688,10.45562940727419,0.13680923902446573,2026-01-01T00:00:00
60,2026-05-16 09:00:00,9.699999809265137,ok,,2.2011135320588977,9.03506873867435,2026-01-01T00:00:00,fixed,7.24031095905748,11.091176067097523,0.2378444214402048,2026-01-01T00:00:00
60,2026-05-18 10:00:00,5.0,abstain,outside_training_support,2.274958408256135,9.72751441985789,2026-01-01T00:00:00,fixed,7.795206798705602,11.941201361762277,0.4272430296026437,2026-01-01T00:00:00
60,2026-05-19 10:30:00,9.0,ok,,1.986424439157326,7.289423333776404,2026-01-01T00:00:00,fixed,5.84142668697552,8.948274768121506,0.04087183506645642,2026-01-01T00:00:00
60,2026-05-20 09:00:00,11.0,ok,,2.135888362244362,8.464562765763066,2026-01-01T00:00:00,fixed,6.783132295856365,10.390840256058834,0.13232925318929156,2026-01-01T00:00:00
60,2026-05-20 15:30:00,6.0,ok,,2.0167511003433787,7.513873414147981,2026-01-01T00:00:00,fixed,6.02129121525736,9.223802872187779,0.05298933593004018,2026-01-01T00:00:00
60,2026-05-21 09:00:00,10.0,ok,,2.1558661653642526,8.635366596047684,2026-01-01T00:00:00,fixed,6.920007053539743,10.600513852288637,0.15106448195322142,2026-01-01T00:00:00
60,2026-05-22 09:00:00,10.899999618530273,ok,,2.316053776546887,10.135597948614338,2026-01-01T00:00:00,fixed,8.122227182382249,12.442152311714242,0.5490740623366959,2026-01-01T00:00:00
60,2026-05-22 11:00:00,9.100000381469727,ok,,2.2374919653399936,9.36980200546205,2026-01-01T00:00:00,fixed,7.508551634361925,11.502084462466508,0.31377876200718846,2026-01-01T00:00:00
60,2026-05-23 08:35:00,10.800000190734863,ok,,2.235070948400111,9.347144993654846,2026-01-01T00:00:00,fixed,7.4903952909369975,11.474271402668478,0.30712508410173656,2026-01-01T00:00:00
60,2026-05-24 09:00:00,9.5,ok,,2.2091362535068817,9.107846124421323,2026-01-01T00:00:00,fixed,7.298631589352172,11.180515376223934,0.2506704285416803,2026-01-01T00:00:00
60,2026-05-25 04:00:00,11.300000190734863,ok,,2.242877355434348,9.42039816210451,2026-01-01T00:00:00,fixed,7.549097192787675,11.564194768195328,0.3305260735100862,2026-01-01T00:00:00
60,2026-05-25 09:00:00,8.199999809265137,ok,,1.8868680451134752,6.598669548251879,2026-01-01T00:00:00,fixed,5.287886658891853,8.100326393199602,0.02456008756209105,2026-01-01T00:00:00
60,2026-05-25 13:00:00,10.100000381469727,ok,,2.357186874120569,10.56119964023209,2026-01-01T00:00:00,fixed,8.463285859536876,12.964608026520416,0.655872252346294,2026-01-01T00:00:00
60,2026-05-26 09:00:00,9.399999618530273,ok,,2.219276077277137,9.200667881885265,2026-01-01T00:00:00,fixed,7.3730149069829976,11.29446054749676,0.27028437802771565,2026-01-01T00:00:00
60,2026-05-27 04:00:00,10.699999809265137,ok,,1.9217553715961517,6.832942301008001,2026-01-01T00:00:00,fixed,5.475622649424847,8.387912511655964,0.028402795372643008,2026-01-01T00:00:00
60,2026-05-27 09:00:00,6.0,ok,,2.1258209765743032,8.379774263273463,2026-01-01T00:00:00,fixed,6.715186479224137,10.286756464692383,0.1226550339795841,2026-01-01T00:00:00
60,2026-05-28 09:00:00,8.699999809265137,ok,,2.1498540917583027,8.583605886961944,2026-01-01T00:00:00,fixed,6.878528273457207,10.536973977337782,0.14381432603060007,2026-01-01T00:00:00
60,2026-05-29 09:00:00,8.100000381469727,ok,,2.133779169441694,8.446728185795356,2026-01-01T00:00:00,fixed,6.768840439477048,10.368947067171637,0.13080908459799911,2026-01-01T00:00:00
60,2026-05-30 09:00:00,9.199999809265137,ok,,2.2357341109280457,9.353345725777158,2026-01-01T00:00:00,fixed,7.49536428785754,11.4818832331595,0.30859010393009023,2026-01-01T00:00:00
60,2026-05-31 09:00:00,9.100000381469727,ok,,2.2493362158132832,9.481440117073221,2026-01-01T00:00:00,fixed,7.598013559481206,11.639128018801355,0.3468437243699585,2026-01-01T00:00:00
60,2026-06-01 09:00:00,10.0,ok,,2.2382616815366436,9.377016870167957,2026-01-01T00:00:00,fixed,7.514333313008673,11.510941211326749,0.31637652802808947,2026-01-01T00:00:00
60,2026-06-02 09:00:00,8.899999618530273,ok,,2.132769833334646,8.438206899195562,2026-01-01T00:00:00,fixed,6.7620118511687295,10.358486594459135,0.13008162097018316,2026-01-01T00:00:00
60,2026-06-03 09:00:00,9.300000190734863,ok,,2.2171530407744324,9.181155248468347,2026-01-01T00:00:00,fixed,7.3573783315838694,11.270507431143207,0.2670977520225245,2026-01-01T00:00:00
60,2026-06-03 19:00:00,9.0,ok,,2.2085290065238383,9.102317091254502,2026-01-01T00:00:00,fixed,7.294200862748027,11.17372810297702,0.24944947816515028,2026-01-01T00:00:00
60,2026-06-04 09:00:00,8.699999809265137,ok,,2.2063098156599903,9.082139709337355,2026-01-01T00:00:00,fixed,7.278031586824927,11.14895896154722,0.24627239171947202,2026-01-01T00:00:00
60,2026-06-05 09:00:00,8.5,ok,,2.1455541366918487,8.546776007500753,2026-01-01T00:00:00,fixed,6.849014410575102,10.491762735514516,0.1392957129207112,2026-01-01T00:00:00
60,2026-06-06 09:00:00,10.5,ok,,2.2551372168572366,9.536601802899186,2026-01-01T00:00:00,fixed,7.64221773434224,11.706842829540411,0.36479653886457275,2026-01-01T00:00:00
60,2026-06-07 09:00:00,9.399999618530273,ok,,2.168436483551091,8.744601019181,2026-01-01T00:00:00,fixed,7.007542767300622,10.734606713627205,0.16907123792485668,2026-01-01T00:00:00
60,2026-06-07 15:15:00,10.800000190734863,ok,,2.2814240076105103,9.790612394109367,2026-01-01T00:00:00,fixed,7.845770769792149,12.0186585192164,0.44439567173969285,2026-01-01T00:00:00
60,2026-06-08 09:00:00,9.699999809265137,ok,,2.2303878355057223,9.303473597264194,2026-01-01T00:00:00,fixed,7.45539893407132,11.420661722380009,0.29748808666494897,2026-01-01T00:00:00
60,2026-06-08 16:00:00,7.599999904632568,ok,,2.2656505673472473,9.637392334863437,2026-01-01T00:00:00,fixed,7.722986881125408,11.830570226447405,0.40423967838691566,2026-01-01T00:00:00
60,2026-06-08 21:00:00,6.699999809265137,ok,,2.2654689737033427,9.635642404564528,2026-01-01T00:00:00,fixed,7.721584563125707,11.828422065142641,0.40364499342374827,2026-01-01T00:00:00
60,2026-06-09 09:00:00,5.599999904632568,ok,,2.1640531189286185,8.706354130704078,2026-01-01T00:00:00,fixed,6.976893375049298,10.687655994558472,0.16365114538089198,2026-01-01T00:00:00
60,2026-06-09 16:00:00,6.800000190734863,ok,,1.8278964617217914,6.220787221730136,2026-01-01T00:00:00,fixed,4.985068204590759,7.636449522162975,0.01875029723180488,2026-01-01T00:00:00
60,2026-06-10 09:00:00,10.399999618530273,ok,,2.16910211859783,8.750423669754271,2026-01-01T00:00:00,fixed,7.012208786118605,10.741754422687665,0.16989430510373904,2026-01-01T00:00:00
60,2026-06-10 13:30:00,9.800000190734863,ok,,2.2917096588778096,9.891834896168646,2026-01-01T00:00:00,fixed,7.926886078613866,12.142916189496871,0.4794187708922909,2026-01-01T00:00:00
60,2026-06-11 09:00:00,9.699999809265137,ok,,2.3943020399113397,10.960545365538657,2026-01-01T00:00:00,fixed,8.783304147722488,13.45483271424844,0.7327962652334439,2026-01-01T00:00:00
60,2026-06-12 09:00:00,9.699999809265137,ok,,2.254742884794837,9.532841956404699,2026-01-01T00:00:00,fixed,7.639204756957588,11.702227356137639,0.3636681133250592,2026-01-01T00:00:00
60,2026-06-13 09:00:00,8.600000381469727,ok,,2.1297793808782752,8.41301053568725,2026-01-01T00:00:00,fixed,6.741820581781178,10.32755630361087,0.12690839917340824,2026-01-01T00:00:00
60,2026-06-14 09:00:00,9.399999618530273,ok,,2.1674221077261673,8.735735204702689,2026-01-01T00:00:00,fixed,7.000438089341338,10.72372330895135,0.1678169478260454,2026-01-01T00:00:00
60,2026-06-15 09:00:00,9.800000190734863,ok,,2.197553411984277,9.002959998480875,2026-01-01T00:00:00,fixed,7.214580411761339,11.051760352499343,0.22801627602188557,2026-01-01T00:00:00
60,2026-06-16 03:00:00,8.300000190734863,ok,,2.080544425436611,8.008827937253677,2026-01-01T00:00:00,fixed,6.417926233930506,9.831394017285916,0.08943335752985293,2026-01-01T00:00:00
60,2026-06-17 08:00:00,2.0999999046325684,ok,,1.7055810263900815,5.504583046257014,2026-01-01T00:00:00,fixed,4.411133341383331,6.757259021247285,0.010050992151463323,2026-01-01T00:00:00
60,2026-06-17 09:00:00,0.30000001192092896,ok,,1.399436516549912,4.0529155724462225,2026-01-01T00:00:00,fixed,3.247830191895429,4.975236104919533,0.010000000000000009,2026-01-01T00:00:00
60,2026-06-17 13:00:00,0.10000000149011612,ok,,1.3648545590331476,3.915153586858897,2026-01-01T00:00:00,fixed,3.1374337308569067,4.806123674046521,0.010000000000000009,2026-01-01T00:00:00
60,2026-06-17 21:00:00,2.700000047683716,abstain,outside_training_support,1.5530671397865945,4.725943104131882,2026-01-01T00:00:00,fixed,3.7871651714460164,5.801424268821089,0.010000000000000009,2026-01-01T00:00:00
60,2026-07-02 11:00:00,4.099999904632568,abstain,outside_training_support,1.0900047952171463,2.9742883348872913,2026-01-01T00:00:00,fixed,2.383465256252264,3.651146056625289,0.010000000000000009,2026-01-01T00:00:00
60,2026-07-02 19:00:00,1.100000023841858,abstain,outside_training_support,0.9199344129285282,2.5091258183250935,2026-01-01T00:00:00,fixed,2.0107042553323984,3.080126674235678,0.010000000000000009,2026-01-01T00:00:00
60,2026-07-03 12:00:00,2.299999952316284,abstain,outside_training_support,1.2845045311180934,3.6128774453343113,2026-01-01T00:00:00,fixed,2.895202783484703,4.4350586602097835,0.010000000000000009,2026-01-01T00:00:00
60,2026-07-03 17:00:00,16.100000381469727,abstain,outside_training_support,1.8046241489533312,6.077686714274471,2026-01-01T00:00:00,fixed,4.870393684413289,7.460783683928895,0.017095126335761157,2026-01-01T00:00:00
60,2026-07-03 20:00:00,13.800000190734863,ok,,1.6921578496592802,5.431187756209696,2026-01-01T00:00:00,fixed,4.352317549468198,6.66716119156216,0.010000000000000009,2026-01-01T00:00:00
60,2026-07-03 23:00:00,7.099999904632568,ok,,1.937644343593719,6.942377836643936,2026-01-01T00:00:00,fixed,5.563319525994648,8.522252252596704,0.03028831897772255,2026-01-01T00:00:00
60,2026-07-04 03:00:00,3.700000047683716,ok,,1.5026484309754107,4.493574246080831,2026-01-01T00:00:00,fixed,3.6009548792886217,5.516175313699942,0.010000000000000009,2026-01-01T00:00:00
60,2026-07-04 09:00:00,3.200000047683716,ok,,1.0181523959397725,2.7680757284901714,2026-01-01T00:00:00,fixed,2.218215446076283,3.3980057218965114,0.010000000000000009,2026-01-01T00:00:00
60,2026-07-05 09:00:00,4.800000190734863,ok,,1.434693500653688,4.198358017579046,2026-01-01T00:00:00,fixed,3.3643814390264826,5.153776834741804,0.010000000000000009,2026-01-01T00:00:00
60,2026-07-06 09:00:00,6.5,ok,,1.5881749693987572,4.894807598054064,2026-01-01T00:00:00,fixed,3.9224858293516984,6.008717194613156,0.010000000000000009,2026-01-01T00:00:00
60,2026-07-07 09:00:00,5.699999809265137,ok,,1.942381235175901,6.9753411379346195,2026-01-01T00:00:00,fixed,5.589734881370977,8.562717000452219,0.03127213105440585,2026-01-01T00:00:00
60,2026-07-08 09:00:00,5.300000190734863,ok,,1.6658076572848461,5.2899439866799876,2026-01-01T00:00:00,fixed,4.239130938275399,6.493774628432989,0.010000000000000009,2026-01-01T00:00:00
60,2026-07-09 09:00:00,9.600000381469727,ok,,2.1041859203182978,8.200424492581398,2026-01-01T00:00:00,fixed,6.571463376743709,10.066592131484322,0.1039837690728771,2026-01-01T00:00:00
60,2026-07-10 09:00:00,8.0,ok,,2.12266709875595,8.353387111900046,2026-01-01T00:00:00,fixed,6.694040964254287,10.254364398814788,0.11925284233366251,2026-01-01T00:00:00
60,2026-07-11 09:00:00,8.100000381469727,ok,,2.0702042894561474,7.9264422410335635,2026-01-01T00:00:00,fixed,6.35190592169328,9.730259837943551,0.0830362664227342,2026-01-01T00:00:00
60,2026-07-12 09:00:00,11.600000381469727,ok,,2.1436837646891913,8.53080529718391,2026-01-01T00:00:00,fixed,6.836216178234488,10.472157576421203,0.13794767078398662,2026-01-01T00:00:00
60,2026-07-12 13:00:00,6.800000190734863,ok,,1.9665825836620878,7.146213125917099,2026-01-01T00:00:00,fixed,5.726664257667788,8.772474265002568,0.036298545212223976,2026-01-01T00:00:00
60,2026-07-13 09:00:00,7.900000095367432,ok,,2.086263879122518,8.054765300805082,2026-01-01T00:00:00,fixed,6.4547384382835,9.88778533006321,0.0929857100740118,2026-01-01T00:00:00
60,2026-07-14 09:00:00,8.899999618530273,ok,,2.197767040758534,9.004883495239849,2026-01-01T00:00:00,fixed,7.216121818370023,11.054121578720784,0.22872954521228028,2026-01-01T00:00:00
60,2026-07-15 09:00:00,10.300000190734863,ok,,2.150300937884135,8.587442295076421,2026-01-01T00:00:00,fixed,6.881602603992819,10.541683435460753,0.14432727571944615,2026-01-01T00:00:00
60,2026-07-16 09:00:00,11.0,ok,,2.2235893609710047,9.240438682346095,2026-01-01T00:00:00,fixed,7.404885495990745,11.343281974648972,0.2816331013974206,2026-01-01T00:00:00
60,2026-07-17 09:00:00,9.100000381469727,ok,,2.2183721023203837,9.192354466660344,2026-01-01T00:00:00,fixed,7.366352897749738,11.284255251372798,0.26885726189267023,2026-01-01T00:00:00
60,2026-07-18 04:00:00,10.300000190734863,ok,,2.113107206861274,8.273910135101698,2026-01-01T00:00:00,fixed,6.630351573199332,10.156800875122059,0.10933853833643015,2026-01-01T00:00:00
60,2026-07-18 09:00:00,12.399999618530273,ok,,2.3425040602985736,10.407264379069234,2026-01-01T00:00:00,fixed,8.339928839173318,12.775641773592676,0.6266542449494528,2026-01-01T00:00:00
60,2026-07-18 21:00:00,10.399999618530273,ok,,2.239959556831927,9.392951399048757,2026-01-01T00:00:00,fixed,7.527102551120745,11.53050195518769,0.3218912800782665,2026-01-01T00:00:00
60,2026-07-19 09:00:00,9.100000381469727,ok,,2.2192890526577456,9.200787264827404,2026-01-01T00:00:00,fixed,7.3731105752783135,11.294607098371902,0.2703172536688879,2026-01-01T00:00:00
60,2026-07-20 09:00:00,10.199999809265137,ok,,2.1844946344234444,8.886156660758793,2026-01-01T00:00:00,fixed,7.120979299182779,10.908376121413754,0.19615375121531153,2026-01-01T00:00:00
60,2026-07-21 09:00:00,8.100000381469727,ok,,1.905034673739617,6.719640618664721,2026-01-01T00:00:00,fixed,5.384827611105077,8.248826806398558,0.02656107338563185,2026-01-01T00:00:00
60,2026-07-23 09:00:00,6.400000095367432,ok,,2.1961283255284134,8.990139139710244,2026-01-01T00:00:00,fixed,7.2043063333955395,11.036021855530556,0.22325816108090446,2026-01-01T00:00:00
60,2026-07-24 09:00:00,8.800000190734863,ok,,2.2687751831793563,9.667552578582278,2026-01-01T00:00:00,fixed,7.747155988128506,11.86759402593223,0.414178055502855,2026-01-01T00:00:00
60,2026-07-25 09:00:00,7.400000095367432,ok,,2.204566767919838,9.066322894977088,2026-01-01T00:00:00,fixed,7.265356680007689,11.129542720457723,0.2437769716816458,2026-01-01T00:00:00
60,2026-07-26 09:00:00,9.899999618530273,ok,,1.985681042638742,7.284006415556128,2026-01-01T00:00:00,fixed,5.837085804411263,8.941625123779016,0.04055097861428858,2026-01-01T00:00:00
60,2026-07-27 09:00:00,10.800000190734863,ok,,2.2302701699146827,9.30237896294631,2026-01-01T00:00:00,fixed,7.454521741757994,11.419317982525904,0.2972853444071608,2026-01-01T00:00:00
60,2026-07-28 09:00:00,9.300000190734863,ok,,1.9527367701140834,7.047949828851057,2026-01-01T00:00:00,fixed,5.647920326968621,8.651849224926456,0.03342288754860567,2026-01-01T00:00:00
60,2026-07-29 09:00:00,8.0,ok,,2.2682417221919557,9.66239669179246,2026-01-01T00:00:00,fixed,7.743024284794786,11.861264815848509,0.4125459758773584,2026-01-01T00:00:00
60,2026-07-30 09:00:00,8.5,ok,,2.1874702255000456,8.912637607920027,2026-01-01T00:00:00,fixed,7.142199978015803,10.94088332815271,0.19993540098255147,2026-01-01T00:00:00
60,2026-07-31 09:00:00,8.600000381469727,ok,,2.245489337386179,9.445036235176417,2026-01-01T00:00:00,fixed,7.568841072511469,11.594439718654291,0.3362181835404249,2026-01-01T00:00:00
60,2026-08-01 09:00:00,8.399999618530273,ok,,2.170217232383154,8.76018683032162,2026-01-01T00:00:00,fixed,7.020032558188897,10.753739382177827,0.17210054652501083,2026-01-01T00:00:00
60,2026-08-02 09:00:00,10.600000381469727,ok,,2.2869286057005715,9.844654383652063,2026-01-01T00:00:00,fixed,7.889077668771278,12.084998824793558,0.46109358873656847,2026-01-01T00:00:00
60,2026-08-03 09:00:00,9.600000381469727,ok,,2.283701549114103,9.812936332380621,2026-01-01T00:00:00,fixed,7.863660202577848,12.04606270805424,0.4515856360514977,2026-01-01T00:00:00
60,2026-08-04 09:00:00,8.0,ok,,2.172548859869915,8.780636153562066,2026-01-01T00:00:00,fixed,7.0364197560559525,10.778842350519609,0.17685726983441552,2026-01-01T00:00:00
60,2026-08-05 09:00:00,7.800000190734863,ok,,2.1689379004191314,8.748986809098932,2026-01-01T00:00:00,fixed,7.011057348509176,10.739990576172143,0.1696912469959595,2026-01-01T00:00:00
60,2026-08-06 09:00:00,9.300000190734863,ok,,2.2216891786465114,9.222896835722969,2026-01-01T00:00:00,fixed,7.39082822337655,11.32174813632782,0.2763984379635873,2026-01-01T00:00:00
60,2026-08-07 09:00:00,9.699999809265137,abstain,no_control_telemetry|too_many_missing_features,2.1221915626040757,8.349415718683101,2026-01-01T00:00:00,fixed,6.690858462530941,10.249489237078361,0.11873260939104724,2026-01-01T00:00:00
60,2026-08-07 12:00:00,8.800000190734863,abstain,no_control_telemetry|too_many_missing_features,2.1475675189003853,8.564001268953229,2026-01-01T00:00:00,fixed,6.862817985608587,10.512907943492117,0.14118949218246457,2026-01-01T00:00:00
60,2026-08-08 09:00:00,6.699999809265137,abstain,no_control_telemetry|too_many_missing_features,2.1537272005861845,8.616915591112578,2026-01-01T00:00:00,fixed,6.905221221013042,10.577863958826939,0.14826039785102574,2026-01-01T00:00:00
60,2026-08-09 09:00:00,7.300000190734863,abstain,no_control_telemetry|too_many_missing_features,2.081087985133993,8.013182396690752,2026-01-01T00:00:00,fixed,6.42141570825493,9.836739419483788,0.08976963946201333,2026-01-01T00:00:00
120,2026-01-01 08:00:00,8.899999618530273,ok,,2.225358520250711,9.256800959659174,2026-01-01T00:00:00,fixed,7.0635127205517945,11.731771999292805,0.32164526627812495,2026-01-01T00:00:00
120,2026-01-02 08:00:00,9.100000381469727,ok,,2.2592942021264215,9.576327829157696,2026-01-01T00:00:00,fixed,7.30733152113925,12.136730083294049,0.39960587254935753,2026-01-01T00:00:00
120,2026-01-03 08:00:00,10.600000381469727,ok,,2.2122474957473077,9.136226966947497,2026-01-01T00:00:00,fixed,6.9715072928669795,11.5789603964829,0.2877491794493624,2026-01-01T00:00:00
120,2026-01-03 12:58:15,8.699999809265137,ok,,2.141446548574272,8.51174137510811,2026-01-01T00:00:00,fixed,6.494986090673903,10.787507429930962,0.17136649341593146,2026-01-01T00:00:00
120,2026-01-04 08:00:00,8.100000381469727,ok,,2.1767995857579083,8.818039670703063,2026-01-01T00:00:00,fixed,6.7287106696777,11.175700044566621,0.21689460510987735,2026-01-01T00:00:00
120,2026-01-04 16:00:00,6.800000190734863,ok,,2.1591531003042936,8.66379718338087,2026-01-01T00:00:00,fixed,6.611014094370763,10.980218073877861,0.19159901786349132,2026-01-01T00:00:00
120,2026-01-05 08:00:00,7.900000095367432,ok,,2.114648237603381,8.286670314366365,2026-01-01T00:00:00,fixed,6.323242925026757,10.502259601899627,0.14430187678623774,2026-01-01T00:00:00
120,2026-01-05 20:00:00,8.600000381469727,ok,,2.178796703199173,8.8356679285186,2026-01-01T00:00:00,fixed,6.742162122708163,11.19804153190527,0.21956337188521013,2026-01-01T00:00:00
120,2026-01-06 08:00:00,10.5,ok,,2.177197297239519,8.82154740381203,2026-01-01T00:00:00,fixed,6.731387287392984,11.180145632761516,0.21742607069440423,2026-01-01T00:00:00
120,2026-01-06 14:00:00,8.899999618530273,ok,,2.1612827315885568,8.68226753744427,2026-01-01T00:00:00,fixed,6.62510811901799,11.003626806933951,0.19373823474030516,2026-01-01T00:00:00
120,2026-01-07 08:00:00,7.099999904632568,ok,,2.0766551045830717,7.977739531326688,2026-01-01T00:00:00,fixed,6.087509594983207,10.110730657291326,0.11045568014050466,2026-01-01T00:00:00
120,2026-01-08 08:00:00,8.199999809265137,ok,,2.2084621694407605,9.101708739261335,2026-01-01T00:00:00,fixed,6.945167746255287,11.535213104216542,0.27820838022019434,2026-01-01T00:00:00
120,2026-01-09 16:00:00,13.0,abstain,outside_training_support,1.3828382989293777,3.986199612473125,2026-01-01T00:00:00,fixed,3.041717305154118,5.051981262317852,0.010000000000000009,2026-01-01T00:00:00
120,2026-01-09 19:00:00,2.0,abstain,outside_training_support,1.491933753115995,4.445684067679552,2026-01-01T00:00:00,fixed,3.3923324159672927,5.634317091854749,0.010000000000000009,2026-01-01T00:00:00
120,2026-01-10 08:00:00,6.599999904632568,ok,,1.6821585403384167,5.3771502489801355,2026-01-01T00:00:00,fixed,4.1030988296617625,6.814827390357779,0.011230310421876832,2026-01-01T00:00:00
120,2026-01-11 08:00:00,8.800000190734863,ok,,2.0697483821308666,7.9228293415887014,2026-01-01T00:00:00,fixed,6.045609717758618,10.041139247769683,0.10398877472378576,2026-01-01T00:00:00
120,2026-01-12 08:00:00,12.0,ok,,2.2687439396618254,9.667250534952284,2026-01-01T00:00:00,fixed,7.376711179594251,12.251962598132543,0.4249927860444108,2026-01-01T00:00:00
120,2026-01-12 14:00:00,9.800000190734863,ok,,2.099055969079343,8.158464433344426,2026-01-01T00:00:00,fixed,6.225413893658953,10.339775589153476,0.13010069449416017,2026-01-01T00:00:00
120,2026-01-13 08:00:00,9.0,ok,,2.0749425201090816,7.964088670930024,2026-01-01T00:00:00,fixed,6.077093142638761,10.093429995597747,0.10903525342670373,2026-01-01T00:00:00
120,2026-01-13 20:00:00,11.100000381469727,ok,,2.1980852057429248,9.007748989682376,2026-01-01T00:00:00,fixed,6.873470635205459,11.416131537704002,0.26031902983722066,2026-01-01T00:00:00
120,2026-01-14 08:00:00,8.899999618530273,ok,,2.205594392651145,9.075644461321726,2026-01-01T00:00:00,fixed,6.92527908714068,11.502180076127651,0.2725460313038177,2026-01-01T00:00:00
120,2026-01-15 08:00:00,9.5,ok,,2.1426914068500094,8.52234388474158,2026-01-01T00:00:00,fixed,6.503076462498052,10.800944709848963,0.1728860834394661,2026-01-01T00:00:00
120,2026-01-16 08:00:00,9.399999618530273,ok,,2.2593395910818757,9.576762498539468,2026-01-01T00:00:00,fixed,7.307663200811392,12.137280969297136,0.39973345350596723,2026-01-01T00:00:00
120,2026-01-17 08:00:00,9.899999618530273,ok,,2.2283408219475103,9.2844487393864,2026-01-01T00:00:00,fixed,7.084609689650446,11.766811906649576,0.32817897080382064,2026-01-01T00:00:00
120,2026-01-18 08:00:00,9.199999809265137,ok,,2.209152211923834,9.107991472387072,2026-01-01T00:00:00,fixed,6.949961860933445,11.54317563823718,0.27957085073060306,2026-01-01T00:00:00
120,2026-01-18 12:30:00,9.600000381469727,ok,,2.2402136866454105,9.395338731369167,2026-01-01T00:00:00,fixed,7.1692256247197665,11.907350318203918,0.35159575929553644,2026-01-01T00:00:00
120,2026-01-18 20:00:00,7.099999904632568,ok,,2.0800366694296253,8.004762438987552,2026-01-01T00:00:00,fixed,6.108129747975655,10.14497862187615,0.1125969968425049,2026-01-01T00:00:00
120,2026-01-19 08:00:00,7.599999904632568,ok,,2.067445616363911,7.904605911601654,2026-01-01T00:00:00,fixed,6.031704111482047,10.018043458351197,0.10175147212429991,2026-01-01T00:00:00
120,2026-01-19 15:44:10,7.0,ok,,2.090598252162989,8.089753429396664,2026-01-01T00:00:00,fixed,6.1729831400387765,10.252693471295414,0.11928493409426533,2026-01-01T00:00:00
120,2026-01-19 20:00:00,9.899999618530273,ok,,2.131354688323687,8.426274058142395,2026-01-01T00:00:00,fixed,6.4297692319329975,10.679188899544197,0.15807826387353718,2026-01-01T00:00:00
120,2026-01-20 03:30:00,7.099999904632568,ok,,2.136337027421665,8.468361372404699,2026-01-01T00:00:00,fixed,6.461884460613101,10.732529008847587,0.16419519880447042,2026-01-01T00:00:00
120,2026-01-20 08:00:00,8.0,ok,,2.204722006460957,9.067730446966946,2026-01-01T00:00:00,fixed,6.919240203804069,11.49215010871083,0.2708235279986231,2026-01-01T00:00:00
120,2026-01-21 08:00:00,9.899999618530273,ok,,2.2239315308739487,9.243601023351298,2026-01-01T00:00:00,fixed,7.05344035122815,11.71504282429552,0.31836537927217345,2026-01-01T00:00:00
120,2026-01-22 08:00:00,9.199999809265137,ok,,2.2746282468105896,9.724303299758663,2026-01-01T00:00:00,fixed,7.420245974358525,12.324269438428086,0.438736990601693,2026-01-01T00:00:00
120,2026-01-23 08:00:00,8.5,ok,,2.2387581406710653,9.38167333162255,2026-01-01T00:00:00,fixed,7.158798077950389,11.89003122980554,0.3484656572476301,2026-01-01T00:00:00
120,2026-01-24 08:00:00,9.600000381469727,ok,,2.053835716628041,7.797753790362346,2026-01-01T00:00:00,fixed,5.950169321992571,9.882622514389743,0.0938693033744964,2026-01-01T00:00:00
120,2026-01-25 08:00:00,7.400000095367432,ok,,2.1951631146786776,8.981465946275517,2026-01-01T00:00:00,fixed,6.853415044483759,11.382821253293594,0.2563128372419802,2026-01-01T00:00:00
120,2026-01-26 08:00:00,8.199999809265137,ok,,2.13670375655824,8.471467536784683,2026-01-01T00:00:00,fixed,6.4642546565053705,10.736465661742804,0.16472871928273336,2026-01-01T00:00:00
120,2026-01-27 08:00:00,8.0,ok,,2.144550601417405,8.538203318511806,2026-01-01T00:00:00,fixed,6.5151781931785475,10.821044446447063,0.17515558959248634,2026-01-01T00:00:00
120,2026-01-28 08:00:00,7.699999809265137,ok,,2.2120643307755863,9.134553683441595,2026-01-01T00:00:00,fixed,6.970230473868654,11.576839730751084,0.287255986175073,2026-01-01T00:00:00
120,2026-01-29 08:00:00,9.0,ok,,2.188794912553069,8.924451886951127,2026-01-01T00:00:00,fixed,6.809909784400587,11.310563467081831,0.24593818977426474,2026-01-01T00:00:00
120,2026-01-30 08:00:00,8.5,ok,,2.1880881159455026,8.918146343263984,2026-01-01T00:00:00,fixed,6.805098263850646,11.302572023688858,0.24426536121670162,2026-01-01T00:00:00
120,2026-01-31 08:00:00,8.699999809265137,ok,,2.2041255796870725,9.062323822238152,2026-01-01T00:00:00,fixed,6.915114614119953,11.485297926312139,0.2697208586819013,2026-01-01T00:00:00
120,2026-02-01 08:00:00,9.0,ok,,2.2191031422326697,9.199076901548075,2026-01-01T00:00:00,fixed,7.019465687400007,11.658614383439925,0.30684060518084855,2026-01-01T00:00:00
120,2026-02-02 08:00:00,9.199999809265137,ok,,2.2486912442744957,9.47532682971109,2026-01-01T00:00:00,fixed,7.230261500136464,12.008724663022821,0.3706474004171152,2026-01-01T00:00:00
120,2026-02-03 08:00:00,8.399999618530273,ok,,2.080485268315251,8.008354172060873,2026-01-01T00:00:00,fixed,6.110870462868714,10.149530668925898,0.11288106422842759,2026-01-01T00:00:00
120,2026-02-04 08:00:00,9.800000190734863,ok,,2.1378863936984054,8.48149213548837,2026-01-01T00:00:00,fixed,6.471904046480428,10.749170515923916,0.16644922924418804,2026-01-01T00:00:00
120,2026-02-05 08:00:00,8.899999618530273,ok,,2.243323156114158,9.424598718245077,2026-01-01T00:00:00,fixed,7.191552807771651,11.944433485080515,0.35870984183667853,2026-01-01T00:00:00
120,2026-02-06 08:00:00,6.400000095367432,ok,,2.0144336584437745,7.496480610260011,2026-01-01T00:00:00,fixed,5.720279217485853,9.500798569609513,0.07116032511759529,2026-01-01T00:00:00
120,2026-02-07 08:00:00,7.0,ok,,2.0941842602481815,8.11881542773876,2026-01-01T00:00:00,fixed,6.195159245571201,10.289525713868107,0.12339782903796626,2026-01-01T00:00:00
120,2026-02-08 08:00:00,9.899999618530273,ok,,2.1953366448348524,8.983024636699836,2026-01-01T00:00:00,fixed,6.854604421860195,11.384796687437127,0.2565483192389214,2026-01-01T00:00:00
120,2026-02-09 08:00:00,10.300000190734863,ok,,2.2732313170723257,9.710728614943271,2026-01-01T00:00:00,fixed,7.409887648702732,12.307065319217736,0.43580192967281084,2026-01-01T00:00:00
120,2026-02-10 08:00:00,9.100000381469727,ok,,2.2392609867732207,9.386392055785647,2026-01-01T00:00:00,fixed,7.162398756877816,11.896011589138132,0.34948343569549556,2026-01-01T00:00:00
120,2026-02-11 08:00:00,8.699999809265137,ok,,2.2110314169783876,9.125123348110899,2026-01-01T00:00:00,fixed,6.963034543670117,11.56488802686777,0.28447474403629813,2026-01-01T00:00:00
120,2026-02-12 08:00:00,7.699999809265137,ok,,2.1670102960997895,8.732138468020256,2026-01-01T00:00:00,fixed,6.663162729249364,11.066831621368198,0.1994915793478943,2026-01-01T00:00:00
120,2026-02-13 08:00:00,8.899999618530273,ok,,2.1976801445347443,9.004101038865189,2026-01-01T00:00:00,fixed,6.870687022690354,11.41150824209266,0.2597284696019866,2026-01-01T00:00:00
120,2026-02-14 08:00:00,7.699999809265137,ok,,2.1608828495582313,8.678796348752815,2026-01-01T00:00:00,fixed,6.622459386957704,10.999227533959177,0.19333655281802686,2026-01-01T00:00:00
120,2026-02-15 08:00:00,8.199999809265137,ok,,2.196846800944773,8.996600654613628,2026-01-01T00:00:00,fixed,6.86496376475267,11.402002496173537,0.2585976147867173,2026-01-01T00:00:00
120,2026-02-16 08:00:00,7.800000190734863,ok,,2.1194453663044426,8.326518039283988,2026-01-01T00:00:00,fixed,6.353649208262973,10.552761327653629,0.14776877497015217,2026-01-01T00:00:00
120,2026-02-17 08:00:00,8.0,ok,,2.100677298673468,8.171702722087513,2026-01-01T00:00:00,fixed,6.235515528267133,10.356553370794403,0.13176567333684985,2026-01-01T00:00:00
120,2026-02-18 08:00:00,8.800000190734863,ok,,2.106204920858055,8.216997879266563,2026-01-01T00:00:00,fixed,6.270078539863462,10.413958997102297,0.13744210952913838,2026-01-01T00:00:00
120,2026-02-19 08:00:00,9.5,ok,,2.1998800556521063,9.023931064992444,2026-01-01T00:00:00,fixed,6.885818561373011,11.436640179819182,0.26311270979876755,2026-01-01T00:00:00
120,2026-02-20 08:00:00,7.400000095367432,ok,,2.031470996241474,7.625294893030762,2026-01-01T00:00:00,fixed,5.818572497087001,9.66405365117654,0.08160995917996372,2026-01-01T00:00:00
120,2026-02-21 08:00:00,7.400000095367432,ok,,2.1061431314550902,8.216490171559078,2026-01-01T00:00:00,fixed,6.269691127423056,10.413315544672841,0.13737865663898474,2026-01-01T00:00:00
120,2026-02-22 08:00:00,7.800000190734863,ok,,2.109489735535551,8.244033573818863,2026-01-01T00:00:00,fixed,6.290708450046403,10.448223167382329,0.1405738130703904,2026-01-01T00:00:00
120,2026-02-23 08:00:00,10.399999618530273,ok,,2.1145434713664653,8.28580219657648,2026-01-01T00:00:00,fixed,6.322580497361032,10.501159377316228,0.14422616193697435,2026-01-01T00:00:00
120,2026-02-24 08:00:00,8.0,ok,,2.1644830157363177,8.710097769183026,2026-01-01T00:00:00,fixed,6.646344310306891,11.038897948105662,0.19695292355056015,2026-01-01T00:00:00
120,2026-02-25 08:00:00,9.100000381469727,ok,,2.1894597155788387,8.930386862145056,2026-01-01T00:00:00,fixed,6.8144385382283055,11.318085263877514,0.2475116289712801,2026-01-01T00:00:00
120,2026-02-26 08:00:00,8.699999809265137,ok,,2.1947675485292972,8.977913884959282,2026-01-01T00:00:00,fixed,6.850704601599577,11.378319484953627,0.255776050386993,2026-01-01T00:00:00
120,2026-02-27 08:00:00,8.899999618530273,ok,,2.1771685411965196,8.821293734662843,2026-01-01T00:00:00,fixed,6.731193722113802,11.179824140635406,0.21738764372433195,2026-01-01T00:00:00
120,2026-02-28 08:00:00,8.600000381469727,ok,,2.1451042406956913,8.54293171202634,2026-01-01T00:00:00,fixed,6.518786250420269,10.827037060404862,0.175831413290909,2026-01-01T00:00:00
120,2026-03-01 08:00:00,9.899999618530273,ok,,2.270663074642396,9.685821107637938,2026-01-01T00:00:00,fixed,7.390881677260203,12.275498345049195,0.4304058472461084,2026-01-01T00:00:00
120,2026-03-02 08:00:00,8.199999809265137,ok,,1.9022288274353787,6.700812766251369,2026-01-01T00:00:00,fixed,5.113135349752091,8.492394718888505,0.029268080326407042,2026-01-01T00:00:00
120,2026-03-03 08:00:00,10.199999809265137,ok,,2.1468340052234263,8.557721760227277,2026-01-01T00:00:00,fixed,6.530071973648,10.845781492105202,0.17794292507553622,2026-01-01T00:00:00
120,2026-03-04 11:30:00,2.700000047683716,abstain,outside_training_support,1.4570688291814526,4.293356505260134,2026-01-01T00:00:00,fixed,3.2760970470175623,5.441262035437241,0.010000000000000009,2026-01-01T00:00:00
120,2026-03-04 14:30:00,8.100000381469727,abstain,outside_training_support,1.4614301721666454,4.312122197601946,2026-01-01T00:00:00,fixed,3.290416433071557,5.46504507073447,0.010000000000000009,2026-01-01T00:00:00
120,2026-03-05 08:00:00,6.0,ok,,2.1256498366290795,8.378340271875164,2026-01-01T00:00:00,fixed,6.393192782842397,10.61843915954215,0.15285435076666687,2026-01-01T00:00:00
120,2026-03-06 08:00:00,8.5,ok,,2.1701796689044306,8.759857773410305,2026-01-01T00:00:00,fixed,6.6843142768607615,11.10196217805101,0.20645833657595103,2026-01-01T00:00:00
120,2026-03-07 08:00:00,8.899999618530273,ok,,2.3062484938721477,10.036701193327245,2026-01-01T00:00:00,fixed,7.658624924571635,12.720192487479027,0.5172789365567243,2026-01-01T00:00:00
120,2026-03-08 08:00:00,7.599999904632568,ok,,2.081464961697002,8.016203748102974,2026-01-01T00:00:00,fixed,6.116860175779897,10.159478969296444,0.11350143790049283,2026-01-01T00:00:00
120,2026-03-09 08:00:00,8.399999618530273,ok,,2.23265607851082,9.32460008712287,2026-01-01T00:00:00,fixed,7.115247655911123,11.817698434204978,0.3364477069566638,2026-01-01T00:00:00
120,2026-03-10 08:00:00,8.100000381469727,ok,,2.188105902642186,8.918304969038681,2026-01-01T00:00:00,fixed,6.805219305145826,11.302773060897076,0.24430745832616474,2026-01-01T00:00:00
120,2026-03-10 20:00:00,7.300000190734863,ok,,2.024785005665118,7.574482298784402,2026-01-01T00:00:00,fixed,5.779799339125893,9.59965540247391,0.07761519685892782,2026-01-01T00:00:00
120,2026-03-11 12:30:00,7.199999809265137,ok,,2.060711944516769,7.851557694399332,2026-01-01T00:00:00,fixed,5.99122503467742,9.950811852972755,0.09743967901956974,2026-01-01T00:00:00
120,2026-03-12 08:00:00,8.300000190734863,ok,,2.0973727805194926,8.1447437498324,2026-01-01T00:00:00,fixed,6.214944161950967,10.322386435887783,0.12780769101564016,2026-01-01T00:00:00
120,2026-03-13 08:00:00,8.800000190734863,ok,,2.0952017091135526,8.127080111017214,2026-01-01T00:00:00,fixed,6.201465711025423,10.300000107807412,0.12480500499541525,2026-01-01T00:00:00
120,2026-03-14 08:00:00,9.0,ok,,2.219246013380657,9.200391278116433,2026-01-01T00:00:00,fixed,7.020468638165681,11.660280182055276,0.3071703673527446,2026-01-01T00:00:00
120,2026-03-15 08:00:00,8.800000190734863,ok,,2.2677480392094846,9.657627708255704,2026-01-01T00:00:00,fixed,7.369368366556013,12.239766936879269,0.4221035840805144,2026-01-01T00:00:00
120,2026-03-15 13:00:00,9.100000381469727,ok,,2.188944740005482,8.925789115015768,2026-01-01T00:00:00,fixed,6.810930172273896,11.312258226949067,0.24629279764648804,2026-01-01T00:00:00
120,2026-03-15 20:00:00,8.5,ok,,2.202047583312678,9.043511898515863,2026-01-01T00:00:00,fixed,6.9007599506579735,11.461456298849285,0.26648646186598035,2026-01-01T00:00:00
120,2026-03-16 08:00:00,7.599999904632568,ok,,2.1630298905125946,8.697450097964106,2026-01-01T00:00:00,fixed,6.636693353466669,11.022868696130923,0.19549325772686443,2026-01-01T00:00:00
120,2026-03-16 20:00:00,8.100000381469727,ok,,2.1880838262985605,8.918108087646846,2026-01-01T00:00:00,fixed,6.805069072444298,11.302523539749329,0.24425520858745886,2026-01-01T00:00:00
120,2026-03-17 08:00:00,12.800000190734863,ok,,2.1783596940880896,8.831807504712955,2026-01-01T00:00:00,fixed,6.739216380137191,11.193148954857776,0.21897939250969667,2026-01-01T00:00:00
120,2026-03-17 14:00:00,9.600000381469727,ok,,2.1199012766684513,8.330315050636848,2026-01-01T00:00:00,fixed,6.3565465632031835,10.557573537796703,0.14809826265153536,2026-01-01T00:00:00
120,2026-03-17 20:00:00,8.699999809265137,ok,,2.2406312911572956,9.399263086571263,2026-01-01T00:00:00,fixed,7.172220150907677,11.912323919848358,0.3525511869004586,2026-01-01T00:00:00
120,2026-03-19 08:00:00,8.5,ok,,2.1492010311472156,8.578002102060834,2026-01-01T00:00:00,fixed,6.545547131117923,10.871484145483604,0.180754093064327,2026-01-01T00:00:00
120,2026-03-20 08:00:00,7.400000095367432,ok,,2.2112920198949824,9.127501691757889,2026-01-01T00:00:00,fixed,6.964849367244435,11.56790226315999,0.2851764481040401,2026-01-01T00:00:00
120,2026-03-21 08:00:00,6.800000190734863,ok,,2.02225535485457,7.555345718135967,2026-01-01T00:00:00,fixed,5.765196942312225,9.575402315258152,0.07603776242616356,2026-01-01T00:00:00
120,2026-03-22 08:00:00,8.199999809265137,ok,,2.100798540106831,8.172693531100894,2026-01-01T00:00:00,fixed,6.236271576938824,10.357809090290859,0.1318901788181156,2026-01-01T00:00:00
120,2026-03-23 08:00:00,7.699999809265137,ok,,2.030172718602715,7.615401566713983,2026-01-01T00:00:00,fixed,5.811023276077315,9.651515167399166,0.08087953873659537,2026-01-01T00:00:00
120,2026-03-24 08:00:00,9.199999809265137,ok,,2.1430102909193294,8.525061957791756,2026-01-01T00:00:00,fixed,6.50515052065799,10.804389508267018,0.17327534305226489,2026-01-01T00:00:00
120,2026-03-25 08:00:00,8.300000190734863,ok,,2.0795089840837746,8.00053955742583,2026-01-01T00:00:00,fixed,6.104907427677466,10.139626677518912,0.1122628493410538,2026-01-01T00:00:00
120,2026-03-26 08:00:00,7.5,ok,,2.1234038732431166,8.35954394222476,2026-01-01T00:00:00,fixed,6.378850018623537,10.594617295504772,0.15079772980655104,2026-01-01T00:00:00
120,2026-03-27 08:00:00,7.199999809265137,ok,,2.056606760835143,7.81939167675553,2026-01-01T00:00:00,fixed,5.966680370080369,9.910045676108107,0.0953081254886784,2026-01-01T00:00:00
120,2026-03-28 08:00:00,7.800000190734863,ok,,2.106844475478525,8.222254779084738,2026-01-01T00:00:00,fixed,6.274089880163223,10.420621422961807,0.13809888216542754,2026-01-01T00:00:00
120,2026-03-29 08:00:00,9.0,ok,,2.101091143035664,8.175085235057276,2026-01-01T00:00:00,fixed,6.238096595257066,10.360840259009766,0.1321906591692924,2026-01-01T00:00:00
120,2026-03-30 08:00:00,7.099999904632568,ok,,2.0683372166529264,7.911656803338451,2026-01-01T00:00:00,fixed,6.037084378778616,10.026979531904933,0.10261772594522289,2026-01-01T00:00:00
120,2026-03-31 08:00:00,7.800000190734863,ok,,2.0677611918656824,7.907100805221459,2026-01-01T00:00:00,fixed,6.033607869907525,10.021205406332752,0.102058076426213,2026-01-01T00:00:00
120,2026-04-01 08:00:00,9.899999618530273,ok,,2.1806716575013407,8.852249942515169,2026-01-01T00:00:00,fixed,6.754815226875312,11.21905704345668,0.22407840048499716,2026-01-01T00:00:00
120,2026-04-02 08:00:00,7.099999904632568,ok,,2.473828912618681,11.867800740208947,2026-01-01T00:00:00,fixed,9.055867341078315,15.040869197029393,0.8246124299024387,2026-01-01T00:00:00
120,2026-04-03 08:00:00,9.100000381469727,ok,,2.1531666596712853,8.612086810854414,2026-01-01T00:00:00,fixed,6.571555875952015,10.9146820098399,0.18513984468791622,2026-01-01T00:00:00
120,2026-04-04 08:00:00,8.800000190734863,ok,,2.142231850656749,8.518428288615388,2026-01-01T00:00:00,fixed,6.500088620027804,10.795982209175783,0.17232510632251785,2026-01-01T00:00:00
120,2026-04-04 14:00:00,5.5,ok,,2.3111594162864137,10.08611188090567,2026-01-01T00:00:00,fixed,7.6963283408773755,12.78281400473154,0.5280820736565738,2026-01-01T00:00:00
120,2026-04-05 08:00:00,10.0,ok,,2.172568920388275,8.780812299441617,2026-01-01T00:00:00,fixed,6.700303878648716,11.128519270811667,0.21124112728091227,2026-01-01T00:00:00
120,2026-04-06 08:00:00,9.699999809265137,ok,,2.1426273182531927,8.521797717182162,2026-01-01T00:00:00,fixed,6.502659702807494,10.80025251463936,0.17280785092557838,2026-01-01T00:00:00
120,2026-04-07 08:00:00,8.300000190734863,ok,,2.213989208430828,9.152153515044578,2026-01-01T00:00:00,fixed,6.9836602359375375,11.599145191621632,0.29296397562580523,2026-01-01T00:00:00
120,2026-04-08 08:00:00,9.399999618530273,ok,,2.117338608783269,8.308994550132216,2026-01-01T00:00:00,fixed,6.340277700214846,10.530552620751903,0.1462462154810793,2026-01-01T00:00:00
120,2026-04-09 01:00:00,8.199999809265137,ok,,2.1173772212596345,8.309315387182021,2026-01-01T00:00:00,fixed,6.340522518764192,10.530959239316314,0.14627412082457336,2026-01-01T00:00:00
120,2026-04-09 08:00:00,7.699999809265137,ok,,2.1097117653009776,8.245864197878422,2026-01-01T00:00:00,fixed,6.292105329636619,10.450543241474529,0.14073427459612808,2026-01-01T00:00:00
120,2026-04-10 00:00:00,5.699999809265137,ok,,1.9719363816981188,7.184575107234576,2026-01-01T00:00:00,fixed,5.482275991767647,9.10549956050628,0.053566018500817214,2026-01-01T00:00:00
120,2026-04-10 08:00:00,7.900000095367432,ok,,2.093759097092349,8.115364340239495,2026-01-01T00:00:00,fixed,6.192525851966107,10.285151916498213,0.12280980993327917,2026-01-01T00:00:00
120,2026-04-11 08:00:00,8.199999809265137,ok,,2.1146094040142556,8.286348519464427,2026-01-01T00:00:00,fixed,6.322997375576882,10.501851769384212,0.14427381164394049,2026-01-01T00:00:00
120,2026-04-12 08:00:00,9.199999809265137,ok,,2.1935041788141856,8.966578622273627,2026-01-01T00:00:00,fixed,6.842055093792306,11.36395353736982,0.2540616462168609,2026-01-01T00:00:00
120,2026-04-13 08:00:00,7.400000095367432,ok,,2.099353391049673,8.160891300795017,2026-01-01T00:00:00,fixed,6.227265743902147,10.342851322954703,0.1304061236245141,2026-01-01T00:00:00
120,2026-04-14 08:00:00,7.199999809265137,ok,,1.9931018178830926,7.338260444550932,2026-01-01T00:00:00,fixed,5.599547427096893,9.300275417185851,0.062001569447620586,2026-01-01T00:00:00
120,2026-04-27 13:30:00,14.300000190734863,ok,,1.578593396093717,4.848131612026309,2026-01-01T00:00:00,fixed,3.699424829559906,6.144366173878575,0.010000000000000009,2026-01-01T00:00:00
120,2026-04-27 15:30:00,5.900000095367432,ok,,1.702491927586079,5.487605082157647,2026-01-01T00:00:00,fixed,4.187382711598498,6.954814295629446,0.012380393524666466,2026-01-01T00:00:00
120,2026-04-27 20:00:00,1.2000000476837158,ok,,1.8353575622070155,6.267374721176736,2026-01-01T00:00:00,fixed,4.782395263808999,7.94306927235519,0.01989544841728097,2026-01-01T00:00:00
120,2026-04-28 04:00:00,0.5,abstain,outside_training_support,1.434758630026063,4.198631462906301,2026-01-01T00:00:00,fixed,3.20381597015991,5.321210561460268,0.010000000000000009,2026-01-01T00:00:00
120,2026-04-28 08:00:00,0.8999999761581421,abstain,outside_training_support,1.454901458083006,4.2840612851896624,2026-01-01T00:00:00,fixed,3.2690042181348584,5.42948157229179,0.010000000000000009,2026-01-01T00:00:00
120,2026-04-28 20:00:00,3.4000000953674316,abstain,outside_training_support,1.9462402042959859,7.002310768004276,2026-01-01T00:00:00,fixed,5.343197007109043,8.874503595402329,0.042525390731759205,2026-01-01T00:00:00
120,2026-04-29 04:00:00,7.199999809265137,abstain,outside_training_support,1.6283466679546093,5.0954432908043525,2026-01-01T00:00:00,fixed,3.8881389648862035,6.457801046339436,0.010000000000000009,2026-01-01T00:00:00
120,2026-04-29 08:00:00,8.100000381469727,abstain,outside_training_support,2.0597085146545404,7.843683158376779,2026-01-01T00:00:00,fixed,5.9852162757545315,9.94083191912526,0.09691866348610934,2026-01-01T00:00:00
120,2026-04-29 18:00:00,11.5,ok,,1.9952536630509365,7.354068246700501,2026-01-01T00:00:00,fixed,5.611609759651524,9.320309717527502,0.06288551519195773,2026-01-01T00:00:00
120,2026-04-30 08:00:00,7.0,ok,,1.9033566458788336,6.70837432970914,2026-01-01T00:00:00,fixed,5.118905291215022,8.501978001367121,0.029428834889649758,2026-01-01T00:00:00
120,2026-04-30 14:00:00,11.5,ok,,2.2425144066559657,9.416979660507714,2026-01-01T00:00:00,fixed,7.185738994610817,11.934777336199952,0.3568595228486614,2026-01-01T00:00:00
120,2026-04-30 18:00:00,5.099999904632568,ok,,2.0264991229142058,7.587476983570579,2026-01-01T00:00:00,fixed,5.789715088820278,9.616124448289899,0.07868408255620707,2026-01-01T00:00:00
120,2026-05-01 08:00:00,7.900000095367432,ok,,1.9915809387017354,7.327108319680349,2026-01-01T00:00:00,fixed,5.591037664790473,9.286141572582356,0.061376815073978186,2026-01-01T00:00:00
120,2026-05-02 08:00:00,7.599999904632568,ok,,1.9862653052421566,7.288263431594308,2026-01-01T00:00:00,fixed,5.5613966081965245,9.23691080999499,0.059224439805869666,2026-01-01T00:00:00
120,2026-05-03 08:00:00,7.699999809265137,ok,,2.190474676288791,8.939455455289176,2026-01-01T00:00:00,fixed,6.821358436723494,11.329578507340868,0.2499138126295447,2026-01-01T00:00:00
120,2026-05-04 08:00:00,13.899999618530273,ok,,2.123231602868288,8.358103964492749,2026-01-01T00:00:00,fixed,6.377751226387245,10.592792314011744,0.15063998241587928,2026-01-01T00:00:00
120,2026-05-04 12:00:00,20.299999237060547,ok,,2.1444879196469353,8.537668145584142,2026-01-01T00:00:00,fixed,6.514769823073288,10.82036618548035,0.17507907438194426,2026-01-01T00:00:00
120,2026-05-04 14:30:00,9.5,ok,,2.056283417660687,7.816863738546262,2026-01-01T00:00:00,fixed,5.964751396585558,9.906841848476002,0.09514023451505749,2026-01-01T00:00:00
120,2026-05-04 22:01:00,9.699999809265137,ok,,2.1300057369357264,8.41491508712865,2026-01-01T00:00:00,fixed,6.4211016332023325,10.664792904787413,0.15684303371974384,2026-01-01T00:00:00
120,2026-05-05 08:00:00,4.900000095367432,ok,,2.090795423499686,8.091348654155016,2026-01-01T00:00:00,fixed,6.174200395375892,10.254715207879595,0.11940978938924951,2026-01-01T00:00:00
120,2026-05-07 07:30:00,7.800000190734863,ok,,2.165073459724536,8.715242112621507,2026-01-01T00:00:00,fixed,6.650269763114503,11.045417723627391,0.1975460251610328,2026-01-01T00:00:00
120,2026-05-08 08:00:00,4.0,ok,,2.138853725131094,8.489700518900703,2026-01-01T00:00:00,fixed,6.478167551648234,10.759573557222518,0.1678565107419906,2026-01-01T00:00:00
120,2026-05-08 21:50:00,8.399999618530273,ok,,2.3977611287185883,10.998524514088457,2026-01-01T00:00:00,fixed,8.392555716724083,13.93917644877927,0.7083554279079163,2026-01-01T00:00:00
120,2026-05-09 08:00:00,4.099999904632568,ok,,2.137527792802023,8.4784512100778,2026-01-01T00:00:00,fixed,6.469583631964288,10.74531654480159,0.16592753379470648,2026-01-01T00:00:00
120,2026-05-09 16:30:00,3.9000000953674316,ok,,2.22454353655951,9.249259891185664,2026-01-01T00:00:00,fixed,7.057758418031808,11.72221469149848,0.3198452358901338,2026-01-01T00:00:00
120,2026-05-09 20:00:00,3.200000047683716,ok,,1.6725950866203332,5.32597123556916,2026-01-01T00:00:00,fixed,4.064046071173259,6.749964753783553,0.010689388912267339,2026-01-01T00:00:00
120,2026-05-10 08:00:00,6.099999904632568,ok,,1.8241234944651867,6.1973606169290205,2026-01-01T00:00:00,fixed,4.7289701639146635,7.854335647061903,0.01926003478313798,2026-01-01T00:00:00
120,2026-05-11 08:00:00,9.0,ok,,1.9250670306027113,6.855608186046713,2026-01-01T00:00:00,fixed,5.231253846797947,8.688577458421086,0.0353249784315095,2026-01-01T00:00:00
120,2026-05-12 08:00:00,9.899999618530273,ok,,2.0425183775931552,7.71000146503828,2026-01-01T00:00:00,fixed,5.8832088602860075,9.771408037855549,0.08782529628818736,2026-01-01T00:00:00
120,2026-05-12 16:00:00,9.5,ok,,1.8846467025920162,6.584027911065518,2026-01-01T00:00:00,fixed,5.024021268789565,8.344385347186371,0.026761997174037377,2026-01-01T00:00:00
120,2026-05-13 08:00:00,4.599999904632568,ok,,1.948182445552625,7.0159241608368195,2026-01-01T00:00:00,fixed,5.353584869380425,8.891756771909442,0.043396481325396086,2026-01-01T00:00:00
120,2026-05-14 01:00:00,6.699999809265137,ok,,1.779926829625846,5.92942254465187,2026-01-01T00:00:00,fixed,4.524516812254885,7.514759546464694,0.016760213341079466,2026-01-01T00:00:00
120,2026-05-14 08:00:00,12.0,ok,,2.128287416212875,8.40046798008985,2026-01-01T00:00:00,fixed,6.410077595331316,10.646483105692974,0.15526957333436797,2026-01-01T00:00:00
120,2026-05-15 08:00:00,11.899999618530273,ok,,2.2246898420838557,9.250613208000303,2026-01-01T00:00:00,fixed,7.0587910826182885,11.723929841730332,0.32018030866846914,2026-01-01T00:00:00
120,2026-05-15 13:00:00,7.099999904632568,ok,,2.120190166954464,8.33272194538192,2026-01-01T00:00:00,fixed,6.358383173034476,10.560623958832926,0.14830704446047593,2026-01-01T00:00:00
120,2026-05-16 08:00:00,9.699999809265137,ok,,2.1719657099877674,8.775517219321946,2026-01-01T00:00:00,fixed,6.69626340441311,11.121808456465253,0.2104350515629061,2026-01-01T00:00:00
120,2026-05-18 09:00:00,5.0,abstain,outside_training_support,1.507028462575155,4.513299410160387,2026-01-01T00:00:00,fixed,3.443927111996647,5.720010603586956,0.010000000000000009,2026-01-01T00:00:00
120,2026-05-19 09:30:00,9.0,ok,,1.876520168543316,6.530739402773738,2026-01-01T00:00:00,fixed,4.983358834994287,8.276849204604712,0.025603674715970248,2026-01-01T00:00:00
120,2026-05-20 08:00:00,11.0,ok,,2.2767975530387914,9.7454211887743,2026-01-01T00:00:00,fixed,7.436360232226142,12.351033572184177,0.4446429224420311,2026-01-01T00:00:00
120,2026-05-20 14:30:00,6.0,ok,,1.922047184867544,6.834936535211944,2026-01-01T00:00:00,fixed,5.215480096313031,8.662378872592205,0.0344166342768939,2026-01-01T00:00:00
120,2026-05-21 08:00:00,10.0,ok,,2.1821938353197887,8.865734901670127,2026-01-01T00:00:00,fixed,6.765105086292434,11.236147447249005,0.22808821870399965,2026-01-01T00:00:00
120,2026-05-22 08:00:00,10.899999618530273,ok,,2.237149831343802,9.366596825990092,2026-01-01T00:00:00,fixed,7.147293769952364,11.870923751163962,0.3452103817989923,2026-01-01T00:00:00
120,2026-05-22 10:00:00,9.100000381469727,ok,,2.213139871435248,9.14438355260039,2026-01-01T00:00:00,fixed,6.977731273134737,11.5892977909661,0.2901847283803607,2026-01-01T00:00:00
120,2026-05-23 07:35:00,10.800000190734863,ok,,2.2709443229266246,9.688545611318839,2026-01-01T00:00:00,fixed,7.392960642389852,12.278951293441935,0.4309967723497433,2026-01-01T00:00:00
120,2026-05-24 08:00:00,9.5,ok,,2.204533794613494,9.066023953263432,2026-01-01T00:00:00,fixed,6.917938043367127,11.489987353442016,0.2704519087169589,2026-01-01T00:00:00
120,2026-05-25 03:00:00,11.300000190734863,ok,,2.1196324895460217,8.32807627011662,2026-01-01T00:00:00,fixed,6.3548382349424735,10.554736179325431,0.14790400945453352,2026-01-01T00:00:00
120,2026-05-25 08:00:00,8.199999809265137,ok,,2.1430768108873566,8.525629063502336,2026-01-01T00:00:00,fixed,6.505583257455296,10.805108239816397,0.1733565435244392,2026-01-01T00:00:00
120,2026-05-25 12:00:00,10.100000381469727,ok,,2.1713339538987175,8.769974983738948,2026-01-01T00:00:00,fixed,6.692034335244247,11.114784405228821,0.20925747899969338,2026-01-01T00:00:00
120,2026-05-26 08:00:00,9.399999618530273,ok,,2.213753415096402,9.149995752653082,2026-01-01T00:00:00,fixed,6.982013729529256,11.596410512922587,0.29219239970410726,2026-01-01T00:00:00
120,2026-05-27 03:00:00,10.699999809265137,ok,,2.1335597444690975,8.444874966023441,2026-01-01T00:00:00,fixed,6.443962877232726,10.702763092312443,0.16015478537300798,2026-01-01T00:00:00
120,2026-05-27 08:00:00,6.0,ok,,2.015413010139014,7.503825897476654,2026-01-01T00:00:00,fixed,5.725884126775463,9.51010775053179,0.07177102722692008,2026-01-01T00:00:00
120,2026-05-28 08:00:00,8.699999809265137,ok,,2.196654196683397,8.994868037849692,2026-01-01T00:00:00,fixed,6.863641670801936,11.399806633377606,0.25833624905589525,2026-01-01T00:00:00
120,2026-05-29 08:00:00,8.100000381469727,ok,,2.0986864708613884,8.155450452139693,2026-01-01T00:00:00,fixed,6.2231140392414375,10.33595576625157,0.1296245817976397,2026-01-01T00:00:00
120,2026-05-30 08:00:00,9.199999809265137,ok,,2.2293644230320195,9.293957176778308,2026-01-01T00:00:00,fixed,7.0918652165611995,11.778862594574868,0.3303560520489316,2026-01-01T00:00:00
120,2026-05-31 08:00:00,9.100000381469727,ok,,2.2168626782866268,9.178489772385332,2026-01-01T00:00:00,fixed,7.003756432188147,11.63252291766143,0.3016693703492571,2026-01-01T00:00:00
120,2026-06-01 08:00:00,10.0,ok,,2.225911725990099,9.261923291799565,2026-01-01T00:00:00,fixed,7.067421377375057,11.738263878402837,0.32285724387481174,2026-01-01T00:00:00
120,2026-06-02 08:00:00,8.899999618530273,ok,,2.1990440173232324,9.016389865550133,2026-01-01T00:00:00,fixed,6.880064158915713,11.427082706039208,0.26181141796678076,2026-01-01T00:00:00
120,2026-06-03 08:00:00,9.300000190734863,ok,,2.2254060668156983,9.257241099211056,2026-01-01T00:00:00,fixed,7.063848574302685,11.732329818013664,0.3217494325357416,2026-01-01T00:00:00
120,2026-06-03 18:00:00,9.0,ok,,2.187456304213043,8.912513533397577,2026-01-01T00:00:00,fixed,6.800800080891196,11.295433181516918,0.2427700049886894,2026-01-01T00:00:00
120,2026-06-04 08:00:00,8.699999809265137,ok,,2.239725446843056,9.390752672683202,2026-01-01T00:00:00,fixed,7.165726177771877,11.901538094832842,0.35047872686002535,2026-01-01T00:00:00
120,2026-06-05 08:00:00,8.5,ok,,2.1466465348294195,8.556117591128892,2026-01-01T00:00:00,fixed,6.528847893225212,10.843748419751957,0.1777140812416692,2026-01-01T00:00:00
120,2026-06-06 08:00:00,10.5,ok,,2.2069869872034698,9.088291958731434,2026-01-01T00:00:00,fixed,6.934929911353704,11.518209107822182,0.27529567216947426,2026-01-01T00:00:00
120,2026-06-07 08:00:00,9.399999618530273,ok,,2.1765206773051538,8.815580587847618,2026-01-01T00:00:00,fixed,6.7268342370844065,11.172583481996767,0.2165218971275168,2026-01-01T00:00:00
120,2026-06-07 14:15:00,10.800000190734863,ok,,2.217787727556743,9.186984255952218,2026-01-01T00:00:00,fixed,7.010238249501784,11.643288553099929,0.3038044848263328,2026-01-01T00:00:00
120,2026-06-08 08:00:00,9.699999809265137,ok,,2.232942547133378,9.327271675110529,2026-01-01T00:00:00,fixed,7.11728624308796,11.821084318948946,0.336977855996184,2026-01-01T00:00:00
120,2026-06-08 15:00:00,7.599999904632568,ok,,2.085092724379867,8.045337446038122,2026-01-01T00:00:00,fixed,6.139090992544613,10.196402081628763,0.11579865506952902,2026-01-01T00:00:00
120,2026-06-08 20:00:00,6.699999809265137,ok,,2.302489999806031,9.99904911333199,2026-01-01T00:00:00,fixed,7.629894054462108,12.672473451526058,0.507820370653264,2026-01-01T00:00:00
120,2026-06-09 08:00:00,5.599999904632568,ok,,2.2021752366344116,9.04466640653667,2026-01-01T00:00:00,fixed,6.9016409118157735,11.462919485206049,0.2666851539823115,2026-01-01T00:00:00
120,2026-06-09 15:00:00,6.800000190734863,ok,,2.071600122638691,7.937513957470076,2026-01-01T00:00:00,fixed,6.056814989593513,10.059750057937066,0.10578787383806787,2026-01-01T00:00:00
120,2026-06-10 08:00:00,10.399999618530273,ok,,2.0997243389743163,8.163919128034683,2026-01-01T00:00:00,fixed,6.229576163702273,10.346688693876235,0.13078705816645353,2026-01-01T00:00:00
120,2026-06-10 12:30:00,9.800000190734863,ok,,2.131142266717441,8.424484325567962,2026-01-01T00:00:00,fixed,6.428403555079732,10.676920650005888,0.15788375013813216,2026-01-01T00:00:00
120,2026-06-11 08:00:00,9.699999809265137,ok,,2.305880378686354,10.03300721114989,2026-01-01T00:00:00,fixed,7.655806187276434,12.715510853201371,0.5163364569283246,2026-01-01T00:00:00
120,2026-06-12 08:00:00,9.699999809265137,ok,,2.243934570514316,9.430362815563614,2026-01-01T00:00:00,fixed,7.195951171192169,11.95173871674937,0.36010547673858784,2026-01-01T00:00:00
120,2026-06-13 08:00:00,8.600000381469727,ok,,2.14563735434445,8.5474872797322,2026-01-01T00:00:00,fixed,6.522262430860997,10.83281064048781,0.1764821814930837,2026-01-01T00:00:00
120,2026-06-14 08:00:00,9.399999618530273,ok,,2.167472002231674,8.736171080764786,2026-01-01T00:00:00,fixed,6.66623986265022,11.071942425142248,0.19995536364555855,2026-01-01T00:00:00
120,2026-06-15 08:00:00,9.800000190734863,ok,,2.2010478160296127,9.034475009341508,2026-01-01T00:00:00,fixed,6.89386424425622,11.450003235978166,0.26493032627457413,2026-01-01T00:00:00
120,2026-06-16 02:00:00,8.300000190734863,ok,,2.0896225914049817,8.08186442355616,2026-01-01T00:00:00,fixed,6.166963339748184,10.242695198865746,0.11866711401054386,2026-01-01T00:00:00
120,2026-06-17 07:00:00,2.0999999046325684,ok,,1.9700758848985496,7.171220655051219,2026-01-01T00:00:00,fixed,5.472085717256591,9.08857455705494,0.052831317481839,2026-01-01T00:00:00
120,2026-06-17 08:00:00,0.30000001192092896,ok,,1.4458569556040992,4.245488779781643,2026-01-01T00:00:00,fixed,3.23957100640216,5.380596018755482,0.010000000000000009,2026-01-01T00:00:00
120,2026-06-17 12:00:00,0.10000000149011612,ok,,1.568591399216868,4.7998823116972975,2026-01-01T00:00:00,fixed,3.6626076236896563,6.083216561496048,0.010000000000000009,2026-01-01T00:00:00
120,2026-06-17 20:00:00,2.700000047683716,abstain,outside_training_support,1.8121753334051887,6.1237541606886845,2026-01-01T00:00:00,fixed,4.672803876853491,7.761049190320444,0.018584231092530934,2026-01-01T00:00:00
120,2026-07-02 10:00:00,4.099999904632568,abstain,outside_training_support,1.1475268273753967,3.1503918041589687,2026-01-01T00:00:00,fixed,2.4039441574228597,3.9927053110359374,0.010000000000000009,2026-01-01T00:00:00
120,2026-07-02 18:00:00,1.100000023841858,abstain,outside_training_support,1.52386565040097,4.58993402532204,2026-01-01T00:00:00,fixed,3.5024040719515956,5.817134851612611,0.010000000000000009,2026-01-01T00:00:00
120,2026-07-03 11:00:00,2.299999952316284,abstain,outside_training_support,1.4632430750338006,4.31994674672825,2026-01-01T00:00:00,fixed,3.2963870488952187,5.474961652796363,0.010000000000000009,2026-01-01T00:00:00
120,2026-07-03 16:00:00,16.100000381469727,abstain,outside_training_support,1.246640942925368,3.4786383654594712,2026-01-01T00:00:00,fixed,2.654416623162131,4.4087144521540775,0.010000000000000009,2026-01-01T00:00:00
120,2026-07-03 19:00:00,13.800000190734863,ok,,1.727791153524444,5.628208320179898,2026-01-01T00:00:00,fixed,4.294671694547258,7.133010320155405,0.013811350989400673,2026-01-01T00:00:00
120,2026-07-03 22:00:00,7.099999904632568,ok,,1.9238267756288223,6.8471107544750724,2026-01-01T00:00:00,fixed,5.22476977997401,8.67780808677612,0.034951920184644214,2026-01-01T00:00:00
120,2026-07-04 02:00:00,3.700000047683716,ok,,1.7163425690777054,5.5641407432519,2026-01-01T00:00:00,fixed,4.245784163468433,7.051813132450713,0.01316380400853212,2026-01-01T00:00:00
120,2026-07-04 08:00:00,3.200000047683716,ok,,1.4121635513172164,4.104826807188312,2026-01-01T00:00:00,fixed,3.1322372053362373,5.202325555922013,0.010000000000000009,2026-01-01T00:00:00
120,2026-07-05 08:00:00,4.800000190734863,ok,,1.3811951739757018,3.9796551665631523,2026-01-01T00:00:00,fixed,3.0367234874048212,5.043687041926585,0.010000000000000009,2026-01-01T00:00:00
120,2026-07-06 08:00:00,6.5,ok,,1.653420282826132,5.224819662107921,2026-01-01T00:00:00,fixed,3.986861152867141,6.6217685008460085,0.010000000000000009,2026-01-01T00:00:00
120,2026-07-07 08:00:00,5.699999809265137,ok,,1.7291163162204934,5.635671555799958,2026-01-01T00:00:00,fixed,4.30036660577723,7.142468985093014,0.013886303932882704,2026-01-01T00:00:00
120,2026-07-08 08:00:00,5.300000190734863,ok,,1.8367950134810822,6.276390245090541,2026-01-01T00:00:00,fixed,4.789274667193075,7.95449525758182,0.019976752550293853,2026-01-01T00:00:00
120,2026-07-09 08:00:00,9.600000381469727,ok,,1.94415700031193,6.987738709869463,2026-01-01T00:00:00,fixed,5.332077623809299,8.85603543730505,0.04159107868945511,2026-01-01T00:00:00
120,2026-07-10 08:00:00,8.0,ok,,1.995603956232972,7.356644777911855,2026-01-01T00:00:00,fixed,5.613575812617946,9.323575130368544,0.06302941038114596,2026-01-01T00:00:00
120,2026-07-11 08:00:00,8.100000381469727,ok,,2.065596878981551,7.8900058711387135,2026-01-01T00:00:00,fixed,6.020563375932047,9.99953983635067,0.09997610616001207,2026-01-01T00:00:00
120,2026-07-12 08:00:00,11.600000381469727,ok,,2.104255495997984,8.20099506253785,2026-01-01T00:00:00,fixed,6.257867399101062,10.393677541551302,0.1354402024775474,2026-01-01T00:00:00
120,2026-07-12 12:00:00,6.800000190734863,ok,,1.9736391208194124,7.196818985446506,2026-01-01T00:00:00,fixed,5.491618829522909,9.12101705820289,0.05423842178995908,2026-01-01T00:00:00
120,2026-07-13 08:00:00,7.900000095367432,ok,,2.1685655872298577,8.745730052221514,2026-01-01T00:00:00,fixed,6.673533950183725,11.084057158317004,0.2025441866796569,2026-01-01T00:00:00
120,2026-07-14 08:00:00,8.899999618530273,ok,,2.208543286705306,9.102447074922432,2026-01-01T00:00:00,fixed,6.945731142114929,11.536148847101444,0.27836854409928746,2026-01-01T00:00:00
120,2026-07-15 08:00:00,10.300000190734863,ok,,2.166394961653053,8.726766935241276,2026-01-01T00:00:00,fixed,6.659063916897392,11.060023913378759,0.19887347524552212,2026-01-01T00:00:00
120,2026-07-16 08:00:00,11.0,ok,,2.1537679671786245,8.617266880558958,2026-01-01T00:00:00,fixed,6.575508590114375,10.921247063682907,0.18580485538182834,2026-01-01T00:00:00
120,2026-07-17 08:00:00,9.100000381469727,ok,,2.2544171453912023,9.529737239842587,2026-01-01T00:00:00,fixed,7.271780014552963,12.077682667935377,0.38486930139848485,2026-01-01T00:00:00
120,2026-07-18 03:00:00,10.300000190734863,ok,,2.130432023464105,8.418503016756445,2026-01-01T00:00:00,fixed,6.423839445830779,10.669340131472554,0.1572333828299557,2026-01-01T00:00:00
120,2026-07-18 08:00:00,12.399999618530273,ok,,2.3229379051098396,10.205613429230239,2026-01-01T00:00:00,fixed,7.787515427041893,12.934266425996297,0.5538296833609248,2026-01-01T00:00:00
120,2026-07-18 20:00:00,10.399999618530273,ok,,2.1803632759835816,8.849520493119815,2026-01-01T00:00:00,fixed,6.752732487859081,11.215597827024412,0.22326604215647095,2026-01-01T00:00:00
120,2026-07-19 08:00:00,9.100000381469727,ok,,2.2168144322654753,9.17804695745575,2026-01-01T00:00:00,fixed,7.003418536958295,11.631961708252867,0.3015580132772073,2026-01-01T00:00:00
120,2026-07-20 08:00:00,10.199999809265137,ok,,2.1609711872145807,8.679563047145868,2026-01-01T00:00:00,fixed,6.623044425339296,11.000199222858908,0.19342528808723392,2026-01-01T00:00:00
120,2026-07-21 08:00:00,8.100000381469727,ok,,2.0431075809033516,7.714545561990122,2026-01-01T00:00:00,fixed,5.886676287830646,9.777167080273552,0.08815678635642821,2026-01-01T00:00:00
120,2026-07-23 08:00:00,6.400000095367432,ok,,2.298747784756385,9.9617004482127,2026-01-01T00:00:00,fixed,7.6013947087037375,12.625138953834362,0.49853418916946235,2026-01-01T00:00:00
120,2026-07-24 08:00:00,8.800000190734863,ok,,2.347223409770834,10.45649597590467,2026-01-01T00:00:00,fixed,7.978954355838361,13.25222690165232,0.6129130575223924,2026-01-01T00:00:00
120,2026-07-25 08:00:00,7.400000095367432,ok,,2.157688241267323,8.651115232685111,2026-01-01T00:00:00,fixed,6.601336980165619,10.964145377196004,0.1901275654119815,2026-01-01T00:00:00
120,2026-07-26 08:00:00,9.899999618530273,ok,,1.901152212936452,6.693602456131294,2026-01-01T00:00:00,fixed,5.1076334363508815,8.483256603599912,0.029114624161046265,2026-01-01T00:00:00
120,2026-07-27 08:00:00,10.800000190734863,ok,,2.2871172994337563,9.846512183511711,2026-01-01T00:00:00,fixed,7.51349892521228,12.479153049594295,0.46994691519745435,2026-01-01T00:00:00
120,2026-07-28 08:00:00,9.300000190734863,ok,,2.020619858938397,7.5429990802587055,2026-01-01T00:00:00,fixed,5.7557756925649155,9.559754583264658,0.07501790325743585,2026-01-01T00:00:00
120,2026-07-29 08:00:00,8.0,ok,,2.147399342866088,8.562561130283898,2026-01-01T00:00:00,fixed,6.533764712867884,10.851914754165378,0.17863302888772203,2026-01-01T00:00:00
120,2026-07-30 08:00:00,8.5,ok,,2.173974719581506,8.793165038989365,2026-01-01T00:00:00,fixed,6.70972978434869,11.144174735866212,0.21311970993317153,2026-01-01T00:00:00
120,2026-07-31 08:00:00,8.600000381469727,ok,,2.2343978845937555,9.340855885389857,2026-01-01T00:00:00,fixed,7.127651837262973,11.838300510426116,0.33967115535269654,2026-01-01T00:00:00
120,2026-08-01 08:00:00,8.399999618530273,ok,,2.2261132681113724,9.263790147585583,2026-01-01T00:00:00,fixed,7.068845904017624,11.740629871420573,0.32329878762315045,2026-01-01T00:00:00
120,2026-08-02 08:00:00,10.600000381469727,ok,,2.222499342179567,9.23037191801908,2026-01-01T00:00:00,fixed,7.0433457241315045,11.698276681414349,0.3149022841285304,2026-01-01T00:00:00
120,2026-08-03 08:00:00,9.600000381469727,ok,,2.2363761376168925,9.359352751492192,2026-01-01T00:00:00,fixed,7.1417660922387,11.861742843988187,0.3436443980971764,2026-01-01T00:00:00
120,2026-08-04 08:00:00,8.0,ok,,2.216231296639036,9.172696471474842,2026-01-01T00:00:00,fixed,6.999335784617396,11.625180674298806,0.30021207273292405,2026-01-01T00:00:00
120,2026-08-05 08:00:00,7.800000190734863,ok,,2.15606207143472,8.637058482504562,2026-01-01T00:00:00,fixed,6.5906108087655175,10.946330303836657,0.18834199959611486,2026-01-01T00:00:00
120,2026-08-06 08:00:00,9.300000190734863,ok,,2.1304266698036822,8.418457947070666,2026-01-01T00:00:00,fixed,6.423805054867833,10.669283011601452,0.1572284805014903,2026-01-01T00:00:00
120,2026-08-07 08:00:00,9.699999809265137,abstain,no_control_telemetry|too_many_missing_features,2.165218138172578,8.716503111542158,2026-01-01T00:00:00,fixed,6.651231983427485,11.047015873127732,0.1976913548150675,2026-01-01T00:00:00
120,2026-08-07 11:00:00,8.800000190734863,abstain,no_control_telemetry|too_many_missing_features,2.1872404137939725,8.91058961480115,2026-01-01T00:00:00,fixed,6.799332011788448,11.292994868927414,0.24225904093699602,2026-01-01T00:00:00
120,2026-08-08 08:00:00,6.699999809265137,abstain,no_control_telemetry|too_many_missing_features,2.155645128558416,8.633458073132742,2026-01-01T00:00:00,fixed,6.587863473319084,10.941767260725069,0.18788088532744496,2026-01-01T00:00:00
120,2026-08-09 08:00:00,7.300000190734863,abstain,no_control_telemetry|too_many_missing_features,2.104656852806459,8.204287248368876,2026-01-01T00:00:00,fixed,6.260379540887108,10.397849952054372,0.13585236456778638,2026-01-01T00:00:00
180,2026-01-01 07:00:00,8.899999618530273,ok,,2.206918944025283,9.08767358350062,2026-01-01T00:00:00,fixed,6.866273614618293,11.519328857936548,0.2826326598325072,2026-01-01T00:00:00
180,2026-01-02 07:00:00,9.100000381469727,ok,,2.301431835500978,9.988474072527895,2026-01-01T00:00:00,fixed,7.5468815362180335,12.66116312092491,0.5293184352957176,2026-01-01T00:00:00
180,2026-01-03 07:00:00,10.600000381469727,ok,,2.2148463869813613,9.160001907985352,2026-01-01T00:00:00,fixed,6.920921931531955,11.611010601105212,0.30159788532694665,2026-01-01T00:00:00
180,2026-01-03 11:58:15,8.699999809265137,ok,,2.2763936439687287,9.741485719603922,2026-01-01T00:00:00,fixed,7.360267261924673,12.348086288304412,0.4591189474631725,2026-01-01T00:00:00
180,2026-01-04 07:00:00,8.100000381469727,ok,,2.172167595081064,8.777289044281,2026-01-01T00:00:00,fixed,6.631759780857969,11.125892457868066,0.22614094523655082,2026-01-01T00:00:00
180,2026-01-04 15:00:00,6.800000190734863,ok,,2.1751710295534963,8.803690684723021,2026-01-01T00:00:00,fixed,6.651707778052633,11.159358578305403,0.22955218425139534,2026-01-01T00:00:00
180,2026-01-05 07:00:00,7.900000095367432,ok,,2.041767016517751,7.704210645816649,2026-01-01T00:00:00,fixed,5.820985733342674,9.765682625430715,0.08104248742681719,2026-01-01T00:00:00
180,2026-01-05 19:00:00,8.600000381469727,ok,,2.0257672715643116,7.581926109752867,2026-01-01T00:00:00,fixed,5.728592550892216,9.610677521845526,0.07143593788252445,2026-01-01T00:00:00
180,2026-01-06 07:00:00,10.5,ok,,2.195847864959414,8.987618113712456,2026-01-01T00:00:00,fixed,6.790675803375156,11.392500814440597,0.2635280498695248,2026-01-01T00:00:00
180,2026-01-06 13:00:00,8.899999618530273,ok,,2.185051008400207,8.891102062697174,2026-01-01T00:00:00,fixed,6.717752231859936,11.270159257880625,0.2438239713787117,2026-01-01T00:00:00
180,2026-01-07 07:00:00,7.099999904632568,ok,,2.1688908390214383,8.748575079239666,2026-01-01T00:00:00,fixed,6.610064685988768,11.089495287229482,0.22241927319232246,2026-01-01T00:00:00
180,2026-01-08 07:00:00,8.199999809265137,ok,,2.1152716190639813,8.291837681463536,2026-01-01T00:00:00,fixed,6.264972631972494,10.51054532403387,0.13736573563579202,2026-01-01T00:00:00
180,2026-01-09 15:00:00,13.0,abstain,outside_training_support,1.1272863677651215,3.0872674144524743,2026-01-01T00:00:00,fixed,2.332612697226771,3.9133501322095663,0.010000000000000009,2026-01-01T00:00:00
180,2026-01-09 18:00:00,2.0,abstain,outside_training_support,1.335322821608435,3.8012228652500393,2026-01-01T00:00:00,fixed,2.8720481675681113,4.818343863782993,0.010000000000000009,2026-01-01T00:00:00
180,2026-01-10 07:00:00,6.599999904632568,ok,,1.768878274188072,5.864271565804227,2026-01-01T00:00:00,fixed,4.430803191957001,7.433417591207516,0.01593957276849378,2026-01-01T00:00:00
180,2026-01-11 07:00:00,8.800000190734863,ok,,1.9746768833682768,7.204291451312548,2026-01-01T00:00:00,fixed,5.443267283937002,9.131996396389333,0.047335155327692724,2026-01-01T00:00:00
180,2026-01-12 07:00:00,12.0,ok,,2.147501670801637,8.563437364318219,2026-01-01T00:00:00,fixed,6.470182218231141,10.854818920105219,0.18648255847859374,2026-01-01T00:00:00
180,2026-01-12 13:00:00,9.800000190734863,ok,,2.128186795019209,8.399622757498706,2026-01-01T00:00:00,fixed,6.34641061682415,10.647171241043155,0.15704929209139862,2026-01-01T00:00:00
180,2026-01-13 07:00:00,9.0,ok,,2.0814493268217005,8.016078416736754,2026-01-01T00:00:00,fixed,6.056620236171469,10.160999136351924,0.11155320824873138,2026-01-01T00:00:00
180,2026-01-13 19:00:00,11.100000381469727,ok,,2.064309255459353,7.879853051895952,2026-01-01T00:00:00,fixed,5.953693934995075,9.988322954491405,0.09921297426153586,2026-01-01T00:00:00
180,2026-01-14 07:00:00,8.899999618530273,ok,,2.0867163009499192,8.058410276912962,2026-01-01T00:00:00,fixed,6.08860445434512,10.214658041907606,0.11514900103715231,2026-01-01T00:00:00
180,2026-01-15 07:00:00,9.5,ok,,2.1531182725331814,8.611670106702176,2026-01-01T00:00:00,fixed,6.506624901096967,10.915957650071237,0.19457798956496364,2026-01-01T00:00:00
180,2026-01-16 07:00:00,9.399999618530273,ok,,2.1535631869439853,8.61550241529518,2026-01-01T00:00:00,fixed,6.509520436366081,10.920815397498263,0.1950917140984234,2026-01-01T00:00:00
180,2026-01-17 07:00:00,9.899999618530273,ok,,2.2593807353751902,9.577156535770847,2026-01-01T00:00:00,fixed,7.236106867221086,12.139786343094418,0.41428072737548227,2026-01-01T00:00:00
180,2026-01-18 07:00:00,9.199999809265137,ok,,2.197576217653062,9.003165319345916,2026-01-01T00:00:00,fixed,6.8024226346011245,11.41220809957449,0.266162266325932,2026-01-01T00:00:00
180,2026-01-18 11:30:00,9.600000381469727,ok,,1.8284377236234057,6.224155208250477,2026-01-01T00:00:00,fixed,4.70271651892198,7.8895979315156355,0.01976087428309481,2026-01-01T00:00:00
180,2026-01-18 19:00:00,7.099999904632568,ok,,1.8561771251476196,6.399226509349758,2026-01-01T00:00:00,fixed,4.834993217063666,8.11151434086059,0.022993154035868102,2026-01-01T00:00:00
180,2026-01-19 07:00:00,7.599999904632568,ok,,1.7966587930413653,6.0294680707458275,2026-01-01T00:00:00,fixed,4.555618898934752,7.6428169329773405,0.017721955577215898,2026-01-01T00:00:00
180,2026-01-19 14:44:10,7.0,ok,,2.0770688161820137,7.981040697522424,2026-01-01T00:00:00,fixed,6.030147171888598,10.116586118393764,0.10846280685073273,2026-01-01T00:00:00
180,2026-01-19 19:00:00,9.899999618530273,ok,,2.118390375409878,8.317738270671414,2026-01-01T00:00:00,fixed,6.284542055395009,10.543376323294405,0.13993048446565715,2026-01-01T00:00:00
180,2026-01-20 02:30:00,7.099999904632568,ok,,1.984264202472651,7.273693450333401,2026-01-01T00:00:00,fixed,5.49570458929355,9.219968795790969,0.04980697362993958,2026-01-01T00:00:00
180,2026-01-20 07:00:00,8.0,ok,,2.1785920327183814,8.83385971316602,2026-01-01T00:00:00,fixed,6.674502259178467,11.197600154300202,0.2338642962854196,2026-01-01T00:00:00
180,2026-01-21 07:00:00,9.899999618530273,ok,,2.126666092462204,8.386859136988367,2026-01-01T00:00:00,fixed,6.336766948405396,10.630992365258768,0.15421169566142756,2026-01-01T00:00:00
180,2026-01-22 07:00:00,9.199999809265137,ok,,2.19388177059082,8.96996496791384,2026-01-01T00:00:00,fixed,6.777337810092463,11.370124087331853,0.2605314866335404,2026-01-01T00:00:00
180,2026-01-23 07:00:00,8.5,ok,,2.221625286026372,9.22230757950362,2026-01-01T00:00:00,fixed,6.967997542738289,11.689987856762432,0.3163282209302337,2026-01-01T00:00:00
180,2026-01-24 07:00:00,9.600000381469727,ok,,2.179651304126443,8.843222125975675,2026-01-01T00:00:00,fixed,6.681576114489555,11.209467736368067,0.23521669593108074,2026-01-01T00:00:00
180,2026-01-25 07:00:00,7.400000095367432,ok,,2.208207031758754,9.099386846605054,2026-01-01T00:00:00,fixed,6.87512367604007,11.53417632450318,0.28480952529239,2026-01-01T00:00:00
180,2026-01-26 07:00:00,8.199999809265137,ok,,2.1502297393829735,8.58683090382153,2026-01-01T00:00:00,fixed,6.487857417672256,10.88447204003891,0.19124271808591087,2026-01-01T00:00:00
180,2026-01-27 07:00:00,8.0,ok,,2.1118619287709226,8.263613228675537,2026-01-01T00:00:00,fixed,6.243647392494578,10.47476864802181,0.13456173358515733,2026-01-01T00:00:00
180,2026-01-28 07:00:00,7.699999809265137,ok,,2.218430831310211,9.192894340205264,2026-01-01T00:00:00,fixed,6.945774104906915,11.652704301940428,0.308142499628572,2026-01-01T00:00:00
180,2026-01-29 07:00:00,9.0,ok,,2.168255151399699,8.743015485623575,2026-01-01T00:00:00,fixed,6.6058640849654795,11.082448072494955,0.22169727228421687,2026-01-01T00:00:00
180,2026-01-30 07:00:00,8.5,ok,,2.1560983156638205,8.637371531704037,2026-01-01T00:00:00,fixed,6.5260438442100615,10.948536193302758,0.1980189238880653,2026-01-01T00:00:00
180,2026-01-31 07:00:00,8.699999809265137,ok,,2.2414245994623627,9.406722558478647,2026-01-01T00:00:00,fixed,7.107333940843034,11.923748100198079,0.3732177211029021,2026-01-01T00:00:00
180,2026-02-01 07:00:00,9.0,ok,,2.1924602944216227,8.957223434511919,2026-01-01T00:00:00,fixed,6.767710829787379,11.353973208664996,0.25815424889002836,2026-01-01T00:00:00
180,2026-02-02 07:00:00,9.199999809265137,ok,,2.136217100921304,8.467345852356614,2026-01-01T00:00:00,fixed,6.397579411021094,10.733015499617963,0.17111589201286026,2026-01-01T00:00:00
180,2026-02-03 07:00:00,8.399999618530273,ok,,2.0816395702242976,8.017603567840606,2026-01-01T00:00:00,fixed,6.057772577822659,10.162932383289316,0.11168308848707131,2026-01-01T00:00:00
180,2026-02-04 07:00:00,9.800000190734863,ok,,2.0980403133654493,8.150182448860479,2026-01-01T00:00:00,fixed,6.157943745309916,10.330986364987991,0.12337666859743213,2026-01-01T00:00:00
180,2026-02-05 07:00:00,8.899999618530273,ok,,2.192425396735307,8.956910853592449,2026-01-01T00:00:00,fixed,6.76747465645874,11.353576988183152,0.2580942051711589,2026-01-01T00:00:00
180,2026-02-06 07:00:00,6.400000095367432,ok,,2.146128497356687,8.551686349469296,2026-01-01T00:00:00,fixed,6.461303633138843,10.839923600283765,0.18355844921084796,2026-01-01T00:00:00
180,2026-02-07 07:00:00,7.0,ok,,2.242638902033994,9.418152103930813,2026-01-01T00:00:00,fixed,7.115969636837637,11.93823593270554,0.3747128167624436,2026-01-01T00:00:00
180,2026-02-08 07:00:00,9.899999618530273,ok,,2.1523972175357753,8.605462857088842,2026-01-01T00:00:00,fixed,6.501934957752527,10.908089481288291,0.19374541675287593,2026-01-01T00:00:00
180,2026-02-09 07:00:00,10.300000190734863,ok,,2.201052761469069,9.034519688901165,2026-01-01T00:00:00,fixed,6.826112710878849,11.451952187070761,0.27181992614884953,2026-01-01T00:00:00
180,2026-02-10 07:00:00,9.100000381469727,ok,,2.188936191671539,8.92571281471583,2026-01-01T00:00:00,fixed,6.743902697233082,11.314031061908363,0.2520908029389636,2026-01-01T00:00:00
180,2026-02-11 07:00:00,8.699999809265137,ok,,2.1730770488360824,8.785275213736652,2026-01-01T00:00:00,fixed,6.6377938031092505,11.136015545083907,0.22717388408032835,2026-01-01T00:00:00
180,2026-02-12 07:00:00,7.699999809265137,ok,,2.233132893182943,9.3290472534089,2026-01-01T00:00:00,fixed,7.048645664596389,11.82528864574942,0.3541764894618512,2026-01-01T00:00:00
180,2026-02-13 07:00:00,8.899999618530273,ok,,2.1673917377804464,8.73546990492728,2026-01-01T00:00:00,fixed,6.600162953519033,11.072883465594622,0.2207166248783966,2026-01-01T00:00:00
180,2026-02-14 07:00:00,7.699999809265137,ok,,2.2734877663171242,9.713219243309247,2026-01-01T00:00:00,fixed,7.3389102712078484,12.312256344248697,0.4517425475815984,2026-01-01T00:00:00
180,2026-02-15 07:00:00,8.199999809265137,ok,,2.150948066753681,8.593001275395453,2026-01-01T00:00:00,fixed,6.492519497481916,10.892293463055768,0.1920721414186397,2026-01-01T00:00:00
180,2026-02-16 07:00:00,7.800000190734863,ok,,2.210203358915731,9.117570343744418,2026-01-01T00:00:00,fixed,6.88886238105432,11.557225312939119,0.2881833138331277,2026-01-01T00:00:00
180,2026-02-17 07:00:00,8.0,ok,,2.1450739279819464,8.542672756507653,2026-01-01T00:00:00,fixed,6.454493331805198,10.82849817434139,0.1813127925580046,2026-01-01T00:00:00
180,2026-02-18 07:00:00,8.800000190734863,ok,,2.0903960329888656,8.088117691533663,2026-01-01T00:00:00,fixed,6.111050158990474,10.252314486694116,0.11766117474578597,2026-01-01T00:00:00
180,2026-02-19 07:00:00,9.5,ok,,2.176048541335931,8.811419417558895,2026-01-01T00:00:00,fixed,6.657547291747507,11.169155344702604,0.23061695399128235,2026-01-01T00:00:00
180,2026-02-20 07:00:00,7.400000095367432,ok,,2.047806161640356,7.750878266392903,2026-01-01T00:00:00,fixed,5.8562458743320605,9.824837442501972,0.08714463685571172,2026-01-01T00:00:00
180,2026-02-21 07:00:00,7.400000095367432,ok,,2.0788009447553004,7.994876865710947,2026-01-01T00:00:00,fixed,6.040601213364379,10.1341245312816,0.1097274474916341,2026-01-01T00:00:00
180,2026-02-22 07:00:00,7.800000190734863,ok,,2.1550875092871906,8.62864523252489,2026-01-01T00:00:00,fixed,6.519450610280992,10.937474934441102,0.19685178696994632,2026-01-01T00:00:00
180,2026-02-23 07:00:00,10.399999618530273,ok,,2.1701125889664605,8.759270182402243,2026-01-01T00:00:00,fixed,6.618145467497486,11.103052157353313,0.22380691161663235,2026-01-01T00:00:00
180,2026-02-24 07:00:00,8.0,ok,,2.149057657685065,8.576772332361402,2026-01-01T00:00:00,fixed,6.480257573423579,10.871722023059798,0.1897959604986047,2026-01-01T00:00:00
180,2026-02-25 07:00:00,9.100000381469727,ok,,2.133080501351987,8.440828787450176,2026-01-01T00:00:00,fixed,6.3775442038328904,10.699403069748222,0.16611823700458261,2026-01-01T00:00:00
180,2026-02-26 07:00:00,8.699999809265137,ok,,2.147138646149833,8.560329189656938,2026-01-01T00:00:00,fixed,6.467833808875296,10.850879068421266,0.18570951429203186,2026-01-01T00:00:00
180,2026-02-27 07:00:00,8.899999618530273,ok,,2.1810973831486953,8.856019374667529,2026-01-01T00:00:00,fixed,6.69124519098369,11.225689238472402,0.23706294302357167,2026-01-01T00:00:00
180,2026-02-28 07:00:00,8.600000381469727,ok,,2.226631666283218,9.26859372443761,2026-01-01T00:00:00,fixed,7.002969456370802,11.74865912396428,0.3329969882328192,2026-01-01T00:00:00
180,2026-03-01 07:00:00,9.899999618530273,ok,,2.092648193736952,8.10635396052083,2026-01-01T00:00:00,fixed,6.124828736249565,10.275430367527068,0.11919873752456356,2026-01-01T00:00:00
180,2026-03-02 07:00:00,8.199999809265137,ok,,1.9821382450969305,7.258246313888793,2026-01-01T00:00:00,fixed,5.484033366244387,9.200388356090546,0.04925885581995615,2026-01-01T00:00:00
180,2026-03-03 07:00:00,10.199999809265137,ok,,2.1265009731954976,8.38547441928263,2026-01-01T00:00:00,fixed,6.335720712472819,10.629237128510749,0.15390358686029038,2026-01-01T00:00:00
180,2026-03-04 10:30:00,2.700000047683716,abstain,outside_training_support,1.5838842117234737,4.8738501585840535,2026-01-01T00:00:00,fixed,3.682481378539775,6.177981885591574,0.010000000000000009,2026-01-01T00:00:00
180,2026-03-04 13:30:00,8.100000381469727,abstain,outside_training_support,1.4711879835608985,4.3544050311770155,2026-01-01T00:00:00,fixed,3.290009934689446,5.519545026996848,0.010000000000000009,2026-01-01T00:00:00
180,2026-03-05 07:00:00,6.0,ok,,2.2391206508693005,9.385074900396207,2026-01-01T00:00:00,fixed,7.09097785783191,11.896308019943817,0.37038101168486426,2026-01-01T00:00:00
180,2026-03-06 07:00:00,8.5,ok,,2.1649088629954036,8.71380773032673,2026-01-01T00:00:00,fixed,6.583795902421922,11.045424984531346,0.21611635070621693,2026-01-01T00:00:00
180,2026-03-07 07:00:00,8.899999618530273,ok,,2.1360412376651454,8.465856888274871,2026-01-01T00:00:00,fixed,6.396454410800339,10.731128122528805,0.17092628949415856,2026-01-01T00:00:00
180,2026-03-08 07:00:00,7.599999904632568,ok,,2.2005350224283333,9.029843376003262,2026-01-01T00:00:00,fixed,6.82257948055653,11.446024598935184,0.27083692786209457,2026-01-01T00:00:00
180,2026-03-09 07:00:00,8.399999618530273,ok,,2.1893050966616854,8.929006162142592,2026-01-01T00:00:00,fixed,6.746391015539453,11.318205634388738,0.25272552775474166,2026-01-01T00:00:00
180,2026-03-10 07:00:00,8.100000381469727,ok,,2.216035928501006,9.170904593888087,2026-01-01T00:00:00,fixed,6.9291595540493764,11.624830598400937,0.30376979531566806,2026-01-01T00:00:00
180,2026-03-10 19:00:00,7.300000190734863,ok,,2.089579382998688,8.081515226618711,2026-01-01T00:00:00,fixed,6.106061607165804,10.243945351961285,0.1171036432155641,2026-01-01T00:00:00
180,2026-03-11 11:30:00,7.199999809265137,ok,,2.1703196262478786,8.761083865631557,2026-01-01T00:00:00,fixed,6.6195158121944315,11.10535114106687,0.2240420602967127,2026-01-01T00:00:00
180,2026-03-12 07:00:00,8.300000190734863,ok,,2.1323620752303274,8.43476685334745,2026-01-01T00:00:00,fixed,6.3729640549311215,10.69171909960968,0.164791247534244,2026-01-01T00:00:00
180,2026-03-13 07:00:00,8.800000190734863,ok,,2.146212476834666,8.55240454578122,2026-01-01T00:00:00,fixed,6.461846272829999,10.840833969634687,0.18373727962062802,2026-01-01T00:00:00
180,2026-03-14 07:00:00,9.0,ok,,2.206780011199127,9.086411095029058,2026-01-01T00:00:00,fixed,6.865319730084324,11.51772855619269,0.28239786365935515,2026-01-01T00:00:00
180,2026-03-15 07:00:00,8.800000190734863,ok,,2.1893016001924033,8.928974942201405,2026-01-01T00:00:00,fixed,6.746367427031741,11.318166060699593,0.2527195118539536,2026-01-01T00:00:00
180,2026-03-15 12:00:00,9.100000381469727,ok,,1.9415889279839658,6.969816713794317,2026-01-01T00:00:00,fixed,5.266107784454208,8.834781538754624,0.038629488135212386,2026-01-01T00:00:00
180,2026-03-15 19:00:00,8.5,ok,,1.9747125071750475,7.2045481001705065,2026-01-01T00:00:00,fixed,5.443461197292872,9.132321718658963,0.04734433991585685,2026-01-01T00:00:00
180,2026-03-16 07:00:00,7.599999904632568,ok,,1.9309757305712518,6.8962358279915,2026-01-01T00:00:00,fixed,5.210513083556786,8.741512077276628,0.03549295696122223,2026-01-01T00:00:00
180,2026-03-16 19:00:00,8.100000381469727,ok,,2.1743410605790974,8.796386925960347,2026-01-01T00:00:00,fixed,6.646189357345849,11.150100499401795,0.2286095225843715,2026-01-01T00:00:00
180,2026-03-17 07:00:00,12.800000190734863,ok,,2.1694918465469284,8.75383461905279,2026-01-01T00:00:00,fixed,6.614038578659106,11.096162160570842,0.22310188516138152,2026-01-01T00:00:00
180,2026-03-17 13:00:00,9.600000381469727,ok,,2.1140658242677777,8.28184545223594,2026-01-01T00:00:00,fixed,6.257422913195048,10.497879400963576,0.13637413499450135,2026-01-01T00:00:00
180,2026-03-17 19:00:00,8.699999809265137,ok,,2.167407496879691,8.73560756914919,2026-01-01T00:00:00,fixed,6.600266966961625,11.073057965639059,0.22073452373874314,2026-01-01T00:00:00
180,2026-03-19 07:00:00,8.5,ok,,2.20685327168749,9.087076794327777,2026-01-01T00:00:00,fixed,6.865822705184393,11.518572381520698,0.28252167372488657,2026-01-01T00:00:00
180,2026-03-20 07:00:00,7.400000095367432,ok,,2.1507714581205986,8.591483811188715,2026-01-01T00:00:00,fixed,6.491372963735064,10.89036995985476,0.1918682186293751,2026-01-01T00:00:00
180,2026-03-21 07:00:00,6.800000190734863,ok,,2.1328163033935117,8.438599032278043,2026-01-01T00:00:00,fixed,6.375859492232633,10.696576682679575,0.16563024262574244,2026-01-01T00:00:00
180,2026-03-22 07:00:00,8.199999809265137,ok,,2.087476531009796,8.06453885190859,2026-01-01T00:00:00,fixed,6.093234954373652,10.222426484530077,0.11566801436440577,2026-01-01T00:00:00
180,2026-03-23 07:00:00,7.699999809265137,ok,,2.1298301250676466,8.413437457918876,2026-01-01T00:00:00,fixed,6.356848438134225,10.664682441874877,0.1601145367298853,2026-01-01T00:00:00
180,2026-03-24 07:00:00,9.199999809265137,ok,,2.1407972436238514,8.506216453170243,2026-01-01T00:00:00,fixed,6.426948443513145,10.78228699133293,0.17605385694871634,2026-01-01T00:00:00
180,2026-03-25 07:00:00,8.300000190734863,ok,,2.131250019928979,8.425392139718658,2026-01-01T00:00:00,fixed,6.3658809056253585,10.67983592530255,0.16273719405423637,2026-01-01T00:00:00
180,2026-03-26 07:00:00,7.5,ok,,2.1278775768133955,8.397025842747473,2026-01-01T00:00:00,fixed,6.344448494497466,10.643879450821972,0.15647229794296602,2026-01-01T00:00:00
180,2026-03-27 07:00:00,7.199999809265137,ok,,2.1073577932520635,8.226476492048853,2026-01-01T00:00:00,fixed,6.215588396703204,10.427694963213188,0.1308577006244721,2026-01-01T00:00:00
180,2026-03-28 07:00:00,7.800000190734863,ok,,2.092246451558671,8.103097950304926,2026-01-01T00:00:00,fixed,6.122368628409097,10.27130312284809,0.11892446588542127,2026-01-01T00:00:00
180,2026-03-29 07:00:00,9.0,ok,,2.0953010732028323,8.127887691052512,2026-01-01T00:00:00,fixed,6.141098740273746,10.30272603580272,0.1211840434928565,2026-01-01T00:00:00
180,2026-03-30 07:00:00,7.099999904632568,ok,,2.0121715157949684,7.479541668130757,2026-01-01T00:00:00,fixed,5.651235064006499,9.480897326491393,0.0628728707056051,2026-01-01T00:00:00
180,2026-03-31 07:00:00,7.800000190734863,ok,,2.067828800521981,7.90763541175393,2026-01-01T00:00:00,fixed,5.974685147178466,10.02353924353535,0.10171659903079666,2026-01-01T00:00:00
180,2026-04-01 07:00:00,9.899999618530273,ok,,2.2374161961837458,9.36909209036506,2026-01-01T00:00:00,fixed,7.078901901780456,11.876048572558187,0.3663395217842875,2026-01-01T00:00:00
180,2026-04-02 07:00:00,7.099999904632568,ok,,2.193288550762587,8.964645384833402,2026-01-01T00:00:00,fixed,6.77331855119079,11.36338110450708,0.2595793173154438,2026-01-01T00:00:00
180,2026-04-03 07:00:00,9.100000381469727,ok,,2.25563094999509,9.541311501803326,2026-01-01T00:00:00,fixed,7.209023829006208,12.094349991271057,0.4041966782924611,2026-01-01T00:00:00
180,2026-04-04 07:00:00,8.800000190734863,ok,,2.237858083202814,9.373233085398843,2026-01-01T00:00:00,fixed,7.08203066786976,11.881297603914224,0.3674990322631968,2026-01-01T00:00:00
180,2026-04-04 13:00:00,5.5,ok,,2.2761081468394146,9.738704950365427,2026-01-01T00:00:00,fixed,7.358166226684446,12.344561448306372,0.4583942297553575,2026-01-01T00:00:00
180,2026-04-05 07:00:00,10.0,ok,,2.1721654376577204,8.77727010797315,2026-01-01T00:00:00,fixed,6.631745473360043,11.125868454633853,0.22613849487955162,2026-01-01T00:00:00
180,2026-04-06 07:00:00,9.699999809265137,ok,,2.157138725726797,8.646362616359731,2026-01-01T00:00:00,fixed,6.532837139190448,10.959933088227167,0.19922024297603058,2026-01-01T00:00:00
180,2026-04-07 07:00:00,8.300000190734863,ok,,2.2006111275756894,9.030530619715055,2026-01-01T00:00:00,fixed,6.823098733731915,11.446895733472418,0.2709814238795438,2026-01-01T00:00:00
180,2026-04-08 07:00:00,9.399999618530273,ok,,2.1316570952576193,8.42882260717482,2026-01-01T00:00:00,fixed,6.368472826204769,10.684184308021281,0.16348909415705049,2026-01-01T00:00:00
180,2026-04-09 00:00:00,8.199999809265137,ok,,2.165837344477094,8.721902096592444,2026-01-01T00:00:00,fixed,6.589911673747406,11.055685219568907,0.21806346260700804,2026-01-01T00:00:00
180,2026-04-09 07:00:00,7.699999809265137,ok,,2.095342892199666,8.12822759826937,2026-01-01T00:00:00,fixed,6.14135556023246,10.303156894479168,0.12121751751370269,2026-01-01T00:00:00
180,2026-04-09 23:00:00,5.699999809265137,ok,,2.023115465333366,7.561846945645218,2026-01-01T00:00:00,fixed,5.713421557628742,9.585225628968516,0.06990863534573344,2026-01-01T00:00:00
180,2026-04-10 07:00:00,7.900000095367432,ok,,2.09941914581761,8.161427935951629,2026-01-01T00:00:00,fixed,6.166440374352325,10.345240889292851,0.1244803551930328,2026-01-01T00:00:00
180,2026-04-11 07:00:00,8.199999809265137,ok,,2.072994834057484,7.948592222518966,2026-01-01T00:00:00,fixed,6.005630434386565,10.075455167653852,0.10548836058592137,2026-01-01T00:00:00
180,2026-04-12 07:00:00,9.199999809265137,ok,,2.1656003991705477,8.719835727644378,2026-01-01T00:00:00,fixed,6.58835041008011,11.053065937171064,0.2175665662926376,2026-01-01T00:00:00
180,2026-04-13 07:00:00,7.400000095367432,ok,,2.2139027640064057,9.151362396596129,2026-01-01T00:00:00,fixed,6.914394270899126,11.600059352477066,0.2997457356324037,2026-01-01T00:00:00
180,2026-04-14 07:00:00,7.199999809265137,ok,,2.0355105897318877,7.6561602844877505,2026-01-01T00:00:00,fixed,5.784680850125423,9.704775077552323,0.07701064820787717,2026-01-01T00:00:00
180,2026-04-27 12:30:00,14.300000190734863,ok,,1.5247771445572027,4.594119630651222,2026-01-01T00:00:00,fixed,3.471128459060401,5.823401814767636,0.010000000000000009,2026-01-01T00:00:00
180,2026-04-27 14:30:00,5.900000095367432,ok,,1.7036713655230797,5.494081190107793,2026-01-01T00:00:00,fixed,4.151102519868057,6.9641726696653805,0.011755933376149663,2026-01-01T00:00:00
180,2026-04-27 19:00:00,1.2000000476837158,ok,,1.6861504608758966,5.39865830615807,2026-01-01T00:00:00,fixed,4.079004900573683,6.843216786876492,0.010631801771505578,2026-01-01T00:00:00
180,2026-04-28 03:00:00,0.5,abstain,outside_training_support,1.6478904319423764,5.196006926969003,2026-01-01T00:00:00,fixed,3.925889826060201,6.586340496267687,0.010000000000000009,2026-01-01T00:00:00
180,2026-04-28 07:00:00,0.8999999761581421,abstain,outside_training_support,1.6835131897834952,5.38443933854692,2026-01-01T00:00:00,fixed,4.0682616315468545,6.825193146125292,0.010462595908869998,2026-01-01T00:00:00
180,2026-04-28 19:00:00,3.4000000953674316,abstain,outside_training_support,1.9416727940547156,6.970401269447799,2026-01-01T00:00:00,fixed,5.266549450742385,8.835522508238874,0.038654273177374354,2026-01-01T00:00:00
180,2026-04-29 03:00:00,7.199999809265137,abstain,outside_training_support,1.7846955452429252,5.957765801294125,2026-01-01T00:00:00,fixed,4.501443603539203,7.551928762964925,0.01695440017895178,2026-01-01T00:00:00
180,2026-04-29 07:00:00,8.100000381469727,abstain,outside_training_support,1.8970402226376852,6.666134939551516,2026-01-01T00:00:00,fixed,5.036658285133548,8.449841411501842,0.02808676446470537,2026-01-01T00:00:00
180,2026-04-29 17:00:00,11.5,ok,,2.0232273128106257,7.562692766450094,2026-01-01T00:00:00,fixed,5.714060625154864,9.586297772231225,0.06998054106156593,2026-01-01T00:00:00
180,2026-04-30 07:00:00,7.0,ok,,2.127223863928472,8.391538392562898,2026-01-01T00:00:00,fixed,6.340302402093544,10.63692368346448,0.1552524845482035,2026-01-01T00:00:00
180,2026-04-30 13:00:00,11.5,ok,,2.1654583537420744,8.718597202807706,2026-01-01T00:00:00,fixed,6.587414631486286,11.05149601118712,0.21726868383651177,2026-01-01T00:00:00
180,2026-04-30 17:00:00,5.099999904632568,ok,,2.1172042925228953,8.307878592004116,2026-01-01T00:00:00,fixed,6.2770924863870725,10.530878418307104,0.1389550941628801,2026-01-01T00:00:00
180,2026-05-01 07:00:00,7.900000095367432,ok,,2.0694080326097986,7.9201332692462785,2026-01-01T00:00:00,fixed,5.984128015955661,10.039381244147627,0.1028696087498614,2026-01-01T00:00:00
180,2026-05-02 07:00:00,7.599999904632568,ok,,2.0416508612071707,7.703315812807118,2026-01-01T00:00:00,fixed,5.820309634203948,9.76454835540935,0.08092512030817212,2026-01-01T00:00:00
180,2026-05-03 07:00:00,7.699999809265137,ok,,2.1550097736329037,8.627974505212181,2026-01-01T00:00:00,fixed,6.518943836219672,10.93662473571663,0.19676202877879312,2026-01-01T00:00:00
180,2026-05-04 07:00:00,13.899999618530273,ok,,2.151121692709557,8.594493372985426,2026-01-01T00:00:00,fixed,6.493646865253032,10.894184812108868,0.19227262023212177,2026-01-01T00:00:00
180,2026-05-04 11:00:00,20.299999237060547,ok,,2.1235229473887363,8.360539407043337,2026-01-01T00:00:00,fixed,6.316880839424376,10.597630072709075,0.14850685362684246,2026-01-01T00:00:00
180,2026-05-04 13:30:00,9.5,ok,,2.1622574641049797,8.690734551796025,2026-01-01T00:00:00,fixed,6.566362754598656,11.016177946898345,0.2105561209815603,2026-01-01T00:00:00
180,2026-05-04 21:01:00,9.699999809265137,ok,,2.1513693564437557,8.596622180911103,2026-01-01T00:00:00,fixed,6.495255305252154,10.896883240738147,0.19255858745012266,2026-01-01T00:00:00
180,2026-05-05 07:00:00,4.900000095367432,ok,,2.1565722099115905,8.641465702414118,2026-01-01T00:00:00,fixed,6.529137231759919,10.953725871208396,0.19856611025792248,2026-01-01T00:00:00
180,2026-05-07 06:30:00,7.800000190734863,ok,,2.187129584031937,8.909602110997964,2026-01-01T00:00:00,fixed,6.731730109954887,11.293609499387035,0.24863196673048038,2026-01-01T00:00:00
180,2026-05-08 07:00:00,4.0,ok,,2.087962964746484,8.068462669938354,2026-01-01T00:00:00,fixed,6.096199630421794,10.227400227243022,0.11600010540564665,2026-01-01T00:00:00
180,2026-05-08 20:50:00,8.399999618530273,ok,,2.1321147658089714,8.432681113959807,2026-01-01T00:00:00,fixed,6.371388155753762,10.689075263682096,0.16433444760985272,2026-01-01T00:00:00
180,2026-05-09 07:00:00,4.099999904632568,ok,,2.2808768328744105,9.785256683744691,2026-01-01T00:00:00,fixed,7.39333880805853,12.403569369395916,0.4695736076348128,2026-01-01T00:00:00
180,2026-05-09 15:30:00,3.9000000953674316,ok,,2.199212572262901,9.017909750688423,2026-01-01T00:00:00,fixed,6.813562922482219,11.430897806230107,0.26865626668685194,2026-01-01T00:00:00
180,2026-05-09 19:00:00,3.200000047683716,ok,,2.201867951498569,9.04188754196504,2026-01-01T00:00:00,fixed,6.831679558612104,11.461291510456432,0.2733676757665713,2026-01-01T00:00:00
180,2026-05-10 07:00:00,6.099999904632568,ok,,1.8980621808694886,6.672950933264527,2026-01-01T00:00:00,fixed,5.041808170564514,8.45848121049466,0.0282141521917032,2026-01-01T00:00:00
180,2026-05-11 07:00:00,9.0,ok,,1.907963935408543,6.7393530617145085,2026-01-01T00:00:00,fixed,5.091978896696051,8.542651042020193,0.029448412032043847,2026-01-01T00:00:00
180,2026-05-12 07:00:00,9.899999618530273,ok,,1.9672228003784575,7.150789715867427,2026-01-01T00:00:00,fixed,5.402843565914154,9.06417881035922,0.045413331451788164,2026-01-01T00:00:00
180,2026-05-12 15:00:00,9.5,ok,,1.9881862993181891,7.302277598727375,2026-01-01T00:00:00,fixed,5.517301600025782,9.256201413792573,0.051398599050174076,2026-01-01T00:00:00
180,2026-05-13 07:00:00,4.599999904632568,ok,,1.889313328300644,6.614824908120878,2026-01-01T00:00:00,fixed,4.997890528816126,8.384801979756219,0.027123602296510785,2026-01-01T00:00:00
180,2026-05-14 00:00:00,6.699999809265137,ok,,2.0574996866809943,7.826376931875838,2026-01-01T00:00:00,fixed,5.913289570937268,9.920537837992878,0.09462604665197694,2026-01-01T00:00:00
180,2026-05-14 07:00:00,12.0,ok,,2.048020474898585,7.752539560380617,2026-01-01T00:00:00,fixed,5.85750107996518,9.826943261070207,0.08736118596982612,2026-01-01T00:00:00
180,2026-05-15 07:00:00,11.899999618530273,ok,,2.28133876885741,9.789777890083352,2026-01-01T00:00:00,fixed,7.396754846223209,12.409300347975973,0.47071937632716887,2026-01-01T00:00:00
180,2026-05-15 12:00:00,7.099999904632568,ok,,2.169174150888084,8.751054005513891,2026-01-01T00:00:00,fixed,6.611937661059109,11.092637517934074,0.22274105297534796,2026-01-01T00:00:00
180,2026-05-16 07:00:00,9.699999809265137,ok,,2.0721401742246965,7.941801782190806,2026-01-01T00:00:00,fixed,6.000499856045642,10.066847759551926,0.10486436674657384,2026-01-01T00:00:00
180,2026-05-18 08:00:00,5.0,abstain,outside_training_support,1.141579275422225,3.131710294923227,2026-01-01T00:00:00,fixed,2.3661919157946567,3.969684919196861,0.010000000000000009,2026-01-01T00:00:00
180,2026-05-19 08:30:00,9.0,ok,,1.925296242132356,6.857179750589157,2026-01-01T00:00:00,fixed,5.181003912557832,8.692005479645802,0.033814490816837406,2026-01-01T00:00:00
180,2026-05-20 07:00:00,11.0,ok,,2.2761675922903253,9.73928388927996,2026-01-01T00:00:00,fixed,7.358603649194927,12.345295298139762,0.45854512854382334,2026-01-01T00:00:00
180,2026-05-20 13:30:00,6.0,ok,,2.1848167750878478,8.889019714297708,2026-01-01T00:00:00,fixed,6.716178894774232,11.267519720292722,0.2432821615644042,2026-01-01T00:00:00
180,2026-05-21 07:00:00,10.0,ok,,2.098457165075875,8.153580574562616,2026-01-01T00:00:00,fixed,6.160511229785823,10.335293752033076,0.12371033759719274,2026-01-01T00:00:00
180,2026-05-22 07:00:00,10.899999618530273,ok,,2.386882378414236,10.879522780878672,2026-01-01T00:00:00,fixed,8.220121412108456,13.790636247971173,0.7085759062834746,2026-01-01T00:00:00
180,2026-05-22 09:00:00,9.100000381469727,ok,,2.280957751291251,9.786048523260686,2026-01-01T00:00:00,fixed,7.3939370895357115,12.404573087201538,0.46976090491174993,2026-01-01T00:00:00
180,2026-05-23 06:35:00,10.800000190734863,ok,,2.209161560866601,9.108076622876103,2026-01-01T00:00:00,fixed,6.881689314757021,11.545191287755147,0.286422677402554,2026-01-01T00:00:00
180,2026-05-24 07:00:00,9.5,ok,,2.246419558859886,9.453826298421264,2026-01-01T00:00:00,fixed,7.142923595747128,11.983455732283684,0.3793677057025314,2026-01-01T00:00:00
180,2026-05-25 02:00:00,11.300000190734863,ok,,2.21123741062849,9.127003259195236,2026-01-01T00:00:00,fixed,6.895989505270848,11.569182262555394,0.289930858972132,2026-01-01T00:00:00
180,2026-05-25 07:00:00,8.199999809265137,ok,,2.162319832269302,8.691276593859541,2026-01-01T00:00:00,fixed,6.56677229936108,11.016865027120485,0.21068691281465257,2026-01-01T00:00:00
180,2026-05-25 11:00:00,10.100000381469727,ok,,2.3169338097045533,10.14452153683274,2026-01-01T00:00:00,fixed,7.664784603151443,12.858965346352354,0.5690715870027694,2026-01-01T00:00:00
180,2026-05-26 07:00:00,9.399999618530273,ok,,2.228665672507305,9.28746528769395,2026-01-01T00:00:00,fixed,7.01722803593608,11.772580289399604,0.3377626185870862,2026-01-01T00:00:00
180,2026-05-27 02:00:00,10.699999809265137,ok,,1.7849279758269505,5.959150729222374,2026-01-01T00:00:00,fixed,4.5024899983072935,7.553684266186235,0.01696931279737246,2026-01-01T00:00:00
180,2026-05-27 07:00:00,6.0,ok,,1.9960418390053918,7.35986683131227,2026-01-01T00:00:00,fixed,5.560813663322343,9.329200218462013,0.05486072115800611,2026-01-01T00:00:00
180,2026-05-28 07:00:00,8.699999809265137,ok,,2.1743719183882426,8.796658367377297,2026-01-01T00:00:00,fixed,6.646394447352878,11.150444572383599,0.22864457024844909,2026-01-01T00:00:00
180,2026-05-29 07:00:00,8.100000381469727,ok,,1.9196818766510126,6.818788908251504,2026-01-01T00:00:00,fixed,5.151997365902747,8.643342118890468,0.03215527053951428,2026-01-01T00:00:00
180,2026-05-30 07:00:00,9.199999809265137,ok,,2.259619128547732,9.579439936664116,2026-01-01T00:00:00,fixed,7.237832111329051,12.142680730262088,0.4151004523540949,2026-01-01T00:00:00
180,2026-05-31 07:00:00,9.100000381469727,ok,,2.220767119451989,9.214396698312616,2026-01-01T00:00:00,fixed,6.962020405213369,11.679960203242759,0.3138337859904491,2026-01-01T00:00:00
180,2026-06-01 07:00:00,10.0,ok,,2.2071865703966034,9.090106010081747,2026-01-01T00:00:00,fixed,6.868111456426762,11.522412146685129,0.2830849478162696,2026-01-01T00:00:00
180,2026-06-02 07:00:00,8.899999618530273,ok,,2.308722544312734,10.061563240634616,2026-01-01T00:00:00,fixed,7.60210471538203,12.753809292207174,0.5506053639910411,2026-01-01T00:00:00
180,2026-06-03 07:00:00,9.300000190734863,ok,,2.1831894211269356,8.874565896785423,2026-01-01T00:00:00,fixed,6.705258182789671,11.249198389134998,0.23973390289178875,2026-01-01T00:00:00
180,2026-06-03 17:00:00,9.0,ok,,2.166540639159907,8.728038321495239,2026-01-01T00:00:00,fixed,6.594547953732189,11.063463359040146,0.21953833687609403,2026-01-01T00:00:00
180,2026-06-04 07:00:00,8.699999809265137,ok,,2.211615301335854,9.130452920669423,2026-01-01T00:00:00,fixed,6.898595928063431,11.573554975175913,0.29125135438043737,2026-01-01T00:00:00
180,2026-06-05 07:00:00,8.5,ok,,2.1947087038818096,8.977385598325121,2026-01-01T00:00:00,fixed,6.782944534225833,11.379530310085709,0.26179183198520506,2026-01-01T00:00:00
180,2026-06-06 07:00:00,10.5,ok,,2.2055174542473956,9.074946222584906,2026-01-01T00:00:00,fixed,6.856657342462792,11.503195943991669,0.28026414516492204,2026-01-01T00:00:00
180,2026-06-07 07:00:00,9.399999618530273,ok,,2.247779118182392,9.466688077293176,2026-01-01T00:00:00,fixed,7.152641428599927,11.999759031380231,0.3818512001471295,2026-01-01T00:00:00
180,2026-06-07 13:15:00,10.800000190734863,ok,,2.265863829234692,9.639447842515745,2026-01-01T00:00:00,fixed,7.283171624993539,12.218745390290813,0.4317418316533571,2026-01-01T00:00:00
180,2026-06-08 07:00:00,9.699999809265137,ok,,2.211676976917089,9.131016064026165,2026-01-01T00:00:00,fixed,6.899021416097976,11.574268802918608,0.2914803836484082,2026-01-01T00:00:00
180,2026-06-08 14:00:00,7.599999904632568,ok,,2.28356844232064,9.811630250817055,2026-01-01T00:00:00,fixed,7.413265594165936,12.43699990466679,0.4764948677229719,2026-01-01T00:00:00
180,2026-06-08 19:00:00,6.699999809265137,ok,,2.2134746029842503,9.147444978620975,2026-01-01T00:00:00,fixed,6.91143443046988,11.595093722328144,0.29815578052352176,2026-01-01T00:00:00
180,2026-06-09 07:00:00,5.599999904632568,ok,,2.233559712218656,9.333029918239841,2026-01-01T00:00:00,fixed,7.0516548028751025,11.83033698133245,0.3555075838413799,2026-01-01T00:00:00
180,2026-06-09 14:00:00,6.800000190734863,ok,,2.1884863002607715,8.921698116342384,2026-01-01T00:00:00,fixed,6.740869355722854,11.308942121333613,0.25131673576598657,2026-01-01T00:00:00
180,2026-06-10 07:00:00,10.399999618530273,ok,,2.2000819873875788,9.025753467047394,2026-01-01T00:00:00,fixed,6.819489313013446,11.440840323132496,0.2699813594397912,2026-01-01T00:00:00
180,2026-06-10 11:30:00,9.800000190734863,ok,,2.1168181484415327,8.30467117315989,2026-01-01T00:00:00,fixed,6.2746690921950625,10.526812766948447,0.13863754368089487,2026-01-01T00:00:00
180,2026-06-11 07:00:00,9.699999809265137,ok,,2.3211985730686657,10.18787790724501,2026-01-01T00:00:00,fixed,7.697542899260126,12.9139228978397,0.5783230865107681,2026-01-01T00:00:00
180,2026-06-12 07:00:00,9.699999809265137,ok,,2.139931947537298,8.498859240904483,2026-01-01T00:00:00,fixed,6.421389635530731,10.772961155981536,0.17512095987278975,2026-01-01T00:00:00
180,2026-06-13 07:00:00,8.600000381469727,ok,,2.1567199793979506,8.642742741713759,2026-01-01T00:00:00,fixed,6.530102110303078,10.955344617251804,0.19873673366007927,2026-01-01T00:00:00
180,2026-06-14 07:00:00,9.399999618530273,ok,,2.2673237561651556,9.65353100971197,2026-01-01T00:00:00,fixed,7.293812288793928,12.236596893517026,0.43736427007868095,2026-01-01T00:00:00
180,2026-06-15 07:00:00,9.800000190734863,ok,,2.1870523432566054,8.908913953000283,2026-01-01T00:00:00,fixed,6.731210165982565,11.292737205921753,0.24845329953016637,2026-01-01T00:00:00
180,2026-06-16 01:00:00,8.300000190734863,ok,,2.0608805883698746,7.852881923000163,2026-01-01T00:00:00,fixed,5.9333156556706665,9.954134963410336,0.09690342306253841,2026-01-01T00:00:00
180,2026-06-17 06:00:00,2.0999999046325684,ok,,1.2054817628433598,3.338366991893941,2026-01-01T00:00:00,fixed,2.522333244227757,4.231638259755071,0.010000000000000009,2026-01-01T00:00:00
180,2026-06-17 07:00:00,0.30000001192092896,ok,,1.737196260247871,5.681391926807346,2026-01-01T00:00:00,fixed,4.292626833799173,7.2016035098951585,0.013906872181045471,2026-01-01T00:00:00
180,2026-06-17 11:00:00,0.10000000149011612,ok,,1.287512181809271,3.6237600760521564,2026-01-01T00:00:00,fixed,2.737964559057096,4.593396058381116,0.010000000000000009,2026-01-01T00:00:00
180,2026-06-17 19:00:00,2.700000047683716,abstain,outside_training_support,2.028262268784565,7.600866612746626,2026-01-01T00:00:00,fixed,5.742903218496933,9.63468607372793,0.0728634686811962,2026-01-01T00:00:00
180,2026-07-02 09:00:00,4.099999904632568,abstain,outside_training_support,1.3840309904293358,3.9909567552059837,2026-01-01T00:00:00,fixed,3.015403316763684,5.058846238105308,0.010000000000000009,2026-01-01T00:00:00
180,2026-07-02 17:00:00,1.100000023841858,abstain,outside_training_support,1.136984436135456,3.1173535980416274,2026-01-01T00:00:00,fixed,2.3553445841772254,3.95148669594717,0.010000000000000009,2026-01-01T00:00:00
180,2026-07-03 10:00:00,2.299999952316284,abstain,outside_training_support,1.3887889499076922,4.009990811453277,2026-01-01T00:00:00,fixed,3.029784669371598,5.082973375969405,0.010000000000000009,2026-01-01T00:00:00
180,2026-07-03 15:00:00,16.100000381469727,abstain,outside_training_support,1.546070958549504,4.6929949397155175,2026-01-01T00:00:00,fixed,3.5458345892407372,5.948733913304894,0.010000000000000009,2026-01-01T00:00:00
180,2026-07-03 18:00:00,13.800000190734863,ok,,1.6836797577745863,5.385336288490195,2026-01-01T00:00:00,fixed,4.068939330153936,6.826330099523844,0.010473282819556284,2026-01-01T00:00:00
180,2026-07-03 21:00:00,7.099999904632568,ok,,1.798349645674319,6.039671636640704,2026-01-01T00:00:00,fixed,4.563328295034345,7.655750741612379,0.017830439752078653,2026-01-01T00:00:00
180,2026-07-04 01:00:00,3.700000047683716,ok,,1.814364184571423,6.13717282749981,2026-01-01T00:00:00,fixed,4.636996197830195,7.779341039088034,0.0188579237587867,2026-01-01T00:00:00
180,2026-07-04 07:00:00,3.200000047683716,ok,,1.5179906165082104,4.563047065593448,2026-01-01T00:00:00,fixed,3.4476513027085196,5.784014936258928,0.010000000000000009,2026-01-01T00:00:00
180,2026-07-05 07:00:00,4.800000190734863,ok,,1.4975168630573445,4.470574228190734,2026-01-01T00:00:00,fixed,3.37778261764924,5.666798465543876,0.010000000000000009,2026-01-01T00:00:00
180,2026-07-06 07:00:00,6.5,ok,,1.7125531371696812,5.543095710321851,2026-01-01T00:00:00,fixed,4.188135882013677,7.026302363472254,0.012325782959503373,2026-01-01T00:00:00
180,2026-07-07 07:00:00,5.699999809265137,ok,,1.9985438938267004,7.378304678234801,2026-01-01T00:00:00,fixed,5.5747445446057995,9.352571614912534,0.05596343588631081,2026-01-01T00:00:00
180,2026-07-08 07:00:00,5.300000190734863,ok,,1.8174185289380702,6.155946522822888,2026-01-01T00:00:00,fixed,4.651180832397151,7.803138149351533,0.019053888813283293,2026-01-01T00:00:00
180,2026-07-09 07:00:00,9.600000381469727,ok,,1.9427597478625118,6.977981892796845,2026-01-01T00:00:00,fixed,5.272277058980692,8.845131534410804,0.03897550196171373,2026-01-01T00:00:00
180,2026-07-10 07:00:00,8.0,ok,,2.051533128383056,7.779819429795146,2026-01-01T00:00:00,fixed,5.878112630968871,9.861522604628282,0.09060697115958538,2026-01-01T00:00:00
180,2026-07-11 07:00:00,8.100000381469727,ok,,2.153701075455556,8.616690476007738,2026-01-01T00:00:00,fixed,6.510418086336476,10.922321356303385,0.19525092834178337,2026-01-01T00:00:00
180,2026-07-12 07:00:00,11.600000381469727,ok,,1.988810497681956,7.306837091322142,2026-01-01T00:00:00,fixed,5.520746565716046,9.261980923162252,0.05167369803011945,2026-01-01T00:00:00
180,2026-07-12 11:00:00,6.800000190734863,ok,,2.122342642841006,8.350677245681608,2026-01-01T00:00:00,fixed,6.3094293945943045,10.58512902071464,0.14651782877165642,2026-01-01T00:00:00
180,2026-07-13 07:00:00,7.900000095367432,ok,,2.1630329670545785,8.697476856075646,2026-01-01T00:00:00,fixed,6.571456963314619,11.02472433883723,0.21218242269251442,2026-01-01T00:00:00
180,2026-07-14 07:00:00,8.899999618530273,ok,,2.1480870400040626,8.56845160426583,2026-01-01T00:00:00,fixed,6.4739707723790545,10.86117485690229,0.18772907509028647,2026-01-01T00:00:00
180,2026-07-15 07:00:00,10.300000190734863,ok,,2.140798303695561,8.50622547037444,2026-01-01T00:00:00,fixed,6.426955256542979,10.782298421336392,0.1760549998382006,2026-01-01T00:00:00
180,2026-07-16 07:00:00,11.0,ok,,2.215393096524411,9.165011137614853,2026-01-01T00:00:00,fixed,6.924706700088898,11.617360186936716,0.30259608833026286,2026-01-01T00:00:00
180,2026-07-17 07:00:00,9.100000381469727,ok,,2.2094699310852137,9.110885715553442,2026-01-01T00:00:00,fixed,6.883811750026532,11.548752029901676,0.2869438223993669,2026-01-01T00:00:00
180,2026-07-18 02:00:00,10.300000190734863,ok,,2.1276783618067383,8.395353195802027,2026-01-01T00:00:00,fixed,6.343184711034894,10.641759241502086,0.15610056726553467,2026-01-01T00:00:00
180,2026-07-18 07:00:00,12.399999618530273,ok,,2.2405383774842944,9.398389807084815,2026-01-01T00:00:00,fixed,7.101038055487235,11.913185693580475,0.37212657078851197,2026-01-01T00:00:00
180,2026-07-18 19:00:00,10.399999618530273,ok,,2.2403973608694896,9.397064571411924,2026-01-01T00:00:00,fixed,7.100036761740237,11.91150585490779,0.3719529457516856,2026-01-01T00:00:00
180,2026-07-19 07:00:00,9.100000381469727,ok,,2.212191183667213,9.135712501488214,2026-01-01T00:00:00,fixed,6.902569851715968,11.580221900495122,0.29338986537858713,2026-01-01T00:00:00
180,2026-07-20 07:00:00,10.199999809265137,ok,,2.131028412301242,8.423525215423794,2026-01-01T00:00:00,fixed,6.3644703341618785,10.677469454422209,0.16232786736122296,2026-01-01T00:00:00
180,2026-07-21 07:00:00,8.100000381469727,ok,,2.1327654160166065,8.438169625034332,2026-01-01T00:00:00,fixed,6.375535049722641,10.696032375799621,0.16553624964401414,2026-01-01T00:00:00
180,2026-07-23 07:00:00,6.400000095367432,ok,,2.194121174422905,8.972112668974503,2026-01-01T00:00:00,fixed,6.778960524969865,11.3728464644704,0.2608963667396227,2026-01-01T00:00:00
180,2026-07-24 07:00:00,8.800000190734863,ok,,2.1686463767452286,8.74643664405622,2026-01-01T00:00:00,fixed,6.608448972028341,11.086784655306674,0.22214161797396537,2026-01-01T00:00:00
180,2026-07-25 07:00:00,7.400000095367432,ok,,2.1077598428926474,8.229784608934793,2026-01-01T00:00:00,fixed,6.218087874207463,10.431888257124935,0.1311883312447807,2026-01-01T00:00:00
180,2026-07-26 07:00:00,9.899999618530273,ok,,1.7023829666113781,5.487007179933717,2026-01-01T00:00:00,fixed,4.145757687776379,6.955205814860261,0.011673270410669456,2026-01-01T00:00:00
180,2026-07-27 07:00:00,10.800000190734863,ok,,2.1668312114269432,8.73057481587671,2026-01-01T00:00:00,fixed,6.596464424904386,11.066678561771404,0.22007999059072725,2026-01-01T00:00:00
180,2026-07-28 07:00:00,9.300000190734863,ok,,2.2905824712996106,9.880691224432152,2026-01-01T00:00:00,fixed,7.465445234706074,12.524540028001095,0.5016283705015177,2026-01-01T00:00:00
180,2026-07-29 07:00:00,8.0,ok,,2.206634204336035,9.085086330512752,2026-01-01T00:00:00,fixed,6.864318792323926,11.516049314747404,0.2821514503787753,2026-01-01T00:00:00
180,2026-07-30 07:00:00,8.5,ok,,2.1377943351296893,8.480711377400088,2026-01-01T00:00:00,fixed,6.407677853830278,10.749957335932846,0.17281634715638838,2026-01-01T00:00:00
180,2026-07-31 07:00:00,8.600000381469727,ok,,2.1822297216311055,8.866053065901697,2026-01-01T00:00:00,fixed,6.698826236753585,11.238407717841557,0.23850862932334882,2026-01-01T00:00:00
180,2026-08-01 07:00:00,8.399999618530273,ok,,2.215096368480101,9.162292025222312,2026-01-01T00:00:00,fixed,6.92265225023388,11.61391350175777,0.30205431102133573,2026-01-01T00:00:00
180,2026-08-02 07:00:00,10.600000381469727,ok,,2.245454643628712,9.444708557064233,2026-01-01T00:00:00,fixed,7.136034604155445,11.971898290198181,0.378179665252271,2026-01-01T00:00:00
180,2026-08-03 07:00:00,9.600000381469727,ok,,2.23616876291192,9.357412059708766,2026-01-01T00:00:00,fixed,7.070076949434142,11.861243230688853,0.3630662598688964,2026-01-01T00:00:00
180,2026-08-04 07:00:00,8.0,ok,,2.207245112910588,9.090638183317191,2026-01-01T00:00:00,fixed,6.868513544707262,11.523086717404702,0.28318388453720567,2026-01-01T00:00:00
180,2026-08-05 07:00:00,7.800000190734863,ok,,2.1880152812267926,8.917496816238005,2026-01-01T00:00:00,fixed,6.737695025594386,11.303616648638261,0.25050631715535265,2026-01-01T00:00:00
180,2026-08-06 07:00:00,9.300000190734863,ok,,2.1765179045693244,8.815556144605353,2026-01-01T00:00:00,fixed,6.660672833120553,11.174398966054738,0.23121620236681362,2026-01-01T00:00:00
180,2026-08-07 07:00:00,9.699999809265137,abstain,no_control_telemetry|too_many_missing_features,2.0586093115010096,7.835066093933627,2026-01-01T00:00:00,fixed,5.919854745579859,9.93155202268205,0.0953734902697514,2026-01-01T00:00:00
180,2026-08-07 10:00:00,8.800000190734863,abstain,no_control_telemetry|too_many_missing_features,2.041794031667766,7.7044187790343575,2026-01-01T00:00:00,fixed,5.821142990269648,9.765946450375461,0.0810697844165219,2026-01-01T00:00:00
180,2026-08-08 07:00:00,6.699999809265137,abstain,no_control_telemetry|too_many_missing_features,2.007982702066361,7.448276788401188,2026-01-01T00:00:00,fixed,5.627612602572463,9.441266674267855,0.060179920832945544,2026-01-01T00:00:00
180,2026-08-09 07:00:00,7.300000190734863,abstain,no_control_telemetry|too_many_missing_features,1.972865489033322,7.191253450635528,2026-01-01T00:00:00,fixed,5.433416305112396,9.11546972253066,0.04686813867569828,2026-01-01T00:00:00
