horizon_minutes,prediction_origin,target,forecast_status,abstain_reasons,ln_prediction,prediction,model_cutoff,config,prediction_lower,prediction_upper,exceedance_probability,model_fit_end
0,2024-01-01 01:00:00,4.599999904632568,abstain,outside_training_support,1.7491087753020524,5.749476316682333,2024-01-01T00:00:00,10.0,5.022998825863849,6.483484365130289,0.010000000000000009,2024-01-01T00:00:00
0,2024-01-01 10:00:00,10.800000190734863,ok,,2.277103378474301,9.748402042240754,2024-01-01T00:00:00,10.0,8.516638614572015,10.992933746415185,0.46834814134389413,2024-01-01T00:00:00
0,2024-01-01 22:00:00,8.300000190734863,ok,,2.117143872863453,8.307376647972696,2024-01-01T00:00:00,10.0,7.257694588235858,9.36793955583404,0.04833487107715684,2024-01-01T00:00:00
0,2024-01-02 10:00:00,9.5,ok,,2.1208763596452593,8.338441760498496,2024-01-01T00:00:00,10.0,7.284834455442488,9.402970602188235,0.05146092351663589,2024-01-01T00:00:00
0,2024-01-03 10:00:00,7.199999809265137,ok,,2.0367524025677413,7.665673708325744,2024-01-01T00:00:00,10.0,6.6970742926017035,8.644313481544911,0.01758388498051444,2024-01-01T00:00:00
0,2024-01-04 10:00:00,8.899999618530273,ok,,2.08679630361317,8.059054996985997,2024-01-01T00:00:00,10.0,7.040749723583819,9.087915871411836,0.03581754700877149,2024-01-01T00:00:00
0,2024-01-05 10:00:00,6.099999904632568,abstain,outside_training_support,1.928902174283993,6.881950910240784,2024-01-01T00:00:00,10.0,6.012379117293098,7.760536555073097,0.010000000000000009,2024-01-01T00:00:00
0,2024-01-06 10:00:00,6.900000095367432,ok,,2.2375982320465604,9.370797756369,2024-01-01T00:00:00,10.0,8.186746676575575,10.567122533565733,0.28297627430852257,2024-01-01T00:00:00
0,2024-01-07 10:00:00,3.200000047683716,ok,,1.8757081869624963,6.5254387149912105,2024-01-01T00:00:00,10.0,5.700914169964107,7.358510158830341,0.010000000000000009,2024-01-01T00:00:00
0,2024-01-08 12:00:00,12.600000381469727,abstain,outside_training_support,2.3270088070706234,10.247244160770755,2024-01-01T00:00:00,10.0,8.9524493280447,11.555460644173415,0.6657809586726615,2024-01-01T00:00:00
0,2024-01-08 14:00:00,1.0,abstain,outside_training_support,0.8401774343210955,2.316778016248201,2024-01-01T00:00:00,10.0,2.024040558552467,2.61254994689505,0.010000000000000009,2024-01-01T00:00:00
0,2024-01-08 16:00:00,2.0,abstain,outside_training_support,1.4040447006779295,4.071635252398798,2024-01-01T00:00:00,10.0,3.5571620727966575,4.5914413844692215,0.010000000000000009,2024-01-01T00:00:00
0,2024-01-09 10:00:00,6.0,abstain,outside_training_support,2.1669042263472025,8.7312123013734,2024-01-01T00:00:00,10.0,7.627976309931763,9.845884273031155,0.08725243305201247,2024-01-01T00:00:00
0,2024-01-10 10:00:00,9.199999809265137,abstain,outside_training_support,2.3826939772892906,10.834050270457151,2024-01-01T00:00:00,10.0,9.46510930568686,12.217181473681945,0.8474454788834138,2024-01-01T00:00:00
0,2024-01-11 10:00:00,4.699999809265137,ok,,1.8307113879849728,6.23832294836783,2024-01-01T00:00:00,10.0,5.450077036423493,7.034739700208946,0.010000000000000009,2024-01-01T00:00:00
0,2024-01-12 10:00:00,6.800000190734863,ok,,1.964969889533461,7.134697757846004,2024-01-01T00:00:00,10.0,6.233190030989388,8.045550379728695,0.010000000000000009,2024-01-01T00:00:00
0,2024-01-13 10:00:00,3.5,abstain,outside_training_support,1.2308887306722114,3.424271439431343,2024-01-01T00:00:00,10.0,2.9915961858640836,3.861431740330439,0.010000000000000009,2024-01-01T00:00:00
0,2024-01-13 23:00:00,3.4000000953674316,abstain,outside_training_support,1.154543666129949,3.1725753335678553,2024-01-01T00:00:00,10.0,2.77170324699616,3.5776028005720173,0.010000000000000009,2024-01-01T00:00:00
0,2024-01-14 10:00:00,4.099999904632568,ok,,1.3893661099366073,4.012305885885913,2024-01-01T00:00:00,10.0,3.5053292932670193,4.524537722467297,0.010000000000000009,2024-01-01T00:00:00
0,2024-01-15 10:00:00,2.299999952316284,abstain,outside_training_support,1.349435650656889,3.8552492092931647,2024-01-01T00:00:00,10.0,3.368117578900888,4.347430373720796,0.010000000000000009,2024-01-01T00:00:00
0,2024-01-16 10:00:00,6.300000190734863,abstain,outside_training_support,1.985688963267016,7.284064109691779,2024-01-01T00:00:00,10.0,6.363683134816596,8.213985616875204,0.010000000000000009,2024-01-01T00:00:00
0,2024-01-16 20:30:00,4.199999809265137,abstain,outside_training_support,1.5433751664860331,4.680360638578921,2024-01-01T00:00:00,10.0,4.088971707560166,5.277879819306378,0.010000000000000009,2024-01-01T00:00:00
0,2024-01-17 10:00:00,5.099999904632568,abstain,outside_training_support,1.9492200976883085,7.02320802793267,2024-01-01T00:00:00,10.0,6.1357876326482295,7.919827291059151,0.010000000000000009,2024-01-01T00:00:00
0,2024-01-18 10:00:00,5.900000095367432,ok,,2.3347888806890724,10.327279411089847,2024-01-01T00:00:00,10.0,9.022371690749987,11.645713610795347,0.7002628887985458,2024-01-01T00:00:00
0,2024-01-19 10:00:00,8.199999809265137,ok,,1.7474085712308525,5.739709338921896,2024-01-01T00:00:00,10.0,5.014465958673742,6.472470484192884,0.010000000000000009,2024-01-01T00:00:00
0,2024-01-19 23:45:00,12.800000190734863,ok,,2.320741944992467,10.183226898127163,2024-01-01T00:00:00,10.0,8.896520993465641,11.483270604839943,0.6407213612852731,2024-01-01T00:00:00
0,2024-01-20 10:00:00,7.300000190734863,ok,,1.7539778115186686,5.777538988736794,2024-01-01T00:00:00,10.0,5.047515627223854,6.515129663847488,0.010000000000000009,2024-01-01T00:00:00
0,2024-01-20 22:00:00,6.599999904632568,ok,,1.5318109643080453,4.626547753133921,2024-01-01T00:00:00,10.0,4.0419583718199545,5.217196901035566,0.010000000000000009,2024-01-01T00:00:00
0,2024-01-21 10:00:00,10.100000381469727,ok,,1.8669239899113665,6.468368998260244,2024-01-01T00:00:00,10.0,5.651055521220695,7.294154625253476,0.010000000000000009,2024-01-01T00:00:00
0,2024-01-21 22:00:00,5.800000190734863,abstain,outside_training_support,1.63492633038329,5.129080125741576,2024-01-01T00:00:00,10.0,4.480993055768944,5.783885169899268,0.010000000000000009,2024-01-01T00:00:00
0,2024-01-22 10:00:00,7.0,ok,,1.8638985842743456,6.448829131146793,2024-01-01T00:00:00,10.0,5.633984622209663,7.272120197081436,0.010000000000000009,2024-01-01T00:00:00
0,2024-01-23 10:00:00,9.600000381469727,ok,,2.199205581313463,9.017846707157691,2024-01-01T00:00:00,10.0,7.878392905183951,10.169111917785282,0.1356931659899645,2024-01-01T00:00:00
0,2024-01-24 10:00:00,8.5,ok,,2.176787555555409,8.817933588538272,2024-01-01T00:00:00,10.0,7.7037398924936475,9.943676850735322,0.09482651202591563,2024-01-01T00:00:00
0,2024-01-25 10:00:00,10.199999809265137,ok,,2.1916359925140214,8.94984302041065,2024-01-01T00:00:00,10.0,7.818981852790591,10.092426526714732,0.11655188624513835,2024-01-01T00:00:00
0,2024-01-26 10:00:00,8.899999618530273,ok,,2.2358964725388164,9.354864473345105,2024-01-01T00:00:00,10.0,8.172826650209178,10.549155124765232,0.27845767310302594,2024-01-01T00:00:00
0,2024-01-27 10:00:00,9.0,ok,,2.116396168183092,8.301167505163328,2024-01-01T00:00:00,10.0,7.252270004269736,9.360937721561136,0.04761432962819856,2024-01-01T00:00:00
0,2024-01-28 10:00:00,9.899999618530273,ok,,2.195428031068843,8.983845599002986,2024-01-01T00:00:00,10.0,7.848688021307205,10.13077005133068,0.11967728120864884,2024-01-01T00:00:00
0,2024-01-29 10:00:00,9.600000381469727,ok,,2.2468488529888537,9.457885641811258,2024-01-01T00:00:00,10.0,8.262830535735786,10.66532851138998,0.31647487537446517,2024-01-01T00:00:00
0,2024-01-30 10:00:00,7.599999904632568,ok,,1.9412070521744949,6.967155617531356,2024-01-01T00:00:00,10.0,6.086817748066619,7.856618938428786,0.010000000000000009,2024-01-01T00:00:00
0,2024-01-30 14:07:00,20.600000381469727,ok,,2.66049268210227,14.303334359839925,2024-01-01T00:00:00,10.0,12.496030549243418,16.129372412958276,0.99,2024-01-01T00:00:00
0,2024-01-30 16:25:00,4.400000095367432,ok,,1.863275985985008,6.444815350777561,2024-01-01T00:00:00,10.0,5.630478004742012,7.26759399663541,0.010000000000000009,2024-01-01T00:00:00
0,2024-01-30 22:30:00,1.0,ok,,2.9423201857167918,18.959785542565687,2024-01-01T00:00:00,10.0,16.56411389027027,21.380290370929046,0.99,2024-01-01T00:00:00
0,2024-01-31 10:00:00,3.299999952316284,abstain,outside_training_support,1.0052768162196295,2.732663613748457,2024-01-01T00:00:00,10.0,2.38737675699478,3.081529662708837,0.010000000000000009,2024-01-01T00:00:00
0,2024-01-31 15:00:00,2.9000000953674316,ok,,1.845685066423419,6.332436444370926,2024-01-01T00:00:00,10.0,5.5322987821762055,7.1408682145770035,0.010000000000000009,2024-01-01T00:00:00
0,2024-02-01 10:00:00,7.300000190734863,abstain,outside_training_support,2.3414783344316956,10.396594851732736,2024-01-01T00:00:00,10.0,9.082928749825651,11.723878221086258,0.7283995061520733,2024-01-01T00:00:00
0,2024-02-01 22:30:00,6.300000190734863,abstain,outside_training_support,1.9446885803259104,6.991454239573719,2024-01-01T00:00:00,10.0,6.108046107532117,7.884019648933285,0.010000000000000009,2024-01-01T00:00:00
0,2024-02-02 02:00:00,19.100000381469727,abstain,outside_training_support,2.8103524748815283,16.615773829660313,2024-01-01T00:00:00,10.0,14.516280760221163,18.737029932024637,0.99,2024-01-01T00:00:00
0,2024-02-02 07:00:00,11.600000381469727,ok,,2.8478513390343934,17.250676136609364,2024-01-01T00:00:00,10.0,15.070959719953546,19.45298716947694,0.99,2024-01-01T00:00:00
0,2024-02-02 10:00:00,5.300000190734863,ok,,2.2873555409975688,9.848858311433906,2024-01-01T00:00:00,10.0,8.604401689748753,11.106214785386216,0.5207005490460251,2024-01-01T00:00:00
0,2024-02-03 10:00:00,7.300000190734863,ok,,1.8766707000663705,6.53172255891885,2024-01-01T00:00:00,10.0,5.706404016157379,7.365596230954781,0.010000000000000009,2024-01-01T00:00:00
0,2024-02-04 10:00:00,6.900000095367432,ok,,1.847876943385114,6.346331588584917,2024-01-01T00:00:00,10.0,5.544438199616637,7.15653728516718,0.010000000000000009,2024-01-01T00:00:00
0,2024-02-05 10:00:00,9.300000190734863,ok,,2.0174032458637234,7.518775151184657,2024-01-01T00:00:00,10.0,6.5687371642444985,8.47866109060959,0.01192923742516594,2024-01-01T00:00:00
0,2024-02-05 18:00:00,12.100000381469727,ok,,1.3706459920026215,3.9378937218461734,2024-01-01T00:00:00,10.0,3.4403195094164305,4.440625714563671,0.010000000000000009,2024-01-01T00:00:00
0,2024-02-06 10:00:00,9.899999618530273,ok,,2.2031001490301416,9.053035800492784,2024-01-01T00:00:00,10.0,7.909135665875481,10.208793433786871,0.15882281736414094,2024-01-01T00:00:00
0,2024-02-07 10:00:00,8.899999618530273,ok,,2.069832033155072,7.923492122098477,2024-01-01T00:00:00,10.0,6.922315952595843,8.935046334881154,0.032547629475984885,2024-01-01T00:00:00
0,2024-02-08 10:00:00,10.699999809265137,ok,,2.302859084259712,10.002740288047013,2024-01-01T00:00:00,10.0,8.738839844682362,11.279742135442707,0.5650857346551087,2024-01-01T00:00:00
0,2024-02-09 10:00:00,11.300000190734863,ok,,2.3431210714759083,10.413687758961409,2024-01-01T00:00:00,10.0,9.097861875594186,11.743153297748487,0.7361795654200703,2024-01-01T00:00:00
0,2024-02-11 10:00:00,7.800000190734863,ok,,2.0736814421086818,7.954051663968384,2024-01-01T00:00:00,10.0,6.949014130738797,8.969507266800152,0.033289615396296934,2024-01-01T00:00:00
0,2024-02-12 10:00:00,9.0,ok,,2.234807716044058,9.344684846465173,2024-01-01T00:00:00,10.0,8.1639332743521,10.537675913775635,0.27350651055949826,2024-01-01T00:00:00
0,2024-02-13 10:00:00,2.5999999046325684,abstain,outside_training_support,1.2072786196988545,3.3443709520225284,2024-01-01T00:00:00,10.0,2.9217915580450384,3.7713307411527843,0.010000000000000009,2024-01-01T00:00:00
0,2024-02-14 10:00:00,8.600000381469727,ok,,2.0839750190670125,8.036350153139113,2024-01-01T00:00:00,10.0,7.020913759801619,9.062312409116169,0.03527373536504386,2024-01-01T00:00:00
0,2024-02-15 10:00:00,9.199999809265137,ok,,2.1848608679514316,8.889411665272421,2024-01-01T00:00:00,10.0,7.766186326870441,10.024280190488334,0.11096783432189272,2024-01-01T00:00:00
0,2024-02-16 10:00:00,9.600000381469727,ok,,2.1858873081932373,8.898540799585527,2024-01-01T00:00:00,10.0,7.7741619455894595,10.034574797566627,0.11181382549938346,2024-01-01T00:00:00
0,2024-02-17 10:00:00,10.699999809265137,ok,,2.2614264193794904,9.596768424727163,2024-01-01T00:00:00,10.0,8.38416472638114,10.821941792674115,0.3982391492508951,2024-01-01T00:00:00
0,2024-02-17 16:00:00,7.400000095367432,ok,,2.3198569201620103,10.174218476394607,2024-01-01T00:00:00,10.0,8.888650834638442,11.473112121138033,0.6380124597383503,2024-01-01T00:00:00
0,2024-02-18 10:00:00,8.199999809265137,ok,,2.29148422460638,9.889605188911382,2024-01-01T00:00:00,10.0,8.63999997843691,11.152163621158714,0.5293782257630193,2024-01-01T00:00:00
0,2024-02-19 10:00:00,6.800000190734863,ok,,2.115365079213019,8.292612674063939,2024-01-01T00:00:00,10.0,7.244796122441053,9.351290736231658,0.0466206989073874,2024-01-01T00:00:00
0,2024-02-20 10:00:00,7.699999809265137,ok,,2.158219920591734,8.65571607476535,2024-01-01T00:00:00,10.0,7.562019440693243,9.760749805493758,0.0820809592674443,2024-01-01T00:00:00
0,2024-02-21 10:00:00,7.0,ok,,2.1947076409522652,8.977376056001809,2024-01-01T00:00:00,10.0,7.843035940124697,10.12347457282319,0.11908353628502388,2024-01-01T00:00:00
0,2024-02-22 10:00:00,8.100000381469727,ok,,2.1933498409396504,8.965194846374475,2024-01-01T00:00:00,10.0,7.832393892347551,10.109738246622829,0.11796443866522643,2024-01-01T00:00:00
0,2024-02-23 10:00:00,7.800000190734863,ok,,2.1517626896029527,8.600004182555036,2024-01-01T00:00:00,10.0,7.513347047983825,9.697925443377624,0.07793916418816971,2024-01-01T00:00:00
0,2024-02-24 12:00:00,7.400000095367432,abstain,outside_training_support,1.6320663029685976,5.11443177329958,2024-01-01T00:00:00,10.0,4.468195602041984,5.767366732601414,0.010000000000000009,2024-01-01T00:00:00
0,2024-02-24 15:00:00,13.899999618530273,ok,,2.514292968495605,12.357868287368452,2024-01-01T00:00:00,10.0,10.796384658116239,13.935538023700605,0.9502847408554069,2024-01-01T00:00:00
0,2024-02-25 10:00:00,8.0,ok,,2.189902915479566,8.934345685926166,2024-01-01T00:00:00,10.0,7.805442690503111,10.074950721911463,0.11512348562194974,2024-01-01T00:00:00
0,2024-02-26 10:00:00,8.300000190734863,ok,,2.110313394673673,8.250826644610296,2024-01-01T00:00:00,10.0,7.208289984260406,9.304170084937299,0.04175253612431917,2024-01-01T00:00:00
0,2024-02-27 10:00:00,8.100000381469727,ok,,2.0946993789719928,8.12299865891861,2024-01-01T00:00:00,10.0,7.096613757300593,9.16002291378478,0.03734089012821662,2024-01-01T00:00:00
0,2024-02-28 10:00:00,8.800000190734863,ok,,2.1314143529303875,8.426776823468524,2024-01-01T00:00:00,10.0,7.362007904490991,9.502582978709762,0.05914091735824889,2024-01-01T00:00:00
0,2024-02-29 10:00:00,8.300000190734863,ok,,2.1503053318914405,8.587480028443501,2024-01-01T00:00:00,10.0,7.502405388616581,9.683802390616625,0.07692544766503795,2024-01-01T00:00:00
0,2024-02-29 21:00:00,8.399999618530273,ok,,2.0405393237276406,7.694758045585135,2024-01-01T00:00:00,10.0,6.722483666231275,8.677110876560576,0.018690584606068428,2024-01-01T00:00:00
0,2024-03-01 06:00:00,14.199999809265137,ok,,2.539362652959453,12.671592194830966,2024-01-01T00:00:00,10.0,11.070467849703146,14.289313556804203,0.9620617934918736,2024-01-01T00:00:00
0,2024-03-01 10:00:00,9.800000190734863,ok,,2.2709581411279887,9.688679490518004,2024-01-01T00:00:00,10.0,8.464462330914571,10.925586703134627,0.4423555595530234,2024-01-01T00:00:00
0,2024-03-02 10:00:00,7.599999904632568,ok,,2.039476640125846,7.686585295683089,2024-01-01T00:00:00,10.0,6.715343587570033,8.66789475090122,0.018380023204198848,2024-01-01T00:00:00
0,2024-03-03 10:00:00,8.899999618530273,ok,,2.0549342571324645,7.80632464559846,2024-01-01T00:00:00,10.0,6.819953221718708,8.802920648966863,0.028550486458425506,2024-01-01T00:00:00
0,2024-03-04 10:00:00,9.199999809265137,ok,,2.1297252121327435,8.412554825803115,2024-01-01T00:00:00,10.0,7.349582933304048,9.486545326856662,0.05790988687905596,2024-01-01T00:00:00
0,2024-03-05 10:00:00,7.900000095367432,ok,,2.0894917075582726,8.080806707272322,2024-01-01T00:00:00,10.0,7.059752987396161,9.112444518159544,0.03633709476296487,2024-01-01T00:00:00
0,2024-03-06 10:00:00,9.399999618530273,ok,,2.120712047527386,8.337071766029496,2024-01-01T00:00:00,10.0,7.283637567199073,9.401425707100257,0.051341174336766104,2024-01-01T00:00:00
0,2024-03-07 10:00:00,8.5,ok,,2.143287132450907,8.527422375716727,2024-01-01T00:00:00,10.0,7.449936345782989,9.616077465595078,0.07204369167657831,2024-01-01T00:00:00
0,2024-03-08 10:00:00,8.0,ok,,2.0241182190514198,7.569433418831723,2024-01-01T00:00:00,10.0,6.612994485241402,8.535786656167856,0.013891638541704165,2024-01-01T00:00:00
0,2024-03-08 17:00:00,10.5,ok,,2.2374513383126637,9.369421345992482,2024-01-01T00:00:00,10.0,8.185544183109327,10.565570403482116,0.2826554207589195,2024-01-01T00:00:00
0,2024-03-09 09:30:00,8.5,ok,,2.140565623400732,8.504246469570287,2024-01-01T00:00:00,10.0,7.429688840975616,9.589942802736795,0.07015065013281596,2024-01-01T00:00:00
0,2024-03-10 10:00:00,7.400000095367432,ok,,1.9897790525234746,7.313917592136284,2024-01-01T00:00:00,10.0,6.389764467968903,8.247650350150485,0.010000000000000009,2024-01-01T00:00:00
0,2024-03-11 10:00:00,10.0,ok,,2.2444248805795164,9.434987751104144,2024-01-01T00:00:00,10.0,8.242825917610327,10.639507356867908,0.3037647903050973,2024-01-01T00:00:00
0,2024-03-12 10:00:00,7.699999809265137,ok,,2.0780699768148407,7.9890350024017005,2024-01-01T00:00:00,10.0,6.9795771347754405,9.008956760159116,0.03413551953431204,2024-01-01T00:00:00
0,2024-03-13 10:00:00,7.5,ok,,2.058608955612418,7.835063305523487,2024-01-01T00:00:00,10.0,6.845060596218445,8.83532823568186,0.03038434528883438,2024-01-01T00:00:00
0,2024-03-14 10:00:00,8.399999618530273,ok,,2.074169956057564,7.9579382784117545,2024-01-01T00:00:00,10.0,6.952409650384471,8.973890066656857,0.03338377802653836,2024-01-01T00:00:00
0,2024-03-15 10:00:00,7.800000190734863,ok,,2.0325782929546095,7.633743033438364,2024-01-01T00:00:00,10.0,6.669178231528632,8.608306370636445,0.016364032400853934,2024-01-01T00:00:00
0,2024-03-16 10:00:00,3.5,abstain,outside_training_support,1.443914480349953,4.237250027262155,2024-01-01T00:00:00,10.0,3.701850523337901,4.778199402820489,0.010000000000000009,2024-01-01T00:00:00
0,2024-04-23 06:30:00,2120.0,abstain,too_many_missing_features|outside_training_support,2.207666248546894,9.094467381262211,2024-01-01T00:00:00,10.0,7.94533214188403,10.255514385634573,0.18471886515103486,2024-01-01T00:00:00
0,2024-04-23 09:24:00,34.0,abstain,outside_training_support,2.5913991410154917,13.348434886611,2024-01-01T00:00:00,10.0,11.661787799355091,15.052565506738448,0.99,2024-01-01T00:00:00
0,2024-04-23 10:00:00,107.0,ok,,2.6762637086009757,14.530700813603275,2024-01-01T00:00:00,10.0,12.694668019404032,16.38576565069587,0.99,2024-01-01T00:00:00
0,2024-04-23 13:21:00,6.800000190734863,abstain,outside_training_support,2.4480833333341767,11.566156993301686,2024-01-01T00:00:00,10.0,10.104710376585281,13.0427527483034,0.9106876997979437,2024-01-01T00:00:00
0,2024-04-23 16:33:00,5.0,abstain,outside_training_support,1.6638258788558582,5.279470870921793,2024-01-01T00:00:00,10.0,4.612381115281279,5.953475579760956,0.010000000000000009,2024-01-01T00:00:00
0,2024-04-24 02:00:00,3.200000047683716,abstain,outside_training_support,1.4004658823592513,4.057089653124036,2024-01-01T00:00:00,10.0,3.544454388817401,4.57503881834233,0.010000000000000009,2024-01-01T00:00:00
0,2024-04-24 10:00:00,3.799999952316284,ok,,1.97523522480608,7.208315028920352,2024-01-01T00:00:00,10.0,6.297505360908537,8.128566014496892,0.010000000000000009,2024-01-01T00:00:00
0,2024-04-24 15:00:00,7.599999904632568,ok,,2.0968057949444296,8.14012710652242,2024-01-01T00:00:00,10.0,7.111577932725263,9.179338068091276,0.037746908561878456,2024-01-01T00:00:00
0,2024-04-25 10:00:00,6.800000190734863,ok,,2.1185490153171975,8.319057900569996,2024-01-01T00:00:00,10.0,7.267899851263138,9.381112097889739,0.049688966358631625,2024-01-01T00:00:00
0,2024-04-26 10:00:00,5.900000095367432,ok,,1.836093239680281,6.271987184010091,2024-01-01T00:00:00,10.0,5.47948761345536,7.07270168725416,0.010000000000000009,2024-01-01T00:00:00
0,2024-04-26 16:00:00,6.599999904632568,ok,,2.8060501130504356,16.544440319860225,2024-01-01T00:00:00,10.0,14.453960625962859,18.656589615372354,0.99,2024-01-01T00:00:00
0,2024-04-26 17:00:00,4.5,ok,,2.842356437378426,17.156145324352877,2024-01-01T00:00:00,10.0,14.988373388117626,19.346388062092206,0.99,2024-01-01T00:00:00
0,2024-04-26 20:00:00,4.300000190734863,ok,,1.6913372178146737,5.426732578863139,2024-01-01T00:00:00,10.0,4.741035508367103,6.119537483216371,0.010000000000000009,2024-01-01T00:00:00
0,2024-04-27 10:00:00,3.5,ok,,1.5077311138413212,4.516471800116911,2024-01-01T00:00:00,10.0,3.94579111200257,5.093068079373696,0.010000000000000009,2024-01-01T00:00:00
0,2024-04-27 23:00:00,6.900000095367432,ok,,1.9327845243312818,6.9087209844574105,2024-01-01T00:00:00,10.0,6.035766647557072,7.790724236189946,0.010000000000000009,2024-01-01T00:00:00
0,2024-04-28 10:00:00,8.899999618530273,ok,,2.110898604134739,8.255656519530746,2024-01-01T00:00:00,10.0,7.212509578310058,9.309616566809293,0.04231648561413215,2024-01-01T00:00:00
0,2024-04-29 10:00:00,7.5,ok,,2.121526395276615,8.343863806823533,2024-01-01T00:00:00,10.0,7.289571396830596,9.409084855146089,0.05193466358370202,2024-01-01T00:00:00
0,2024-04-30 10:00:00,6.599999904632568,ok,,1.8905066859477764,6.622723471977852,2024-01-01T00:00:00,10.0,5.78590647068904,7.468214793852188,0.010000000000000009,2024-01-01T00:00:00
0,2024-05-01 10:00:00,6.099999904632568,ok,,1.855199407475724,6.392972930120733,2024-01-01T00:00:00,10.0,5.585186154885424,7.209133102935616,0.010000000000000009,2024-01-01T00:00:00
0,2024-05-02 10:00:00,7.599999904632568,ok,,1.9976323710018904,7.371582249401305,2024-01-01T00:00:00,10.0,6.4401428832857235,8.312676777464144,0.010000000000000009,2024-01-01T00:00:00
0,2024-05-03 10:00:00,8.600000381469727,ok,,2.2044536713271956,9.06529758273062,2024-01-01T00:00:00,10.0,7.919848105477144,10.222620618916233,0.1673218870558859,2024-01-01T00:00:00
0,2024-05-04 03:00:00,4.0,abstain,outside_training_support,2.3953126823145094,10.971628156873042,2024-01-01T00:00:00,10.0,9.58530348057662,12.372323268592373,0.8647252235209925,2024-01-01T00:00:00
0,2024-05-04 06:00:00,2.5999999046325684,ok,,1.2819297060913213,3.60358688398716,2024-01-01T00:00:00,10.0,3.1482541522339424,4.063639527121512,0.010000000000000009,2024-01-01T00:00:00
0,2024-05-04 10:00:00,5.5,abstain,outside_training_support,1.466224024530009,4.332843502545324,2024-01-01T00:00:00,10.0,3.78536524496818,4.885996838320586,0.010000000000000009,2024-01-01T00:00:00
0,2024-05-04 22:00:00,8.899999618530273,abstain,outside_training_support,2.0442185978087464,7.723121315548391,2024-01-01T00:00:00,10.0,6.747263083325265,8.709095149078957,0.019765825171145,2024-01-01T00:00:00
0,2024-05-05 10:00:00,7.900000095367432,ok,,2.236341248948736,9.359026221836013,2024-01-01T00:00:00,10.0,8.176462539224447,10.553848183712901,0.2802307011786863,2024-01-01T00:00:00
0,2024-05-06 10:00:00,7.5,ok,,1.9337859147500993,6.915642776587268,2024-01-01T00:00:00,10.0,6.041813833739971,7.79852970030194,0.010000000000000009,2024-01-01T00:00:00
0,2024-05-07 10:00:00,6.0,ok,,1.7086160667302788,5.521315056177045,2024-01-01T00:00:00,10.0,4.823666977100447,6.226194851488453,0.010000000000000009,2024-01-01T00:00:00
0,2024-05-08 10:00:00,8.300000190734863,ok,,2.0262690217428596,7.585731297079054,2024-01-01T00:00:00,10.0,6.627233038248897,8.5541652063142,0.014520194678140919,2024-01-01T00:00:00
0,2024-05-09 10:00:00,7.599999904632568,ok,,2.060210516603276,7.847621691100387,2024-01-01T00:00:00,10.0,6.856032161719894,8.849489890075123,0.030693051305799135,2024-01-01T00:00:00
0,2024-05-10 10:00:00,7.0,ok,,1.8857822368541848,6.591508546796877,2024-01-01T00:00:00,10.0,5.7586357204680985,7.433014808980115,0.010000000000000009,2024-01-01T00:00:00
0,2024-05-11 10:00:00,8.699999809265137,ok,,2.0542879018615157,7.801280616809943,2024-01-01T00:00:00,10.0,6.815546533302785,8.797232673230234,0.027993047149919237,2024-01-01T00:00:00
0,2024-05-12 10:00:00,7.099999904632568,ok,,1.9088177619886906,6.745109757751917,2024-01-01T00:00:00,10.0,5.892828586006091,7.606225549374421,0.010000000000000009,2024-01-01T00:00:00
0,2024-05-13 10:00:00,8.600000381469727,ok,,2.2574809470561004,9.558979237630552,2024-01-01T00:00:00,10.0,8.35115040786558,10.779328241418854,0.3907165180480797,2024-01-01T00:00:00
0,2024-05-13 14:02:00,5.699999809265137,ok,,2.837237240019338,17.068544045940705,2024-01-01T00:00:00,10.0,14.911841005971487,19.247603148881456,0.99,2024-01-01T00:00:00
0,2024-05-14 10:00:00,7.400000095367432,ok,,2.0377895348262647,7.673628150002982,2024-01-01T00:00:00,10.0,6.704023647465422,8.653283428616104,0.01788697919179938,2024-01-01T00:00:00
0,2024-05-15 10:00:00,6.900000095367432,ok,,1.9374074576750657,6.9407334798626374,2024-01-01T00:00:00,10.0,6.063734190682149,7.8268236132491005,0.010000000000000009,2024-01-01T00:00:00
0,2024-05-16 10:00:00,7.199999809265137,ok,,2.0405644372392175,7.694951290406913,2024-01-01T00:00:00,10.0,6.722652493522567,8.67732879202133,0.018697923843587594,2024-01-01T00:00:00
0,2024-05-17 10:00:00,6.5,ok,,1.943106344535322,6.980400857282124,2024-01-01T00:00:00,10.0,6.098389379994791,7.8715551343719445,0.010000000000000009,2024-01-01T00:00:00
0,2024-05-18 10:00:00,7.599999904632568,ok,,1.972944292792047,7.191820170766928,2024-01-01T00:00:00,10.0,6.283094717473579,8.109965336965189,0.010000000000000009,2024-01-01T00:00:00
0,2024-05-19 10:00:00,8.899999618530273,ok,,2.1802749499273983,8.848738884394262,2024-01-01T00:00:00,10.0,7.730652772274724,9.978414910872383,0.09802078226048005,2024-01-01T00:00:00
0,2024-05-20 09:20:00,6.699999809265137,ok,,2.025287869323284,7.578292188509139,2024-01-01T00:00:00,10.0,6.620733901361641,8.545776382454957,0.01423346015964766,2024-01-01T00:00:00
0,2024-05-20 17:00:00,6.900000095367432,ok,,1.8853313905342048,6.5885374592277115,2024-01-01T00:00:00,10.0,5.756040045914547,7.429664416919844,0.010000000000000009,2024-01-01T00:00:00
0,2024-05-20 22:00:00,7.0,ok,,1.853243326137721,6.380479977676765,2024-01-01T00:00:00,10.0,5.574271754685958,7.1950452352093395,0.010000000000000009,2024-01-01T00:00:00
0,2024-05-21 10:00:00,5.800000190734863,ok,,1.795363403468113,6.021662617317703,2024-01-01T00:00:00,10.0,5.260792912351469,6.7904193844905185,0.010000000000000009,2024-01-01T00:00:00
0,2024-05-22 10:00:00,7.900000095367432,ok,,2.0236621415962084,7.565981958027228,2024-01-01T00:00:00,10.0,6.609979135214098,8.531894563926711,0.013758353287643188,2024-01-01T00:00:00
0,2024-05-23 10:00:00,8.600000381469727,ok,,2.072749171931421,7.946639794283029,2024-01-01T00:00:00,10.0,6.942538790955421,8.961149159283135,0.033109917329972816,2024-01-01T00:00:00
0,2024-05-24 10:00:00,6.300000190734863,ok,,2.016085721309708,7.508875503253504,2024-01-01T00:00:00,10.0,6.560088390478727,8.467497602137485,0.011544200644884484,2024-01-01T00:00:00
0,2024-05-25 10:00:00,7.0,ok,,1.9615117087345553,7.110067295895449,2024-01-01T00:00:00,10.0,6.211671761386444,8.017775464907496,0.010000000000000009,2024-01-01T00:00:00
0,2024-05-26 10:00:00,8.5,ok,,2.0001024321258556,7.3898130144205,2024-01-01T00:00:00,10.0,6.45607009234654,8.3332349767602,0.010000000000000009,2024-01-01T00:00:00
0,2024-05-27 10:00:00,5.0,ok,,1.6871610950513707,5.4041171327176905,2024-01-01T00:00:00,10.0,4.721277646402289,6.094034831597646,0.010000000000000009,2024-01-01T00:00:00
0,2024-05-28 10:00:00,5.900000095367432,ok,,1.757573711974867,5.7983518418694215,2024-01-01T00:00:00,10.0,5.065698663571831,6.538599594054455,0.010000000000000009,2024-01-01T00:00:00
0,2024-05-29 10:00:00,6.099999904632568,ok,,1.8645088882853953,6.45276607867734,2024-01-01T00:00:00,10.0,5.63742411508418,7.276559755808999,0.010000000000000009,2024-01-01T00:00:00
0,2024-05-30 10:00:00,6.300000190734863,ok,,1.791224468747707,5.996790855641343,2024-01-01T00:00:00,10.0,5.2390638325507535,6.762372364365567,0.010000000000000009,2024-01-01T00:00:00
0,2024-05-31 10:00:00,8.5,ok,,2.0606322280986586,7.850931821289859,2024-01-01T00:00:00,10.0,6.858924039021299,8.8532226086999,0.030774337548902575,2024-01-01T00:00:00
0,2024-06-01 10:00:00,7.800000190734863,ok,,2.1117074008651757,8.262336368487214,2024-01-01T00:00:00,10.0,7.218345392150691,9.317149200024081,0.043095899710858365,2024-01-01T00:00:00
0,2024-06-02 10:00:00,6.300000190734863,ok,,1.9550806183102387,7.064488527872488,2024-01-01T00:00:00,10.0,6.171852117708745,7.966377874312794,0.010000000000000009,2024-01-01T00:00:00
0,2024-06-03 10:00:00,9.600000381469727,ok,,2.176606984388998,8.816341467734738,2024-01-01T00:00:00,10.0,7.702348944781838,9.941881471509712,0.09466111831342938,2024-01-01T00:00:00
0,2024-06-04 10:00:00,5.900000095367432,ok,,1.711897112111497,5.539460493163114,2024-01-01T00:00:00,10.0,4.839519639787544,6.2466568293309015,0.010000000000000009,2024-01-01T00:00:00
0,2024-06-05 10:00:00,9.699999809265137,ok,,2.0722459227877303,7.942641660724363,2024-01-01T00:00:00,10.0,6.939045843239025,8.956640603200889,0.03301291444367849,2024-01-01T00:00:00
0,2024-06-06 10:00:00,8.399999618530273,ok,,2.0928440494987615,8.107941792139176,2024-01-01T00:00:00,10.0,7.0834594072365995,9.143043809084574,0.036983269422475096,2024-01-01T00:00:00
0,2024-06-07 08:20:00,9.699999809265137,ok,,2.1905602228622447,8.940220227783287,2024-01-01T00:00:00,10.0,7.810574952160609,10.081575238334365,0.11566523780975124,2024-01-01T00:00:00
0,2024-06-08 10:00:00,9.5,ok,,2.109069383132042,8.240568902733923,2024-01-01T00:00:00,10.0,7.199328363660016,9.292602786384553,0.040553718058482624,2024-01-01T00:00:00
0,2024-06-09 10:00:00,9.100000381469727,ok,,2.0871175648069618,8.061644474542218,2024-01-01T00:00:00,10.0,7.043012006617625,9.09083593514023,0.035879471134113605,2024-01-01T00:00:00
0,2024-06-10 10:00:00,8.300000190734863,ok,,2.1567511043979373,8.643011751267919,2024-01-01T00:00:00,10.0,7.550920377318405,9.746423581986035,0.08120628434759991,2024-01-01T00:00:00
0,2024-06-11 10:00:00,8.5,ok,,2.0272621209198936,7.593268422524467,2024-01-01T00:00:00,10.0,6.633817807048248,8.562664560393037,0.01481042054790549,2024-01-01T00:00:00
0,2024-06-12 10:00:00,9.800000190734863,ok,,2.223073596215095,9.235674018573041,2024-01-01T00:00:00,10.0,8.068696555327822,10.414748196651585,0.2273174277472867,2024-01-01T00:00:00
0,2024-06-13 10:00:00,8.800000190734863,ok,,2.1586204036395964,8.659183236543823,2024-01-01T00:00:00,10.0,7.565048507791374,9.764659603176876,0.08231944552547144,2024-01-01T00:00:00
0,2024-06-14 10:00:00,8.800000190734863,ok,,2.230639714618395,9.305817243083972,2024-01-01T00:00:00,10.0,8.129976803293781,10.493846270004267,0.254842239408106,2024-01-01T00:00:00
0,2024-06-15 10:00:00,9.300000190734863,ok,,2.2886762794196263,9.861874670730046,2024-01-01T00:00:00,10.0,8.615773361508113,11.120892880805545,0.5234764801030499,2024-01-01T00:00:00
0,2024-06-16 10:00:00,9.5,ok,,2.2485892846272573,9.474360777980047,2024-01-01T00:00:00,10.0,8.277223949165746,10.683906949125918,0.3251572227823879,2024-01-01T00:00:00
0,2024-06-17 10:00:00,8.800000190734863,ok,,2.1380767274444046,8.48310660329716,2024-01-01T00:00:00,10.0,7.411220111369628,9.566104111191082,0.06707021494282828,2024-01-01T00:00:00
0,2024-06-18 10:00:00,9.5,ok,,2.275446750098031,9.732265932253483,2024-01-01T00:00:00,10.0,8.50254138952825,10.974737616706303,0.46213902389493733,2024-01-01T00:00:00
0,2024-06-19 10:00:00,9.399999618530273,ok,,2.2858915407989167,9.834450130272929,2024-01-01T00:00:00,10.0,8.591814060359892,11.0899671808842,0.509876614442802,2024-01-01T00:00:00
0,2024-06-20 10:00:00,8.899999618530273,ok,,2.1922108777955813,8.954989632649426,2024-01-01T00:00:00,10.0,7.8234781626819,10.098230182238396,0.11702570620704222,2024-01-01T00:00:00
0,2024-06-21 09:30:00,6.800000190734863,ok,,2.0213899685149146,7.548810253418926,2024-01-01T00:00:00,10.0,6.594977168541879,8.51253063020156,0.013094327554842189,2024-01-01T00:00:00
0,2024-06-22 10:00:00,7.699999809265137,ok,,2.1245628593297305,8.36923815398737,2024-01-01T00:00:00,10.0,7.311739557718779,9.437698623435693,0.05414761102039467,2024-01-01T00:00:00
0,2024-06-23 10:00:00,9.100000381469727,ok,,2.0873782175844555,8.06374603844301,2024-01-01T00:00:00,10.0,7.044848026530522,9.093205795618406,0.03592971279285173,2024-01-01T00:00:00
0,2024-06-24 10:00:00,8.699999809265137,ok,,2.1224297627456323,8.351404787578048,2024-01-01T00:00:00,10.0,7.296159533799851,9.417588556722835,0.05259302959429335,2024-01-01T00:00:00
0,2024-06-25 12:00:00,7.599999904632568,ok,,1.8949753923064705,6.652384702774711,2024-01-01T00:00:00,10.0,5.811819844231254,7.501662731634618,0.010000000000000009,2024-01-01T00:00:00
0,2024-06-26 10:00:00,8.899999618530273,ok,,2.215750308447402,9.168285573666537,2024-01-01T00:00:00,10.0,8.009823005634258,10.338756592394683,0.204046459113163,2024-01-01T00:00:00
0,2024-06-27 10:00:00,9.399999618530273,ok,,2.2116069174835906,9.130376372621923,2024-01-01T00:00:00,10.0,7.976703837583416,10.296007705586645,0.19546359378501876,2024-01-01T00:00:00
0,2024-06-28 10:00:00,9.300000190734863,ok,,2.1701755805245564,8.759821959857293,2024-01-01T00:00:00,10.0,7.652970983021553,9.878146389310134,0.08920051305340693,2024-01-01T00:00:00
0,2024-06-29 10:00:00,8.300000190734863,ok,,2.084772802456082,8.042763977881275,2024-01-01T00:00:00,10.0,7.026517163029093,9.069545056081918,0.035427510671664164,2024-01-01T00:00:00
0,2024-06-30 10:00:00,8.800000190734863,ok,,2.1951647067746713,8.98148024564285,2024-01-01T00:00:00,10.0,7.846621543162709,10.128102724658865,0.1194602495485334,2024-01-01T00:00:00
0,2024-07-01 10:00:00,8.5,ok,,2.1417772802057384,8.514556942792703,2024-01-01T00:00:00,10.0,7.43869653003071,9.601569564593467,0.07099346073030854,2024-01-01T00:00:00
0,2024-07-02 10:00:00,9.699999809265137,ok,,2.1858978223878696,8.898634361067298,2024-01-01T00:00:00,10.0,7.77424368507097,10.034680303593754,0.11182249128968957,2024-01-01T00:00:00
0,2024-07-03 10:00:00,9.300000190734863,ok,,2.2776171447065248,9.753411728821902,2024-01-01T00:00:00,10.0,8.521015300104581,10.998582995639646,0.4719497689500297,2024-01-01T00:00:00
0,2024-07-04 10:00:00,10.100000381469727,ok,,2.2894018579156787,9.869032831511616,2024-01-01T00:00:00,10.0,8.622027049882627,11.128964889620635,0.5250015026569965,2024-01-01T00:00:00
0,2024-07-05 10:00:00,10.100000381469727,ok,,2.23100826893275,9.309247574270358,2024-01-01T00:00:00,10.0,8.132973693544733,10.497714535110363,0.2565462222638547,2024-01-01T00:00:00
0,2024-07-06 10:00:00,8.899999618530273,ok,,1.956717099389677,7.076058894445061,2024-01-01T00:00:00,10.0,6.181960505761448,7.979425374057153,0.010000000000000009,2024-01-01T00:00:00
0,2024-07-07 10:00:00,8.800000190734863,ok,,2.0527179757721834,7.7890427915934675,2024-01-01T00:00:00,10.0,6.804855023623004,8.783432503600174,0.02663908818496985,2024-01-01T00:00:00
0,2024-07-08 10:00:00,7.5,ok,,2.1351782168707145,8.45855382953667,2024-01-01T00:00:00,10.0,7.3897697136329175,9.538416802638334,0.06333305222646135,2024-01-01T00:00:00
0,2024-07-09 10:00:00,9.399999618530273,ok,,2.136832898128718,8.472561626051322,2024-01-01T00:00:00,10.0,7.402007549145323,9.554212907307754,0.06546649730029108,2024-01-01T00:00:00
0,2024-07-10 10:00:00,9.300000190734863,ok,,2.1108254271527644,8.255052417605876,2024-01-01T00:00:00,10.0,7.211981807937213,9.308935342090882,0.042245967065824064,2024-01-01T00:00:00
0,2024-07-11 10:00:00,10.800000190734863,ok,,2.2779984541180855,9.757131505656817,2024-01-01T00:00:00,10.0,8.524265062977774,11.00277765853111,0.48026732112949466,2024-01-01T00:00:00
0,2024-07-11 16:00:00,7.099999904632568,ok,,2.297211059523464,9.946403808147796,2024-01-01T00:00:00,10.0,8.689621784323368,11.216213447524947,0.5520351732750917,2024-01-01T00:00:00
0,2024-07-12 10:00:00,6.5,ok,,2.1524249879155017,8.605701837378378,2024-01-01T00:00:00,10.0,7.518324773242868,9.704350490448059,0.07839984912322007,2024-01-01T00:00:00
0,2024-07-13 10:00:00,8.5,ok,,2.242636583075869,9.418130263655792,2024-01-01T00:00:00,10.0,8.228098465057057,10.620497754899526,0.296751239286829,2024-01-01T00:00:00
0,2024-07-14 10:00:00,7.099999904632568,ok,,2.3060754663107654,10.034964717628851,2024-01-01T00:00:00,10.0,8.766992542952297,11.316080503297684,0.5728977286320966,2024-01-01T00:00:00
0,2024-07-15 10:00:00,6.800000190734863,ok,,2.132056542883152,8.432190152885585,2024-01-01T00:00:00,10.0,7.366737230399686,9.508687401913836,0.05960893956598157,2024-01-01T00:00:00
0,2024-07-16 10:00:00,6.199999809265137,ok,,2.0852548700104028,8.046642068117707,2024-01-01T00:00:00,10.0,7.02990523554757,9.073918243487093,0.035520430738681164,2024-01-01T00:00:00
0,2024-07-17 10:00:00,8.800000190734863,ok,,2.139345882842041,8.493879818827693,2024-01-01T00:00:00,10.0,7.420632072734463,9.578252691445554,0.06870658649046901,2024-01-01T00:00:00
0,2024-07-18 10:00:00,6.699999809265137,ok,,1.9895743645316226,7.312420674237564,2024-01-01T00:00:00,10.0,6.388456693758952,8.245962327927648,0.010000000000000009,2024-01-01T00:00:00
0,2024-07-19 10:00:00,8.600000381469727,ok,,2.0860647737701226,8.0531617135681,2024-01-01T00:00:00,10.0,7.035601088463313,9.081270220783036,0.03567654228561257,2024-01-01T00:00:00
0,2024-07-20 10:00:00,10.399999618530273,ok,,2.032741019502078,7.634985347162426,2024-01-01T00:00:00,10.0,6.670263572181174,8.609707284591542,0.016411588027587798,2024-01-01T00:00:00
0,2024-07-21 10:00:00,7.900000095367432,ok,,2.1190363891196355,8.323113379638551,2024-01-01T00:00:00,10.0,7.271442898573475,9.385685320507909,0.050119969700933464,2024-01-01T00:00:00
0,2024-07-22 10:00:00,8.800000190734863,ok,,1.983924292466757,7.2712214692991735,2024-01-01T00:00:00,10.0,6.35246323163587,8.19950341821811,0.010000000000000009,2024-01-01T00:00:00
0,2024-07-23 10:00:00,8.0,ok,,2.088458412975595,8.07246116592191,2024-01-01T00:00:00,10.0,7.052461950422466,9.10303354159687,0.036137923918525994,2024-01-01T00:00:00
0,2024-07-24 10:00:00,6.599999904632568,ok,,2.06778285049839,7.9072720640681915,2024-01-01T00:00:00,10.0,6.908145386799238,8.916755539885491,0.032152642947473886,2024-01-01T00:00:00
0,2024-07-25 10:00:00,7.5,ok,,1.992954654481946,7.337180600644113,2024-01-01T00:00:00,10.0,6.410088069282269,8.273883235310612,0.010000000000000009,2024-01-01T00:00:00
0,2024-07-26 10:00:00,8.399999618530273,ok,,2.1360522381793534,8.465950017566088,2024-01-01T00:00:00,10.0,7.396231353222568,9.54675722649766,0.06445996198404669,2024-01-01T00:00:00
0,2024-07-27 10:00:00,9.300000190734863,ok,,2.1531957371621653,8.612337232370912,2024-01-01T00:00:00,10.0,7.5241217501188205,9.711832994474683,0.0789359709280194,2024-01-01T00:00:00
0,2024-07-28 10:00:00,6.599999904632568,ok,,2.046658345443209,7.7419867866450565,2024-01-01T00:00:00,10.0,6.763744799910994,8.730369084331311,0.02141305183590625,2024-01-01T00:00:00
0,2024-07-29 10:00:00,7.0,ok,,1.9901894567285707,7.316919870703557,2024-01-01T00:00:00,10.0,6.392387392368918,8.2510359152139,0.010000000000000009,2024-01-01T00:00:00
0,2024-07-30 10:00:00,8.199999809265137,ok,,2.0276588930783506,7.596281817802358,2024-01-01T00:00:00,10.0,6.636450443502248,8.56606266138416,0.014926374268792064,2024-01-01T00:00:00
0,2024-07-31 09:00:00,8.100000381469727,ok,,2.031394713868463,7.624713239626647,2024-01-01T00:00:00,10.0,6.661289401100295,8.598123786384598,0.016018140190231178,2024-01-01T00:00:00
0,2024-08-01 10:00:00,7.400000095367432,ok,,2.114686615388082,8.286988344518187,2024-01-01T00:00:00,10.0,7.239882457413404,9.344948375525098,0.04596688287503414,2024-01-01T00:00:00
0,2024-08-02 10:00:00,7.400000095367432,ok,,1.8754065141911946,6.523470464708786,2024-01-01T00:00:00,10.0,5.699194618771428,7.356290631480391,0.010000000000000009,2024-01-01T00:00:00
0,2024-08-03 10:00:00,10.100000381469727,ok,,2.2252752417316266,9.256030099082304,2024-01-01T00:00:00,10.0,8.086480534748787,10.437703040266506,0.2352344827248004,2024-01-01T00:00:00
0,2024-08-03 23:00:00,8.399999618530273,ok,,2.1473212418220653,8.561892411434275,2024-01-01T00:00:00,10.0,7.480050905683749,9.654948125343994,0.07484975863828547,2024-01-01T00:00:00
0,2024-08-04 10:00:00,10.100000381469727,ok,,2.245249856214388,9.44277459765182,2024-01-01T00:00:00,10.0,8.249628853897354,10.648288312743672,0.3071734063922229,2024-01-01T00:00:00
0,2024-08-05 10:00:00,7.400000095367432,ok,,2.1416135455409337,8.513162928793037,2024-01-01T00:00:00,10.0,7.437478657254498,9.599997583516618,0.07087956931311501,2024-01-01T00:00:00
0,2024-08-06 10:00:00,7.0,ok,,2.0453739991030395,7.732049776897002,2024-01-01T00:00:00,10.0,6.755063385196363,8.719163464238447,0.020305386797922265,2024-01-01T00:00:00
0,2024-08-07 10:00:00,8.0,ok,,2.1476086162855816,8.564353234244578,2024-01-01T00:00:00,10.0,7.4822007901960035,9.6577231095925,0.07504965207535408,2024-01-01T00:00:00
0,2024-08-08 10:00:00,9.699999809265137,ok,,2.1649581708724437,8.714237400279817,2024-01-01T00:00:00,10.0,7.613146279583638,9.826742267780947,0.08609356380507316,2024-01-01T00:00:00
0,2024-08-09 10:00:00,7.699999809265137,ok,,2.1511669878623376,8.594882670692408,2024-01-01T00:00:00,10.0,7.508872666900111,9.692150092674668,0.07752480284602992,2024-01-01T00:00:00
0,2024-08-10 10:00:00,6.199999809265137,ok,,1.9272376490528171,6.870505257742313,2024-01-01T00:00:00,10.0,6.002379685015371,7.747629691050154,0.010000000000000009,2024-01-01T00:00:00
0,2024-08-11 10:00:00,8.0,ok,,1.9691130935885413,7.164319588798781,2024-01-01T00:00:00,10.0,6.259068983071341,8.078953887678042,0.010000000000000009,2024-01-01T00:00:00
0,2024-08-12 10:00:00,7.400000095367432,ok,,1.878633133895455,6.54455321777243,2024-01-01T00:00:00,10.0,5.717613451731466,7.380064918447263,0.010000000000000009,2024-01-01T00:00:00
0,2024-08-13 10:00:00,8.0,ok,,1.9974423241018144,7.3701814361604745,2024-01-01T00:00:00,10.0,6.438919070389316,8.311097129119647,0.010000000000000009,2024-01-01T00:00:00
0,2024-08-14 10:00:00,7.400000095367432,ok,,2.0739481080821855,7.956173021733051,2024-01-01T00:00:00,10.0,6.950867443453599,8.97189944812981,0.033341016117849454,2024-01-01T00:00:00
0,2024-08-15 10:00:00,9.0,abstain,outside_training_support,1.8796219695282224,6.5510279058682785,2024-01-01T00:00:00,10.0,5.7232700278980495,7.387366198898968,0.010000000000000009,2024-01-01T00:00:00
0,2024-08-16 10:00:00,8.100000381469727,ok,,2.0132050489461064,7.487276018565396,2024-01-01T00:00:00,10.0,6.541218117735307,8.443140614899553,0.010702345509398525,2024-01-01T00:00:00
0,2024-08-17 10:00:00,6.699999809265137,ok,,2.026000259757601,7.5836928148215526,2024-01-01T00:00:00,10.0,6.625452129271802,8.551866480809974,0.014441650981060983,2024-01-01T00:00:00
0,2024-08-18 10:00:00,6.699999809265137,ok,,2.0106463687593448,7.4681429618888195,2024-01-01T00:00:00,10.0,6.524502626457818,8.421564932700498,0.010000000000000009,2024-01-01T00:00:00
0,2024-08-19 10:00:00,8.5,ok,,2.0852840442976466,8.04687682658919,2024-01-01T00:00:00,10.0,7.030110331013952,9.074182972445977,0.035526054176105104,2024-01-01T00:00:00
0,2024-08-20 10:00:00,8.699999809265137,ok,,2.1291716509471774,8.407899250671832,2024-01-01T00:00:00,10.0,7.345515615320617,9.481295396791419,0.05750645651227981,2024-01-01T00:00:00
0,2024-08-21 10:00:00,6.800000190734863,ok,,2.201358949455448,9.03728637383384,2024-01-01T00:00:00,10.0,7.895376264625951,10.191033353411072,0.14834657215460612,2024-01-01T00:00:00
0,2024-08-22 10:00:00,9.0,ok,,2.086707574112117,8.058339952780386,2024-01-01T00:00:00,10.0,7.0401250290886335,9.087109540944136,0.03580044411290073,2024-01-01T00:00:00
0,2024-08-23 10:00:00,6.5,ok,,1.9272360302850713,6.870494135999006,2024-01-01T00:00:00,10.0,6.002369968564603,7.747617149447256,0.010000000000000009,2024-01-01T00:00:00
0,2024-08-24 10:00:00,8.300000190734863,ok,,2.0803419510687737,8.00720651903332,2024-01-01T00:00:00,10.0,6.995452581803537,9.0294481471103,0.03457344985765398,2024-01-01T00:00:00
0,2024-08-25 10:00:00,7.5,ok,,2.0787809002854556,7.994716614248782,2024-01-01T00:00:00,10.0,6.984540844175216,9.015363716123506,0.03427255231310289,2024-01-01T00:00:00
0,2024-08-26 10:00:00,6.099999904632568,ok,,2.11036267779507,8.251233281121525,2024-01-01T00:00:00,10.0,7.208645240044752,9.304628634780386,0.04180002884789491,2024-01-01T00:00:00
0,2024-08-27 10:00:00,17.299999237060547,ok,,2.2408424596621694,9.401248124485537,2024-01-01T00:00:00,10.0,8.213349475660543,10.601460354042215,0.29010598058853243,2024-01-01T00:00:00
0,2024-08-27 14:00:00,8.0,ok,,2.1663579746771178,8.726444164491843,2024-01-01T00:00:00,10.0,7.623810652985211,9.840507410997185,0.08692714208792585,2024-01-01T00:00:00
0,2024-08-28 10:00:00,6.900000095367432,ok,,2.1373523791112725,8.47696410409238,2024-01-01T00:00:00,10.0,7.405853750227492,9.55917742859193,0.06613628438938635,2024-01-01T00:00:00
0,2024-08-29 09:30:00,7.0,ok,,1.9608743209938029,7.10553687013742,2024-01-01T00:00:00,10.0,6.207713779474731,8.012666661435372,0.010000000000000009,2024-01-01T00:00:00
0,2024-08-30 10:00:00,5.800000190734863,ok,,1.956939116149951,7.077630072523793,2024-01-01T00:00:00,10.0,6.183333156975229,7.9811971369007955,0.010000000000000009,2024-01-01T00:00:00
0,2024-08-31 10:00:00,7.0,ok,,2.111806645745823,8.263156403765452,2024-01-01T00:00:00,10.0,7.219061811527497,9.318073925270777,0.043191539141748114,2024-01-01T00:00:00
0,2024-09-01 04:00:00,7.099999904632568,ok,,2.1759473562948908,8.81052787882946,2024-01-01T00:00:00,10.0,7.697269934340393,9.935325689609487,0.09405693359494371,2024-01-01T00:00:00
0,2024-09-03 00:00:00,5.900000095367432,abstain,too_many_missing_features|outside_training_support,2.1948301736071905,8.978476145121256,2024-01-01T00:00:00,10.0,7.843997027022176,10.124715105040966,0.11918452759537912,2024-01-01T00:00:00
0,2024-09-03 10:00:00,5.0,abstain,outside_training_support,1.0504396260233206,2.85890769205131,2024-01-01T00:00:00,10.0,2.4976692118480264,3.2238907166176802,0.010000000000000009,2024-01-01T00:00:00
0,2024-09-04 10:00:00,12.100000381469727,ok,,2.3211648063456733,10.187533901801837,2024-01-01T00:00:00,10.0,8.900283783885023,11.488127463003577,0.6424190332483325,2024-01-01T00:00:00
0,2024-09-05 10:00:00,6.099999904632568,ok,,2.1617097729944934,8.685976016960975,2024-01-01T00:00:00,10.0,7.588455875204384,9.794872889285898,0.08415915419989684,2024-01-01T00:00:00
0,2024-09-06 10:00:00,4.0,ok,,1.5659385259298404,4.787165707359702,2024-01-01T00:00:00,10.0,4.1822813770905105,5.3983201786392145,0.010000000000000009,2024-01-01T00:00:00
0,2024-09-07 00:00:00,19.5,abstain,outside_training_support,2.1565869605218926,8.641593170247246,2024-01-01T00:00:00,10.0,7.549681041697426,9.74482389753451,0.08110853724198608,2024-01-01T00:00:00
0,2024-09-07 02:00:00,7.599999904632568,ok,,2.3115142954994177,10.089691867546083,2024-01-01T00:00:00,10.0,8.81480462089399,11.377794405798157,0.5962217070073383,2024-01-01T00:00:00
0,2024-09-07 10:00:00,7.199999809265137,ok,,1.9907216912251027,7.320815224395957,2024-01-01T00:00:00,10.0,6.3957905470121466,8.255428570017614,0.010000000000000009,2024-01-01T00:00:00
0,2024-09-08 10:00:00,7.5,ok,,1.8950434800760472,6.652837664231882,2024-01-01T00:00:00,10.0,5.812215571553572,7.5021735205071725,0.010000000000000009,2024-01-01T00:00:00
0,2024-09-09 10:00:00,6.900000095367432,ok,,1.791042254530292,5.9956982546353235,2024-01-01T00:00:00,10.0,5.238109287602989,6.761140276232721,0.010000000000000009,2024-01-01T00:00:00
0,2024-09-10 11:30:00,6.800000190734863,ok,,1.8215527955115791,6.181449528547438,2024-01-01T00:00:00,10.0,5.40038988141221,6.97060552382716,0.010000000000000009,2024-01-01T00:00:00
0,2024-09-11 10:00:00,4.5,ok,,1.5968166419460643,4.937290218568352,2024-01-01T00:00:00,10.0,4.31343684273639,5.567610365715898,0.010000000000000009,2024-01-01T00:00:00
0,2024-09-11 20:00:00,12.0,ok,,1.7389342981368878,5.691274987317429,2024-01-01T00:00:00,10.0,4.972151549875359,6.41785275136535,0.010000000000000009,2024-01-01T00:00:00
0,2024-09-12 10:00:00,6.099999904632568,ok,,1.8347048471051943,6.263285245823802,2024-01-01T00:00:00,10.0,5.471885212317426,7.062888814381994,0.010000000000000009,2024-01-01T00:00:00
0,2024-09-13 11:00:00,7.199999809265137,ok,,1.985231055254261,7.280729441914344,2024-01-01T00:00:00,10.0,6.360769820384445,8.210225228066372,0.010000000000000009,2024-01-01T00:00:00
0,2024-09-13 22:00:00,7.5,ok,,1.8919123412687766,6.6320392843424605,2024-01-01T00:00:00,10.0,5.794045179676087,7.478719911272913,0.010000000000000009,2024-01-01T00:00:00
0,2024-09-14 10:00:00,4.5,ok,,1.5574726916496706,4.746809421651772,2024-01-01T00:00:00,10.0,4.147024326785078,5.352811799612954,0.010000000000000009,2024-01-01T00:00:00
0,2024-09-14 18:30:00,3.299999952316284,abstain,outside_training_support,1.2727248330727121,3.570568522357533,2024-01-01T00:00:00,10.0,3.1194078395330203,4.026405869724444,0.010000000000000009,2024-01-01T00:00:00
0,2024-09-15 10:00:00,5.300000190734863,abstain,outside_training_support,1.3654312929268562,3.9174122398897855,2024-01-01T00:00:00,10.0,3.422425973700772,4.417529460100697,0.010000000000000009,2024-01-01T00:00:00
0,2024-09-16 10:00:00,6.699999809265137,abstain,outside_training_support,1.673375600862989,5.330129854694105,2024-01-01T00:00:00,10.0,4.656639061917123,6.0106019528687415,0.010000000000000009,2024-01-01T00:00:00
0,2024-09-16 18:00:00,5.300000190734863,ok,,1.5844215367260466,4.87646970384361,2024-01-01T00:00:00,10.0,4.260301329652462,5.499025187766233,0.010000000000000009,2024-01-01T00:00:00
0,2024-09-17 10:00:00,4.900000095367432,ok,,1.5598334860135297,4.758028900811463,2024-01-01T00:00:00,10.0,4.156826163951085,5.3654636158324065,0.010000000000000009,2024-01-01T00:00:00
0,2024-09-18 10:00:00,6.699999809265137,ok,,2.0137873681888814,7.491637273164971,2024-01-01T00:00:00,10.0,6.545028304181227,8.448058649943311,0.01087252398967864,2024-01-01T00:00:00
0,2024-09-19 10:00:00,4.699999809265137,ok,,1.8383199611261722,6.2859687130893676,2024-01-01T00:00:00,10.0,5.491702500565203,7.088468171050795,0.010000000000000009,2024-01-01T00:00:00
0,2024-09-20 10:00:00,6.900000095367432,ok,,1.9476883534532174,7.012458504386148,2024-01-01T00:00:00,10.0,6.126396369656831,7.907705427430589,0.010000000000000009,2024-01-01T00:00:00
0,2024-09-21 12:00:00,5.699999809265137,ok,,1.9148443600703475,6.785882560520809,2024-01-01T00:00:00,10.0,5.928449524184598,7.652203620195869,0.010000000000000009,2024-01-01T00:00:00
0,2024-09-22 10:00:00,3.799999952316284,abstain,outside_training_support,1.3874081446473783,4.004457616058809,2024-01-01T00:00:00,10.0,3.498472694864792,4.515687501696806,0.010000000000000009,2024-01-01T00:00:00
0,2024-09-23 10:00:00,4.900000095367432,abstain,outside_training_support,1.7909288594392887,5.995018410432337,2024-01-01T00:00:00,10.0,5.237515345399338,6.76037363958305,0.010000000000000009,2024-01-01T00:00:00
0,2024-09-24 10:00:00,6.800000190734863,ok,,1.94303604908366,6.979910184097328,2024-01-01T00:00:00,10.0,6.097960706026005,7.871001819296484,0.010000000000000009,2024-01-01T00:00:00
0,2024-09-25 10:00:00,9.199999809265137,ok,,2.2644461626431065,9.62579200135008,2024-01-01T00:00:00,10.0,8.409521016809938,10.85467067003445,0.4095826316573957,2024-01-01T00:00:00
0,2024-09-26 10:00:00,6.699999809265137,ok,,2.0872359103217537,8.062598590464185,2024-01-01T00:00:00,10.0,7.043845564822198,9.091911858462959,0.035902282611606884,2024-01-01T00:00:00
0,2024-09-27 10:00:00,7.599999904632568,ok,,2.0078926565646786,7.44760613477623,2024-01-01T00:00:00,10.0,6.506560738746376,8.398406267430842,0.010000000000000009,2024-01-01T00:00:00
0,2024-09-28 04:31:00,6.099999904632568,ok,,1.7325794567935837,5.655222512937807,2024-01-01T00:00:00,10.0,4.940654501013207,6.377197630604819,0.010000000000000009,2024-01-01T00:00:00
0,2024-09-28 10:00:00,4.900000095367432,ok,,1.6657640779677894,5.289713459556923,2024-01-01T00:00:00,10.0,4.621329497334576,5.965025790530872,0.010000000000000009,2024-01-01T00:00:00
0,2024-09-29 10:00:00,6.199999809265137,ok,,1.7424593173068095,5.71137224154192,2024-01-01T00:00:00,10.0,4.989709407115296,6.440515725585883,0.010000000000000009,2024-01-01T00:00:00
0,2024-09-30 10:00:00,8.899999618530273,ok,,2.0944628519512563,8.121077577449164,2024-01-01T00:00:00,10.0,7.094935414885752,9.15785657706379,0.03729529878646132,2024-01-01T00:00:00
0,2024-10-01 10:00:00,7.800000190734863,ok,,2.0911748853133383,8.094419594605682,2024-01-01T00:00:00,10.0,7.07164581264247,9.127795297487749,0.036661532672964015,2024-01-01T00:00:00
0,2024-10-02 10:00:00,9.5,ok,,2.2661304215140867,9.642017987463365,2024-01-01T00:00:00,10.0,8.423696761644129,10.87296814992302,0.41608849079849497,2024-01-01T00:00:00
0,2024-10-03 10:00:00,9.399999618530273,ok,,2.2233195323401476,9.237945683784238,2024-01-01T00:00:00,10.0,8.070681183328722,10.417309874458114,0.2281709852155529,2024-01-01T00:00:00
0,2024-10-04 10:00:00,7.300000190734863,ok,,2.0900163468713187,8.085047328453106,2024-01-01T00:00:00,10.0,7.063457783109505,9.117226519094878,0.036438220672997734,2024-01-01T00:00:00
0,2024-10-05 10:00:00,10.0,ok,,2.075965493535949,7.972239890539292,2024-01-01T00:00:00,10.0,6.964904176314797,8.990017496968381,0.03372987363352886,2024-01-01T00:00:00
0,2024-10-06 10:00:00,7.800000190734863,ok,,2.1168582171485824,8.30500393726294,2024-01-01T00:00:00,10.0,7.25562168238274,9.36526393253509,0.04805959289834871,2024-01-01T00:00:00
0,2024-10-07 10:00:00,8.0,abstain,outside_training_support,2.0071591117499588,7.442144985157863,2024-01-01T00:00:00,10.0,6.501789634977963,8.392247919049863,0.010000000000000009,2024-01-01T00:00:00
0,2024-10-08 10:00:00,7.699999809265137,ok,,2.031231249387721,7.6234669716991705,2024-01-01T00:00:00,10.0,6.6602006058793695,8.596718413411912,0.015970368907970434,2024-01-01T00:00:00
0,2024-10-09 10:00:00,9.5,ok,,2.223898783813912,9.243298327549857,2024-01-01T00:00:00,10.0,8.075357491546907,10.423345864564867,0.2301914545642696,2024-01-01T00:00:00
0,2024-10-10 10:00:00,9.199999809265137,ok,,2.251699315740294,9.50387220171177,2024-01-01T00:00:00,10.0,8.303006444577354,10.717185954694163,0.3509039006732795,2024-01-01T00:00:00
0,2024-10-11 10:00:00,7.800000190734863,ok,,2.0492257843552624,7.761889403221074,2024-01-01T00:00:00,10.0,6.781132613024145,8.752812572448896,0.023627300618416114,2024-01-01T00:00:00
0,2024-10-12 10:00:00,8.699999809265137,ok,,2.098901403758971,8.157203515125167,2024-01-01T00:00:00,10.0,7.126496644558666,9.198594539827187,0.03815084388119894,2024-01-01T00:00:00
0,2024-10-13 10:00:00,8.0,ok,,2.127162336356194,8.391022097461278,2024-01-01T00:00:00,10.0,7.330770981880774,9.462263618427354,0.05604208627905949,2024-01-01T00:00:00
0,2024-10-14 10:00:00,9.0,ok,,2.2059133545702574,9.078539708008465,2024-01-01T00:00:00,10.0,7.931417016462924,10.237553302776654,0.17473930106282842,2024-01-01T00:00:00
0,2024-10-15 10:00:00,9.199999809265137,ok,,2.1227932581515656,8.354441036649284,2024-01-01T00:00:00,10.0,7.298812136346556,9.421012429141422,0.05285794174630265,2024-01-01T00:00:00
0,2024-10-16 10:00:00,9.699999809265137,ok,,2.271155719127324,9.690593949549207,2024-01-01T00:00:00,10.0,8.466134887672133,10.927745571962468,0.44318320074693285,2024-01-01T00:00:00
0,2024-10-17 10:00:00,5.300000190734863,ok,,1.7667418579702572,5.851756414471725,2024-01-01T00:00:00,10.0,5.112355279009796,6.5988220721415205,0.010000000000000009,2024-01-01T00:00:00
0,2024-10-18 10:00:00,12.0,ok,,2.2479985260940336,9.46876537143343,2024-01-01T00:00:00,10.0,8.272335552559547,10.677597203878983,0.3227048541489269,2024-01-01T00:00:00
0,2024-10-18 14:00:00,5.599999904632568,ok,,1.730630658188903,5.6442123549702234,2024-01-01T00:00:00,10.0,4.931035536172309,6.364781858609494,0.010000000000000009,2024-01-01T00:00:00
0,2024-10-19 10:00:00,9.699999809265137,ok,,2.188195289915868,8.919102187635797,2024-01-01T00:00:00,10.0,7.7921252908310015,10.057761159351003,0.11371606207939189,2024-01-01T00:00:00
0,2024-10-20 10:00:00,8.100000381469727,ok,,2.016903154553902,7.515016017104533,2024-01-01T00:00:00,10.0,6.565453017127319,8.474422045922303,0.011783089448497375,2024-01-01T00:00:00
0,2024-10-21 10:00:00,7.599999904632568,ok,,2.1263116704995815,8.383887176607923,2024-01-01T00:00:00,10.0,7.324537596943603,9.454217816470583,0.0554221287251605,2024-01-01T00:00:00
0,2024-10-22 10:00:00,6.699999809265137,ok,,1.8718572493422165,6.500357980721409,2024-01-01T00:00:00,10.0,5.679002522389617,7.330227487583843,0.010000000000000009,2024-01-01T00:00:00
0,2024-10-23 10:00:00,6.0,ok,,1.8077092655836857,6.096466039940677,2024-01-01T00:00:00,10.0,5.326144517142949,6.874772601082972,0.010000000000000009,2024-01-01T00:00:00
0,2024-10-24 10:00:00,9.600000381469727,ok,,2.1914405994135056,8.948094453668265,2024-01-01T00:00:00,10.0,7.817454226932133,10.090454728848071,0.11639084341726924,2024-01-01T00:00:00
0,2024-10-25 10:00:00,7.800000190734863,ok,,2.1925648241514653,8.958159779594764,2024-01-01T00:00:00,10.0,7.826247744380679,10.101805046630068,0.11731742849362758,2024-01-01T00:00:00
0,2024-10-26 10:00:00,5.400000095367432,ok,,2.00112041416413,7.397339541620164,2024-01-01T00:00:00,10.0,6.462645602045929,8.341722379566118,0.010000000000000009,2024-01-01T00:00:00
0,2024-10-27 10:00:00,9.100000381469727,ok,,2.4488564746457997,11.575102724801608,2024-01-01T00:00:00,10.0,10.11252576643048,13.05284053841154,0.9110077532144398,2024-01-01T00:00:00
0,2024-10-28 10:00:00,10.699999809265137,ok,,2.248642163472067,9.4748617844795,2024-01-01T00:00:00,10.0,8.277661650778883,10.684471916720726,0.32537673450010596,2024-01-01T00:00:00
0,2024-10-28 16:34:18,7.400000095367432,ok,,2.217233627147192,9.181895154280328,2024-01-01T00:00:00,10.0,8.021712941982933,10.354103642850298,0.2082350348510238,2024-01-01T00:00:00
0,2024-10-29 10:00:00,9.399999618530273,ok,,2.19607244329646,8.989636764706596,2024-01-01T00:00:00,10.0,7.853747441840028,10.137300547366689,0.12098545209757328,2024-01-01T00:00:00
0,2024-10-30 10:00:00,11.0,ok,,2.1661606196213703,8.724722126549318,2024-01-01T00:00:00,10.0,7.622306203868986,9.838565528734948,0.08680961784064711,2024-01-01T00:00:00
0,2024-10-31 10:00:00,10.199999809265137,ok,,2.145345971380455,8.544997050376747,2024-01-01T00:00:00,10.0,7.46529036505707,9.635895814624513,0.07347578966107648,2024-01-01T00:00:00
0,2024-10-31 16:30:00,11.600000381469727,ok,,2.168749285967583,8.747336779364948,2024-01-01T00:00:00,10.0,7.642063372745504,9.864067285743245,0.08835115961996576,2024-01-01T00:00:00
0,2024-10-31 23:00:00,9.800000190734863,ok,,2.0145842818049386,7.497609840408515,2024-01-01T00:00:00,10.0,6.550246205186343,8.454793706183276,0.011105416084140063,2024-01-01T00:00:00
0,2024-11-01 04:00:00,8.399999618530273,ok,,1.9683412883488187,7.158792262685106,2024-01-01T00:00:00,10.0,6.2542400645664324,8.07272091436619,0.010000000000000009,2024-01-01T00:00:00
0,2024-11-01 10:00:00,7.300000190734863,ok,,2.0394053250290165,7.686037145654357,2024-01-01T00:00:00,10.0,6.714864699268027,8.667276621189002,0.01835918189601593,2024-01-01T00:00:00
0,2024-11-01 20:00:00,8.399999618530273,ok,,2.023176221600358,7.562306389194097,2024-01-01T00:00:00,10.0,6.606767994422087,8.527749752860455,0.013616346772389765,2024-01-01T00:00:00
0,2024-11-02 10:00:00,9.600000381469727,ok,,2.311395589702013,10.088494233711826,2024-01-01T00:00:00,10.0,8.813758314585042,11.376443875799968,0.5958555449269611,2024-01-01T00:00:00
0,2024-11-03 10:00:00,9.300000190734863,ok,,2.2621316151693662,9.603538412219471,2024-01-01T00:00:00,10.0,8.390079289265122,10.829576071979025,0.3995837101597538,2024-01-01T00:00:00
0,2024-11-04 10:00:00,9.600000381469727,ok,,2.248518793870821,9.4736929466603,2024-01-01T00:00:00,10.0,8.276640501952434,10.683153858986637,0.32486460014503005,2024-01-01T00:00:00
0,2024-11-05 10:00:00,9.600000381469727,ok,,2.303807674210012,10.012233288730409,2024-01-01T00:00:00,10.0,8.747133353283877,11.290447061964514,0.5671891744569026,2024-01-01T00:00:00
0,2024-11-06 10:00:00,5.699999809265137,ok,,1.9477892001417245,7.01316572326435,2024-01-01T00:00:00,10.0,6.127014227597133,7.908502933548884,0.010000000000000009,2024-01-01T00:00:00
0,2024-11-07 10:00:00,7.800000190734863,ok,,2.0814551742665364,8.016125290450141,2024-01-01T00:00:00,10.0,7.003244418118238,9.039505535270914,0.03478802719897023,2024-01-01T00:00:00
0,2024-11-08 10:00:00,10.600000381469727,ok,,2.339020937477202,10.371077656986415,2024-01-01T00:00:00,10.0,9.060635790921166,11.695103368548866,0.7175149395205855,2024-01-01T00:00:00
0,2024-11-08 16:00:00,7.300000190734863,ok,,2.067107514823096,7.901933803910723,2024-01-01T00:00:00,10.0,6.903481644742364,8.910735769673112,0.03202246983035606,2024-01-01T00:00:00
0,2024-11-09 10:00:00,9.699999809265137,ok,,2.2247713238447293,9.25136699496318,2024-01-01T00:00:00,10.0,8.08240663910593,10.432444620023675,0.2333882424136996,2024-01-01T00:00:00
0,2024-11-10 10:00:00,13.5,ok,,2.490479182189077,12.067057054088776,2024-01-01T00:00:00,10.0,10.54231900015824,13.6076003159302,0.9374838819218603,2024-01-01T00:00:00
0,2024-11-12 10:00:00,8.199999809265137,ok,,2.3521306173973726,10.507934278697949,2024-01-01T00:00:00,10.0,9.180199836810722,11.849431818351627,0.7782775946048796,2024-01-01T00:00:00
0,2024-11-13 10:00:00,5.699999809265137,ok,,2.0200368685346586,7.53860286577945,2024-01-01T00:00:00,10.0,6.586059539647668,8.501020114369476,0.012698894120065751,2024-01-01T00:00:00
0,2024-11-14 10:00:00,6.400000095367432,ok,,2.0910356296915658,8.093292479652517,2024-01-01T00:00:00,10.0,7.070661114771824,9.126524289177766,0.03663469070529457,2024-01-01T00:00:00
0,2024-11-15 10:00:00,8.699999809265137,ok,,2.149098058093098,8.577118844462802,2024-01-01T00:00:00,10.0,7.4933533963823304,9.672118444002532,0.07608568582231634,2024-01-01T00:00:00
0,2024-11-16 10:00:00,8.5,ok,,2.2363677513186895,9.359274261498152,2024-01-01T00:00:00,10.0,8.17667923773107,10.554127889408312,0.28028858914467936,2024-01-01T00:00:00
0,2024-11-17 10:00:00,7.199999809265137,ok,,2.260282804911823,9.58579969470842,2024-01-01T00:00:00,10.0,8.374581954843237,10.80957273753504,0.39605867777034165,2024-01-01T00:00:00
0,2024-11-18 10:00:00,7.699999809265137,ok,,2.0955549291583804,8.129951265663182,2024-01-01T00:00:00,10.0,7.102687864504645,9.167863126465464,0.03750580017026994,2024-01-01T00:00:00
0,2024-11-19 11:00:00,5.900000095367432,ok,,2.2152070442008394,9.163306124612875,2024-01-01T00:00:00,10.0,8.005472736953713,10.333141440977723,0.20251239671462218,2024-01-01T00:00:00
0,2024-11-20 10:00:00,7.099999904632568,ok,,1.9564041832206216,7.073845027599232,2024-01-01T00:00:00,10.0,6.180026372989224,7.976928873455913,0.010000000000000009,2024-01-01T00:00:00
0,2024-11-21 10:00:00,8.5,ok,,2.1175051162307095,8.310378174794264,2024-01-01T00:00:00,10.0,7.260316855877311,9.371324273179983,0.04868299089786432,2024-01-01T00:00:00
0,2024-11-22 10:00:00,8.0,ok,,2.1615096056602012,8.684237542294658,2024-01-01T00:00:00,10.0,7.586937066233493,9.792912471902225,0.08403995525055452,2024-01-01T00:00:00
0,2024-11-23 10:00:00,7.099999904632568,ok,,1.9588768169192061,7.091357697479303,2024-01-01T00:00:00,10.0,6.195326222123327,7.996677301852717,0.010000000000000009,2024-01-01T00:00:00
0,2024-11-24 10:00:00,7.5,ok,,2.0917224840913144,8.098853302719895,2024-01-01T00:00:00,10.0,7.075519297708805,9.132795035838638,0.03676708409348994,2024-01-01T00:00:00
0,2024-11-25 10:00:00,7.199999809265137,ok,,2.0179015366553648,7.522522621194273,2024-01-01T00:00:00,10.0,6.57201112110969,8.482886982130465,0.012074859213748734,2024-01-01T00:00:00
0,2024-11-26 10:00:00,7.300000190734863,ok,,2.0650114312784345,7.885388037205912,2024-01-01T00:00:00,10.0,6.889026525327376,8.892077684339586,0.03161844300528249,2024-01-01T00:00:00
0,2024-11-27 10:00:00,8.100000381469727,ok,,1.916526895824182,6.797309661107083,2024-01-01T00:00:00,10.0,5.938432748684773,7.665089563873019,0.010000000000000009,2024-01-01T00:00:00
0,2024-11-28 10:00:00,8.899999618530273,ok,,2.1920004603453025,8.953105544793084,2024-01-01T00:00:00,10.0,7.8218321395366655,10.096105561927553,0.11685228032283013,2024-01-01T00:00:00
0,2024-11-29 10:00:00,7.800000190734863,ok,,2.100092128980302,8.166922288131932,2024-01-01T00:00:00,10.0,7.134987397926966,9.209554061941365,0.03838035998609601,2024-01-01T00:00:00
0,2024-11-30 10:00:00,6.5,ok,,1.868923797428422,6.481317434080383,2024-01-01T00:00:00,10.0,5.662367852003347,7.308756125732604,0.010000000000000009,2024-01-01T00:00:00
0,2024-12-01 10:00:00,6.0,ok,,1.8312949449010363,6.241964427270748,2024-01-01T00:00:00,10.0,5.453258394732718,7.038846069247204,0.010000000000000009,2024-01-01T00:00:00
0,2024-12-02 10:00:00,6.900000095367432,ok,,2.016714101992143,7.513595418362988,2024-01-01T00:00:00,10.0,6.5642119187354355,8.472820086157167,0.011727840239318166,2024-01-01T00:00:00
0,2024-12-03 10:00:00,7.0,ok,,1.921383378028949,6.830400963136935,2024-01-01T00:00:00,10.0,5.9673427853710646,7.70240547362115,0.010000000000000009,2024-01-01T00:00:00
0,2024-12-04 10:00:00,7.300000190734863,ok,,2.0156059328216998,7.505273695351234,2024-01-01T00:00:00,10.0,6.55694169052423,8.46343596870614,0.011403986017327283,2024-01-01T00:00:00
0,2024-12-05 10:00:00,6.5,ok,,1.9753950269738467,7.20946702533123,2024-01-01T00:00:00,10.0,6.298511796329872,8.129865080760883,0.010000000000000009,2024-01-01T00:00:00
0,2024-12-06 10:00:00,7.900000095367432,ok,,2.0891699027517188,8.078206683205646,2024-01-01T00:00:00,10.0,7.057481490460653,9.10951256149832,0.03627506585451967,2024-01-01T00:00:00
0,2024-12-07 10:00:00,6.5,ok,,2.0130570968430694,7.4861683422759695,2024-01-01T00:00:00,10.0,6.540250402347892,8.441891526894219,0.010659107604483964,2024-01-01T00:00:00
0,2024-12-07 16:39:56,9.300000190734863,ok,,2.3541273894915777,10.528937190669264,2024-01-01T00:00:00,10.0,9.198548917033131,11.873116071297087,0.7861026986203953,2024-01-01T00:00:00
0,2024-12-08 10:00:00,8.5,ok,,1.9719797260393608,7.1848865246587446,2024-01-01T00:00:00,10.0,6.277037175126757,8.102146505534348,0.010000000000000009,2024-01-01T00:00:00
0,2024-12-09 10:00:00,5.0,ok,,1.6277519083259617,5.092413627894821,2024-01-01T00:00:00,10.0,4.448959568632316,5.742537636242377,0.010000000000000009,2024-01-01T00:00:00
0,2024-12-10 10:00:00,7.900000095367432,ok,,2.2021429005954394,9.044373942579847,2024-01-01T00:00:00,10.0,7.901568280651152,10.1990257580442,0.15294768723948227,2024-01-01T00:00:00
0,2024-12-10 16:00:00,7.300000190734863,ok,,2.409435435140865,11.127677075909046,2024-01-01T00:00:00,10.0,9.721634773014655,12.548294204211293,0.880824187964794,2024-01-01T00:00:00
0,2024-12-11 10:00:00,8.0,ok,,2.1906572668027433,8.941087864081858,2024-01-01T00:00:00,10.0,7.811332957910864,10.082553641595212,0.11574522134327514,2024-01-01T00:00:00
0,2024-12-12 10:00:00,5.300000190734863,ok,,1.8380377416391478,6.284194940532071,2024-01-01T00:00:00,10.0,5.490152853783147,7.0864679494638025,0.010000000000000009,2024-01-01T00:00:00
0,2024-12-13 10:00:00,7.5,ok,,1.7043719018081882,5.497931341762809,2024-01-01T00:00:00,10.0,4.803237921726093,6.199825850478138,0.010000000000000009,2024-01-01T00:00:00
0,2024-12-14 10:00:00,9.600000381469727,ok,,2.0210957709659034,7.546589738595445,2024-01-01T00:00:00,10.0,6.593037227800007,8.510026632907268,0.013008350502883181,2024-01-01T00:00:00
0,2024-12-15 10:00:00,8.5,ok,,1.9605204977239592,7.10302321056988,2024-01-01T00:00:00,10.0,6.205517734415856,8.009832095014405,0.010000000000000009,2024-01-01T00:00:00
0,2024-12-16 10:00:00,6.099999904632568,ok,,1.6226163283699344,5.066328169849204,2024-01-01T00:00:00,10.0,4.426170149575997,5.713121972957478,0.010000000000000009,2024-01-01T00:00:00
0,2024-12-17 10:00:00,11.300000190734863,ok,,2.023030032433636,7.561200942728683,2024-01-01T00:00:00,10.0,6.605802227108338,8.526503179350064,0.01357362407253948,2024-01-01T00:00:00
0,2024-12-17 17:00:00,7.400000095367432,ok,,1.809591972248423,6.1079547086884824,2024-01-01T00:00:00,10.0,5.336181530333789,6.887727973033359,0.010000000000000009,2024-01-01T00:00:00
0,2024-12-18 10:00:00,8.0,ok,,2.326763715230667,10.244732952595795,2024-01-01T00:00:00,10.0,8.950255424631667,11.552628842102555,0.6649928507474528,2024-01-01T00:00:00
0,2024-12-19 10:00:00,8.5,ok,,2.2166991423961933,9.176988882615587,2024-01-01T00:00:00,10.0,8.01742660433165,10.348571011028312,0.20672576387600838,2024-01-01T00:00:00
0,2024-12-20 10:00:00,11.300000190734863,ok,,2.273264288221506,9.711048794103391,2024-01-01T00:00:00,10.0,8.484005151765711,10.950811788353937,0.45229926350567085,2024-01-01T00:00:00
0,2024-12-20 23:41:32,13.100000381469727,ok,,2.1909140139406453,8.943383757520115,2024-01-01T00:00:00,10.0,7.813338752771034,10.085142640730272,0.11595683211676644,2024-01-01T00:00:00
0,2024-12-22 10:00:00,9.699999809265137,ok,,2.2937880963508874,9.91241583718489,2024-01-01T00:00:00,10.0,8.659928377683041,11.177886395424373,0.535783050161996,2024-01-01T00:00:00
0,2024-12-23 10:00:00,7.099999904632568,ok,,2.0505714672943434,7.772341476377012,2024-01-01T00:00:00,10.0,6.790264010093785,8.764599011623034,0.024787864476631283,2024-01-01T00:00:00
0,2024-12-24 10:00:00,8.699999809265137,ok,,2.1920852908231283,8.953865073229599,2024-01-01T00:00:00,10.0,7.822495697439105,10.096962055714426,0.11692219753076882,2024-01-01T00:00:00
0,2024-12-25 10:00:00,8.5,ok,,2.0334091375898056,7.640088123411141,2024-01-01T00:00:00,10.0,6.674721584997327,8.615461507794672,0.016606840584029725,2024-01-01T00:00:00
0,2024-12-26 10:00:00,7.699999809265137,abstain,outside_training_support,2.0283023868561485,7.601171550974218,2024-01-01T00:00:00,10.0,6.6407223323888545,8.571576643323251,0.015114430553268443,2024-01-01T00:00:00
0,2024-12-27 10:00:00,8.300000190734863,ok,,2.127413736008954,8.393131862688895,2024-01-01T00:00:00,10.0,7.332614166838406,9.464642727256388,0.0562253040637688,2024-01-01T00:00:00
0,2024-12-28 10:00:00,9.300000190734863,ok,,2.1955500515102413,8.984941878691336,2024-01-01T00:00:00,10.0,7.849645780115848,10.132006287785572,0.119777850353049,2024-01-01T00:00:00
0,2024-12-29 10:00:00,8.100000381469727,ok,,2.092231588343552,8.102977513112004,2024-01-01T00:00:00,10.0,7.079122391767488,9.137445764378587,0.03686521557073319,2024-01-01T00:00:00
0,2024-12-30 10:00:00,6.400000095367432,ok,,2.022442523296387,7.556759972769208,2024-01-01T00:00:00,10.0,6.6019223977702435,8.521495252068977,0.013401928884087089,2024-01-01T00:00:00
0,2024-12-31 04:50:00,2.0999999046325684,abstain,outside_training_support,2.2649450918131864,9.630595788039678,2024-01-01T00:00:00,10.0,8.413717819018085,10.860087733116362,0.41155801094015887,2024-01-01T00:00:00
0,2024-12-31 10:00:00,2.700000047683716,abstain,outside_training_support,1.1362138047417998,3.1149521929117845,2024-01-01T00:00:00,10.0,2.721361102439758,3.5126231900935245,0.010000000000000009,2024-01-01T00:00:00
60,2024-01-01 00:00:00,4.599999904632568,ok,,2.2308553907791526,9.30782450247089,2024-01-01T00:00:00,10.0,7.763126366095248,11.201239741186555,0.2893865551986934,2024-01-01T00:00:00
60,2024-01-01 09:00:00,10.800000190734863,ok,,2.19923324406684,9.018096169077527,2024-01-01T00:00:00,10.0,7.521480462331832,10.852574323043791,0.22999227279529788,2024-01-01T00:00:00
60,2024-01-01 21:00:00,8.300000190734863,ok,,2.1527737023891063,8.60870329345977,2024-01-01T00:00:00,10.0,7.180029178419454,10.35990197550319,0.13853591353567052,2024-01-01T00:00:00
60,2024-01-02 09:00:00,9.5,ok,,2.240476162470709,9.397805104324119,2024-01-01T00:00:00,10.0,7.838174061987934,11.309524367002902,0.30361008747860574,2024-01-01T00:00:00
60,2024-01-03 09:00:00,7.199999809265137,ok,,2.092049097214505,8.101498926515568,2024-01-01T00:00:00,10.0,6.756998899649379,9.749521138347248,0.06614374766739162,2024-01-01T00:00:00
60,2024-01-04 09:00:00,8.899999618530273,ok,,2.4844026286653347,11.993953270495718,2024-01-01T00:00:00,10.0,10.003473404895221,14.433785896129304,0.9002306079602403,2024-01-01T00:00:00
60,2024-01-05 09:00:00,6.099999904632568,ok,,1.9304595625966097,6.892677130433379,2024-01-01T00:00:00,10.0,5.748789478147601,8.294798529568594,0.010000000000000009,2024-01-01T00:00:00
60,2024-01-06 09:00:00,6.900000095367432,ok,,2.2767810308318013,9.745260174238375,2024-01-01T00:00:00,10.0,8.127966549326816,11.72765940343028,0.42298464173566275,2024-01-01T00:00:00
60,2024-01-07 09:00:00,3.200000047683716,ok,,2.16172490981348,8.68610749600275,2024-01-01T00:00:00,10.0,7.244587615833962,10.453051887110261,0.15462915399448296,2024-01-01T00:00:00
60,2024-01-08 11:00:00,12.600000381469727,abstain,outside_training_support,2.5540681193900476,12.859310729938588,2024-01-01T00:00:00,10.0,10.725218782422997,15.475176004255061,0.9475510556876429,2024-01-01T00:00:00
60,2024-01-08 13:00:00,1.0,abstain,outside_training_support,0.9411885948368861,2.5630260080589995,2024-01-01T00:00:00,10.0,2.1376740370286003,3.084401599057221,0.010000000000000009,2024-01-01T00:00:00
60,2024-01-08 15:00:00,2.0,abstain,outside_training_support,1.3432555764166554,3.8314969539140105,2024-01-01T00:00:00,10.0,3.1956334175238714,4.610907300306725,0.010000000000000009,2024-01-01T00:00:00
60,2024-01-09 09:00:00,6.0,abstain,outside_training_support,2.158570135425972,8.658747965811306,2024-01-01T00:00:00,10.0,7.221768589740722,10.420126829617047,0.1506748216971997,2024-01-01T00:00:00
60,2024-01-10 09:00:00,9.199999809265137,abstain,outside_training_support,2.1435775461838027,8.529899215917633,2024-01-01T00:00:00,10.0,7.114303184986641,10.26506742368088,0.12833108614398536,2024-01-01T00:00:00
60,2024-01-11 09:00:00,4.699999809265137,ok,,2.038571273910661,7.6796292703965285,2024-01-01T00:00:00,10.0,6.405141443634406,9.241833960052595,0.05039228036851384,2024-01-01T00:00:00
60,2024-01-12 09:00:00,6.800000190734863,ok,,2.0710500934318765,7.933149293420361,2024-01-01T00:00:00,10.0,6.616588057668322,9.546925504948744,0.057358162755456576,2024-01-01T00:00:00
60,2024-01-13 09:00:00,3.5,abstain,outside_training_support,1.3510691804682158,3.8615520203199476,2024-01-01T00:00:00,10.0,3.2207006368712854,4.647076225081877,0.010000000000000009,2024-01-01T00:00:00
60,2024-01-13 22:00:00,3.4000000953674316,abstain,outside_training_support,0.7622557577719371,2.1431050980411555,2024-01-01T00:00:00,10.0,1.7874419191616537,2.579059584475999,0.010000000000000009,2024-01-01T00:00:00
60,2024-01-14 09:00:00,4.099999904632568,ok,,1.7074481037631979,5.51487012911256,2024-01-01T00:00:00,10.0,4.5996391201337765,6.6367154259622785,0.010000000000000009,2024-01-01T00:00:00
60,2024-01-15 09:00:00,2.299999952316284,abstain,outside_training_support,1.4333904722595645,4.192891000486225,2024-01-01T00:00:00,10.0,3.4970516115121484,5.045816806348475,0.010000000000000009,2024-01-01T00:00:00
60,2024-01-16 09:00:00,6.300000190734863,abstain,outside_training_support,2.2166766061783445,9.176782070325325,2024-01-01T00:00:00,10.0,7.6538313358981895,11.04354041001191,0.2699800861333952,2024-01-01T00:00:00
60,2024-01-16 19:30:00,4.199999809265137,abstain,outside_training_support,1.5888680116634049,4.898201082375037,2024-01-01T00:00:00,10.0,4.0853105856183225,5.894602397118397,0.010000000000000009,2024-01-01T00:00:00
60,2024-01-17 09:00:00,5.099999904632568,abstain,outside_training_support,2.1124586255918545,8.268545571828891,2024-01-01T00:00:00,10.0,6.896322993722638,9.950548727728505,0.09261602490285725,2024-01-01T00:00:00
60,2024-01-18 09:00:00,5.900000095367432,abstain,outside_training_support,2.203813621771033,9.059497199500687,2024-01-01T00:00:00,10.0,7.5560107041489415,10.90239722926413,0.2445733769810462,2024-01-01T00:00:00
60,2024-01-19 09:00:00,8.199999809265137,ok,,1.8591749506660578,6.418439057422668,2024-01-01T00:00:00,10.0,5.353254507820397,7.724090052117054,0.010000000000000009,2024-01-01T00:00:00
60,2024-01-19 22:45:00,12.800000190734863,ok,,2.324636933724461,10.222967797085316,2024-01-01T00:00:00,10.0,8.526395273592437,12.302543213098204,0.6168912842043276,2024-01-01T00:00:00
60,2024-01-20 09:00:00,7.300000190734863,ok,,1.9500957704898418,7.029360753676375,2024-01-01T00:00:00,10.0,5.862789504590887,8.459286593587462,0.010000000000000009,2024-01-01T00:00:00
60,2024-01-20 21:00:00,6.599999904632568,ok,,1.6373008879552935,5.141273893463737,2024-01-01T00:00:00,10.0,4.288043775113102,6.18712153849734,0.010000000000000009,2024-01-01T00:00:00
60,2024-01-21 09:00:00,10.100000381469727,ok,,1.9044027461738866,6.715395633928684,2024-01-01T00:00:00,10.0,5.6009290775383,8.081454096237445,0.010000000000000009,2024-01-01T00:00:00
60,2024-01-21 21:00:00,5.800000190734863,ok,,1.65457801199764,5.230872091107393,2024-01-01T00:00:00,10.0,4.362772529431303,6.294945970717607,0.010000000000000009,2024-01-01T00:00:00
60,2024-01-22 09:00:00,7.0,ok,,1.833898123583922,6.258234543829524,2024-01-01T00:00:00,10.0,5.219637046176998,7.531296433812302,0.010000000000000009,2024-01-01T00:00:00
60,2024-01-23 09:00:00,9.600000381469727,ok,,2.1494535198686275,8.580168224293061,2024-01-01T00:00:00,10.0,7.156229702210203,10.325562248676281,0.13334599656902246,2024-01-01T00:00:00
60,2024-01-24 09:00:00,8.5,ok,,2.2393282938610914,9.387023847762336,2024-01-01T00:00:00,10.0,7.829182029848502,11.296549966870227,0.30118245681015654,2024-01-01T00:00:00
60,2024-01-25 09:00:00,10.199999809265137,ok,,2.2459344540637196,9.449241314130626,2024-01-01T00:00:00,10.0,7.881074075456699,11.371423827748828,0.31809130287527476,2024-01-01T00:00:00
60,2024-01-26 09:00:00,8.899999618530273,ok,,2.277953529428361,9.756693179397232,2024-01-01T00:00:00,10.0,8.137502167856029,11.741418132090516,0.4368851807358902,2024-01-01T00:00:00
60,2024-01-27 09:00:00,9.0,ok,,2.1209638243585527,8.339171111812178,2024-01-01T00:00:00,10.0,6.955227734719679,10.035541048436048,0.11387955346566747,2024-01-01T00:00:00
60,2024-01-28 09:00:00,9.899999618530273,ok,,2.2355574420058533,9.351693426228179,2024-01-01T00:00:00,10.0,7.79971493720357,11.254032564263827,0.2956034854077063,2024-01-01T00:00:00
60,2024-01-29 09:00:00,9.600000381469727,ok,,2.2585394061487425,9.569102382643333,2024-01-01T00:00:00,10.0,7.981043366991185,11.515667261183697,0.3605790247325015,2024-01-01T00:00:00
60,2024-01-30 09:00:00,7.599999904632568,ok,,1.9433009821129927,6.981759637826743,2024-01-01T00:00:00,10.0,5.823088124594976,8.402002368853939,0.010000000000000009,2024-01-01T00:00:00
60,2024-01-30 13:07:00,20.600000381469727,abstain,outside_training_support,2.4930849068371543,12.098541484147674,2024-01-01T00:00:00,10.0,10.090704477931544,14.559649641723887,0.9059959886823842,2024-01-01T00:00:00
60,2024-01-30 15:25:00,4.400000095367432,ok,,2.3175989097269927,10.151270902587378,2024-01-01T00:00:00,10.0,8.466596976805004,12.216261600917317,0.5819908037409303,2024-01-01T00:00:00
60,2024-01-30 21:30:00,1.0,ok,,2.5259414707585583,12.502660613743233,2024-01-01T00:00:00,10.0,10.427757230610101,15.045975447866647,0.9323056564738275,2024-01-01T00:00:00
60,2024-01-31 09:00:00,3.299999952316284,abstain,outside_training_support,2.5504594417394557,12.812989252614075,2024-01-01T00:00:00,10.0,10.68658467604949,15.419431724532117,0.945824247015966,2024-01-01T00:00:00
60,2024-01-31 14:00:00,2.9000000953674316,ok,,2.026295788609709,7.585934346056117,2024-01-01T00:00:00,10.0,6.326995842874179,9.129079437253987,0.04623478715917828,2024-01-01T00:00:00
60,2024-02-01 09:00:00,7.300000190734863,abstain,outside_training_support,2.479630991881046,11.936858807231376,2024-01-01T00:00:00,10.0,9.955854164437065,14.365077169321179,0.8990584869637522,2024-01-01T00:00:00
60,2024-02-01 21:30:00,6.300000190734863,abstain,outside_training_support,2.6162844788412425,13.684782907652535,2024-01-01T00:00:00,10.0,11.413698117802394,16.468567291316685,0.9706167260882831,2024-01-01T00:00:00
60,2024-02-02 01:00:00,19.100000381469727,abstain,outside_training_support,2.4580995830209362,11.682588640469634,2024-01-01T00:00:00,10.0,9.743781898229694,14.05908288503126,0.894476554731054,2024-01-01T00:00:00
60,2024-02-02 06:00:00,11.600000381469727,ok,,2.673181742349696,14.485986623294249,2024-01-01T00:00:00,10.0,12.081936510980146,17.432753379918793,0.9829678303822559,2024-01-01T00:00:00
60,2024-02-02 09:00:00,5.300000190734863,ok,,2.3014841944806697,9.988997072530761,2024-01-01T00:00:00,10.0,8.331253616140506,12.020977721886057,0.5411884851454108,2024-01-01T00:00:00
60,2024-02-03 09:00:00,7.300000190734863,ok,,1.9569826850880747,7.077938444068147,2024-01-01T00:00:00,10.0,5.903305389799537,8.517746049500811,0.010000000000000009,2024-01-01T00:00:00
60,2024-02-04 09:00:00,6.900000095367432,ok,,1.9924840640987513,7.333728606315059,2024-01-01T00:00:00,10.0,6.116645397682114,8.825569529628101,0.021636562363841594,2024-01-01T00:00:00
60,2024-02-05 09:00:00,9.300000190734863,ok,,2.058425939889265,7.833629496955433,2024-01-01T00:00:00,10.0,6.533584262777237,9.427161203537409,0.05465060225575624,2024-01-01T00:00:00
60,2024-02-05 17:00:00,12.100000381469727,ok,,2.2937458391041106,9.911996974632755,2024-01-01T00:00:00,10.0,8.267032219397878,11.928314118654017,0.4975452874951165,2024-01-01T00:00:00
60,2024-02-06 09:00:00,9.899999618530273,ok,,2.187580874612416,8.913623837921953,2024-01-01T00:00:00,10.0,7.434346040286598,10.726850032981858,0.1952656990575744,2024-01-01T00:00:00
60,2024-02-07 09:00:00,8.899999618530273,ok,,2.1027790695624176,8.188895830640343,2024-01-01T00:00:00,10.0,6.8298916804002445,9.85469648576374,0.07616940218041723,2024-01-01T00:00:00
60,2024-02-08 09:00:00,10.699999809265137,ok,,2.2614627337278357,9.597116931446585,2024-01-01T00:00:00,10.0,8.004408706807277,11.549380582411779,0.36419812277014185,2024-01-01T00:00:00
60,2024-02-09 09:00:00,11.300000190734863,ok,,2.3007412587329137,9.981578645569858,2024-01-01T00:00:00,10.0,8.325066328668568,12.012050224502591,0.5399694305812701,2024-01-01T00:00:00
60,2024-02-11 09:00:00,7.800000190734863,ok,,2.1059684275370096,8.215054843915569,2024-01-01T00:00:00,10.0,6.85170942369934,9.886176814922385,0.07989530823682944,2024-01-01T00:00:00
60,2024-02-12 09:00:00,9.0,ok,,2.204156170780285,9.062601052871292,2024-01-01T00:00:00,10.0,7.5585994514906485,10.906132474349208,0.24526600291990686,2024-01-01T00:00:00
60,2024-02-13 09:00:00,2.5999999046325684,ok,,1.4269378303401221,4.165922877644456,2024-01-01T00:00:00,10.0,3.474559035999852,5.013362777027206,0.010000000000000009,2024-01-01T00:00:00
60,2024-02-14 09:00:00,8.600000381469727,ok,,2.0712677892956646,7.934876495203873,2024-01-01T00:00:00,10.0,6.618028618317224,9.549004057380989,0.05740485299252884,2024-01-01T00:00:00
60,2024-02-15 09:00:00,9.199999809265137,ok,,2.168436791756678,8.744603714316304,2024-01-01T00:00:00,10.0,7.293375980353109,10.523447516627012,0.16704850310013464,2024-01-01T00:00:00
60,2024-02-16 09:00:00,9.600000381469727,ok,,2.292729729213984,9.901930411709124,2024-01-01T00:00:00,10.0,8.258636272522468,11.916199796489114,0.49459049937825483,2024-01-01T00:00:00
60,2024-02-17 09:00:00,10.699999809265137,ok,,2.2178728093384272,9.187765934193838,2024-01-01T00:00:00,10.0,7.6629923512543145,11.056758632212286,0.2724511702092489,2024-01-01T00:00:00
60,2024-02-17 15:00:00,7.400000095367432,ok,,2.3519621292651034,10.506163965619884,2024-01-01T00:00:00,10.0,8.762593070633436,12.643347681070185,0.7424833031608826,2024-01-01T00:00:00
60,2024-02-18 09:00:00,8.199999809265137,ok,,2.2491288245953442,9.479473953549096,2024-01-01T00:00:00,10.0,7.906289398341641,11.40780644777408,0.330561844002215,2024-01-01T00:00:00
60,2024-02-19 09:00:00,6.800000190734863,ok,,2.5003620685455683,12.186905657193291,2024-01-01T00:00:00,10.0,10.16440400260635,14.665989021731846,0.9116723637332347,2024-01-01T00:00:00
60,2024-02-20 09:00:00,7.699999809265137,ok,,2.1942176661694637,8.97297844556573,2024-01-01T00:00:00,10.0,7.483850338463505,10.798278667007512,0.20739092563491002,2024-01-01T00:00:00
60,2024-02-21 09:00:00,7.0,ok,,2.212360683485552,9.137261134340402,2024-01-01T00:00:00,10.0,7.62086917378653,10.995980050591113,0.2573607000134037,2024-01-01T00:00:00
60,2024-02-22 09:00:00,8.100000381469727,ok,,2.233746031519714,9.334769003858538,2024-01-01T00:00:00,10.0,7.78559924029783,11.233665343932897,0.2931238698893188,2024-01-01T00:00:00
60,2024-02-23 09:00:00,7.800000190734863,ok,,2.1917248211565417,8.950638058127462,2024-01-01T00:00:00,10.0,7.465217493516249,10.771393755765297,0.19884945899443318,2024-01-01T00:00:00
60,2024-02-24 11:00:00,7.400000095367432,ok,,2.0317933907559453,7.627753642597892,2024-01-01T00:00:00,10.0,6.3618749366418825,9.179405694076712,0.048216286174681766,2024-01-01T00:00:00
60,2024-02-24 14:00:00,13.899999618530273,ok,,2.0470289651980127,7.744856651671102,2024-01-01T00:00:00,10.0,6.45954388786072,9.32033001841213,0.052206240470551446,2024-01-01T00:00:00
60,2024-02-25 09:00:00,8.0,ok,,2.2851943497966616,9.827596029716227,2024-01-01T00:00:00,10.0,8.196638197612131,11.82674417412598,0.47046017746471014,2024-01-01T00:00:00
60,2024-02-26 09:00:00,8.300000190734863,ok,,2.1152979353595174,8.292055894785769,2024-01-01T00:00:00,10.0,6.915931615261805,9.97884156498202,0.09684513985975951,2024-01-01T00:00:00
60,2024-02-27 09:00:00,8.100000381469727,ok,,2.02792458149697,7.598300330041707,2024-01-01T00:00:00,10.0,6.3373096059125515,9.14396093305588,0.04682185246814696,2024-01-01T00:00:00
60,2024-02-28 09:00:00,8.800000190734863,ok,,2.141308892900747,8.510569766257404,2024-01-01T00:00:00,10.0,7.098181591776584,10.241805940865865,0.12731749423853,2024-01-01T00:00:00
60,2024-02-29 09:00:00,8.300000190734863,ok,,2.21097692702881,9.124626134146478,2024-01-01T00:00:00,10.0,7.610331039648415,10.980774814795733,0.255623534951419,2024-01-01T00:00:00
60,2024-02-29 20:00:00,8.399999618530273,ok,,2.155137393233284,8.629075674134503,2024-01-01T00:00:00,10.0,7.1970206209970575,10.384418544329323,0.14330228859527083,2024-01-01T00:00:00
60,2024-03-01 05:00:00,14.199999809265137,ok,,2.380887143482422,10.814492616199361,2024-01-01T00:00:00,10.0,9.01975243973206,13.014397128048957,0.8045617008944226,2024-01-01T00:00:00
60,2024-03-01 09:00:00,9.800000190734863,ok,,2.2269904731386077,9.271919956107434,2024-01-01T00:00:00,10.0,7.733180428624807,11.15803142419381,0.2854908008141184,2024-01-01T00:00:00
60,2024-03-02 09:00:00,7.599999904632568,ok,,2.132692641363438,8.437555562510857,2024-01-01T00:00:00,10.0,7.037284602361518,10.153939049901192,0.12346791401452129,2024-01-01T00:00:00
60,2024-03-03 09:00:00,8.899999618530273,ok,,2.10939538156856,8.243255753242972,2024-01-01T00:00:00,10.0,6.87523019621598,9.920114406484391,0.08718594792125522,2024-01-01T00:00:00
60,2024-03-04 09:00:00,9.199999809265137,ok,,2.1367258008211274,8.471654286100476,2024-01-01T00:00:00,10.0,7.065724405892244,10.194974200241035,0.12526985431551718,2024-01-01T00:00:00
60,2024-03-05 09:00:00,7.900000095367432,ok,,2.149899946937296,8.583999498770801,2024-01-01T00:00:00,10.0,7.159425150073021,10.330172888243892,0.13404382549974037,2024-01-01T00:00:00
60,2024-03-06 09:00:00,9.399999618530273,ok,,2.1315778691680674,8.428154850972332,2024-01-01T00:00:00,10.0,7.0294440042082735,10.142626027867653,0.12296985462303411,2024-01-01T00:00:00
60,2024-03-07 09:00:00,8.5,ok,,2.109237072620312,8.24195087538418,2024-01-01T00:00:00,10.0,6.874141871902665,9.91854408790722,0.08684507752423676,2024-01-01T00:00:00
60,2024-03-08 09:00:00,8.0,ok,,2.1972222597057365,8.999979141349826,2024-01-01T00:00:00,10.0,7.506370081212069,10.830771895320552,0.2198658771861276,2024-01-01T00:00:00
60,2024-03-08 16:00:00,10.5,ok,,2.2583926749362266,9.567698399654622,2024-01-01T00:00:00,10.0,7.979872384732729,11.513977677323911,0.3603973705630972,2024-01-01T00:00:00
60,2024-03-09 08:30:00,8.5,ok,,2.114129643725636,8.282374011988788,2024-01-01T00:00:00,10.0,6.907856508173706,9.96719017530162,0.09510498467164197,2024-01-01T00:00:00
60,2024-03-10 09:00:00,7.400000095367432,ok,,2.0316250867440333,7.626469969084697,2024-01-01T00:00:00,10.0,6.360804297665708,9.177860893273163,0.04815562441251009,2024-01-01T00:00:00
60,2024-03-11 09:00:00,10.0,ok,,2.2513749626674167,9.500790091431904,2024-01-01T00:00:00,10.0,7.924067975062487,11.4334587546819,0.33514116268735095,2024-01-01T00:00:00
60,2024-03-12 09:00:00,7.699999809265137,ok,,2.1599777991902984,8.670945154323284,2024-01-01T00:00:00,10.0,7.231941570086928,10.434805193251304,0.15243924907084405,2024-01-01T00:00:00
60,2024-03-13 09:00:00,7.5,ok,,2.073650813170156,7.953808043539873,2024-01-01T00:00:00,10.0,6.633818344691973,9.571786697032941,0.057915951126010556,2024-01-01T00:00:00
60,2024-03-14 09:00:00,8.399999618530273,ok,,2.0471275592996974,7.745620286499677,2024-01-01T00:00:00,10.0,6.460180792184625,9.321248993279708,0.052227386402777576,2024-01-01T00:00:00
60,2024-03-15 09:00:00,7.800000190734863,ok,,2.087684550369497,8.066216606613528,2024-01-01T00:00:00,10.0,6.7275719258365605,9.707061622297815,0.06305495801193639,2024-01-01T00:00:00
60,2024-03-16 09:00:00,3.5,abstain,outside_training_support,1.9320844063163918,6.903885757248686,2024-01-01T00:00:00,10.0,5.7581379554781025,8.308287236418881,0.010000000000000009,2024-01-01T00:00:00
60,2024-04-23 05:30:00,2120.0,abstain,too_many_missing_features|outside_training_support,2.212473909056286,9.138295764519473,2024-01-01T00:00:00,10.0,7.6217320998999485,10.997225147195177,0.25750284316630023,2024-01-01T00:00:00
60,2024-04-23 08:24:00,34.0,abstain,too_many_missing_features|outside_training_support,2.212473909056286,9.138295764519473,2024-01-01T00:00:00,10.0,7.6217320998999485,10.997225147195177,0.25750284316630023,2024-01-01T00:00:00
60,2024-04-23 09:00:00,107.0,abstain,too_many_missing_features|outside_training_support,2.412061347664342,11.156935781087483,2024-01-01T00:00:00,10.0,9.305364782500915,13.426500728264482,0.8709693823949194,2024-01-01T00:00:00
60,2024-04-23 12:21:00,6.800000190734863,abstain,outside_training_support,2.5689735828498863,13.052420334926957,2024-01-01T00:00:00,10.0,10.886280506957391,15.707568329790028,0.9539409938362166,2024-01-01T00:00:00
60,2024-04-23 15:33:00,5.0,abstain,outside_training_support,1.7318083549668837,5.650863441387694,2024-01-01T00:00:00,10.0,4.713063397509812,6.800372754652505,0.010000000000000009,2024-01-01T00:00:00
60,2024-04-24 01:00:00,3.200000047683716,abstain,outside_training_support,1.7195188086362818,5.581841883840097,2024-01-01T00:00:00,10.0,4.655496446920609,6.717310701516942,0.010000000000000009,2024-01-01T00:00:00
60,2024-04-24 09:00:00,3.799999952316284,ok,,2.2377029550228857,9.371779145586695,2024-01-01T00:00:00,10.0,7.8164672919017795,11.27820415858742,0.29854044939938273,2024-01-01T00:00:00
60,2024-04-24 14:00:00,7.599999904632568,ok,,2.173212968640327,8.78646938777805,2024-01-01T00:00:00,10.0,7.328293754468741,10.573829584450356,0.175083842611644,2024-01-01T00:00:00
60,2024-04-25 09:00:00,6.800000190734863,ok,,2.2717202974878834,9.696066593917015,2024-01-01T00:00:00,10.0,8.086936985400895,11.668458772094722,0.39487606624756877,2024-01-01T00:00:00
60,2024-04-26 09:00:00,5.900000095367432,ok,,2.125400072593137,8.376247925101724,2024-01-01T00:00:00,10.0,6.986151393276247,10.08016009710689,0.12020973052268447,2024-01-01T00:00:00
60,2024-04-26 15:00:00,6.599999904632568,ok,,2.4503658088728533,11.592586614723398,2024-01-01T00:00:00,10.0,9.668716333887874,13.95077247723313,0.8928307901979602,2024-01-01T00:00:00
60,2024-04-26 16:00:00,4.5,ok,,2.522611177968177,12.46109234890599,2024-01-01T00:00:00,10.0,10.393087508091678,14.99595128809188,0.9302302139672752,2024-01-01T00:00:00
60,2024-04-26 19:00:00,4.300000190734863,ok,,2.06599426398201,7.893141864182469,2024-01-01T00:00:00,10.0,6.583220139238626,9.498779688898686,0.056273815669097504,2024-01-01T00:00:00
60,2024-04-27 09:00:00,3.5,ok,,2.0047860410208127,7.424505187253718,2024-01-01T00:00:00,10.0,6.192356974401443,8.934812054098693,0.036215057348107926,2024-01-01T00:00:00
60,2024-04-27 22:00:00,6.900000095367432,ok,,2.16272252064053,8.694777174649298,2024-01-01T00:00:00,10.0,7.251818501082036,10.463485168160332,0.15587960306911175,2024-01-01T00:00:00
60,2024-04-28 09:00:00,8.899999618530273,ok,,2.2332848720306475,9.330465179005275,2024-01-01T00:00:00,10.0,7.782009665077052,11.228486026899933,0.2924925948501763,2024-01-01T00:00:00
60,2024-04-29 09:00:00,7.5,ok,,2.2244703583283076,9.248583071471433,2024-01-01T00:00:00,10.0,7.7137164621123135,11.129947306411951,0.28295057894267006,2024-01-01T00:00:00
60,2024-04-30 09:00:00,6.599999904632568,ok,,2.059072617738747,7.83869696996684,2024-01-01T00:00:00,10.0,6.537810753439355,9.433259511479044,0.054789298240035866,2024-01-01T00:00:00
60,2024-05-01 09:00:00,6.099999904632568,ok,,2.1025377820576354,8.18692019075664,2024-01-01T00:00:00,10.0,6.828243911679745,9.85231895748377,0.07588752269791121,2024-01-01T00:00:00
60,2024-05-02 09:00:00,7.599999904632568,ok,,2.1035912782040795,8.195549624368258,2024-01-01T00:00:00,10.0,6.835441230836013,9.862703806777903,0.07711824929044597,2024-01-01T00:00:00
60,2024-05-03 09:00:00,8.600000381469727,ok,,2.17812028027325,8.829693301081203,2024-01-01T00:00:00,10.0,7.36434435908859,10.625846187828765,0.1827382588332075,2024-01-01T00:00:00
60,2024-05-04 02:00:00,4.0,abstain,outside_training_support,2.2146422265401737,9.158131988842792,2024-01-01T00:00:00,10.0,7.638276364997261,11.021096493732326,0.26080786121769617,2024-01-01T00:00:00
60,2024-05-04 05:00:00,2.5999999046325684,abstain,outside_training_support,1.4320024480110773,4.187075203273795,2024-01-01T00:00:00,10.0,3.4922009862486743,5.038817948683588,0.010000000000000009,2024-01-01T00:00:00
60,2024-05-04 09:00:00,5.5,abstain,outside_training_support,1.525540738165871,4.5976290107382285,2024-01-01T00:00:00,10.0,3.8346205373029347,5.53288738701961,0.010000000000000009,2024-01-01T00:00:00
60,2024-05-04 21:00:00,8.899999618530273,abstain,outside_training_support,1.6725449148131595,5.325704028670499,2024-01-01T00:00:00,10.0,4.4418664481712415,6.409068800115991,0.010000000000000009,2024-01-01T00:00:00
60,2024-05-05 09:00:00,7.900000095367432,ok,,2.2042762371557747,9.063689231857767,2024-01-01T00:00:00,10.0,7.5595070396148865,10.907442012760209,0.2455087742717521,2024-01-01T00:00:00
60,2024-05-06 09:00:00,7.5,ok,,1.991638115239898,7.327527270345772,2024-01-01T00:00:00,10.0,6.111473216496767,8.818106706184322,0.020323067592017408,2024-01-01T00:00:00
60,2024-05-07 09:00:00,6.0,ok,,1.8659510508723038,6.462078730062724,2024-01-01T00:00:00,10.0,5.389651873626967,7.776606989381867,0.010000000000000009,2024-01-01T00:00:00
60,2024-05-08 09:00:00,8.300000190734863,ok,,2.056992293770936,7.822406890979637,2024-01-01T00:00:00,10.0,6.52422412622504,9.413655673859404,0.054343121553194096,2024-01-01T00:00:00
60,2024-05-09 09:00:00,7.599999904632568,ok,,2.1083738819656137,8.23483957005977,2024-01-01T00:00:00,10.0,6.868210737098109,9.909986187423561,0.08498645775305169,2024-01-01T00:00:00
60,2024-05-10 09:00:00,7.0,ok,,1.9087888182920425,6.744914532166519,2024-01-01T00:00:00,10.0,5.625549109549796,8.116977784503154,0.010000000000000009,2024-01-01T00:00:00
60,2024-05-11 09:00:00,8.699999809265137,ok,,2.04638521940713,7.739872537224071,2024-01-01T00:00:00,10.0,6.455386921830137,9.314332025991465,0.052068173338417845,2024-01-01T00:00:00
60,2024-05-12 09:00:00,7.099999904632568,ok,,2.102570984228816,8.18719201879487,2024-01-01T00:00:00,10.0,6.828470627966677,9.852646081294901,0.07592631049522736,2024-01-01T00:00:00
60,2024-05-13 09:00:00,8.600000381469727,ok,,2.090782768056888,8.091246255202917,2024-01-01T00:00:00,10.0,6.748447730364976,9.737182849273351,0.06524756656512587,2024-01-01T00:00:00
60,2024-05-13 13:02:00,5.699999809265137,ok,,1.9619769210125195,7.113375756007116,2024-01-01T00:00:00,10.0,5.932861633644048,8.56039208636004,0.010000000000000009,2024-01-01T00:00:00
60,2024-05-14 09:00:00,7.400000095367432,ok,,2.047345915862153,7.747311778186959,2024-01-01T00:00:00,10.0,6.46159156907584,9.323284571400508,0.05227421834294377,2024-01-01T00:00:00
60,2024-05-15 09:00:00,6.900000095367432,ok,,2.017330537312131,7.518228491807312,2024-01-01T00:00:00,10.0,6.270526245481322,9.047600730267046,0.04300344444878368,2024-01-01T00:00:00
60,2024-05-16 09:00:00,7.199999809265137,ok,,1.9517779189110183,7.041195132570368,2024-01-01T00:00:00,10.0,5.872659886095601,8.473528344186056,0.010000000000000009,2024-01-01T00:00:00
60,2024-05-17 09:00:00,6.5,ok,,1.8363267226883617,6.273451757414306,2024-01-01T00:00:00,10.0,5.232328857455472,7.549609161723184,0.010000000000000009,2024-01-01T00:00:00
60,2024-05-18 09:00:00,7.599999904632568,ok,,2.027214827934914,7.592909322686532,2024-01-01T00:00:00,10.0,6.332813273678563,9.137473276803252,0.04656603621461408,2024-01-01T00:00:00
60,2024-05-19 09:00:00,8.899999618530273,ok,,2.167303901133059,8.734702644234774,2024-01-01T00:00:00,10.0,7.285118061632996,10.511532352170693,0.16375837121284387,2024-01-01T00:00:00
60,2024-05-20 08:20:00,6.699999809265137,ok,,1.9657799478053128,7.140479620288489,2024-01-01T00:00:00,10.0,5.95546742336107,8.593009469900913,0.010000000000000009,2024-01-01T00:00:00
60,2024-05-20 16:00:00,6.900000095367432,ok,,1.9180896060630166,6.8079401905662715,2024-01-01T00:00:00,10.0,5.678115222107435,8.192824241362578,0.010000000000000009,2024-01-01T00:00:00
60,2024-05-20 21:00:00,7.0,ok,,1.934066981481231,6.917586806884481,2024-01-01T00:00:00,10.0,5.76956522074751,8.324775379446901,0.010000000000000009,2024-01-01T00:00:00
60,2024-05-21 09:00:00,5.800000190734863,ok,,1.9504733292943786,7.0320152518022265,2024-01-01T00:00:00,10.0,5.865003470312315,8.462481074735265,0.010000000000000009,2024-01-01T00:00:00
60,2024-05-22 09:00:00,7.900000095367432,ok,,2.038470361271626,7.678854337840947,2024-01-01T00:00:00,10.0,6.404495116519774,9.240901389253047,0.05037063716887691,2024-01-01T00:00:00
60,2024-05-23 09:00:00,8.600000381469727,ok,,1.9895207338164682,7.312028514403295,2024-01-01T00:00:00,10.0,6.098546586770693,8.799455164037633,0.018810635817964605,2024-01-01T00:00:00
60,2024-05-24 09:00:00,6.300000190734863,ok,,2.0549972941969963,7.806816748899112,2024-01-01T00:00:00,10.0,6.511221276525375,9.394894155633876,0.053915244783073524,2024-01-01T00:00:00
60,2024-05-25 09:00:00,7.0,ok,,2.00931524152004,7.458208526830685,2024-01-01T00:00:00,10.0,6.220467010643098,8.975371390663323,0.040114493902977055,2024-01-01T00:00:00
60,2024-05-26 09:00:00,8.5,ok,,1.8488342361651224,6.352409794841514,2024-01-01T00:00:00,10.0,5.29818326006089,7.644628992241146,0.010000000000000009,2024-01-01T00:00:00
60,2024-05-27 09:00:00,5.0,ok,,1.9150110595629821,6.787013857991464,2024-01-01T00:00:00,10.0,5.6606617597958016,8.167641034694682,0.010000000000000009,2024-01-01T00:00:00
60,2024-05-28 09:00:00,5.900000095367432,ok,,1.8404367761605003,6.299289039526256,2024-01-01T00:00:00,10.0,5.25387826311286,7.580702312557709,0.010000000000000009,2024-01-01T00:00:00
60,2024-05-29 09:00:00,6.099999904632568,ok,,1.9667944556830976,7.1477273689418555,2024-01-01T00:00:00,10.0,5.961512357776286,8.601731569273184,0.010000000000000009,2024-01-01T00:00:00
60,2024-05-30 09:00:00,6.300000190734863,ok,,1.8601663145458365,6.424805221139748,2024-01-01T00:00:00,10.0,5.358564162443755,7.731751232880372,0.010000000000000009,2024-01-01T00:00:00
60,2024-05-31 09:00:00,8.5,ok,,2.113346891919579,8.275893505417459,2024-01-01T00:00:00,10.0,6.902451486687087,9.9593913918447,0.093939086040841,2024-01-01T00:00:00
60,2024-06-01 09:00:00,7.800000190734863,ok,,2.1749337259273354,8.801601784861495,2024-01-01T00:00:00,10.0,7.340914825133485,10.592040242327016,0.17741052316733297,2024-01-01T00:00:00
60,2024-06-02 09:00:00,6.300000190734863,ok,,2.1800503968020406,8.846752095500474,2024-01-01T00:00:00,10.0,7.378572128068858,10.64637511442543,0.18689509036557816,2024-01-01T00:00:00
60,2024-06-03 09:00:00,9.600000381469727,ok,,2.1953645047297554,8.983274906308353,2024-01-01T00:00:00,10.0,7.4924380300177775,10.810669653239927,0.21280082834223857,2024-01-01T00:00:00
60,2024-06-04 09:00:00,5.900000095367432,ok,,1.8567794898069532,6.403082338437059,2024-01-01T00:00:00,10.0,5.340446343031488,7.705609440353245,0.010000000000000009,2024-01-01T00:00:00
60,2024-06-05 09:00:00,9.699999809265137,ok,,2.051499502431514,7.779557830362285,2024-01-01T00:00:00,10.0,6.488486164883733,9.362090176408074,0.05316505723280096,2024-01-01T00:00:00
60,2024-06-06 09:00:00,8.399999618530273,ok,,2.114596654554476,8.286242873670723,2024-01-01T00:00:00,10.0,6.911083305383069,9.97184604813349,0.09580059122495888,2024-01-01T00:00:00
60,2024-06-07 07:20:00,9.699999809265137,ok,,2.163682159305357,8.703125023826935,2024-01-01T00:00:00,10.0,7.258780966697272,10.473531152583133,0.15708245617362337,2024-01-01T00:00:00
60,2024-06-08 09:00:00,9.5,ok,,2.1536637076652414,8.616368495340716,2024-01-01T00:00:00,10.0,7.186422286799142,10.369126447226982,0.1399271182223195,2024-01-01T00:00:00
60,2024-06-09 09:00:00,9.100000381469727,ok,,2.04903388801895,7.760400067985293,2024-01-01T00:00:00,10.0,6.472507766259572,9.339035305827691,0.05263624552527402,2024-01-01T00:00:00
60,2024-06-10 09:00:00,8.300000190734863,ok,,2.1781747973940493,8.830174683659193,2024-01-01T00:00:00,10.0,7.364745852883663,10.626425494159893,0.1828556706492358,2024-01-01T00:00:00
60,2024-06-11 09:00:00,8.5,ok,,2.112406961768156,8.26811839818303,2024-01-01T00:00:00,10.0,6.895966712510825,9.950034657612857,0.09253907230965197,2024-01-01T00:00:00
60,2024-06-12 09:00:00,9.800000190734863,ok,,2.122543301038087,8.35235304564801,2024-01-01T00:00:00,10.0,6.966222035062354,10.051404476147692,0.11631654223484567,2024-01-01T00:00:00
60,2024-06-13 09:00:00,8.800000190734863,ok,,2.1374224919668308,8.477558469088253,2024-01-01T00:00:00,10.0,7.070648748697644,10.202079423282614,0.12558112290431456,2024-01-01T00:00:00
60,2024-06-14 09:00:00,8.800000190734863,ok,,2.1057937528960298,8.213620007478495,2024-01-01T00:00:00,10.0,6.850512708336613,9.8844501013475,0.0796912479501155,2024-01-01T00:00:00
60,2024-06-15 09:00:00,9.300000190734863,ok,,2.1851766198603464,8.892218957155423,2024-01-01T00:00:00,10.0,7.416493448180067,10.70109093094531,0.19318645605414253,2024-01-01T00:00:00
60,2024-06-16 09:00:00,9.5,ok,,2.193430974574388,8.965922254726735,2024-01-01T00:00:00,10.0,7.477965171512639,10.789787092501982,0.20238913722346863,2024-01-01T00:00:00
60,2024-06-17 09:00:00,8.800000190734863,ok,,2.1218063781649756,8.346200272982266,2024-01-01T00:00:00,10.0,6.961090357762965,10.044000094846377,0.11517953730859842,2024-01-01T00:00:00
60,2024-06-18 09:00:00,9.5,ok,,2.168822550649466,8.747977673688586,2024-01-01T00:00:00,10.0,7.296190007729125,10.527507813186745,0.1681688209909422,2024-01-01T00:00:00
60,2024-06-19 09:00:00,9.399999618530273,ok,,2.170457620348378,8.76229292693874,2024-01-01T00:00:00,10.0,7.308129545256298,10.544735102288316,0.17135826472600602,2024-01-01T00:00:00
60,2024-06-20 09:00:00,8.899999618530273,ok,,2.1380135421307638,8.482570612479334,2024-01-01T00:00:00,10.0,7.074829092074297,10.208111146348061,0.12584519307596886,2024-01-01T00:00:00
60,2024-06-21 08:30:00,6.800000190734863,ok,,2.1633249976787585,8.700017156575434,2024-01-01T00:00:00,10.0,7.256188871606089,10.469791077105926,0.15663477415838922,2024-01-01T00:00:00
60,2024-06-22 09:00:00,7.699999809265137,ok,,2.126471462422042,8.385226961098084,2024-01-01T00:00:00,10.0,6.993640295872869,10.090965665563116,0.12068840748327436,2024-01-01T00:00:00
60,2024-06-23 09:00:00,9.100000381469727,ok,,2.151894726962261,8.601139779366294,2024-01-01T00:00:00,10.0,7.173720882032494,10.350799877088638,0.13716195007043508,2024-01-01T00:00:00
60,2024-06-24 09:00:00,8.699999809265137,ok,,2.1139932846984837,8.281244712522838,2024-01-01T00:00:00,10.0,6.906914623799221,9.965831151605554,0.09490187967485497,2024-01-01T00:00:00
60,2024-06-25 11:00:00,7.599999904632568,ok,,2.078725011257555,7.994269809794719,2024-01-01T00:00:00,10.0,6.667565199754443,9.620479272193986,0.05900423781887454,2024-01-01T00:00:00
60,2024-06-26 09:00:00,8.899999618530273,ok,,2.1593274613380777,8.6653079437193,2024-01-01T00:00:00,10.0,7.22723989374361,10.428021250620024,0.1516240871425094,2024-01-01T00:00:00
60,2024-06-27 09:00:00,9.399999618530273,ok,,2.1895081965262477,8.930819826256032,2024-01-01T00:00:00,10.0,7.4486882348984444,10.747544061738582,0.19693248191461,2024-01-01T00:00:00
60,2024-06-28 09:00:00,9.300000190734863,ok,,2.182124617852572,8.865121259192854,2024-01-01T00:00:00,10.0,7.393892801438409,10.668480968087458,0.190547029505994,2024-01-01T00:00:00
60,2024-06-29 09:00:00,8.300000190734863,ok,,2.0890363019189104,8.077127500156655,2024-01-01T00:00:00,10.0,6.736672080799712,9.720192030411406,0.06401159253800393,2024-01-01T00:00:00
60,2024-06-30 09:00:00,8.800000190734863,ok,,2.1926459277369816,8.958886347935769,2024-01-01T00:00:00,10.0,7.472096922331121,10.781319928263835,0.19964604862835045,2024-01-01T00:00:00
60,2024-07-01 09:00:00,8.5,ok,,2.109028367632573,8.240230918615811,2024-01-01T00:00:00,10.0,6.8727073539083126,9.916474254284783,0.08639569451198481,2024-01-01T00:00:00
60,2024-07-02 09:00:00,9.699999809265137,ok,,2.233233105266696,9.32998218351846,2024-01-01T00:00:00,10.0,7.781606826046578,11.227904779559024,0.29242173202134036,2024-01-01T00:00:00
60,2024-07-03 09:00:00,9.300000190734863,ok,,2.272297256979875,9.701662445708033,2024-01-01T00:00:00,10.0,8.091604166713573,11.675192942625193,0.40032389322373096,2024-01-01T00:00:00
60,2024-07-04 09:00:00,10.100000381469727,ok,,2.1571395529249315,8.646369768617715,2024-01-01T00:00:00,10.0,7.211444640361059,10.405230636173316,0.14793538552901297,2024-01-01T00:00:00
60,2024-07-05 09:00:00,10.100000381469727,ok,,2.1163212283934176,8.30054544072542,2024-01-01T00:00:00,10.0,6.923012262077052,9.989058070389767,0.0983693215197704,2024-01-01T00:00:00
60,2024-07-06 09:00:00,8.899999618530273,ok,,1.9416325679092195,6.970120882711645,2024-01-01T00:00:00,10.0,5.813380901744077,8.387996036192794,0.010000000000000009,2024-01-01T00:00:00
60,2024-07-07 09:00:00,8.800000190734863,ok,,2.0622875093643205,7.863938083192745,2024-01-01T00:00:00,10.0,6.558862928578841,9.463635219626822,0.05547881089106932,2024-01-01T00:00:00
60,2024-07-08 09:00:00,7.5,ok,,2.0809352196830435,8.011958352766571,2024-01-01T00:00:00,10.0,6.682318206140214,9.641766051983119,0.05947827142506912,2024-01-01T00:00:00
60,2024-07-09 09:00:00,9.399999618530273,ok,,2.1223171440967428,8.350464316612818,2024-01-01T00:00:00,10.0,6.964646753731296,10.049131538285176,0.11596760265677575,2024-01-01T00:00:00
60,2024-07-10 09:00:00,9.300000190734863,ok,,2.0554391770651113,7.8102672097685915,2024-01-01T00:00:00,10.0,6.5140991094436815,9.399046515769843,0.05401001744210088,2024-01-01T00:00:00
60,2024-07-11 09:00:00,10.800000190734863,ok,,2.2708802229488496,9.687924595664239,2024-01-01T00:00:00,10.0,8.08014620831952,11.65866051318068,0.38706670036013047,2024-01-01T00:00:00
60,2024-07-11 15:00:00,7.099999904632568,ok,,2.270280307409847,9.682114402145558,2024-01-01T00:00:00,10.0,8.07530025677789,11.651668399123507,0.3827776253576818,2024-01-01T00:00:00
60,2024-07-12 09:00:00,6.5,ok,,2.1517167364824537,8.599608994606672,2024-01-01T00:00:00,10.0,7.172444141637885,10.348957697202229,0.13688372566398865,2024-01-01T00:00:00
60,2024-07-13 09:00:00,8.5,ok,,2.206398262679288,9.082943033048764,2024-01-01T00:00:00,10.0,7.5755655387447,10.930612458551515,0.24979945934400138,2024-01-01T00:00:00
60,2024-07-14 09:00:00,7.099999904632568,ok,,2.2214650304439862,9.22082977164817,2024-01-01T00:00:00,10.0,7.690569015193118,11.096548377924753,0.27983936161832157,2024-01-01T00:00:00
60,2024-07-15 09:00:00,6.800000190734863,ok,,2.2026377405262707,9.048850567471034,2024-01-01T00:00:00,10.0,7.547130954665314,10.889584839240158,0.24219577310789098,2024-01-01T00:00:00
60,2024-07-16 09:00:00,6.199999809265137,ok,,2.079692669595988,8.002009275611256,2024-01-01T00:00:00,10.0,6.67402024745371,9.6297931147634,0.0592117759706805,2024-01-01T00:00:00
60,2024-07-17 09:00:00,8.800000190734863,ok,,2.1805194403633004,8.850902580912065,2024-01-01T00:00:00,10.0,7.382033811593539,10.651369899417906,0.18790525479680142,2024-01-01T00:00:00
60,2024-07-18 09:00:00,6.699999809265137,ok,,2.122650029023398,8.353244523033124,2024-01-01T00:00:00,10.0,6.966965565582436,10.052477299546098,0.11648121380292242,2024-01-01T00:00:00
60,2024-07-19 09:00:00,8.600000381469727,ok,,2.1358534499962616,8.464267254006247,2024-01-01T00:00:00,10.0,7.059563303090759,10.186084484127313,0.12488010426362284,2024-01-01T00:00:00
60,2024-07-20 09:00:00,10.399999618530273,ok,,2.025666038170204,7.5811586044881425,2024-01-01T00:00:00,10.0,6.323012668795837,9.123332205316961,0.04600780640598834,2024-01-01T00:00:00
60,2024-07-21 09:00:00,7.900000095367432,ok,,2.107249546804266,8.225586053384976,2024-01-01T00:00:00,10.0,6.860492905798421,9.898850302910924,0.08256554234004754,2024-01-01T00:00:00
60,2024-07-22 09:00:00,8.800000190734863,ok,,2.1511407190753684,8.594656896515927,2024-01-01T00:00:00,10.0,7.168313878626851,10.34299823396551,0.13598332862386286,2024-01-01T00:00:00
60,2024-07-23 09:00:00,8.0,ok,,2.1504010701312097,8.588302218022342,2024-01-01T00:00:00,10.0,7.163013803174363,10.335350874771542,0.13482715224471042,2024-01-01T00:00:00
60,2024-07-24 09:00:00,6.599999904632568,ok,,2.041207681285969,7.699902614298595,2024-01-01T00:00:00,10.0,6.422050285279762,9.266231345858728,0.050957722831361685,2024-01-01T00:00:00
60,2024-07-25 09:00:00,7.5,ok,,2.0778748363349546,7.987476170378066,2024-01-01T00:00:00,10.0,6.661899011993472,9.612303657816975,0.05882189687771777,2024-01-01T00:00:00
60,2024-07-26 09:00:00,8.399999618530273,ok,,2.097875231839925,8.148837115356429,2024-01-01T00:00:00,10.0,6.796480987200142,9.80648895096332,0.07044058816347276,2024-01-01T00:00:00
60,2024-07-27 09:00:00,9.300000190734863,ok,,2.2110503169336595,9.125295814163824,2024-01-01T00:00:00,10.0,7.610889581614706,10.981580722386942,0.2557156684897923,2024-01-01T00:00:00
60,2024-07-28 09:00:00,6.599999904632568,ok,,2.0738002460961855,7.95499669315838,2024-01-01T00:00:00,10.0,6.634809729648903,9.573217144001687,0.057948000695631774,2024-01-01T00:00:00
60,2024-07-29 09:00:00,7.0,ok,,2.0963735345975465,8.136609212733452,2024-01-01T00:00:00,10.0,6.7862823899630245,9.791773625295601,0.06920415185796158,2024-01-01T00:00:00
60,2024-07-30 09:00:00,8.199999809265137,ok,,2.1325511612406873,8.43636190055587,2024-01-01T00:00:00,10.0,7.0362890369001665,10.152502570977013,0.12340470333871034,2024-01-01T00:00:00
60,2024-07-31 08:00:00,8.100000381469727,ok,,2.044860898710403,7.728083476762686,2024-01-01T00:00:00,10.0,6.44555433784932,9.30014481258663,0.051741245240355394,2024-01-01T00:00:00
60,2024-08-01 09:00:00,7.400000095367432,ok,,2.1334797896799165,8.444199784818219,2024-01-01T00:00:00,10.0,7.042826169820463,10.161934852458357,0.12381959717736268,2024-01-01T00:00:00
60,2024-08-02 09:00:00,7.400000095367432,ok,,1.9883891633424213,7.303759118415556,2024-01-01T00:00:00,10.0,6.091649554493489,8.789503591900782,0.01810574856417213,2024-01-01T00:00:00
60,2024-08-03 09:00:00,10.100000381469727,ok,,2.1788554429661238,8.836186948836993,2024-01-01T00:00:00,10.0,7.369760340888819,10.633660785674708,0.18432155570548203,2024-01-01T00:00:00
60,2024-08-03 22:00:00,8.399999618530273,ok,,2.0784469375372363,7.992047122497265,2024-01-01T00:00:00,10.0,6.665711382854707,9.617804441648797,0.058944598064129994,2024-01-01T00:00:00
60,2024-08-04 09:00:00,10.100000381469727,ok,,2.206788390602498,9.086487234051814,2024-01-01T00:00:00,10.0,7.578521554970212,10.934877627616059,0.2503652547784959,2024-01-01T00:00:00
60,2024-08-05 09:00:00,7.400000095367432,ok,,2.161555874246645,8.684639358985757,2024-01-01T00:00:00,10.0,7.243363126353886,10.451285098888599,0.1544172774165662,2024-01-01T00:00:00
60,2024-08-06 09:00:00,7.0,ok,,2.077912580252314,7.9877776547081165,2024-01-01T00:00:00,10.0,6.66215046290458,9.612666470658816,0.05882999198994854,2024-01-01T00:00:00
60,2024-08-07 09:00:00,8.0,ok,,2.176349669626341,8.814073184766329,2024-01-01T00:00:00,10.0,7.351316509586993,10.60704859795353,0.17932505736532833,2024-01-01T00:00:00
60,2024-08-08 09:00:00,9.699999809265137,ok,,2.1821822683833156,8.86563235287082,2024-01-01T00:00:00,10.0,7.394319075570019,10.66909602940663,0.19059688672789998,2024-01-01T00:00:00
60,2024-08-09 09:00:00,7.699999809265137,ok,,2.1578609945739067,8.652609870545295,2024-01-01T00:00:00,10.0,7.216649154024617,10.412740111419836,0.14960483732433416,2024-01-01T00:00:00
60,2024-08-10 09:00:00,6.199999809265137,ok,,2.027612033520613,7.595925867735821,2024-01-01T00:00:00,10.0,6.335329202121394,9.141103453143407,0.0467092008991582,2024-01-01T00:00:00
60,2024-08-11 09:00:00,8.0,ok,,2.021830181173791,7.5521340667906225,2024-01-01T00:00:00,10.0,6.298804954758736,9.088403441346314,0.044625249673102996,2024-01-01T00:00:00
60,2024-08-12 09:00:00,7.400000095367432,abstain,outside_training_support,1.913364427150945,6.775847337092644,2024-01-01T00:00:00,10.0,5.651348400612442,8.154202999025935,0.010000000000000009,2024-01-01T00:00:00
60,2024-08-13 09:00:00,8.0,ok,,2.1175056437898525,8.310382559011408,2024-01-01T00:00:00,10.0,6.931216842246357,10.000896273855519,0.10086729799382643,2024-01-01T00:00:00
60,2024-08-14 09:00:00,7.400000095367432,ok,,2.0378597735059882,7.674167154442187,2024-01-01T00:00:00,10.0,6.400585803767263,9.235260730155264,0.050239681591517815,2024-01-01T00:00:00
60,2024-08-15 09:00:00,9.0,abstain,outside_training_support,2.0336678881513004,7.642065256284033,2024-01-01T00:00:00,10.0,6.3738114386159745,9.196628603247287,0.04889191068235954,2024-01-01T00:00:00
60,2024-08-16 09:00:00,8.100000381469727,ok,,2.1126034874578328,8.269743455531094,2024-01-01T00:00:00,10.0,6.897322080302923,9.951990287195686,0.09283179476744585,2024-01-01T00:00:00
60,2024-08-17 09:00:00,6.699999809265137,ok,,2.0587595411655775,7.83624324170383,2024-01-01T00:00:00,10.0,6.535764238427308,9.430306641178749,0.054722151261821894,2024-01-01T00:00:00
60,2024-08-18 09:00:00,6.699999809265137,ok,,2.1130566800372637,8.273492091261726,2024-01-01T00:00:00,10.0,6.900448603892795,9.956501477486183,0.09350681921805581,2024-01-01T00:00:00
60,2024-08-19 09:00:00,8.5,ok,,2.1019977075555887,8.182499837678758,2024-01-01T00:00:00,10.0,6.824557146902729,9.846999407834668,0.07525659105771265,2024-01-01T00:00:00
60,2024-08-20 09:00:00,8.699999809265137,ok,,2.0908932370931863,8.092140136751391,2024-01-01T00:00:00,10.0,6.749193266060808,9.738258565894569,0.06532574549839987,2024-01-01T00:00:00
60,2024-08-21 09:00:00,6.800000190734863,ok,,2.0781424812548805,7.98961426391027,2024-01-01T00:00:00,10.0,6.663682274050962,9.614876686373426,0.05887929991948926,2024-01-01T00:00:00
60,2024-08-22 09:00:00,9.0,ok,,2.0328374250026076,7.635721437227352,2024-01-01T00:00:00,10.0,6.368520420401398,9.188994312537387,0.04859258711041414,2024-01-01T00:00:00
60,2024-08-23 09:00:00,6.5,ok,,1.8973621902066646,6.668281564365735,2024-01-01T00:00:00,10.0,5.561633915114355,8.024755993666064,0.010000000000000009,2024-01-01T00:00:00
60,2024-08-24 09:00:00,8.300000190734863,ok,,2.12364751042575,8.361580886086502,2024-01-01T00:00:00,10.0,6.973918451275526,10.06250946131555,0.11802023682649287,2024-01-01T00:00:00
60,2024-08-25 09:00:00,7.5,ok,,2.1322855745137685,8.434121612320176,2024-01-01T00:00:00,10.0,7.034420540060165,10.149806559077488,0.12328604415063082,2024-01-01T00:00:00
60,2024-08-26 09:00:00,6.099999904632568,abstain,outside_training_support,2.1254428633168394,8.376606358481109,2024-01-01T00:00:00,10.0,6.986450342146334,10.080591443681234,0.12022884861864802,2024-01-01T00:00:00
60,2024-08-27 09:00:00,17.299999237060547,ok,,2.154041255282807,8.619622198913568,2024-01-01T00:00:00,10.0,7.189136015661043,10.373042025325452,0.14076577095459575,2024-01-01T00:00:00
60,2024-08-27 13:00:00,8.0,ok,,2.1489531990741364,8.575876461428845,2024-01-01T00:00:00,10.0,7.1526501872075965,10.320397447304957,0.13256392408834383,2024-01-01T00:00:00
60,2024-08-28 09:00:00,6.900000095367432,ok,,2.1067469739751905,8.221453135964316,2024-01-01T00:00:00,10.0,6.857045874734534,9.893876659623272,0.08148340389068442,2024-01-01T00:00:00
60,2024-08-29 08:30:00,7.0,ok,,2.0220045206830677,7.5534508169152685,2024-01-01T00:00:00,10.0,6.299903181052912,9.089988047268081,0.04468808680769465,2024-01-01T00:00:00
60,2024-08-30 09:00:00,5.800000190734863,ok,,2.0156481923815655,7.505590871616089,2024-01-01T00:00:00,10.0,6.259985926152661,9.032392341509569,0.04239707739366039,2024-01-01T00:00:00
60,2024-08-31 09:00:00,7.0,ok,,2.1779688657233978,8.828356458255966,2024-01-01T00:00:00,10.0,7.363229374617066,10.624237401911305,0.18241216205827293,2024-01-01T00:00:00
60,2024-09-01 03:00:00,7.099999904632568,ok,,2.3385547961279594,10.366244395433334,2024-01-01T00:00:00,10.0,8.645894125121565,12.474965407669215,0.6660814616819574,2024-01-01T00:00:00
60,2024-09-02 23:00:00,5.900000095367432,abstain,too_many_missing_features|outside_training_support,2.2173180848169944,9.182670668498027,2024-01-01T00:00:00,10.0,7.658742680296841,11.050626877945898,0.2713102574360041,2024-01-01T00:00:00
60,2024-09-03 09:00:00,5.0,ok,,1.5431027660419696,4.679085879892893,2024-01-01T00:00:00,10.0,3.9025590731515942,5.630914366334234,0.010000000000000009,2024-01-01T00:00:00
60,2024-09-04 09:00:00,12.100000381469727,ok,,2.3977954784685735,10.998902317144406,2024-01-01T00:00:00,10.0,9.173558069736167,13.236319798629781,0.8305199533850748,2024-01-01T00:00:00
60,2024-09-05 09:00:00,6.099999904632568,ok,,2.1050341984343652,8.207383684468704,2024-01-01T00:00:00,10.0,6.845311346453184,9.876945173733363,0.07880391307223855,2024-01-01T00:00:00
60,2024-09-06 09:00:00,4.0,ok,,1.7489574390534164,5.748606278340774,2024-01-01T00:00:00,10.0,4.794585131664337,6.917998624092193,0.010000000000000009,2024-01-01T00:00:00
60,2024-09-06 23:00:00,19.5,abstain,outside_training_support,2.219845015287506,9.2059039809307,2024-01-01T00:00:00,10.0,7.678120263132651,11.078586354671225,0.27650744475965405,2024-01-01T00:00:00
60,2024-09-07 01:00:00,7.599999904632568,abstain,outside_training_support,2.483241182420191,11.980031025040168,2024-01-01T00:00:00,10.0,9.991861652788964,14.417031561210136,0.8998267436303253,2024-01-01T00:00:00
60,2024-09-07 09:00:00,7.199999809265137,ok,,2.0709996357022717,7.932749014817059,2024-01-01T00:00:00,10.0,6.616254208079918,9.546443800916007,0.05734734085321014,2024-01-01T00:00:00
60,2024-09-08 09:00:00,7.5,ok,,1.8768184573970377,6.532687740113357,2024-01-01T00:00:00,10.0,5.4485428279485095,7.861579417606642,0.010000000000000009,2024-01-01T00:00:00
60,2024-09-09 09:00:00,6.900000095367432,ok,,2.0144877054642385,7.49688578365007,2024-01-01T00:00:00,10.0,6.252725508007664,9.021916448109385,0.04197880345840255,2024-01-01T00:00:00
60,2024-09-10 10:30:00,6.800000190734863,ok,,2.0229840092997744,7.560852960573217,2024-01-01T00:00:00,10.0,6.306076887549139,9.098895948968352,0.0450411235822874,2024-01-01T00:00:00
60,2024-09-11 09:00:00,4.5,ok,,1.7412905185960814,5.7047006966355545,2024-01-01T00:00:00,10.0,4.757965986249202,6.865161686037992,0.010000000000000009,2024-01-01T00:00:00
60,2024-09-11 19:00:00,12.0,ok,,1.7092082118598775,5.524585444173142,2024-01-01T00:00:00,10.0,4.607742111169083,6.64840704876048,0.010000000000000009,2024-01-01T00:00:00
60,2024-09-12 09:00:00,6.099999904632568,ok,,1.8388472844990142,6.289284325435845,2024-01-01T00:00:00,10.0,5.24553390082714,7.568662420632482,0.010000000000000009,2024-01-01T00:00:00
60,2024-09-13 10:00:00,7.199999809265137,ok,,2.1005278076594087,8.17048121726527,2024-01-01T00:00:00,10.0,6.814533100038579,9.832535936958731,0.07353940880061682,2024-01-01T00:00:00
60,2024-09-13 21:00:00,7.5,ok,,1.902315094753683,6.701390852333783,2024-01-01T00:00:00,10.0,5.589248486738386,8.064600435521584,0.010000000000000009,2024-01-01T00:00:00
60,2024-09-14 09:00:00,4.5,ok,,1.5843728790869882,4.876232432113469,2024-01-01T00:00:00,10.0,4.066987785480887,5.868164842531417,0.010000000000000009,2024-01-01T00:00:00
60,2024-09-14 17:30:00,3.299999952316284,abstain,outside_training_support,1.478581783108301,4.386719946913831,2024-01-01T00:00:00,10.0,3.658713297776771,5.279074803116772,0.010000000000000009,2024-01-01T00:00:00
60,2024-09-15 09:00:00,5.300000190734863,abstain,outside_training_support,1.6048831696003085,4.977278071383621,2024-01-01T00:00:00,10.0,4.151264198963847,5.989765376573068,0.010000000000000009,2024-01-01T00:00:00
60,2024-09-16 09:00:00,6.699999809265137,ok,,1.8023643784119572,6.063968043240125,2024-01-01T00:00:00,10.0,5.057610420903361,7.297511874788272,0.010000000000000009,2024-01-01T00:00:00
60,2024-09-16 17:00:00,5.300000190734863,ok,,1.70035047739997,5.475866222810448,2024-01-01T00:00:00,10.0,4.567108183037331,6.589777271378814,0.010000000000000009,2024-01-01T00:00:00
60,2024-09-17 09:00:00,4.900000095367432,ok,,1.7227819457018736,5.600085949239883,2024-01-01T00:00:00,10.0,4.670712782928261,6.73926600915544,0.010000000000000009,2024-01-01T00:00:00
60,2024-09-18 09:00:00,6.699999809265137,ok,,2.070537782341981,7.929086093959485,2024-01-01T00:00:00,10.0,6.613199174384472,9.542035761779925,0.057248285030516266,2024-01-01T00:00:00
60,2024-09-19 09:00:00,4.699999809265137,ok,,1.941712315415115,6.970676754632237,2024-01-01T00:00:00,10.0,5.81384452285788,8.388664984629271,0.010000000000000009,2024-01-01T00:00:00
60,2024-09-20 09:00:00,6.900000095367432,ok,,2.093752284570031,8.115309054327124,2024-01-01T00:00:00,10.0,6.76851714081353,9.766140548439544,0.06734909330162786,2024-01-01T00:00:00
60,2024-09-21 11:00:00,5.699999809265137,ok,,1.859657812607614,6.421539025735823,2024-01-01T00:00:00,10.0,5.355840014856926,7.72782062183896,0.010000000000000009,2024-01-01T00:00:00
60,2024-09-22 09:00:00,3.799999952316284,abstain,outside_training_support,1.5196173117547727,4.570475793064602,2024-01-01T00:00:00,10.0,3.811973584731956,5.5002106105262225,0.010000000000000009,2024-01-01T00:00:00
60,2024-09-23 09:00:00,4.900000095367432,ok,,1.8024521727852847,6.064500448885128,2024-01-01T00:00:00,10.0,5.058054470133026,7.298152583395063,0.010000000000000009,2024-01-01T00:00:00
60,2024-09-24 09:00:00,6.800000190734863,ok,,2.052301292759799,7.785797905870804,2024-01-01T00:00:00,10.0,6.4936906565126575,9.369599619861319,0.05333702090660908,2024-01-01T00:00:00
60,2024-09-25 09:00:00,9.199999809265137,ok,,2.287230794082803,9.84762977337535,2024-01-01T00:00:00,10.0,8.21334720233933,11.850853219755248,0.47814751623956897,2024-01-01T00:00:00
60,2024-09-26 09:00:00,6.699999809265137,ok,,2.039024910326918,7.683113820196518,2024-01-01T00:00:00,10.0,6.408047708188394,9.246027343553694,0.050489573865280746,2024-01-01T00:00:00
60,2024-09-27 09:00:00,7.599999904632568,ok,,2.051651520250384,7.780740551670511,2024-01-01T00:00:00,10.0,6.489472605374655,9.363513489118464,0.05319766119632485,2024-01-01T00:00:00
60,2024-09-28 03:31:00,6.099999904632568,ok,,1.867547529140908,6.472403537797928,2024-01-01T00:00:00,10.0,5.3982632077934785,7.789032089005628,0.010000000000000009,2024-01-01T00:00:00
60,2024-09-28 09:00:00,4.900000095367432,ok,,1.9034824829475854,6.7092185449865545,2024-01-01T00:00:00,10.0,5.595777119417514,8.074020452196883,0.010000000000000009,2024-01-01T00:00:00
60,2024-09-29 09:00:00,6.199999809265137,ok,,1.9244945247112963,6.851684433263933,2024-01-01T00:00:00,10.0,5.7145998038441155,8.245467020523604,0.010000000000000009,2024-01-01T00:00:00
60,2024-09-30 09:00:00,8.899999618530273,ok,,2.1828055912293958,8.87116022670736,2024-01-01T00:00:00,10.0,7.398929560341996,10.675748393778742,0.1911359476013269,2024-01-01T00:00:00
60,2024-10-01 09:00:00,7.800000190734863,ok,,2.132080940617014,8.432395881726455,2024-01-01T00:00:00,10.0,7.032981206446887,10.147729777107237,0.1231946175483899,2024-01-01T00:00:00
60,2024-10-02 09:00:00,9.5,ok,,2.2081857129019204,9.099192860147388,2024-01-01T00:00:00,10.0,7.589118594150969,10.950167856167383,0.25211945037199257,2024-01-01T00:00:00
60,2024-10-03 09:00:00,9.399999618530273,ok,,2.0951380814203318,8.126563020107955,2024-01-01T00:00:00,10.0,6.777903432793262,9.779683817193346,0.06832982168598856,2024-01-01T00:00:00
60,2024-10-04 09:00:00,7.300000190734863,ok,,2.1073410775747505,8.226338982071677,2024-01-01T00:00:00,10.0,6.861120880739071,9.899756393773027,0.08276262614623664,2024-01-01T00:00:00
60,2024-10-05 09:00:00,10.0,ok,,2.156142678755071,8.637754720705123,2024-01-01T00:00:00,10.0,7.204259319497128,10.394863098944274,0.14562856920513223,2024-01-01T00:00:00
60,2024-10-06 09:00:00,7.800000190734863,ok,,2.1393357076109765,8.49379339207761,2024-01-01T00:00:00,10.0,7.084189373435116,10.221616884967158,0.1264359119127455,2024-01-01T00:00:00
60,2024-10-07 09:00:00,8.0,ok,,2.0258015304565804,7.582185862592049,2024-01-01T00:00:00,10.0,6.3238694462811775,9.124568430204407,0.04605664184822689,2024-01-01T00:00:00
60,2024-10-08 09:00:00,7.699999809265137,ok,,2.067364165058721,7.90396209735325,2024-01-01T00:00:00,10.0,6.5922446795480285,9.511800994335772,0.05656762467825449,2024-01-01T00:00:00
60,2024-10-09 09:00:00,9.5,ok,,2.1295626118685496,8.411187053368987,2024-01-01T00:00:00,10.0,7.015292130490186,10.122206608831062,0.12206947530925472,2024-01-01T00:00:00
60,2024-10-10 09:00:00,9.199999809265137,ok,,2.2076480926742974,9.094302264770027,2024-01-01T00:00:00,10.0,7.585039627050781,10.944282406642154,0.2514445230236917,2024-01-01T00:00:00
60,2024-10-11 09:00:00,7.800000190734863,ok,,2.0810709431993386,8.01304583772359,2024-01-01T00:00:00,10.0,6.683225215414006,9.64307475518388,0.05950738067428418,2024-01-01T00:00:00
60,2024-10-12 09:00:00,8.699999809265137,ok,,2.122415793215478,8.35128812319191,2024-01-01T00:00:00,10.0,6.965333843885715,10.050122925154398,0.11611980926897958,2024-01-01T00:00:00
60,2024-10-13 09:00:00,8.0,ok,,2.116215689161535,8.299669453761707,2024-01-01T00:00:00,10.0,6.922281651235329,9.988003888503538,0.09821212220704356,2024-01-01T00:00:00
60,2024-10-14 09:00:00,9.0,ok,,2.2041810157967068,9.062826216140357,2024-01-01T00:00:00,10.0,7.558787247351034,10.906403440755703,0.24531623895142507,2024-01-01T00:00:00
60,2024-10-15 09:00:00,9.199999809265137,ok,,2.0779268467093064,7.9878916128073785,2024-01-01T00:00:00,10.0,6.662245508865618,9.612803610329847,0.05883305178285214,2024-01-01T00:00:00
60,2024-10-16 09:00:00,9.699999809265137,ok,,2.3080396169600146,10.05469426965752,2024-01-01T00:00:00,10.0,8.38604790701459,12.10003916692571,0.5528242108396078,2024-01-01T00:00:00
60,2024-10-17 09:00:00,5.300000190734863,ok,,1.9999402938540563,7.3886149400389005,2024-01-01T00:00:00,10.0,6.16242296303659,8.891620945014406,0.03186014901319467,2024-01-01T00:00:00
60,2024-10-18 09:00:00,12.0,ok,,2.1407814471633966,8.506082086119687,2024-01-01T00:00:00,10.0,7.094438673333023,10.236405368359259,0.12708184133645883,2024-01-01T00:00:00
60,2024-10-18 13:00:00,5.599999904632568,ok,,1.91315244463943,6.774411128187448,2024-01-01T00:00:00,10.0,5.650150540552212,8.152474633792874,0.010000000000000009,2024-01-01T00:00:00
60,2024-10-19 09:00:00,9.699999809265137,ok,,2.214799098937581,9.15956875965555,2024-01-01T00:00:00,10.0,7.6394746937125895,11.022825535177248,0.26151513771864365,2024-01-01T00:00:00
60,2024-10-20 09:00:00,8.100000381469727,ok,,2.0598650373343497,7.844910968771882,2024-01-01T00:00:00,10.0,6.542993495974896,9.440737573656541,0.05495925212953823,2024-01-01T00:00:00
60,2024-10-21 09:00:00,7.599999904632568,ok,,2.117740884840197,8.312337732092825,2024-01-01T00:00:00,10.0,6.93284754077259,10.003249171937625,0.10314375884014337,2024-01-01T00:00:00
60,2024-10-22 09:00:00,6.699999809265137,ok,,2.0518898044173954,7.7825947998618155,2024-01-01T00:00:00,10.0,6.491019128197403,9.36574493197871,0.05324876710185156,2024-01-01T00:00:00
60,2024-10-23 09:00:00,6.0,ok,,1.8939972893029862,6.645881166399311,2024-01-01T00:00:00,10.0,5.5429510188029765,7.997798864440725,0.010000000000000009,2024-01-01T00:00:00
60,2024-10-24 09:00:00,9.600000381469727,ok,,2.2323989463050418,9.322202740365206,2024-01-01T00:00:00,10.0,7.77511843552734,11.218542827387559,0.29127986300714015,2024-01-01T00:00:00
60,2024-10-25 09:00:00,7.800000190734863,ok,,2.1337084366909735,8.446130746605695,2024-01-01T00:00:00,10.0,7.044436675085179,10.164258614139385,0.12392175239047742,2024-01-01T00:00:00
60,2024-10-26 09:00:00,5.400000095367432,ok,,2.109902058958868,8.247433482846855,2024-01-01T00:00:00,10.0,6.87871460256998,9.925141977734208,0.08827692430070666,2024-01-01T00:00:00
60,2024-10-27 09:00:00,9.100000381469727,ok,,2.2971896933568363,9.946191293897002,2024-01-01T00:00:00,10.0,8.29555175383694,11.969464310921161,0.522032995487469,2024-01-01T00:00:00
60,2024-10-28 09:00:00,10.699999809265137,ok,,2.221180916829649,9.218210380494522,2024-01-01T00:00:00,10.0,7.688384330197972,11.093396145275744,0.2792550195906556,2024-01-01T00:00:00
60,2024-10-28 15:34:18,7.400000095367432,ok,,2.1614549196080373,8.683762648612564,2024-01-01T00:00:00,10.0,7.2426319121575125,10.450230046435568,0.15429073645389424,2024-01-01T00:00:00
60,2024-10-29 09:00:00,9.399999618530273,ok,,2.187276796375583,8.910913810952518,2024-01-01T00:00:00,10.0,7.43208576111893,10.723588727208243,0.19500272669747554,2024-01-01T00:00:00
60,2024-10-30 09:00:00,11.0,ok,,2.1686677131629386,8.746623263672822,2024-01-01T00:00:00,10.0,7.295060371464378,10.525877886527681,0.16771914320109127,2024-01-01T00:00:00
60,2024-10-31 09:00:00,10.199999809265137,ok,,2.1807864896114997,8.85326652342267,2024-01-01T00:00:00,10.0,7.384005441422522,10.654214719578475,0.18848039040081932,2024-01-01T00:00:00
60,2024-10-31 15:30:00,11.600000381469727,ok,,2.1065289083108936,8.219660514786403,2024-01-01T00:00:00,10.0,6.855550751494191,9.89171938005987,0.08101386549511336,2024-01-01T00:00:00
60,2024-10-31 22:00:00,9.800000190734863,ok,,2.0964936415952677,8.13758653512808,2024-01-01T00:00:00,10.0,6.787097518916938,9.79294975645748,0.0692891515762103,2024-01-01T00:00:00
60,2024-11-01 03:00:00,8.399999618530273,ok,,2.006847708799459,7.439827840053074,2024-01-01T00:00:00,10.0,6.205136726524363,8.953251669868306,0.038067893223377,2024-01-01T00:00:00
60,2024-11-01 09:00:00,7.300000190734863,ok,,2.038350433965758,7.677933488746634,2024-01-01T00:00:00,10.0,6.403727088729675,9.239793219296885,0.05034491580584777,2024-01-01T00:00:00
60,2024-11-01 19:00:00,8.399999618530273,ok,,2.123131470462919,8.357267089338324,2024-01-01T00:00:00,10.0,6.970320559065066,10.057318143885974,0.11722403412837079,2024-01-01T00:00:00
60,2024-11-02 09:00:00,9.600000381469727,ok,,2.2546758074754503,9.532202540365521,2024-01-01T00:00:00,10.0,7.950267309877559,11.471261183302015,0.3465992011480785,2024-01-01T00:00:00
60,2024-11-03 09:00:00,9.300000190734863,ok,,2.2643461230929116,9.624829089613428,2024-01-01T00:00:00,10.0,8.027521839813739,11.582730000129105,0.3677677770461558,2024-01-01T00:00:00
60,2024-11-04 09:00:00,9.600000381469727,ok,,2.2818090575626844,9.7943829948317,2024-01-01T00:00:00,10.0,8.168937096593126,11.786774880960296,0.4525040796124993,2024-01-01T00:00:00
60,2024-11-05 09:00:00,9.600000381469727,ok,,2.2594418481205,9.5777418399836,2024-01-01T00:00:00,10.0,7.9882490463687,11.52606417325229,0.3616962536029261,2024-01-01T00:00:00
60,2024-11-06 09:00:00,5.699999809265137,ok,,1.9814497203474484,7.253250551714153,2024-01-01T00:00:00,10.0,6.049523235312326,8.728720477172317,0.013782973246359242,2024-01-01T00:00:00
60,2024-11-07 09:00:00,7.800000190734863,ok,,2.1532121932234243,8.612478958686117,2024-01-01T00:00:00,10.0,7.183178245772455,10.364445693680464,0.13922133700462436,2024-01-01T00:00:00
60,2024-11-08 09:00:00,10.600000381469727,ok,,2.274020248550145,9.71839273725631,2024-01-01T00:00:00,10.0,8.105557950156355,11.69532654167645,0.40477703239260765,2024-01-01T00:00:00
60,2024-11-08 15:00:00,7.300000190734863,ok,,2.015703559543211,7.506006446383616,2024-01-01T00:00:00,10.0,6.260332533400575,9.032892453281146,0.04241703336234881,2024-01-01T00:00:00
60,2024-11-09 09:00:00,9.699999809265137,ok,,2.2130678177795935,9.14372469007373,2024-01-01T00:00:00,10.0,7.62626005754447,11.003758435038554,0.25824843497843675,2024-01-01T00:00:00
60,2024-11-10 09:00:00,13.5,ok,,2.357732248620473,10.566961020116304,2024-01-01T00:00:00,10.0,8.813300431587308,12.716512187211402,0.7646554082052769,2024-01-01T00:00:00
60,2024-11-12 09:00:00,8.199999809265137,ok,,2.3081982596494512,10.056289499930388,2024-01-01T00:00:00,10.0,8.387378397741825,12.101958901953376,0.5532317603807726,2024-01-01T00:00:00
60,2024-11-13 09:00:00,5.699999809265137,ok,,2.137135431620566,8.475125247476067,2024-01-01T00:00:00,10.0,7.068619337115259,10.199151231134781,0.12545286970426672,2024-01-01T00:00:00
60,2024-11-14 09:00:00,6.400000095367432,ok,,2.1234361147594765,8.35981347094252,2024-01-01T00:00:00,10.0,6.972444350952679,10.0603825152451,0.11769407255244113,2024-01-01T00:00:00
60,2024-11-15 09:00:00,8.699999809265137,ok,,2.232685273326008,9.324872321073006,2024-01-01T00:00:00,10.0,7.777344980771467,11.221755459244614,0.2916718122256935,2024-01-01T00:00:00
60,2024-11-16 09:00:00,8.5,ok,,2.1688390400841238,8.748121924084124,2024-01-01T00:00:00,10.0,7.296310318769435,10.527681407270167,0.16821670947517864,2024-01-01T00:00:00
60,2024-11-17 09:00:00,7.199999809265137,ok,,2.2220009737367534,9.225772938028143,2024-01-01T00:00:00,10.0,7.694691828772831,11.10249709254523,0.28046149204756277,2024-01-01T00:00:00
60,2024-11-18 09:00:00,7.699999809265137,ok,,2.1521725622353234,8.603529811387768,2024-01-01T00:00:00,10.0,7.175714271636775,10.353676093937647,0.1375962460733524,2024-01-01T00:00:00
60,2024-11-19 10:00:00,5.900000095367432,ok,,2.216293557128924,9.173267585829494,2024-01-01T00:00:00,10.0,7.650900104519088,11.03931100244261,0.2682530672579079,2024-01-01T00:00:00
60,2024-11-20 09:00:00,7.099999904632568,ok,,2.097694509355529,8.147364570333007,2024-01-01T00:00:00,10.0,6.7952528212529275,9.80471685805024,0.07022946260011298,2024-01-01T00:00:00
60,2024-11-21 09:00:00,8.5,ok,,2.051336803439625,7.77829220710655,2024-01-01T00:00:00,10.0,6.4874305805993995,9.360567097679446,0.05313016242878155,2024-01-01T00:00:00
60,2024-11-22 09:00:00,8.0,ok,,2.164566216554464,8.710822486591677,2024-01-01T00:00:00,10.0,7.265200982042979,10.48279444776063,0.15819057222358024,2024-01-01T00:00:00
60,2024-11-23 09:00:00,7.099999904632568,ok,,2.07831987832158,7.991031723767641,2024-01-01T00:00:00,10.0,6.664864496598101,9.616582488591947,0.05891734708747853,2024-01-01T00:00:00
60,2024-11-24 09:00:00,7.5,ok,,2.130856104145495,8.422073898369508,2024-01-01T00:00:00,10.0,7.02437222793344,10.135308076402096,0.12264738349446447,2024-01-01T00:00:00
60,2024-11-25 09:00:00,7.199999809265137,ok,,2.1270470646253226,8.390054905566338,2024-01-01T00:00:00,10.0,6.997667009417543,10.096775719612983,0.12094557579469722,2024-01-01T00:00:00
60,2024-11-26 09:00:00,7.300000190734863,ok,,2.0690174366644736,7.917040301394552,2024-01-01T00:00:00,10.0,6.603152464776172,9.527539591342181,0.05692220947317972,2024-01-01T00:00:00
60,2024-11-27 09:00:00,8.100000381469727,ok,,1.9913014785147198,7.325060970708636,2024-01-01T00:00:00,10.0,6.109416216417462,8.815138707217235,0.019919912057355105,2024-01-01T00:00:00
60,2024-11-28 09:00:00,8.899999618530273,ok,,2.1252537473030575,8.375022357862235,2024-01-01T00:00:00,10.0,6.985129217433999,10.078685222664982,0.12014435511662502,2024-01-01T00:00:00
60,2024-11-29 09:00:00,7.800000190734863,ok,,2.061311756464185,7.85626856518731,2024-01-01T00:00:00,10.0,6.552466220365506,9.454405553784344,0.05526953666124024,2024-01-01T00:00:00
60,2024-11-30 09:00:00,6.5,ok,,1.9397155972641085,6.956772164225152,2024-01-01T00:00:00,10.0,5.802247495822149,8.371931896181868,0.010000000000000009,2024-01-01T00:00:00
60,2024-12-01 09:00:00,6.0,ok,,1.9647389890977334,7.133050543203539,2024-01-01T00:00:00,10.0,5.949271253227155,8.584069155925054,0.010000000000000009,2024-01-01T00:00:00
60,2024-12-02 09:00:00,6.900000095367432,ok,,2.0545098277099383,7.803012114754581,2024-01-01T00:00:00,10.0,6.508048047847404,9.390315575626369,0.05381069559481855,2024-01-01T00:00:00
60,2024-12-03 09:00:00,7.0,ok,,1.971678604009039,7.18272332275103,2024-01-01T00:00:00,10.0,5.990700489938697,8.643846466098323,0.010000000000000009,2024-01-01T00:00:00
60,2024-12-04 09:00:00,7.300000190734863,ok,,2.027377941638077,7.594147931258206,2024-01-01T00:00:00,10.0,6.333846326553322,9.138963845469767,0.04662482723543282,2024-01-01T00:00:00
60,2024-12-05 09:00:00,6.5,ok,,1.9660431310610549,7.142359122278394,2024-01-01T00:00:00,10.0,5.957035008939106,8.595271303735165,0.010000000000000009,2024-01-01T00:00:00
60,2024-12-06 09:00:00,7.900000095367432,ok,,2.161370730492817,8.68303160109195,2024-01-01T00:00:00,10.0,7.242022187051432,10.44935028784768,0.15418521013203978,2024-01-01T00:00:00
60,2024-12-07 09:00:00,6.5,ok,,1.91796151154888,6.807068186625942,2024-01-01T00:00:00,10.0,5.677387933278696,8.191774852733872,0.010000000000000009,2024-01-01T00:00:00
60,2024-12-07 15:39:56,9.300000190734863,ok,,2.3584393689898246,10.574435775960369,2024-01-01T00:00:00,10.0,8.81953469977294,12.725507472005823,0.7666487895354233,2024-01-01T00:00:00
60,2024-12-08 09:00:00,8.5,ok,,2.1891526154907273,8.927644760624181,2024-01-01T00:00:00,10.0,7.4460400934649495,10.743723118259586,0.1966249690025017,2024-01-01T00:00:00
60,2024-12-09 09:00:00,5.0,ok,,1.6387600899407428,5.1487815267813914,2024-01-01T00:00:00,10.0,4.294305464527183,6.196156388763119,0.010000000000000009,2024-01-01T00:00:00
60,2024-12-10 09:00:00,7.900000095367432,ok,,2.236728549147756,9.362651676578714,2024-01-01T00:00:00,10.0,7.8088545897829595,11.267219962596027,0.2972065982664298,2024-01-01T00:00:00
60,2024-12-10 15:00:00,7.300000190734863,ok,,2.315883351719913,10.133870738271611,2024-01-01T00:00:00,10.0,8.452084490634013,12.195321862315112,0.5771483615080125,2024-01-01T00:00:00
60,2024-12-11 09:00:00,8.0,ok,,2.109538442438737,8.244435124943081,2024-01-01T00:00:00,10.0,6.876213842989521,9.921533688203056,0.08749398619802129,2024-01-01T00:00:00
60,2024-12-12 09:00:00,5.300000190734863,ok,,1.9319193320248653,6.902746197257145,2024-01-01T00:00:00,10.0,5.757187513383527,8.306915864981727,0.010000000000000009,2024-01-01T00:00:00
60,2024-12-13 09:00:00,7.5,ok,,1.999721955729712,7.387001899811887,2024-01-01T00:00:00,10.0,6.16107761804082,8.889679777098083,0.03166392694778042,2024-01-01T00:00:00
60,2024-12-14 09:00:00,9.600000381469727,ok,,2.0137941024446695,7.491687723936515,2024-01-01T00:00:00,10.0,6.248390102413787,9.01566098927203,0.04172880833982762,2024-01-01T00:00:00
60,2024-12-15 09:00:00,8.5,ok,,2.010221189605817,7.464968338125606,2024-01-01T00:00:00,10.0,6.226104984294137,8.983506295538193,0.04044102448709597,2024-01-01T00:00:00
60,2024-12-16 09:00:00,6.099999904632568,ok,,1.6640032507088791,5.280407383506169,2024-01-01T00:00:00,10.0,4.4040870959415646,6.354557825846716,0.010000000000000009,2024-01-01T00:00:00
60,2024-12-17 09:00:00,11.300000190734863,ok,,1.9980344515185793,7.374546814958045,2024-01-01T00:00:00,10.0,6.1506895410422535,8.874691055361044,0.03014735460065532,2024-01-01T00:00:00
60,2024-12-17 16:00:00,7.400000095367432,ok,,1.9451966432017689,6.995007240418596,2024-01-01T00:00:00,10.0,5.834137195507419,8.417944823783975,0.010000000000000009,2024-01-01T00:00:00
60,2024-12-18 09:00:00,8.0,ok,,2.1493531859376485,8.579307385473049,2024-01-01T00:00:00,10.0,7.155511725572502,10.324526296397753,0.13318916038079875,2024-01-01T00:00:00
60,2024-12-19 09:00:00,8.5,ok,,2.2165586238395334,9.17569943598103,2024-01-01T00:00:00,10.0,7.652928372244244,11.042237544144674,0.26944814974976683,2024-01-01T00:00:00
60,2024-12-20 09:00:00,11.300000190734863,ok,,2.2793434053680035,9.770263200636267,2024-01-01T00:00:00,10.0,8.148820149801352,11.75774859267785,0.443923518102706,2024-01-01T00:00:00
60,2024-12-20 22:41:32,13.100000381469727,ok,,2.1888035182169294,8.924528688114668,2024-01-01T00:00:00,10.0,7.4434411548353205,10.739973168395284,0.19632306336482486,2024-01-01T00:00:00
60,2024-12-22 09:00:00,9.699999809265137,ok,,2.212189624801862,9.135698260153642,2024-01-01T00:00:00,10.0,7.6195656694281375,10.994099253585695,0.2571459532872675,2024-01-01T00:00:00
60,2024-12-23 09:00:00,7.099999904632568,ok,,2.036317238525039,7.66233860847519,2024-01-01T00:00:00,10.0,6.39072028717479,9.221025999028695,0.04984681520575818,2024-01-01T00:00:00
60,2024-12-24 09:00:00,8.699999809265137,ok,,2.1675066182966587,8.73647349786485,2024-01-01T00:00:00,10.0,7.286595029801282,10.51366343619057,0.16434710077786618,2024-01-01T00:00:00
60,2024-12-25 09:00:00,8.5,abstain,outside_training_support,2.0308722551712615,7.620730682332375,2024-01-01T00:00:00,10.0,6.356017485419977,9.170954109970673,0.04788428156510016,2024-01-01T00:00:00
60,2024-12-26 09:00:00,7.699999809265137,abstain,outside_training_support,2.0785394584465706,7.992786588171972,2024-01-01T00:00:00,10.0,6.6663281290637295,9.61869433082758,0.05896444145075108,2024-01-01T00:00:00
60,2024-12-27 09:00:00,8.300000190734863,abstain,outside_training_support,2.155378372245732,8.631155350837947,2024-01-01T00:00:00,10.0,7.1987551609043345,10.386921272795385,0.1438599259946879,2024-01-01T00:00:00
60,2024-12-28 09:00:00,9.300000190734863,ok,,2.1896548323388236,8.932129500298437,2024-01-01T00:00:00,10.0,7.449780559435385,10.749120152148095,0.1970592952180208,2024-01-01T00:00:00
60,2024-12-29 09:00:00,8.100000381469727,ok,,2.1224070381939697,8.351215007804834,2024-01-01T00:00:00,10.0,6.965272862505047,10.0500349364972,0.11610630106758235,2024-01-01T00:00:00
60,2024-12-30 09:00:00,6.400000095367432,ok,,2.110096656690035,8.249038570858747,2024-01-01T00:00:00,10.0,6.880053315075971,9.927073575780792,0.0886959316064585,2024-01-01T00:00:00
60,2024-12-31 03:50:00,2.0999999046325684,abstain,outside_training_support,2.319273435934209,10.16828371197252,2024-01-01T00:00:00,10.0,8.48078639228701,12.236735188117366,0.5872526972638823,2024-01-01T00:00:00
60,2024-12-31 09:00:00,2.700000047683716,ok,,1.4436585969571498,4.236165924056941,2024-01-01T00:00:00,10.0,3.5331447608912976,5.097894796599413,0.010000000000000009,2024-01-01T00:00:00
120,2024-01-01 08:00:00,10.800000190734863,ok,,2.2656513364626205,9.63739974713289,2024-01-01T00:00:00,30.0,7.897321484894441,11.844873942014635,0.3947820532453976,2024-01-01T00:00:00
120,2024-01-01 20:00:00,8.300000190734863,ok,,2.2238514622390264,9.2428609304651,2024-01-01T00:00:00,30.0,7.57401852400789,11.359964872008291,0.295686247526899,2024-01-01T00:00:00
120,2024-01-02 08:00:00,9.5,ok,,2.1770104755235056,8.819899501124954,2024-01-01T00:00:00,30.0,7.2274247880571405,10.84012290795997,0.21162744691368107,2024-01-01T00:00:00
120,2024-01-03 08:00:00,7.199999809265137,ok,,2.0479796795755236,7.752223299475731,2024-01-01T00:00:00,30.0,6.3525225916733765,9.52789239441441,0.05858138482652575,2024-01-01T00:00:00
120,2024-01-04 08:00:00,8.899999618530273,ok,,2.195601687592315,8.985405837866026,2024-01-01T00:00:00,30.0,7.363048170227241,11.043538948255053,0.2347074562943332,2024-01-01T00:00:00
120,2024-01-05 08:00:00,6.099999904632568,ok,,2.06246582178984,7.865340446092145,2024-01-01T00:00:00,30.0,6.44521590062837,9.666919349558656,0.07290491562520274,2024-01-01T00:00:00
120,2024-01-06 08:00:00,6.900000095367432,ok,,2.27822860989505,9.759377424285105,2024-01-01T00:00:00,30.0,7.997275513546028,11.994790957757143,0.4231590069346598,2024-01-01T00:00:00
120,2024-01-07 08:00:00,3.200000047683716,ok,,2.2243748433674555,9.247699735607991,2024-01-01T00:00:00,30.0,7.5779836599178685,11.365912019418522,0.29633625559889754,2024-01-01T00:00:00
120,2024-01-08 10:00:00,12.600000381469727,abstain,outside_training_support,2.5594738128655155,12.92901244537217,2024-01-01T00:00:00,30.0,10.59461788888452,15.890440017882561,0.9509551263301355,2024-01-01T00:00:00
120,2024-01-08 12:00:00,1.0,abstain,outside_training_support,1.2551541228342131,3.508379053999268,2024-01-01T00:00:00,30.0,2.8749245654715923,4.311983390311149,0.010000000000000009,2024-01-01T00:00:00
120,2024-01-08 14:00:00,2.0,abstain,outside_training_support,1.0848311836378082,2.958940259043278,2024-01-01T00:00:00,30.0,2.4246895525126946,3.636694055442347,0.010000000000000009,2024-01-01T00:00:00
120,2024-01-09 08:00:00,6.0,abstain,outside_training_support,2.177883116235338,8.827599463665672,2024-01-01T00:00:00,30.0,7.233734485818074,10.849586569118175,0.2124590843871179,2024-01-01T00:00:00
120,2024-01-10 08:00:00,9.199999809265137,abstain,outside_training_support,2.2549754617311994,9.535059333427126,2024-01-01T00:00:00,30.0,7.813459118578056,11.719092161521509,0.3624384112727026,2024-01-01T00:00:00
120,2024-01-11 08:00:00,4.699999809265137,ok,,2.1107213323571616,8.254193154334969,2024-01-01T00:00:00,30.0,6.763859406951642,10.14483989161332,0.12365257042067468,2024-01-01T00:00:00
120,2024-01-12 08:00:00,6.800000190734863,ok,,2.123862025772898,8.363374765913482,2024-01-01T00:00:00,30.0,6.853327760397385,10.279029866073833,0.13145564814185007,2024-01-01T00:00:00
120,2024-01-13 08:00:00,3.5,ok,,1.7391465803786261,5.692483272174257,2024-01-01T00:00:00,30.0,4.664678401569689,6.996362976018548,0.010000000000000009,2024-01-01T00:00:00
120,2024-01-13 21:00:00,3.4000000953674316,abstain,outside_training_support,2.1736708864080705,8.79049378957867,2024-01-01T00:00:00,30.0,7.203328417286367,10.803981733412904,0.20366521392269143,2024-01-01T00:00:00
120,2024-01-14 08:00:00,4.099999904632568,ok,,1.9646875545889222,7.132683667687636,2024-01-01T00:00:00,30.0,5.844843780662213,8.766445423949655,0.025361976179309353,2024-01-01T00:00:00
120,2024-01-15 08:00:00,2.299999952316284,abstain,outside_training_support,1.77153626728643,5.879879492845139,2024-01-01T00:00:00,30.0,4.818239345239422,7.226682841261961,0.010000000000000009,2024-01-01T00:00:00
120,2024-01-16 08:00:00,6.300000190734863,abstain,outside_training_support,2.3416323332352027,10.398196038187686,2024-01-01T00:00:00,30.0,8.52075239495527,12.779932816767367,0.6266245534731592,2024-01-01T00:00:00
120,2024-01-16 18:30:00,4.199999809265137,abstain,outside_training_support,1.7501283068744937,5.755341078459084,2024-01-01T00:00:00,30.0,4.716186932614505,7.073618544040084,0.010000000000000009,2024-01-01T00:00:00
120,2024-01-17 08:00:00,5.099999904632568,abstain,outside_training_support,2.274744184650264,9.725430779833117,2024-01-01T00:00:00,30.0,7.969458096856373,11.95306873653167,0.42044322810279977,2024-01-01T00:00:00
120,2024-01-18 08:00:00,5.900000095367432,ok,,2.1487188013368295,8.57386653096164,2024-01-01T00:00:00,30.0,7.025814238298512,10.537735376714222,0.16255973261251067,2024-01-01T00:00:00
120,2024-01-19 08:00:00,8.199999809265137,ok,,2.0919773742758507,8.100917884042337,2024-01-01T00:00:00,30.0,6.6382587141356035,9.956456478796543,0.0958124133009246,2024-01-01T00:00:00
120,2024-01-19 21:45:00,12.800000190734863,ok,,2.212837964201648,9.141623213763143,2024-01-01T00:00:00,30.0,7.491059757518011,11.235538364446558,0.27550541371778337,2024-01-01T00:00:00
120,2024-01-20 08:00:00,7.300000190734863,ok,,2.1910401017839454,8.944511480584495,2024-01-01T00:00:00,30.0,7.329537483232396,10.99327762054749,0.23085535731020224,2024-01-01T00:00:00
120,2024-01-20 20:00:00,6.599999904632568,ok,,1.6929197159525888,5.435327171734141,2024-01-01T00:00:00,30.0,4.453953055494719,6.680304529440216,0.010000000000000009,2024-01-01T00:00:00
120,2024-01-21 08:00:00,10.100000381469727,ok,,1.8525032748231178,6.375759841868266,2024-01-01T00:00:00,30.0,5.2245861438603205,7.836146013758109,0.010000000000000009,2024-01-01T00:00:00
120,2024-01-21 20:00:00,5.800000190734863,ok,,1.7757349677736534,5.904619246800127,2024-01-01T00:00:00,30.0,4.83851221920606,7.257089307180372,0.010000000000000009,2024-01-01T00:00:00
120,2024-01-22 08:00:00,7.0,ok,,1.8900088199011598,6.619427063478048,2024-01-01T00:00:00,30.0,5.424258092194303,8.135625914924129,0.011170575025748253,2024-01-01T00:00:00
120,2024-01-23 08:00:00,9.600000381469727,ok,,2.1151953858346273,8.291205591993215,2024-01-01T00:00:00,30.0,6.794189073334293,10.190330134817046,0.1263336019193656,2024-01-01T00:00:00
120,2024-01-24 08:00:00,8.5,ok,,2.261675246683757,9.59915665986069,2024-01-01T00:00:00,30.0,7.8659833685261455,11.797871165355149,0.38557325171478085,2024-01-01T00:00:00
120,2024-01-25 08:00:00,10.199999809265137,ok,,2.2846645915292654,9.822391158254426,2024-01-01T00:00:00,30.0,8.048911818791888,12.072238169148815,0.4281752438909834,2024-01-01T00:00:00
120,2024-01-26 08:00:00,8.899999618530273,ok,,2.1544682047482784,8.623303127733339,2024-01-01T00:00:00,30.0,7.0663248229031765,10.598495568492838,0.16745828471972735,2024-01-01T00:00:00
120,2024-01-27 08:00:00,9.0,ok,,2.174510048722039,8.797873536657812,2024-01-01T00:00:00,30.0,7.209375716007014,10.81305183283494,0.20692270922407063,2024-01-01T00:00:00
120,2024-01-28 08:00:00,9.899999618530273,ok,,2.1482665360774744,8.56998974572506,2024-01-01T00:00:00,30.0,7.022637425035135,10.532970602643166,0.16217439786024357,2024-01-01T00:00:00
120,2024-01-29 08:00:00,9.600000381469727,ok,,2.2302510155761133,9.30220078373661,2024-01-01T00:00:00,30.0,7.6226442851517096,11.432896689737216,0.30906390494032854,2024-01-01T00:00:00
120,2024-01-30 08:00:00,7.599999904632568,abstain,outside_training_support,1.5971300848478673,4.93883801970247,2024-01-01T00:00:00,30.0,4.047107376137775,6.070093105851357,0.010000000000000009,2024-01-01T00:00:00
120,2024-01-30 12:07:00,20.600000381469727,abstain,outside_training_support,2.3778926774785876,10.782157423191531,2024-01-01T00:00:00,30.0,8.83538772966397,13.251841663894407,0.7516182653012093,2024-01-01T00:00:00
120,2024-01-30 14:25:00,4.400000095367432,ok,,2.4741694901890408,11.871843335320094,2024-01-01T00:00:00,30.0,9.728325678844696,14.591123275554432,0.8753304446798444,2024-01-01T00:00:00
120,2024-01-30 20:30:00,1.0,ok,,1.7194490811309582,5.581452689499359,2024-01-01T00:00:00,30.0,4.573694917534,6.8599005183017905,0.010000000000000009,2024-01-01T00:00:00
120,2024-01-31 08:00:00,3.299999952316284,abstain,outside_training_support,1.6752094090871559,5.339913258358893,2024-01-01T00:00:00,30.0,4.375766577001869,6.5630357841460985,0.010000000000000009,2024-01-01T00:00:00
120,2024-01-31 13:00:00,2.9000000953674316,abstain,outside_training_support,2.08973569048103,8.082778526646342,2024-01-01T00:00:00,30.0,6.623394503804577,9.934162249296659,0.09366127980650263,2024-01-01T00:00:00
120,2024-02-01 08:00:00,7.300000190734863,abstain,outside_training_support,2.4821659501476043,11.967156631777385,2024-01-01T00:00:00,30.0,9.80642970728164,14.708268357335475,0.8808047220419932,2024-01-01T00:00:00
120,2024-02-01 20:30:00,6.300000190734863,abstain,outside_training_support,2.775838037025295,16.052073592498967,2024-01-01T00:00:00,30.0,13.15379552424005,19.72884732395344,0.9841777087545577,2024-01-01T00:00:00
120,2024-02-02 00:00:00,19.100000381469727,abstain,outside_training_support,2.3578689351051723,10.568405479588892,2024-01-01T00:00:00,30.0,8.66022971391877,12.989129221403152,0.679822760507828,2024-01-01T00:00:00
120,2024-02-02 05:00:00,11.600000381469727,abstain,outside_training_support,2.549880429427063,12.80557252147479,2024-01-01T00:00:00,30.0,10.49346562907725,15.73872582356253,0.9454137294751994,2024-01-01T00:00:00
120,2024-02-02 08:00:00,5.300000190734863,ok,,2.4257998739945723,11.311273395211137,2024-01-01T00:00:00,30.0,9.268969301817222,13.90215317464639,0.8274890379019203,2024-01-01T00:00:00
120,2024-02-03 08:00:00,7.300000190734863,ok,,2.0324547361957612,7.632799891158274,2024-01-01T00:00:00,30.0,6.254661646496192,9.381114710146736,0.04707912876927223,2024-01-01T00:00:00
120,2024-02-04 08:00:00,6.900000095367432,ok,,2.0969770854642054,8.14152155254982,2024-01-01T00:00:00,30.0,6.671531197594129,10.006360534628362,0.10297786393702824,2024-01-01T00:00:00
120,2024-02-05 08:00:00,9.300000190734863,ok,,2.1937579786138746,8.968854626944402,2024-01-01T00:00:00,30.0,7.349485358987494,11.023196634757822,0.23315050882447463,2024-01-01T00:00:00
120,2024-02-05 16:00:00,12.100000381469727,abstain,outside_training_support,2.3190811238592905,10.166328416253027,2024-01-01T00:00:00,30.0,8.330749572575641,12.494955247598067,0.5484266444828192,2024-01-01T00:00:00
120,2024-02-06 08:00:00,9.899999618530273,ok,,2.1120715066608184,8.265345280792491,2024-01-01T00:00:00,30.0,6.772997964050663,10.158546444785411,0.12446164877770793,2024-01-01T00:00:00
120,2024-02-07 08:00:00,8.899999618530273,ok,,2.0427999994136607,7.712173075459051,2024-01-01T00:00:00,30.0,6.3197036256762615,9.478668551129488,0.05353151249108701,2024-01-01T00:00:00
120,2024-02-08 08:00:00,10.699999809265137,ok,,2.25339108461583,9.519964165002978,2024-01-01T00:00:00,30.0,7.8010894544526685,11.700539401253295,0.35905873087266593,2024-01-01T00:00:00
120,2024-02-09 08:00:00,11.300000190734863,ok,,2.321970009776103,10.195740242490638,2024-01-01T00:00:00,30.0,8.354850954001204,12.531103937424138,0.5619965479746121,2024-01-01T00:00:00
120,2024-02-11 08:00:00,7.800000190734863,ok,,1.9976704726760046,7.371863124376747,2024-01-01T00:00:00,30.0,6.0408382513303245,9.06040962470255,0.031412379805378476,2024-01-01T00:00:00
120,2024-02-12 08:00:00,9.0,ok,,2.1945142065871686,8.975639690905936,2024-01-01T00:00:00,30.0,7.355045347449708,11.031535837179801,0.2337891167845293,2024-01-01T00:00:00
120,2024-02-13 08:00:00,2.5999999046325684,ok,,2.0748366009293635,7.963245165863267,2024-01-01T00:00:00,30.0,6.525443458601263,9.787249427634146,0.07963697501989708,2024-01-01T00:00:00
120,2024-02-14 08:00:00,8.600000381469727,ok,,1.8781757212769579,6.5415603410901575,2024-01-01T00:00:00,30.0,5.360450576079271,8.039923595298257,0.010000000000000009,2024-01-01T00:00:00
120,2024-02-15 08:00:00,9.199999809265137,ok,,2.168819388570951,8.747950011940068,2024-01-01T00:00:00,30.0,7.168466120607861,10.751693180860515,0.18694252982688642,2024-01-01T00:00:00
120,2024-02-16 08:00:00,9.600000381469727,ok,,2.2712878566115364,9.69187452485836,2024-01-01T00:00:00,30.0,7.941960582971098,11.911826324618607,0.41004723548616784,2024-01-01T00:00:00
120,2024-02-17 08:00:00,10.699999809265137,ok,,2.253003326263751,9.516273434988445,2024-01-01T00:00:00,30.0,7.798065103258002,11.696003298889256,0.35794152255460976,2024-01-01T00:00:00
120,2024-02-17 14:00:00,7.400000095367432,ok,,2.276029947240636,9.737943417321862,2024-01-01T00:00:00,30.0,7.979711518263114,11.968447429708782,0.42144535803253635,2024-01-01T00:00:00
120,2024-02-18 08:00:00,8.199999809265137,ok,,2.2393766202853045,9.387477500020509,2024-01-01T00:00:00,30.0,7.692523885597922,11.537706283722589,0.3254108012699226,2024-01-01T00:00:00
120,2024-02-19 08:00:00,6.800000190734863,ok,,2.1187393005034867,8.320641044672016,2024-01-01T00:00:00,30.0,6.81830981533496,10.226507862788768,0.12845725710224165,2024-01-01T00:00:00
120,2024-02-20 08:00:00,7.699999809265137,ok,,2.2378224014843937,9.37289863830206,2024-01-01T00:00:00,30.0,7.680577306552192,11.519788091699427,0.3231605502625392,2024-01-01T00:00:00
120,2024-02-21 08:00:00,7.0,ok,,2.1959676138810837,8.988694435732867,2024-01-01T00:00:00,30.0,7.36574299614195,11.0475808089437,0.23501646819160948,2024-01-01T00:00:00
120,2024-02-22 08:00:00,8.100000381469727,ok,,2.212713682241014,9.140487145504617,2024-01-01T00:00:00,30.0,7.490128811775199,11.234142076478348,0.27507121181752614,2024-01-01T00:00:00
120,2024-02-23 08:00:00,7.800000190734863,ok,,2.227661238799517,9.278141327932719,2024-01-01T00:00:00,30.0,7.602928878276378,11.403326346222583,0.3010419489674109,2024-01-01T00:00:00
120,2024-02-24 10:00:00,7.400000095367432,ok,,2.2910233176849157,9.885048051717977,2024-01-01T00:00:00,30.0,8.100255712778818,12.149246804688168,0.44073395456170505,2024-01-01T00:00:00
120,2024-02-24 13:00:00,13.899999618530273,abstain,outside_training_support,1.668197907355816,5.302603399223194,2024-01-01T00:00:00,30.0,4.345193190001045,6.5171799942180995,0.010000000000000009,2024-01-01T00:00:00
120,2024-02-25 08:00:00,8.0,ok,,2.2557643184329392,9.542584096473448,2024-01-01T00:00:00,30.0,7.819625249944779,11.72834049323606,0.3639678558963112,2024-01-01T00:00:00
120,2024-02-26 08:00:00,8.300000190734863,ok,,2.1724513103354703,8.779779648369676,2024-01-01T00:00:00,30.0,7.19454876512063,10.790813487273146,0.1985791512558105,2024-01-01T00:00:00
120,2024-02-27 08:00:00,8.100000381469727,ok,,2.1143687388701125,8.284354524155779,2024-01-01T00:00:00,30.0,6.788574998309216,10.18190981014111,0.12583824204909932,2024-01-01T00:00:00
120,2024-02-28 08:00:00,8.800000190734863,ok,,2.1448791312976407,8.541008834248107,2024-01-01T00:00:00,30.0,6.998889154665126,10.497351529845929,0.15545149100718936,2024-01-01T00:00:00
120,2024-02-29 08:00:00,8.300000190734863,ok,,2.2078569294588974,9.096201687940992,2024-01-01T00:00:00,30.0,7.453839303747929,11.179712907193176,0.2601645512934584,2024-01-01T00:00:00
120,2024-02-29 19:00:00,8.399999618530273,ok,,2.1854765620852223,8.894886509129254,2024-01-01T00:00:00,30.0,7.288872535887305,10.932285906321017,0.21969573291342637,2024-01-01T00:00:00
120,2024-03-01 04:00:00,14.199999809265137,ok,,2.2878234032708145,9.853467298773941,2024-01-01T00:00:00,30.0,8.07437701465713,12.110432389240962,0.4321963784564702,2024-01-01T00:00:00
120,2024-03-01 08:00:00,9.800000190734863,ok,,2.2666135430714838,9.646677379645695,2024-01-01T00:00:00,30.0,7.904923996826577,11.85627664300016,0.3965253874613529,2024-01-01T00:00:00
120,2024-03-02 08:00:00,7.599999904632568,ok,,2.172879628677495,8.783540994501273,2024-01-01T00:00:00,30.0,7.197630982357289,10.795436380579435,0.2005936766329146,2024-01-01T00:00:00
120,2024-03-03 08:00:00,8.899999618530273,ok,,2.2308065542368567,9.307369951605327,2024-01-01T00:00:00,30.0,7.626880135229506,11.439249870407997,0.3104980769652961,2024-01-01T00:00:00
120,2024-03-04 08:00:00,9.199999809265137,ok,,2.1081538156063524,8.233027558285215,2024-01-01T00:00:00,30.0,6.746515359717942,10.11882625477196,0.1221140118591808,2024-01-01T00:00:00
120,2024-03-05 08:00:00,7.900000095367432,ok,,2.151683264351156,8.599321152182672,2024-01-01T00:00:00,30.0,7.0466729068536385,10.569020452306791,0.16508548624404007,2024-01-01T00:00:00
120,2024-03-06 08:00:00,9.399999618530273,ok,,2.169899378064578,8.757402809586015,2024-01-01T00:00:00,30.0,7.1762121707770365,10.763311169057893,0.18861940899673912,2024-01-01T00:00:00
120,2024-03-07 08:00:00,8.5,ok,,2.176245609249517,8.813156036709579,2024-01-01T00:00:00,30.0,7.2218988881456,10.831834833580121,0.2108985198226203,2024-01-01T00:00:00
120,2024-03-08 08:00:00,8.0,ok,,2.225128944542995,9.254676066948882,2024-01-01T00:00:00,30.0,7.5837003815263655,11.374486299564488,0.2972728041761752,2024-01-01T00:00:00
120,2024-03-08 15:00:00,10.5,ok,,2.2775191669584083,9.752456158317347,2024-01-01T00:00:00,30.0,7.991603914996211,11.986284355866768,0.4226060634864893,2024-01-01T00:00:00
120,2024-03-09 07:30:00,8.5,ok,,2.0677124689859796,7.906715557885384,2024-01-01T00:00:00,30.0,6.479120539626234,9.717771549984759,0.07576009072363865,2024-01-01T00:00:00
120,2024-03-10 08:00:00,7.400000095367432,ok,,2.0819355826201473,8.019977229180954,2024-01-01T00:00:00,30.0,6.571932278643666,9.856976133602558,0.08617465427216886,2024-01-01T00:00:00
120,2024-03-11 08:00:00,10.0,ok,,2.2292751102480906,9.293127144655925,2024-01-01T00:00:00,30.0,7.615208934669397,11.421744707467514,0.3060409920600057,2024-01-01T00:00:00
120,2024-03-12 08:00:00,7.699999809265137,ok,,2.177541661152469,8.824585749512563,2024-01-01T00:00:00,30.0,7.231264912058018,10.845882555050327,0.21213367343784761,2024-01-01T00:00:00
120,2024-03-13 08:00:00,7.5,ok,,2.0592383334851077,7.839996073123666,2024-01-01T00:00:00,30.0,6.424447574480573,9.635769774898712,0.07114854743544796,2024-01-01T00:00:00
120,2024-03-14 08:00:00,8.399999618530273,ok,,2.1420931184328187,8.517246590086247,2024-01-01T00:00:00,30.0,6.979417296459327,10.468146475156738,0.1464714966519931,2024-01-01T00:00:00
120,2024-03-15 08:00:00,7.800000190734863,ok,,2.1065280021383086,8.219653066358763,2024-01-01T00:00:00,30.0,6.735555695782476,10.102388296913622,0.121139759508203,2024-01-01T00:00:00
120,2024-03-16 08:00:00,3.5,abstain,outside_training_support,2.074473286552033,7.9603525299042355,2024-01-01T00:00:00,30.0,6.523073101792724,9.783694225069775,0.07943926281927094,2024-01-01T00:00:00
120,2024-04-23 04:30:00,2120.0,abstain,too_many_missing_features|outside_training_support,2.217874365658658,9.187780233310965,2024-01-01T00:00:00,30.0,7.528882908131033,11.292267782383767,0.28728351962069476,2024-01-01T00:00:00
120,2024-04-23 07:24:00,34.0,abstain,too_many_missing_features|outside_training_support,2.217874365658658,9.187780233310965,2024-01-01T00:00:00,30.0,7.528882908131033,11.292267782383767,0.28728351962069476,2024-01-01T00:00:00
120,2024-04-23 08:00:00,107.0,abstain,too_many_missing_features|outside_training_support,2.217874365658658,9.187780233310965,2024-01-01T00:00:00,30.0,7.528882908131033,11.292267782383767,0.28728351962069476,2024-01-01T00:00:00
120,2024-04-23 11:21:00,6.800000190734863,abstain,outside_training_support,2.605515715523035,13.538205365390585,2024-01-01T00:00:00,30.0,11.09381813604022,16.63917033241918,0.9673640216660395,2024-01-01T00:00:00
120,2024-04-23 14:33:00,5.0,abstain,outside_training_support,1.852087842603599,6.373111695906703,2024-01-01T00:00:00,30.0,5.222416133219886,7.832891302329943,0.010000000000000009,2024-01-01T00:00:00
120,2024-04-24 00:00:00,3.200000047683716,abstain,outside_training_support,1.7531626481884224,5.772831269854695,2024-01-01T00:00:00,30.0,4.730519186947379,7.095114914195773,0.010000000000000009,2024-01-01T00:00:00
120,2024-04-24 08:00:00,3.799999952316284,ok,,2.23325812705325,9.330215639261935,2024-01-01T00:00:00,30.0,7.645600925556936,11.467328428682146,0.31531809642740516,2024-01-01T00:00:00
120,2024-04-24 13:00:00,7.599999904632568,ok,,2.2184095464711575,9.192698673011177,2024-01-01T00:00:00,30.0,7.532913300201073,11.298312804876245,0.2883230105575161,2024-01-01T00:00:00
120,2024-04-25 08:00:00,6.800000190734863,ok,,2.2852468137402733,9.828111637685465,2024-01-01T00:00:00,30.0,8.053599438512974,12.079268940884594,0.4286290308558379,2024-01-01T00:00:00
120,2024-04-26 08:00:00,5.900000095367432,ok,,2.2654690143892937,9.63564279659981,2024-01-01T00:00:00,30.0,7.895881760118378,11.842714556897,0.3944517205436403,2024-01-01T00:00:00
120,2024-04-26 14:00:00,6.599999904632568,ok,,2.29021450446343,9.877056126581762,2024-01-01T00:00:00,30.0,8.093706767654623,12.139424306060294,0.4386198053249387,2024-01-01T00:00:00
120,2024-04-26 15:00:00,4.5,ok,,2.365167447792291,10.64582128754223,2024-01-01T00:00:00,30.0,8.723667730340393,13.084277343343336,0.7122260262340883,2024-01-01T00:00:00
120,2024-04-26 18:00:00,4.300000190734863,ok,,2.3114962961081313,10.089510260868611,2024-01-01T00:00:00,30.0,8.267801299715238,12.400541672270638,0.5172054671502129,2024-01-01T00:00:00
120,2024-04-27 08:00:00,3.5,ok,,2.129272220070156,8.408744868246362,2024-01-01T00:00:00,30.0,6.890506075433233,10.334792121139483,0.13454616678429332,2024-01-01T00:00:00
120,2024-04-27 21:00:00,6.900000095367432,ok,,2.242667305845946,9.418419619151315,2024-01-01T00:00:00,30.0,7.717879258272234,11.575735784440583,0.3303945030311679,2024-01-01T00:00:00
120,2024-04-28 08:00:00,8.899999618530273,ok,,2.234661927970957,9.34332260216957,2024-01-01T00:00:00,30.0,7.656341364107592,11.483437579228672,0.31807809918931773,2024-01-01T00:00:00
120,2024-04-29 08:00:00,7.5,ok,,2.2828375262306806,9.804461392634055,2024-01-01T00:00:00,30.0,8.0342193574467,12.050201539024973,0.42675121986585973,2024-01-01T00:00:00
120,2024-04-30 08:00:00,6.599999904632568,ok,,2.171676400202988,8.77297874354454,2024-01-01T00:00:00,30.0,7.188975795937917,10.782454815592091,0.19458095201507286,2024-01-01T00:00:00
120,2024-05-01 08:00:00,6.099999904632568,ok,,2.195428613070988,8.983850827621914,2024-01-01T00:00:00,30.0,7.3617739244625895,11.041627758431728,0.23456130094051741,2024-01-01T00:00:00
120,2024-05-02 08:00:00,7.599999904632568,ok,,2.181467667694197,8.859299228978838,2024-01-01T00:00:00,30.0,7.259710708060826,10.88854725706075,0.21587520659896242,2024-01-01T00:00:00
120,2024-05-03 08:00:00,8.600000381469727,ok,,2.1519828130389493,8.601897453394283,2024-01-01T00:00:00,30.0,7.048784044654689,10.57218686273791,0.1653407048729647,2024-01-01T00:00:00
120,2024-05-04 01:00:00,4.0,abstain,outside_training_support,2.4232795442124018,11.282801150793153,2024-01-01T00:00:00,30.0,9.245637856254616,13.86715928056437,0.8263799888016694,2024-01-01T00:00:00
120,2024-05-04 04:00:00,2.5999999046325684,abstain,outside_training_support,1.2893992478500795,3.630604806830033,2024-01-01T00:00:00,30.0,2.9750818785606294,4.462205304181532,0.010000000000000009,2024-01-01T00:00:00
120,2024-05-04 08:00:00,5.5,ok,,1.7557876049835008,5.788004608489992,2024-01-01T00:00:00,30.0,4.742952907281305,7.11376374978735,0.010000000000000009,2024-01-01T00:00:00
120,2024-05-04 20:00:00,8.899999618530273,abstain,outside_training_support,1.7343896309480713,5.665468721481709,2024-01-01T00:00:00,30.0,4.642541456212358,6.9631606646120305,0.010000000000000009,2024-01-01T00:00:00
120,2024-05-05 08:00:00,7.900000095367432,ok,,2.150526049521084,8.589375645870387,2024-01-01T00:00:00,30.0,7.0385231089061655,10.556796899102663,0.164099527051637,2024-01-01T00:00:00
120,2024-05-06 08:00:00,7.5,ok,,2.067450545577691,7.904644875190067,2024-01-01T00:00:00,30.0,6.477423728518758,9.715226571448692,0.0756175545162121,2024-01-01T00:00:00
120,2024-05-07 08:00:00,6.0,ok,,1.9987921529111858,7.380136636790042,2024-01-01T00:00:00,30.0,6.0476179418123435,9.07057820898508,0.031933334196637575,2024-01-01T00:00:00
120,2024-05-08 08:00:00,8.300000190734863,ok,,2.0960414901829827,8.13390794558603,2024-01-01T00:00:00,30.0,6.665292263500877,9.997003009040926,0.09971236380832571,2024-01-01T00:00:00
120,2024-05-09 08:00:00,7.599999904632568,ok,,2.0716077783495472,7.9375747250144615,2024-01-01T00:00:00,30.0,6.50440793767641,9.755699098305895,0.07787988073043495,2024-01-01T00:00:00
120,2024-05-10 08:00:00,7.0,ok,,1.9787028748871627,7.233354331794556,2024-01-01T00:00:00,30.0,5.92733787859425,8.890174993884752,0.02753296124294513,2024-01-01T00:00:00
120,2024-05-11 08:00:00,8.699999809265137,ok,,2.0035212727487304,7.415120844417469,2024-01-01T00:00:00,30.0,6.0762855847219654,9.113575650222423,0.034129731769571015,2024-01-01T00:00:00
120,2024-05-12 08:00:00,7.099999904632568,ok,,2.1708225434127644,8.76549107322787,2024-01-01T00:00:00,30.0,7.182840060032468,10.773252072803851,0.19017542235780394,2024-01-01T00:00:00
120,2024-05-13 08:00:00,8.600000381469727,ok,,2.091044822797089,8.093366882486308,2024-01-01T00:00:00,30.0,6.6320710817466235,9.947175898565995,0.09491753119227386,2024-01-01T00:00:00
120,2024-05-13 12:02:00,5.699999809265137,ok,,2.077373415226178,7.983472085170704,2024-01-01T00:00:00,30.0,6.5420183116333135,9.812109381119335,0.08179494519465424,2024-01-01T00:00:00
120,2024-05-14 08:00:00,7.400000095367432,ok,,2.1003089615438304,8.168693334831165,2024-01-01T00:00:00,30.0,6.693796985630697,10.03975609197236,0.11297986470603005,2024-01-01T00:00:00
120,2024-05-15 08:00:00,6.900000095367432,ok,,2.1173528874044987,8.309113191965215,2024-01-01T00:00:00,30.0,6.8088633711441195,10.212339522186857,0.12762646301198188,2024-01-01T00:00:00
120,2024-05-16 08:00:00,7.199999809265137,ok,,2.0050152759274456,7.426207338095854,2024-01-01T00:00:00,30.0,6.085370359351606,9.127201537238108,0.03482360823462349,2024-01-01T00:00:00
120,2024-05-17 08:00:00,6.5,ok,,2.0523849231009565,7.786449062033682,2024-01-01T00:00:00,30.0,6.380568730370302,9.56995766655266,0.06383486061851185,2024-01-01T00:00:00
120,2024-05-18 08:00:00,7.599999904632568,ok,,2.098147931651101,8.151059604721533,2024-01-01T00:00:00,30.0,6.679347109179837,10.018083305146407,0.10846125418738228,2024-01-01T00:00:00
120,2024-05-19 08:00:00,8.899999618530273,ok,,2.1250034112920373,8.372926050574513,2024-01-01T00:00:00,30.0,6.861154515283664,10.290768900021018,0.13210765304801442,2024-01-01T00:00:00
120,2024-05-20 07:20:00,6.699999809265137,ok,,2.01362401800433,7.490413612779105,2024-01-01T00:00:00,30.0,6.1379838864258485,9.206114444232105,0.038821861789876344,2024-01-01T00:00:00
120,2024-05-20 15:00:00,6.900000095367432,ok,,2.2045300550823126,9.065990050647557,2024-01-01T00:00:00,30.0,7.429082520948474,11.142581207283241,0.24725016956034074,2024-01-01T00:00:00
120,2024-05-20 20:00:00,7.0,ok,,1.9123091020586123,6.768700387217066,2024-01-01T00:00:00,30.0,5.546579408899722,8.319090723792334,0.016085276774422952,2024-01-01T00:00:00
120,2024-05-21 08:00:00,5.800000190734863,ok,,2.0320055094868157,7.629371803635017,2024-01-01T00:00:00,30.0,6.251852516444535,9.37690140929375,0.0468839571616132,2024-01-01T00:00:00
120,2024-05-22 08:00:00,7.900000095367432,ok,,2.044549172136939,7.725674803224311,2024-01-01T00:00:00,30.0,6.330767552415992,9.495262888562307,0.055236849243387454,2024-01-01T00:00:00
120,2024-05-23 08:00:00,8.600000381469727,ok,,2.0818641907155455,8.01940468816934,2024-01-01T00:00:00,30.0,6.571463112628907,9.856272450421706,0.08610611759965248,2024-01-01T00:00:00
120,2024-05-24 08:00:00,6.300000190734863,ok,,2.0687779082549764,7.915144172420678,2024-01-01T00:00:00,30.0,6.486027327806031,9.728130762977464,0.07633989255822238,2024-01-01T00:00:00
120,2024-05-25 08:00:00,7.0,ok,,2.1162193680048946,8.299699987001729,2024-01-01T00:00:00,30.0,6.801149765010684,10.200770195489994,0.12694721292477973,2024-01-01T00:00:00
120,2024-05-26 08:00:00,8.5,ok,,2.092628324623021,8.106192896050532,2024-01-01T00:00:00,30.0,6.642581297691172,9.962939747512078,0.0964370692395714,2024-01-01T00:00:00
120,2024-05-27 08:00:00,5.0,ok,,2.166382276061458,8.726656231742162,2024-01-01T00:00:00,30.0,7.151017033482304,10.725521998922337,0.1831584715319935,2024-01-01T00:00:00
120,2024-05-28 08:00:00,5.900000095367432,ok,,1.8551835431855968,6.392871510947867,2024-01-01T00:00:00,30.0,5.238608219877758,7.857177159970096,0.010000000000000009,2024-01-01T00:00:00
120,2024-05-29 08:00:00,6.099999904632568,ok,,1.9898312394263524,7.314299292803121,2024-01-01T00:00:00,30.0,5.99366784273806,8.989660631561344,0.02925675439809039,2024-01-01T00:00:00
120,2024-05-30 08:00:00,6.300000190734863,ok,,1.9386598641605952,6.9494315451068855,2024-01-01T00:00:00,30.0,5.694678698505067,8.541218874410568,0.02133026474079669,2024-01-01T00:00:00
120,2024-05-31 08:00:00,8.5,ok,,2.134229019386838,8.450528800795514,2024-01-01T00:00:00,30.0,6.924745720659318,10.386146783894192,0.13737768814071083,2024-01-01T00:00:00
120,2024-06-01 08:00:00,7.800000190734863,ok,,2.1231184500297835,8.357158274809397,2024-01-01T00:00:00,30.0,6.848233686264831,10.271389469761388,0.13103088803714757,2024-01-01T00:00:00
120,2024-06-02 08:00:00,6.300000190734863,ok,,2.2137917289699196,9.150346331149,2024-01-01T00:00:00,30.0,7.498207874661028,11.246259537016746,0.27883756645072644,2024-01-01T00:00:00
120,2024-06-03 08:00:00,9.600000381469727,ok,,2.2313629586697066,9.312550054487037,2024-01-01T00:00:00,30.0,7.631124945951802,11.44561649078802,0.3115920196690196,2024-01-01T00:00:00
120,2024-06-04 08:00:00,5.900000095367432,ok,,1.8988544231755118,6.67823962198473,2024-01-01T00:00:00,30.0,5.472451764145559,8.207909659502253,0.013120034748885012,2024-01-01T00:00:00
120,2024-06-05 08:00:00,9.699999809265137,ok,,2.102473766221271,8.186396114988135,2024-01-01T00:00:00,30.0,6.708303444815146,10.06151374495805,0.11650015868840058,2024-01-01T00:00:00
120,2024-06-06 08:00:00,8.399999618530273,ok,,2.1565916805737024,8.64163395911099,2024-01-01T00:00:00,30.0,7.081345935679761,10.621025129641863,0.16926750843127636,2024-01-01T00:00:00
120,2024-06-07 06:20:00,9.699999809265137,ok,,2.1641734566733657,8.707401896766775,2024-01-01T00:00:00,30.0,7.135239160065388,10.70185740301423,0.17974681351643862,2024-01-01T00:00:00
120,2024-06-08 08:00:00,9.5,ok,,2.0981813900006254,8.151332330285229,2024-01-01T00:00:00,30.0,6.679570592848686,10.018418499286684,0.1086179487127843,2024-01-01T00:00:00
120,2024-06-09 08:00:00,9.100000381469727,ok,,2.1046416625295934,8.20416262392063,2024-01-01T00:00:00,30.0,6.7228621262422505,10.083349723979019,0.12000938949057449,2024-01-01T00:00:00
120,2024-06-10 08:00:00,8.300000190734863,ok,,2.1907869887306024,8.94224779446932,2024-01-01T00:00:00,30.0,7.327682516388487,10.990495430601856,0.2306416122275461,2024-01-01T00:00:00
120,2024-06-11 08:00:00,8.5,ok,,2.2070167409410213,9.08856237340807,2024-01-01T00:00:00,30.0,7.447579303709157,11.170323785643788,0.25653540354743853,2024-01-01T00:00:00
120,2024-06-12 08:00:00,9.800000190734863,ok,,2.148486999698606,8.571879324981552,2024-01-01T00:00:00,30.0,7.0241858317891595,10.535292995475656,0.1623622351815397,2024-01-01T00:00:00
120,2024-06-13 08:00:00,8.800000190734863,ok,,2.086154592226203,8.053885068604608,2024-01-01T00:00:00,30.0,6.5997178967370145,9.898650661396088,0.09022483599557252,2024-01-01T00:00:00
120,2024-06-14 08:00:00,8.800000190734863,ok,,2.102849977118384,8.189476505816643,2024-01-01T00:00:00,30.0,6.710827656460418,10.06529970818601,0.11711193349238624,2024-01-01T00:00:00
120,2024-06-15 08:00:00,9.300000190734863,ok,,2.170087682717384,8.75905202455411,2024-01-01T00:00:00,30.0,7.177563612155675,10.765338141468805,0.18891178605386827,2024-01-01T00:00:00
120,2024-06-16 08:00:00,9.5,ok,,2.17321170935836,8.786458323142563,2024-01-01T00:00:00,30.0,7.200021573467118,10.79902193175612,0.20188276128267724,2024-01-01T00:00:00
120,2024-06-17 08:00:00,8.800000190734863,ok,,2.195349558771031,8.983140643655737,2024-01-01T00:00:00,30.0,7.36119196758195,11.040754904780773,0.23449454236107858,2024-01-01T00:00:00
120,2024-06-18 08:00:00,9.5,ok,,2.1907429880264315,8.94185433792574,2024-01-01T00:00:00,30.0,7.327360100291145,10.990011851702707,0.23060445517845007,2024-01-01T00:00:00
120,2024-06-19 08:00:00,9.399999618530273,ok,,2.1466190843472583,8.5558827247992,2024-01-01T00:00:00,30.0,7.011077493687595,10.515632327906363,0.16077075167870802,2024-01-01T00:00:00
120,2024-06-20 08:00:00,8.899999618530273,ok,,2.1831976878923824,8.874639261043376,2024-01-01T00:00:00,30.0,7.272281024534239,10.907400967692082,0.21752393740776566,2024-01-01T00:00:00
120,2024-06-21 07:30:00,6.800000190734863,ok,,2.2171137447391573,9.180794472556414,2024-01-01T00:00:00,30.0,7.5231584596342636,11.283681912989762,0.28580615246979624,2024-01-01T00:00:00
120,2024-06-22 08:00:00,7.699999809265137,ok,,2.1405766820679863,8.504340515722253,2024-01-01T00:00:00,30.0,6.9688414750723675,10.452284227253902,0.1434736347155655,2024-01-01T00:00:00
120,2024-06-23 08:00:00,9.100000381469727,ok,,2.2084162299526215,9.101290621024805,2024-01-01T00:00:00,30.0,7.45800940581202,11.18596747507027,0.2617800058660954,2024-01-01T00:00:00
120,2024-06-24 08:00:00,8.699999809265137,ok,,2.194610264610862,8.976501914527114,2024-01-01T00:00:00,30.0,7.3557518925040775,11.032595555607038,0.233870234411388,2024-01-01T00:00:00
120,2024-06-25 10:00:00,7.599999904632568,ok,,2.168066410634734,8.741365477909476,2024-01-01T00:00:00,30.0,7.163070455445866,10.743600440328247,0.1857733952898818,2024-01-01T00:00:00
120,2024-06-26 08:00:00,8.899999618530273,ok,,2.1933438157466782,8.965140829508224,2024-01-01T00:00:00,30.0,7.346442105303636,11.01863218131271,0.23280076283108253,2024-01-01T00:00:00
120,2024-06-27 08:00:00,9.399999618530273,ok,,2.1299750533780384,8.414656891557334,2024-01-01T00:00:00,30.0,6.895350654877685,10.342058310433078,0.13494765318592605,2024-01-01T00:00:00
120,2024-06-28 08:00:00,9.300000190734863,ok,,2.180170910257696,8.84781831241228,2024-01-01T00:00:00,30.0,7.250302725467353,10.87443660345731,0.21463938060147048,2024-01-01T00:00:00
120,2024-06-29 08:00:00,8.300000190734863,ok,,2.109198157343932,8.241630143828674,2024-01-01T00:00:00,30.0,6.753564707614735,10.129399287333774,0.1227398231303134,2024-01-01T00:00:00
120,2024-06-30 08:00:00,8.800000190734863,ok,,2.154861410926106,8.62669453051301,2024-01-01T00:00:00,30.0,7.0691038918158045,10.602663781855965,0.1677933005140847,2024-01-01T00:00:00
120,2024-07-01 08:00:00,8.5,ok,,2.1787288934073232,8.835068804028998,2024-01-01T00:00:00,30.0,7.239855201330245,10.858766783424416,0.21326512057230074,2024-01-01T00:00:00
120,2024-07-02 08:00:00,9.699999809265137,ok,,2.2224405167303707,9.229828953214986,2024-01-01T00:00:00,30.0,7.563339532098418,11.343947882800311,0.2939339375562875,2024-01-01T00:00:00
120,2024-07-03 08:00:00,9.300000190734863,ok,,2.282861109513767,9.804692616749088,2024-01-01T00:00:00,30.0,8.034408832950403,12.05048572569013,0.42676960079714454,2024-01-01T00:00:00
120,2024-07-04 08:00:00,10.100000381469727,ok,,2.137698655655943,8.479899986215864,2024-01-01T00:00:00,30.0,6.948813799160053,10.422245524006648,0.13935968268342103,2024-01-01T00:00:00
120,2024-07-05 08:00:00,10.100000381469727,ok,,2.097673864528619,8.147196371137907,2024-01-01T00:00:00,30.0,6.676181400754158,10.013335186773478,0.10624106927622412,2024-01-01T00:00:00
120,2024-07-06 08:00:00,8.899999618530273,ok,,2.1114080368695984,8.259863292652541,2024-01-01T00:00:00,30.0,6.768505774886209,10.15180879145847,0.12406407118556473,2024-01-01T00:00:00
120,2024-07-07 08:00:00,8.800000190734863,ok,,2.1024309725553065,8.186045796583095,2024-01-01T00:00:00,30.0,6.708016378060703,10.061083185112434,0.1164305698306396,2024-01-01T00:00:00
120,2024-07-08 08:00:00,7.5,ok,,2.0289478496772184,7.606079408356289,2024-01-01T00:00:00,30.0,6.232765673676175,9.348273823728857,0.045555522389526426,2024-01-01T00:00:00
120,2024-07-09 08:00:00,9.399999618530273,ok,,2.1635206891373273,8.701719842217463,2024-01-01T00:00:00,30.0,7.130583027431275,10.69487385749011,0.17880031670541052,2024-01-01T00:00:00
120,2024-07-10 08:00:00,9.300000190734863,ok,,2.127431280027879,8.393279113244814,2024-01-01T00:00:00,30.0,6.877832735895753,10.315783890369984,0.1334945484490404,2024-01-01T00:00:00
120,2024-07-11 08:00:00,10.800000190734863,ok,,2.19203711761453,8.953433747208928,2024-01-01T00:00:00,30.0,7.336848792273826,11.004243558063457,0.23169730215778384,2024-01-01T00:00:00
120,2024-07-11 14:00:00,7.099999904632568,ok,,2.1055065508878545,8.211261378035728,2024-01-01T00:00:00,30.0,6.728679166612069,10.092074468188546,0.12052766513100399,2024-01-01T00:00:00
120,2024-07-12 08:00:00,6.5,ok,,2.0939423663158094,8.116851773056393,2024-01-01T00:00:00,30.0,6.651315663867928,9.976040071023657,0.09769803169331048,2024-01-01T00:00:00
120,2024-07-13 08:00:00,8.5,ok,,2.138009817862069,8.482539021165978,2024-01-01T00:00:00,30.0,6.950976343825393,10.425489037519924,0.13953743093903226,2024-01-01T00:00:00
120,2024-07-14 08:00:00,7.099999904632568,ok,,2.162025276292036,8.688716903393317,2024-01-01T00:00:00,30.0,7.119927830922149,10.67889255804328,0.17663200500009957,2024-01-01T00:00:00
120,2024-07-15 08:00:00,6.800000190734863,ok,,2.254032356415609,9.52607100742054,2024-01-01T00:00:00,30.0,7.806093677489429,11.70804503353147,0.36060990762781353,2024-01-01T00:00:00
120,2024-07-16 08:00:00,6.199999809265137,ok,,2.1763737053833085,8.814285040233335,2024-01-01T00:00:00,30.0,7.222824044725032,10.833222438615696,0.21102059703448894,2024-01-01T00:00:00
120,2024-07-17 08:00:00,8.800000190734863,ok,,2.2083288080710983,9.100495003852108,2024-01-01T00:00:00,30.0,7.457357441095753,11.18498961949055,0.2615275010322182,2024-01-01T00:00:00
120,2024-07-18 08:00:00,6.699999809265137,ok,,2.221430055641426,9.220507280587027,2024-01-01T00:00:00,30.0,7.555700931702929,11.332491054184299,0.29267900529263136,2024-01-01T00:00:00
120,2024-07-19 08:00:00,8.600000381469727,ok,,2.134181785706578,8.450129660646612,2024-01-01T00:00:00,30.0,6.92441864715857,10.38565621954354,0.1373507063797289,2024-01-01T00:00:00
120,2024-07-20 08:00:00,10.399999618530273,ok,,2.119248752295053,8.324881090116873,2024-01-01T00:00:00,30.0,6.821784300452023,10.231719102866021,0.12876254095884587,2024-01-01T00:00:00
120,2024-07-21 08:00:00,7.900000095367432,ok,,2.0841226594524156,8.037536730564176,2024-01-01T00:00:00,30.0,6.5863213287169495,9.878557689398328,0.0882742616360217,2024-01-01T00:00:00
120,2024-07-22 08:00:00,8.800000190734863,ok,,2.0483717792443414,7.755263539663692,2024-01-01T00:00:00,30.0,6.355013902066801,9.53162901038186,0.05896365809599835,2024-01-01T00:00:00
120,2024-07-23 08:00:00,8.0,ok,,2.1278964843766768,8.397184611545931,2024-01-01T00:00:00,30.0,6.881033077943596,10.320583954315783,0.13376029171693626,2024-01-01T00:00:00
120,2024-07-24 08:00:00,6.599999904632568,ok,,2.101602239554151,8.179264560587635,2024-01-01T00:00:00,30.0,6.7024595264071225,10.052748687463193,0.11508292686434252,2024-01-01T00:00:00
120,2024-07-25 08:00:00,7.5,ok,,2.085558413987955,8.049084948599074,2024-01-01T00:00:00,30.0,6.595784461179249,9.892751060065448,0.08965259492135802,2024-01-01T00:00:00
120,2024-07-26 08:00:00,8.399999618530273,ok,,2.094464322047899,8.121089516226819,2024-01-01T00:00:00,30.0,6.654788262397135,9.981248481483881,0.09819890360954475,2024-01-01T00:00:00
120,2024-07-27 08:00:00,9.300000190734863,ok,,2.1466362628717426,8.556029703502508,2024-01-01T00:00:00,30.0,7.011197934688478,10.515812972505374,0.16078538796203845,2024-01-01T00:00:00
120,2024-07-28 08:00:00,6.599999904632568,ok,,2.121239123094004,8.341467191113335,2024-01-01T00:00:00,30.0,6.835375702198013,10.252104298110314,0.1299552506197693,2024-01-01T00:00:00
120,2024-07-29 08:00:00,7.0,ok,,2.1691196920259634,8.750577446046954,2024-01-01T00:00:00,30.0,7.170619159017275,10.754922436323978,0.1874088052965246,2024-01-01T00:00:00
120,2024-07-30 08:00:00,8.199999809265137,ok,,2.190618472955579,8.940741011613689,2024-01-01T00:00:00,30.0,7.326447790328443,10.988643514789372,0.2304993065748525,2024-01-01T00:00:00
120,2024-07-31 07:00:00,8.100000381469727,ok,,2.1170248360103217,8.306387822853226,2024-01-01T00:00:00,30.0,6.806630080359561,10.208989899423043,0.12742988151705614,2024-01-01T00:00:00
120,2024-08-01 08:00:00,7.400000095367432,ok,,2.1005975152048606,8.171050781307311,2024-01-01T00:00:00,30.0,6.6957287839574295,10.04265351835994,0.11344909582286067,2024-01-01T00:00:00
120,2024-08-02 08:00:00,7.400000095367432,ok,,2.090118782648314,8.085875568978247,2024-01-01T00:00:00,30.0,6.6259323604452804,9.937968678102873,0.09402889739574505,2024-01-01T00:00:00
120,2024-08-03 08:00:00,10.100000381469727,ok,,2.133116814222925,8.441135303741751,2024-01-01T00:00:00,30.0,6.917048264078974,10.374601679260591,0.136742352216632,2024-01-01T00:00:00
120,2024-08-03 21:00:00,8.399999618530273,ok,,2.1410397564911956,8.508279570268662,2024-01-01T00:00:00,30.0,6.972069314626163,10.457125533599713,0.1443890923102702,2024-01-01T00:00:00
120,2024-08-04 08:00:00,10.100000381469727,ok,,2.1944252290917774,8.974841096495698,2024-01-01T00:00:00,30.0,7.354390943050268,11.0305543224177,0.2337139784151101,2024-01-01T00:00:00
120,2024-08-05 08:00:00,7.400000095367432,ok,,2.1860399018125025,8.899898763738014,2024-01-01T00:00:00,30.0,7.292979804138919,10.938446232297295,0.2205768128387412,2024-01-01T00:00:00
120,2024-08-06 08:00:00,7.0,ok,,2.076269285653134,7.974662162089217,2024-01-01T00:00:00,30.0,6.534799061974982,9.80128151975869,0.08073497393621121,2024-01-01T00:00:00
120,2024-08-07 08:00:00,8.0,ok,,2.136195589034872,8.467163705733421,2024-01-01T00:00:00,30.0,6.938377114563509,10.406591961763414,0.13850107111458887,2024-01-01T00:00:00
120,2024-08-08 08:00:00,9.699999809265137,ok,,2.191567740860635,8.94923219967196,2024-01-01T00:00:00,30.0,7.333405854084677,10.99907963395088,0.23130092997652696,2024-01-01T00:00:00
120,2024-08-09 08:00:00,7.699999809265137,ok,,2.1248215268656567,8.371403284210619,2024-01-01T00:00:00,30.0,6.859906691613629,10.288897339631626,0.13200375341343307,2024-01-01T00:00:00
120,2024-08-10 08:00:00,6.199999809265137,ok,,2.1002988260111195,8.168610541192244,2024-01-01T00:00:00,30.0,6.693729140776211,10.039654334211765,0.11296338282423157,2024-01-01T00:00:00
120,2024-08-11 08:00:00,8.0,ok,,2.1502068402142487,8.586634274783181,2024-01-01T00:00:00,30.0,7.036276705378959,10.553427609065078,0.1638275573687431,2024-01-01T00:00:00
120,2024-08-12 08:00:00,7.400000095367432,ok,,1.9844319640167838,7.274913798739083,2024-01-01T00:00:00,30.0,5.961393586545912,8.941253776541005,0.02842040203373508,2024-01-01T00:00:00
120,2024-08-13 08:00:00,8.0,ok,,2.150668379425793,8.590598257892637,2024-01-01T00:00:00,30.0,7.0395249725254345,10.55829955393317,0.16422079362570352,2024-01-01T00:00:00
120,2024-08-14 08:00:00,7.400000095367432,ok,,2.0538523585769055,7.797883561261999,2024-01-01T00:00:00,30.0,6.389938676496244,9.584011270792722,0.06574235226045988,2024-01-01T00:00:00
120,2024-08-15 08:00:00,9.0,ok,,2.1170608800968647,8.306687224410569,2024-01-01T00:00:00,30.0,6.806875423544803,10.209357879770213,0.1274514805730017,2024-01-01T00:00:00
120,2024-08-16 08:00:00,8.100000381469727,ok,,2.1455667032574426,8.54688341179692,2024-01-01T00:00:00,30.0,7.003703049357489,10.504571696317592,0.15919545076614328,2024-01-01T00:00:00
120,2024-08-17 08:00:00,6.699999809265137,ok,,2.09605440986136,8.134013033739489,2024-01-01T00:00:00,30.0,6.665378377489494,9.997132167938885,0.09972476161079857,2024-01-01T00:00:00
120,2024-08-18 08:00:00,6.699999809265137,ok,,2.16664414085829,8.728941735036678,2024-01-01T00:00:00,30.0,7.152889878310282,10.728331003335134,0.1835650640273062,2024-01-01T00:00:00
120,2024-08-19 08:00:00,8.5,ok,,2.1393466799885097,8.493886589696697,2024-01-01T00:00:00,30.0,6.960275055003749,10.439435799335497,0.14104202828531642,2024-01-01T00:00:00
120,2024-08-20 08:00:00,8.699999809265137,ok,,2.1300723012799208,8.415475239075743,2024-01-01T00:00:00,30.0,6.89602124586787,10.343064102809718,0.13500320506395347,2024-01-01T00:00:00
120,2024-08-21 08:00:00,6.800000190734863,ok,,2.098550838680436,8.154344385619025,2024-01-01T00:00:00,30.0,6.682038807297126,10.02212047457787,0.11012089576496509,2024-01-01T00:00:00
120,2024-08-22 08:00:00,9.0,ok,,1.972433346919283,7.188146478541875,2024-01-01T00:00:00,30.0,5.890292517797158,8.834612151518852,0.026561806015331646,2024-01-01T00:00:00
120,2024-08-23 08:00:00,6.5,ok,,1.8439843468055028,6.321675898410277,2024-01-01T00:00:00,30.0,5.180267313069301,7.769673987137284,0.010000000000000009,2024-01-01T00:00:00
120,2024-08-24 08:00:00,8.300000190734863,ok,,2.1323012153238468,8.434253529846137,2024-01-01T00:00:00,30.0,6.911409027120252,10.366143615215334,0.13627644961427354,2024-01-01T00:00:00
120,2024-08-25 08:00:00,7.5,ok,,2.062405022779239,7.86486225571188,2024-01-01T00:00:00,30.0,6.444824049790693,9.666331628293257,0.07287182938658432,2024-01-01T00:00:00
120,2024-08-26 08:00:00,6.099999904632568,ok,,2.133447791041568,8.44392958624618,2024-01-01T00:00:00,30.0,6.919338025615913,10.378036000228047,0.1369314193687584,2024-01-01T00:00:00
120,2024-08-27 08:00:00,17.299999237060547,ok,,2.120125753962095,8.332185227112836,2024-01-01T00:00:00,30.0,6.827769640848844,10.240696273497356,0.12928807537759734,2024-01-01T00:00:00
120,2024-08-27 12:00:00,8.0,ok,,2.241427304948478,9.406748008270345,2024-01-01T00:00:00,30.0,7.708315012127828,11.56139075744028,0.32837985249129986,2024-01-01T00:00:00
120,2024-08-28 08:00:00,6.900000095367432,ok,,2.1496872627130252,8.582174011629304,2024-01-01T00:00:00,30.0,7.0326217639053645,10.54794570977771,0.16338487187925177,2024-01-01T00:00:00
120,2024-08-29 07:30:00,7.0,ok,,2.0692144993997186,7.918600608745558,2024-01-01T00:00:00,30.0,6.488859688148639,9.732378906006808,0.0765774812730845,2024-01-01T00:00:00
120,2024-08-30 08:00:00,5.800000190734863,ok,,2.165032621124162,8.714886201599212,2024-01-01T00:00:00,30.0,7.141372138140754,10.711056009444372,0.18106288795067504,2024-01-01T00:00:00
120,2024-08-31 08:00:00,7.0,ok,,2.1792682207753002,8.839835083609948,2024-01-01T00:00:00,30.0,7.243760906512689,10.864624793083665,0.21377910627521168,2024-01-01T00:00:00
120,2024-09-01 02:00:00,7.099999904632568,ok,,2.3498296309537636,10.483783460380725,2024-01-01T00:00:00,30.0,8.590886601884156,12.885124284746075,0.6703894682696296,2024-01-01T00:00:00
120,2024-09-02 22:00:00,5.900000095367432,abstain,too_many_missing_features|outside_training_support,2.2287272649775858,9.288037343240644,2024-01-01T00:00:00,30.0,7.6110381210552065,11.415489072365128,0.3043440154403696,2024-01-01T00:00:00
120,2024-09-03 08:00:00,5.0,abstain,outside_training_support,1.933784964593783,6.915636205648725,2024-01-01T00:00:00,30.0,5.66698526797453,8.499682615023943,0.02057513864156635,2024-01-01T00:00:00
120,2024-09-04 08:00:00,12.100000381469727,ok,,2.377009130657011,10.772635089603794,2024-01-01T00:00:00,30.0,8.8275846985973,13.24013821234731,0.7479772808193637,2024-01-01T00:00:00
120,2024-09-05 08:00:00,6.099999904632568,ok,,2.1797227879785606,8.843854296153083,2024-01-01T00:00:00,30.0,7.24705443115648,10.869564617846434,0.2142123144848458,2024-01-01T00:00:00
120,2024-09-06 08:00:00,4.0,ok,,1.9291454443366622,6.8836252864557235,2024-01-01T00:00:00,30.0,5.640754072161643,8.460339502508356,0.01979579488585248,2024-01-01T00:00:00
120,2024-09-06 22:00:00,19.5,abstain,outside_training_support,2.2829921232178645,9.805977249996788,2024-01-01T00:00:00,30.0,8.035461519568523,12.052064607886573,0.42687171354724707,2024-01-01T00:00:00
120,2024-09-07 00:00:00,7.599999904632568,abstain,outside_training_support,2.2432209692797707,9.423635697541547,2024-01-01T00:00:00,30.0,7.722153548954254,11.582146620623066,0.33219984708506456,2024-01-01T00:00:00
120,2024-09-07 08:00:00,7.199999809265137,ok,,2.138337393415862,8.485318148745684,2024-01-01T00:00:00,30.0,6.953253686731191,10.42890473228346,0.1397245551530959,2024-01-01T00:00:00
120,2024-09-08 08:00:00,7.5,ok,,2.0082014689859538,7.4499064032168665,2024-01-01T00:00:00,30.0,6.104790445792221,9.15632894154501,0.036303407212235905,2024-01-01T00:00:00
120,2024-09-09 08:00:00,6.900000095367432,ok,,1.9886741368357184,7.305840792762649,2024-01-01T00:00:00,30.0,5.986736565022878,8.979264687702344,0.029077518220257392,2024-01-01T00:00:00
120,2024-09-10 09:30:00,6.800000190734863,ok,,2.1903281372397645,8.938145571964817,2024-01-01T00:00:00,30.0,7.3243209696258065,10.985453582206764,0.23025412826122882,2024-01-01T00:00:00
120,2024-09-11 08:00:00,4.5,ok,,1.7112044026054904,5.535624584959778,2024-01-01T00:00:00,30.0,4.536141294763492,6.803575354303661,0.010000000000000009,2024-01-01T00:00:00
120,2024-09-11 18:00:00,12.0,ok,,1.8007418266091701,6.054136918870654,2024-01-01T00:00:00,30.0,4.961033765992085,7.440854433069828,0.010000000000000009,2024-01-01T00:00:00
120,2024-09-12 08:00:00,6.099999904632568,ok,,1.890757198585181,6.624382755728715,2024-01-01T00:00:00,30.0,5.428319010690018,8.141716722771136,0.011335508276415718,2024-01-01T00:00:00
120,2024-09-13 09:00:00,7.199999809265137,ok,,2.071501675604212,7.93673257122304,2024-01-01T00:00:00,30.0,6.503717838748787,9.754664046760777,0.07782214063375392,2024-01-01T00:00:00
120,2024-09-13 20:00:00,7.5,ok,,1.994832254642792,7.350969833401833,2024-01-01T00:00:00,30.0,6.023717343197876,9.034730665198422,0.030094194727869228,2024-01-01T00:00:00
120,2024-09-14 08:00:00,4.5,ok,,1.9078533111633673,6.738607567104734,2024-01-01T00:00:00,30.0,5.52191999027543,8.282105056481363,0.015103276495234907,2024-01-01T00:00:00
120,2024-09-14 16:30:00,3.299999952316284,abstain,outside_training_support,1.6028337626656008,4.9670880485065,2024-01-01T00:00:00,30.0,4.070256728170133,6.104813885192439,0.010000000000000009,2024-01-01T00:00:00
120,2024-09-15 08:00:00,5.300000190734863,abstain,outside_training_support,1.8290634606999272,6.228051111712806,2024-01-01T00:00:00,30.0,5.1035469259415835,7.654604173144202,0.010000000000000009,2024-01-01T00:00:00
120,2024-09-16 08:00:00,6.699999809265137,ok,,1.9735165247095634,7.19593673751679,2024-01-01T00:00:00,30.0,5.896676208542557,8.844186791769813,0.026729591178561662,2024-01-01T00:00:00
120,2024-09-16 16:00:00,5.300000190734863,ok,,1.8060611561902875,6.086426672254277,2024-01-01T00:00:00,30.0,4.987493451159165,7.48054024755122,0.010000000000000009,2024-01-01T00:00:00
120,2024-09-17 08:00:00,4.900000095367432,ok,,1.801962357150973,6.061530689127729,2024-01-01T00:00:00,30.0,4.967092555939337,7.449941767719127,0.010000000000000009,2024-01-01T00:00:00
120,2024-09-18 08:00:00,6.699999809265137,ok,,2.131591581147939,8.42827041845433,2024-01-01T00:00:00,30.0,6.906506194885333,10.358790054911054,0.13587107828573008,2024-01-01T00:00:00
120,2024-09-19 08:00:00,4.699999809265137,ok,,2.1074546308770654,8.227273163067718,2024-01-01T00:00:00,30.0,6.741799947866604,10.111753798741063,0.12169503245000224,2024-01-01T00:00:00
120,2024-09-20 08:00:00,6.900000095367432,ok,,2.168083773692711,8.74151725606273,2024-01-01T00:00:00,30.0,7.163194829333231,10.743786983705053,0.18580035458015154,2024-01-01T00:00:00
120,2024-09-21 10:00:00,5.699999809265137,ok,,1.9304308525185832,6.892479243975833,2024-01-01T00:00:00,30.0,5.648009405631723,8.471221484522733,0.020055583821407708,2024-01-01T00:00:00
120,2024-09-22 08:00:00,3.799999952316284,abstain,outside_training_support,1.7746446610347872,5.898184908983255,2024-01-01T00:00:00,30.0,4.833239631618587,7.249181165737566,0.010000000000000009,2024-01-01T00:00:00
120,2024-09-23 08:00:00,4.900000095367432,ok,,1.8049417474632814,6.079617285075845,2024-01-01T00:00:00,30.0,4.9819135311522995,7.472171150609394,0.010000000000000009,2024-01-01T00:00:00
120,2024-09-24 08:00:00,6.800000190734863,ok,,2.2144348671589067,9.156233161136697,2024-01-01T00:00:00,30.0,7.503031809556287,11.25349476238374,0.2806029222707922,2024-01-01T00:00:00
120,2024-09-25 08:00:00,9.199999809265137,ok,,2.2881914218986705,9.85709422563625,2024-01-01T00:00:00,30.0,8.077349082661508,12.114890074156826,0.43318501948495036,2024-01-01T00:00:00
120,2024-09-26 08:00:00,6.699999809265137,ok,,2.1188812123516843,8.321821926009397,2024-01-01T00:00:00,30.0,6.819277482942563,10.227959228400737,0.1285422963484133,2024-01-01T00:00:00
120,2024-09-27 08:00:00,7.599999904632568,ok,,2.0963017978314245,8.136025539636993,2024-01-01T00:00:00,30.0,6.667027515896103,9.999605644113887,0.09996215662152752,2024-01-01T00:00:00
120,2024-09-28 02:31:00,6.099999904632568,abstain,outside_training_support,1.1046790108154432,3.0182554859311637,2024-01-01T00:00:00,30.0,2.473295133683326,3.7095956060434854,0.010000000000000009,2024-01-01T00:00:00
120,2024-09-28 08:00:00,4.900000095367432,ok,,2.1217605092369713,8.34581745050273,2024-01-01T00:00:00,30.0,6.8389405016088665,10.257450996953827,0.13025517812638765,2024-01-01T00:00:00
120,2024-09-29 08:00:00,6.199999809265137,ok,,1.9843727423393211,7.274482978897588,2024-01-01T00:00:00,30.0,5.961040553271416,8.940724276172842,0.0284112285454039,2024-01-01T00:00:00
120,2024-09-30 08:00:00,8.899999618530273,ok,,2.1970117201963997,8.998084489613886,2024-01-01T00:00:00,30.0,7.373437631230731,11.059121681735917,0.23589817929943813,2024-01-01T00:00:00
120,2024-10-01 08:00:00,7.800000190734863,ok,,2.144037385316554,8.53382249934603,2024-01-01T00:00:00,30.0,6.993000346635065,10.488519144217687,0.15086802445431025,2024-01-01T00:00:00
120,2024-10-02 08:00:00,9.5,ok,,2.1491906721958838,8.577913243414775,2024-01-01T00:00:00,30.0,7.029130297613043,10.542709000320656,0.16296177154168923,2024-01-01T00:00:00
120,2024-10-03 08:00:00,9.399999618530273,ok,,2.159227062734784,8.66443800257581,2024-01-01T00:00:00,30.0,7.100032600871869,10.649052505002043,0.17257466442739244,2024-01-01T00:00:00
120,2024-10-04 08:00:00,7.300000190734863,ok,,2.1329646070079327,8.43985059981888,2024-01-01T00:00:00,30.0,6.9159955195464216,10.373022710200628,0.13665540538818144,2024-01-01T00:00:00
120,2024-10-05 08:00:00,10.0,ok,,2.1659225304482495,8.722645111939656,2024-01-01T00:00:00,30.0,7.147730140396414,10.720592120565767,0.1824446332522971,2024-01-01T00:00:00
120,2024-10-06 08:00:00,7.800000190734863,ok,,2.191568193132021,8.949236247154523,2024-01-01T00:00:00,30.0,7.333409170775054,10.999084608520992,0.23130131190382563,2024-01-01T00:00:00
120,2024-10-07 08:00:00,8.0,ok,,2.0782758043612204,7.990679535113447,2024-01-01T00:00:00,30.0,6.547924422283239,9.820967718249177,0.08266124437767419,2024-01-01T00:00:00
120,2024-10-08 08:00:00,7.699999809265137,ok,,2.048639160179257,7.757337426525993,2024-01-01T00:00:00,30.0,6.356713338813706,9.534177927008594,0.059224338204433624,2024-01-01T00:00:00
120,2024-10-09 08:00:00,9.5,ok,,2.1183079147797854,8.317052413011186,2024-01-01T00:00:00,30.0,6.81536912815169,10.22209724470068,0.1281987535507857,2024-01-01T00:00:00
120,2024-10-10 08:00:00,9.199999809265137,ok,,2.1683313781661626,8.743681962824565,2024-01-01T00:00:00,30.0,7.16496868801579,10.746447522791128,0.18618480534225934,2024-01-01T00:00:00
120,2024-10-11 08:00:00,7.800000190734863,ok,,2.1115148581472325,8.260745668929987,2024-01-01T00:00:00,30.0,6.769228833939114,10.152893278565987,0.1241280827606408,2024-01-01T00:00:00
120,2024-10-12 08:00:00,8.699999809265137,ok,,2.1676510657572665,8.737735550424233,2024-01-01T00:00:00,30.0,7.160095928595267,10.739139067488116,0.1851284971890763,2024-01-01T00:00:00
120,2024-10-13 08:00:00,8.0,ok,,2.1642253703384133,8.70785394164583,2024-01-01T00:00:00,30.0,7.135609586096182,10.702412990075993,0.17982208704905733,2024-01-01T00:00:00
120,2024-10-14 08:00:00,9.0,ok,,2.2008133343953644,9.032356839222443,2024-01-01T00:00:00,30.0,7.401521945465179,11.101244211823017,0.23910850895431834,2024-01-01T00:00:00
120,2024-10-15 08:00:00,9.199999809265137,ok,,2.004504902659753,7.422418167418108,2024-01-01T00:00:00,30.0,6.082265341422658,9.122544446093162,0.03458656991777853,2024-01-01T00:00:00
120,2024-10-16 08:00:00,9.699999809265137,ok,,2.2232249298783926,9.237071792717769,2024-01-01T00:00:00,30.0,7.569274642555364,11.352849715570944,0.2949081317912351,2024-01-01T00:00:00
120,2024-10-17 08:00:00,5.300000190734863,ok,,2.2165243653561673,9.175385095818969,2024-01-01T00:00:00,30.0,7.518725771538989,11.277033502916394,0.2846613907132858,2024-01-01T00:00:00
120,2024-10-18 08:00:00,12.0,ok,,2.0785784181184654,7.993097990581001,2024-01-01T00:00:00,30.0,6.5499062141384385,9.823940127913524,0.0829517554670609,2024-01-01T00:00:00
120,2024-10-18 12:00:00,5.599999904632568,ok,,2.1011597004913023,8.175645717313017,2024-01-01T00:00:00,30.0,6.699494082460314,10.048300937704084,0.11436329260997102,2024-01-01T00:00:00
120,2024-10-19 08:00:00,9.699999809265137,ok,,2.2223988115297635,9.22944402937364,2024-01-01T00:00:00,30.0,7.563024108083428,11.343474791043445,0.29388214219041264,2024-01-01T00:00:00
120,2024-10-20 08:00:00,8.100000381469727,ok,,2.0756839407697565,7.969995600303248,2024-01-01T00:00:00,30.0,6.530975070066388,9.79554606854283,0.08017303920698715,2024-01-01T00:00:00
120,2024-10-21 08:00:00,7.599999904632568,ok,,2.0710578966900615,7.933211198074046,2024-01-01T00:00:00,30.0,6.500832266233839,9.750336092940554,0.07758064040369728,2024-01-01T00:00:00
120,2024-10-22 08:00:00,6.699999809265137,ok,,2.163548483704569,8.70196170611597,2024-01-01T00:00:00,30.0,7.130781221655051,10.695171121011818,0.1788406181416885,2024-01-01T00:00:00
120,2024-10-23 08:00:00,6.0,ok,,1.842487043699834,6.312217516254119,2024-01-01T00:00:00,30.0,5.172516686699735,7.758049135281532,0.010000000000000009,2024-01-01T00:00:00
120,2024-10-24 08:00:00,9.600000381469727,ok,,2.167690173011289,8.738077265949721,2024-01-01T00:00:00,30.0,7.160375945760888,10.739559053939818,0.18518921827946444,2024-01-01T00:00:00
120,2024-10-25 08:00:00,7.800000190734863,ok,,2.1902808299959156,8.937722742934204,2024-01-01T00:00:00,30.0,7.323974484383364,10.984933902967754,0.23021417895552065,2024-01-01T00:00:00
120,2024-10-26 08:00:00,5.400000095367432,ok,,2.0458489648259413,7.735723107792874,2024-01-01T00:00:00,30.0,6.339001587906705,9.507612786259662,0.056504067862468754,2024-01-01T00:00:00
120,2024-10-27 08:00:00,9.100000381469727,ok,,2.256689591336569,9.551417677074687,2024-01-01T00:00:00,30.0,7.8268638856453965,11.739197430939553,0.3657617858517854,2024-01-01T00:00:00
120,2024-10-28 08:00:00,10.699999809265137,ok,,2.213674312714144,9.149271994817257,2024-01-01T00:00:00,30.0,7.497327514852646,11.244939120851107,0.2784273511538421,2024-01-01T00:00:00
120,2024-10-28 14:34:18,7.400000095367432,ok,,2.168038246508109,8.741119288452154,2024-01-01T00:00:00,30.0,7.16286871666345,10.74329786046601,0.1857296653855146,2024-01-01T00:00:00
120,2024-10-29 08:00:00,9.399999618530273,ok,,2.1785110429611008,8.833144289983366,2024-01-01T00:00:00,30.0,7.238278167429056,10.856401453888623,0.2130575063821455,2024-01-01T00:00:00
120,2024-10-30 08:00:00,11.0,ok,,2.252396287491374,9.510498441044819,2024-01-01T00:00:00,30.0,7.7933328118782965,11.688905525934626,0.3561925240810846,2024-01-01T00:00:00
120,2024-10-31 08:00:00,10.199999809265137,ok,,2.2333272754176154,9.330860830719278,2024-01-01T00:00:00,30.0,7.646129624634658,11.468121403102758,0.31545404852305026,2024-01-01T00:00:00
120,2024-10-31 14:30:00,11.600000381469727,ok,,2.1650694287923384,8.715206982142272,2024-01-01T00:00:00,30.0,7.1416350002343805,10.71145026569557,0.18112003851780578,2024-01-01T00:00:00
120,2024-10-31 21:00:00,9.800000190734863,ok,,2.0946229418032165,8.122377783628425,2024-01-01T00:00:00,30.0,6.655843927005424,9.982831830247656,0.09835111609791125,2024-01-01T00:00:00
120,2024-11-01 02:00:00,8.399999618530273,ok,,2.0964445467014485,8.13718703098808,2024-01-01T00:00:00,30.0,6.667979294471459,10.0010331784073,0.10048384047577541,2024-01-01T00:00:00
120,2024-11-01 08:00:00,7.300000190734863,ok,,2.1315074931085904,8.427561731516208,2024-01-01T00:00:00,30.0,6.905925464737229,10.357919041186745,0.13582304384575727,2024-01-01T00:00:00
120,2024-11-01 18:00:00,8.399999618530273,ok,,1.9811372284032327,7.250984323454843,2024-01-01T00:00:00,30.0,5.941784691590538,8.911843185958759,0.02791004467811009,2024-01-01T00:00:00
120,2024-11-02 08:00:00,9.600000381469727,ok,,2.238833011117175,9.382375767985675,2024-01-01T00:00:00,30.0,7.6883432954941595,11.531435985257847,0.3246237453692413,2024-01-01T00:00:00
120,2024-11-03 08:00:00,9.300000190734863,ok,,2.2220505214082533,9.226230064919703,2024-01-01T00:00:00,30.0,7.560390440164722,11.33952465876608,0.29344958668146937,2024-01-01T00:00:00
120,2024-11-04 08:00:00,9.600000381469727,ok,,2.230997621473987,9.30914845496838,2024-01-01T00:00:00,30.0,7.628337521369804,11.441435745093447,0.3108737328688779,2024-01-01T00:00:00
120,2024-11-05 08:00:00,9.600000381469727,ok,,2.18335973235722,8.876077463736305,2024-01-01T00:00:00,30.0,7.273459552905429,10.909168594857892,0.2176783678021934,2024-01-01T00:00:00
120,2024-11-06 08:00:00,5.699999809265137,ok,,1.982246806330756,7.259034320836767,2024-01-01T00:00:00,30.0,5.948381223740874,8.921737058447631,0.02808191924510761,2024-01-01T00:00:00
120,2024-11-07 08:00:00,7.800000190734863,ok,,2.175597180724352,8.807443187326069,2024-01-01T00:00:00,30.0,7.217217520830751,10.824813439576252,0.21028055935726442,2024-01-01T00:00:00
120,2024-11-08 08:00:00,10.600000381469727,ok,,2.2405504971689667,9.398503713295955,2024-01-01T00:00:00,30.0,7.701559263737458,11.551258082935265,0.3271103802728642,2024-01-01T00:00:00
120,2024-11-08 14:00:00,7.300000190734863,ok,,2.069791587639183,7.9231716588526515,2024-01-01T00:00:00,30.0,6.492605413465266,9.737996968318406,0.07689152715978553,2024-01-01T00:00:00
120,2024-11-09 08:00:00,9.699999809265137,ok,,2.1429001928499103,8.524123416595259,2024-01-01T00:00:00,30.0,6.98505247930558,10.476598458602231,0.1480670121190275,2024-01-01T00:00:00
120,2024-11-10 08:00:00,13.5,ok,,2.3950570002780784,10.968823267238156,2024-01-01T00:00:00,30.0,8.98835016967523,13.481263857642238,0.7868312403069697,2024-01-01T00:00:00
120,2024-11-12 08:00:00,8.199999809265137,ok,,2.2950369336250818,9.924802564453184,2024-01-01T00:00:00,30.0,8.132832359569738,12.198107203170116,0.4508396629914956,2024-01-01T00:00:00
120,2024-11-13 08:00:00,5.699999809265137,ok,,2.1566090653993233,8.641784193716347,2024-01-01T00:00:00,30.0,7.081469044714125,10.621209775916673,0.16928232048534253,2024-01-01T00:00:00
120,2024-11-14 08:00:00,6.400000095367432,ok,,2.157019426861251,8.645331176634516,2024-01-01T00:00:00,30.0,7.084375603032881,10.625569205497529,0.16963195276197884,2024-01-01T00:00:00
120,2024-11-15 08:00:00,8.699999809265137,ok,,2.169903543772376,8.757439290443175,2024-01-01T00:00:00,30.0,7.176242064842303,10.763356005960553,0.1886258770121002,2024-01-01T00:00:00
120,2024-11-16 08:00:00,8.5,ok,,2.2065038337376235,9.08390197957517,2024-01-01T00:00:00,30.0,7.443760366100434,11.164595915168428,0.2542665372172709,2024-01-01T00:00:00
120,2024-11-17 08:00:00,7.199999809265137,ok,,2.210614582582634,9.121320475473036,2024-01-01T00:00:00,30.0,7.474422774980438,11.210585225422147,0.2681296137213932,2024-01-01T00:00:00
120,2024-11-18 08:00:00,7.699999809265137,ok,,2.0929695429529915,8.108959349608433,2024-01-01T00:00:00,30.0,6.6448482549299515,9.966339865232577,0.09676450443815132,2024-01-01T00:00:00
120,2024-11-19 09:00:00,5.900000095367432,ok,,2.2543471426837867,9.529070155783955,2024-01-01T00:00:00,30.0,7.808551315382247,11.711731145473502,0.3612202189357966,2024-01-01T00:00:00
120,2024-11-20 08:00:00,7.099999904632568,ok,,2.134947596556765,8.456603340116828,2024-01-01T00:00:00,30.0,6.929723473077165,10.393612713958802,0.13778816806392147,2024-01-01T00:00:00
120,2024-11-21 08:00:00,8.5,ok,,2.1564820101001945,8.640686278990026,2024-01-01T00:00:00,30.0,7.080569363702208,10.619860380657208,0.16917406803569857,2024-01-01T00:00:00
120,2024-11-22 08:00:00,8.0,ok,,2.135489176617983,8.461184508294163,2024-01-01T00:00:00,30.0,6.933477489598432,10.399243211913799,0.13809754018322207,2024-01-01T00:00:00
120,2024-11-23 08:00:00,7.099999904632568,ok,,2.1536337276252775,8.616110180141051,2024-01-01T00:00:00,30.0,7.060430596135506,10.58965505551863,0.16674730144428695,2024-01-01T00:00:00
120,2024-11-24 08:00:00,7.5,ok,,2.1395424340165863,8.495549464962611,2024-01-01T00:00:00,30.0,6.9616376902486055,10.441479560974825,0.14142901686148268,2024-01-01T00:00:00
120,2024-11-25 08:00:00,7.199999809265137,ok,,2.1674922269304444,8.736347768980028,2024-01-01T00:00:00,30.0,7.1589587176770495,10.737433410703405,0.18488187116018096,2024-01-01T00:00:00
120,2024-11-26 08:00:00,7.300000190734863,ok,,2.0957926259500312,8.131883958683673,2024-01-01T00:00:00,30.0,6.66363371703933,9.994515422103815,0.09947355216669174,2024-01-01T00:00:00
120,2024-11-27 08:00:00,8.100000381469727,ok,,1.9218856245374016,6.8338323698058785,2024-01-01T00:00:00,30.0,5.599951502923882,8.399141374756304,0.018195821898489895,2024-01-01T00:00:00
120,2024-11-28 08:00:00,8.899999618530273,ok,,2.1786946440712014,8.834766213969653,2024-01-01T00:00:00,30.0,7.239607245342169,10.858394884239667,0.21323248052815313,2024-01-01T00:00:00
120,2024-11-29 08:00:00,7.800000190734863,ok,,2.0524146351834687,7.786680417087693,2024-01-01T00:00:00,30.0,6.380758313171329,9.570242014148745,0.06387348279303717,2024-01-01T00:00:00
120,2024-11-30 08:00:00,6.5,ok,,2.0230526724849107,7.561372130643568,2024-01-01T00:00:00,30.0,6.1961305071296335,9.293326215173412,0.042994296204293625,2024-01-01T00:00:00
120,2024-12-01 08:00:00,6.0,ok,,2.109251100490656,8.242066493213375,2024-01-01T00:00:00,30.0,6.753922272047169,10.129935583802956,0.12277154877792174,2024-01-01T00:00:00
120,2024-12-02 08:00:00,6.900000095367432,ok,,2.1430993313445317,8.525821066728543,2024-01-01T00:00:00,30.0,6.986443610650464,10.478684960392547,0.14846069148925878,2024-01-01T00:00:00
120,2024-12-03 08:00:00,7.0,ok,,1.9936087328887975,7.341981261875437,2024-01-01T00:00:00,30.0,6.0163517009192065,9.023683235451555,0.029841891356107597,2024-01-01T00:00:00
120,2024-12-04 08:00:00,7.300000190734863,ok,,2.052952435783105,7.790869224755856,2024-01-01T00:00:00,30.0,6.384190811735449,9.575390280288842,0.0645725596285468,2024-01-01T00:00:00
120,2024-12-05 08:00:00,6.5,ok,,2.0600475916826175,7.846343222109065,2024-01-01T00:00:00,30.0,6.429648715593884,9.643570756656846,0.0715889379872342,2024-01-01T00:00:00
120,2024-12-06 08:00:00,7.900000095367432,ok,,2.209138012316773,9.107862143405264,2024-01-01T00:00:00,30.0,7.463394408639063,11.194044223596427,0.2638647646562292,2024-01-01T00:00:00
120,2024-12-07 08:00:00,6.5,ok,,2.1970468703378874,8.998400779115592,2024-01-01T00:00:00,30.0,7.373696813161834,11.05951041825979,0.23592786235923469,2024-01-01T00:00:00
120,2024-12-07 14:39:56,9.300000190734863,ok,,2.159473798654835,8.66657609441928,2024-01-01T00:00:00,30.0,7.101784650085886,10.651680332945975,0.17293242541978426,2024-01-01T00:00:00
120,2024-12-08 08:00:00,8.5,ok,,1.9882044989972143,7.302410499045193,2024-01-01T00:00:00,30.0,5.983925627115854,8.975048675320016,0.029004770918660716,2024-01-01T00:00:00
120,2024-12-09 08:00:00,5.0,ok,,2.1048615742572503,8.20596701389322,2024-01-01T00:00:00,30.0,6.724340725041881,10.085567414676547,0.12014116937915864,2024-01-01T00:00:00
120,2024-12-10 08:00:00,7.900000095367432,ok,,2.3045071403364976,10.019238956594398,2024-01-01T00:00:00,30.0,8.210217812926553,12.314174523173534,0.48783805412597814,2024-01-01T00:00:00
120,2024-12-10 14:00:00,7.300000190734863,ok,,2.3275689811110722,10.252986009002775,2024-01-01T00:00:00,30.0,8.401760725688328,12.6014620117846,0.5778367136942318,2024-01-01T00:00:00
120,2024-12-11 08:00:00,8.0,ok,,2.162869402210247,8.696054370965056,2024-01-01T00:00:00,30.0,7.125940483901108,10.687910693714857,0.17785596674081672,2024-01-01T00:00:00
120,2024-12-12 08:00:00,5.300000190734863,ok,,2.0126394100006197,7.4830421211951945,2024-01-01T00:00:00,30.0,6.131943352631589,9.197054491250283,0.0383645693752348,2024-01-01T00:00:00
120,2024-12-13 08:00:00,7.5,ok,,1.6452512900247993,5.18231200665199,2024-01-01T00:00:00,30.0,4.246620979246473,6.3693355114011245,0.010000000000000009,2024-01-01T00:00:00
120,2024-12-14 08:00:00,9.600000381469727,ok,,2.0131448694768332,7.486825451825866,2024-01-01T00:00:00,30.0,6.13504358496168,9.201704404668538,0.038599325525408346,2024-01-01T00:00:00
120,2024-12-15 08:00:00,8.5,ok,,2.281832360728334,9.794611237620444,2024-01-01T00:00:00,30.0,8.026147694668401,12.038095177609362,0.42596778873962915,2024-01-01T00:00:00
120,2024-12-16 08:00:00,6.099999904632568,ok,,1.7597668567301763,5.811082421700333,2024-01-01T00:00:00,30.0,4.761863911792105,7.142127602642492,0.010000000000000009,2024-01-01T00:00:00
120,2024-12-17 08:00:00,11.300000190734863,ok,,1.9611937451289738,7.107806912640968,2024-01-01T00:00:00,30.0,5.824458641801189,8.735870576444565,0.024820782115147266,2024-01-01T00:00:00
120,2024-12-17 15:00:00,7.400000095367432,ok,,2.0562737253517263,7.8167879754549645,2024-01-01T00:00:00,30.0,6.405429808988684,9.607245795554437,0.06888984116935004,2024-01-01T00:00:00
120,2024-12-18 08:00:00,8.0,ok,,2.278884179779989,9.765777475831532,2024-01-01T00:00:00,30.0,8.002520005411904,12.002656959560419,0.4236699614511861,2024-01-01T00:00:00
120,2024-12-19 08:00:00,8.5,ok,,2.274630399652028,9.724324234664302,2024-01-01T00:00:00,30.0,7.968551343669313,11.951708734001977,0.42035454349403834,2024-01-01T00:00:00
120,2024-12-20 08:00:00,11.300000190734863,ok,,2.261403505429163,9.596548527371542,2024-01-01T00:00:00,30.0,7.863846146735785,11.794665632600612,0.3846733323250694,2024-01-01T00:00:00
120,2024-12-20 21:41:32,13.100000381469727,ok,,2.24014726015554,9.394714652724005,2024-01-01T00:00:00,30.0,7.69845433603418,11.546601127116162,0.3265265599670323,2024-01-01T00:00:00
120,2024-12-22 08:00:00,9.699999809265137,ok,,2.227034180277841,9.272325214060183,2024-01-01T00:00:00,30.0,7.598162891366077,11.396178034700785,0.29963899305735764,2024-01-01T00:00:00
120,2024-12-23 08:00:00,7.099999904632568,ok,,2.1467308630866415,8.556839144037161,2024-01-01T00:00:00,30.0,7.011861226893096,10.516807817727955,0.16086598833895993,2024-01-01T00:00:00
120,2024-12-24 08:00:00,8.699999809265137,ok,,2.166912931232474,8.731288305905572,2024-01-01T00:00:00,30.0,7.154812764672266,10.73121506302627,0.18398240973500612,2024-01-01T00:00:00
120,2024-12-25 08:00:00,8.5,ok,,2.124979242602614,8.372723690370634,2024-01-01T00:00:00,30.0,6.860988692174971,10.290520188629074,0.13209384692920956,2024-01-01T00:00:00
120,2024-12-26 08:00:00,7.699999809265137,ok,,2.084565315303206,8.041095380794468,2024-01-01T00:00:00,30.0,6.589237447759254,9.882931458722785,0.08869921400635461,2024-01-01T00:00:00
120,2024-12-27 08:00:00,8.300000190734863,ok,,2.0832540201854166,8.030558041970338,2024-01-01T00:00:00,30.0,6.580602675468713,9.869980512063833,0.08744036253626708,2024-01-01T00:00:00
120,2024-12-28 08:00:00,9.300000190734863,ok,,2.202787971008453,9.050210082772743,2024-01-01T00:00:00,30.0,7.416151701163212,11.123186792276037,0.24250374054999635,2024-01-01T00:00:00
120,2024-12-29 08:00:00,8.100000381469727,ok,,2.1107720278491477,8.25461161532483,2024-01-01T00:00:00,30.0,6.764202312823819,10.145354202299252,0.12368294918381217,2024-01-01T00:00:00
120,2024-12-30 08:00:00,6.400000095367432,ok,,2.1906363094149865,8.940900484200027,2024-01-01T00:00:00,30.0,7.32657846938248,10.988839515031339,0.2305143688382958,2024-01-01T00:00:00
120,2024-12-31 02:50:00,2.0999999046325684,abstain,outside_training_support,2.2151696489815427,9.162963467177777,2024-01-01T00:00:00,30.0,7.508546926900459,11.261766664425728,0.2820301016975061,2024-01-01T00:00:00
120,2024-12-31 08:00:00,2.700000047683716,ok,,1.617874471395453,5.042361235078833,2024-01-01T00:00:00,30.0,4.131938983669706,6.197328612147529,0.010000000000000009,2024-01-01T00:00:00
180,2024-01-01 07:00:00,10.800000190734863,ok,,2.1800523348489995,8.846769240938082,2024-01-01T00:00:00,1.0,7.239938969885105,10.970733556226895,0.24598294264768683,2024-01-01T00:00:00
180,2024-01-01 19:00:00,8.300000190734863,ok,,2.2999833115478796,9.974016002537303,2024-01-01T00:00:00,1.0,8.162444975830569,12.368613792143767,0.5978334205359006,2024-01-01T00:00:00
180,2024-01-02 07:00:00,9.5,ok,,2.1977105609325376,9.004374915349306,2024-01-01T00:00:00,1.0,7.368918875765847,11.166177770247293,0.28212503107209463,2024-01-01T00:00:00
180,2024-01-03 07:00:00,7.199999809265137,ok,,2.173959408158263,8.793030404148539,2024-01-01T00:00:00,1.0,7.195960666837646,10.90409290538777,0.2319763064857706,2024-01-01T00:00:00
180,2024-01-04 07:00:00,8.899999618530273,ok,,2.1866448271315293,8.905284166556006,2024-01-01T00:00:00,1.0,7.287825885296071,11.0432969565523,0.25569331851995236,2024-01-01T00:00:00
180,2024-01-05 07:00:00,6.099999904632568,ok,,2.228535810227626,9.286259274588751,2024-01-01T00:00:00,1.0,7.599604847319724,11.515737944663663,0.34558461073650704,2024-01-01T00:00:00
180,2024-01-06 07:00:00,6.900000095367432,ok,,2.2536944982666594,9.522853090333575,2024-01-01T00:00:00,1.0,7.793226353656554,11.809134058306645,0.428678456567791,2024-01-01T00:00:00
180,2024-01-07 07:00:00,3.200000047683716,ok,,2.1006544963250193,8.171516390199036,2024-01-01T00:00:00,1.0,6.687331651275623,10.133363561962728,0.12102198911837436,2024-01-01T00:00:00
180,2024-01-08 09:00:00,12.600000381469727,abstain,outside_training_support,2.184552413518748,8.886670109684545,2024-01-01T00:00:00,1.0,7.27259268184506,11.020213969670232,0.25326838171303434,2024-01-01T00:00:00
180,2024-01-08 11:00:00,1.0,abstain,outside_training_support,2.411066075589319,11.145837118472391,2024-01-01T00:00:00,1.0,9.121429338589092,13.821769954395055,0.848971157860122,2024-01-01T00:00:00
180,2024-01-08 13:00:00,2.0,abstain,outside_training_support,1.8776093863322416,6.537856675732577,2024-01-01T00:00:00,1.0,5.350391994754988,8.107488922210875,0.032371247172473194,2024-01-01T00:00:00
180,2024-01-09 07:00:00,6.0,abstain,outside_training_support,2.1156738737625784,8.295173783067197,2024-01-01T00:00:00,1.0,6.7885292696556485,10.286709068380663,0.12872626715976332,2024-01-01T00:00:00
180,2024-01-10 07:00:00,9.199999809265137,abstain,outside_training_support,2.3349040269421573,10.328468627084163,2024-01-01T00:00:00,1.0,8.452518707782321,12.808164683130567,0.7119946106799756,2024-01-01T00:00:00
180,2024-01-11 07:00:00,4.699999809265137,ok,,2.1212013455792893,8.341152077165928,2024-01-01T00:00:00,1.0,6.826156569989634,10.34372599740746,0.13422876640427162,2024-01-01T00:00:00
180,2024-01-12 07:00:00,6.800000190734863,ok,,2.148121958198209,8.568750804346214,2024-01-01T00:00:00,1.0,7.012416757130456,10.625967449131652,0.18594755968544419,2024-01-01T00:00:00
180,2024-01-13 07:00:00,3.5,ok,,2.0135929826380985,7.490181148656729,2024-01-01T00:00:00,1.0,6.129746680711254,9.2884508945407,0.07842620348490603,2024-01-01T00:00:00
180,2024-01-13 20:00:00,3.4000000953674316,abstain,outside_training_support,2.164739549677146,8.712332491517563,2024-01-01T00:00:00,1.0,7.129919839216439,10.804020746398775,0.21472672960275263,2024-01-01T00:00:00
180,2024-01-14 07:00:00,4.099999904632568,ok,,2.22114784590304,9.217905530776418,2024-01-01T00:00:00,1.0,7.543666128891937,11.430973587132375,0.323450177608546,2024-01-01T00:00:00
180,2024-01-15 07:00:00,2.299999952316284,abstain,outside_training_support,1.5091252384172658,4.52277271556002,2024-01-01T00:00:00,1.0,3.701305814985171,5.6086163260793285,0.010000000000000009,2024-01-01T00:00:00
180,2024-01-16 07:00:00,6.300000190734863,abstain,outside_training_support,2.2274053469089106,9.2757674305505,2024-01-01T00:00:00,1.0,7.591018626921096,11.502727180810515,0.3412629772977964,2024-01-01T00:00:00
180,2024-01-16 17:30:00,4.199999809265137,abstain,outside_training_support,1.8175490118553688,6.156749821091131,2024-01-01T00:00:00,1.0,5.038505215133688,7.634884557289102,0.021008933686725184,2024-01-01T00:00:00
180,2024-01-17 07:00:00,5.099999904632568,abstain,outside_training_support,2.225799498859423,9.260883911048435,2024-01-01T00:00:00,1.0,7.57883838689026,11.484270372184776,0.3351005397479868,2024-01-01T00:00:00
180,2024-01-18 07:00:00,5.900000095367432,abstain,outside_training_support,2.119030085241857,8.323060911914444,2024-01-01T00:00:00,1.0,6.811351285851697,10.321291439854262,0.1312127669252937,2024-01-01T00:00:00
180,2024-01-19 07:00:00,8.199999809265137,ok,,2.170316915644883,8.761060117843574,2024-01-01T00:00:00,1.0,7.169797113183888,10.864447077264998,0.22513643573345876,2024-01-01T00:00:00
180,2024-01-19 20:45:00,12.800000190734863,ok,,2.1438365116614406,8.5321084513878,2024-01-01T00:00:00,1.0,6.9824297198395655,10.580527867717029,0.1813675857695195,2024-01-01T00:00:00
180,2024-01-20 07:00:00,7.300000190734863,ok,,2.237137120137243,9.366477765999782,2024-01-01T00:00:00,1.0,7.665253330540536,11.615215581254485,0.3855648262692737,2024-01-01T00:00:00
180,2024-01-20 19:00:00,6.599999904632568,ok,,1.8893514539766367,6.615077107599681,2024-01-01T00:00:00,1.0,5.4135869531313086,8.203248714292998,0.034395829440196146,2024-01-01T00:00:00
180,2024-01-21 07:00:00,10.100000381469727,abstain,outside_training_support,1.7655757808161854,5.844936791881408,2024-01-01T00:00:00,1.0,4.783326489430427,7.24821032970892,0.010000000000000009,2024-01-01T00:00:00
180,2024-01-21 19:00:00,5.800000190734863,abstain,outside_training_support,1.9961526037940966,7.360682090556912,2024-01-01T00:00:00,1.0,6.0237684131916565,9.127861234801278,0.07392833152908862,2024-01-01T00:00:00
180,2024-01-22 07:00:00,7.0,ok,,1.9098889502957177,6.752338911655346,2024-01-01T00:00:00,1.0,5.525918026452485,8.37346482807761,0.037936930729191465,2024-01-01T00:00:00
180,2024-01-23 07:00:00,9.600000381469727,ok,,2.154504111624394,8.623612769169547,2024-01-01T00:00:00,1.0,7.0573141955366605,10.694000872639833,0.19382014894726218,2024-01-01T00:00:00
180,2024-01-24 07:00:00,8.5,ok,,2.217726392287244,9.18642078707743,2024-01-01T00:00:00,1.0,7.51789992920309,11.391929872438277,0.3152895809422065,2024-01-01T00:00:00
180,2024-01-25 07:00:00,10.199999809265137,ok,,2.1816253745159497,8.86069651108076,2024-01-01T00:00:00,1.0,7.251336643216913,10.988004535692921,0.2497445178501424,2024-01-01T00:00:00
180,2024-01-26 07:00:00,8.899999618530273,ok,,2.258075485627529,9.564664109261084,2024-01-01T00:00:00,1.0,7.827443277039511,11.86098321768626,0.43634619593840707,2024-01-01T00:00:00
180,2024-01-27 07:00:00,9.0,ok,,2.184485640026688,8.886076735499588,2024-01-01T00:00:00,1.0,7.272107081648153,11.01947813606759,0.2531909966790077,2024-01-01T00:00:00
180,2024-01-28 07:00:00,9.899999618530273,ok,,2.1357859152464926,8.463695641137353,2024-01-01T00:00:00,1.0,6.92644266315456,10.495690262863805,0.17262230223126063,2024-01-01T00:00:00
180,2024-01-29 07:00:00,9.600000381469727,ok,,2.150158898885515,8.586222629994177,2024-01-01T00:00:00,1.0,7.026715191727165,10.647633973792166,0.18812449390597552,2024-01-01T00:00:00
180,2024-01-30 07:00:00,7.599999904632568,abstain,outside_training_support,1.8478174867745314,6.345954268436226,2024-01-01T00:00:00,1.0,5.193344638916836,7.869513891789082,0.02688583200104544,2024-01-01T00:00:00
180,2024-01-30 11:07:00,20.600000381469727,ok,,2.0501352172463494,7.768951531520483,2024-01-01T00:00:00,1.0,6.357884264452624,9.63414947788493,0.08627636534120386,2024-01-01T00:00:00
180,2024-01-30 13:25:00,4.400000095367432,abstain,outside_training_support,2.3312245601163144,10.290535199599782,2024-01-01T00:00:00,1.0,8.421475092601922,12.761124061354218,0.7035412467026594,2024-01-01T00:00:00
180,2024-01-30 19:30:00,1.0,ok,,1.920184882432497,6.822219661267041,2024-01-01T00:00:00,1.0,5.583106402070706,8.460122800476361,0.039712168469688724,2024-01-01T00:00:00
180,2024-01-31 07:00:00,3.299999952316284,abstain,outside_training_support,1.8713769747221138,6.497236773340027,2024-01-01T00:00:00,1.0,5.317149846545234,8.057116846926432,0.031296646819865104,2024-01-01T00:00:00
180,2024-01-31 12:00:00,2.9000000953674316,abstain,outside_training_support,2.4508920034599733,11.598688176214315,2024-01-01T00:00:00,1.0,9.49202949003509,14.383343129849033,0.8710311727717146,2024-01-01T00:00:00
180,2024-02-01 07:00:00,7.300000190734863,abstain,outside_training_support,2.350050397134775,10.486098180714404,2024-01-01T00:00:00,1.0,8.581518155722275,13.003638509379138,0.7441799254183603,2024-01-01T00:00:00
180,2024-02-01 19:30:00,6.300000190734863,abstain,outside_training_support,2.676443072686082,14.533307333211674,2024-01-01T00:00:00,1.0,11.893636564649329,18.02251625436509,0.9685393130446048,2024-01-01T00:00:00
180,2024-02-01 23:00:00,19.100000381469727,abstain,outside_training_support,2.3506159566355134,10.492030370511213,2024-01-01T00:00:00,1.0,8.586372887536452,13.01099492073037,0.7450152245685765,2024-01-01T00:00:00
180,2024-02-02 04:00:00,11.600000381469727,abstain,outside_training_support,2.5968143169530173,13.42091507939242,2024-01-01T00:00:00,1.0,10.983287056384055,16.64305685011282,0.9421622870977308,2024-01-01T00:00:00
180,2024-02-02 07:00:00,5.300000190734863,ok,,2.5471045225195685,12.770074736325986,2024-01-01T00:00:00,1.0,10.450658224930505,15.835960406545132,0.9252727272462671,2024-01-01T00:00:00
180,2024-02-03 07:00:00,7.300000190734863,ok,,2.114559973636719,8.285938932251819,2024-01-01T00:00:00,1.0,6.780971735998057,10.275257081223794,0.12815488553521626,2024-01-01T00:00:00
180,2024-02-04 07:00:00,6.900000095367432,ok,,2.193009385618697,8.962143117603768,2024-01-01T00:00:00,1.0,7.334357599220807,11.113806809951098,0.2727742300798661,2024-01-01T00:00:00
180,2024-02-05 07:00:00,9.300000190734863,ok,,2.1326412690213483,8.437122116653759,2024-01-01T00:00:00,1.0,6.904695662612749,10.462736870634433,0.167048835135701,2024-01-01T00:00:00
180,2024-02-05 15:00:00,12.100000381469727,abstain,outside_training_support,2.360143107550409,10.592467206007942,2024-01-01T00:00:00,1.0,8.668567476263805,13.135544994486828,0.7769837969116996,2024-01-01T00:00:00
180,2024-02-06 07:00:00,9.899999618530273,ok,,2.1744891680434324,8.797689833006007,2024-01-01T00:00:00,1.0,7.1997738080696445,10.909870986755932,0.23316001587292445,2024-01-01T00:00:00
180,2024-02-07 07:00:00,8.899999618530273,ok,,2.1400280523591904,8.499676061507689,2024-01-01T00:00:00,1.0,6.955887994042881,10.540308992523599,0.17724457439657715,2024-01-01T00:00:00
180,2024-02-08 07:00:00,10.699999809265137,ok,,2.231987942843716,9.318372070035045,2024-01-01T00:00:00,1.0,7.6258850263152045,11.55556049603718,0.3622083766547336,2024-01-01T00:00:00
180,2024-02-09 07:00:00,11.300000190734863,ok,,2.1618516442789577,8.687208394952783,2024-01-01T00:00:00,1.0,7.109359008381068,10.772864765978529,0.20863410000939053,2024-01-01T00:00:00
180,2024-02-11 07:00:00,7.800000190734863,ok,,2.021231529118256,7.547614319220933,2024-01-01T00:00:00,1.0,6.17674831920858,9.35967282815162,0.08031674580684578,2024-01-01T00:00:00
180,2024-02-12 07:00:00,9.0,ok,,2.1726004450333734,8.781089115796277,2024-01-01T00:00:00,1.0,7.186188263315228,10.889284709394085,0.22916328259679386,2024-01-01T00:00:00
180,2024-02-13 07:00:00,2.5999999046325684,ok,,2.2988808230048883,9.963025823553297,2024-01-01T00:00:00,1.0,8.153450932587742,12.354985051291024,0.5943403778418931,2024-01-01T00:00:00
180,2024-02-14 07:00:00,8.600000381469727,ok,,2.0261048414409037,7.5844859716558926,2024-01-01T00:00:00,1.0,6.206923008530489,9.405396760089383,0.08132156869264384,2024-01-01T00:00:00
180,2024-02-15 07:00:00,9.199999809265137,ok,,2.2092716549582225,9.109079423498516,2024-01-01T00:00:00,1.0,7.454606003826592,11.296020114922147,0.29614942904809627,2024-01-01T00:00:00
180,2024-02-16 07:00:00,9.600000381469727,ok,,2.2948158364038105,9.92260846074857,2024-01-01T00:00:00,1.0,8.120374536893387,12.304864142030256,0.567713775458853,2024-01-01T00:00:00
180,2024-02-17 07:00:00,10.699999809265137,ok,,2.2447922332730625,9.438454355962417,2024-01-01T00:00:00,1.0,7.724156881022957,11.704472570926134,0.4089599087934206,2024-01-01T00:00:00
180,2024-02-17 13:00:00,7.400000095367432,ok,,2.156917591468348,8.644450820763822,2024-01-01T00:00:00,1.0,7.074367451667242,10.719841798931187,0.19737950322467235,2024-01-01T00:00:00
180,2024-02-18 07:00:00,8.199999809265137,ok,,2.2244772949517833,9.24864722563239,2024-01-01T00:00:00,1.0,7.568824238991399,11.469095859133212,0.33002158212010435,2024-01-01T00:00:00
180,2024-02-19 07:00:00,6.800000190734863,ok,,2.1467577144653758,8.557068910050539,2024-01-01T00:00:00,1.0,7.002856634169188,10.611480923456629,0.18448955509765363,2024-01-01T00:00:00
180,2024-02-20 07:00:00,7.699999809265137,ok,,2.2361672723958876,9.357398112346464,2024-01-01T00:00:00,1.0,7.657822805732279,11.603956051554938,0.3790277171627773,2024-01-01T00:00:00
180,2024-02-21 07:00:00,7.0,ok,,2.1536331354815363,8.616105078166845,2024-01-01T00:00:00,1.0,7.051170119300017,10.68469070806224,0.19253564985879112,2024-01-01T00:00:00
180,2024-02-22 07:00:00,8.100000381469727,ok,,2.2313540300781227,9.312466906902193,2024-01-01T00:00:00,1.0,7.621052412337751,11.548237600009013,0.35970038255192305,2024-01-01T00:00:00
180,2024-02-23 07:00:00,7.800000190734863,ok,,2.153194861048531,8.612329686988145,2024-01-01T00:00:00,1.0,7.048080448825202,10.68000890733205,0.19188929104137475,2024-01-01T00:00:00
180,2024-02-24 09:00:00,7.400000095367432,abstain,outside_training_support,2.2849632937796263,9.825325566832726,2024-01-01T00:00:00,1.0,8.040761042341579,12.184225219541954,0.5286726280157167,2024-01-01T00:00:00
180,2024-02-24 12:00:00,13.899999618530273,abstain,outside_training_support,2.1915741242814235,8.949289326569156,2024-01-01T00:00:00,1.0,7.323838430009111,11.097867034334978,0.2672939875301511,2024-01-01T00:00:00
180,2024-02-25 07:00:00,8.0,ok,,2.1977503901039293,9.004733559283283,2024-01-01T00:00:00,1.0,7.369212379543689,11.166622518712416,0.2821646712002249,2024-01-01T00:00:00
180,2024-02-26 07:00:00,8.300000190734863,ok,,2.2039216846698233,9.060476247928099,2024-01-01T00:00:00,1.0,7.414830576742533,11.235748113398454,0.2883066746307449,2024-01-01T00:00:00
180,2024-02-27 07:00:00,8.100000381469727,ok,,2.1698103813629324,8.756623464301073,2024-01-01T00:00:00,1.0,7.166166284798585,10.858945255914124,0.224243197400409,2024-01-01T00:00:00
180,2024-02-28 07:00:00,8.800000190734863,ok,,2.1909754142480273,8.943932900890475,2024-01-01T00:00:00,1.0,7.319454886824677,11.091224618631106,0.2636943585258634,2024-01-01T00:00:00
180,2024-02-29 07:00:00,8.300000190734863,ok,,2.181760972908985,8.861898088752998,2024-01-01T00:00:00,1.0,7.252319979480993,10.989494592472996,0.2500333296002051,2024-01-01T00:00:00
180,2024-02-29 18:00:00,8.399999618530273,ok,,2.1836197411155376,8.878385621674017,2024-01-01T00:00:00,1.0,7.265812897501256,11.00994051185326,0.2521874904277134,2024-01-01T00:00:00
180,2024-03-01 03:00:00,14.199999809265137,ok,,2.2882067861830064,9.857245673998102,2024-01-01T00:00:00,1.0,8.066883530845079,12.223808821336052,0.5507898447385007,2024-01-01T00:00:00
180,2024-03-01 07:00:00,9.800000190734863,ok,,2.357881223509297,10.568535349224325,2024-01-01T00:00:00,1.0,8.648982339833703,13.105867491080962,0.7734550929455453,2024-01-01T00:00:00
180,2024-03-02 07:00:00,7.599999904632568,ok,,2.011725475597999,7.476206235815605,2024-01-01T00:00:00,1.0,6.118310017978942,9.271120834145092,0.0779445736064448,2024-01-01T00:00:00
180,2024-03-03 07:00:00,8.899999618530273,ok,,2.1683970137630517,8.744255878443646,2024-01-01T00:00:00,1.0,7.156045011780832,10.843608415370376,0.22175082094359366,2024-01-01T00:00:00
180,2024-03-04 07:00:00,9.199999809265137,ok,,2.0920010975188803,8.101110066365647,2024-01-01T00:00:00,1.0,6.629713160981008,10.046053833584685,0.11077876512331974,2024-01-01T00:00:00
180,2024-03-05 07:00:00,7.900000095367432,ok,,2.1864433340665768,8.903489994317717,2024-01-01T00:00:00,1.0,7.286357586852547,11.041072032962209,0.2554598044830728,2024-01-01T00:00:00
180,2024-03-06 07:00:00,9.399999618530273,ok,,2.0484744442004175,7.756059774326348,2024-01-01T00:00:00,1.0,6.347334024838799,9.61816262105657,0.08593393238099445,2024-01-01T00:00:00
180,2024-03-07 07:00:00,8.5,ok,,2.171381452399974,8.770391554299895,2024-01-01T00:00:00,1.0,7.177433689724451,10.87601883869237,0.22701367301131026,2024-01-01T00:00:00
180,2024-03-08 07:00:00,8.0,ok,,2.2278517461857885,9.279909050763344,2024-01-01T00:00:00,1.0,7.594408008599403,11.507863136164243,0.34296951125607156,2024-01-01T00:00:00
180,2024-03-08 14:00:00,10.5,ok,,2.171951384677965,8.77539150821953,2024-01-01T00:00:00,1.0,7.181525506775911,10.882219199609654,0.22801870934563928,2024-01-01T00:00:00
180,2024-03-09 06:30:00,8.5,ok,,2.098826073797531,8.156589056442781,2024-01-01T00:00:00,1.0,6.675115554931854,10.114852419998389,0.12008408902314927,2024-01-01T00:00:00
180,2024-03-10 07:00:00,7.400000095367432,ok,,2.108556753257383,8.23634562351223,2024-01-01T00:00:00,1.0,6.7403860126892825,10.213757231783159,0.1250754983143798,2024-01-01T00:00:00
180,2024-03-11 07:00:00,10.0,ok,,2.2033254838650467,9.055075994675056,2024-01-01T00:00:00,1.0,7.410411166344324,11.229051347837855,0.28771330360476044,2024-01-01T00:00:00
180,2024-03-12 07:00:00,7.699999809265137,ok,,2.164246725543266,8.70803990163618,2024-01-01T00:00:00,1.0,7.126406908346699,10.79869757603316,0.21375143115242,2024-01-01T00:00:00
180,2024-03-13 07:00:00,7.5,ok,,2.0652608974716262,7.88735542032898,2024-01-01T00:00:00,1.0,6.4547825677115975,9.780980200012072,0.08939511264229294,2024-01-01T00:00:00
180,2024-03-14 07:00:00,8.399999618530273,ok,,2.2145779807579142,9.157543636388917,2024-01-01T00:00:00,1.0,7.494267707889851,11.356119791103648,0.30703685580417983,2024-01-01T00:00:00
180,2024-03-15 07:00:00,7.800000190734863,ok,,2.1499096791670507,8.58408304063266,2024-01-01T00:00:00,1.0,7.024964213943511,10.644980704088201,0.18785814597697714,2024-01-01T00:00:00
180,2024-03-16 07:00:00,3.5,abstain,outside_training_support,2.0023749928711263,7.4066259103196845,2024-01-01T00:00:00,1.0,6.061367500730489,9.184835412769011,0.07553308504838396,2024-01-01T00:00:00
180,2024-04-23 03:30:00,2120.0,abstain,too_many_missing_features|outside_training_support,2.2109980876686155,9.124819219116354,2024-01-01T00:00:00,1.0,7.46748699535786,11.315538777526536,0.2990592202798834,2024-01-01T00:00:00
180,2024-04-23 06:24:00,34.0,abstain,too_many_missing_features|outside_training_support,2.2109980876686155,9.124819219116354,2024-01-01T00:00:00,1.0,7.46748699535786,11.315538777526536,0.2990592202798834,2024-01-01T00:00:00
180,2024-04-23 07:00:00,107.0,abstain,too_many_missing_features|outside_training_support,2.2109980876686155,9.124819219116354,2024-01-01T00:00:00,1.0,7.46748699535786,11.315538777526536,0.2990592202798834,2024-01-01T00:00:00
180,2024-04-23 10:21:00,6.800000190734863,ok,,2.214094592610428,9.153118058057231,2024-01-01T00:00:00,1.0,7.49064594313537,11.350631703940204,0.30591115830676685,2024-01-01T00:00:00
180,2024-04-23 13:33:00,5.0,ok,,2.2665464931924326,9.646030592777876,2024-01-01T00:00:00,1.0,7.8940312436533295,11.961884460474321,0.48435792976372316,2024-01-01T00:00:00
180,2024-04-23 23:00:00,3.200000047683716,abstain,outside_training_support,1.7126412502265391,5.543584150948026,2024-01-01T00:00:00,1.0,4.536708241643956,6.874507858207031,0.010000000000000009,2024-01-01T00:00:00
180,2024-04-24 07:00:00,3.799999952316284,ok,,2.1758866639966628,8.809993163870594,2024-01-01T00:00:00,1.0,7.209842496667706,10.925128145736059,0.23628261749803592,2024-01-01T00:00:00
180,2024-04-24 12:00:00,7.599999904632568,ok,,1.9231842539468653,6.842712750414348,2024-01-01T00:00:00,1.0,5.599877350955001,8.485535944490419,0.04065419220200128,2024-01-01T00:00:00
180,2024-04-25 07:00:00,6.800000190734863,ok,,2.306491399787856,10.039139463544442,2024-01-01T00:00:00,1.0,8.215740124642362,12.449372328905703,0.6263990942097792,2024-01-01T00:00:00
180,2024-04-26 07:00:00,5.900000095367432,ok,,2.3442737770600877,10.425698596142679,2024-01-01T00:00:00,1.0,8.532088890168227,12.928737974370618,0.7261243467216087,2024-01-01T00:00:00
180,2024-04-26 13:00:00,6.599999904632568,ok,,2.239630612548051,9.38986214950066,2024-01-01T00:00:00,1.0,7.684390430738798,11.64421417201433,0.40053029606575585,2024-01-01T00:00:00
180,2024-04-26 14:00:00,4.5,ok,,2.2302447936897565,9.302142906680519,2024-01-01T00:00:00,1.0,7.612603550443161,11.535434976522204,0.3532310388106479,2024-01-01T00:00:00
180,2024-04-26 17:00:00,4.300000190734863,ok,,2.417307050100643,11.215615519961172,2024-01-01T00:00:00,1.0,9.178533955476482,13.908301006563844,0.8525865423655976,2024-01-01T00:00:00
180,2024-04-27 07:00:00,3.5,ok,,2.0051799020512004,7.427429986461294,2024-01-01T00:00:00,1.0,6.078392952337512,9.2106342066583,0.07625647084478882,2024-01-01T00:00:00
180,2024-04-27 20:00:00,6.900000095367432,ok,,2.1823163608983176,8.866821247519255,2024-01-01T00:00:00,1.0,7.25634894960964,10.995599720979083,0.2506769790054785,2024-01-01T00:00:00
180,2024-04-28 07:00:00,8.899999618530273,ok,,2.20445376999887,9.065298477218757,2024-01-01T00:00:00,1.0,7.418776949120101,11.241728080915866,0.28883623449560625,2024-01-01T00:00:00
180,2024-04-29 07:00:00,7.5,ok,,2.2962229124351063,9.936580152592809,2024-01-01T00:00:00,1.0,8.13180856365541,12.322190208120412,0.5810736245375401,2024-01-01T00:00:00
180,2024-04-30 07:00:00,6.599999904632568,ok,,2.159044362958694,8.662855156290027,2024-01-01T00:00:00,1.0,7.089429025261183,10.742664713809882,0.200956888157782,2024-01-01T00:00:00
180,2024-05-01 07:00:00,6.099999904632568,ok,,2.186127837869113,8.900681420150885,2024-01-01T00:00:00,1.0,7.284059131336588,11.037589166164391,0.2550941701089706,2024-01-01T00:00:00
180,2024-05-02 07:00:00,7.599999904632568,ok,,2.1774631389138457,8.823892850488935,2024-01-01T00:00:00,1.0,7.221217596444429,10.94236491932559,0.23980513441621643,2024-01-01T00:00:00
180,2024-05-03 07:00:00,8.600000381469727,ok,,2.0200028837947785,7.53834667267535,2024-01-01T00:00:00,1.0,6.169163946478025,9.348180171547174,0.08006341278449425,2024-01-01T00:00:00
180,2024-05-04 00:00:00,4.0,abstain,outside_training_support,1.936982061025464,6.937781543011065,2024-01-01T00:00:00,1.0,5.6776788893014345,8.603429196217215,0.04744086496107758,2024-01-01T00:00:00
180,2024-05-04 03:00:00,2.5999999046325684,abstain,outside_training_support,2.2293220483387146,9.293563356537417,2024-01-01T00:00:00,1.0,7.605582295820888,11.52479561699006,0.3485903101302137,2024-01-01T00:00:00
180,2024-05-04 07:00:00,5.5,abstain,outside_training_support,1.8140211483490383,6.135067915968033,2024-01-01T00:00:00,1.0,5.020761373786989,7.607997182065595,0.02032396706224615,2024-01-01T00:00:00
180,2024-05-04 19:00:00,8.899999618530273,abstain,outside_training_support,1.987604469996619,7.298030155269587,2024-01-01T00:00:00,1.0,5.972495889237215,9.05016759658151,0.07172376867949937,2024-01-01T00:00:00
180,2024-05-05 07:00:00,7.900000095367432,ok,,2.176768600306809,8.817766443999105,2024-01-01T00:00:00,1.0,7.216203923330201,10.934767663036135,0.23825323912949192,2024-01-01T00:00:00
180,2024-05-06 07:00:00,7.5,ok,,2.1957578031866523,8.986808709340972,2024-01-01T00:00:00,1.0,7.354543203023729,11.144394206048574,0.2801815418015473,2024-01-01T00:00:00
180,2024-05-07 07:00:00,6.0,ok,,2.072957281754288,7.948293740178229,2024-01-01T00:00:00,1.0,6.504652718567836,9.856548811809544,0.09247907257177024,2024-01-01T00:00:00
180,2024-05-08 07:00:00,8.300000190734863,ok,,2.081903038936677,8.019716233827467,2024-01-01T00:00:00,1.0,6.563102812722507,9.945118675723391,0.09713547567947145,2024-01-01T00:00:00
180,2024-05-09 07:00:00,7.599999904632568,ok,,2.0861764119162056,8.05406080379736,2024-01-01T00:00:00,1.0,6.591209411160538,9.987708814109652,0.09935983151839534,2024-01-01T00:00:00
180,2024-05-10 07:00:00,7.0,ok,,2.0427185763621662,7.711545152357648,2024-01-01T00:00:00,1.0,6.310904551259954,9.562960767851797,0.08474713634811437,2024-01-01T00:00:00
180,2024-05-11 07:00:00,8.699999809265137,ok,,2.1455848231642527,8.54703828193097,2024-01-01T00:00:00,1.0,6.994647859481221,10.599042105905903,0.18323605408690258,2024-01-01T00:00:00
180,2024-05-12 07:00:00,7.099999904632568,ok,,2.1120684683305466,8.26532016798187,2024-01-01T00:00:00,1.0,6.764097938243945,10.249688089549688,0.12687685322661024,2024-01-01T00:00:00
180,2024-05-13 07:00:00,8.600000381469727,ok,,2.110345138162247,8.251088558788629,2024-01-01T00:00:00,1.0,6.75245120267346,10.232039704214522,0.1259928608754698,2024-01-01T00:00:00
180,2024-05-13 11:02:00,5.699999809265137,ok,,2.1689238097637165,8.748863531009112,2024-01-01T00:00:00,1.0,7.1598157807994305,10.849322289807327,0.22267978942264477,2024-01-01T00:00:00
180,2024-05-14 07:00:00,7.400000095367432,ok,,2.1139291940314475,8.280713979033036,2024-01-01T00:00:00,1.0,6.7766957860558525,10.268777702362891,0.12783132342473247,2024-01-01T00:00:00
180,2024-05-15 07:00:00,6.900000095367432,ok,,2.100590262726003,8.170991521149167,2024-01-01T00:00:00,1.0,6.686902113691367,10.132712680455459,0.12098904011576239,2024-01-01T00:00:00
180,2024-05-16 07:00:00,7.199999809265137,ok,,2.0410778737724202,7.698903173954502,2024-01-01T00:00:00,1.0,6.300558723353213,9.547283657608803,0.08440884169310048,2024-01-01T00:00:00
180,2024-05-17 07:00:00,6.5,ok,,2.1058005729689624,8.21367602515701,2024-01-01T00:00:00,1.0,6.721833871891474,10.185645034368656,0.12366169941609217,2024-01-01T00:00:00
180,2024-05-18 07:00:00,7.599999904632568,ok,,2.1326638363886423,8.43731252243594,2024-01-01T00:00:00,1.0,6.904851485174066,10.462972989724577,0.1671390788491396,2024-01-01T00:00:00
180,2024-05-19 07:00:00,8.899999618530273,ok,,2.1307290099350573,8.421003569554886,2024-01-01T00:00:00,1.0,6.8915047118712005,10.442748524525332,0.1589891273751557,2024-01-01T00:00:00
180,2024-05-20 06:20:00,6.699999809265137,ok,,2.098433034684628,8.153383827847085,2024-01-01T00:00:00,1.0,6.672492488953149,10.11087766854365,0.11968283269766877,2024-01-01T00:00:00
180,2024-05-20 14:00:00,6.900000095367432,ok,,2.2964896381647812,9.939230847673057,2024-01-01T00:00:00,1.0,8.133977815512909,12.325477291650255,0.5829221696853573,2024-01-01T00:00:00
180,2024-05-20 19:00:00,7.0,ok,,2.059199239281264,7.839689580710129,2024-01-01T00:00:00,1.0,6.415774229142994,9.721870573441006,0.08814526603442108,2024-01-01T00:00:00
180,2024-05-21 07:00:00,5.800000190734863,ok,,2.1106479993719827,8.253587871904573,2024-01-01T00:00:00,1.0,6.754496567928646,10.235139061451253,0.12614821531525633,2024-01-01T00:00:00
180,2024-05-22 07:00:00,7.900000095367432,ok,,2.0849184784872805,8.043935701161367,2024-01-01T00:00:00,1.0,6.582923321272582,9.975152840259344,0.09870505797510498,2024-01-01T00:00:00
180,2024-05-23 07:00:00,8.600000381469727,ok,,2.205743123785292,9.076994392601488,2024-01-01T00:00:00,1.0,7.428348546531739,11.256231993911173,0.29020231682861986,2024-01-01T00:00:00
180,2024-05-24 07:00:00,6.300000190734863,ok,,2.1278069212933945,8.396432567479426,2024-01-01T00:00:00,1.0,6.871396517499852,10.412278427517263,0.1460617486057596,2024-01-01T00:00:00
180,2024-05-25 07:00:00,7.0,ok,,2.0766995793631353,7.9780943474278745,2024-01-01T00:00:00,1.0,6.529040669906562,9.893504056492173,0.0944269955771122,2024-01-01T00:00:00
180,2024-05-26 07:00:00,8.5,ok,,2.11893751750073,8.322290500624733,2024-01-01T00:00:00,1.0,6.810720803630751,10.32033606543927,0.13108418526504972,2024-01-01T00:00:00
180,2024-05-27 07:00:00,5.0,ok,,2.1420416926488377,8.516808595265202,2024-01-01T00:00:00,1.0,6.969908762012041,10.561554766871028,0.179438655637831,2024-01-01T00:00:00
180,2024-05-28 07:00:00,5.900000095367432,ok,,2.118816289497953,8.321281667119482,2024-01-01T00:00:00,1.0,6.809895203594187,10.319085027542013,0.13091579293230626,2024-01-01T00:00:00
180,2024-05-29 07:00:00,6.099999904632568,ok,,1.9553809938948086,7.066610846474123,2024-01-01T00:00:00,1.0,5.783109049081033,8.763188304207425,0.056251944727990555,2024-01-01T00:00:00
180,2024-05-30 07:00:00,6.300000190734863,ok,,2.0090224550832323,7.456025184173302,2024-01-01T00:00:00,1.0,6.10179443152482,9.246094642727366,0.07724746488661038,2024-01-01T00:00:00
180,2024-05-31 07:00:00,8.5,ok,,2.159426625859728,8.666167277443495,2024-01-01T00:00:00,1.0,7.092139569004205,10.74677202097378,0.2020022815257585,2024-01-01T00:00:00
180,2024-06-01 07:00:00,7.800000190734863,ok,,2.13976638164339,8.497452236156278,2024-01-01T00:00:00,1.0,6.954068079971946,10.537551263149014,0.1769594555439823,2024-01-01T00:00:00
180,2024-06-02 07:00:00,6.300000190734863,ok,,2.2178623404530056,9.18766974902847,2024-01-01T00:00:00,1.0,7.518922043384546,11.393478689685967,0.31567290090544187,2024-01-01T00:00:00
180,2024-06-03 07:00:00,9.600000381469727,ok,,2.3233965440992894,10.21029519499823,2024-01-01T00:00:00,1.0,8.355809003610892,12.661619746608386,0.6826927835906522,2024-01-01T00:00:00
180,2024-06-04 07:00:00,5.900000095367432,ok,,2.001401890373536,7.399422009782905,2024-01-01T00:00:00,1.0,6.055472037786789,9.175901973769738,0.07528212201178963,2024-01-01T00:00:00
180,2024-06-05 07:00:00,9.699999809265137,ok,,2.1298198629908347,8.41335111902044,2024-01-01T00:00:00,1.0,6.885242168638686,10.433258846024719,0.15284370474360853,2024-01-01T00:00:00
180,2024-06-06 07:00:00,8.399999618530273,ok,,2.167114285250567,8.733046562899206,2024-01-01T00:00:00,1.0,7.146871633542324,10.829707926860214,0.21942632884208357,2024-01-01T00:00:00
180,2024-06-07 05:20:00,9.699999809265137,ok,,2.1648666820185856,8.713440181156706,2024-01-01T00:00:00,1.0,7.130826340241453,10.805394374167633,0.2149783243747394,2024-01-01T00:00:00
180,2024-06-08 07:00:00,9.5,ok,,2.0988482035385005,8.156769561643053,2024-01-01T00:00:00,1.0,6.675263275144525,10.115076261539157,0.12009544060400679,2024-01-01T00:00:00
180,2024-06-09 07:00:00,9.100000381469727,ok,,2.149584598012489,8.581292970531132,2024-01-01T00:00:00,1.0,7.022680901617098,10.641520783878526,0.1875107228564976,2024-01-01T00:00:00
180,2024-06-10 07:00:00,8.300000190734863,ok,,2.182441946396464,8.867934861608028,2024-01-01T00:00:00,1.0,7.257260299032139,10.996980695560838,0.25082252236029634,2024-01-01T00:00:00
180,2024-06-11 07:00:00,8.5,ok,,2.2008198450806167,9.032415646246346,2024-01-01T00:00:00,1.0,7.391866595417684,11.200950621105632,0.28521955746360805,2024-01-01T00:00:00
180,2024-06-12 07:00:00,9.800000190734863,ok,,2.190961962003916,8.943812585731031,2024-01-01T00:00:00,1.0,7.319356424393048,11.091075417773585,0.26361347949365155,2024-01-01T00:00:00
180,2024-06-13 07:00:00,8.800000190734863,ok,,2.1401065174626352,8.500343015635073,2024-01-01T00:00:00,1.0,6.956433809927354,10.54113607140703,0.1773300707051515,2024-01-01T00:00:00
180,2024-06-14 07:00:00,8.800000190734863,ok,,2.2018690271654857,9.041897268029567,2024-01-01T00:00:00,1.0,7.399626079267268,11.21270862489568,0.2862637597611486,2024-01-01T00:00:00
180,2024-06-15 07:00:00,9.300000190734863,ok,,2.183457011851435,8.876940966062445,2024-01-01T00:00:00,1.0,7.264630633312439,11.008149018104138,0.25199890047605444,2024-01-01T00:00:00
180,2024-06-16 07:00:00,9.5,ok,,2.186931009719147,8.907833068530545,2024-01-01T00:00:00,1.0,7.289911832632698,11.046457808119923,0.2560249808098427,2024-01-01T00:00:00
180,2024-06-17 07:00:00,8.800000190734863,ok,,2.1971343911762307,8.999188361159947,2024-01-01T00:00:00,1.0,7.364674350473925,11.159746009393501,0.2815515960201759,2024-01-01T00:00:00
180,2024-06-18 07:00:00,9.5,ok,,2.1786342682202635,8.83423282354376,2024-01-01T00:00:00,1.0,7.2296795300416985,10.955187350461028,0.2425919510674014,2024-01-01T00:00:00
180,2024-06-19 07:00:00,9.399999618530273,ok,,2.1594678463823738,8.666524508750587,2024-01-01T00:00:00,1.0,7.092431916729238,10.747215017663455,0.20211500933921356,2024-01-01T00:00:00
180,2024-06-20 07:00:00,8.899999618530273,ok,,2.1578859617191806,8.652825904209791,2024-01-01T00:00:00,1.0,7.081221376683837,10.730227602662985,0.19880763729550455,2024-01-01T00:00:00
180,2024-06-21 06:30:00,6.800000190734863,ok,,2.212615026875978,9.139585431888845,2024-01-01T00:00:00,1.0,7.479571234968686,11.333850115999335,0.30246559710881393,2024-01-01T00:00:00
180,2024-06-22 07:00:00,7.699999809265137,ok,,2.166200679194967,8.725071642198133,2024-01-01T00:00:00,1.0,7.1403451900924075,10.819818358390558,0.2176183034046404,2024-01-01T00:00:00
180,2024-06-23 07:00:00,9.100000381469727,ok,,2.1673912464350833,8.735465612795704,2024-01-01T00:00:00,1.0,7.148851313710164,10.832707750993851,0.21997443473928135,2024-01-01T00:00:00
180,2024-06-24 07:00:00,8.699999809265137,ok,,2.1701774208215707,8.759838080546325,2024-01-01T00:00:00,1.0,7.1687970333569995,10.862931648839236,0.22489044621629362,2024-01-01T00:00:00
180,2024-06-25 09:00:00,7.599999904632568,ok,,2.173653232859466,8.790338607539061,2024-01-01T00:00:00,1.0,7.193757778682524,10.900754852525097,0.23129218036477384,2024-01-01T00:00:00
180,2024-06-26 07:00:00,8.899999618530273,ok,,2.212917262327907,9.142348156097867,2024-01-01T00:00:00,1.0,7.481832168211002,11.337276125015853,0.30316943251238226,2024-01-01T00:00:00
180,2024-06-27 07:00:00,9.399999618530273,ok,,2.142363987370951,8.519553960109238,2024-01-01T00:00:00,1.0,6.972155488854302,10.564959248823511,0.17978983097315726,2024-01-01T00:00:00
180,2024-06-28 07:00:00,9.300000190734863,ok,,2.182997549742385,8.872863284885995,2024-01-01T00:00:00,1.0,7.2612935774842455,11.003092352501618,0.25146642134629993,2024-01-01T00:00:00
180,2024-06-29 07:00:00,8.300000190734863,ok,,2.198557924512188,9.01200812830668,2024-01-01T00:00:00,1.0,7.375165675524091,11.17564359254384,0.2829683727660517,2024-01-01T00:00:00
180,2024-06-30 07:00:00,8.800000190734863,ok,,2.166097413385916,8.724170687135702,2024-01-01T00:00:00,1.0,7.139607874639843,10.818701098782345,0.21741394047552243,2024-01-01T00:00:00
180,2024-07-01 07:00:00,8.5,ok,,2.171027316553033,8.767286194150936,2024-01-01T00:00:00,1.0,7.1748923531816216,10.872167932461801,0.22638917882628384,2024-01-01T00:00:00
180,2024-07-02 07:00:00,9.699999809265137,ok,,2.1519700136995885,8.60178735549422,2024-01-01T00:00:00,1.0,7.039452910959388,10.666935534812502,0.19008290941297423,2024-01-01T00:00:00
180,2024-07-03 07:00:00,9.300000190734863,ok,,2.1568278147391657,8.643674785079051,2024-01-01T00:00:00,1.0,7.073732366604753,10.718879449796052,0.19724710220801278,2024-01-01T00:00:00
180,2024-07-04 07:00:00,10.100000381469727,ok,,2.20243474619152,9.04701388849385,2024-01-01T00:00:00,1.0,7.403813372829991,11.219053662083068,0.28682679368563746,2024-01-01T00:00:00
180,2024-07-05 07:00:00,10.100000381469727,ok,,2.0073276602236483,7.443399453052442,2024-01-01T00:00:00,1.0,6.091461899921961,9.23043768047288,0.0768103774621931,2024-01-01T00:00:00
180,2024-07-06 07:00:00,8.899999618530273,ok,,2.0793111506148825,7.998956939484736,2024-01-01T00:00:00,1.0,6.5461140092388845,9.919375415009014,0.09578635826097293,2024-01-01T00:00:00
180,2024-07-07 07:00:00,8.800000190734863,ok,,2.069683399080539,7.922314508698749,2024-01-01T00:00:00,1.0,6.483392070157838,9.824332392595391,0.09077496668721707,2024-01-01T00:00:00
180,2024-07-08 07:00:00,7.5,ok,,2.10766344189037,8.228991287689063,2024-01-01T00:00:00,1.0,6.734367437876978,10.204637240450545,0.1246172689917856,2024-01-01T00:00:00
180,2024-07-09 07:00:00,9.399999618530273,ok,,2.1777721659328533,8.826620093166698,2024-01-01T00:00:00,1.0,7.223449492632215,10.945746928276659,0.24053042480430997,2024-01-01T00:00:00
180,2024-07-10 07:00:00,9.300000190734863,ok,,2.161213811327597,8.68166917391979,2024-01-01T00:00:00,1.0,7.10482587078842,10.765995668751396,0.20688978651355905,2024-01-01T00:00:00
180,2024-07-11 07:00:00,10.800000190734863,ok,,2.198556563439452,9.01199586231647,2024-01-01T00:00:00,1.0,7.375155637393998,11.175628381690393,0.28296701815344594,2024-01-01T00:00:00
180,2024-07-11 13:00:00,7.099999904632568,ok,,2.158946011915754,8.66200319734678,2024-01-01T00:00:00,1.0,7.088731806809343,10.741608213486131,0.2006879226689916,2024-01-01T00:00:00
180,2024-07-12 07:00:00,6.5,ok,,2.1445673290162333,8.538346143346189,2024-01-01T00:00:00,1.0,6.987534465748694,10.588263127292315,0.1821486302636084,2024-01-01T00:00:00
180,2024-07-13 07:00:00,8.5,ok,,2.1818986218124032,8.86311800326514,2024-01-01T00:00:00,1.0,7.253318322082213,10.991007388467736,0.25019285345834275,2024-01-01T00:00:00
180,2024-07-14 07:00:00,7.099999904632568,ok,,2.220148122401019,9.20869477884762,2024-01-01T00:00:00,1.0,7.536128317063109,11.419551484609823,0.3214801580119533,2024-01-01T00:00:00
180,2024-07-15 07:00:00,6.800000190734863,ok,,2.250116086433279,9.488837297702784,2024-01-01T00:00:00,1.0,7.765388817042671,11.76695163131065,0.42302397499455446,2024-01-01T00:00:00
180,2024-07-16 07:00:00,6.199999809265137,ok,,2.1882094903885774,8.919228844002292,2024-01-01T00:00:00,1.0,7.299237804259511,11.060589522530263,0.2575066356859619,2024-01-01T00:00:00
180,2024-07-17 07:00:00,8.800000190734863,ok,,2.1856755626996214,8.896656773145551,2024-01-01T00:00:00,1.0,7.280765477133524,11.032598267368359,0.25457002005629625,2024-01-01T00:00:00
180,2024-07-18 07:00:00,6.699999809265137,ok,,2.1779597832040056,8.828276274901366,2024-01-01T00:00:00,1.0,7.2248048636558595,10.947800732104577,0.24097906986364737,2024-01-01T00:00:00
180,2024-07-19 07:00:00,8.600000381469727,ok,,2.122393206127,8.351099494038468,2024-01-01T00:00:00,1.0,6.834297247010114,10.356061626054396,0.1358843259559931,2024-01-01T00:00:00
180,2024-07-20 07:00:00,10.399999618530273,ok,,2.204760925228687,9.068083358729451,2024-01-01T00:00:00,1.0,7.421056015254491,11.245181566839078,0.28914193185863,2024-01-01T00:00:00
180,2024-07-21 07:00:00,7.900000095367432,ok,,2.0984204713350927,8.153281394679613,2024-01-01T00:00:00,1.0,6.672408660624321,10.110750642851325,0.11966544059473916,2024-01-01T00:00:00
180,2024-07-22 07:00:00,8.800000190734863,ok,,2.0571825850997794,7.823895568818423,2024-01-01T00:00:00,1.0,6.402848868588042,9.70228467812388,0.08772945433590151,2024-01-01T00:00:00
180,2024-07-23 07:00:00,8.0,ok,,2.119143874228517,8.324008038466783,2024-01-01T00:00:00,1.0,6.812126386710432,10.322465955970456,0.13137082605738537,2024-01-01T00:00:00
180,2024-07-24 07:00:00,6.599999904632568,ok,,2.127415141309252,8.393143657567888,2024-01-01T00:00:00,1.0,6.868704969162997,10.408199904234104,0.14509272315067656,2024-01-01T00:00:00
180,2024-07-25 07:00:00,7.5,ok,,2.1436151685520457,8.530220136963877,2024-01-01T00:00:00,1.0,6.98088437816592,10.578186199945323,0.1811310303350273,2024-01-01T00:00:00
180,2024-07-26 07:00:00,8.399999618530273,ok,,2.1354936328162575,8.46122221309398,2024-01-01T00:00:00,1.0,6.924418481490867,10.492623005281366,0.17230382856909554,2024-01-01T00:00:00
180,2024-07-27 07:00:00,9.300000190734863,ok,,2.154436902303515,8.623033201488203,2024-01-01T00:00:00,1.0,7.056839894181264,10.69328216025606,0.1937210299161456,2024-01-01T00:00:00
180,2024-07-28 07:00:00,6.599999904632568,ok,,2.096270650439493,8.135772127607328,2024-01-01T00:00:00,1.0,6.658079585053529,10.089037687694095,0.11668933090431721,2024-01-01T00:00:00
180,2024-07-29 07:00:00,7.0,ok,,2.1476034838502516,8.56430927836826,2024-01-01T00:00:00,1.0,7.00878194128551,10.62045958555342,0.1853934519700995,2024-01-01T00:00:00
180,2024-07-30 07:00:00,8.199999809265137,ok,,2.176989741613979,8.819716632022466,2024-01-01T00:00:00,1.0,7.217799900560351,10.937186059244532,0.23874736306849254,2024-01-01T00:00:00
180,2024-07-31 06:00:00,8.100000381469727,ok,,2.114077719959865,8.28194397110533,2024-01-01T00:00:00,1.0,6.77770237583957,10.270302995374825,0.12790751067374728,2024-01-01T00:00:00
180,2024-08-01 07:00:00,7.400000095367432,ok,,2.172754537447804,8.78244231927598,2024-01-01T00:00:00,1.0,7.187295685735781,10.890962794853177,0.22943501396090105,2024-01-01T00:00:00
180,2024-08-02 07:00:00,7.400000095367432,ok,,2.0844812963712003,8.040419804929394,2024-01-01T00:00:00,1.0,6.58004601392448,9.97079283496003,0.09847749801316519,2024-01-01T00:00:00
180,2024-08-03 07:00:00,10.100000381469727,ok,,2.1832027408380243,8.874684104226448,2024-01-01T00:00:00,1.0,7.262783683142148,11.005350320726416,0.2517042210992879,2024-01-01T00:00:00
180,2024-08-03 20:00:00,8.399999618530273,ok,,2.1463358478029106,8.553459729299018,2024-01-01T00:00:00,1.0,6.999902985479972,10.607005237553354,0.18403869465790457,2024-01-01T00:00:00
180,2024-08-04 07:00:00,10.100000381469727,ok,,2.189624713077423,8.931860475206593,2024-01-01T00:00:00,1.0,7.309575164319276,11.076253801381533,0.25914676341558707,2024-01-01T00:00:00
180,2024-08-05 07:00:00,7.400000095367432,ok,,2.142181515887435,8.51799952628348,2024-01-01T00:00:00,1.0,6.9708833853637815,10.563031620910005,0.17959100834276776,2024-01-01T00:00:00
180,2024-08-06 07:00:00,7.0,ok,,2.1130893411378304,8.273762317031869,2024-01-01T00:00:00,1.0,6.771006747802788,10.260157060237985,0.1274005159406545,2024-01-01T00:00:00
180,2024-08-07 07:00:00,8.0,ok,,2.1864875131431787,8.903883350973203,2024-01-01T00:00:00,1.0,7.286679498513354,11.04155982810441,0.25551100443144503,2024-01-01T00:00:00
180,2024-08-08 07:00:00,9.699999809265137,ok,,2.1926706156482285,8.959107526857009,2024-01-01T00:00:00,1.0,7.331873359930108,11.110042423612827,0.2718202689236838,2024-01-01T00:00:00
180,2024-08-09 07:00:00,7.699999809265137,ok,,2.2022314864398957,9.045175181571821,2024-01-01T00:00:00,1.0,7.402308628494919,11.2167735117615,0.28662449867631135,2024-01-01T00:00:00
180,2024-08-10 07:00:00,6.199999809265137,ok,,2.1457442770526662,8.548401249081762,2024-01-01T00:00:00,1.0,6.995763272206584,10.60073229913351,0.18340646681833228,2024-01-01T00:00:00
180,2024-08-11 07:00:00,8.0,ok,,2.161281553201346,8.68225730637727,2024-01-01T00:00:00,1.0,7.10530718130782,10.766725002173695,0.2070750435849611,2024-01-01T00:00:00
180,2024-08-12 07:00:00,7.400000095367432,ok,,2.0867546425440886,8.05871925513277,2024-01-01T00:00:00,1.0,6.595021752416879,9.993485683268728,0.09966080938284527,2024-01-01T00:00:00
180,2024-08-13 07:00:00,8.0,ok,,2.1426181708549197,8.521719765260968,2024-01-01T00:00:00,1.0,6.973927920879162,10.5676450282993,0.18006551162935758,2024-01-01T00:00:00
180,2024-08-14 07:00:00,7.400000095367432,ok,,2.1073399119640572,8.226329393368582,2024-01-01T00:00:00,1.0,6.732189020886583,10.201336268926422,0.1244513124122012,2024-01-01T00:00:00
180,2024-08-15 07:00:00,9.0,ok,,2.142218882235685,8.518317818766851,2024-01-01T00:00:00,1.0,6.971143866686559,10.563426330202507,0.17963172306434516,2024-01-01T00:00:00
180,2024-08-16 07:00:00,8.100000381469727,ok,,2.134551983800274,8.45325846164082,2024-01-01T00:00:00,1.0,6.9179011786290046,10.482747287613009,0.1712777990183183,2024-01-01T00:00:00
180,2024-08-17 07:00:00,6.699999809265137,ok,,2.1936148906434054,8.967571383548936,2024-01-01T00:00:00,1.0,7.338799934392551,11.120538313592135,0.274479305274832,2024-01-01T00:00:00
180,2024-08-18 07:00:00,6.699999809265137,ok,,2.2112922495606075,9.127503788031511,2024-01-01T00:00:00,1.0,7.469683968577899,11.318867867443931,0.2995550112185581,2024-01-01T00:00:00
180,2024-08-19 07:00:00,8.5,ok,,2.166584841013827,8.728424125496694,2024-01-01T00:00:00,1.0,7.143088765042552,10.823975717989136,0.21837855924613336,2024-01-01T00:00:00
180,2024-08-20 07:00:00,8.699999809265137,ok,,2.1944164954841376,8.974762714097212,2024-01-01T00:00:00,1.0,7.344685110422786,11.12945616475466,0.276736588822157,2024-01-01T00:00:00
180,2024-08-21 07:00:00,6.800000190734863,ok,,2.1228148611070647,8.35462151921669,2024-01-01T00:00:00,1.0,6.8371795701097975,10.360429231759516,0.13647002780770534,2024-01-01T00:00:00
180,2024-08-22 07:00:00,9.0,ok,,2.1108478425508332,8.255237459965787,2024-01-01T00:00:00,1.0,6.755846542881466,10.237184688572777,0.12625072604986842,2024-01-01T00:00:00
180,2024-08-23 07:00:00,6.5,ok,,2.0239737134314697,7.568339672191035,2024-01-01T00:00:00,1.0,6.193709346058758,9.385373998726024,0.0808821537619625,2024-01-01T00:00:00
180,2024-08-24 07:00:00,8.300000190734863,ok,,2.147960639674755,8.56736861760777,2024-01-01T00:00:00,1.0,7.01128561565284,10.624253422008366,0.18577515416755097,2024-01-01T00:00:00
180,2024-08-25 07:00:00,7.5,ok,,2.084855784854377,8.0434314134174,2024-01-01T00:00:00,1.0,6.582510626831239,9.97452748129224,0.0986724249826001,2024-01-01T00:00:00
180,2024-08-26 07:00:00,6.099999904632568,ok,,2.1324789301384817,8.435752554844306,2024-01-01T00:00:00,1.0,6.903574853010297,10.461038499478695,0.16639966487873192,2024-01-01T00:00:00
180,2024-08-27 07:00:00,17.299999237060547,ok,,2.228609635469256,9.286944860229989,2024-01-01T00:00:00,1.0,7.600165910693936,11.516588128182093,0.3458668362873655,2024-01-01T00:00:00
180,2024-08-27 11:00:00,8.0,ok,,2.2731534286091186,9.70997229066968,2024-01-01T00:00:00,1.0,7.946359271858845,12.041177512163477,0.4977487250093673,2024-01-01T00:00:00
180,2024-08-28 07:00:00,6.900000095367432,ok,,2.1776959876856865,8.825947722329934,2024-01-01T00:00:00,1.0,7.222899243870128,10.944913132220696,0.2403482614351785,2024-01-01T00:00:00
180,2024-08-29 06:30:00,7.0,ok,,2.0977917527143326,8.148156885952316,2024-01-01T00:00:00,1.0,6.668214911536282,10.104395823558246,0.11879507247076071,2024-01-01T00:00:00
180,2024-08-30 07:00:00,5.800000190734863,ok,,2.2036681245500076,9.058179163721867,2024-01-01T00:00:00,1.0,7.412950709752803,11.232899536918561,0.28805431799647274,2024-01-01T00:00:00
180,2024-08-31 07:00:00,7.0,ok,,2.2198128990575907,9.205608326749543,2024-01-01T00:00:00,1.0,7.5336024543198885,11.415724025943288,0.3208195788073488,2024-01-01T00:00:00
180,2024-09-01 01:00:00,7.099999904632568,ok,,2.2026594891117965,9.049047369311584,2024-01-01T00:00:00,1.0,7.405477514463605,11.221575348320776,0.28705046989693894,2024-01-01T00:00:00
180,2024-09-02 21:00:00,5.900000095367432,abstain,too_many_missing_features|outside_training_support,2.2218685745501947,9.224551534054005,2024-01-01T00:00:00,1.0,7.549105024924255,11.439215186883253,0.3248704198613799,2024-01-01T00:00:00
180,2024-09-03 07:00:00,5.0,abstain,outside_training_support,1.9405711281767575,6.962726444536159,2024-01-01T00:00:00,1.0,5.6980930721215035,8.634362959805367,0.049206205216048904,2024-01-01T00:00:00
180,2024-09-04 07:00:00,12.100000381469727,ok,,2.1072027004288536,8.225200723518459,2024-01-01T00:00:00,1.0,6.7312653502663276,10.199936623941749,0.12438092894776731,2024-01-01T00:00:00
180,2024-09-05 07:00:00,6.099999904632568,ok,,2.2313008306839066,9.311971502481812,2024-01-01T00:00:00,1.0,7.620646987750393,11.54762325710591,0.35939011039386803,2024-01-01T00:00:00
180,2024-09-06 07:00:00,4.0,ok,,2.0196793653615375,7.535908273025463,2024-01-01T00:00:00,1.0,6.1671684310340735,9.345156352101458,0.07999588097924237,2024-01-01T00:00:00
180,2024-09-06 21:00:00,19.5,abstain,outside_training_support,2.172454207700186,8.779805086630292,2024-01-01T00:00:00,1.0,7.185137451143676,10.887692405867814,0.2289054031276634,2024-01-01T00:00:00
180,2024-09-06 23:00:00,7.599999904632568,abstain,outside_training_support,2.2356451507258375,9.352513687259774,2024-01-01T00:00:00,1.0,7.653825534121874,11.597898956050125,0.37680852742757265,2024-01-01T00:00:00
180,2024-09-07 07:00:00,7.199999809265137,ok,,2.120250942376744,8.333228385466292,2024-01-01T00:00:00,1.0,6.819672050866416,10.333899957182952,0.13290860432408325,2024-01-01T00:00:00
180,2024-09-08 07:00:00,7.5,ok,,2.087191922852498,8.062243944956604,2024-01-01T00:00:00,1.0,6.597906256185129,9.997856593357204,0.0998884204553907,2024-01-01T00:00:00
180,2024-09-09 07:00:00,6.900000095367432,ok,,2.129406856280535,8.409877066005162,2024-01-01T00:00:00,1.0,6.882399104563682,10.428950729812705,0.1500519659597005,2024-01-01T00:00:00
180,2024-09-10 08:30:00,6.800000190734863,ok,,2.229896366915354,9.298902355612677,2024-01-01T00:00:00,1.0,7.609951577579281,11.531416422248613,0.35119892681368026,2024-01-01T00:00:00
180,2024-09-11 07:00:00,4.5,ok,,2.0596828295951384,7.843481695496229,2024-01-01T00:00:00,1.0,6.418877585732327,9.726573112842669,0.08824497698716938,2024-01-01T00:00:00
180,2024-09-11 17:00:00,12.0,abstain,outside_training_support,1.8433756204791347,6.317828898867889,2024-01-01T00:00:00,1.0,5.1703276534349545,7.834636081901513,0.026023403463976136,2024-01-01T00:00:00
180,2024-09-12 07:00:00,6.099999904632568,ok,,2.1523412534753534,8.604981273921352,2024-01-01T00:00:00,1.0,7.042066721024672,10.670896260712553,0.19063040678989407,2024-01-01T00:00:00
180,2024-09-13 08:00:00,7.199999809265137,ok,,2.153148200834045,8.611927843212856,2024-01-01T00:00:00,1.0,7.047751591552077,10.679510587451665,0.1918204774424408,2024-01-01T00:00:00
180,2024-09-13 19:00:00,7.5,ok,,2.118401994707212,8.317834917507012,2024-01-01T00:00:00,1.0,6.807074483830944,10.314810769832377,0.1303403147865141,2024-01-01T00:00:00
180,2024-09-14 07:00:00,4.5,ok,,2.042612598012208,7.710727938831007,2024-01-01T00:00:00,1.0,6.310235767447795,9.561947354749774,0.08472528478917718,2024-01-01T00:00:00
180,2024-09-14 15:30:00,3.299999952316284,ok,,1.809434737286689,6.106994400162605,2024-01-01T00:00:00,1.0,4.997786823918447,7.573183675179635,0.01926390236383735,2024-01-01T00:00:00
180,2024-09-15 07:00:00,5.300000190734863,abstain,outside_training_support,1.9075416180097158,6.736507516563614,2024-01-01T00:00:00,1.0,5.51296207257252,8.353832574466763,0.03753220070492169,2024-01-01T00:00:00
180,2024-09-16 07:00:00,6.699999809265137,ok,,2.04981159429684,7.766437727295564,2024-01-01T00:00:00,1.0,6.355827040094783,9.631032150461435,0.08620963788264846,2024-01-01T00:00:00
180,2024-09-16 15:00:00,5.300000190734863,abstain,outside_training_support,2.0314059922137355,7.624799234260105,2024-01-01T00:00:00,1.0,6.239914211644599,9.45538857639747,0.08241460711598747,2024-01-01T00:00:00
180,2024-09-17 07:00:00,4.900000095367432,ok,,2.0142235887430555,7.494905992217328,2024-01-01T00:00:00,1.0,6.133613355436158,9.294310095610207,0.07858883673616879,2024-01-01T00:00:00
180,2024-09-18 07:00:00,6.699999809265137,ok,,2.2866312808420832,9.841727758281374,2024-01-01T00:00:00,1.0,8.054184119379812,12.204565308360895,0.5401054407822431,2024-01-01T00:00:00
180,2024-09-19 07:00:00,4.699999809265137,ok,,2.118178948688592,8.315979864433915,2024-01-01T00:00:00,1.0,6.805556362280653,10.312510348916746,0.13003049165552016,2024-01-01T00:00:00
180,2024-09-20 07:00:00,6.900000095367432,ok,,2.2093810638826192,9.110076092601739,2024-01-01T00:00:00,1.0,7.455421648869883,11.297256067943795,0.2963338307493455,2024-01-01T00:00:00
180,2024-09-21 09:00:00,5.699999809265137,ok,,2.180537523261979,8.851062632333742,2024-01-01T00:00:00,1.0,7.243452556690847,10.976057720537229,0.24714316304207784,2024-01-01T00:00:00
180,2024-09-22 07:00:00,3.799999952316284,abstain,outside_training_support,1.8606565087371632,6.427955395375033,2024-01-01T00:00:00,1.0,5.2604519792724,7.971202145484349,0.02937864429935999,2024-01-01T00:00:00
180,2024-09-23 07:00:00,4.900000095367432,abstain,outside_training_support,1.8386435509725945,6.288003117878466,2024-01-01T00:00:00,1.0,5.145919100638829,7.797649619676728,0.025104629347324936,2024-01-01T00:00:00
180,2024-09-24 07:00:00,6.800000190734863,ok,,2.239742920498453,9.390916764892967,2024-01-01T00:00:00,1.0,7.685253497341878,11.64552198327946,0.40071370987675925,2024-01-01T00:00:00
180,2024-09-25 07:00:00,9.199999809265137,ok,,2.259043785448453,9.573930057189157,2024-01-01T00:00:00,1.0,7.835026259670837,11.872473767862967,0.4380797978306322,2024-01-01T00:00:00
180,2024-09-26 07:00:00,6.699999809265137,ok,,2.2363652709164183,9.359251046761809,2024-01-01T00:00:00,1.0,7.659339193434606,11.60625384515781,0.3798692763424705,2024-01-01T00:00:00
180,2024-09-27 07:00:00,7.599999904632568,ok,,2.1115856852127273,8.26133077402491,2024-01-01T00:00:00,1.0,6.760833134111657,10.244740907481223,0.12662920678528256,2024-01-01T00:00:00
180,2024-09-28 01:31:00,6.099999904632568,abstain,outside_training_support,1.5239668631447862,4.590398608649158,2024-01-01T00:00:00,1.0,3.7566488815233705,5.692478087856688,0.010000000000000009,2024-01-01T00:00:00
180,2024-09-28 07:00:00,4.900000095367432,ok,,2.221243283186038,9.218785304616155,2024-01-01T00:00:00,1.0,7.5443861102471095,11.432064580253435,0.3236382429259783,2024-01-01T00:00:00
180,2024-09-29 07:00:00,6.199999809265137,ok,,2.0224736601711535,7.556995270321316,2024-01-01T00:00:00,1.0,6.184425417095566,9.371305991877657,0.08057285943685288,2024-01-01T00:00:00
180,2024-09-30 07:00:00,8.899999618530273,ok,,2.2012435605356706,9.036243631283071,2024-01-01T00:00:00,1.0,7.394999307178185,11.20569764261726,0.28564126181602845,2024-01-01T00:00:00
180,2024-10-01 07:00:00,7.800000190734863,ok,,2.2479647513535594,9.468445571741004,2024-01-01T00:00:00,1.0,7.748700820845061,11.74166418612184,0.4191431547697474,2024-01-01T00:00:00
180,2024-10-02 07:00:00,9.5,ok,,2.133164743026153,8.441539886950263,2024-01-01T00:00:00,1.0,6.90831103749804,10.468215275181404,0.16914213372329046,2024-01-01T00:00:00
180,2024-10-03 07:00:00,9.399999618530273,ok,,2.184663085936413,8.887653673376256,2024-01-01T00:00:00,1.0,7.273397601800249,11.021433670885836,0.25339664202326506,2024-01-01T00:00:00
180,2024-10-04 07:00:00,7.300000190734863,ok,,2.133832937041825,8.447182358308638,2024-01-01T00:00:00,1.0,6.912928672157813,10.475212411444994,0.1704943189636089,2024-01-01T00:00:00
180,2024-10-05 07:00:00,10.0,ok,,2.1314414723969914,8.427005356259997,2024-01-01T00:00:00,1.0,6.896416399773512,10.450191241862004,0.16225101794495334,2024-01-01T00:00:00
180,2024-10-06 07:00:00,7.800000190734863,ok,,2.1708907112287648,8.766088617976932,2024-01-01T00:00:00,1.0,7.173912291627461,10.87068283787411,0.22614828474175064,2024-01-01T00:00:00
180,2024-10-07 07:00:00,8.0,ok,,2.0749964549384226,7.964518224277185,2024-01-01T00:00:00,1.0,6.517930365073042,9.876668528656369,0.0935404933277949,2024-01-01T00:00:00
180,2024-10-08 07:00:00,7.699999809265137,ok,,2.0683064783675618,7.911413616311518,2024-01-01T00:00:00,1.0,6.474471096472255,9.810814374588094,0.09005825844707072,2024-01-01T00:00:00
180,2024-10-09 07:00:00,9.5,ok,,2.1452980595686926,8.5445876538941,2024-01-01T00:00:00,1.0,6.992642336680567,10.596003122237889,0.1829295819896698,2024-01-01T00:00:00
180,2024-10-10 07:00:00,9.199999809265137,ok,,2.1480297227737464,8.567960498426322,2024-01-01T00:00:00,1.0,7.011769993722061,10.624987403711804,0.18584898516478732,2024-01-01T00:00:00
180,2024-10-11 07:00:00,7.800000190734863,ok,,2.2010191777737242,9.034216281439148,2024-01-01T00:00:00,1.0,7.393340182955448,11.203183559299701,0.2854179440536192,2024-01-01T00:00:00
180,2024-10-12 07:00:00,8.699999809265137,ok,,2.165309254837592,8.717297366420643,2024-01-01T00:00:00,1.0,7.1339829486197095,10.810177606402497,0.21585417552500252,2024-01-01T00:00:00
180,2024-10-13 07:00:00,8.0,ok,,2.176023813718371,8.81120153484325,2024-01-01T00:00:00,1.0,7.210831392371521,10.926626626776656,0.2365890684347276,2024-01-01T00:00:00
180,2024-10-14 07:00:00,9.0,ok,,2.155137310289919,8.629074958409959,2024-01-01T00:00:00,1.0,7.061784292547842,10.70077444400337,0.19475397832405716,2024-01-01T00:00:00
180,2024-10-15 07:00:00,9.199999809265137,ok,,2.14653643032863,8.555175575933832,2024-01-01T00:00:00,1.0,7.0013071845247765,10.609133030846161,0.18425306268884423,2024-01-01T00:00:00
180,2024-10-16 07:00:00,9.699999809265137,ok,,2.192609967485487,8.958564189922061,2024-01-01T00:00:00,1.0,7.331428708765148,11.109368640383916,0.2716494863972121,2024-01-01T00:00:00
180,2024-10-17 07:00:00,5.300000190734863,ok,,2.2363257553482327,9.35888121794595,2024-01-01T00:00:00,1.0,7.659036536274326,11.60579522650396,0.37970132211201335,2024-01-01T00:00:00
180,2024-10-18 07:00:00,12.0,ok,,2.051819496140355,7.782047638265754,2024-01-01T00:00:00,1.0,6.368601737803246,9.650389745242807,0.08662364494626806,2024-01-01T00:00:00
180,2024-10-18 11:00:00,5.599999904632568,ok,,2.2048507129840815,9.06889759813378,2024-01-01T00:00:00,1.0,7.421722365131341,11.24619129178076,0.28923129344974596,2024-01-01T00:00:00
180,2024-10-19 07:00:00,9.699999809265137,ok,,2.1573886113178093,8.648523487766296,2024-01-01T00:00:00,1.0,7.077700404041102,10.72489224653873,0.1980741543609249,2024-01-01T00:00:00
180,2024-10-20 07:00:00,8.100000381469727,ok,,2.0350695737615663,7.652784539964288,2024-01-01T00:00:00,1.0,6.262816572928568,9.490092695382447,0.08316999694933347,2024-01-01T00:00:00
180,2024-10-21 07:00:00,7.599999904632568,ok,,2.192570231700779,8.958208221416509,2024-01-01T00:00:00,1.0,7.331137394480214,11.108927209673736,0.27153759219634954,2024-01-01T00:00:00
180,2024-10-22 07:00:00,6.699999809265137,ok,,2.1386845737102336,8.48826459544292,2024-01-01T00:00:00,1.0,6.9465491816905125,10.52615782046599,0.17578070752976083,2024-01-01T00:00:00
180,2024-10-23 07:00:00,6.0,ok,,2.0772926249581043,7.982827124374412,2024-01-01T00:00:00,1.0,6.532913837084074,9.899373095623572,0.09473568485797701,2024-01-01T00:00:00
180,2024-10-24 07:00:00,9.600000381469727,ok,,2.177355852098213,8.82294621390524,2024-01-01T00:00:00,1.0,7.220442896561799,10.941191010811481,0.23956540994039677,2024-01-01T00:00:00
180,2024-10-25 07:00:00,7.800000190734863,ok,,2.1980377734320267,9.00732174146457,2024-01-01T00:00:00,1.0,7.371330472660526,11.169832081020711,0.28245069050593163,2024-01-01T00:00:00
180,2024-10-26 07:00:00,5.400000095367432,ok,,2.2489470469195965,9.477750953412732,2024-01-01T00:00:00,1.0,7.756316074906741,11.753203637437823,0.4211766995281476,2024-01-01T00:00:00
180,2024-10-27 07:00:00,9.100000381469727,ok,,2.195298731118665,8.982684063309499,2024-01-01T00:00:00,1.0,7.351167712522399,11.139279300098993,0.27922092509545504,2024-01-01T00:00:00
180,2024-10-28 07:00:00,10.699999809265137,ok,,2.24079463346209,9.400798509263518,2024-01-01T00:00:00,1.0,7.693340429894357,11.657776172532913,0.40243129694028834,2024-01-01T00:00:00
180,2024-10-28 13:34:18,7.400000095367432,ok,,2.207173907336368,9.089990902250605,2024-01-01T00:00:00,1.0,7.438984512511919,11.272348752542289,0.29261381042836687,2024-01-01T00:00:00
180,2024-10-29 07:00:00,9.399999618530273,ok,,2.1329051597140354,8.439348888452663,2024-01-01T00:00:00,1.0,6.906517987970724,10.465498253850269,0.16810409673266624,2024-01-01T00:00:00
180,2024-10-30 07:00:00,11.0,ok,,2.208965810004435,9.106293883516578,2024-01-01T00:00:00,1.0,7.452326398818463,11.292565812439536,0.29563394706060864,2024-01-01T00:00:00
180,2024-10-31 07:00:00,10.199999809265137,ok,,2.173335171848676,8.787543188136885,2024-01-01T00:00:00,1.0,7.191470088643845,10.897288298735353,0.23058149649704418,2024-01-01T00:00:00
180,2024-10-31 13:30:00,11.600000381469727,ok,,2.168252147239191,8.742989220241187,2024-01-01T00:00:00,1.0,7.155008415501246,10.842037653291301,0.22149535880233484,2024-01-01T00:00:00
180,2024-10-31 20:00:00,9.800000190734863,ok,,2.1358895454888613,8.464572781416324,2024-01-01T00:00:00,1.0,6.9271604892801015,10.49677799014932,0.17273521870992703,2024-01-01T00:00:00
180,2024-11-01 01:00:00,8.399999618530273,ok,,2.1523296114694053,8.604881095261318,2024-01-01T00:00:00,1.0,7.041984737719244,10.670772030797957,0.190613237380432,2024-01-01T00:00:00
180,2024-11-01 07:00:00,7.300000190734863,ok,,2.0652273074348595,7.887090488219983,2024-01-01T00:00:00,1.0,6.454565754969221,9.780651662045372,0.08938818674970839,2024-01-01T00:00:00
180,2024-11-01 17:00:00,8.399999618530273,ok,,2.084087127010809,8.037251142333487,2024-01-01T00:00:00,1.0,6.577452872497847,9.966863428402387,0.0982723268468495,2024-01-01T00:00:00
180,2024-11-02 07:00:00,9.600000381469727,ok,,2.203755072097357,9.058966784423953,2024-01-01T00:00:00,1.0,7.413595275656944,11.233876252443814,0.2881408528601701,2024-01-01T00:00:00
180,2024-11-03 07:00:00,9.300000190734863,ok,,2.2335648047643146,9.333077447241855,2024-01-01T00:00:00,1.0,7.6379194798662,11.57379639332194,0.3681861698772827,2024-01-01T00:00:00
180,2024-11-04 07:00:00,9.600000381469727,ok,,2.244612776896087,9.43676071711114,2024-01-01T00:00:00,1.0,7.722770856183116,11.70237231714175,0.40866683267644,2024-01-01T00:00:00
180,2024-11-05 07:00:00,9.600000381469727,ok,,2.133920671129375,8.447923496656287,2024-01-01T00:00:00,1.0,6.913535198253281,10.476131484964254,0.170589914843718,2024-01-01T00:00:00
180,2024-11-06 07:00:00,5.699999809265137,ok,,2.089872502835145,8.083884426253002,2024-01-01T00:00:00,1.0,6.615616197475319,10.02469259957207,0.10611620950478307,2024-01-01T00:00:00
180,2024-11-07 07:00:00,7.800000190734863,ok,,2.1749999666738864,8.802184828844991,2024-01-01T00:00:00,1.0,7.20345238209569,10.915445157432572,0.23430135773504113,2024-01-01T00:00:00
180,2024-11-08 07:00:00,10.600000381469727,ok,,2.197024309975857,8.99819777422626,2024-01-01T00:00:00,1.0,7.363863682901512,11.158517598770619,0.28144203730391104,2024-01-01T00:00:00
180,2024-11-08 13:00:00,7.300000190734863,ok,,2.1469978958065945,8.559124405174163,2024-01-01T00:00:00,1.0,7.004538791671281,10.614029909274304,0.18474624346570012,2024-01-01T00:00:00
180,2024-11-09 07:00:00,9.699999809265137,ok,,2.1694696740801778,8.753640527097517,2024-01-01T00:00:00,1.0,7.163725135638187,10.855246164371898,0.22364238356381416,2024-01-01T00:00:00
180,2024-11-10 07:00:00,13.5,ok,,2.433575637336401,11.399570022178859,2024-01-01T00:00:00,1.0,9.329076976665357,14.136419970146598,0.8615909375394768,2024-01-01T00:00:00
180,2024-11-12 07:00:00,8.199999809265137,ok,,2.2488094968856496,9.47644737810282,2024-01-01T00:00:00,1.0,7.755249266738766,11.751587095058786,0.4209593477618988,2024-01-01T00:00:00
180,2024-11-13 07:00:00,5.699999809265137,ok,,2.2268742163059265,9.270842094716054,2024-01-01T00:00:00,1.0,7.586987875143084,11.496619352557847,0.33922883217035726,2024-01-01T00:00:00
180,2024-11-14 07:00:00,6.400000095367432,ok,,2.1784900201783954,8.832958594662276,2024-01-01T00:00:00,1.0,7.228636738138309,10.953607200106962,0.2422470138934103,2024-01-01T00:00:00
180,2024-11-15 07:00:00,8.699999809265137,ok,,2.292228408096487,9.896967608972595,2024-01-01T00:00:00,1.0,8.099390808603639,12.273067341941108,0.5599461982977018,2024-01-01T00:00:00
180,2024-11-16 07:00:00,8.5,ok,,2.2280500300509596,9.281749289437155,2024-01-01T00:00:00,1.0,7.595914006475639,11.510145185986094,0.3437275280513922,2024-01-01T00:00:00
180,2024-11-17 07:00:00,7.199999809265137,ok,,2.1530038604497532,8.610684883945241,2024-01-01T00:00:00,1.0,7.046734389792373,10.677969214033316,0.19160760698258672,2024-01-01T00:00:00
180,2024-11-18 07:00:00,7.699999809265137,ok,,2.252649635018653,9.512908207549355,2024-01-01T00:00:00,1.0,7.785087750460345,11.796801572141105,0.4270274001054547,2024-01-01T00:00:00
180,2024-11-19 08:00:00,5.900000095367432,ok,,2.1966784615179082,8.995086299482113,2024-01-01T00:00:00,1.0,7.361317342351593,11.154659109930758,0.28109783036443037,2024-01-01T00:00:00
180,2024-11-20 07:00:00,7.099999904632568,ok,,2.1927702588794244,8.96000028575757,2024-01-01T00:00:00,1.0,7.332603967881875,11.111149519295019,0.2721008598270215,2024-01-01T00:00:00
180,2024-11-21 07:00:00,8.5,ok,,2.161543351534346,8.684530604426595,2024-01-01T00:00:00,1.0,7.1071675823976665,10.769544081830212,0.20779099650721822,2024-01-01T00:00:00
180,2024-11-22 07:00:00,8.0,ok,,2.171988659771527,8.775718617855524,2024-01-01T00:00:00,1.0,7.181793203800279,10.882624842908632,0.2280844414068719,2024-01-01T00:00:00
180,2024-11-23 07:00:00,7.099999904632568,ok,,2.1728532817894552,8.783309578578656,2024-01-01T00:00:00,1.0,7.188005425557341,10.892038268901919,0.22960914280918965,2024-01-01T00:00:00
180,2024-11-24 07:00:00,7.5,ok,,2.110126109372374,8.249281530749268,2024-01-01T00:00:00,1.0,6.750972383415769,10.229798838356201,0.12588050876878187,2024-01-01T00:00:00
180,2024-11-25 07:00:00,7.199999809265137,ok,,2.12806377620507,8.398589509423642,2024-01-01T00:00:00,1.0,6.873161696133137,10.414953215874663,0.14669705147408085,2024-01-01T00:00:00
180,2024-11-26 07:00:00,7.300000190734863,ok,,2.2080750917845062,9.098186352937134,2024-01-01T00:00:00,1.0,7.445691431296079,11.2825117966329,0.29413269882154325,2024-01-01T00:00:00
180,2024-11-27 07:00:00,8.100000381469727,ok,,2.1373913706675247,8.477294640559116,2024-01-01T00:00:00,1.0,6.937571689263828,10.512554159188475,0.17437162143244356,2024-01-01T00:00:00
180,2024-11-28 07:00:00,8.899999618530273,ok,,2.1111811594013723,8.257989528346299,2024-01-01T00:00:00,1.0,6.758098755703255,10.240597483470983,0.1264217028898279,2024-01-01T00:00:00
180,2024-11-29 07:00:00,7.800000190734863,ok,,2.199960092045839,9.024653336795806,2024-01-01T00:00:00,1.0,7.385514146839371,11.191324708363522,0.2843638851192367,2024-01-01T00:00:00
180,2024-11-30 07:00:00,6.5,ok,,2.0837692094614835,8.034696365272755,2024-01-01T00:00:00,1.0,6.575362117161337,9.963695291236656,0.09810684591164309,2024-01-01T00:00:00
180,2024-12-01 07:00:00,6.0,ok,,2.1721137775813437,8.77681668524102,2024-01-01T00:00:00,1.0,7.182691830252409,10.883986538278428,0.228305078050546,2024-01-01T00:00:00
180,2024-12-02 07:00:00,6.900000095367432,ok,,2.1852273892962533,8.892670421556037,2024-01-01T00:00:00,1.0,7.27750316278638,11.027654858089905,0.2540506236161897,2024-01-01T00:00:00
180,2024-12-03 07:00:00,7.0,ok,,2.136273198031359,8.467820859311901,2024-01-01T00:00:00,1.0,6.9298186218811635,10.500805878318637,0.1731532500986418,2024-01-01T00:00:00
180,2024-12-04 07:00:00,7.300000190734863,ok,,2.143232571450726,8.526957123715365,2024-01-01T00:00:00,1.0,6.978214022905851,10.574139790689589,0.18072213834925221,2024-01-01T00:00:00
180,2024-12-05 07:00:00,6.5,ok,,2.1563275022219046,8.639351328018968,2024-01-01T00:00:00,1.0,7.070194174932581,10.713518001547977,0.1965092508011257,2024-01-01T00:00:00
180,2024-12-06 07:00:00,7.900000095367432,ok,,2.243585486870815,9.427071404674697,2024-01-01T00:00:00,1.0,7.714841404335838,11.690356759576243,0.4069891315175631,2024-01-01T00:00:00
180,2024-12-07 07:00:00,6.5,ok,,2.1095504036716686,8.244533739141772,2024-01-01T00:00:00,1.0,6.747086928675869,10.223911179789805,0.12558519714173966,2024-01-01T00:00:00
180,2024-12-07 13:39:56,9.300000190734863,ok,,2.310320056098629,10.077649552111062,2024-01-01T00:00:00,1.0,8.24725566250188,12.497128058639905,0.6447659984827954,2024-01-01T00:00:00
180,2024-12-08 07:00:00,8.5,ok,,2.165350329619461,8.717655434862198,2024-01-01T00:00:00,1.0,7.13427598143127,10.810621641208902,0.21593546247576378,2024-01-01T00:00:00
180,2024-12-09 07:00:00,5.0,ok,,2.0646368432007915,7.8824348180144685,2024-01-01T00:00:00,1.0,6.450755689708802,9.774878241719902,0.08926643958138514,2024-01-01T00:00:00
180,2024-12-10 07:00:00,7.900000095367432,ok,,2.1101612401016934,8.249571339116365,2024-01-01T00:00:00,1.0,6.75120955416518,10.230158224962903,0.12589852928312062,2024-01-01T00:00:00
180,2024-12-10 13:00:00,7.300000190734863,ok,,2.05085704842144,7.774561427388983,2024-01-01T00:00:00,1.0,6.36247524027772,9.641106217817368,0.0864251989140169,2024-01-01T00:00:00
180,2024-12-11 07:00:00,8.0,ok,,2.1595729892546887,8.66743577993642,2024-01-01T00:00:00,1.0,7.093177674597536,10.748345070127238,0.20240254878159913,2024-01-01T00:00:00
180,2024-12-12 07:00:00,5.300000190734863,ok,,2.159629069315202,8.667921863889136,2024-01-01T00:00:00,1.0,7.093575471584893,10.748947854871131,0.20255591371232506,2024-01-01T00:00:00
180,2024-12-13 07:00:00,7.5,ok,,2.167632027358402,8.737569199513183,2024-01-01T00:00:00,1.0,7.1505728279757275,10.83531637440895,0.22040182008571796,2024-01-01T00:00:00
180,2024-12-14 07:00:00,9.600000381469727,ok,,2.0794895612583235,8.000384165851568,2024-01-01T00:00:00,1.0,6.547282009840083,9.921145295037363,0.09587922372307167,2024-01-01T00:00:00
180,2024-12-15 07:00:00,8.5,ok,,2.1223667685953664,8.350878714499865,2024-01-01T00:00:00,1.0,6.834116567448824,10.355787840966675,0.13584760277717478,2024-01-01T00:00:00
180,2024-12-16 07:00:00,6.099999904632568,ok,,2.0477261686089325,7.75025827494201,2024-01-01T00:00:00,1.0,6.342586246261952,9.610968276744108,0.0857796462631698,2024-01-01T00:00:00
180,2024-12-17 07:00:00,11.300000190734863,ok,,2.0002339247801437,7.3907847844373675,2024-01-01T00:00:00,1.0,6.048403583454165,9.165191092164227,0.07498090380231903,2024-01-01T00:00:00
180,2024-12-17 14:00:00,7.400000095367432,ok,,2.203609549735832,9.057648598099627,2024-01-01T00:00:00,1.0,7.412516510259188,11.232241591185247,0.2879960211989748,2024-01-01T00:00:00
180,2024-12-18 07:00:00,8.0,ok,,2.123119884340189,8.357170261577068,2024-01-01T00:00:00,1.0,6.839265386822831,10.363589885392233,0.13689372177766335,2024-01-01T00:00:00
180,2024-12-19 07:00:00,8.5,ok,,2.2619762587494234,9.602046556760628,2024-01-01T00:00:00,1.0,7.858035986204935,11.907340578212784,0.4537859807251253,2024-01-01T00:00:00
180,2024-12-20 07:00:00,11.300000190734863,ok,,2.2009135472301047,9.03326204266143,2024-01-01T00:00:00,1.0,7.392559261658055,11.202000223429367,0.2853128148697256,2024-01-01T00:00:00
180,2024-12-20 20:41:32,13.100000381469727,ok,,2.2462824241352397,9.452529939444924,2024-01-01T00:00:00,1.0,7.735675929683942,11.721927471334347,0.41307694619797664,2024-01-01T00:00:00
180,2024-12-22 07:00:00,9.699999809265137,ok,,2.1851730508068217,8.892187220406646,2024-01-01T00:00:00,1.0,7.277107725001524,11.027055648263168,0.25398764973652743,2024-01-01T00:00:00
180,2024-12-23 07:00:00,7.099999904632568,ok,,2.05350071708747,7.795141983926491,2024-01-01T00:00:00,1.0,6.379317769933442,9.666627828708613,0.08697029403663992,2024-01-01T00:00:00
180,2024-12-24 07:00:00,8.699999809265137,ok,,2.1447169630627387,8.53962386622312,2024-01-01T00:00:00,1.0,6.9885801170364665,10.589847610492876,0.1823085482614295,2024-01-01T00:00:00
180,2024-12-25 07:00:00,8.5,ok,,2.216650043468425,9.176538313362633,2024-01-01T00:00:00,1.0,7.509812399776468,11.379674778736979,0.3122547037348049,2024-01-01T00:00:00
180,2024-12-26 07:00:00,7.699999809265137,ok,,2.1290393899360427,8.406787286951763,2024-01-01T00:00:00,1.0,6.879870519136867,10.425119145443398,0.14911012661294987,2024-01-01T00:00:00
180,2024-12-27 07:00:00,8.300000190734863,ok,,2.199530099143085,9.020773634093262,2024-01-01T00:00:00,1.0,7.382339110843435,11.186513552622054,0.28393593311409193,2024-01-01T00:00:00
180,2024-12-28 07:00:00,9.300000190734863,ok,,2.182654320701073,8.869818383106285,2024-01-01T00:00:00,1.0,7.258801718314643,10.999316419703971,0.251068646866916,2024-01-01T00:00:00
180,2024-12-29 07:00:00,8.100000381469727,ok,,2.12264799219158,8.353227508896225,2024-01-01T00:00:00,1.0,6.836038752556101,10.358700542405929,0.13623823774850208,2024-01-01T00:00:00
180,2024-12-30 07:00:00,6.400000095367432,ok,,2.1846182026985974,8.887254775654787,2024-01-01T00:00:00,1.0,7.273071155491998,11.020939004358516,0.2533446260094482,2024-01-01T00:00:00
180,2024-12-31 01:50:00,2.0999999046325684,abstain,outside_training_support,2.2807927784006305,9.784434223709546,2024-01-01T00:00:00,1.0,8.007296754922564,12.133516535055787,0.5158451096628761,2024-01-01T00:00:00
180,2024-12-31 07:00:00,2.700000047683716,ok,,1.9325880300585363,6.907363593716089,2024-01-01T00:00:00,1.0,5.652785723165077,8.565708395781076,0.04527959033997919,2024-01-01T00:00:00
0,2025-01-01 10:00:00,3.5,ok,,1.2018231498229333,3.3261755144984346,2025-01-01T00:00:00,10.0,2.724358376528621,3.801124457907887,0.010000000000000009,2025-01-01T00:00:00
0,2025-01-02 10:00:00,7.099999904632568,ok,,1.9407853968804543,6.964218498750178,2025-01-01T00:00:00,10.0,5.704156897416952,7.958648348659265,0.018152806819379808,2025-01-01T00:00:00
0,2025-01-03 10:00:00,7.699999809265137,ok,,2.061398174012764,7.8569475139938145,2025-01-01T00:00:00,10.0,6.435361176940937,8.978851305278742,0.039478420891137844,2025-01-01T00:00:00
0,2025-01-04 10:00:00,5.400000095367432,ok,,1.8405264972610544,6.299854244026596,2025-01-01T00:00:00,10.0,5.159998504532109,7.199418654801588,0.010000000000000009,2025-01-01T00:00:00
0,2025-01-05 10:00:00,5.300000190734863,ok,,1.6133424807017098,5.019561005126311,2025-01-01T00:00:00,10.0,4.111353418123638,5.7363106731375995,0.010000000000000009,2025-01-01T00:00:00
0,2025-01-06 10:00:00,4.800000190734863,ok,,1.622150928807983,5.063970851528261,2025-01-01T00:00:00,10.0,4.147728028097804,5.787061859475954,0.010000000000000009,2025-01-01T00:00:00
0,2025-01-07 10:00:00,5.099999904632568,ok,,1.5981878940578045,4.944065132202561,2025-01-01T00:00:00,10.0,4.04951729044588,5.650034645973457,0.010000000000000009,2025-01-01T00:00:00
0,2025-01-08 10:00:00,3.5999999046325684,ok,,1.4605946867541604,4.308520986997941,2025-01-01T00:00:00,10.0,3.5289644789376693,4.923740322692166,0.010000000000000009,2025-01-01T00:00:00
0,2025-01-09 10:00:00,3.9000000953674316,ok,,1.3872551978295853,4.003845193844653,2025-01-01T00:00:00,10.0,3.2794147947479506,4.575559475337789,0.010000000000000009,2025-01-01T00:00:00
0,2025-01-10 10:00:00,3.5,ok,,1.363426269130108,3.9095656041015756,2025-01-01T00:00:00,10.0,3.202193557043371,4.467817579911091,0.010000000000000009,2025-01-01T00:00:00
0,2025-01-11 10:00:00,3.5999999046325684,ok,,1.4160138784292107,4.120662199290512,2025-01-01T00:00:00,10.0,3.375095670853313,4.70905693347381,0.010000000000000009,2025-01-01T00:00:00
0,2025-01-12 10:00:00,4.199999809265137,ok,,1.280237217397274,3.5974930122871394,2025-01-01T00:00:00,10.0,2.9465854041095465,4.111183735359615,0.010000000000000009,2025-01-01T00:00:00
0,2025-01-13 10:00:00,6.0,ok,,1.6827404394446819,5.380280118450078,2025-01-01T00:00:00,10.0,4.406806298969516,6.148537339503574,0.010000000000000009,2025-01-01T00:00:00
0,2025-01-14 10:00:00,1.600000023841858,ok,,1.2580242114105689,3.5184628764534467,2025-01-01T00:00:00,10.0,2.8818544806756456,4.020868783271307,0.010000000000000009,2025-01-01T00:00:00
0,2025-01-15 10:00:00,1.899999976158142,abstain,outside_training_support,1.0072155667877098,2.7379667059073673,2025-01-01T00:00:00,10.0,2.2425763455299834,3.128924545742543,0.010000000000000009,2025-01-01T00:00:00
0,2025-01-16 10:00:00,7.099999904632568,ok,,1.7029621791872336,5.490186244084234,2025-01-01T00:00:00,10.0,4.496826706100188,6.274137104278729,0.010000000000000009,2025-01-01T00:00:00
0,2025-01-17 10:00:00,8.199999809265137,ok,,1.9837392707471118,7.269876259849322,2025-01-01T00:00:00,10.0,5.954510878489717,8.307951380444262,0.024032375034304443,2025-01-01T00:00:00
0,2025-01-18 10:00:00,7.599999904632568,ok,,1.9722229688933153,7.186634409533977,2025-01-01T00:00:00,10.0,5.886330281526075,8.212823317665867,0.022549844042644374,2025-01-01T00:00:00
0,2025-01-19 10:00:00,6.900000095367432,ok,,1.9035508251250781,6.709677083259767,2025-01-01T00:00:00,10.0,5.495670594020746,7.667760632195213,0.0122390329195472,2025-01-01T00:00:00
0,2025-01-20 10:00:00,10.600000381469727,ok,,2.2552237460983076,9.53742703351836,2025-01-01T00:00:00,10.0,7.811785372130125,10.89928868894497,0.3603095635034267,2025-01-01T00:00:00
0,2025-01-21 10:00:00,8.300000190734863,ok,,2.296323588131333,9.937580575076055,2025-01-01T00:00:00,10.0,8.139537665443692,11.356580677026596,0.4888969681203954,2025-01-01T00:00:00
0,2025-01-22 10:00:00,6.099999904632568,ok,,2.004525040507268,7.422567640448383,2025-01-01T00:00:00,10.0,6.079575247446057,8.482445762588835,0.026708194776280503,2025-01-01T00:00:00
0,2025-01-23 10:00:00,6.099999904632568,ok,,2.042240102239567,7.7078562601471,2025-01-01T00:00:00,10.0,6.313245550596516,8.808471116684768,0.033677321391285986,2025-01-01T00:00:00
0,2025-01-23 22:00:00,5.900000095367432,ok,,2.124598044565731,8.369532632787582,2025-01-01T00:00:00,10.0,6.855202389764097,9.56462912226818,0.07016189283105356,2025-01-01T00:00:00
0,2025-01-24 10:00:00,6.699999809265137,ok,,2.1445809518288437,8.538462460427983,2025-01-01T00:00:00,10.0,6.993567123967566,9.757680660503352,0.08572620438909795,2025-01-01T00:00:00
0,2025-01-25 10:00:00,7.5,ok,,2.0859139942198195,8.051947553004002,2025-01-01T00:00:00,10.0,6.595079143532042,9.201695654394932,0.05306890430258693,2025-01-01T00:00:00
0,2025-01-26 10:00:00,8.899999618530273,ok,,2.1297122978042435,8.41244618400809,2025-01-01T00:00:00,10.0,6.890351434733184,9.613670355483002,0.07545530618724805,2025-01-01T00:00:00
0,2025-01-27 10:00:00,6.0,ok,,1.7610978877196812,5.818822302353993,2025-01-01T00:00:00,10.0,4.766001436740214,6.6496995342811624,0.010000000000000009,2025-01-01T00:00:00
0,2025-01-28 10:00:00,7.900000095367432,ok,,1.9504492244253724,7.031845748038674,2025-01-01T00:00:00,10.0,5.759548100399963,8.035932181148272,0.019687662423013008,2025-01-01T00:00:00
0,2025-01-29 10:00:00,6.199999809265137,ok,,1.9518033318109114,7.041374072031076,2025-01-01T00:00:00,10.0,5.7673524297776,8.04682106696098,0.019902728275435932,2025-01-01T00:00:00
0,2025-01-30 10:00:00,5.900000095367432,ok,,1.912554302245928,6.770360277314261,2025-01-01T00:00:00,10.0,5.545374155157627,7.737108858739202,0.013669008490498569,2025-01-01T00:00:00
0,2025-01-31 10:00:00,7.400000095367432,ok,,2.1407339779217347,8.505678318436892,2025-01-01T00:00:00,10.0,6.966714737056107,9.720215228083845,0.08362379716181645,2025-01-01T00:00:00
0,2025-02-01 10:00:00,9.600000381469727,ok,,1.9970808683827113,7.367517923329518,2025-01-01T00:00:00,10.0,6.0344858775963335,8.419535424505556,0.025749882288294668,2025-01-01T00:00:00
0,2025-02-02 10:00:00,10.5,ok,,2.063583482324146,7.874136141082596,2025-01-01T00:00:00,10.0,6.449439802673774,8.998494318866038,0.040399149293168346,2025-01-01T00:00:00
0,2025-02-03 04:48:22,10.699999809265137,ok,,2.468097071335695,11.799970970431803,2025-01-01T00:00:00,10.0,9.664958934356791,13.48490422793427,0.8697510942801231,2025-01-01T00:00:00
0,2025-02-03 10:00:00,8.5,ok,,2.1910858304651066,8.944920510650265,2025-01-01T00:00:00,10.0,7.3264832280648395,10.222177386271127,0.14703434250362413,2025-01-01T00:00:00
0,2025-02-04 10:00:00,7.099999904632568,abstain,outside_training_support,1.8012977123596794,6.057503262880133,2025-01-01T00:00:00,10.0,4.9614969754731835,6.922462060713765,0.010000000000000009,2025-01-01T00:00:00
0,2025-02-05 10:00:00,7.400000095367432,ok,,2.0245064523286076,7.57237269529992,2025-01-01T00:00:00,10.0,6.202275524160906,8.653641676764842,0.029280466904810676,2025-01-01T00:00:00
0,2025-02-07 10:00:00,8.300000190734863,ok,,1.9474151076028356,7.010542640961635,2025-01-01T00:00:00,10.0,5.742099442637184,8.011587175604522,0.019205769385756022,2025-01-01T00:00:00
0,2025-02-08 10:00:00,8.100000381469727,ok,,1.9703288292788799,7.173034804445798,2025-01-01T00:00:00,10.0,5.8751913028768845,8.197281807215433,0.02230600528984139,2025-01-01T00:00:00
0,2025-02-09 10:00:00,9.899999618530273,ok,,2.124990724837118,8.37281982849942,2025-01-01T00:00:00,10.0,6.857894821096658,9.568385700946523,0.07056832929329615,2025-01-01T00:00:00
0,2025-02-10 10:00:00,9.5,ok,,2.2937453970015373,9.911992592514355,2025-01-01T00:00:00,10.0,8.118579410436832,11.32733895303463,0.48287130043099036,2025-01-01T00:00:00
0,2025-02-11 10:00:00,6.800000190734863,ok,,2.1274178896262557,8.393166724619016,2025-01-01T00:00:00,10.0,6.8745602786584,9.591637956922067,0.0730805213794753,2025-01-01T00:00:00
0,2025-02-12 10:00:00,9.600000381469727,ok,,2.094984240873597,8.125312921370268,2025-01-01T00:00:00,10.0,6.655170246657694,9.285536959474856,0.0555545280802624,2025-01-01T00:00:00
0,2025-02-13 10:00:00,11.600000381469727,ok,,2.254125822250796,9.526961411213819,2025-01-01T00:00:00,10.0,7.803213333262457,10.887328666770667,0.357054419816633,2025-01-01T00:00:00
0,2025-02-13 16:46:39,8.899999618530273,ok,,2.2261044712359266,9.263708655535936,2025-01-01T00:00:00,10.0,7.587591864416599,10.586485706482767,0.2696112372482885,2025-01-01T00:00:00
0,2025-02-14 10:00:00,7.0,ok,,2.1426177214950783,8.521715935943188,2025-01-01T00:00:00,10.0,6.979850609592715,9.738542877927946,0.084653280646387,2025-01-01T00:00:00
0,2025-02-14 22:41:16,11.899999618530273,ok,,1.8194267828676272,6.168321648655872,2025-01-01T00:00:00,10.0,5.052264584171379,7.049104348446904,0.010000000000000009,2025-01-01T00:00:00
0,2025-02-15 02:39:46,8.0,ok,,2.0595352414133528,7.842324175714143,2025-01-01T00:00:00,10.0,6.423383692902172,8.962139881438109,0.03891432146095297,2025-01-01T00:00:00
0,2025-02-15 10:00:00,9.100000381469727,abstain,outside_training_support,1.6224448514087804,5.065459485772211,2025-01-01T00:00:00,10.0,4.1489473182869165,5.7887630577467295,0.010000000000000009,2025-01-01T00:00:00
0,2025-02-16 10:00:00,7.300000190734863,ok,,2.099828444047263,8.164769077672306,2025-01-01T00:00:00,10.0,6.687487455854422,9.330627111837826,0.05688204066641034,2025-01-01T00:00:00
0,2025-02-17 10:00:00,8.699999809265137,ok,,2.1205684025494396,8.335874273548475,2025-01-01T00:00:00,10.0,6.827633960938385,9.526164641978685,0.06707360519762806,2025-01-01T00:00:00
0,2025-02-18 10:00:00,8.5,ok,,2.0994653632244638,8.16180514470379,2025-01-01T00:00:00,10.0,6.685059798151138,9.32723995501188,0.056782541461943614,2025-01-01T00:00:00
0,2025-02-19 10:00:00,10.199999809265137,ok,,2.20057399770031,9.030195323463326,2025-01-01T00:00:00,10.0,7.396328956163528,10.319628700915935,0.17650444165303825,2025-01-01T00:00:00
0,2025-02-20 10:00:00,5.699999809265137,ok,,1.788275469380236,5.979132373425036,2025-01-01T00:00:00,10.0,4.8973060185521415,6.832900489654973,0.010000000000000009,2025-01-01T00:00:00
0,2025-02-21 10:00:00,9.399999618530273,ok,,2.0888329912280486,8.075485500708096,2025-01-01T00:00:00,10.0,6.614358284008672,9.228594616376041,0.05386883055019298,2025-01-01T00:00:00
0,2025-02-22 10:00:00,9.100000381469727,ok,,2.264517150103863,9.626475336135838,2025-01-01T00:00:00,10.0,7.884721838679805,11.001052314928947,0.3807865728289881,2025-01-01T00:00:00
0,2025-02-23 10:00:00,10.300000190734863,ok,,2.2853622435298058,9.829246160020883,2025-01-01T00:00:00,10.0,8.050804593531101,11.232777049435567,0.4585067920943544,2025-01-01T00:00:00
0,2025-02-24 10:00:00,9.399999618530273,ok,,2.2333289099535816,9.330876082359365,2025-01-01T00:00:00,10.0,7.642606442300014,10.663244057856707,0.2887955133433112,2025-01-01T00:00:00
0,2025-02-25 10:00:00,9.399999618530273,ok,,2.2279524763929444,9.28084386500564,2025-01-01T00:00:00,10.0,7.601626737576141,10.60606767487943,0.2791467689318009,2025-01-01T00:00:00
0,2025-02-26 10:00:00,8.800000190734863,ok,,2.245063638768827,9.441016352000325,2025-01-01T00:00:00,10.0,7.732818628903377,10.78911140036703,0.3249493841667087,2025-01-01T00:00:00
0,2025-02-27 10:00:00,10.300000190734863,ok,,2.286537369052584,9.840803547413659,2025-01-01T00:00:00,10.0,8.060270860424431,11.245984731260146,0.4624629591698719,2025-01-01T00:00:00
0,2025-02-28 10:00:00,10.600000381469727,ok,,2.297101891489065,9.945318038061492,2025-01-01T00:00:00,10.0,8.14587516086616,11.365422982451522,0.4909923788014182,2025-01-01T00:00:00
0,2025-03-01 10:00:00,7.800000190734863,ok,,2.1733964051525767,8.788081294914326,2025-01-01T00:00:00,10.0,7.198021506999342,10.042942894196264,0.10617636535030017,2025-01-01T00:00:00
0,2025-03-02 10:00:00,10.0,ok,,2.0789095749273647,7.995745397734039,2025-01-01T00:00:00,10.0,6.549045850393639,9.137468320012667,0.05114940290348391,2025-01-01T00:00:00
0,2025-03-03 10:00:00,8.300000190734863,ok,,2.1419074137576817,8.51566504442993,2025-01-01T00:00:00,10.0,6.9748945280787495,9.731627971717213,0.0842650908232283,2025-01-01T00:00:00
0,2025-03-06 10:00:00,8.5,ok,,2.250557789089945,9.4930294681241,2025-01-01T00:00:00,10.0,7.7754208211158735,10.848551537235423,0.3450338595251794,2025-01-01T00:00:00
0,2025-03-07 10:00:00,8.399999618530273,ok,,2.1098392411074847,8.246915413068223,2025-01-01T00:00:00,10.0,6.754770753431923,9.424503229691458,0.05962541426540824,2025-01-01T00:00:00
0,2025-03-08 10:00:00,8.0,ok,,2.0606337144348155,7.850943490422362,2025-01-01T00:00:00,10.0,6.43044348338013,8.971989959344402,0.03924694111969773,2025-01-01T00:00:00
0,2025-03-09 10:00:00,9.5,ok,,2.1531199057931847,8.61168417181001,2025-01-01T00:00:00,10.0,7.0535405624941445,9.841357795630739,0.090430147613078,2025-01-01T00:00:00
0,2025-03-10 10:00:00,10.199999809265137,ok,,2.251494553321829,9.501926365078873,2025-01-01T00:00:00,10.0,7.782707969866201,10.858718833719587,0.34909826748299044,2025-01-01T00:00:00
0,2025-03-11 10:00:00,8.100000381469727,ok,,2.186901810082816,8.907572966841906,2025-01-01T00:00:00,10.0,7.295893112367829,10.179496937932205,0.13681647727498059,2025-01-01T00:00:00
0,2025-03-12 10:00:00,8.600000381469727,ok,,2.2065267822729693,9.084110444212797,2025-01-01T00:00:00,10.0,7.440489016327257,10.381242432133234,0.19630327116262936,2025-01-01T00:00:00
0,2025-03-13 10:00:00,7.699999809265137,ok,,2.141321982107283,8.510681163591864,2025-01-01T00:00:00,10.0,6.970812399084166,9.725932436028764,0.08394514694978461,2025-01-01T00:00:00
0,2025-03-14 10:00:00,9.899999618530273,ok,,2.1653711655234242,8.717837076985955,2025-01-01T00:00:00,10.0,7.140486833112863,9.962668412699335,0.09776175817860422,2025-01-01T00:00:00
0,2025-03-15 10:00:00,10.399999618530273,ok,,2.3895316252855765,10.908383535319341,2025-01-01T00:00:00,10.0,8.934689684682942,12.466005859163019,0.7829812838854497,2025-01-01T00:00:00
0,2025-03-16 10:00:00,10.5,ok,,2.303668733851622,10.010842282084706,2025-01-01T00:00:00,10.0,8.199543863041447,11.44030351880834,0.5128011851789929,2025-01-01T00:00:00
0,2025-03-17 10:00:00,12.399999618530273,ok,,2.458107600925645,11.682682310727623,2025-01-01T00:00:00,10.0,9.568891742128338,13.350867767412728,0.8657575814175545,2025-01-01T00:00:00
0,2025-03-18 10:00:00,12.300000190734863,ok,,2.477566216296405,11.912237300299486,2025-01-01T00:00:00,10.0,9.756912505310568,13.61320121358626,0.8805073533306809,2025-01-01T00:00:00
0,2025-03-19 10:00:00,10.300000190734863,ok,,2.403674753137553,11.063758351326621,2025-01-01T00:00:00,10.0,9.061951965234861,12.643566847960468,0.8038413099065537,2025-01-01T00:00:00
0,2025-03-20 10:00:00,11.300000190734863,ok,,2.323679287494031,10.213182496686484,2025-01-01T00:00:00,10.0,8.365273920326795,11.671536156770058,0.5892905519897209,2025-01-01T00:00:00
0,2025-03-21 10:00:00,9.600000381469727,ok,,2.269064309451965,9.67034812613822,2025-01-01T00:00:00,10.0,7.920656563838978,11.051189757883414,0.40124674949991623,2025-01-01T00:00:00
0,2025-03-22 10:00:00,8.800000190734863,ok,,2.3290949396801603,10.268643584229212,2025-01-01T00:00:00,10.0,8.410700229840472,11.734916605396991,0.6108693315833308,2025-01-01T00:00:00
0,2025-03-23 10:00:00,6.900000095367432,ok,,2.239755593941138,9.391035780892517,2025-01-01T00:00:00,10.0,7.691881225880682,10.731994038270537,0.3071200210161339,2025-01-01T00:00:00
0,2025-03-24 06:00:00,6.800000190734863,ok,,2.7599889968379236,15.799669100984094,2025-01-01T00:00:00,10.0,12.940977009187439,18.05572447539897,0.9807472957997301,2025-01-01T00:00:00
0,2025-03-24 10:00:00,6.5,ok,,2.1721842116877346,8.777434894252446,2025-01-01T00:00:00,10.0,7.189301398665718,10.030776280087007,0.10442915805602526,2025-01-01T00:00:00
0,2025-03-25 00:01:00,11.0,ok,,1.1629797902564305,3.1994527842360294,2025-01-01T00:00:00,10.0,2.6205640547370903,3.656306823578711,0.010000000000000009,2025-01-01T00:00:00
0,2025-03-25 06:00:00,13.399999618530273,ok,,1.4698957894014453,4.3487819282806335,2025-01-01T00:00:00,10.0,3.5619408604161342,4.969750176333672,0.010000000000000009,2025-01-01T00:00:00
0,2025-03-25 10:00:00,8.100000381469727,ok,,1.1877612899985155,3.2797306167987745,2025-01-01T00:00:00,10.0,2.68631692455366,3.748047632640646,0.010000000000000009,2025-01-01T00:00:00
0,2025-03-25 20:00:00,10.5,ok,,2.0593116483532623,7.840570882472878,2025-01-01T00:00:00,10.0,6.421947629439036,8.960136233166331,0.03884661706959158,2025-01-01T00:00:00
0,2025-03-26 10:00:00,8.300000190734863,ok,,2.030151640677046,7.615241051537491,2025-01-01T00:00:00,10.0,6.237387551441117,8.702631261546122,0.030016912914143212,2025-01-01T00:00:00
0,2025-03-26 23:07:57,10.199999809265137,ok,,2.20578713383179,9.077393880337443,2025-01-01T00:00:00,10.0,7.4349877049937,10.373566801334913,0.1926853875887966,2025-01-01T00:00:00
0,2025-03-27 10:00:00,5.400000095367432,ok,,2.0922952950311866,8.103493743412828,2025-01-01T00:00:00,10.0,6.637298892612121,9.260602192616055,0.05481764539361644,2025-01-01T00:00:00
0,2025-03-29 10:00:00,8.399999618530273,ok,,2.1812499260698806,8.85737040077513,2025-01-01T00:00:00,10.0,7.254773880748484,10.12212588192678,0.11970064708933559,2025-01-01T00:00:00
0,2025-03-30 10:00:00,10.199999809265137,ok,,2.3404994830391384,10.386423109508456,2025-01-01T00:00:00,10.0,8.507169473534745,11.869514022829796,0.6512748671090459,2025-01-01T00:00:00
0,2025-03-31 10:00:00,8.600000381469727,ok,,2.263316817920734,9.61492730010596,2025-01-01T00:00:00,10.0,7.875263231172979,10.987855319760579,0.37847352982064864,2025-01-01T00:00:00
0,2025-04-01 10:00:00,7.0,ok,,2.1403408655618206,8.502335288296747,2025-01-01T00:00:00,10.0,6.963976573623182,9.716394842306293,0.08340895757969968,2025-01-01T00:00:00
0,2025-04-02 10:00:00,7.300000190734863,ok,,2.353214015444573,10.519324723254167,2025-01-01T00:00:00,10.0,8.616024710753608,12.021392831480224,0.7021938749805614,2025-01-01T00:00:00
0,2025-04-03 10:00:00,9.899999618530273,ok,,2.365892500184944,10.653542864674236,2025-01-01T00:00:00,10.0,8.725958271465002,12.174776156510111,0.732199946007818,2025-01-01T00:00:00
0,2025-04-05 10:00:00,5.800000190734863,ok,,2.0199201132063287,7.5377227451070965,2025-01-01T00:00:00,10.0,6.1738949165704025,8.614044014955015,0.02869005255362722,2025-01-01T00:00:00
0,2025-04-06 10:00:00,6.800000190734863,ok,,1.9865751248382302,7.290521828256468,2025-01-01T00:00:00,10.0,5.971420968466339,8.331544956513156,0.024397443754392234,2025-01-01T00:00:00
0,2025-04-07 10:00:00,7.5,ok,,2.084115491122273,8.03747911505386,2025-01-01T00:00:00,10.0,6.58322853313793,9.185161249304075,0.05257603985974135,2025-01-01T00:00:00
0,2025-04-08 10:00:00,6.800000190734863,ok,,2.0842558876016386,8.03860762804236,2025-01-01T00:00:00,10.0,6.584152860131453,9.186450904135265,0.05261451431812536,2025-01-01T00:00:00
0,2025-04-09 10:00:00,8.100000381469727,ok,,2.14270883291244,8.52249239693216,2025-01-01T00:00:00,10.0,6.980486582646493,9.739430210795057,0.08470307388828957,2025-01-01T00:00:00
0,2025-04-10 10:00:00,6.099999904632568,ok,,1.9891894090751776,7.309606259746058,2025-01-01T00:00:00,10.0,5.987052383754955,8.353354478886269,0.024733989066549444,2025-01-01T00:00:00
0,2025-04-11 10:00:00,7.400000095367432,ok,,2.1071295970988353,8.2245994559331,2025-01-01T00:00:00,10.0,6.736492504287727,9.399000747907742,0.05888285942274252,2025-01-01T00:00:00
0,2025-04-12 10:00:00,8.699999809265137,ok,,1.986356763393149,7.288930033174315,2025-01-01T00:00:00,10.0,5.970117182707928,8.329725866933435,0.024369333375398483,2025-01-01T00:00:00
0,2025-04-13 10:00:00,5.300000190734863,ok,,1.755709527119799,5.787552711096886,2025-01-01T00:00:00,10.0,4.740389567342283,6.613964917271904,0.010000000000000009,2025-01-01T00:00:00
0,2025-04-14 10:00:00,7.699999809265137,ok,,1.9834448382708127,7.267736087263366,2025-01-01T00:00:00,10.0,5.952757935180998,8.305505609821164,0.023994471784059224,2025-01-01T00:00:00
0,2025-04-15 10:00:00,8.5,ok,,1.966763858742057,7.147508673694693,2025-01-01T00:00:00,10.0,5.854283708605623,8.168110766934833,0.021847075038421093,2025-01-01T00:00:00
0,2025-04-16 10:00:00,7.699999809265137,ok,,1.9193812469680498,6.8167392860079055,2025-01-01T00:00:00,10.0,5.583361639666147,7.790110386623255,0.014753296710020125,2025-01-01T00:00:00
0,2025-04-17 10:00:00,5.199999809265137,ok,,1.7356747682469404,5.67275430713747,2025-01-01T00:00:00,10.0,4.646362059751148,6.482774299363479,0.010000000000000009,2025-01-01T00:00:00
0,2025-04-18 10:00:00,8.800000190734863,ok,,2.132153920773422,8.433011301753252,2025-01-01T00:00:00,10.0,6.907195630281228,9.637171993234874,0.07798246294564126,2025-01-01T00:00:00
0,2025-04-18 20:00:00,10.0,ok,,1.9988425859087935,7.380508848589189,2025-01-01T00:00:00,10.0,6.0451263070913415,8.434381340940256,0.0259766739149927,2025-01-01T00:00:00
0,2025-04-19 10:00:00,8.800000190734863,ok,,1.9637097985143748,7.125713051240346,2025-01-01T00:00:00,10.0,5.836431648079554,8.143202919100156,0.021453915932710177,2025-01-01T00:00:00
0,2025-04-20 10:00:00,11.800000190734863,ok,,2.1661256147434598,8.724416724061795,2025-01-01T00:00:00,10.0,7.145876000505724,9.970187576169621,0.09821324871872494,2025-01-01T00:00:00
0,2025-04-21 10:00:00,11.399999618530273,ok,,2.3254750517351503,10.231539442042004,2025-01-01T00:00:00,10.0,8.380309476216375,11.69251431431442,0.5962172983837097,2025-01-01T00:00:00
0,2025-04-22 10:00:00,10.600000381469727,ok,,2.2654630186863454,9.63558502432108,2025-01-01T00:00:00,10.0,7.892183277562644,11.011462787381136,0.3840575187629609,2025-01-01T00:00:00
0,2025-04-23 10:00:00,13.5,ok,,2.3872039997215517,10.88302242996912,2025-01-01T00:00:00,10.0,8.913917257161383,12.437023408475703,0.7806247660265468,2025-01-01T00:00:00
0,2025-04-24 10:00:00,12.399999618530273,ok,,2.4720710356482165,11.84695693239005,2025-01-01T00:00:00,10.0,9.70344355384913,13.53859937673184,0.8740426679440523,2025-01-01T00:00:00
0,2025-04-25 10:00:00,9.399999618530273,ok,,2.201744482563927,9.040771218660128,2025-01-01T00:00:00,10.0,7.40499131584452,10.331714741992721,0.18057852162835097,2025-01-01T00:00:00
0,2025-04-26 06:00:00,9.0,ok,,2.8619405549643475,17.495444888543002,2025-01-01T00:00:00,10.0,14.329929862520911,19.993642301178582,0.9845301753656601,2025-01-01T00:00:00
0,2025-04-26 10:00:00,9.5,ok,,2.207918944068844,9.096765802832165,2025-01-01T00:00:00,10.0,7.450854594485224,10.395704865929044,0.2010871106266935,2025-01-01T00:00:00
0,2025-04-27 10:00:00,7.699999809265137,ok,,2.105635302040579,8.212318655464857,2025-01-01T00:00:00,10.0,6.726433714100529,9.384966355910372,0.058473360599894275,2025-01-01T00:00:00
0,2025-04-28 10:00:00,10.0,ok,,2.2239729177856025,9.243983595366895,2025-01-01T00:00:00,10.0,7.571435731745662,10.563944079224845,0.26143001495922136,2025-01-01T00:00:00
0,2025-04-29 10:00:00,7.5,ok,,2.116857164460922,8.30499519469238,2025-01-01T00:00:00,10.0,6.802341947100151,9.49087629914592,0.06426960135211468,2025-01-01T00:00:00
0,2025-04-30 10:00:00,6.5,ok,,2.015729657195679,7.506202338087421,2025-01-01T00:00:00,10.0,6.148077612425949,8.57802276787306,0.02815060152291915,2025-01-01T00:00:00
0,2025-05-01 10:00:00,11.300000190734863,ok,,2.3030564008187184,10.004714189076562,2025-01-01T00:00:00,10.0,8.194524548382281,11.433300387400497,0.5103702735261096,2025-01-01T00:00:00
0,2025-05-02 10:00:00,8.300000190734863,ok,,2.240888203880224,9.40167818706609,2025-01-01T00:00:00,10.0,7.700598062463422,10.744156087513288,0.3096798542104575,2025-01-01T00:00:00
0,2025-05-03 10:00:00,9.899999618530273,ok,,2.2389425175164317,9.383403254429647,2025-01-01T00:00:00,10.0,7.685629680430792,10.72327165339121,0.3052823715750862,2025-01-01T00:00:00
0,2025-05-04 10:00:00,8.399999618530273,ok,,2.176156255919192,8.812368587048175,2025-01-01T00:00:00,10.0,7.217914410269068,10.07069820047638,0.11019968336750774,2025-01-01T00:00:00
0,2025-05-05 10:00:00,8.600000381469727,ok,,2.1279544072521075,8.397671014710953,2025-01-01T00:00:00,10.0,6.878249591019938,9.596785420475733,0.073635834038835,2025-01-01T00:00:00
0,2025-05-06 10:00:00,8.5,ok,,2.176022503757707,8.811189992523394,2025-01-01T00:00:00,10.0,7.21694906317535,10.069351312900974,0.1099615190996367,2025-01-01T00:00:00
0,2025-05-07 10:00:00,9.699999809265137,ok,,2.216893703182992,9.178774538496707,2025-01-01T00:00:00,10.0,7.5180251887555345,10.48942373600605,0.22398606738123283,2025-01-01T00:00:00
0,2025-05-08 10:00:00,9.399999618530273,ok,,2.254966466186616,9.534973560761573,2025-01-01T00:00:00,10.0,7.80977581519983,10.896484881610697,0.35950146236283365,2025-01-01T00:00:00
0,2025-05-09 10:00:00,9.699999809265137,ok,,2.1869395345977445,8.907909007049707,2025-01-01T00:00:00,10.0,7.296168351588062,10.179880961759913,0.13688453166896586,2025-01-01T00:00:00
0,2025-05-10 10:00:00,9.199999809265137,ok,,2.122927968210508,8.355566539700352,2025-01-01T00:00:00,10.0,6.843763233133989,9.548668792518923,0.06885636098682091,2025-01-01T00:00:00
0,2025-05-11 10:00:00,11.0,ok,,2.2466549551722297,9.456051956214992,2025-01-01T00:00:00,10.0,7.745133786089115,10.806293958133653,0.32899335158282694,2025-01-01T00:00:00
0,2025-05-11 14:00:00,8.699999809265137,ok,,2.098710034984429,8.155642630441848,2025-01-01T00:00:00,10.0,6.680012290201899,9.320197487294477,0.05657555019643079,2025-01-01T00:00:00
0,2025-05-12 10:00:00,9.399999618530273,ok,,2.217600794474037,9.185267065169365,2025-01-01T00:00:00,10.0,7.523342998759364,10.496843339037063,0.22611106352733845,2025-01-01T00:00:00
0,2025-05-13 10:00:00,8.699999809265137,ok,,2.223184093927057,9.236694595805208,2025-01-01T00:00:00,10.0,7.565465557614491,10.555614273901332,0.25836281314689413,2025-01-01T00:00:00
0,2025-05-14 10:00:00,9.199999809265137,ok,,2.195633004183894,8.985687234556991,2025-01-01T00:00:00,10.0,7.359873879061699,10.268765243897755,0.1602244932361313,2025-01-01T00:00:00
0,2025-05-15 10:00:00,8.300000190734863,ok,,2.1089443123665195,8.23953831292259,2025-01-01T00:00:00,10.0,6.748728419078657,9.41607274378662,0.05938016667261625,2025-01-01T00:00:00
0,2025-05-16 10:00:00,9.0,ok,,2.083230883397828,8.03037224280411,2025-01-01T00:00:00,10.0,6.57740753335601,9.177039577489104,0.052333620653547075,2025-01-01T00:00:00
0,2025-05-17 10:00:00,6.800000190734863,ok,,2.0719765322093746,7.940502276071681,2025-01-01T00:00:00,10.0,6.503798069393985,9.074336960898675,0.04763789126849027,2025-01-01T00:00:00
0,2025-05-18 10:00:00,7.900000095367432,ok,,2.064125880497158,7.8784082166178155,2025-01-01T00:00:00,10.0,6.452938915910224,9.00337640964332,0.04086695068551216,2025-01-01T00:00:00
0,2025-05-19 02:00:00,6.900000095367432,ok,,2.830105740594024,16.94725274237217,2025-01-01T00:00:00,10.0,13.880924132409008,19.36717308289466,0.9833489548823269,2025-01-01T00:00:00
0,2025-05-19 10:00:00,7.599999904632568,ok,,2.059016770188379,7.838259210167012,2025-01-01T00:00:00,10.0,6.420054216483879,8.957494474154457,0.03875732741690252,2025-01-01T00:00:00
0,2025-05-20 10:00:00,11.300000190734863,ok,,2.2619374225287974,9.601673656803147,2025-01-01T00:00:00,10.0,7.864407618174162,10.97270917143043,0.37630922072473494,2025-01-01T00:00:00
0,2025-05-21 10:00:00,10.199999809265137,ok,,2.240353901604474,9.396656190766372,2025-01-01T00:00:00,10.0,7.696484714377491,10.738416993806664,0.30847226750821544,2025-01-01T00:00:00
0,2025-05-21 22:02:41,9.0,ok,,2.1728884404446203,8.783618393360062,2025-01-01T00:00:00,10.0,7.194366094595521,10.037842729103591,0.1054442052878044,2025-01-01T00:00:00
0,2025-05-22 10:00:00,8.800000190734863,ok,,2.062148037295048,7.862841359958559,2025-01-01T00:00:00,10.0,6.4401886277336065,8.985586741202095,0.03970548087730519,2025-01-01T00:00:00
0,2025-05-23 10:00:00,10.0,ok,,2.3093865412181125,10.06824630601149,2025-01-01T00:00:00,10.0,8.246561566331517,11.505904338241745,0.5346047891130461,2025-01-01T00:00:00
0,2025-05-24 10:00:00,8.0,ok,,2.120103473274853,8.331999582367903,2025-01-01T00:00:00,10.0,6.824460331847487,9.521736678586763,0.06672233065184618,2025-01-01T00:00:00
0,2025-05-25 10:00:00,8.300000190734863,ok,,2.1977567897271957,9.004791186370072,2025-01-01T00:00:00,10.0,7.375521282790066,10.290597073926829,0.16678994637045164,2025-01-01T00:00:00
0,2025-05-26 10:00:00,6.699999809265137,ok,,1.961225235931838,7.108030746711591,2025-01-01T00:00:00,10.0,5.821948667777021,8.12299573522683,0.02113407011101387,2025-01-01T00:00:00
0,2025-05-27 10:00:00,9.199999809265137,ok,,2.155295770918659,8.630442435396082,2025-01-01T00:00:00,10.0,7.068904824634579,9.862794576159638,0.09173226642325316,2025-01-01T00:00:00
0,2025-05-28 10:00:00,7.5,ok,,2.1229238947058935,8.355532503330819,2025-01-01T00:00:00,10.0,6.843735355089659,9.548629896051757,0.06885328327465823,2025-01-01T00:00:00
0,2025-05-29 10:00:00,8.699999809265137,ok,,2.0640420016657535,7.8777474126573965,2025-01-01T00:00:00,10.0,6.452397673634534,9.002621248622837,0.04079460782731015,2025-01-01T00:00:00
0,2025-05-30 10:00:00,10.0,ok,,2.186688839519278,8.905676118001052,2025-01-01T00:00:00,10.0,7.294339467346373,10.177329235569387,0.13643228194030665,2025-01-01T00:00:00
0,2025-05-31 10:00:00,6.800000190734863,ok,,1.956565386260022,7.074985444834821,2025-01-01T00:00:00,10.0,5.79488237359607,8.085231851560673,0.020534192507713045,2025-01-01T00:00:00
0,2025-06-01 10:00:00,8.699999809265137,ok,,2.0581180120307736,7.83121767555278,2025-01-01T00:00:00,10.0,6.41428673255939,8.949447469621264,0.03848518178761917,2025-01-01T00:00:00
0,2025-06-02 10:00:00,8.399999618530273,ok,,2.127497208067254,8.393832483921798,2025-01-01T00:00:00,10.0,6.875105579688181,9.592398780864718,0.0731626184668489,2025-01-01T00:00:00
0,2025-06-03 10:00:00,23.299999237060547,ok,,1.995975946697765,7.359381888680098,2025-01-01T00:00:00,10.0,6.027821925543216,8.410237634848487,0.025607642126297736,2025-01-01T00:00:00
0,2025-06-03 17:30:00,8.5,ok,,2.22003111908374,9.20761739404071,2025-01-01T00:00:00,10.0,7.541649400635454,10.522385100542083,0.2367942372738827,2025-01-01T00:00:00
0,2025-06-04 10:00:00,6.900000095367432,ok,,2.0400695214850786,7.6911438800373615,2025-01-01T00:00:00,10.0,6.299557002729685,8.789372354004303,0.03302006553180703,2025-01-01T00:00:00
0,2025-06-05 10:00:00,9.199999809265137,ok,,2.1494457132543188,8.58010124249048,2025-01-01T00:00:00,10.0,7.027672048438912,9.805265098608121,0.08838484201619978,2025-01-01T00:00:00
0,2025-06-06 10:00:00,8.800000190734863,ok,,2.181306536279891,8.857871832566602,2025-01-01T00:00:00,10.0,7.255184586646414,10.122698913818281,0.11980623923324796,2025-01-01T00:00:00
0,2025-06-07 10:00:00,9.100000381469727,ok,,2.270562234367734,9.68484443602186,2025-01-01T00:00:00,10.0,7.932530003195411,11.067756014777535,0.4055047775897588,2025-01-01T00:00:00
0,2025-06-08 10:00:00,9.100000381469727,ok,,2.164211053493275,8.70772927354189,2025-01-01T00:00:00,10.0,7.132207871626582,9.951117302807663,0.09706750388927254,2025-01-01T00:00:00
0,2025-06-09 10:00:00,9.300000190734863,ok,,2.1730785822541727,8.785288685246922,2025-01-01T00:00:00,10.0,7.195734174443798,10.039751524149228,0.10571826810552465,2025-01-01T00:00:00
0,2025-06-10 10:00:00,8.800000190734863,ok,,2.1946164707558253,8.97655762417213,2025-01-01T00:00:00,10.0,7.352396122575903,10.258332004529057,0.15726764655394765,2025-01-01T00:00:00
0,2025-06-11 10:00:00,7.800000190734863,ok,,2.0793550199023776,7.999307855723542,2025-01-01T00:00:00,10.0,6.551963739790163,9.141539466028608,0.0512714733017654,2025-01-01T00:00:00
0,2025-06-12 10:00:00,9.899999618530273,ok,,2.2390265306258748,9.384191616430117,2025-01-01T00:00:00,10.0,7.686275401202398,10.724172586630786,0.3054722511963831,2025-01-01T00:00:00
0,2025-06-13 10:00:00,9.199999809265137,ok,,2.1944399452973786,8.974973173074343,2025-01-01T00:00:00,10.0,7.351098352027824,10.256521307590816,0.15675665759062274,2025-01-01T00:00:00
0,2025-06-14 10:00:00,8.300000190734863,ok,,2.1515642934367016,8.598298143936832,2025-01-01T00:00:00,10.0,7.042576517750932,9.826060359364618,0.08954266590442173,2025-01-01T00:00:00
0,2025-06-15 10:00:00,8.0,ok,,2.07428253970983,7.9588342626032835,2025-01-01T00:00:00,10.0,6.518813182351219,9.095286595716072,0.049626750326546176,2025-01-01T00:00:00
0,2025-06-16 10:00:00,9.600000381469727,ok,,2.1736500849773064,8.790310936632533,2025-01-01T00:00:00,10.0,7.199847731461995,10.04549090936579,0.10654200932795999,2025-01-01T00:00:00
0,2025-06-17 10:00:00,9.300000190734863,ok,,2.2325419914696942,9.323536331770752,2025-01-01T00:00:00,10.0,7.6365946997114,10.654856254700888,0.2874679296924292,2025-01-01T00:00:00
0,2025-06-18 10:00:00,8.5,ok,,2.1990858198687095,9.016766781475496,2025-01-01T00:00:00,10.0,7.385330089540392,10.304282679889235,0.17106277382073298,2025-01-01T00:00:00
0,2025-06-19 10:00:00,10.600000381469727,ok,,2.268286581776831,9.662830152619318,2025-01-01T00:00:00,10.0,7.914498844848665,11.042598283112453,0.3976518945536498,2025-01-01T00:00:00
0,2025-06-20 10:00:00,8.300000190734863,ok,,2.307940788724979,10.053700631069612,2025-01-01T00:00:00,10.0,8.234647693717928,11.489281667388283,0.5281339943756257,2025-01-01T00:00:00
0,2025-06-21 10:00:00,3.200000047683716,ok,,2.008488922514186,7.452048212918102,2025-01-01T00:00:00,10.0,6.103721791788846,8.516135904482827,0.027218478198610563,2025-01-01T00:00:00
0,2025-06-21 15:57:36,8.399999618530273,ok,,1.958881019542673,7.091387499848198,2025-01-01T00:00:00,10.0,5.8083167446246575,8.103975977419198,0.02083229151123278,2025-01-01T00:00:00
0,2025-06-22 10:00:00,7.699999809265137,ok,,1.9787563463653302,7.23374112028377,2025-01-01T00:00:00,10.0,5.9249138022881365,8.266656457132543,0.0233909069728665,2025-01-01T00:00:00
0,2025-06-23 10:00:00,7.599999904632568,ok,,2.0762936339485614,7.97485633388334,2025-01-01T00:00:00,10.0,6.531936321497334,9.113596479467997,0.05043252657739172,2025-01-01T00:00:00
0,2025-06-24 10:00:00,9.199999809265137,ok,,2.167040571473818,8.732402840780418,2025-01-01T00:00:00,10.0,7.152417159829241,9.979314040918865,0.09876079293695239,2025-01-01T00:00:00
0,2025-06-25 10:00:00,8.5,ok,,2.092819157185779,8.107739969226373,2025-01-01T00:00:00,10.0,6.640776833211868,9.265454742556162,0.054961205351507725,2025-01-01T00:00:00
0,2025-06-26 10:00:00,7.199999809265137,ok,,1.9278446620811294,6.874677009970732,2025-01-01T00:00:00,10.0,5.63081647868685,7.856321113817492,0.01609749703352592,2025-01-01T00:00:00
0,2025-06-27 10:00:00,8.899999618530273,ok,,2.093288462014771,8.111545863738627,2025-01-01T00:00:00,10.0,6.643894113268031,9.269804085713698,0.05508981433938287,2025-01-01T00:00:00
0,2025-06-28 10:00:00,9.800000190734863,ok,,2.1217047419416417,8.345352039813669,2025-01-01T00:00:00,10.0,6.835396880183872,9.53699575086032,0.06793215966100297,2025-01-01T00:00:00
0,2025-06-29 10:00:00,8.5,ok,,2.125950771474462,8.380861985826211,2025-01-01T00:00:00,10.0,6.864481881395522,9.577576208415525,0.07156200783358013,2025-01-01T00:00:00
0,2025-06-30 10:00:00,8.0,ok,,2.1105593777449045,8.252856457928159,2025-01-01T00:00:00,10.0,6.759636863250527,9.431292604101857,0.05982276157220945,2025-01-01T00:00:00
0,2025-07-01 10:00:00,8.199999809265137,ok,,2.150502257414065,8.589171288956846,2025-01-01T00:00:00,10.0,7.035101018124499,9.815630268848654,0.08896225328308882,2025-01-01T00:00:00
0,2025-07-02 10:00:00,8.800000190734863,ok,,2.151283482555686,8.595883987236395,2025-01-01T00:00:00,10.0,7.0405991632786815,9.823301482077701,0.08938920013106266,2025-01-01T00:00:00
0,2025-07-03 10:00:00,9.300000190734863,ok,,2.140780935253674,8.50607773177468,2025-01-01T00:00:00,10.0,6.967041883073433,9.720671674173493,0.0836494597829901,2025-01-01T00:00:00
0,2025-07-04 10:00:00,9.399999618530273,ok,,2.1155626404035837,8.29425113433947,2025-01-01T00:00:00,10.0,6.793541849001663,9.478598080390876,0.06329153140663801,2025-01-01T00:00:00
0,2025-07-05 10:00:00,8.600000381469727,ok,,2.1805853989021555,8.85148639276733,2025-01-01T00:00:00,10.0,7.249954487895118,10.115401688735083,0.1184611383803017,2025-01-01T00:00:00
0,2025-07-06 10:00:00,9.300000190734863,ok,,2.192653383951089,8.95895314755958,2025-01-01T00:00:00,10.0,7.337976888499184,10.238213761721681,0.15158509118717078,2025-01-01T00:00:00
0,2025-07-07 10:00:00,8.5,ok,,2.1514909408828804,8.597667459940881,2025-01-01T00:00:00,10.0,7.042059945724044,9.825339619177646,0.08950257804757189,2025-01-01T00:00:00
0,2025-07-08 10:00:00,9.199999809265137,ok,,2.162023701545035,8.688703220873206,2025-01-01T00:00:00,10.0,7.116624272464642,9.929374495243499,0.09575851093611043,2025-01-01T00:00:00
0,2025-07-09 10:00:00,8.199999809265137,ok,,2.1413048894206272,8.51053569442874,2025-01-01T00:00:00,10.0,6.970693250190382,9.725766195133955,0.08393580563663139,2025-01-01T00:00:00
0,2025-07-10 10:00:00,7.599999904632568,ok,,2.054620158028922,7.803873071064153,2025-01-01T00:00:00,10.0,6.391889687675039,8.918198293364487,0.03742602513861404,2025-01-01T00:00:00
0,2025-07-11 10:00:00,9.100000381469727,ok,,2.1447798572231225,8.540160975586524,2025-01-01T00:00:00,10.0,6.99495832054744,9.75962170885847,0.08583490804775917,2025-01-01T00:00:00
0,2025-07-12 10:00:00,8.800000190734863,ok,,2.196853457414936,8.996660540416768,2025-01-01T00:00:00,10.0,7.368861744436507,10.28130544242483,0.1639973923013447,2025-01-01T00:00:00
0,2025-07-13 10:00:00,8.5,ok,,2.1474152416682855,8.562697265831806,2025-01-01T00:00:00,10.0,7.013417037123878,9.78537598540475,0.0872751703001069,2025-01-01T00:00:00
0,2025-07-14 10:00:00,9.800000190734863,ok,,2.20382508636419,9.059601063545665,2025-01-01T00:00:00,10.0,7.42041420781731,10.353233325008272,0.18618938557804487,2025-01-01T00:00:00
0,2025-07-15 10:00:00,9.399999618530273,ok,,2.2422824352949253,9.414795444266577,2025-01-01T00:00:00,10.0,7.711341966197744,10.759146374991536,0.3160041764033823,2025-01-01T00:00:00
0,2025-07-16 10:00:00,9.100000381469727,ok,,2.102393618915899,8.185740023691137,2025-01-01T00:00:00,10.0,6.704664051677793,9.354592526612297,0.057585004972758425,2025-01-01T00:00:00
0,2025-07-17 10:00:00,8.100000381469727,ok,,2.1603337159811735,8.674031838565256,2025-01-01T00:00:00,10.0,7.104607437179886,9.912608167105077,0.09474716056982846,2025-01-01T00:00:00
0,2025-07-18 10:00:00,9.399999618530273,ok,,2.191245669495361,8.946350372341197,2025-01-01T00:00:00,10.0,7.327654379634559,10.223811419779322,0.14749908917683063,2025-01-01T00:00:00
0,2025-07-19 10:00:00,7.900000095367432,ok,,2.1257277442010705,8.378993033450264,2025-01-01T00:00:00,10.0,6.862951085429239,9.575440385890252,0.07133116757348568,2025-01-01T00:00:00
0,2025-07-20 10:00:00,9.5,ok,,2.1879533766465373,8.916944799427029,2025-01-01T00:00:00,10.0,7.303569264902598,10.190206986725316,0.1387134857684016,2025-01-01T00:00:00
0,2025-07-21 10:00:00,9.300000190734863,ok,,2.259109481941025,9.574559051475175,2025-01-01T00:00:00,10.0,7.842198957858572,10.941722836214678,0.37187210459936715,2025-01-01T00:00:00
0,2025-07-22 10:00:00,9.899999618530273,ok,,2.213490055379647,9.147586329649757,2025-01-01T00:00:00,10.0,7.492479976949739,10.453782122107523,0.2114542975018241,2025-01-01T00:00:00
0,2025-07-23 10:00:00,8.5,ok,,2.1553310800572882,8.630747174264467,2025-01-01T00:00:00,10.0,7.069154425981568,9.86314282908882,0.09175339672817973,2025-01-01T00:00:00
0,2025-07-24 10:00:00,8.199999809265137,ok,,2.195298629263236,8.982683148374406,2025-01-01T00:00:00,10.0,7.357413333212671,10.265332200327894,0.1592422935628962,2025-01-01T00:00:00
0,2025-07-24 13:00:00,120.0,abstain,outside_training_support,2.0288130675910425,7.6050543141897275,2025-01-01T00:00:00,10.0,6.229043937851904,8.690989946675609,0.02983487149378139,2025-01-01T00:00:00
0,2025-07-24 13:15:00,45.900001525878906,abstain,outside_training_support,2.0593751930522752,7.841069125019864,2025-01-01T00:00:00,10.0,6.422355723134184,8.960705620416961,0.038865858521759944,2025-01-01T00:00:00
0,2025-07-24 15:20:00,2.0999999046325684,ok,,2.288520166389404,9.860335223758518,2025-01-01T00:00:00,10.0,8.076268598915927,11.268305361165206,0.4705341219025837,2025-01-01T00:00:00
0,2025-07-25 10:00:00,9.600000381469727,ok,,2.0495559293674925,7.764452375345982,2025-01-01T00:00:00,10.0,6.359601523048651,8.873148665048443,0.03589256735106916,2025-01-01T00:00:00
0,2025-07-26 10:00:00,7.300000190734863,ok,,2.0879394904067037,8.06827327032716,2025-01-01T00:00:00,10.0,6.608450988928747,9.220352542204806,0.05362397426660093,2025-01-01T00:00:00
0,2025-07-27 10:00:00,8.899999618530273,ok,,2.052945924206524,7.790818494079435,2025-01-01T00:00:00,10.0,6.381197123195104,8.903279636291836,0.03691906404645784,2025-01-01T00:00:00
0,2025-07-28 10:00:00,10.199999809265137,ok,,2.227393282377922,9.275655523441946,2025-01-01T00:00:00,10.0,7.597377141685087,10.600138483251456,0.27621852057556695,2025-01-01T00:00:00
0,2025-07-28 16:00:00,35.099998474121094,abstain,outside_training_support,2.107066530860065,8.224080777735734,2025-01-01T00:00:00,10.0,6.7360676724393915,9.39840800697354,0.05886557665760506,2025-01-01T00:00:00
0,2025-07-28 21:26:26,3.5,ok,,1.9888153165921634,7.306872302398824,2025-01-01T00:00:00,10.0,5.984813091340125,8.350230136200755,0.024685830924564667,2025-01-01T00:00:00
0,2025-07-29 10:00:00,8.300000190734863,ok,,1.9547637768490298,7.062250559563919,2025-01-01T00:00:00,10.0,5.784451657835376,8.070678535398951,0.02030226546893177,2025-01-01T00:00:00
0,2025-07-30 10:00:00,10.0,ok,,2.2084367549306787,9.10147742673218,2025-01-01T00:00:00,10.0,7.454713726988336,10.401089268755877,0.2019716532974155,2025-01-01T00:00:00
0,2025-07-31 10:00:00,6.599999904632568,ok,,1.9529179047543659,7.0492265723357805,2025-01-01T00:00:00,10.0,5.773784148395143,8.05579483603415,0.020064640350927587,2025-01-01T00:00:00
0,2025-08-01 10:00:00,5.300000190734863,ok,,1.771643883900236,5.880512299615395,2025-01-01T00:00:00,10.0,4.816529636486303,6.720198326776165,0.010000000000000009,2025-01-01T00:00:00
0,2025-08-03 10:00:00,10.199999809265137,ok,,2.1677610085468713,8.738696254255737,2025-01-01T00:00:00,10.0,7.157571882916976,9.986506099119188,0.09919192934030163,2025-01-01T00:00:00
0,2025-08-04 10:00:00,7.5,ok,,2.146855828247822,8.55790851763582,2025-01-01T00:00:00,10.0,7.009494734706596,9.779903445603052,0.0869694456327138,2025-01-01T00:00:00
0,2025-08-05 10:00:00,6.599999904632568,abstain,outside_training_support,1.976882812736668,7.220201150788558,2025-01-01T00:00:00,10.0,5.9138236691453026,8.251183097719233,0.023149720895628167,2025-01-01T00:00:00
0,2025-08-05 14:05:08,3.5999999046325684,abstain,outside_training_support,1.8655286365242882,6.459349631734865,2025-01-01T00:00:00,10.0,5.29063580663077,7.381688597111839,0.010000000000000009,2025-01-01T00:00:00
0,2025-08-06 10:00:00,7.900000095367432,ok,,1.9049077151516263,6.7187875567328845,2025-01-01T00:00:00,10.0,5.503132676106445,7.678172002067562,0.012454540724408325,2025-01-01T00:00:00
0,2025-08-07 10:00:00,6.300000190734863,ok,,1.8849905318851212,6.586292081949796,2025-01-01T00:00:00,10.0,5.39461009363777,7.526757325492365,0.010000000000000009,2025-01-01T00:00:00
0,2025-08-08 10:00:00,7.400000095367432,ok,,1.9466755073051802,7.0053595584785935,2025-01-01T00:00:00,10.0,5.737854154282026,8.00566399400819,0.019088302506713672,2025-01-01T00:00:00
0,2025-08-09 10:00:00,7.599999904632568,ok,,2.186816249119061,8.906810858917952,2025-01-01T00:00:00,10.0,7.295268895426361,10.178626007623,0.13666212672737965,2025-01-01T00:00:00
0,2025-08-10 10:00:00,9.300000190734863,ok,,2.200731428122742,9.031617062837322,2025-01-01T00:00:00,10.0,7.397493455016912,10.321253452310957,0.17708010139435681,2025-01-01T00:00:00
0,2025-08-12 10:00:00,8.0,ok,,2.113385736176122,8.276214982591636,2025-01-01T00:00:00,10.0,6.778769044355494,9.457986522992176,0.06164678437625937,2025-01-01T00:00:00
0,2025-08-13 10:00:00,9.199999809265137,ok,,2.1910091225216455,8.944234390509239,2025-01-01T00:00:00,10.0,7.325921250157973,10.221393294139563,0.14681130710685397,2025-01-01T00:00:00
0,2025-08-14 10:00:00,10.5,ok,,0.6096395547248199,1.839768143520447,2025-01-01T00:00:00,10.0,1.5068921440924758,2.102471038203733,0.010000000000000009,2025-01-01T00:00:00
0,2025-08-14 14:00:00,11.800000190734863,abstain,outside_training_support,-0.41753018983721146,0.6586716063592956,2025-01-01T00:00:00,10.0,0.5394957362726849,0.752724184802778,0.010000000000000009,2025-01-01T00:00:00
0,2025-08-14 20:00:00,4.699999809265137,ok,,1.7149557321943156,5.556429535974044,2025-01-01T00:00:00,10.0,4.551084356173728,6.349839362285598,0.010000000000000009,2025-01-01T00:00:00
0,2025-08-15 10:00:00,8.100000381469727,ok,,1.994512196691798,7.348617473524958,2025-01-01T00:00:00,10.0,6.019005155511535,8.397936154802434,0.025419208827532347,2025-01-01T00:00:00
0,2025-08-16 10:00:00,8.300000190734863,ok,,2.086875804252241,8.059695722477272,2025-01-01T00:00:00,10.0,6.601425408278222,9.210550195101064,0.05333248014318415,2025-01-01T00:00:00
0,2025-08-16 20:00:00,5.199999809265137,ok,,1.9397916216856887,6.957301068909584,2025-01-01T00:00:00,10.0,5.698491063534126,7.950743169982335,0.017994970659809706,2025-01-01T00:00:00
0,2025-08-17 10:00:00,7.900000095367432,ok,,2.0011160298303263,7.397307109285453,2025-01-01T00:00:00,10.0,6.058885196855124,8.453578247208295,0.026269341744844965,2025-01-01T00:00:00
0,2025-08-18 10:00:00,9.199999809265137,ok,,2.098555964299067,8.154386181785645,2025-01-01T00:00:00,10.0,6.678983175410366,9.318761628694597,0.05653332843845682,2025-01-01T00:00:00
0,2025-08-19 10:00:00,6.699999809265137,ok,,2.0610701140339627,7.854370386708206,2025-01-01T00:00:00,10.0,6.43325033874935,8.975906186624067,0.039379083723938835,2025-01-01T00:00:00
0,2025-08-20 10:00:00,7.099999904632568,ok,,1.924536540984084,6.85197232155409,2025-01-01T00:00:00,10.0,5.612219832837968,7.830374393305153,0.015572085318582118,2025-01-01T00:00:00
0,2025-08-21 10:00:00,6.599999904632568,ok,,1.8998425625441997,6.684841914924316,2025-01-01T00:00:00,10.0,5.475328943800466,7.639379217755519,0.011650068808220837,2025-01-01T00:00:00
0,2025-08-22 10:00:00,8.5,ok,,2.028133167919563,7.599885397631379,2025-01-01T00:00:00,10.0,6.224810252328716,8.685082953774849,0.029747345797860536,2025-01-01T00:00:00
0,2025-08-23 10:00:00,11.399999618530273,ok,,2.185712003719544,8.896980982299485,2025-01-01T00:00:00,10.0,7.2872175744455445,10.167392510091135,0.13467008649524081,2025-01-01T00:00:00
0,2025-08-23 22:00:00,8.899999618530273,ok,,2.1548086472069867,8.626239366034065,2025-01-01T00:00:00,10.0,7.065462232031264,9.857991345037107,0.09144075343358082,2025-01-01T00:00:00
0,2025-08-24 10:00:00,9.399999618530273,ok,,2.1254425062989206,8.376603367883074,2025-01-01T00:00:00,10.0,6.8609937908196486,9.572709496857465,0.07103593735110203,2025-01-01T00:00:00
0,2025-08-25 10:00:00,10.899999618530273,ok,,2.2846946530130543,9.822686438345254,2025-01-01T00:00:00,10.0,8.045431746362697,11.225280656539399,0.4568478074740864,2025-01-01T00:00:00
0,2025-08-27 10:00:00,8.699999809265137,ok,,2.225734317878769,9.260280297225675,2025-01-01T00:00:00,10.0,7.584783811552405,10.582567808414309,0.268190533068673,2025-01-01T00:00:00
0,2025-08-27 22:00:00,9.300000190734863,ok,,2.244361742959407,9.434392067237004,2025-01-01T00:00:00,10.0,7.727392900283586,10.781541225335603,0.3231656761770616,2025-01-01T00:00:00
0,2025-08-28 10:00:00,7.800000190734863,ok,,2.117189175414348,8.307753001850926,2025-01-01T00:00:00,10.0,6.80460077409244,9.494027897188433,0.06452045025158015,2025-01-01T00:00:00
0,2025-08-29 10:00:00,8.0,ok,,2.084171928864452,8.037932745028732,2025-01-01T00:00:00,10.0,6.583600086177299,9.185679653695187,0.052591506141891564,2025-01-01T00:00:00
0,2025-08-30 10:00:00,11.100000381469727,ok,,2.216883188318699,9.17867802543547,2025-01-01T00:00:00,10.0,7.517946138156527,10.489313441718819,0.22395446743596048,2025-01-01T00:00:00
0,2025-08-31 10:00:00,8.600000381469727,ok,,2.2863819525892755,9.839274243372795,2025-01-01T00:00:00,10.0,8.059018258973959,11.24423705589907,0.46179637198176404,2025-01-01T00:00:00
0,2025-09-01 10:00:00,7.599999904632568,ok,,2.1964712431539386,8.993222545524059,2025-01-01T00:00:00,10.0,7.36604579857208,10.277376531753738,0.1628158182833076,2025-01-01T00:00:00
0,2025-09-02 10:00:00,7.199999809265137,ok,,2.099281761295968,8.160306759096668,2025-01-01T00:00:00,10.0,6.683832520948767,9.325527612968058,0.0567322269185232,2025-01-01T00:00:00
0,2025-09-03 10:00:00,10.699999809265137,ok,,2.1419144919129214,8.515725319842403,2025-01-01T00:00:00,10.0,6.974943897639722,9.73169685393451,0.0842689591012804,2025-01-01T00:00:00
0,2025-09-04 10:00:00,7.300000190734863,ok,,2.1475993648875233,8.5642740023702,2025-01-01T00:00:00,10.0,7.014708488936095,9.787177866211593,0.08737579536182638,2025-01-01T00:00:00
0,2025-09-05 10:00:00,9.699999809265137,ok,,2.2296694680367377,9.296792684445887,2025-01-01T00:00:00,10.0,7.614689878606548,10.624293847065722,0.2826217922278088,2025-01-01T00:00:00
0,2025-09-06 10:00:00,11.699999809265137,ok,,2.2790437095566256,9.767335532405841,2025-01-01T00:00:00,10.0,8.000095682890644,11.162026122490738,0.4343961933729351,2025-01-01T00:00:00
0,2025-09-07 10:00:00,10.699999809265137,ok,,2.114981443403127,8.289431941045157,2025-01-01T00:00:00,10.0,6.789594610029383,9.47309074819552,0.0628524114726936,2025-01-01T00:00:00
0,2025-09-08 10:00:00,9.800000190734863,ok,,2.2170301375616854,9.180026924330333,2025-01-01T00:00:00,10.0,7.519050975825883,10.490854951647611,0.22439608873574757,2025-01-01T00:00:00
0,2025-09-09 10:00:00,8.399999618530273,ok,,2.0737169846840953,7.9543343764736285,2025-01-01T00:00:00,10.0,6.515127477126912,9.090144164972212,0.04913897687587909,2025-01-01T00:00:00
0,2025-09-10 10:00:00,10.100000381469727,ok,,2.2213244037590707,9.219533168095877,2025-01-01T00:00:00,10.0,7.551409209977599,10.536002343528382,0.25104821993984294,2025-01-01T00:00:00
0,2025-09-11 10:00:00,8.699999809265137,ok,,2.1813783572520915,8.85850803637936,2025-01-01T00:00:00,10.0,7.255705679769405,10.123425962003907,0.11994020323781784,2025-01-01T00:00:00
0,2025-09-12 10:00:00,9.899999618530273,ok,,2.265895335852086,9.63975155369524,2025-01-01T00:00:00,10.0,7.895595941492154,11.01622426092325,0.38555253202553796,2025-01-01T00:00:00
0,2025-09-13 10:00:00,9.800000190734863,ok,,2.2616381776466126,9.598800834960995,2025-01-01T00:00:00,10.0,7.862054586526906,10.96942613560751,0.3758396973203476,2025-01-01T00:00:00
0,2025-09-14 10:00:00,9.899999618530273,ok,,2.237580112879515,9.370627966857331,2025-01-01T00:00:00,10.0,7.675165872505297,10.70867216583072,0.302203175027954,2025-01-01T00:00:00
0,2025-09-15 10:00:00,8.300000190734863,ok,,2.2157291632883087,9.168091710859105,2025-01-01T00:00:00,10.0,7.50927524431254,10.477215493465659,0.22048631732133306,2025-01-01T00:00:00
0,2025-09-16 10:00:00,9.199999809265137,ok,,2.152855913976379,8.6094110577147,2025-01-01T00:00:00,10.0,7.051678731271057,9.838760100606638,0.09027216506794211,2025-01-01T00:00:00
0,2025-09-17 10:00:00,9.300000190734863,ok,,2.1850894562267262,8.891443912818502,2025-01-01T00:00:00,10.0,7.282682347258588,10.161064795231363,0.13354702123035278,2025-01-01T00:00:00
0,2025-09-18 10:00:00,9.600000381469727,ok,,2.2061660340096267,9.080833958174892,2025-01-01T00:00:00,10.0,7.437805356928036,10.377498092377145,0.19453872311037523,2025-01-01T00:00:00
0,2025-09-19 10:00:00,9.600000381469727,ok,,2.237135437749251,9.366462007963317,2025-01-01T00:00:00,10.0,7.671753675836868,10.703911344228356,0.30119815633629476,2025-01-01T00:00:00
0,2025-09-20 10:00:00,8.5,ok,,2.2083496409426813,9.100684595270724,2025-01-01T00:00:00,10.0,7.454064345431719,10.40018322785515,0.20182284212855084,2025-01-01T00:00:00
0,2025-09-21 10:00:00,7.599999904632568,ok,,2.1368616862416436,8.472805538623055,2025-01-01T00:00:00,10.0,6.939789749888341,9.682648501131181,0.08150755353476158,2025-01-01T00:00:00
0,2025-09-22 10:00:00,8.899999618530273,ok,,2.1579424864808088,8.653315016954798,2025-01-01T00:00:00,10.0,7.087638986103421,9.888933163494961,0.09331615968865381,2025-01-01T00:00:00
0,2025-09-23 10:00:00,10.199999809265137,ok,,2.2151812451289725,9.163069722869114,2025-01-01T00:00:00,10.0,7.505161903032826,10.471476409255319,0.21841164658362366,2025-01-01T00:00:00
0,2025-09-24 10:00:00,10.5,ok,,2.352959109846063,10.516643630216995,2025-01-01T00:00:00,10.0,8.613828717715288,12.018328901668614,0.7012540607217881,2025-01-01T00:00:00
0,2025-09-25 10:00:00,9.800000190734863,ok,,2.1556985576802647,8.633919363539167,2025-01-01T00:00:00,10.0,7.071752659413566,9.86676797941075,0.0919733090378142,2025-01-01T00:00:00
0,2025-09-26 10:00:00,7.599999904632568,ok,,2.1394957547017617,8.495152907790109,2025-01-01T00:00:00,10.0,6.958093727570294,9.70818688031187,0.08294709658897181,2025-01-01T00:00:00
0,2025-09-27 10:00:00,8.399999618530273,ok,,2.1150205302015146,8.289755954732474,2025-01-01T00:00:00,10.0,6.789859998731603,9.473461028220187,0.06288194327053953,2025-01-01T00:00:00
0,2025-09-28 10:00:00,9.399999618530273,ok,,2.1516970936527393,8.59944007561061,2025-01-01T00:00:00,10.0,7.043511835537779,9.827365348952672,0.08961524246478425,2025-01-01T00:00:00
0,2025-09-28 17:00:00,15.300000190734863,ok,,1.9192203686293485,6.81564270852636,2025-01-01T00:00:00,10.0,5.58246346997115,7.788857227411742,0.01472774523794429,2025-01-01T00:00:00
0,2025-09-28 20:00:00,8.300000190734863,ok,,1.9735648998375552,7.19628485029742,2025-01-01T00:00:00,10.0,5.8942346326393835,8.223851757462752,0.022722595177406157,2025-01-01T00:00:00
0,2025-09-29 10:00:00,9.199999809265137,ok,,2.230718548645492,9.306550887050347,2025-01-01T00:00:00,10.0,7.622682493815651,10.635445436157564,0.2843916607633141,2025-01-01T00:00:00
0,2025-09-30 10:00:00,8.300000190734863,ok,,2.1816070233492577,8.860533908454057,2025-01-01T00:00:00,10.0,7.257365003377681,10.125741110996543,0.12114785714317355,2025-01-01T00:00:00
0,2025-10-01 10:00:00,9.800000190734863,ok,,2.215256752342227,9.163761626850285,2025-01-01T00:00:00,10.0,7.505728618288422,10.472267111109112,0.21872227408181755,2025-01-01T00:00:00
0,2025-10-02 10:00:00,9.699999809265137,ok,,2.231341653844714,9.312351654351339,2025-01-01T00:00:00,10.0,7.62743370700866,10.642074502593271,0.2854428805430047,2025-01-01T00:00:00
0,2025-10-03 10:00:00,10.399999618530273,ok,,2.29890641339399,9.963280784523011,2025-01-01T00:00:00,10.0,8.160587841713754,11.385950652927255,0.49683785752336274,2025-01-01T00:00:00
0,2025-10-05 10:00:00,9.699999809265137,ok,,2.231359359178469,9.312516534105045,2025-01-01T00:00:00,10.0,7.627568754463664,10.64226292574223,0.28547275061482025,2025-01-01T00:00:00
0,2025-10-06 10:00:00,9.800000190734863,ok,,2.1979080451709585,9.0061533130689,2025-01-01T00:00:00,10.0,7.376636954908291,10.292153700474982,0.1672575362033647,2025-01-01T00:00:00
0,2025-10-06 14:00:00,5.199999809265137,ok,,2.015691775579579,7.505917996397777,2025-01-01T00:00:00,10.0,6.147844717721323,8.577697824662398,0.02814572489927769,2025-01-01T00:00:00
0,2025-10-07 10:00:00,9.300000190734863,ok,,2.1381990247871157,8.484144128134648,2025-01-01T00:00:00,10.0,6.949076806803793,9.695606142639523,0.08223842156017946,2025-01-01T00:00:00
0,2025-10-08 10:00:00,9.800000190734863,ok,,2.2488039277175673,9.476394602321507,2025-01-01T00:00:00,10.0,7.761795762608234,10.829541357231202,0.337470038923288,2025-01-01T00:00:00
0,2025-10-09 10:00:00,12.699999809265137,ok,,2.233847281331814,9.3357141953156,2025-01-01T00:00:00,10.0,7.646569177730377,10.668773011277205,0.2896700402236906,2025-01-01T00:00:00
0,2025-10-09 16:00:00,8.699999809265137,ok,,2.2048838386771727,9.06919801662805,2025-01-01T00:00:00,10.0,7.428274748971913,10.364200639548303,0.1890445736651848,2025-01-01T00:00:00
0,2025-10-09 22:00:00,9.0,ok,,2.3490720913523258,10.475844586621873,2025-01-01T00:00:00,10.0,8.580411594749817,11.971704109383095,0.684829094139861,2025-01-01T00:00:00
0,2025-10-10 10:00:00,10.199999809265137,ok,,2.4833025351092712,11.980766054706612,2025-01-01T00:00:00,10.0,9.813042100783909,13.691515278286532,0.885736220094968,2025-01-01T00:00:00
0,2025-10-10 20:00:00,9.600000381469727,ok,,2.1934359045893195,8.965966456966283,2025-01-01T00:00:00,10.0,7.343721254106488,10.24622851073312,0.1538502568648481,2025-01-01T00:00:00
0,2025-10-11 10:00:00,9.0,ok,,2.2002254505155245,9.02704842275882,2025-01-01T00:00:00,10.0,7.393751435747949,10.316032450152148,0.17522994477288578,2025-01-01T00:00:00
0,2025-10-12 10:00:00,10.5,ok,,2.2489403838840416,9.477687803031538,2025-01-01T00:00:00,10.0,7.762854979769668,10.831019215758646,0.33805156692684046,2025-01-01T00:00:00
0,2025-10-14 10:00:00,9.199999809265137,ok,,2.1888697985629175,8.925120228567433,2025-01-01T00:00:00,10.0,7.310265483656927,10.199549796064156,0.14059102604565876,2025-01-01T00:00:00
0,2025-10-15 10:00:00,9.100000381469727,ok,,2.1151239563571385,8.290613376661094,2025-01-01T00:00:00,10.0,6.790562284165211,9.4744408825452,0.06296008628674565,2025-01-01T00:00:00
0,2025-10-16 10:00:00,12.199999809265137,ok,,2.316391530215401,10.1390218621912,2025-01-01T00:00:00,10.0,8.304531441490296,11.586786028472485,0.5635602004299056,2025-01-01T00:00:00
0,2025-10-16 15:00:00,9.699999809265137,ok,,2.266748954322723,9.6479837367457,2025-01-01T00:00:00,10.0,7.902338645463391,11.025631928137047,0.3885044641622041,2025-01-01T00:00:00
0,2025-10-17 10:00:00,10.399999618530273,ok,,2.2300959348188876,9.300758303248578,2025-01-01T00:00:00,10.0,7.617937983451328,10.628825721753616,0.2833412699618043,2025-01-01T00:00:00
0,2025-10-18 10:00:00,10.800000190734863,ok,,2.192727843153402,8.959620248900112,2025-01-01T00:00:00,10.0,7.338523288746902,10.238976119333403,0.15180062854328125,2025-01-01T00:00:00
0,2025-10-18 16:00:00,8.0,ok,,2.0717828930072146,7.93896483240568,2025-01-01T00:00:00,10.0,6.502538801050612,9.072579983644763,0.04747088353710405,2025-01-01T00:00:00
0,2025-10-19 10:00:00,6.5,ok,,1.9496292975925789,7.026082512064577,2025-01-01T00:00:00,10.0,5.754827627853189,8.029346005186618,0.019557437697040547,2025-01-01T00:00:00
0,2025-10-20 10:00:00,10.5,ok,,2.1459975064988956,8.550566230103117,2025-01-01T00:00:00,10.0,7.003480914192491,9.771512743249582,0.08650036476763678,2025-01-01T00:00:00
0,2025-10-21 10:00:00,10.100000381469727,ok,,2.202732547754887,9.049708504584174,2025-01-01T00:00:00,10.0,7.412311545839744,10.341928194639804,0.18324308436691883,2025-01-01T00:00:00
0,2025-10-21 16:00:00,11.0,ok,,2.22537195806549,9.256925351671693,2025-01-01T00:00:00,10.0,7.582035888605179,10.578733805805424,0.2667997416810066,2025-01-01T00:00:00
0,2025-10-21 22:00:00,10.0,ok,,2.2033160868266535,9.05499090417808,2025-01-01T00:00:00,10.0,7.41663818149655,10.347964874966898,0.18481674213905153,2025-01-01T00:00:00
0,2025-10-22 10:00:00,9.300000190734863,ok,,2.1310510726263985,8.423716097406855,2025-01-01T00:00:00,10.0,6.89958224135684,9.62654951452672,0.07684098034025366,2025-01-01T00:00:00
0,2025-10-22 20:00:00,11.0,ok,,2.2486278764049423,9.474726417460193,2025-01-01T00:00:00,10.0,7.760429408553641,10.827634970076039,0.3367197703865201,2025-01-01T00:00:00
0,2025-10-23 02:00:00,6.699999809265137,ok,,2.1083672238685276,8.234784741880949,2025-01-01T00:00:00,10.0,6.744834929084137,9.410640404131053,0.059222020489035465,2025-01-01T00:00:00
0,2025-10-23 10:00:00,9.100000381469727,ok,,2.122930325326983,8.355586234767111,2025-01-01T00:00:00,10.0,6.843779364700068,9.548691299869974,0.06885814189214212,2025-01-01T00:00:00
0,2025-10-23 21:00:00,6.5,ok,,2.2989172703035115,9.96338895554823,2025-01-01T00:00:00,10.0,8.160676440958552,11.38607426983436,0.49687302685736834,2025-01-01T00:00:00
0,2025-10-24 10:00:00,7.0,ok,,2.2637227764767722,9.61883135449765,2025-01-01T00:00:00,10.0,7.87846091068149,10.992316839174864,0.37911048989789253,2025-01-01T00:00:00
0,2025-10-25 10:00:00,7.199999809265137,ok,,2.3590413769709215,10.580803587237384,2025-01-01T00:00:00,10.0,8.66637997834008,12.091650342700657,0.7210188751931139,2025-01-01T00:00:00
0,2025-10-26 10:00:00,7.199999809265137,ok,,2.3231612820567986,10.20789338263494,2025-01-01T00:00:00,10.0,8.360941785083803,11.665491803219155,0.5876066453824806,2025-01-01T00:00:00
0,2025-10-27 10:00:00,10.399999618530273,ok,,2.2044071839102695,9.064876170257598,2025-01-01T00:00:00,10.0,7.424734870120035,10.35926167109326,0.18775915591879344,2025-01-01T00:00:00
0,2025-10-27 15:15:10,9.600000381469727,ok,,2.4111851913297935,11.14716484218879,2025-01-01T00:00:00,10.0,9.130267413727204,12.738883060524275,0.8244913447076002,2025-01-01T00:00:00
0,2025-10-27 18:46:34,5.599999904632568,ok,,2.1933639300706083,8.965321159068544,2025-01-01T00:00:00,10.0,7.343192712324673,10.245491069906247,0.1536419119324759,2025-01-01T00:00:00
0,2025-10-27 22:00:00,7.699999809265137,ok,,2.2925244882758595,9.899898338761595,2025-01-01T00:00:00,10.0,8.108673414383535,11.313517745001748,0.4800178307347338,2025-01-01T00:00:00
0,2025-10-28 10:00:00,9.899999618530273,ok,,2.264343571330909,9.62480452937161,2025-01-01T00:00:00,10.0,7.883353337112813,10.999142931485933,0.38018631313950046,2025-01-01T00:00:00
0,2025-10-28 14:00:00,7.800000190734863,ok,,1.8992746683346737,6.681046709648782,2025-01-01T00:00:00,10.0,5.4722204189382095,7.635042090164768,0.011559873116533392,2025-01-01T00:00:00
0,2025-10-29 10:00:00,9.199999809265137,ok,,1.9507593340633493,7.034026729332089,2025-01-01T00:00:00,10.0,5.761334468746994,8.038424587607436,0.01973691552830459,2025-01-01T00:00:00
0,2025-10-30 10:00:00,9.899999618530273,ok,,2.1324169695018775,8.435229886438375,2025-01-01T00:00:00,10.0,6.909012798300356,9.63970737252313,0.07825472667361821,2025-01-01T00:00:00
0,2025-10-31 10:00:00,10.199999809265137,ok,,2.118234935717201,8.316445464470155,2025-01-01T00:00:00,10.0,6.811720477561523,9.503961567891428,0.06531056822319636,2025-01-01T00:00:00
0,2025-11-01 10:00:00,7.800000190734863,ok,,2.1000618554867962,8.166675050605471,2025-01-01T00:00:00,10.0,6.689048574112696,9.332805241134006,0.05694600508173786,2025-01-01T00:00:00
0,2025-11-02 10:00:00,10.100000381469727,ok,,2.1517994206941786,8.600320075894727,2025-01-01T00:00:00,10.0,7.044232614142194,9.828371005626032,0.08967116515016316,2025-01-01T00:00:00
0,2025-11-03 05:00:00,8.5,ok,,2.0903394635829304,8.087660164461857,2025-01-01T00:00:00,10.0,6.624330141186504,9.242507716258928,0.054281666457378086,2025-01-01T00:00:00
0,2025-11-03 10:00:00,9.5,ok,,2.1924022239466923,8.956703299395413,2025-01-01T00:00:00,10.0,7.336134113616965,10.2356426548014,0.1508580572997943,2025-01-01T00:00:00
0,2025-11-04 10:00:00,9.399999618530273,ok,,2.161273014121534,8.682183168205723,2025-01-01T00:00:00,10.0,7.111283916845211,9.921923435744926,0.0953092715952808,2025-01-01T00:00:00
0,2025-11-05 10:00:00,8.899999618530273,ok,,2.148080647114104,8.568396827272698,2025-01-01T00:00:00,10.0,7.018085356004331,9.791889394663489,0.08763882060087347,2025-01-01T00:00:00
0,2025-11-06 10:00:00,9.600000381469727,ok,,2.164723855937125,8.712195763509355,2025-01-01T00:00:00,10.0,7.135866223178839,9.956221568707742,0.09737438398961673,2025-01-01T00:00:00
0,2025-11-07 10:00:00,9.899999618530273,ok,,2.2585515094050255,9.569218200642755,2025-01-01T00:00:00,10.0,7.837824446760263,10.935619358320423,0.37099663043003683,2025-01-01T00:00:00
0,2025-11-08 10:00:00,8.800000190734863,ok,,2.1736044580224796,8.789909870662292,2025-01-01T00:00:00,10.0,7.1995192318290675,10.045032574662143,0.10647624445576664,2025-01-01T00:00:00
0,2025-11-09 10:00:00,10.5,ok,,2.16159007067419,8.684936347704296,2025-01-01T00:00:00,10.0,7.113538953477022,9.925069745337858,0.09549901005667205,2025-01-01T00:00:00
0,2025-11-09 13:00:00,11.199999809265137,ok,,2.274082477854093,9.718997524889405,2025-01-01T00:00:00,10.0,7.960503648402962,11.106785867784886,0.42175938704156923,2025-01-01T00:00:00
0,2025-11-09 17:00:09,8.100000381469727,ok,,2.1934405590287174,8.96600818861092,2025-01-01T00:00:00,10.0,7.343755435091567,10.246276201293766,0.1538637300895247,2025-01-01T00:00:00
0,2025-11-10 00:00:00,7.300000190734863,ok,,1.9155097692487282,6.790399451683751,2025-01-01T00:00:00,10.0,5.561787568194393,7.760009452974272,0.01413840998483562,2025-01-01T00:00:00
0,2025-11-10 10:00:00,8.100000381469727,ok,,2.0519922912176254,7.78339245397415,2025-01-01T00:00:00,10.0,6.375114703768623,8.894793222226625,0.036630302216956734,2025-01-01T00:00:00
0,2025-11-11 10:00:00,9.100000381469727,ok,,2.2098223716068697,9.114097326785505,2025-01-01T00:00:00,10.0,7.4650502622286945,10.415511180810713,0.20433861228898986,2025-01-01T00:00:00
0,2025-11-12 10:00:00,11.5,ok,,2.3853429269450284,10.862787168685918,2025-01-01T00:00:00,10.0,8.897343235935553,12.413898727820559,0.7771898223244323,2025-01-01T00:00:00
0,2025-11-12 17:06:58,8.100000381469727,ok,,2.232551524762098,9.323625216192521,2025-01-01T00:00:00,10.0,7.636667501948664,10.654957831045264,0.28748401298872184,2025-01-01T00:00:00
0,2025-11-13 10:00:00,7.300000190734863,ok,,2.2209358719864256,9.215951782317253,2025-01-01T00:00:00,10.0,7.548475817466276,10.531909566999603,0.24751288686786488,2025-01-01T00:00:00
0,2025-11-14 10:00:00,10.399999618530273,ok,,2.209828780255202,9.1141557360173,2025-01-01T00:00:00,10.0,7.465098103263907,10.41557793037296,0.20434955976678448,2025-01-01T00:00:00
0,2025-11-14 22:00:00,8.300000190734863,ok,,2.1536675223223543,8.616401363894775,2025-01-01T00:00:00,10.0,7.057404255709914,9.846748561730692,0.0907578617599919,2025-01-01T00:00:00
0,2025-11-15 10:00:00,9.199999809265137,ok,,2.1424185893688676,8.520019157477059,2025-01-01T00:00:00,10.0,6.978460835479123,9.736603814249815,0.08454445307660408,2025-01-01T00:00:00
0,2025-11-16 10:00:00,9.899999618530273,ok,,2.263195973172623,9.613765456841016,2025-01-01T00:00:00,10.0,7.8743116044722035,10.986527575379267,0.37828392110580245,2025-01-01T00:00:00
0,2025-11-17 10:00:00,9.199999809265137,ok,,2.2250435824732815,9.253886102362264,2025-01-01T00:00:00,10.0,7.579546541822842,10.575260578119934,0.2655393868380381,2025-01-01T00:00:00
0,2025-11-18 10:00:00,9.800000190734863,ok,,2.219336849824265,9.201227046898495,2025-01-01T00:00:00,10.0,7.536415282444777,10.515082267390039,0.23264295678191227,2025-01-01T00:00:00
0,2025-11-19 10:00:00,9.699999809265137,ok,,2.2487771449457528,9.476140801606007,2025-01-01T00:00:00,10.0,7.761587882987261,10.829251315980246,0.33735590020588635,2025-01-01T00:00:00
0,2025-11-20 10:00:00,6.099999904632568,ok,,2.0449564292101465,7.728821779703945,2025-01-01T00:00:00,10.0,6.330417701787575,8.832430330145662,0.03449983021247682,2025-01-01T00:00:00
0,2025-11-21 10:00:00,10.399999618530273,ok,,2.226313946013514,9.26564937210468,2025-01-01T00:00:00,10.0,7.589181440017007,10.588703540503598,0.270566519928214,2025-01-01T00:00:00
0,2025-11-22 10:00:00,9.300000190734863,ok,,2.2050452678947323,9.07066216834302,2025-01-01T00:00:00,10.0,7.429473986345828,10.365873859397826,0.1894799075702357,2025-01-01T00:00:00
0,2025-11-23 10:00:00,9.899999618530273,ok,,2.232301934689042,9.321298422278073,2025-01-01T00:00:00,10.0,7.634761703393039,10.652298791190582,0.2870629379889643,2025-01-01T00:00:00
0,2025-11-23 22:51:00,9.899999618530273,ok,,2.374728256412901,10.748092064104277,2025-01-01T00:00:00,10.0,8.803400337386815,12.2828261595429,0.7521553982877787,2025-01-01T00:00:00
0,2025-11-24 02:38:00,10.699999809265137,ok,,2.297967396456719,9.953929486316387,2025-01-01T00:00:00,10.0,8.152928508197052,11.375264070643352,0.4937960526489624,2025-01-01T00:00:00
0,2025-11-24 10:00:00,9.0,ok,,2.174353941732415,8.796500234298751,2025-01-01T00:00:00,10.0,7.204917176795921,10.052563984924728,0.10755652037122054,2025-01-01T00:00:00
0,2025-11-24 20:00:00,8.399999618530273,ok,,2.226902339750121,9.271102826392658,2025-01-01T00:00:00,10.0,7.593648180814572,10.594935700647813,0.273647674135433,2025-01-01T00:00:00
0,2025-11-25 10:00:00,9.899999618530273,ok,,2.239460139552667,9.388261568005628,2025-01-01T00:00:00,10.0,7.689608961508665,10.728823691904319,0.3064522589517926,2025-01-01T00:00:00
0,2025-11-26 10:00:00,9.699999809265137,ok,,2.3125639057608836,10.100287671424761,2025-01-01T00:00:00,10.0,8.272805569956269,11.542520932046333,0.546637494962048,2025-01-01T00:00:00
0,2025-11-27 10:00:00,13.100000381469727,ok,,2.4054346991080244,11.08324711280854,2025-01-01T00:00:00,10.0,9.077914553607002,12.665838435133288,0.8106185239053997,2025-01-01T00:00:00
0,2025-11-27 12:45:00,10.5,ok,,2.2905349817358815,9.880222005858142,2025-01-01T00:00:00,10.0,8.092557192575267,11.291031802839273,0.4753060666001583,2025-01-01T00:00:00
0,2025-11-27 22:00:00,8.600000381469727,ok,,2.4743900851293072,11.874462492767321,2025-01-01T00:00:00,10.0,9.725972432282724,13.570032491978697,0.8768400957410503,2025-01-01T00:00:00
0,2025-11-28 10:00:00,9.0,ok,,2.293923709313035,9.913760180411732,2025-01-01T00:00:00,10.0,8.120027182171508,11.329358937115124,0.4832880463896576,2025-01-01T00:00:00
0,2025-11-29 10:00:00,7.300000190734863,ok,,2.223954013131585,9.243808842707107,2025-01-01T00:00:00,10.0,7.5712925977256935,10.56374437340466,0.26135745605773564,2025-01-01T00:00:00
0,2025-11-30 10:00:00,8.699999809265137,ok,,2.2687174244728494,9.666994209375748,2025-01-01T00:00:00,10.0,7.91790948354024,11.047356930968522,0.4002606880695534,2025-01-01T00:00:00
0,2025-12-01 10:00:00,7.800000190734863,ok,,2.132842619457601,8.43882110591304,2025-01-01T00:00:00,10.0,6.911954245261018,9.64381138691424,0.0786952877986955,2025-01-01T00:00:00
0,2025-12-02 10:00:00,8.399999618530273,ok,,2.1491068464664247,8.577194223716505,2025-01-01T00:00:00,10.0,7.025291007236162,9.801942982828848,0.08819964814663972,2025-01-01T00:00:00
0,2025-12-03 10:00:00,6.800000190734863,ok,,2.017539273838535,7.5197979845069325,2025-01-01T00:00:00,10.0,6.159213348662917,8.593559754391364,0.02838355935869985,2025-01-01T00:00:00
0,2025-12-04 10:00:00,7.800000190734863,ok,,1.9495243422246185,7.02534512568621,2025-01-01T00:00:00,10.0,5.754223659497374,8.028503326444767,0.019540768180340562,2025-01-01T00:00:00
0,2025-12-05 10:00:00,9.0,ok,,2.2159613674952268,9.170220827509132,2025-01-01T00:00:00,10.0,7.511019132076377,10.479648629461304,0.22118415231245758,2025-01-01T00:00:00
0,2025-12-06 10:00:00,8.300000190734863,ok,,2.132249039992235,8.433813481351258,2025-01-01T00:00:00,10.0,6.907852668581758,9.638088717104775,0.07808091433625752,2025-01-01T00:00:00
0,2025-12-07 10:00:00,10.199999809265137,ok,,2.1621133714228,8.689482370761572,2025-01-01T00:00:00,10.0,7.117262447905381,9.930264900961458,0.09581217273397502,2025-01-01T00:00:00
0,2025-12-08 10:00:00,8.199999809265137,ok,,2.14779746675782,8.565970769128588,2025-01-01T00:00:00,10.0,7.016098253460271,9.78911691651022,0.08748405988711483,2025-01-01T00:00:00
0,2025-12-09 10:00:00,9.100000381469727,ok,,2.117683325920025,8.311859296678106,2025-01-01T00:00:00,10.0,6.807964101932525,9.498720535213977,0.06489380272456424,2025-01-01T00:00:00
0,2025-12-10 06:00:00,9.800000190734863,ok,,2.0005455661360174,7.393088417563592,2025-01-01T00:00:00,10.0,6.055429808502843,8.448757162988764,0.026195904098179623,2025-01-01T00:00:00
0,2025-12-10 09:35:00,8.0,abstain,outside_training_support,0.7104168568522398,2.0348393185878315,2025-01-01T00:00:00,10.0,1.6666683758329852,2.325396680987583,0.010000000000000009,2025-01-01T00:00:00
0,2025-12-10 20:00:00,7.800000190734863,ok,,2.1597116266129546,8.668637493635172,2025-01-01T00:00:00,10.0,7.100189110867248,9.906443556621127,0.09437487909958275,2025-01-01T00:00:00
0,2025-12-11 10:00:00,7.300000190734863,ok,,2.054073105130907,7.799605107192327,2025-01-01T00:00:00,10.0,6.38839394216364,8.913320901360382,0.037260376511203286,2025-01-01T00:00:00
0,2025-12-11 17:00:00,10.5,ok,,2.313407479205875,10.108811600665849,2025-01-01T00:00:00,10.0,8.279787233409587,11.552262004270135,0.5492486851125571,2025-01-01T00:00:00
0,2025-12-12 10:00:00,7.599999904632568,ok,,2.193462724345778,8.96620692522771,2025-01-01T00:00:00,10.0,7.343918213563212,10.24650331577148,0.15392789212307012,2025-01-01T00:00:00
0,2025-12-13 10:00:00,6.699999809265137,ok,,2.0900456735963524,8.085284439889826,2025-01-01T00:00:00,10.0,6.6223842651766756,9.239792758874195,0.05420115581591978,2025-01-01T00:00:00
0,2025-12-14 10:00:00,6.400000095367432,ok,,2.134653329828808,8.454115209227325,2025-01-01T00:00:00,10.0,6.924481130355972,9.661289355204339,0.08030066609677322,2025-01-01T00:00:00
0,2025-12-14 14:22:00,11.0,ok,,2.276229704705046,9.739888838507209,2025-01-01T00:00:00,10.0,7.977615020007756,11.130660279343843,0.4265324696005277,2025-01-01T00:00:00
0,2025-12-15 10:00:00,8.800000190734863,ok,,2.136615725188333,8.470721814716246,2025-01-01T00:00:00,10.0,6.938083041792168,9.680267239567812,0.08137313351825082,2025-01-01T00:00:00
0,2025-12-16 10:00:00,7.400000095367432,ok,,2.029231852959621,7.608239866648578,2025-01-01T00:00:00,10.0,6.231653116618121,8.694630368328195,0.02988878309627785,2025-01-01T00:00:00
0,2025-12-17 10:00:00,8.399999618530273,ok,,2.21462928540554,9.158013472990598,2025-01-01T00:00:00,10.0,7.501020498993769,10.46569817085667,0.21614095136651723,2025-01-01T00:00:00
0,2025-12-18 10:00:00,9.300000190734863,ok,,2.1387889143935044,8.489150312977976,2025-01-01T00:00:00,10.0,6.953177204258143,9.701327167151259,0.08256080174827429,2025-01-01T00:00:00
0,2025-12-19 10:00:00,9.399999618530273,ok,,2.1658096495933252,8.721660547872482,2025-01-01T00:00:00,10.0,7.143618509385423,9.96703784198457,0.09802416339329134,2025-01-01T00:00:00
0,2025-12-20 10:00:00,9.100000381469727,ok,,2.2160714639569363,9.171230491954558,2025-01-01T00:00:00,10.0,7.51184611422972,10.480802465210818,0.2215150212678466,2025-01-01T00:00:00
0,2025-12-21 10:00:00,8.800000190734863,ok,,2.1534651761282797,8.614658044255167,2025-01-01T00:00:00,10.0,7.055976361288098,9.84475631120417,0.09063677025372752,2025-01-01T00:00:00
0,2025-12-22 10:00:00,9.0,ok,,2.1623029036563404,8.691129463847298,2025-01-01T00:00:00,10.0,7.118611526396719,9.932147184618865,0.09592559588853466,2025-01-01T00:00:00
0,2025-12-23 10:00:00,8.300000190734863,ok,,2.0713942338792823,7.935879880793366,2025-01-01T00:00:00,10.0,6.500012021050712,9.069054527764905,0.04713567724357215,2025-01-01T00:00:00
0,2025-12-24 10:00:00,5.099999904632568,ok,,1.665904931088698,5.290458584681781,2025-01-01T00:00:00,10.0,4.333236504817746,6.045890071683446,0.010000000000000009,2025-01-01T00:00:00
0,2025-12-25 10:00:00,9.0,ok,,2.17086805758007,8.765890036334262,2025-01-01T00:00:00,10.0,7.17984539424318,10.017582916837055,0.10253210603916685,2025-01-01T00:00:00
0,2025-12-26 10:00:00,6.199999809265137,ok,,2.143731833596388,8.531215373527937,2025-01-01T00:00:00,10.0,6.987631279086407,9.749398752605144,0.08526215333186771,2025-01-01T00:00:00
0,2025-12-27 10:00:00,8.899999618530273,ok,,1.9574557468814673,7.0812875384238545,2025-01-01T00:00:00,10.0,5.800044206272702,8.092433829319477,0.02064881152619691,2025-01-01T00:00:00
0,2025-12-28 10:00:00,10.899999618530273,ok,,2.1014454162201925,8.177981961623267,2025-01-01T00:00:00,10.0,6.698309684240447,9.345726680735071,0.057325158106794394,2025-01-01T00:00:00
0,2025-12-29 00:00:00,10.5,ok,,2.14642687451313,8.554238358036638,2025-01-01T00:00:00,10.0,7.006488630547737,9.775709219124002,0.08673501840399789,2025-01-01T00:00:00
0,2025-12-29 02:30:00,7.900000095367432,ok,,1.9029604815209957,6.7057172372580895,2025-01-01T00:00:00,10.0,5.4924272174829145,7.663235354614124,0.012145271706965222,2025-01-01T00:00:00
0,2025-12-29 10:00:00,4.699999809265137,ok,,1.3796959206102706,3.973693125583199,2025-01-01T00:00:00,10.0,3.2547182508104173,4.541101953891448,0.010000000000000009,2025-01-01T00:00:00
0,2025-12-30 10:00:00,9.699999809265137,ok,,1.9746234619690115,7.2039065982622885,2025-01-01T00:00:00,10.0,5.900477349784455,8.232561824768277,0.022858867323309107,2025-01-01T00:00:00
0,2025-12-31 10:00:00,9.0,ok,,2.164673713625376,8.711758924825505,2025-01-01T00:00:00,10.0,7.1355084233206085,9.955722353258015,0.09734437696089537,2025-01-01T00:00:00
60,2025-01-01 09:00:00,3.5,ok,,1.3306391798827097,3.783460926976738,2025-01-01T00:00:00,30.0,2.9315768180189243,4.418200953489823,0.010000000000000009,2025-01-01T00:00:00
60,2025-01-02 09:00:00,7.099999904632568,ok,,1.9183875842357687,6.809969110416365,2025-01-01T00:00:00,30.0,5.276636381566711,7.952457445072701,0.012580290329582522,2025-01-01T00:00:00
60,2025-01-03 09:00:00,7.699999809265137,ok,,2.098614087625818,8.154860155612479,2025-01-01T00:00:00,30.0,6.318711742447638,9.52297687500996,0.05996644360789671,2025-01-01T00:00:00
60,2025-01-04 09:00:00,5.400000095367432,ok,,1.970233887016867,7.17235381262393,2025-01-01T00:00:00,30.0,5.557426539758009,8.375638354754509,0.018226867248409162,2025-01-01T00:00:00
60,2025-01-05 09:00:00,5.300000190734863,ok,,1.668019377946912,5.301656813071925,2025-01-01T00:00:00,30.0,4.107935699685714,6.191100063852784,0.010000000000000009,2025-01-01T00:00:00
60,2025-01-06 09:00:00,4.800000190734863,ok,,1.629664195265117,5.10216110097654,2025-01-01T00:00:00,30.0,3.953358444584962,5.958135547393174,0.010000000000000009,2025-01-01T00:00:00
60,2025-01-07 09:00:00,5.099999904632568,ok,,1.6262022710229045,5.084528345016646,2025-01-01T00:00:00,30.0,3.939695880174362,5.937544596224845,0.010000000000000009,2025-01-01T00:00:00
60,2025-01-08 09:00:00,3.5999999046325684,ok,,1.4899091836161453,4.436692576330986,2025-01-01T00:00:00,30.0,3.437726821152009,5.1810233406455115,0.010000000000000009,2025-01-01T00:00:00
60,2025-01-09 09:00:00,3.9000000953674316,ok,,1.5171159419889297,4.5590576295782546,2025-01-01T00:00:00,30.0,3.5325401575016957,5.323917216217505,0.010000000000000009,2025-01-01T00:00:00
60,2025-01-10 09:00:00,3.5,ok,,1.4537873930977412,4.279291220091715,2025-01-01T00:00:00,30.0,3.3157659562239012,4.997215225367145,0.010000000000000009,2025-01-01T00:00:00
60,2025-01-11 09:00:00,3.5999999046325684,ok,,1.4463396181473005,4.2475384127939755,2025-01-01T00:00:00,30.0,3.2911626114087458,4.960135343696223,0.010000000000000009,2025-01-01T00:00:00
60,2025-01-12 09:00:00,4.199999809265137,ok,,1.5639162782272023,4.777494654433929,2025-01-01T00:00:00,30.0,3.7017938991481354,5.579000773342015,0.010000000000000009,2025-01-01T00:00:00
60,2025-01-13 09:00:00,6.0,ok,,1.7239970953101351,5.606895027673978,2025-01-01T00:00:00,30.0,4.344446474125216,6.547547189071005,0.010000000000000009,2025-01-01T00:00:00
60,2025-01-14 09:00:00,1.600000023841858,ok,,1.7353357026815153,5.670831197539348,2025-01-01T00:00:00,30.0,4.3939867751955415,6.622209740664313,0.010000000000000009,2025-01-01T00:00:00
60,2025-01-15 09:00:00,1.899999976158142,abstain,outside_training_support,1.4188003772251725,4.132160432013312,2025-01-01T00:00:00,30.0,3.201763138202952,4.82540074103067,0.010000000000000009,2025-01-01T00:00:00
60,2025-01-16 09:00:00,7.099999904632568,ok,,1.7630593908812826,5.830247141963281,2025-01-01T00:00:00,30.0,4.517508623607818,6.80837042561636,0.010000000000000009,2025-01-01T00:00:00
60,2025-01-17 09:00:00,8.199999809265137,ok,,1.976839135777212,7.219885801242435,2025-01-01T00:00:00,30.0,5.594256225233232,8.43114464423094,0.01894624439186232,2025-01-01T00:00:00
60,2025-01-18 09:00:00,7.599999904632568,ok,,1.9582128554239804,7.086650871767738,2025-01-01T00:00:00,30.0,5.49102047412148,8.275557285512361,0.01691765760583408,2025-01-01T00:00:00
60,2025-01-19 09:00:00,6.900000095367432,ok,,1.9317669277033005,6.901694269067256,2025-01-01T00:00:00,30.0,5.347708702365047,8.059571061740655,0.014037433615802786,2025-01-01T00:00:00
60,2025-01-20 09:00:00,10.600000381469727,ok,,2.13180843431874,8.430098313804228,2025-01-01T00:00:00,30.0,6.531977273548,9.844390923266378,0.08645676807951408,2025-01-01T00:00:00
60,2025-01-21 09:00:00,8.300000190734863,ok,,2.1997347495808603,9.022619928282564,2025-01-01T00:00:00,30.0,6.991086714006221,10.536318132923961,0.184412517648898,2025-01-01T00:00:00
60,2025-01-22 09:00:00,6.099999904632568,ok,,2.063228681104268,7.871342883529152,2025-01-01T00:00:00,30.0,6.099031222841587,9.191894750461541,0.04499771115206885,2025-01-01T00:00:00
60,2025-01-23 09:00:00,6.099999904632568,ok,,2.077901081087466,7.987685802464206,2025-01-01T00:00:00,30.0,6.189178368715034,9.32775617609582,0.05172078130224844,2025-01-01T00:00:00
60,2025-01-23 21:00:00,5.900000095367432,ok,,2.051424835049613,7.77897697283257,2025-01-01T00:00:00,30.0,6.0274624217360655,9.084032884676214,0.03967069060514872,2025-01-01T00:00:00
60,2025-01-24 09:00:00,6.699999809265137,ok,,2.1558091515139974,8.634874274584384,2025-01-01T00:00:00,30.0,6.690645876474567,10.0835215400833,0.10950916793865906,2025-01-01T00:00:00
60,2025-01-25 09:00:00,7.5,ok,,1.9917442602915927,7.328305092386927,2025-01-01T00:00:00,30.0,5.678263827447116,8.557753118523829,0.022384456177311107,2025-01-01T00:00:00
60,2025-01-26 09:00:00,8.899999618530273,ok,,2.028868890415149,7.605478861648637,2025-01-01T00:00:00,30.0,5.8930291474050644,8.881427509582762,0.03459526474970043,2025-01-01T00:00:00
60,2025-01-27 09:00:00,6.0,ok,,1.9201582232347916,6.8220377887886,2025-01-01T00:00:00,30.0,5.28598767616788,7.966550849846984,0.012773130489191709,2025-01-01T00:00:00
60,2025-01-28 09:00:00,7.900000095367432,ok,,1.908405762480149,6.742331348237642,2025-01-01T00:00:00,30.0,5.2242279387539385,7.873472295994198,0.011493170876318959,2025-01-01T00:00:00
60,2025-01-29 09:00:00,6.199999809265137,ok,,1.951119953372248,7.036563792619506,2025-01-01T00:00:00,30.0,5.452211002331701,8.217067245540663,0.016145170179258872,2025-01-01T00:00:00
60,2025-01-30 09:00:00,5.900000095367432,ok,,2.0262222254406947,7.585376321210978,2025-01-01T00:00:00,30.0,5.877452895220158,8.857952425514641,0.03399972543358021,2025-01-01T00:00:00
60,2025-01-31 09:00:00,7.400000095367432,ok,,2.107635848795601,8.228764227485268,2025-01-01T00:00:00,30.0,6.3759755725865155,9.609279613988171,0.06734057881549138,2025-01-01T00:00:00
60,2025-02-01 09:00:00,9.600000381469727,ok,,1.9925327200575902,7.334085444593347,2025-01-01T00:00:00,30.0,5.682742675479483,8.564503223288444,0.02274395425312925,2025-01-01T00:00:00
60,2025-02-02 09:00:00,10.5,ok,,2.157217762375859,8.647046022894228,2025-01-01T00:00:00,30.0,6.700077033784923,10.097735306533153,0.11359203501026804,2025-01-01T00:00:00
60,2025-02-03 03:48:22,10.699999809265137,ok,,2.4893626166686227,12.05359091356197,2025-01-01T00:00:00,30.0,9.339604234876527,14.075786137384682,0.8468642070748895,2025-01-01T00:00:00
60,2025-02-03 09:00:00,8.5,ok,,2.1664559353399433,8.727299054618424,2025-01-01T00:00:00,30.0,6.762260291896798,10.191452151540357,0.12860193730018676,2025-01-01T00:00:00
60,2025-02-04 09:00:00,7.099999904632568,ok,,2.0595546888826632,7.842476690555882,2025-01-01T00:00:00,30.0,6.0766645422340195,9.158185761845122,0.04322199191016973,2025-01-01T00:00:00
60,2025-02-05 09:00:00,7.400000095367432,ok,,1.9990173757254994,7.381798999127334,2025-01-01T00:00:00,30.0,5.71971304548642,8.620221539455885,0.02570063173432824,2025-01-01T00:00:00
60,2025-02-07 09:00:00,8.300000190734863,ok,,1.9687228726048849,7.161524466354795,2025-01-01T00:00:00,30.0,5.549035529228329,8.3629922011572,0.018062302782959505,2025-01-01T00:00:00
60,2025-02-08 09:00:00,8.100000381469727,ok,,2.0204046529437947,7.541375956298623,2025-01-01T00:00:00,30.0,5.843359653013874,8.806570249786713,0.03269068436501876,2025-01-01T00:00:00
60,2025-02-09 09:00:00,9.899999618530273,ok,,2.11648947133499,8.301942066389936,2025-01-01T00:00:00,30.0,6.432676688381325,9.694734282045568,0.07628203188561578,2025-01-01T00:00:00
60,2025-02-10 09:00:00,9.5,ok,,2.2237818218627456,9.242217276564402,2025-01-01T00:00:00,30.0,7.161239520641885,10.792756677496941,0.2309279882160149,2025-01-01T00:00:00
60,2025-02-11 09:00:00,6.800000190734863,ok,,2.1359622632025923,8.465188328177003,2025-01-01T00:00:00,30.0,6.559166419852036,9.885367885352688,0.08869265484409361,2025-01-01T00:00:00
60,2025-02-12 09:00:00,9.600000381469727,ok,,2.084509093764859,8.04064331075032,2025-01-01T00:00:00,30.0,6.230211963782625,9.38959820859465,0.05435137193853967,2025-01-01T00:00:00
60,2025-02-13 09:00:00,11.600000381469727,ok,,2.178888302463436,8.83647730626876,2025-01-01T00:00:00,30.0,6.846855967059676,10.318946914893793,0.1410020538899548,2025-01-01T00:00:00
60,2025-02-13 15:46:39,8.899999618530273,ok,,2.165030662924541,8.714869136129062,2025-01-01T00:00:00,30.0,6.752629094007728,10.176936902465119,0.12696533218271555,2025-01-01T00:00:00
60,2025-02-14 09:00:00,7.0,ok,,2.0729156835638696,7.94796311241853,2025-01-01T00:00:00,30.0,6.158399640049714,9.281369328069022,0.04967964721134677,2025-01-01T00:00:00
60,2025-02-14 21:41:16,11.899999618530273,ok,,1.7962510947187948,6.027010367762127,2025-01-01T00:00:00,30.0,4.669968639060244,7.038144034651848,0.010000000000000009,2025-01-01T00:00:00
60,2025-02-15 01:39:46,8.0,ok,,2.0761757375998284,7.97391618286118,2025-01-01T00:00:00,30.0,6.178509116831567,9.311676468221608,0.05103393751962493,2025-01-01T00:00:00
60,2025-02-15 09:00:00,9.100000381469727,abstain,outside_training_support,1.6241169720947162,5.073936630791747,2025-01-01T00:00:00,30.0,3.931488996454908,5.925175941495555,0.010000000000000009,2025-01-01T00:00:00
60,2025-02-16 09:00:00,7.300000190734863,ok,,2.1772647226181774,8.822142220038716,2025-01-01T00:00:00,30.0,6.8357485690218995,10.302206873732445,0.13904850417924086,2025-01-01T00:00:00
60,2025-02-17 09:00:00,8.699999809265137,ok,,2.1501500727510723,8.586146847173325,2025-01-01T00:00:00,30.0,6.652889917220057,10.026619256591058,0.10303927448007799,2025-01-01T00:00:00
60,2025-02-18 09:00:00,8.5,ok,,2.1166651222414163,8.303400438117404,2025-01-01T00:00:00,30.0,6.433806693112658,9.696437320475514,0.07647852594910975,2025-01-01T00:00:00
60,2025-02-19 09:00:00,10.199999809265137,ok,,2.199019217033723,9.0161662592439,2025-01-01T00:00:00,30.0,6.986086153167858,10.528781750957696,0.18276785331292433,2025-01-01T00:00:00
60,2025-02-20 09:00:00,5.699999809265137,ok,,2.0673194149340217,7.903608401977791,2025-01-01T00:00:00,30.0,6.124031836758584,9.229573359313603,0.04697485055162043,2025-01-01T00:00:00
60,2025-02-21 09:00:00,9.399999618530273,ok,,2.039298994106354,7.685219925681689,2025-01-01T00:00:00,30.0,5.954815712477445,8.97454649559662,0.0369421945195344,2025-01-01T00:00:00
60,2025-02-22 09:00:00,9.100000381469727,ok,,2.2163330653983793,9.173630012916446,2025-01-01T00:00:00,30.0,7.108095366122397,10.712662731901789,0.2124300381666041,2025-01-01T00:00:00
60,2025-02-23 09:00:00,10.300000190734863,ok,,2.230207384444996,9.301794927048594,2025-01-01T00:00:00,30.0,7.207402666608626,10.862329493830021,0.23938091930695182,2025-01-01T00:00:00
60,2025-02-24 09:00:00,9.399999618530273,ok,,2.2036969512330895,9.058440284745528,2025-01-01T00:00:00,30.0,7.018841758566417,10.578147964428386,0.19278674880141167,2025-01-01T00:00:00
60,2025-02-25 09:00:00,9.399999618530273,ok,,2.220902650690124,9.21564562153795,2025-01-01T00:00:00,30.0,7.140650739788745,10.761727174658258,0.22270083946857644,2025-01-01T00:00:00
60,2025-02-26 09:00:00,8.800000190734863,ok,,2.2439937666024243,9.430921072674892,2025-01-01T00:00:00,30.0,7.307454767693935,11.013118750211333,0.2660864044444534,2025-01-01T00:00:00
60,2025-02-27 09:00:00,10.300000190734863,ok,,2.2299136848770056,9.299063395041504,2025-01-01T00:00:00,30.0,7.205286166381926,10.859139700793662,0.23899455279384407,2025-01-01T00:00:00
60,2025-02-28 09:00:00,10.600000381469727,ok,,2.2481475089273197,9.470176160015217,2025-01-01T00:00:00,30.0,7.3378711790848055,11.058959547212757,0.28606776757412744,2025-01-01T00:00:00
60,2025-03-01 09:00:00,7.800000190734863,ok,,2.187034404807163,8.908754142331134,2025-01-01T00:00:00,30.0,6.902858949823268,10.403349421532385,0.1540124294646138,2025-01-01T00:00:00
60,2025-03-02 09:00:00,10.0,ok,,2.1030713196148065,8.191289385617102,2025-01-01T00:00:00,30.0,6.346938566575348,9.565517728965585,0.06359161025402549,2025-01-01T00:00:00
60,2025-03-03 09:00:00,8.300000190734863,ok,,2.1577285026693063,8.651463545724837,2025-01-01T00:00:00,30.0,6.703499907120537,10.102893944076653,0.1154654291667987,2025-01-01T00:00:00
60,2025-03-06 09:00:00,8.5,ok,,2.2394894862887975,9.388537086883359,2025-01-01T00:00:00,30.0,7.274613960665703,10.963624128738799,0.25245193914284814,2025-01-01T00:00:00
60,2025-03-07 09:00:00,8.399999618530273,ok,,2.106879664527236,8.222544117499414,2025-01-01T00:00:00,30.0,6.371155982641754,9.602015974584798,0.06671950467257581,2025-01-01T00:00:00
60,2025-03-08 09:00:00,8.0,ok,,2.0853468472404324,8.047382210003752,2025-01-01T00:00:00,30.0,6.2354335323970815,9.397467673003463,0.054684874090541125,2025-01-01T00:00:00
60,2025-03-09 09:00:00,9.5,ok,,2.175079958797123,8.802888962460765,2025-01-01T00:00:00,30.0,6.8208303751575405,10.27972355419235,0.13698737188985133,2025-01-01T00:00:00
60,2025-03-10 09:00:00,10.199999809265137,ok,,2.2406733334574334,9.399658261517995,2025-01-01T00:00:00,30.0,7.28323109148251,10.976611069881583,0.25557551855863225,2025-01-01T00:00:00
60,2025-03-11 09:00:00,8.100000381469727,ok,,2.2450777834415785,9.44114989303151,2025-01-01T00:00:00,30.0,7.315380466732964,11.025063629443588,0.2702048376953966,2025-01-01T00:00:00
60,2025-03-12 09:00:00,8.600000381469727,ok,,2.2265292924260685,9.267644911315342,2025-01-01T00:00:00,30.0,7.180941868838851,10.822450231169073,0.23454233000303581,2025-01-01T00:00:00
60,2025-03-13 09:00:00,7.699999809265137,ok,,2.141161259578714,8.50931341531233,2025-01-01T00:00:00,30.0,6.5933563018240315,9.936895707581291,0.09304397579258383,2025-01-01T00:00:00
60,2025-03-14 09:00:00,9.899999618530273,ok,,2.1486356639062936,8.573153751358241,2025-01-01T00:00:00,30.0,6.6428223470188685,10.011446347599277,0.10130788598224649,2025-01-01T00:00:00
60,2025-03-15 09:00:00,10.399999618530273,ok,,2.343498788111323,10.417621925017194,2025-01-01T00:00:00,30.0,8.071990043959518,12.16535548022337,0.5788949249613959,2025-01-01T00:00:00
60,2025-03-16 09:00:00,10.5,ok,,2.2803070339351845,9.779682643058287,2025-01-01T00:00:00,30.0,7.577689178590527,11.420391015618293,0.39354389542069557,2025-01-01T00:00:00
60,2025-03-17 09:00:00,12.399999618530273,ok,,2.4094982418411073,11.128375990535577,2025-01-01T00:00:00,30.0,8.622710715324128,12.995350648821393,0.7423560077547662,2025-01-01T00:00:00
60,2025-03-18 09:00:00,12.300000190734863,ok,,2.4428847433125958,11.506185304143557,2025-01-01T00:00:00,30.0,8.915452479222777,13.436543911243678,0.7983943754196718,2025-01-01T00:00:00
60,2025-03-19 09:00:00,10.300000190734863,ok,,2.3464624589326983,10.448542123157102,2025-01-01T00:00:00,30.0,8.095948249905083,12.20146306836569,0.5919109059957146,2025-01-01T00:00:00
60,2025-03-20 09:00:00,11.300000190734863,ok,,2.265644710789939,9.637335893088201,2025-01-01T00:00:00,30.0,7.467393224598451,11.254163173284908,0.3347461032383897,2025-01-01T00:00:00
60,2025-03-21 09:00:00,9.600000381469727,ok,,2.2608930309582322,9.591650984480932,2025-01-01T00:00:00,30.0,7.431994730576365,11.200813842958924,0.32457642635587136,2025-01-01T00:00:00
60,2025-03-22 09:00:00,8.800000190734863,ok,,2.248950442511683,9.47778313604351,2025-01-01T00:00:00,30.0,7.343765368296793,11.067842723064194,0.28882259962382506,2025-01-01T00:00:00
60,2025-03-23 09:00:00,6.900000095367432,ok,,2.184472567824553,8.885960575667548,2025-01-01T00:00:00,30.0,6.8851975829106395,10.376731845743924,0.15009447040150659,2025-01-01T00:00:00
60,2025-03-24 05:00:00,6.800000190734863,abstain,outside_training_support,0.6063586052297489,1.8337418485495387,2025-01-01T00:00:00,30.0,1.4208565113251,2.1413832837411446,0.010000000000000009,2025-01-01T00:00:00
60,2025-03-24 09:00:00,6.5,ok,,2.027481987733323,7.594938113804166,2025-01-01T00:00:00,30.0,5.884861754475193,8.869118371712494,0.034283190844377254,2025-01-01T00:00:00
60,2025-03-24 23:01:00,11.0,ok,,1.3800763015611035,3.975204930265249,2025-01-01T00:00:00,30.0,3.0801477391633147,4.642113279930102,0.010000000000000009,2025-01-01T00:00:00
60,2025-03-25 05:00:00,13.399999618530273,ok,,1.7298712105395786,5.6399274984330106,2025-01-01T00:00:00,30.0,4.370041353360944,6.586121419549526,0.010000000000000009,2025-01-01T00:00:00
60,2025-03-25 09:00:00,8.100000381469727,ok,,1.3778243429828327,3.9662630056230506,2025-01-01T00:00:00,30.0,3.0732191783837832,4.631671195092248,0.010000000000000009,2025-01-01T00:00:00
60,2025-03-25 19:00:00,10.5,ok,,2.092013671622301,8.101211931201874,2025-01-01T00:00:00,30.0,6.277142952906661,9.460328246989535,0.05733887713940622,2025-01-01T00:00:00
60,2025-03-26 09:00:00,8.300000190734863,ok,,2.09258708450875,8.105858602622396,2025-01-01T00:00:00,30.0,6.280743379732858,9.46575447670274,0.05756714767148052,2025-01-01T00:00:00
60,2025-03-26 22:07:57,10.199999809265137,ok,,2.15974953287388,8.668966095497867,2025-01-01T00:00:00,30.0,6.717061582570912,10.123332844752044,0.12090114096317095,2025-01-01T00:00:00
60,2025-03-27 09:00:00,5.400000095367432,ok,,2.0075546166938136,7.445088972434763,2025-01-01T00:00:00,30.0,5.768752647623756,8.694129484009887,0.029593185081069562,2025-01-01T00:00:00
60,2025-03-29 09:00:00,8.399999618530273,ok,,2.182337173276725,8.867005789078696,2025-01-01T00:00:00,30.0,6.870510656303794,10.354597070786175,0.1466213907091436,2025-01-01T00:00:00
60,2025-03-30 09:00:00,10.199999809265137,ok,,2.2518504341425345,9.505308520218339,2025-01-01T00:00:00,30.0,7.365093136631506,11.09998595936387,0.2990686939008571,2025-01-01T00:00:00
60,2025-03-31 09:00:00,8.600000381469727,ok,,2.226934925079768,9.271404933256546,2025-01-01T00:00:00,30.0,7.183855284193423,10.826841060847615,0.23507594629360418,2025-01-01T00:00:00
60,2025-04-01 09:00:00,7.0,ok,,2.0989331562221705,8.157462530541759,2025-01-01T00:00:00,30.0,6.320728166605762,9.526015842668356,0.06019282719300867,2025-01-01T00:00:00
60,2025-04-02 09:00:00,7.300000190734863,ok,,2.335841511249139,10.338155944481729,2025-01-01T00:00:00,30.0,8.010416624581017,12.072557727650214,0.5513948663605127,2025-01-01T00:00:00
60,2025-04-03 09:00:00,9.899999618530273,ok,,2.2505401094721575,9.492861636475062,2025-01-01T00:00:00,30.0,7.355448793385301,11.085450898824348,0.29442115383631307,2025-01-01T00:00:00
60,2025-04-05 09:00:00,5.800000190734863,ok,,2.0973613044353154,8.144650280603859,2025-01-01T00:00:00,30.0,6.310800723021819,9.511054119530588,0.05946772184522309,2025-01-01T00:00:00
60,2025-04-06 09:00:00,6.800000190734863,ok,,2.0270320521994747,7.591521649921273,2025-01-01T00:00:00,30.0,5.882214541642289,8.865128737809489,0.03418194860075652,2025-01-01T00:00:00
60,2025-04-07 09:00:00,7.5,ok,,2.0612807284152193,7.856024804283314,2025-01-01T00:00:00,30.0,6.087162162507571,9.174006802459479,0.044056223837013464,2025-01-01T00:00:00
60,2025-04-08 09:00:00,6.800000190734863,ok,,2.1183839450295054,8.317684784622463,2025-01-01T00:00:00,30.0,6.4448747759825515,9.713118109458595,0.07840130836412595,2025-01-01T00:00:00
60,2025-04-09 09:00:00,8.100000381469727,ok,,2.1395486697917465,8.495602441464111,2025-01-01T00:00:00,30.0,6.582732491016496,9.92088448428636,0.09127202287019776,2025-01-01T00:00:00
60,2025-04-10 09:00:00,6.099999904632568,ok,,1.9931995751126916,7.338977847627165,2025-01-01T00:00:00,30.0,5.6865335049858965,8.57021641027942,0.023048006684841083,2025-01-01T00:00:00
60,2025-04-11 09:00:00,7.400000095367432,ok,,2.016474888109391,7.511798276988687,2025-01-01T00:00:00,30.0,5.820441684341975,8.772030410879589,0.031806428335418135,2025-01-01T00:00:00
60,2025-04-12 09:00:00,8.699999809265137,ok,,1.956208007375217,7.072457446180111,2025-01-01T00:00:00,30.0,5.480022840414129,8.258982670979567,0.016699309756312397,2025-01-01T00:00:00
60,2025-04-13 09:00:00,5.300000190734863,ok,,1.755047791757438,5.7837241496933665,2025-01-01T00:00:00,30.0,4.481460748850899,6.754042408815515,0.010000000000000009,2025-01-01T00:00:00
60,2025-04-14 09:00:00,7.699999809265137,ok,,1.9080912152774536,6.7402109002803785,2025-01-01T00:00:00,30.0,5.222584930884873,7.870996106767606,0.011458913564237894,2025-01-01T00:00:00
60,2025-04-15 09:00:00,8.5,ok,,1.8118788195628177,6.121938651987796,2025-01-01T00:00:00,30.0,4.743522869639454,7.1489981557790205,0.010000000000000009,2025-01-01T00:00:00
60,2025-04-16 09:00:00,7.699999809265137,ok,,1.9657150282770286,7.140016078766428,2025-01-01T00:00:00,30.0,5.532369970454498,8.337875415128465,0.01773471868445964,2025-01-01T00:00:00
60,2025-04-17 09:00:00,5.199999809265137,ok,,1.7588950345467194,5.806018398919649,2025-01-01T00:00:00,30.0,4.498735224646564,6.7800768981600665,0.010000000000000009,2025-01-01T00:00:00
60,2025-04-18 09:00:00,8.800000190734863,ok,,2.050355602406482,7.770663881829189,2025-01-01T00:00:00,30.0,6.021021106405484,9.07432513103306,0.03943009722320967,2025-01-01T00:00:00
60,2025-04-18 19:00:00,10.0,ok,,1.97123303611636,7.179523644746243,2025-01-01T00:00:00,30.0,5.562982012391277,8.384011048362442,0.018335684501347815,2025-01-01T00:00:00
60,2025-04-19 09:00:00,8.800000190734863,ok,,2.048162172077408,7.753638151196807,2025-01-01T00:00:00,30.0,6.00782888949217,9.054443044032373,0.03893654250028766,2025-01-01T00:00:00
60,2025-04-20 09:00:00,11.800000190734863,ok,,2.137367180970611,8.477089579851302,2025-01-01T00:00:00,30.0,6.568387985552641,9.899265774748134,0.08944888172071042,2025-01-01T00:00:00
60,2025-04-21 09:00:00,11.399999618530273,ok,,2.145219914401296,8.54391996175035,2025-01-01T00:00:00,30.0,6.620170837839462,9.977308091750306,0.09750372453460898,2025-01-01T00:00:00
60,2025-04-22 09:00:00,10.600000381469727,ok,,2.206227033139266,9.081387898037494,2025-01-01T00:00:00,30.0,7.036622486966683,10.604945430791519,0.19739115404668384,2025-01-01T00:00:00
60,2025-04-23 09:00:00,13.5,ok,,2.2493847576036483,9.481900374322507,2025-01-01T00:00:00,30.0,7.346955569154138,11.072650698206823,0.2903232808290088,2025-01-01T00:00:00
60,2025-04-24 09:00:00,12.399999618530273,ok,,2.2885188504661285,9.86032224832243,2025-01-01T00:00:00,30.0,7.640171969339329,11.514559288462536,0.4183921042601739,2025-01-01T00:00:00
60,2025-04-25 09:00:00,9.399999618530273,ok,,2.09759021215164,8.146514867300853,2025-01-01T00:00:00,30.0,6.312245479355133,9.513231522411584,0.05955884795598232,2025-01-01T00:00:00
60,2025-04-26 05:00:00,9.0,ok,,2.4676598808535557,11.79481326296647,2025-01-01T00:00:00,30.0,9.139092963279131,13.773594127299221,0.8324880627089948,2025-01-01T00:00:00
60,2025-04-26 09:00:00,9.5,ok,,2.1814759093117564,8.859372244235809,2025-01-01T00:00:00,30.0,6.864595880511832,10.345682868748861,0.14521811045557775,2025-01-01T00:00:00
60,2025-04-27 09:00:00,7.699999809265137,ok,,2.1364116414913545,8.468993254883664,2025-01-01T00:00:00,30.0,6.562114629214522,9.889811153336101,0.08893454226801689,2025-01-01T00:00:00
60,2025-04-28 09:00:00,10.0,ok,,2.1679794534897625,8.740605386772522,2025-01-01T00:00:00,30.0,6.772570570139049,10.2069908476034,0.13028867035564273,2025-01-01T00:00:00
60,2025-04-29 09:00:00,7.5,ok,,2.1638573179374254,8.70464958481694,2025-01-01T00:00:00,30.0,6.744710576995023,10.165002847317487,0.1256180091097926,2025-01-01T00:00:00
60,2025-04-30 09:00:00,6.5,ok,,2.0405300133436377,7.694686404766424,2025-01-01T00:00:00,30.0,5.962150719014765,8.98560113782119,0.037219192311766736,2025-01-01T00:00:00
60,2025-05-01 09:00:00,11.300000190734863,ok,,2.188887225386862,8.9252757664216,2025-01-01T00:00:00,30.0,6.915660564829859,10.42264282953066,0.15684605050756828,2025-01-01T00:00:00
60,2025-05-02 09:00:00,8.300000190734863,ok,,2.2499456890801497,9.487220562690576,2025-01-01T00:00:00,30.0,7.35107786384367,11.078863438809732,0.2923128270609011,2025-01-01T00:00:00
60,2025-05-03 09:00:00,9.899999618530273,ok,,2.216499068252417,9.17515298808609,2025-01-01T00:00:00,30.0,7.109275428184069,10.714441212101937,0.21276378351585512,2025-01-01T00:00:00
60,2025-05-04 09:00:00,8.399999618530273,ok,,2.161459234156209,8.68380011520565,2025-01-01T00:00:00,30.0,6.728555574218426,10.140655523981978,0.12286434872455643,2025-01-01T00:00:00
60,2025-05-05 09:00:00,8.600000381469727,ok,,2.110883277784111,8.255529991413875,2025-01-01T00:00:00,30.0,6.396714756779008,9.640535790804236,0.07001059398666198,2025-01-01T00:00:00
60,2025-05-06 09:00:00,8.5,ok,,2.1509782942837163,8.593261024525367,2025-01-01T00:00:00,30.0,6.658402266311816,10.03492695839286,0.1039861609435454,2025-01-01T00:00:00
60,2025-05-07 09:00:00,9.699999809265137,ok,,2.163493546079952,8.701483654141969,2025-01-01T00:00:00,30.0,6.742257487309854,10.161305777836178,0.12520029886921014,2025-01-01T00:00:00
60,2025-05-08 09:00:00,9.399999618530273,ok,,2.2223539570978317,9.22903005718897,2025-01-01T00:00:00,30.0,7.151021535743587,10.777357077410421,0.2275741234416866,2025-01-01T00:00:00
60,2025-05-09 09:00:00,9.699999809265137,ok,,2.1772433890293788,8.821954014091832,2025-01-01T00:00:00,30.0,6.835602739528336,10.301987093031645,0.1390283778167033,2025-01-01T00:00:00
60,2025-05-10 09:00:00,9.199999809265137,ok,,2.109785638511761,8.246473368842832,2025-01-01T00:00:00,30.0,6.389697323457704,9.62995976550595,0.06910625797766135,2025-01-01T00:00:00
60,2025-05-11 09:00:00,11.0,ok,,2.2032112140711098,9.054041332123525,2025-01-01T00:00:00,30.0,7.015433274171011,10.573011012562354,0.19190277317557003,2025-01-01T00:00:00
60,2025-05-11 13:00:00,8.699999809265137,ok,,2.1263475639508904,8.384188108654788,2025-01-01T00:00:00,30.0,6.496404210755955,9.790778499065064,0.08351733843039577,2025-01-01T00:00:00
60,2025-05-12 09:00:00,9.399999618530273,ok,,2.175961268016378,8.810650449292046,2025-01-01T00:00:00,30.0,6.826844285518212,10.288787162666262,0.13781880953598868,2025-01-01T00:00:00
60,2025-05-13 09:00:00,8.699999809265137,ok,,2.2125853027587348,9.139313769817392,2025-01-01T00:00:00,30.0,7.081505768742551,10.672589354402533,0.2065981480632424,2025-01-01T00:00:00
60,2025-05-14 09:00:00,9.199999809265137,ok,,2.1580345145782602,8.654111401716781,2025-01-01T00:00:00,30.0,6.705551571824693,10.1059860230208,0.11658788010599086,2025-01-01T00:00:00
60,2025-05-15 09:00:00,8.300000190734863,ok,,2.1155601881870703,8.294230795064811,2025-01-01T00:00:00,30.0,6.426701687002825,9.685729313584455,0.07524247777464321,2025-01-01T00:00:00
60,2025-05-16 09:00:00,9.0,ok,,2.0960262457776953,8.133783949941858,2025-01-01T00:00:00,30.0,6.302381055505627,9.498364776778436,0.05893624695631283,2025-01-01T00:00:00
60,2025-05-17 09:00:00,6.800000190734863,ok,,1.9779235237355641,7.2277192049226855,2025-01-01T00:00:00,30.0,5.600325859644273,8.440292234830432,0.019064345002479333,2025-01-01T00:00:00
60,2025-05-18 09:00:00,7.900000095367432,ok,,2.0448495619992184,7.72799586620891,2025-01-01T00:00:00,30.0,5.987960221708247,9.024498828889199,0.03819115554743213,2025-01-01T00:00:00
60,2025-05-19 01:00:00,6.900000095367432,ok,,2.3934433570319644,10.951137772532226,2025-01-01T00:00:00,30.0,8.485379456671273,12.788377700272145,0.7075098556616347,2025-01-01T00:00:00
60,2025-05-19 09:00:00,7.599999904632568,ok,,2.0403316469266515,7.693160188774481,2025-01-01T00:00:00,30.0,5.960968145834383,8.983818873095592,0.037174556892681454,2025-01-01T00:00:00
60,2025-05-20 09:00:00,11.300000190734863,ok,,2.1918011626451737,8.951321389243951,2025-01-01T00:00:00,30.0,6.935841754896458,10.453058049301385,0.1628318525215151,2025-01-01T00:00:00
60,2025-05-21 09:00:00,10.199999809265137,ok,,2.2050345559686684,9.070565004600928,2025-01-01T00:00:00,30.0,7.0282364763497105,10.592306812599373,0.19522100764716865,2025-01-01T00:00:00
60,2025-05-21 21:02:41,9.0,ok,,2.206885814632441,9.087372519379514,2025-01-01T00:00:00,30.0,7.041259610893559,10.611934074319208,0.1985900468395443,2025-01-01T00:00:00
60,2025-05-22 09:00:00,8.800000190734863,ok,,2.0380784810003365,7.675845735864222,2025-01-01T00:00:00,30.0,5.947552215354837,8.963599625736165,0.03666756076441646,2025-01-01T00:00:00
60,2025-05-23 09:00:00,10.0,ok,,2.2487273272030137,9.475668733420177,2025-01-01T00:00:00,30.0,7.342127044594196,11.065373593379292,0.28805710019140585,2025-01-01T00:00:00
60,2025-05-24 09:00:00,8.0,ok,,2.1849253419207746,8.889984819404168,2025-01-01T00:00:00,30.0,6.888315727877913,10.38143122492541,0.15078692288223539,2025-01-01T00:00:00
60,2025-05-25 09:00:00,8.300000190734863,ok,,2.183436109406039,8.876755418227823,2025-01-01T00:00:00,30.0,6.878065058833517,10.365982366322257,0.1484119165327249,2025-01-01T00:00:00
60,2025-05-26 09:00:00,6.699999809265137,ok,,2.0521296347306857,7.784461525850669,2025-01-01T00:00:00,30.0,6.031712072729,9.090437564899354,0.03982928110455797,2025-01-01T00:00:00
60,2025-05-27 09:00:00,9.199999809265137,ok,,2.0957890159010835,8.131854602237533,2025-01-01T00:00:00,30.0,6.300886119754192,9.496111748127849,0.05884180786811344,2025-01-01T00:00:00
60,2025-05-28 09:00:00,7.5,ok,,2.1799965150642766,8.8462754299659,2025-01-01T00:00:00,30.0,6.854447945104383,10.330388840764481,0.14280769411498107,2025-01-01T00:00:00
60,2025-05-29 09:00:00,8.699999809265137,ok,,2.1181223286642967,8.315509026781497,2025-01-01T00:00:00,30.0,6.443188911803879,9.710577331173036,0.07810864797470729,2025-01-01T00:00:00
60,2025-05-30 09:00:00,10.0,ok,,2.1468602316490784,8.557946201623908,2025-01-01T00:00:00,30.0,6.6310389293701855,9.993687472317283,0.09930614506606616,2025-01-01T00:00:00
60,2025-05-31 09:00:00,6.800000190734863,ok,,2.0357489658501002,7.657985547797728,2025-01-01T00:00:00,30.0,5.933713427453562,8.942743086850763,0.0361433849156203,2025-01-01T00:00:00
60,2025-06-01 09:00:00,8.699999809265137,ok,,1.9464423566173812,7.00372644446748,2025-01-01T00:00:00,30.0,5.4267673118943796,8.178720872810631,0.01563573347008551,2025-01-01T00:00:00
60,2025-06-02 09:00:00,8.399999618530273,ok,,2.1113493566160115,8.259378616000548,2025-01-01T00:00:00,30.0,6.399696825006303,9.645030087731481,0.07053197884855678,2025-01-01T00:00:00
60,2025-06-03 09:00:00,23.299999237060547,ok,,2.0316636591989643,7.626764146427397,2025-01-01T00:00:00,30.0,5.90952183720065,8.906283763504742,0.03522412964431021,2025-01-01T00:00:00
60,2025-06-03 16:30:00,8.5,ok,,2.2617595375044863,9.599965814755546,2025-01-01T00:00:00,30.0,7.438437393563848,11.21052362766569,0.32610656942982397,2025-01-01T00:00:00
60,2025-06-04 09:00:00,6.900000095367432,ok,,2.097894652094529,8.148995369384597,2025-01-01T00:00:00,30.0,6.314167471559124,9.516128170978346,0.05968004276933625,2025-01-01T00:00:00
60,2025-06-05 09:00:00,9.199999809265137,ok,,2.1416908859379027,8.513821365654966,2025-01-01T00:00:00,30.0,6.596849242011949,9.942159943392506,0.09362594213177422,2025-01-01T00:00:00
60,2025-06-06 09:00:00,8.800000190734863,ok,,2.1754260292029794,8.805935909015322,2025-01-01T00:00:00,30.0,6.823191271188312,10.283281677939996,0.13731385884511815,2025-01-01T00:00:00
60,2025-06-07 09:00:00,9.100000381469727,ok,,2.239208797248473,9.385902197228015,2025-01-01T00:00:00,30.0,7.272572342797638,10.960547191455113,0.2517113414273475,2025-01-01T00:00:00
60,2025-06-08 09:00:00,9.100000381469727,ok,,2.186999826935009,8.90844610189507,2025-01-01T00:00:00,30.0,6.902620267775587,10.402989702065316,0.1539595476112764,2025-01-01T00:00:00
60,2025-06-09 09:00:00,9.300000190734863,ok,,2.1712684422297066,8.769400466859565,2025-01-01T00:00:00,30.0,6.794882149638728,10.240616792935429,0.1333915416253002,2025-01-01T00:00:00
60,2025-06-10 09:00:00,8.800000190734863,ok,,2.216623785711819,9.17629736121656,2025-01-01T00:00:00,30.0,7.1101621342463766,10.71577757332088,0.21301452542199395,2025-01-01T00:00:00
60,2025-06-11 09:00:00,7.800000190734863,ok,,2.1137484986666597,8.27921782757778,2025-01-01T00:00:00,30.0,6.415069039460241,9.6681976650367,0.07321580883852363,2025-01-01T00:00:00
60,2025-06-12 09:00:00,9.899999618530273,ok,,2.1813923173886622,8.858631703224562,2025-01-01T00:00:00,30.0,6.864022079723806,10.34481808936693,0.1450819119150526,2025-01-01T00:00:00
60,2025-06-13 09:00:00,9.199999809265137,ok,,2.1661487336729017,8.724618425568012,2025-01-01T00:00:00,30.0,6.760183233316423,10.188321801298855,0.12824918521227524,2025-01-01T00:00:00
60,2025-06-14 09:00:00,8.300000190734863,ok,,2.1521077093266,8.602971865546612,2025-01-01T00:00:00,30.0,6.66592661424901,10.046266958431803,0.10527739495955679,2025-01-01T00:00:00
60,2025-06-15 09:00:00,8.0,ok,,2.062703281543409,7.867208369665768,2025-01-01T00:00:00,30.0,6.0958276361706485,9.187066601460932,0.044743774275333936,2025-01-01T00:00:00
60,2025-06-16 09:00:00,9.600000381469727,ok,,2.1592918604671825,8.664999456701164,2025-01-01T00:00:00,30.0,6.713988072214573,10.118700734720516,0.12037560704079109,2025-01-01T00:00:00
60,2025-06-17 09:00:00,9.300000190734863,ok,,2.085633512409883,8.049689444874753,2025-01-01T00:00:00,30.0,6.237221270236087,9.400161985830723,0.05479899292585866,2025-01-01T00:00:00
60,2025-06-18 09:00:00,8.5,ok,,2.169028901392859,8.749783011644745,2025-01-01T00:00:00,30.0,6.779681760881907,10.217708175400315,0.13127873204480978,2025-01-01T00:00:00
60,2025-06-19 09:00:00,10.600000381469727,ok,,2.2056429011527126,9.076084717913313,2025-01-01T00:00:00,30.0,7.032513370944636,10.598752551855164,0.19632811321142374,2025-01-01T00:00:00
60,2025-06-20 09:00:00,8.300000190734863,ok,,2.2187755870255366,9.19606418944986,2025-01-01T00:00:00,30.0,7.125478263190995,10.738860623743081,0.21734067803623147,2025-01-01T00:00:00
60,2025-06-21 09:00:00,3.200000047683716,abstain,outside_training_support,1.762424387512788,5.826546090603383,2025-01-01T00:00:00,30.0,4.514640901017739,6.804048459838778,0.010000000000000009,2025-01-01T00:00:00
60,2025-06-21 14:57:36,8.399999618530273,ok,,1.908171573060575,6.7407525504487085,2025-01-01T00:00:00,30.0,5.223004623094623,7.871628627979364,0.011467665324326526,2025-01-01T00:00:00
60,2025-06-22 09:00:00,7.699999809265137,ok,,1.9970577183766025,7.367347367218782,2025-01-01T00:00:00,30.0,5.708515343196546,8.603345400092959,0.02480712635006821,2025-01-01T00:00:00
60,2025-06-23 09:00:00,7.599999904632568,ok,,2.0636509740268454,7.874667597872305,2025-01-01T00:00:00,30.0,6.101607344462251,9.195777242276446,0.04520181437905135,2025-01-01T00:00:00
60,2025-06-24 09:00:00,9.199999809265137,ok,,2.1365808597200435,8.470426484181877,2025-01-01T00:00:00,30.0,6.56322515258628,9.89148483126595,0.08902562757952837,2025-01-01T00:00:00
60,2025-06-25 09:00:00,8.5,ok,,2.129944495226646,8.414399759126892,2025-01-01T00:00:00,30.0,6.5198134056353325,9.826058668597305,0.08545346321007263,2025-01-01T00:00:00
60,2025-06-26 09:00:00,7.199999809265137,ok,,1.9677388206722557,7.154480620686493,2025-01-01T00:00:00,30.0,5.543577675937533,8.354766630377275,0.017955129761323407,2025-01-01T00:00:00
60,2025-06-27 09:00:00,8.899999618530273,ok,,2.0616745547521402,7.859119323066247,2025-01-01T00:00:00,30.0,6.089559919403192,9.177620479487267,0.04424656855258602,2025-01-01T00:00:00
60,2025-06-28 09:00:00,9.800000190734863,ok,,2.0867425252582885,8.058621605919996,2025-01-01T00:00:00,30.0,6.244142265790273,9.410592669061897,0.05524048100358625,2025-01-01T00:00:00
60,2025-06-29 09:00:00,8.5,ok,,2.112413797600854,8.26817491785031,2025-01-01T00:00:00,30.0,6.406512551423138,9.655302119072598,0.07172272894895126,2025-01-01T00:00:00
60,2025-06-30 09:00:00,8.0,ok,,2.102431875258193,8.1860531861536,2025-01-01T00:00:00,30.0,6.3428813498475956,9.55940306783684,0.06306641768874699,2025-01-01T00:00:00
60,2025-07-01 09:00:00,8.199999809265137,ok,,2.104907343938516,8.206342606983247,2025-01-01T00:00:00,30.0,6.358602404433126,9.583096384666447,0.0650995855993548,2025-01-01T00:00:00
60,2025-07-02 09:00:00,8.800000190734863,ok,,2.1432317079304,8.52694976051775,2025-01-01T00:00:00,30.0,6.607021647325591,9.95749085015223,0.09531903485414417,2025-01-01T00:00:00
60,2025-07-03 09:00:00,9.300000190734863,ok,,2.102439258036684,8.18611362219408,2025-01-01T00:00:00,30.0,6.3429281781084565,9.559473643052714,0.06307248136001775,2025-01-01T00:00:00
60,2025-07-04 09:00:00,9.399999618530273,ok,,2.1023759146729772,8.185595102644124,2025-01-01T00:00:00,30.0,6.34252640842676,9.55886813301462,0.06302045577978632,2025-01-01T00:00:00
60,2025-07-05 09:00:00,8.600000381469727,ok,,2.1975411705924506,9.002849790394487,2025-01-01T00:00:00,30.0,6.975768020608736,10.51323121759601,0.17929017636523426,2025-01-01T00:00:00
60,2025-07-06 09:00:00,9.300000190734863,ok,,2.1492093257578886,8.578073253543709,2025-01-01T00:00:00,30.0,6.646634174031612,10.01719118008626,0.10196374026817512,2025-01-01T00:00:00
60,2025-07-07 09:00:00,8.5,ok,,2.1526059763813814,8.60725951110798,2025-01-01T00:00:00,30.0,6.669248853482925,10.051273929581521,0.10584705212345347,2025-01-01T00:00:00
60,2025-07-08 09:00:00,9.199999809265137,ok,,2.1556044336222167,8.633106742256018,2025-01-01T00:00:00,30.0,6.689276321747045,10.081457474094716,0.10927511872245721,2025-01-01T00:00:00
60,2025-07-09 09:00:00,8.199999809265137,ok,,2.1307788551035185,8.42142332635776,2025-01-01T00:00:00,30.0,6.525255546381917,9.834260558886449,0.08590257516382882,2025-01-01T00:00:00
60,2025-07-10 09:00:00,7.599999904632568,ok,,2.062359979975373,7.8645080082420735,2025-01-01T00:00:00,30.0,6.093735288158402,9.183913208404363,0.044577849264238134,2025-01-01T00:00:00
60,2025-07-11 09:00:00,9.100000381469727,ok,,2.1283973968218626,8.401391919480856,2025-01-01T00:00:00,30.0,6.50973441132435,9.810868542245748,0.0846207045809908,2025-01-01T00:00:00
60,2025-07-12 09:00:00,8.800000190734863,ok,,2.1931368433621867,8.963285484942606,2025-01-01T00:00:00,30.0,6.945112014660119,10.467029325876899,0.16727310324321742,2025-01-01T00:00:00
60,2025-07-13 09:00:00,8.5,ok,,2.166253420174048,8.725531823154189,2025-01-01T00:00:00,30.0,6.760890970290835,10.189388436890987,0.1283693941363061,2025-01-01T00:00:00
60,2025-07-14 09:00:00,9.800000190734863,ok,,2.1828241812678186,8.871325143449729,2025-01-01T00:00:00,30.0,6.873857464791398,10.35964107043858,0.14741488576411843,2025-01-01T00:00:00
60,2025-07-15 09:00:00,9.399999618530273,ok,,2.2365318465045334,9.360810199364014,2025-01-01T00:00:00,30.0,7.253130059482011,10.931245583475702,0.24742667769981197,2025-01-01T00:00:00
60,2025-07-16 09:00:00,9.100000381469727,ok,,2.1125902412847544,8.269633913803473,2025-01-01T00:00:00,30.0,6.407643039829502,9.657005886452735,0.07192010986279262,2025-01-01T00:00:00
60,2025-07-17 09:00:00,8.100000381469727,ok,,2.190210610768737,8.937095164984736,2025-01-01T00:00:00,30.0,6.924818707466819,10.436445133561074,0.15886997700488148,2025-01-01T00:00:00
60,2025-07-18 09:00:00,9.399999618530273,ok,,2.2047445863402593,9.067935197537599,2025-01-01T00:00:00,30.0,7.026198796677178,10.589235810599101,0.1946933023287135,2025-01-01T00:00:00
60,2025-07-19 09:00:00,7.900000095367432,ok,,2.1466047082777733,8.555759725718767,2025-01-01T00:00:00,30.0,6.6293447604067985,9.991134177829688,0.09902536976401399,2025-01-01T00:00:00
60,2025-07-20 09:00:00,9.5,ok,,2.1353231500115895,8.459779843153301,2025-01-01T00:00:00,30.0,6.554975709382942,9.879052034825918,0.08834863857265152,2025-01-01T00:00:00
60,2025-07-21 09:00:00,9.300000190734863,ok,,2.205882039826836,9.078255420318088,2025-01-01T00:00:00,30.0,7.034195317969194,10.601287426568986,0.19676331310072104,2025-01-01T00:00:00
60,2025-07-22 09:00:00,9.899999618530273,ok,,2.1802775118637245,8.84876155432889,2025-01-01T00:00:00,30.0,6.856374293675155,10.333292054843618,0.1432655296636851,2025-01-01T00:00:00
60,2025-07-23 09:00:00,8.5,ok,,2.151072359542154,8.594069389863412,2025-01-01T00:00:00,30.0,6.659028620100382,10.035870940787882,0.10409370357119574,2025-01-01T00:00:00
60,2025-07-24 09:00:00,8.199999809265137,ok,,2.1893238780004056,8.92917386240657,2025-01-01T00:00:00,30.0,6.918680965474801,10.427194897526075,0.1575138475127159,2025-01-01T00:00:00
60,2025-07-24 12:00:00,120.0,abstain,outside_training_support,2.5179587712601683,12.4032529298507,2025-01-01T00:00:00,30.0,9.610536347267308,14.48410991383782,0.871077360426535,2025-01-01T00:00:00
60,2025-07-24 12:15:00,45.900001525878906,abstain,outside_training_support,2.260411721550207,9.587035543440305,2025-01-01T00:00:00,30.0,7.428418502297341,11.195424083053894,0.3237264936458397,2025-01-01T00:00:00
60,2025-07-24 14:20:00,2.0999999046325684,ok,,2.05212066732112,7.78439171970891,2025-01-01T00:00:00,30.0,6.03165798413898,9.09035604758808,0.03982726330290509,2025-01-01T00:00:00
60,2025-07-25 09:00:00,9.600000381469727,ok,,1.9892908342608346,7.310347675516513,2025-01-01T00:00:00,30.0,5.664349702780611,8.536783039046236,0.02126581705930397,2025-01-01T00:00:00
60,2025-07-26 09:00:00,7.300000190734863,ok,,2.0446207712887867,7.726227974790745,2025-01-01T00:00:00,30.0,5.986590388743589,9.022434343567385,0.038139674205992846,2025-01-01T00:00:00
60,2025-07-27 09:00:00,8.899999618530273,ok,,2.0451641909283094,7.730427699814855,2025-01-01T00:00:00,30.0,5.9898445036295,9.027338644011884,0.03826195177554215,2025-01-01T00:00:00
60,2025-07-28 09:00:00,10.199999809265137,ok,,2.232204351826413,9.320388867673804,2025-01-01T00:00:00,30.0,7.2218099953334525,10.884042884766263,0.24193647261189177,2025-01-01T00:00:00
60,2025-07-28 15:00:00,35.099998474121094,abstain,outside_training_support,2.119495499163776,8.326935481905299,2025-01-01T00:00:00,30.0,6.452042586151149,9.723920768807883,0.07964476217304972,2025-01-01T00:00:00
60,2025-07-28 20:26:26,3.5,ok,,2.0037385874989733,7.416732434656617,2025-01-01T00:00:00,30.0,5.746780868241296,8.661015653930193,0.027853267317383468,2025-01-01T00:00:00
60,2025-07-29 09:00:00,8.300000190734863,ok,,1.991772365689476,7.328511060211748,2025-01-01T00:00:00,30.0,5.678423419553962,8.557993640960186,0.02239727082796905,2025-01-01T00:00:00
60,2025-07-30 09:00:00,10.0,ok,,2.1823473171113514,8.867095734975251,2025-01-01T00:00:00,30.0,6.870580349981171,10.354702106639218,0.14663791832832396,2025-01-01T00:00:00
60,2025-07-31 09:00:00,6.599999904632568,ok,,2.150616304762638,8.590150917029721,2025-01-01T00:00:00,30.0,6.655992430658229,10.03129507738023,0.1035723067222819,2025-01-01T00:00:00
60,2025-08-01 09:00:00,5.300000190734863,ok,,2.101181384446956,8.175822999574276,2025-01-01T00:00:00,30.0,6.334954592204582,9.547456593174745,0.06203935650630232,2025-01-01T00:00:00
60,2025-08-03 09:00:00,10.199999809265137,ok,,2.1354775811145563,8.461086397169028,2025-01-01T00:00:00,30.0,6.555988079680382,9.880577785536573,0.08843176439916434,2025-01-01T00:00:00
60,2025-08-04 09:00:00,7.5,ok,,2.2466387056644517,9.455898301273592,2025-01-01T00:00:00,30.0,7.326808123193452,11.042286334425954,0.2808911257370158,2025-01-01T00:00:00
60,2025-08-05 09:00:00,6.599999904632568,ok,,2.1144373478540617,8.284922924800828,2025-01-01T00:00:00,30.0,6.419489576922221,9.674859889512417,0.07398639851961997,2025-01-01T00:00:00
60,2025-08-05 13:05:08,3.5999999046325684,ok,,2.5691512098838003,13.054739003559469,2025-01-01T00:00:00,30.0,10.115333808588769,15.244893875295427,0.9101154991014855,2025-01-01T00:00:00
60,2025-08-06 09:00:00,7.900000095367432,ok,,1.8729450127977543,6.507432679682663,2025-01-01T00:00:00,30.0,5.042219057306457,7.599165373995031,0.010000000000000009,2025-01-01T00:00:00
60,2025-08-07 09:00:00,6.300000190734863,ok,,1.9993293761626336,7.384102482967195,2025-01-01T00:00:00,30.0,5.7214978768765015,8.622911471952625,0.025842888272507136,2025-01-01T00:00:00
60,2025-08-08 09:00:00,7.400000095367432,ok,,1.9614457998433155,7.1095986946859995,2025-01-01T00:00:00,30.0,5.508801364948582,8.302354996670173,0.01726975733829028,2025-01-01T00:00:00
60,2025-08-09 09:00:00,7.599999904632568,ok,,2.1878802562984845,8.91629281315675,2025-01-01T00:00:00,30.0,6.908700213432858,10.41215283281973,0.15530603695758138,2025-01-01T00:00:00
60,2025-08-10 09:00:00,9.300000190734863,ok,,2.136078618491444,8.466173354915538,2025-01-01T00:00:00,30.0,6.559929657957979,9.88651816710778,0.08875528555364076,2025-01-01T00:00:00
60,2025-08-12 09:00:00,8.0,ok,,2.116520294143735,8.302197959506112,2025-01-01T00:00:00,30.0,6.432874964600308,9.695033105591444,0.07631651220263669,2025-01-01T00:00:00
60,2025-08-13 09:00:00,9.199999809265137,ok,,2.1987051392654227,9.013334926519178,2025-01-01T00:00:00,30.0,6.983892323354339,10.525475413933092,0.1820459399543889,2025-01-01T00:00:00
60,2025-08-14 09:00:00,10.5,ok,,1.6588143060384584,5.253078606830165,2025-01-01T00:00:00,30.0,4.070295362960185,6.134372035923162,0.010000000000000009,2025-01-01T00:00:00
60,2025-08-14 13:00:00,11.800000190734863,abstain,outside_training_support,0.3100504378507356,1.3634938840988637,2025-01-01T00:00:00,30.0,1.056489584347011,1.5922432119886882,0.010000000000000009,2025-01-01T00:00:00
60,2025-08-14 19:00:00,4.699999809265137,ok,,1.895377970726247,6.6550633484423924,2025-01-01T00:00:00,30.0,5.156609202868363,7.771563602513221,0.010074315060669914,2025-01-01T00:00:00
60,2025-08-15 09:00:00,8.100000381469727,ok,,1.9357313802379013,6.929110016712919,2025-01-01T00:00:00,30.0,5.3689515199328515,8.091586268115602,0.014469201841825985,2025-01-01T00:00:00
60,2025-08-16 09:00:00,8.300000190734863,ok,,1.993221837711434,7.339141234164862,2025-01-01T00:00:00,30.0,5.686660103408752,8.57040720769231,0.023058157312375593,2025-01-01T00:00:00
60,2025-08-16 19:00:00,5.199999809265137,ok,,2.1478927291315455,8.5667868227063,2025-01-01T00:00:00,30.0,6.637888996100686,10.00401125819734,0.10045850589042205,2025-01-01T00:00:00
60,2025-08-17 09:00:00,7.900000095367432,ok,,1.980066204479743,7.243222503065199,2025-01-01T00:00:00,30.0,5.6123384349859045,8.458396475354522,0.019297704200445298,2025-01-01T00:00:00
60,2025-08-18 09:00:00,9.199999809265137,ok,,2.105638268224178,8.212343014745887,2025-01-01T00:00:00,30.0,6.363251760309962,9.590103463055758,0.06569991305027512,2025-01-01T00:00:00
60,2025-08-19 09:00:00,6.699999809265137,ok,,2.2580678615181435,9.564591187493662,2025-01-01T00:00:00,30.0,7.411027717812322,11.169214304029383,0.3193274066933237,2025-01-01T00:00:00
60,2025-08-20 09:00:00,7.099999904632568,ok,,2.0152161406570612,7.502348768565125,2025-01-01T00:00:00,30.0,5.8131198273515485,8.76099558643372,0.03152319127890957,2025-01-01T00:00:00
60,2025-08-21 09:00:00,6.599999904632568,ok,,2.1396618361510407,8.496563912264472,2025-01-01T00:00:00,30.0,6.583477477039595,9.922007258193343,0.09139637282124402,2025-01-01T00:00:00
60,2025-08-22 09:00:00,8.5,ok,,1.8590480969072554,6.41762490594277,2025-01-01T00:00:00,30.0,4.972632403008923,7.494290816221955,0.010000000000000009,2025-01-01T00:00:00
60,2025-08-23 09:00:00,11.399999618530273,ok,,1.9877549002554584,7.299128082413524,2025-01-01T00:00:00,30.0,5.655656313398997,8.52368116806035,0.020565508250499076,2025-01-01T00:00:00
60,2025-08-23 21:00:00,8.899999618530273,ok,,2.1130094596051623,8.273101422614033,2025-01-01T00:00:00,30.0,6.410329804313531,9.661055128939639,0.0723890736327163,2025-01-01T00:00:00
60,2025-08-24 09:00:00,9.399999618530273,ok,,2.055784906040793,7.812967912279482,2025-01-01T00:00:00,30.0,6.053799960838096,9.123726383293725,0.04139997500694237,2025-01-01T00:00:00
60,2025-08-25 09:00:00,10.899999618530273,ok,,2.147116207943952,8.560137113383101,2025-01-01T00:00:00,30.0,6.632736535410671,9.996245946849017,0.09958741805156335,2025-01-01T00:00:00
60,2025-08-27 09:00:00,8.699999809265137,ok,,2.2796080858617898,9.772849540986453,2025-01-01T00:00:00,30.0,7.57239461786542,11.412411544263426,0.39200878859750576,2025-01-01T00:00:00
60,2025-08-27 21:00:00,9.300000190734863,ok,,2.1488083447243325,8.574634298388556,2025-01-01T00:00:00,30.0,6.643969534061586,10.013175281616906,0.10150530795530177,2025-01-01T00:00:00
60,2025-08-28 09:00:00,7.800000190734863,ok,,2.1277415414120386,8.395883627659357,2025-01-01T00:00:00,30.0,6.505466366557281,9.804436140630516,0.08426767645409716,2025-01-01T00:00:00
60,2025-08-29 09:00:00,8.0,ok,,2.063603242639426,7.874291738032619,2025-01-01T00:00:00,30.0,6.101316113228702,9.195338325545409,0.04517874477575046,2025-01-01T00:00:00
60,2025-08-30 09:00:00,11.100000381469727,ok,,2.129086052893394,8.407179581661142,2025-01-01T00:00:00,30.0,6.5142189234167756,9.817627183356876,0.08499138836184428,2025-01-01T00:00:00
60,2025-08-31 09:00:00,8.600000381469727,ok,,2.2837183719067595,9.813101414762464,2025-01-01T00:00:00,30.0,7.603583379245829,11.45941635560663,0.4018314879053754,2025-01-01T00:00:00
60,2025-09-01 09:00:00,7.599999904632568,ok,,2.246851835977009,9.45791385461418,2025-01-01T00:00:00,30.0,7.328369854519026,11.04464003117691,0.2816223670591237,2025-01-01T00:00:00
60,2025-09-02 09:00:00,7.199999809265137,ok,,2.1467591383159235,8.557081094046467,2025-01-01T00:00:00,30.0,6.630368609425545,9.992677228205531,0.09919506125010424,2025-01-01T00:00:00
60,2025-09-03 09:00:00,10.699999809265137,ok,,2.0935270905830268,8.113481741283087,2025-01-01T00:00:00,30.0,6.286650092398736,9.47465652674351,0.057941355666799366,2025-01-01T00:00:00
60,2025-09-04 09:00:00,7.300000190734863,ok,,1.9399772923852268,6.958592955795005,2025-01-01T00:00:00,30.0,5.391796080087771,8.126015472507634,0.0149316238130065,2025-01-01T00:00:00
60,2025-09-05 09:00:00,9.699999809265137,ok,,2.1422382413552614,8.518482727496332,2025-01-01T00:00:00,30.0,6.600461051563651,9.94760332809492,0.09422738959176125,2025-01-01T00:00:00
60,2025-09-06 09:00:00,11.699999809265137,ok,,2.13288937623566,8.439215687223172,2025-01-01T00:00:00,30.0,6.539041779055541,9.855037891402265,0.08703860806206998,2025-01-01T00:00:00
60,2025-09-07 09:00:00,10.699999809265137,ok,,2.1907334703525843,8.941769232677563,2025-01-01T00:00:00,30.0,6.928440362020311,10.441903355737994,0.15966961510019073,2025-01-01T00:00:00
60,2025-09-08 09:00:00,9.800000190734863,ok,,2.1841684432230775,8.883258547346216,2025-01-01T00:00:00,30.0,6.883103943319446,10.373576506139237,0.14960512747184318,2025-01-01T00:00:00
60,2025-09-09 09:00:00,8.399999618530273,ok,,2.095575431180137,8.130117947809566,2025-01-01T00:00:00,30.0,6.299540490458633,9.494083740333497,0.058756781704513816,2025-01-01T00:00:00
60,2025-09-10 09:00:00,10.100000381469727,ok,,2.197907002856643,9.006143925831267,2025-01-01T00:00:00,30.0,6.978320448469963,10.517078000372049,0.18021140916747636,2025-01-01T00:00:00
60,2025-09-11 09:00:00,8.699999809265137,ok,,2.168059622082508,8.741306136894824,2025-01-01T00:00:00,30.0,6.773113539355175,10.207809160496877,0.13036430236378505,2025-01-01T00:00:00
60,2025-09-12 09:00:00,9.899999618530273,ok,,2.2094246447395323,9.110473126175867,2025-01-01T00:00:00,30.0,7.059158884778878,10.638910201453523,0.20236350241558887,2025-01-01T00:00:00
60,2025-09-13 09:00:00,9.800000190734863,ok,,2.233820187689066,9.335461260236876,2025-01-01T00:00:00,30.0,7.233488687801222,10.901643927958943,0.24398645093288995,2025-01-01T00:00:00
60,2025-09-14 09:00:00,9.899999618530273,ok,,2.201790941458337,9.04119125265264,2025-01-01T00:00:00,30.0,7.005476518752197,10.558005113342972,0.1891387113941484,2025-01-01T00:00:00
60,2025-09-15 09:00:00,8.300000190734863,ok,,2.213851921711031,9.150897132153737,2025-01-01T00:00:00,30.0,7.090481021072454,10.686116023107937,0.20829516254598301,2025-01-01T00:00:00
60,2025-09-16 09:00:00,9.199999809265137,ok,,2.138504820353241,8.486738938511936,2025-01-01T00:00:00,30.0,6.5758646944982955,9.910533977713042,0.09012501569079034,2025-01-01T00:00:00
60,2025-09-17 09:00:00,9.300000190734863,ok,,2.161209902872444,8.68163524207148,2025-01-01T00:00:00,30.0,6.726878143945833,10.138127456498216,0.12257804776865089,2025-01-01T00:00:00
60,2025-09-18 09:00:00,9.600000381469727,ok,,2.165889112604904,8.72235362482221,2025-01-01T00:00:00,30.0,6.758428375134463,10.185677041644215,0.12795106875124174,2025-01-01T00:00:00
60,2025-09-19 09:00:00,9.600000381469727,ok,,2.197708835160987,9.004359375868654,2025-01-01T00:00:00,30.0,6.976937707798931,10.514994061751155,0.17972475617706685,2025-01-01T00:00:00
60,2025-09-20 09:00:00,8.5,ok,,2.1881224381206823,8.918452438697958,2025-01-01T00:00:00,30.0,6.910373577660585,10.414674772337413,0.15567641902000018,2025-01-01T00:00:00
60,2025-09-21 09:00:00,7.599999904632568,ok,,2.1763099890550115,8.813723444245614,2025-01-01T00:00:00,30.0,6.829225364890154,10.292375704875623,0.13814779712988334,2025-01-01T00:00:00
60,2025-09-22 09:00:00,8.899999618530273,ok,,2.1443893661217874,8.536826769752809,2025-01-01T00:00:00,30.0,6.614674749039528,9.969024895953739,0.09659109786231346,2025-01-01T00:00:00
60,2025-09-23 09:00:00,10.199999809265137,ok,,2.19841036137638,9.010678386240208,2025-01-01T00:00:00,30.0,6.981833929717329,10.522373193764821,0.18136838771294062,2025-01-01T00:00:00
60,2025-09-24 09:00:00,10.5,ok,,2.257843165457901,9.562442302967986,2025-01-01T00:00:00,30.0,7.409362676152937,11.166704907515577,0.31868039329743636,2025-01-01T00:00:00
60,2025-09-25 09:00:00,9.800000190734863,ok,,2.163552455052125,8.701996264698948,2025-01-01T00:00:00,30.0,6.742654678467505,10.161904387547057,0.1252679425871982,2025-01-01T00:00:00
60,2025-09-26 09:00:00,7.599999904632568,ok,,2.170143497931954,8.759540926566247,2025-01-01T00:00:00,30.0,6.787242583559395,10.229103146788244,0.1323302557354855,2025-01-01T00:00:00
60,2025-09-27 09:00:00,8.399999618530273,ok,,2.1071365995811386,8.224657048746888,2025-01-01T00:00:00,30.0,6.3727931662635,9.604483386045477,0.066930532229037,2025-01-01T00:00:00
60,2025-09-28 09:00:00,9.399999618530273,ok,,2.1506891343057846,8.590776556578813,2025-01-01T00:00:00,30.0,6.656477201198735,10.032025678622238,0.10365557104931011,2025-01-01T00:00:00
60,2025-09-28 16:00:00,15.300000190734863,ok,,2.12358720144725,8.361076622890568,2025-01-01T00:00:00,30.0,6.4784965074113074,9.763789667830684,0.082031514589331,2025-01-01T00:00:00
60,2025-09-28 19:00:00,8.300000190734863,ok,,1.919941431815444,6.820558989834779,2025-01-01T00:00:00,30.0,5.284841843604731,7.964823957175462,0.012749519752089489,2025-01-01T00:00:00
60,2025-09-29 09:00:00,9.199999809265137,ok,,2.202864534205053,9.050903022313076,2025-01-01T00:00:00,30.0,7.01300158623617,10.56934619781615,0.19127186293120002,2025-01-01T00:00:00
60,2025-09-30 09:00:00,8.300000190734863,ok,,2.165015745718359,8.714739135598935,2025-01-01T00:00:00,30.0,6.752528364398567,10.176785092131341,0.12694820312323762,2025-01-01T00:00:00
60,2025-10-01 09:00:00,9.800000190734863,ok,,2.1834255376749985,8.876661576053069,2025-01-01T00:00:00,30.0,6.877992346163987,10.365872780523967,0.14839469173055242,2025-01-01T00:00:00
60,2025-10-02 09:00:00,9.699999809265137,ok,,2.2232412320095114,9.237222377900714,2025-01-01T00:00:00,30.0,7.157369273422887,10.786923799488042,0.2302168335553364,2025-01-01T00:00:00
60,2025-10-03 09:00:00,10.399999618530273,ok,,2.245405621063095,9.444245564567892,2025-01-01T00:00:00,30.0,7.317779116828054,11.028678652618854,0.2726727472594004,2025-01-01T00:00:00
60,2025-10-05 09:00:00,9.699999809265137,ok,,2.19662450115132,8.994600934423255,2025-01-01T00:00:00,30.0,6.969376477149671,10.503598475505973,0.1769142060769583,2025-01-01T00:00:00
60,2025-10-06 09:00:00,9.800000190734863,ok,,2.157422818386128,8.648819333460077,2025-01-01T00:00:00,30.0,6.701451065721905,10.099806120156998,0.11434417995815693,2025-01-01T00:00:00
60,2025-10-06 13:00:00,5.199999809265137,ok,,2.1212675758675523,8.341704532366876,2025-01-01T00:00:00,30.0,6.463486237028736,9.74116757909373,0.08078292677374033,2025-01-01T00:00:00
60,2025-10-07 09:00:00,9.300000190734863,ok,,2.061968249077274,7.861427840794667,2025-01-01T00:00:00,30.0,6.091348651251423,9.18031629039313,0.04438851731919202,2025-01-01T00:00:00
60,2025-10-08 09:00:00,9.800000190734863,ok,,2.2255137586261937,9.258238081947697,2025-01-01T00:00:00,30.0,7.1736530812875845,10.81146524591784,0.23320637892933982,2025-01-01T00:00:00
60,2025-10-09 09:00:00,12.699999809265137,ok,,2.223914775985956,9.243446149148957,2025-01-01T00:00:00,30.0,7.162191700260153,10.794191714392944,0.2311028915069514,2025-01-01T00:00:00
60,2025-10-09 15:00:00,8.699999809265137,ok,,2.1018240086014033,8.181078669445624,2025-01-01T00:00:00,30.0,6.33902689538291,9.553593991203954,0.06256716072365687,2025-01-01T00:00:00
60,2025-10-09 21:00:00,9.0,ok,,2.2488158798214126,9.476507865850742,2025-01-01T00:00:00,30.0,7.34277723795635,11.066353504570758,0.28836092057705254,2025-01-01T00:00:00
60,2025-10-10 09:00:00,10.199999809265137,ok,,2.387010551094827,10.880917327846552,2025-01-01T00:00:00,30.0,8.430969848176652,12.706376579696908,0.6928948087217364,2025-01-01T00:00:00
60,2025-10-10 19:00:00,9.600000381469727,ok,,2.2129691676058756,9.142822704535872,2025-01-01T00:00:00,30.0,7.0842246316765625,10.676686972699152,0.20711244970370968,2025-01-01T00:00:00
60,2025-10-11 09:00:00,9.0,ok,,2.2219969798515273,9.225736091423489,2025-01-01T00:00:00,30.0,7.148469239350468,10.773510492770933,0.22637544376664265,2025-01-01T00:00:00
60,2025-10-12 09:00:00,10.5,ok,,2.2450831785544563,9.441200829238282,2025-01-01T00:00:00,30.0,7.315419934142791,11.025123111066808,0.2702454512485586,2025-01-01T00:00:00
60,2025-10-14 09:00:00,9.199999809265137,ok,,2.215373403261605,9.164830650419098,2025-01-01T00:00:00,30.0,7.1012772681934235,10.70238712643731,0.2105006570312158,2025-01-01T00:00:00
60,2025-10-15 09:00:00,9.100000381469727,ok,,2.0652389138762604,7.8871820298047925,2025-01-01T00:00:00,30.0,6.11130402674655,9.210391183364687,0.04596929976701791,2025-01-01T00:00:00
60,2025-10-16 09:00:00,12.199999809265137,ok,,2.2644668332775213,9.625990974633938,2025-01-01T00:00:00,30.0,7.458602728123203,11.240914951484996,0.33141923551513464,2025-01-01T00:00:00
60,2025-10-16 14:00:00,9.699999809265137,ok,,2.187649670697108,8.914237081436555,2025-01-01T00:00:00,30.0,6.907107350292124,10.4097522170815,0.15495338963737038,2025-01-01T00:00:00
60,2025-10-17 09:00:00,10.399999618530273,ok,,2.220050531380525,9.207796136777146,2025-01-01T00:00:00,30.0,7.134568645113446,10.75256080510299,0.21990392763515065,2025-01-01T00:00:00
60,2025-10-18 09:00:00,10.800000190734863,ok,,2.17897006818088,8.837199856714914,2025-01-01T00:00:00,30.0,6.847415828038465,10.319790685486844,0.14113527694511008,2025-01-01T00:00:00
60,2025-10-18 15:00:00,8.0,ok,,2.1757868933996956,8.809114229439993,2025-01-01T00:00:00,30.0,6.825653960946986,10.28699321576259,0.13765430243941812,2025-01-01T00:00:00
60,2025-10-19 09:00:00,6.5,ok,,2.021479255351441,7.549484292896971,2025-01-01T00:00:00,30.0,5.849642316443784,8.816038897985141,0.03293248602451404,2025-01-01T00:00:00
60,2025-10-20 09:00:00,10.5,ok,,2.071505638414654,7.936764023052067,2025-01-01T00:00:00,30.0,6.149722137783058,9.268291400670773,0.0489981421475405,2025-01-01T00:00:00
60,2025-10-21 09:00:00,10.100000381469727,ok,,2.211836125166375,9.13246936488903,2025-01-01T00:00:00,30.0,7.076202450112232,10.664596683944398,0.20559440086518055,2025-01-01T00:00:00
60,2025-10-21 15:00:00,11.0,ok,,2.2420006382611555,9.412142756614143,2025-01-01T00:00:00,30.0,7.29290457750891,10.991190051719178,0.2590776107823737,2025-01-01T00:00:00
60,2025-10-21 21:00:00,10.0,ok,,2.2234189463535836,9.238864110692065,2025-01-01T00:00:00,30.0,7.158641353638698,10.788840960924123,0.23045061963789093,2025-01-01T00:00:00
60,2025-10-22 09:00:00,9.300000190734863,ok,,2.149886160465269,8.583881156517595,2025-01-01T00:00:00,30.0,6.651134369500302,10.023973457728943,0.10273754968650484,2025-01-01T00:00:00
60,2025-10-22 19:00:00,11.0,ok,,2.2015514728057175,9.039026429979222,2025-01-01T00:00:00,30.0,7.003799127578612,10.555477104785613,0.18858828842020758,2025-01-01T00:00:00
60,2025-10-23 01:00:00,6.699999809265137,ok,,2.145136341869768,8.543205954566082,2025-01-01T00:00:00,30.0,6.619617596521606,9.97647429769687,0.09741189300208342,2025-01-01T00:00:00
60,2025-10-23 09:00:00,9.100000381469727,ok,,2.084045208692865,8.036914241345919,2025-01-01T00:00:00,30.0,6.2273225316912875,9.385243524268276,0.05416670344798458,2025-01-01T00:00:00
60,2025-10-23 20:00:00,6.5,ok,,2.2418826670984,9.411032460681865,2025-01-01T00:00:00,30.0,7.2920442758224295,10.989893484728972,0.2587663440028418,2025-01-01T00:00:00
60,2025-10-24 09:00:00,7.0,ok,,2.2187769546825193,9.196076766519862,2025-01-01T00:00:00,30.0,7.125488008407761,10.738875310830844,0.2173434276826759,2025-01-01T00:00:00
60,2025-10-25 09:00:00,7.199999809265137,ok,,2.2877798824385884,9.853038477008194,2025-01-01T00:00:00,30.0,7.634528212063996,11.506053540422137,0.4160919860224792,2025-01-01T00:00:00
60,2025-10-26 09:00:00,7.199999809265137,ok,,2.2608212401017003,9.590962416357943,2025-01-01T00:00:00,30.0,7.431461200460436,11.20000975580268,0.3244496526086096,2025-01-01T00:00:00
60,2025-10-27 09:00:00,10.399999618530273,ok,,2.1410628230884354,8.508475829590223,2025-01-01T00:00:00,30.0,6.5927073069134385,9.935917602584974,0.09293581138026519,2025-01-01T00:00:00
60,2025-10-27 14:15:10,9.600000381469727,ok,,2.3412165192540773,10.393873221702576,2025-01-01T00:00:00,30.0,8.053588598975976,12.137622527338712,0.572422049356555,2025-01-01T00:00:00
60,2025-10-27 17:46:34,5.599999904632568,ok,,2.1285348364982335,8.40254668342071,2025-01-01T00:00:00,30.0,6.51062916860127,9.812217037509365,0.08469468441066563,2025-01-01T00:00:00
60,2025-10-27 21:00:00,7.699999809265137,ok,,2.2515739083022646,9.502680420178294,2025-01-01T00:00:00,30.0,7.363056779628874,11.096916950769119,0.29808789505718847,2025-01-01T00:00:00
60,2025-10-28 09:00:00,9.899999618530273,ok,,2.255803526863177,9.542958253551289,2025-01-01T00:00:00,30.0,7.394265655543089,11.143952076873957,0.31280724406584415,2025-01-01T00:00:00
60,2025-10-28 13:00:00,7.800000190734863,ok,,1.8744756918902605,6.517401098109865,2025-01-01T00:00:00,30.0,5.049942986517707,7.610806164437936,0.010000000000000009,2025-01-01T00:00:00
60,2025-10-29 09:00:00,9.199999809265137,ok,,2.0063658250912844,7.436243571894902,2025-01-01T00:00:00,30.0,5.761898877578489,8.683800116836949,0.029051155782824578,2025-01-01T00:00:00
60,2025-10-30 09:00:00,9.899999618530273,ok,,2.11783352995489,8.313107865249366,2025-01-01T00:00:00,30.0,6.441328395831921,9.707773333887086,0.07778557971905298,2025-01-01T00:00:00
60,2025-10-31 09:00:00,10.199999809265137,ok,,2.162675841104697,8.694371315959337,2025-01-01T00:00:00,30.0,6.736746563280101,10.153000223755791,0.12426134843936865,2025-01-01T00:00:00
60,2025-11-01 09:00:00,7.800000190734863,ok,,2.092902103674061,8.108412505676606,2025-01-01T00:00:00,30.0,6.282722245943899,9.468736840503242,0.05769255397848616,2025-01-01T00:00:00
60,2025-11-02 09:00:00,10.100000381469727,ok,,2.146985293942113,8.559016544927948,2025-01-01T00:00:00,30.0,6.631868274162693,9.994937383945219,0.09944356655875675,2025-01-01T00:00:00
60,2025-11-03 04:00:00,8.5,ok,,2.0939440546482473,8.116865477012103,2025-01-01T00:00:00,30.0,6.289271946149293,9.478607941787262,0.058107345324989845,2025-01-01T00:00:00
60,2025-11-03 09:00:00,9.5,ok,,2.1731900187556787,8.786267741633022,2025-01-01T00:00:00,30.0,6.807951588616267,10.260313840407363,0.13520437987630263,2025-01-01T00:00:00
60,2025-11-04 09:00:00,9.399999618530273,ok,,2.147391124102328,8.562490756905978,2025-01-01T00:00:00,30.0,6.634560232528922,9.998994454170132,0.09988950262023821,2025-01-01T00:00:00
60,2025-11-05 09:00:00,8.899999618530273,ok,,2.1161433556830063,8.29906913151144,2025-01-01T00:00:00,30.0,6.430450623555487,9.691379363397147,0.07589484532176038,2025-01-01T00:00:00
60,2025-11-06 09:00:00,9.600000381469727,ok,,2.1929432357826917,8.961550292914128,2025-01-01T00:00:00,30.0,6.943767518490163,10.465003025824466,0.16662934175800093,2025-01-01T00:00:00
60,2025-11-07 09:00:00,9.899999618530273,ok,,2.201765993096369,9.040965692554337,2025-01-01T00:00:00,30.0,7.005301745768408,10.55774171169548,0.18908136713869328,2025-01-01T00:00:00
60,2025-11-08 09:00:00,8.800000190734863,ok,,2.164269551406884,8.708238672435906,2025-01-01T00:00:00,30.0,6.747491545601458,10.169194065529153,0.12609136662265696,2025-01-01T00:00:00
60,2025-11-09 09:00:00,10.5,ok,,2.232828354954685,9.326206634447496,2025-01-01T00:00:00,30.0,7.226317833668664,10.890836681029212,0.24272813277661398,2025-01-01T00:00:00
60,2025-11-09 12:00:00,11.199999809265137,ok,,2.1654951598527736,8.718918106367065,2025-01-01T00:00:00,30.0,6.755766398057029,10.181665156439845,0.1274987025346428,2025-01-01T00:00:00
60,2025-11-09 16:00:09,8.100000381469727,ok,,2.2139050147675534,9.15138299415024,2025-01-01T00:00:00,30.0,7.0908574863758345,10.686683396731622,0.20836629655648242,2025-01-01T00:00:00
60,2025-11-09 23:00:00,7.300000190734863,ok,,2.0004259205669066,7.392203920206536,2025-01-01T00:00:00,30.0,5.727775194407164,8.632372063307033,0.026342857478781845,2025-01-01T00:00:00
60,2025-11-10 09:00:00,8.100000381469727,ok,,2.0154762676172853,7.504300585593941,2025-01-01T00:00:00,30.0,5.814632173234096,8.763274854020777,0.0315817237465591,2025-01-01T00:00:00
60,2025-11-11 09:00:00,9.100000381469727,ok,,2.177006110111137,8.819860998710622,2025-01-01T00:00:00,30.0,6.833980987516161,10.299542938663091,0.13880452605054616,2025-01-01T00:00:00
60,2025-11-12 09:00:00,11.5,ok,,2.365823167652604,10.652804253174237,2025-01-01T00:00:00,30.0,8.254218716209566,12.439993650555342,0.6334471530750456,2025-01-01T00:00:00
60,2025-11-12 16:06:58,8.100000381469727,ok,,2.171078480997476,8.76773477895403,2025-01-01T00:00:00,30.0,6.793591508042537,10.238671657506654,0.1332123299294138,2025-01-01T00:00:00
60,2025-11-13 09:00:00,7.300000190734863,ok,,2.160965107353381,8.679510276767685,2025-01-01T00:00:00,30.0,6.725231635856036,10.135645992063255,0.12229695511934191,2025-01-01T00:00:00
60,2025-11-14 09:00:00,10.399999618530273,ok,,2.1612387831040802,8.681885973328823,2025-01-01T00:00:00,30.0,6.727072420550184,10.138420252195504,0.12261121022544097,2025-01-01T00:00:00
60,2025-11-14 21:00:00,8.300000190734863,ok,,2.1187095494589374,8.320393500591983,2025-01-01T00:00:00,30.0,6.446973597430983,9.716281258678384,0.07876554979465711,2025-01-01T00:00:00
60,2025-11-15 09:00:00,9.199999809265137,ok,,2.090311435535176,8.087433486313236,2025-01-01T00:00:00,30.0,6.266466862839,9.444238233237702,0.05666123220587471,2025-01-01T00:00:00
60,2025-11-16 09:00:00,9.899999618530273,ok,,2.1922705104051077,8.955523657972007,2025-01-01T00:00:00,30.0,6.9390978407459025,10.457965320199502,0.16439247329786177,2025-01-01T00:00:00
60,2025-11-17 09:00:00,9.199999809265137,ok,,2.1247876542738915,8.371119727887091,2025-01-01T00:00:00,30.0,6.486278306763009,9.775517674787292,0.0826776838614991,2025-01-01T00:00:00
60,2025-11-18 09:00:00,9.800000190734863,ok,,2.211476271825422,9.129183606507947,2025-01-01T00:00:00,30.0,7.073656513128738,10.660759683617862,0.2051122698105704,2025-01-01T00:00:00
60,2025-11-19 09:00:00,9.699999809265137,ok,,2.130847151654917,8.421998500169785,2025-01-01T00:00:00,30.0,6.525701214051336,9.83493222790425,0.08593933723554803,2025-01-01T00:00:00
60,2025-11-20 09:00:00,6.099999904632568,ok,,2.0440914012459457,7.722139023536369,2025-01-01T00:00:00,30.0,5.9834221058040535,9.017659401079662,0.03802055800642434,2025-01-01T00:00:00
60,2025-11-21 09:00:00,10.399999618530273,ok,,2.0680370992232366,7.909282733501734,2025-01-01T00:00:00,30.0,6.128428535726647,9.236199656620059,0.047321722761766494,2025-01-01T00:00:00
60,2025-11-22 09:00:00,9.300000190734863,ok,,2.238740628914449,9.381509043481003,2025-01-01T00:00:00,30.0,7.269168351602457,10.955417011324142,0.2504760798074165,2025-01-01T00:00:00
60,2025-11-23 09:00:00,9.899999618530273,ok,,2.2476763942142886,9.465715671474626,2025-01-01T00:00:00,30.0,7.334415014199,11.053750735729453,0.2844513924021119,2025-01-01T00:00:00
60,2025-11-23 21:51:00,9.899999618530273,ok,,2.3234699353910298,10.211044569250076,2025-01-01T00:00:00,30.0,7.911925648163459,11.924121253721394,0.5009740288425106,2025-01-01T00:00:00
60,2025-11-24 01:38:00,10.699999809265137,ok,,2.1682955867179246,8.743369019384566,2025-01-01T00:00:00,30.0,6.774711943198096,10.21021812666807,0.1305869142198235,2025-01-01T00:00:00
60,2025-11-24 09:00:00,9.0,ok,,2.1585918484520046,8.65893597547242,2025-01-01T00:00:00,30.0,6.709289844494039,10.111620001216627,0.11863217940194448,2025-01-01T00:00:00
60,2025-11-24 19:00:00,8.399999618530273,ok,,2.206610635471018,9.084872207862684,2025-01-01T00:00:00,30.0,7.0393222695486815,10.609014292949482,0.1980892581610625,2025-01-01T00:00:00
60,2025-11-25 09:00:00,9.899999618530273,ok,,2.2055092688300943,9.074871940667103,2025-01-01T00:00:00,30.0,7.031573662638133,10.59733631056472,0.19608492054414317,2025-01-01T00:00:00
60,2025-11-26 09:00:00,9.699999809265137,ok,,2.2791000288590837,9.767885637420521,2025-01-01T00:00:00,30.0,7.568548386887585,11.406614861307972,0.3908929377909711,2025-01-01T00:00:00
60,2025-11-27 09:00:00,13.100000381469727,ok,,2.2983201295696656,9.957441186160146,2025-01-01T00:00:00,30.0,7.7154236059362935,11.627971582665714,0.44687759045274245,2025-01-01T00:00:00
60,2025-11-27 11:45:00,10.5,ok,,2.2635172261720333,9.616854403969851,2025-01-01T00:00:00,30.0,7.451523347822471,11.230245565439043,0.3292104295823396,2025-01-01T00:00:00
60,2025-11-27 21:00:00,8.600000381469727,ok,,2.426771060869826,11.322264091621152,2025-01-01T00:00:00,30.0,8.772942969179164,13.221766781991596,0.7749021306966936,2025-01-01T00:00:00
60,2025-11-28 09:00:00,9.0,ok,,2.2774060403534397,9.751352958463857,2025-01-01T00:00:00,30.0,7.555738206128606,11.387308543801359,0.3843116122554199,2025-01-01T00:00:00
60,2025-11-29 09:00:00,7.300000190734863,ok,,2.1644014442822486,8.70938730282019,2025-01-01T00:00:00,30.0,6.7483815503542575,10.170535398228763,0.12624281595434028,2025-01-01T00:00:00
60,2025-11-30 09:00:00,8.699999809265137,ok,,2.255875900338011,9.543648935593524,2025-01-01T00:00:00,30.0,7.394800823608179,11.144758632595412,0.3130156438378472,2025-01-01T00:00:00
60,2025-12-01 09:00:00,7.800000190734863,ok,,2.097341991743118,8.14449298699882,2025-01-01T00:00:00,30.0,6.310678845646829,9.510870437243609,0.05946003363550911,2025-01-01T00:00:00
60,2025-12-02 09:00:00,8.399999618530273,ok,,2.122003549439946,8.347846066177485,2025-01-01T00:00:00,30.0,6.4682449430108395,9.748339459829818,0.08117908020605724,2025-01-01T00:00:00
60,2025-12-03 09:00:00,6.800000190734863,ok,,2.0658917610803775,7.892332835702986,2025-01-01T00:00:00,30.0,6.115295077125211,9.216406124702754,0.0462848348232856,2025-01-01T00:00:00
60,2025-12-04 09:00:00,7.800000190734863,ok,,2.1224709839169535,8.351749049360958,2025-01-01T00:00:00,30.0,6.471269130452607,9.752897234934542,0.08143068675742782,2025-01-01T00:00:00
60,2025-12-05 09:00:00,9.0,ok,,2.232037344251342,9.318832422103013,2025-01-01T00:00:00,30.0,7.220603999066567,10.882225318934964,0.24172459347475228,2025-01-01T00:00:00
60,2025-12-06 09:00:00,8.300000190734863,ok,,2.153305166794219,8.613279728832952,2025-01-01T00:00:00,30.0,6.673913558910729,10.058304141391835,0.10664642030117821,2025-01-01T00:00:00
60,2025-12-07 09:00:00,10.199999809265137,ok,,2.012829508379197,7.484464770586645,2025-01-01T00:00:00,30.0,5.799262590578364,8.740111243117966,0.030986163219707374,2025-01-01T00:00:00
60,2025-12-08 09:00:00,8.199999809265137,ok,,2.0803524859580036,8.007290874511375,2025-01-01T00:00:00,30.0,6.204369162498385,9.350650332975945,0.05269666361558856,2025-01-01T00:00:00
60,2025-12-09 09:00:00,9.100000381469727,ok,,2.1193385794346202,8.325628923959819,2025-01-01T00:00:00,30.0,6.45103021280878,9.722395013508192,0.07946922197316342,2025-01-01T00:00:00
60,2025-12-10 05:00:00,9.800000190734863,ok,,1.7759603185694286,5.90595000738449,2025-01-01T00:00:00,30.0,4.576166230917578,6.896773736405449,0.010000000000000009,2025-01-01T00:00:00
60,2025-12-10 08:35:00,8.0,ok,,1.7485087855678243,5.74602772457852,2025-01-01T00:00:00,30.0,4.452252051279605,6.710021766181666,0.010000000000000009,2025-01-01T00:00:00
60,2025-12-10 19:00:00,7.800000190734863,ok,,2.170950124854441,8.766609458557086,2025-01-01T00:00:00,30.0,6.7927195648000405,10.237357545441874,0.13309123721064853,2025-01-01T00:00:00
60,2025-12-11 09:00:00,7.300000190734863,ok,,2.0800648355322706,8.004987905123295,2025-01-01T00:00:00,30.0,6.202584729726115,9.347961001239039,0.05258215255857335,2025-01-01T00:00:00
60,2025-12-11 16:00:00,10.5,ok,,2.1205566092420622,8.335775966600592,2025-01-01T00:00:00,30.0,6.45889254720347,9.73424439541958,0.08040023386258777,2025-01-01T00:00:00
60,2025-12-12 09:00:00,7.599999904632568,ok,,2.190202995914362,8.93702711056563,2025-01-01T00:00:00,30.0,6.924765976181558,10.436365661853772,0.1588583311866988,2025-01-01T00:00:00
60,2025-12-13 09:00:00,6.699999809265137,ok,,2.0953853538816833,8.12857274381269,2025-01-01T00:00:00,30.0,6.298343204612741,9.492279302041652,0.05868111363517203,2025-01-01T00:00:00
60,2025-12-14 09:00:00,6.400000095367432,ok,,2.2260290288287834,9.263009805417688,2025-01-01T00:00:00,30.0,7.177350403442252,10.817037507292232,0.23388422518170304,2025-01-01T00:00:00
60,2025-12-14 13:22:00,11.0,ok,,2.0968364386434755,8.140376553949643,2025-01-01T00:00:00,30.0,6.30748926871375,9.506063402421823,0.059258777476510316,2025-01-01T00:00:00
60,2025-12-15 09:00:00,8.800000190734863,ok,,2.167677283196173,8.737964634475192,2025-01-01T00:00:00,30.0,6.770524409661539,10.20390706411966,0.130003599290748,2025-01-01T00:00:00
60,2025-12-16 09:00:00,7.400000095367432,ok,,2.0870187027733813,8.060847523370219,2025-01-01T00:00:00,30.0,6.245866995639965,9.413192022085695,0.05535042479767771,2025-01-01T00:00:00
60,2025-12-17 09:00:00,8.399999618530273,ok,,2.079830548225704,8.00311265774981,2025-01-01T00:00:00,30.0,6.201131713074361,9.345771149171455,0.05248888488114212,2025-01-01T00:00:00
60,2025-12-18 09:00:00,9.300000190734863,ok,,2.188773879644978,8.924264181748828,2025-01-01T00:00:00,30.0,6.914876748574478,10.421461534295414,0.1566727045922377,2025-01-01T00:00:00
60,2025-12-19 09:00:00,9.399999618530273,ok,,2.1747540276326105,8.800020294129759,2025-01-01T00:00:00,30.0,6.818607616223306,10.276373617877445,0.1366798845354652,2025-01-01T00:00:00
60,2025-12-20 09:00:00,9.100000381469727,ok,,2.170467961124553,8.762383536317165,2025-01-01T00:00:00,30.0,6.789445151263754,10.232422652752309,0.13263635818763164,2025-01-01T00:00:00
60,2025-12-21 09:00:00,8.800000190734863,ok,,2.128912823945448,8.405723340922183,2025-01-01T00:00:00,30.0,6.513090569860553,9.815926633425066,0.08489814419536923,2025-01-01T00:00:00
60,2025-12-22 09:00:00,9.0,ok,,2.027100949329214,7.592044701991492,2025-01-01T00:00:00,30.0,5.882619823301929,8.865739540775335,0.03419745148832387,2025-01-01T00:00:00
60,2025-12-23 09:00:00,8.300000190734863,ok,,2.0686992165401605,7.914521340658907,2025-01-01T00:00:00,30.0,6.132487618031733,9.242317129374104,0.047641738262382605,2025-01-01T00:00:00
60,2025-12-24 09:00:00,5.099999904632568,ok,,1.9456057267661,6.9978693682978514,2025-01-01T00:00:00,30.0,5.422229015067306,8.171881172330892,0.015544616176191073,2025-01-01T00:00:00
60,2025-12-25 09:00:00,9.0,ok,,2.315979428815837,10.134844417916021,2025-01-01T00:00:00,30.0,7.852882723843119,11.835137228835688,0.48404765389882765,2025-01-01T00:00:00
60,2025-12-26 09:00:00,6.199999809265137,ok,,2.084802546721826,8.043003207548187,2025-01-01T00:00:00,30.0,6.232040506188392,9.392354018284166,0.05446819293124594,2025-01-01T00:00:00
60,2025-12-27 09:00:00,8.899999618530273,ok,,2.0766842700689994,7.977972209369792,2025-01-01T00:00:00,30.0,6.1816518883614995,9.316412962276548,0.05123637973893658,2025-01-01T00:00:00
60,2025-12-28 09:00:00,10.899999618530273,ok,,2.187453835284405,8.912491529064841,2025-01-01T00:00:00,30.0,6.905754826513943,10.407713818561753,0.15465388770368516,2025-01-01T00:00:00
60,2025-12-28 23:00:00,10.5,ok,,2.1535466969227257,8.61536034664855,2025-01-01T00:00:00,30.0,6.67552570479332,10.06073381829194,0.10692255609358203,2025-01-01T00:00:00
60,2025-12-29 01:30:00,7.900000095367432,ok,,2.0703223258886645,7.927377905218393,2025-01-01T00:00:00,30.0,6.142449398356519,9.257330601666183,0.0484262218235878,2025-01-01T00:00:00
60,2025-12-29 09:00:00,4.699999809265137,ok,,1.7135512037713845,5.5486308507803015,2025-01-01T00:00:00,30.0,4.2993010600191575,6.479508203899922,0.010000000000000009,2025-01-01T00:00:00
60,2025-12-30 09:00:00,9.699999809265137,ok,,1.9695097115981217,7.167161650543269,2025-01-01T00:00:00,30.0,5.553403444955435,8.36957511902981,0.01814799735826611,2025-01-01T00:00:00
60,2025-12-31 09:00:00,9.0,ok,,2.178513702831552,8.833167785034103,2025-01-01T00:00:00,30.0,6.844291617667011,10.315082165090168,0.14039170876024254,2025-01-01T00:00:00
120,2025-01-01 08:00:00,3.5,ok,,1.514096392576398,4.545312092898713,2025-01-01T00:00:00,30.0,3.365535530942076,5.329189897094465,0.010000000000000009,2025-01-01T00:00:00
120,2025-01-02 08:00:00,7.099999904632568,ok,,1.931265650044167,6.898235470901553,2025-01-01T00:00:00,30.0,5.107736521414145,8.087894962535508,0.018812410460059104,2025-01-01T00:00:00
120,2025-01-03 08:00:00,7.699999809265137,ok,,2.0252213072061345,7.577787778124192,2025-01-01T00:00:00,30.0,5.610904926211827,8.884641856077991,0.03337821357456383,2025-01-01T00:00:00
120,2025-01-04 08:00:00,5.400000095367432,ok,,2.050222119072641,7.769626696933071,2025-01-01T00:00:00,30.0,5.752950331295781,9.109565031228724,0.040466400762680266,2025-01-01T00:00:00
120,2025-01-05 08:00:00,5.300000190734863,ok,,1.7122285147074097,5.5412965889771595,2025-01-01T00:00:00,30.0,4.103003309019718,6.496940407000377,0.010000000000000009,2025-01-01T00:00:00
120,2025-01-06 08:00:00,4.800000190734863,ok,,1.6581330705961843,5.2495012421542935,2025-01-01T00:00:00,30.0,3.8869460642311355,6.154822466026188,0.010000000000000009,2025-01-01T00:00:00
120,2025-01-07 08:00:00,5.099999904632568,ok,,1.7151426543977437,5.557468253102725,2025-01-01T00:00:00,30.0,4.114977472530753,6.515901012414428,0.010000000000000009,2025-01-01T00:00:00
120,2025-01-08 08:00:00,3.5999999046325684,ok,,1.5833795428040425,4.8713910984488535,2025-01-01T00:00:00,30.0,3.6069778030333164,5.711504005898422,0.010000000000000009,2025-01-01T00:00:00
120,2025-01-09 08:00:00,3.9000000953674316,ok,,1.6130205563949098,5.01794534650314,2025-01-01T00:00:00,30.0,3.715492580227119,5.883332782920661,0.010000000000000009,2025-01-01T00:00:00
120,2025-01-10 08:00:00,3.5,ok,,1.624243458519377,5.074578455485331,2025-01-01T00:00:00,30.0,3.7574260573155374,5.949732754157063,0.010000000000000009,2025-01-01T00:00:00
120,2025-01-11 08:00:00,3.5999999046325684,ok,,1.6189140721564048,5.0476060034160275,2025-01-01T00:00:00,30.0,3.7374545473420646,5.9181086728773264,0.010000000000000009,2025-01-01T00:00:00
120,2025-01-12 08:00:00,4.199999809265137,ok,,1.5133691968095992,4.542007962706328,2025-01-01T00:00:00,30.0,3.3630890174059203,5.325315941493605,0.010000000000000009,2025-01-01T00:00:00
120,2025-01-13 08:00:00,6.0,ok,,1.7225960444899302,5.599044983236351,2025-01-01T00:00:00,30.0,4.1457625890783545,6.564648003963922,0.010000000000000009,2025-01-01T00:00:00
120,2025-01-14 08:00:00,1.600000023841858,ok,,1.757551678737537,5.7982240868146,2025-01-01T00:00:00,30.0,4.293242968073911,6.798177241298339,0.010000000000000009,2025-01-01T00:00:00
120,2025-01-15 08:00:00,1.899999976158142,abstain,outside_training_support,1.491687467359577,4.444589293835284,2025-01-01T00:00:00,30.0,3.290956238674441,5.211096593003308,0.010000000000000009,2025-01-01T00:00:00
120,2025-01-16 08:00:00,7.099999904632568,ok,,1.8233632716523749,6.192651032402429,2025-01-01T00:00:00,30.0,4.585292858731743,7.260626474839962,0.010000000000000009,2025-01-01T00:00:00
120,2025-01-17 08:00:00,8.199999809265137,ok,,1.9489087823530655,7.02102193587062,2025-01-01T00:00:00,30.0,5.198652657011917,8.231856999737621,0.021281533939936703,2025-01-01T00:00:00
120,2025-01-18 08:00:00,7.599999904632568,ok,,1.9539275404871856,7.056347317446421,2025-01-01T00:00:00,30.0,5.224809018645079,8.27327454439839,0.02196305170968038,2025-01-01T00:00:00
120,2025-01-19 08:00:00,6.900000095367432,ok,,2.0116608315004334,7.475722958830947,2025-01-01T00:00:00,30.0,5.53533194711381,8.764975088932095,0.029802892299689132,2025-01-01T00:00:00
120,2025-01-20 08:00:00,10.600000381469727,ok,,2.0739243097150024,7.955983680059127,2025-01-01T00:00:00,30.0,5.890936686320731,9.328060864172734,0.0492018028675274,2025-01-01T00:00:00
120,2025-01-21 08:00:00,8.300000190734863,ok,,2.221979490127755,9.225574737258675,2025-01-01T00:00:00,30.0,6.830993986114734,10.81660371825747,0.21019969428777774,2025-01-01T00:00:00
120,2025-01-22 08:00:00,6.099999904632568,ok,,2.11471823242827,8.287250358703746,2025-01-01T00:00:00,30.0,6.136220124379355,9.716457304504093,0.07834431151878163,2025-01-01T00:00:00
120,2025-01-23 08:00:00,6.099999904632568,ok,,2.0494752235470903,7.763825764132982,2025-01-01T00:00:00,30.0,5.748655082685283,9.102763678133465,0.04019113368528471,2025-01-01T00:00:00
120,2025-01-23 20:00:00,5.900000095367432,ok,,2.0709856130332347,7.932637777282995,2025-01-01T00:00:00,30.0,5.873650422211882,9.300688761516133,0.048118751196618126,2025-01-01T00:00:00
120,2025-01-24 08:00:00,6.699999809265137,ok,,2.239789343837533,9.391352732725679,2025-01-01T00:00:00,30.0,6.953742814487647,11.010971541752712,0.24935474351476938,2025-01-01T00:00:00
120,2025-01-25 08:00:00,7.5,ok,,1.9306280787516705,6.893838755755042,2025-01-01T00:00:00,30.0,5.104481013158039,8.082739996394507,0.01872013756868718,2025-01-01T00:00:00
120,2025-01-26 08:00:00,8.899999618530273,ok,,2.0280543580703623,7.599286475410043,2025-01-01T00:00:00,30.0,5.6268234435997835,8.909848186916184,0.03416859139021167,2025-01-01T00:00:00
120,2025-01-27 08:00:00,6.0,ok,,1.985254496444056,7.280900112875395,2025-01-01T00:00:00,30.0,5.391077119964084,8.536553382970121,0.02621706766064591,2025-01-01T00:00:00
120,2025-01-28 08:00:00,7.900000095367432,ok,,2.0035466133327082,7.415308750290745,2025-01-01T00:00:00,30.0,5.490598788804735,8.694141935297516,0.028701029304681325,2025-01-01T00:00:00
120,2025-01-29 08:00:00,6.199999809265137,ok,,2.0335165824691073,7.64090905585912,2025-01-01T00:00:00,30.0,5.657642509601812,8.95864893605875,0.03569246836798512,2025-01-01T00:00:00
120,2025-01-30 08:00:00,5.900000095367432,ok,,2.102738199829124,8.188561159490781,2025-01-01T00:00:00,30.0,6.063146592863142,9.600748311887337,0.07075185920143912,2025-01-01T00:00:00
120,2025-01-31 08:00:00,7.400000095367432,ok,,2.1481739076211706,8.569195957568628,2025-01-01T00:00:00,30.0,6.344984211724422,10.04702682454837,0.10717172561047861,2025-01-01T00:00:00
120,2025-02-01 08:00:00,9.600000381469727,ok,,2.0310788404636893,7.622305175836899,2025-01-01T00:00:00,30.0,5.643867433666765,8.936836658390057,0.03501237567156257,2025-01-01T00:00:00
120,2025-02-02 08:00:00,10.5,ok,,1.9827530961703896,7.26271042666795,2025-01-01T00:00:00,30.0,5.3776087301205155,8.515226730369196,0.02587739224888308,2025-01-01T00:00:00
120,2025-02-03 02:48:22,10.699999809265137,ok,,2.1701695609639904,8.759769229737165,2025-01-01T00:00:00,30.0,6.486092480116631,10.270466081510177,0.1338847657078861,2025-01-01T00:00:00
120,2025-02-03 08:00:00,8.5,ok,,2.1701695609639904,8.759769229737165,2025-01-01T00:00:00,30.0,6.486092480116631,10.270466081510177,0.1338847657078861,2025-01-01T00:00:00
120,2025-02-04 08:00:00,7.099999904632568,ok,,1.9718705109418846,7.1841018694254775,2025-01-01T00:00:00,30.0,5.3194037296654395,8.4230614575519,0.02439960132615382,2025-01-01T00:00:00
120,2025-02-05 08:00:00,7.400000095367432,ok,,2.0794615261230525,8.000159877143254,2025-01-01T00:00:00,30.0,5.923646554833569,9.379855622900214,0.05256575972169797,2025-01-01T00:00:00
120,2025-02-07 08:00:00,8.300000190734863,ok,,1.9693276531813106,7.165856927211678,2025-01-01T00:00:00,30.0,5.305894426008059,8.401670019575452,0.024054296232054906,2025-01-01T00:00:00
120,2025-02-08 08:00:00,8.100000381469727,ok,,2.030002707129409,7.614106971124978,2025-01-01T00:00:00,30.0,5.637797146592086,8.927224603412945,0.03471215094745539,2025-01-01T00:00:00
120,2025-02-09 08:00:00,9.899999618530273,ok,,2.065331273301575,7.887910519045325,2025-01-01T00:00:00,30.0,5.840532525415382,9.248247906443206,0.04603485389198736,2025-01-01T00:00:00
120,2025-02-10 08:00:00,9.5,ok,,2.2121935282834966,9.13573392125362,2025-01-01T00:00:00,30.0,6.764472160503191,10.71126908793607,0.1968412145087205,2025-01-01T00:00:00
120,2025-02-11 08:00:00,6.800000190734863,ok,,2.216820211735613,9.178100001857345,2025-01-01T00:00:00,30.0,6.795841744519514,10.76094156017084,0.20366358967438902,2025-01-01T00:00:00
120,2025-02-12 08:00:00,9.600000381469727,ok,,2.125126021306168,8.37395271809446,2025-01-01T00:00:00,30.0,6.20041810796817,9.818112224623029,0.08474657507649708,2025-01-01T00:00:00
120,2025-02-13 08:00:00,11.600000381469727,ok,,2.1272603051635404,8.391844196157942,2025-01-01T00:00:00,30.0,6.213665692268881,9.839089240544324,0.08604614525026677,2025-01-01T00:00:00
120,2025-02-13 14:46:39,8.899999618530273,ok,,2.0860430096613927,8.052986445588228,2025-01-01T00:00:00,30.0,5.962761513156688,9.441792583245567,0.05757446774777397,2025-01-01T00:00:00
120,2025-02-14 08:00:00,7.0,ok,,2.1046107084282566,8.20390867536978,2025-01-01T00:00:00,30.0,6.074510523204288,9.618742637666559,0.07193857819699034,2025-01-01T00:00:00
120,2025-02-14 20:41:16,11.899999618530273,ok,,1.8305138221626078,6.237090590704243,2025-01-01T00:00:00,30.0,4.618197730693736,7.312730013671404,0.010000000000000009,2025-01-01T00:00:00
120,2025-02-15 00:39:46,8.0,ok,,2.036520225413326,7.663894120615269,2025-01-01T00:00:00,30.0,5.674661594438403,8.98559797110387,0.036530438762097606,2025-01-01T00:00:00
120,2025-02-15 08:00:00,9.100000381469727,ok,,2.0531058315825046,7.792064403033925,2025-01-01T00:00:00,30.0,5.7695641293302975,9.135872310954019,0.041529188110420834,2025-01-01T00:00:00
120,2025-02-16 08:00:00,7.300000190734863,ok,,2.2816239398717415,9.792570049076831,2025-01-01T00:00:00,30.0,7.250820574212588,11.48138220336128,0.34830570321178667,2025-01-01T00:00:00
120,2025-02-17 08:00:00,8.699999809265137,ok,,2.125601825516919,8.377938028096814,2025-01-01T00:00:00,30.0,6.203368994978921,9.822784835296895,0.08503629331557305,2025-01-01T00:00:00
120,2025-02-18 08:00:00,8.5,ok,,2.13188608372483,8.430752931346579,2025-01-01T00:00:00,30.0,6.242475315912977,9.884708118684717,0.08886279207442227,2025-01-01T00:00:00
120,2025-02-19 08:00:00,10.199999809265137,ok,,2.1967956762413454,8.99614071783047,2025-01-01T00:00:00,30.0,6.661111626309592,10.547601847011526,0.17312731372079115,2025-01-01T00:00:00
120,2025-02-20 08:00:00,5.699999809265137,ok,,2.286220782174717,9.837688571249188,2025-01-01T00:00:00,30.0,7.284228178876721,11.534281799168664,0.3580230784227868,2025-01-01T00:00:00
120,2025-02-21 08:00:00,9.399999618530273,ok,,2.0819197119365236,8.019849947669705,2025-01-01T00:00:00,30.0,5.938225890775551,9.402941413881779,0.05443651347224587,2025-01-01T00:00:00
120,2025-02-22 08:00:00,9.100000381469727,ok,,2.240534751272956,9.398355726598925,2025-01-01T00:00:00,30.0,6.958928118427547,11.019182261596796,0.25063448774474495,2025-01-01T00:00:00
120,2025-02-23 08:00:00,10.300000190734863,ok,,2.21362591824651,9.148829231383564,2025-01-01T00:00:00,30.0,6.774168465317967,10.7266227958922,0.19950000071218432,2025-01-01T00:00:00
120,2025-02-24 08:00:00,9.399999618530273,ok,,2.1984385503322748,9.010932391435874,2025-01-01T00:00:00,30.0,6.6720639882296595,10.564944470780354,0.17530862465431918,2025-01-01T00:00:00
120,2025-02-25 08:00:00,9.399999618530273,ok,,2.2039764296262763,9.060972276883152,2025-01-01T00:00:00,30.0,6.70911557214624,10.62361416089779,0.1830669016092038,2025-01-01T00:00:00
120,2025-02-26 08:00:00,8.800000190734863,ok,,2.2573425926330724,9.55765680205791,2025-01-01T00:00:00,30.0,7.076881169530927,11.205956165034282,0.2930196544486632,2025-01-01T00:00:00
120,2025-02-27 08:00:00,10.300000190734863,ok,,2.236103452123408,9.356800939705296,2025-01-01T00:00:00,30.0,6.928159249554993,10.97046099758603,0.24537187199909516,2025-01-01T00:00:00
120,2025-02-28 08:00:00,10.600000381469727,ok,,2.229919747918529,9.299119775819918,2025-01-01T00:00:00,30.0,6.885449749623046,10.902832225447181,0.23362142028629418,2025-01-01T00:00:00
120,2025-03-01 08:00:00,7.800000190734863,ok,,2.1874485394494507,8.912444330105652,2025-01-01T00:00:00,30.0,6.599139387452889,10.449471303988254,0.15913266584039598,2025-01-01T00:00:00
120,2025-03-02 08:00:00,10.0,ok,,2.1288495375344647,8.405191389693037,2025-01-01T00:00:00,30.0,6.223548501889569,9.854738271345294,0.08701383236522475,2025-01-01T00:00:00
120,2025-03-03 08:00:00,8.300000190734863,ok,,2.207468174842967,9.09266618481348,2025-01-01T00:00:00,30.0,6.732583041722328,10.660773953336601,0.18840922756061973,2025-01-01T00:00:00
120,2025-03-06 08:00:00,8.5,ok,,2.2335961264622006,9.333369779652154,2025-01-01T00:00:00,30.0,6.91080985746083,10.942988934308461,0.24266252600331573,2025-01-01T00:00:00
120,2025-03-07 08:00:00,8.399999618530273,ok,,2.12128743211173,8.341870168933385,2025-01-01T00:00:00,30.0,6.176662872482033,9.780496766461342,0.08240924960349894,2025-01-01T00:00:00
120,2025-03-08 08:00:00,8.0,ok,,2.1100921564492343,8.249001448282334,2025-01-01T00:00:00,30.0,6.107899062060179,9.671612043534859,0.0754124946813437,2025-01-01T00:00:00
120,2025-03-09 08:00:00,9.5,ok,,2.160449735721823,8.67503825587056,2025-01-01T00:00:00,30.0,6.423354191239855,10.171122529148533,0.12191059245971725,2025-01-01T00:00:00
120,2025-03-10 08:00:00,10.199999809265137,ok,,2.2427468847747165,9.419169156718622,2025-01-01T00:00:00,30.0,6.9743392358947185,11.043585145106393,0.2600370015102338,2025-01-01T00:00:00
120,2025-03-11 08:00:00,8.100000381469727,ok,,2.2769425158370726,9.74683401470138,2025-01-01T00:00:00,30.0,7.216955738181756,11.427758600109126,0.3400654729679834,2025-01-01T00:00:00
120,2025-03-12 08:00:00,8.600000381469727,ok,,2.179722529513219,8.843852010323555,2025-01-01T00:00:00,30.0,6.548350820098614,10.369049654136724,0.14612617076486067,2025-01-01T00:00:00
120,2025-03-13 08:00:00,7.699999809265137,ok,,2.1548191006208777,8.626329540155794,2025-01-01T00:00:00,30.0,6.387288260000345,10.114013580327809,0.11554728979459372,2025-01-01T00:00:00
120,2025-03-14 08:00:00,9.899999618530273,ok,,2.1654855350685795,8.718834189065728,2025-01-01T00:00:00,30.0,6.455782496770159,10.222471444238911,0.1273103921737384,2025-01-01T00:00:00
120,2025-03-15 08:00:00,10.399999618530273,ok,,2.3049592653132343,10.023769928980276,2025-01-01T00:00:00,30.0,7.4220104495525545,11.752454472769546,0.4083272953036172,2025-01-01T00:00:00
120,2025-03-16 08:00:00,10.5,ok,,2.282442372024927,9.800587883846653,2025-01-01T00:00:00,30.0,7.256757307983019,11.490782782062723,0.3497463053301241,2025-01-01T00:00:00
120,2025-03-17 08:00:00,12.399999618530273,ok,,2.3768626166512856,10.771056863303548,2025-01-01T00:00:00,30.0,7.975332350858969,12.628617407070179,0.6195607557703269,2025-01-01T00:00:00
120,2025-03-18 08:00:00,12.300000190734863,ok,,2.406616377511547,11.09635168773434,2025-01-01T00:00:00,30.0,8.21619398308084,13.010012096038201,0.6768234761420753,2025-01-01T00:00:00
120,2025-03-19 08:00:00,10.300000190734863,ok,,2.4111121223122938,11.14635035956295,2025-01-01T00:00:00,30.0,8.253215050743497,13.068633464897218,0.6814471753996769,2025-01-01T00:00:00
120,2025-03-20 08:00:00,11.300000190734863,ok,,2.2358888994629877,9.354793628515338,2025-01-01T00:00:00,30.0,6.92667295400622,10.968107508475665,0.2451400323938986,2025-01-01T00:00:00
120,2025-03-21 08:00:00,9.600000381469727,ok,,2.243776428626693,9.428871598102067,2025-01-01T00:00:00,30.0,6.981523321507648,11.054960855187684,0.2616480340953796,2025-01-01T00:00:00
120,2025-03-22 08:00:00,8.800000190734863,ok,,2.183561911402251,8.877872202024667,2025-01-01T00:00:00,30.0,6.573540765607182,10.40893691780648,0.14996438473500484,2025-01-01T00:00:00
120,2025-03-23 08:00:00,6.900000095367432,ok,,2.1823567553298058,8.867179424956795,2025-01-01T00:00:00,30.0,6.565623394828046,10.39640008021264,0.14875959526441906,2025-01-01T00:00:00
120,2025-03-24 04:00:00,6.800000190734863,ok,,2.1238704133928423,8.363444915016663,2025-01-01T00:00:00,30.0,6.192637699519272,9.805792261360144,0.08398203263362092,2025-01-01T00:00:00
120,2025-03-24 08:00:00,6.5,ok,,2.35640602268255,10.552956131202608,2025-01-01T00:00:00,30.0,7.8138416219039675,12.372903345129934,0.5566054405936827,2025-01-01T00:00:00
120,2025-03-24 22:01:00,11.0,ok,,1.5339007322559834,4.636226273746826,2025-01-01T00:00:00,30.0,3.432852119914889,5.435783003172997,0.010000000000000009,2025-01-01T00:00:00
120,2025-03-25 04:00:00,13.399999618530273,ok,,1.752439077350486,5.76865572832772,2025-01-01T00:00:00,30.0,4.271349342499838,6.763509567417784,0.010000000000000009,2025-01-01T00:00:00
120,2025-03-25 08:00:00,8.100000381469727,ok,,1.5141762474150724,4.545675072555264,2025-01-01T00:00:00,30.0,3.3658042959699035,5.3296154756859915,0.010000000000000009,2025-01-01T00:00:00
120,2025-03-25 18:00:00,10.5,ok,,2.074237761684554,7.958477889700404,2025-01-01T00:00:00,30.0,5.892783501456362,9.33098522152155,0.049317325058531036,2025-01-01T00:00:00
120,2025-03-26 08:00:00,8.300000190734863,ok,,2.138902380529891,8.490113598714316,2025-01-01T00:00:00,30.0,6.286428389119696,9.954306038993682,0.09529233236898005,2025-01-01T00:00:00
120,2025-03-26 21:07:57,10.199999809265137,ok,,2.1960756930992797,8.989665979300971,2025-01-01T00:00:00,30.0,6.656317464296245,10.540010484646853,0.17217136273926748,2025-01-01T00:00:00
120,2025-03-27 08:00:00,5.400000095367432,ok,,2.1973531865744347,9.001157557578642,2025-01-01T00:00:00,30.0,6.6648263002594605,10.553483883526262,0.17386754292754347,2025-01-01T00:00:00
120,2025-03-29 08:00:00,8.399999618530273,ok,,2.1941674574348418,8.972527934982066,2025-01-01T00:00:00,30.0,6.643627753247304,10.519916838539919,0.1695882093543557,2025-01-01T00:00:00
120,2025-03-30 08:00:00,10.199999809265137,ok,,2.238531319610194,9.379545611839673,2025-01-01T00:00:00,30.0,6.94500033783306,10.9971281822532,0.24799535771352732,2025-01-01T00:00:00
120,2025-03-31 08:00:00,8.600000381469727,ok,,2.212302808997217,9.1367323353296,2025-01-01T00:00:00,30.0,6.765211427241895,10.71243968702764,0.1970440601453468,2025-01-01T00:00:00
120,2025-04-01 08:00:00,7.0,ok,,2.2344124145877875,9.340991608956154,2025-01-01T00:00:00,30.0,6.9164533725394675,10.951925213026863,0.24354458412551272,2025-01-01T00:00:00
120,2025-04-02 08:00:00,7.300000190734863,ok,,2.294040471724892,9.914917802543028,2025-01-01T00:00:00,30.0,7.341411869816853,11.624829869523287,0.3732040148951681,2025-01-01T00:00:00
120,2025-04-03 08:00:00,9.899999618530273,ok,,2.1826915928398596,8.870148986369177,2025-01-01T00:00:00,30.0,6.56782217991484,10.399881767796293,0.1490943309187409,2025-01-01T00:00:00
120,2025-04-05 08:00:00,5.800000190734863,ok,,2.123847213083324,8.363250882756807,2025-01-01T00:00:00,30.0,6.192494030074502,9.805564766583592,0.08396790591370584,2025-01-01T00:00:00
120,2025-04-06 08:00:00,6.800000190734863,ok,,2.029354727198658,7.609174780769856,2025-01-01T00:00:00,30.0,5.634145150525311,8.921441814800447,0.034531374467683174,2025-01-01T00:00:00
120,2025-04-07 08:00:00,7.5,ok,,2.027726678049604,7.59679674899911,2025-01-01T00:00:00,30.0,5.62497994803181,8.906929085968992,0.03407717368137042,2025-01-01T00:00:00
120,2025-04-08 08:00:00,6.800000190734863,ok,,2.11110709106224,8.25737789542896,2025-01-01T00:00:00,30.0,6.114101327145358,9.681433080373468,0.07605571852824844,2025-01-01T00:00:00
120,2025-04-09 08:00:00,8.100000381469727,ok,,2.1038629773564383,8.197776650781208,2025-01-01T00:00:00,30.0,6.06997012065158,9.611553093182428,0.071464696973213,2025-01-01T00:00:00
120,2025-04-10 08:00:00,6.099999904632568,ok,,1.9753857257184704,7.209399968549156,2025-01-01T00:00:00,30.0,5.338135480032824,8.45272242945221,0.024876946771119846,2025-01-01T00:00:00
120,2025-04-11 08:00:00,7.400000095367432,ok,,1.9915260135882573,7.326705888476316,2025-01-01T00:00:00,30.0,5.424993595259171,8.590258754916388,0.027068702719121318,2025-01-01T00:00:00
120,2025-04-12 08:00:00,8.699999809265137,ok,,2.026867570459712,7.590273085918654,2025-01-01T00:00:00,30.0,5.620149560273954,8.899280361597626,0.03383749581717144,2025-01-01T00:00:00
120,2025-04-13 08:00:00,5.300000190734863,ok,,1.8158066324411875,6.146031767114468,2025-01-01T00:00:00,30.0,4.550774042301476,7.205967319977809,0.010000000000000009,2025-01-01T00:00:00
120,2025-04-14 08:00:00,7.699999809265137,ok,,1.9006661841501251,6.690349963120028,2025-01-01T00:00:00,30.0,4.9538095635931985,7.844157827399617,0.014383884229801858,2025-01-01T00:00:00
120,2025-04-15 08:00:00,8.5,ok,,1.5562034135305072,4.740788222413632,2025-01-01T00:00:00,30.0,3.510274076038094,5.558377550932705,0.010000000000000009,2025-01-01T00:00:00
120,2025-04-16 08:00:00,7.699999809265137,ok,,2.015640696535941,7.505534611076454,2025-01-01T00:00:00,30.0,5.557405717367144,8.799928014653227,0.030705369881676714,2025-01-01T00:00:00
120,2025-04-17 08:00:00,5.199999809265137,ok,,1.7575371888531341,5.798140071826526,2025-01-01T00:00:00,30.0,4.293180759930286,6.798078737209621,0.010000000000000009,2025-01-01T00:00:00
120,2025-04-18 08:00:00,8.800000190734863,ok,,2.0362973265229742,7.662186037491998,2025-01-01T00:00:00,30.0,5.67339685962511,8.983595314490223,0.03646825338438653,2025-01-01T00:00:00
120,2025-04-18 18:00:00,10.0,ok,,1.934844869651015,6.922970009318302,2025-01-01T00:00:00,30.0,5.126050988315786,8.116895182882484,0.019330415184967142,2025-01-01T00:00:00
120,2025-04-19 08:00:00,8.800000190734863,ok,,2.0670678258588255,7.901620190565847,2025-01-01T00:00:00,30.0,5.8506837286060165,9.264321927647117,0.04667485738755761,2025-01-01T00:00:00
120,2025-04-20 08:00:00,11.800000190734863,ok,,2.140315787249865,8.502122066753666,2025-01-01T00:00:00,30.0,6.295319951466262,9.968385469678951,0.0967451798085579,2025-01-01T00:00:00
120,2025-04-21 08:00:00,11.399999618530273,ok,,1.7906156484291318,5.9931409986884585,2025-01-01T00:00:00,30.0,4.437567445488314,7.026709235647832,0.010000000000000009,2025-01-01T00:00:00
120,2025-04-22 08:00:00,10.600000381469727,ok,,2.1612816335509417,8.682258003993164,2025-01-01T00:00:00,30.0,6.428699988917652,10.179587384359394,0.12280262197687108,2025-01-01T00:00:00
120,2025-04-23 08:00:00,13.5,ok,,2.149014978119247,8.576406287253517,2025-01-01T00:00:00,30.0,6.350323035604572,10.055480637031668,0.10845739584596414,2025-01-01T00:00:00
120,2025-04-24 08:00:00,12.399999618530273,ok,,2.184537939559697,8.886541485316128,2025-01-01T00:00:00,30.0,6.579959858586693,10.419101292878565,0.15223016707039572,2025-01-01T00:00:00
120,2025-04-25 08:00:00,9.399999618530273,ok,,2.0366962625994396,7.665243369726458,2025-01-01T00:00:00,30.0,5.675660633829096,8.987179909722176,0.036579550441803055,2025-01-01T00:00:00
120,2025-04-26 04:00:00,9.0,abstain,outside_training_support,1.8070497928724083,6.092446912350253,2025-01-01T00:00:00,30.0,4.511097617681241,7.143141300375574,0.010000000000000009,2025-01-01T00:00:00
120,2025-04-26 08:00:00,9.5,ok,,2.1539416727583256,8.618763877912517,2025-01-01T00:00:00,30.0,6.381686333317547,10.105143155158395,0.11453219526439873,2025-01-01T00:00:00
120,2025-04-27 08:00:00,7.699999809265137,ok,,2.1781731196052276,8.830159868503245,2025-01-01T00:00:00,30.0,6.538212596617118,10.352996185779208,0.14457723217885532,2025-01-01T00:00:00
120,2025-04-28 08:00:00,10.0,ok,,2.1384248032894733,8.486059881749538,2025-01-01T00:00:00,30.0,6.283426850787783,9.949553223993776,0.09480142846910733,2025-01-01T00:00:00
120,2025-04-29 08:00:00,7.5,ok,,2.2255684328455434,9.25874428272532,2025-01-01T00:00:00,30.0,6.855554078256174,10.855493634500675,0.2173355046833263,2025-01-01T00:00:00
120,2025-04-30 08:00:00,6.5,ok,,2.0495127549155328,7.764117156606403,2025-01-01T00:00:00,30.0,5.748870841626078,9.103105323722087,0.04020496580737998,2025-01-01T00:00:00
120,2025-05-01 08:00:00,11.300000190734863,ok,,2.1318948644863287,8.430826960102337,2025-01-01T00:00:00,30.0,6.242530129840542,9.884794914330257,0.08886813869957122,2025-01-01T00:00:00
120,2025-05-02 08:00:00,8.300000190734863,ok,,2.208089792688958,9.098320105488535,2025-01-01T00:00:00,30.0,6.7367694365247335,10.667402940813071,0.18936029499091978,2025-01-01T00:00:00
120,2025-05-03 08:00:00,9.899999618530273,ok,,2.2103622760461445,9.119019396996434,2025-01-01T00:00:00,30.0,6.752096041081548,10.691672001534611,0.19344206461975377,2025-01-01T00:00:00
120,2025-05-04 08:00:00,8.399999618530273,ok,,2.193906925057744,8.97019060543882,2025-01-01T00:00:00,30.0,6.641897098571775,10.517176416598925,0.16919501468499132,2025-01-01T00:00:00
120,2025-05-05 08:00:00,8.600000381469727,ok,,2.1055525860213677,8.211639393250502,2025-01-01T00:00:00,30.0,6.080234663851947,9.62780658372465,0.07253550150711385,2025-01-01T00:00:00
120,2025-05-06 08:00:00,8.5,ok,,2.104216215787072,8.200672932048823,2025-01-01T00:00:00,30.0,6.072114646113096,9.614948862835876,0.07168856497349119,2025-01-01T00:00:00
120,2025-05-07 08:00:00,9.699999809265137,ok,,2.151724396568755,8.599674868606028,2025-01-01T00:00:00,30.0,6.3675520477595,10.082762083526235,0.1119670328983231,2025-01-01T00:00:00
120,2025-05-08 08:00:00,9.399999618530273,ok,,2.2054408150842315,9.074250752951095,2025-01-01T00:00:00,30.0,6.718947500535325,10.639182623318804,0.1853073928104273,2025-01-01T00:00:00
120,2025-05-09 08:00:00,9.699999809265137,ok,,2.19723810715058,9.000121769153,2025-01-01T00:00:00,30.0,6.664059360019102,10.552269464559943,0.17371474728309066,2025-01-01T00:00:00
120,2025-05-10 08:00:00,9.199999809265137,ok,,2.128080312004815,8.398728387966141,2025-01-01T00:00:00,30.0,6.2187630302863335,9.84716066989485,0.08654544923437668,2025-01-01T00:00:00
120,2025-05-11 08:00:00,11.0,ok,,2.1621083854187217,8.689439045075046,2025-01-01T00:00:00,30.0,6.434017126314661,10.188006857170507,0.12368913356953015,2025-01-01T00:00:00
120,2025-05-11 12:00:00,8.699999809265137,ok,,2.1423233439418916,8.519207703258827,2025-01-01T00:00:00,30.0,6.307970857620036,9.988417669798054,0.09880875680914813,2025-01-01T00:00:00
120,2025-05-12 08:00:00,9.399999618530273,ok,,2.1610681988467504,8.68040510656771,2025-01-01T00:00:00,30.0,6.427328027654464,10.177414938983087,0.12257375967015571,2025-01-01T00:00:00
120,2025-05-13 08:00:00,8.699999809265137,ok,,2.2138042299588196,9.150460720241906,2025-01-01T00:00:00,30.0,6.775376486595463,10.728535648907215,0.19983098091509488,2025-01-01T00:00:00
120,2025-05-14 08:00:00,9.199999809265137,ok,,2.1622175044211405,8.690387279729492,2025-01-01T00:00:00,30.0,6.434719238151204,10.18911862297168,0.12380613997059631,2025-01-01T00:00:00
120,2025-05-15 08:00:00,8.300000190734863,ok,,2.12466191214559,8.370067191651698,2025-01-01T00:00:00,30.0,6.197541104798254,9.81355660603393,0.08446397797940675,2025-01-01T00:00:00
120,2025-05-16 08:00:00,9.0,ok,,2.182525197017707,8.868673153425599,2025-01-01T00:00:00,30.0,6.566729412661935,10.39815141488499,0.1489279857132838,2025-01-01T00:00:00
120,2025-05-17 08:00:00,6.800000190734863,ok,,2.2963770986934016,9.938112354826018,2025-01-01T00:00:00,30.0,7.358586067811894,11.652024520004439,0.3801423847033957,2025-01-01T00:00:00
120,2025-05-18 08:00:00,7.900000095367432,ok,,2.10588709653519,8.214386732444567,2025-01-01T00:00:00,30.0,6.082268906492319,9.631027724974725,0.0727475005233792,2025-01-01T00:00:00
120,2025-05-19 00:00:00,6.900000095367432,ok,,2.193858450633876,8.969755791156008,2025-01-01T00:00:00,30.0,6.64157514423987,10.516666614887686,0.16912185723224915,2025-01-01T00:00:00
120,2025-05-19 08:00:00,7.599999904632568,ok,,2.0488744820132565,7.759163112199581,2025-01-01T00:00:00,30.0,5.745202663922929,9.097296912140438,0.03997708720342974,2025-01-01T00:00:00
120,2025-05-20 08:00:00,11.300000190734863,ok,,2.15998979468662,8.67104916723783,2025-01-01T00:00:00,30.0,6.420400506376168,10.166445488187284,0.12141740571828075,2025-01-01T00:00:00
120,2025-05-21 08:00:00,10.199999809265137,ok,,2.1569314316026826,8.644570461952354,2025-01-01T00:00:00,30.0,6.400794586775874,10.135400304531807,0.1179910412607883,2025-01-01T00:00:00
120,2025-05-21 20:02:41,9.0,ok,,2.203296737925657,9.054815701750544,2025-01-01T00:00:00,30.0,6.704556991363617,10.616395831919089,0.182026981916947,2025-01-01T00:00:00
120,2025-05-22 08:00:00,8.800000190734863,ok,,2.046441267397254,7.740306353680753,2025-01-01T00:00:00,30.0,5.731240346375436,9.075188144923443,0.03929825757933736,2025-01-01T00:00:00
120,2025-05-23 08:00:00,10.0,ok,,2.2509112829558156,9.496385788994079,2025-01-01T00:00:00,30.0,7.031513598004804,11.134118443634547,0.2746709537881781,2025-01-01T00:00:00
120,2025-05-24 08:00:00,8.0,ok,,2.2184167279233833,9.192764690174572,2025-01-01T00:00:00,30.0,6.8067000813230365,10.778135298956412,0.20566329249625637,2025-01-01T00:00:00
120,2025-05-25 08:00:00,8.300000190734863,ok,,2.1887481131601496,8.92403423779362,2025-01-01T00:00:00,30.0,6.60772103054515,10.4630599900227,0.16140935149417268,2025-01-01T00:00:00
120,2025-05-26 08:00:00,6.699999809265137,ok,,2.082456397845887,8.024155243324246,2025-01-01T00:00:00,30.0,5.941413708289602,9.407989194460374,0.05484494768104553,2025-01-01T00:00:00
120,2025-05-27 08:00:00,9.199999809265137,ok,,2.1163634984570003,8.30089631272461,2025-01-01T00:00:00,30.0,6.146324148519429,9.73245661958255,0.07938701351221111,2025-01-01T00:00:00
120,2025-05-28 08:00:00,7.5,ok,,2.198637719880916,9.012727273510107,2025-01-01T00:00:00,30.0,6.673392992546902,10.567048895563728,0.17557307018698387,2025-01-01T00:00:00
120,2025-05-29 08:00:00,8.699999809265137,ok,,2.193401319338241,8.96565637212742,2025-01-01T00:00:00,30.0,6.638539766225127,10.511860216113607,0.16843195607429884,2025-01-01T00:00:00
120,2025-05-30 08:00:00,10.0,ok,,2.126174375911564,8.382736193285723,2025-01-01T00:00:00,30.0,6.206921753314664,9.828410484961145,0.08538492052056745,2025-01-01T00:00:00
120,2025-05-31 08:00:00,6.800000190734863,ok,,2.066296667375623,7.8955291380101285,2025-01-01T00:00:00,30.0,5.846173663427185,9.257180421172057,0.04639064823832828,2025-01-01T00:00:00
120,2025-06-01 08:00:00,8.699999809265137,ok,,2.013156124200115,7.486909714448761,2025-01-01T00:00:00,30.0,5.543615079875264,8.778091095886351,0.030012212240066782,2025-01-01T00:00:00
120,2025-06-02 08:00:00,8.399999618530273,ok,,2.0146391647614363,7.498021342695351,2025-01-01T00:00:00,30.0,5.551842585249194,8.791119019114001,0.03042595785055857,2025-01-01T00:00:00
120,2025-06-03 08:00:00,23.299999237060547,ok,,2.0461929773787344,7.738384751440051,2025-01-01T00:00:00,30.0,5.729817513248636,9.072935146001019,0.03922898846561884,2025-01-01T00:00:00
120,2025-06-03 15:30:00,8.5,ok,,2.233336900605311,9.330950642438363,2025-01-01T00:00:00,30.0,6.909018629030123,10.940152596266998,0.2423824137912356,2025-01-01T00:00:00
120,2025-06-04 08:00:00,6.900000095367432,ok,,2.156614012732993,8.641826947612016,2025-01-01T00:00:00,30.0,6.3987631762141035,10.132183647764077,0.11762382000858729,2025-01-01T00:00:00
120,2025-06-05 08:00:00,9.199999809265137,ok,,2.1329105772084733,8.43939460870217,2025-01-01T00:00:00,30.0,6.248873968325124,9.894840126942043,0.08948660842854272,2025-01-01T00:00:00
120,2025-06-06 08:00:00,8.800000190734863,ok,,2.1779959157865734,8.828595269085808,2025-01-01T00:00:00,30.0,6.537054103025599,10.35116175785919,0.14440008226462964,2025-01-01T00:00:00
120,2025-06-07 08:00:00,9.100000381469727,ok,,2.243573994055845,9.426963061709914,2025-01-01T00:00:00,30.0,6.9801101628711,11.052723175430735,0.2613312640137846,2025-01-01T00:00:00
120,2025-06-08 08:00:00,9.100000381469727,ok,,2.184344961820105,8.884826746086077,2025-01-01T00:00:00,30.0,6.578690195318893,10.4170908322558,0.15177251962291993,2025-01-01T00:00:00
120,2025-06-09 08:00:00,9.300000190734863,ok,,2.193076075264845,8.962740819687058,2025-01-01T00:00:00,30.0,6.636380971596769,10.508441851809451,0.16794109871013507,2025-01-01T00:00:00
120,2025-06-10 08:00:00,8.800000190734863,ok,,2.211650722849181,9.130776340857217,2025-01-01T00:00:00,30.0,6.760801364608303,10.705456530553308,0.19583366514214495,2025-01-01T00:00:00
120,2025-06-11 08:00:00,7.800000190734863,ok,,2.167415188508475,8.73567476045822,2025-01-01T00:00:00,30.0,6.468251946661477,10.242216315678297,0.12937952586541723,2025-01-01T00:00:00
120,2025-06-12 08:00:00,9.899999618530273,ok,,2.1449187320531187,8.541347071347666,2025-01-01T00:00:00,30.0,6.3243637539520625,10.014375160578815,0.10219582602929622,2025-01-01T00:00:00
120,2025-06-13 08:00:00,9.199999809265137,ok,,2.140994694183321,8.507896176193562,2025-01-01T00:00:00,30.0,6.299595338960528,9.975155373496971,0.09744303145029998,2025-01-01T00:00:00
120,2025-06-14 08:00:00,8.300000190734863,ok,,2.1599908449009293,8.671058273702524,2025-01-01T00:00:00,30.0,6.4204072491761925,10.166456165139417,0.12141853184474782,2025-01-01T00:00:00
120,2025-06-15 08:00:00,8.0,ok,,2.054575314817352,7.803523128179303,2025-01-01T00:00:00,30.0,5.778048639486666,9.149307190898508,0.042070763660816635,2025-01-01T00:00:00
120,2025-06-16 08:00:00,9.600000381469727,ok,,2.1465190503783953,8.555026888700166,2025-01-01T00:00:00,30.0,6.334492851892019,10.030414179009021,0.104642091405166,2025-01-01T00:00:00
120,2025-06-17 08:00:00,9.300000190734863,ok,,2.021632788137516,7.550643475237859,2025-01-01T00:00:00,30.0,5.590806170843777,8.852816286843368,0.03237707169649939,2025-01-01T00:00:00
120,2025-06-18 08:00:00,8.5,ok,,2.1912184621629995,8.946106969324385,2025-01-01T00:00:00,30.0,6.6240645864360195,10.48893935220309,0.16513759467918454,2025-01-01T00:00:00
120,2025-06-19 08:00:00,10.600000381469727,ok,,2.1869517380701464,8.90801771513474,2025-01-01T00:00:00,30.0,6.595861740140248,10.444281281543333,0.1579544994693829,2025-01-01T00:00:00
120,2025-06-20 08:00:00,8.300000190734863,ok,,2.14662270935653,8.555913740009622,2025-01-01T00:00:00,30.0,6.335149512981871,10.031453975384272,0.10480054573584774,2025-01-01T00:00:00
120,2025-06-21 08:00:00,3.200000047683716,ok,,2.1077791086331046,8.229943163356417,2025-01-01T00:00:00,30.0,6.093787526093881,9.649266994964526,0.07394658003492205,2025-01-01T00:00:00
120,2025-06-21 13:57:36,8.399999618530273,ok,,2.008792363654125,7.454309814036767,2025-01-01T00:00:00,30.0,5.519476776300213,8.739869064841814,0.029413371275373024,2025-01-01T00:00:00
120,2025-06-22 08:00:00,7.699999809265137,ok,,2.0045208251547004,7.422536351774769,2025-01-01T00:00:00,30.0,5.495950401433486,8.702615998248897,0.02883332152726681,2025-01-01T00:00:00
120,2025-06-23 08:00:00,7.599999904632568,ok,,2.0573837396737638,7.825469539498861,2025-01-01T00:00:00,30.0,5.794298662711262,9.175038447870804,0.043105803871748005,2025-01-01T00:00:00
120,2025-06-24 08:00:00,9.199999809265137,ok,,2.119750394116191,8.329058246258187,2025-01-01T00:00:00,30.0,6.167176399363844,9.765475318541474,0.08147334375945992,2025-01-01T00:00:00
120,2025-06-25 08:00:00,8.5,ok,,2.157224113725535,8.647100943481593,2025-01-01T00:00:00,30.0,6.402668259105296,10.138367189164763,0.1183296446203046,2025-01-01T00:00:00
120,2025-06-26 08:00:00,7.199999809265137,ok,,1.9909301405410482,7.3223414023814986,2025-01-01T00:00:00,30.0,5.421761950715035,8.585141576001691,0.026987786671897718,2025-01-01T00:00:00
120,2025-06-27 08:00:00,8.899999618530273,ok,,2.0450428690490723,7.729489886688783,2025-01-01T00:00:00,30.0,5.7232313905025025,9.062506286024046,0.03890812585039549,2025-01-01T00:00:00
120,2025-06-28 08:00:00,9.800000190734863,ok,,2.050248530614738,7.769831907465609,2025-01-01T00:00:00,30.0,5.753102277592199,9.10980563206634,0.040476134691662224,2025-01-01T00:00:00
120,2025-06-29 08:00:00,8.5,ok,,2.1179220743655756,8.313843977075074,2025-01-01T00:00:00,30.0,6.155911130342366,9.74763721898633,0.08036007580880467,2025-01-01T00:00:00
120,2025-06-30 08:00:00,8.0,ok,,2.11116866686328,8.25788636574193,2025-01-01T00:00:00,30.0,6.114477819423503,9.682029240724944,0.07609474274036376,2025-01-01T00:00:00
120,2025-07-01 08:00:00,8.199999809265137,ok,,2.10558044322545,8.211868149751172,2025-01-01T00:00:00,30.0,6.080404044549071,9.628074791233255,0.07255315625821224,2025-01-01T00:00:00
120,2025-07-02 08:00:00,8.800000190734863,ok,,2.141388193624025,8.511244687355886,2025-01-01T00:00:00,30.0,6.30207471398742,9.979081363944239,0.09784751138294978,2025-01-01T00:00:00
120,2025-07-03 08:00:00,9.300000190734863,ok,,2.099161041449481,8.159321707576252,2025-01-01T00:00:00,30.0,6.041496503207612,9.566466267320378,0.06805967123569712,2025-01-01T00:00:00
120,2025-07-04 08:00:00,9.399999618530273,ok,,2.0981164869260924,8.150803300923455,2025-01-01T00:00:00,30.0,6.035189125480615,9.55647878884902,0.06721193358154576,2025-01-01T00:00:00
120,2025-07-05 08:00:00,8.600000381469727,ok,,2.2171464981005253,9.181095179359971,2025-01-01T00:00:00,30.0,6.798059496810345,10.76445328155779,0.20407227689575913,2025-01-01T00:00:00
120,2025-07-06 08:00:00,9.300000190734863,ok,,2.1633563212985454,8.700289676873126,2025-01-01T00:00:00,30.0,6.442051379211542,10.200728772887969,0.12502727342439324,2025-01-01T00:00:00
120,2025-07-07 08:00:00,8.5,ok,,2.1745938604129753,8.798610932216317,2025-01-01T00:00:00,30.0,6.5148524699928165,10.316006366579103,0.14099906177759503,2025-01-01T00:00:00
120,2025-07-08 08:00:00,9.199999809265137,ok,,2.151512901058087,8.597856268297795,2025-01-01T00:00:00,30.0,6.366205481488835,10.080629850097285,0.11172235416722465,2025-01-01T00:00:00
120,2025-07-09 08:00:00,8.199999809265137,ok,,2.1164086686335573,8.30127127414511,2025-01-01T00:00:00,30.0,6.146601785336798,9.732896246295322,0.07941564051375183,2025-01-01T00:00:00
120,2025-07-10 08:00:00,7.599999904632568,ok,,2.113369304714087,8.27607899339661,2025-01-01T00:00:00,30.0,6.127948387235266,9.703359342050744,0.07748941657048192,2025-01-01T00:00:00
120,2025-07-11 08:00:00,9.100000381469727,ok,,2.1513520218214746,8.596473163004292,2025-01-01T00:00:00,30.0,6.365181373591912,10.079008216509513,0.11153623330182116,2025-01-01T00:00:00
120,2025-07-12 08:00:00,8.800000190734863,ok,,2.1916147276145512,8.949652704922075,2025-01-01T00:00:00,30.0,6.626689994525377,10.49309658012029,0.16573563729077456,2025-01-01T00:00:00
120,2025-07-13 08:00:00,8.5,ok,,2.1807400153757484,8.852855084187826,2025-01-01T00:00:00,30.0,6.55501706531096,10.379605384810363,0.14714334711377786,2025-01-01T00:00:00
120,2025-07-14 08:00:00,9.800000190734863,ok,,2.204167004041555,9.062699230928079,2025-01-01T00:00:00,30.0,6.710394279764048,10.625638942884343,0.18335847805056416,2025-01-01T00:00:00
120,2025-07-15 08:00:00,9.399999618530273,ok,,2.235658610504032,9.35263957086675,2025-01-01T00:00:00,30.0,6.9250780013596565,10.96558196522935,0.2448911885845475,2025-01-01T00:00:00
120,2025-07-16 08:00:00,9.100000381469727,ok,,2.146270259408729,8.552898740008072,2025-01-01T00:00:00,30.0,6.332917083299679,10.027919012939535,0.1042617866087322,2025-01-01T00:00:00
120,2025-07-17 08:00:00,8.100000381469727,ok,,2.1798544076684427,8.845018398120594,2025-01-01T00:00:00,30.0,6.54921446147099,10.370417195448965,0.14625800880347384,2025-01-01T00:00:00
120,2025-07-18 08:00:00,9.399999618530273,ok,,2.2244737605387335,9.24861453715071,2025-01-01T00:00:00,30.0,6.848053599091274,10.843616927979093,0.2151589934818694,2025-01-01T00:00:00
120,2025-07-19 08:00:00,7.900000095367432,ok,,2.1825760810532238,8.869124438786836,2025-01-01T00:00:00,30.0,6.567063562855981,10.398680528252491,0.14897885427015634,2025-01-01T00:00:00
120,2025-07-20 08:00:00,9.5,ok,,2.1437855778787327,8.53167388989692,2025-01-01T00:00:00,30.0,6.317201333593602,10.003033756554961,0.10046367325785088,2025-01-01T00:00:00
120,2025-07-21 08:00:00,9.300000190734863,ok,,2.1590453268196446,8.662863506081857,2025-01-01T00:00:00,30.0,6.414339507064873,10.156848140009233,0.12040466931501626,2025-01-01T00:00:00
120,2025-07-22 08:00:00,9.899999618530273,ok,,2.1499014472222293,8.584012377225577,2025-01-01T00:00:00,30.0,6.355954896636184,10.064398462036209,0.10981246292177782,2025-01-01T00:00:00
120,2025-07-23 08:00:00,8.5,ok,,2.1757603088349695,8.808880046085427,2025-01-01T00:00:00,30.0,6.522456143160117,10.328046476645225,0.1421651553723844,2025-01-01T00:00:00
120,2025-07-24 08:00:00,8.199999809265137,ok,,2.194899602595497,8.9790995332769,2025-01-01T00:00:00,30.0,6.648493634204279,10.527621764961872,0.17060981941170272,2025-01-01T00:00:00
120,2025-07-24 11:00:00,120.0,abstain,outside_training_support,2.3844056987137425,10.85261102730936,2025-01-01T00:00:00,30.0,8.035718399396021,12.724236281638719,0.6344207865839306,2025-01-01T00:00:00
120,2025-07-24 11:15:00,45.900001525878906,ok,,2.396130915107483,10.980609176604666,2025-01-01T00:00:00,30.0,8.13049347986216,12.87430880254153,0.6581667423592066,2025-01-01T00:00:00
120,2025-07-24 13:20:00,2.0999999046325684,ok,,2.007988016985065,7.448316375492002,2025-01-01T00:00:00,30.0,5.515038988539404,8.732842006745733,0.029304145739224574,2025-01-01T00:00:00
120,2025-07-25 08:00:00,9.600000381469727,ok,,1.9142754424803217,6.782023050543937,2025-01-01T00:00:00,30.0,5.021688078126524,7.951640719960114,0.016353492382385926,2025-01-01T00:00:00
120,2025-07-26 08:00:00,7.300000190734863,ok,,2.0241384575544927,7.56958661438345,2025-01-01T00:00:00,30.0,5.604832448150823,8.87502633176232,0.03307611510074315,2025-01-01T00:00:00
120,2025-07-27 08:00:00,8.899999618530273,ok,,2.110319816986692,8.250879634171833,2025-01-01T00:00:00,30.0,6.109289747939527,9.673814138586334,0.0755567765738081,2025-01-01T00:00:00
120,2025-07-28 08:00:00,10.199999809265137,ok,,2.204737643969474,9.06787224478772,2025-01-01T00:00:00,30.0,6.714224591432608,10.63170408706694,0.1842315499119539,2025-01-01T00:00:00
120,2025-07-28 14:00:00,35.099998474121094,abstain,outside_training_support,2.40768682385575,11.10823609650861,2025-01-01T00:00:00,30.0,8.224993686858395,13.023946072380932,0.6782825234084682,2025-01-01T00:00:00
120,2025-07-28 19:26:26,3.5,ok,,1.9078971725845784,6.738903138491654,2025-01-01T00:00:00,30.0,4.989760326382088,7.9010844116195615,0.01543039340952257,2025-01-01T00:00:00
120,2025-07-29 08:00:00,8.300000190734863,ok,,2.0011588164910874,7.397623622126499,2025-01-01T00:00:00,30.0,5.477503994434283,8.673406856074031,0.02837678056931403,2025-01-01T00:00:00
120,2025-07-30 08:00:00,10.0,ok,,2.1471101616789237,8.560085356681904,2025-01-01T00:00:00,30.0,6.3382383490936895,10.036345022900944,0.10554567107736523,2025-01-01T00:00:00
120,2025-07-31 08:00:00,6.599999904632568,ok,,2.2510686722487403,9.497880536064256,2025-01-01T00:00:00,30.0,7.0326203700529355,11.135870972574757,0.275079951958515,2025-01-01T00:00:00
120,2025-08-01 08:00:00,5.300000190734863,ok,,2.1413422874616006,8.510853977742894,2025-01-01T00:00:00,30.0,6.301785416562308,9.978623273128976,0.09780032422188956,2025-01-01T00:00:00
120,2025-08-03 08:00:00,10.199999809265137,ok,,2.076559708288806,7.976978520838149,2025-01-01T00:00:00,30.0,5.906482127681878,9.352676444155783,0.050357388585930085,2025-01-01T00:00:00
120,2025-08-04 08:00:00,7.5,ok,,2.254419808097661,9.52976261476927,2025-01-01T00:00:00,30.0,7.056227168989724,11.173251387441885,0.2856931619421722,2025-01-01T00:00:00
120,2025-08-05 08:00:00,6.599999904632568,ok,,2.210332612459454,9.11874889818602,2025-01-01T00:00:00,30.0,6.751895752665941,10.691354852899233,0.19338700340243542,2025-01-01T00:00:00
120,2025-08-05 12:05:08,3.5999999046325684,ok,,2.463868320319689,11.750177188157846,2025-01-01T00:00:00,30.0,8.700313204761825,13.776595375712969,0.7495692443769744,2025-01-01T00:00:00
120,2025-08-06 08:00:00,7.900000095367432,ok,,1.9686493230300646,7.16099775864503,2025-01-01T00:00:00,30.0,5.302296498268964,8.39597284598112,0.02396218299617603,2025-01-01T00:00:00
120,2025-08-07 08:00:00,6.300000190734863,ok,,1.9563989518537181,7.073808021817269,2025-01-01T00:00:00,30.0,5.2377376404326075,8.293746496032837,0.022298654804634777,2025-01-01T00:00:00
120,2025-08-08 08:00:00,7.400000095367432,ok,,1.9876323895060704,7.298233915535913,2025-01-01T00:00:00,30.0,5.403911778519533,8.556876547612868,0.026539971521123973,2025-01-01T00:00:00
120,2025-08-09 08:00:00,7.599999904632568,ok,,2.1508493131669693,8.59215272759815,2025-01-01T00:00:00,30.0,6.361982345984714,10.073942685200135,0.11095465067007548,2025-01-01T00:00:00
120,2025-08-10 08:00:00,9.300000190734863,ok,,2.119262525945066,8.324995754905084,2025-01-01T00:00:00,30.0,6.164168364114873,9.760712215935204,0.08117627974815922,2025-01-01T00:00:00
120,2025-08-12 08:00:00,8.0,ok,,2.1084443827857497,8.23542015346871,2025-01-01T00:00:00,30.0,6.09784291424959,9.655688538694937,0.07436820345206352,2025-01-01T00:00:00
120,2025-08-13 08:00:00,9.199999809265137,ok,,2.171569844145296,8.772043979318696,2025-01-01T00:00:00,30.0,6.495181208240406,10.284857716258747,0.13638497755271073,2025-01-01T00:00:00
120,2025-08-14 08:00:00,10.5,ok,,2.0922240429349266,8.102916373066249,2025-01-01T00:00:00,30.0,5.999731679682144,9.500333352204917,0.06242975463880862,2025-01-01T00:00:00
120,2025-08-14 12:00:00,11.800000190734863,abstain,outside_training_support,0.3701484268232429,1.4479495132610414,2025-01-01T00:00:00,30.0,1.0721212172655337,1.6976607458108688,0.010000000000000009,2025-01-01T00:00:00
120,2025-08-14 18:00:00,4.699999809265137,ok,,2.0472051107341853,7.746220993756448,2025-01-01T00:00:00,30.0,5.735619788517282,9.082122815082966,0.03951135817550522,2025-01-01T00:00:00
120,2025-08-15 08:00:00,8.100000381469727,ok,,1.9737250495041232,7.1974374252065045,2025-01-01T00:00:00,30.0,5.329277922215611,8.43869684356894,0.024651436730663057,2025-01-01T00:00:00
120,2025-08-16 08:00:00,8.300000190734863,ok,,1.9354425109846596,6.927108698950262,2025-01-01T00:00:00,30.0,5.129115443896221,8.121747624810139,0.019416909188865628,2025-01-01T00:00:00
120,2025-08-16 18:00:00,5.199999809265137,ok,,2.211815144636561,9.132277762853208,2025-01-01T00:00:00,30.0,6.761913079045326,10.707216885567172,0.19613886302199823,2025-01-01T00:00:00
120,2025-08-17 08:00:00,7.900000095367432,ok,,2.0276251631905358,7.596025600389949,2025-01-01T00:00:00,30.0,5.624408957967602,8.906024946210685,0.034048852589935286,2025-01-01T00:00:00
120,2025-08-18 08:00:00,9.199999809265137,ok,,2.150891699350597,8.59251692387981,2025-01-01T00:00:00,30.0,6.362252011851681,10.074369690234139,0.11100368716070086,2025-01-01T00:00:00
120,2025-08-19 08:00:00,6.699999809265137,ok,,2.2990869926212585,9.965080108523521,2025-01-01T00:00:00,30.0,7.3785540989181495,11.68364309263812,0.3888986331311449,2025-01-01T00:00:00
120,2025-08-20 08:00:00,7.099999904632568,ok,,2.1806081056457236,8.851687383480959,2025-01-01T00:00:00,30.0,6.554152451806287,10.378236304165803,0.14701147750996868,2025-01-01T00:00:00
120,2025-08-21 08:00:00,6.599999904632568,ok,,2.236204977269338,9.357750938509707,2025-01-01T00:00:00,30.0,6.92886266764054,10.971574831779865,0.24548157723278408,2025-01-01T00:00:00
120,2025-08-22 08:00:00,8.5,ok,,1.7976866259574436,6.035668542473982,2025-01-01T00:00:00,30.0,4.469056583467968,7.0765710167660405,0.010000000000000009,2025-01-01T00:00:00
120,2025-08-23 08:00:00,11.399999618530273,ok,,2.027472723112423,7.594867749907732,2025-01-01T00:00:00,30.0,5.623551637973336,8.904667414545958,0.03400632414207816,2025-01-01T00:00:00
120,2025-08-23 20:00:00,8.899999618530273,ok,,2.0946284701534896,8.122422687101984,2025-01-01T00:00:00,30.0,6.01417495478036,9.523203696323026,0.0643811352936261,2025-01-01T00:00:00
120,2025-08-24 08:00:00,9.399999618530273,ok,,2.0591875688892407,7.839598088993253,2025-01-01T00:00:00,30.0,5.804760020336922,9.191603586124732,0.043770602065443254,2025-01-01T00:00:00
120,2025-08-25 08:00:00,10.899999618530273,ok,,2.152785934305938,8.608808595046504,2025-01-01T00:00:00,30.0,6.374315033498885,10.093470998926225,0.1131951237723422,2025-01-01T00:00:00
120,2025-08-27 08:00:00,8.699999809265137,ok,,2.284303404775095,9.818844081290955,2025-01-01T00:00:00,30.0,7.270274945474773,11.51218741633009,0.3537902558515348,2025-01-01T00:00:00
120,2025-08-27 20:00:00,9.300000190734863,ok,,2.0922762592107618,8.103339488229306,2025-01-01T00:00:00,30.0,6.000044971505862,9.500829437183505,0.06247213222867476,2025-01-01T00:00:00
120,2025-08-28 08:00:00,7.800000190734863,ok,,2.1368176854750383,8.4724327368859,2025-01-01T00:00:00,30.0,6.273336753719304,9.933575961871995,0.09314946448110195,2025-01-01T00:00:00
120,2025-08-29 08:00:00,8.0,ok,,2.09401927225071,8.117476031134716,2025-01-01T00:00:00,30.0,6.0105122477809445,9.517403947380295,0.06388672357125735,2025-01-01T00:00:00
120,2025-08-30 08:00:00,11.100000381469727,ok,,2.1190698664473984,8.323392019897208,2025-01-01T00:00:00,30.0,6.162980892926777,9.758831903158676,0.08105896895278508,2025-01-01T00:00:00
120,2025-08-31 08:00:00,8.600000381469727,ok,,2.2788410048104257,9.765355847788209,2025-01-01T00:00:00,30.0,7.230670063200118,11.44947468114924,0.34340718825373784,2025-01-01T00:00:00
120,2025-09-01 08:00:00,7.599999904632568,ok,,2.2714389319465464,9.693338838657143,2025-01-01T00:00:00,30.0,7.177345715364585,11.365037725086344,0.3238956643503116,2025-01-01T00:00:00
120,2025-09-02 08:00:00,7.199999809265137,ok,,2.217643594155017,9.185660200082436,2025-01-01T00:00:00,30.0,6.8014396254191025,10.76980557900557,0.20469491034634402,2025-01-01T00:00:00
120,2025-09-03 08:00:00,10.699999809265137,ok,,2.1054937595299563,8.211156345524401,2025-01-01T00:00:00,30.0,6.079876995500005,9.627240230301798,0.07249821969445247,2025-01-01T00:00:00
120,2025-09-04 08:00:00,7.300000190734863,ok,,1.8297873553608766,6.232561196877031,2025-01-01T00:00:00,30.0,4.614843981699705,7.307419487280564,0.010000000000000009,2025-01-01T00:00:00
120,2025-09-05 08:00:00,9.699999809265137,ok,,2.106913283031103,8.222820551777252,2025-01-01T00:00:00,30.0,6.088513652297573,9.640916028321792,0.07339785535125132,2025-01-01T00:00:00
120,2025-09-06 08:00:00,11.699999809265137,ok,,2.043534041848328,7.717836215998389,2025-01-01T00:00:00,30.0,5.7146025346675655,9.048842840514036,0.038487186162311504,2025-01-01T00:00:00
120,2025-09-07 08:00:00,10.699999809265137,ok,,2.2318585073432313,9.317166019936987,2025-01-01T00:00:00,30.0,6.898811929058633,10.923990698146875,0.2407849033733529,2025-01-01T00:00:00
120,2025-09-08 08:00:00,9.800000190734863,ok,,2.1656817546638596,8.720545163039441,2025-01-01T00:00:00,30.0,6.457049372087708,10.224477490254793,0.12752079501974556,2025-01-01T00:00:00
120,2025-09-09 08:00:00,8.399999618530273,ok,,2.126240369375295,8.383289417337046,2025-01-01T00:00:00,30.0,6.207331383096569,9.829059117214527,0.08542510408698123,2025-01-01T00:00:00
120,2025-09-10 08:00:00,10.100000381469727,ok,,2.221478474753559,9.22095374017147,2025-01-01T00:00:00,30.0,6.827572410309264,10.811185790843835,0.2094982575426777,2025-01-01T00:00:00
120,2025-09-11 08:00:00,8.699999809265137,ok,,2.154718575863382,8.625462424054739,2025-01-01T00:00:00,30.0,6.386646211668369,10.112996922665825,0.1154309929047429,2025-01-01T00:00:00
120,2025-09-12 08:00:00,9.899999618530273,ok,,2.1839515070484423,8.88133165623241,2025-01-01T00:00:00,30.0,6.576102287415995,10.412992984372769,0.15083944012717265,2025-01-01T00:00:00
120,2025-09-13 08:00:00,9.800000190734863,ok,,2.2489404901358307,9.477688810052877,2025-01-01T00:00:00,30.0,7.0176695878110475,11.112197011344932,0.2697287694102948,2025-01-01T00:00:00
120,2025-09-14 08:00:00,9.899999618530273,ok,,2.18034668736941,8.84937369305636,2025-01-01T00:00:00,30.0,6.552439300503925,10.375523598110911,0.14675013875565923,2025-01-01T00:00:00
120,2025-09-15 08:00:00,8.300000190734863,ok,,2.209648202058562,9.112510066801056,2025-01-01T00:00:00,30.0,6.747276265979766,10.684040081876496,0.1921166084831839,2025-01-01T00:00:00
120,2025-09-16 08:00:00,9.199999809265137,ok,,2.151438629078934,8.59721771220998,2025-01-01T00:00:00,30.0,6.36573266836663,10.079881169570545,0.11163642906385973,2025-01-01T00:00:00
120,2025-09-17 08:00:00,9.300000190734863,ok,,2.181152170556398,8.856504586303254,2025-01-01T00:00:00,30.0,6.557719306386749,10.383884274665547,0.1475553769190846,2025-01-01T00:00:00
120,2025-09-18 08:00:00,9.600000381469727,ok,,2.1423916204120186,8.51978938454643,2025-01-01T00:00:00,30.0,6.308401558307053,9.989099666980618,0.09887893851509699,2025-01-01T00:00:00
120,2025-09-19 08:00:00,9.600000381469727,ok,,2.1891018398398376,8.927191465158833,2025-01-01T00:00:00,30.0,6.610058771201834,10.466761708151981,0.16194319472093222,2025-01-01T00:00:00
120,2025-09-20 08:00:00,8.5,ok,,2.1635102017372057,8.70162858427826,2025-01-01T00:00:00,30.0,6.4430427611788375,10.202298586284885,0.1251922767320025,2025-01-01T00:00:00
120,2025-09-21 08:00:00,7.599999904632568,ok,,2.1841324888803095,8.882939161365199,2025-01-01T00:00:00,30.0,6.5772925501592345,10.414877717464382,0.15126863923360212,2025-01-01T00:00:00
120,2025-09-22 08:00:00,8.899999618530273,ok,,2.1486104516388034,8.572937605437403,2025-01-01T00:00:00,30.0,6.347754681295987,10.051413751477309,0.10783903191979904,2025-01-01T00:00:00
120,2025-09-23 08:00:00,10.199999809265137,ok,,2.196266347863965,8.991380065346997,2025-01-01T00:00:00,30.0,6.657586643919795,10.542020179438437,0.17242450284600663,2025-01-01T00:00:00
120,2025-09-24 08:00:00,10.5,ok,,2.1771073488635873,8.820753955635075,2025-01-01T00:00:00,30.0,6.531248072881064,10.341968143082577,0.14351178563882228,2025-01-01T00:00:00
120,2025-09-25 08:00:00,9.800000190734863,ok,,2.1582193013404782,8.655710714703963,2025-01-01T00:00:00,30.0,6.409043286907553,10.148461788804296,0.1194809751712953,2025-01-01T00:00:00
120,2025-09-26 08:00:00,7.599999904632568,ok,,2.214755264462739,9.159167263568941,2025-01-01T00:00:00,30.0,6.781823168433791,10.738743709825528,0.20107715746643284,2025-01-01T00:00:00
120,2025-09-27 08:00:00,8.399999618530273,ok,,2.1398409304544397,8.498085734730424,2025-01-01T00:00:00,30.0,6.292331285658225,9.9636530378019,0.09625707226693492,2025-01-01T00:00:00
120,2025-09-28 08:00:00,9.399999618530273,ok,,2.166698637092303,8.729417442450169,2025-01-01T00:00:00,30.0,6.463618771721213,10.234879869856785,0.12861118029290763,2025-01-01T00:00:00
120,2025-09-28 15:00:00,15.300000190734863,ok,,2.30923520771841,10.066722758346943,2025-01-01T00:00:00,30.0,7.453814486422512,11.802814883591521,0.4250240595584791,2025-01-01T00:00:00
120,2025-09-28 18:00:00,8.300000190734863,ok,,1.9439327500219723,6.986171883124868,2025-01-01T00:00:00,30.0,5.172848248343417,8.190996758414252,0.02060581808238149,2025-01-01T00:00:00
120,2025-09-29 08:00:00,9.199999809265137,ok,,2.1806220574177866,8.851810881067209,2025-01-01T00:00:00,30.0,6.5542438944852535,10.37838109996321,0.14702542503797922,2025-01-01T00:00:00
120,2025-09-30 08:00:00,8.300000190734863,ok,,2.157213572216484,8.647009790469179,2025-01-01T00:00:00,30.0,6.402600765675634,10.138260316038577,0.11831744916967635,2025-01-01T00:00:00
120,2025-10-01 08:00:00,9.800000190734863,ok,,2.1931238244483717,8.963168793460978,2025-01-01T00:00:00,30.0,6.636697860935278,10.508943633307744,0.16801316163236502,2025-01-01T00:00:00
120,2025-10-02 08:00:00,9.699999809265137,ok,,2.211686016962873,9.131098609202542,2025-01-01T00:00:00,30.0,6.7610399853112435,10.705834376821057,0.19589917768060938,2025-01-01T00:00:00
120,2025-10-03 08:00:00,10.399999618530273,ok,,2.226434714260677,9.266768435910503,2025-01-01T00:00:00,30.0,6.8614954904405305,10.86490162128205,0.21905791164650867,2025-01-01T00:00:00
120,2025-10-05 08:00:00,9.699999809265137,ok,,2.167943673412788,8.740292652833835,2025-01-01T00:00:00,30.0,6.471671223611122,10.247630602946368,0.1299462110009182,2025-01-01T00:00:00
120,2025-10-06 08:00:00,9.800000190734863,ok,,2.1560662297016657,8.637094397774034,2025-01-01T00:00:00,30.0,6.395259002175853,10.126634929377175,0.11699009092091417,2025-01-01T00:00:00
120,2025-10-06 12:00:00,5.199999809265137,ok,,2.2104592320243013,9.119903583304781,2025-01-01T00:00:00,30.0,6.752750728895255,10.692708673306601,0.1936220332202906,2025-01-01T00:00:00
120,2025-10-07 08:00:00,9.300000190734863,ok,,2.050288002974434,7.7701386071184775,2025-01-01T00:00:00,30.0,5.753329370596587,9.110165224687947,0.040490682162787284,2025-01-01T00:00:00
120,2025-10-08 08:00:00,9.800000190734863,ok,,2.226180571454108,9.264413652610667,2025-01-01T00:00:00,30.0,6.859751912287635,10.862140735535405,0.21855260548152533,2025-01-01T00:00:00
120,2025-10-09 08:00:00,12.699999809265137,ok,,2.2056071715529937,9.075760438832543,2025-01-01T00:00:00,30.0,6.72006533389214,10.640952667395595,0.1855619161003873,2025-01-01T00:00:00
120,2025-10-09 14:00:00,8.699999809265137,ok,,2.182680047767506,8.870046580448484,2025-01-01T00:00:00,30.0,6.567746354370273,10.399761701101903,0.14908278935833486,2025-01-01T00:00:00
120,2025-10-09 20:00:00,9.0,ok,,2.2415002018549264,9.407433756094033,2025-01-01T00:00:00,30.0,6.965649863863786,11.029825874638556,0.2547660808039457,2025-01-01T00:00:00
120,2025-10-10 08:00:00,10.199999809265137,ok,,2.330671256200398,10.284842981085585,2025-01-01T00:00:00,30.0,7.61531964704521,12.058551797496031,0.4799450696154415,2025-01-01T00:00:00
120,2025-10-10 18:00:00,9.600000381469727,ok,,2.2028582132744283,9.050845812363791,2025-01-01T00:00:00,30.0,6.701617522409242,10.611741301277394,0.18135604475538214,2025-01-01T00:00:00
120,2025-10-11 08:00:00,9.0,ok,,2.24183193405676,9.410555022491208,2025-01-01T00:00:00,30.0,6.967960977544547,11.033485430024413,0.25618571065160867,2025-01-01T00:00:00
120,2025-10-12 08:00:00,10.5,ok,,2.2237612401988307,9.242027058312097,2025-01-01T00:00:00,30.0,6.843175959528235,10.83589338227826,0.21374230604818112,2025-01-01T00:00:00
120,2025-10-14 08:00:00,9.199999809265137,ok,,2.250404291963315,9.491572427206385,2025-01-01T00:00:00,30.0,7.027949587483927,11.128474976588551,0.2733534665280428,2025-01-01T00:00:00
120,2025-10-15 08:00:00,9.100000381469727,ok,,2.140491183767663,8.503613440145093,2025-01-01T00:00:00,30.0,6.296424225504252,9.970134043120762,0.09692547071717761,2025-01-01T00:00:00
120,2025-10-16 08:00:00,12.199999809265137,ok,,2.2243999337206577,9.247931766571522,2025-01-01T00:00:00,30.0,6.847548047745893,10.842816407795162,0.21501220535586119,2025-01-01T00:00:00
120,2025-10-16 13:00:00,9.699999809265137,ok,,2.090566410749667,8.089495844315003,2025-01-01T00:00:00,30.0,5.98979456965907,9.484598338904831,0.061084456534484466,2025-01-01T00:00:00
120,2025-10-17 08:00:00,10.399999618530273,ok,,2.223257839299861,9.237375784408597,2025-01-01T00:00:00,30.0,6.839731965525968,10.83043995655335,0.21274140588051005,2025-01-01T00:00:00
120,2025-10-18 08:00:00,10.800000190734863,ok,,2.1954413487517908,8.983965243807019,2025-01-01T00:00:00,30.0,6.652096405881492,10.533326608737022,0.1713291178779972,2025-01-01T00:00:00
120,2025-10-18 14:00:00,8.0,ok,,2.244456085937876,9.435282177871857,2025-01-01T00:00:00,30.0,6.986269977743393,11.062476994067797,0.2627115634175613,2025-01-01T00:00:00
120,2025-10-19 08:00:00,6.5,ok,,2.082739319450603,8.026425771377752,2025-01-01T00:00:00,30.0,5.943094900401803,9.41065129442546,0.05506025957904481,2025-01-01T00:00:00
120,2025-10-20 08:00:00,10.5,ok,,2.0869903686869793,8.060619129855695,2025-01-01T00:00:00,30.0,5.968413065695567,9.450741588958385,0.058295436618605145,2025-01-01T00:00:00
120,2025-10-21 08:00:00,10.100000381469727,ok,,2.229571319231624,9.29588026012993,2025-01-01T00:00:00,30.0,6.883051079315075,10.89903402767028,0.23178826822560605,2025-01-01T00:00:00
120,2025-10-21 14:00:00,11.0,ok,,2.2375574509697693,9.370415612938269,2025-01-01T00:00:00,30.0,6.938240112116515,10.986423637238158,0.24694302249350686,2025-01-01T00:00:00
120,2025-10-21 20:00:00,10.0,ok,,2.189339427120816,8.929312704285554,2025-01-01T00:00:00,30.0,6.611629423668528,10.469248773042663,0.16230176072117397,2025-01-01T00:00:00
120,2025-10-22 08:00:00,9.300000190734863,ok,,2.1941952734557786,8.972777518478155,2025-01-01T00:00:00,30.0,6.643812555106199,10.520209464836784,0.16963018920836503,2025-01-01T00:00:00
120,2025-10-22 18:00:00,11.0,ok,,2.200905163072697,9.03318630668805,2025-01-01T00:00:00,30.0,6.688541699980362,10.591036263358903,0.17858364698814777,2025-01-01T00:00:00
120,2025-10-23 00:00:00,6.699999809265137,ok,,2.2315884690983627,9.314650368454156,2025-01-01T00:00:00,30.0,6.89694923750393,10.921041201128208,0.24049310759717524,2025-01-01T00:00:00
120,2025-10-23 08:00:00,9.100000381469727,ok,,2.112969630393407,8.272771918067594,2025-01-01T00:00:00,30.0,6.125499692999135,9.699481933399344,0.07723611941147035,2025-01-01T00:00:00
120,2025-10-23 19:00:00,6.5,ok,,2.2817625252990785,9.793927250623815,2025-01-01T00:00:00,30.0,7.251825501912967,11.482973465880704,0.34854964091562113,2025-01-01T00:00:00
120,2025-10-24 08:00:00,7.0,ok,,2.2269120066330066,9.27119244949109,2025-01-01T00:00:00,30.0,6.864771211577061,10.870088593704715,0.22001494161781676,2025-01-01T00:00:00
120,2025-10-25 08:00:00,7.199999809265137,ok,,2.25217494922766,9.50839363677828,2025-01-01T00:00:00,30.0,7.040404701089015,11.148197147096381,0.27795476797589436,2025-01-01T00:00:00
120,2025-10-26 08:00:00,7.199999809265137,ok,,2.2287518191671833,9.288265406270499,2025-01-01T00:00:00,30.0,6.877412729141742,10.890105927371309,0.22793531611770146,2025-01-01T00:00:00
120,2025-10-27 08:00:00,10.399999618530273,ok,,2.1550470115849216,8.628295799294948,2025-01-01T00:00:00,30.0,6.388744158926669,10.116318937611377,0.11581095953070131,2025-01-01T00:00:00
120,2025-10-27 13:15:10,9.600000381469727,ok,,2.24390521924652,9.430086026521272,2025-01-01T00:00:00,30.0,6.982422534127394,11.056384722136773,0.2618495659532061,2025-01-01T00:00:00
120,2025-10-27 16:46:34,5.599999904632568,ok,,1.9638019915832392,7.126370022878038,2025-01-01T00:00:00,30.0,5.276656702211403,8.355373262094014,0.023303943960030882,2025-01-01T00:00:00
120,2025-10-27 20:00:00,7.699999809265137,ok,,2.206845146659556,9.08700296187493,2025-01-01T00:00:00,30.0,6.728389759142433,10.654134059342024,0.1874560023319315,2025-01-01T00:00:00
120,2025-10-28 08:00:00,9.899999618530273,ok,,2.177666335673618,8.825686019101589,2025-01-01T00:00:00,30.0,6.534899974994309,10.347750782923445,0.14407060240813496,2025-01-01T00:00:00
120,2025-10-28 12:00:00,7.800000190734863,ok,,1.9472803499305267,7.009597980205288,2025-01-01T00:00:00,30.0,5.190193891604883,8.218462885566305,0.02106040241633489,2025-01-01T00:00:00
120,2025-10-29 08:00:00,9.199999809265137,ok,,2.0665031359599664,7.897159485035824,2025-01-01T00:00:00,30.0,5.847380839244949,9.259091935435658,0.046466741884416574,2025-01-01T00:00:00
120,2025-10-30 08:00:00,9.899999618530273,ok,,2.1345712911557557,8.453421673282502,2025-01-01T00:00:00,30.0,6.259260182357309,9.911286278343656,0.09084038515600024,2025-01-01T00:00:00
120,2025-10-31 08:00:00,10.199999809265137,ok,,2.198734420220582,9.013598849438935,2025-01-01T00:00:00,30.0,6.674038343118313,10.56807078218879,0.17570146317178637,2025-01-01T00:00:00
120,2025-11-01 08:00:00,7.800000190734863,ok,,2.187062454025199,8.909004029423052,2025-01-01T00:00:00,30.0,6.596592047699804,10.445437694135736,0.15821706278021752,2025-01-01T00:00:00
120,2025-11-02 08:00:00,10.100000381469727,ok,,2.176401529406459,8.814530292516285,2025-01-01T00:00:00,30.0,6.526639817401395,10.334671156222775,0.14280618088809705,2025-01-01T00:00:00
120,2025-11-03 03:00:00,8.5,ok,,2.1480939218781927,8.568510571474162,2025-01-01T00:00:00,30.0,6.344476723744237,10.04622323778126,0.10704945846492431,2025-01-01T00:00:00
120,2025-11-03 08:00:00,9.5,ok,,2.204123891186674,9.062308520513685,2025-01-01T00:00:00,30.0,6.710104981745546,10.625180851129471,0.18329251592870877,2025-01-01T00:00:00
120,2025-11-04 08:00:00,9.399999618530273,ok,,2.16037838978912,8.674419349253457,2025-01-01T00:00:00,30.0,6.422895927391824,10.170396886811178,0.12183408946178609,2025-01-01T00:00:00
120,2025-11-05 08:00:00,8.899999618530273,ok,,2.147855230723622,8.566465587862362,2025-01-01T00:00:00,30.0,6.3429625339889375,10.043825579318876,0.10668459236439254,2025-01-01T00:00:00
120,2025-11-06 08:00:00,9.600000381469727,ok,,2.1827834442941687,8.870963759872007,2025-01-01T00:00:00,30.0,6.5684254716398955,10.400837055932938,0.14918615443234207,2025-01-01T00:00:00
120,2025-11-07 08:00:00,9.899999618530273,ok,,2.1959235089863927,8.988297999053831,2025-01-01T00:00:00,30.0,6.655304555604106,10.538406584548579,0.17196930168590818,2025-01-01T00:00:00
120,2025-11-08 08:00:00,8.800000190734863,ok,,2.18431014875917,8.884517443455081,2025-01-01T00:00:00,30.0,6.5784611749627215,10.416728187750307,0.15168996031577098,2025-01-01T00:00:00
120,2025-11-09 08:00:00,10.5,ok,,2.2905301242753944,9.880174013186705,2025-01-01T00:00:00,30.0,7.315686142921013,11.584094217616398,0.3658422713985605,2025-01-01T00:00:00
120,2025-11-09 11:00:00,11.199999809265137,ok,,2.180301800857544,8.8489764844538,2025-01-01T00:00:00,30.0,6.552145190960337,10.375057887499949,0.14670526589802357,2025-01-01T00:00:00
120,2025-11-09 15:00:09,8.100000381469727,ok,,2.265445168765883,9.635413031429824,2025-01-01T00:00:00,30.0,7.13445507146653,11.297122118776459,0.3053304646445745,2025-01-01T00:00:00
120,2025-11-09 22:00:00,7.300000190734863,ok,,2.051616090604207,7.780464887669136,2025-01-01T00:00:00,30.0,5.760975372319992,9.122272360317009,0.04098014660308269,2025-01-01T00:00:00
120,2025-11-10 08:00:00,8.100000381469727,ok,,1.9836172343552227,7.268989124513589,2025-01-01T00:00:00,30.0,5.382257735569572,8.522588243163478,0.025994737120410893,2025-01-01T00:00:00
120,2025-11-11 08:00:00,9.100000381469727,ok,,2.142796153239743,8.523236616249958,2025-01-01T00:00:00,30.0,6.310954030072357,9.993141403167686,0.09929475971834922,2025-01-01T00:00:00
120,2025-11-12 08:00:00,11.5,ok,,2.312300636508605,10.097628926239992,2025-01-01T00:00:00,30.0,7.476698680960402,11.839051083510745,0.4322756828986103,2025-01-01T00:00:00
120,2025-11-12 15:06:58,8.100000381469727,ok,,2.139423612771965,8.494540073171224,2025-01-01T00:00:00,30.0,6.289705932390004,9.95949589669176,0.09582810945113263,2025-01-01T00:00:00
120,2025-11-13 08:00:00,7.300000190734863,ok,,2.2582624503867317,9.56645253156389,2025-01-01T00:00:00,30.0,7.083393888474733,11.216268793048116,0.2945458757615249,2025-01-01T00:00:00
120,2025-11-14 08:00:00,10.399999618530273,ok,,2.1550178674347658,8.628044338610906,2025-01-01T00:00:00,30.0,6.388557967120809,10.1160241103895,0.11577724272197765,2025-01-01T00:00:00
120,2025-11-14 20:00:00,8.300000190734863,ok,,2.146136953289558,8.551758662260735,2025-01-01T00:00:00,30.0,6.332072922967391,10.026582319069272,0.10405801331027675,2025-01-01T00:00:00
120,2025-11-15 08:00:00,9.199999809265137,ok,,2.0966948569770745,8.139224107456576,2025-01-01T00:00:00,30.0,6.026615415637166,9.542902664794392,0.06605816974149048,2025-01-01T00:00:00
120,2025-11-16 08:00:00,9.899999618530273,ok,,2.2140555063559266,9.15276030394701,2025-01-01T00:00:00,30.0,6.7770791927040275,10.731231815418623,0.20020068137960312,2025-01-01T00:00:00
120,2025-11-17 08:00:00,9.199999809265137,ok,,2.172754229346057,8.782439613390576,2025-01-01T00:00:00,30.0,6.502878562155937,10.297046166014773,0.13849970259355293,2025-01-01T00:00:00
120,2025-11-18 08:00:00,9.800000190734863,ok,,2.2026613019859758,9.049063774110776,2025-01-01T00:00:00,30.0,6.700298028184106,10.609651935341654,0.1810547729783354,2025-01-01T00:00:00
120,2025-11-19 08:00:00,9.699999809265137,ok,,2.1455356801446595,8.54661826498175,2025-01-01T00:00:00,30.0,6.328266761953143,10.020555416474616,0.10313890012349824,2025-01-01T00:00:00
120,2025-11-20 08:00:00,6.099999904632568,ok,,2.200463847012333,9.02920069601634,2025-01-01T00:00:00,30.0,6.685590590341686,10.586363300162686,0.17799769365616236,2025-01-01T00:00:00
120,2025-11-21 08:00:00,10.399999618530273,ok,,2.041495725956422,7.702120849669751,2025-01-01T00:00:00,30.0,5.702966232763581,9.030417225340425,0.037918527236138644,2025-01-01T00:00:00
120,2025-11-22 08:00:00,9.300000190734863,ok,,2.213878280883372,9.151138345407393,2025-01-01T00:00:00,30.0,6.775878228065466,10.72933013630701,0.19996843341171744,2025-01-01T00:00:00
120,2025-11-23 08:00:00,9.899999618530273,ok,,2.231529598658364,9.31410202702924,2025-01-01T00:00:00,30.0,6.89654322301891,10.920398293551765,0.24042949384593892,2025-01-01T00:00:00
120,2025-11-23 20:51:00,9.899999618530273,ok,,2.227557441416381,9.277178331121652,2025-01-01T00:00:00,30.0,6.869203403888595,10.87710679163234,0.2227935318842773,2025-01-01T00:00:00
120,2025-11-24 00:38:00,10.699999809265137,ok,,2.1214578336939356,8.34329175792579,2025-01-01T00:00:00,30.0,6.177715475288299,9.78216352058984,0.08251300750478863,2025-01-01T00:00:00
120,2025-11-24 08:00:00,9.0,ok,,2.1306807755509176,8.420597397429681,2025-01-01T00:00:00,30.0,6.234955742001561,9.872801176401461,0.08812887725442009,2025-01-01T00:00:00
120,2025-11-24 18:00:00,8.399999618530273,ok,,2.235215447494486,9.348495745230263,2025-01-01T00:00:00,30.0,6.922009742870781,10.960723501549422,0.24441231902884208,2025-01-01T00:00:00
120,2025-11-25 08:00:00,9.899999618530273,ok,,2.207057436093093,9.088932241361833,2025-01-01T00:00:00,30.0,6.729818276817257,10.656396059517181,0.1877808024761617,2025-01-01T00:00:00
120,2025-11-26 08:00:00,9.699999809265137,ok,,2.2170698458904083,9.180391455094535,2025-01-01T00:00:00,30.0,6.797538430496105,10.763628194045852,0.20397626681953973,2025-01-01T00:00:00
120,2025-11-27 08:00:00,13.100000381469727,ok,,2.276121350598148,9.738833538724892,2025-01-01T00:00:00,30.0,7.211031857574001,11.418378373872855,0.3382775912731254,2025-01-01T00:00:00
120,2025-11-27 10:45:00,10.5,ok,,2.2833319484792445,9.809310135046047,2025-01-01T00:00:00,30.0,7.2632156205744085,11.50100925980984,0.3516456586862231,2025-01-01T00:00:00
120,2025-11-27 20:00:00,8.600000381469727,ok,,2.3888130981647215,10.900548381127015,2025-01-01T00:00:00,30.0,8.071213182644177,12.780440840629865,0.6499371121141182,2025-01-01T00:00:00
120,2025-11-28 08:00:00,9.0,ok,,2.2400590361972186,9.393885850370689,2025-01-01T00:00:00,30.0,6.955618438705324,11.013941517122067,0.24964616553709018,2025-01-01T00:00:00
120,2025-11-29 08:00:00,7.300000190734863,ok,,2.148172799995227,8.569186466110127,2025-01-01T00:00:00,30.0,6.344977183859191,10.047015696206968,0.10717003248046075,2025-01-01T00:00:00
120,2025-11-30 08:00:00,8.699999809265137,ok,,2.2323898587004516,9.322118024257726,2025-01-01T00:00:00,30.0,6.902478596198357,10.929796717812208,0.241359066791496,2025-01-01T00:00:00
120,2025-12-01 08:00:00,7.800000190734863,ok,,2.1531249811360453,8.611727879170704,2025-01-01T00:00:00,30.0,6.3764765912190375,10.0968937384749,0.11358736636846944,2025-01-01T00:00:00
120,2025-12-02 08:00:00,8.399999618530273,ok,,2.0747682012650617,7.9627005011948215,2025-01-01T00:00:00,30.0,5.8959100962263955,9.335936058351997,0.04951281766501514,2025-01-01T00:00:00
120,2025-12-03 08:00:00,6.800000190734863,ok,,2.0386529570028435,7.680256591882581,2025-01-01T00:00:00,30.0,5.686777039384459,9.004782289977264,0.037125438222350926,2025-01-01T00:00:00
120,2025-12-04 08:00:00,7.800000190734863,ok,,2.204698774730172,9.067519790341342,2025-01-01T00:00:00,30.0,6.713963619702157,10.631290848847772,0.1841720804681808,2025-01-01T00:00:00
120,2025-12-05 08:00:00,9.0,ok,,2.1709187969816437,8.766334823632992,2025-01-01T00:00:00,30.0,6.4909539151702695,10.278163968023344,0.13522252994794448,2025-01-01T00:00:00
120,2025-12-06 08:00:00,8.300000190734863,ok,,2.1072816532043728,8.22585015158152,2025-01-01T00:00:00,30.0,6.090756892272608,9.644468108429638,0.07363131322814231,2025-01-01T00:00:00
120,2025-12-07 08:00:00,10.199999809265137,ok,,2.0324695695348174,7.632913111906726,2025-01-01T00:00:00,30.0,5.651721984690608,8.94927402343275,0.03540036778962696,2025-01-01T00:00:00
120,2025-12-08 08:00:00,8.199999809265137,ok,,2.0589790705739723,7.837963716387205,2025-01-01T00:00:00,30.0,5.803549863814327,9.189687352035142,0.04369376036546979,2025-01-01T00:00:00
120,2025-12-09 08:00:00,9.100000381469727,ok,,2.049953854271027,7.767542659118099,2025-01-01T00:00:00,30.0,5.751407224206376,9.10712158333302,0.04036753222567313,2025-01-01T00:00:00
120,2025-12-10 04:00:00,9.800000190734863,ok,,2.0953603162570387,8.128369226207242,2025-01-01T00:00:00,30.0,6.018578016272254,9.530175766771594,0.06497508561898568,2025-01-01T00:00:00
120,2025-12-10 07:35:00,8.0,ok,,1.7655846177374386,5.8449884433557875,2025-01-01T00:00:00,30.0,4.327869216019987,6.853006509636761,0.010000000000000009,2025-01-01T00:00:00
120,2025-12-10 18:00:00,7.800000190734863,ok,,2.1300612244343013,8.415382022671977,2025-01-01T00:00:00,30.0,6.231094064586352,9.866686365822947,0.08775163120558782,2025-01-01T00:00:00
120,2025-12-11 08:00:00,7.300000190734863,ok,,2.0895923428348113,8.081619962410354,2025-01-01T00:00:00,30.0,5.98396294361319,9.475364194049842,0.06029392427347313,2025-01-01T00:00:00
120,2025-12-11 15:00:00,10.5,ok,,2.043446940593474,7.717164012054546,2025-01-01T00:00:00,30.0,5.714104807292458,9.04805470927176,0.03846288624577243,2025-01-01T00:00:00
120,2025-12-12 08:00:00,7.599999904632568,ok,,2.2563815353322076,9.548475758670179,2025-01-01T00:00:00,30.0,7.070083148382764,11.19519177247626,0.2914250751459112,2025-01-01T00:00:00
120,2025-12-13 08:00:00,6.699999809265137,ok,,2.1044727366959255,8.202776845959981,2025-01-01T00:00:00,30.0,6.073672470279474,9.61741561462993,0.07185113738326998,2025-01-01T00:00:00
120,2025-12-14 08:00:00,6.400000095367432,ok,,2.1789534632928587,8.837053117219169,2025-01-01T00:00:00,30.0,6.5433166407405805,10.361078233978375,0.1453573384902216,2025-01-01T00:00:00
120,2025-12-14 12:22:00,11.0,ok,,2.0397073022532073,7.688358504297708,2025-01-01T00:00:00,30.0,5.692776027692498,9.014281446230427,0.03741958440463222,2025-01-01T00:00:00
120,2025-12-15 08:00:00,8.800000190734863,ok,,2.1114068069673655,8.259853133834481,2025-01-01T00:00:00,30.0,6.1159340951998,9.684335194735256,0.07624566615147743,2025-01-01T00:00:00
120,2025-12-16 08:00:00,7.400000095367432,ok,,2.132877090503909,8.43911200591995,2025-01-01T00:00:00,30.0,6.248664717632264,9.894508786901774,0.08946621829987289,2025-01-01T00:00:00
120,2025-12-17 08:00:00,8.399999618530273,ok,,2.0623384243731233,7.864338485862642,2025-01-01T00:00:00,30.0,5.823078825077223,9.220610675264428,0.04493184450253618,2025-01-01T00:00:00
120,2025-12-18 08:00:00,9.300000190734863,ok,,2.1648482980161714,8.713279994723818,2025-01-01T00:00:00,30.0,6.451669943435777,10.215959381751574,0.12662709400865702,2025-01-01T00:00:00
120,2025-12-19 08:00:00,9.399999618530273,ok,,2.1881440694438345,8.918645358711228,2025-01-01T00:00:00,30.0,6.603730883410462,10.45674175282015,0.16049773055874894,2025-01-01T00:00:00
120,2025-12-20 08:00:00,9.100000381469727,ok,,2.1459752187471306,8.550375659329234,2025-01-01T00:00:00,30.0,6.331048890863492,10.024960805496702,0.10381078399035171,2025-01-01T00:00:00
120,2025-12-21 08:00:00,8.800000190734863,ok,,2.1035093221718135,8.194877977161951,2025-01-01T00:00:00,30.0,6.06782382379477,9.60815451859591,0.07124056485138253,2025-01-01T00:00:00
120,2025-12-22 08:00:00,9.0,ok,,2.0784895951814604,7.992388051671604,2025-01-01T00:00:00,30.0,5.917891976439274,9.37074347989683,0.05182609087962231,2025-01-01T00:00:00
120,2025-12-23 08:00:00,8.300000190734863,ok,,2.1058287612800233,8.213907558075006,2025-01-01T00:00:00,30.0,6.081914106132451,9.630465912901755,0.07271053003606132,2025-01-01T00:00:00
120,2025-12-24 08:00:00,5.099999904632568,ok,,1.9884001887124456,7.303839645506325,2025-01-01T00:00:00,30.0,5.408062490947347,8.563449033487016,0.026644234127281896,2025-01-01T00:00:00
120,2025-12-25 08:00:00,9.0,ok,,2.265115186311647,9.632234038724889,2025-01-01T00:00:00,30.0,7.13210121485946,11.293394881689142,0.3048789286313913,2025-01-01T00:00:00
120,2025-12-26 08:00:00,6.199999809265137,ok,,2.114111225361861,8.282221465616146,2025-01-01T00:00:00,30.0,6.132496525642521,9.71056113594883,0.07795961538629137,2025-01-01T00:00:00
120,2025-12-27 08:00:00,8.899999618530273,ok,,2.1195985764974963,8.327793844450934,2025-01-01T00:00:00,30.0,6.166240184397584,9.76399285986771,0.08138090167476397,2025-01-01T00:00:00
120,2025-12-28 08:00:00,10.899999618530273,ok,,2.2038166284293808,9.059524438354515,2025-01-01T00:00:00,30.0,6.708043533106544,10.621916630276846,0.18282240780216386,2025-01-01T00:00:00
120,2025-12-28 22:00:00,10.5,ok,,2.1794146602254534,8.841129678986642,2025-01-01T00:00:00,30.0,6.546335094301545,10.365857833561874,0.14581839512924188,2025-01-01T00:00:00
120,2025-12-29 00:30:00,7.900000095367432,ok,,2.13091688420515,8.422585808080264,2025-01-01T00:00:00,30.0,6.236428042815646,9.875132505413372,0.08827264433757975,2025-01-01T00:00:00
120,2025-12-29 08:00:00,4.699999809265137,ok,,1.7974223476379863,6.034073656890899,2025-01-01T00:00:00,30.0,4.467875664757009,7.074701079573022,0.010000000000000009,2025-01-01T00:00:00
120,2025-12-30 08:00:00,9.699999809265137,ok,,1.990198869429967,7.316988743009578,2025-01-01T00:00:00,30.0,5.417798622139782,8.578865804907338,0.02688848436575275,2025-01-01T00:00:00
120,2025-12-31 08:00:00,9.0,ok,,2.1950039474702283,8.980036505176157,2025-01-01T00:00:00,30.0,6.649187406634861,10.528720325649747,0.17074836235748647,2025-01-01T00:00:00
180,2025-01-01 07:00:00,3.5,ok,,1.7857998856518735,5.964348837102735,2025-01-01T00:00:00,300.0,4.212261526908072,6.995888767120386,0.010000000000000009,2025-01-01T00:00:00
180,2025-01-02 07:00:00,7.099999904632568,ok,,1.9311016139451302,6.897104004067909,2025-01-01T00:00:00,300.0,4.871010505403549,8.08996484705252,0.027507593932989405,2025-01-01T00:00:00
180,2025-01-03 07:00:00,7.699999809265137,ok,,1.9896858180099957,7.31323571437572,2025-01-01T00:00:00,300.0,5.164899350829888,8.57806694122835,0.039488892166292144,2025-01-01T00:00:00
180,2025-01-04 07:00:00,5.400000095367432,ok,,2.0052436319315725,7.427903350769369,2025-01-01T00:00:00,300.0,5.245882218592042,8.712566456818092,0.041799850734113186,2025-01-01T00:00:00
180,2025-01-05 07:00:00,5.300000190734863,ok,,1.7867185673808113,5.9698306930593,2025-01-01T00:00:00,300.0,4.216133032678869,7.002318715394191,0.010000000000000009,2025-01-01T00:00:00
180,2025-01-06 07:00:00,4.800000190734863,ok,,1.862347052379774,6.4388313250303115,2025-01-01T00:00:00,300.0,4.547360023604959,7.552433462634927,0.015947131291144,2025-01-01T00:00:00
180,2025-01-07 07:00:00,5.099999904632568,ok,,1.8652875934121578,6.457792837632079,2025-01-01T00:00:00,300.0,4.560751401642332,7.574674387275875,0.016279972713638347,2025-01-01T00:00:00
180,2025-01-08 07:00:00,3.5999999046325684,ok,,1.7300440975151128,5.6409026527337565,2025-01-01T00:00:00,300.0,3.9838309042779425,6.616502250704945,0.010000000000000009,2025-01-01T00:00:00
180,2025-01-09 07:00:00,3.9000000953674316,ok,,1.6930103146302582,5.435819627496184,2025-01-01T00:00:00,300.0,3.838993075266959,6.375949916867352,0.010000000000000009,2025-01-01T00:00:00
180,2025-01-10 07:00:00,3.5,ok,,1.7202630453649963,5.585997641825973,2025-01-01T00:00:00,300.0,3.9450547911769407,6.552101364781081,0.010000000000000009,2025-01-01T00:00:00
180,2025-01-11 07:00:00,3.5999999046325684,ok,,1.705871209645304,5.506180615866783,2025-01-01T00:00:00,300.0,3.8886848173838864,6.458479906582789,0.010000000000000009,2025-01-01T00:00:00
180,2025-01-12 07:00:00,4.199999809265137,ok,,1.6520637191545395,5.217736666916879,2025-01-01T00:00:00,300.0,3.6849741723470144,6.120149296231918,0.010000000000000009,2025-01-01T00:00:00
180,2025-01-13 07:00:00,6.0,ok,,1.8082847312739743,6.0999753566275015,2025-01-01T00:00:00,300.0,4.308046395604674,7.154972025055354,0.010000000000000009,2025-01-01T00:00:00
180,2025-01-14 07:00:00,1.600000023841858,ok,,1.8062252288275578,6.087425370257212,2025-01-01T00:00:00,300.0,4.299183093642533,7.1402515063410155,0.010000000000000009,2025-01-01T00:00:00
180,2025-01-15 07:00:00,1.899999976158142,abstain,outside_training_support,1.6681693713017798,5.302452086005013,2025-01-01T00:00:00,300.0,3.7448035871426413,6.219516329413104,0.010000000000000009,2025-01-01T00:00:00
180,2025-01-16 07:00:00,7.099999904632568,ok,,1.8106775955491843,6.114589247293469,2025-01-01T00:00:00,300.0,4.318367309268838,7.172113402319872,0.010098637656262621,2025-01-01T00:00:00
180,2025-01-17 07:00:00,8.199999809265137,ok,,1.9687242613491451,7.161534411887698,2025-01-01T00:00:00,300.0,5.057761827941045,8.400128750988456,0.03531428718690477,2025-01-01T00:00:00
180,2025-01-18 07:00:00,7.599999904632568,ok,,2.0165107395751476,7.512067590795003,2025-01-01T00:00:00,300.0,5.305322368704665,8.811286983982058,0.04336081078686149,2025-01-01T00:00:00
180,2025-01-19 07:00:00,6.900000095367432,ok,,2.000569545113944,7.393265698393063,2025-01-01T00:00:00,300.0,5.221419724114941,8.671938188787992,0.04115229654041941,2025-01-01T00:00:00
180,2025-01-20 07:00:00,10.600000381469727,ok,,2.0756436372979583,7.969674388283363,2025-01-01T00:00:00,300.0,5.628502578339783,9.34803732198909,0.054105331890395236,2025-01-01T00:00:00
180,2025-01-21 07:00:00,8.300000190734863,ok,,2.0984973393235453,8.153908145107925,2025-01-01T00:00:00,300.0,5.758615820711236,9.564134486171632,0.06295995137341981,2025-01-01T00:00:00
180,2025-01-22 07:00:00,6.099999904632568,ok,,2.1571148884033167,8.646156512673606,2025-01-01T00:00:00,300.0,6.10626129166049,10.141517687479979,0.11355325824421403,2025-01-01T00:00:00
180,2025-01-23 07:00:00,6.099999904632568,ok,,2.115440239496762,8.293235972608846,2025-01-01T00:00:00,300.0,5.857014701031406,9.727559196895706,0.0709043412697955,2025-01-01T00:00:00
180,2025-01-23 19:00:00,5.900000095367432,ok,,2.0327225669579283,7.6348444635580615,2025-01-01T00:00:00,300.0,5.392032303294128,8.955298236255237,0.04560681887758933,2025-01-01T00:00:00
180,2025-01-24 07:00:00,6.699999809265137,ok,,2.1078398118640944,8.230442762660788,2025-01-01T00:00:00,300.0,5.812667626499167,9.653905840238512,0.0670527408179108,2025-01-01T00:00:00
180,2025-01-25 07:00:00,7.5,ok,,1.9454306973315445,6.996644642363895,2025-01-01T00:00:00,300.0,4.941310082525825,8.206721135516888,0.030675250596784998,2025-01-01T00:00:00
180,2025-01-26 07:00:00,8.899999618530273,ok,,2.010674342871226,7.468351879477709,2025-01-01T00:00:00,300.0,5.27444858617911,8.760010597891283,0.04255222863827357,2025-01-01T00:00:00
180,2025-01-27 07:00:00,6.0,ok,,2.038038612619303,7.675539718421921,2025-01-01T00:00:00,300.0,5.420772918753171,9.003031775012415,0.046343310901851176,2025-01-01T00:00:00
180,2025-01-28 07:00:00,7.900000095367432,ok,,1.990670048714502,7.320437168880077,2025-01-01T00:00:00,300.0,5.169985305822624,8.58651389429061,0.03968490692160709,2025-01-01T00:00:00
180,2025-01-29 07:00:00,6.199999809265137,ok,,1.9961343948288912,7.360548061373106,2025-01-01T00:00:00,300.0,5.198313221220075,8.633562004636799,0.04053784493119472,2025-01-01T00:00:00
180,2025-01-30 07:00:00,5.900000095367432,ok,,2.0686781410247783,7.914354539800362,2025-01-01T00:00:00,300.0,5.5894334903632785,9.283149851928062,0.05155460935276457,2025-01-01T00:00:00
180,2025-01-31 07:00:00,7.400000095367432,ok,,2.051011284749285,7.775760639672821,2025-01-01T00:00:00,300.0,5.491552938887191,9.120586002030132,0.04814056212309514,2025-01-01T00:00:00
180,2025-02-01 07:00:00,9.600000381469727,ok,,1.9755604955641834,7.210660064379512,2025-01-01T00:00:00,300.0,5.092456327144087,8.457750732839518,0.03667575942182033,2025-01-01T00:00:00
180,2025-02-02 07:00:00,10.5,ok,,2.1432415077561027,8.527033323548627,2025-01-01T00:00:00,300.0,6.022131734483636,10.001792026982258,0.1001582841010682,2025-01-01T00:00:00
180,2025-02-03 01:48:22,10.699999809265137,ok,,2.215630843060649,9.167190346306798,2025-01-01T00:00:00,300.0,6.474236209220248,10.75266482919793,0.21149024093727564,2025-01-01T00:00:00
180,2025-02-03 07:00:00,8.5,ok,,2.290912398633675,9.883951672372415,2025-01-01T00:00:00,300.0,6.98044170460982,11.593390723454068,0.38278929662504346,2025-01-01T00:00:00
180,2025-02-04 07:00:00,7.099999904632568,ok,,2.143868585785479,8.532382115681326,2025-01-01T00:00:00,300.0,6.025909265263834,10.008065897914493,0.10071221200735214,2025-01-01T00:00:00
180,2025-02-05 07:00:00,7.400000095367432,ok,,2.0981082731402014,8.150736352245254,2025-01-01T00:00:00,300.0,5.756375773824031,9.56041412864969,0.06278950763259139,2025-01-01T00:00:00
180,2025-02-07 07:00:00,8.300000190734863,ok,,2.0617074823017236,7.8593781088680075,2025-01-01T00:00:00,300.0,5.550606937586468,9.218665193816943,0.04962242753379631,2025-01-01T00:00:00
180,2025-02-08 07:00:00,8.100000381469727,ok,,2.042223231403859,7.707726223267392,2025-01-01T00:00:00,300.0,5.443504314878565,9.040784967163175,0.046923053544355886,2025-01-01T00:00:00
180,2025-02-09 07:00:00,9.899999618530273,ok,,2.0730342036813205,7.948905161764906,2025-01-01T00:00:00,300.0,5.613834520485234,9.323676037552072,0.05314977310816793,2025-01-01T00:00:00
180,2025-02-10 07:00:00,9.5,ok,,2.140086830728316,8.50017567328772,2025-01-01T00:00:00,300.0,6.003163788445098,9.970289319997264,0.09733574472183393,2025-01-01T00:00:00
180,2025-02-11 07:00:00,6.800000190734863,ok,,2.1207964079004356,8.337775114180756,2025-01-01T00:00:00,300.0,5.888470022912947,9.779801426304184,0.07645395391882426,2025-01-01T00:00:00
180,2025-02-12 07:00:00,9.600000381469727,ok,,2.121368578444083,8.342547108567773,2025-01-01T00:00:00,300.0,5.891840196072171,9.785398741759849,0.077046789066474,2025-01-01T00:00:00
180,2025-02-13 07:00:00,11.600000381469727,ok,,2.1231484471647697,8.357408969374308,2025-01-01T00:00:00,300.0,5.90233623616027,9.802830975841827,0.0788909398140788,2025-01-01T00:00:00
180,2025-02-13 13:46:39,8.899999618530273,ok,,2.121069859936544,8.340055407523563,2025-01-01T00:00:00,300.0,5.89008045720851,9.782476098597568,0.07673728199294705,2025-01-01T00:00:00
180,2025-02-14 07:00:00,7.0,ok,,2.130126634633336,8.415932492488006,2025-01-01T00:00:00,300.0,5.943667887202782,9.871476199175596,0.08769715577027859,2025-01-01T00:00:00
180,2025-02-14 19:41:16,11.899999618530273,ok,,1.915452568821034,6.790011049039404,2025-01-01T00:00:00,300.0,4.79537718036004,7.9643500613342555,0.02394186384324737,2025-01-01T00:00:00
180,2025-02-14 23:39:46,8.0,ok,,1.9806260068197394,7.247278411119019,2025-01-01T00:00:00,300.0,5.11831766714323,8.500702258248596,0.037684582805156186,2025-01-01T00:00:00
180,2025-02-15 07:00:00,9.100000381469727,ok,,2.0606187053291976,7.850825655666613,2025-01-01T00:00:00,300.0,5.5445668533182895,9.208633585519527,0.04947158692640807,2025-01-01T00:00:00
180,2025-02-16 07:00:00,7.300000190734863,ok,,2.2464190674914852,9.453821653110897,2025-01-01T00:00:00,300.0,6.676666693927576,11.088869299181598,0.2820874592183312,2025-01-01T00:00:00
180,2025-02-17 07:00:00,8.699999809265137,ok,,2.1103110327986307,8.25080715721178,2025-01-01T00:00:00,300.0,5.8270497758383035,9.677792276625706,0.06813534362053897,2025-01-01T00:00:00
180,2025-02-18 07:00:00,8.5,ok,,2.1159676174634425,8.297610796024625,2025-01-01T00:00:00,300.0,5.860104376176941,9.732690650274522,0.0714507661045155,2025-01-01T00:00:00
180,2025-02-19 07:00:00,10.199999809265137,ok,,2.139891996511461,8.498519709541721,2025-01-01T00:00:00,300.0,6.00199428066349,9.96834695571144,0.09716129008627628,2025-01-01T00:00:00
180,2025-02-20 07:00:00,5.699999809265137,ok,,2.3187367685091806,10.162828189367431,2025-01-01T00:00:00,300.0,7.177395446816967,11.920499205191835,0.4428559630792205,2025-01-01T00:00:00
180,2025-02-21 07:00:00,9.399999618530273,ok,,2.0732461483276166,7.950590068205,2025-01-01T00:00:00,300.0,5.615024468754171,9.325652350199075,0.05322738595366161,2025-01-01T00:00:00
180,2025-02-22 07:00:00,9.100000381469727,ok,,2.191309515784089,8.946921581844745,2025-01-01T00:00:00,300.0,6.318673604237909,10.494300367773148,0.17013291796613705,2025-01-01T00:00:00
180,2025-02-23 07:00:00,10.300000190734863,ok,,2.1875530072289586,8.913375442009556,2025-01-01T00:00:00,300.0,6.294981979542014,10.45495239043934,0.1645193940812677,2025-01-01T00:00:00
180,2025-02-24 07:00:00,9.399999618530273,ok,,2.1816382243691246,8.860810370461492,2025-01-01T00:00:00,300.0,6.2578584251376,10.393296138662388,0.15515076304876219,2025-01-01T00:00:00
180,2025-02-25 07:00:00,9.399999618530273,ok,,2.171087278859076,8.76781191661048,2025-01-01T00:00:00,300.0,6.192179200142967,10.284213511803175,0.13343099872997677,2025-01-01T00:00:00
180,2025-02-26 07:00:00,8.800000190734863,ok,,2.156180559164891,8.638081928591212,2025-01-01T00:00:00,300.0,6.100558697663227,10.132046596230289,0.11233806139199154,2025-01-01T00:00:00
180,2025-02-27 07:00:00,10.300000190734863,ok,,2.1692528998542255,8.751743169104577,2025-01-01T00:00:00,300.0,6.180830808431928,10.265365658793817,0.13036029133038374,2025-01-01T00:00:00
180,2025-02-28 07:00:00,10.600000381469727,ok,,2.1535783425144004,8.615632989138154,2025-01-01T00:00:00,300.0,6.08470435940089,10.105715090873586,0.10928930283722205,2025-01-01T00:00:00
180,2025-03-01 07:00:00,7.800000190734863,ok,,2.1879811295401854,8.917192273881763,2025-01-01T00:00:00,300.0,6.297677578758137,10.459429347094636,0.1651525583663943,2025-01-01T00:00:00
180,2025-03-02 07:00:00,10.0,ok,,2.1476101939282195,8.564366745744064,2025-01-01T00:00:00,300.0,6.048498089349299,10.045582300842579,0.10401735278337965,2025-01-01T00:00:00
180,2025-03-03 07:00:00,8.300000190734863,ok,,2.2043803391136394,9.064632828766571,2025-01-01T00:00:00,300.0,6.401805991399564,10.632369889290969,0.19938924162455218,2025-01-01T00:00:00
180,2025-03-06 07:00:00,8.5,ok,,2.1820041394663097,8.864053268025742,2025-01-01T00:00:00,300.0,6.260148689006914,10.397099898513176,0.155771416799103,2025-01-01T00:00:00
180,2025-03-07 07:00:00,8.399999618530273,ok,,2.128867475904125,8.405342166475593,2025-01-01T00:00:00,300.0,5.936188575707452,9.859054265983243,0.08605661889930083,2025-01-01T00:00:00
180,2025-03-08 07:00:00,8.0,ok,,2.07739679532482,7.983658741717577,2025-01-01T00:00:00,300.0,5.638378887650061,9.364440282945576,0.054747327739041785,2025-01-01T00:00:00
180,2025-03-09 07:00:00,9.5,ok,,2.1507133292434126,8.590984412396296,2025-01-01T00:00:00,300.0,6.067296549371922,10.076803518820459,0.10675850008488841,2025-01-01T00:00:00
180,2025-03-10 07:00:00,10.199999809265137,ok,,2.177491724478779,8.824145090056167,2025-01-01T00:00:00,300.0,6.2319639387078505,10.350289562364356,0.1469086919819903,2025-01-01T00:00:00
180,2025-03-11 07:00:00,8.100000381469727,ok,,2.2079497259491134,9.097045822697696,2025-01-01T00:00:00,300.0,6.424697343169375,10.670388742034941,0.20307714573810498,2025-01-01T00:00:00
180,2025-03-12 07:00:00,8.600000381469727,ok,,2.146520613360174,8.555040260061759,2025-01-01T00:00:00,300.0,6.0419113524072126,10.034642790394152,0.10305487434447591,2025-01-01T00:00:00
180,2025-03-13 07:00:00,7.699999809265137,ok,,2.199387899111946,9.019490971001122,2025-01-01T00:00:00,300.0,6.3699250072532845,10.579420703337309,0.19249998310014071,2025-01-01T00:00:00
180,2025-03-14 07:00:00,9.899999618530273,ok,,2.146519601141217,8.555031600492212,2025-01-01T00:00:00,300.0,6.0419052366731,10.034632633143634,0.10305398020323453,2025-01-01T00:00:00
180,2025-03-15 07:00:00,10.399999618530273,ok,,2.201609067783906,9.039547047501635,2025-01-01T00:00:00,300.0,6.384089410062572,10.602945497767442,0.19556505853465078,2025-01-01T00:00:00
180,2025-03-16 07:00:00,10.5,ok,,2.2096859734836043,9.112854265792393,2025-01-01T00:00:00,300.0,6.435861897501589,10.688931270732102,0.2047858275846799,2025-01-01T00:00:00
180,2025-03-17 07:00:00,12.399999618530273,ok,,2.274966689536991,9.727594976470389,2025-01-01T00:00:00,300.0,6.870016356829106,11.409991984983165,0.3454495844064924,2025-01-01T00:00:00
180,2025-03-18 07:00:00,12.300000190734863,ok,,2.3279057255874434,10.256439226800994,2025-01-01T00:00:00,300.0,7.2435073028208325,12.030300362559766,0.4687309476259435,2025-01-01T00:00:00
180,2025-03-19 07:00:00,10.300000190734863,ok,,2.289706872465963,9.872043489246325,2025-01-01T00:00:00,300.0,6.972031669749792,11.579423008478985,0.38014135300079877,2025-01-01T00:00:00
180,2025-03-20 07:00:00,11.300000190734863,ok,,2.136667498527031,8.471160383618766,2025-01-01T00:00:00,300.0,5.982672031221859,9.93625580777091,0.09427407330367132,2025-01-01T00:00:00
180,2025-03-21 07:00:00,9.600000381469727,ok,,2.2056906275540253,9.076517897111868,2025-01-01T00:00:00,300.0,6.410199701677564,10.646310491761449,0.2008539141189768,2025-01-01T00:00:00
180,2025-03-22 07:00:00,8.800000190734863,ok,,2.202429951858542,9.04697051420079,2025-01-01T00:00:00,300.0,6.389332158940474,10.611652860249436,0.19669782780314926,2025-01-01T00:00:00
180,2025-03-23 07:00:00,6.900000095367432,ok,,1.7820412875842013,5.941973323711054,2025-01-01T00:00:00,300.0,4.196459045064911,6.969643386933761,0.010000000000000009,2025-01-01T00:00:00
180,2025-03-24 03:00:00,6.800000190734863,ok,,2.138211622716665,8.484251011457914,2025-01-01T00:00:00,300.0,5.991917155797219,9.95161047242177,0.09565668271954475,2025-01-01T00:00:00
180,2025-03-24 07:00:00,6.5,ok,,2.274585941507761,9.723891918864629,2025-01-01T00:00:00,300.0,6.867401109547185,11.405648479964315,0.3448149111286105,2025-01-01T00:00:00
180,2025-03-24 21:01:00,11.0,abstain,outside_training_support,1.6695967226873487,5.3100259523353115,2025-01-01T00:00:00,300.0,3.7501525542511045,6.22840010328867,0.010000000000000009,2025-01-01T00:00:00
180,2025-03-25 03:00:00,13.399999618530273,ok,,1.7152211167723972,5.557904322366215,2025-01-01T00:00:00,300.0,3.925214166163975,6.519149278407959,0.010000000000000009,2025-01-01T00:00:00
180,2025-03-25 07:00:00,8.100000381469727,ok,,1.899849772320865,6.684890111315307,2025-01-01T00:00:00,300.0,4.721136572752855,7.841048355230425,0.020386671783694243,2025-01-01T00:00:00
180,2025-03-25 17:00:00,10.5,ok,,2.075020131183259,7.9647067963929965,2025-01-01T00:00:00,300.0,5.624994266406215,9.342210580251708,0.053877007728448834,2025-01-01T00:00:00
180,2025-03-26 07:00:00,8.300000190734863,ok,,2.146499214549569,8.554857194334218,2025-01-01T00:00:00,300.0,6.0417820640738045,10.034428063271054,0.10303597175532431,2025-01-01T00:00:00
180,2025-03-26 20:07:57,10.199999809265137,ok,,2.1107671621802853,8.254571451215833,2025-01-01T00:00:00,300.0,5.829708270712146,9.68220760893747,0.06833516668776818,2025-01-01T00:00:00
180,2025-03-27 07:00:00,5.400000095367432,ok,,2.1183079648991394,8.31705282985649,2025-01-01T00:00:00,300.0,5.873835117512082,9.75549520275948,0.07387563790715657,2025-01-01T00:00:00
180,2025-03-29 07:00:00,8.399999618530273,ok,,2.1672924329658834,8.734602473779008,2025-01-01T00:00:00,300.0,6.168725364327922,10.245260463547218,0.12749466183102554,2025-01-01T00:00:00
180,2025-03-30 07:00:00,10.199999809265137,ok,,2.186382063537189,8.90294448948422,2025-01-01T00:00:00,300.0,6.287615223972964,10.442717394533599,0.16278764662013123,2025-01-01T00:00:00
180,2025-03-31 07:00:00,8.600000381469727,ok,,2.2039325243545296,9.060574461166215,2025-01-01T00:00:00,300.0,6.398939809998723,10.627609623068517,0.198771284944951,2025-01-01T00:00:00
180,2025-04-01 07:00:00,7.0,ok,,2.2340746502174844,9.337837087579802,2025-01-01T00:00:00,300.0,6.594753758174625,10.952825090279745,0.2553599607615291,2025-01-01T00:00:00
180,2025-04-02 07:00:00,7.300000190734863,ok,,2.1550061360229824,8.627943120063604,2025-01-01T00:00:00,300.0,6.093398265861541,10.120154270910708,0.11081059629025858,2025-01-01T00:00:00
180,2025-04-03 07:00:00,9.899999618530273,ok,,2.0290601582378747,7.606933684157223,2025-01-01T00:00:00,300.0,5.372320595366381,8.922560260421692,0.04509942391078081,2025-01-01T00:00:00
180,2025-04-05 07:00:00,5.800000190734863,ok,,2.1724603040331356,8.779858611408486,2025-01-01T00:00:00,300.0,6.2006870574816215,10.298343694178495,0.13572941064521615,2025-01-01T00:00:00
180,2025-04-06 07:00:00,6.800000190734863,ok,,2.048624476760603,7.757223523129167,2025-01-01T00:00:00,300.0,5.478461286307967,9.098842873158155,0.04780989057527896,2025-01-01T00:00:00
180,2025-04-07 07:00:00,7.5,ok,,2.038621286513001,7.680013358245883,2025-01-01T00:00:00,300.0,5.423932381995578,9.00827913519328,0.046424035316724344,2025-01-01T00:00:00
180,2025-04-08 07:00:00,6.800000190734863,ok,,2.098378773534651,8.152941427867056,2025-01-01T00:00:00,300.0,5.757933086358781,9.563000574244095,0.0629080095767317,2025-01-01T00:00:00
180,2025-04-09 07:00:00,8.100000381469727,ok,,2.072320942314948,7.943237536297481,2025-01-01T00:00:00,300.0,5.609831816861186,9.317028190749895,0.05288858111680417,2025-01-01T00:00:00
180,2025-04-10 07:00:00,6.099999904632568,ok,,2.0638195556181396,7.875995233771209,2025-01-01T00:00:00,300.0,5.562342615332572,9.238156266627602,0.049915036975340166,2025-01-01T00:00:00
180,2025-04-11 07:00:00,7.400000095367432,ok,,2.0001482613881274,7.390151691859886,2025-01-01T00:00:00,300.0,5.219220488243183,8.668285611797414,0.04109393133368888,2025-01-01T00:00:00
180,2025-04-12 07:00:00,8.699999809265137,ok,,1.9989086931626399,7.380996769888549,2025-01-01T00:00:00,300.0,5.212754916450698,8.657547337170564,0.04092219990590362,2025-01-01T00:00:00
180,2025-04-13 07:00:00,5.300000190734863,ok,,1.9100130083669429,6.753176645759749,2025-01-01T00:00:00,300.0,4.769363252597076,7.9211451121963545,0.022702426917076135,2025-01-01T00:00:00
180,2025-04-14 07:00:00,7.699999809265137,ok,,1.974224601609334,7.201033818442506,2025-01-01T00:00:00,300.0,5.085657887529561,8.446459618308907,0.03640970906849594,2025-01-01T00:00:00
180,2025-04-15 07:00:00,8.5,ok,,1.9177035935897662,6.80531274788102,2025-01-01T00:00:00,300.0,4.806183851647594,7.982298203867098,0.024454773524762885,2025-01-01T00:00:00
180,2025-04-16 07:00:00,7.699999809265137,ok,,2.020159958401169,7.539530848511339,2025-01-01T00:00:00,300.0,5.324718018932642,8.843500038820675,0.04386637840823815,2025-01-01T00:00:00
180,2025-04-17 07:00:00,5.199999809265137,ok,,1.9427057471622475,6.977605087062181,2025-01-01T00:00:00,300.0,4.927863587614603,8.184388670615167,0.030132562344696523,2025-01-01T00:00:00
180,2025-04-18 07:00:00,8.800000190734863,ok,,2.0037720861026798,7.416980888998657,2025-01-01T00:00:00,300.0,5.2381683395496745,8.699754944665134,0.041595980821145795,2025-01-01T00:00:00
180,2025-04-18 17:00:00,10.0,ok,,2.0035739935766426,7.415511786032748,2025-01-01T00:00:00,300.0,5.237130800319261,8.698031758912984,0.041568536819572954,2025-01-01T00:00:00
180,2025-04-19 07:00:00,8.800000190734863,ok,,2.133263655992137,8.442374905994377,2025-01-01T00:00:00,300.0,5.962342576449427,9.902491853805657,0.09122627133897954,2025-01-01T00:00:00
180,2025-04-20 07:00:00,11.800000190734863,ok,,2.1206258371705786,8.336353055078424,2025-01-01T00:00:00,300.0,5.887465707939202,9.778133420697554,0.0762772228288684,2025-01-01T00:00:00
180,2025-04-21 07:00:00,11.399999618530273,ok,,1.9463898726258106,7.003358870593762,2025-01-01T00:00:00,300.0,4.94605193885046,8.214596596046796,0.030866275434507373,2025-01-01T00:00:00
180,2025-04-22 07:00:00,10.600000381469727,ok,,2.073340865287212,7.9513431595879505,2025-01-01T00:00:00,300.0,5.615556331987742,9.326535689468875,0.05326207073046152,2025-01-01T00:00:00
180,2025-04-23 07:00:00,13.5,ok,,2.123715844924646,8.362152290049409,2025-01-01T00:00:00,300.0,5.905686158798131,9.808394658439223,0.07947882980332577,2025-01-01T00:00:00
180,2025-04-24 07:00:00,12.399999618530273,ok,,2.1307312529459903,8.421022457979143,2025-01-01T00:00:00,300.0,5.94726262426414,9.877446479146975,0.08848490286821575,2025-01-01T00:00:00
180,2025-04-25 07:00:00,9.399999618530273,ok,,2.090955091045387,8.092640683080836,2025-01-01T00:00:00,300.0,5.715346290340612,9.492270757021695,0.059712293494529,2025-01-01T00:00:00
180,2025-04-26 03:00:00,9.0,ok,,2.300560295007016,9.979772505335678,2025-01-01T00:00:00,300.0,7.048114206536034,11.705783862636961,0.4046103582262648,2025-01-01T00:00:00
180,2025-04-26 07:00:00,9.5,ok,,2.1693759747702046,8.752820355445733,2025-01-01T00:00:00,300.0,6.181591560478144,10.266629145559936,0.1305663158510536,2025-01-01T00:00:00
180,2025-04-27 07:00:00,7.699999809265137,ok,,2.1644185929395636,8.70953665839909,2025-01-01T00:00:00,300.0,6.1510228836969105,10.215859491027935,0.12336917920213719,2025-01-01T00:00:00
180,2025-04-28 07:00:00,10.0,ok,,2.094098989999063,8.118123163839867,2025-01-01T00:00:00,300.0,5.73334303671529,9.5221604576025,0.0610331041057085,2025-01-01T00:00:00
180,2025-04-29 07:00:00,7.5,ok,,2.1709011209315485,8.766179870828978,2025-01-01T00:00:00,300.0,6.191026584183819,10.282299202117061,0.13311937472859015,2025-01-01T00:00:00
180,2025-04-30 07:00:00,6.5,ok,,2.125509641724535,8.37716575359317,2025-01-01T00:00:00,300.0,5.91628926679839,9.82600471509922,0.08168175284750478,2025-01-01T00:00:00
180,2025-05-01 07:00:00,11.300000190734863,ok,,2.103026411683335,8.190921540014363,2025-01-01T00:00:00,300.0,5.7847561595148225,9.607549383712186,0.06494406633517413,2025-01-01T00:00:00
180,2025-05-02 07:00:00,8.300000190734863,ok,,2.1843476764684198,8.884850865298764,2025-01-01T00:00:00,300.0,6.274836783422236,10.421494460454342,0.15974645100952856,2025-01-01T00:00:00
180,2025-05-03 07:00:00,9.899999618530273,ok,,2.1480743881239857,8.56834319792946,2025-01-01T00:00:00,300.0,6.051306418810167,10.050246484299414,0.104427397637328,2025-01-01T00:00:00
180,2025-05-04 07:00:00,8.399999618530273,ok,,2.1562522882447923,8.638701552482326,2025-01-01T00:00:00,300.0,6.100996300819744,10.132773384675778,0.1124313528662646,2025-01-01T00:00:00
180,2025-05-05 07:00:00,8.600000381469727,ok,,2.118501831417496,8.318665384236702,2025-01-01T00:00:00,300.0,5.874973967864625,9.757386649987504,0.07407650614008154,2025-01-01T00:00:00
180,2025-05-06 07:00:00,8.5,ok,,2.1012940171183674,8.176743916221382,2025-01-01T00:00:00,300.0,5.774743354952713,9.590919726100482,0.06418513167859174,2025-01-01T00:00:00
180,2025-05-07 07:00:00,9.699999809265137,ok,,2.1351309168257004,8.458153749021767,2025-01-01T00:00:00,300.0,5.973486226031077,9.92099966307509,0.09289821743483617,2025-01-01T00:00:00
180,2025-05-08 07:00:00,9.399999618530273,ok,,2.1690922894958904,8.7503376613707,2025-01-01T00:00:00,300.0,6.179838182696098,10.26371706713091,0.13009143336020035,2025-01-01T00:00:00
180,2025-05-09 07:00:00,9.699999809265137,ok,,2.161373754624635,8.683057859763796,2025-01-01T00:00:00,300.0,6.132322497818008,10.184801158425529,0.11909237723282862,2025-01-01T00:00:00
180,2025-05-10 07:00:00,9.199999809265137,ok,,2.147632598502891,8.564558628887855,2025-01-01T00:00:00,300.0,6.04863360489447,10.045807370362642,0.10403714381186024,2025-01-01T00:00:00
180,2025-05-11 07:00:00,11.0,ok,,2.2815199102412906,9.791551384620023,2025-01-01T00:00:00,300.0,6.915184928421039,11.485009716101779,0.3553447745336056,2025-01-01T00:00:00
180,2025-05-11 11:00:00,8.699999809265137,ok,,2.1725801695258893,8.780911076563116,2025-01-01T00:00:00,300.0,6.201430350437876,10.299578184204844,0.1359300626667348,2025-01-01T00:00:00
180,2025-05-12 07:00:00,9.399999618530273,ok,,2.1614410510247355,8.683642217962003,2025-01-01T00:00:00,300.0,6.132735194932726,10.18548658194224,0.11917990352463748,2025-01-01T00:00:00
180,2025-05-13 07:00:00,8.699999809265137,ok,,2.159812321757383,8.669510427288944,2025-01-01T00:00:00,300.0,6.122754759551727,10.168910684333111,0.11706156386725519,2025-01-01T00:00:00
180,2025-05-14 07:00:00,9.199999809265137,ok,,2.1484064333472963,8.57118874775949,2025-01-01T00:00:00,300.0,6.053316059828709,10.053584174739038,0.1047207090064457,2025-01-01T00:00:00
180,2025-05-15 07:00:00,8.300000190734863,ok,,2.2456893255440122,9.446925319464704,2025-01-01T00:00:00,300.0,6.6717962274796925,11.080780237926565,0.27986582752120714,2025-01-01T00:00:00
180,2025-05-16 07:00:00,9.0,ok,,2.1676285432601285,8.737538757016454,2025-01-01T00:00:00,300.0,6.170799084905139,10.248704579825285,0.12797715813130672,2025-01-01T00:00:00
180,2025-05-17 07:00:00,6.800000190734863,ok,,2.180620847198985,8.851800168445735,2025-01-01T00:00:00,300.0,6.251495060361794,10.382727613448134,0.15342511969319772,2025-01-01T00:00:00
180,2025-05-18 07:00:00,7.900000095367432,ok,,2.130003465365855,8.414895972082778,2025-01-01T00:00:00,300.0,5.942935855065823,9.870260411558561,0.08753668058952024,2025-01-01T00:00:00
180,2025-05-18 23:00:00,6.900000095367432,ok,,2.1409583274675956,8.507586777577838,2025-01-01T00:00:00,300.0,6.008397806495649,9.97898218197956,0.09811608325012056,2025-01-01T00:00:00
180,2025-05-19 07:00:00,7.599999904632568,ok,,2.0779374606256753,7.987976396070861,2025-01-01T00:00:00,300.0,5.641428187718778,9.369504679816957,0.05494531609681563,2025-01-01T00:00:00
180,2025-05-20 07:00:00,11.300000190734863,ok,,2.1361334762358943,8.466637802829078,2025-01-01T00:00:00,300.0,5.979478003913424,9.930951042236716,0.09379590953098493,2025-01-01T00:00:00
180,2025-05-21 07:00:00,10.199999809265137,ok,,2.1179850709824253,8.314367737616044,2025-01-01T00:00:00,300.0,5.87193879805634,9.752345721205558,0.07354108230146239,2025-01-01T00:00:00
180,2025-05-21 19:02:41,9.0,ok,,2.1299707363783424,8.414620565564501,2025-01-01T00:00:00,300.0,5.942741351975396,9.869937373215194,0.08749403853850746,2025-01-01T00:00:00
180,2025-05-22 07:00:00,8.800000190734863,ok,,2.108478469667864,8.235700878049128,2025-01-01T00:00:00,300.0,5.8163811177384055,9.660073351795294,0.06733252669970646,2025-01-01T00:00:00
180,2025-05-23 07:00:00,10.0,ok,,2.176384646452338,8.814381478461971,2025-01-01T00:00:00,300.0,6.225068485976103,10.338837324652598,0.14382495345086066,2025-01-01T00:00:00
180,2025-05-24 07:00:00,8.0,ok,,2.185765591279364,8.897457762574726,2025-01-01T00:00:00,300.0,6.28374027814053,10.43628173287082,0.1618759253521891,2025-01-01T00:00:00
180,2025-05-25 07:00:00,8.300000190734863,ok,,2.1609075413452015,8.6790106463891,2025-01-01T00:00:00,300.0,6.129464193977133,10.180053975562911,0.11848601612762932,2025-01-01T00:00:00
180,2025-05-26 07:00:00,6.699999809265137,ok,,2.14611223180059,8.5515472526665,2025-01-01T00:00:00,300.0,6.039444450979059,10.030545663973921,0.10269413145177664,2025-01-01T00:00:00
180,2025-05-27 07:00:00,9.199999809265137,ok,,2.1118110627279654,8.26319290206033,2025-01-01T00:00:00,300.0,5.835797083873525,9.692320148087445,0.06879248300570229,2025-01-01T00:00:00
180,2025-05-28 07:00:00,7.5,ok,,2.1256823163902925,8.378612402785905,2025-01-01T00:00:00,300.0,5.917310948276775,9.827701563676296,0.08190672778456976,2025-01-01T00:00:00
180,2025-05-29 07:00:00,8.699999809265137,ok,,2.129344775855709,8.409354993469583,2025-01-01T00:00:00,300.0,5.939022594511947,9.863761115307181,0.08667848503176245,2025-01-01T00:00:00
180,2025-05-30 07:00:00,10.0,ok,,2.1182105837816576,8.31624294539213,2025-01-01T00:00:00,300.0,5.873263144734562,9.754545247989627,0.07377473975746751,2025-01-01T00:00:00
180,2025-05-31 07:00:00,6.800000190734863,ok,,2.1248642271371243,8.371760753035373,2025-01-01T00:00:00,300.0,5.912472039381895,9.819664914440118,0.08084085296478882,2025-01-01T00:00:00
180,2025-06-01 07:00:00,8.699999809265137,ok,,2.029099605231192,7.607233760737946,2025-01-01T00:00:00,300.0,5.3725325214409,8.92291223553879,0.04510488894961029,2025-01-01T00:00:00
180,2025-06-02 07:00:00,8.399999618530273,ok,,2.021187517391593,7.547282142992435,2025-01-01T00:00:00,300.0,5.330192292892499,8.852591927218217,0.04400873779510428,2025-01-01T00:00:00
180,2025-06-03 07:00:00,23.299999237060547,ok,,2.079564287938845,8.000982030341117,2025-01-01T00:00:00,300.0,5.6506132864388325,9.38475965117855,0.05554105040343105,2025-01-01T00:00:00
180,2025-06-03 14:30:00,8.5,ok,,2.190782581619942,8.942208385080578,2025-01-01T00:00:00,300.0,6.315344956309918,10.48877201904637,0.16929571875977034,2025-01-01T00:00:00
180,2025-06-04 07:00:00,6.900000095367432,ok,,2.13062225774367,8.420104656951457,2025-01-01T00:00:00,300.0,5.946614436496478,9.876369943539249,0.08834289484014302,2025-01-01T00:00:00
180,2025-06-05 07:00:00,9.199999809265137,ok,,2.111503274439918,8.260649979424176,2025-01-01T00:00:00,300.0,5.83400117027445,9.689337424509095,0.06865764582518163,2025-01-01T00:00:00
180,2025-06-06 07:00:00,8.800000190734863,ok,,2.1490609067920294,8.576800199257391,2025-01-01T00:00:00,300.0,6.057279091150365,10.06016613222905,0.10529883658862227,2025-01-01T00:00:00
180,2025-06-07 07:00:00,9.100000381469727,ok,,2.1741937768312463,8.79509145652948,2025-01-01T00:00:00,300.0,6.211445101519784,10.316211074672795,0.13863120342308644,2025-01-01T00:00:00
180,2025-06-08 07:00:00,9.100000381469727,ok,,2.173939132200866,8.792852118846131,2025-01-01T00:00:00,300.0,6.209863591747813,10.31358444135999,0.13820493428856873,2025-01-01T00:00:00
180,2025-06-09 07:00:00,9.300000190734863,ok,,2.175655334159584,8.80795538529591,2025-01-01T00:00:00,300.0,6.22053012214947,10.331299832425909,0.14179347205146708,2025-01-01T00:00:00
180,2025-06-10 07:00:00,8.800000190734863,ok,,2.161351886821572,8.68286798244064,2025-01-01T00:00:00,300.0,6.132188398863537,10.184578441634732,0.11906393577519858,2025-01-01T00:00:00
180,2025-06-11 07:00:00,7.800000190734863,ok,,2.1728971609952685,8.783694991683126,2025-01-01T00:00:00,300.0,6.203396462560836,10.302843580151428,0.13646069894640056,2025-01-01T00:00:00
180,2025-06-12 07:00:00,9.899999618530273,ok,,2.133086158835033,8.440876541431019,2025-01-01T00:00:00,300.0,5.961284371509391,9.900734345634328,0.09106734031364494,2025-01-01T00:00:00
180,2025-06-13 07:00:00,9.199999809265137,ok,,2.109771565019858,8.246357312983305,2025-01-01T00:00:00,300.0,5.823907117996472,9.672572827511702,0.06789901131974585,2025-01-01T00:00:00
180,2025-06-14 07:00:00,8.300000190734863,ok,,2.1567102795707425,8.642658909009143,2025-01-01T00:00:00,300.0,6.103791144163325,10.137415169861317,0.11302702042621104,2025-01-01T00:00:00
180,2025-06-15 07:00:00,8.0,ok,,2.087032899726196,8.060961963654504,2025-01-01T00:00:00,300.0,5.69297351257296,9.455113172271993,0.05827601079443179,2025-01-01T00:00:00
180,2025-06-16 07:00:00,9.600000381469727,ok,,2.127471972892351,8.393620666763592,2025-01-01T00:00:00,300.0,5.927910384135661,9.845305521500212,0.08423844134053449,2025-01-01T00:00:00
180,2025-06-17 07:00:00,9.300000190734863,ok,,2.091845490594946,8.099849575620857,2025-01-01T00:00:00,300.0,5.720437498371411,9.50072643453512,0.06004588166172431,2025-01-01T00:00:00
180,2025-06-18 07:00:00,8.5,ok,,2.1632719807639016,8.69955592073335,2025-01-01T00:00:00,300.0,6.143974087855521,10.204152575079462,0.12172318340228627,2025-01-01T00:00:00
180,2025-06-19 07:00:00,10.600000381469727,ok,,2.1607645406953266,8.677769630961517,2025-01-01T00:00:00,300.0,6.128587739282298,10.178598325310592,0.1183000282205331,2025-01-01T00:00:00
180,2025-06-20 07:00:00,8.300000190734863,ok,,2.1549942402183717,8.627840484348525,2025-01-01T00:00:00,300.0,6.093325780417493,10.120033884248922,0.11079512450181073,2025-01-01T00:00:00
180,2025-06-21 07:00:00,3.200000047683716,ok,,2.1291762280539985,8.407937734612917,2025-01-01T00:00:00,300.0,5.938021669663543,9.862098740153371,0.08645888691691495,2025-01-01T00:00:00
180,2025-06-21 12:57:36,8.399999618530273,ok,,2.01884759567029,7.529642739029808,2025-01-01T00:00:00,300.0,5.3177346408170285,8.831901771190926,0.0436845619330235,2025-01-01T00:00:00
180,2025-06-22 07:00:00,7.699999809265137,ok,,2.0521703883776388,7.784778777511951,2025-01-01T00:00:00,300.0,5.497921908258635,9.131163835576125,0.048301145878757334,2025-01-01T00:00:00
180,2025-06-23 07:00:00,7.599999904632568,ok,,2.077308637077283,7.982954947377066,2025-01-01T00:00:00,300.0,5.637881839958124,9.363614766689633,0.05471504472286437,2025-01-01T00:00:00
180,2025-06-24 07:00:00,9.199999809265137,ok,,2.105403995039677,8.210419308340818,2025-01-01T00:00:00,300.0,5.798526262777594,9.630419310026761,0.06598564799591744,2025-01-01T00:00:00
180,2025-06-25 07:00:00,8.5,ok,,2.1212428263116325,8.341498081438882,2025-01-01T00:00:00,300.0,5.891099331187102,9.784168284369134,0.0769164952496455,2025-01-01T00:00:00
180,2025-06-26 07:00:00,7.199999809265137,ok,,2.0928412953098783,8.107919461366778,2025-01-01T00:00:00,300.0,5.7261367742156795,9.510192014866478,0.0604821279560922,2025-01-01T00:00:00
180,2025-06-27 07:00:00,8.899999618530273,ok,,2.0610478689584215,7.854195667588953,2025-01-01T00:00:00,300.0,5.546946890427686,9.212586444280218,0.049531043825419174,2025-01-01T00:00:00
180,2025-06-28 07:00:00,9.800000190734863,ok,,2.080408791594122,8.007741742810744,2025-01-01T00:00:00,300.0,5.655387265551464,9.392688462491707,0.05585030252591383,2025-01-01T00:00:00
180,2025-06-29 07:00:00,8.5,ok,,2.113442586919635,8.276685504941517,2025-01-01T00:00:00,300.0,5.845326099289377,9.708146309754667,0.06950722794727049,2025-01-01T00:00:00
180,2025-06-30 07:00:00,8.0,ok,,2.1097052402505714,8.245810393374427,2025-01-01T00:00:00,300.0,5.823520861509853,9.671931317624743,0.06786995548742025,2025-01-01T00:00:00
180,2025-07-01 07:00:00,8.199999809265137,ok,,2.111230839709588,8.258399798002385,2025-01-01T00:00:00,300.0,5.832412002220997,9.68669807202274,0.0685382964790886,2025-01-01T00:00:00
180,2025-07-02 07:00:00,8.800000190734863,ok,,2.1212440416255474,8.34150821898373,2025-01-01T00:00:00,300.0,5.891106490726443,9.78418017521222,0.07691775445603444,2025-01-01T00:00:00
180,2025-07-03 07:00:00,9.300000190734863,ok,,2.1051937991815453,8.208693693573574,2025-01-01T00:00:00,300.0,5.797307564661026,9.62839524850785,0.06589356451526462,2025-01-01T00:00:00
180,2025-07-04 07:00:00,9.399999618530273,ok,,2.1061342284810336,8.216417020685874,2025-01-01T00:00:00,300.0,5.802762086947264,9.637454332552974,0.06630555171603303,2025-01-01T00:00:00
180,2025-07-05 07:00:00,8.600000381469727,ok,,2.1905954843734654,8.94053547901725,2025-01-01T00:00:00,300.0,6.314163483186673,10.48680978225296,0.1690190144367113,2025-01-01T00:00:00
180,2025-07-06 07:00:00,9.300000190734863,ok,,2.119837668002634,8.32978518726277,2025-01-01T00:00:00,300.0,5.882827217188695,9.77042963375779,0.07546058801563149,2025-01-01T00:00:00
180,2025-07-07 07:00:00,8.5,ok,,2.1511235183389883,8.594509063359796,2025-01-01T00:00:00,300.0,6.0697857987526715,10.080937761594821,0.10712083966026575,2025-01-01T00:00:00
180,2025-07-08 07:00:00,9.199999809265137,ok,,2.1295779717580547,8.41131624926495,2025-01-01T00:00:00,300.0,5.940407711740479,9.866061572199122,0.08698231207682339,2025-01-01T00:00:00
180,2025-07-09 07:00:00,8.199999809265137,ok,,2.133128666690308,8.441235352615527,2025-01-01T00:00:00,300.0,5.961537778308559,9.90115521356204,0.09110540186422877,2025-01-01T00:00:00
180,2025-07-10 07:00:00,7.599999904632568,ok,,2.13279104455999,8.438385885801857,2025-01-01T00:00:00,300.0,5.95952537095962,9.897812928692646,0.09080309487395011,2025-01-01T00:00:00
180,2025-07-11 07:00:00,9.100000381469727,ok,,2.1475239400844948,8.563628068050528,2025-01-01T00:00:00,300.0,6.047976405639266,10.044715868123792,0.10394116065285497,2025-01-01T00:00:00
180,2025-07-12 07:00:00,8.800000190734863,ok,,2.130580173917257,8.419750314184796,2025-01-01T00:00:00,300.0,5.946364185472585,9.875954316846597,0.08828806452582216,2025-01-01T00:00:00
180,2025-07-13 07:00:00,8.5,ok,,2.156028790273264,8.636771035950009,2025-01-01T00:00:00,300.0,6.099632892887339,10.130508983432316,0.11214066943230006,2025-01-01T00:00:00
180,2025-07-14 07:00:00,9.800000190734863,ok,,2.1789751977491343,8.83724518785102,2025-01-01T00:00:00,300.0,6.241215751344416,10.365655334808965,0.1506338205348594,2025-01-01T00:00:00
180,2025-07-15 07:00:00,9.399999618530273,ok,,2.2056616439509247,9.076254830731926,2025-01-01T00:00:00,300.0,6.41001391368603,10.64600192779534,0.20082539067662042,2025-01-01T00:00:00
180,2025-07-16 07:00:00,9.100000381469727,ok,,2.1540528460623616,8.619722107633326,2025-01-01T00:00:00,300.0,6.087592258312675,10.110511426388008,0.10970845443324884,2025-01-01T00:00:00
180,2025-07-17 07:00:00,8.100000381469727,ok,,2.1642447338837396,8.708022558202826,2025-01-01T00:00:00,300.0,6.149953565624007,10.214083525730693,0.12311959936884509,2025-01-01T00:00:00
180,2025-07-18 07:00:00,9.399999618530273,ok,,2.1539587906421556,8.618911414174088,2025-01-01T00:00:00,300.0,6.087019714190638,10.109560522706824,0.10962537079843993,2025-01-01T00:00:00
180,2025-07-19 07:00:00,7.900000095367432,ok,,2.177652038577606,8.825559838323215,2025-01-01T00:00:00,300.0,6.232963090477526,10.351948992719633,0.14735524294933788,2025-01-01T00:00:00
180,2025-07-20 07:00:00,9.5,ok,,2.1292394810134656,8.408469578377815,2025-01-01T00:00:00,300.0,5.938397278986605,9.862722566814476,0.08654129814100997,2025-01-01T00:00:00
180,2025-07-21 07:00:00,9.300000190734863,ok,,2.15935960189344,8.66558645600474,2025-01-01T00:00:00,300.0,6.119983494200794,10.164308058400353,0.11647275241731148,2025-01-01T00:00:00
180,2025-07-22 07:00:00,9.899999618530273,ok,,2.1374268513108325,8.477595425762468,2025-01-01T00:00:00,300.0,5.987216715174166,9.943803796709622,0.09495399808945082,2025-01-01T00:00:00
180,2025-07-23 07:00:00,8.5,ok,,2.1352098236970116,8.45882118180334,2025-01-01T00:00:00,300.0,5.973957593736825,9.921782529005128,0.09296887067891091,2025-01-01T00:00:00
180,2025-07-24 07:00:00,8.199999809265137,ok,,2.134586799621856,8.453552773902535,2025-01-01T00:00:00,300.0,5.970236833513919,9.915602944835843,0.09241101467328083,2025-01-01T00:00:00
180,2025-07-24 10:00:00,120.0,ok,,2.152918285584943,8.609948057277744,2025-01-01T00:00:00,300.0,6.080689433310428,10.09904694452093,0.10870624309691168,2025-01-01T00:00:00
180,2025-07-24 10:15:00,45.900001525878906,abstain,outside_training_support,2.1495959618666314,8.581390487646889,2025-01-01T00:00:00,300.0,6.060520936271866,10.065550315458266,0.10577147623366867,2025-01-01T00:00:00
180,2025-07-24 12:20:00,2.0999999046325684,ok,,2.1746039859834743,8.798700023622654,2025-01-01T00:00:00,300.0,6.213993615825199,10.320443746953043,0.13931788391593813,2025-01-01T00:00:00
180,2025-07-25 07:00:00,9.600000381469727,ok,,1.9768587103222213,7.220027128605219,2025-01-01T00:00:00,300.0,5.099071722275332,8.468737839929878,0.03693430576362611,2025-01-01T00:00:00
180,2025-07-26 07:00:00,7.300000190734863,ok,,2.0778346987747858,7.987155579006601,2025-01-01T00:00:00,300.0,5.640848493902262,9.368541901643422,0.054907685329560474,2025-01-01T00:00:00
180,2025-07-27 07:00:00,8.899999618530273,ok,,2.108847924187617,8.238744157103842,2025-01-01T00:00:00,300.0,5.818530403038097,9.663642968921247,0.06749437888092535,2025-01-01T00:00:00
180,2025-07-28 07:00:00,10.199999809265137,ok,,2.1504224685028004,8.588485995670801,2025-01-01T00:00:00,300.0,6.065532067625731,10.073872998493288,0.10650156893195395,2025-01-01T00:00:00
180,2025-07-28 13:00:00,35.099998474121094,abstain,outside_training_support,2.4394053332607117,11.466220135261812,2025-01-01T00:00:00,300.0,8.09790293189554,13.449314055308324,0.6866361051382937,2025-01-01T00:00:00
180,2025-07-28 18:26:26,3.5,ok,,2.2630018596700707,9.611899476267343,2025-01-01T00:00:00,300.0,6.788307570563948,11.274286835538883,0.3186800077445532,2025-01-01T00:00:00
180,2025-07-29 07:00:00,8.300000190734863,ok,,2.0533966932204146,7.794331145287094,2025-01-01T00:00:00,300.0,5.504668172162551,9.142368294644953,0.04847103977989142,2025-01-01T00:00:00
180,2025-07-30 07:00:00,10.0,ok,,2.1289146965728047,8.405739081724404,2025-01-01T00:00:00,300.0,5.936468893119741,9.859519828110223,0.08611814191958744,2025-01-01T00:00:00
180,2025-07-31 07:00:00,6.599999904632568,ok,,2.2395246003928846,9.388866762739955,2025-01-01T00:00:00,300.0,6.630792954284447,11.01268039737076,0.269700036547486,2025-01-01T00:00:00
180,2025-08-01 07:00:00,5.300000190734863,ok,,2.125992012612471,8.38120762923932,2025-01-01T00:00:00,300.0,5.919143800922034,9.83074563706795,0.08231022581821723,2025-01-01T00:00:00
180,2025-08-03 07:00:00,10.199999809265137,ok,,2.0762544263733003,7.974543665232963,2025-01-01T00:00:00,300.0,5.631941456332812,9.353748745121116,0.0543289991495699,2025-01-01T00:00:00
180,2025-08-04 07:00:00,7.5,ok,,2.196455876868325,8.993084354159585,2025-01-01T00:00:00,300.0,6.351275599042036,10.548447036440068,0.18552065482689717,2025-01-01T00:00:00
180,2025-08-05 07:00:00,6.599999904632568,ok,,2.177480122209201,8.824042710539954,2025-01-01T00:00:00,300.0,6.231891634201682,10.35016947621128,0.14687637414630794,2025-01-01T00:00:00
180,2025-08-05 11:05:08,3.5999999046325684,abstain,outside_training_support,2.2048013568974825,9.06845000388441,2025-01-01T00:00:00,300.0,6.404501833029469,10.63684724855656,0.19997022013511723,2025-01-01T00:00:00
180,2025-08-06 07:00:00,7.900000095367432,ok,,2.0549597590455226,7.80652372434931,2025-01-01T00:00:00,300.0,5.513279058799173,9.156669592109811,0.04868758899464942,2025-01-01T00:00:00
180,2025-08-07 07:00:00,6.300000190734863,ok,,1.8451735087754033,6.3291978665074975,2025-01-01T00:00:00,300.0,4.469932493457033,7.423838790873094,0.01400324864519642,2025-01-01T00:00:00
180,2025-08-08 07:00:00,7.400000095367432,ok,,2.033305261866992,7.639294544952444,2025-01-01T00:00:00,300.0,5.395175128632003,8.960517963553222,0.04568754620395932,2025-01-01T00:00:00
180,2025-08-09 07:00:00,7.599999904632568,ok,,2.084442738686837,8.040109790937159,2025-01-01T00:00:00,300.0,5.678246874797631,9.43065459601035,0.05732750951324894,2025-01-01T00:00:00
180,2025-08-10 07:00:00,9.300000190734863,ok,,2.090212819542101,8.086635975352868,2025-01-01T00:00:00,300.0,5.711105525751945,9.485227529254297,0.05944047816677378,2025-01-01T00:00:00
180,2025-08-12 07:00:00,8.0,ok,,2.10322978140237,8.192587494823234,2025-01-01T00:00:00,300.0,5.785932723384347,9.609503467024922,0.06503315939226195,2025-01-01T00:00:00
180,2025-08-13 07:00:00,9.199999809265137,ok,,2.1280434485268116,8.398418787333469,2025-01-01T00:00:00,300.0,5.931299008649409,9.850933481687461,0.08498300739678188,2025-01-01T00:00:00
180,2025-08-14 07:00:00,10.5,ok,,2.19169323113569,8.950355311750576,2025-01-01T00:00:00,300.0,6.321098641533875,10.498327964604522,0.17113838803639414,2025-01-01T00:00:00
180,2025-08-14 11:00:00,11.800000190734863,abstain,outside_training_support,1.0327850049962974,2.8088776900225008,2025-01-01T00:00:00,300.0,1.9837416875870764,3.2946758173502504,0.010000000000000009,2025-01-01T00:00:00
180,2025-08-14 17:00:00,4.699999809265137,ok,,2.1627392072629865,8.694922262323864,2025-01-01T00:00:00,300.0,6.140701613092528,10.198717520943136,0.1209583712335408,2025-01-01T00:00:00
180,2025-08-15 07:00:00,8.100000381469727,ok,,2.017488773493663,7.519418241703999,2025-01-01T00:00:00,300.0,5.310513692161315,8.81990893711219,0.04349630890450895,2025-01-01T00:00:00
180,2025-08-16 07:00:00,8.300000190734863,ok,,1.9572339968992243,7.079717437129353,2025-01-01T00:00:00,300.0,4.999979410373732,8.304161450901807,0.033025940192298875,2025-01-01T00:00:00
180,2025-08-16 17:00:00,5.199999809265137,ok,,2.161442690082515,8.683656450965001,2025-01-01T00:00:00,300.0,6.132745246848296,10.185503276556943,0.11918203529764926,2025-01-01T00:00:00
180,2025-08-17 07:00:00,7.900000095367432,ok,,2.0402626085064166,7.692629083481981,2025-01-01T00:00:00,300.0,5.43284211137215,9.023076762374181,0.04665142624494367,2025-01-01T00:00:00
180,2025-08-18 07:00:00,9.199999809265137,ok,,2.132323239916948,8.434439292893915,2025-01-01T00:00:00,300.0,5.95673812931388,9.893183768704333,0.09038422240980426,2025-01-01T00:00:00
180,2025-08-19 07:00:00,6.699999809265137,ok,,2.1851041014285593,8.891574130762724,2025-01-01T00:00:00,300.0,6.279585022202779,10.429380521216766,0.16089762607294067,2025-01-01T00:00:00
180,2025-08-20 07:00:00,7.099999904632568,ok,,2.200029284765834,9.025277798711052,2025-01-01T00:00:00,300.0,6.374011896265165,10.586208368525721,0.193385055646227,2025-01-01T00:00:00
180,2025-08-21 07:00:00,6.599999904632568,ok,,2.164286756574994,8.70838850043511,2025-01-01T00:00:00,300.0,6.150212008654122,10.214512758027825,0.12317992418901647,2025-01-01T00:00:00
180,2025-08-22 07:00:00,8.5,ok,,2.010707012606111,7.468595872539211,2025-01-01T00:00:00,300.0,5.274620903830855,8.760296789789987,0.04255675474672149,2025-01-01T00:00:00
180,2025-08-23 07:00:00,11.399999618530273,ok,,2.073157640266152,7.94988640803082,2025-01-01T00:00:00,300.0,5.614527515815859,9.324826991313662,0.05319497483774305,2025-01-01T00:00:00
180,2025-08-23 19:00:00,8.899999618530273,ok,,2.061179049062329,7.855226049374054,2025-01-01T00:00:00,300.0,5.547674587225769,9.213795031596806,0.04954921769118781,2025-01-01T00:00:00
180,2025-08-24 07:00:00,9.399999618530273,ok,,2.11711373739508,8.307126305058576,2025-01-01T00:00:00,300.0,5.866824608964689,9.743851875847033,0.07263827948918733,2025-01-01T00:00:00
180,2025-08-25 07:00:00,10.899999618530273,ok,,2.196989774721616,8.997887024544358,2025-01-01T00:00:00,300.0,6.354667436816908,10.554080333337126,0.18765524964922176,2025-01-01T00:00:00
180,2025-08-27 07:00:00,8.699999809265137,ok,,2.2107684748614025,9.12272428428128,2025-01-01T00:00:00,300.0,6.44283249903515,10.70050831851444,0.20585114253337966,2025-01-01T00:00:00
180,2025-08-27 19:00:00,9.300000190734863,ok,,2.050925844161251,7.77509630249244,2025-01-01T00:00:00,300.0,5.491083757418728,9.119806767088525,0.048128725070585854,2025-01-01T00:00:00
180,2025-08-28 07:00:00,7.800000190734863,ok,,2.115698563563064,8.295378591781226,2025-01-01T00:00:00,300.0,5.858527904325365,9.730072384137038,0.07117199500990468,2025-01-01T00:00:00
180,2025-08-29 07:00:00,8.0,ok,,2.1596490539322257,8.668095090718909,2025-01-01T00:00:00,300.0,6.12175519229897,10.167250563927272,0.1168492162931446,2025-01-01T00:00:00
180,2025-08-30 07:00:00,11.100000381469727,ok,,2.1461362106550697,8.551752311432177,2025-01-01T00:00:00,300.0,6.0395892716749975,10.030786187852483,0.10271531311663307,2025-01-01T00:00:00
180,2025-08-31 07:00:00,8.600000381469727,ok,,2.2035090234453856,9.056738112050551,2025-01-01T00:00:00,300.0,6.396230426925222,10.623109773643536,0.19818687987499983,2025-01-01T00:00:00
180,2025-09-01 07:00:00,7.599999904632568,ok,,2.2134102398757305,9.146856239573879,2025-01-01T00:00:00,300.0,6.459875450348752,10.728813918936389,0.2084509653312404,2025-01-01T00:00:00
180,2025-09-02 07:00:00,7.199999809265137,ok,,2.1656246648640045,8.720047323072384,2025-01-01T00:00:00,300.0,6.1584459351707155,10.228187985375119,0.12510053123561926,2025-01-01T00:00:00
180,2025-09-03 07:00:00,10.699999809265137,ok,,2.094077789734678,8.117951059306822,2025-01-01T00:00:00,300.0,5.733221489615522,9.521958587423141,0.06102381660521883,2025-01-01T00:00:00
180,2025-09-04 07:00:00,7.300000190734863,ok,,1.894563095807491,6.649642513188321,2025-01-01T00:00:00,300.0,4.696243310208819,7.799704650739065,0.019593682590218542,2025-01-01T00:00:00
180,2025-09-05 07:00:00,9.699999809265137,ok,,2.070612730187236,7.9296803841471775,2025-01-01T00:00:00,300.0,5.600257214171632,9.301126315954704,0.05226304418414007,2025-01-01T00:00:00
180,2025-09-06 07:00:00,11.699999809265137,ok,,2.0422008235555666,7.707553511642557,2025-01-01T00:00:00,300.0,5.443382339026312,9.040582384894911,0.0469199491313016,2025-01-01T00:00:00
180,2025-09-07 07:00:00,10.699999809265137,ok,,2.2050236618282666,9.0704661891305,2025-01-01T00:00:00,300.0,6.405925743631478,10.63921213500113,0.20019753753369574,2025-01-01T00:00:00
180,2025-09-08 07:00:00,9.800000190734863,ok,,2.150613015348412,8.590122660511566,2025-01-01T00:00:00,300.0,6.066687945749142,10.075792726109457,0.10666988804105071,2025-01-01T00:00:00
180,2025-09-09 07:00:00,8.399999618530273,ok,,2.1526427649128657,8.607576165370084,2025-01-01T00:00:00,300.0,6.079014308447429,10.096264831601847,0.10846286255753379,2025-01-01T00:00:00
180,2025-09-10 07:00:00,10.100000381469727,ok,,2.1836301947857497,8.878478433874434,2025-01-01T00:00:00,300.0,6.270336317662322,10.414019910819789,0.1585294810058976,2025-01-01T00:00:00
180,2025-09-11 07:00:00,8.699999809265137,ok,,2.162651711165913,8.694161523842864,2025-01-01T00:00:00,300.0,6.1401643491726805,10.197825212002243,0.12083276799005271,2025-01-01T00:00:00
180,2025-09-12 07:00:00,9.899999618530273,ok,,2.169692032557381,8.755587189695554,2025-01-01T00:00:00,300.0,6.1835456094079015,10.269874506483225,0.1310953891686265,2025-01-01T00:00:00
180,2025-09-13 07:00:00,9.800000190734863,ok,,2.1879091698789566,8.91655061883354,2025-01-01T00:00:00,300.0,6.297224416317944,10.458676717181993,0.16504613483679742,2025-01-01T00:00:00
180,2025-09-14 07:00:00,9.899999618530273,ok,,2.168085529206882,8.741532601933619,2025-01-01T00:00:00,300.0,6.17361969780832,10.253389164103757,0.12863317501732363,2025-01-01T00:00:00
180,2025-09-15 07:00:00,8.300000190734863,ok,,2.1876875365983737,8.914574633448554,2025-01-01T00:00:00,300.0,6.295828896464522,10.456358983203588,0.16471835402748058,2025-01-01T00:00:00
180,2025-09-16 07:00:00,9.199999809265137,ok,,2.1534865409901824,8.614842097200748,2025-01-01T00:00:00,300.0,6.08414579990498,10.104787413406687,0.10920821017614724,2025-01-01T00:00:00
180,2025-09-17 07:00:00,9.300000190734863,ok,,2.168980544324869,8.749359908022862,2025-01-01T00:00:00,300.0,6.1791476542038195,10.262570210390974,0.12991799577562346,2025-01-01T00:00:00
180,2025-09-18 07:00:00,9.600000381469727,ok,,2.133549523637263,8.444788652817646,2025-01-01T00:00:00,300.0,5.96404726092665,9.905323060488694,0.09148223734255478,2025-01-01T00:00:00
180,2025-09-19 07:00:00,9.600000381469727,ok,,2.1675174405969786,8.7365680471164,2025-01-01T00:00:00,300.0,6.170113530777192,10.247565984704275,0.12781766696177377,2025-01-01T00:00:00
180,2025-09-20 07:00:00,8.5,ok,,2.1580467688547182,8.654217452240182,2025-01-01T00:00:00,300.0,6.111954249355351,10.150972774381575,0.114765270182424,2025-01-01T00:00:00
180,2025-09-21 07:00:00,7.599999904632568,ok,,2.1677125651790163,8.738272932632166,2025-01-01T00:00:00,300.0,6.1713175890678755,10.249565731827511,0.12809777408892542,2025-01-01T00:00:00
180,2025-09-22 07:00:00,8.899999618530273,ok,,2.1441046627121283,8.53439665201161,2025-01-01T00:00:00,300.0,6.027332011335597,10.010428850261665,0.10092075000673117,2025-01-01T00:00:00
180,2025-09-23 07:00:00,10.199999809265137,ok,,2.156579857389219,8.641531788082448,2025-01-01T00:00:00,300.0,6.10299512631706,10.136093112274546,0.11285739218604773,2025-01-01T00:00:00
180,2025-09-24 07:00:00,10.5,ok,,2.101035782841298,8.174632673276774,2025-01-01T00:00:00,300.0,5.773252310804826,9.58844334163602,0.06407200332645491,2025-01-01T00:00:00
180,2025-09-25 07:00:00,9.800000190734863,ok,,2.153224745072467,8.612587061900335,2025-01-01T00:00:00,300.0,6.082553203848449,10.102142367558685,0.10897695336634006,2025-01-01T00:00:00
180,2025-09-26 07:00:00,7.599999904632568,ok,,2.191663064923473,8.950085317505195,2025-01-01T00:00:00,300.0,6.320907960806882,10.498011274591912,0.17105934188045913,2025-01-01T00:00:00
180,2025-09-27 07:00:00,8.399999618530273,ok,,2.133340986591631,8.443027785150456,2025-01-01T00:00:00,300.0,5.9628036658031816,9.903257649046518,0.09129551318863993,2025-01-01T00:00:00
180,2025-09-28 07:00:00,9.399999618530273,ok,,2.1596584580094405,8.668176606537736,2025-01-01T00:00:00,300.0,6.121812762028182,10.167346177986218,0.11686144731895376,2025-01-01T00:00:00
180,2025-09-28 14:00:00,15.300000190734863,ok,,2.2703826880135622,9.683105713607958,2025-01-01T00:00:00,300.0,6.8385962612857085,11.357808260855464,0.33778482196852444,2025-01-01T00:00:00
180,2025-09-28 17:00:00,8.300000190734863,ok,,2.0436192174784624,7.718493615558173,2025-01-01T00:00:00,300.0,5.451108677656517,9.053414590418887,0.04711645530864028,2025-01-01T00:00:00
180,2025-09-29 07:00:00,9.199999809265137,ok,,2.1448449788319692,8.540717142718117,2025-01-01T00:00:00,300.0,6.031795794484661,10.01784247598075,0.1015747065145991,2025-01-01T00:00:00
180,2025-09-30 07:00:00,8.300000190734863,ok,,2.137516393378705,8.478354561174246,2025-01-01T00:00:00,300.0,5.987752846942459,9.944694225328911,0.09503417409277237,2025-01-01T00:00:00
180,2025-10-01 07:00:00,9.800000190734863,ok,,2.1593526119806556,8.665525884522884,2025-01-01T00:00:00,300.0,6.1199407161994355,10.164237011021822,0.11646366127506391,2025-01-01T00:00:00
180,2025-10-02 07:00:00,9.699999809265137,ok,,2.1687828825167603,8.747630664631966,2025-01-01T00:00:00,300.0,6.177926393408203,10.260541892674421,0.12963424638516363,2025-01-01T00:00:00
180,2025-10-03 07:00:00,10.399999618530273,ok,,2.1800524568401958,8.846770320166112,2025-01-01T00:00:00,300.0,6.247942780477921,10.376827848018447,0.15246103373294673,2025-01-01T00:00:00
180,2025-10-05 07:00:00,9.699999809265137,ok,,2.113558589619693,8.277645678497905,2025-01-01T00:00:00,300.0,5.8460042122303175,9.709272546261131,0.06955804689528111,2025-01-01T00:00:00
180,2025-10-06 07:00:00,9.800000190734863,ok,,2.1665560362278713,8.728172708729051,2025-01-01T00:00:00,300.0,6.164184407270127,10.237718664380745,0.12643754246362315,2025-01-01T00:00:00
180,2025-10-06 11:00:00,5.199999809265137,ok,,2.175854064656785,8.809705968590338,2025-01-01T00:00:00,300.0,6.221766454037856,10.333353180803055,0.14234703094875611,2025-01-01T00:00:00
180,2025-10-07 07:00:00,9.300000190734863,ok,,2.079229130470895,7.998300890789784,2025-01-01T00:00:00,300.0,5.648719758530119,9.381614805935165,0.055418317769082126,2025-01-01T00:00:00
180,2025-10-08 07:00:00,9.800000190734863,ok,,2.1744895753985287,8.797693416790526,2025-01-01T00:00:00,300.0,6.213282709849124,10.31926304649066,0.13912636328205874,2025-01-01T00:00:00
180,2025-10-09 07:00:00,12.699999809265137,ok,,2.164937096525322,8.714053755351049,2025-01-01T00:00:00,300.0,6.154213038099966,10.221157824289332,0.12411350648426567,2025-01-01T00:00:00
180,2025-10-09 13:00:00,8.699999809265137,ok,,2.1834257590981903,8.876663541552025,2025-01-01T00:00:00,300.0,6.269054568168125,10.41189113110575,0.15818272358275942,2025-01-01T00:00:00
180,2025-10-09 19:00:00,9.0,ok,,2.2576096359241933,9.560209451004454,2025-01-01T00:00:00,300.0,6.751802008819248,11.21365697015286,0.30361768336767925,2025-01-01T00:00:00
180,2025-10-10 07:00:00,10.199999809265137,ok,,2.216607695038383,9.176149709600281,2025-01-01T00:00:00,300.0,6.480563669658506,10.763173723083465,0.2137417001117341,2025-01-01T00:00:00
180,2025-10-10 17:00:00,9.600000381469727,ok,,2.1829319619282197,8.872281352261805,2025-01-01T00:00:00,300.0,6.265959690947666,10.406751037917347,0.15734516025780365,2025-01-01T00:00:00
180,2025-10-11 07:00:00,9.0,ok,,2.2739915398804094,9.718113739133706,2025-01-01T00:00:00,300.0,6.863320328083713,11.398870958431285,0.3438240962057528,2025-01-01T00:00:00
180,2025-10-12 07:00:00,10.5,ok,,2.1685728503300554,8.745793573565866,2025-01-01T00:00:00,300.0,6.176628966273992,10.258387074922389,0.1293327389491815,2025-01-01T00:00:00
180,2025-10-14 07:00:00,9.199999809265137,ok,,2.2043798829507164,9.064628693818108,2025-01-01T00:00:00,300.0,6.401803071133696,10.632365039199149,0.19938861214792258,2025-01-01T00:00:00
180,2025-10-15 07:00:00,9.100000381469727,ok,,2.210636201582681,9.121517671432402,2025-01-01T00:00:00,300.0,6.441980340816372,10.69909302080026,0.2057209693030948,2025-01-01T00:00:00
180,2025-10-16 07:00:00,12.199999809265137,ok,,2.132245758472797,8.433785805673793,2025-01-01T00:00:00,300.0,5.9562766105209946,9.892417260234158,0.09031484549377788,2025-01-01T00:00:00
180,2025-10-16 12:00:00,9.699999809265137,ok,,2.1450029742503944,8.542066643501395,2025-01-01T00:00:00,300.0,6.03274886587354,10.019425374236503,0.10171427139684797,2025-01-01T00:00:00
180,2025-10-17 07:00:00,10.399999618530273,ok,,2.1899741588453976,8.934982221458533,2025-01-01T00:00:00,300.0,6.310241550750717,10.480296083400495,0.16810011550644377,2025-01-01T00:00:00
180,2025-10-18 07:00:00,10.800000190734863,ok,,2.19067663226232,8.941261014034021,2025-01-01T00:00:00,300.0,6.314675885013099,10.487660799256261,0.16913902674087966,2025-01-01T00:00:00
180,2025-10-18 13:00:00,8.0,ok,,2.225899471980977,9.261809796802446,2025-01-01T00:00:00,300.0,6.5410602468319725,10.863648805647427,0.23135120929434583,2025-01-01T00:00:00
180,2025-10-19 07:00:00,6.5,ok,,2.1213033275664044,8.342002767806411,2025-01-01T00:00:00,300.0,5.891455760870738,9.784760256734591,0.07697918157753125,2025-01-01T00:00:00
180,2025-10-20 07:00:00,10.5,ok,,2.1133618193495,8.27601704415985,2025-01-01T00:00:00,300.0,5.844854005568878,9.707362238030923,0.06947184495234371,2025-01-01T00:00:00
180,2025-10-21 07:00:00,10.100000381469727,ok,,2.230328072358721,9.302917609017946,2025-01-01T00:00:00,300.0,6.570092226781494,10.911866253951308,0.24592896593546676,2025-01-01T00:00:00
180,2025-10-21 13:00:00,11.0,ok,,2.207632331247722,9.094158926722235,2025-01-01T00:00:00,300.0,6.4226585018504405,10.667002554593836,0.20276479018183025,2025-01-01T00:00:00
180,2025-10-21 19:00:00,10.0,ok,,2.1790883101294094,8.838244846225095,2025-01-01T00:00:00,300.0,6.241921750041705,10.366827885070721,0.15082567821869863,2025-01-01T00:00:00
180,2025-10-22 07:00:00,9.300000190734863,ok,,2.184506101224588,8.886258557134365,2025-01-01T00:00:00,300.0,6.275830951657996,10.423145613961493,0.16001322373808458,2025-01-01T00:00:00
180,2025-10-22 17:00:00,11.0,ok,,2.1827152671100776,8.870358983158905,2025-01-01T00:00:00,300.0,6.264602037055544,10.404496193209141,0.15697760928055793,2025-01-01T00:00:00
180,2025-10-22 23:00:00,6.699999809265137,ok,,2.1994697949099944,9.020229659659519,2025-01-01T00:00:00,300.0,6.370446698707139,10.580287148917341,0.19261299423790634,2025-01-01T00:00:00
180,2025-10-23 07:00:00,9.100000381469727,ok,,2.127017527800674,8.389807093645608,2025-01-01T00:00:00,300.0,5.925217086382014,9.840832387203852,0.08364635242319995,2025-01-01T00:00:00
180,2025-10-23 18:00:00,6.5,ok,,2.2446179371908213,9.43680941370342,2025-01-01T00:00:00,300.0,6.664651970526944,11.068914776429011,0.2781246661342024,2025-01-01T00:00:00
180,2025-10-24 07:00:00,7.0,ok,,2.1929151435153895,8.961298546183942,2025-01-01T00:00:00,300.0,6.328827191060834,10.511163842072337,0.17434023107222463,2025-01-01T00:00:00
180,2025-10-25 07:00:00,7.199999809265137,ok,,2.13660797855438,8.470656195389195,2025-01-01T00:00:00,300.0,5.982315953343159,9.935664419696854,0.09422077909639692,2025-01-01T00:00:00
180,2025-10-26 07:00:00,7.199999809265137,ok,,2.153010102493943,8.610738632388543,2025-01-01T00:00:00,300.0,6.081247769050724,10.099974250365753,0.10878734934809797,2025-01-01T00:00:00
180,2025-10-27 07:00:00,10.399999618530273,ok,,2.1104998149814937,8.252364909630625,2025-01-01T00:00:00,300.0,5.828149922855448,9.679619443839863,0.06821804610876958,2025-01-01T00:00:00
180,2025-10-27 12:15:10,9.600000381469727,ok,,2.1568375570518743,8.643758994871956,2025-01-01T00:00:00,300.0,6.104568068766963,10.138705516643627,0.11319255864129552,2025-01-01T00:00:00
180,2025-10-27 15:46:34,5.599999904632568,ok,,2.166036782025953,8.7236417448378,2025-01-01T00:00:00,300.0,6.160984459480319,10.232404065879422,0.1256921376497252,2025-01-01T00:00:00
180,2025-10-27 19:00:00,7.699999809265137,ok,,2.1210608599730367,8.339980347667014,2025-01-01T00:00:00,300.0,5.890027446937886,9.782388057065855,0.07672795698530044,2025-01-01T00:00:00
180,2025-10-28 07:00:00,9.899999618530273,ok,,2.1160318243725285,8.298143577070565,2025-01-01T00:00:00,300.0,5.860480647445335,9.733315576320335,0.07151729192072653,2025-01-01T00:00:00
180,2025-10-28 11:00:00,7.800000190734863,ok,,2.018777298733882,7.529113446817036,2025-01-01T00:00:00,300.0,5.317360833502057,8.83128093737537,0.04367482290211744,2025-01-01T00:00:00
180,2025-10-29 07:00:00,9.199999809265137,ok,,2.0420683122864975,7.706532241611699,2025-01-01T00:00:00,300.0,5.442661077313247,9.03938448521932,0.046901590844144136,2025-01-01T00:00:00
180,2025-10-30 07:00:00,9.899999618530273,ok,,2.1037982445736323,8.197246003061117,2025-01-01T00:00:00,300.0,5.789222748089332,9.614967668791627,0.065282194115867,2025-01-01T00:00:00
180,2025-10-31 07:00:00,10.199999809265137,ok,,2.161196774471782,8.68152126683378,2025-01-01T00:00:00,300.0,6.13123729447756,10.182998810254368,0.11886219528431663,2025-01-01T00:00:00
180,2025-11-01 07:00:00,7.800000190734863,ok,,2.176368101388612,8.814235645165118,2025-01-01T00:00:00,300.0,6.22496549267332,10.338666269345271,0.1437788675840167,2025-01-01T00:00:00
180,2025-11-02 07:00:00,10.100000381469727,ok,,2.1402846228661794,8.501857107488103,2025-01-01T00:00:00,300.0,6.0043512844795774,9.972261559877323,0.09751284788104309,2025-01-01T00:00:00
180,2025-11-03 02:00:00,8.5,ok,,2.1551014675480635,8.628765674246603,2025-01-01T00:00:00,300.0,6.093979186500738,10.121119086639357,0.11093458531300526,2025-01-01T00:00:00
180,2025-11-03 07:00:00,9.5,ok,,2.163282294371073,8.699645644998371,2025-01-01T00:00:00,300.0,6.1440374547175045,10.20425781724335,0.12173798889140086,2025-01-01T00:00:00
180,2025-11-04 07:00:00,9.399999618530273,ok,,2.1710600122166492,8.76757285107736,2025-01-01T00:00:00,300.0,6.192010362508704,10.283933099653677,0.13338535501052728,2025-01-01T00:00:00
180,2025-11-05 07:00:00,8.899999618530273,ok,,2.164198759071072,8.707622217699868,2025-01-01T00:00:00,300.0,6.149670829160342,10.21361394594853,0.12305360116111985,2025-01-01T00:00:00
180,2025-11-06 07:00:00,9.600000381469727,ok,,2.1798419137407476,8.84490788979061,2025-01-01T00:00:00,300.0,6.246627457710669,10.374643308498815,0.1521039171086639,2025-01-01T00:00:00
180,2025-11-07 07:00:00,9.899999618530273,ok,,2.2039638967468904,9.060858717522102,2025-01-01T00:00:00,300.0,6.399140563198173,10.627943041837515,0.19881457690668303,2025-01-01T00:00:00
180,2025-11-08 07:00:00,8.800000190734863,ok,,2.2005284996003907,9.02978447608067,2025-01-01T00:00:00,300.0,6.37719469194273,10.591494480127881,0.19407394125192612,2025-01-01T00:00:00
180,2025-11-09 07:00:00,10.5,ok,,2.1378552082040985,8.481227640087896,2025-01-01T00:00:00,300.0,5.989781930100112,9.948064206033933,0.09533754902269798,2025-01-01T00:00:00
180,2025-11-09 10:00:00,11.199999809265137,ok,,2.148038785595409,8.568038148676195,2025-01-01T00:00:00,300.0,6.051090980835556,10.049888676481222,0.1043959482272242,2025-01-01T00:00:00
180,2025-11-09 14:00:09,8.100000381469727,ok,,2.230797165524959,9.307282567800538,2025-01-01T00:00:00,300.0,6.573174935128812,10.916986136599037,0.24791420775393935,2025-01-01T00:00:00
180,2025-11-09 21:00:00,7.300000190734863,ok,,2.1287314256429184,8.404198695264855,2025-01-01T00:00:00,300.0,5.93538101063712,9.857713030314905,0.08587936128702534,2025-01-01T00:00:00
180,2025-11-10 07:00:00,8.100000381469727,ok,,2.1357667395856357,8.463533345736208,2025-01-01T00:00:00,300.0,5.9772855122380735,9.927309666271428,0.09346753338792768,2025-01-01T00:00:00
180,2025-11-11 07:00:00,9.100000381469727,ok,,2.1604523369519724,8.675060821670968,2025-01-01T00:00:00,300.0,6.12667466989787,10.175421024819693,0.11789397327697237,2025-01-01T00:00:00
180,2025-11-12 07:00:00,11.5,ok,,2.180181170093612,8.847909090042059,2025-01-01T00:00:00,300.0,6.248747025277725,10.378163569251571,0.15267935313016678,2025-01-01T00:00:00
180,2025-11-12 14:06:58,8.100000381469727,ok,,2.1931904300932255,8.963765810980547,2025-01-01T00:00:00,300.0,6.330569672069789,10.514057822714232,0.1750615793675242,2025-01-01T00:00:00
180,2025-11-13 07:00:00,7.300000190734863,ok,,2.181742441356642,8.861733865546368,2025-01-01T00:00:00,300.0,6.258510634276026,10.394379353120032,0.15532753264545174,2025-01-01T00:00:00
180,2025-11-14 07:00:00,10.399999618530273,ok,,2.133807676148457,8.44696897763093,2025-01-01T00:00:00,300.0,5.9655870934512025,9.907880474598182,0.09171338720414246,2025-01-01T00:00:00
180,2025-11-14 19:00:00,8.300000190734863,ok,,2.1412939741420396,8.51044280006769,2025-01-01T00:00:00,300.0,6.010414843725119,9.982332156335703,0.09841662141642105,2025-01-01T00:00:00
180,2025-11-15 07:00:00,9.199999809265137,ok,,2.143546319209638,8.529632857134,2025-01-01T00:00:00,300.0,6.023967628997628,10.004841152428533,0.10042753858353837,2025-01-01T00:00:00
180,2025-11-16 07:00:00,9.899999618530273,ok,,2.1537808404469874,8.6173778136621,2025-01-01T00:00:00,300.0,6.0859366242154,10.107761684495296,0.10946817891096405,2025-01-01T00:00:00
180,2025-11-17 07:00:00,9.199999809265137,ok,,2.1964485296023426,8.993018279819566,2025-01-01T00:00:00,300.0,6.35122893470231,10.548369534478704,0.18549127947761024,2025-01-01T00:00:00
180,2025-11-18 07:00:00,9.800000190734863,ok,,2.179208620073592,8.839308238936292,2025-01-01T00:00:00,300.0,6.242672760475151,10.36807519258517,0.15102974418546156,2025-01-01T00:00:00
180,2025-11-19 07:00:00,9.699999809265137,ok,,2.1478600203207296,8.566506617879426,2025-01-01T00:00:00,300.0,6.050009352575925,10.04809226594417,0.10423803634117423,2025-01-01T00:00:00
180,2025-11-20 07:00:00,6.099999904632568,ok,,2.188495596351637,8.921781053644244,2025-01-01T00:00:00,300.0,6.300918358426943,10.464811760778325,0.16591342039659474,2025-01-01T00:00:00
180,2025-11-21 07:00:00,10.399999618530273,ok,,2.1077147568209584,8.229413568640368,2025-01-01T00:00:00,300.0,5.811940768547973,9.65269864611166,0.066997956181584,2025-01-01T00:00:00
180,2025-11-22 07:00:00,9.300000190734863,ok,,2.181736852982514,8.861684343000476,2025-01-01T00:00:00,300.0,6.258475659474842,10.39432126560168,0.15531805381993258,2025-01-01T00:00:00
180,2025-11-23 07:00:00,9.899999618530273,ok,,2.1670168686723916,8.73219586082292,2025-01-01T00:00:00,300.0,6.167025718072821,10.242437624540624,0.12709908111131585,2025-01-01T00:00:00
180,2025-11-23 19:51:00,9.899999618530273,ok,,2.133353285940913,8.443131629536788,2025-01-01T00:00:00,300.0,5.962877004859176,9.903379453420426,0.09130652603089717,2025-01-01T00:00:00
180,2025-11-23 23:38:00,10.699999809265137,ok,,2.1957451161808494,8.986694694369984,2025-01-01T00:00:00,300.0,6.346762965921998,10.54095227877772,0.18267893880566877,2025-01-01T00:00:00
180,2025-11-24 07:00:00,9.0,ok,,2.149507135855037,8.580628270808777,2025-01-01T00:00:00,300.0,6.059982628277142,10.064656272476963,0.10569301198468983,2025-01-01T00:00:00
180,2025-11-24 17:00:00,8.399999618530273,ok,,2.1863121118239794,8.902321735046195,2025-01-01T00:00:00,300.0,6.287175409899099,10.441986934110066,0.16268419271145562,2025-01-01T00:00:00
180,2025-11-25 07:00:00,9.899999618530273,ok,,2.1726686857470985,8.781688364031154,2025-01-01T00:00:00,300.0,6.201979301913785,10.300489904296173,0.13607823674348363,2025-01-01T00:00:00
180,2025-11-26 07:00:00,9.699999809265137,ok,,2.2010204422600443,9.034227705089272,2025-01-01T00:00:00,300.0,6.3803326778518965,10.596706169913304,0.19475279170589077,2025-01-01T00:00:00
180,2025-11-27 07:00:00,13.100000381469727,ok,,2.2359213305573618,9.35509701962998,2025-01-01T00:00:00,300.0,6.606943412019106,10.973070144358399,0.25891451754790173,2025-01-01T00:00:00
180,2025-11-27 09:45:00,10.5,ok,,2.237688606111222,9.37164467172038,2025-01-01T00:00:00,300.0,6.618630025288177,10.992479728965742,0.26384046108167125,2025-01-01T00:00:00
180,2025-11-27 19:00:00,8.600000381469727,ok,,2.2945810960694515,9.92027949768226,2025-01-01T00:00:00,300.0,7.006097866764017,11.636001481469778,0.3910121340810776,2025-01-01T00:00:00
180,2025-11-28 07:00:00,9.0,ok,,2.194235712298501,8.973140374553699,2025-01-01T00:00:00,300.0,6.3371903635399285,10.52505372617147,0.17780058881291683,2025-01-01T00:00:00
180,2025-11-29 07:00:00,7.300000190734863,ok,,2.1567066909617636,8.64262789394143,2025-01-01T00:00:00,300.0,6.103769240082922,10.13737879070749,0.11302235304970643,2025-01-01T00:00:00
180,2025-11-30 07:00:00,8.699999809265137,ok,,2.1795215390431206,8.842074658971846,2025-01-01T00:00:00,300.0,6.244626516870239,10.371320067655432,0.15156050756058526,2025-01-01T00:00:00
180,2025-12-01 07:00:00,7.800000190734863,ok,,2.132977865909792,8.439962503711552,2025-01-01T00:00:00,300.0,5.960638841540402,9.899662224202638,0.09097037478514935,2025-01-01T00:00:00
180,2025-12-02 07:00:00,8.399999618530273,ok,,2.07985225292416,8.003286364781882,2025-01-01T00:00:00,300.0,5.652240699518628,9.387462522501158,0.05564650143653549,2025-01-01T00:00:00
180,2025-12-03 07:00:00,6.800000190734863,ok,,2.0488885131457977,7.759271982809404,2025-01-01T00:00:00,300.0,5.479907990405287,9.101245615931635,0.047846470526655915,2025-01-01T00:00:00
180,2025-12-04 07:00:00,7.800000190734863,ok,,2.1795341833616257,8.842186461686913,2025-01-01T00:00:00,300.0,6.244705476416057,10.371451206758767,0.15158195445840683,2025-01-01T00:00:00
180,2025-12-05 07:00:00,9.0,ok,,2.1558918051861866,8.635588008148014,2025-01-01T00:00:00,300.0,6.0987973913712965,10.129121349821807,0.11196250541926056,2025-01-01T00:00:00
180,2025-12-06 07:00:00,8.300000190734863,ok,,2.137038978751479,8.474307836751512,2025-01-01T00:00:00,300.0,5.984894888418999,9.939947615982971,0.0946066968449516,2025-01-01T00:00:00
180,2025-12-07 07:00:00,10.199999809265137,ok,,2.0682663731115554,7.911096333405462,2025-01-01T00:00:00,300.0,5.58713241478591,9.279328135569482,0.05140382243746966,2025-01-01T00:00:00
180,2025-12-08 07:00:00,8.199999809265137,ok,,2.059512389461098,7.842144965344173,2025-01-01T00:00:00,300.0,5.538436202869954,9.198451561366307,0.04931831645713991,2025-01-01T00:00:00
180,2025-12-09 07:00:00,9.100000381469727,ok,,2.113513328425016,8.277271030843947,2025-01-01T00:00:00,300.0,5.845739621083486,9.70883310293118,0.06953821868181664,2025-01-01T00:00:00
180,2025-12-10 03:00:00,9.800000190734863,ok,,1.892429242052113,6.635468276791747,2025-01-01T00:00:00,300.0,4.686232897961437,7.783078966377271,0.019352150534888146,2025-01-01T00:00:00
180,2025-12-10 06:35:00,8.0,ok,,1.9180938932191915,6.807969377331662,2025-01-01T00:00:00,300.0,4.8080600695435995,7.985414299964051,0.024543705668649052,2025-01-01T00:00:00
180,2025-12-10 17:00:00,7.800000190734863,ok,,2.1054124721454737,8.210488909228939,2025-01-01T00:00:00,300.0,5.798575417706535,9.63050094845615,0.06598936168187952,2025-01-01T00:00:00
180,2025-12-11 07:00:00,7.300000190734863,ok,,2.112193853309266,8.266356579949127,2025-01-01T00:00:00,300.0,5.838031399641846,9.696030987142889,0.06896017750454053,2025-01-01T00:00:00
180,2025-12-11 14:00:00,10.5,ok,,2.029679077190542,7.6116432168452155,2025-01-01T00:00:00,300.0,5.375646655577337,8.92808431136676,0.0451851697642478,2025-01-01T00:00:00
180,2025-12-12 07:00:00,7.599999904632568,ok,,2.2395672356448113,9.389267067973188,2025-01-01T00:00:00,300.0,6.631075665839223,11.013149935783263,0.26983610694741256,2025-01-01T00:00:00
180,2025-12-13 07:00:00,6.699999809265137,ok,,2.208025223549691,9.097732653756374,2025-01-01T00:00:00,300.0,6.425182410713708,10.671194361192969,0.20315144469433333,2025-01-01T00:00:00
180,2025-12-14 07:00:00,6.400000095367432,ok,,2.1137999211587157,8.27964357653719,2025-01-01T00:00:00,300.0,5.847415207675993,9.7116159827087,0.06966377042524052,2025-01-01T00:00:00
180,2025-12-14 11:22:00,11.0,ok,,2.091691047661715,8.098598707690009,2025-01-01T00:00:00,300.0,5.719554085444995,9.499259227779516,0.05998179634893641,2025-01-01T00:00:00
180,2025-12-15 07:00:00,8.800000190734863,ok,,2.0708890800344166,7.931872052929245,2025-01-01T00:00:00,300.0,5.601805058260328,9.303697035983408,0.052364241824025215,2025-01-01T00:00:00
180,2025-12-16 07:00:00,7.400000095367432,ok,,2.0908300988731203,8.091629229555688,2025-01-01T00:00:00,300.0,5.7146319614362175,9.491084371626021,0.05966652211825885,2025-01-01T00:00:00
180,2025-12-17 07:00:00,8.399999618530273,ok,,2.101591652886063,8.179177969886883,2025-01-01T00:00:00,300.0,5.776462380933528,9.59377475171386,0.06431552120053463,2025-01-01T00:00:00
180,2025-12-18 07:00:00,9.300000190734863,ok,,2.117665841364146,8.311713968780275,2025-01-01T00:00:00,300.0,5.870064600440888,9.749232980469602,0.07321032333459865,2025-01-01T00:00:00
180,2025-12-19 07:00:00,9.399999618530273,ok,,2.1334501534127916,8.44394953396601,2025-01-01T00:00:00,300.0,5.963454641656418,9.904338815215862,0.0913932612038908,2025-01-01T00:00:00
180,2025-12-20 07:00:00,9.100000381469727,ok,,2.0944564507253487,8.12102559276336,2025-01-01T00:00:00,300.0,5.735392848022932,9.525564864430102,0.06118970199572227,2025-01-01T00:00:00
180,2025-12-21 07:00:00,8.800000190734863,ok,,2.1241004229909635,8.365368808869018,2025-01-01T00:00:00,300.0,5.907957792943695,9.812167477315837,0.07987729735335847,2025-01-01T00:00:00
180,2025-12-22 07:00:00,9.0,ok,,2.116790243001623,8.30443943089095,2025-01-01T00:00:00,300.0,5.864927031040753,9.74070030417989,0.07230310171983523,2025-01-01T00:00:00
180,2025-12-23 07:00:00,8.300000190734863,ok,,2.116901951879057,8.305367162314443,2025-01-01T00:00:00,300.0,5.865582232050824,9.741788487655032,0.07241884509317453,2025-01-01T00:00:00
180,2025-12-24 07:00:00,5.099999904632568,ok,,2.0742251372597833,7.958377419129188,2025-01-01T00:00:00,300.0,5.6205242072152135,9.334786531036595,0.053585885769817376,2025-01-01T00:00:00
180,2025-12-25 07:00:00,9.0,ok,,2.1852754957227716,8.893098226442223,2025-01-01T00:00:00,300.0,6.2806613994854334,10.431168210725785,0.16115110677909383,2025-01-01T00:00:00
180,2025-12-26 07:00:00,6.199999809265137,ok,,2.0962940853090997,8.135962790600361,2025-01-01T00:00:00,300.0,5.745942094132952,9.543085465155206,0.06199474063988897,2025-01-01T00:00:00
180,2025-12-27 07:00:00,8.899999618530273,ok,,2.1096982253830103,8.245752550309463,2025-01-01T00:00:00,300.0,5.823480010425553,9.67186347054546,0.06786688238490024,2025-01-01T00:00:00
180,2025-12-28 07:00:00,10.899999618530273,ok,,2.1394503449558795,8.494767153813896,2025-01-01T00:00:00,300.0,5.999344075829466,9.96394539182219,0.09676583510708403,2025-01-01T00:00:00
180,2025-12-28 21:00:00,10.5,ok,,2.149151070141943,8.577573547158192,2025-01-01T00:00:00,300.0,6.057825260346437,10.061073231401155,0.1053784821722683,2025-01-01T00:00:00
180,2025-12-28 23:30:00,7.900000095367432,ok,,2.145222157864475,8.543939129741688,2025-01-01T00:00:00,300.0,6.034071290494411,10.021621708792518,0.10190788672819673,2025-01-01T00:00:00
180,2025-12-29 07:00:00,4.699999809265137,ok,,1.9182900086690258,6.809304656238687,2025-01-01T00:00:00,300.0,4.80900309687506,7.986980516656225,0.024588391766426465,2025-01-01T00:00:00
180,2025-12-30 07:00:00,9.699999809265137,ok,,2.0767974409615726,7.97887513469712,2025-01-01T00:00:00,300.0,5.635000513184977,9.358829346440228,0.05452784780216369,2025-01-01T00:00:00
180,2025-12-31 07:00:00,9.0,ok,,2.1871828615960314,8.910076805540658,2025-01-01T00:00:00,300.0,6.2926523506305125,10.451083251586157,0.16397197342852587,2025-01-01T00:00:00
0,2026-01-01 10:00:00,8.899999618530273,ok,,2.181300082610651,8.85781466697609,2026-01-01T00:00:00,10.0,7.352650273180685,10.402091947010312,0.14255328716294347,2026-01-01T00:00:00
0,2026-01-02 10:00:00,9.100000381469727,ok,,2.207388211616096,9.091939134953494,2026-01-01T00:00:00,10.0,7.546991134685751,10.677033829913494,0.2205114767267483,2026-01-01T00:00:00
0,2026-01-03 10:00:00,10.600000381469727,ok,,2.21551880420171,9.166163322295095,2026-01-01T00:00:00,10.0,7.608602775011495,10.764198311272308,0.24551830749906534,2026-01-01T00:00:00
0,2026-01-03 14:58:15,8.699999809265137,ok,,2.157329945973929,8.648016134044013,2026-01-01T00:00:00,10.0,7.178501761558851,10.155716998791583,0.11465738835118056,2026-01-01T00:00:00
0,2026-01-04 10:00:00,8.100000381469727,ok,,2.114282825269467,8.283642816002729,2026-01-01T00:00:00,10.0,6.87604458931474,9.727818594974945,0.07019559700137212,2026-01-01T00:00:00
0,2026-01-04 18:00:00,6.800000190734863,ok,,2.0594545199978307,7.8416911577550925,2026-01-01T00:00:00,10.0,6.509191578395234,9.208816791701159,0.04466604518010664,2026-01-01T00:00:00
0,2026-01-05 10:00:00,7.900000095367432,ok,,2.062477988498804,7.865436141982405,2026-01-01T00:00:00,10.0,6.528901695543714,9.236701492216927,0.0457776305384322,2026-01-01T00:00:00
0,2026-01-05 22:00:00,8.600000381469727,ok,,2.1757016054756524,8.808362950412675,2026-01-01T00:00:00,10.0,7.311601640874703,10.344018785404444,0.13075173950119645,2026-01-01T00:00:00
0,2026-01-06 10:00:00,10.5,ok,,2.2489559942048443,9.477835753933388,2026-01-01T00:00:00,10.0,7.867314260381791,11.130207921220105,0.3595769430012311,2026-01-01T00:00:00
0,2026-01-06 16:00:00,8.899999618530273,ok,,2.153245771001849,8.612768151451478,2026-01-01T00:00:00,10.0,7.149243293349496,10.114323859551366,0.11168604433176155,2026-01-01T00:00:00
0,2026-01-07 10:00:00,7.099999904632568,ok,,2.059715630800597,7.843738975370354,2026-01-01T00:00:00,10.0,6.510891420547544,9.211221627196766,0.04476204318543131,2026-01-01T00:00:00
0,2026-01-08 10:00:00,8.199999809265137,ok,,2.20156973177905,9.039191474828527,2026-01-01T00:00:00,10.0,7.503206622115916,10.61509010776099,0.20153832297998908,2026-01-01T00:00:00
0,2026-01-09 18:00:00,13.0,abstain,outside_training_support,2.120171909211615,8.332569810076235,2026-01-01T00:00:00,10.0,6.916657662613923,9.785275553624226,0.07457413990859518,2026-01-01T00:00:00
0,2026-01-09 21:00:00,2.0,ok,,1.6238357151633789,5.072509751614406,2026-01-01T00:00:00,10.0,4.210563396631973,5.956854463789824,0.010000000000000009,2026-01-01T00:00:00
0,2026-01-10 10:00:00,6.599999904632568,ok,,1.7697323453085236,5.869282210209828,2026-01-01T00:00:00,10.0,4.871944273926218,6.89253676092062,0.013545822627964554,2026-01-01T00:00:00
0,2026-01-11 10:00:00,8.800000190734863,ok,,2.088406822328939,8.072044713172879,2026-01-01T00:00:00,10.0,6.7004022997580615,9.479330338649703,0.05611234818539901,2026-01-01T00:00:00
0,2026-01-12 10:00:00,12.0,ok,,2.291708933715766,9.891827722988037,2026-01-01T00:00:00,10.0,8.21095863304097,11.61637552455521,0.5098637578241658,2026-01-01T00:00:00
0,2026-01-12 16:00:00,9.800000190734863,ok,,2.1874007162476277,8.912018118673195,2026-01-01T00:00:00,10.0,7.397643201900891,10.465745264402548,0.1614018176942883,2026-01-01T00:00:00
0,2026-01-13 10:00:00,9.0,ok,,2.156988200930752,8.645061222338866,2026-01-01T00:00:00,10.0,7.1760489633040985,10.152246925821233,0.11440875990182398,2026-01-01T00:00:00
0,2026-01-13 22:00:00,11.100000381469727,ok,,2.223239476666243,9.237206163418824,2026-01-01T00:00:00,10.0,7.667573659460383,10.847626808405014,0.2751348455088969,2026-01-01T00:00:00
0,2026-01-14 10:00:00,8.899999618530273,ok,,2.2343410965588766,9.340325451601327,2026-01-01T00:00:00,10.0,7.753170399845125,10.968723981637115,0.3028374839928838,2026-01-01T00:00:00
0,2026-01-15 10:00:00,9.5,ok,,2.1597723918683873,8.66916426161116,2026-01-01T00:00:00,10.0,7.196056292984482,10.180552104935847,0.11643433156513838,2026-01-01T00:00:00
0,2026-01-16 10:00:00,9.399999618530273,ok,,2.227007402565106,9.27207692572353,2026-01-01T00:00:00,10.0,7.69651900654939,10.888576962522398,0.28786177027620863,2026-01-01T00:00:00
0,2026-01-17 10:00:00,9.899999618530273,ok,,2.242038806933102,9.41250201245945,2026-01-01T00:00:00,10.0,7.81308235667227,11.053483851954146,0.3284288707382097,2026-01-01T00:00:00
0,2026-01-18 10:00:00,9.199999809265137,ok,,2.181979719713226,8.86383681267652,2026-01-01T00:00:00,10.0,7.357649105612176,10.409163997583658,0.14638184374876506,2026-01-01T00:00:00
0,2026-01-18 14:30:00,9.600000381469727,ok,,2.1753288775164092,8.80508043904578,2026-01-01T00:00:00,10.0,7.308876910339471,10.340163998830182,0.13008178113597135,2026-01-01T00:00:00
0,2026-01-18 22:00:00,7.099999904632568,ok,,2.179252058286296,8.839692211027204,2026-01-01T00:00:00,10.0,7.337607276042795,10.380810010079664,0.13713348656856938,2026-01-01T00:00:00
0,2026-01-19 10:00:00,7.599999904632568,ok,,2.136297173795873,8.468023884224602,2026-01-01T00:00:00,10.0,7.029094699595915,9.9443447808391,0.09207999967210523,2026-01-01T00:00:00
0,2026-01-19 17:44:10,7.0,ok,,2.034175968083656,7.645949022830878,2026-01-01T00:00:00,10.0,6.346710930974461,8.978948843235617,0.03569195352458454,2026-01-01T00:00:00
0,2026-01-19 22:00:00,9.899999618530273,ok,,2.147089283082795,8.559906635982639,2026-01-01T00:00:00,10.0,7.105364272308137,10.052246432438874,0.10575804069713335,2026-01-01T00:00:00
0,2026-01-20 05:30:00,7.099999904632568,ok,,2.05942605326212,7.841467933582625,2026-01-01T00:00:00,10.0,6.509006285596234,9.20855465047851,0.044655579317272154,2026-01-01T00:00:00
0,2026-01-20 10:00:00,8.0,ok,,2.053163581406563,7.792514406375934,2026-01-01T00:00:00,10.0,6.4683711878072305,9.151066532892017,0.04235316670099343,2026-01-01T00:00:00
0,2026-01-21 10:00:00,9.899999618530273,ok,,2.272182164833079,9.700545924802292,2026-01-01T00:00:00,10.0,8.052180399519292,11.391745530891452,0.4413405887538815,2026-01-01T00:00:00
0,2026-01-22 10:00:00,9.199999809265137,ok,,2.2435499253809312,9.426736169931063,2026-01-01T00:00:00,10.0,7.824897774555458,11.070199601873814,0.3332581322141499,2026-01-01T00:00:00
0,2026-01-23 10:00:00,8.5,ok,,2.2192080184927065,9.20004171692153,2026-01-01T00:00:00,10.0,7.636724382526461,10.803983087672645,0.25641801033888567,2026-01-01T00:00:00
0,2026-01-24 10:00:00,9.600000381469727,ok,,2.1700025748266896,8.75830659183337,2026-01-01T00:00:00,10.0,7.270051110363523,10.285235568092876,0.12502275817033737,2026-01-01T00:00:00
0,2026-01-25 10:00:00,7.400000095367432,ok,,2.1069949904594716,8.223492444747423,2026-01-01T00:00:00,10.0,6.826115271501047,9.657181568127093,0.06572338396233612,2026-01-01T00:00:00
0,2026-01-26 10:00:00,8.199999809265137,ok,,2.1862626857596563,8.901881739193216,2026-01-01T00:00:00,10.0,7.389229246974695,10.453841701805596,0.15860964589044135,2026-01-01T00:00:00
0,2026-01-27 10:00:00,8.0,ok,,2.1674698740572964,8.736152488689116,2026-01-01T00:00:00,10.0,7.251661543787587,10.259219103922629,0.12263564745521827,2026-01-01T00:00:00
0,2026-01-28 10:00:00,7.699999809265137,ok,,2.161300425316501,8.682421160483095,2026-01-01T00:00:00,10.0,7.207060512961635,10.196120220343838,0.11754601582905044,2026-01-01T00:00:00
0,2026-01-29 10:00:00,9.0,ok,,2.171591207248102,8.772231379397759,2026-01-01T00:00:00,10.0,7.281609728029234,10.301588012350644,0.12652006946797167,2026-01-01T00:00:00
0,2026-01-30 10:00:00,8.5,ok,,2.166273355768687,8.725705773553518,2026-01-01T00:00:00,10.0,7.242989987000339,10.246951101546166,0.12150790995772454,2026-01-01T00:00:00
0,2026-01-31 10:00:00,8.699999809265137,ok,,2.175061453661379,8.802726065312799,2026-01-01T00:00:00,10.0,7.306922603625932,10.337399162020107,0.1297908318483305,2026-01-01T00:00:00
0,2026-02-01 10:00:00,9.0,ok,,2.1652684228981673,8.716941429529477,2026-01-01T00:00:00,10.0,7.2357149243685965,10.236658775975933,0.12056074476072132,2026-01-01T00:00:00
0,2026-02-02 10:00:00,9.199999809265137,ok,,2.1661437108238535,8.724574603236714,2026-01-01T00:00:00,10.0,7.242051030829821,10.245622722246587,0.12138571753739891,2026-01-01T00:00:00
0,2026-02-03 10:00:00,8.399999618530273,ok,,2.0860546783145373,8.05308041364208,2026-01-01T00:00:00,10.0,6.684660509331392,9.457059790569094,0.05511698892709371,2026-01-01T00:00:00
0,2026-02-04 10:00:00,9.800000190734863,ok,,2.2387008559769472,9.381135920728287,2026-01-01T00:00:00,10.0,7.78704614891602,11.016649375001007,0.3179616745196181,2026-01-01T00:00:00
0,2026-02-05 10:00:00,8.899999618530273,ok,,2.177066299190355,8.820391873999252,2026-01-01T00:00:00,10.0,7.321586549299651,10.358144839501922,0.13320470270790563,2026-01-01T00:00:00
0,2026-02-06 10:00:00,6.400000095367432,ok,,1.8907063046281318,6.624045623256344,2026-01-01T00:00:00,10.0,5.498454493858124,7.778886127657756,0.01720670835875493,2026-01-01T00:00:00
0,2026-02-07 10:00:00,7.0,ok,,1.9682646228731624,7.158243451508866,2026-01-01T00:00:00,10.0,5.941878741881402,8.406216359356197,0.019553760089261574,2026-01-01T00:00:00
0,2026-02-08 10:00:00,9.899999618530273,ok,,2.2194145001889383,9.20194155327461,2026-01-01T00:00:00,10.0,7.638301389136517,10.806214142754738,0.25703238367318404,2026-01-01T00:00:00
0,2026-02-09 10:00:00,10.300000190734863,ok,,2.2336349031638214,9.333731703964286,2026-01-01T00:00:00,10.0,7.747697094951362,10.960980675666672,0.30068492420652304,2026-01-01T00:00:00
0,2026-02-10 10:00:00,9.100000381469727,ok,,2.245060476782048,9.440986499678637,2026-01-01T00:00:00,10.0,7.836726616640178,11.086934343554752,0.33825543671541836,2026-01-01T00:00:00
0,2026-02-11 10:00:00,8.699999809265137,ok,,2.134983700776638,8.456908664694922,2026-01-01T00:00:00,10.0,7.019868234041599,9.931291726569405,0.09021607177347546,2026-01-01T00:00:00
0,2026-02-12 10:00:00,7.699999809265137,ok,,2.131076366770734,8.423929170792407,2026-01-01T00:00:00,10.0,6.992492781521044,9.89256256584099,0.08489925922495478,2026-01-01T00:00:00
0,2026-02-13 10:00:00,8.899999618530273,ok,,2.096509970122137,8.1377194110133,2026-01-01T00:00:00,10.0,6.754917222814392,9.556454806841066,0.05954136576595148,2026-01-01T00:00:00
0,2026-02-14 10:00:00,7.699999809265137,ok,,2.109709575991865,8.245846145152553,2026-01-01T00:00:00,10.0,6.844670518767976,9.683432427476971,0.06737600143062039,2026-01-01T00:00:00
0,2026-02-15 10:00:00,8.199999809265137,ok,,2.1756077978608146,8.807536697648677,2026-01-01T00:00:00,10.0,7.31091578913369,10.343048483185928,0.13058312538271177,2026-01-01T00:00:00
0,2026-02-16 10:00:00,7.800000190734863,ok,,2.0719772365189897,7.940507868645752,2026-01-01T00:00:00,10.0,6.591216857049327,9.324861273464592,0.04927005158100006,2026-01-01T00:00:00
0,2026-02-17 10:00:00,8.0,ok,,2.080894443237229,8.011631660241656,2026-01-01T00:00:00,10.0,6.650254936459245,9.408384834028448,0.05293332681806395,2026-01-01T00:00:00
0,2026-02-18 10:00:00,8.800000190734863,ok,,2.184800030612644,8.88887087357365,2026-01-01T00:00:00,10.0,7.378429253042934,10.438562513250265,0.1551506911966839,2026-01-01T00:00:00
0,2026-02-19 10:00:00,9.5,ok,,2.2277687456258435,9.279138845080086,2026-01-01T00:00:00,10.0,7.702380929070728,10.896870061580243,0.29018632794591204,2026-01-01T00:00:00
0,2026-02-20 10:00:00,7.400000095367432,ok,,2.1114308001350874,8.260051316253582,2026-01-01T00:00:00,10.0,6.856461875790376,9.700114137522995,0.06842386861033467,2026-01-01T00:00:00
0,2026-02-21 10:00:00,7.400000095367432,ok,,2.0465477384970883,7.741130516485265,2026-01-01T00:00:00,10.0,6.425718706778218,9.09072434158037,0.03992630411468512,2026-01-01T00:00:00
0,2026-02-22 10:00:00,7.800000190734863,ok,,2.0736336972025655,7.953671907584233,2026-01-01T00:00:00,10.0,6.602143996319697,9.340320339676781,0.04987905327620945,2026-01-01T00:00:00
0,2026-02-23 10:00:00,10.399999618530273,ok,,2.206815435985421,9.086732984901683,2026-01-01T00:00:00,10.0,7.542669639820501,10.670920036210994,0.2185754448204722,2026-01-01T00:00:00
0,2026-02-24 10:00:00,8.0,ok,,2.1604200083313496,8.67478037345406,2026-01-01T00:00:00,10.0,7.2007180868725245,10.18714733343982,0.11690548946538881,2026-01-01T00:00:00
0,2026-02-25 10:00:00,9.100000381469727,ok,,2.132320207841952,8.4344137190802,2026-01-01T00:00:00,10.0,7.001195742661091,9.904874997226479,0.08658884334026151,2026-01-01T00:00:00
0,2026-02-26 10:00:00,8.699999809265137,ok,,2.14119489689277,8.509599650574147,2026-01-01T00:00:00,10.0,7.063605702738413,9.993168893850603,0.09903027774130091,2026-01-01T00:00:00
0,2026-02-27 10:00:00,8.899999618530273,ok,,2.142676848401424,8.522219813539452,2026-01-01T00:00:00,10.0,7.074081384174872,10.007989264391972,0.10088243659651752,2026-01-01T00:00:00
0,2026-02-28 10:00:00,8.600000381469727,ok,,2.1452463397709542,8.544145740976806,2026-01-01T00:00:00,10.0,7.092281547806997,10.033737772551342,0.10372164523357008,2026-01-01T00:00:00
0,2026-03-01 10:00:00,9.899999618530273,ok,,2.191227236340237,8.946185464396885,2026-01-01T00:00:00,10.0,7.426004660490196,10.505869367825953,0.17123971118854298,2026-01-01T00:00:00
0,2026-03-02 10:00:00,8.199999809265137,abstain,outside_training_support,2.096783569794405,8.13994619298668,2026-01-01T00:00:00,10.0,6.756765618801487,9.559069807459604,0.059657145227240194,2026-01-01T00:00:00
0,2026-03-03 10:00:00,10.199999809265137,ok,,2.2656821888061733,9.637697088087652,2026-01-01T00:00:00,10.0,8.00001115306149,11.317939586327531,0.41497440267410224,2026-01-01T00:00:00
0,2026-03-04 13:30:00,2.700000047683716,abstain,outside_training_support,1.1731332895585482,3.2321039069140656,2026-01-01T00:00:00,10.0,2.6828885642323876,3.7955910442963576,0.010000000000000009,2026-01-01T00:00:00
0,2026-03-04 16:30:00,8.100000381469727,ok,,1.7884997734789143,5.980473667746217,2026-01-01T00:00:00,10.0,4.964241520071852,7.023113410862029,0.014113758160363754,2026-01-01T00:00:00
0,2026-03-05 10:00:00,6.0,ok,,1.9684756368691996,7.159754100442605,2026-01-01T00:00:00,10.0,5.943132693754739,8.407990375826307,0.019560145745574964,2026-01-01T00:00:00
0,2026-03-06 10:00:00,8.5,ok,,2.0929605002383735,8.108886022934723,2026-01-01T00:00:00,10.0,6.730983348974936,9.522594586773987,0.05803933285927243,2026-01-01T00:00:00
0,2026-03-07 10:00:00,8.899999618530273,ok,,2.1420765191522517,8.517105211093838,2026-01-01T00:00:00,10.0,7.069835880686393,10.001982978766012,0.10021909130976647,2026-01-01T00:00:00
0,2026-03-08 10:00:00,7.599999904632568,ok,,2.063141216757672,7.870654451774067,2026-01-01T00:00:00,10.0,6.533233283904695,9.242829565596383,0.04602146797928797,2026-01-01T00:00:00
0,2026-03-09 10:00:00,8.399999618530273,ok,,2.062161514016491,7.862947325995352,2026-01-01T00:00:00,10.0,6.526835791679714,9.233778774401095,0.045661277945140744,2026-01-01T00:00:00
0,2026-03-10 10:00:00,8.100000381469727,ok,,2.098550826521761,8.154344286473002,2026-01-01T00:00:00,10.0,6.768717115867708,9.575978074107443,0.06058264602573726,2026-01-01T00:00:00
0,2026-03-10 22:00:00,7.300000190734863,ok,,2.0549543396870478,7.806481418113441,2026-01-01T00:00:00,10.0,6.479964854702314,9.16746856271323,0.04301154322591716,2026-01-01T00:00:00
0,2026-03-11 14:30:00,7.199999809265137,abstain,outside_training_support,1.8790557684313045,6.547319756560204,2026-01-01T00:00:00,10.0,5.4347662721089565,7.688783822507612,0.016854142550717377,2026-01-01T00:00:00
0,2026-03-12 10:00:00,8.300000190734863,ok,,2.090756423904298,8.091033100984626,2026-01-01T00:00:00,10.0,6.716164085263895,9.501629174578127,0.057106631557098386,2026-01-01T00:00:00
0,2026-03-13 10:00:00,8.800000190734863,ok,,2.0584454877209506,7.833782628923023,2026-01-01T00:00:00,10.0,6.502626906536117,9.199529484710702,0.04429507207266514,2026-01-01T00:00:00
0,2026-03-14 10:00:00,9.0,ok,,2.2432391506095475,9.423807033327412,2026-01-01T00:00:00,10.0,7.822466371567391,11.06675979765324,0.3322300068800711,2026-01-01T00:00:00
0,2026-03-15 10:00:00,8.800000190734863,ok,,2.151985662006876,8.601921959959142,2026-01-01T00:00:00,10.0,7.140240141236098,10.10158673584536,0.1107692821088827,2026-01-01T00:00:00
0,2026-03-15 15:00:00,9.100000381469727,ok,,2.150356828737557,8.58792226796793,2026-01-01T00:00:00,10.0,7.128619347280292,10.08514632827335,0.10936857776878006,2026-01-01T00:00:00
0,2026-03-15 22:00:00,8.5,ok,,2.15519560985567,8.62957804439757,2026-01-01T00:00:00,10.0,7.16319676478789,10.134064400375344,0.11310460305090009,2026-01-01T00:00:00
0,2026-03-16 10:00:00,7.599999904632568,ok,,2.752072625795273,15.675086828396307,2026-01-01T00:00:00,10.0,13.011497280545914,18.407891855566724,0.9803898735187317,2026-01-01T00:00:00
0,2026-03-16 22:00:00,8.100000381469727,ok,,2.2266913545875155,9.26914696759115,2026-01-01T00:00:00,10.0,7.694086921630887,10.885136193547233,0.2868288278626516,2026-01-01T00:00:00
0,2026-03-17 10:00:00,12.800000190734863,ok,,2.1778578171602327,8.827376136388843,2026-01-01T00:00:00,10.0,7.327384010716205,10.366346742825709,0.13462741348662555,2026-01-01T00:00:00
0,2026-03-17 16:00:00,9.600000381469727,ok,,2.22491585610903,9.25270421261606,2026-01-01T00:00:00,10.0,7.68043820223397,10.865826797771462,0.28102595040836365,2026-01-01T00:00:00
0,2026-03-17 22:00:00,8.699999809265137,ok,,2.209388566631352,9.11014444347001,2026-01-01T00:00:00,10.0,7.562102905666502,10.698413063983327,0.22595991727604647,2026-01-01T00:00:00
0,2026-03-19 10:00:00,8.5,ok,,2.104487617073367,8.202898907283673,2026-01-01T00:00:00,10.0,6.809021091440686,9.632997739692437,0.06419691555382934,2026-01-01T00:00:00
0,2026-03-20 10:00:00,7.400000095367432,ok,,2.144794929954653,8.540289700110248,2026-01-01T00:00:00,10.0,7.089080744787648,10.02920946696431,0.1032228513226463,2026-01-01T00:00:00
0,2026-03-21 10:00:00,6.800000190734863,ok,,1.9726837919324531,7.189946939430178,2026-01-01T00:00:00,10.0,5.96819501377118,8.443447054374907,0.01968749195223518,2026-01-01T00:00:00
0,2026-03-22 10:00:00,8.199999809265137,ok,,2.082737926290742,8.026414589291331,2026-01-01T00:00:00,10.0,6.66252587589544,9.425745028726826,0.0537134354821629,2026-01-01T00:00:00
0,2026-03-23 10:00:00,7.699999809265137,ok,,2.0218639303920054,7.552388949712252,2026-01-01T00:00:00,10.0,6.269049055778633,8.869077444957513,0.031478047000068066,2026-01-01T00:00:00
0,2026-03-24 10:00:00,9.199999809265137,ok,,2.1241361539690122,8.365667717018406,2026-01-01T00:00:00,10.0,6.94413140683521,9.824143771600117,0.07752156194154869,2026-01-01T00:00:00
0,2026-03-25 10:00:00,8.300000190734863,ok,,2.1422508119433896,8.518589810507224,2026-01-01T00:00:00,10.0,7.071068209504819,10.003726404225125,0.100411679463143,2026-01-01T00:00:00
0,2026-03-26 10:00:00,7.5,ok,,2.0586054113594736,7.835035536126508,2026-01-01T00:00:00,10.0,6.503666913449596,9.201000824586474,0.04435386837729838,2026-01-01T00:00:00
0,2026-03-27 10:00:00,7.199999809265137,ok,,2.0454964361808186,7.732996524434245,2026-01-01T00:00:00,10.0,6.41896688354365,9.081172263963934,0.03956648636552629,2026-01-01T00:00:00
0,2026-03-28 10:00:00,7.800000190734863,ok,,1.991406090089102,7.325827296951825,2026-01-01T00:00:00,10.0,6.080985897912868,8.6030168834889,0.022431017053537894,2026-01-01T00:00:00
0,2026-03-29 10:00:00,9.0,ok,,2.117672738651152,8.311771297254733,2026-01-01T00:00:00,10.0,6.899393337638949,9.76085101429209,0.07271600277912771,2026-01-01T00:00:00
0,2026-03-30 10:00:00,7.099999904632568,ok,,1.9722408791143498,7.186763124897403,2026-01-01T00:00:00,10.0,5.965552209007897,8.439708171506242,0.019674088627876007,2026-01-01T00:00:00
0,2026-03-31 10:00:00,7.800000190734863,ok,,1.9740947641091915,7.200098914907159,2026-01-01T00:00:00,10.0,5.976621914544171,8.45536893198531,0.019730190463033814,2026-01-01T00:00:00
0,2026-04-01 10:00:00,9.899999618530273,ok,,2.1968061104934,8.996234586319959,2026-01-01T00:00:00,10.0,7.4675491840341435,10.564644086837847,0.18681906564324546,2026-01-01T00:00:00
0,2026-04-02 10:00:00,7.099999904632568,ok,,2.238420810182963,9.378509140897382,2026-01-01T00:00:00,10.0,7.784865724718015,11.01356464063334,0.31685237238274366,2026-01-01T00:00:00
0,2026-04-03 10:00:00,9.100000381469727,ok,,2.152045993026439,8.602440938336281,2026-01-01T00:00:00,10.0,7.140670932198644,10.10219619325675,0.11081317450217887,2026-01-01T00:00:00
0,2026-04-04 10:00:00,8.800000190734863,ok,,2.1394772051786397,8.494995328216337,2026-01-01T00:00:00,10.0,7.0514830202472005,9.976018444253132,0.09659272975948008,2026-01-01T00:00:00
0,2026-04-04 16:00:00,5.5,ok,,2.01904951836208,7.531163298272429,2026-01-01T00:00:00,10.0,6.251430173726461,8.844151299377229,0.03051478896654014,2026-01-01T00:00:00
0,2026-04-05 10:00:00,10.0,ok,,2.1650905078749374,8.715390692646332,2026-01-01T00:00:00,10.0,7.234427696491727,10.234837682596748,0.12039305702458392,2026-01-01T00:00:00
0,2026-04-06 10:00:00,9.699999809265137,ok,,2.1849257675360767,8.889988603118548,2026-01-01T00:00:00,10.0,7.379357052365071,10.439875108504854,0.15544803970181464,2026-01-01T00:00:00
0,2026-04-07 10:00:00,8.300000190734863,ok,,2.1844333575760677,8.885612161776088,2026-01-01T00:00:00,10.0,7.375724277934583,10.434735675478027,0.15428356580247815,2026-01-01T00:00:00
0,2026-04-08 10:00:00,9.399999618530273,ok,,2.2558529165655057,9.543429589058233,2026-01-01T00:00:00,10.0,7.921762061321652,11.20723742903646,0.3824004825955084,2026-01-01T00:00:00
0,2026-04-09 03:00:00,8.199999809265137,ok,,2.117106066109623,8.307062578965793,2026-01-01T00:00:00,10.0,6.895484748430983,9.755321374935699,0.07229468087884494,2026-01-01T00:00:00
0,2026-04-09 10:00:00,7.699999809265137,ok,,2.053409704011627,7.794432556361984,2026-01-01T00:00:00,10.0,6.469963396105685,9.153319094417991,0.04244365425991925,2026-01-01T00:00:00
0,2026-04-10 02:00:00,5.699999809265137,ok,,1.8703019670555752,6.490255946890623,2026-01-01T00:00:00,10.0,5.38739903182112,7.621771470438124,0.01658923705595783,2026-01-01T00:00:00
0,2026-04-10 10:00:00,7.900000095367432,ok,,2.078898192926414,7.995654390670244,2026-01-01T00:00:00,10.0,6.636992604846358,9.38962207669016,0.052088571472898804,2026-01-01T00:00:00
0,2026-04-11 10:00:00,8.199999809265137,ok,,2.1313596878139927,8.426316185323168,2026-01-01T00:00:00,10.0,6.994474182543931,9.895365734067168,0.08528411123322077,2026-01-01T00:00:00
0,2026-04-12 10:00:00,9.199999809265137,ok,,2.1668831333546406,8.731028135919578,2026-01-01T00:00:00,10.0,7.247407946799235,10.253201368094807,0.12208263502073247,2026-01-01T00:00:00
0,2026-04-13 10:00:00,7.400000095367432,ok,,2.144250007064288,8.535637168512919,2026-01-01T00:00:00,10.0,7.08521879474622,10.023745809924586,0.10262072835185176,2026-01-01T00:00:00
0,2026-04-14 10:00:00,7.199999809265137,ok,,1.940634634793471,6.963168637776703,2026-01-01T00:00:00,10.0,5.779952021081304,8.177132073301632,0.018717627836735917,2026-01-01T00:00:00
0,2026-04-27 15:30:00,14.300000190734863,ok,,2.1655760100614057,8.719623061212499,2026-01-01T00:00:00,10.0,7.237940879716279,10.23980792510397,0.12085065054906885,2026-01-01T00:00:00
0,2026-04-27 17:30:00,5.900000095367432,ok,,2.1660507230238615,8.723763361956848,2026-01-01T00:00:00,10.0,7.241377639746097,10.244670048624297,0.12129807505850099,2026-01-01T00:00:00
0,2026-04-27 22:00:00,1.2000000476837158,ok,,2.7017198853040107,14.905345176579926,2026-01-01T00:00:00,10.0,12.37255399946704,17.503952933984948,0.9756049524150746,2026-01-01T00:00:00
0,2026-04-28 06:00:00,0.5,abstain,outside_training_support,-0.360103334485693,0.6976042357714675,2026-01-01T00:00:00,10.0,0.5790638173815078,0.8192250206106342,0.010000000000000009,2026-01-01T00:00:00
0,2026-04-28 10:00:00,0.8999999761581421,abstain,outside_training_support,-0.4683229592535625,0.6260513019434593,2026-01-01T00:00:00,10.0,0.5196695177447344,0.7351975008734913,0.010000000000000009,2026-01-01T00:00:00
0,2026-04-28 22:00:00,3.4000000953674316,abstain,outside_training_support,-0.386965851933871,0.6791142849701993,2026-01-01T00:00:00,10.0,0.5637157719638389,0.7975115195314624,0.010000000000000009,2026-01-01T00:00:00
0,2026-04-29 06:00:00,7.199999809265137,abstain,outside_training_support,1.717203383074244,5.568932495590251,2026-01-01T00:00:00,10.0,4.622631492582908,6.53982387798132,0.011956203429103418,2026-01-01T00:00:00
0,2026-04-29 10:00:00,8.100000381469727,abstain,outside_training_support,2.0129864470126395,7.4856394644348025,2026-01-01T00:00:00,10.0,6.21364197856921,8.790690810174977,0.028679888446467072,2026-01-01T00:00:00
0,2026-04-29 20:00:00,11.5,ok,,2.391345286973466,10.92818560431307,2026-01-01T00:00:00,10.0,9.071213373710412,12.833412725812437,0.7858237739559993,2026-01-01T00:00:00
0,2026-04-30 10:00:00,7.0,ok,,2.0140586933291273,7.4936702184809,2026-01-01T00:00:00,10.0,6.220308106519597,8.800121651204286,0.02899037123213255,2026-01-01T00:00:00
0,2026-04-30 16:00:00,11.5,ok,,2.1942217738005683,8.973015303326793,2026-01-01T00:00:00,10.0,7.44827543832356,10.537376738657821,0.1794456311915894,2026-01-01T00:00:00
0,2026-04-30 20:00:00,5.099999904632568,ok,,2.210081086198758,9.116455581800173,2026-01-01T00:00:00,10.0,7.567341623647402,10.705824490353018,0.22784615829999477,2026-01-01T00:00:00
0,2026-05-01 10:00:00,7.900000095367432,ok,,1.7735758444597414,5.891884198941323,2026-01-01T00:00:00,10.0,4.890705619119026,6.9190791953482496,0.013662133702497803,2026-01-01T00:00:00
0,2026-05-02 10:00:00,7.599999904632568,ok,,2.043180063281591,7.715104750864916,2026-01-01T00:00:00,10.0,6.404115370075812,9.060161226731791,0.03877368673984882,2026-01-01T00:00:00
0,2026-05-03 10:00:00,7.699999809265137,ok,,2.084073925900437,8.03714504239439,2026-01-01T00:00:00,10.0,6.671432956468451,9.438346236136057,0.054278791843193286,2026-01-01T00:00:00
0,2026-05-04 10:00:00,13.899999618530273,ok,,2.3175602200480556,10.15087816077293,2026-01-01T00:00:00,10.0,8.42598991826845,11.920588987363148,0.5881138592032398,2026-01-01T00:00:00
0,2026-05-04 14:00:00,20.299999237060547,ok,,2.0366323185143864,7.6647532384231365,2026-01-01T00:00:00,10.0,6.3623198397301195,9.001031398237735,0.03653266172949632,2026-01-01T00:00:00
0,2026-05-04 16:30:00,9.5,ok,,2.225463354992346,9.257771444865542,2026-01-01T00:00:00,10.0,7.684644384908161,10.8717774546499,0.28281534587377277,2026-01-01T00:00:00
0,2026-05-05 00:01:00,9.699999809265137,ok,,2.065689016392785,7.890732869345653,2026-01-01T00:00:00,10.0,6.549899875834322,9.266408467795452,0.046958172552008515,2026-01-01T00:00:00
0,2026-05-05 10:00:00,4.900000095367432,ok,,1.9399017815733246,6.958067526629257,2026-01-01T00:00:00,10.0,5.77571771638179,8.171141631055706,0.018695450403580227,2026-01-01T00:00:00
0,2026-05-07 09:30:00,7.800000190734863,ok,,2.1147812043823717,8.287772239484719,2026-01-01T00:00:00,10.0,6.879472320401295,9.732667944883783,0.07056614263314664,2026-01-01T00:00:00
0,2026-05-08 10:00:00,4.0,ok,,1.9425810910915,6.976735340439524,2026-01-01T00:00:00,10.0,5.7912134014319046,8.193064003898751,0.018776531043071754,2026-01-01T00:00:00
0,2026-05-08 23:50:00,8.399999618530273,ok,,2.6848753662737805,14.656374587847344,2026-01-01T00:00:00,10.0,12.165889744672521,17.211576647794065,0.9736136553207997,2026-01-01T00:00:00
0,2026-05-09 10:00:00,4.099999904632568,ok,,2.0748171886969886,7.963090582998054,2026-01-01T00:00:00,10.0,6.60996220306234,9.351381073204982,0.05036160861770367,2026-01-01T00:00:00
0,2026-05-09 18:30:00,3.9000000953674316,ok,,2.2709890624285096,9.688979081720031,2026-01-01T00:00:00,10.0,8.042579052556624,11.378162116719682,0.4363893367044849,2026-01-01T00:00:00
0,2026-05-09 22:00:00,3.200000047683716,ok,,1.660477667318069,5.261823645446536,2026-01-01T00:00:00,10.0,4.367708121999873,6.179173467350624,0.010239583054366341,2026-01-01T00:00:00
0,2026-05-10 10:00:00,6.099999904632568,ok,,1.5896115221946372,4.901844300681632,2026-01-01T00:00:00,10.0,4.0688982770058315,5.756435085023713,0.010000000000000009,2026-01-01T00:00:00
0,2026-05-11 10:00:00,9.0,ok,,1.9042866337934365,6.71461593862298,2026-01-01T00:00:00,10.0,5.573634645967797,7.885246531835766,0.01761767311133733,2026-01-01T00:00:00
0,2026-05-12 10:00:00,9.899999618530273,ok,,2.0870016378207232,8.060709966562552,2026-01-01T00:00:00,10.0,6.69099361026814,9.466019484802619,0.05551771477804124,2026-01-01T00:00:00
0,2026-05-12 18:00:00,9.5,ok,,1.9267282850664127,6.867006560926341,2026-01-01T00:00:00,10.0,5.700130287707329,8.064205036236583,0.0182967971259822,2026-01-01T00:00:00
0,2026-05-13 10:00:00,4.599999904632568,ok,,1.5756622030496898,4.833941609347097,2026-01-01T00:00:00,10.0,4.012533952309363,5.6766941934757496,0.010000000000000009,2026-01-01T00:00:00
0,2026-05-14 03:00:00,6.699999809265137,ok,,1.8656229411775664,6.459958807185877,2026-01-01T00:00:00,10.0,5.362250134389657,7.586192307316194,0.016447641466566965,2026-01-01T00:00:00
0,2026-05-14 10:00:00,12.0,ok,,2.1939124479251775,8.970240146749193,2026-01-01T00:00:00,10.0,7.445971850301511,10.534117759443099,0.1785979866314681,2026-01-01T00:00:00
0,2026-05-15 10:00:00,11.899999618530273,ok,,2.3184685093608346,10.16010228337352,2026-01-01T00:00:00,10.0,8.433646631589843,11.93142124961171,0.591086832613186,2026-01-01T00:00:00
0,2026-05-15 15:00:00,7.099999904632568,ok,,2.135886482127735,8.464546851412829,2026-01-01T00:00:00,10.0,7.026208501677521,9.940261559822332,0.09149719389934285,2026-01-01T00:00:00
0,2026-05-16 10:00:00,9.699999809265137,ok,,2.1498823468217334,8.583848420717132,2026-01-01T00:00:00,10.0,7.125237748632361,10.080362243792687,0.10884428990017425,2026-01-01T00:00:00
0,2026-05-18 11:00:00,5.0,ok,,2.481028306501417,11.953550013281363,2026-01-01T00:00:00,10.0,9.922342708106864,14.037539845455736,0.8943902418396363,2026-01-01T00:00:00
0,2026-05-19 11:30:00,9.0,ok,,1.8035831256926398,6.071362993175195,2026-01-01T00:00:00,10.0,5.039686474450505,7.129848441528089,0.014570207045745964,2026-01-01T00:00:00
0,2026-05-20 10:00:00,11.0,ok,,2.2361615374312556,9.357344448153123,2026-01-01T00:00:00,10.0,7.7672974429534385,10.988710081328007,0.30838639997364614,2026-01-01T00:00:00
0,2026-05-20 16:30:00,6.0,ok,,2.0352697352458113,7.654316485989595,2026-01-01T00:00:00,10.0,6.353656552732516,8.98877509546741,0.03606630525224641,2026-01-01T00:00:00
0,2026-05-21 10:00:00,10.0,ok,,2.1711144091333545,8.768049792979413,2026-01-01T00:00:00,10.0,7.278138697794676,10.296677405384552,0.12607067966937524,2026-01-01T00:00:00
0,2026-05-22 10:00:00,10.899999618530273,ok,,2.347016286118749,10.454330412547565,2026-01-01T00:00:00,10.0,8.677878038057903,12.27694530584149,0.6819612886710522,2026-01-01T00:00:00
0,2026-05-22 12:00:00,9.100000381469727,ok,,2.2198649812180804,9.206087787205382,2026-01-01T00:00:00,10.0,7.641743074155891,10.811083233857142,0.25837276171619294,2026-01-01T00:00:00
0,2026-05-23 09:35:00,10.800000190734863,ok,,2.2291956088858425,9.292388357756051,2026-01-01T00:00:00,10.0,7.71337901795146,10.912429503077965,0.29266844858838137,2026-01-01T00:00:00
0,2026-05-24 10:00:00,9.5,ok,,2.2951773440813557,9.926196208348484,2026-01-01T00:00:00,10.0,8.239487052608887,11.656735834432963,0.5168057058088196,2026-01-01T00:00:00
0,2026-05-25 05:00:00,11.300000190734863,ok,,2.316612792917716,10.141265497774544,2026-01-01T00:00:00,10.0,8.418010687286731,11.909300446326313,0.5850111177982689,2026-01-01T00:00:00
0,2026-05-25 10:00:00,8.199999809265137,ok,,2.113989092818263,8.281209998609684,2026-01-01T00:00:00,10.0,6.874025168482166,9.724961638585116,0.06998133627040592,2026-01-01T00:00:00
0,2026-05-25 14:00:00,10.100000381469727,ok,,2.291012098071571,9.884937145923105,2026-01-01T00:00:00,10.0,8.205238937467785,11.608283639717678,0.5083595623780658,2026-01-01T00:00:00
0,2026-05-26 10:00:00,9.399999618530273,ok,,2.213162143416677,9.144587218409065,2026-01-01T00:00:00,10.0,7.590692991154397,10.73886061513406,0.2382971533938696,2026-01-01T00:00:00
0,2026-05-27 05:00:00,10.699999809265137,ok,,2.158303189885878,8.656436860142438,2026-01-01T00:00:00,10.0,7.185491595550163,10.165605799859296,0.11536544872983123,2026-01-01T00:00:00
0,2026-05-27 10:00:00,6.0,ok,,2.0656222058500675,7.890205702810552,2026-01-01T00:00:00,10.0,6.549462288086774,9.265789394697213,0.046933609497674555,2026-01-01T00:00:00
0,2026-05-28 10:00:00,8.699999809265137,ok,,2.1016584212991045,8.179724098851796,2026-01-01T00:00:00,10.0,6.789784262950378,9.605782619798193,0.062474524307744694,2026-01-01T00:00:00
0,2026-05-29 10:00:00,8.100000381469727,ok,,2.1121558131185516,8.26604213214918,2026-01-01T00:00:00,10.0,6.861434702134955,9.707149396232566,0.06886525058445492,2026-01-01T00:00:00
0,2026-05-30 10:00:00,9.199999809265137,ok,,2.2111800445054284,9.126479693420698,2026-01-01T00:00:00,10.0,7.575662387833159,10.717596212237485,0.23111650005341566,2026-01-01T00:00:00
0,2026-05-31 10:00:00,9.100000381469727,ok,,2.21132676940996,9.127818873525557,2026-01-01T00:00:00,10.0,7.576774007722946,10.71916886588944,0.23164804803513983,2026-01-01T00:00:00
0,2026-06-01 10:00:00,10.0,ok,,2.2363600893836626,9.35920255162158,2026-01-01T00:00:00,10.0,7.7688398081404015,10.990892127786713,0.3089916094690158,2026-01-01T00:00:00
0,2026-06-02 10:00:00,8.899999618530273,ok,,2.161364186240905,8.682974777331728,2026-01-01T00:00:00,10.0,7.207520056452482,10.196770355120801,0.11759240356774836,2026-01-01T00:00:00
0,2026-06-03 10:00:00,9.300000190734863,ok,,2.181431298575438,8.858977029932142,2026-01-01T00:00:00,10.0,7.353615121580395,10.40345695709454,0.14329245773536659,2026-01-01T00:00:00
0,2026-06-03 20:00:00,9.0,ok,,2.175857842722551,8.80973925230174,2026-01-01T00:00:00,10.0,7.312744074628521,10.345635032677068,0.13103256750973125,2026-01-01T00:00:00
0,2026-06-04 10:00:00,8.699999809265137,ok,,2.1689211262827692,8.748840053632017,2026-01-01T00:00:00,10.0,7.262193173918799,10.274118627347042,0.12400347573546022,2026-01-01T00:00:00
0,2026-06-05 10:00:00,8.5,ok,,2.2192687691412813,9.20060064240012,2026-01-01T00:00:00,10.0,7.6371883325781775,10.80463945658963,0.25659877008276055,2026-01-01T00:00:00
0,2026-06-06 10:00:00,10.5,ok,,2.261251953736673,9.595094264400947,2026-01-01T00:00:00,10.0,7.964647615327274,11.267909358121969,0.4031761139709874,2026-01-01T00:00:00
0,2026-06-07 10:00:00,9.399999618530273,ok,,2.188057286862566,8.91787140922873,2026-01-01T00:00:00,10.0,7.402501871902493,10.472619021513118,0.16307493968727582,2026-01-01T00:00:00
0,2026-06-07 16:15:00,10.800000190734863,ok,,2.2964795208671376,9.93913029002491,2026-01-01T00:00:00,10.0,8.250223310111092,11.671924852481615,0.5194081919611284,2026-01-01T00:00:00
0,2026-06-08 10:00:00,9.699999809265137,ok,,2.2230105644622706,9.235091896197426,2026-01-01T00:00:00,10.0,7.665818659153038,10.845143938434894,0.2743174384586594,2026-01-01T00:00:00
0,2026-06-08 17:00:00,7.599999904632568,ok,,2.390384123997065,10.917686883210234,2026-01-01T00:00:00,10.0,9.062498648071294,12.82108365071394,0.7847513170080548,2026-01-01T00:00:00
0,2026-06-08 22:00:00,6.699999809265137,ok,,2.145884505523103,8.549600062365512,2026-01-01T00:00:00,10.0,7.0968090434880935,10.0401430039461,0.10442679868800786,2026-01-01T00:00:00
0,2026-06-09 10:00:00,5.599999904632568,ok,,2.0884782064642415,8.072620949671679,2026-01-01T00:00:00,10.0,6.700880619254416,9.480007036601636,0.05614255588506967,2026-01-01T00:00:00
0,2026-06-09 17:00:00,6.800000190734863,ok,,2.0207068909103527,7.543655590911416,2026-01-01T00:00:00,10.0,6.261799713205215,8.858821506594836,0.03108203974741275,2026-01-01T00:00:00
0,2026-06-10 10:00:00,10.399999618530273,ok,,2.098201968963138,8.151500077973713,2026-01-01T00:00:00,10.0,6.766356209573603,9.572638004413237,0.06037026439751303,2026-01-01T00:00:00
0,2026-06-10 14:30:00,9.800000190734863,ok,,2.2527246892440944,9.513622218300993,2026-01-01T00:00:00,10.0,7.897019708836209,11.172233421504965,0.37283453001919553,2026-01-01T00:00:00
0,2026-06-11 10:00:00,9.699999809265137,ok,,2.2319444587020785,9.317966877433907,2026-01-01T00:00:00,10.0,7.73461110699009,10.94246739883,0.2974502500848558,2026-01-01T00:00:00
0,2026-06-12 10:00:00,9.699999809265137,ok,,2.2852888725576515,9.82852500513082,2026-01-01T00:00:00,10.0,8.158412631205865,11.542036568909479,0.4955611308895598,2026-01-01T00:00:00
0,2026-06-13 10:00:00,8.600000381469727,ok,,2.177211285088685,8.82167079914954,2026-01-01T00:00:00,10.0,7.322648153059628,10.359646733310587,0.1334653070253895,2026-01-01T00:00:00
0,2026-06-14 10:00:00,9.399999618530273,ok,,2.1706592859150673,8.764060157896177,2026-01-01T00:00:00,10.0,7.274827001559483,10.291992214676556,0.12564171880506714,2026-01-01T00:00:00
0,2026-06-15 10:00:00,9.800000190734863,ok,,2.2150454295601123,9.161825319848761,2026-01-01T00:00:00,10.0,7.605001907746685,10.759104018604233,0.24413369965348308,2026-01-01T00:00:00
0,2026-06-16 04:00:00,8.300000190734863,ok,,2.1228748214220317,8.355122479973144,2026-01-01T00:00:00,10.0,6.935378069476428,9.81176007093896,0.07658375926604166,2026-01-01T00:00:00
0,2026-06-17 09:00:00,2.0999999046325684,ok,,1.643727914753018,5.1744234108618485,2026-01-01T00:00:00,10.0,4.295159374610632,6.076535817939231,0.010000000000000009,2026-01-01T00:00:00
0,2026-06-17 10:00:00,0.30000001192092896,ok,,1.6279889787429438,5.093621031631231,2026-01-01T00:00:00,10.0,4.228087341828253,5.981646298357418,0.010000000000000009,2026-01-01T00:00:00
0,2026-06-17 14:00:00,0.10000000149011612,abstain,outside_training_support,0.8435261569629524,2.324549267868299,2026-01-01T00:00:00,10.0,1.92955017145878,2.7298127279486484,0.010000000000000009,2026-01-01T00:00:00
0,2026-06-17 22:00:00,2.700000047683716,abstain,outside_training_support,0.9595831087895235,2.610607907041559,2026-01-01T00:00:00,10.0,2.1670002887325697,3.0657430198761406,0.010000000000000009,2026-01-01T00:00:00
0,2026-07-02 12:00:00,4.099999904632568,abstain,outside_training_support,0.9777616908404831,2.6584990346409416,2026-01-01T00:00:00,10.0,2.206753515195903,3.121983518403623,0.010000000000000009,2026-01-01T00:00:00
0,2026-07-02 20:00:00,1.100000023841858,abstain,outside_training_support,0.6112313908051226,1.8426990850009903,2026-01-01T00:00:00,10.0,1.5295783937809164,2.1639564648281,0.010000000000000009,2026-01-01T00:00:00
0,2026-07-03 13:00:00,2.299999952316284,abstain,outside_training_support,0.740391750552372,2.0967567592409426,2026-01-01T00:00:00,10.0,1.7404653109421373,2.4623067223854482,0.010000000000000009,2026-01-01T00:00:00
0,2026-07-03 18:00:00,16.100000381469727,ok,,2.3694594387323145,10.691611250819138,2026-01-01T00:00:00,10.0,8.874838923550623,12.555593842727982,0.744078247560757,2026-01-01T00:00:00
0,2026-07-03 21:00:00,13.800000190734863,ok,,2.265120970607499,9.63228975457742,2026-01-01T00:00:00,10.0,7.9955226608423615,11.311589534709121,0.412945859525066,2026-01-01T00:00:00
0,2026-07-04 00:00:00,7.099999904632568,ok,,2.17919063940227,8.83914930366902,2026-01-01T00:00:00,10.0,7.337156622231947,10.380172451892813,0.13702308944349262,2026-01-01T00:00:00
0,2026-07-04 04:00:00,3.700000047683716,ok,,2.344249221084266,10.42544258608333,2026-01-01T00:00:00,10.0,8.653898976276926,12.243021156564518,0.6730586852804864,2026-01-01T00:00:00
0,2026-07-04 10:00:00,3.200000047683716,ok,,1.2856139851724562,3.616887991210767,2026-01-01T00:00:00,10.0,3.002288202730983,4.247458640885716,0.010000000000000009,2026-01-01T00:00:00
0,2026-07-05 10:00:00,4.800000190734863,ok,,1.6699704582940031,5.312010868999871,2026-01-01T00:00:00,10.0,4.409367280250875,6.238110364722532,0.01052685167998324,2026-01-01T00:00:00
0,2026-07-06 10:00:00,6.5,ok,,1.794373888448646,6.015707038768862,2026-01-01T00:00:00,10.0,4.993487859582718,7.064489391141574,0.014291519257005225,2026-01-01T00:00:00
0,2026-07-07 10:00:00,5.699999809265137,ok,,1.903768061985251,6.711134830774623,2026-01-01T00:00:00,10.0,5.5707450654635196,7.881158525337834,0.017601980212273327,2026-01-01T00:00:00
0,2026-07-08 10:00:00,5.300000190734863,ok,,1.7282603607771465,5.630849735980712,2026-01-01T00:00:00,10.0,4.674027444246789,6.61253581110044,0.012290807108489288,2026-01-01T00:00:00
0,2026-07-09 10:00:00,9.600000381469727,ok,,2.1458457984525694,8.549269138797445,2026-01-01T00:00:00,10.0,7.096534352116167,10.03975438694384,0.10438402857004703,2026-01-01T00:00:00
0,2026-07-10 10:00:00,8.0,ok,,2.081582808577241,8.017148488372303,2026-01-01T00:00:00,10.0,6.654834317422488,9.414863469631966,0.0532246231035306,2026-01-01T00:00:00
0,2026-07-11 10:00:00,8.100000381469727,ok,,2.06101191101572,7.853913251948743,2026-01-01T00:00:00,10.0,6.519336832906691,9.22316969389738,0.045238623677986145,2026-01-01T00:00:00
0,2026-07-12 10:00:00,11.600000381469727,ok,,2.2895481757267255,9.870476952440402,2026-01-01T00:00:00,10.0,8.193235892748723,11.591302446518927,0.5051995269480392,2026-01-01T00:00:00
0,2026-07-12 14:00:00,6.800000190734863,ok,,1.9295579699889969,6.88646554426677,2026-01-01T00:00:00,10.0,5.716282702784068,8.087056511630074,0.018382428390875782,2026-01-01T00:00:00
0,2026-07-13 10:00:00,7.900000095367432,ok,,2.0601049160395326,7.846793021580518,2026-01-01T00:00:00,10.0,6.5134265078739,9.214808117847442,0.04490516482591611,2026-01-01T00:00:00
0,2026-07-14 10:00:00,8.899999618530273,ok,,2.1786107574971885,8.834025126783825,2026-01-01T00:00:00,10.0,7.332903171240787,10.374154922613128,0.13598078305483075,2026-01-01T00:00:00
0,2026-07-15 10:00:00,10.300000190734863,ok,,2.209872020541563,9.114549843241857,2026-01-01T00:00:00,10.0,7.565759717764492,10.703586504071314,0.22727671847784314,2026-01-01T00:00:00
0,2026-07-16 10:00:00,11.0,ok,,2.3091508453120615,10.06587354121251,2026-01-01T00:00:00,10.0,8.355429710956514,11.820764606087174,0.5596968519628844,2026-01-01T00:00:00
0,2026-07-17 10:00:00,9.100000381469727,ok,,2.241957930364653,9.411740792379012,2026-01-01T00:00:00,10.0,7.812450486934322,11.052589920260345,0.3281874224465151,2026-01-01T00:00:00
0,2026-07-18 05:00:00,10.300000190734863,ok,,2.162957297721893,8.696818748705486,2026-01-01T00:00:00,10.0,7.219011590620911,10.213027893639698,0.11875143380118869,2026-01-01T00:00:00
0,2026-07-18 10:00:00,12.399999618530273,ok,,2.3650412405511823,10.644477792589374,2026-01-01T00:00:00,10.0,8.835714619469046,12.500243106150203,0.7331913949272064,2026-01-01T00:00:00
0,2026-07-18 22:00:00,10.399999618530273,ok,,2.2991060171831665,9.965269691610326,2026-01-01T00:00:00,10.0,8.271920973184171,11.702621414664728,0.5258843386599041,2026-01-01T00:00:00
0,2026-07-19 10:00:00,9.100000381469727,ok,,2.28971513742452,9.872125081613815,2026-01-01T00:00:00,10.0,8.194603963528337,11.59323791162482,0.5055599319123771,2026-01-01T00:00:00
0,2026-07-20 10:00:00,10.199999809265137,ok,,2.2702154962562,9.681486913475766,2026-01-01T00:00:00,10.0,8.03635999120131,11.369363758897872,0.43365605318915446,2026-01-01T00:00:00
0,2026-07-21 10:00:00,8.100000381469727,ok,,2.1336953751055683,8.446020427468076,2026-01-01T00:00:00,10.0,7.010830180816249,9.918505226847667,0.0884568157189356,2026-01-01T00:00:00
0,2026-07-23 10:00:00,6.400000095367432,ok,,2.004005220751927,7.418710245815353,2026-01-01T00:00:00,10.0,6.158085709210724,8.71209310722047,0.026079258250551463,2026-01-01T00:00:00
0,2026-07-24 10:00:00,8.800000190734863,ok,,2.1257724464110495,8.379367601328202,2026-01-01T00:00:00,10.0,6.955503337937867,9.840232102820817,0.07873814787182354,2026-01-01T00:00:00
0,2026-07-25 10:00:00,7.400000095367432,ok,,2.140204483418104,8.501175800652035,2026-01-01T00:00:00,10.0,7.056613275739238,9.98327642434971,0.09762479831418347,2026-01-01T00:00:00
0,2026-07-26 10:00:00,9.899999618530273,ok,,2.1512585709804513,8.595669852892962,2026-01-01T00:00:00,10.0,7.135050423630073,10.09424463228934,0.11024030438689258,2026-01-01T00:00:00
0,2026-07-27 10:00:00,10.800000190734863,ok,,2.2834449414079976,9.810418580349316,2026-01-01T00:00:00,10.0,8.143382941138814,11.520773458030561,0.49113816977427527,2026-01-01T00:00:00
0,2026-07-28 10:00:00,9.300000190734863,ok,,2.1701751010836428,8.759817760041257,2026-01-01T00:00:00,10.0,7.271305493273336,10.287010194367733,0.12518536690864124,2026-01-01T00:00:00
0,2026-07-29 10:00:00,8.0,ok,,2.1634034500179307,8.700699720046206,2026-01-01T00:00:00,10.0,7.222233087802935,10.217585476096282,0.11907602125536099,2026-01-01T00:00:00
0,2026-07-30 10:00:00,8.5,ok,,2.1108456093756525,8.255219024594965,2026-01-01T00:00:00,10.0,6.852450711420874,9.694439380933753,0.06806760926253363,2026-01-01T00:00:00
0,2026-07-31 10:00:00,8.600000381469727,ok,,2.157925392591738,8.65316709941205,2026-01-01T00:00:00,10.0,7.18277744899919,10.161765986875961,0.11509059132578503,2026-01-01T00:00:00
0,2026-08-01 10:00:00,8.399999618530273,ok,,2.116615231938656,8.302986189289193,2026-01-01T00:00:00,10.0,6.89210103937902,9.750534304781032,0.07192974492292692,2026-01-01T00:00:00
0,2026-08-02 10:00:00,10.600000381469727,ok,,2.2285295310928537,9.286200965098304,2026-01-01T00:00:00,10.0,7.7082430181562875,10.905163396283237,0.2915097633199212,2026-01-01T00:00:00
0,2026-08-03 10:00:00,9.600000381469727,ok,,2.2782589626456744,9.759673652729965,2026-01-01T00:00:00,10.0,8.101260846700102,11.46118162609612,0.4671107364367104,2026-01-01T00:00:00
0,2026-08-04 10:00:00,8.0,ok,,2.155854739086841,8.635267926517123,2026-01-01T00:00:00,10.0,7.1679197935363534,10.140746260314893,0.11358413679087298,2026-01-01T00:00:00
0,2026-08-05 10:00:00,7.800000190734863,ok,,2.148114630020098,8.56868801124421,2026-01-01T00:00:00,10.0,7.1126534721439185,10.062558758483878,0.10689101740796725,2026-01-01T00:00:00
0,2026-08-06 10:00:00,9.300000190734863,ok,,2.2107611943845584,9.122657866740148,2026-01-01T00:00:00,10.0,7.57248998515335,10.713108085760327,0.2296985939872419,2026-01-01T00:00:00
0,2026-08-07 10:00:00,9.699999809265137,abstain,no_control_telemetry|too_many_missing_features,2.149074361547902,8.576915598786574,2026-01-01T00:00:00,10.0,7.1194829866534635,10.072220749091654,0.10795149111700764,2026-01-01T00:00:00
0,2026-08-07 13:00:00,8.800000190734863,abstain,no_control_telemetry|too_many_missing_features,2.1528754560535415,8.609579305133858,2026-01-01T00:00:00,10.0,7.146596311827543,10.110579067653154,0.11141663052983641,2026-01-01T00:00:00
0,2026-08-08 10:00:00,6.699999809265137,abstain,no_control_telemetry|too_many_missing_features,2.129875762385272,8.413821433398203,2026-01-01T00:00:00,10.0,6.984102601673434,9.880692638810036,0.08326840609959718,2026-01-01T00:00:00
0,2026-08-09 10:00:00,7.300000190734863,abstain,no_control_telemetry|too_many_missing_features,2.1052072861195597,8.208804404463173,2026-01-01T00:00:00,10.0,6.813923096854277,9.639932805164396,0.0646350441826492,2026-01-01T00:00:00
60,2026-01-01 09:00:00,8.899999618530273,ok,,2.18304107570006,8.873249493162769,2026-01-01T00:00:00,10.0,6.99942465742009,10.753062690866235,0.19616580493823832,2026-01-01T00:00:00
60,2026-01-02 09:00:00,9.100000381469727,ok,,2.198087766483693,9.00777205622198,2026-01-01T00:00:00,10.0,7.1055391699875,10.916084090752072,0.22845528261001036,2026-01-01T00:00:00
60,2026-01-03 09:00:00,10.600000381469727,ok,,2.178477439336742,8.832847469307893,2026-01-01T00:00:00,10.0,6.967554605507609,10.704101428626949,0.18311525631606607,2026-01-01T00:00:00
60,2026-01-03 13:58:15,8.699999809265137,ok,,2.131793177262027,8.429969696297322,2026-01-01T00:00:00,10.0,6.649755289652742,10.215873305065521,0.11897157951452819,2026-01-01T00:00:00
60,2026-01-04 09:00:00,8.100000381469727,ok,,2.130397964891015,8.418216299438756,2026-01-01T00:00:00,10.0,6.640483938064613,10.20162993082611,0.11764763342120754,2026-01-01T00:00:00
60,2026-01-04 17:00:00,6.800000190734863,ok,,2.095081012333841,8.12609925781346,2026-01-01T00:00:00,10.0,6.41005525175525,9.847627390484197,0.077841983529231,2026-01-01T00:00:00
60,2026-01-05 09:00:00,7.900000095367432,ok,,2.0853527894026325,8.047430028996203,2026-01-01T00:00:00,10.0,6.347999142503728,9.752291949959744,0.07373501087166379,2026-01-01T00:00:00
60,2026-01-05 21:00:00,8.600000381469727,ok,,2.1527164616165857,8.608210538735817,2026-01-01T00:00:00,10.0,6.790355793277106,10.43187477716329,0.14426625268506077,2026-01-01T00:00:00
60,2026-01-06 09:00:00,10.5,ok,,2.2518120969451307,9.504944120314295,2026-01-01T00:00:00,10.0,7.497720006001368,11.518582913472144,0.36562944193658,2026-01-01T00:00:00
60,2026-01-06 15:00:00,8.899999618530273,ok,,2.1951028693080508,8.98092487082962,2026-01-01T00:00:00,10.0,7.0843614885121395,10.883549282864635,0.22239116109514723,2026-01-01T00:00:00
60,2026-01-07 09:00:00,7.099999904632568,ok,,2.067708548646207,7.90668456093467,2026-01-01T00:00:00,10.0,6.236975858381139,9.581729311921993,0.06525884062843079,2026-01-01T00:00:00
60,2026-01-08 09:00:00,8.199999809265137,ok,,2.168471112626208,8.744903841869768,2026-01-01T00:00:00,10.0,6.898182635878253,10.597526792149859,0.1675473573367483,2026-01-01T00:00:00
60,2026-01-09 17:00:00,13.0,abstain,outside_training_support,2.075406932257032,7.967788149431045,2026-01-01T00:00:00,10.0,6.285175783820848,9.655777800950133,0.06940785761960189,2026-01-01T00:00:00
60,2026-01-09 20:00:00,2.0,ok,,1.8611640095653592,6.431218415984589,2026-01-01T00:00:00,10.0,5.07309399930461,7.793683121276253,0.015829283231029057,2026-01-01T00:00:00
60,2026-01-10 09:00:00,6.599999904632568,ok,,1.7380634165682654,5.686320718432865,2026-01-01T00:00:00,10.0,4.485501447611287,6.8909775627063485,0.010537139080188607,2026-01-01T00:00:00
60,2026-01-11 09:00:00,8.800000190734863,ok,,2.064890546406352,7.884434870694579,2026-01-01T00:00:00,10.0,6.219424787535396,9.554765986458372,0.06374008815188814,2026-01-01T00:00:00
60,2026-01-12 09:00:00,12.0,ok,,2.2353835863420835,9.35006772268317,2026-01-01T00:00:00,10.0,7.375549917437195,11.330895684081572,0.3235454076691583,2026-01-01T00:00:00
60,2026-01-12 15:00:00,9.800000190734863,ok,,2.1833677971787675,8.876149048005749,2026-01-01T00:00:00,10.0,7.001711893418483,10.756576521399928,0.19673759282352843,2026-01-01T00:00:00
60,2026-01-13 09:00:00,9.0,ok,,2.118573039799127,8.319257764026998,2026-01-01T00:00:00,10.0,6.562423153979036,10.081706859137562,0.10683643379121699,2026-01-01T00:00:00
60,2026-01-13 21:00:00,11.100000381469727,ok,,2.1765702401666136,8.816017524074796,2026-01-01T00:00:00,10.0,6.954278755015821,10.683706030490699,0.17802797266205228,2026-01-01T00:00:00
60,2026-01-14 09:00:00,8.899999618530273,ok,,2.3307220730073865,10.28536563724601,2026-01-01T00:00:00,10.0,8.113334568964138,12.464338073781114,0.5845049149567468,2026-01-01T00:00:00
60,2026-01-15 09:00:00,9.5,ok,,2.1843448637488834,8.884825874740304,2026-01-01T00:00:00,10.0,7.00855637525581,10.767091548832253,0.19844753497402312,2026-01-01T00:00:00
60,2026-01-16 09:00:00,9.399999618530273,ok,,2.2648718108549706,9.629890074610135,2026-01-01T00:00:00,10.0,7.596280267832962,11.669998883523313,0.40752767389653144,2026-01-01T00:00:00
60,2026-01-17 09:00:00,9.899999618530273,ok,,2.201622608520474,9.03966945045561,2026-01-01T00:00:00,10.0,7.1307005731328035,10.954739002927573,0.23842359709965377,2026-01-01T00:00:00
60,2026-01-18 09:00:00,9.199999809265137,ok,,2.255416523470455,9.539265810870567,2026-01-01T00:00:00,10.0,7.524793750219765,11.560175713324384,0.3806167536490851,2026-01-01T00:00:00
60,2026-01-18 13:30:00,9.600000381469727,ok,,2.2302712665307807,9.302389164090425,2026-01-01T00:00:00,10.0,7.3379399664376805,11.273116340679476,0.3100555763740114,2026-01-01T00:00:00
60,2026-01-18 21:00:00,7.099999904632568,ok,,2.210838599898557,9.12336403809178,2026-01-01T00:00:00,10.0,7.19672080178124,11.056164433197669,0.25978684059633594,2026-01-01T00:00:00
60,2026-01-19 09:00:00,7.599999904632568,ok,,2.161819430800612,8.686928554260614,2026-01-01T00:00:00,10.0,6.852450386613177,10.52726933994336,0.16030195370053313,2026-01-01T00:00:00
60,2026-01-19 16:44:10,7.0,ok,,2.065043924119946,7.885644260032344,2026-01-01T00:00:00,10.0,6.220378781848043,9.556231587011663,0.06382275053557007,2026-01-01T00:00:00
60,2026-01-19 21:00:00,9.899999618530273,ok,,2.1840504844031905,8.882210750450877,2026-01-01T00:00:00,10.0,7.006493504663955,10.763922405955082,0.1979323483257115,2026-01-01T00:00:00
60,2026-01-20 04:30:00,7.099999904632568,ok,,2.065434548027895,7.8887251829117835,2026-01-01T00:00:00,10.0,6.222809085153115,9.559965208712919,0.06403327592806396,2026-01-01T00:00:00
60,2026-01-20 09:00:00,8.0,ok,,2.1312071710100575,8.425031128508508,2026-01-01T00:00:00,10.0,6.645859633029988,10.209888493179285,0.11841550597040273,2026-01-01T00:00:00
60,2026-01-21 09:00:00,9.899999618530273,ok,,2.2239367904723117,9.243649641107963,2026-01-01T00:00:00,10.0,7.291604870614518,11.201932748518713,0.29459562935228056,2026-01-01T00:00:00
60,2026-01-22 09:00:00,9.199999809265137,ok,,2.2497542169830695,9.485404198571048,2026-01-01T00:00:00,10.0,7.4823064632897465,11.494903425631568,0.3608679136656081,2026-01-01T00:00:00
60,2026-01-23 09:00:00,8.5,ok,,2.216305240154706,9.173374757977252,2026-01-01T00:00:00,10.0,7.236170415608892,11.11677001028171,0.27284682201485433,2026-01-01T00:00:00
60,2026-01-24 09:00:00,9.600000381469727,ok,,2.1147419057482604,8.287446547755543,2026-01-01T00:00:00,10.0,6.53732973000572,10.043156381874047,0.10361783625089693,2026-01-01T00:00:00
60,2026-01-25 09:00:00,7.400000095367432,ok,,2.1528400424054124,8.609274413920494,2026-01-01T00:00:00,10.0,6.791195002656464,10.433164036139374,0.14440298388940953,2026-01-01T00:00:00
60,2026-01-26 09:00:00,8.199999809265137,ok,,2.1163224071978037,8.30055522545056,2026-01-01T00:00:00,10.0,6.547670158498729,10.059042155530866,0.10494564102369563,2026-01-01T00:00:00
60,2026-01-27 09:00:00,8.0,ok,,2.207431160515633,9.092329632119649,2026-01-01T00:00:00,10.0,7.172240143758819,11.01855533483418,0.25191122601850857,2026-01-01T00:00:00
60,2026-01-28 09:00:00,7.699999809265137,ok,,2.1634263426926283,8.700898904614464,2026-01-01T00:00:00,10.0,6.863470522451225,10.544199333096834,0.16205229678229183,2026-01-01T00:00:00
60,2026-01-29 09:00:00,9.0,ok,,2.1065074673897497,8.219484279582806,2026-01-01T00:00:00,10.0,6.483719519226794,9.960796190059535,0.09208869924757823,2026-01-01T00:00:00
60,2026-01-30 09:00:00,8.5,ok,,2.1485369800315466,8.572307761070743,2026-01-01T00:00:00,10.0,6.762034850937726,10.38836593417333,0.13938055687709316,2026-01-01T00:00:00
60,2026-01-31 09:00:00,8.699999809265137,ok,,2.153334882851682,8.61353568535131,2026-01-01T00:00:00,10.0,6.79455639222945,10.438328065266886,0.1449504810434683,2026-01-01T00:00:00
60,2026-02-01 09:00:00,9.0,ok,,2.2212426195157184,9.218779186383996,2026-01-01T00:00:00,10.0,7.271986480060942,11.171793445098558,0.28624710293744937,2026-01-01T00:00:00
60,2026-02-02 09:00:00,9.199999809265137,ok,,2.1329451183829207,8.439686120338127,2026-01-01T00:00:00,10.0,6.657419829916774,10.227648170285114,0.12006334526442286,2026-01-01T00:00:00
60,2026-02-03 09:00:00,8.399999618530273,ok,,2.083490952504415,8.03246096613329,2026-01-01T00:00:00,10.0,6.336191199113668,9.734151665330934,0.07294899750746564,2026-01-01T00:00:00
60,2026-02-04 09:00:00,9.800000190734863,ok,,2.1481769852541155,8.569222330449001,2026-01-01T00:00:00,10.0,6.759600991821152,10.384626849756796,0.13869132853210142,2026-01-01T00:00:00
60,2026-02-05 09:00:00,8.899999618530273,ok,,2.2120960096840796,9.134843060715415,2026-01-01T00:00:00,10.0,7.205775720619806,11.070075306547608,0.26294409315594713,2026-01-01T00:00:00
60,2026-02-06 09:00:00,6.400000095367432,ok,,2.0002546726758443,7.3909381292600065,2026-01-01T00:00:00,10.0,5.830143131134861,8.956721109835312,0.0345337825814489,2026-01-01T00:00:00
60,2026-02-07 09:00:00,7.0,ok,,2.0671977972221094,7.902647241656336,2026-01-01T00:00:00,10.0,6.233791127451571,9.576836679596438,0.06498357293017454,2026-01-01T00:00:00
60,2026-02-08 09:00:00,9.899999618530273,ok,,2.158365910791781,8.656979816731383,2026-01-01T00:00:00,10.0,6.828826128996819,10.490975910753493,0.15128217778781117,2026-01-01T00:00:00
60,2026-02-09 09:00:00,10.300000190734863,ok,,2.259338469188323,9.57675175443739,2026-01-01T00:00:00,10.0,7.5543635304801375,11.605603118640884,0.38991726626499845,2026-01-01T00:00:00
60,2026-02-10 09:00:00,9.100000381469727,ok,,2.2401293288367197,9.394546194610681,2026-01-01T00:00:00,10.0,7.410635565978204,11.384796996943225,0.33412383796096756,2026-01-01T00:00:00
60,2026-02-11 09:00:00,8.699999809265137,ok,,2.1694662598103593,8.753610639857886,2026-01-01T00:00:00,10.0,6.9050507597343636,10.608078140297465,0.1686313302650494,2026-01-01T00:00:00
60,2026-02-12 09:00:00,7.699999809265137,ok,,2.1588884323666893,8.661504457467426,2026-01-01T00:00:00,10.0,6.832395270375998,10.496459104427446,0.15271631063256497,2026-01-01T00:00:00
60,2026-02-13 09:00:00,8.899999618530273,ok,,2.128621713897013,8.403276706530482,2026-01-01T00:00:00,10.0,6.62869924125714,10.183525359412618,0.11596211183816696,2026-01-01T00:00:00
60,2026-02-14 09:00:00,7.699999809265137,ok,,2.15250370326044,8.60637926482856,2026-01-01T00:00:00,10.0,6.788911242016509,10.429655544722678,0.14403085439583418,2026-01-01T00:00:00
60,2026-02-15 09:00:00,8.199999809265137,ok,,2.123808379369191,8.362926112968855,2026-01-01T00:00:00,10.0,6.596869758750825,10.134626423062842,0.1113946384008917,2026-01-01T00:00:00
60,2026-02-16 09:00:00,7.800000190734863,ok,,2.0624409760221427,7.865145028098225,2026-01-01T00:00:00,10.0,6.204208513045345,9.531389557462957,0.062419900738667766,2026-01-01T00:00:00
60,2026-02-17 09:00:00,8.0,ok,,2.1197040392789868,8.328672163067598,2026-01-01T00:00:00,10.0,6.569849449929616,10.09311571484013,0.10778660470553314,2026-01-01T00:00:00
60,2026-02-18 09:00:00,8.800000190734863,ok,,2.2237888880481105,9.242282584015598,2026-01-01T00:00:00,10.0,7.290526504326296,11.20027607802528,0.29423148379692976,2026-01-01T00:00:00
60,2026-02-19 09:00:00,9.5,ok,,2.167734187219838,8.738461873968868,2026-01-01T00:00:00,10.0,6.893101062436347,10.589720082246762,0.16674465477836875,2026-01-01T00:00:00
60,2026-02-20 09:00:00,7.400000095367432,ok,,2.1263657102399276,8.384340251935965,2026-01-01T00:00:00,10.0,6.613761727405521,10.160577184276272,0.1138213429556858,2026-01-01T00:00:00
60,2026-02-21 09:00:00,7.400000095367432,ok,,2.0468061509883366,7.743131179794171,2026-01-01T00:00:00,10.0,6.107961164312034,9.383526865111264,0.055962281168773775,2026-01-01T00:00:00
60,2026-02-22 09:00:00,7.800000190734863,ok,,2.1764795462154476,8.815218000868498,2026-01-01T00:00:00,10.0,6.953648072597992,10.682737126915208,0.17790345913884553,2026-01-01T00:00:00
60,2026-02-23 09:00:00,10.399999618530273,ok,,2.140139644808217,8.500624614099994,2026-01-01T00:00:00,10.0,6.705489524807188,10.30149658897471,0.12674945226451906,2026-01-01T00:00:00
60,2026-02-24 09:00:00,8.0,ok,,2.169742544291258,8.75602946075546,2026-01-01T00:00:00,10.0,6.906958781665384,10.611009392570901,0.1689322755951208,2026-01-01T00:00:00
60,2026-02-25 09:00:00,9.100000381469727,ok,,2.0925604715940667,8.105642884969418,2026-01-01T00:00:00,10.0,6.393918791195195,9.82283729979767,0.07677788456956092,2026-01-01T00:00:00
60,2026-02-26 09:00:00,8.699999809265137,ok,,2.107105429174099,8.224400686834393,2026-01-01T00:00:00,10.0,6.48759769510466,9.966754146660538,0.09329301496709197,2026-01-01T00:00:00
60,2026-02-27 09:00:00,8.899999618530273,ok,,2.1009596064616836,8.17400998307249,2026-01-01T00:00:00,10.0,6.447848341196874,9.905688085460959,0.08145306771567584,2026-01-01T00:00:00
60,2026-02-28 09:00:00,8.600000381469727,ok,,2.163777326697499,8.70395331695156,2026-01-01T00:00:00,10.0,6.865879913626654,10.547900827951663,0.16243460923376196,2026-01-01T00:00:00
60,2026-03-01 09:00:00,9.899999618530273,ok,,2.148335239801349,8.570578556160662,2026-01-01T00:00:00,10.0,6.760670814065476,10.386270394222853,0.13899431492666925,2026-01-01T00:00:00
60,2026-03-02 09:00:00,8.199999809265137,abstain,outside_training_support,2.1030966860695117,8.191497172223674,2026-01-01T00:00:00,10.0,6.461642640909519,9.926879965772068,0.08550235393053496,2026-01-01T00:00:00
60,2026-03-03 09:00:00,10.199999809265137,ok,,2.2179304488241027,9.18829552755939,2026-01-01T00:00:00,10.0,7.247940264140862,11.134851770614983,0.27611261032799805,2026-01-01T00:00:00
60,2026-03-04 12:30:00,2.700000047683716,abstain,outside_training_support,1.4548289540808623,4.283750684861077,2026-01-01T00:00:00,10.0,3.379121729075764,5.19127065026699,0.010000000000000009,2026-01-01T00:00:00
60,2026-03-04 15:30:00,8.100000381469727,ok,,1.573277500975351,4.822427832683982,2026-01-01T00:00:00,10.0,3.8040427361730678,5.844067480237796,0.010000000000000009,2026-01-01T00:00:00
60,2026-03-05 09:00:00,6.0,ok,,2.1108152829582116,8.25496867717285,2026-01-01T00:00:00,10.0,6.511710433675534,10.003798018434514,0.10031901707985891,2026-01-01T00:00:00
60,2026-03-06 09:00:00,8.5,ok,,2.1225995241079287,8.352822653777919,2026-01-01T00:00:00,10.0,6.588899916198695,10.12238252862953,0.11024753045245972,2026-01-01T00:00:00
60,2026-03-07 09:00:00,8.899999618530273,ok,,2.2534507033810702,9.52053175043083,2026-01-01T00:00:00,10.0,7.5100158895638085,11.537472809893325,0.3694208539788584,2026-01-01T00:00:00
60,2026-03-08 09:00:00,7.599999904632568,ok,,2.0822737665315514,8.022689915117207,2026-01-01T00:00:00,10.0,6.328483567826665,9.722310600317202,0.0724351370064189,2026-01-01T00:00:00
60,2026-03-09 09:00:00,8.399999618530273,ok,,2.1763002401166816,8.813637520218133,2026-01-01T00:00:00,10.0,6.9524013528654685,10.680821818715192,0.17765729019590304,2026-01-01T00:00:00
60,2026-03-10 09:00:00,8.100000381469727,ok,,2.1058538306806316,8.214113478395277,2026-01-01T00:00:00,10.0,6.479482906890912,9.954287575384136,0.09077225230356734,2026-01-01T00:00:00
60,2026-03-10 21:00:00,7.300000190734863,ok,,2.0615258401352987,7.857950644049386,2026-01-01T00:00:00,10.0,6.1985334163239925,9.52267103075423,0.06192669144491325,2026-01-01T00:00:00
60,2026-03-11 13:30:00,7.199999809265137,ok,,1.9263139055064207,6.864161603256025,2026-01-01T00:00:00,10.0,5.41460961008336,8.318346068925864,0.01863010353853556,2026-01-01T00:00:00
60,2026-03-12 09:00:00,8.300000190734863,ok,,2.1095126910483954,8.244222822009593,2026-01-01T00:00:00,10.0,6.503233854305967,9.990775635335007,0.09814132365851624,2026-01-01T00:00:00
60,2026-03-13 09:00:00,8.800000190734863,ok,,2.097121511414013,8.142697484448423,2026-01-01T00:00:00,10.0,6.423148317251462,9.867741980037945,0.07870342286808218,2026-01-01T00:00:00
60,2026-03-14 09:00:00,9.0,ok,,2.189664949785159,8.932219871096477,2026-01-01T00:00:00,10.0,7.045941856974168,10.824526044997532,0.2086574350863104,2026-01-01T00:00:00
60,2026-03-15 09:00:00,8.800000190734863,ok,,2.150626556335834,8.590238980042004,2026-01-01T00:00:00,10.0,6.776179411653816,10.410095912787162,0.14195395747538408,2026-01-01T00:00:00
60,2026-03-15 14:00:00,9.100000381469727,ok,,2.149764685325957,8.582838491688479,2026-01-01T00:00:00,10.0,6.770341735084648,10.401127618221592,0.14100037348961547,2026-01-01T00:00:00
60,2026-03-15 21:00:00,8.5,ok,,2.1560514869664678,8.636967064317071,2026-01-01T00:00:00,10.0,6.81303960650362,10.466723422249286,0.14795616304210324,2026-01-01T00:00:00
60,2026-03-16 09:00:00,7.599999904632568,ok,,2.144143935243283,8.534731825951534,2026-01-01T00:00:00,10.0,6.732394083257107,10.342829472438975,0.13096984878155926,2026-01-01T00:00:00
60,2026-03-16 21:00:00,8.100000381469727,ok,,2.2544920718132975,9.530451295707968,2026-01-01T00:00:00,10.0,7.517840656562266,11.549493827933235,0.37543524963329267,2026-01-01T00:00:00
60,2026-03-17 09:00:00,12.800000190734863,ok,,2.2014300694879245,9.037929128790354,2026-01-01T00:00:00,10.0,7.129327767106665,10.95262999111818,0.23783903311143306,2026-01-01T00:00:00
60,2026-03-17 15:00:00,9.600000381469727,ok,,2.240530910836708,9.39831963288223,2026-01-01T00:00:00,10.0,7.413612141459539,11.38936984461592,0.3351600048200257,2026-01-01T00:00:00
60,2026-03-17 21:00:00,8.699999809265137,ok,,2.1753524195003737,8.805287730548297,2026-01-01T00:00:00,10.0,6.945814845437231,10.67070311171338,0.17635602938647532,2026-01-01T00:00:00
60,2026-03-19 09:00:00,8.5,ok,,2.198193986048848,9.008728908670133,2026-01-01T00:00:00,10.0,7.106293957354212,10.917243654040451,0.22867107843561296,2026-01-01T00:00:00
60,2026-03-20 09:00:00,7.400000095367432,ok,,2.1736829003078264,8.790599398324249,2026-01-01T00:00:00,10.0,6.934228348875333,10.6529030309931,0.17406395021192456,2026-01-01T00:00:00
60,2026-03-21 09:00:00,6.800000190734863,ok,,1.980921994185197,7.249423831455657,2026-01-01T00:00:00,10.0,5.718513376309136,8.785226764148694,0.027123061802828197,2026-01-01T00:00:00
60,2026-03-22 09:00:00,8.199999809265137,ok,,2.097880418338276,8.14887937939629,2026-01-01T00:00:00,10.0,6.428024739126112,9.875233520084688,0.07902381128944402,2026-01-01T00:00:00
60,2026-03-23 09:00:00,7.699999809265137,ok,,2.030405749651537,7.6171763985157,2026-01-01T00:00:00,10.0,6.008605116397479,9.230888346342535,0.05002046065494303,2026-01-01T00:00:00
60,2026-03-24 09:00:00,9.199999809265137,ok,,2.1521637471165715,8.603453970585068,2026-01-01T00:00:00,10.0,6.786603702183004,10.426110521852111,0.1436547230131313,2026-01-01T00:00:00
60,2026-03-25 09:00:00,8.300000190734863,ok,,2.037109822506594,7.668414062653303,2026-01-01T00:00:00,10.0,6.049022572260711,9.292980797933097,0.05244932790022283,2026-01-01T00:00:00
60,2026-03-26 09:00:00,7.5,ok,,2.046572360315457,7.741321119541297,2026-01-01T00:00:00,10.0,6.10653334687321,9.381333340474276,0.055877579447911496,2026-01-01T00:00:00
60,2026-03-27 09:00:00,7.199999809265137,ok,,1.9315873170003117,6.900454762225454,2026-01-01T00:00:00,10.0,5.443238494234768,8.362327996172308,0.018856809625914295,2026-01-01T00:00:00
60,2026-03-28 09:00:00,7.800000190734863,ok,,2.0528902214152738,7.790384535829646,2026-01-01T00:00:00,10.0,6.145235705688946,9.440790926061519,0.058166523231390266,2026-01-01T00:00:00
60,2026-03-29 09:00:00,9.0,ok,,2.072405549318663,7.943909618256243,2026-01-01T00:00:00,10.0,6.2663398455305215,9.626840561792562,0.06779027275532024,2026-01-01T00:00:00
60,2026-03-30 09:00:00,7.099999904632568,ok,,2.0699657606955224,7.924551782063025,2026-01-01T00:00:00,10.0,6.251069936116894,9.603381734639603,0.06647535718810405,2026-01-01T00:00:00
60,2026-03-31 09:00:00,7.800000190734863,ok,,1.9314735377395886,6.899669678247939,2026-01-01T00:00:00,10.0,5.4426192018149395,8.361376590801108,0.018851918209598084,2026-01-01T00:00:00
60,2026-04-01 09:00:00,9.899999618530273,ok,,2.170507520737891,8.762730179678274,2026-01-01T00:00:00,10.0,6.912244463904672,10.619129670345849,0.1697655329987936,2026-01-01T00:00:00
60,2026-04-02 09:00:00,7.099999904632568,ok,,2.386709551713741,10.87764267132474,2026-01-01T00:00:00,10.0,8.580536407428015,13.182090018287616,0.7231782116862113,2026-01-01T00:00:00
60,2026-04-03 09:00:00,9.100000381469727,ok,,2.137791233667233,8.480685074832937,2026-01-01T00:00:00,10.0,6.689760754539771,10.277332823949182,0.12456699754260325,2026-01-01T00:00:00
60,2026-04-04 09:00:00,8.800000190734863,ok,,2.1369974284534883,8.473955734050667,2026-01-01T00:00:00,10.0,6.684452494715013,10.269177860724525,0.12382928858407183,2026-01-01T00:00:00
60,2026-04-04 15:00:00,5.5,ok,,2.209373361689181,9.110005925303659,2026-01-01T00:00:00,10.0,7.186183613111201,11.03997638119338,0.25640023555221403,2026-01-01T00:00:00
60,2026-04-05 09:00:00,10.0,ok,,2.163168122260657,8.69865244479417,2026-01-01T00:00:00,10.0,6.861698462928929,10.541476956891955,0.16177102787830555,2026-01-01T00:00:00
60,2026-04-06 09:00:00,9.699999809265137,ok,,2.0762780175305338,7.974731796165539,2026-01-01T00:00:00,10.0,6.290653093142904,9.664192471212338,0.06987732598896645,2026-01-01T00:00:00
60,2026-04-07 09:00:00,8.300000190734863,ok,,2.186345036233812,8.902614843560649,2026-01-01T00:00:00,10.0,7.0225887257591,10.788649141355537,0.20217380765187976,2026-01-01T00:00:00
60,2026-04-08 09:00:00,9.399999618530273,ok,,2.155111439274629,8.628851718367505,2026-01-01T00:00:00,10.0,6.8066380337104,10.456888826273936,0.14691608347738483,2026-01-01T00:00:00
60,2026-04-09 02:00:00,8.199999809265137,ok,,2.120535118130477,8.335596823434141,2026-01-01T00:00:00,10.0,6.575311782365009,10.101507376439612,0.10848480746004463,2026-01-01T00:00:00
60,2026-04-09 09:00:00,7.699999809265137,ok,,2.093988851917541,8.117229098565263,2026-01-01T00:00:00,10.0,6.4030582647546135,9.83687807271202,0.07738090518027252,2026-01-01T00:00:00
60,2026-04-10 01:00:00,5.699999809265137,ok,,1.9401564526202528,6.9598397706309,2026-01-01T00:00:00,10.0,5.490082763905588,8.434293820955373,0.019225200222943384,2026-01-01T00:00:00
60,2026-04-10 09:00:00,7.900000095367432,ok,,2.047569876370518,7.7490470643817995,2026-01-01T00:00:00,10.0,6.112627751055144,9.390696040044498,0.05623897678430101,2026-01-01T00:00:00
60,2026-04-11 09:00:00,8.199999809265137,ok,,2.1155179249321026,8.29388026128136,2026-01-01T00:00:00,10.0,6.542404792205433,10.050953088698472,0.10426978249010266,2026-01-01T00:00:00
60,2026-04-12 09:00:00,9.199999809265137,ok,,2.1622166323356558,8.690379700972194,2026-01-01T00:00:00,10.0,6.855172731049454,10.531451618033657,0.16073460900813397,2026-01-01T00:00:00
60,2026-04-13 09:00:00,7.400000095367432,ok,,2.139251556152268,8.493078657047118,2026-01-01T00:00:00,10.0,6.699537099159692,10.292352007915124,0.12592412264193698,2026-01-01T00:00:00
60,2026-04-14 09:00:00,7.199999809265137,ok,,2.0053334221904633,7.4285703340781035,2026-01-01T00:00:00,10.0,5.85982828565687,9.002325762101242,0.03680301373489725,2026-01-01T00:00:00
60,2026-04-27 14:30:00,14.300000190734863,ok,,2.2081196972549435,9.098592190870761,2026-01-01T00:00:00,10.0,7.177180195109213,11.026144627449906,0.2535026409703516,2026-01-01T00:00:00
60,2026-04-27 16:30:00,5.900000095367432,ok,,2.2085547566647055,9.10255148021958,2026-01-01T00:00:00,10.0,7.180303374223621,11.030942699070897,0.25450819377546186,2026-01-01T00:00:00
60,2026-04-27 21:00:00,1.2000000476837158,ok,,2.311263276340095,10.087159479427934,2026-01-01T00:00:00,10.0,7.95698496227796,12.224141599831434,0.5420862388499152,2026-01-01T00:00:00
60,2026-04-28 05:00:00,0.5,abstain,outside_training_support,-0.03351150122495605,0.9670437889792839,2026-01-01T00:00:00,10.0,0.7628265323320584,1.1719136823234488,0.010000000000000009,2026-01-01T00:00:00
60,2026-04-28 09:00:00,0.8999999761581421,abstain,outside_training_support,-0.0586561374094825,0.9430309864887516,2026-01-01T00:00:00,10.0,0.7438846777188753,1.1428137262405005,0.010000000000000009,2026-01-01T00:00:00
60,2026-04-28 21:00:00,3.4000000953674316,abstain,outside_training_support,-0.008824416222525944,0.9912144046638325,2026-01-01T00:00:00,10.0,0.7818928736467949,1.201204884597549,0.010000000000000009,2026-01-01T00:00:00
60,2026-04-29 05:00:00,7.199999809265137,abstain,outside_training_support,1.1268052002462015,3.0857822789785487,2026-01-01T00:00:00,10.0,2.4341365119458396,3.7395105729629616,0.010000000000000009,2026-01-01T00:00:00
60,2026-04-29 09:00:00,8.100000381469727,abstain,outside_training_support,1.7972300446929808,6.032913398320445,2026-01-01T00:00:00,10.0,4.758901778747669,7.310996499162294,0.013080736290663197,2026-01-01T00:00:00
60,2026-04-29 19:00:00,11.5,ok,,2.3435204154846976,10.417847233252644,2026-01-01T00:00:00,10.0,8.217839119462546,12.624886124226789,0.626926131031156,2026-01-01T00:00:00
60,2026-04-30 09:00:00,7.0,ok,,1.9802588534625225,7.244618036932233,2026-01-01T00:00:00,10.0,5.7147224543124455,8.779402853772948,0.026915366732031543,2026-01-01T00:00:00
60,2026-04-30 15:00:00,11.5,ok,,2.132809674156838,8.438543090993287,2026-01-01T00:00:00,10.0,6.65651818190309,10.226262988203619,0.11993615460052853,2026-01-01T00:00:00
60,2026-04-30 19:00:00,5.099999904632568,ok,,2.2007410477827505,9.031703944340679,2026-01-01T00:00:00,10.0,7.124417197470636,10.945085990614064,0.23574710779834784,2026-01-01T00:00:00
60,2026-05-01 09:00:00,7.900000095367432,ok,,1.9014371145573463,6.695509746002754,2026-01-01T00:00:00,10.0,5.281573120002942,8.113965025050916,0.01756064026051607,2026-01-01T00:00:00
60,2026-05-02 09:00:00,7.599999904632568,ok,,1.9670454952784693,7.149521956775258,2026-01-01T00:00:00,10.0,5.639708464365739,8.664160505141643,0.022776954974673025,2026-01-01T00:00:00
60,2026-05-03 09:00:00,7.699999809265137,ok,,2.110670704157563,8.253775269974883,2026-01-01T00:00:00,10.0,6.510769046444821,10.002351785864883,0.10019755409632158,2026-01-01T00:00:00
60,2026-05-04 09:00:00,13.899999618530273,ok,,2.1724899543187366,8.780118940583248,2026-01-01T00:00:00,10.0,6.925961121137633,10.640202270217152,0.17242615732510858,2026-01-01T00:00:00
60,2026-05-04 13:00:00,20.299999237060547,ok,,2.026200176235671,7.585209071537158,2026-01-01T00:00:00,10.0,5.98338854868372,9.19214868604959,0.04767696767601126,2026-01-01T00:00:00
60,2026-05-04 15:30:00,9.5,ok,,2.1351688037240413,8.458474208303572,2026-01-01T00:00:00,10.0,6.672240308736,10.250416547066317,0.12212988825090798,2026-01-01T00:00:00
60,2026-05-04 23:01:00,9.699999809265137,ok,,2.000074423039796,7.389606035410476,2026-01-01T00:00:00,10.0,5.8290923446621505,8.955106809607965,0.034453245416081524,2026-01-01T00:00:00
60,2026-05-05 09:00:00,4.900000095367432,ok,,1.871087577432877,6.495356762678408,2026-01-01T00:00:00,10.0,5.123687812279303,7.871409287256212,0.016255901416749707,2026-01-01T00:00:00
60,2026-05-07 08:30:00,7.800000190734863,ok,,2.05788489454466,7.8293922945474295,2026-01-01T00:00:00,10.0,6.176005928977531,9.488062545691477,0.05997607963495688,2026-01-01T00:00:00
60,2026-05-08 09:00:00,4.0,ok,,2.107675772999125,8.229092760901212,2026-01-01T00:00:00,10.0,6.49129891177202,9.972440244704954,0.09444170716111511,2026-01-01T00:00:00
60,2026-05-08 22:50:00,8.399999618530273,ok,,2.2368858596522423,9.364124635890235,2026-01-01T00:00:00,10.0,7.386638336058193,11.347930578577902,0.32662613872682733,2026-01-01T00:00:00
60,2026-05-09 09:00:00,4.099999904632568,ok,,2.204852618597073,9.068914879959326,2026-01-01T00:00:00,10.0,7.153770045093768,10.990180127074606,0.24607469661919945,2026-01-01T00:00:00
60,2026-05-09 17:30:00,3.9000000953674316,ok,,2.2597336176309777,9.580536740745321,2026-01-01T00:00:00,10.0,7.557349215319963,11.610189960821373,0.3911337774880491,2026-01-01T00:00:00
60,2026-05-09 21:00:00,3.200000047683716,ok,,1.6435004245040161,5.173246413874415,2026-01-01T00:00:00,10.0,4.080776556106515,6.269207582470722,0.010000000000000009,2026-01-01T00:00:00
60,2026-05-10 09:00:00,6.099999904632568,ok,,1.5939722573630937,4.923266620097501,2026-01-01T00:00:00,10.0,3.88358670657426,5.9662691385551945,0.010000000000000009,2026-01-01T00:00:00
60,2026-05-11 09:00:00,9.0,ok,,1.9191305438062503,6.815030522120945,2026-01-01T00:00:00,10.0,5.375853875669765,8.25880648357749,0.0183212879213287,2026-01-01T00:00:00
60,2026-05-12 09:00:00,9.899999618530273,ok,,2.0807616929114903,8.010568184119023,2026-01-01T00:00:00,10.0,6.318921665740549,9.707620859715892,0.0717967835211284,2026-01-01T00:00:00
60,2026-05-12 17:00:00,9.5,ok,,1.9532408729357846,7.051503615908774,2026-01-01T00:00:00,10.0,5.562389327507374,8.545376809833163,0.019787704730469313,2026-01-01T00:00:00
60,2026-05-13 09:00:00,4.599999904632568,ok,,1.6898297524800496,5.418558130516987,2026-01-01T00:00:00,10.0,4.2742841183073885,6.566489009065812,0.010000000000000009,2026-01-01T00:00:00
60,2026-05-14 02:00:00,6.699999809265137,ok,,1.7019669855761972,5.484725163677612,2026-01-01T00:00:00,10.0,4.326478206140676,6.6466736422369035,0.010000000000000009,2026-01-01T00:00:00
60,2026-05-14 09:00:00,12.0,ok,,2.1197269858476573,8.328863279708049,2026-01-01T00:00:00,10.0,6.570000207160847,10.09334731987024,0.10780588248816902,2026-01-01T00:00:00
60,2026-05-15 09:00:00,11.899999618530273,ok,,2.2686698977176287,9.666534779425932,2026-01-01T00:00:00,10.0,7.625186459487915,11.71440683220955,0.4160142028297785,2026-01-01T00:00:00
60,2026-05-15 14:00:00,7.099999904632568,ok,,2.195361374098495,8.983246783031133,2026-01-01T00:00:00,10.0,7.086193066619816,10.886363096167731,0.22291633980958336,2026-01-01T00:00:00
60,2026-05-16 09:00:00,9.699999809265137,ok,,2.1133652765921007,8.276045656408,2026-01-01T00:00:00,10.0,6.528336442926837,10.02934019204569,0.10246130788171959,2026-01-01T00:00:00
60,2026-05-18 10:00:00,5.0,ok,,2.3153768974661393,10.128739695757847,2026-01-01T00:00:00,10.0,7.989784399695415,12.274530656652146,0.5504267720760326,2026-01-01T00:00:00
60,2026-05-19 10:30:00,9.0,ok,,1.7843255436608019,5.95556182628399,2026-01-01T00:00:00,10.0,4.697885067674758,7.217257863278567,0.012525966585706705,2026-01-01T00:00:00
60,2026-05-20 09:00:00,11.0,ok,,2.1434382564530807,8.52871117129589,2026-01-01T00:00:00,10.0,6.7276448514584315,10.335533331718255,0.12981495916595676,2026-01-01T00:00:00
60,2026-05-20 15:30:00,6.0,ok,,2.1843641530619586,8.884997258581155,2026-01-01T00:00:00,10.0,7.008691566797809,10.767299240635158,0.19848129276544724,2026-01-01T00:00:00
60,2026-05-21 09:00:00,10.0,ok,,2.139317728083824,8.493640679061548,2026-01-01T00:00:00,10.0,6.699980435138112,10.293033095261926,0.1259856183664132,2026-01-01T00:00:00
60,2026-05-22 09:00:00,10.899999618530273,ok,,2.3598443049005997,10.589302621555424,2026-01-01T00:00:00,10.0,8.353087099749672,12.832664632035822,0.6640100000922398,2026-01-01T00:00:00
60,2026-05-22 11:00:00,9.100000381469727,ok,,2.187890519803146,8.916384326039223,2026-01-01T00:00:00,10.0,7.033450412366099,10.805335712428173,0.2051920608426988,2026-01-01T00:00:00
60,2026-05-23 08:35:00,10.800000190734863,ok,,2.2144780104645405,9.156628199823999,2026-01-01T00:00:00,10.0,7.222960342776485,11.096475664921883,0.2689627364348556,2026-01-01T00:00:00
60,2026-05-24 09:00:00,9.5,ok,,2.20732123060823,9.091330168101614,2026-01-01T00:00:00,10.0,7.171451743399128,11.017344132641401,0.2516571450257199,2026-01-01T00:00:00
60,2026-05-25 04:00:00,11.300000190734863,ok,,2.2705056749824926,9.684296682664842,2026-01-01T00:00:00,10.0,7.6391974600338735,11.735931625261324,0.4196510251354293,2026-01-01T00:00:00
60,2026-05-25 09:00:00,8.199999809265137,ok,,2.066036139408431,7.893472399784445,2026-01-01T00:00:00,10.0,6.226553799742536,9.565718131661631,0.06435750150394681,2026-01-01T00:00:00
60,2026-05-25 13:00:00,10.100000381469727,ok,,2.303912032857791,10.013278206379814,2026-01-01T00:00:00,10.0,7.8987057034006956,12.134608451757599,0.5223446824732262,2026-01-01T00:00:00
60,2026-05-26 09:00:00,9.399999618530273,ok,,2.1762853436004095,8.813506228701293,2026-01-01T00:00:00,10.0,6.952297787076972,10.680662712864233,0.17763683880194903,2026-01-01T00:00:00
60,2026-05-27 04:00:00,10.699999809265137,ok,,1.8923612270552193,6.635016980785135,2026-01-01T00:00:00,10.0,5.23385502610893,8.040656763265858,0.017170464195651713,2026-01-01T00:00:00
60,2026-05-27 09:00:00,6.0,ok,,2.0862118893738204,8.054346546466835,2026-01-01T00:00:00,10.0,6.35345505163428,9.760673743576781,0.07409769788210085,2026-01-01T00:00:00
60,2026-05-28 09:00:00,8.699999809265137,ok,,2.0822280304139196,8.022322996818298,2026-01-01T00:00:00,10.0,6.328194134176612,9.721865949744306,0.07241582854834738,2026-01-01T00:00:00
60,2026-05-29 09:00:00,8.100000381469727,ok,,2.099239666339305,8.159963258567156,2026-01-01T00:00:00,10.0,6.4367679596597185,9.888665538160383,0.07959764624517585,2026-01-01T00:00:00
60,2026-05-30 09:00:00,9.199999809265137,ok,,2.1701506838536258,8.759603872167387,2026-01-01T00:00:00,10.0,6.909778360151449,10.615341049200756,0.16937684524634522,2026-01-01T00:00:00
60,2026-05-31 09:00:00,9.100000381469727,ok,,2.197237178428598,9.000113410545955,2026-01-01T00:00:00,10.0,7.099497852944796,10.906802947790311,0.2267272266597823,2026-01-01T00:00:00
60,2026-06-01 09:00:00,10.0,ok,,2.1756714088786633,8.808096971842373,2026-01-01T00:00:00,10.0,6.948030840017068,10.674107495617182,0.17679396919222556,2026-01-01T00:00:00
60,2026-06-02 09:00:00,8.899999618530273,ok,,2.122083936057042,8.348517148255434,2026-01-01T00:00:00,10.0,6.585503633749975,10.117164894341794,0.10978599439390269,2026-01-01T00:00:00
60,2026-06-03 09:00:00,9.300000190734863,ok,,2.1530729268339,8.611279613352872,2026-01-01T00:00:00,10.0,6.792776750398467,10.435594040527358,0.1446606498962666,2026-01-01T00:00:00
60,2026-06-03 19:00:00,9.0,ok,,2.158962198239163,8.662143404466619,2026-01-01T00:00:00,10.0,6.832899286563571,10.49723341344961,0.15291877128800357,2026-01-01T00:00:00
60,2026-06-04 09:00:00,8.699999809265137,ok,,2.1914153576508943,8.947868590842843,2026-01-01T00:00:00,10.0,7.058285929451131,10.843489972991906,0.2129745592558846,2026-01-01T00:00:00
60,2026-06-05 09:00:00,8.5,ok,,2.176906972474541,8.818986661876664,2026-01-01T00:00:00,10.0,6.956620879663357,10.687304185253046,0.17849027169631582,2026-01-01T00:00:00
60,2026-06-06 09:00:00,10.5,ok,,2.2169043349243163,9.178872125372031,2026-01-01T00:00:00,10.0,7.240506866299653,11.123432004433498,0.2740506777005275,2026-01-01T00:00:00
60,2026-06-07 09:00:00,9.399999618530273,ok,,2.178059815081735,8.829159428125262,2026-01-01T00:00:00,10.0,6.964645393227353,10.699632069563632,0.18035186885174315,2026-01-01T00:00:00
60,2026-06-07 15:15:00,10.800000190734863,ok,,2.232583909467012,9.323927163933092,2026-01-01T00:00:00,10.0,7.354929639418977,11.299217202908418,0.3168527435979094,2026-01-01T00:00:00
60,2026-06-08 09:00:00,9.699999809265137,ok,,2.200968252439455,9.03375622266958,2026-01-01T00:00:00,10.0,7.126036082136311,10.947573047643935,0.23643691940956746,2026-01-01T00:00:00
60,2026-06-08 16:00:00,7.599999904632568,ok,,2.3151055618546454,10.12599178079929,2026-01-01T00:00:00,10.0,7.987616780749025,12.27120059117373,0.549948413227199,2026-01-01T00:00:00
60,2026-06-08 21:00:00,6.699999809265137,ok,,2.1450930591932575,8.542836189748652,2026-01-01T00:00:00,10.0,6.738786993074189,10.352650759673956,0.13278699494657065,2026-01-01T00:00:00
60,2026-06-09 09:00:00,5.599999904632568,ok,,2.1135533724213547,8.277602492491281,2026-01-01T00:00:00,10.0,6.529564511277364,10.031226846536342,0.102619330223236,2026-01-01T00:00:00
60,2026-06-09 16:00:00,6.800000190734863,ok,,1.9393424229411906,6.954176559819653,2026-01-01T00:00:00,10.0,5.4856154920878675,8.427430849173522,0.01919020475866673,2026-01-01T00:00:00
60,2026-06-10 09:00:00,10.399999618530273,ok,,2.117105455558822,8.30705750708363,2026-01-01T00:00:00,10.0,6.552799308809115,10.066921956734241,0.10560349258807888,2026-01-01T00:00:00
60,2026-06-10 13:30:00,9.800000190734863,ok,,2.1409525290275484,8.507537446988984,2026-01-01T00:00:00,10.0,6.710942527454425,10.309873917425133,0.12750489196240233,2026-01-01T00:00:00
60,2026-06-11 09:00:00,9.699999809265137,ok,,2.283584861201513,9.81179134812783,2026-01-01T00:00:00,10.0,7.739768204248695,11.89043625533297,0.4678293255148367,2026-01-01T00:00:00
60,2026-06-12 09:00:00,9.699999809265137,ok,,2.245259010244147,9.44286103748713,2026-01-01T00:00:00,10.0,7.448747432753659,11.443347422551131,0.34860843450695955,2026-01-01T00:00:00
60,2026-06-13 09:00:00,8.600000381469727,ok,,2.1352791388858816,8.459407526912251,2026-01-01T00:00:00,10.0,6.672976532065215,10.25154759083077,0.1222324262991864,2026-01-01T00:00:00
60,2026-06-14 09:00:00,9.399999618530273,ok,,2.0829543729931292,8.028152068290192,2026-01-01T00:00:00,10.0,6.332792240723901,9.728929920053618,0.07272246925075887,2026-01-01T00:00:00
60,2026-06-15 09:00:00,9.800000190734863,ok,,2.1752283339805754,8.804195189628935,2026-01-01T00:00:00,10.0,6.944953023862606,10.669379114117312,0.17618567265319385,2026-01-01T00:00:00
60,2026-06-16 03:00:00,8.300000190734863,ok,,2.167972451702278,8.740544187125371,2026-01-01T00:00:00,10.0,6.894743639269483,10.592243537034228,0.16700418648669668,2026-01-01T00:00:00
60,2026-06-17 08:00:00,2.0999999046325684,ok,,1.9406454060737317,6.963243640421539,2026-01-01T00:00:00,10.0,5.492767815211945,8.438418806427547,0.019246220529148705,2026-01-01T00:00:00
60,2026-06-17 09:00:00,0.30000001192092896,ok,,1.657293350549352,5.245094980997213,2026-01-01T00:00:00,10.0,4.137452369483239,6.356277392365696,0.010000000000000009,2026-01-01T00:00:00
60,2026-06-17 13:00:00,0.10000000149011612,ok,,1.140911923329551,3.129621038716552,2026-01-01T00:00:00,10.0,2.468717540699436,3.792636649505248,0.010000000000000009,2026-01-01T00:00:00
60,2026-06-17 21:00:00,2.700000047683716,abstain,outside_training_support,0.7422802742823007,2.1007202755559677,2026-01-01T00:00:00,10.0,1.6570967948549986,2.5457614864129616,0.010000000000000009,2026-01-01T00:00:00
60,2026-07-02 11:00:00,4.099999904632568,abstain,outside_training_support,1.4259492980542277,4.161806763170571,2026-01-01T00:00:00,10.0,3.2829295400743477,5.04349269860244,0.010000000000000009,2026-01-01T00:00:00
60,2026-07-02 19:00:00,1.100000023841858,abstain,outside_training_support,1.3413164823745505,3.82407451972304,2026-01-01T00:00:00,10.0,3.016518526362408,4.634211297316864,0.010000000000000009,2026-01-01T00:00:00
60,2026-07-03 12:00:00,2.299999952316284,abstain,outside_training_support,1.0651362516458462,2.9012342550730987,2026-01-01T00:00:00,10.0,2.2885607575395994,3.515865732134368,0.010000000000000009,2026-01-01T00:00:00
60,2026-07-03 17:00:00,16.100000381469727,abstain,outside_training_support,1.9063848720666408,6.728719594015633,2026-01-01T00:00:00,10.0,5.307769817078757,8.154210436600742,0.017773346351730446,2026-01-01T00:00:00
60,2026-07-03 20:00:00,13.800000190734863,ok,,2.042962661143957,7.713427652908954,2026-01-01T00:00:00,10.0,6.084530334529447,9.347530594862954,0.054569795318394565,2026-01-01T00:00:00
60,2026-07-03 23:00:00,7.099999904632568,ok,,2.1655480935872324,8.71937964347821,2026-01-01T00:00:00,10.0,6.878048557182459,10.56659524833944,0.16436343283028365,2026-01-01T00:00:00
60,2026-07-04 03:00:00,3.700000047683716,ok,,2.331028725830118,10.288520157298016,2026-01-01T00:00:00,10.0,8.11582292742305,12.468160884342788,0.5854000700757189,2026-01-01T00:00:00
60,2026-07-04 09:00:00,3.200000047683716,ok,,1.5870001805730505,4.889060609193998,2026-01-01T00:00:00,10.0,3.8566042131444918,5.924816525289531,0.010000000000000009,2026-01-01T00:00:00
60,2026-07-05 09:00:00,4.800000190734863,ok,,1.8335030336383071,6.2557624666625316,2026-01-01T00:00:00,10.0,4.934690283853786,7.581056526701253,0.014640126717685997,2026-01-01T00:00:00
60,2026-07-06 09:00:00,6.5,ok,,1.9044762894787266,6.71588952447786,2026-01-01T00:00:00,10.0,5.297649161151264,8.138662294719445,0.01769129561636751,2026-01-01T00:00:00
60,2026-07-07 09:00:00,5.699999809265137,ok,,1.9613862248463958,7.109175152982036,2026-01-01T00:00:00,10.0,5.607881971316494,8.615266161429243,0.021004476626025115,2026-01-01T00:00:00
60,2026-07-08 09:00:00,5.300000190734863,ok,,1.7613643706308744,5.820373125685621,2026-01-01T00:00:00,10.0,4.591245090392261,7.0534292034678465,0.011538856494777816,2026-01-01T00:00:00
60,2026-07-09 09:00:00,9.600000381469727,ok,,2.0479570866956327,7.7520481564043395,2026-01-01T00:00:00,10.0,6.114995081931836,9.394332918584235,0.056379262025234134,2026-01-01T00:00:00
60,2026-07-10 09:00:00,8.0,ok,,2.0110989004685713,7.471523298185105,2026-01-01T00:00:00,10.0,5.893710578306422,9.054378385681478,0.039379081502278424,2026-01-01T00:00:00
60,2026-07-11 09:00:00,8.100000381469727,ok,,2.0190034708684776,7.530816515062945,2026-01-01T00:00:00,10.0,5.940482440694862,9.126232972743615,0.04364761561064334,2026-01-01T00:00:00
60,2026-07-12 09:00:00,11.600000381469727,ok,,2.050354502519312,7.770655334980381,2026-01-01T00:00:00,10.0,6.129672855235801,9.416882060010101,0.057247839216046925,2026-01-01T00:00:00
60,2026-07-12 13:00:00,6.800000190734863,ok,,1.9294410632714425,6.885660517241889,2026-01-01T00:00:00,10.0,5.431568451235789,8.344399564891875,0.018764541312326855,2026-01-01T00:00:00
60,2026-07-13 09:00:00,7.900000095367432,ok,,2.0821749870930537,8.021897477451068,2026-01-01T00:00:00,10.0,6.327858474646978,9.72135028336577,0.07239343520168962,2026-01-01T00:00:00
60,2026-07-14 09:00:00,8.899999618530273,ok,,2.1452586527054973,8.544250945131726,2026-01-01T00:00:00,10.0,6.739902984878559,10.35436523342319,0.13310403216360145,2026-01-01T00:00:00
60,2026-07-15 09:00:00,10.300000190734863,ok,,2.1098444028496184,8.246957981628848,2026-01-01T00:00:00,10.0,6.505391411545369,9.994090243233504,0.09880940270138616,2026-01-01T00:00:00
60,2026-07-16 09:00:00,11.0,ok,,2.1941070032459886,8.971985524479454,2026-01-01T00:00:00,10.0,7.077309925123464,10.872716120583695,0.22036795813118804,2026-01-01T00:00:00
60,2026-07-17 09:00:00,9.100000381469727,ok,,2.2182984988018273,9.191677901926859,2026-01-01T00:00:00,10.0,7.250608359359703,11.138950706821543,0.27685219124369176,2026-01-01T00:00:00
60,2026-07-18 04:00:00,10.300000190734863,ok,,2.134002722582049,8.448616689489617,2026-01-01T00:00:00,10.0,6.664464469647901,10.238470695902711,0.12104621118514014,2026-01-01T00:00:00
60,2026-07-18 09:00:00,12.399999618530273,ok,,2.3341821896636716,10.321015843571555,2026-01-01T00:00:00,10.0,8.14145627718269,12.507540837757974,0.5960120143005532,2026-01-01T00:00:00
60,2026-07-18 21:00:00,10.399999618530273,ok,,2.26148947981484,9.597373620203719,2026-01-01T00:00:00,10.0,7.5706305356892285,11.630593762210504,0.3966596619181799,2026-01-01T00:00:00
60,2026-07-19 09:00:00,9.100000381469727,ok,,2.241493014775608,9.407366144364412,2026-01-01T00:00:00,10.0,7.4207482391857225,11.400332875146788,0.33764243734062327,2026-01-01T00:00:00
60,2026-07-20 09:00:00,10.199999809265137,ok,,2.193664727048129,8.968018306202211,2026-01-01T00:00:00,10.0,7.074180491486722,10.867908440277127,0.2192691751376351,2026-01-01T00:00:00
60,2026-07-21 09:00:00,8.100000381469727,ok,,2.19710743390764,8.998945770891996,2026-01-01T00:00:00,10.0,7.098576791749437,10.905387941663296,0.22646363749919152,2026-01-01T00:00:00
60,2026-07-23 09:00:00,6.400000095367432,ok,,2.204861547358704,9.068995854500042,2026-01-01T00:00:00,10.0,7.153833919686423,10.990278256211326,0.24609470539056466,2026-01-01T00:00:00
60,2026-07-24 09:00:00,8.800000190734863,ok,,2.2662758583632927,9.643420394157783,2026-01-01T00:00:00,10.0,7.606953297182306,11.68639562458592,0.41127141845658777,2026-01-01T00:00:00
60,2026-07-25 09:00:00,7.400000095367432,ok,,2.1672116681573614,8.733897053769638,2026-01-01T00:00:00,10.0,6.889500226566264,10.5841881970211,0.16617549623854022,2026-01-01T00:00:00
60,2026-07-26 09:00:00,9.899999618530273,ok,,2.0503848254943633,7.7708909679407645,2026-01-01T00:00:00,10.0,6.129858727970956,9.417167612219243,0.057258825146909276,2026-01-01T00:00:00
60,2026-07-27 09:00:00,10.800000190734863,ok,,2.231731987457976,9.315987287729346,2026-01-01T00:00:00,10.0,7.348666481224204,11.28959525024695,0.31434883075152265,2026-01-01T00:00:00
60,2026-07-28 09:00:00,9.300000190734863,ok,,1.9634156874054132,7.123617608034372,2026-01-01T00:00:00,10.0,5.619274514272137,8.632768275475227,0.02164010245243264,2026-01-01T00:00:00
60,2026-07-29 09:00:00,8.0,ok,,2.1009801179275818,8.174177645719007,2026-01-01T00:00:00,10.0,6.447980597374621,9.905891267728098,0.08149193233999963,2026-01-01T00:00:00
60,2026-07-30 09:00:00,8.5,ok,,2.1229543025481057,8.355786580907735,2026-01-01T00:00:00,10.0,6.591237930547464,10.125974368829967,0.11058418710747919,2026-01-01T00:00:00
60,2026-07-31 09:00:00,8.600000381469727,ok,,2.190776130221368,8.942150695516244,2026-01-01T00:00:00,10.0,7.053775521221499,10.836560731685877,0.21118575074142087,2026-01-01T00:00:00
60,2026-08-01 09:00:00,8.399999618530273,ok,,2.1322405757736513,8.433742096012569,2026-01-01T00:00:00,10.0,6.652731045896819,10.220444894161975,0.11939612528542976,2026-01-01T00:00:00
60,2026-08-02 09:00:00,10.600000381469727,ok,,2.198395038236163,9.010540315409687,2026-01-01T00:00:00,10.0,7.107722836932908,10.919438810419644,0.22907953635659384,2026-01-01T00:00:00
60,2026-08-03 09:00:00,9.600000381469727,ok,,2.232219439372603,9.320529490532175,2026-01-01T00:00:00,10.0,7.352249475968308,11.295099726541807,0.3157815171923991,2026-01-01T00:00:00
60,2026-08-04 09:00:00,8.0,ok,,2.151298270179137,8.59601110087188,2026-01-01T00:00:00,10.0,6.780732594216007,10.417090867362791,0.1426971493876913,2026-01-01T00:00:00
60,2026-08-05 09:00:00,7.800000190734863,ok,,2.1078007938390644,8.230121633304023,2026-01-01T00:00:00,10.0,6.492110510146564,9.97368708549951,0.09469350345771199,2026-01-01T00:00:00
60,2026-08-06 09:00:00,9.300000190734863,ok,,2.1637206229538477,8.703459784206634,2026-01-01T00:00:00,10.0,6.865490603569865,10.547302739444145,0.16237284417626074,2026-01-01T00:00:00
60,2026-08-07 09:00:00,9.699999809265137,abstain,no_control_telemetry|too_many_missing_features,2.108566415822929,8.236425208126175,2026-01-01T00:00:00,10.0,6.4970829159235075,9.981326083511611,0.09623549261907072,2026-01-01T00:00:00
60,2026-08-07 12:00:00,8.800000190734863,abstain,no_control_telemetry|too_many_missing_features,2.142492906658908,8.520652365740803,2026-01-01T00:00:00,10.0,6.72128787903755,10.325767254317395,0.1289364149084592,2026-01-01T00:00:00
60,2026-08-08 09:00:00,6.699999809265137,abstain,no_control_telemetry|too_many_missing_features,2.1124172074558567,8.268203111175984,2026-01-01T00:00:00,10.0,6.522150061656233,10.01983619009006,0.10166481970107821,2026-01-01T00:00:00
60,2026-08-09 09:00:00,7.300000190734863,abstain,no_control_telemetry|too_many_missing_features,2.0816369021281638,8.017582176132063,2026-01-01T00:00:00,10.0,6.324454465047144,9.716120778025138,0.07216627138627563,2026-01-01T00:00:00
120,2026-01-01 08:00:00,8.899999618530273,ok,,2.2083302623776366,9.100508238771118,2026-01-01T00:00:00,30.0,6.863000649797364,10.970521798957279,0.2551801502430574,2026-01-01T00:00:00
120,2026-01-02 08:00:00,9.100000381469727,ok,,2.1768523297079847,8.818504781213003,2026-01-01T00:00:00,30.0,6.65033231725072,10.630570996501833,0.19094295155913732,2026-01-01T00:00:00
120,2026-01-03 08:00:00,10.600000381469727,ok,,2.1978676514844087,9.005789528682298,2026-01-01T00:00:00,30.0,6.791570071215159,10.856339860263837,0.23674643052112787,2026-01-01T00:00:00
120,2026-01-03 12:58:15,8.699999809265137,ok,,2.153760865491827,8.617205683645825,2026-01-01T00:00:00,30.0,6.498525868516191,10.387908050649774,0.14785815230673038,2026-01-01T00:00:00
120,2026-01-04 08:00:00,8.100000381469727,ok,,2.163103587275642,8.698091095502523,2026-01-01T00:00:00,30.0,6.559524289655648,10.485414162474509,0.16324480869570768,2026-01-01T00:00:00
120,2026-01-04 16:00:00,6.800000190734863,ok,,2.165994943662731,8.723276769580897,2026-01-01T00:00:00,30.0,6.578517657172098,10.515775102682344,0.1698096308221534,2026-01-01T00:00:00
120,2026-01-05 08:00:00,7.900000095367432,ok,,2.0779598470663228,7.988155220431958,2026-01-01T00:00:00,30.0,6.024137666833175,9.629597455431435,0.07518648080058732,2026-01-01T00:00:00
120,2026-01-05 20:00:00,8.600000381469727,ok,,2.0924236423613882,8.104533871947533,2026-01-01T00:00:00,30.0,6.111902738850932,9.769890118202243,0.08311076233508341,2026-01-01T00:00:00
120,2026-01-06 08:00:00,10.5,ok,,2.242066156791533,9.412759446577349,2026-01-01T00:00:00,30.0,7.098479832481292,11.346935796078341,0.3433274790650189,2026-01-01T00:00:00
120,2026-01-06 14:00:00,8.899999618530273,ok,,2.182428617882815,8.867816666004872,2026-01-01T00:00:00,30.0,6.68752007517478,10.690015710232451,0.19995831449946433,2026-01-01T00:00:00
120,2026-01-07 08:00:00,7.099999904632568,ok,,2.075962436536911,7.972215519446868,2026-01-01T00:00:00,30.0,6.012116999926662,9.610382392652767,0.07420633187308079,2026-01-01T00:00:00
120,2026-01-08 08:00:00,8.199999809265137,ok,,2.1346471893981227,8.454063297478259,2026-01-01T00:00:00,30.0,6.375494684663464,10.191242429694643,0.1217205251335074,2026-01-01T00:00:00
120,2026-01-09 16:00:00,13.0,abstain,outside_training_support,2.1467923617918716,8.557365394747084,2026-01-01T00:00:00,30.0,6.453398285438307,10.315771508756132,0.13908948621204542,2026-01-01T00:00:00
120,2026-01-09 19:00:00,2.0,ok,,2.0338316556480276,7.643316880665779,2026-01-01T00:00:00,30.0,5.764083427246013,9.213900175206573,0.055952957836275186,2026-01-01T00:00:00
120,2026-01-10 08:00:00,6.599999904632568,ok,,1.654215187962403,5.228974549245202,2026-01-01T00:00:00,30.0,3.9433463261266835,6.303447870559094,0.010000000000000009,2026-01-01T00:00:00
120,2026-01-11 08:00:00,8.800000190734863,ok,,2.112289029502499,8.267143377741931,2026-01-01T00:00:00,30.0,6.234532059615206,9.965913360116918,0.09736776423556526,2026-01-01T00:00:00
120,2026-01-12 08:00:00,12.0,ok,,2.2285348416083863,9.286250279743712,2026-01-01T00:00:00,30.0,7.003074996684799,11.194430953919793,0.3012390093186704,2026-01-01T00:00:00
120,2026-01-12 14:00:00,9.800000190734863,ok,,2.2154284400749553,9.165335067373615,2026-01-01T00:00:00,30.0,6.911888750895695,11.04866953726832,0.2678948641061314,2026-01-01T00:00:00
120,2026-01-13 08:00:00,9.0,ok,,2.0749221952071015,7.963926803253404,2026-01-01T00:00:00,30.0,6.0058661990780475,9.60039047359726,0.07369587525500076,2026-01-01T00:00:00
120,2026-01-13 20:00:00,11.100000381469727,ok,,2.1273724891248347,8.392785679291098,2026-01-01T00:00:00,30.0,6.329283163020658,10.117373209594778,0.11436088929424504,2026-01-01T00:00:00
120,2026-01-14 08:00:00,8.899999618530273,ok,,2.3086080649170935,10.060411464884183,2026-01-01T00:00:00,30.0,7.586896095162746,12.12767027799484,0.4998625208218753,2026-01-01T00:00:00
120,2026-01-15 08:00:00,9.5,ok,,2.20775622822758,9.095285735350258,2026-01-01T00:00:00,30.0,6.859062183567727,10.96422615193181,0.25421947188468097,2026-01-01T00:00:00
120,2026-01-16 08:00:00,9.399999618530273,ok,,2.286805728317533,9.843444772602925,2026-01-01T00:00:00,30.0,7.423274184051579,11.866120289261396,0.44964873049341836,2026-01-01T00:00:00
120,2026-01-17 08:00:00,9.899999618530273,ok,,2.235753739337636,9.353529318879916,2026-01-01T00:00:00,30.0,7.053812392574666,11.275534794067111,0.3250133867615429,2026-01-01T00:00:00
120,2026-01-18 08:00:00,9.199999809265137,ok,,2.2421904328921354,9.413929300308203,2026-01-01T00:00:00,30.0,7.0993620586937585,11.348346036640647,0.3437475197437637,2026-01-01T00:00:00
120,2026-01-18 12:30:00,9.600000381469727,ok,,2.2303720800388818,9.303327017849147,2026-01-01T00:00:00,30.0,7.015953141689353,11.21501669734483,0.30874067986174747,2026-01-01T00:00:00
120,2026-01-18 20:00:00,7.099999904632568,ok,,2.1984536370052563,9.011068337451608,2026-01-01T00:00:00,30.0,6.7955509992098815,10.862703382515212,0.23777443518426888,2026-01-01T00:00:00
120,2026-01-19 08:00:00,7.599999904632568,ok,,2.152155003077661,8.603378741977684,2026-01-01T00:00:00,30.0,6.4880985047730455,10.371239886520542,0.14594349796680128,2026-01-01T00:00:00
120,2026-01-19 15:44:10,7.0,ok,,2.0773859589208694,7.9835722280351975,2026-01-01T00:00:00,30.0,6.020681477467511,9.624072729045395,0.07490486826175669,2026-01-01T00:00:00
120,2026-01-19 20:00:00,9.899999618530273,ok,,2.163394779765738,8.70062428311241,2026-01-01T00:00:00,30.0,6.561434651995483,10.48846788092253,0.16390596098761256,2026-01-01T00:00:00
120,2026-01-20 03:30:00,7.099999904632568,ok,,2.077432651734727,7.983945012190262,2026-01-01T00:00:00,30.0,6.020962606590338,9.62452211457334,0.0749277808832488,2026-01-01T00:00:00
120,2026-01-20 08:00:00,8.0,ok,,2.1331246385448295,8.441201350159993,2026-01-01T00:00:00,30.0,6.3657950557540754,10.17573755131533,0.12021528076300136,2026-01-01T00:00:00
120,2026-01-21 08:00:00,9.899999618530273,ok,,2.187356322522883,8.9116224897757,2026-01-01T00:00:00,30.0,6.72055552650521,10.742822952640271,0.21655117412063063,2026-01-01T00:00:00
120,2026-01-22 08:00:00,9.199999809265137,ok,,2.1813016344843357,8.857828413196241,2026-01-01T00:00:00,30.0,6.679987596359593,10.677975026097497,0.19813628449554999,2026-01-01T00:00:00
120,2026-01-23 08:00:00,8.5,ok,,2.2317725292536537,9.316364982238655,2026-01-01T00:00:00,30.0,7.025785511017476,11.230733761578644,0.31301245656458754,2026-01-01T00:00:00
120,2026-01-24 08:00:00,9.600000381469727,ok,,2.1688267077752332,8.748014040207574,2026-01-01T00:00:00,30.0,6.597172868499945,10.545595499470787,0.17431854475272268,2026-01-01T00:00:00
120,2026-01-25 08:00:00,7.400000095367432,ok,,2.2189969912051644,9.198100461908828,2026-01-01T00:00:00,30.0,6.936598241628094,11.088167713146959,0.2748943872384456,2026-01-01T00:00:00
120,2026-01-26 08:00:00,8.199999809265137,ok,,2.1409710155851704,8.507694723523965,2026-01-01T00:00:00,30.0,6.415939954547748,10.255894283536934,0.12797246985346433,2026-01-01T00:00:00
120,2026-01-27 08:00:00,8.0,ok,,2.2121400453247992,9.135245328239456,2026-01-01T00:00:00,30.0,6.889197062276571,11.012396822554443,0.26174020169806145,2026-01-01T00:00:00
120,2026-01-28 08:00:00,7.699999809265137,ok,,2.159039740607328,8.662815113622207,2026-01-01T00:00:00,30.0,6.532921480206452,10.442889512417173,0.15569290872241437,2026-01-01T00:00:00
120,2026-01-29 08:00:00,9.0,ok,,2.1424414523990425,8.520213953158947,2026-01-01T00:00:00,30.0,6.425381128476233,10.270986021054581,0.129426192552761,2026-01-01T00:00:00
120,2026-01-30 08:00:00,8.5,ok,,2.1647054329169855,8.712035260029827,2026-01-01T00:00:00,30.0,6.570040055116312,10.502223636945759,0.16688179781140422,2026-01-01T00:00:00
120,2026-01-31 08:00:00,8.699999809265137,ok,,2.1737714712584757,8.791378024551058,2026-01-01T00:00:00,30.0,6.629875113794251,10.59787011128896,0.18347409367044232,2026-01-01T00:00:00
120,2026-02-01 08:00:00,9.0,ok,,2.250738758522658,9.494747571739104,2026-01-01T00:00:00,30.0,7.160309846970326,11.445771211721471,0.3636395543577894,2026-01-01T00:00:00
120,2026-02-02 08:00:00,9.199999809265137,ok,,2.0908564571651853,8.091842513893095,2026-01-01T00:00:00,30.0,6.102331757067371,9.754590882539622,0.0820633577585207,2026-01-01T00:00:00
120,2026-02-03 08:00:00,8.399999618530273,ok,,2.0932466524607,8.111206730712784,2026-01-01T00:00:00,30.0,6.116934967034279,9.777934146142757,0.0836608087154761,2026-01-01T00:00:00
120,2026-02-04 08:00:00,9.800000190734863,ok,,2.0745314164225195,7.960815277615428,2026-01-01T00:00:00,30.0,6.0035196924967655,9.596639577609494,0.07350411627458064,2026-01-01T00:00:00
120,2026-02-05 08:00:00,8.899999618530273,ok,,2.1723272717763096,8.778690684690481,2026-01-01T00:00:00,30.0,6.620307162266403,10.582575719496834,0.17981992222817722,2026-01-01T00:00:00
120,2026-02-06 08:00:00,6.400000095367432,ok,,2.0519249082605886,7.782868003644529,2026-01-01T00:00:00,30.0,5.869323642688358,9.382126893598521,0.06357151586346299,2026-01-01T00:00:00
120,2026-02-07 08:00:00,7.0,ok,,2.1434045985905317,8.528424117938394,2026-01-01T00:00:00,30.0,6.431572691050314,10.280883247596527,0.1309226677037011,2026-01-01T00:00:00
120,2026-02-08 08:00:00,9.899999618530273,ok,,2.1502193193865136,8.586741429540073,2026-01-01T00:00:00,30.0,6.475551745507034,10.35118386393542,0.14363560088465355,2026-01-01T00:00:00
120,2026-02-09 08:00:00,10.300000190734863,ok,,2.270451065645038,9.683767844079181,2026-01-01T00:00:00,30.0,7.302856418860468,11.673632223847939,0.41436531990246317,2026-01-01T00:00:00
120,2026-02-10 08:00:00,9.100000381469727,ok,,2.2332484127727805,9.330125003370608,2026-01-01T00:00:00,30.0,7.036162407723914,11.24732125403748,0.31708381130495,2026-01-01T00:00:00
120,2026-02-11 08:00:00,8.699999809265137,ok,,2.1971564033350335,8.999386454903476,2026-01-01T00:00:00,30.0,6.786741297002579,10.848621053947985,0.23549867543470449,2026-01-01T00:00:00
120,2026-02-12 08:00:00,7.699999809265137,ok,,2.1316654994261506,8.428893444718195,2026-01-01T00:00:00,30.0,6.3565132485375475,10.160900561841105,0.11873512839681055,2026-01-01T00:00:00
120,2026-02-13 08:00:00,8.899999618530273,ok,,2.1613405062854003,8.682769167309779,2026-01-01T00:00:00,30.0,6.54796950607829,10.466943815233412,0.1594540564350685,2026-01-01T00:00:00
120,2026-02-14 08:00:00,7.699999809265137,ok,,2.1732225026545593,8.786553158501581,2026-01-01T00:00:00,30.0,6.62623651933733,10.592053809958959,0.18203971703894772,2026-01-01T00:00:00
120,2026-02-15 08:00:00,8.199999809265137,ok,,2.1831236253360453,8.873982006912394,2026-01-01T00:00:00,30.0,6.692169566999234,10.69744793325224,0.20220874132391764,2026-01-01T00:00:00
120,2026-02-16 08:00:00,7.800000190734863,ok,,2.019810399372851,7.536895798013635,2026-01-01T00:00:00,30.0,5.683827694243959,9.085611207549793,0.04998110947395795,2026-01-01T00:00:00
120,2026-02-17 08:00:00,8.0,ok,,2.0943158140461997,8.11988355900051,2026-01-01T00:00:00,30.0,6.123478456322398,9.788393928319621,0.08437536672715895,2026-01-01T00:00:00
120,2026-02-18 08:00:00,8.800000190734863,ok,,2.1927585329205512,8.959895221778703,2026-01-01T00:00:00,30.0,6.756959624211828,10.801014983770797,0.22777559810393744,2026-01-01T00:00:00
120,2026-02-19 08:00:00,9.5,ok,,2.129206360751628,8.408191092275517,2026-01-01T00:00:00,30.0,6.340900905299273,10.135944196459828,0.11622945992789724,2026-01-01T00:00:00
120,2026-02-20 08:00:00,7.400000095367432,ok,,2.151547574819651,8.598154393484533,2026-01-01T00:00:00,30.0,6.484158647112072,10.364942015288989,0.14521926708616373,2026-01-01T00:00:00
120,2026-02-21 08:00:00,7.400000095367432,ok,,2.053427421181014,7.794570652867197,2026-01-01T00:00:00,30.0,5.878149005746364,9.396234256070418,0.06419605573452114,2026-01-01T00:00:00
120,2026-02-22 08:00:00,7.800000190734863,ok,,2.096317431243873,8.136152734474189,2026-01-01T00:00:00,30.0,6.135747591069382,9.808006167493765,0.08571311737618836,2026-01-01T00:00:00
120,2026-02-23 08:00:00,10.399999618530273,ok,,2.0679831505004684,7.908856049309886,2026-01-01T00:00:00,30.0,5.964335483409993,9.534003532256063,0.07029081799362258,2026-01-01T00:00:00
120,2026-02-24 08:00:00,8.0,ok,,2.182202024695001,8.865807506797063,2026-01-01T00:00:00,30.0,6.686004900353005,10.68759369991077,0.19959197406584583,2026-01-01T00:00:00
120,2026-02-25 08:00:00,9.100000381469727,ok,,2.120690634799093,8.33689324848829,2026-01-01T00:00:00,30.0,6.287132793079316,10.049995749519896,0.10674932337231813,2026-01-01T00:00:00
120,2026-02-26 08:00:00,8.699999809265137,ok,,2.1529148733177745,8.609918677884792,2026-01-01T00:00:00,30.0,6.493030491339345,10.379123678013313,0.1468494839592388,2026-01-01T00:00:00
120,2026-02-27 08:00:00,8.899999618530273,ok,,2.184211136176373,8.88363780798431,2026-01-01T00:00:00,30.0,6.699451332730576,10.709087851965194,0.20579801994705338,2026-01-01T00:00:00
120,2026-02-28 08:00:00,8.600000381469727,ok,,2.126864099850304,8.388519961482778,2026-01-01T00:00:00,30.0,6.326066241138688,10.112230952813446,0.11384288069703863,2026-01-01T00:00:00
120,2026-03-01 08:00:00,9.899999618530273,ok,,2.192638579077046,8.958820512368497,2026-01-01T00:00:00,30.0,6.756149149545242,10.799719438214122,0.2275644189216729,2026-01-01T00:00:00
120,2026-03-02 08:00:00,8.199999809265137,ok,,2.1541848399464083,8.62085993332508,2026-01-01T00:00:00,30.0,6.501281661628537,10.392313192067514,0.14836365297871934,2026-01-01T00:00:00
120,2026-03-03 08:00:00,10.199999809265137,ok,,2.133471592725102,8.44413056837782,2026-01-01T00:00:00,30.0,6.368004078152046,10.179268678530367,0.1205582911954931,2026-01-01T00:00:00
120,2026-03-04 11:30:00,2.700000047683716,abstain,outside_training_support,1.891896158424774,6.631931959953712,2026-01-01T00:00:00,30.0,5.001363897091567,7.9946913103062265,0.019723138604115564,2026-01-01T00:00:00
120,2026-03-04 14:30:00,8.100000381469727,abstain,outside_training_support,1.4822657837074251,4.402910430390621,2026-01-01T00:00:00,30.0,3.3203834722148207,5.307640363389106,0.010000000000000009,2026-01-01T00:00:00
120,2026-03-05 08:00:00,6.0,ok,,2.132427822587694,8.435321435209005,2026-01-01T00:00:00,30.0,6.361360813284247,10.16864940486753,0.11951187560866605,2026-01-01T00:00:00
120,2026-03-06 08:00:00,8.5,ok,,2.1417563251974743,8.514378522051013,2026-01-01T00:00:00,30.0,6.420980432774977,10.263951499190936,0.1287488530333547,2026-01-01T00:00:00
120,2026-03-07 08:00:00,8.899999618530273,ok,,2.30227515090327,9.996901059363124,2026-01-01T00:00:00,30.0,7.539000753174815,12.051109467329226,0.4839081142857028,2026-01-01T00:00:00
120,2026-03-08 08:00:00,7.599999904632568,ok,,2.066766461752784,7.899239284638649,2026-01-01T00:00:00,30.0,5.957083156346933,9.522410671319816,0.06974060883984379,2026-01-01T00:00:00
120,2026-03-09 08:00:00,8.399999618530273,ok,,2.171469365724828,8.771162622474789,2026-01-01T00:00:00,30.0,6.6146299962749575,10.57350075703602,0.17847166376861856,2026-01-01T00:00:00
120,2026-03-10 08:00:00,8.100000381469727,ok,,2.135698366077068,8.462954684049269,2026-01-01T00:00:00,30.0,6.382199979600123,10.20196085856048,0.12275975333069178,2026-01-01T00:00:00
120,2026-03-10 20:00:00,7.300000190734863,ok,,1.9561955605969434,7.072369417418267,2026-01-01T00:00:00,30.0,5.333512660376738,8.52563184696846,0.028982782588172218,2026-01-01T00:00:00
120,2026-03-11 12:30:00,7.199999809265137,ok,,2.1047864859798455,8.205350865098772,2026-01-01T00:00:00,30.0,6.187932238671593,9.891423442721308,0.09158403595958864,2026-01-01T00:00:00
120,2026-03-12 08:00:00,8.300000190734863,ok,,2.081717122708456,8.018225377025402,2026-01-01T00:00:00,30.0,6.046814587596909,9.665846563695634,0.07703021279096,2026-01-01T00:00:00
120,2026-03-13 08:00:00,8.800000190734863,ok,,2.176353665644784,8.814108406035704,2026-01-01T00:00:00,30.0,6.6470168622336026,10.625271234284876,0.19013674546395287,2026-01-01T00:00:00
120,2026-03-14 08:00:00,9.0,ok,,2.219337005768547,9.20122848177735,2026-01-01T00:00:00,30.0,6.938957187065756,11.091938492674306,0.2755753631572315,2026-01-01T00:00:00
120,2026-03-15 08:00:00,8.800000190734863,ok,,2.1511738480845057,8.594941633699289,2026-01-01T00:00:00,30.0,6.48173579644096,10.361069083103875,0.1447736762876739,2026-01-01T00:00:00
120,2026-03-15 13:00:00,9.100000381469727,ok,,2.148768805734835,8.574295272715498,2026-01-01T00:00:00,30.0,6.46616567825305,10.336180214559494,0.14190616738287065,2026-01-01T00:00:00
120,2026-03-15 20:00:00,8.5,ok,,2.15724664567556,8.647295781722947,2026-01-01T00:00:00,30.0,6.5212178278263275,10.424181198063835,0.15276166936785274,2026-01-01T00:00:00
120,2026-03-16 08:00:00,7.599999904632568,ok,,2.148426461692926,8.571360416209297,2026-01-01T00:00:00,30.0,6.463952403831376,10.33264229047511,0.14149799386824846,2026-01-01T00:00:00
120,2026-03-16 20:00:00,8.100000381469727,ok,,2.2524481297092867,9.510991499157962,2026-01-01T00:00:00,30.0,7.1725599413063685,11.465353014756387,0.36735769219557246,2026-01-01T00:00:00
120,2026-03-17 08:00:00,12.800000190734863,ok,,2.203469600279702,9.056381073801242,2026-01-01T00:00:00,30.0,6.8297228642148236,10.917327184708617,0.24679764166300266,2026-01-01T00:00:00
120,2026-03-17 14:00:00,9.600000381469727,ok,,2.349584703678744,10.481216010297988,2026-01-01T00:00:00,30.0,7.904239016331576,12.634943643112504,0.6067240818710447,2026-01-01T00:00:00
120,2026-03-17 20:00:00,8.699999809265137,ok,,2.1820361074980705,8.864336638891526,2026-01-01T00:00:00,30.0,6.684895669184083,10.685820591420814,0.19932373044186658,2026-01-01T00:00:00
120,2026-03-19 08:00:00,8.5,ok,,2.244690513672614,9.437494328984087,2026-01-01T00:00:00,30.0,7.117133242771817,11.37675331390462,0.35129384263101604,2026-01-01T00:00:00
120,2026-03-20 08:00:00,7.400000095367432,ok,,2.1564655084369115,8.640543694470962,2026-01-01T00:00:00,30.0,6.516125850765041,10.41604166140908,0.15148471510588168,2026-01-01T00:00:00
120,2026-03-21 08:00:00,6.800000190734863,ok,,2.015056450250007,7.501150811090114,2026-01-01T00:00:00,30.0,5.656871192250149,9.042521179173434,0.048026968400298076,2026-01-01T00:00:00
120,2026-03-22 08:00:00,8.199999809265137,ok,,2.046811038735026,7.743169026350451,2026-01-01T00:00:00,30.0,5.83938530300258,9.334270391041274,0.061445866645618796,2026-01-01T00:00:00
120,2026-03-23 08:00:00,7.699999809265137,ok,,2.1028866397646384,8.189776759200791,2026-01-01T00:00:00,30.0,6.1761872793689365,9.872649099160455,0.09011944008730577,2026-01-01T00:00:00
120,2026-03-24 08:00:00,9.199999809265137,ok,,2.1616587027015264,8.685532432948163,2026-01-01T00:00:00,30.0,6.5500533780307375,10.470274889183003,0.15997422401844885,2026-01-01T00:00:00
120,2026-03-25 08:00:00,8.300000190734863,ok,,2.130738344124013,8.421082173160249,2026-01-01T00:00:00,30.0,6.350622504815177,10.151484194902507,0.1177904302265037,2026-01-01T00:00:00
120,2026-03-26 08:00:00,7.5,ok,,2.095863126601806,8.132457282012513,2026-01-01T00:00:00,30.0,6.132960725547112,9.80355135675967,0.08540948972426343,2026-01-01T00:00:00
120,2026-03-27 08:00:00,7.199999809265137,ok,,2.0176556006899347,7.520672789810318,2026-01-01T00:00:00,30.0,5.6715933757949415,9.066054622305364,0.04909536574743778,2026-01-01T00:00:00
120,2026-03-28 08:00:00,7.800000190734863,ok,,2.097189776035404,8.143253361582456,2026-01-01T00:00:00,30.0,6.141102413808886,9.816565863549602,0.08629613585364981,2026-01-01T00:00:00
120,2026-03-29 08:00:00,9.0,ok,,2.101608635120831,8.179316871786808,2026-01-01T00:00:00,30.0,6.168299124967499,9.860039866810016,0.08924941364141614,2026-01-01T00:00:00
120,2026-03-30 08:00:00,7.099999904632568,ok,,2.081161182661739,8.013768963298915,2026-01-01T00:00:00,30.0,6.043453855481933,9.660474425937073,0.07675740756012539,2026-01-01T00:00:00
120,2026-03-31 08:00:00,7.800000190734863,ok,,2.055172539424303,7.80818497615896,2026-01-01T00:00:00,30.0,5.888416026790293,9.412646112038422,0.06492143779801518,2026-01-01T00:00:00
120,2026-04-01 08:00:00,9.899999618530273,ok,,2.2322692910621367,9.320994146256469,2026-01-01T00:00:00,30.0,7.029276519962111,11.236314147139092,0.31438281778726374,2026-01-01T00:00:00
120,2026-04-02 08:00:00,7.099999904632568,ok,,2.3722869471081984,10.721884650158469,2026-01-01T00:00:00,30.0,8.085735366690505,12.925065962728286,0.657298295517507,2026-01-01T00:00:00
120,2026-04-03 08:00:00,9.100000381469727,ok,,2.157450225190789,8.649056373210332,2026-01-01T00:00:00,30.0,6.522545549334285,10.426303563846565,0.1530944684161628,2026-01-01T00:00:00
120,2026-04-04 08:00:00,8.800000190734863,ok,,2.196852582081173,8.996652665339488,2026-01-01T00:00:00,30.0,6.784679653953443,10.845325512949765,0.2349656764874296,2026-01-01T00:00:00
120,2026-04-04 14:00:00,5.5,ok,,2.305327337283609,10.02746007680695,2026-01-01T00:00:00,30.0,7.562046340418025,12.087947889780619,0.4906930968100932,2026-01-01T00:00:00
120,2026-04-05 08:00:00,10.0,ok,,2.11076269057893,8.25453454014547,2026-01-01T00:00:00,30.0,6.22502330929629,9.950713601588907,0.09619110600435121,2026-01-01T00:00:00
120,2026-04-06 08:00:00,9.699999809265137,ok,,2.044813587727532,7.7277178621865525,2026-01-01T00:00:00,30.0,5.827733058214187,9.315644251837625,0.06061559904678049,2026-01-01T00:00:00
120,2026-04-07 08:00:00,8.300000190734863,ok,,2.171679802411672,8.773008591099781,2026-01-01T00:00:00,30.0,6.616022103566158,10.57572604363643,0.17880237951861122,2026-01-01T00:00:00
120,2026-04-08 08:00:00,9.399999618530273,ok,,2.0425656288616705,7.710365780994885,2026-01-01T00:00:00,30.0,5.814647267688071,9.29472658658466,0.05967330540923432,2026-01-01T00:00:00
120,2026-04-09 01:00:00,8.199999809265137,ok,,2.1105279833459827,8.252597368527272,2026-01-01T00:00:00,30.0,6.22356242274736,9.94837837119208,0.09601016965180975,2026-01-01T00:00:00
120,2026-04-09 08:00:00,7.699999809265137,ok,,2.072080324930862,7.941326485185604,2026-01-01T00:00:00,30.0,5.988822535854478,9.573146140036869,0.07230134165144086,2026-01-01T00:00:00
120,2026-04-10 00:00:00,5.699999809265137,ok,,1.9788972934431706,7.234760766812939,2026-01-01T00:00:00,30.0,5.455977462031332,8.721392104720493,0.03489087297439197,2026-01-01T00:00:00
120,2026-04-10 08:00:00,7.900000095367432,ok,,1.9778156007657177,7.226939210091311,2026-01-01T00:00:00,30.0,5.450078961919628,8.711963339176297,0.03455858148974367,2026-01-01T00:00:00
120,2026-04-11 08:00:00,8.199999809265137,ok,,2.0711869728239884,7.934235252394184,2026-01-01T00:00:00,30.0,5.98347479768662,9.56459776868456,0.07186296501501865,2026-01-01T00:00:00
120,2026-04-12 08:00:00,9.199999809265137,ok,,2.198784972655134,9.014054520322391,2026-01-01T00:00:00,30.0,6.797802980576734,10.86630317973753,0.23835570311840915,2026-01-01T00:00:00
120,2026-04-13 08:00:00,7.400000095367432,ok,,2.113435835562878,8.276629626273534,2026-01-01T00:00:00,30.0,6.2416859600489385,9.977348885867327,0.0982518396985661,2026-01-01T00:00:00
120,2026-04-14 08:00:00,7.199999809265137,ok,,2.0403386927630183,7.693214393713275,2026-01-01T00:00:00,30.0,5.801712827218346,9.274050854733371,0.058724713501852044,2026-01-01T00:00:00
120,2026-04-27 13:30:00,14.300000190734863,ok,,2.2041125337247087,9.062205596273827,2026-01-01T00:00:00,30.0,6.834115333345702,10.92434855638122,0.24796391668334083,2026-01-01T00:00:00
120,2026-04-27 15:30:00,5.900000095367432,ok,,2.2053500752385413,9.073427394194304,2026-01-01T00:00:00,30.0,6.84257807019506,10.937876260052276,0.25019263985162987,2026-01-01T00:00:00
120,2026-04-27 20:00:00,1.2000000476837158,ok,,2.3009541555404907,9.983703918021911,2026-01-01T00:00:00,30.0,7.529048343130908,12.035200517744315,0.4810383677409258,2026-01-01T00:00:00
120,2026-04-28 04:00:00,0.5,abstain,outside_training_support,0.21208146767420888,1.2362485952739362,2026-01-01T00:00:00,30.0,0.9322968223389888,1.4902785435216976,0.010000000000000009,2026-01-01T00:00:00
120,2026-04-28 08:00:00,0.8999999761581421,abstain,outside_training_support,0.2563307826104959,1.2921800879569014,2026-01-01T00:00:00,30.0,0.9744766501635458,1.5577030920883992,0.010000000000000009,2026-01-01T00:00:00
120,2026-04-28 20:00:00,3.4000000953674316,abstain,outside_training_support,0.21908772826800416,1.2449404883697983,2026-01-01T00:00:00,30.0,0.9388516725077665,1.5007564860915554,0.010000000000000009,2026-01-01T00:00:00
120,2026-04-29 04:00:00,7.199999809265137,abstain,outside_training_support,1.0835809892472017,2.9552433199570585,2026-01-01T00:00:00,30.0,2.2286488065322994,3.562500072764033,0.010000000000000009,2026-01-01T00:00:00
120,2026-04-29 08:00:00,8.100000381469727,abstain,outside_training_support,1.7706111642429316,5.874442513701634,2026-01-01T00:00:00,30.0,4.430115520028985,7.081549509369771,0.012127330730850483,2026-01-01T00:00:00
120,2026-04-29 18:00:00,11.5,ok,,2.2005147392539772,9.029660223973117,2026-01-01T00:00:00,30.0,6.80957176881201,10.88511561390016,0.24143755248170662,2026-01-01T00:00:00
120,2026-04-30 08:00:00,7.0,ok,,2.031243350172578,7.623559222191008,2026-01-01T00:00:00,30.0,5.74918350963777,9.190082623779018,0.05485043602196238,2026-01-01T00:00:00
120,2026-04-30 14:00:00,11.5,ok,,2.128248727109834,8.400142979805599,2026-01-01T00:00:00,30.0,6.334831551845433,10.126242321468325,0.11525370673192081,2026-01-01T00:00:00
120,2026-04-30 18:00:00,5.099999904632568,ok,,2.1762660491276478,8.81333617838595,2026-01-01T00:00:00,30.0,6.646434499279468,10.624340325807776,0.18999206969941174,2026-01-01T00:00:00
120,2026-05-01 08:00:00,7.900000095367432,ok,,2.063807229186213,7.875898151450446,2026-01-01T00:00:00,30.0,5.9394808194186295,9.494273296600168,0.06851056369318775,2026-01-01T00:00:00
120,2026-05-02 08:00:00,7.599999904632568,ok,,1.9628995981152269,7.119942133797506,2026-01-01T00:00:00,30.0,5.36938885265712,8.582980020101319,0.02998849839319795,2026-01-01T00:00:00
120,2026-05-03 08:00:00,7.699999809265137,ok,,2.1218269973766426,8.346372366826524,2026-01-01T00:00:00,30.0,6.294281316393393,10.06142267993258,0.10828722113527145,2026-01-01T00:00:00
120,2026-05-04 08:00:00,13.899999618530273,ok,,2.0793006756616053,7.998873151223368,2026-01-01T00:00:00,30.0,6.032220420461434,9.642517755078652,0.07584443853650824,2026-01-01T00:00:00
120,2026-05-04 12:00:00,20.299999237060547,ok,,2.272266120826553,9.701360377961281,2026-01-01T00:00:00,30.0,7.316123542882186,11.694839751096827,0.4203305956452016,2026-01-01T00:00:00
120,2026-05-04 14:30:00,9.5,ok,,2.1234335562210824,8.359792082066148,2026-01-01T00:00:00,30.0,6.30440157693195,10.077599938906413,0.11034742714981605,2026-01-01T00:00:00
120,2026-05-04 22:01:00,9.699999809265137,ok,,2.0078691626182725,7.44743116317224,2026-01-01T00:00:00,30.0,5.616359391272202,8.97776297522999,0.045072588030114824,2026-01-01T00:00:00
120,2026-05-05 08:00:00,4.900000095367432,ok,,1.9775228743685638,7.224824003817351,2026-01-01T00:00:00,30.0,5.448483813423327,8.70941349075806,0.03446865715990999,2026-01-01T00:00:00
120,2026-05-07 07:30:00,7.800000190734863,ok,,2.0832884104700002,8.030834219895658,2026-01-01T00:00:00,30.0,6.05632334189297,9.681046328581122,0.07780125909896929,2026-01-01T00:00:00
120,2026-05-08 08:00:00,4.0,ok,,2.2207260943196565,9.214018684222795,2026-01-01T00:00:00,30.0,6.948602710743231,11.107356883720096,0.27835740826423105,2026-01-01T00:00:00
120,2026-05-08 21:50:00,8.399999618530273,ok,,2.17157600421413,8.772098015879855,2026-01-01T00:00:00,30.0,6.615335408036406,10.574628359305217,0.17863925350069676,2026-01-01T00:00:00
120,2026-05-09 08:00:00,4.099999904632568,ok,,2.3166285107838034,10.141424898080308,2026-01-01T00:00:00,30.0,7.647991061518427,12.225330717562384,0.5232286068622027,2026-01-01T00:00:00
120,2026-05-09 16:30:00,3.9000000953674316,ok,,2.1955091345746833,8.984574249924666,2026-01-01T00:00:00,30.0,6.775570912917718,10.830765170150377,0.23260884299543705,2026-01-01T00:00:00
120,2026-05-09 20:00:00,3.200000047683716,ok,,1.8209694960827332,6.177844943946267,2026-01-01T00:00:00,30.0,4.6589215406694535,7.447296442126225,0.015281160403297522,2026-01-01T00:00:00
120,2026-05-10 08:00:00,6.099999904632568,ok,,1.6330399844699512,5.119414026077238,2026-01-01T00:00:00,30.0,3.860723034991087,6.171374355961451,0.010000000000000009,2026-01-01T00:00:00
120,2026-05-11 08:00:00,9.0,ok,,1.8638125043197296,6.448274040119305,2026-01-01T00:00:00,30.0,4.862861256349584,7.773294531111993,0.01796432217014421,2026-01-01T00:00:00
120,2026-05-12 08:00:00,9.899999618530273,ok,,2.042215566619496,7.70766714543437,2026-01-01T00:00:00,30.0,5.8126121354603475,9.291473423193416,0.05952419192088243,2026-01-01T00:00:00
120,2026-05-12 16:00:00,9.5,ok,,1.9968180280021277,7.3655816965850285,2026-01-01T00:00:00,30.0,5.554633943897688,8.879094710351932,0.04052994874098548,2026-01-01T00:00:00
120,2026-05-13 08:00:00,4.599999904632568,ok,,1.7262179840003034,5.619361155244828,2026-01-01T00:00:00,30.0,4.2377500517596385,6.774052880606112,0.010000000000000009,2026-01-01T00:00:00
120,2026-05-14 01:00:00,6.699999809265137,ok,,1.5388038261691372,4.659013945966203,2026-01-01T00:00:00,30.0,3.513519783692733,5.616369186735669,0.010000000000000009,2026-01-01T00:00:00
120,2026-05-14 08:00:00,12.0,ok,,2.0836526355820393,8.033759784138807,2026-01-01T00:00:00,30.0,6.058529608705214,9.684573050986248,0.07797998793196548,2026-01-01T00:00:00
120,2026-05-15 08:00:00,11.899999618530273,ok,,2.2583165201616424,9.566969801483173,2026-01-01T00:00:00,30.0,7.214775069863228,11.532833991622168,0.3814272195352356,2026-01-01T00:00:00
120,2026-05-15 13:00:00,7.099999904632568,ok,,2.1504090104931013,8.588370412520732,2026-01-01T00:00:00,30.0,6.476780216594742,10.353147577700692,0.1438617677699795,2026-01-01T00:00:00
120,2026-05-16 08:00:00,9.699999809265137,ok,,2.1094630726710277,8.243813767198908,2026-01-01T00:00:00,30.0,6.216938412302833,9.937789875767654,0.09518922753217673,2026-01-01T00:00:00
120,2026-05-18 09:00:00,5.0,ok,,2.3103710447478867,10.078163410949792,2026-01-01T00:00:00,30.0,7.600283437296496,12.149069974163124,0.5049253023109415,2026-01-01T00:00:00
120,2026-05-19 09:30:00,9.0,ok,,1.8876256894205785,6.60367088704826,2026-01-01T00:00:00,30.0,4.9800512674421835,7.960623024421894,0.019455688683344907,2026-01-01T00:00:00
120,2026-05-20 08:00:00,11.0,ok,,2.151263811458314,8.595714898428572,2026-01-01T00:00:00,30.0,6.482318941491797,10.362001241764291,0.14488093875460584,2026-01-01T00:00:00
120,2026-05-20 14:30:00,6.0,ok,,2.2366638629357363,9.362046061694974,2026-01-01T00:00:00,30.0,7.060235156000656,11.285801595684921,0.3281640670575845,2026-01-01T00:00:00
120,2026-05-21 08:00:00,10.0,ok,,2.138435161453434,8.486147782204418,2026-01-01T00:00:00,30.0,6.399690678309835,10.229919779339477,0.12546544018810735,2026-01-01T00:00:00
120,2026-05-22 08:00:00,10.899999618530273,ok,,2.3217553533140216,10.193551895841662,2026-01-01T00:00:00,30.0,7.68730179121856,12.288169006397599,0.5390898461869975,2026-01-01T00:00:00
120,2026-05-22 10:00:00,9.100000381469727,ok,,2.3027654851998594,10.00180408477466,2026-01-01T00:00:00,30.0,7.542698290246645,12.057019988560223,0.48497332253174974,2026-01-01T00:00:00
120,2026-05-23 07:35:00,10.800000190734863,ok,,2.2766673671158704,9.744152554703525,2026-01-01T00:00:00,30.0,7.348394568750509,11.746425057703728,0.4282598527602566,2026-01-01T00:00:00
120,2026-05-24 08:00:00,9.5,ok,,2.1063403828077454,8.218111045214002,2026-01-01T00:00:00,30.0,6.197555121495791,9.906805642312793,0.09278193864343687,2026-01-01T00:00:00
120,2026-05-25 03:00:00,11.300000190734863,ok,,2.241294096090008,9.405495029562033,2026-01-01T00:00:00,30.0,7.093001490240567,11.338178653825151,0.3407179918061748,2026-01-01T00:00:00
120,2026-05-25 08:00:00,8.199999809265137,ok,,2.2182225053928026,9.190979421528723,2026-01-01T00:00:00,30.0,6.931228024550801,11.079583409207936,0.2733432590090751,2026-01-01T00:00:00
120,2026-05-25 12:00:00,10.100000381469727,ok,,2.346468119601078,10.448601269056516,2026-01-01T00:00:00,30.0,7.879643138336588,12.59562707744724,0.5972567324826696,2026-01-01T00:00:00
120,2026-05-26 08:00:00,9.399999618530273,ok,,2.179813973326155,8.844660762849566,2026-01-01T00:00:00,30.0,6.67005742647078,10.662101627449957,0.19573113525420283,2026-01-01T00:00:00
120,2026-05-27 03:00:00,10.699999809265137,ok,,1.8073010447906712,6.093977843640554,2026-01-01T00:00:00,30.0,4.595674527558408,7.3461959510350345,0.014425135874954642,2026-01-01T00:00:00
120,2026-05-27 08:00:00,6.0,ok,,2.0631659977962107,7.870849497182064,2026-01-01T00:00:00,30.0,5.935673458706962,9.488187222036693,0.06824402717014943,2026-01-01T00:00:00
120,2026-05-28 08:00:00,8.699999809265137,ok,,2.1545941680096283,8.624389415533658,2026-01-01T00:00:00,30.0,6.503943363376986,10.396567928230848,0.1488516908988956,2026-01-01T00:00:00
120,2026-05-29 08:00:00,8.100000381469727,ok,,2.2840171913305687,9.816034198237515,2026-01-01T00:00:00,30.0,7.402602944078444,11.83307726620071,0.4429803229345024,2026-01-01T00:00:00
120,2026-05-30 08:00:00,9.199999809265137,ok,,2.167549425273165,8.736847487885253,2026-01-01T00:00:00,30.0,6.5887517942221825,10.532134393513065,0.17231120731095317,2026-01-01T00:00:00
120,2026-05-31 08:00:00,9.100000381469727,ok,,2.2091952065217475,9.10838307523657,2026-01-01T00:00:00,30.0,6.868939329963511,10.980014792407843,0.2566276827990388,2026-01-01T00:00:00
120,2026-06-01 08:00:00,10.0,ok,,2.166027731534565,8.723562791950599,2026-01-01T00:00:00,30.0,6.578733356302037,10.51611989822117,0.16988407565623065,2026-01-01T00:00:00
120,2026-06-02 08:00:00,8.899999618530273,ok,,2.1415823719441898,8.512897547021353,2026-01-01T00:00:00,30.0,6.419863579482367,10.262166206719316,0.12857687706639687,2026-01-01T00:00:00
120,2026-06-03 08:00:00,9.300000190734863,ok,,2.1314757796460624,8.427294468590972,2026-01-01T00:00:00,30.0,6.355307406631554,10.158973020873121,0.11854181889547122,2026-01-01T00:00:00
120,2026-06-03 18:00:00,9.0,ok,,2.131441897677477,8.427008940101688,2026-01-01T00:00:00,30.0,6.355092079953518,10.158628820699489,0.11850729584021258,2026-01-01T00:00:00
120,2026-06-04 08:00:00,8.699999809265137,ok,,2.185594602681398,8.895936528806963,2026-01-01T00:00:00,30.0,6.708726213515579,10.723913769523223,0.21038604354783808,2026-01-01T00:00:00
120,2026-06-05 08:00:00,8.5,ok,,2.166999799329238,8.732046809247397,2026-01-01T00:00:00,30.0,6.585131440309341,10.526347249733334,0.1714474322772972,2026-01-01T00:00:00
120,2026-06-06 08:00:00,10.5,ok,,2.200853639141241,9.032720893406022,2026-01-01T00:00:00,30.0,6.811879923011284,10.888805203520006,0.24205231358331225,2026-01-01T00:00:00
120,2026-06-07 08:00:00,9.399999618530273,ok,,2.2022563524978485,9.045400102218512,2026-01-01T00:00:00,30.0,6.821441742641127,10.904089793459537,0.24459682197871657,2026-01-01T00:00:00
120,2026-06-07 14:15:00,10.800000190734863,ok,,2.195613250866769,8.985509739180527,2026-01-01T00:00:00,30.0,6.776276396963489,10.831892887966223,0.23279149603030758,2026-01-01T00:00:00
120,2026-06-08 08:00:00,9.699999809265137,ok,,2.209063272219969,9.107181446344983,2026-01-01T00:00:00,30.0,6.868033141029068,10.978566247381178,0.25640688334236206,2026-01-01T00:00:00
120,2026-06-08 15:00:00,7.599999904632568,ok,,2.143564693580528,8.52978958521156,2026-01-01T00:00:00,30.0,6.432602436042257,10.282529297255842,0.13130860575476655,2026-01-01T00:00:00
120,2026-06-08 20:00:00,6.699999809265137,ok,,2.120763583448921,8.337501435777478,2026-01-01T00:00:00,30.0,6.287591447656772,10.050728909881805,0.10684804852184093,2026-01-01T00:00:00
120,2026-06-09 08:00:00,5.599999904632568,ok,,2.220536278395965,9.212269882735773,2026-01-01T00:00:00,30.0,6.947283880472778,11.105248730600287,0.2779772478624233,2026-01-01T00:00:00
120,2026-06-09 15:00:00,6.800000190734863,ok,,2.0168924643460304,7.514935680450562,2026-01-01T00:00:00,30.0,5.667266827844991,9.059138625787053,0.048781673691445926,2026-01-01T00:00:00
120,2026-06-10 08:00:00,10.399999618530273,ok,,2.129629409901009,8.41174892288048,2026-01-01T00:00:00,30.0,6.343583985530959,10.140233106176153,0.1166605136644705,2026-01-01T00:00:00
120,2026-06-10 12:30:00,9.800000190734863,ok,,1.9875508427175181,7.297638792263523,2026-01-01T00:00:00,30.0,5.503395904848281,8.797190591000877,0.03754920726451705,2026-01-01T00:00:00
120,2026-06-11 08:00:00,9.699999809265137,ok,,2.3256746794115015,10.23358214436949,2026-01-01T00:00:00,30.0,7.7174899537310235,12.336424851298798,0.5462347715586844,2026-01-01T00:00:00
120,2026-06-12 08:00:00,9.699999809265137,ok,,2.263114073710018,9.61297812685788,2026-01-01T00:00:00,30.0,7.2494715020468155,11.588296315617042,0.38919557137704053,2026-01-01T00:00:00
120,2026-06-13 08:00:00,8.600000381469727,ok,,2.1299272433251604,8.414254595983362,2026-01-01T00:00:00,30.0,6.345473598251706,10.143253656311924,0.11696398244710393,2026-01-01T00:00:00
120,2026-06-14 08:00:00,9.399999618530273,ok,,2.1408307142736054,8.506501166526624,2026-01-01T00:00:00,30.0,6.415039852901399,10.25445546905382,0.12783376331440122,2026-01-01T00:00:00
120,2026-06-15 08:00:00,9.800000190734863,ok,,2.1657235052107215,8.720909258169465,2026-01-01T00:00:00,30.0,6.576732236849544,10.512921104326763,0.16919333005629933,2026-01-01T00:00:00
120,2026-06-16 02:00:00,8.300000190734863,ok,,2.2600129232015265,9.583213011757161,2026-01-01T00:00:00,30.0,7.227024623376102,11.552414930150047,0.38417408948602316,2026-01-01T00:00:00
120,2026-06-17 07:00:00,2.0999999046325684,ok,,2.4018117056621233,11.043165233196257,2026-01-01T00:00:00,30.0,8.328023906220839,13.312364731909303,0.7129474156049818,2026-01-01T00:00:00
120,2026-06-17 08:00:00,0.30000001192092896,ok,,1.939961791243898,6.958485090498168,2026-01-01T00:00:00,30.0,5.247628642786978,8.388346053883433,0.026547450391868788,2026-01-01T00:00:00
120,2026-06-17 12:00:00,0.10000000149011612,ok,,1.6216501166824713,5.061435388470892,2026-01-01T00:00:00,30.0,3.8169993860336033,6.101482005880995,0.010000000000000009,2026-01-01T00:00:00
120,2026-06-17 20:00:00,2.700000047683716,abstain,outside_training_support,0.9376753714975321,2.554037324140594,2026-01-01T00:00:00,30.0,1.9260858135930383,3.07885245578531,0.010000000000000009,2026-01-01T00:00:00
120,2026-07-02 10:00:00,4.099999904632568,abstain,outside_training_support,1.7373663878589953,5.682358570667788,2026-01-01T00:00:00,30.0,4.285258530587378,6.849995289649947,0.01004528475388955,2026-01-01T00:00:00
120,2026-07-02 18:00:00,1.100000023841858,abstain,outside_training_support,1.3985002132453763,4.049122590170754,2026-01-01T00:00:00,30.0,3.053580112049166,4.881154598912486,0.010000000000000009,2026-01-01T00:00:00
120,2026-07-03 11:00:00,2.299999952316284,abstain,outside_training_support,1.1955531478618036,3.3053856319109776,2026-01-01T00:00:00,30.0,2.492702950697965,3.9845912093516387,0.010000000000000009,2026-01-01T00:00:00
120,2026-07-03 16:00:00,16.100000381469727,abstain,outside_training_support,1.6049307072329957,4.9775146850243415,2026-01-01T00:00:00,30.0,3.753711948983505,6.000316897033346,0.010000000000000009,2026-01-01T00:00:00
120,2026-07-03 19:00:00,13.800000190734863,ok,,1.9832631444534687,7.266415704506546,2026-01-01T00:00:00,30.0,5.4798495197516885,8.759551642067303,0.03623204421850301,2026-01-01T00:00:00
120,2026-07-03 22:00:00,7.099999904632568,ok,,2.2758327921838677,9.736023721779674,2026-01-01T00:00:00,30.0,7.34226434127587,11.736625875454623,0.4267562879100707,2026-01-01T00:00:00
120,2026-07-04 02:00:00,3.700000047683716,ok,,2.366322811765971,10.658128194037285,2026-01-01T00:00:00,30.0,8.037654469634194,12.848208541873277,0.6399429772428,2026-01-01T00:00:00
120,2026-07-04 08:00:00,3.200000047683716,ok,,1.7188285471442404,5.577990282791889,2026-01-01T00:00:00,30.0,4.206550879463131,6.724180934317084,0.010000000000000009,2026-01-01T00:00:00
120,2026-07-05 08:00:00,4.800000190734863,ok,,1.8182048969645213,6.160789266180695,2026-01-01T00:00:00,30.0,4.646059277978544,7.426736086614864,0.015108019744882295,2026-01-01T00:00:00
120,2026-07-06 08:00:00,6.5,ok,,1.9239262568541404,6.847791947325205,2026-01-01T00:00:00,30.0,5.1641512046492215,8.254907183403592,0.024141856697944553,2026-01-01T00:00:00
120,2026-07-07 08:00:00,5.699999809265137,ok,,1.9671078139073,7.1499675190636705,2026-01-01T00:00:00,30.0,5.392032009850714,8.619175157223577,0.031269193970860254,2026-01-01T00:00:00
120,2026-07-08 08:00:00,5.300000190734863,ok,,1.8095071256310642,6.107436491377273,2026-01-01T00:00:00,30.0,4.605824148408042,7.36242014253141,0.014563297783025342,2026-01-01T00:00:00
120,2026-07-09 08:00:00,9.600000381469727,ok,,2.0415180940995667,7.702293133738266,2026-01-01T00:00:00,30.0,5.80855941172287,9.284995135287605,0.05922709458233422,2026-01-01T00:00:00
120,2026-07-10 08:00:00,8.0,ok,,2.0447717771785294,7.727394768814601,2026-01-01T00:00:00,30.0,5.827489402589306,9.315254767779471,0.060598219925091734,2026-01-01T00:00:00
120,2026-07-11 08:00:00,8.100000381469727,ok,,2.0119088541245107,7.4775773372104615,2026-01-01T00:00:00,30.0,5.639093639358675,9.014103721347057,0.04673312896003812,2026-01-01T00:00:00
120,2026-07-12 08:00:00,11.600000381469727,ok,,1.9919196734377151,7.329590686190658,2026-01-01T00:00:00,30.0,5.5274919072946,8.835708104490095,0.038891293863096754,2026-01-01T00:00:00
120,2026-07-12 12:00:00,6.800000190734863,ok,,2.0361342473242576,7.660936596214296,2026-01-01T00:00:00,30.0,5.777371049880488,9.235140469533535,0.05693377620434592,2026-01-01T00:00:00
120,2026-07-13 08:00:00,7.900000095367432,ok,,2.165149919627371,8.715908504662435,2026-01-01T00:00:00,30.0,6.572960999719951,10.506892773389556,0.16789100449525707,2026-01-01T00:00:00
120,2026-07-14 08:00:00,8.899999618530273,ok,,2.1257805435943737,8.379435450878507,2026-01-01T00:00:00,30.0,6.319215304845416,10.101279715915222,0.11273882228304732,2026-01-01T00:00:00
120,2026-07-15 08:00:00,10.300000190734863,ok,,2.149663039471474,8.581966126073025,2026-01-01T00:00:00,30.0,6.4719505278675955,10.345427309531274,0.14297235368230898,2026-01-01T00:00:00
120,2026-07-16 08:00:00,11.0,ok,,2.1629029079293605,8.696345743401498,2026-01-01T00:00:00,30.0,6.558208060683684,10.483310167536118,0.16278916641699326,2026-01-01T00:00:00
120,2026-07-17 08:00:00,9.100000381469727,ok,,2.242910717253536,9.420712448967231,2026-01-01T00:00:00,30.0,7.104477460211253,11.356523017340738,0.34618200819798295,2026-01-01T00:00:00
120,2026-07-18 03:00:00,10.300000190734863,ok,,2.096863076756189,8.140593401106004,2026-01-01T00:00:00,30.0,6.139096447768379,9.813359322373477,0.08607779132038162,2026-01-01T00:00:00
120,2026-07-18 08:00:00,12.399999618530273,ok,,2.2154877909937016,9.165879054573393,2026-01-01T00:00:00,30.0,6.912298990017248,11.04932530541631,0.26800594714093895,2026-01-01T00:00:00
120,2026-07-18 20:00:00,10.399999618530273,ok,,2.2762345450734958,9.739935983271945,2026-01-01T00:00:00,30.0,7.345214709811249,11.741342046118733,0.4274800833419031,2026-01-01T00:00:00
120,2026-07-19 08:00:00,9.100000381469727,ok,,2.2468422994358157,9.45782365925918,2026-01-01T00:00:00,30.0,7.132464277393983,11.401260006837544,0.3555758492564748,2026-01-01T00:00:00
120,2026-07-20 08:00:00,10.199999809265137,ok,,2.286909105789824,9.844462415641928,2026-01-01T00:00:00,30.0,7.424041623040116,11.867347042191016,0.44989594368114694,2026-01-01T00:00:00
120,2026-07-21 08:00:00,8.100000381469727,ok,,2.2217033364582237,9.22302741268415,2026-01-01T00:00:00,30.0,6.955396497162842,11.1182167664182,0.28057003530303093,2026-01-01T00:00:00
120,2026-07-23 08:00:00,6.400000095367432,ok,,2.2736729981567194,9.715018607422694,2026-01-01T00:00:00,30.0,7.326423675051664,11.711304535272644,0.42286521682904865,2026-01-01T00:00:00
120,2026-07-24 08:00:00,8.800000190734863,ok,,2.199016365256137,9.016140547179715,2026-01-01T00:00:00,30.0,6.799376123889359,10.86881785282073,0.23876163921134097,2026-01-01T00:00:00
120,2026-07-25 08:00:00,7.400000095367432,ok,,2.088919741845488,8.076186084449,2026-01-01T00:00:00,30.0,6.090524714797957,9.735717299218361,0.08076898330024662,2026-01-01T00:00:00
120,2026-07-26 08:00:00,9.899999618530273,ok,,1.910574386140874,6.756968793346204,2026-01-01T00:00:00,30.0,5.095658396509235,8.145421277294329,0.02213885666007609,2026-01-01T00:00:00
120,2026-07-27 08:00:00,10.800000190734863,ok,,2.1892295359338974,8.928331505427654,2026-01-01T00:00:00,30.0,6.733156359587068,10.762965412340261,0.22156278594154122,2026-01-01T00:00:00
120,2026-07-28 08:00:00,9.300000190734863,ok,,1.9787306957412072,7.233555572689006,2026-01-01T00:00:00,30.0,5.4550685844347555,8.719939261861429,0.03483969485432303,2026-01-01T00:00:00
120,2026-07-29 08:00:00,8.0,ok,,2.059308195193853,7.84054380777851,2026-01-01T00:00:00,30.0,5.912818914695556,9.451654182616137,0.06664047920254734,2026-01-01T00:00:00
120,2026-07-30 08:00:00,8.5,ok,,2.0357630998251035,7.658093786338954,2026-01-01T00:00:00,30.0,5.775227190932193,9.231713506237698,0.05677568118116327,2026-01-01T00:00:00
120,2026-07-31 08:00:00,8.600000381469727,ok,,2.1787684748029705,8.835418515303886,2026-01-01T00:00:00,30.0,6.663087535422128,10.650960241110752,0.19404084444702607,2026-01-01T00:00:00
120,2026-08-01 08:00:00,8.399999618530273,ok,,2.159160556763995,8.663861784876277,2026-01-01T00:00:00,30.0,6.5337108103524555,10.444151258410677,0.15589041141277116,2026-01-01T00:00:00
120,2026-08-02 08:00:00,10.600000381469727,ok,,2.1777384675860194,8.826322655673032,2026-01-01T00:00:00,30.0,6.656228040444577,10.639995323136677,0.1923755989287108,2026-01-01T00:00:00
120,2026-08-03 08:00:00,9.600000381469727,ok,,2.2200470280998172,9.207763879339081,2026-01-01T00:00:00,30.0,6.943885751112515,11.099816813261981,0.2769973849217858,2026-01-01T00:00:00
120,2026-08-04 08:00:00,8.0,ok,,2.1621661031572317,8.689940594319653,2026-01-01T00:00:00,30.0,6.553377721414996,10.475588859474598,0.1611162518318039,2026-01-01T00:00:00
120,2026-08-05 08:00:00,7.800000190734863,ok,,2.1087113692991886,8.237619193126092,2026-01-01T00:00:00,30.0,6.212266874761023,9.930322412619654,0.09460973765201464,2026-01-01T00:00:00
120,2026-08-06 08:00:00,9.300000190734863,ok,,2.085077973950406,8.045218774730863,2026-01-01T00:00:00,30.0,6.067171220559842,9.698386686750966,0.07867941544199286,2026-01-01T00:00:00
120,2026-08-07 08:00:00,9.699999809265137,abstain,no_control_telemetry|too_many_missing_features,2.1175725085687764,8.310938249481843,2026-01-01T00:00:00,30.0,6.267559251649197,10.018707400021015,0.10252940320867587,2026-01-01T00:00:00
120,2026-08-07 11:00:00,8.800000190734863,abstain,no_control_telemetry|too_many_missing_features,2.159707176710991,8.668598919133997,2026-01-01T00:00:00,30.0,6.537283243301903,10.44986180042387,0.15678399148610522,2026-01-01T00:00:00
120,2026-08-08 08:00:00,6.699999809265137,abstain,no_control_telemetry|too_many_missing_features,2.13274295574584,8.43798010358814,2026-01-01T00:00:00,30.0,6.363365804910525,10.171854388440343,0.11983297145659733,2026-01-01T00:00:00
120,2026-08-09 08:00:00,7.300000190734863,abstain,no_control_telemetry|too_many_missing_features,2.0920792183188945,8.101742956285648,2026-01-01T00:00:00,30.0,6.10979801508183,9.766525712577366,0.0828805717237503,2026-01-01T00:00:00
180,2026-01-01 07:00:00,8.899999618530273,ok,,2.1811861936213686,8.856805916860273,2026-01-01T00:00:00,300.0,6.51774340825169,10.722616023894513,0.22385123192952083,2026-01-01T00:00:00
180,2026-01-02 07:00:00,9.100000381469727,ok,,2.1398176173542205,8.497887620315357,2026-01-01T00:00:00,300.0,6.25361462600602,10.288086565540329,0.1387801143673315,2026-01-01T00:00:00
180,2026-01-03 07:00:00,10.600000381469727,ok,,2.173756148715716,8.79124331931738,2026-01-01T00:00:00,300.0,6.46949574515798,10.64324174770728,0.20099204418453331,2026-01-01T00:00:00
180,2026-01-03 11:58:15,8.699999809265137,ok,,2.1617483806270346,8.68631136840482,2026-01-01T00:00:00,300.0,6.392276086310835,10.516204412934975,0.1770102631249325,2026-01-01T00:00:00
180,2026-01-04 07:00:00,8.100000381469727,ok,,2.1446082944880898,8.53869592788932,2026-01-01T00:00:00,300.0,6.283645551397055,10.337491714169317,0.1475223955281959,2026-01-01T00:00:00
180,2026-01-04 15:00:00,6.800000190734863,ok,,2.1412244844443618,8.509851432517621,2026-01-01T00:00:00,300.0,6.262418822332648,10.302570722202569,0.14086247667009122,2026-01-01T00:00:00
180,2026-01-05 07:00:00,7.900000095367432,ok,,2.0833145522438095,8.031044162891464,2026-01-01T00:00:00,300.0,5.910063474962093,9.722896000881518,0.07669439131656475,2026-01-01T00:00:00
180,2026-01-05 19:00:00,8.600000381469727,ok,,2.101654228588218,8.179689803705413,2026-01-01T00:00:00,300.0,6.019452136594177,9.902855926054944,0.09111752983458132,2026-01-01T00:00:00
180,2026-01-06 07:00:00,10.5,ok,,2.1903675894215735,8.938498208265049,2026-01-01T00:00:00,300.0,6.5778609493615,10.821517939671848,0.24051677140199357,2026-01-01T00:00:00
180,2026-01-06 13:00:00,8.899999618530273,ok,,2.169639188373825,8.755124520063767,2026-01-01T00:00:00,300.0,6.442915839494579,10.599514017950513,0.1930776595830992,2026-01-01T00:00:00
180,2026-01-07 07:00:00,7.099999904632568,ok,,2.1361280966739025,8.466592256148665,2026-01-01T00:00:00,300.0,6.230584297079201,10.250198394969878,0.13413367838363688,2026-01-01T00:00:00
180,2026-01-08 07:00:00,8.199999809265137,ok,,2.1398996795078524,8.49858500388881,2026-01-01T00:00:00,300.0,6.2541278321473275,10.288930862722598,0.1388834601882586,2026-01-01T00:00:00
180,2026-01-09 15:00:00,13.0,abstain,outside_training_support,2.2775100675071513,9.75236741672165,2026-01-01T00:00:00,300.0,7.176789131642082,11.806840086038214,0.44246600161833627,2026-01-01T00:00:00
180,2026-01-09 18:00:00,2.0,ok,,2.094320588180178,8.119922324505046,2026-01-01T00:00:00,300.0,5.975469114131818,9.830497590984997,0.08374093430320484,2026-01-01T00:00:00
180,2026-01-10 07:00:00,6.599999904632568,ok,,1.8310668901441436,6.2405410798974925,2026-01-01T00:00:00,300.0,4.592428226297267,7.555198387456827,0.012283023409349614,2026-01-01T00:00:00
180,2026-01-11 07:00:00,8.800000190734863,ok,,2.112059794010369,8.265248472259318,2026-01-01T00:00:00,300.0,6.082414953350094,10.006438725433298,0.10070877588973781,2026-01-01T00:00:00
180,2026-01-12 07:00:00,12.0,ok,,2.154709857550934,8.625387224906122,2026-01-01T00:00:00,300.0,6.347441871988028,10.442445746046092,0.1632288293195875,2026-01-01T00:00:00
180,2026-01-12 13:00:00,9.800000190734863,ok,,2.1572834855121217,8.647614352554259,2026-01-01T00:00:00,300.0,6.363798865250942,10.469355329175984,0.1684558080145372,2026-01-01T00:00:00
180,2026-01-13 07:00:00,9.0,ok,,2.124523059636268,8.368905067502737,2026-01-01T00:00:00,300.0,6.158696075089875,10.13193203301765,0.11542304081625243,2026-01-01T00:00:00
180,2026-01-13 19:00:00,11.100000381469727,ok,,2.114402022152308,8.284630259253873,2026-01-01T00:00:00,300.0,6.096678054022023,10.029903557083715,0.1032879342127977,2026-01-01T00:00:00
180,2026-01-14 07:00:00,8.899999618530273,ok,,2.2563327367511956,9.548009817971042,2026-01-01T00:00:00,300.0,7.026401914773376,11.559431699365035,0.39300276943349244,2026-01-01T00:00:00
180,2026-01-15 07:00:00,9.5,ok,,2.2061575973929006,9.080757346982404,2026-01-01T00:00:00,300.0,6.682549769726585,10.993745956710399,0.2805403585458043,2026-01-01T00:00:00
180,2026-01-16 07:00:00,9.399999618530273,ok,,2.2082014228440405,9.099335809063417,2026-01-01T00:00:00,300.0,6.696221701786592,11.016238231812642,0.28303171951552963,2026-01-01T00:00:00
180,2026-01-17 07:00:00,9.899999618530273,ok,,2.1997514713600266,9.022770803801956,2026-01-01T00:00:00,300.0,6.639877342089642,10.923543736755088,0.27092794179962065,2026-01-01T00:00:00
180,2026-01-18 07:00:00,9.199999809265137,ok,,2.2156788168908643,9.167630142089283,2026-01-01T00:00:00,300.0,6.746479655170545,11.09891972178978,0.293822237861617,2026-01-01T00:00:00
180,2026-01-18 11:30:00,9.600000381469727,ok,,2.198858192057047,9.014714548166308,2026-01-01T00:00:00,300.0,6.633948725435135,10.913790318131909,0.2692295564161886,2026-01-01T00:00:00
180,2026-01-18 19:00:00,7.099999904632568,ok,,2.202298408344813,9.04578052218033,2026-01-01T00:00:00,300.0,6.656810245632315,10.951400774303982,0.27480293774483655,2026-01-01T00:00:00
180,2026-01-19 07:00:00,7.599999904632568,ok,,2.1577586532378406,8.65172439620177,2026-01-01T00:00:00,300.0,6.36682345562163,10.474331211033101,0.1694208626441558,2026-01-01T00:00:00
180,2026-01-19 14:44:10,7.0,ok,,2.1320960951708443,8.432523671892064,2026-01-01T00:00:00,300.0,6.205513149246523,10.208952786689602,0.1284779423580713,2026-01-01T00:00:00
180,2026-01-19 19:00:00,9.899999618530273,ok,,2.1438025832621377,8.531818975516119,2026-01-01T00:00:00,300.0,6.2785847866676425,10.32916603554379,0.14593661756827436,2026-01-01T00:00:00
180,2026-01-20 02:30:00,7.099999904632568,ok,,2.068865616901604,7.915838429449632,2026-01-01T00:00:00,300.0,5.82528331642843,9.58342056752057,0.07020218753981156,2026-01-01T00:00:00
180,2026-01-20 07:00:00,8.0,ok,,2.102345855930094,8.185349057643508,2026-01-01T00:00:00,300.0,6.023616794304518,9.909707381029742,0.09174684986265891,2026-01-01T00:00:00
180,2026-01-21 07:00:00,9.899999618530273,ok,,2.1184513262605775,8.318245259345446,2026-01-01T00:00:00,300.0,6.121415408246772,10.070600027347217,0.10774684929730216,2026-01-01T00:00:00
180,2026-01-22 07:00:00,9.199999809265137,ok,,2.1579602088041,8.653468375159996,2026-01-01T00:00:00,300.0,6.368106853662166,10.476442583563824,0.16983021732423165,2026-01-01T00:00:00
180,2026-01-23 07:00:00,8.5,ok,,2.1828830541097908,8.871847438947341,2026-01-01T00:00:00,300.0,6.528812498209554,10.740826253097746,0.22702275640213587,2026-01-01T00:00:00
180,2026-01-24 07:00:00,9.600000381469727,ok,,2.1604952838489315,8.675433396614602,2026-01-01T00:00:00,300.0,6.384270962387337,10.503034844162647,0.17463899583687692,2026-01-01T00:00:00
180,2026-01-25 07:00:00,7.400000095367432,ok,,2.189540642557562,8.931109600616765,2026-01-01T00:00:00,300.0,6.572423656363571,10.812572818427524,0.23882574790727973,2026-01-01T00:00:00
180,2026-01-26 07:00:00,8.199999809265137,ok,,2.160857175936386,8.678573535477508,2026-01-01T00:00:00,300.0,6.386581797644068,10.506836497219597,0.17532381354910975,2026-01-01T00:00:00
180,2026-01-27 07:00:00,8.0,ok,,2.139017661839864,8.49109240654984,2026-01-01T00:00:00,300.0,6.248614012901971,10.27985984490403,0.1377726821263121,2026-01-01T00:00:00
180,2026-01-28 07:00:00,7.699999809265137,ok,,2.1527814581085227,8.608770060405966,2026-01-01T00:00:00,300.0,6.335213263232071,10.422327943306183,0.1595331433995043,2026-01-01T00:00:00
180,2026-01-29 07:00:00,9.0,ok,,2.1332264252653736,8.442060596092048,2026-01-01T00:00:00,300.0,6.212531393230071,10.220498797430423,0.13047942851932004,2026-01-01T00:00:00
180,2026-01-30 07:00:00,8.5,ok,,2.1296152210260306,8.411629570473403,2026-01-01T00:00:00,300.0,6.190137132986128,10.183657050418573,0.12344079984398415,2026-01-01T00:00:00
180,2026-01-31 07:00:00,8.699999809265137,ok,,2.140214399422221,8.501260098764222,2026-01-01T00:00:00,300.0,6.256096440486985,10.292169503768342,0.13927980596366185,2026-01-01T00:00:00
180,2026-02-01 07:00:00,9.0,ok,,2.1847363860634164,8.888305163396133,2026-01-01T00:00:00,300.0,6.5409237746728595,10.760751027508295,0.23045380602895593,2026-01-01T00:00:00
180,2026-02-02 07:00:00,9.199999809265137,ok,,2.10137340827566,8.177393103153287,2026-01-01T00:00:00,300.0,6.017761989488678,9.900075393391871,0.09086200805820921,2026-01-01T00:00:00
180,2026-02-03 07:00:00,8.399999618530273,ok,,2.114559971609853,8.28593891545733,2026-01-01T00:00:00,300.0,6.097641097067542,10.031487900029543,0.10346186118889156,2026-01-01T00:00:00
180,2026-02-04 07:00:00,9.800000190734863,ok,,2.1095600899917666,8.2446135987214,2026-01-01T00:00:00,300.0,6.067229703470582,9.981456827023681,0.09831116811233276,2026-01-01T00:00:00
180,2026-02-05 07:00:00,8.899999618530273,ok,,2.122928407016076,8.355570206170276,2026-01-01T00:00:00,300.0,6.148882920622511,10.115787996539705,0.113274804009036,2026-01-01T00:00:00
180,2026-02-06 07:00:00,6.400000095367432,ok,,2.135239366048567,8.459071078963694,2026-01-01T00:00:00,300.0,6.225049445860849,10.241092776560807,0.1330144462895062,2026-01-01T00:00:00
180,2026-02-07 07:00:00,7.0,ok,,2.1821916168048534,8.865715232926652,2026-01-01T00:00:00,300.0,6.524299793997158,10.733402212065743,0.22573042250147035,2026-01-01T00:00:00
180,2026-02-08 07:00:00,9.899999618530273,ok,,2.138806966297854,8.489303559690628,2026-01-01T00:00:00,300.0,6.247297596472117,10.277694152421105,0.1375073405188717,2026-01-01T00:00:00
180,2026-02-09 07:00:00,10.300000190734863,ok,,2.218256119111819,9.191288369720903,2026-01-01T00:00:00,300.0,6.763889798132283,11.127561886141244,0.29941669757443456,2026-01-01T00:00:00
180,2026-02-10 07:00:00,9.100000381469727,ok,,2.1790654011937085,8.838042373761427,2026-01-01T00:00:00,300.0,6.503935274654098,10.69989967786804,0.21970839886199423,2026-01-01T00:00:00
180,2026-02-11 07:00:00,8.699999809265137,ok,,2.1584004668867776,8.657278973317124,2026-01-01T00:00:00,300.0,6.37091108142252,10.48105593754762,0.17067491977857008,2026-01-01T00:00:00
180,2026-02-12 07:00:00,7.699999809265137,ok,,2.1672656279250933,8.734368345541336,2026-01-01T00:00:00,300.0,6.427641323947551,10.574385264806528,0.18848158140875027,2026-01-01T00:00:00
180,2026-02-13 07:00:00,8.899999618530273,ok,,2.153936889308555,8.618722650587028,2026-01-01T00:00:00,300.0,6.342537396746634,10.434377185883752,0.16165894874799103,2026-01-01T00:00:00
180,2026-02-14 07:00:00,7.699999809265137,ok,,2.1327504053596096,8.438042963515047,2026-01-01T00:00:00,300.0,6.20957480837416,10.215634794329004,0.12980644734334845,2026-01-01T00:00:00
180,2026-02-15 07:00:00,8.199999809265137,ok,,2.1171231007359483,8.307204087877961,2026-01-01T00:00:00,300.0,6.113290185313459,10.057232878601816,0.10628426593259555,2026-01-01T00:00:00
180,2026-02-16 07:00:00,7.800000190734863,ok,,2.142127031306899,8.517535439295195,2026-01-01T00:00:00,300.0,6.268073500214675,10.311873472536533,0.14263884378067349,2026-01-01T00:00:00
180,2026-02-17 07:00:00,8.0,ok,,2.0891764236868036,8.078259360838784,2026-01-01T00:00:00,300.0,5.944809245398884,9.780057740997954,0.07932825069926164,2026-01-01T00:00:00
180,2026-02-18 07:00:00,8.800000190734863,ok,,2.139454092300476,8.494798986693333,2026-01-01T00:00:00,300.0,6.251341693571977,10.284347268024007,0.13832230533546896,2026-01-01T00:00:00
180,2026-02-19 07:00:00,9.5,ok,,2.1193948047398417,8.326097048147318,2026-01-01T00:00:00,300.0,6.12719355729811,10.080105905336811,0.10878576618539282,2026-01-01T00:00:00
180,2026-02-20 07:00:00,7.400000095367432,ok,,2.1557953236803447,8.63475487380483,2026-01-01T00:00:00,300.0,6.354335545896378,10.453786821274612,0.1654333858514886,2026-01-01T00:00:00
180,2026-02-21 07:00:00,7.400000095367432,ok,,2.032258998548107,7.6313060110716195,2026-01-01T00:00:00,300.0,5.615895269346257,9.238947413512573,0.0565392855835376,2026-01-01T00:00:00
180,2026-02-22 07:00:00,7.800000190734863,ok,,2.103039138188096,8.19102578247966,2026-01-01T00:00:00,300.0,6.027794308888059,9.916579987391758,0.09237767571880284,2026-01-01T00:00:00
180,2026-02-23 07:00:00,10.399999618530273,ok,,2.1102395419489404,8.250217321081674,2026-01-01T00:00:00,300.0,6.071353495367819,9.988241051916692,0.09892940961158614,2026-01-01T00:00:00
180,2026-02-24 07:00:00,8.0,ok,,2.1323904460643432,8.43500615811243,2026-01-01T00:00:00,300.0,6.207340016443429,10.211958243371782,0.12907558952320575,2026-01-01T00:00:00
180,2026-02-25 07:00:00,9.100000381469727,ok,,2.1343123168719424,8.451232737910113,2026-01-01T00:00:00,300.0,6.219281193037745,10.231603179275867,0.13184695733195662,2026-01-01T00:00:00
180,2026-02-26 07:00:00,8.699999809265137,ok,,2.1348107862881083,8.455446469079668,2026-01-01T00:00:00,300.0,6.222382087289276,10.236704591882532,0.13247470994068966,2026-01-01T00:00:00
180,2026-02-27 07:00:00,8.899999618530273,ok,,2.141405442042913,8.511391494135603,2026-01-01T00:00:00,300.0,6.26355215714354,10.304435219351742,0.1412186322779817,2026-01-01T00:00:00
180,2026-02-28 07:00:00,8.600000381469727,ok,,2.158086646608061,8.654562569870327,2026-01-01T00:00:00,300.0,6.368912074012205,10.477767285701862,0.17008106958738534,2026-01-01T00:00:00
180,2026-03-01 07:00:00,9.899999618530273,ok,,2.187574007671623,8.913562628804968,2026-01-01T00:00:00,300.0,6.559510800314259,10.79132933145421,0.2353986717340929,2026-01-01T00:00:00
180,2026-03-02 07:00:00,8.199999809265137,ok,,2.1991888560223356,9.017695882307468,2026-01-01T00:00:00,300.0,6.636142695939711,10.91739971203019,0.27007195982390175,2026-01-01T00:00:00
180,2026-03-03 07:00:00,10.199999809265137,ok,,2.1064759949815,8.219225596688664,2026-01-01T00:00:00,300.0,6.048546615633856,9.950720487087333,0.09550491300797215,2026-01-01T00:00:00
180,2026-03-04 10:30:00,2.700000047683716,abstain,outside_training_support,1.9755305355858286,7.210444036396172,2026-01-01T00:00:00,300.0,5.306181994947545,8.72942497440028,0.038653472094484,2026-01-01T00:00:00
180,2026-03-04 13:30:00,8.100000381469727,abstain,outside_training_support,1.7408852397385588,5.7023891704926895,2026-01-01T00:00:00,300.0,4.1964010249464865,6.903677247528884,0.010000000000000009,2026-01-01T00:00:00
180,2026-03-05 07:00:00,6.0,ok,,2.2106532573819972,9.121673247534,2026-01-01T00:00:00,300.0,6.7126598730320195,11.043281364283398,0.28602043113406983,2026-01-01T00:00:00
180,2026-03-06 07:00:00,8.5,ok,,2.1167115942659973,8.303786322913023,2026-01-01T00:00:00,300.0,6.110775044383389,10.053095113619387,0.10583113315788284,2026-01-01T00:00:00
180,2026-03-07 07:00:00,8.899999618530273,ok,,2.0991746134509692,8.159432446654085,2026-01-01T00:00:00,300.0,6.004544701946823,9.878331073262716,0.08871707512590288,2026-01-01T00:00:00
180,2026-03-08 07:00:00,7.599999904632568,ok,,2.1369470159421833,8.47352855142919,2026-01-01T00:00:00,300.0,6.2356887323876755,10.258595917916592,0.1351649928240679,2026-01-01T00:00:00
180,2026-03-09 07:00:00,8.399999618530273,ok,,2.1302255663808096,8.416765136582898,2026-01-01T00:00:00,300.0,6.1939164076447355,10.189874495395276,0.1246800390618461,2026-01-01T00:00:00
180,2026-03-10 07:00:00,8.100000381469727,ok,,2.1163870359164543,8.301091697034419,2026-01-01T00:00:00,300.0,6.108792063134523,10.049832827091315,0.1054737438184099,2026-01-01T00:00:00
180,2026-03-10 19:00:00,7.300000190734863,ok,,2.0977442246081783,8.147769628689753,2026-01-01T00:00:00,300.0,5.995962007957339,9.86421131948669,0.0872507011546394,2026-01-01T00:00:00
180,2026-03-11 11:30:00,7.199999809265137,ok,,2.0595628028271227,7.842540324234333,2026-01-01T00:00:00,300.0,5.7713430758282716,9.49468119072035,0.06685199630882943,2026-01-01T00:00:00
180,2026-03-12 07:00:00,8.300000190734863,ok,,2.069871225042499,7.923802664795092,2026-01-01T00:00:00,300.0,5.831144215144278,9.593062580491715,0.07065402795681308,2026-01-01T00:00:00
180,2026-03-13 07:00:00,8.800000190734863,ok,,2.157553086473366,8.649946071998956,2026-01-01T00:00:00,300.0,6.3655147828383,10.472178257951393,0.16900336131354277,2026-01-01T00:00:00
180,2026-03-14 07:00:00,9.0,ok,,2.165370585551215,8.71783202088419,2026-01-01T00:00:00,300.0,6.415472205414011,10.554365331953818,0.18439937429944597,2026-01-01T00:00:00
180,2026-03-15 07:00:00,8.800000190734863,ok,,2.1410466696012156,8.508338389144724,2026-01-01T00:00:00,300.0,6.261305370309121,10.300738935069896,0.14051250654416314,2026-01-01T00:00:00
180,2026-03-15 12:00:00,9.100000381469727,ok,,2.135070553089551,8.457643198670066,2026-01-01T00:00:00,300.0,6.223998665539035,10.23936409330181,0.13280184994563138,2026-01-01T00:00:00
180,2026-03-15 19:00:00,8.5,ok,,2.1485479401832426,8.572401715379064,2026-01-01T00:00:00,300.0,6.308449716272453,10.37829809746688,0.1536961722147332,2026-01-01T00:00:00
180,2026-03-16 07:00:00,7.599999904632568,ok,,2.1406961781223046,8.505356811578924,2026-01-01T00:00:00,300.0,6.259111220667806,10.297129246466168,0.1398865389466719,2026-01-01T00:00:00
180,2026-03-16 19:00:00,8.100000381469727,ok,,2.1199555847247797,8.330767466140644,2026-01-01T00:00:00,300.0,6.130630528411118,10.085760212237473,0.10940327237091796,2026-01-01T00:00:00
180,2026-03-17 07:00:00,12.800000190734863,ok,,2.1332725393594,8.442449903044354,2026-01-01T00:00:00,300.0,6.212817885092486,10.220970117340126,0.1305375027800182,2026-01-01T00:00:00
180,2026-03-17 13:00:00,9.600000381469727,ok,,2.139646856878496,8.496436640871156,2026-01-01T00:00:00,300.0,6.252546846967309,10.286329916971445,0.13856506539817104,2026-01-01T00:00:00
180,2026-03-17 19:00:00,8.699999809265137,ok,,2.1919136923981495,8.952328735905862,2026-01-01T00:00:00,300.0,6.588038865780776,10.838262061502268,0.24573546973030835,2026-01-01T00:00:00
180,2026-03-19 07:00:00,8.5,ok,,2.162181947539344,8.690078282149747,2026-01-01T00:00:00,300.0,6.395048166613929,10.520764879773827,0.1778307129531561,2026-01-01T00:00:00
180,2026-03-20 07:00:00,7.400000095367432,ok,,2.130750169485121,8.42118175608667,2026-01-01T00:00:00,300.0,6.1971666078780565,10.195221537602945,0.1257451880559105,2026-01-01T00:00:00
180,2026-03-21 07:00:00,6.800000190734863,ok,,2.106381892380404,8.218452182571733,2026-01-01T00:00:00,300.0,6.047977458444481,9.949784142463644,0.09541928792061916,2026-01-01T00:00:00
180,2026-03-22 07:00:00,8.199999809265137,ok,,2.0349033145415163,7.6515122997392275,2026-01-01T00:00:00,300.0,5.630765122655092,9.263410439651407,0.05767826346975646,2026-01-01T00:00:00
180,2026-03-23 07:00:00,7.699999809265137,ok,,2.089997242048058,8.08489286652833,2026-01-01T00:00:00,300.0,5.949690857165868,9.788088687489163,0.07969706126825893,2026-01-01T00:00:00
180,2026-03-24 07:00:00,9.199999809265137,ok,,2.1002606496755694,8.168298699527767,2026-01-01T00:00:00,300.0,6.0110693973918625,9.889065126377087,0.08983043339881536,2026-01-01T00:00:00
180,2026-03-25 07:00:00,8.300000190734863,ok,,2.06918411684569,7.918360025089522,2026-01-01T00:00:00,300.0,5.8271389643351865,9.586473372568786,0.07034529611431317,2026-01-01T00:00:00
180,2026-03-26 07:00:00,7.5,ok,,2.0896094668071017,8.081758353031548,2026-01-01T00:00:00,300.0,5.9473841616287295,9.78429384486043,0.07952282587829806,2026-01-01T00:00:00
180,2026-03-27 07:00:00,7.199999809265137,ok,,2.1063726201176474,8.218375979276932,2026-01-01T00:00:00,300.0,6.047921380268326,9.949691885878416,0.09541085097733326,2026-01-01T00:00:00
180,2026-03-28 07:00:00,7.800000190734863,ok,,2.0732281498000846,7.950446970578539,2026-01-01T00:00:00,300.0,5.8507518197387185,9.625319882144366,0.07216236328210268,2026-01-01T00:00:00
180,2026-03-29 07:00:00,9.0,ok,,2.065111301867831,7.886175594883079,2026-01-01T00:00:00,300.0,5.803454369708691,9.54750884175587,0.06882500351670473,2026-01-01T00:00:00
180,2026-03-30 07:00:00,7.099999904632568,ok,,2.077199956757439,7.982087404423361,2026-01-01T00:00:00,300.0,5.874036086218323,9.663625816149493,0.07394697782416859,2026-01-01T00:00:00
180,2026-03-31 07:00:00,7.800000190734863,ok,,2.1041461735519467,8.200098558702562,2026-01-01T00:00:00,300.0,6.034470985330613,9.927564070888916,0.09338498049708377,2026-01-01T00:00:00
180,2026-04-01 07:00:00,9.899999618530273,ok,,2.1593213329949794,8.665254839901888,2026-01-01T00:00:00,300.0,6.376780539593549,10.490712032041394,0.1724174984183171,2026-01-01T00:00:00
180,2026-04-02 07:00:00,7.099999904632568,ok,,2.184547839709716,8.886629463845486,2026-01-01T00:00:00,300.0,6.539690623602037,10.758722318397846,0.23012524340610863,2026-01-01T00:00:00
180,2026-04-03 07:00:00,9.100000381469727,ok,,2.1371393536174974,8.475158486956461,2026-01-01T00:00:00,300.0,6.236888205610693,10.260569222171723,0.13540721526243693,2026-01-01T00:00:00
180,2026-04-04 07:00:00,8.800000190734863,ok,,2.187586718734205,8.913675930377462,2026-01-01T00:00:00,300.0,6.5595941791964645,10.791466501588472,0.23542082214951687,2026-01-01T00:00:00
180,2026-04-04 13:00:00,5.5,ok,,2.203077415200982,9.052829992662929,2026-01-01T00:00:00,300.0,6.66199796682672,10.959935314392842,0.2759881450848618,2026-01-01T00:00:00
180,2026-04-05 07:00:00,10.0,ok,,2.0714912457890757,7.936649793001216,2026-01-01T00:00:00,300.0,5.8405984457062265,9.608616136035003,0.07138193659231118,2026-01-01T00:00:00
180,2026-04-06 07:00:00,9.699999809265137,ok,,2.115200184300936,8.291245377159361,2026-01-01T00:00:00,300.0,6.101546134177332,10.037912242146836,0.10416683516694669,2026-01-01T00:00:00
180,2026-04-07 07:00:00,8.300000190734863,ok,,2.1611437791107737,8.681061198670989,2026-01-01T00:00:00,300.0,6.38841247458714,10.509848221476725,0.17586616011320144,2026-01-01T00:00:00
180,2026-04-08 07:00:00,9.399999618530273,ok,,2.067365035484192,7.903968977166177,2026-01-01T00:00:00,300.0,5.816548559778431,9.56905064901449,0.06962641532863567,2026-01-01T00:00:00
180,2026-04-09 00:00:00,8.199999809265137,ok,,2.1735362744334776,8.789310563491997,2026-01-01T00:00:00,300.0,6.468073425796022,10.640901829820622,0.2003923514346776,2026-01-01T00:00:00
180,2026-04-09 07:00:00,7.699999809265137,ok,,2.103124890346518,8.191728210737137,2026-01-01T00:00:00,300.0,6.0283112274236945,9.917430391991337,0.09245570263803882,2026-01-01T00:00:00
180,2026-04-09 23:00:00,5.699999809265137,ok,,2.053931184473215,7.798498260649828,2026-01-01T00:00:00,300.0,5.738932422110857,9.441361050124563,0.0648494324581842,2026-01-01T00:00:00
180,2026-04-10 07:00:00,7.900000095367432,ok,,2.0219491787618398,7.5530328060020295,2026-01-01T00:00:00,300.0,5.558293841565857,9.144184862453049,0.052098569429822494,2026-01-01T00:00:00
180,2026-04-11 07:00:00,8.199999809265137,ok,,2.0743894303632042,7.959685033066606,2026-01-01T00:00:00,300.0,5.857550130715817,9.636504071771432,0.07268415051965327,2026-01-01T00:00:00
180,2026-04-12 07:00:00,9.199999809265137,ok,,2.135014113756552,8.45716586839942,2026-01-01T00:00:00,300.0,6.223647397118538,10.238786206729975,0.13273077248856768,2026-01-01T00:00:00
180,2026-04-13 07:00:00,7.400000095367432,ok,,2.0915016674958844,8.097065138942087,2026-01-01T00:00:00,300.0,5.9586484598313145,9.802825219423603,0.08085109638302124,2026-01-01T00:00:00
180,2026-04-14 07:00:00,7.199999809265137,ok,,2.0562328966704064,7.816468832824901,2026-01-01T00:00:00,300.0,5.752157006620902,9.463117374805469,0.06566790511577936,2026-01-01T00:00:00
180,2026-04-27 12:30:00,14.300000190734863,ok,,2.1596327720992763,8.667953959391593,2026-01-01T00:00:00,300.0,6.378766827700937,10.493979758822627,0.1730068426518554,2026-01-01T00:00:00
180,2026-04-27 14:30:00,5.900000095367432,ok,,2.161426043954543,8.683511902911539,2026-01-01T00:00:00,300.0,6.390215953353566,10.512815200860286,0.17640029714259509,2026-01-01T00:00:00
180,2026-04-27 19:00:00,1.2000000476837158,ok,,2.159997305870633,8.671114297328312,2026-01-01T00:00:00,300.0,6.38109252750155,10.497805866170953,0.1736966592905338,2026-01-01T00:00:00
180,2026-04-28 03:00:00,0.5,abstain,outside_training_support,1.0158268473078964,2.7616459130888544,2026-01-01T00:00:00,300.0,2.0323014430851356,3.343425270687967,0.010000000000000009,2026-01-01T00:00:00
180,2026-04-28 07:00:00,0.8999999761581421,abstain,outside_training_support,1.010692197998617,2.7475021724572897,2026-01-01T00:00:00,300.0,2.0218930325210165,3.3263019531672433,0.010000000000000009,2026-01-01T00:00:00
180,2026-04-28 19:00:00,3.4000000953674316,abstain,outside_training_support,0.7332871777366805,2.081912989924602,2026-01-01T00:00:00,300.0,1.5320844550520498,2.5204970951913266,0.010000000000000009,2026-01-01T00:00:00
180,2026-04-29 03:00:00,7.199999809265137,abstain,outside_training_support,1.1275421368864023,3.0880571431160253,2026-01-01T00:00:00,300.0,2.2725082019166654,3.7385995940640404,0.010000000000000009,2026-01-01T00:00:00
180,2026-04-29 07:00:00,8.100000381469727,abstain,outside_training_support,1.6180672318407718,5.0433332965604585,2026-01-01T00:00:00,300.0,3.711400323981129,6.105782031036128,0.010000000000000009,2026-01-01T00:00:00
180,2026-04-29 17:00:00,11.5,ok,,1.9482251550568308,7.016223813878244,2026-01-01T00:00:00,300.0,5.163254896064683,8.494289544123927,0.031746335138864934,2026-01-01T00:00:00
180,2026-04-30 07:00:00,7.0,ok,,2.07255703267628,7.945113079507699,2026-01-01T00:00:00,300.0,5.846826597294687,9.618862332277882,0.07186081655754373,2026-01-01T00:00:00
180,2026-04-30 13:00:00,11.5,ok,,2.0567389845224935,7.820425653912499,2026-01-01T00:00:00,300.0,5.755068840164893,9.467907755626257,0.0658478663940747,2026-01-01T00:00:00
180,2026-04-30 17:00:00,5.099999904632568,ok,,2.128647068597363,8.403489771794426,2026-01-01T00:00:00,300.0,6.184147036818004,10.173802489240899,0.12147507265514057,2026-01-01T00:00:00
180,2026-05-01 07:00:00,7.900000095367432,ok,,2.0566369359807224,7.819627631597688,2026-01-01T00:00:00,300.0,5.754481573747312,9.46694161874344,0.06581157865085074,2026-01-01T00:00:00
180,2026-05-02 07:00:00,7.599999904632568,ok,,2.024375548710812,7.571381509195147,2026-01-01T00:00:00,300.0,5.571796693543142,9.166398976742453,0.05314367210384219,2026-01-01T00:00:00
180,2026-05-03 07:00:00,7.699999809265137,ok,,2.1190267994265057,8.32303356391806,2026-01-01T00:00:00,300.0,6.124939132358807,10.076397055284778,0.10838053496567279,2026-01-01T00:00:00
180,2026-05-04 07:00:00,13.899999618530273,ok,,2.0655609033248528,7.8897220281018985,2026-01-01T00:00:00,300.0,5.806064197896386,9.55180238076042,0.06898487863047276,2026-01-01T00:00:00
180,2026-05-04 11:00:00,20.299999237060547,ok,,2.2352362185518473,9.348689925388285,2026-01-01T00:00:00,300.0,6.879721957211966,11.318122282160772,0.34734137690558387,2026-01-01T00:00:00
180,2026-05-04 13:30:00,9.5,ok,,2.0278511881527637,7.597742685834136,2026-01-01T00:00:00,300.0,5.591195942762937,9.198313504134303,0.05464072331660186,2026-01-01T00:00:00
180,2026-05-04 21:01:00,9.699999809265137,ok,,2.0618760015865254,7.860702677250424,2026-01-01T00:00:00,300.0,5.784708792290863,9.516669697560184,0.06767455350710316,2026-01-01T00:00:00
180,2026-05-05 07:00:00,4.900000095367432,ok,,2.1262959489978557,8.383755370347306,2026-01-01T00:00:00,300.0,6.169624446376804,10.149910759969059,0.1178113893088707,2026-01-01T00:00:00
180,2026-05-07 06:30:00,7.800000190734863,ok,,2.100361967868042,8.169126338714326,2026-01-01T00:00:00,300.0,6.011678458932021,9.890067119340138,0.08993430051229734,2026-01-01T00:00:00
180,2026-05-08 07:00:00,4.0,ok,,2.2590676162033554,9.574158213888364,2026-01-01T00:00:00,300.0,7.045644578181189,11.591088620798581,0.39921911728508064,2026-01-01T00:00:00
180,2026-05-08 20:50:00,8.399999618530273,ok,,2.111955336037786,8.264385146252438,2026-01-01T00:00:00,300.0,6.081779629798542,10.005393527721832,0.10059375137757653,2026-01-01T00:00:00
180,2026-05-09 07:00:00,4.099999904632568,ok,,2.2193138017330787,9.201014978622386,2026-01-01T00:00:00,300.0,6.771047631514587,11.13933754132035,0.30181242089706484,2026-01-01T00:00:00
180,2026-05-09 15:30:00,3.9000000953674316,ok,,1.9734738924199688,7.19562996479715,2026-01-01T00:00:00,300.0,5.295280286315759,8.711490111313305,0.038133226057248004,2026-01-01T00:00:00
180,2026-05-09 19:00:00,3.200000047683716,ok,,1.9833260655093379,7.266872929439445,2026-01-01T00:00:00,300.0,5.347708144342733,8.797741403419526,0.04068254793740078,2026-01-01T00:00:00
180,2026-05-10 07:00:00,6.099999904632568,ok,,1.6699892737617117,5.312110817909134,2026-01-01T00:00:00,300.0,3.909194306879828,6.431181298484186,0.010000000000000009,2026-01-01T00:00:00
180,2026-05-11 07:00:00,9.0,ok,,1.8943704785539714,6.648361800658168,2026-01-01T00:00:00,300.0,4.892544412588118,8.048932250020096,0.019232674313021003,2026-01-01T00:00:00
180,2026-05-12 07:00:00,9.899999618530273,ok,,1.9370002118921084,6.937907470901506,2026-01-01T00:00:00,300.0,5.105621723001322,8.399474767553448,0.028918633490961576,2026-01-01T00:00:00
180,2026-05-12 15:00:00,9.5,ok,,1.9931398034779766,7.338539198033607,2026-01-01T00:00:00,300.0,5.400447512700619,8.884505174378717,0.04339177597407651,2026-01-01T00:00:00
180,2026-05-13 07:00:00,4.599999904632568,ok,,1.8339166558182325,6.258350523973143,2026-01-01T00:00:00,300.0,4.605534236276297,7.576759640149369,0.01259587892180436,2026-01-01T00:00:00
180,2026-05-14 00:00:00,6.699999809265137,ok,,1.7380752336264222,5.686387914412522,2026-01-01T00:00:00,300.0,4.1846256645830255,6.88430510293655,0.010000000000000009,2026-01-01T00:00:00
180,2026-05-14 07:00:00,12.0,ok,,2.0291396775415738,7.607538606278246,2026-01-01T00:00:00,300.0,5.598404782665459,9.210173072302423,0.0551957102864421,2026-01-01T00:00:00
180,2026-05-15 07:00:00,11.899999618530273,ok,,2.2000800352326735,9.025735847395687,2026-01-01T00:00:00,300.0,6.6420593243437,10.927133408274159,0.2714278299719062,2026-01-01T00:00:00
180,2026-05-15 12:00:00,7.099999904632568,ok,,2.2086265315597533,9.103204838343816,2026-01-01T00:00:00,300.0,6.6990689291420695,11.020922326253498,0.2835499140911115,2026-01-01T00:00:00
180,2026-05-16 07:00:00,9.699999809265137,ok,,2.072373271155657,7.943653207584935,2026-01-01T00:00:00,300.0,5.845752274260987,9.617094917905385,0.07177824872746086,2026-01-01T00:00:00
180,2026-05-18 08:00:00,5.0,ok,,2.2632177158137154,9.613974487765324,2026-01-01T00:00:00,300.0,7.074945463741827,11.639292749949941,0.4136851427095397,2026-01-01T00:00:00
180,2026-05-19 08:30:00,9.0,ok,,2.0123038242298095,7.480531340051723,2026-01-01T00:00:00,300.0,5.504939849593804,9.056409948127028,0.04868228836417865,2026-01-01T00:00:00
180,2026-05-20 07:00:00,11.0,ok,,2.2094054928799993,9.110298645345097,2026-01-01T00:00:00,300.0,6.704289277680361,11.029510542969136,0.2844994442132187,2026-01-01T00:00:00
180,2026-05-20 13:30:00,6.0,ok,,2.225240924992278,9.255712467760059,2026-01-01T00:00:00,300.0,6.811299636878769,11.205557821972308,0.3157799888296371,2026-01-01T00:00:00
180,2026-05-21 07:00:00,10.0,ok,,2.1550745490179715,8.628533403684347,2026-01-01T00:00:00,300.0,6.349757152032037,10.446254711411047,0.1639695092302751,2026-01-01T00:00:00
180,2026-05-22 07:00:00,10.899999618530273,ok,,2.2012990296714663,9.036744877809864,2026-01-01T00:00:00,300.0,6.650160894603544,10.940461645003596,0.27328244927963874,2026-01-01T00:00:00
180,2026-05-22 09:00:00,9.100000381469727,ok,,2.2549348801365916,9.53467239336607,2026-01-01T00:00:00,300.0,7.016586873988004,11.543284559625357,0.3898670459226178,2026-01-01T00:00:00
180,2026-05-23 06:35:00,10.800000190734863,ok,,2.2219131701895303,9.224962918000147,2026-01-01T00:00:00,300.0,6.788670974002364,11.168330449251457,0.30778374734035063,2026-01-01T00:00:00
180,2026-05-24 07:00:00,9.5,ok,,2.119491788716103,8.326904585304236,2026-01-01T00:00:00,300.0,6.127787825709411,10.081083561496373,0.10889256066245478,2026-01-01T00:00:00
180,2026-05-25 02:00:00,11.300000190734863,ok,,2.205078557743331,9.070964134339466,2026-01-01T00:00:00,300.0,6.67534292250104,10.981889666779661,0.27903275093248225,2026-01-01T00:00:00
180,2026-05-25 07:00:00,8.199999809265137,ok,,2.2541449007863403,9.527143173419605,2026-01-01T00:00:00,300.0,7.011046104083365,11.534169204134532,0.38849926894219644,2026-01-01T00:00:00
180,2026-05-25 11:00:00,10.100000381469727,ok,,2.211011264376718,9.124939454987846,2026-01-01T00:00:00,300.0,6.715063482448565,11.047235644044152,0.2864568307556903,2026-01-01T00:00:00
180,2026-05-26 07:00:00,9.399999618530273,ok,,2.210961067659909,9.124481424482035,2026-01-01T00:00:00,300.0,6.714726416768449,11.04668112300269,0.2863956424868993,2026-01-01T00:00:00
180,2026-05-27 02:00:00,10.699999809265137,ok,,1.7925413345734196,6.0046930264905,2026-01-01T00:00:00,300.0,4.418867112971285,7.2696656411817875,0.010000000000000009,2026-01-01T00:00:00
180,2026-05-27 07:00:00,6.0,ok,,2.191083066277727,8.944895785248052,2026-01-01T00:00:00,300.0,6.582568940662334,10.829263255772934,0.2429317838104338,2026-01-01T00:00:00
180,2026-05-28 07:00:00,8.699999809265137,ok,,2.1301986659622774,8.416538725123331,2026-01-01T00:00:00,300.0,6.193749790942055,10.189600387193389,0.12462542071608318,2026-01-01T00:00:00
180,2026-05-29 07:00:00,8.100000381469727,ok,,2.2706714137774386,9.685901879344934,2026-01-01T00:00:00,300.0,7.127876993092414,11.726372653105578,0.43147994841537696,2026-01-01T00:00:00
180,2026-05-30 07:00:00,9.199999809265137,ok,,2.154297336901983,8.621829808374986,2026-01-01T00:00:00,300.0,6.34482396115608,10.438138909940786,0.16239100944981189,2026-01-01T00:00:00
180,2026-05-31 07:00:00,9.100000381469727,ok,,2.162227189511762,8.690471447325416,2026-01-01T00:00:00,300.0,6.395337497751602,10.521240870695639,0.17791632550209646,2026-01-01T00:00:00
180,2026-06-01 07:00:00,10.0,ok,,2.161522046302805,8.684345580462237,2026-01-01T00:00:00,300.0,6.390829458539486,10.513824504253384,0.17658196485732192,2026-01-01T00:00:00
180,2026-06-02 07:00:00,8.899999618530273,ok,,2.1710358129228986,8.767360684573605,2026-01-01T00:00:00,300.0,6.451920460497334,10.614327901745172,0.1956535487112886,2026-01-01T00:00:00
180,2026-06-03 07:00:00,9.300000190734863,ok,,2.1491962689830535,8.577961252303908,2026-01-01T00:00:00,300.0,6.312540992008309,10.385028828644161,0.15459005682548588,2026-01-01T00:00:00
180,2026-06-03 17:00:00,9.0,ok,,2.1935399498315675,8.966899371650113,2026-01-01T00:00:00,300.0,6.598761429419135,10.855902205565064,0.2515868859826371,2026-01-01T00:00:00
180,2026-06-04 07:00:00,8.699999809265137,ok,,2.1891854815278426,8.927938181750006,2026-01-01T00:00:00,300.0,6.570089802081603,10.808733295796182,0.23820684100631007,2026-01-01T00:00:00
180,2026-06-05 07:00:00,8.5,ok,,2.2072837041754823,9.090989009312748,2026-01-01T00:00:00,300.0,6.690079273063912,11.006133061890786,0.2819130484123984,2026-01-01T00:00:00
180,2026-06-06 07:00:00,10.5,ok,,2.1721681210618162,8.777293660967308,2026-01-01T00:00:00,300.0,6.459230160181633,10.626353398616603,0.1977419412049859,2026-01-01T00:00:00
180,2026-06-07 07:00:00,9.399999618530273,ok,,2.1854744086902143,8.89486735494567,2026-01-01T00:00:00,300.0,6.545752906203704,10.768695636537943,0.23173989109622262,2026-01-01T00:00:00
180,2026-06-07 13:15:00,10.800000190734863,ok,,2.158563985839359,8.658694718254457,2026-01-01T00:00:00,300.0,6.371952931308323,10.482769928967697,0.1709843509015362,2026-01-01T00:00:00
180,2026-06-08 07:00:00,9.699999809265137,ok,,2.1818606497690047,8.86278145895335,2026-01-01T00:00:00,300.0,6.522140823127153,10.729850397550226,0.22511182712431066,2026-01-01T00:00:00
180,2026-06-08 14:00:00,7.599999904632568,ok,,2.1903041056598047,8.937930776785757,2026-01-01T00:00:00,300.0,6.5774433752587695,10.820830970810903,0.2403024890375992,2026-01-01T00:00:00
180,2026-06-08 19:00:00,6.699999809265137,ok,,2.1842652688886957,8.88411871641047,2026-01-01T00:00:00,300.0,6.5378429589136635,10.755682646880668,0.22960619094352408,2026-01-01T00:00:00
180,2026-06-09 07:00:00,5.599999904632568,ok,,2.191139085162472,8.945396882369419,2026-01-01T00:00:00,300.0,6.582937699161769,10.829869916015186,0.2431208693141812,2026-01-01T00:00:00
180,2026-06-09 14:00:00,6.800000190734863,ok,,2.118032368737812,8.314760997847584,2026-01-01T00:00:00,300.0,6.118851332368459,10.066381757406663,0.10728551175186807,2026-01-01T00:00:00
180,2026-06-10 07:00:00,10.399999618530273,ok,,1.9950453183711048,7.352536225305976,2026-01-01T00:00:00,300.0,5.410747956573498,8.901450871318051,0.04391782164487623,2026-01-01T00:00:00
180,2026-06-10 11:30:00,9.800000190734863,ok,,1.9868116460694145,7.292246395395596,2026-01-01T00:00:00,300.0,5.366380535047985,8.82846014505134,0.04164479418930078,2026-01-01T00:00:00
180,2026-06-11 07:00:00,9.699999809265137,ok,,2.1623914522665366,8.691899085356313,2026-01-01T00:00:00,300.0,6.396388099791727,10.522969260655868,0.17822716414109818,2026-01-01T00:00:00
180,2026-06-12 07:00:00,9.699999809265137,ok,,2.220993240066764,9.216480498945078,2026-01-01T00:00:00,300.0,6.782428742728339,11.158061089920897,0.3056704636100598,2026-01-01T00:00:00
180,2026-06-13 07:00:00,8.600000381469727,ok,,2.173879828484751,8.792330685501852,2026-01-01T00:00:00,300.0,6.470295940380472,10.644558182794935,0.20132937267988438,2026-01-01T00:00:00
180,2026-06-14 07:00:00,9.399999618530273,ok,,2.1597785383152863,8.669217546332709,2026-01-01T00:00:00,300.0,6.3796967041748625,10.495509538035313,0.1732826798144499,2026-01-01T00:00:00
180,2026-06-15 07:00:00,9.800000190734863,ok,,2.1569020071569334,8.644316103999959,2026-01-01T00:00:00,300.0,6.361371676716456,10.465362258408586,0.16768103432338044,2026-01-01T00:00:00
180,2026-06-16 01:00:00,8.300000190734863,ok,,2.2521517912296103,9.508173443966605,2026-01-01T00:00:00,300.0,6.997086237483687,11.511203235713065,0.38504838206738634,2026-01-01T00:00:00
180,2026-06-17 06:00:00,2.0999999046325684,ok,,2.096065380918786,8.13410227295311,2026-01-01T00:00:00,300.0,5.985904170109593,9.847664744005453,0.085529621812926,2026-01-01T00:00:00
180,2026-06-17 07:00:00,0.30000001192092896,ok,,2.2006472272929947,9.030856625201862,2026-01-01T00:00:00,300.0,6.64582771625661,10.933332949584504,0.27229077512800215,2026-01-01T00:00:00
180,2026-06-17 11:00:00,0.10000000149011612,ok,,1.9256027106329698,6.859281582241906,2026-01-01T00:00:00,300.0,5.047760754573247,8.304285235170285,0.026066517230472264,2026-01-01T00:00:00
180,2026-06-17 19:00:00,2.700000047683716,abstain,outside_training_support,1.45837899688894,4.298985208777691,2026-01-01T00:00:00,300.0,3.163632890875773,5.204626602280372,0.010000000000000009,2026-01-01T00:00:00
180,2026-07-02 09:00:00,4.099999904632568,abstain,too_many_missing_features|outside_training_support,1.917934209443156,6.806882341867629,2026-01-01T00:00:00,300.0,5.009200035646721,8.240847361545036,0.02414754776165884,2026-01-01T00:00:00
180,2026-07-02 17:00:00,1.100000023841858,abstain,outside_training_support,1.5650768611428174,4.783042551884077,2026-01-01T00:00:00,300.0,3.5198517791367796,5.790657398528904,0.010000000000000009,2026-01-01T00:00:00
180,2026-07-03 10:00:00,2.299999952316284,abstain,outside_training_support,1.330507632034678,3.7829632535683326,2026-01-01T00:00:00,300.0,2.7838911726253595,4.579897401081987,0.010000000000000009,2026-01-01T00:00:00
180,2026-07-03 15:00:00,16.100000381469727,abstain,outside_training_support,1.5182004880120787,4.564004819642451,2026-01-01T00:00:00,300.0,3.358661418991421,5.525476302813512,0.010000000000000009,2026-01-01T00:00:00
180,2026-07-03 18:00:00,13.800000190734863,ok,,1.8415286350839635,6.306170730709829,2026-01-01T00:00:00,300.0,4.640725234042877,7.6346538426230435,0.013431544006701879,2026-01-01T00:00:00
180,2026-07-03 21:00:00,7.099999904632568,ok,,1.835264977434305,6.266794484573636,2026-01-01T00:00:00,300.0,4.611748165887042,7.586982439213718,0.012743901565906546,2026-01-01T00:00:00
180,2026-07-04 01:00:00,3.700000047683716,ok,,1.9970025504246454,7.366940936964241,2026-01-01T00:00:00,300.0,5.421348416303534,8.918890137064231,0.044458144605472705,2026-01-01T00:00:00
180,2026-07-04 07:00:00,3.200000047683716,ok,,1.920309488748725,6.823069805893126,2026-01-01T00:00:00,300.0,5.021112426856248,8.260444941392144,0.024741938810765807,2026-01-01T00:00:00
180,2026-07-05 07:00:00,4.800000190734863,ok,,1.9113322383248819,6.762091517792288,2026-01-01T00:00:00,300.0,4.976238367398863,8.18662072358299,0.022495467296862914,2026-01-01T00:00:00
180,2026-07-06 07:00:00,6.5,ok,,1.940573661977234,6.962744086718093,2026-01-01T00:00:00,300.0,5.123899044480578,8.42954356405121,0.02981285537890932,2026-01-01T00:00:00
180,2026-07-07 07:00:00,5.699999809265137,ok,,1.9535708950760053,7.053831152272012,2026-01-01T00:00:00,300.0,5.190930221031583,8.53981939462109,0.03309858724911696,2026-01-01T00:00:00
180,2026-07-08 07:00:00,5.300000190734863,ok,,1.907931818362628,6.7391366170785885,2026-01-01T00:00:00,300.0,4.9593458042990015,8.158830051806943,0.021644544551049583,2026-01-01T00:00:00
180,2026-07-09 07:00:00,9.600000381469727,ok,,1.9973892299498468,7.369790133015321,2026-01-01T00:00:00,300.0,5.4234451460902156,8.922339556134641,0.04456489322809043,2026-01-01T00:00:00
180,2026-07-10 07:00:00,8.0,ok,,2.0073033382974352,7.443218417441747,2026-01-01T00:00:00,300.0,5.477481185864838,9.011236536218517,0.04730182999772514,2026-01-01T00:00:00
180,2026-07-11 07:00:00,8.100000381469727,ok,,2.051598372648968,7.780327034961755,2026-01-01T00:00:00,300.0,5.725560176228982,9.41936180146023,0.06401990099209087,2026-01-01T00:00:00
180,2026-07-12 07:00:00,11.600000381469727,ok,,2.1818814832839433,8.862966103766666,2026-01-01T00:00:00,300.0,6.522276703660853,10.730073940377356,0.22515076609597573,2026-01-01T00:00:00
180,2026-07-12 11:00:00,6.800000190734863,ok,,2.1406209078644203,8.50471663527174,2026-01-01T00:00:00,300.0,6.258640113482501,10.296354208061356,0.13979174656981885,2026-01-01T00:00:00
180,2026-07-13 07:00:00,7.900000095367432,ok,,2.140209778964755,8.501220819144274,2026-01-01T00:00:00,300.0,6.256067534526259,10.292121949346779,0.13927398714282002,2026-01-01T00:00:00
180,2026-07-14 07:00:00,8.899999618530273,ok,,2.1078510955013865,8.230535632515629,2026-01-01T00:00:00,300.0,6.056869696454443,9.96441314023198,0.09675613349245615,2026-01-01T00:00:00
180,2026-07-15 07:00:00,10.300000190734863,ok,,2.1181614442291883,8.315834298976002,2026-01-01T00:00:00,300.0,6.119641177084543,10.067681164437376,0.10742764398993865,2026-01-01T00:00:00
180,2026-07-16 07:00:00,11.0,ok,,2.21955232481201,9.203209894803056,2026-01-01T00:00:00,300.0,6.772662875272045,11.141994847309764,0.30236036136507394,2026-01-01T00:00:00
180,2026-07-17 07:00:00,9.100000381469727,ok,,2.1716913737643417,8.773110107263502,2026-01-01T00:00:00,300.0,6.456151473595068,10.621288520781146,0.19686264391547958,2026-01-01T00:00:00
180,2026-07-18 02:00:00,10.300000190734863,ok,,2.0941757733860604,8.118746524764024,2026-01-01T00:00:00,300.0,5.974603840456026,9.829074092574587,0.08359247631863775,2026-01-01T00:00:00
180,2026-07-18 07:00:00,12.399999618530273,ok,,2.161962874672089,8.688174730299702,2026-01-01T00:00:00,300.0,6.393647338523151,10.518460318088586,0.1774161557274896,2026-01-01T00:00:00
180,2026-07-18 19:00:00,10.399999618530273,ok,,2.2595145901998936,9.578438570181431,2026-01-01T00:00:00,300.0,7.0487945020110665,11.596270694043367,0.40054156566104193,2026-01-01T00:00:00
180,2026-07-19 07:00:00,9.100000381469727,ok,,2.250183984755166,9.489481595705087,2026-01-01T00:00:00,300.0,6.9833308642782495,11.488573688044688,0.3816413051649169,2026-01-01T00:00:00
180,2026-07-20 07:00:00,10.199999809265137,ok,,2.245585294457899,9.445942596681036,2026-01-01T00:00:00,300.0,6.951290416903122,11.435862589598816,0.36861274531524924,2026-01-01T00:00:00
180,2026-07-21 07:00:00,8.100000381469727,ok,,2.18339408698532,8.87638240331457,2026-01-01T00:00:00,300.0,6.5321497886942534,10.746316571170459,0.22797790461974743,2026-01-01T00:00:00
180,2026-07-23 07:00:00,6.400000095367432,ok,,2.226859133715514,9.270702267456441,2026-01-01T00:00:00,300.0,6.822330664212914,11.22370543273946,0.31973818715256974,2026-01-01T00:00:00
180,2026-07-24 07:00:00,8.800000190734863,ok,,2.0381600348696933,7.6764717563114155,2026-01-01T00:00:00,300.0,5.6491328429228735,9.293627955028951,0.05908102034323082,2026-01-01T00:00:00
180,2026-07-25 07:00:00,7.400000095367432,ok,,2.1052205795517622,8.208913528373301,2026-01-01T00:00:00,300.0,6.0409579413511825,9.938236037275994,0.09436259542499659,2026-01-01T00:00:00
180,2026-07-26 07:00:00,9.899999618530273,ok,,1.9636125570159046,7.125020169914531,2026-01-01T00:00:00,300.0,5.243318379340005,8.626005375037105,0.035638714247429815,2026-01-01T00:00:00
180,2026-07-27 07:00:00,10.800000190734863,ok,,2.1306473634520504,8.420316052297109,2026-01-01T00:00:00,300.0,6.196529534510877,10.194173461195602,0.1255364516953955,2026-01-01T00:00:00
180,2026-07-28 07:00:00,9.300000190734863,ok,,2.1527771841719683,8.608733267147542,2026-01-01T00:00:00,300.0,6.335186186990387,10.422283399032992,0.1595272507010549,2026-01-01T00:00:00
180,2026-07-29 07:00:00,8.0,ok,,2.158206475041203,8.655599694679886,2026-01-01T00:00:00,300.0,6.369675296493819,10.479022895365905,0.1703078240158178,2026-01-01T00:00:00
180,2026-07-30 07:00:00,8.5,ok,,2.110946027682349,8.256048041334356,2026-01-01T00:00:00,300.0,6.075644335524984,9.995300094984717,0.09957224946863863,2026-01-01T00:00:00
180,2026-07-31 07:00:00,8.600000381469727,ok,,2.1731940246742707,8.78630293877682,2026-01-01T00:00:00,300.0,6.465860107998857,10.637260606871003,0.19963408463297072,2026-01-01T00:00:00
180,2026-08-01 07:00:00,8.399999618530273,ok,,2.1631204555039463,8.698237818126406,2026-01-01T00:00:00,300.0,6.40105278750384,10.53064333618714,0.1796066757318734,2026-01-01T00:00:00
180,2026-08-02 07:00:00,10.600000381469727,ok,,2.1316366771937867,8.428650508693757,2026-01-01T00:00:00,300.0,6.202662879731552,10.20426368746318,0.12754514460659705,2026-01-01T00:00:00
180,2026-08-03 07:00:00,9.600000381469727,ok,,2.1453849219296433,8.545329889186755,2026-01-01T00:00:00,300.0,6.28852749844691,10.345523212248594,0.14905093160938365,2026-01-01T00:00:00
180,2026-08-04 07:00:00,8.0,ok,,2.18126656158983,8.857517748962735,2026-01-01T00:00:00,300.0,6.518267247098015,10.723477813390618,0.22400144403035616,2026-01-01T00:00:00
180,2026-08-05 07:00:00,7.800000190734863,ok,,2.108159277198295,8.233072523844983,2026-01-01T00:00:00,300.0,6.058736600493502,9.967484463220691,0.09703655172118819,2026-01-01T00:00:00
180,2026-08-06 07:00:00,9.300000190734863,ok,,2.1225759423320683,8.35262568170878,2026-01-01T00:00:00,300.0,6.146716038444048,10.112223166795216,0.11279998109284639,2026-01-01T00:00:00
180,2026-08-07 07:00:00,9.699999809265137,abstain,no_control_telemetry|too_many_missing_features,2.174408202900582,8.796977555627132,2026-01-01T00:00:00,300.0,6.473715582564386,10.65018398113962,0.20277047940303972,2026-01-01T00:00:00
180,2026-08-07 10:00:00,8.800000190734863,abstain,no_control_telemetry|too_many_missing_features,2.1436285518631264,8.530334300317497,2026-01-01T00:00:00,300.0,6.277492210847415,10.327368592738285,0.1455940939096766,2026-01-01T00:00:00
180,2026-08-08 07:00:00,6.699999809265137,abstain,no_control_telemetry|too_many_missing_features,2.1342368330104247,8.450594830304636,2026-01-01T00:00:00,300.0,6.218811755395135,10.230830887506526,0.1317518959511611,2026-01-01T00:00:00
180,2026-08-09 07:00:00,7.300000190734863,abstain,no_control_telemetry|too_many_missing_features,2.0980067552386283,8.14990894859335,2026-01-01T00:00:00,300.0,5.997536338289367,9.866801317065262,0.08751983642166239,2026-01-01T00:00:00
