prediction_origin,previous,previous_age_hours,previous_sample_time,previous_available_at,median3,d15,d15_sample_time,d15_available_at,t50,t50_sample_time,t50_available_at,t90,t90_sample_time,t90_available_at,feed_t95,feed_t95_sample_time,feed_t95_available_at,product_t95,product_t95_sample_time,product_t95_available_at,T6,T6_sample_time,F9,F9_sample_time,P13,P13_sample_time,F2,F2_sample_time,index,target_time,target
2023-01-01 10:00:00,,,,,,,,,,,,,,,,,,,,,359.2955627441406,2023-01-01 10:00:00,179.37631225585938,2023-01-01 10:00:00,3.7150940895080566,2023-01-01 10:00:00,87857.75,2023-01-01 10:00:00,,2023-01-01 10:00:00,337.0
2023-01-02 10:00:00,337.0,24.0,2023-01-01 10:00:00,2023-01-01 14:00:00,337.0,842.9000244140625,2023-01-01 10:00:00,2023-01-01 14:00:00,271.0,2023-01-01 10:00:00,2023-01-01 14:00:00,325.0,2023-01-01 10:00:00,2023-01-01 14:00:00,341.0,2023-01-01 10:00:00,2023-01-01 14:00:00,337.0,2023-01-01 10:00:00,2023-01-01 14:00:00,348.14947509765625,2023-01-02 10:00:00,157.635498046875,2023-01-02 10:00:00,3.9238553047180176,2023-01-02 10:00:00,89502.359375,2023-01-02 10:00:00,50.42320625367586,2023-01-02 10:00:00,342.0
2023-01-03 10:00:00,342.0,24.0,2023-01-02 10:00:00,2023-01-02 14:00:00,339.5,836.7999877929688,2023-01-02 10:00:00,2023-01-02 14:00:00,273.0,2023-01-02 10:00:00,2023-01-02 14:00:00,327.0,2023-01-02 10:00:00,2023-01-02 14:00:00,345.0,2023-01-02 10:00:00,2023-01-02 14:00:00,342.0,2023-01-02 10:00:00,2023-01-02 14:00:00,360.6617736816406,2023-01-03 10:00:00,178.85556030273438,2023-01-03 10:00:00,3.682131767272949,2023-01-03 10:00:00,88233.828125,2023-01-03 10:00:00,52.9104648814706,2023-01-03 10:00:00,342.0
2023-01-04 10:00:00,342.0,24.0,2023-01-03 10:00:00,2023-01-03 14:00:00,342.0,841.2999877929688,2023-01-03 10:00:00,2023-01-03 14:00:00,272.0,2023-01-03 10:00:00,2023-01-03 14:00:00,328.0,2023-01-03 10:00:00,2023-01-03 14:00:00,341.0,2023-01-03 10:00:00,2023-01-03 14:00:00,342.0,2023-01-03 10:00:00,2023-01-03 14:00:00,355.952392578125,2023-01-04 10:00:00,173.3385467529297,2023-01-04 10:00:00,3.795890092849731,2023-01-04 10:00:00,88361.203125,2023-01-04 10:00:00,51.16928837419971,2023-01-04 10:00:00,339.0
2023-01-05 10:00:00,339.0,24.0,2023-01-04 10:00:00,2023-01-04 14:00:00,342.0,841.0,2023-01-04 10:00:00,2023-01-04 14:00:00,272.0,2023-01-04 10:00:00,2023-01-04 14:00:00,325.0,2023-01-04 10:00:00,2023-01-04 14:00:00,345.0,2023-01-04 10:00:00,2023-01-04 14:00:00,339.0,2023-01-04 10:00:00,2023-01-04 14:00:00,355.4911499023437,2023-01-05 10:00:00,154.33493041992188,2023-01-05 10:00:00,3.806511640548706,2023-01-05 10:00:00,89497.3203125,2023-01-05 10:00:00,51.2707055195948,2023-01-05 10:00:00,340.0
2023-01-06 10:00:00,340.0,24.0,2023-01-05 10:00:00,2023-01-05 14:00:00,340.0,839.0999755859375,2023-01-05 10:00:00,2023-01-05 14:00:00,274.0,2023-01-05 10:00:00,2023-01-05 14:00:00,326.0,2023-01-05 10:00:00,2023-01-05 14:00:00,347.0,2023-01-05 10:00:00,2023-01-05 14:00:00,340.0,2023-01-05 10:00:00,2023-01-05 14:00:00,359.2510681152344,2023-01-06 10:00:00,222.19873046875,2023-01-06 10:00:00,4.01240873336792,2023-01-06 10:00:00,90516.53125,2023-01-06 10:00:00,52.32443475279706,2023-01-06 10:00:00,348.0
2023-01-07 10:00:00,348.0,24.0,2023-01-06 10:00:00,2023-01-06 14:00:00,340.0,835.2999877929688,2023-01-06 10:00:00,2023-01-06 14:00:00,268.0,2023-01-06 10:00:00,2023-01-06 14:00:00,328.0,2023-01-06 10:00:00,2023-01-06 14:00:00,356.0,2023-01-06 10:00:00,2023-01-06 14:00:00,348.0,2023-01-06 10:00:00,2023-01-06 14:00:00,373.0767517089844,2023-01-07 10:00:00,224.14602661132807,2023-01-07 10:00:00,3.777342796325684,2023-01-07 10:00:00,89901.3203125,2023-01-07 10:00:00,52.380230845608025,2023-01-07 10:00:00,347.0
2023-01-08 10:00:00,347.0,24.0,2023-01-07 10:00:00,2023-01-07 14:00:00,347.0,845.0,2023-01-07 10:00:00,2023-01-07 14:00:00,278.0,2023-01-07 10:00:00,2023-01-07 14:00:00,332.0,2023-01-07 10:00:00,2023-01-07 14:00:00,348.0,2023-01-07 10:00:00,2023-01-07 14:00:00,347.0,2023-01-07 10:00:00,2023-01-07 14:00:00,365.6673889160156,2023-01-08 10:00:00,202.60536193847656,2023-01-08 10:00:00,3.99856162071228,2023-01-08 10:00:00,92246.0546875,2023-01-08 10:00:00,51.12724408851716,2023-01-08 10:00:00,343.0
2023-01-09 10:00:00,343.0,24.0,2023-01-08 10:00:00,2023-01-08 14:00:00,347.0,842.5999755859375,2023-01-08 10:00:00,2023-01-08 14:00:00,273.0,2023-01-08 10:00:00,2023-01-08 14:00:00,328.0,2023-01-08 10:00:00,2023-01-08 14:00:00,347.0,2023-01-08 10:00:00,2023-01-08 14:00:00,343.0,2023-01-08 10:00:00,2023-01-08 14:00:00,345.9353942871094,2023-01-09 10:00:00,157.5078887939453,2023-01-09 10:00:00,3.849400997161865,2023-01-09 10:00:00,88578.4765625,2023-01-09 10:00:00,50.936626535982555,2023-01-09 10:00:00,343.0
2023-01-10 10:00:00,343.0,24.0,2023-01-09 10:00:00,2023-01-09 14:00:00,343.0,836.0,2023-01-09 10:00:00,2023-01-09 14:00:00,273.0,2023-01-09 10:00:00,2023-01-09 14:00:00,329.0,2023-01-09 10:00:00,2023-01-09 14:00:00,349.0,2023-01-09 10:00:00,2023-01-09 14:00:00,343.0,2023-01-09 10:00:00,2023-01-09 14:00:00,350.11407470703125,2023-01-10 10:00:00,167.45623779296875,2023-01-10 10:00:00,3.973498106002808,2023-01-10 10:00:00,88286.375,2023-01-10 10:00:00,53.18680541475044,2023-01-10 10:00:00,343.0
2023-01-11 10:00:00,343.0,24.0,2023-01-10 10:00:00,2023-01-10 14:00:00,343.0,834.2999877929688,2023-01-10 10:00:00,2023-01-10 14:00:00,267.0,2023-01-10 10:00:00,2023-01-10 14:00:00,327.0,2023-01-10 10:00:00,2023-01-10 14:00:00,348.0,2023-01-10 10:00:00,2023-01-10 14:00:00,343.0,2023-01-10 10:00:00,2023-01-10 14:00:00,356.83526611328125,2023-01-11 10:00:00,182.17852783203125,2023-01-11 10:00:00,3.721148729324341,2023-01-11 10:00:00,85491.6171875,2023-01-11 10:00:00,52.5112893592576,2023-01-11 10:00:00,347.0
2023-01-12 10:00:00,347.0,24.0,2023-01-11 10:00:00,2023-01-11 14:00:00,343.0,833.0999755859375,2023-01-11 10:00:00,2023-01-11 14:00:00,268.0,2023-01-11 10:00:00,2023-01-11 14:00:00,333.0,2023-01-11 10:00:00,2023-01-11 14:00:00,356.0,2023-01-11 10:00:00,2023-01-11 14:00:00,347.0,2023-01-11 10:00:00,2023-01-11 14:00:00,349.72442626953125,2023-01-12 10:00:00,161.50521850585938,2023-01-12 10:00:00,3.996596097946167,2023-01-12 10:00:00,88537.765625,2023-01-12 10:00:00,53.14768269112449,2023-01-12 10:00:00,340.0
2023-01-13 10:00:00,340.0,24.0,2023-01-12 10:00:00,2023-01-12 14:00:00,343.0,831.7000122070312,2023-01-12 10:00:00,2023-01-12 14:00:00,267.0,2023-01-12 10:00:00,2023-01-12 14:00:00,326.0,2023-01-12 10:00:00,2023-01-12 14:00:00,352.0,2023-01-12 10:00:00,2023-01-12 14:00:00,340.0,2023-01-12 10:00:00,2023-01-12 14:00:00,347.2875061035156,2023-01-13 10:00:00,164.4131317138672,2023-01-13 10:00:00,3.871901750564575,2023-01-13 10:00:00,87095.0546875,2023-01-13 10:00:00,53.42309861326646,2023-01-13 10:00:00,339.0
2023-01-14 10:00:00,339.0,24.0,2023-01-13 10:00:00,2023-01-13 14:00:00,340.0,831.0,2023-01-13 10:00:00,2023-01-13 14:00:00,264.0,2023-01-13 10:00:00,2023-01-13 14:00:00,324.0,2023-01-13 10:00:00,2023-01-13 14:00:00,344.0,2023-01-13 10:00:00,2023-01-13 14:00:00,339.0,2023-01-13 10:00:00,2023-01-13 14:00:00,351.1778564453125,2023-01-14 10:00:00,170.56671142578125,2023-01-14 10:00:00,3.8172926902771,2023-01-14 10:00:00,86944.140625,2023-01-14 10:00:00,53.00551922688567,2023-01-14 10:00:00,342.0
2023-01-15 10:00:00,342.0,24.0,2023-01-14 10:00:00,2023-01-14 14:00:00,340.0,831.0,2023-01-14 10:00:00,2023-01-14 14:00:00,265.0,2023-01-14 10:00:00,2023-01-14 14:00:00,325.0,2023-01-14 10:00:00,2023-01-14 14:00:00,345.0,2023-01-14 10:00:00,2023-01-14 14:00:00,342.0,2023-01-14 10:00:00,2023-01-14 14:00:00,357.3609313964844,2023-01-15 10:00:00,196.3066253662109,2023-01-15 10:00:00,3.839573383331299,2023-01-15 10:00:00,86374.75,2023-01-15 10:00:00,53.229540812659366,2023-01-15 10:00:00,347.0
2023-01-16 10:00:00,347.0,24.0,2023-01-15 10:00:00,2023-01-15 14:00:00,342.0,830.0,2023-01-15 10:00:00,2023-01-15 14:00:00,264.0,2023-01-15 10:00:00,2023-01-15 14:00:00,329.0,2023-01-15 10:00:00,2023-01-15 14:00:00,343.0,2023-01-15 10:00:00,2023-01-15 14:00:00,347.0,2023-01-15 10:00:00,2023-01-15 14:00:00,350.3161926269531,2023-01-16 10:00:00,162.64239501953125,2023-01-16 10:00:00,4.00596809387207,2023-01-16 10:00:00,87472.9765625,2023-01-16 10:00:00,53.360092086885516,2023-01-16 10:00:00,344.0
2023-01-17 10:00:00,344.0,24.0,2023-01-16 10:00:00,2023-01-16 14:00:00,344.0,831.4000244140625,2023-01-16 10:00:00,2023-01-16 14:00:00,266.0,2023-01-16 10:00:00,2023-01-16 14:00:00,328.0,2023-01-16 10:00:00,2023-01-16 14:00:00,352.0,2023-01-16 10:00:00,2023-01-16 14:00:00,344.0,2023-01-16 10:00:00,2023-01-16 14:00:00,348.8878173828125,2023-01-17 10:00:00,174.373291015625,2023-01-17 10:00:00,3.8143351078033447,2023-01-17 10:00:00,87311.5703125,2023-01-17 10:00:00,53.30975245411878,2023-01-17 10:00:00,342.0
2023-01-18 10:00:00,342.0,24.0,2023-01-17 10:00:00,2023-01-17 14:00:00,344.0,832.0,2023-01-17 10:00:00,2023-01-17 14:00:00,263.0,2023-01-17 10:00:00,2023-01-17 14:00:00,325.0,2023-01-17 10:00:00,2023-01-17 14:00:00,348.0,2023-01-17 10:00:00,2023-01-17 14:00:00,342.0,2023-01-17 10:00:00,2023-01-17 14:00:00,354.50714111328125,2023-01-18 10:00:00,180.91612243652344,2023-01-18 10:00:00,3.874475479125977,2023-01-18 10:00:00,92584.9765625,2023-01-18 10:00:00,52.42605196810962,2023-01-18 10:00:00,346.0
2023-01-19 10:00:00,346.0,24.0,2023-01-18 10:00:00,2023-01-18 14:00:00,344.0,831.7000122070312,2023-01-18 10:00:00,2023-01-18 14:00:00,268.0,2023-01-18 10:00:00,2023-01-18 14:00:00,330.0,2023-01-18 10:00:00,2023-01-18 14:00:00,347.0,2023-01-18 10:00:00,2023-01-18 14:00:00,346.0,2023-01-18 10:00:00,2023-01-18 14:00:00,357.7821044921875,2023-01-19 10:00:00,179.6907196044922,2023-01-19 10:00:00,3.899439811706543,2023-01-19 10:00:00,84954.9296875,2023-01-19 10:00:00,53.63995021453138,2023-01-19 10:00:00,350.0
2023-01-20 10:00:00,350.0,24.0,2023-01-19 10:00:00,2023-01-19 14:00:00,346.0,830.7999877929688,2023-01-19 10:00:00,2023-01-19 14:00:00,264.0,2023-01-19 10:00:00,2023-01-19 14:00:00,331.0,2023-01-19 10:00:00,2023-01-19 14:00:00,350.0,2023-01-19 10:00:00,2023-01-19 14:00:00,350.0,2023-01-19 10:00:00,2023-01-19 14:00:00,356.891357421875,2023-01-20 10:00:00,168.79730224609375,2023-01-20 10:00:00,3.7544240951538086,2023-01-20 10:00:00,86691.125,2023-01-20 10:00:00,53.07631416309346,2023-01-20 10:00:00,346.0
2023-01-21 09:30:00,346.0,23.5,2023-01-20 10:00:00,2023-01-20 14:00:00,346.0,832.5,2023-01-20 10:00:00,2023-01-20 14:00:00,268.0,2023-01-20 10:00:00,2023-01-20 14:00:00,331.0,2023-01-20 10:00:00,2023-01-20 14:00:00,354.0,2023-01-20 10:00:00,2023-01-20 14:00:00,346.0,2023-01-20 10:00:00,2023-01-20 14:00:00,352.5206604003906,2023-01-21 09:30:00,177.00521850585938,2023-01-21 09:30:00,3.870981216430664,2023-01-21 09:30:00,89286.15625,2023-01-21 09:30:00,53.35827956651576,2023-01-21 09:30:00,347.0
2023-01-22 10:00:00,347.0,24.5,2023-01-21 09:30:00,2023-01-21 13:30:00,347.0,831.2999877929688,2023-01-21 09:30:00,2023-01-21 13:30:00,267.0,2023-01-21 09:30:00,2023-01-21 13:30:00,332.0,2023-01-21 09:30:00,2023-01-21 13:30:00,348.0,2023-01-21 09:30:00,2023-01-21 13:30:00,347.0,2023-01-21 09:30:00,2023-01-21 13:30:00,348.8828430175781,2023-01-22 10:00:00,169.73680114746094,2023-01-22 10:00:00,3.7654387950897217,2023-01-22 10:00:00,86385.65625,2023-01-22 10:00:00,53.5643165840014,2023-01-22 10:00:00,342.0
2023-01-23 10:00:00,342.0,24.0,2023-01-22 10:00:00,2023-01-22 14:00:00,346.0,830.7000122070312,2023-01-22 10:00:00,2023-01-22 14:00:00,267.0,2023-01-22 10:00:00,2023-01-22 14:00:00,326.0,2023-01-22 10:00:00,2023-01-22 14:00:00,342.0,2023-01-22 10:00:00,2023-01-22 14:00:00,342.0,2023-01-22 10:00:00,2023-01-22 14:00:00,349.54510498046875,2023-01-23 10:00:00,166.48446655273438,2023-01-23 10:00:00,3.916057586669922,2023-01-23 10:00:00,86974.765625,2023-01-23 10:00:00,53.776586818351916,2023-01-23 10:00:00,346.0
2023-01-24 09:30:00,346.0,23.5,2023-01-23 10:00:00,2023-01-23 14:00:00,346.0,830.9000244140625,2023-01-23 10:00:00,2023-01-23 14:00:00,267.0,2023-01-23 10:00:00,2023-01-23 14:00:00,330.0,2023-01-23 10:00:00,2023-01-23 14:00:00,350.0,2023-01-23 10:00:00,2023-01-23 14:00:00,346.0,2023-01-23 10:00:00,2023-01-23 14:00:00,354.2855224609375,2023-01-24 09:30:00,186.75515747070312,2023-01-24 09:30:00,3.87148118019104,2023-01-24 09:30:00,87525.921875,2023-01-24 09:30:00,53.70576089821907,2023-01-24 09:30:00,350.0
2023-01-25 10:00:00,350.0,24.5,2023-01-24 09:30:00,2023-01-24 13:30:00,346.0,832.7000122070312,2023-01-24 09:30:00,2023-01-24 13:30:00,270.0,2023-01-24 09:30:00,2023-01-24 13:30:00,335.0,2023-01-24 09:30:00,2023-01-24 13:30:00,350.0,2023-01-24 09:30:00,2023-01-24 13:30:00,350.0,2023-01-24 09:30:00,2023-01-24 13:30:00,358.0325012207031,2023-01-25 10:00:00,192.3836669921875,2023-01-25 10:00:00,3.8875651359558105,2023-01-25 10:00:00,88988.328125,2023-01-25 10:00:00,53.71465554566339,2023-01-25 10:00:00,346.0
2023-01-25 22:00:00,346.0,12.0,2023-01-25 10:00:00,2023-01-25 14:00:00,346.0,832.5,2023-01-25 10:00:00,2023-01-25 14:00:00,270.0,2023-01-25 10:00:00,2023-01-25 14:00:00,330.0,2023-01-25 10:00:00,2023-01-25 14:00:00,349.0,2023-01-25 10:00:00,2023-01-25 14:00:00,346.0,2023-01-25 10:00:00,2023-01-25 14:00:00,354.5400390625,2023-01-25 22:00:00,190.27978515625,2023-01-25 22:00:00,3.953453302383423,2023-01-25 22:00:00,89120.90625,2023-01-25 22:00:00,53.78492362273323,2023-01-25 22:00:00,347.0
2023-01-26 10:00:00,347.0,12.0,2023-01-25 22:00:00,2023-01-26 02:00:00,347.0,835.0999755859375,2023-01-25 22:00:00,2023-01-26 02:00:00,272.0,2023-01-25 22:00:00,2023-01-26 02:00:00,330.0,2023-01-25 22:00:00,2023-01-26 02:00:00,349.0,2023-01-25 10:00:00,2023-01-25 14:00:00,347.0,2023-01-25 22:00:00,2023-01-26 02:00:00,364.7023010253906,2023-01-26 10:00:00,219.253158569336,2023-01-26 10:00:00,3.851518154144287,2023-01-26 10:00:00,92413.5234375,2023-01-26 10:00:00,53.2936722895455,2023-01-26 10:00:00,345.0
2023-01-27 10:00:00,345.0,24.0,2023-01-26 10:00:00,2023-01-26 14:00:00,346.0,834.4000244140625,2023-01-26 10:00:00,2023-01-26 14:00:00,271.0,2023-01-26 10:00:00,2023-01-26 14:00:00,329.0,2023-01-26 10:00:00,2023-01-26 14:00:00,346.0,2023-01-26 10:00:00,2023-01-26 14:00:00,345.0,2023-01-26 10:00:00,2023-01-26 14:00:00,359.10992431640625,2023-01-27 10:00:00,178.88079833984375,2023-01-27 10:00:00,3.994951248168945,2023-01-27 10:00:00,88644.5546875,2023-01-27 10:00:00,53.32973501512856,2023-01-27 10:00:00,352.0
2023-01-28 10:00:00,352.0,24.0,2023-01-27 10:00:00,2023-01-27 14:00:00,347.0,835.5999755859375,2023-01-27 10:00:00,2023-01-27 14:00:00,273.0,2023-01-27 10:00:00,2023-01-27 14:00:00,334.0,2023-01-27 10:00:00,2023-01-27 14:00:00,356.0,2023-01-27 10:00:00,2023-01-27 14:00:00,352.0,2023-01-27 10:00:00,2023-01-27 14:00:00,354.3284606933594,2023-01-28 10:00:00,167.401123046875,2023-01-28 10:00:00,3.969793081283569,2023-01-28 10:00:00,88873.953125,2023-01-28 10:00:00,53.325358124786476,2023-01-28 10:00:00,348.0
2023-01-29 09:30:00,348.0,23.5,2023-01-28 10:00:00,2023-01-28 14:00:00,348.0,835.4000244140625,2023-01-28 10:00:00,2023-01-28 14:00:00,272.0,2023-01-28 10:00:00,2023-01-28 14:00:00,331.0,2023-01-28 10:00:00,2023-01-28 14:00:00,357.0,2023-01-28 10:00:00,2023-01-28 14:00:00,348.0,2023-01-28 10:00:00,2023-01-28 14:00:00,363.5887451171875,2023-01-29 09:30:00,214.5196228027344,2023-01-29 09:30:00,3.843580722808838,2023-01-29 09:30:00,92600.515625,2023-01-29 09:30:00,53.189491486794054,2023-01-29 09:30:00,346.0
2023-01-30 10:00:00,346.0,24.5,2023-01-29 09:30:00,2023-01-29 13:30:00,348.0,835.2000122070312,2023-01-29 09:30:00,2023-01-29 13:30:00,272.0,2023-01-29 09:30:00,2023-01-29 13:30:00,330.0,2023-01-29 09:30:00,2023-01-29 13:30:00,350.0,2023-01-29 09:30:00,2023-01-29 13:30:00,346.0,2023-01-29 09:30:00,2023-01-29 13:30:00,353.7070007324219,2023-01-30 10:00:00,188.67251586914065,2023-01-30 10:00:00,3.769005060195923,2023-01-30 10:00:00,85651.375,2023-01-30 10:00:00,53.25892278981132,2023-01-30 10:00:00,333.0
2023-01-31 10:00:00,333.0,24.0,2023-01-30 10:00:00,2023-01-30 14:00:00,346.0,834.5,2023-01-30 10:00:00,2023-01-30 14:00:00,269.0,2023-01-30 10:00:00,2023-01-30 14:00:00,321.0,2023-01-30 10:00:00,2023-01-30 14:00:00,339.0,2023-01-30 10:00:00,2023-01-30 14:00:00,333.0,2023-01-30 10:00:00,2023-01-30 14:00:00,355.2133483886719,2023-01-31 10:00:00,187.47555541992188,2023-01-31 10:00:00,3.90230393409729,2023-01-31 10:00:00,88646.5234375,2023-01-31 10:00:00,52.872924078327515,2023-01-31 10:00:00,338.0
2023-02-01 10:00:00,338.0,24.0,2023-01-31 10:00:00,2023-01-31 14:00:00,338.0,836.0,2023-01-31 10:00:00,2023-01-31 14:00:00,272.0,2023-01-31 10:00:00,2023-01-31 14:00:00,323.0,2023-01-31 10:00:00,2023-01-31 14:00:00,346.0,2023-01-31 10:00:00,2023-01-31 14:00:00,338.0,2023-01-31 10:00:00,2023-01-31 14:00:00,363.7782287597656,2023-02-01 10:00:00,218.4818115234375,2023-02-01 10:00:00,4.0254621505737305,2023-02-01 10:00:00,95264.75,2023-02-01 10:00:00,52.981590619594954,2023-02-01 10:00:00,337.0
2023-02-02 10:00:00,337.0,24.0,2023-02-01 10:00:00,2023-02-01 14:00:00,337.0,833.5999755859375,2023-02-01 10:00:00,2023-02-01 14:00:00,268.0,2023-02-01 10:00:00,2023-02-01 14:00:00,325.0,2023-02-01 10:00:00,2023-02-01 14:00:00,344.0,2023-02-01 10:00:00,2023-02-01 14:00:00,337.0,2023-02-01 10:00:00,2023-02-01 14:00:00,355.2059936523437,2023-02-02 10:00:00,205.2029266357422,2023-02-02 10:00:00,3.7838034629821777,2023-02-02 10:00:00,92134.140625,2023-02-02 10:00:00,52.97260425120999,2023-02-02 10:00:00,340.0
2023-02-03 10:00:00,340.0,24.0,2023-02-02 10:00:00,2023-02-02 14:00:00,338.0,833.2000122070312,2023-02-02 10:00:00,2023-02-02 14:00:00,269.0,2023-02-02 10:00:00,2023-02-02 14:00:00,325.0,2023-02-02 10:00:00,2023-02-02 14:00:00,344.0,2023-02-02 10:00:00,2023-02-02 14:00:00,340.0,2023-02-02 10:00:00,2023-02-02 14:00:00,361.7769165039063,2023-02-03 10:00:00,218.3833770751953,2023-02-03 10:00:00,3.736212491989136,2023-02-03 10:00:00,91495.5390625,2023-02-03 10:00:00,53.32711653371484,2023-02-03 10:00:00,339.0
2023-02-04 09:40:00,339.0,23.666666666666668,2023-02-03 10:00:00,2023-02-03 14:00:00,339.0,837.7999877929688,2023-02-03 10:00:00,2023-02-03 14:00:00,268.0,2023-02-03 10:00:00,2023-02-03 14:00:00,324.0,2023-02-03 10:00:00,2023-02-03 14:00:00,337.0,2023-02-03 10:00:00,2023-02-03 14:00:00,339.0,2023-02-03 10:00:00,2023-02-03 14:00:00,368.6831359863281,2023-02-04 09:40:00,243.5415802001953,2023-02-04 09:40:00,3.868009090423584,2023-02-04 09:40:00,98513.34375,2023-02-04 09:40:00,51.51723453332181,2023-02-04 09:40:00,343.0
2023-02-05 10:00:00,343.0,24.333333333333332,2023-02-04 09:40:00,2023-02-04 13:40:00,340.0,835.9000244140625,2023-02-04 09:40:00,2023-02-04 13:40:00,265.0,2023-02-04 09:40:00,2023-02-04 13:40:00,327.0,2023-02-04 09:40:00,2023-02-04 13:40:00,350.0,2023-02-04 09:30:00,2023-02-04 13:30:00,343.0,2023-02-04 09:40:00,2023-02-04 13:40:00,367.0895690917969,2023-02-05 10:00:00,255.5655212402344,2023-02-05 10:00:00,3.9748611450195312,2023-02-05 10:00:00,100297.5625,2023-02-05 10:00:00,51.51452307977286,2023-02-05 10:00:00,339.0
2023-02-06 09:30:00,339.0,23.5,2023-02-05 10:00:00,2023-02-05 14:00:00,339.0,836.7000122070312,2023-02-05 10:00:00,2023-02-05 14:00:00,268.0,2023-02-05 10:00:00,2023-02-05 14:00:00,324.0,2023-02-05 10:00:00,2023-02-05 14:00:00,346.0,2023-02-05 10:00:00,2023-02-05 14:00:00,339.0,2023-02-05 10:00:00,2023-02-05 14:00:00,369.3843688964844,2023-02-06 09:30:00,251.196029663086,2023-02-06 09:30:00,3.8521690368652335,2023-02-06 09:30:00,99418.2109375,2023-02-06 09:30:00,51.89575138910425,2023-02-06 09:30:00,340.0
2023-02-07 10:00:00,340.0,24.5,2023-02-06 09:30:00,2023-02-06 13:30:00,340.0,837.7999877929688,2023-02-06 09:30:00,2023-02-06 13:30:00,270.0,2023-02-06 09:30:00,2023-02-06 13:30:00,326.0,2023-02-06 09:30:00,2023-02-06 13:30:00,346.0,2023-02-06 09:30:00,2023-02-06 13:30:00,340.0,2023-02-06 09:30:00,2023-02-06 13:30:00,372.1736755371094,2023-02-07 10:00:00,255.87001037597656,2023-02-07 10:00:00,3.841693162918091,2023-02-07 10:00:00,100312.2734375,2023-02-07 10:00:00,51.94387858953928,2023-02-07 10:00:00,346.0
2023-02-08 10:00:00,346.0,24.0,2023-02-07 10:00:00,2023-02-07 14:00:00,340.0,838.7000122070312,2023-02-07 10:00:00,2023-02-07 14:00:00,272.0,2023-02-07 10:00:00,2023-02-07 14:00:00,330.0,2023-02-07 10:00:00,2023-02-07 14:00:00,353.0,2023-02-07 10:00:00,2023-02-07 14:00:00,346.0,2023-02-07 10:00:00,2023-02-07 14:00:00,374.7489318847656,2023-02-08 10:00:00,254.9563446044922,2023-02-08 10:00:00,3.826484441757202,2023-02-08 10:00:00,101394.1171875,2023-02-08 10:00:00,52.052897357012284,2023-02-08 10:00:00,346.0
2023-02-09 10:00:00,346.0,24.0,2023-02-08 10:00:00,2023-02-08 14:00:00,346.0,840.5999755859375,2023-02-08 10:00:00,2023-02-08 14:00:00,273.0,2023-02-08 10:00:00,2023-02-08 14:00:00,331.0,2023-02-08 10:00:00,2023-02-08 14:00:00,346.0,2023-02-08 10:00:00,2023-02-08 14:00:00,346.0,2023-02-08 10:00:00,2023-02-08 14:00:00,369.2791137695313,2023-02-09 10:00:00,248.8488311767578,2023-02-09 10:00:00,3.8795905113220215,2023-02-09 10:00:00,98149.09375,2023-02-09 10:00:00,51.61137387564065,2023-02-09 10:00:00,342.0
2023-02-10 10:00:00,342.0,24.0,2023-02-09 10:00:00,2023-02-09 14:00:00,346.0,837.0999755859375,2023-02-09 10:00:00,2023-02-09 14:00:00,270.0,2023-02-09 10:00:00,2023-02-09 14:00:00,327.0,2023-02-09 10:00:00,2023-02-09 14:00:00,347.0,2023-02-09 10:00:00,2023-02-09 14:00:00,342.0,2023-02-09 10:00:00,2023-02-09 14:00:00,371.2513732910156,2023-02-10 10:00:00,253.27577209472656,2023-02-10 10:00:00,3.8777337074279785,2023-02-10 10:00:00,99551.4140625,2023-02-10 10:00:00,52.184545588025685,2023-02-10 10:00:00,342.0
2023-02-11 10:00:00,342.0,24.0,2023-02-10 10:00:00,2023-02-10 14:00:00,342.0,841.4000244140625,2023-02-10 10:00:00,2023-02-10 14:00:00,270.0,2023-02-10 10:00:00,2023-02-10 14:00:00,329.0,2023-02-10 10:00:00,2023-02-10 14:00:00,350.0,2023-02-10 10:00:00,2023-02-10 14:00:00,342.0,2023-02-10 10:00:00,2023-02-10 14:00:00,372.6216430664063,2023-02-11 10:00:00,247.4192047119141,2023-02-11 10:00:00,3.908968210220337,2023-02-11 10:00:00,96789.2734375,2023-02-11 10:00:00,50.71816482390693,2023-02-11 10:00:00,339.0
2023-02-12 10:00:00,339.0,24.0,2023-02-11 10:00:00,2023-02-11 14:00:00,342.0,842.0999755859375,2023-02-11 10:00:00,2023-02-11 14:00:00,271.0,2023-02-11 10:00:00,2023-02-11 14:00:00,324.0,2023-02-11 10:00:00,2023-02-11 14:00:00,343.0,2023-02-11 10:00:00,2023-02-11 14:00:00,339.0,2023-02-11 10:00:00,2023-02-11 14:00:00,376.7861022949219,2023-02-12 10:00:00,247.2716827392578,2023-02-12 10:00:00,3.88745379447937,2023-02-12 10:00:00,102373.2421875,2023-02-12 10:00:00,50.69200593890548,2023-02-12 10:00:00,344.0
2023-02-13 10:00:00,344.0,24.0,2023-02-12 10:00:00,2023-02-12 14:00:00,342.0,843.7000122070312,2023-02-12 10:00:00,2023-02-12 14:00:00,273.0,2023-02-12 10:00:00,2023-02-12 14:00:00,328.0,2023-02-12 10:00:00,2023-02-12 14:00:00,348.0,2023-02-12 10:00:00,2023-02-12 14:00:00,344.0,2023-02-12 10:00:00,2023-02-12 14:00:00,373.5605163574219,2023-02-13 10:00:00,250.64810180664065,2023-02-13 10:00:00,4.000844478607178,2023-02-13 10:00:00,102091.640625,2023-02-13 10:00:00,50.56814512674043,2023-02-13 10:00:00,341.0
2023-02-14 10:00:00,341.0,24.0,2023-02-13 10:00:00,2023-02-13 14:00:00,341.0,841.2000122070312,2023-02-13 10:00:00,2023-02-13 14:00:00,272.0,2023-02-13 10:00:00,2023-02-13 14:00:00,327.0,2023-02-13 10:00:00,2023-02-13 14:00:00,345.0,2023-02-13 10:00:00,2023-02-13 14:00:00,341.0,2023-02-13 10:00:00,2023-02-13 14:00:00,367.0404968261719,2023-02-14 10:00:00,243.3009796142578,2023-02-14 10:00:00,3.8783633708953857,2023-02-14 10:00:00,98788.875,2023-02-14 10:00:00,51.20307171929869,2023-02-14 10:00:00,339.0
2023-02-15 10:00:00,339.0,24.0,2023-02-14 10:00:00,2023-02-14 14:00:00,341.0,841.4000244140625,2023-02-14 10:00:00,2023-02-14 14:00:00,273.0,2023-02-14 10:00:00,2023-02-14 14:00:00,324.0,2023-02-14 10:00:00,2023-02-14 14:00:00,341.0,2023-02-14 10:00:00,2023-02-14 14:00:00,339.0,2023-02-14 10:00:00,2023-02-14 14:00:00,369.1740417480469,2023-02-15 10:00:00,257.574462890625,2023-02-15 10:00:00,3.8103206157684326,2023-02-15 10:00:00,101934.296875,2023-02-15 10:00:00,51.34071470092397,2023-02-15 10:00:00,338.0
2023-02-16 10:00:00,338.0,24.0,2023-02-15 10:00:00,2023-02-15 14:00:00,339.0,842.0,2023-02-15 10:00:00,2023-02-15 14:00:00,268.0,2023-02-15 10:00:00,2023-02-15 14:00:00,321.0,2023-02-15 10:00:00,2023-02-15 14:00:00,340.0,2023-02-15 10:00:00,2023-02-15 14:00:00,338.0,2023-02-15 10:00:00,2023-02-15 14:00:00,371.79681396484375,2023-02-16 10:00:00,252.6962890625,2023-02-16 10:00:00,3.863255500793457,2023-02-16 10:00:00,96113.9453125,2023-02-16 10:00:00,50.08919780151575,2023-02-16 10:00:00,335.0
2023-02-17 10:00:00,335.0,24.0,2023-02-16 10:00:00,2023-02-16 14:00:00,338.0,840.5,2023-02-16 10:00:00,2023-02-16 14:00:00,268.0,2023-02-16 10:00:00,2023-02-16 14:00:00,323.0,2023-02-16 10:00:00,2023-02-16 14:00:00,341.0,2023-02-16 10:00:00,2023-02-16 14:00:00,335.0,2023-02-16 10:00:00,2023-02-16 14:00:00,372.1942138671875,2023-02-17 10:00:00,252.880599975586,2023-02-17 10:00:00,3.67592716217041,2023-02-17 10:00:00,97549.9453125,2023-02-17 10:00:00,50.59607172651579,2023-02-17 10:00:00,350.0
2023-02-18 10:00:00,350.0,24.0,2023-02-17 10:00:00,2023-02-17 14:00:00,338.0,842.0999755859375,2023-02-17 10:00:00,2023-02-17 14:00:00,278.0,2023-02-17 10:00:00,2023-02-17 14:00:00,335.0,2023-02-17 10:00:00,2023-02-17 14:00:00,357.0,2023-02-17 10:00:00,2023-02-17 14:00:00,350.0,2023-02-17 10:00:00,2023-02-17 14:00:00,371.5079956054688,2023-02-18 10:00:00,256.00408935546875,2023-02-18 10:00:00,3.88053297996521,2023-02-18 10:00:00,99644.78125,2023-02-18 10:00:00,52.096873529664094,2023-02-18 10:00:00,350.0
2023-02-19 10:00:00,350.0,24.0,2023-02-18 10:00:00,2023-02-18 14:00:00,350.0,841.9000244140625,2023-02-18 10:00:00,2023-02-18 14:00:00,279.0,2023-02-18 10:00:00,2023-02-18 14:00:00,336.0,2023-02-18 10:00:00,2023-02-18 14:00:00,355.0,2023-02-18 10:00:00,2023-02-18 14:00:00,350.0,2023-02-18 10:00:00,2023-02-18 14:00:00,371.9879150390625,2023-02-19 10:00:00,252.363525390625,2023-02-19 10:00:00,3.906097412109375,2023-02-19 10:00:00,99440.703125,2023-02-19 10:00:00,52.3559512908414,2023-02-19 10:00:00,344.0
2023-02-20 10:00:00,344.0,24.0,2023-02-19 10:00:00,2023-02-19 14:00:00,350.0,842.0,2023-02-19 10:00:00,2023-02-19 14:00:00,270.0,2023-02-19 10:00:00,2023-02-19 14:00:00,329.0,2023-02-19 10:00:00,2023-02-19 14:00:00,347.0,2023-02-19 10:00:00,2023-02-19 14:00:00,344.0,2023-02-19 10:00:00,2023-02-19 14:00:00,363.9385986328125,2023-02-20 10:00:00,200.6453094482422,2023-02-20 10:00:00,3.475734233856201,2023-02-20 10:00:00,94013.3671875,2023-02-20 10:00:00,50.51584185773322,2023-02-20 10:00:00,350.0
2023-02-21 10:00:00,350.0,24.0,2023-02-20 10:00:00,2023-02-20 14:00:00,350.0,846.5,2023-02-20 10:00:00,2023-02-20 14:00:00,276.0,2023-02-20 10:00:00,2023-02-20 14:00:00,338.0,2023-02-20 10:00:00,2023-02-20 14:00:00,345.0,2023-02-20 10:00:00,2023-02-20 14:00:00,350.0,2023-02-20 10:00:00,2023-02-20 14:00:00,371.32330322265625,2023-02-21 10:00:00,230.2786560058593,2023-02-21 10:00:00,3.735385179519653,2023-02-21 10:00:00,89977.328125,2023-02-21 10:00:00,50.240700644088406,2023-02-21 10:00:00,346.0
2023-02-22 10:00:00,346.0,24.0,2023-02-21 10:00:00,2023-02-21 14:00:00,346.0,841.0999755859375,2023-02-21 10:00:00,2023-02-21 14:00:00,273.0,2023-02-21 10:00:00,2023-02-21 14:00:00,330.0,2023-02-21 10:00:00,2023-02-21 14:00:00,353.0,2023-02-21 10:00:00,2023-02-21 14:00:00,346.0,2023-02-21 10:00:00,2023-02-21 14:00:00,377.2877807617188,2023-02-22 10:00:00,254.58937072753903,2023-02-22 10:00:00,3.85558032989502,2023-02-22 10:00:00,101764.8046875,2023-02-22 10:00:00,51.44210598572624,2023-02-22 10:00:00,340.0
2023-02-23 09:30:00,340.0,23.5,2023-02-22 10:00:00,2023-02-22 14:00:00,346.0,844.4000244140625,2023-02-22 10:00:00,2023-02-22 14:00:00,270.0,2023-02-22 10:00:00,2023-02-22 14:00:00,327.0,2023-02-22 10:00:00,2023-02-22 14:00:00,352.0,2023-02-22 10:00:00,2023-02-22 14:00:00,340.0,2023-02-22 10:00:00,2023-02-22 14:00:00,376.59222412109375,2023-02-23 09:30:00,249.81497192382807,2023-02-23 09:30:00,3.8629403114318848,2023-02-23 09:30:00,91216.8515625,2023-02-23 09:30:00,49.71208701339424,2023-02-23 09:30:00,342.0
2023-02-24 10:00:00,342.0,24.5,2023-02-23 09:30:00,2023-02-23 13:30:00,342.0,845.7999877929688,2023-02-23 09:30:00,2023-02-23 13:30:00,271.0,2023-02-23 09:30:00,2023-02-23 13:30:00,325.0,2023-02-23 09:30:00,2023-02-23 13:30:00,343.0,2023-02-23 09:30:00,2023-02-23 13:30:00,342.0,2023-02-23 09:30:00,2023-02-23 13:30:00,377.0314331054688,2023-02-24 10:00:00,249.24215698242188,2023-02-24 10:00:00,3.78447699546814,2023-02-24 10:00:00,94357.3359375,2023-02-24 10:00:00,49.457192050247954,2023-02-24 10:00:00,332.0
2023-02-25 10:00:00,332.0,24.0,2023-02-24 10:00:00,2023-02-24 14:00:00,340.0,838.5999755859375,2023-02-24 18:00:00,2023-02-24 22:00:00,272.0,2023-02-24 10:00:00,2023-02-24 14:00:00,321.0,2023-02-24 10:00:00,2023-02-24 14:00:00,343.0,2023-02-24 10:00:00,2023-02-24 14:00:00,332.0,2023-02-24 10:00:00,2023-02-24 14:00:00,378.3494262695313,2023-02-25 10:00:00,234.8773498535156,2023-02-25 10:00:00,3.8317596912384033,2023-02-25 10:00:00,91927.125,2023-02-25 10:00:00,52.08710434014358,2023-02-25 10:00:00,340.0
2023-02-26 10:00:00,340.0,24.0,2023-02-25 10:00:00,2023-02-25 14:00:00,340.0,844.2000122070312,2023-02-26 02:00:00,2023-02-26 06:00:00,270.0,2023-02-25 10:00:00,2023-02-25 14:00:00,325.0,2023-02-25 10:00:00,2023-02-25 14:00:00,343.0,2023-02-25 10:00:00,2023-02-25 14:00:00,340.0,2023-02-25 10:00:00,2023-02-25 14:00:00,375.6126098632813,2023-02-26 10:00:00,234.5703125,2023-02-26 10:00:00,3.7988882064819336,2023-02-26 10:00:00,94632.3046875,2023-02-26 10:00:00,49.77872908218092,2023-02-26 10:00:00,337.0
2023-02-27 10:00:00,337.0,24.0,2023-02-26 10:00:00,2023-02-26 14:00:00,337.0,842.5,2023-02-26 10:00:00,2023-02-26 14:00:00,269.0,2023-02-26 10:00:00,2023-02-26 14:00:00,323.0,2023-02-26 10:00:00,2023-02-26 14:00:00,343.0,2023-02-26 10:00:00,2023-02-26 14:00:00,337.0,2023-02-26 10:00:00,2023-02-26 14:00:00,377.0743408203125,2023-02-27 10:00:00,250.4719390869141,2023-02-27 10:00:00,3.902719020843506,2023-02-27 10:00:00,97037.28125,2023-02-27 10:00:00,50.13550791832745,2023-02-27 10:00:00,342.0
2023-02-28 10:00:00,342.0,24.0,2023-02-27 10:00:00,2023-02-27 14:00:00,340.0,842.7000122070312,2023-02-27 10:00:00,2023-02-27 14:00:00,270.0,2023-02-27 10:00:00,2023-02-27 14:00:00,326.0,2023-02-27 10:00:00,2023-02-27 14:00:00,346.0,2023-02-27 10:00:00,2023-02-27 14:00:00,342.0,2023-02-27 10:00:00,2023-02-27 14:00:00,375.154296875,2023-02-28 10:00:00,251.8635711669922,2023-02-28 10:00:00,3.885157823562622,2023-02-28 10:00:00,96381.9453125,2023-02-28 10:00:00,50.280489694809035,2023-02-28 10:00:00,345.0
2023-03-01 10:00:00,345.0,24.0,2023-02-28 10:00:00,2023-02-28 14:00:00,342.0,837.2000122070312,2023-02-28 10:00:00,2023-02-28 14:00:00,272.0,2023-02-28 10:00:00,2023-02-28 14:00:00,330.0,2023-02-28 10:00:00,2023-02-28 14:00:00,354.0,2023-02-28 10:00:00,2023-02-28 14:00:00,345.0,2023-02-28 10:00:00,2023-02-28 14:00:00,374.7256774902344,2023-03-01 10:00:00,253.56402587890625,2023-03-01 10:00:00,3.829402446746826,2023-03-01 10:00:00,100673.015625,2023-03-01 10:00:00,52.56744117964058,2023-03-01 10:00:00,353.0
2023-03-02 10:00:00,353.0,24.0,2023-03-01 10:00:00,2023-03-01 14:00:00,345.0,837.2999877929688,2023-03-01 10:00:00,2023-03-01 14:00:00,269.0,2023-03-01 10:00:00,2023-03-01 14:00:00,328.0,2023-03-01 10:00:00,2023-03-01 14:00:00,351.0,2023-03-01 10:00:00,2023-03-01 14:00:00,353.0,2023-03-01 10:00:00,2023-03-01 14:00:00,374.3922119140625,2023-03-02 10:00:00,256.6641540527344,2023-03-02 10:00:00,3.7697324752807617,2023-03-02 10:00:00,94188.671875,2023-03-02 10:00:00,51.903552407590496,2023-03-02 10:00:00,341.0
2023-03-03 10:00:00,341.0,24.0,2023-03-02 10:00:00,2023-03-02 14:00:00,345.0,836.9000244140625,2023-03-02 10:00:00,2023-03-02 14:00:00,268.0,2023-03-02 10:00:00,2023-03-02 14:00:00,326.0,2023-03-02 10:00:00,2023-03-02 14:00:00,345.0,2023-03-02 10:00:00,2023-03-02 14:00:00,341.0,2023-03-02 10:00:00,2023-03-02 14:00:00,375.8513488769531,2023-03-03 10:00:00,250.4353790283203,2023-03-03 10:00:00,3.803051233291626,2023-03-03 10:00:00,98262.09375,2023-03-03 10:00:00,51.826784958458575,2023-03-03 10:00:00,350.0
2023-03-04 10:00:00,350.0,24.0,2023-03-03 10:00:00,2023-03-03 14:00:00,350.0,838.5999755859375,2023-03-03 10:00:00,2023-03-03 14:00:00,276.0,2023-03-03 10:00:00,2023-03-03 14:00:00,335.0,2023-03-03 10:00:00,2023-03-03 14:00:00,358.0,2023-03-03 10:00:00,2023-03-03 14:00:00,350.0,2023-03-03 10:00:00,2023-03-03 14:00:00,374.5105895996094,2023-03-04 10:00:00,244.16119384765625,2023-03-04 10:00:00,3.90716290473938,2023-03-04 10:00:00,103571.859375,2023-03-04 10:00:00,52.89433183963729,2023-03-04 10:00:00,342.0
2023-03-05 10:00:00,342.0,24.0,2023-03-04 10:00:00,2023-03-04 14:00:00,342.0,836.5999755859375,2023-03-04 10:00:00,2023-03-04 14:00:00,273.0,2023-03-04 10:00:00,2023-03-04 14:00:00,327.0,2023-03-04 10:00:00,2023-03-04 14:00:00,348.0,2023-03-04 10:00:00,2023-03-04 14:00:00,342.0,2023-03-04 10:00:00,2023-03-04 14:00:00,366.8822937011719,2023-03-05 10:00:00,241.774169921875,2023-03-05 10:00:00,3.982248306274414,2023-03-05 10:00:00,103394.1171875,2023-03-05 10:00:00,52.97946231495723,2023-03-05 10:00:00,336.0
2023-03-06 10:00:00,336.0,24.0,2023-03-05 10:00:00,2023-03-05 14:00:00,342.0,834.9000244140625,2023-03-05 10:00:00,2023-03-05 14:00:00,268.0,2023-03-05 10:00:00,2023-03-05 14:00:00,321.0,2023-03-05 10:00:00,2023-03-05 14:00:00,345.0,2023-03-05 10:00:00,2023-03-05 14:00:00,336.0,2023-03-05 10:00:00,2023-03-05 14:00:00,366.7037658691406,2023-03-06 10:00:00,244.4616241455078,2023-03-06 10:00:00,3.896749496459961,2023-03-06 10:00:00,103960.53125,2023-03-06 10:00:00,52.5191962188004,2023-03-06 10:00:00,342.0
2023-03-07 10:00:00,342.0,24.0,2023-03-06 10:00:00,2023-03-06 14:00:00,342.0,836.4000244140625,2023-03-06 10:00:00,2023-03-06 14:00:00,273.0,2023-03-06 10:00:00,2023-03-06 14:00:00,328.0,2023-03-06 10:00:00,2023-03-06 14:00:00,348.0,2023-03-06 10:00:00,2023-03-06 14:00:00,342.0,2023-03-06 10:00:00,2023-03-06 14:00:00,366.80462646484375,2023-03-07 10:00:00,238.113037109375,2023-03-07 10:00:00,3.98613166809082,2023-03-07 10:00:00,101138.65625,2023-03-07 10:00:00,53.048500651778454,2023-03-07 10:00:00,347.0
2023-03-08 10:00:00,347.0,24.0,2023-03-07 10:00:00,2023-03-07 14:00:00,342.0,836.7999877929688,2023-03-07 10:00:00,2023-03-07 14:00:00,275.0,2023-03-07 10:00:00,2023-03-07 14:00:00,331.0,2023-03-07 10:00:00,2023-03-07 14:00:00,356.0,2023-03-07 10:00:00,2023-03-07 14:00:00,347.0,2023-03-07 10:00:00,2023-03-07 14:00:00,368.0262145996094,2023-03-08 10:00:00,247.0213928222656,2023-03-08 10:00:00,3.748179912567138,2023-03-08 10:00:00,104307.0625,2023-03-08 10:00:00,53.31406387699849,2023-03-08 10:00:00,325.0
2023-03-09 10:00:00,325.0,24.0,2023-03-08 10:00:00,2023-03-08 14:00:00,342.0,835.0999755859375,2023-03-08 10:00:00,2023-03-08 14:00:00,265.0,2023-03-08 10:00:00,2023-03-08 14:00:00,317.0,2023-03-08 10:00:00,2023-03-08 14:00:00,342.0,2023-03-08 10:00:00,2023-03-08 14:00:00,325.0,2023-03-08 10:00:00,2023-03-08 14:00:00,368.4862365722656,2023-03-09 10:00:00,245.6531982421875,2023-03-09 10:00:00,3.8793792724609375,2023-03-09 10:00:00,104838.03125,2023-03-09 10:00:00,51.7920003826099,2023-03-09 10:00:00,345.0
2023-03-10 10:00:00,345.0,24.0,2023-03-09 10:00:00,2023-03-09 14:00:00,345.0,834.5,2023-03-09 10:00:00,2023-03-09 14:00:00,271.0,2023-03-09 10:00:00,2023-03-09 14:00:00,328.0,2023-03-09 10:00:00,2023-03-09 14:00:00,349.0,2023-03-09 10:00:00,2023-03-09 14:00:00,345.0,2023-03-09 10:00:00,2023-03-09 14:00:00,369.1054382324219,2023-03-10 10:00:00,226.0253448486328,2023-03-10 10:00:00,3.8487355709075928,2023-03-10 10:00:00,104434.65625,2023-03-10 10:00:00,53.29489828275871,2023-03-10 10:00:00,338.0
2023-03-11 10:00:00,338.0,24.0,2023-03-10 10:00:00,2023-03-10 14:00:00,338.0,838.5,2023-03-10 10:00:00,2023-03-10 14:00:00,271.0,2023-03-10 10:00:00,2023-03-10 14:00:00,324.0,2023-03-10 10:00:00,2023-03-10 14:00:00,348.0,2023-03-10 10:00:00,2023-03-10 14:00:00,338.0,2023-03-10 10:00:00,2023-03-10 14:00:00,366.5957946777344,2023-03-11 10:00:00,231.42868041992188,2023-03-11 10:00:00,3.946125507354736,2023-03-11 10:00:00,102504.1640625,2023-03-11 10:00:00,51.91379436275872,2023-03-11 10:00:00,342.0
2023-03-12 10:00:00,342.0,24.0,2023-03-11 10:00:00,2023-03-11 14:00:00,342.0,834.7999877929688,2023-03-11 10:00:00,2023-03-11 14:00:00,273.0,2023-03-11 10:00:00,2023-03-11 14:00:00,328.0,2023-03-11 10:00:00,2023-03-11 14:00:00,349.0,2023-03-11 10:00:00,2023-03-11 14:00:00,342.0,2023-03-11 10:00:00,2023-03-11 14:00:00,365.3634948730469,2023-03-12 10:00:00,219.5374755859375,2023-03-12 10:00:00,3.956464529037476,2023-03-12 10:00:00,97720.2265625,2023-03-12 10:00:00,53.60318615129984,2023-03-12 10:00:00,338.0
2023-03-13 10:00:00,338.0,24.0,2023-03-12 10:00:00,2023-03-12 14:00:00,338.0,834.4000244140625,2023-03-12 10:00:00,2023-03-12 14:00:00,270.0,2023-03-12 10:00:00,2023-03-12 14:00:00,324.0,2023-03-12 10:00:00,2023-03-12 14:00:00,347.0,2023-03-12 10:00:00,2023-03-12 14:00:00,338.0,2023-03-12 10:00:00,2023-03-12 14:00:00,367.0457458496094,2023-03-13 10:00:00,241.50460815429688,2023-03-13 10:00:00,3.997558832168579,2023-03-13 10:00:00,94571.5078125,2023-03-13 10:00:00,53.11991151510324,2023-03-13 10:00:00,338.0
2023-03-14 10:00:00,338.0,24.0,2023-03-13 10:00:00,2023-03-13 14:00:00,338.0,833.9000244140625,2023-03-13 10:00:00,2023-03-13 14:00:00,269.0,2023-03-13 10:00:00,2023-03-13 14:00:00,324.0,2023-03-13 10:00:00,2023-03-13 14:00:00,344.0,2023-03-13 10:00:00,2023-03-13 14:00:00,338.0,2023-03-13 10:00:00,2023-03-13 14:00:00,374.5007934570313,2023-03-14 10:00:00,249.43946838378903,2023-03-14 10:00:00,3.8163211345672607,2023-03-14 10:00:00,101310.46875,2023-03-14 10:00:00,53.08221942078285,2023-03-14 10:00:00,344.0
2023-03-15 10:00:00,344.0,24.0,2023-03-14 10:00:00,2023-03-14 14:00:00,338.0,835.7999877929688,2023-03-14 10:00:00,2023-03-14 14:00:00,273.0,2023-03-14 10:00:00,2023-03-14 14:00:00,329.0,2023-03-14 10:00:00,2023-03-14 14:00:00,345.0,2023-03-14 10:00:00,2023-03-14 14:00:00,344.0,2023-03-14 10:00:00,2023-03-14 14:00:00,372.7619934082031,2023-03-15 10:00:00,258.5964050292969,2023-03-15 10:00:00,3.901281595230103,2023-03-15 10:00:00,103776.140625,2023-03-15 10:00:00,53.25605077638522,2023-03-15 10:00:00,340.0
2023-03-16 10:00:00,340.0,24.0,2023-03-15 10:00:00,2023-03-15 14:00:00,340.0,834.7999877929688,2023-03-15 10:00:00,2023-03-15 14:00:00,271.0,2023-03-15 10:00:00,2023-03-15 14:00:00,326.0,2023-03-15 10:00:00,2023-03-15 14:00:00,346.0,2023-03-15 10:00:00,2023-03-15 14:00:00,340.0,2023-03-15 10:00:00,2023-03-15 14:00:00,370.60198974609375,2023-03-16 10:00:00,257.9096069335937,2023-03-16 10:00:00,3.775773525238037,2023-03-16 10:00:00,101179.171875,2023-03-16 10:00:00,53.19045977430824,2023-03-16 10:00:00,338.0
2023-03-17 10:00:00,338.0,24.0,2023-03-16 10:00:00,2023-03-16 14:00:00,340.0,833.7999877929688,2023-03-16 10:00:00,2023-03-16 14:00:00,268.0,2023-03-16 10:00:00,2023-03-16 14:00:00,323.0,2023-03-16 10:00:00,2023-03-16 14:00:00,344.0,2023-03-16 10:00:00,2023-03-16 14:00:00,338.0,2023-03-16 10:00:00,2023-03-16 14:00:00,366.2633972167969,2023-03-17 10:00:00,244.041015625,2023-03-17 10:00:00,3.9174652099609375,2023-03-17 10:00:00,100655.6640625,2023-03-17 10:00:00,52.90267707297994,2023-03-17 10:00:00,335.0
2023-03-18 10:00:00,335.0,24.0,2023-03-17 10:00:00,2023-03-17 14:00:00,338.0,832.7999877929688,2023-03-17 10:00:00,2023-03-17 14:00:00,266.0,2023-03-17 10:00:00,2023-03-17 14:00:00,320.0,2023-03-17 10:00:00,2023-03-17 14:00:00,340.0,2023-03-17 10:00:00,2023-03-17 14:00:00,335.0,2023-03-17 10:00:00,2023-03-17 14:00:00,365.2735290527344,2023-03-18 10:00:00,220.17686462402344,2023-03-18 10:00:00,4.015593528747559,2023-03-18 10:00:00,101377.8671875,2023-03-18 10:00:00,52.81683419261469,2023-03-18 10:00:00,344.0
2023-03-19 10:00:00,344.0,24.0,2023-03-18 10:00:00,2023-03-18 14:00:00,338.0,835.2999877929688,2023-03-18 10:00:00,2023-03-18 14:00:00,270.0,2023-03-18 10:00:00,2023-03-18 14:00:00,329.0,2023-03-18 10:00:00,2023-03-18 14:00:00,353.0,2023-03-18 10:00:00,2023-03-18 14:00:00,344.0,2023-03-18 10:00:00,2023-03-18 14:00:00,361.5865173339844,2023-03-19 10:00:00,220.73587036132807,2023-03-19 10:00:00,3.909006118774414,2023-03-19 10:00:00,97677.0390625,2023-03-19 10:00:00,52.806874901825495,2023-03-19 10:00:00,340.0
2023-03-20 10:00:00,340.0,24.0,2023-03-19 10:00:00,2023-03-19 14:00:00,340.0,836.0,2023-03-19 10:00:00,2023-03-19 14:00:00,269.0,2023-03-19 10:00:00,2023-03-19 14:00:00,326.0,2023-03-19 10:00:00,2023-03-19 14:00:00,344.0,2023-03-19 10:00:00,2023-03-19 14:00:00,340.0,2023-03-19 10:00:00,2023-03-19 14:00:00,360.3876037597656,2023-03-20 10:00:00,213.5442047119141,2023-03-20 10:00:00,3.93707275390625,2023-03-20 10:00:00,98307.5859375,2023-03-20 10:00:00,52.35210483332753,2023-03-20 10:00:00,339.0
2023-03-21 10:00:00,339.0,24.0,2023-03-20 10:00:00,2023-03-20 14:00:00,340.0,837.0999755859375,2023-03-20 10:00:00,2023-03-20 14:00:00,269.0,2023-03-20 10:00:00,2023-03-20 14:00:00,325.0,2023-03-20 10:00:00,2023-03-20 14:00:00,344.0,2023-03-20 10:00:00,2023-03-20 14:00:00,339.0,2023-03-20 10:00:00,2023-03-20 14:00:00,362.21234130859375,2023-03-21 10:00:00,220.60548400878903,2023-03-21 10:00:00,3.9332525730133057,2023-03-21 10:00:00,97155.3125,2023-03-21 10:00:00,51.97239488361993,2023-03-21 10:00:00,334.0
2023-03-22 10:00:00,334.0,24.0,2023-03-21 10:00:00,2023-03-21 14:00:00,339.0,836.2000122070312,2023-03-21 10:00:00,2023-03-21 14:00:00,266.0,2023-03-21 10:00:00,2023-03-21 14:00:00,320.0,2023-03-21 10:00:00,2023-03-21 14:00:00,341.0,2023-03-21 10:00:00,2023-03-21 14:00:00,334.0,2023-03-21 10:00:00,2023-03-21 14:00:00,368.8411865234375,2023-03-22 10:00:00,215.00115966796875,2023-03-22 10:00:00,3.962408781051636,2023-03-22 10:00:00,96143.984375,2023-03-22 10:00:00,51.63235089136708,2023-03-22 10:00:00,353.0
2023-03-23 10:00:00,353.0,24.0,2023-03-22 10:00:00,2023-03-22 14:00:00,339.0,839.5,2023-03-22 10:00:00,2023-03-22 14:00:00,272.0,2023-03-22 10:00:00,2023-03-22 14:00:00,336.0,2023-03-22 10:00:00,2023-03-22 14:00:00,347.0,2023-03-22 10:00:00,2023-03-22 14:00:00,353.0,2023-03-22 10:00:00,2023-03-22 14:00:00,367.7261962890625,2023-03-23 10:00:00,215.7795867919922,2023-03-23 10:00:00,3.923464059829712,2023-03-23 10:00:00,96091.3359375,2023-03-23 10:00:00,51.77990366459471,2023-03-23 10:00:00,348.0
2023-03-25 10:00:00,348.0,48.0,2023-03-23 10:00:00,2023-03-23 14:00:00,348.0,837.7000122070312,2023-03-23 10:00:00,2023-03-23 14:00:00,270.0,2023-03-23 10:00:00,2023-03-23 14:00:00,333.0,2023-03-23 10:00:00,2023-03-23 14:00:00,349.0,2023-03-24 10:00:00,2023-03-24 14:00:00,348.0,2023-03-23 10:00:00,2023-03-23 14:00:00,368.3234252929688,2023-03-25 10:00:00,204.0588531494141,2023-03-25 10:00:00,3.874722480773926,2023-03-25 10:00:00,84784.6953125,2023-03-25 10:00:00,51.978204120236114,2023-03-25 10:00:00,350.0
2023-03-26 10:00:00,350.0,24.0,2023-03-25 10:00:00,2023-03-25 14:00:00,350.0,838.5,2023-03-25 10:00:00,2023-03-25 14:00:00,275.0,2023-03-25 10:00:00,2023-03-25 14:00:00,334.0,2023-03-25 10:00:00,2023-03-25 14:00:00,357.0,2023-03-25 10:00:00,2023-03-25 14:00:00,350.0,2023-03-25 10:00:00,2023-03-25 14:00:00,375.3196105957031,2023-03-26 10:00:00,247.2670745849609,2023-03-26 10:00:00,3.8415157794952393,2023-03-26 10:00:00,98626.8046875,2023-03-26 10:00:00,52.73011973527821,2023-03-26 10:00:00,365.0
2023-03-27 02:00:00,365.0,16.0,2023-03-26 10:00:00,2023-03-26 14:00:00,350.0,840.5,2023-03-26 10:00:00,2023-03-26 14:00:00,282.0,2023-03-26 10:00:00,2023-03-26 14:00:00,348.0,2023-03-26 10:00:00,2023-03-26 14:00:00,355.0,2023-03-26 10:00:00,2023-03-26 14:00:00,365.0,2023-03-26 10:00:00,2023-03-26 14:00:00,372.7431640625,2023-03-27 02:00:00,225.60777282714844,2023-03-27 02:00:00,3.923020601272583,2023-03-27 02:00:00,96184.734375,2023-03-27 02:00:00,53.39126620485729,2023-03-27 02:00:00,347.0
2023-03-27 09:25:00,347.0,7.416666666666667,2023-03-27 02:00:00,2023-03-27 06:00:00,350.0,840.5,2023-03-26 10:00:00,2023-03-26 14:00:00,270.0,2023-03-27 02:00:00,2023-03-27 06:00:00,332.0,2023-03-27 02:00:00,2023-03-27 06:00:00,355.0,2023-03-26 10:00:00,2023-03-26 14:00:00,347.0,2023-03-27 02:00:00,2023-03-27 06:00:00,373.1582946777344,2023-03-27 09:20:00,224.9559020996093,2023-03-27 09:20:00,3.964565515518189,2023-03-27 09:20:00,93217.328125,2023-03-27 09:20:00,51.02271578273326,2023-03-27 09:25:00,345.0
2023-03-28 10:00:00,345.0,24.583333333333332,2023-03-27 09:25:00,2023-03-27 13:25:00,347.0,837.5999755859375,2023-03-27 09:25:00,2023-03-27 13:25:00,270.0,2023-03-27 09:25:00,2023-03-27 13:25:00,333.0,2023-03-27 09:25:00,2023-03-27 13:25:00,355.0,2023-03-27 09:20:00,2023-03-27 13:20:00,345.0,2023-03-27 09:25:00,2023-03-27 13:25:00,371.6545104980469,2023-03-28 10:00:00,220.4338531494141,2023-03-28 10:00:00,3.985647678375244,2023-03-28 10:00:00,90443.7265625,2023-03-28 10:00:00,52.01256610811106,2023-03-28 10:00:00,352.0
2023-03-29 10:00:00,352.0,24.0,2023-03-28 10:00:00,2023-03-28 14:00:00,347.0,838.9000244140625,2023-03-28 10:00:00,2023-03-28 14:00:00,272.0,2023-03-28 10:00:00,2023-03-28 14:00:00,336.0,2023-03-28 10:00:00,2023-03-28 14:00:00,358.0,2023-03-28 10:00:00,2023-03-28 14:00:00,352.0,2023-03-28 10:00:00,2023-03-28 14:00:00,371.7642822265625,2023-03-29 10:00:00,217.2344512939453,2023-03-29 10:00:00,3.9556150436401367,2023-03-29 10:00:00,90958.046875,2023-03-29 10:00:00,51.98455075619563,2023-03-29 10:00:00,351.0
2023-03-30 10:00:00,351.0,24.0,2023-03-29 10:00:00,2023-03-29 14:00:00,351.0,837.9000244140625,2023-03-29 10:00:00,2023-03-29 14:00:00,270.0,2023-03-29 10:00:00,2023-03-29 14:00:00,334.0,2023-03-29 10:00:00,2023-03-29 14:00:00,357.0,2023-03-29 10:00:00,2023-03-29 14:00:00,351.0,2023-03-29 10:00:00,2023-03-29 14:00:00,365.83306884765625,2023-03-30 10:00:00,233.417236328125,2023-03-30 10:00:00,4.045506000518799,2023-03-30 10:00:00,98868.90625,2023-03-30 10:00:00,51.90954760450518,2023-03-30 10:00:00,341.0
2023-03-31 10:00:00,341.0,24.0,2023-03-30 10:00:00,2023-03-30 14:00:00,351.0,835.2999877929688,2023-03-30 10:00:00,2023-03-30 14:00:00,265.0,2023-03-30 10:00:00,2023-03-30 14:00:00,327.0,2023-03-30 10:00:00,2023-03-30 14:00:00,366.0,2023-03-30 10:00:00,2023-03-30 14:00:00,341.0,2023-03-30 10:00:00,2023-03-30 14:00:00,374.5946350097656,2023-03-31 10:00:00,256.7493591308594,2023-03-31 10:00:00,3.96954345703125,2023-03-31 10:00:00,102161.515625,2023-03-31 10:00:00,51.72253807675145,2023-03-31 10:00:00,354.0
2023-04-01 10:00:00,354.0,24.0,2023-03-31 10:00:00,2023-03-31 14:00:00,351.0,837.7000122070312,2023-03-31 10:00:00,2023-03-31 14:00:00,270.0,2023-03-31 10:00:00,2023-03-31 14:00:00,338.0,2023-03-31 10:00:00,2023-03-31 14:00:00,355.0,2023-03-31 10:00:00,2023-03-31 14:00:00,354.0,2023-03-31 10:00:00,2023-03-31 14:00:00,374.7454528808594,2023-04-01 10:00:00,214.6331481933593,2023-04-01 10:00:00,3.961245059967041,2023-04-01 10:00:00,96355.46875,2023-04-01 10:00:00,51.978204120236114,2023-04-01 10:00:00,350.0
2023-04-02 10:00:00,350.0,24.0,2023-04-01 10:00:00,2023-04-01 14:00:00,350.0,838.5,2023-04-01 10:00:00,2023-04-01 14:00:00,272.0,2023-04-01 10:00:00,2023-04-01 14:00:00,336.0,2023-04-01 10:00:00,2023-04-01 14:00:00,356.0,2023-04-01 10:00:00,2023-04-01 14:00:00,350.0,2023-04-01 10:00:00,2023-04-01 14:00:00,372.8193054199219,2023-04-02 10:00:00,214.5749053955078,2023-04-02 10:00:00,3.9301257133483887,2023-04-02 10:00:00,89613.96875,2023-04-02 10:00:00,52.12130594459495,2023-04-02 10:00:00,348.0
2023-04-03 10:00:00,348.0,24.0,2023-04-02 10:00:00,2023-04-02 14:00:00,350.0,840.7999877929688,2023-04-02 10:00:00,2023-04-02 14:00:00,275.0,2023-04-02 10:00:00,2023-04-02 14:00:00,334.0,2023-04-02 10:00:00,2023-04-02 14:00:00,358.0,2023-04-02 10:00:00,2023-04-02 14:00:00,348.0,2023-04-02 10:00:00,2023-04-02 14:00:00,368.0105895996094,2023-04-03 10:00:00,197.13406372070312,2023-04-03 10:00:00,3.982762336730957,2023-04-03 10:00:00,87014.5546875,2023-04-03 10:00:00,51.947215097340404,2023-04-03 10:00:00,349.0
2023-04-04 10:00:00,349.0,24.0,2023-04-03 10:00:00,2023-04-03 14:00:00,349.0,841.5,2023-04-03 10:00:00,2023-04-03 14:00:00,273.0,2023-04-03 10:00:00,2023-04-03 14:00:00,334.0,2023-04-03 10:00:00,2023-04-03 14:00:00,354.0,2023-04-03 10:00:00,2023-04-03 14:00:00,349.0,2023-04-03 10:00:00,2023-04-03 14:00:00,370.8605651855469,2023-04-04 10:00:00,202.4502410888672,2023-04-04 10:00:00,3.817770004272461,2023-04-04 10:00:00,84914.8046875,2023-04-04 10:00:00,51.306962339750385,2023-04-04 10:00:00,353.0
2023-04-05 10:00:00,353.0,24.0,2023-04-04 10:00:00,2023-04-04 14:00:00,349.0,840.2000122070312,2023-04-04 10:00:00,2023-04-04 14:00:00,277.0,2023-04-04 10:00:00,2023-04-04 14:00:00,337.0,2023-04-04 10:00:00,2023-04-04 14:00:00,354.0,2023-04-04 10:00:00,2023-04-04 14:00:00,353.0,2023-04-04 10:00:00,2023-04-04 14:00:00,370.6488952636719,2023-04-05 10:00:00,212.35858154296875,2023-04-05 10:00:00,3.9619877338409424,2023-04-05 10:00:00,92586.328125,2023-04-05 10:00:00,52.54524330693232,2023-04-05 10:00:00,353.0
2023-04-06 10:00:00,353.0,24.0,2023-04-05 10:00:00,2023-04-05 14:00:00,353.0,839.7999877929688,2023-04-05 10:00:00,2023-04-05 14:00:00,275.0,2023-04-05 10:00:00,2023-04-05 14:00:00,338.0,2023-04-05 10:00:00,2023-04-05 14:00:00,359.0,2023-04-05 10:00:00,2023-04-05 14:00:00,353.0,2023-04-05 10:00:00,2023-04-05 14:00:00,373.6530151367188,2023-04-06 10:00:00,210.2021331787109,2023-04-06 10:00:00,3.9156222343444815,2023-04-06 10:00:00,93880.0,2023-04-06 10:00:00,52.28660307225482,2023-04-06 10:00:00,360.0
2023-04-06 22:00:00,360.0,12.0,2023-04-06 10:00:00,2023-04-06 14:00:00,353.0,839.2999877929688,2023-04-06 10:00:00,2023-04-06 14:00:00,278.0,2023-04-06 10:00:00,2023-04-06 14:00:00,341.0,2023-04-06 10:00:00,2023-04-06 14:00:00,364.0,2023-04-06 10:00:00,2023-04-06 14:00:00,360.0,2023-04-06 10:00:00,2023-04-06 14:00:00,370.2696533203125,2023-04-06 22:00:00,219.7194976806641,2023-04-06 22:00:00,3.970398426055908,2023-04-06 22:00:00,98908.34375,2023-04-06 22:00:00,53.04542033295127,2023-04-06 22:00:00,350.0
2023-04-07 10:00:00,350.0,12.0,2023-04-06 22:00:00,2023-04-07 02:00:00,353.0,839.2999877929688,2023-04-06 10:00:00,2023-04-06 14:00:00,275.0,2023-04-06 22:00:00,2023-04-07 02:00:00,336.0,2023-04-06 22:00:00,2023-04-07 02:00:00,364.0,2023-04-06 10:00:00,2023-04-06 14:00:00,350.0,2023-04-06 22:00:00,2023-04-07 02:00:00,369.97076416015625,2023-04-07 10:00:00,208.07620239257807,2023-04-07 10:00:00,3.9999091625213614,2023-04-07 10:00:00,94755.1015625,2023-04-07 10:00:00,52.45687811471214,2023-04-07 10:00:00,356.0
2023-04-08 10:00:00,356.0,24.0,2023-04-07 10:00:00,2023-04-07 14:00:00,356.0,839.2999877929688,2023-04-07 10:00:00,2023-04-07 14:00:00,275.0,2023-04-07 10:00:00,2023-04-07 14:00:00,337.0,2023-04-07 10:00:00,2023-04-07 14:00:00,358.0,2023-04-07 10:00:00,2023-04-07 14:00:00,356.0,2023-04-07 10:00:00,2023-04-07 14:00:00,367.22412109375,2023-04-08 10:00:00,211.62130737304688,2023-04-08 10:00:00,3.941361427307129,2023-04-08 10:00:00,94602.5078125,2023-04-08 10:00:00,52.45687811471214,2023-04-08 10:00:00,351.0
2023-04-08 22:00:00,351.0,12.0,2023-04-08 10:00:00,2023-04-08 14:00:00,351.0,837.9000244140625,2023-04-08 10:00:00,2023-04-08 14:00:00,276.0,2023-04-08 10:00:00,2023-04-08 14:00:00,336.0,2023-04-08 10:00:00,2023-04-08 14:00:00,354.0,2023-04-08 10:00:00,2023-04-08 14:00:00,351.0,2023-04-08 10:00:00,2023-04-08 14:00:00,366.723388671875,2023-04-08 22:00:00,210.14405822753903,2023-04-08 22:00:00,4.022944927215576,2023-04-08 22:00:00,100653.2578125,2023-04-08 22:00:00,53.134110185860436,2023-04-08 22:00:00,352.0
2023-04-09 10:00:00,352.0,12.0,2023-04-08 22:00:00,2023-04-09 02:00:00,352.0,837.9000244140625,2023-04-08 10:00:00,2023-04-08 14:00:00,275.0,2023-04-08 22:00:00,2023-04-09 02:00:00,336.0,2023-04-08 22:00:00,2023-04-09 02:00:00,354.0,2023-04-08 10:00:00,2023-04-08 14:00:00,352.0,2023-04-08 22:00:00,2023-04-09 02:00:00,370.8340148925781,2023-04-09 10:00:00,215.3870544433593,2023-04-09 10:00:00,3.936243057250977,2023-04-09 10:00:00,94841.6796875,2023-04-09 10:00:00,52.93569647704999,2023-04-09 10:00:00,358.0
2023-04-10 10:00:00,358.0,24.0,2023-04-09 10:00:00,2023-04-09 14:00:00,352.0,838.7000122070312,2023-04-09 10:00:00,2023-04-09 14:00:00,278.0,2023-04-09 10:00:00,2023-04-09 14:00:00,341.0,2023-04-09 10:00:00,2023-04-09 14:00:00,,2023-04-09 10:00:00,2023-04-09 14:00:00,358.0,2023-04-09 10:00:00,2023-04-09 14:00:00,370.995361328125,2023-04-10 10:00:00,212.4248046875,2023-04-10 10:00:00,3.781649589538574,2023-04-10 10:00:00,93866.9453125,2023-04-10 10:00:00,53.250253365934554,2023-04-10 10:00:00,353.0
2023-04-11 10:00:00,353.0,24.0,2023-04-10 10:00:00,2023-04-10 14:00:00,353.0,838.5999755859375,2023-04-10 10:00:00,2023-04-10 14:00:00,277.0,2023-04-10 10:00:00,2023-04-10 14:00:00,338.0,2023-04-10 10:00:00,2023-04-10 14:00:00,360.0,2023-04-10 10:00:00,2023-04-10 14:00:00,353.0,2023-04-10 10:00:00,2023-04-10 14:00:00,366.4153747558594,2023-04-11 10:00:00,214.94607543945312,2023-04-11 10:00:00,3.909404039382935,2023-04-11 10:00:00,98423.53125,2023-04-11 10:00:00,53.090507782691816,2023-04-11 10:00:00,362.0
2023-04-12 10:00:00,362.0,24.0,2023-04-11 10:00:00,2023-04-11 14:00:00,358.0,838.5999755859375,2023-04-11 10:00:00,2023-04-11 14:00:00,283.0,2023-04-11 10:00:00,2023-04-11 14:00:00,348.0,2023-04-11 10:00:00,2023-04-11 14:00:00,355.0,2023-04-11 10:00:00,2023-04-11 14:00:00,362.0,2023-04-11 10:00:00,2023-04-11 14:00:00,374.0715637207031,2023-04-12 10:00:00,227.29025268554688,2023-04-12 10:00:00,3.788865566253662,2023-04-12 10:00:00,91537.828125,2023-04-12 10:00:00,54.2213662768894,2023-04-12 10:00:00,354.0
2023-04-13 10:00:00,354.0,24.0,2023-04-12 10:00:00,2023-04-12 14:00:00,354.0,838.2000122070312,2023-04-12 10:00:00,2023-04-12 14:00:00,277.0,2023-04-12 10:00:00,2023-04-12 14:00:00,338.0,2023-04-12 10:00:00,2023-04-12 14:00:00,358.0,2023-04-12 10:00:00,2023-04-12 14:00:00,354.0,2023-04-12 10:00:00,2023-04-12 14:00:00,373.1550903320313,2023-04-13 10:00:00,223.0085601806641,2023-04-13 10:00:00,3.9711549282073975,2023-04-13 10:00:00,101775.78125,2023-04-13 10:00:00,53.22742803710332,2023-04-13 10:00:00,359.0
2023-04-13 22:00:00,359.0,12.0,2023-04-13 10:00:00,2023-04-13 14:00:00,359.0,839.2999877929688,2023-04-13 10:00:00,2023-04-13 14:00:00,279.0,2023-04-13 10:00:00,2023-04-13 14:00:00,342.0,2023-04-13 10:00:00,2023-04-13 14:00:00,,2023-04-13 10:00:00,2023-04-13 14:00:00,359.0,2023-04-13 10:00:00,2023-04-13 14:00:00,373.0638427734375,2023-04-13 22:00:00,216.6747436523437,2023-04-13 22:00:00,3.957178115844727,2023-04-13 22:00:00,99671.34375,2023-04-13 22:00:00,53.23716376918708,2023-04-13 22:00:00,348.0
2023-04-14 10:00:00,348.0,12.0,2023-04-13 22:00:00,2023-04-14 02:00:00,354.0,839.2999877929688,2023-04-13 10:00:00,2023-04-13 14:00:00,272.0,2023-04-13 22:00:00,2023-04-14 02:00:00,332.0,2023-04-13 22:00:00,2023-04-14 02:00:00,,2023-04-13 10:00:00,2023-04-13 14:00:00,348.0,2023-04-13 22:00:00,2023-04-14 02:00:00,366.0815734863281,2023-04-14 10:00:00,202.945556640625,2023-04-14 10:00:00,3.939062595367432,2023-04-14 10:00:00,98593.984375,2023-04-14 10:00:00,51.84806432402888,2023-04-14 10:00:00,350.0
2023-04-15 10:00:00,350.0,24.0,2023-04-14 10:00:00,2023-04-14 14:00:00,350.0,838.9000244140625,2023-04-14 10:00:00,2023-04-14 14:00:00,273.0,2023-04-14 10:00:00,2023-04-14 14:00:00,336.0,2023-04-14 10:00:00,2023-04-14 14:00:00,360.0,2023-04-14 10:00:00,2023-04-14 14:00:00,350.0,2023-04-14 10:00:00,2023-04-14 14:00:00,367.9628601074219,2023-04-15 10:00:00,200.61669921875,2023-04-15 10:00:00,3.981034755706787,2023-04-15 10:00:00,100721.953125,2023-04-15 10:00:00,52.189765551351115,2023-04-15 10:00:00,365.0
2023-04-15 14:00:00,365.0,4.0,2023-04-15 10:00:00,2023-04-15 14:00:00,350.0,839.5,2023-04-15 10:00:00,2023-04-15 14:00:00,284.0,2023-04-15 10:00:00,2023-04-15 14:00:00,350.0,2023-04-15 10:00:00,2023-04-15 14:00:00,370.0,2023-04-15 10:00:00,2023-04-15 14:00:00,365.0,2023-04-15 10:00:00,2023-04-15 14:00:00,366.1436767578125,2023-04-15 14:00:00,199.4843597412109,2023-04-15 14:00:00,3.937987804412842,2023-04-15 14:00:00,99033.7578125,2023-04-15 14:00:00,54.095072228003346,2023-04-15 14:00:00,350.0
2023-04-16 10:00:00,350.0,20.0,2023-04-15 14:00:00,2023-04-15 18:00:00,350.0,839.5,2023-04-15 10:00:00,2023-04-15 14:00:00,275.0,2023-04-15 14:00:00,2023-04-15 18:00:00,335.0,2023-04-15 14:00:00,2023-04-15 18:00:00,353.0,2023-04-15 14:00:00,2023-04-15 18:00:00,350.0,2023-04-15 14:00:00,2023-04-15 18:00:00,365.90032958984375,2023-04-16 10:00:00,194.97073364257807,2023-04-16 10:00:00,3.9641976356506334,2023-04-16 10:00:00,100330.3828125,2023-04-16 10:00:00,52.38871745527797,2023-04-16 10:00:00,348.0
2023-04-17 09:30:00,348.0,23.5,2023-04-16 10:00:00,2023-04-16 14:00:00,350.0,838.7999877929688,2023-04-16 10:00:00,2023-04-16 14:00:00,276.0,2023-04-16 10:00:00,2023-04-16 14:00:00,335.0,2023-04-16 10:00:00,2023-04-16 14:00:00,354.0,2023-04-16 10:00:00,2023-04-16 14:00:00,348.0,2023-04-16 10:00:00,2023-04-16 14:00:00,364.3626708984375,2023-04-17 09:30:00,183.15286254882807,2023-04-17 09:30:00,3.9307143688201904,2023-04-17 09:30:00,97870.875,2023-04-17 09:30:00,52.82595423597979,2023-04-17 09:30:00,354.0
2023-04-18 10:00:00,354.0,24.5,2023-04-17 09:30:00,2023-04-17 13:30:00,350.0,838.7000122070312,2023-04-17 09:30:00,2023-04-17 13:30:00,276.0,2023-04-17 09:30:00,2023-04-17 13:30:00,338.0,2023-04-17 09:30:00,2023-04-17 13:30:00,355.0,2023-04-17 09:40:00,2023-04-17 13:40:00,354.0,2023-04-17 09:30:00,2023-04-17 13:30:00,365.9498901367188,2023-04-18 10:00:00,166.55038452148438,2023-04-18 10:00:00,3.5212550163269043,2023-04-18 10:00:00,95216.734375,2023-04-18 10:00:00,52.86012485650599,2023-04-18 10:00:00,354.0
2023-04-19 09:30:00,354.0,23.5,2023-04-18 10:00:00,2023-04-18 14:00:00,354.0,823.7999877929688,2023-04-18 10:00:00,2023-04-18 14:00:00,278.0,2023-04-18 10:00:00,2023-04-18 14:00:00,337.0,2023-04-18 10:00:00,2023-04-18 14:00:00,354.0,2023-04-18 10:00:00,2023-04-18 14:00:00,354.0,2023-04-18 10:00:00,2023-04-18 14:00:00,374.2538757324219,2023-04-19 09:30:00,231.77720642089844,2023-04-19 09:30:00,3.8654086589813232,2023-04-19 09:30:00,98688.8046875,2023-04-19 09:30:00,58.51608216912689,2023-04-19 09:30:00,366.0
2023-04-19 10:00:00,354.0,24.0,2023-04-18 10:00:00,2023-04-18 14:00:00,354.0,823.7999877929688,2023-04-18 10:00:00,2023-04-18 14:00:00,278.0,2023-04-18 10:00:00,2023-04-18 14:00:00,337.0,2023-04-18 10:00:00,2023-04-18 14:00:00,354.0,2023-04-18 10:00:00,2023-04-18 14:00:00,354.0,2023-04-18 10:00:00,2023-04-18 14:00:00,375.2169799804688,2023-04-19 10:00:00,231.34767150878903,2023-04-19 10:00:00,3.8718764781951904,2023-04-19 10:00:00,98374.1484375,2023-04-19 10:00:00,58.51608216912689,2023-04-19 10:00:00,366.0
2023-04-20 10:00:00,366.0,24.0,2023-04-19 10:00:00,2023-04-19 14:00:00,366.0,838.7999877929688,2023-04-19 10:00:00,2023-04-19 14:00:00,273.0,2023-04-19 10:00:00,2023-04-19 14:00:00,345.0,2023-04-19 10:00:00,2023-04-19 14:00:00,364.0,2023-04-19 10:00:00,2023-04-19 14:00:00,366.0,2023-04-19 10:00:00,2023-04-19 14:00:00,374.7209777832031,2023-04-20 10:00:00,217.9652709960937,2023-04-20 10:00:00,3.811670303344727,2023-04-20 10:00:00,96199.46875,2023-04-20 10:00:00,52.22394153164157,2023-04-20 10:00:00,353.0
2023-04-21 10:00:00,353.0,24.0,2023-04-20 10:00:00,2023-04-20 14:00:00,366.0,839.7000122070312,2023-04-20 10:00:00,2023-04-20 14:00:00,276.0,2023-04-20 10:00:00,2023-04-20 14:00:00,337.0,2023-04-20 10:00:00,2023-04-20 14:00:00,355.0,2023-04-20 10:00:00,2023-04-20 14:00:00,353.0,2023-04-20 10:00:00,2023-04-20 14:00:00,374.4695739746094,2023-04-21 10:00:00,215.52804565429688,2023-04-21 10:00:00,3.9520881175994873,2023-04-21 10:00:00,100726.5625,2023-04-21 10:00:00,52.5190324914206,2023-04-21 10:00:00,354.0
2023-04-22 10:00:00,354.0,24.0,2023-04-21 10:00:00,2023-04-21 14:00:00,354.0,840.5,2023-04-21 10:00:00,2023-04-21 14:00:00,275.0,2023-04-21 10:00:00,2023-04-21 14:00:00,338.0,2023-04-21 10:00:00,2023-04-21 14:00:00,355.0,2023-04-21 10:00:00,2023-04-21 14:00:00,354.0,2023-04-21 10:00:00,2023-04-21 14:00:00,379.15087890625,2023-04-22 10:00:00,224.658203125,2023-04-22 10:00:00,3.924574136734009,2023-04-22 10:00:00,103326.3125,2023-04-22 10:00:00,52.04886465527807,2023-04-22 10:00:00,356.0
2023-04-23 10:00:00,356.0,24.0,2023-04-22 10:00:00,2023-04-22 14:00:00,354.0,838.9000244140625,2023-04-22 10:00:00,2023-04-22 14:00:00,276.0,2023-04-22 10:00:00,2023-04-22 14:00:00,340.0,2023-04-22 10:00:00,2023-04-22 14:00:00,360.0,2023-04-22 10:00:00,2023-04-22 14:00:00,356.0,2023-04-22 10:00:00,2023-04-22 14:00:00,376.0251159667969,2023-04-23 10:00:00,221.4869842529297,2023-04-23 10:00:00,3.872089147567749,2023-04-23 10:00:00,98970.8125,2023-04-23 10:00:00,52.79177825568934,2023-04-23 10:00:00,359.0
2023-04-24 10:00:00,359.0,24.0,2023-04-23 10:00:00,2023-04-23 14:00:00,356.0,839.2999877929688,2023-04-23 10:00:00,2023-04-23 14:00:00,277.0,2023-04-23 10:00:00,2023-04-23 14:00:00,345.0,2023-04-23 10:00:00,2023-04-23 14:00:00,360.0,2023-04-23 10:00:00,2023-04-23 14:00:00,359.0,2023-04-23 10:00:00,2023-04-23 14:00:00,376.7649841308594,2023-04-24 10:00:00,224.365234375,2023-04-24 10:00:00,3.9998762607574463,2023-04-24 10:00:00,103544.6875,2023-04-24 10:00:00,52.851467766577,2023-04-24 10:00:00,357.0
2023-04-25 10:00:00,357.0,24.0,2023-04-24 10:00:00,2023-04-24 14:00:00,357.0,839.2000122070312,2023-04-24 10:00:00,2023-04-24 14:00:00,276.0,2023-04-24 10:00:00,2023-04-24 14:00:00,340.0,2023-04-24 10:00:00,2023-04-24 14:00:00,362.0,2023-04-24 10:00:00,2023-04-24 14:00:00,357.0,2023-04-24 10:00:00,2023-04-24 14:00:00,373.3378601074219,2023-04-25 10:00:00,223.0001983642578,2023-04-25 10:00:00,3.836937189102173,2023-04-25 10:00:00,96957.7734375,2023-04-25 10:00:00,52.689384988963184,2023-04-25 10:00:00,350.0
2023-04-26 10:00:00,350.0,24.0,2023-04-25 10:00:00,2023-04-25 14:00:00,357.0,838.5,2023-04-25 10:00:00,2023-04-25 14:00:00,273.0,2023-04-25 10:00:00,2023-04-25 14:00:00,332.0,2023-04-25 10:00:00,2023-04-25 14:00:00,353.0,2023-04-25 10:00:00,2023-04-25 14:00:00,350.0,2023-04-25 10:00:00,2023-04-25 14:00:00,371.2016906738281,2023-04-26 10:00:00,210.916015625,2023-04-26 10:00:00,3.8858489990234375,2023-04-26 10:00:00,98438.3984375,2023-04-26 10:00:00,52.326520739750435,2023-04-26 10:00:00,352.0
2023-04-27 10:00:00,352.0,24.0,2023-04-26 10:00:00,2023-04-26 14:00:00,352.0,839.5999755859375,2023-04-26 10:00:00,2023-04-26 14:00:00,275.0,2023-04-26 10:00:00,2023-04-26 14:00:00,337.0,2023-04-26 10:00:00,2023-04-26 14:00:00,357.0,2023-04-26 10:00:00,2023-04-26 14:00:00,352.0,2023-04-26 10:00:00,2023-04-26 14:00:00,370.9938354492188,2023-04-27 10:00:00,207.38433837890625,2023-04-27 10:00:00,3.963308811187744,2023-04-27 10:00:00,100488.8828125,2023-04-27 10:00:00,52.354670760997806,2023-04-27 10:00:00,352.0
2023-04-28 10:00:00,352.0,24.0,2023-04-27 10:00:00,2023-04-27 14:00:00,352.0,838.5,2023-04-27 10:00:00,2023-04-27 14:00:00,274.0,2023-04-27 10:00:00,2023-04-27 14:00:00,336.0,2023-04-27 10:00:00,2023-04-27 14:00:00,354.0,2023-04-27 10:00:00,2023-04-27 14:00:00,352.0,2023-04-27 10:00:00,2023-04-27 14:00:00,370.8891906738281,2023-04-28 10:00:00,201.0277099609375,2023-04-28 10:00:00,3.9281485080718994,2023-04-28 10:00:00,100468.265625,2023-04-28 10:00:00,52.52945372716306,2023-04-28 10:00:00,354.0
2023-04-29 10:00:00,354.0,24.0,2023-04-28 10:00:00,2023-04-28 14:00:00,352.0,838.7000122070312,2023-04-28 10:00:00,2023-04-28 14:00:00,277.0,2023-04-28 10:00:00,2023-04-28 14:00:00,338.0,2023-04-28 10:00:00,2023-04-28 14:00:00,354.0,2023-04-28 10:00:00,2023-04-28 14:00:00,354.0,2023-04-28 10:00:00,2023-04-28 14:00:00,368.8287658691406,2023-04-29 10:00:00,198.48638916015625,2023-04-29 10:00:00,3.9777040481567374,2023-04-29 10:00:00,98154.4609375,2023-04-29 10:00:00,53.05630079956052,2023-04-29 10:00:00,357.0
2023-04-30 10:00:00,357.0,24.0,2023-04-29 10:00:00,2023-04-29 14:00:00,354.0,838.5999755859375,2023-04-29 10:00:00,2023-04-29 14:00:00,276.0,2023-04-29 10:00:00,2023-04-29 14:00:00,341.0,2023-04-29 10:00:00,2023-04-29 14:00:00,360.0,2023-04-29 10:00:00,2023-04-29 14:00:00,357.0,2023-04-29 10:00:00,2023-04-29 14:00:00,374.6560668945313,2023-04-30 10:00:00,130.4993896484375,2023-04-30 10:00:00,3.192544221878052,2023-04-30 10:00:00,98064.1953125,2023-04-30 10:00:00,52.89433183963729,2023-04-30 10:00:00,354.0
2023-05-01 10:00:00,354.0,24.0,2023-04-30 10:00:00,2023-04-30 14:00:00,354.0,838.4000244140625,2023-04-30 10:00:00,2023-04-30 14:00:00,275.0,2023-04-30 10:00:00,2023-04-30 14:00:00,338.0,2023-04-30 10:00:00,2023-04-30 14:00:00,355.0,2023-04-30 10:00:00,2023-04-30 14:00:00,354.0,2023-04-30 10:00:00,2023-04-30 14:00:00,370.2932434082031,2023-05-01 10:00:00,207.32704162597656,2023-05-01 10:00:00,3.9241461753845215,2023-05-01 10:00:00,98240.796875,2023-05-01 10:00:00,52.764336826964495,2023-05-01 10:00:00,350.0
2023-05-02 10:00:00,350.0,24.0,2023-05-01 10:00:00,2023-05-01 14:00:00,354.0,838.7000122070312,2023-05-01 10:00:00,2023-05-01 14:00:00,275.0,2023-05-01 10:00:00,2023-05-01 14:00:00,336.0,2023-05-01 10:00:00,2023-05-01 14:00:00,358.0,2023-05-01 10:00:00,2023-05-01 14:00:00,350.0,2023-05-01 10:00:00,2023-05-01 14:00:00,370.19342041015625,2023-05-02 10:00:00,199.38710021972656,2023-05-02 10:00:00,3.858808755874634,2023-05-02 10:00:00,99932.3359375,2023-05-02 10:00:00,52.66171114769554,2023-05-02 10:00:00,355.0
2023-05-03 10:00:00,355.0,24.0,2023-05-02 10:00:00,2023-05-02 14:00:00,354.0,839.0999755859375,2023-05-02 10:00:00,2023-05-02 14:00:00,277.0,2023-05-02 10:00:00,2023-05-02 14:00:00,339.0,2023-05-02 10:00:00,2023-05-02 14:00:00,366.0,2023-05-02 10:00:00,2023-05-02 14:00:00,355.0,2023-05-02 10:00:00,2023-05-02 14:00:00,372.2572326660156,2023-05-03 10:00:00,189.8290252685547,2023-05-03 10:00:00,3.974509477615357,2023-05-03 10:00:00,104967.796875,2023-05-03 10:00:00,52.919690412777186,2023-05-03 10:00:00,357.0
2023-05-04 10:00:00,357.0,24.0,2023-05-03 10:00:00,2023-05-03 14:00:00,355.0,841.0,2023-05-03 10:00:00,2023-05-03 14:00:00,282.0,2023-05-03 10:00:00,2023-05-03 14:00:00,342.0,2023-05-03 10:00:00,2023-05-03 14:00:00,358.0,2023-05-03 10:00:00,2023-05-03 14:00:00,357.0,2023-05-03 10:00:00,2023-05-03 14:00:00,366.5942687988281,2023-05-04 10:00:00,199.31622314453125,2023-05-04 10:00:00,3.8353989124298096,2023-05-04 10:00:00,95804.234375,2023-05-04 10:00:00,53.22192085985728,2023-05-04 10:00:00,347.0
2023-05-05 10:00:00,347.0,24.0,2023-05-04 10:00:00,2023-05-04 14:00:00,355.0,835.5,2023-05-04 10:00:00,2023-05-04 14:00:00,274.0,2023-05-04 10:00:00,2023-05-04 14:00:00,331.0,2023-05-04 10:00:00,2023-05-04 14:00:00,353.0,2023-05-04 10:00:00,2023-05-04 14:00:00,347.0,2023-05-04 10:00:00,2023-05-04 14:00:00,366.139404296875,2023-05-05 10:00:00,196.0795745849609,2023-05-05 10:00:00,3.9560256004333496,2023-05-05 10:00:00,103077.390625,2023-05-05 10:00:00,53.56295744716283,2023-05-05 10:00:00,349.0
2023-05-06 10:00:00,349.0,24.0,2023-05-05 10:00:00,2023-05-05 14:00:00,349.0,836.7999877929688,2023-05-05 10:00:00,2023-05-05 14:00:00,273.0,2023-05-05 10:00:00,2023-05-05 14:00:00,334.0,2023-05-05 10:00:00,2023-05-05 14:00:00,355.0,2023-05-05 10:00:00,2023-05-05 14:00:00,349.0,2023-05-05 10:00:00,2023-05-05 14:00:00,369.8716125488281,2023-05-06 10:00:00,203.4733428955078,2023-05-06 10:00:00,3.882093906402588,2023-05-06 10:00:00,103875.5703125,2023-05-06 10:00:00,52.9104648814706,2023-05-06 10:00:00,350.0
2023-05-07 10:00:00,350.0,24.0,2023-05-06 10:00:00,2023-05-06 14:00:00,349.0,837.7000122070312,2023-05-06 10:00:00,2023-05-06 14:00:00,275.0,2023-05-06 10:00:00,2023-05-06 14:00:00,333.0,2023-05-06 10:00:00,2023-05-06 14:00:00,354.0,2023-05-06 10:00:00,2023-05-06 14:00:00,350.0,2023-05-06 10:00:00,2023-05-06 14:00:00,367.3547668457031,2023-05-07 10:00:00,195.26007080078125,2023-05-07 10:00:00,3.94976019859314,2023-05-07 10:00:00,103626.59375,2023-05-07 10:00:00,53.00435299278092,2023-05-07 10:00:00,350.0
2023-05-08 10:00:00,350.0,24.0,2023-05-07 10:00:00,2023-05-07 14:00:00,350.0,839.0999755859375,2023-05-07 10:00:00,2023-05-07 14:00:00,277.0,2023-05-07 10:00:00,2023-05-07 14:00:00,335.0,2023-05-07 10:00:00,2023-05-07 14:00:00,351.0,2023-05-07 10:00:00,2023-05-07 14:00:00,350.0,2023-05-07 10:00:00,2023-05-07 14:00:00,369.84521484375,2023-05-08 10:00:00,200.5476837158203,2023-05-08 10:00:00,3.911155223846436,2023-05-08 10:00:00,100401.46875,2023-05-08 10:00:00,52.919690412777186,2023-05-08 10:00:00,356.0
2023-05-09 10:00:00,356.0,24.0,2023-05-08 10:00:00,2023-05-08 14:00:00,350.0,836.9000244140625,2023-05-08 10:00:00,2023-05-08 14:00:00,275.0,2023-05-08 10:00:00,2023-05-08 14:00:00,339.0,2023-05-08 10:00:00,2023-05-08 14:00:00,361.0,2023-05-08 10:00:00,2023-05-08 14:00:00,356.0,2023-05-08 10:00:00,2023-05-08 14:00:00,364.5146179199219,2023-05-09 10:00:00,197.51187133789065,2023-05-09 10:00:00,3.8536536693573,2023-05-09 10:00:00,96962.015625,2023-05-09 10:00:00,53.27957788722085,2023-05-09 10:00:00,348.0
2023-05-10 10:00:00,348.0,24.0,2023-05-09 10:00:00,2023-05-09 14:00:00,350.0,833.0,2023-05-09 10:00:00,2023-05-09 14:00:00,269.0,2023-05-09 10:00:00,2023-05-09 14:00:00,331.0,2023-05-09 10:00:00,2023-05-09 14:00:00,356.0,2023-05-09 10:00:00,2023-05-09 14:00:00,348.0,2023-05-09 10:00:00,2023-05-09 14:00:00,369.6140747070313,2023-05-10 10:00:00,190.96290588378903,2023-05-10 10:00:00,3.943183183670044,2023-05-10 10:00:00,109505.1640625,2023-05-10 10:00:00,53.39722965332771,2023-05-10 10:00:00,363.0
2023-05-11 10:00:00,363.0,24.0,2023-05-10 10:00:00,2023-05-10 14:00:00,356.0,836.5999755859375,2023-05-10 10:00:00,2023-05-10 14:00:00,277.0,2023-05-10 10:00:00,2023-05-10 14:00:00,343.0,2023-05-10 10:00:00,2023-05-10 14:00:00,364.0,2023-05-10 10:00:00,2023-05-10 14:00:00,363.0,2023-05-10 10:00:00,2023-05-10 14:00:00,362.923095703125,2023-05-11 10:00:00,173.67556762695312,2023-05-11 10:00:00,3.8754048347473145,2023-05-11 10:00:00,110559.34375,2023-05-11 10:00:00,53.777650962350094,2023-05-11 10:00:00,331.0
2023-05-12 10:00:00,331.0,24.0,2023-05-11 10:00:00,2023-05-11 14:00:00,348.0,833.5,2023-05-11 10:00:00,2023-05-11 14:00:00,264.0,2023-05-11 10:00:00,2023-05-11 14:00:00,314.0,2023-05-11 10:00:00,2023-05-11 14:00:00,344.0,2023-05-11 10:00:00,2023-05-11 14:00:00,331.0,2023-05-11 10:00:00,2023-05-11 14:00:00,362.6661987304688,2023-05-12 10:00:00,181.4586944580078,2023-05-12 10:00:00,4.013457298278809,2023-05-12 10:00:00,103311.796875,2023-05-12 10:00:00,52.12586605188562,2023-05-12 10:00:00,360.0
2023-05-12 20:00:00,360.0,10.0,2023-05-12 10:00:00,2023-05-12 14:00:00,360.0,838.2000122070312,2023-05-12 10:00:00,2023-05-12 14:00:00,281.0,2023-05-12 10:00:00,2023-05-12 14:00:00,342.0,2023-05-12 10:00:00,2023-05-12 14:00:00,367.0,2023-05-12 10:00:00,2023-05-12 14:00:00,360.0,2023-05-12 10:00:00,2023-05-12 14:00:00,355.8760986328125,2023-05-12 20:00:00,174.39906311035156,2023-05-12 20:00:00,3.96664309501648,2023-05-12 20:00:00,102065.21875,2023-05-12 20:00:00,53.99003980667692,2023-05-12 20:00:00,350.0
2023-05-13 10:00:00,350.0,14.0,2023-05-12 20:00:00,2023-05-13 00:00:00,350.0,838.2000122070312,2023-05-12 10:00:00,2023-05-12 14:00:00,276.0,2023-05-12 20:00:00,2023-05-13 00:00:00,334.0,2023-05-12 20:00:00,2023-05-13 00:00:00,367.0,2023-05-12 10:00:00,2023-05-12 14:00:00,350.0,2023-05-12 20:00:00,2023-05-13 00:00:00,360.683837890625,2023-05-13 10:00:00,175.63247680664062,2023-05-13 10:00:00,3.880705118179321,2023-05-13 10:00:00,95055.8515625,2023-05-13 10:00:00,53.031252094048796,2023-05-13 10:00:00,350.0
2023-05-14 10:00:00,350.0,24.0,2023-05-13 10:00:00,2023-05-13 14:00:00,350.0,837.0999755859375,2023-05-13 10:00:00,2023-05-13 14:00:00,277.0,2023-05-13 10:00:00,2023-05-13 14:00:00,334.0,2023-05-13 10:00:00,2023-05-13 14:00:00,360.0,2023-05-13 10:00:00,2023-05-13 14:00:00,350.0,2023-05-13 10:00:00,2023-05-13 14:00:00,360.7658996582031,2023-05-14 10:00:00,176.3525390625,2023-05-14 10:00:00,3.949270486831665,2023-05-14 10:00:00,96692.453125,2023-05-14 10:00:00,53.60528411243547,2023-05-14 10:00:00,349.0
2023-05-15 10:00:00,349.0,24.0,2023-05-14 10:00:00,2023-05-14 14:00:00,350.0,837.0999755859375,2023-05-14 10:00:00,2023-05-14 14:00:00,276.0,2023-05-14 10:00:00,2023-05-14 14:00:00,332.0,2023-05-14 10:00:00,2023-05-14 14:00:00,356.0,2023-05-14 10:00:00,2023-05-14 14:00:00,349.0,2023-05-14 10:00:00,2023-05-14 14:00:00,365.8050537109375,2023-05-15 10:00:00,183.9117126464844,2023-05-15 10:00:00,3.894109487533569,2023-05-15 10:00:00,98887.765625,2023-05-15 10:00:00,53.40910816938094,2023-05-15 10:00:00,354.0
2023-05-16 10:00:00,354.0,24.0,2023-05-15 10:00:00,2023-05-15 14:00:00,350.0,839.9000244140625,2023-05-15 10:00:00,2023-05-15 14:00:00,279.0,2023-05-15 10:00:00,2023-05-15 14:00:00,336.0,2023-05-15 10:00:00,2023-05-15 14:00:00,355.0,2023-05-15 10:00:00,2023-05-15 14:00:00,354.0,2023-05-15 10:00:00,2023-05-15 14:00:00,365.0292663574219,2023-05-16 10:00:00,186.08364868164065,2023-05-16 10:00:00,3.900108337402344,2023-05-16 10:00:00,104881.6171875,2023-05-16 10:00:00,53.03286775118306,2023-05-16 10:00:00,354.0
2023-05-17 10:00:00,354.0,24.0,2023-05-16 10:00:00,2023-05-16 14:00:00,354.0,838.5,2023-05-16 10:00:00,2023-05-16 14:00:00,277.0,2023-05-16 10:00:00,2023-05-16 14:00:00,332.0,2023-05-16 10:00:00,2023-05-16 14:00:00,354.0,2023-05-16 10:00:00,2023-05-16 14:00:00,354.0,2023-05-16 10:00:00,2023-05-16 14:00:00,360.4133605957031,2023-05-17 10:00:00,179.54953002929688,2023-05-17 10:00:00,3.85660171508789,2023-05-17 10:00:00,97592.1484375,2023-05-17 10:00:00,53.12470938714307,2023-05-17 10:00:00,350.0
2023-05-18 10:00:00,350.0,24.0,2023-05-17 10:00:00,2023-05-17 14:00:00,354.0,835.4000244140625,2023-05-17 10:00:00,2023-05-17 14:00:00,271.0,2023-05-17 10:00:00,2023-05-17 14:00:00,330.0,2023-05-17 10:00:00,2023-05-17 14:00:00,355.0,2023-05-17 10:00:00,2023-05-17 14:00:00,350.0,2023-05-17 10:00:00,2023-05-17 14:00:00,363.7388305664063,2023-05-18 10:00:00,178.0481414794922,2023-05-18 10:00:00,3.997329235076904,2023-05-18 10:00:00,98196.71875,2023-05-18 10:00:00,52.981979904957825,2023-05-18 10:00:00,357.0
2023-05-19 10:00:00,357.0,24.0,2023-05-18 10:00:00,2023-05-18 14:00:00,354.0,837.5999755859375,2023-05-18 10:00:00,2023-05-18 14:00:00,280.0,2023-05-18 10:00:00,2023-05-18 14:00:00,339.0,2023-05-18 10:00:00,2023-05-18 14:00:00,359.0,2023-05-18 10:00:00,2023-05-18 14:00:00,357.0,2023-05-18 10:00:00,2023-05-18 14:00:00,360.8971252441406,2023-05-19 10:00:00,171.92724609375,2023-05-19 10:00:00,3.984220266342163,2023-05-19 10:00:00,96791.46875,2023-05-19 10:00:00,54.00854904714356,2023-05-19 10:00:00,356.0
2023-05-20 10:00:00,356.0,24.0,2023-05-19 10:00:00,2023-05-19 14:00:00,356.0,837.7000122070312,2023-05-19 10:00:00,2023-05-19 14:00:00,279.0,2023-05-19 10:00:00,2023-05-19 14:00:00,338.0,2023-05-19 10:00:00,2023-05-19 14:00:00,362.0,2023-05-19 10:00:00,2023-05-19 14:00:00,356.0,2023-05-19 10:00:00,2023-05-19 14:00:00,361.78314208984375,2023-05-20 10:00:00,172.4639892578125,2023-05-20 10:00:00,3.997256994247437,2023-05-20 10:00:00,93983.9765625,2023-05-20 10:00:00,53.78463864725586,2023-05-20 10:00:00,357.0
2023-05-21 09:30:00,357.0,23.5,2023-05-20 10:00:00,2023-05-20 14:00:00,357.0,838.2000122070312,2023-05-20 10:00:00,2023-05-20 14:00:00,277.0,2023-05-20 10:00:00,2023-05-20 14:00:00,337.0,2023-05-20 10:00:00,2023-05-20 14:00:00,358.0,2023-05-20 10:00:00,2023-05-20 14:00:00,357.0,2023-05-20 10:00:00,2023-05-20 14:00:00,361.1982727050781,2023-05-21 09:30:00,171.86288452148438,2023-05-21 09:30:00,3.9160349369049072,2023-05-21 09:30:00,96454.0,2023-05-21 09:30:00,53.22742803710332,2023-05-21 09:30:00,357.0
2023-05-22 10:00:00,357.0,24.5,2023-05-21 09:30:00,2023-05-21 13:30:00,357.0,838.0999755859375,2023-05-21 09:30:00,2023-05-21 13:30:00,279.0,2023-05-21 09:30:00,2023-05-21 13:30:00,339.0,2023-05-21 09:30:00,2023-05-21 13:30:00,355.0,2023-05-21 10:00:00,2023-05-21 14:00:00,357.0,2023-05-21 09:30:00,2023-05-21 13:30:00,359.8482971191406,2023-05-22 10:00:00,173.08383178710938,2023-05-22 10:00:00,3.973930597305298,2023-05-22 10:00:00,96592.90625,2023-05-22 10:00:00,53.647408525216406,2023-05-22 10:00:00,353.0
2023-05-23 10:00:00,353.0,24.0,2023-05-22 10:00:00,2023-05-22 14:00:00,357.0,838.0999755859375,2023-05-22 10:00:00,2023-05-22 14:00:00,279.0,2023-05-22 10:00:00,2023-05-22 14:00:00,335.0,2023-05-22 10:00:00,2023-05-22 14:00:00,361.0,2023-05-22 09:20:00,2023-05-22 13:20:00,353.0,2023-05-22 10:00:00,2023-05-22 14:00:00,360.1473083496094,2023-05-23 10:00:00,174.65338134765625,2023-05-23 10:00:00,3.8895843029022217,2023-05-23 10:00:00,97288.0625,2023-05-23 10:00:00,53.647408525216406,2023-05-23 10:00:00,345.0
2023-05-24 10:00:00,345.0,24.0,2023-05-23 10:00:00,2023-05-23 14:00:00,353.0,838.7999877929688,2023-05-23 10:00:00,2023-05-23 14:00:00,278.0,2023-05-23 10:00:00,2023-05-23 14:00:00,331.0,2023-05-23 10:00:00,2023-05-23 14:00:00,348.0,2023-05-23 10:00:00,2023-05-23 14:00:00,345.0,2023-05-23 10:00:00,2023-05-23 14:00:00,363.5616149902344,2023-05-24 10:00:00,196.4693603515625,2023-05-24 10:00:00,3.966432094573975,2023-05-24 10:00:00,101555.328125,2023-05-24 10:00:00,53.21608274540847,2023-05-24 10:00:00,351.0
2023-05-25 10:00:00,351.0,24.0,2023-05-24 10:00:00,2023-05-24 14:00:00,351.0,837.4000244140625,2023-05-24 10:00:00,2023-05-24 14:00:00,275.0,2023-05-24 10:00:00,2023-05-24 14:00:00,334.0,2023-05-24 10:00:00,2023-05-24 14:00:00,358.0,2023-05-24 10:00:00,2023-05-24 14:00:00,351.0,2023-05-24 10:00:00,2023-05-24 14:00:00,365.006591796875,2023-05-25 10:00:00,190.57534790039065,2023-05-25 10:00:00,3.813098907470703,2023-05-25 10:00:00,102528.296875,2023-05-25 10:00:00,53.107443497135364,2023-05-25 10:00:00,360.0
2023-05-26 10:00:00,360.0,24.0,2023-05-25 10:00:00,2023-05-25 14:00:00,351.0,838.5999755859375,2023-05-25 10:00:00,2023-05-25 14:00:00,279.0,2023-05-25 10:00:00,2023-05-25 14:00:00,341.0,2023-05-25 10:00:00,2023-05-25 14:00:00,366.0,2023-05-25 10:00:00,2023-05-25 14:00:00,360.0,2023-05-25 10:00:00,2023-05-25 14:00:00,367.1857299804688,2023-05-26 10:00:00,196.75770568847656,2023-05-26 10:00:00,3.905120611190796,2023-05-26 10:00:00,105957.109375,2023-05-26 10:00:00,53.47620378530178,2023-05-26 10:00:00,360.0
2023-05-27 10:00:00,360.0,24.0,2023-05-26 10:00:00,2023-05-26 14:00:00,360.0,838.2000122070312,2023-05-26 10:00:00,2023-05-26 14:00:00,280.0,2023-05-26 10:00:00,2023-05-26 14:00:00,340.0,2023-05-26 10:00:00,2023-05-26 14:00:00,362.0,2023-05-26 10:00:00,2023-05-26 14:00:00,360.0,2023-05-26 10:00:00,2023-05-26 14:00:00,368.5888977050781,2023-05-27 10:00:00,189.5266265869141,2023-05-27 10:00:00,3.968105792999268,2023-05-27 10:00:00,103061.5078125,2023-05-27 10:00:00,53.80267245172604,2023-05-27 10:00:00,348.0
2023-05-28 10:00:00,348.0,24.0,2023-05-27 10:00:00,2023-05-27 14:00:00,360.0,839.5999755859375,2023-05-27 10:00:00,2023-05-27 14:00:00,280.0,2023-05-27 10:00:00,2023-05-27 14:00:00,333.0,2023-05-27 10:00:00,2023-05-27 14:00:00,354.0,2023-05-27 10:00:00,2023-05-27 14:00:00,348.0,2023-05-27 10:00:00,2023-05-27 14:00:00,368.5100402832031,2023-05-28 10:00:00,199.61087036132807,2023-05-28 10:00:00,3.823106288909912,2023-05-28 10:00:00,106429.3125,2023-05-28 10:00:00,53.3245048274855,2023-05-28 10:00:00,355.0
2023-05-29 09:30:00,355.0,23.5,2023-05-28 10:00:00,2023-05-28 14:00:00,355.0,835.7999877929688,2023-05-28 10:00:00,2023-05-28 14:00:00,278.0,2023-05-28 10:00:00,2023-05-28 14:00:00,338.0,2023-05-28 10:00:00,2023-05-28 14:00:00,361.0,2023-05-28 10:00:00,2023-05-28 14:00:00,355.0,2023-05-28 10:00:00,2023-05-28 14:00:00,367.1082153320313,2023-05-29 09:30:00,208.376205444336,2023-05-29 09:30:00,4.016733169555664,2023-05-29 09:30:00,107581.5625,2023-05-29 09:30:00,54.24819199015212,2023-05-29 09:30:00,355.0
2023-05-30 10:00:00,355.0,24.5,2023-05-29 09:30:00,2023-05-29 13:30:00,355.0,836.5,2023-05-29 09:30:00,2023-05-29 13:30:00,275.0,2023-05-29 09:30:00,2023-05-29 13:30:00,338.0,2023-05-29 09:30:00,2023-05-29 13:30:00,360.0,2023-05-29 09:30:00,2023-05-29 13:30:00,355.0,2023-05-29 09:30:00,2023-05-29 13:30:00,359.2611999511719,2023-05-30 10:00:00,173.51080322265625,2023-05-30 10:00:00,3.9531772136688232,2023-05-30 10:00:00,98531.609375,2023-05-30 10:00:00,53.4175727352781,2023-05-30 10:00:00,355.0
2023-06-01 09:30:00,355.0,47.5,2023-05-30 10:00:00,2023-05-30 14:00:00,355.0,838.2999877929688,2023-05-30 10:00:00,2023-05-30 14:00:00,278.0,2023-05-30 10:00:00,2023-05-30 14:00:00,338.0,2023-05-30 10:00:00,2023-05-30 14:00:00,349.0,2023-05-31 10:00:00,2023-05-31 14:00:00,355.0,2023-05-30 10:00:00,2023-05-30 14:00:00,364.471923828125,2023-06-01 09:30:00,189.1020355224609,2023-06-01 09:30:00,3.927072286605835,2023-06-01 09:30:00,107614.9921875,2023-06-01 09:30:00,53.387132527865674,2023-06-01 09:30:00,358.0
2023-06-02 10:00:00,358.0,24.5,2023-06-01 09:30:00,2023-06-01 13:30:00,355.0,840.0999755859375,2023-06-01 09:30:00,2023-06-01 13:30:00,281.0,2023-06-01 09:30:00,2023-06-01 13:30:00,341.0,2023-06-01 09:30:00,2023-06-01 13:30:00,359.0,2023-06-01 09:30:00,2023-06-01 13:30:00,358.0,2023-06-01 09:30:00,2023-06-01 13:30:00,363.6250305175781,2023-06-02 10:00:00,184.5269927978516,2023-06-02 10:00:00,3.819103717803955,2023-06-02 10:00:00,105692.4609375,2023-06-02 10:00:00,53.34182955252163,2023-06-02 10:00:00,349.0
2023-06-03 10:00:00,349.0,24.0,2023-06-02 10:00:00,2023-06-02 14:00:00,355.0,838.0999755859375,2023-06-02 10:00:00,2023-06-02 14:00:00,276.0,2023-06-02 10:00:00,2023-06-02 14:00:00,334.0,2023-06-02 10:00:00,2023-06-02 14:00:00,358.0,2023-06-02 10:00:00,2023-06-02 14:00:00,349.0,2023-06-02 10:00:00,2023-06-02 14:00:00,362.569580078125,2023-06-03 10:00:00,184.20318603515625,2023-06-03 10:00:00,3.9381258487701416,2023-06-03 10:00:00,104587.84375,2023-06-03 10:00:00,53.06553657955192,2023-06-03 10:00:00,352.0
2023-06-04 09:30:00,352.0,23.5,2023-06-03 10:00:00,2023-06-03 14:00:00,352.0,838.4000244140625,2023-06-03 10:00:00,2023-06-03 14:00:00,279.0,2023-06-03 10:00:00,2023-06-03 14:00:00,335.0,2023-06-03 10:00:00,2023-06-03 14:00:00,357.0,2023-06-03 10:00:00,2023-06-03 14:00:00,352.0,2023-06-03 10:00:00,2023-06-03 14:00:00,361.73675537109375,2023-06-04 09:30:00,183.10797119140625,2023-06-04 09:30:00,3.973818778991699,2023-06-04 09:30:00,104079.5546875,2023-06-04 09:30:00,53.54462248143943,2023-06-04 09:30:00,343.0
2023-06-05 10:00:00,343.0,24.5,2023-06-04 09:30:00,2023-06-04 13:30:00,349.0,838.5,2023-06-04 09:30:00,2023-06-04 13:30:00,281.0,2023-06-04 09:30:00,2023-06-04 13:30:00,330.0,2023-06-04 09:30:00,2023-06-04 13:30:00,350.0,2023-06-04 10:00:00,2023-06-04 14:00:00,343.0,2023-06-04 09:30:00,2023-06-04 13:30:00,361.51080322265625,2023-06-05 10:00:00,181.714096069336,2023-06-05 10:00:00,3.8999969959259033,2023-06-05 10:00:00,103619.7265625,2023-06-05 10:00:00,53.88732115671678,2023-06-05 10:00:00,342.0
2023-06-06 10:00:00,342.0,24.0,2023-06-05 10:00:00,2023-06-05 14:00:00,343.0,838.7000122070312,2023-06-05 10:00:00,2023-06-05 14:00:00,279.0,2023-06-05 10:00:00,2023-06-05 14:00:00,319.0,2023-06-05 10:00:00,2023-06-05 14:00:00,360.0,2023-06-05 10:00:00,2023-06-05 14:00:00,342.0,2023-06-05 10:00:00,2023-06-05 14:00:00,357.0639343261719,2023-06-06 10:00:00,166.6262969970703,2023-06-06 10:00:00,3.781090021133423,2023-06-06 10:00:00,102683.578125,2023-06-06 10:00:00,53.44199680217048,2023-06-06 10:00:00,354.0
2023-06-07 12:00:00,354.0,26.0,2023-06-06 10:00:00,2023-06-06 14:00:00,343.0,838.2999877929688,2023-06-06 10:00:00,2023-06-06 14:00:00,278.0,2023-06-06 10:00:00,2023-06-06 14:00:00,334.0,2023-06-06 10:00:00,2023-06-06 14:00:00,354.0,2023-06-06 10:00:00,2023-06-06 14:00:00,354.0,2023-06-06 10:00:00,2023-06-06 14:00:00,361.8492736816406,2023-06-07 12:00:00,180.42274475097656,2023-06-07 12:00:00,3.923919439315796,2023-06-07 12:00:00,97838.90625,2023-06-07 12:00:00,53.387132527865674,2023-06-07 12:00:00,354.0
2023-06-08 10:00:00,354.0,22.0,2023-06-07 12:00:00,2023-06-07 16:00:00,354.0,838.5,2023-06-07 12:00:00,2023-06-07 16:00:00,280.0,2023-06-07 12:00:00,2023-06-07 16:00:00,339.0,2023-06-07 12:00:00,2023-06-07 16:00:00,356.0,2023-06-07 10:00:00,2023-06-07 14:00:00,354.0,2023-06-07 12:00:00,2023-06-07 16:00:00,363.5245971679688,2023-06-08 10:00:00,198.2141876220703,2023-06-08 10:00:00,3.9808850288391113,2023-06-08 10:00:00,110808.4609375,2023-06-08 10:00:00,53.6999538017659,2023-06-08 10:00:00,359.0
2023-06-09 10:00:00,359.0,24.0,2023-06-08 10:00:00,2023-06-08 14:00:00,354.0,837.5999755859375,2023-06-08 10:00:00,2023-06-08 14:00:00,278.0,2023-06-08 10:00:00,2023-06-08 14:00:00,339.0,2023-06-08 10:00:00,2023-06-08 14:00:00,367.0,2023-06-08 10:00:00,2023-06-08 14:00:00,359.0,2023-06-08 10:00:00,2023-06-08 14:00:00,360.91552734375,2023-06-09 10:00:00,206.811752319336,2023-06-09 10:00:00,3.9965531826019287,2023-06-09 10:00:00,109119.96875,2023-06-09 10:00:00,53.62725719889488,2023-06-09 10:00:00,346.0
2023-06-10 10:00:00,346.0,24.0,2023-06-09 10:00:00,2023-06-09 14:00:00,354.0,836.2000122070312,2023-06-09 10:00:00,2023-06-09 14:00:00,274.0,2023-06-09 10:00:00,2023-06-09 14:00:00,330.0,2023-06-09 10:00:00,2023-06-09 14:00:00,348.0,2023-06-09 10:00:00,2023-06-09 14:00:00,346.0,2023-06-09 10:00:00,2023-06-09 14:00:00,369.72900390625,2023-06-10 10:00:00,225.24417114257807,2023-06-10 10:00:00,3.928587675094605,2023-06-10 10:00:00,107027.4140625,2023-06-10 10:00:00,53.32055502729395,2023-06-10 10:00:00,341.0
2023-06-11 10:00:00,341.0,24.0,2023-06-10 10:00:00,2023-06-10 14:00:00,346.0,835.7999877929688,2023-06-10 10:00:00,2023-06-10 14:00:00,272.0,2023-06-10 10:00:00,2023-06-10 14:00:00,326.0,2023-06-10 10:00:00,2023-06-10 14:00:00,352.0,2023-06-10 10:00:00,2023-06-10 14:00:00,341.0,2023-06-10 10:00:00,2023-06-10 14:00:00,370.8511962890625,2023-06-11 10:00:00,225.07501220703125,2023-06-11 10:00:00,3.895408153533936,2023-06-11 10:00:00,104610.6796875,2023-06-11 10:00:00,53.05083598122985,2023-06-11 10:00:00,346.0
2023-06-12 10:00:00,346.0,24.0,2023-06-11 10:00:00,2023-06-11 14:00:00,346.0,835.7000122070312,2023-06-11 10:00:00,2023-06-11 14:00:00,275.0,2023-06-11 10:00:00,2023-06-11 14:00:00,330.0,2023-06-11 10:00:00,2023-06-11 14:00:00,356.0,2023-06-11 10:00:00,2023-06-11 14:00:00,346.0,2023-06-11 10:00:00,2023-06-11 14:00:00,370.9092102050781,2023-06-12 10:00:00,221.071044921875,2023-06-12 10:00:00,3.89932632446289,2023-06-12 10:00:00,104354.140625,2023-06-12 10:00:00,53.6942851229519,2023-06-12 10:00:00,351.0
2023-06-13 10:00:00,351.0,24.0,2023-06-12 10:00:00,2023-06-12 14:00:00,346.0,840.4000244140625,2023-06-12 10:00:00,2023-06-12 14:00:00,277.0,2023-06-12 10:00:00,2023-06-12 14:00:00,336.0,2023-06-12 10:00:00,2023-06-12 14:00:00,352.0,2023-06-12 10:00:00,2023-06-12 14:00:00,351.0,2023-06-12 10:00:00,2023-06-12 14:00:00,371.6520080566406,2023-06-13 10:00:00,227.0143280029297,2023-06-13 10:00:00,3.90828013420105,2023-06-13 10:00:00,104504.8046875,2023-06-13 10:00:00,52.4773615784876,2023-06-13 10:00:00,352.0
2023-06-14 10:00:00,352.0,24.0,2023-06-13 10:00:00,2023-06-13 14:00:00,351.0,837.5999755859375,2023-06-13 10:00:00,2023-06-13 14:00:00,278.0,2023-06-13 10:00:00,2023-06-13 14:00:00,336.0,2023-06-13 10:00:00,2023-06-13 14:00:00,354.0,2023-06-13 10:00:00,2023-06-13 14:00:00,352.0,2023-06-13 10:00:00,2023-06-13 14:00:00,368.8247985839844,2023-06-14 10:00:00,220.3169708251953,2023-06-14 10:00:00,3.8668463230133057,2023-06-14 10:00:00,103309.765625,2023-06-14 10:00:00,53.62725719889488,2023-06-14 10:00:00,345.0
2023-06-15 10:00:00,345.0,24.0,2023-06-14 10:00:00,2023-06-14 14:00:00,351.0,837.5999755859375,2023-06-14 10:00:00,2023-06-14 14:00:00,275.0,2023-06-14 10:00:00,2023-06-14 14:00:00,330.0,2023-06-14 10:00:00,2023-06-14 14:00:00,356.0,2023-06-14 10:00:00,2023-06-14 14:00:00,345.0,2023-06-14 10:00:00,2023-06-14 14:00:00,366.02783203125,2023-06-15 10:00:00,222.9783477783203,2023-06-15 10:00:00,3.914849042892456,2023-06-15 10:00:00,104503.3046875,2023-06-15 10:00:00,53.03871498065587,2023-06-15 10:00:00,353.0
2023-06-16 10:00:00,353.0,24.0,2023-06-15 10:00:00,2023-06-15 14:00:00,352.0,836.7000122070312,2023-06-15 10:00:00,2023-06-15 14:00:00,277.0,2023-06-15 10:00:00,2023-06-15 14:00:00,335.0,2023-06-15 10:00:00,2023-06-15 14:00:00,353.0,2023-06-15 10:00:00,2023-06-15 14:00:00,353.0,2023-06-15 10:00:00,2023-06-15 14:00:00,364.946044921875,2023-06-16 10:00:00,208.12725830078125,2023-06-16 10:00:00,3.901998996734619,2023-06-16 10:00:00,99298.6015625,2023-06-16 10:00:00,53.7431339697315,2023-06-16 10:00:00,350.0
2023-06-17 10:00:00,350.0,24.0,2023-06-16 10:00:00,2023-06-16 14:00:00,350.0,835.5999755859375,2023-06-16 10:00:00,2023-06-16 14:00:00,274.0,2023-06-16 10:00:00,2023-06-16 14:00:00,331.0,2023-06-16 10:00:00,2023-06-16 14:00:00,355.0,2023-06-16 10:00:00,2023-06-16 14:00:00,350.0,2023-06-16 10:00:00,2023-06-16 14:00:00,368.34619140625,2023-06-17 10:00:00,218.5779724121093,2023-06-17 10:00:00,3.948343992233277,2023-06-17 10:00:00,104425.171875,2023-06-17 10:00:00,53.5282911121991,2023-06-17 10:00:00,351.0
2023-06-18 10:00:00,351.0,24.0,2023-06-17 10:00:00,2023-06-17 14:00:00,351.0,835.9000244140625,2023-06-17 10:00:00,2023-06-17 14:00:00,276.0,2023-06-17 10:00:00,2023-06-17 14:00:00,334.0,2023-06-17 10:00:00,2023-06-17 14:00:00,353.0,2023-06-17 10:00:00,2023-06-17 14:00:00,351.0,2023-06-17 10:00:00,2023-06-17 14:00:00,367.6398620605469,2023-06-18 10:00:00,218.53268432617188,2023-06-18 10:00:00,3.94128942489624,2023-06-18 10:00:00,102947.1328125,2023-06-18 10:00:00,53.82342248620216,2023-06-18 10:00:00,345.0
2023-06-19 10:00:00,345.0,24.0,2023-06-18 10:00:00,2023-06-18 14:00:00,350.0,836.5999755859375,2023-06-18 10:00:00,2023-06-18 14:00:00,275.0,2023-06-18 10:00:00,2023-06-18 14:00:00,330.0,2023-06-18 10:00:00,2023-06-18 14:00:00,352.0,2023-06-18 10:00:00,2023-06-18 14:00:00,345.0,2023-06-18 10:00:00,2023-06-18 14:00:00,367.9034729003906,2023-06-19 10:00:00,214.64373779296875,2023-06-19 10:00:00,3.862796068191528,2023-06-19 10:00:00,102013.0,2023-06-19 10:00:00,53.38306131048512,2023-06-19 10:00:00,354.0
2023-06-19 22:00:00,354.0,12.0,2023-06-19 10:00:00,2023-06-19 14:00:00,351.0,837.2000122070312,2023-06-19 10:00:00,2023-06-19 14:00:00,278.0,2023-06-19 10:00:00,2023-06-19 14:00:00,338.0,2023-06-19 10:00:00,2023-06-19 14:00:00,353.0,2023-06-19 10:00:00,2023-06-19 14:00:00,354.0,2023-06-19 10:00:00,2023-06-19 14:00:00,368.0807800292969,2023-06-19 22:00:00,207.8354034423828,2023-06-19 22:00:00,4.008358955383301,2023-06-19 22:00:00,97292.8125,2023-06-19 22:00:00,53.764797188562966,2023-06-19 22:00:00,348.0
2023-06-20 10:00:00,348.0,12.0,2023-06-19 22:00:00,2023-06-20 02:00:00,348.0,838.5,2023-06-19 22:00:00,2023-06-20 02:00:00,278.0,2023-06-19 22:00:00,2023-06-20 02:00:00,334.0,2023-06-19 22:00:00,2023-06-20 02:00:00,353.0,2023-06-19 10:00:00,2023-06-19 14:00:00,348.0,2023-06-19 22:00:00,2023-06-20 02:00:00,373.0419921875,2023-06-20 10:00:00,212.47540283203125,2023-06-20 10:00:00,3.9447100162506095,2023-06-20 10:00:00,101846.4140625,2023-06-20 10:00:00,53.318661953517335,2023-06-20 10:00:00,357.0
2023-06-21 05:04:00,357.0,19.066666666666666,2023-06-20 10:00:00,2023-06-20 14:00:00,354.0,837.5,2023-06-20 20:30:00,2023-06-21 00:30:00,281.0,2023-06-20 10:00:00,2023-06-20 14:00:00,341.0,2023-06-20 10:00:00,2023-06-20 14:00:00,355.0,2023-06-20 10:00:00,2023-06-20 14:00:00,357.0,2023-06-20 10:00:00,2023-06-20 14:00:00,368.8626708984375,2023-06-21 05:00:00,203.92002868652344,2023-06-21 05:00:00,3.737018585205078,2023-06-21 05:00:00,104456.3046875,2023-06-21 05:00:00,54.23027291671667,2023-06-21 05:04:00,351.0
2023-06-21 10:00:00,351.0,4.933333333333334,2023-06-21 05:04:00,2023-06-21 09:04:00,351.0,837.5999755859375,2023-06-21 05:04:00,2023-06-21 09:04:00,,2023-06-21 05:04:00,2023-06-21 09:04:00,,2023-06-21 05:04:00,2023-06-21 09:04:00,355.0,2023-06-20 10:00:00,2023-06-20 14:00:00,351.0,2023-06-21 05:04:00,2023-06-21 09:04:00,367.6941528320313,2023-06-21 10:00:00,209.4737701416016,2023-06-21 10:00:00,3.88626766204834,2023-06-21 10:00:00,97759.5234375,2023-06-21 10:00:00,,2023-06-21 10:00:00,343.0
2023-06-22 10:00:00,343.0,24.0,2023-06-21 10:00:00,2023-06-21 14:00:00,351.0,835.9000244140625,2023-06-21 10:00:00,2023-06-21 14:00:00,274.0,2023-06-21 10:00:00,2023-06-21 14:00:00,329.0,2023-06-21 10:00:00,2023-06-21 14:00:00,355.0,2023-06-21 10:00:00,2023-06-21 14:00:00,343.0,2023-06-21 10:00:00,2023-06-21 14:00:00,366.7839660644531,2023-06-22 10:00:00,220.15817260742188,2023-06-22 10:00:00,3.967553377151489,2023-06-22 10:00:00,103532.546875,2023-06-22 10:00:00,53.424342769276564,2023-06-22 10:00:00,344.0
2023-06-23 10:00:00,344.0,24.0,2023-06-22 10:00:00,2023-06-22 14:00:00,344.0,835.7999877929688,2023-06-22 10:00:00,2023-06-22 14:00:00,273.0,2023-06-22 10:00:00,2023-06-22 14:00:00,328.0,2023-06-22 10:00:00,2023-06-22 14:00:00,353.0,2023-06-22 10:00:00,2023-06-22 14:00:00,344.0,2023-06-22 10:00:00,2023-06-22 14:00:00,357.3428649902344,2023-06-23 10:00:00,193.3348388671875,2023-06-23 10:00:00,3.86393141746521,2023-06-23 10:00:00,92399.6953125,2023-06-23 10:00:00,53.25605077638522,2023-06-23 10:00:00,333.0
2023-06-24 10:00:00,333.0,24.0,2023-06-23 10:00:00,2023-06-23 14:00:00,343.0,833.5999755859375,2023-06-23 10:00:00,2023-06-23 14:00:00,270.0,2023-06-23 10:00:00,2023-06-23 14:00:00,320.0,2023-06-23 10:00:00,2023-06-23 14:00:00,341.0,2023-06-23 10:00:00,2023-06-23 14:00:00,333.0,2023-06-23 10:00:00,2023-06-23 14:00:00,360.7384643554688,2023-06-24 10:00:00,209.3993682861328,2023-06-24 10:00:00,3.82964825630188,2023-06-24 10:00:00,98611.3359375,2023-06-24 10:00:00,53.399248307427456,2023-06-24 10:00:00,340.0
2023-06-25 10:00:00,340.0,24.0,2023-06-24 10:00:00,2023-06-24 14:00:00,340.0,834.0999755859375,2023-06-24 10:00:00,2023-06-24 14:00:00,272.0,2023-06-24 10:00:00,2023-06-24 14:00:00,326.0,2023-06-24 10:00:00,2023-06-24 14:00:00,341.0,2023-06-24 10:00:00,2023-06-24 14:00:00,340.0,2023-06-24 10:00:00,2023-06-24 14:00:00,362.3176879882813,2023-06-25 10:00:00,203.71714782714844,2023-06-25 10:00:00,4.022231101989746,2023-06-25 10:00:00,97918.8671875,2023-06-25 10:00:00,53.641892319374506,2023-06-25 10:00:00,347.0
2023-06-26 10:00:00,347.0,24.0,2023-06-25 10:00:00,2023-06-25 14:00:00,340.0,836.2999877929688,2023-06-25 10:00:00,2023-06-25 14:00:00,275.0,2023-06-25 10:00:00,2023-06-25 14:00:00,331.0,2023-06-25 10:00:00,2023-06-25 14:00:00,347.0,2023-06-25 10:00:00,2023-06-25 14:00:00,347.0,2023-06-25 10:00:00,2023-06-25 14:00:00,358.1494140625,2023-06-26 10:00:00,162.0690460205078,2023-06-26 10:00:00,3.848567008972168,2023-06-26 10:00:00,90978.5859375,2023-06-26 10:00:00,53.48666313945591,2023-06-26 10:00:00,338.0
2023-06-27 10:00:00,338.0,24.0,2023-06-26 10:00:00,2023-06-26 14:00:00,340.0,835.7999877929688,2023-06-26 10:00:00,2023-06-26 14:00:00,271.0,2023-06-26 10:00:00,2023-06-26 14:00:00,325.0,2023-06-26 10:00:00,2023-06-26 14:00:00,355.0,2023-06-26 10:00:00,2023-06-26 14:00:00,338.0,2023-06-26 10:00:00,2023-06-26 14:00:00,361.4596557617188,2023-06-27 10:00:00,194.8658142089844,2023-06-27 10:00:00,3.884495973587036,2023-06-27 10:00:00,94627.71875,2023-06-27 10:00:00,52.84332439939362,2023-06-27 10:00:00,343.0
2023-06-27 22:00:00,343.0,12.0,2023-06-27 10:00:00,2023-06-27 14:00:00,343.0,836.5999755859375,2023-06-27 10:00:00,2023-06-27 14:00:00,274.0,2023-06-27 10:00:00,2023-06-27 14:00:00,328.0,2023-06-27 10:00:00,2023-06-27 14:00:00,346.0,2023-06-27 10:00:00,2023-06-27 14:00:00,343.0,2023-06-27 10:00:00,2023-06-27 14:00:00,361.2745056152344,2023-06-27 22:00:00,203.1472625732422,2023-06-27 22:00:00,3.980860710144043,2023-06-27 22:00:00,98019.15625,2023-06-27 22:00:00,53.18239530236997,2023-06-27 22:00:00,348.0
2023-06-28 10:00:00,348.0,12.0,2023-06-27 22:00:00,2023-06-28 02:00:00,343.0,836.5999755859375,2023-06-27 10:00:00,2023-06-27 14:00:00,273.0,2023-06-27 22:00:00,2023-06-28 02:00:00,332.0,2023-06-27 22:00:00,2023-06-28 02:00:00,346.0,2023-06-27 10:00:00,2023-06-27 14:00:00,348.0,2023-06-27 22:00:00,2023-06-28 02:00:00,368.2496948242188,2023-06-28 10:00:00,201.54397583007807,2023-06-28 10:00:00,3.837773323059082,2023-06-28 10:00:00,99117.40625,2023-06-28 10:00:00,52.97946231495723,2023-06-28 10:00:00,350.0
2023-06-29 10:00:00,350.0,24.0,2023-06-28 10:00:00,2023-06-28 14:00:00,348.0,836.7000122070312,2023-06-28 10:00:00,2023-06-28 14:00:00,272.0,2023-06-28 10:00:00,2023-06-28 14:00:00,336.0,2023-06-28 10:00:00,2023-06-28 14:00:00,360.0,2023-06-28 10:00:00,2023-06-28 14:00:00,350.0,2023-06-28 10:00:00,2023-06-28 14:00:00,374.976806640625,2023-06-29 10:00:00,227.90093994140625,2023-06-29 10:00:00,3.891224384307861,2023-06-29 10:00:00,105012.65625,2023-06-29 10:00:00,52.73973052718327,2023-06-29 10:00:00,359.0
2023-06-30 10:00:00,359.0,24.0,2023-06-29 10:00:00,2023-06-29 14:00:00,350.0,837.2000122070312,2023-06-29 10:00:00,2023-06-29 14:00:00,278.0,2023-06-29 10:00:00,2023-06-29 14:00:00,343.0,2023-06-29 10:00:00,2023-06-29 14:00:00,370.0,2023-06-29 10:00:00,2023-06-29 14:00:00,359.0,2023-06-29 10:00:00,2023-06-29 14:00:00,365.6148376464844,2023-06-30 10:00:00,213.3724060058593,2023-06-30 10:00:00,4.048708438873291,2023-06-30 10:00:00,105055.6015625,2023-06-30 10:00:00,53.764797188562966,2023-06-30 10:00:00,343.0
2023-07-01 09:30:00,343.0,23.5,2023-06-30 10:00:00,2023-06-30 14:00:00,350.0,835.9000244140625,2023-06-30 10:00:00,2023-06-30 14:00:00,272.0,2023-06-30 10:00:00,2023-06-30 14:00:00,327.0,2023-06-30 10:00:00,2023-06-30 14:00:00,362.0,2023-06-30 10:00:00,2023-06-30 14:00:00,343.0,2023-06-30 10:00:00,2023-06-30 14:00:00,368.2087707519531,2023-07-01 09:30:00,228.7750396728516,2023-07-01 09:30:00,3.890910387039185,2023-07-01 09:30:00,103329.6015625,2023-07-01 09:30:00,53.016194986708456,2023-07-01 09:30:00,350.0
2023-07-02 09:40:00,350.0,24.166666666666668,2023-07-01 09:30:00,2023-07-01 13:30:00,350.0,835.7000122070312,2023-07-01 09:30:00,2023-07-01 13:30:00,273.0,2023-07-01 09:30:00,2023-07-01 13:30:00,333.0,2023-07-01 09:30:00,2023-07-01 13:30:00,358.0,2023-07-01 09:30:00,2023-07-01 13:30:00,350.0,2023-07-01 09:30:00,2023-07-01 13:30:00,367.6533203125,2023-07-02 09:40:00,222.2037353515625,2023-07-02 09:40:00,4.008685111999512,2023-07-02 09:40:00,102392.828125,2023-07-02 09:40:00,53.29068612742401,2023-07-02 09:40:00,353.0
2023-07-03 10:00:00,353.0,24.333333333333332,2023-07-02 09:40:00,2023-07-02 13:40:00,350.0,835.9000244140625,2023-07-02 09:40:00,2023-07-02 13:40:00,276.0,2023-07-02 09:40:00,2023-07-02 13:40:00,336.0,2023-07-02 09:40:00,2023-07-02 13:40:00,351.0,2023-07-02 09:40:00,2023-07-02 13:40:00,353.0,2023-07-02 09:40:00,2023-07-02 13:40:00,374.4703369140625,2023-07-03 10:00:00,220.32164001464844,2023-07-03 10:00:00,3.9836273193359375,2023-07-03 10:00:00,102232.875,2023-07-03 10:00:00,53.82342248620216,2023-07-03 10:00:00,348.0
2023-07-04 10:00:00,348.0,24.0,2023-07-03 10:00:00,2023-07-03 14:00:00,350.0,837.7000122070312,2023-07-03 10:00:00,2023-07-03 14:00:00,277.0,2023-07-03 10:00:00,2023-07-03 14:00:00,332.0,2023-07-03 10:00:00,2023-07-03 14:00:00,360.0,2023-07-03 10:00:00,2023-07-03 14:00:00,348.0,2023-07-03 10:00:00,2023-07-03 14:00:00,372.9375915527344,2023-07-04 10:00:00,214.7197723388672,2023-07-04 10:00:00,3.8153598308563232,2023-07-04 10:00:00,98571.234375,2023-07-04 10:00:00,53.3989426446459,2023-07-04 10:00:00,346.0
2023-07-05 10:00:00,346.0,24.0,2023-07-04 10:00:00,2023-07-04 14:00:00,348.0,839.2999877929688,2023-07-04 10:00:00,2023-07-04 14:00:00,278.0,2023-07-04 10:00:00,2023-07-04 14:00:00,331.0,2023-07-04 10:00:00,2023-07-04 14:00:00,356.0,2023-07-04 10:00:00,2023-07-04 14:00:00,346.0,2023-07-04 10:00:00,2023-07-04 14:00:00,369.3757629394531,2023-07-05 10:00:00,193.5729522705078,2023-07-05 10:00:00,3.923961877822876,2023-07-05 10:00:00,93906.6953125,2023-07-05 10:00:00,53.04542033295127,2023-07-05 10:00:00,347.0
2023-07-06 10:00:00,347.0,24.0,2023-07-05 10:00:00,2023-07-05 14:00:00,347.0,839.2000122070312,2023-07-05 10:00:00,2023-07-05 14:00:00,279.0,2023-07-05 10:00:00,2023-07-05 14:00:00,332.0,2023-07-05 10:00:00,2023-07-05 14:00:00,352.0,2023-07-05 10:00:00,2023-07-05 14:00:00,347.0,2023-07-05 10:00:00,2023-07-05 14:00:00,367.8335876464844,2023-07-06 10:00:00,187.94772338867188,2023-07-06 10:00:00,3.8670907020568848,2023-07-06 10:00:00,96462.484375,2023-07-06 10:00:00,53.27125693462767,2023-07-06 10:00:00,359.0
2023-07-07 10:00:00,359.0,24.0,2023-07-06 10:00:00,2023-07-06 14:00:00,347.0,839.5999755859375,2023-07-06 10:00:00,2023-07-06 14:00:00,280.0,2023-07-06 10:00:00,2023-07-06 14:00:00,340.0,2023-07-06 10:00:00,2023-07-06 14:00:00,366.0,2023-07-06 10:00:00,2023-07-06 14:00:00,359.0,2023-07-06 10:00:00,2023-07-06 14:00:00,361.3118591308594,2023-07-07 10:00:00,164.77491760253906,2023-07-07 10:00:00,3.949682235717773,2023-07-07 10:00:00,103259.5234375,2023-07-07 10:00:00,53.3245048274855,2023-07-07 10:00:00,335.0
2023-07-08 10:00:00,335.0,24.0,2023-07-07 10:00:00,2023-07-07 14:00:00,347.0,833.4000244140625,2023-07-07 10:00:00,2023-07-07 14:00:00,264.0,2023-07-07 10:00:00,2023-07-07 14:00:00,315.0,2023-07-07 10:00:00,2023-07-07 14:00:00,348.0,2023-07-07 10:00:00,2023-07-07 14:00:00,335.0,2023-07-07 10:00:00,2023-07-07 14:00:00,376.6300659179688,2023-07-08 10:00:00,237.54248046875,2023-07-08 10:00:00,3.933725118637085,2023-07-08 10:00:00,103423.2421875,2023-07-08 10:00:00,52.160857694426454,2023-07-08 10:00:00,350.0
2023-07-09 06:00:00,350.0,20.0,2023-07-08 10:00:00,2023-07-08 14:00:00,350.0,838.7999877929688,2023-07-08 10:00:00,2023-07-08 14:00:00,278.0,2023-07-08 10:00:00,2023-07-08 14:00:00,333.0,2023-07-08 10:00:00,2023-07-08 14:00:00,353.0,2023-07-08 10:00:00,2023-07-08 14:00:00,350.0,2023-07-08 10:00:00,2023-07-08 14:00:00,359.4937438964844,2023-07-09 06:00:00,199.5609741210937,2023-07-09 06:00:00,3.856580972671509,2023-07-09 06:00:00,91664.4453125,2023-07-09 06:00:00,53.21608274540847,2023-07-09 06:00:00,351.0
2023-07-09 10:00:00,351.0,4.0,2023-07-09 06:00:00,2023-07-09 10:00:00,350.0,838.7999877929688,2023-07-08 10:00:00,2023-07-08 14:00:00,274.0,2023-07-09 06:00:00,2023-07-09 10:00:00,334.0,2023-07-09 06:00:00,2023-07-09 10:00:00,353.0,2023-07-08 10:00:00,2023-07-08 14:00:00,351.0,2023-07-09 06:00:00,2023-07-09 10:00:00,352.07470703125,2023-07-09 10:00:00,157.04066467285156,2023-07-09 10:00:00,3.866420030593872,2023-07-09 10:00:00,89793.25,2023-07-09 10:00:00,52.426874519054195,2023-07-09 10:00:00,347.0
2023-07-10 10:00:00,347.0,24.0,2023-07-09 10:00:00,2023-07-09 14:00:00,350.0,834.2999877929688,2023-07-09 10:00:00,2023-07-09 14:00:00,283.0,2023-07-09 10:00:00,2023-07-09 14:00:00,331.0,2023-07-09 10:00:00,2023-07-09 14:00:00,352.0,2023-07-09 10:00:00,2023-07-09 14:00:00,347.0,2023-07-09 10:00:00,2023-07-09 14:00:00,363.0005798339844,2023-07-10 10:00:00,206.0257873535156,2023-07-10 10:00:00,3.7294235229492174,2023-07-10 10:00:00,96576.078125,2023-07-10 10:00:00,55.70638203534736,2023-07-10 10:00:00,355.0
2023-07-11 10:00:00,355.0,24.0,2023-07-10 10:00:00,2023-07-10 14:00:00,351.0,836.0999755859375,2023-07-10 10:00:00,2023-07-10 14:00:00,271.0,2023-07-10 10:00:00,2023-07-10 14:00:00,336.0,2023-07-10 10:00:00,2023-07-10 14:00:00,365.0,2023-07-10 10:00:00,2023-07-10 14:00:00,355.0,2023-07-10 10:00:00,2023-07-10 14:00:00,381.4731750488281,2023-07-11 10:00:00,254.3702087402344,2023-07-11 10:00:00,4.0229268074035645,2023-07-11 10:00:00,99688.984375,2023-07-11 10:00:00,52.73949015788003,2023-07-11 10:00:00,360.0
2023-07-12 10:00:00,360.0,24.0,2023-07-11 10:00:00,2023-07-11 14:00:00,355.0,838.7000122070312,2023-07-11 10:00:00,2023-07-11 14:00:00,279.0,2023-07-11 10:00:00,2023-07-11 14:00:00,343.0,2023-07-11 10:00:00,2023-07-11 14:00:00,362.0,2023-07-11 09:30:00,2023-07-11 13:30:00,360.0,2023-07-11 10:00:00,2023-07-11 14:00:00,381.8235473632813,2023-07-12 10:00:00,243.15997314453125,2023-07-12 10:00:00,3.949406862258911,2023-07-12 10:00:00,99257.4765625,2023-07-12 10:00:00,53.44199680217048,2023-07-12 10:00:00,350.0
2023-07-13 10:00:00,350.0,24.0,2023-07-12 10:00:00,2023-07-12 14:00:00,355.0,838.2999877929688,2023-07-12 10:00:00,2023-07-12 14:00:00,274.0,2023-07-12 10:00:00,2023-07-12 14:00:00,333.0,2023-07-12 10:00:00,2023-07-12 14:00:00,354.0,2023-07-12 10:00:00,2023-07-12 14:00:00,350.0,2023-07-12 10:00:00,2023-07-12 14:00:00,383.1124572753906,2023-07-13 10:00:00,240.75198364257807,2023-07-13 10:00:00,4.009568691253662,2023-07-13 10:00:00,103409.0546875,2023-07-13 10:00:00,52.59792430151151,2023-07-13 10:00:00,360.0
2023-07-14 09:50:00,360.0,23.833333333333332,2023-07-13 10:00:00,2023-07-13 14:00:00,360.0,837.5,2023-07-13 10:00:00,2023-07-13 14:00:00,275.0,2023-07-13 10:00:00,2023-07-13 14:00:00,338.0,2023-07-13 10:00:00,2023-07-13 14:00:00,357.0,2023-07-13 10:00:00,2023-07-13 14:00:00,360.0,2023-07-13 10:00:00,2023-07-13 14:00:00,387.5508117675781,2023-07-14 09:50:00,241.10548400878903,2023-07-14 09:50:00,3.9571280479431152,2023-07-14 09:50:00,104380.0703125,2023-07-14 09:50:00,53.0730714952781,2023-07-14 09:50:00,352.0
2023-07-15 10:00:00,352.0,24.166666666666668,2023-07-14 09:50:00,2023-07-14 13:50:00,352.0,844.0999755859375,2023-07-14 09:50:00,2023-07-14 13:50:00,283.0,2023-07-14 09:50:00,2023-07-14 13:50:00,338.0,2023-07-14 09:50:00,2023-07-14 13:50:00,355.0,2023-07-14 09:50:00,2023-07-14 13:50:00,352.0,2023-07-14 09:50:00,2023-07-14 13:50:00,386.1127014160156,2023-07-15 10:00:00,239.013671875,2023-07-15 10:00:00,3.9459986686706543,2023-07-15 10:00:00,105241.546875,2023-07-15 10:00:00,52.3636805578293,2023-07-15 10:00:00,353.0
2023-07-16 10:00:00,353.0,24.0,2023-07-15 10:00:00,2023-07-15 14:00:00,353.0,844.2000122070312,2023-07-15 10:00:00,2023-07-15 14:00:00,280.0,2023-07-15 10:00:00,2023-07-15 14:00:00,336.0,2023-07-15 10:00:00,2023-07-15 14:00:00,356.0,2023-07-15 10:00:00,2023-07-15 14:00:00,353.0,2023-07-15 10:00:00,2023-07-15 14:00:00,381.3187255859375,2023-07-16 10:00:00,239.58767700195312,2023-07-16 10:00:00,3.933936595916748,2023-07-16 10:00:00,104394.3125,2023-07-16 10:00:00,51.77471202121342,2023-07-16 10:00:00,354.0
2023-07-17 10:00:00,354.0,24.0,2023-07-16 10:00:00,2023-07-16 14:00:00,353.0,841.9000244140625,2023-07-16 10:00:00,2023-07-16 14:00:00,282.0,2023-07-16 10:00:00,2023-07-16 14:00:00,337.0,2023-07-16 10:00:00,2023-07-16 14:00:00,358.0,2023-07-16 10:00:00,2023-07-16 14:00:00,354.0,2023-07-16 10:00:00,2023-07-16 14:00:00,378.7605285644531,2023-07-17 10:00:00,233.5937042236328,2023-07-17 10:00:00,3.7694594860076895,2023-07-17 10:00:00,100151.6171875,2023-07-17 10:00:00,52.91806718594569,2023-07-17 10:00:00,354.0
2023-07-18 10:00:00,354.0,24.0,2023-07-17 10:00:00,2023-07-17 14:00:00,354.0,840.2000122070312,2023-07-17 10:00:00,2023-07-17 14:00:00,281.0,2023-07-17 10:00:00,2023-07-17 14:00:00,339.0,2023-07-17 10:00:00,2023-07-17 14:00:00,356.0,2023-07-17 10:00:00,2023-07-17 14:00:00,354.0,2023-07-17 10:00:00,2023-07-17 14:00:00,370.9106140136719,2023-07-18 10:00:00,206.8477935791016,2023-07-18 10:00:00,3.942660570144653,2023-07-18 10:00:00,92826.8359375,2023-07-18 10:00:00,53.30785507650603,2023-07-18 10:00:00,347.0
2023-07-19 10:00:00,347.0,24.0,2023-07-18 10:00:00,2023-07-18 14:00:00,354.0,838.2000122070312,2023-07-18 10:00:00,2023-07-18 14:00:00,277.0,2023-07-18 10:00:00,2023-07-18 14:00:00,332.0,2023-07-18 10:00:00,2023-07-18 14:00:00,353.0,2023-07-18 10:00:00,2023-07-18 14:00:00,347.0,2023-07-18 10:00:00,2023-07-18 14:00:00,370.0220947265625,2023-07-19 10:00:00,221.27818298339844,2023-07-19 10:00:00,3.921049118041992,2023-07-19 10:00:00,96354.1953125,2023-07-19 10:00:00,53.22742803710332,2023-07-19 10:00:00,352.0
2023-07-20 10:00:00,352.0,24.0,2023-07-19 10:00:00,2023-07-19 14:00:00,352.0,838.4000244140625,2023-07-19 10:00:00,2023-07-19 14:00:00,280.0,2023-07-19 10:00:00,2023-07-19 14:00:00,336.0,2023-07-19 10:00:00,2023-07-19 14:00:00,352.0,2023-07-19 10:00:00,2023-07-19 14:00:00,352.0,2023-07-19 10:00:00,2023-07-19 14:00:00,373.7080383300781,2023-07-20 10:00:00,231.59194946289065,2023-07-20 10:00:00,3.946145534515381,2023-07-20 10:00:00,100408.3828125,2023-07-20 10:00:00,53.73417089345219,2023-07-20 10:00:00,350.0
2023-07-21 10:00:00,350.0,24.0,2023-07-20 10:00:00,2023-07-20 14:00:00,350.0,838.7999877929688,2023-07-20 10:00:00,2023-07-20 14:00:00,279.0,2023-07-20 10:00:00,2023-07-20 14:00:00,336.0,2023-07-20 10:00:00,2023-07-20 14:00:00,360.0,2023-07-20 10:00:00,2023-07-20 14:00:00,350.0,2023-07-20 10:00:00,2023-07-20 14:00:00,366.7362060546875,2023-07-21 10:00:00,195.949462890625,2023-07-21 10:00:00,3.963934183120728,2023-07-21 10:00:00,85843.9765625,2023-07-21 10:00:00,53.40782618164428,2023-07-21 10:00:00,346.0
2023-07-22 10:00:00,346.0,24.0,2023-07-21 10:00:00,2023-07-21 14:00:00,350.0,836.5,2023-07-21 10:00:00,2023-07-21 14:00:00,274.0,2023-07-21 10:00:00,2023-07-21 14:00:00,328.0,2023-07-21 10:00:00,2023-07-21 14:00:00,351.0,2023-07-21 10:00:00,2023-07-21 14:00:00,346.0,2023-07-21 10:00:00,2023-07-21 14:00:00,364.3928833007813,2023-07-22 10:00:00,214.947021484375,2023-07-22 10:00:00,3.8498048782348633,2023-07-22 10:00:00,98318.8125,2023-07-22 10:00:00,53.21690672716295,2023-07-22 10:00:00,341.0
2023-07-23 10:00:00,341.0,24.0,2023-07-22 10:00:00,2023-07-22 14:00:00,346.0,834.9000244140625,2023-07-22 10:00:00,2023-07-22 14:00:00,269.0,2023-07-22 10:00:00,2023-07-22 14:00:00,323.0,2023-07-22 10:00:00,2023-07-22 14:00:00,347.0,2023-07-22 10:00:00,2023-07-22 14:00:00,341.0,2023-07-22 10:00:00,2023-07-22 14:00:00,378.9197387695313,2023-07-23 10:00:00,248.7181854248047,2023-07-23 10:00:00,3.921418428421021,2023-07-23 10:00:00,102872.7734375,2023-07-23 10:00:00,52.733689570612114,2023-07-23 10:00:00,352.0
2023-07-24 10:00:00,352.0,24.0,2023-07-23 10:00:00,2023-07-23 14:00:00,346.0,839.0999755859375,2023-07-23 10:00:00,2023-07-23 14:00:00,278.0,2023-07-23 10:00:00,2023-07-23 14:00:00,337.0,2023-07-23 10:00:00,2023-07-23 14:00:00,358.0,2023-07-23 10:00:00,2023-07-23 14:00:00,352.0,2023-07-23 10:00:00,2023-07-23 14:00:00,377.4913024902344,2023-07-24 10:00:00,247.6053009033203,2023-07-24 10:00:00,3.992903709411621,2023-07-24 10:00:00,102721.40625,2023-07-24 10:00:00,53.11364297915122,2023-07-24 10:00:00,354.0
2023-07-25 10:00:00,354.0,24.0,2023-07-24 10:00:00,2023-07-24 14:00:00,352.0,839.2000122070312,2023-07-24 10:00:00,2023-07-24 14:00:00,280.0,2023-07-24 10:00:00,2023-07-24 14:00:00,337.0,2023-07-24 10:00:00,2023-07-24 14:00:00,358.0,2023-07-24 10:00:00,2023-07-24 14:00:00,354.0,2023-07-24 10:00:00,2023-07-24 14:00:00,382.19189453125,2023-07-25 10:00:00,247.435287475586,2023-07-25 10:00:00,3.962638378143311,2023-07-25 10:00:00,103898.8125,2023-07-25 10:00:00,53.46080534664043,2023-07-25 10:00:00,354.0
2023-07-26 10:00:00,354.0,24.0,2023-07-25 10:00:00,2023-07-25 14:00:00,354.0,840.7999877929688,2023-07-25 10:00:00,2023-07-25 14:00:00,282.0,2023-07-25 10:00:00,2023-07-25 14:00:00,337.0,2023-07-25 10:00:00,2023-07-25 14:00:00,357.0,2023-07-25 10:00:00,2023-07-25 14:00:00,354.0,2023-07-25 10:00:00,2023-07-25 14:00:00,376.6240539550781,2023-07-26 10:00:00,245.73780822753903,2023-07-26 10:00:00,4.02220344543457,2023-07-26 10:00:00,103721.28125,2023-07-26 10:00:00,53.289616646919626,2023-07-26 10:00:00,350.0
2023-07-27 10:00:00,350.0,24.0,2023-07-26 10:00:00,2023-07-26 14:00:00,354.0,839.7999877929688,2023-07-26 10:00:00,2023-07-26 14:00:00,277.0,2023-07-26 10:00:00,2023-07-26 14:00:00,335.0,2023-07-26 10:00:00,2023-07-26 14:00:00,355.0,2023-07-26 10:00:00,2023-07-26 14:00:00,350.0,2023-07-26 10:00:00,2023-07-26 14:00:00,379.0016479492188,2023-07-27 10:00:00,250.49249267578125,2023-07-27 10:00:00,3.9030776023864746,2023-07-27 10:00:00,102994.203125,2023-07-27 10:00:00,52.681192724119796,2023-07-27 10:00:00,355.0
2023-07-28 10:00:00,355.0,24.0,2023-07-27 10:00:00,2023-07-27 14:00:00,354.0,840.5,2023-07-27 10:00:00,2023-07-27 14:00:00,280.0,2023-07-27 10:00:00,2023-07-27 14:00:00,338.0,2023-07-27 10:00:00,2023-07-27 14:00:00,358.0,2023-07-27 10:00:00,2023-07-27 14:00:00,355.0,2023-07-27 10:00:00,2023-07-27 14:00:00,381.2199401855469,2023-07-28 10:00:00,245.4345703125,2023-07-28 10:00:00,3.982083320617676,2023-07-28 10:00:00,104704.3671875,2023-07-28 10:00:00,53.01869872176576,2023-07-28 10:00:00,348.0
2023-07-29 10:00:00,348.0,24.0,2023-07-28 10:00:00,2023-07-28 14:00:00,350.0,839.9000244140625,2023-07-28 10:00:00,2023-07-28 14:00:00,282.0,2023-07-28 10:00:00,2023-07-28 14:00:00,333.0,2023-07-28 10:00:00,2023-07-28 14:00:00,360.0,2023-07-28 10:00:00,2023-07-28 14:00:00,348.0,2023-07-28 10:00:00,2023-07-28 14:00:00,376.2527160644531,2023-07-29 10:00:00,231.5419006347656,2023-07-29 10:00:00,3.985161781311035,2023-07-29 10:00:00,99130.953125,2023-07-29 10:00:00,53.59498364628723,2023-07-29 10:00:00,353.0
2023-07-30 10:00:00,353.0,24.0,2023-07-29 10:00:00,2023-07-29 14:00:00,353.0,839.9000244140625,2023-07-29 10:00:00,2023-07-29 14:00:00,279.0,2023-07-29 10:00:00,2023-07-29 14:00:00,337.0,2023-07-29 10:00:00,2023-07-29 14:00:00,357.0,2023-07-29 10:00:00,2023-07-29 14:00:00,353.0,2023-07-29 10:00:00,2023-07-29 14:00:00,378.2034606933594,2023-07-30 10:00:00,239.3174285888672,2023-07-30 10:00:00,3.892775774002075,2023-07-30 10:00:00,103610.046875,2023-07-30 10:00:00,53.03286775118306,2023-07-30 10:00:00,355.0
2023-07-31 10:00:00,355.0,24.0,2023-07-30 10:00:00,2023-07-30 14:00:00,353.0,839.9000244140625,2023-07-30 10:00:00,2023-07-30 14:00:00,280.0,2023-07-30 10:00:00,2023-07-30 14:00:00,340.0,2023-07-30 10:00:00,2023-07-30 14:00:00,363.0,2023-07-30 10:00:00,2023-07-30 14:00:00,355.0,2023-07-30 10:00:00,2023-07-30 14:00:00,380.2293395996094,2023-07-31 10:00:00,229.052734375,2023-07-31 10:00:00,3.871127605438232,2023-07-31 10:00:00,103823.4375,2023-07-31 10:00:00,53.22241616319582,2023-07-31 10:00:00,357.0
2023-08-01 10:00:00,357.0,24.0,2023-07-31 10:00:00,2023-07-31 14:00:00,355.0,840.0999755859375,2023-07-31 10:00:00,2023-07-31 14:00:00,282.0,2023-07-31 10:00:00,2023-07-31 14:00:00,340.0,2023-07-31 10:00:00,2023-07-31 14:00:00,363.0,2023-07-31 10:00:00,2023-07-31 14:00:00,357.0,2023-07-31 10:00:00,2023-07-31 14:00:00,380.7942504882813,2023-08-01 10:00:00,227.86151123046875,2023-08-01 10:00:00,3.8924171924591056,2023-08-01 10:00:00,104321.546875,2023-08-01 10:00:00,53.52702968066217,2023-08-01 10:00:00,350.0
2023-08-02 10:00:00,350.0,24.0,2023-08-01 10:00:00,2023-08-01 14:00:00,355.0,841.4000244140625,2023-08-01 10:00:00,2023-08-01 14:00:00,280.0,2023-08-01 10:00:00,2023-08-01 14:00:00,334.0,2023-08-01 10:00:00,2023-08-01 14:00:00,353.0,2023-08-01 10:00:00,2023-08-01 14:00:00,350.0,2023-08-01 10:00:00,2023-08-01 14:00:00,374.9619445800781,2023-08-02 10:00:00,217.92901611328125,2023-08-02 10:00:00,3.968789577484131,2023-08-02 10:00:00,99897.515625,2023-08-02 10:00:00,52.71414776293943,2023-08-02 10:00:00,354.0
2023-08-03 10:00:00,354.0,24.0,2023-08-02 10:00:00,2023-08-02 14:00:00,354.0,838.7999877929688,2023-08-02 10:00:00,2023-08-02 14:00:00,278.0,2023-08-02 10:00:00,2023-08-02 14:00:00,335.0,2023-08-02 10:00:00,2023-08-02 14:00:00,357.0,2023-08-02 10:00:00,2023-08-02 14:00:00,354.0,2023-08-02 10:00:00,2023-08-02 14:00:00,377.5133056640625,2023-08-03 10:00:00,218.2376251220703,2023-08-03 10:00:00,3.9570870399475098,2023-08-03 10:00:00,98411.3515625,2023-08-03 10:00:00,53.21608274540847,2023-08-03 10:00:00,354.0
2023-08-04 10:00:00,354.0,24.0,2023-08-03 10:00:00,2023-08-03 14:00:00,354.0,838.2999877929688,2023-08-03 10:00:00,2023-08-03 14:00:00,275.0,2023-08-03 10:00:00,2023-08-03 14:00:00,336.0,2023-08-03 10:00:00,2023-08-03 14:00:00,357.0,2023-08-03 10:00:00,2023-08-03 14:00:00,354.0,2023-08-03 10:00:00,2023-08-03 14:00:00,372.5443115234375,2023-08-04 10:00:00,185.1381683349609,2023-08-04 10:00:00,3.8362958431243896,2023-08-04 10:00:00,98138.4765625,2023-08-04 10:00:00,52.79859030962666,2023-08-04 10:00:00,356.0
2023-08-05 10:00:00,356.0,24.0,2023-08-04 10:00:00,2023-08-04 14:00:00,354.0,837.4000244140625,2023-08-04 10:00:00,2023-08-04 14:00:00,277.0,2023-08-04 10:00:00,2023-08-04 14:00:00,337.0,2023-08-04 10:00:00,2023-08-04 14:00:00,369.0,2023-08-04 10:00:00,2023-08-04 14:00:00,356.0,2023-08-04 10:00:00,2023-08-04 14:00:00,372.26702880859375,2023-08-05 10:00:00,219.400131225586,2023-08-05 10:00:00,3.920858860015869,2023-08-05 10:00:00,92317.03125,2023-08-05 10:00:00,53.50203314900034,2023-08-05 10:00:00,358.0
2023-08-06 10:00:00,358.0,24.0,2023-08-05 10:00:00,2023-08-05 14:00:00,356.0,837.2999877929688,2023-08-05 10:00:00,2023-08-05 14:00:00,275.0,2023-08-05 10:00:00,2023-08-05 14:00:00,337.0,2023-08-05 10:00:00,2023-08-05 14:00:00,353.0,2023-08-05 10:00:00,2023-08-05 14:00:00,358.0,2023-08-05 10:00:00,2023-08-05 14:00:00,376.2200622558594,2023-08-06 10:00:00,217.4465789794922,2023-08-06 10:00:00,3.952665328979492,2023-08-06 10:00:00,93074.859375,2023-08-06 10:00:00,53.14185198454118,2023-08-06 10:00:00,356.0
2023-08-07 10:00:00,356.0,24.0,2023-08-06 10:00:00,2023-08-06 14:00:00,356.0,839.0,2023-08-06 10:00:00,2023-08-06 14:00:00,278.0,2023-08-06 10:00:00,2023-08-06 14:00:00,338.0,2023-08-06 10:00:00,2023-08-06 14:00:00,360.0,2023-08-06 10:00:00,2023-08-06 14:00:00,356.0,2023-08-06 10:00:00,2023-08-06 14:00:00,376.9039306640625,2023-08-07 10:00:00,224.43467712402344,2023-08-07 10:00:00,3.8954379558563232,2023-08-07 10:00:00,94521.875,2023-08-07 10:00:00,53.1477671285171,2023-08-07 10:00:00,352.0
2023-08-08 10:00:00,352.0,24.0,2023-08-07 10:00:00,2023-08-07 14:00:00,356.0,839.2000122070312,2023-08-07 10:00:00,2023-08-07 14:00:00,275.0,2023-08-07 10:00:00,2023-08-07 14:00:00,334.0,2023-08-07 10:00:00,2023-08-07 14:00:00,359.0,2023-08-07 10:00:00,2023-08-07 14:00:00,352.0,2023-08-07 10:00:00,2023-08-07 14:00:00,356.82720947265625,2023-08-08 10:00:00,178.52638244628906,2023-08-08 10:00:00,3.9950451850891113,2023-08-08 10:00:00,86886.609375,2023-08-08 10:00:00,52.490971280152735,2023-08-08 10:00:00,338.0
2023-08-09 10:00:00,338.0,24.0,2023-08-08 10:00:00,2023-08-08 14:00:00,352.0,833.2000122070312,2023-08-08 10:00:00,2023-08-08 14:00:00,263.0,2023-08-08 10:00:00,2023-08-08 14:00:00,318.0,2023-08-08 10:00:00,2023-08-08 14:00:00,348.0,2023-08-08 10:00:00,2023-08-08 14:00:00,338.0,2023-08-08 10:00:00,2023-08-08 14:00:00,376.3855285644531,2023-08-09 10:00:00,224.9065704345703,2023-08-09 10:00:00,3.930576086044312,2023-08-09 10:00:00,92183.0546875,2023-08-09 10:00:00,52.004464948497,2023-08-09 10:00:00,348.0
2023-08-10 10:00:00,348.0,24.0,2023-08-09 10:00:00,2023-08-09 14:00:00,348.0,837.2000122070312,2023-08-09 10:00:00,2023-08-09 14:00:00,273.0,2023-08-09 10:00:00,2023-08-09 14:00:00,333.0,2023-08-09 10:00:00,2023-08-09 14:00:00,353.0,2023-08-09 10:00:00,2023-08-09 14:00:00,348.0,2023-08-09 10:00:00,2023-08-09 14:00:00,378.436767578125,2023-08-10 10:00:00,246.0351409912109,2023-08-10 10:00:00,3.943639516830444,2023-08-10 10:00:00,100077.3828125,2023-08-10 10:00:00,52.772655974796066,2023-08-10 10:00:00,355.0
2023-08-11 10:00:00,355.0,24.0,2023-08-10 10:00:00,2023-08-10 14:00:00,348.0,837.0999755859375,2023-08-10 10:00:00,2023-08-10 14:00:00,276.0,2023-08-10 10:00:00,2023-08-10 14:00:00,336.0,2023-08-10 10:00:00,2023-08-10 14:00:00,358.0,2023-08-10 10:00:00,2023-08-10 14:00:00,355.0,2023-08-10 10:00:00,2023-08-10 14:00:00,378.4983215332031,2023-08-11 10:00:00,234.6891326904297,2023-08-11 10:00:00,3.900631904602051,2023-08-11 10:00:00,99682.96875,2023-08-11 10:00:00,53.40910816938094,2023-08-11 10:00:00,354.0
2023-08-12 10:00:00,354.0,24.0,2023-08-11 10:00:00,2023-08-11 14:00:00,354.0,842.5,2023-08-11 10:00:00,2023-08-11 14:00:00,275.0,2023-08-11 10:00:00,2023-08-11 14:00:00,335.0,2023-08-11 10:00:00,2023-08-11 14:00:00,362.0,2023-08-11 10:00:00,2023-08-11 14:00:00,354.0,2023-08-11 10:00:00,2023-08-11 14:00:00,373.9010925292969,2023-08-12 10:00:00,220.89407348632807,2023-08-12 10:00:00,3.936424970626831,2023-08-12 10:00:00,93361.96875,2023-08-12 10:00:00,51.373807495278015,2023-08-12 10:00:00,354.0
2023-08-13 10:00:00,354.0,24.0,2023-08-12 10:00:00,2023-08-12 14:00:00,354.0,837.7000122070312,2023-08-12 10:00:00,2023-08-12 14:00:00,278.0,2023-08-12 10:00:00,2023-08-12 14:00:00,335.0,2023-08-12 10:00:00,2023-08-12 14:00:00,360.0,2023-08-12 10:00:00,2023-08-12 14:00:00,354.0,2023-08-12 10:00:00,2023-08-12 14:00:00,363.621337890625,2023-08-13 10:00:00,207.5437927246093,2023-08-13 10:00:00,3.9909496307373047,2023-08-13 10:00:00,88663.078125,2023-08-13 10:00:00,53.592895211019936,2023-08-13 10:00:00,337.0
2023-08-14 10:00:00,337.0,24.0,2023-08-13 10:00:00,2023-08-13 14:00:00,354.0,836.0,2023-08-13 10:00:00,2023-08-13 14:00:00,274.0,2023-08-13 10:00:00,2023-08-13 14:00:00,324.0,2023-08-13 10:00:00,2023-08-13 14:00:00,344.0,2023-08-13 10:00:00,2023-08-13 14:00:00,337.0,2023-08-13 10:00:00,2023-08-13 14:00:00,366.8038940429688,2023-08-14 10:00:00,196.897216796875,2023-08-14 10:00:00,3.9674477577209473,2023-08-14 10:00:00,86251.203125,2023-08-14 10:00:00,53.38973840216306,2023-08-14 10:00:00,344.0
2023-08-15 10:00:00,344.0,24.0,2023-08-14 10:00:00,2023-08-14 14:00:00,344.0,837.2000122070312,2023-08-14 10:00:00,2023-08-14 14:00:00,276.0,2023-08-14 10:00:00,2023-08-14 14:00:00,329.0,2023-08-14 10:00:00,2023-08-14 14:00:00,348.0,2023-08-14 10:00:00,2023-08-14 14:00:00,344.0,2023-08-14 10:00:00,2023-08-14 14:00:00,356.945068359375,2023-08-15 10:00:00,171.93960571289062,2023-08-15 10:00:00,3.927902221679688,2023-08-15 10:00:00,87383.3359375,2023-08-15 10:00:00,53.37466867913429,2023-08-15 10:00:00,335.0
2023-08-16 10:00:00,335.0,24.0,2023-08-15 10:00:00,2023-08-15 14:00:00,337.0,836.0,2023-08-15 10:00:00,2023-08-15 14:00:00,272.0,2023-08-15 10:00:00,2023-08-15 14:00:00,321.0,2023-08-15 10:00:00,2023-08-15 14:00:00,342.0,2023-08-15 10:00:00,2023-08-15 14:00:00,335.0,2023-08-15 10:00:00,2023-08-15 14:00:00,362.4573059082031,2023-08-16 10:00:00,198.70651245117188,2023-08-16 10:00:00,3.96415376663208,2023-08-16 10:00:00,84658.3828125,2023-08-16 10:00:00,52.981590619594954,2023-08-16 10:00:00,341.0
2023-08-17 10:00:00,341.0,24.0,2023-08-16 10:00:00,2023-08-16 14:00:00,341.0,835.0,2023-08-16 10:00:00,2023-08-16 14:00:00,272.0,2023-08-16 10:00:00,2023-08-16 14:00:00,325.0,2023-08-16 10:00:00,2023-08-16 14:00:00,344.0,2023-08-16 10:00:00,2023-08-16 14:00:00,341.0,2023-08-16 10:00:00,2023-08-16 14:00:00,366.6806335449219,2023-08-17 10:00:00,210.7138519287109,2023-08-17 10:00:00,3.970017671585083,2023-08-17 10:00:00,91851.3359375,2023-08-17 10:00:00,53.32841607959483,2023-08-17 10:00:00,339.0
2023-08-18 10:00:00,339.0,24.0,2023-08-17 10:00:00,2023-08-17 14:00:00,339.0,835.7000122070312,2023-08-17 10:00:00,2023-08-17 14:00:00,273.0,2023-08-17 10:00:00,2023-08-17 14:00:00,327.0,2023-08-17 10:00:00,2023-08-17 14:00:00,344.0,2023-08-17 10:00:00,2023-08-17 14:00:00,339.0,2023-08-17 10:00:00,2023-08-17 14:00:00,364.564697265625,2023-08-18 10:00:00,199.9300079345703,2023-08-18 10:00:00,3.8820433616638175,2023-08-18 10:00:00,90357.734375,2023-08-18 10:00:00,53.29068612742401,2023-08-18 10:00:00,339.0
2023-08-19 10:00:00,339.0,24.0,2023-08-18 10:00:00,2023-08-18 14:00:00,339.0,836.0,2023-08-18 10:00:00,2023-08-18 14:00:00,274.0,2023-08-18 10:00:00,2023-08-18 14:00:00,324.0,2023-08-18 10:00:00,2023-08-18 14:00:00,344.0,2023-08-18 10:00:00,2023-08-18 14:00:00,339.0,2023-08-18 10:00:00,2023-08-18 14:00:00,361.041015625,2023-08-19 10:00:00,208.087158203125,2023-08-19 10:00:00,3.9835965633392334,2023-08-19 10:00:00,93817.7578125,2023-08-19 10:00:00,53.38973840216306,2023-08-19 10:00:00,343.0
2023-08-20 10:00:00,343.0,24.0,2023-08-19 10:00:00,2023-08-19 14:00:00,339.0,835.5999755859375,2023-08-19 10:00:00,2023-08-19 14:00:00,274.0,2023-08-19 10:00:00,2023-08-19 14:00:00,328.0,2023-08-19 10:00:00,2023-08-19 14:00:00,344.0,2023-08-19 10:00:00,2023-08-19 14:00:00,343.0,2023-08-19 10:00:00,2023-08-19 14:00:00,362.4735107421875,2023-08-20 10:00:00,200.6478881835937,2023-08-20 10:00:00,3.997114419937134,2023-08-20 10:00:00,92703.2421875,2023-08-20 10:00:00,53.5282911121991,2023-08-20 10:00:00,344.0
2023-08-21 10:00:00,344.0,24.0,2023-08-20 10:00:00,2023-08-20 14:00:00,343.0,835.5,2023-08-20 10:00:00,2023-08-20 14:00:00,274.0,2023-08-20 10:00:00,2023-08-20 14:00:00,328.0,2023-08-20 10:00:00,2023-08-20 14:00:00,346.0,2023-08-20 10:00:00,2023-08-20 14:00:00,344.0,2023-08-20 10:00:00,2023-08-20 14:00:00,370.7778930664063,2023-08-21 10:00:00,219.2247009277344,2023-08-21 10:00:00,3.975011110305786,2023-08-21 10:00:00,104270.453125,2023-08-21 10:00:00,53.56295744716283,2023-08-21 10:00:00,348.0
2023-08-22 10:00:00,348.0,24.0,2023-08-21 10:00:00,2023-08-21 14:00:00,344.0,838.5999755859375,2023-08-21 10:00:00,2023-08-21 14:00:00,275.0,2023-08-21 10:00:00,2023-08-21 14:00:00,331.0,2023-08-21 10:00:00,2023-08-21 14:00:00,354.0,2023-08-21 10:00:00,2023-08-21 14:00:00,348.0,2023-08-21 10:00:00,2023-08-21 14:00:00,377.9206237792969,2023-08-22 10:00:00,224.14111328125,2023-08-22 10:00:00,3.954877614974976,2023-08-22 10:00:00,104941.3984375,2023-08-22 10:00:00,52.69591813082684,2023-08-22 10:00:00,358.0
2023-08-23 10:00:00,358.0,24.0,2023-08-22 10:00:00,2023-08-22 14:00:00,348.0,838.7000122070312,2023-08-22 10:00:00,2023-08-22 14:00:00,277.0,2023-08-22 10:00:00,2023-08-22 14:00:00,340.0,2023-08-22 10:00:00,2023-08-22 14:00:00,362.0,2023-08-22 10:00:00,2023-08-22 14:00:00,358.0,2023-08-22 10:00:00,2023-08-22 14:00:00,377.2046813964844,2023-08-23 10:00:00,219.87147521972656,2023-08-23 10:00:00,3.9461421966552734,2023-08-23 10:00:00,103576.2109375,2023-08-23 10:00:00,53.05630079956052,2023-08-23 10:00:00,355.0
2023-08-24 10:00:00,355.0,24.0,2023-08-23 10:00:00,2023-08-23 14:00:00,355.0,837.4000244140625,2023-08-23 10:00:00,2023-08-23 14:00:00,280.0,2023-08-23 10:00:00,2023-08-23 14:00:00,337.0,2023-08-23 10:00:00,2023-08-23 14:00:00,358.0,2023-08-23 10:00:00,2023-08-23 14:00:00,355.0,2023-08-23 10:00:00,2023-08-23 14:00:00,362.671875,2023-08-24 10:00:00,189.281494140625,2023-08-24 10:00:00,3.932609081268311,2023-08-24 10:00:00,90870.9453125,2023-08-24 10:00:00,54.077277563623056,2023-08-24 10:00:00,343.0
2023-08-25 10:00:00,343.0,24.0,2023-08-24 10:00:00,2023-08-24 14:00:00,355.0,836.5,2023-08-24 10:00:00,2023-08-24 14:00:00,274.0,2023-08-24 10:00:00,2023-08-24 14:00:00,328.0,2023-08-24 10:00:00,2023-08-24 14:00:00,350.0,2023-08-24 10:00:00,2023-08-24 14:00:00,343.0,2023-08-24 10:00:00,2023-08-24 14:00:00,359.358642578125,2023-08-25 10:00:00,183.52134704589844,2023-08-25 10:00:00,3.90658450126648,2023-08-25 10:00:00,99159.5078125,2023-08-25 10:00:00,53.21690672716295,2023-08-25 10:00:00,340.0
2023-08-26 10:00:00,340.0,24.0,2023-08-25 10:00:00,2023-08-25 14:00:00,343.0,844.5999755859375,2023-08-25 10:00:00,2023-08-25 14:00:00,275.0,2023-08-25 10:00:00,2023-08-25 14:00:00,325.0,2023-08-25 10:00:00,2023-08-25 14:00:00,348.0,2023-08-25 10:00:00,2023-08-25 14:00:00,340.0,2023-08-25 10:00:00,2023-08-25 14:00:00,357.87811279296875,2023-08-26 10:00:00,171.65530395507812,2023-08-26 10:00:00,3.9433202743530273,2023-08-26 10:00:00,93921.5859375,2023-08-26 10:00:00,50.67167611185209,2023-08-26 10:00:00,340.0
2023-08-27 10:00:00,340.0,24.0,2023-08-26 10:00:00,2023-08-26 14:00:00,340.0,835.7999877929688,2023-08-26 10:00:00,2023-08-26 14:00:00,275.0,2023-08-26 10:00:00,2023-08-26 14:00:00,325.0,2023-08-26 10:00:00,2023-08-26 14:00:00,343.0,2023-08-26 10:00:00,2023-08-26 14:00:00,340.0,2023-08-26 10:00:00,2023-08-26 14:00:00,362.7108459472656,2023-08-27 10:00:00,194.8662872314453,2023-08-27 10:00:00,3.820345401763916,2023-08-27 10:00:00,102013.5703125,2023-08-27 10:00:00,53.65964977191311,2023-08-27 10:00:00,340.0
2023-08-28 10:00:00,340.0,24.0,2023-08-27 10:00:00,2023-08-27 14:00:00,340.0,836.4000244140625,2023-08-27 10:00:00,2023-08-27 14:00:00,273.0,2023-08-27 10:00:00,2023-08-27 14:00:00,328.0,2023-08-27 10:00:00,2023-08-27 14:00:00,344.0,2023-08-27 10:00:00,2023-08-27 14:00:00,340.0,2023-08-27 10:00:00,2023-08-27 14:00:00,369.8251037597656,2023-08-28 10:00:00,232.48126220703125,2023-08-28 10:00:00,3.888288736343384,2023-08-28 10:00:00,102548.375,2023-08-28 10:00:00,53.048500651778454,2023-08-28 10:00:00,346.0
2023-08-29 09:35:00,346.0,23.583333333333332,2023-08-28 10:00:00,2023-08-28 14:00:00,340.0,836.5,2023-08-28 10:00:00,2023-08-28 14:00:00,272.0,2023-08-28 10:00:00,2023-08-28 14:00:00,329.0,2023-08-28 10:00:00,2023-08-28 14:00:00,353.0,2023-08-28 10:00:00,2023-08-28 14:00:00,346.0,2023-08-28 10:00:00,2023-08-28 14:00:00,375.3296508789063,2023-08-29 09:30:00,243.5778350830078,2023-08-29 09:30:00,3.9816060066223145,2023-08-29 09:30:00,99564.34375,2023-08-29 09:30:00,52.80875894459484,2023-08-29 09:35:00,353.0
2023-08-30 10:00:00,353.0,24.416666666666668,2023-08-29 09:35:00,2023-08-29 13:35:00,346.0,837.2999877929688,2023-08-29 09:35:00,2023-08-29 13:35:00,275.0,2023-08-29 09:35:00,2023-08-29 13:35:00,338.0,2023-08-29 09:35:00,2023-08-29 13:35:00,358.0,2023-08-29 09:35:00,2023-08-29 13:35:00,353.0,2023-08-29 09:35:00,2023-08-29 13:35:00,372.894287109375,2023-08-30 10:00:00,237.0406951904297,2023-08-30 10:00:00,4.033046245574951,2023-08-30 10:00:00,103252.5390625,2023-08-30 10:00:00,53.14185198454118,2023-08-30 10:00:00,343.0
2023-08-31 10:00:00,343.0,24.0,2023-08-30 10:00:00,2023-08-30 14:00:00,346.0,836.0999755859375,2023-08-30 10:00:00,2023-08-30 14:00:00,272.0,2023-08-30 10:00:00,2023-08-30 14:00:00,330.0,2023-08-30 10:00:00,2023-08-30 14:00:00,345.0,2023-08-30 10:00:00,2023-08-30 14:00:00,343.0,2023-08-30 10:00:00,2023-08-30 14:00:00,369.0514526367188,2023-08-31 10:00:00,220.3076019287109,2023-08-31 10:00:00,3.985590696334839,2023-08-31 10:00:00,99083.4140625,2023-08-31 10:00:00,52.94700173971626,2023-08-31 10:00:00,344.0
2023-09-01 10:00:00,344.0,24.0,2023-08-31 10:00:00,2023-08-31 14:00:00,344.0,836.0,2023-08-31 10:00:00,2023-08-31 14:00:00,272.0,2023-08-31 10:00:00,2023-08-31 14:00:00,329.0,2023-08-31 10:00:00,2023-08-31 14:00:00,344.0,2023-08-31 10:00:00,2023-08-31 14:00:00,344.0,2023-08-31 10:00:00,2023-08-31 14:00:00,362.1174011230469,2023-09-01 10:00:00,249.59657287597656,2023-09-01 10:00:00,3.970832347869873,2023-09-01 10:00:00,100611.03125,2023-09-01 10:00:00,52.981590619594954,2023-09-01 10:00:00,333.0
2023-09-02 10:00:00,333.0,24.0,2023-09-01 10:00:00,2023-09-01 14:00:00,343.0,831.5,2023-09-01 10:00:00,2023-09-01 14:00:00,262.0,2023-09-01 10:00:00,2023-09-01 14:00:00,318.0,2023-09-01 10:00:00,2023-09-01 14:00:00,336.0,2023-09-01 10:00:00,2023-09-01 14:00:00,333.0,2023-09-01 10:00:00,2023-09-01 14:00:00,373.5696105957031,2023-09-02 10:00:00,256.007080078125,2023-09-02 10:00:00,3.9107511043548575,2023-09-02 10:00:00,97249.5625,2023-09-02 10:00:00,52.37348736996444,2023-09-02 10:00:00,345.0
2023-09-03 10:00:00,345.0,24.0,2023-09-02 10:00:00,2023-09-02 14:00:00,344.0,833.0999755859375,2023-09-02 10:00:00,2023-09-02 14:00:00,265.0,2023-09-02 10:00:00,2023-09-02 14:00:00,325.0,2023-09-02 10:00:00,2023-09-02 14:00:00,355.0,2023-09-02 10:00:00,2023-09-02 14:00:00,345.0,2023-09-02 10:00:00,2023-09-02 14:00:00,377.8079223632813,2023-09-03 10:00:00,249.1037139892578,2023-09-03 10:00:00,4.013120651245117,2023-09-03 10:00:00,98781.2890625,2023-09-03 10:00:00,52.48998992226791,2023-09-03 10:00:00,350.0
2023-09-04 10:00:00,350.0,24.0,2023-09-03 10:00:00,2023-09-03 14:00:00,345.0,834.9000244140625,2023-09-03 10:00:00,2023-09-03 14:00:00,269.0,2023-09-03 10:00:00,2023-09-03 14:00:00,331.0,2023-09-03 10:00:00,2023-09-03 14:00:00,360.0,2023-09-03 10:00:00,2023-09-03 14:00:00,350.0,2023-09-03 10:00:00,2023-09-03 14:00:00,364.9557495117188,2023-09-04 10:00:00,190.09783935546875,2023-09-04 10:00:00,3.7934086322784415,2023-09-04 10:00:00,85328.3359375,2023-09-04 10:00:00,52.733689570612114,2023-09-04 10:00:00,341.0
2023-09-05 04:00:00,341.0,18.0,2023-09-04 10:00:00,2023-09-04 14:00:00,345.0,836.2000122070312,2023-09-04 10:00:00,2023-09-04 14:00:00,272.0,2023-09-04 10:00:00,2023-09-04 14:00:00,326.0,2023-09-04 10:00:00,2023-09-04 14:00:00,349.0,2023-09-04 10:00:00,2023-09-04 14:00:00,341.0,2023-09-04 10:00:00,2023-09-04 14:00:00,367.44915771484375,2023-09-05 04:00:00,195.5927276611328,2023-09-05 04:00:00,3.994269609451294,2023-09-05 04:00:00,91437.4453125,2023-09-05 04:00:00,52.91240724472584,2023-09-05 04:00:00,350.0
2023-09-05 10:00:00,350.0,6.0,2023-09-05 04:00:00,2023-09-05 08:00:00,350.0,836.2000122070312,2023-09-04 10:00:00,2023-09-04 14:00:00,272.0,2023-09-05 04:00:00,2023-09-05 08:00:00,335.0,2023-09-05 04:00:00,2023-09-05 08:00:00,349.0,2023-09-04 10:00:00,2023-09-04 14:00:00,350.0,2023-09-05 04:00:00,2023-09-05 08:00:00,372.11859130859375,2023-09-05 10:00:00,203.5132751464844,2023-09-05 10:00:00,3.9263336658477774,2023-09-05 10:00:00,89112.0703125,2023-09-05 10:00:00,52.91240724472584,2023-09-05 10:00:00,350.0
2023-09-06 10:00:00,350.0,24.0,2023-09-05 10:00:00,2023-09-05 14:00:00,350.0,835.7000122070312,2023-09-05 10:00:00,2023-09-05 14:00:00,272.0,2023-09-05 10:00:00,2023-09-05 14:00:00,334.0,2023-09-05 10:00:00,2023-09-05 14:00:00,359.0,2023-09-05 10:00:00,2023-09-05 14:00:00,350.0,2023-09-05 10:00:00,2023-09-05 14:00:00,375.22509765625,2023-09-06 10:00:00,205.47000122070312,2023-09-06 10:00:00,3.92047381401062,2023-09-06 10:00:00,87083.234375,2023-09-06 10:00:00,53.08547133226864,2023-09-06 10:00:00,357.0
2023-09-07 10:00:00,357.0,24.0,2023-09-06 10:00:00,2023-09-06 14:00:00,350.0,836.7999877929688,2023-09-06 10:00:00,2023-09-06 14:00:00,274.0,2023-09-06 10:00:00,2023-09-06 14:00:00,343.0,2023-09-06 10:00:00,2023-09-06 14:00:00,363.0,2023-09-06 10:00:00,2023-09-06 14:00:00,357.0,2023-09-06 10:00:00,2023-09-06 14:00:00,367.3358154296875,2023-09-07 10:00:00,196.99703979492188,2023-09-07 10:00:00,3.911288261413574,2023-09-07 10:00:00,87763.3125,2023-09-07 10:00:00,53.11339786888334,2023-09-07 10:00:00,347.0
2023-09-08 10:00:00,347.0,24.0,2023-09-07 10:00:00,2023-09-07 14:00:00,350.0,835.7000122070312,2023-09-07 10:00:00,2023-09-07 14:00:00,272.0,2023-09-07 10:00:00,2023-09-07 14:00:00,334.0,2023-09-07 10:00:00,2023-09-07 14:00:00,354.0,2023-09-07 10:00:00,2023-09-07 14:00:00,347.0,2023-09-07 10:00:00,2023-09-07 14:00:00,369.7722473144531,2023-09-08 10:00:00,197.46939086914065,2023-09-08 10:00:00,3.9884684085845934,2023-09-08 10:00:00,87266.421875,2023-09-08 10:00:00,53.08547133226864,2023-09-08 10:00:00,352.0
2023-09-09 10:00:00,352.0,24.0,2023-09-08 10:00:00,2023-09-08 14:00:00,352.0,838.7000122070312,2023-09-08 10:00:00,2023-09-08 14:00:00,272.0,2023-09-08 10:00:00,2023-09-08 14:00:00,335.0,2023-09-08 10:00:00,2023-09-08 14:00:00,349.0,2023-09-08 10:00:00,2023-09-08 14:00:00,352.0,2023-09-08 10:00:00,2023-09-08 14:00:00,367.9935607910156,2023-09-09 10:00:00,188.9321136474609,2023-09-09 10:00:00,3.921497821807861,2023-09-09 10:00:00,86267.78125,2023-09-09 10:00:00,52.052897357012284,2023-09-09 10:00:00,353.0
2023-09-10 10:00:00,353.0,24.0,2023-09-09 10:00:00,2023-09-09 14:00:00,352.0,836.0999755859375,2023-09-09 10:00:00,2023-09-09 14:00:00,274.0,2023-09-09 10:00:00,2023-09-09 14:00:00,336.0,2023-09-09 10:00:00,2023-09-09 14:00:00,356.0,2023-09-09 10:00:00,2023-09-09 14:00:00,353.0,2023-09-09 10:00:00,2023-09-09 14:00:00,359.8214416503906,2023-09-10 10:00:00,174.94607543945312,2023-09-10 10:00:00,3.921428918838501,2023-09-10 10:00:00,79182.921875,2023-09-10 10:00:00,53.355149522284364,2023-09-10 10:00:00,337.0
2023-09-11 10:00:00,337.0,24.0,2023-09-10 10:00:00,2023-09-10 14:00:00,352.0,833.7000122070312,2023-09-10 10:00:00,2023-09-10 14:00:00,268.0,2023-09-10 10:00:00,2023-09-10 14:00:00,322.0,2023-09-10 10:00:00,2023-09-10 14:00:00,342.0,2023-09-10 10:00:00,2023-09-10 14:00:00,337.0,2023-09-10 10:00:00,2023-09-10 14:00:00,359.84619140625,2023-09-11 10:00:00,183.323471069336,2023-09-11 10:00:00,3.9235262870788574,2023-09-11 10:00:00,82735.7109375,2023-09-11 10:00:00,52.937622244360455,2023-09-11 10:00:00,354.0
2023-09-12 10:00:00,354.0,24.0,2023-09-11 10:00:00,2023-09-11 14:00:00,353.0,825.5999755859375,2023-09-11 10:00:00,2023-09-11 14:00:00,269.0,2023-09-11 10:00:00,2023-09-11 14:00:00,337.0,2023-09-11 10:00:00,2023-09-11 14:00:00,345.0,2023-09-11 10:00:00,2023-09-11 14:00:00,354.0,2023-09-11 10:00:00,2023-09-11 14:00:00,366.7764892578125,2023-09-12 10:00:00,196.2596893310547,2023-09-12 10:00:00,3.73577618598938,2023-09-12 10:00:00,90364.890625,2023-09-12 10:00:00,56.034837041654555,2023-09-12 10:00:00,352.0
2023-09-13 02:00:00,352.0,16.0,2023-09-12 10:00:00,2023-09-12 14:00:00,352.0,835.5,2023-09-12 10:00:00,2023-09-12 14:00:00,268.0,2023-09-12 10:00:00,2023-09-12 14:00:00,335.0,2023-09-12 10:00:00,2023-09-12 14:00:00,357.0,2023-09-12 10:00:00,2023-09-12 14:00:00,352.0,2023-09-12 10:00:00,2023-09-12 14:00:00,373.2612915039063,2023-09-13 02:00:00,208.8866424560547,2023-09-13 02:00:00,3.866436004638672,2023-09-13 02:00:00,94669.203125,2023-09-13 02:00:00,52.3108305265157,2023-09-13 02:00:00,360.0
2023-09-13 10:00:00,360.0,8.0,2023-09-13 02:00:00,2023-09-13 06:00:00,354.0,835.5,2023-09-12 10:00:00,2023-09-12 14:00:00,271.0,2023-09-13 02:00:00,2023-09-13 06:00:00,341.0,2023-09-13 02:00:00,2023-09-13 06:00:00,357.0,2023-09-12 10:00:00,2023-09-12 14:00:00,360.0,2023-09-13 02:00:00,2023-09-13 06:00:00,373.7570495605469,2023-09-13 10:00:00,210.9615020751953,2023-09-13 10:00:00,3.980518579483032,2023-09-13 10:00:00,94908.3984375,2023-09-13 10:00:00,52.94729808275849,2023-09-13 10:00:00,360.0
2023-09-14 10:00:00,360.0,24.0,2023-09-13 10:00:00,2023-09-13 14:00:00,360.0,836.0,2023-09-13 10:00:00,2023-09-13 14:00:00,274.0,2023-09-13 10:00:00,2023-09-13 14:00:00,341.0,2023-09-13 10:00:00,2023-09-13 14:00:00,365.0,2023-09-13 10:00:00,2023-09-13 14:00:00,360.0,2023-09-13 10:00:00,2023-09-13 14:00:00,369.3365173339844,2023-09-14 10:00:00,198.69140625,2023-09-14 10:00:00,3.9882640838623047,2023-09-14 10:00:00,91007.640625,2023-09-14 10:00:00,53.38973840216306,2023-09-14 10:00:00,354.0
2023-09-15 10:00:00,354.0,24.0,2023-09-14 10:00:00,2023-09-14 14:00:00,360.0,835.2999877929688,2023-09-14 10:00:00,2023-09-14 14:00:00,272.0,2023-09-14 10:00:00,2023-09-14 14:00:00,336.0,2023-09-14 10:00:00,2023-09-14 14:00:00,366.0,2023-09-14 10:00:00,2023-09-14 14:00:00,354.0,2023-09-14 10:00:00,2023-09-14 14:00:00,371.446533203125,2023-09-15 10:00:00,201.77720642089844,2023-09-15 10:00:00,3.828760147094727,2023-09-15 10:00:00,89191.890625,2023-09-15 10:00:00,53.22420998368705,2023-09-15 10:00:00,350.0
2023-09-16 10:00:00,350.0,24.0,2023-09-15 10:00:00,2023-09-15 14:00:00,354.0,835.5,2023-09-15 10:00:00,2023-09-15 14:00:00,270.0,2023-09-15 10:00:00,2023-09-15 14:00:00,336.0,2023-09-15 10:00:00,2023-09-15 14:00:00,360.0,2023-09-15 10:00:00,2023-09-15 14:00:00,350.0,2023-09-15 10:00:00,2023-09-15 14:00:00,368.0010681152344,2023-09-16 10:00:00,177.4573974609375,2023-09-16 10:00:00,3.980235099792481,2023-09-16 10:00:00,81369.71875,2023-09-16 10:00:00,52.73747458273317,2023-09-16 10:00:00,345.0
2023-09-17 10:00:00,345.0,24.0,2023-09-16 10:00:00,2023-09-16 14:00:00,350.0,834.5999755859375,2023-09-16 10:00:00,2023-09-16 14:00:00,269.0,2023-09-16 10:00:00,2023-09-16 14:00:00,329.0,2023-09-16 10:00:00,2023-09-16 14:00:00,352.0,2023-09-16 10:00:00,2023-09-16 14:00:00,345.0,2023-09-16 10:00:00,2023-09-16 14:00:00,364.2169799804688,2023-09-17 10:00:00,185.7664031982422,2023-09-17 10:00:00,3.904375314712525,2023-09-17 10:00:00,78252.578125,2023-09-17 10:00:00,52.83810283319258,2023-09-17 10:00:00,342.0
2023-09-18 10:00:00,342.0,24.0,2023-09-17 10:00:00,2023-09-17 14:00:00,345.0,834.2999877929688,2023-09-17 10:00:00,2023-09-17 14:00:00,270.0,2023-09-17 10:00:00,2023-09-17 14:00:00,326.0,2023-09-17 10:00:00,2023-09-17 14:00:00,349.0,2023-09-17 10:00:00,2023-09-17 14:00:00,342.0,2023-09-17 10:00:00,2023-09-17 14:00:00,365.4715576171875,2023-09-18 10:00:00,190.8386383056641,2023-09-18 10:00:00,3.951189994812012,2023-09-18 10:00:00,80345.0,2023-09-18 10:00:00,53.15478501673999,2023-09-18 10:00:00,348.0
2023-09-19 10:00:00,348.0,24.0,2023-09-18 10:00:00,2023-09-18 14:00:00,345.0,834.5999755859375,2023-09-18 10:00:00,2023-09-18 14:00:00,265.0,2023-09-18 10:00:00,2023-09-18 14:00:00,330.0,2023-09-18 10:00:00,2023-09-18 14:00:00,334.0,2023-09-18 10:00:00,2023-09-18 14:00:00,348.0,2023-09-18 10:00:00,2023-09-18 14:00:00,366.6495666503906,2023-09-19 10:00:00,203.77105712890625,2023-09-19 10:00:00,3.865560531616211,2023-09-19 10:00:00,83616.8515625,2023-09-19 10:00:00,51.96591671252429,2023-09-19 10:00:00,341.0
2023-09-20 10:00:00,341.0,24.0,2023-09-19 10:00:00,2023-09-19 14:00:00,342.0,835.0,2023-09-19 10:00:00,2023-09-19 14:00:00,270.0,2023-09-19 10:00:00,2023-09-19 14:00:00,323.0,2023-09-19 10:00:00,2023-09-19 14:00:00,346.0,2023-09-19 10:00:00,2023-09-19 14:00:00,341.0,2023-09-19 10:00:00,2023-09-19 14:00:00,371.535888671875,2023-09-20 10:00:00,235.6442108154297,2023-09-20 10:00:00,4.002340793609619,2023-09-20 10:00:00,94520.3671875,2023-09-20 10:00:00,52.91108099773328,2023-09-20 10:00:00,341.0
2023-09-21 10:00:00,341.0,24.0,2023-09-20 10:00:00,2023-09-20 14:00:00,341.0,835.2999877929688,2023-09-20 10:00:00,2023-09-20 14:00:00,269.0,2023-09-20 10:00:00,2023-09-20 14:00:00,325.0,2023-09-20 10:00:00,2023-09-20 14:00:00,347.0,2023-09-20 10:00:00,2023-09-20 14:00:00,341.0,2023-09-20 10:00:00,2023-09-20 14:00:00,366.3905334472656,2023-09-21 10:00:00,208.2938232421875,2023-09-21 10:00:00,4.032664775848389,2023-09-21 10:00:00,93610.921875,2023-09-21 10:00:00,52.59472419741974,2023-09-21 10:00:00,342.0
2023-09-22 10:00:00,342.0,24.0,2023-09-21 10:00:00,2023-09-21 14:00:00,341.0,835.2000122070312,2023-09-21 10:00:00,2023-09-21 14:00:00,272.0,2023-09-21 10:00:00,2023-09-21 14:00:00,327.0,2023-09-21 10:00:00,2023-09-21 14:00:00,351.0,2023-09-21 10:00:00,2023-09-21 14:00:00,342.0,2023-09-21 10:00:00,2023-09-21 14:00:00,362.0875854492188,2023-09-22 10:00:00,198.2271423339844,2023-09-22 10:00:00,3.92592978477478,2023-09-22 10:00:00,95111.2265625,2023-09-22 10:00:00,53.25892278981132,2023-09-22 10:00:00,343.0
2023-09-23 10:00:00,343.0,24.0,2023-09-22 10:00:00,2023-09-22 14:00:00,342.0,834.7000122070312,2023-09-22 10:00:00,2023-09-22 14:00:00,270.0,2023-09-22 10:00:00,2023-09-22 14:00:00,325.0,2023-09-22 10:00:00,2023-09-22 14:00:00,344.0,2023-09-22 10:00:00,2023-09-22 14:00:00,343.0,2023-09-22 10:00:00,2023-09-22 14:00:00,359.2690734863281,2023-09-23 10:00:00,183.9717712402344,2023-09-23 10:00:00,3.907414674758911,2023-09-23 10:00:00,84476.234375,2023-09-23 10:00:00,53.01542653549245,2023-09-23 10:00:00,344.0
2023-09-24 10:00:00,344.0,24.0,2023-09-23 10:00:00,2023-09-23 14:00:00,343.0,835.0999755859375,2023-09-23 10:00:00,2023-09-23 14:00:00,270.0,2023-09-23 10:00:00,2023-09-23 14:00:00,326.0,2023-09-23 10:00:00,2023-09-23 14:00:00,347.0,2023-09-23 10:00:00,2023-09-23 14:00:00,344.0,2023-09-23 10:00:00,2023-09-23 14:00:00,360.2169494628906,2023-09-24 10:00:00,188.6279296875,2023-09-24 10:00:00,3.930707931518554,2023-09-24 10:00:00,89086.0859375,2023-09-24 10:00:00,52.876337207683946,2023-09-24 10:00:00,344.0
2023-09-25 10:00:00,344.0,24.0,2023-09-24 10:00:00,2023-09-24 14:00:00,344.0,834.0,2023-09-24 10:00:00,2023-09-24 14:00:00,264.0,2023-09-24 10:00:00,2023-09-24 14:00:00,326.0,2023-09-24 10:00:00,2023-09-24 14:00:00,344.0,2023-09-24 10:00:00,2023-09-24 14:00:00,344.0,2023-09-24 10:00:00,2023-09-24 14:00:00,361.3108520507813,2023-09-25 10:00:00,184.30288696289065,2023-09-25 10:00:00,3.986936569213867,2023-09-25 10:00:00,87634.3984375,2023-09-25 10:00:00,51.95109752688563,2023-09-25 10:00:00,348.0
2023-09-26 10:00:00,348.0,24.0,2023-09-25 10:00:00,2023-09-25 14:00:00,344.0,835.9000244140625,2023-09-25 10:00:00,2023-09-25 14:00:00,272.0,2023-09-25 10:00:00,2023-09-25 14:00:00,332.0,2023-09-25 10:00:00,2023-09-25 14:00:00,351.0,2023-09-25 10:00:00,2023-09-25 14:00:00,348.0,2023-09-25 10:00:00,2023-09-25 14:00:00,357.0431213378906,2023-09-26 10:00:00,183.3618927001953,2023-09-26 10:00:00,3.97732138633728,2023-09-26 10:00:00,87013.109375,2023-09-26 10:00:00,53.016194986708456,2023-09-26 10:00:00,339.0
2023-09-27 10:00:00,339.0,24.0,2023-09-26 10:00:00,2023-09-26 14:00:00,344.0,835.0999755859375,2023-09-26 10:00:00,2023-09-26 14:00:00,270.0,2023-09-26 10:00:00,2023-09-26 14:00:00,324.0,2023-09-26 10:00:00,2023-09-26 14:00:00,336.0,2023-09-26 10:00:00,2023-09-26 14:00:00,339.0,2023-09-26 10:00:00,2023-09-26 14:00:00,356.5137634277344,2023-09-27 10:00:00,187.97080993652344,2023-09-27 10:00:00,4.005131244659424,2023-09-27 10:00:00,90748.1875,2023-09-27 10:00:00,52.876337207683946,2023-09-27 10:00:00,341.0
2023-09-28 10:00:00,341.0,24.0,2023-09-27 10:00:00,2023-09-27 14:00:00,341.0,833.9000244140625,2023-09-27 10:00:00,2023-09-27 14:00:00,267.0,2023-09-27 10:00:00,2023-09-27 14:00:00,325.0,2023-09-27 10:00:00,2023-09-27 14:00:00,343.0,2023-09-27 10:00:00,2023-09-27 14:00:00,341.0,2023-09-27 10:00:00,2023-09-27 14:00:00,371.6394348144531,2023-09-28 10:00:00,222.4642028808593,2023-09-28 10:00:00,3.855436086654663,2023-09-28 10:00:00,98890.796875,2023-09-28 10:00:00,52.65087446770633,2023-09-28 10:00:00,339.0
2023-09-29 10:00:00,339.0,24.0,2023-09-28 10:00:00,2023-09-28 14:00:00,339.0,838.5,2023-09-28 10:00:00,2023-09-28 14:00:00,275.0,2023-09-28 10:00:00,2023-09-28 14:00:00,325.0,2023-09-28 10:00:00,2023-09-28 14:00:00,345.0,2023-09-28 10:00:00,2023-09-28 14:00:00,339.0,2023-09-28 10:00:00,2023-09-28 14:00:00,356.59796142578125,2023-09-29 10:00:00,170.68508911132812,2023-09-29 10:00:00,3.9434311389923096,2023-09-29 10:00:00,79610.28125,2023-09-29 10:00:00,52.73011973527821,2023-09-29 10:00:00,341.0
2023-09-30 10:00:00,341.0,24.0,2023-09-29 10:00:00,2023-09-29 14:00:00,341.0,834.2999877929688,2023-09-29 10:00:00,2023-09-29 14:00:00,271.0,2023-09-29 10:00:00,2023-09-29 14:00:00,327.0,2023-09-29 10:00:00,2023-09-29 14:00:00,345.0,2023-09-29 10:00:00,2023-09-29 14:00:00,341.0,2023-09-29 10:00:00,2023-09-29 14:00:00,355.9952392578125,2023-09-30 10:00:00,175.79037475585938,2023-09-30 10:00:00,3.990826606750488,2023-09-30 10:00:00,82684.78125,2023-09-30 10:00:00,53.364608516765315,2023-09-30 10:00:00,340.0
2023-10-01 10:00:00,340.0,24.0,2023-09-30 10:00:00,2023-09-30 14:00:00,340.0,835.0,2023-09-30 10:00:00,2023-09-30 14:00:00,270.0,2023-09-30 10:00:00,2023-09-30 14:00:00,324.0,2023-09-30 10:00:00,2023-09-30 14:00:00,343.0,2023-09-30 10:00:00,2023-09-30 14:00:00,340.0,2023-09-30 10:00:00,2023-09-30 14:00:00,363.3384094238281,2023-10-01 10:00:00,172.0687255859375,2023-10-01 10:00:00,3.8368754386901855,2023-10-01 10:00:00,79628.171875,2023-10-01 10:00:00,52.91108099773328,2023-10-01 10:00:00,342.0
2023-10-02 10:00:00,342.0,24.0,2023-10-01 10:00:00,2023-10-01 14:00:00,341.0,835.5999755859375,2023-10-01 10:00:00,2023-10-01 14:00:00,274.0,2023-10-01 10:00:00,2023-10-01 14:00:00,328.0,2023-10-01 10:00:00,2023-10-01 14:00:00,350.0,2023-10-01 10:00:00,2023-10-01 14:00:00,342.0,2023-10-01 10:00:00,2023-10-01 14:00:00,361.6039123535156,2023-10-02 10:00:00,163.478271484375,2023-10-02 10:00:00,3.954601526260376,2023-10-02 10:00:00,81808.6015625,2023-10-02 10:00:00,53.5282911121991,2023-10-02 10:00:00,340.0
2023-10-03 09:15:00,340.0,23.25,2023-10-02 10:00:00,2023-10-02 14:00:00,340.0,839.7000122070312,2023-10-02 10:00:00,2023-10-02 14:00:00,271.0,2023-10-02 10:00:00,2023-10-02 14:00:00,326.0,2023-10-02 10:00:00,2023-10-02 14:00:00,353.0,2023-10-02 10:00:00,2023-10-02 14:00:00,340.0,2023-10-02 10:00:00,2023-10-02 14:00:00,364.5879211425781,2023-10-03 09:10:00,168.30369567871094,2023-10-03 09:10:00,3.911424398422241,2023-10-03 09:10:00,80634.0078125,2023-10-03 09:10:00,51.50429341009067,2023-10-03 09:15:00,350.0
2023-10-04 22:00:00,350.0,36.75,2023-10-03 09:15:00,2023-10-03 13:15:00,342.0,838.4000244140625,2023-10-03 09:15:00,2023-10-03 13:15:00,277.0,2023-10-03 09:15:00,2023-10-03 13:15:00,331.0,2023-10-03 09:15:00,2023-10-03 13:15:00,345.0,2023-10-04 10:00:00,2023-10-04 14:00:00,350.0,2023-10-03 09:15:00,2023-10-03 13:15:00,361.907958984375,2023-10-04 22:00:00,165.6083221435547,2023-10-04 22:00:00,3.937905550003052,2023-10-04 22:00:00,81454.25,2023-10-04 22:00:00,53.15892647882936,2023-10-04 22:00:00,344.0
2023-10-05 10:00:00,344.0,12.0,2023-10-04 22:00:00,2023-10-05 02:00:00,344.0,,2023-10-03 09:15:00,2023-10-03 13:15:00,276.0,2023-10-04 22:00:00,2023-10-05 02:00:00,330.0,2023-10-04 22:00:00,2023-10-05 02:00:00,345.0,2023-10-04 10:00:00,2023-10-04 14:00:00,344.0,2023-10-04 22:00:00,2023-10-05 02:00:00,360.833984375,2023-10-05 10:00:00,163.65455627441406,2023-10-05 10:00:00,3.8826067447662354,2023-10-05 10:00:00,81836.3828125,2023-10-05 10:00:00,,2023-10-05 10:00:00,344.0
2023-10-06 10:00:00,344.0,24.0,2023-10-05 10:00:00,2023-10-05 14:00:00,344.0,836.5,2023-10-05 10:00:00,2023-10-05 14:00:00,278.0,2023-10-05 10:00:00,2023-10-05 14:00:00,329.0,2023-10-05 10:00:00,2023-10-05 14:00:00,345.0,2023-10-05 10:00:00,2023-10-05 14:00:00,344.0,2023-10-05 10:00:00,2023-10-05 14:00:00,368.0191345214844,2023-10-06 10:00:00,198.6639862060547,2023-10-06 10:00:00,3.873852014541626,2023-10-06 10:00:00,100981.671875,2023-10-06 10:00:00,54.00611495351711,2023-10-06 10:00:00,343.0
2023-10-07 10:00:00,343.0,24.0,2023-10-06 10:00:00,2023-10-06 14:00:00,344.0,837.9000244140625,2023-10-06 10:00:00,2023-10-06 14:00:00,277.0,2023-10-06 10:00:00,2023-10-06 14:00:00,328.0,2023-10-06 10:00:00,2023-10-06 14:00:00,346.0,2023-10-06 10:00:00,2023-10-06 14:00:00,343.0,2023-10-06 10:00:00,2023-10-06 14:00:00,369.255859375,2023-10-07 10:00:00,188.2498321533203,2023-10-07 10:00:00,3.9165754318237305,2023-10-07 10:00:00,82670.625,2023-10-07 10:00:00,53.33028612891496,2023-10-07 10:00:00,345.0
2023-10-08 10:00:00,345.0,24.0,2023-10-07 10:00:00,2023-10-07 14:00:00,344.0,838.7000122070312,2023-10-07 10:00:00,2023-10-07 14:00:00,276.0,2023-10-07 10:00:00,2023-10-07 14:00:00,329.0,2023-10-07 10:00:00,2023-10-07 14:00:00,351.0,2023-10-07 10:00:00,2023-10-07 14:00:00,345.0,2023-10-07 10:00:00,2023-10-07 14:00:00,366.2195129394531,2023-10-08 10:00:00,195.5328521728516,2023-10-08 10:00:00,3.895148277282715,2023-10-08 10:00:00,101772.2890625,2023-10-08 10:00:00,52.86012485650599,2023-10-08 10:00:00,338.0
2023-10-09 10:00:00,338.0,24.0,2023-10-08 10:00:00,2023-10-08 14:00:00,343.0,838.7000122070312,2023-10-08 10:00:00,2023-10-08 14:00:00,275.0,2023-10-08 10:00:00,2023-10-08 14:00:00,326.0,2023-10-08 10:00:00,2023-10-08 14:00:00,353.0,2023-10-08 10:00:00,2023-10-08 14:00:00,338.0,2023-10-08 10:00:00,2023-10-08 14:00:00,360.9790344238281,2023-10-09 10:00:00,170.2238311767578,2023-10-09 10:00:00,3.944735050201416,2023-10-09 10:00:00,93342.625,2023-10-09 10:00:00,52.66171114769554,2023-10-09 10:00:00,339.0
2023-10-10 10:00:00,339.0,24.0,2023-10-09 10:00:00,2023-10-09 14:00:00,339.0,841.0999755859375,2023-10-09 10:00:00,2023-10-09 14:00:00,277.0,2023-10-09 10:00:00,2023-10-09 14:00:00,325.0,2023-10-09 10:00:00,2023-10-09 14:00:00,347.0,2023-10-09 10:00:00,2023-10-09 14:00:00,339.0,2023-10-09 10:00:00,2023-10-09 14:00:00,349.9703369140625,2023-10-10 10:00:00,129.86476135253906,2023-10-10 10:00:00,3.975622177124024,2023-10-10 10:00:00,84242.015625,2023-10-10 10:00:00,52.240294633119106,2023-10-10 10:00:00,330.0
2023-10-11 10:00:00,330.0,24.0,2023-10-10 10:00:00,2023-10-10 14:00:00,338.0,835.9000244140625,2023-10-10 10:00:00,2023-10-10 14:00:00,268.0,2023-10-10 10:00:00,2023-10-10 14:00:00,315.0,2023-10-10 10:00:00,2023-10-10 14:00:00,344.0,2023-10-10 10:00:00,2023-10-10 14:00:00,330.0,2023-10-10 10:00:00,2023-10-10 14:00:00,350.0931396484375,2023-10-11 10:00:00,137.48890686035156,2023-10-11 10:00:00,4.017446041107178,2023-10-11 10:00:00,82798.9765625,2023-10-11 10:00:00,52.172215848629435,2023-10-11 10:00:00,303.0
2023-10-12 10:00:00,303.0,24.0,2023-10-11 10:00:00,2023-10-11 14:00:00,330.0,834.7000122070312,2023-10-11 10:00:00,2023-10-11 14:00:00,268.0,2023-10-11 10:00:00,2023-10-11 14:00:00,316.0,2023-10-11 10:00:00,2023-10-11 14:00:00,334.0,2023-10-11 10:00:00,2023-10-11 14:00:00,303.0,2023-10-11 10:00:00,2023-10-11 14:00:00,351.29754638671875,2023-10-12 10:00:00,150.80612182617188,2023-10-12 10:00:00,3.929453611373901,2023-10-12 10:00:00,82226.875,2023-10-12 10:00:00,52.58878247927498,2023-10-12 10:00:00,337.0
2023-10-14 10:00:00,337.0,48.0,2023-10-12 10:00:00,2023-10-12 14:00:00,330.0,835.5999755859375,2023-10-12 10:00:00,2023-10-12 14:00:00,272.0,2023-10-12 10:00:00,2023-10-12 14:00:00,320.0,2023-10-12 10:00:00,2023-10-12 14:00:00,347.0,2023-10-13 10:00:00,2023-10-13 14:00:00,337.0,2023-10-12 10:00:00,2023-10-12 14:00:00,371.8670959472656,2023-10-14 10:00:00,250.8083038330078,2023-10-14 10:00:00,4.052184104919434,2023-10-14 10:00:00,97663.7578125,2023-10-14 10:00:00,53.12014332963099,2023-10-14 10:00:00,333.0
2023-10-15 09:30:00,333.0,23.5,2023-10-14 10:00:00,2023-10-14 14:00:00,333.0,832.5999755859375,2023-10-14 10:00:00,2023-10-14 14:00:00,262.0,2023-10-14 10:00:00,2023-10-14 14:00:00,320.0,2023-10-14 10:00:00,2023-10-14 14:00:00,340.0,2023-10-14 10:00:00,2023-10-14 14:00:00,333.0,2023-10-14 10:00:00,2023-10-14 14:00:00,377.2815856933594,2023-10-15 09:30:00,204.2560577392578,2023-10-15 09:30:00,3.9912538528442383,2023-10-15 09:30:00,89126.6328125,2023-10-15 09:30:00,51.98610766448769,2023-10-15 09:30:00,345.0
2023-10-17 10:00:00,,48.5,2023-10-15 09:30:00,2023-10-15 13:30:00,,,2023-10-15 09:30:00,2023-10-15 13:30:00,,2023-10-15 09:30:00,2023-10-15 13:30:00,,2023-10-15 09:30:00,2023-10-15 13:30:00,356.0,2023-10-16 10:00:00,2023-10-16 14:00:00,,2023-10-15 09:30:00,2023-10-15 13:30:00,366.7740783691406,2023-10-17 10:00:00,181.19874572753903,2023-10-17 10:00:00,3.904311418533325,2023-10-17 10:00:00,97017.1796875,2023-10-17 10:00:00,,2023-10-17 10:00:00,338.0
2023-10-19 10:00:00,338.0,48.0,2023-10-17 10:00:00,2023-10-17 14:00:00,338.0,838.5999755859375,2023-10-17 10:00:00,2023-10-17 14:00:00,276.0,2023-10-17 10:00:00,2023-10-17 14:00:00,323.0,2023-10-17 10:00:00,2023-10-17 14:00:00,342.0,2023-10-18 10:00:00,2023-10-18 14:00:00,338.0,2023-10-17 10:00:00,2023-10-17 14:00:00,365.520751953125,2023-10-19 10:00:00,189.43174743652344,2023-10-19 10:00:00,3.907748937606812,2023-10-19 10:00:00,91795.53125,2023-10-19 10:00:00,52.89433183963729,2023-10-19 10:00:00,336.0
2023-10-21 09:30:00,336.0,47.5,2023-10-19 10:00:00,2023-10-19 14:00:00,338.0,837.5,2023-10-19 10:00:00,2023-10-19 14:00:00,272.0,2023-10-19 10:00:00,2023-10-19 14:00:00,324.0,2023-10-19 10:00:00,2023-10-19 14:00:00,340.0,2023-10-20 10:00:00,2023-10-20 14:00:00,336.0,2023-10-19 10:00:00,2023-10-19 14:00:00,360.7535400390625,2023-10-21 09:30:00,170.93128967285156,2023-10-21 09:30:00,3.791235208511353,2023-10-21 09:30:00,82675.6015625,2023-10-21 09:30:00,52.46425770459484,2023-10-21 09:30:00,338.0
2023-10-22 10:00:00,338.0,24.5,2023-10-21 09:30:00,2023-10-21 13:30:00,338.0,837.2000122070312,2023-10-21 09:30:00,2023-10-21 13:30:00,272.0,2023-10-21 09:30:00,2023-10-21 13:30:00,324.0,2023-10-21 09:30:00,2023-10-21 13:30:00,342.0,2023-10-21 09:30:00,2023-10-21 13:30:00,338.0,2023-10-21 09:30:00,2023-10-21 13:30:00,361.7273864746094,2023-10-22 10:00:00,169.94662475585938,2023-10-22 10:00:00,3.811934232711792,2023-10-22 10:00:00,82924.1875,2023-10-22 10:00:00,52.56744117964058,2023-10-22 10:00:00,343.0
2023-10-23 09:30:00,343.0,23.5,2023-10-22 10:00:00,2023-10-22 14:00:00,338.0,836.4000244140625,2023-10-22 10:00:00,2023-10-22 14:00:00,273.0,2023-10-22 10:00:00,2023-10-22 14:00:00,326.0,2023-10-22 10:00:00,2023-10-22 14:00:00,347.0,2023-10-22 10:00:00,2023-10-22 14:00:00,343.0,2023-10-22 10:00:00,2023-10-22 14:00:00,366.9576721191406,2023-10-23 09:30:00,175.15625,2023-10-23 09:30:00,3.891869306564331,2023-10-23 09:30:00,84420.9609375,2023-10-23 09:30:00,53.048500651778454,2023-10-23 09:30:00,350.0
2023-10-25 10:00:00,,48.5,2023-10-23 09:30:00,2023-10-23 13:30:00,,,2023-10-23 09:30:00,2023-10-23 13:30:00,,2023-10-23 09:30:00,2023-10-23 13:30:00,,2023-10-23 09:30:00,2023-10-23 13:30:00,355.0,2023-10-24 22:00:00,2023-10-25 02:00:00,,2023-10-23 09:30:00,2023-10-23 13:30:00,369.6169738769531,2023-10-25 10:00:00,178.76937866210938,2023-10-25 10:00:00,3.926392078399658,2023-10-25 10:00:00,86599.2421875,2023-10-25 10:00:00,,2023-10-25 10:00:00,350.0
2023-10-25 17:00:00,350.0,7.0,2023-10-25 10:00:00,2023-10-25 14:00:00,350.0,838.7000122070312,2023-10-25 10:00:00,2023-10-25 14:00:00,277.0,2023-10-25 10:00:00,2023-10-25 14:00:00,336.0,2023-10-25 10:00:00,2023-10-25 14:00:00,362.0,2023-10-25 10:00:00,2023-10-25 14:00:00,350.0,2023-10-25 10:00:00,2023-10-25 14:00:00,373.412353515625,2023-10-25 17:00:00,188.1537475585937,2023-10-25 17:00:00,3.89073657989502,2023-10-25 17:00:00,90392.203125,2023-10-25 17:00:00,53.05630079956052,2023-10-25 17:00:00,350.0
2023-10-26 10:00:00,350.0,17.0,2023-10-25 17:00:00,2023-10-25 21:00:00,350.0,838.7000122070312,2023-10-25 10:00:00,2023-10-25 14:00:00,275.0,2023-10-25 17:00:00,2023-10-25 21:00:00,334.0,2023-10-25 17:00:00,2023-10-25 21:00:00,362.0,2023-10-25 10:00:00,2023-10-25 14:00:00,350.0,2023-10-25 17:00:00,2023-10-25 21:00:00,373.7195739746094,2023-10-26 10:00:00,190.5364227294922,2023-10-26 10:00:00,3.897320508956909,2023-10-26 10:00:00,91766.5078125,2023-10-26 10:00:00,52.66171114769554,2023-10-26 10:00:00,352.0
2023-10-27 10:00:00,352.0,24.0,2023-10-26 10:00:00,2023-10-26 14:00:00,350.0,838.9000244140625,2023-10-26 10:00:00,2023-10-26 14:00:00,277.0,2023-10-26 10:00:00,2023-10-26 14:00:00,336.0,2023-10-26 10:00:00,2023-10-26 14:00:00,358.0,2023-10-26 10:00:00,2023-10-26 14:00:00,352.0,2023-10-26 10:00:00,2023-10-26 14:00:00,373.6064758300781,2023-10-27 10:00:00,194.0831451416016,2023-10-27 10:00:00,3.872123718261719,2023-10-27 10:00:00,101226.453125,2023-10-27 10:00:00,52.98795419874375,2023-10-27 10:00:00,354.0
2023-10-28 10:00:00,354.0,24.0,2023-10-27 10:00:00,2023-10-27 14:00:00,352.0,839.5999755859375,2023-10-27 10:00:00,2023-10-27 14:00:00,278.0,2023-10-27 10:00:00,2023-10-27 14:00:00,337.0,2023-10-27 10:00:00,2023-10-27 14:00:00,364.0,2023-10-27 10:00:00,2023-10-27 14:00:00,354.0,2023-10-27 10:00:00,2023-10-27 14:00:00,367.6269226074219,2023-10-28 10:00:00,163.24842834472656,2023-10-28 10:00:00,3.9739465713500977,2023-10-28 10:00:00,82882.9765625,2023-10-28 10:00:00,52.94321297923682,2023-10-28 10:00:00,354.0
2023-10-29 09:25:00,354.0,23.416666666666668,2023-10-28 10:00:00,2023-10-28 14:00:00,354.0,837.9000244140625,2023-10-28 10:00:00,2023-10-28 14:00:00,271.0,2023-10-28 10:00:00,2023-10-28 14:00:00,334.0,2023-10-28 10:00:00,2023-10-28 14:00:00,357.0,2023-10-28 10:00:00,2023-10-28 14:00:00,354.0,2023-10-28 10:00:00,2023-10-28 14:00:00,376.7341003417969,2023-10-29 09:20:00,215.88479614257807,2023-10-29 09:20:00,3.8665266036987305,2023-10-29 09:20:00,104345.9765625,2023-10-29 09:20:00,52.1193711045305,2023-10-29 09:25:00,347.0
2023-10-30 10:00:00,347.0,24.583333333333332,2023-10-29 09:25:00,2023-10-29 13:25:00,354.0,839.0999755859375,2023-10-29 09:25:00,2023-10-29 13:25:00,277.0,2023-10-29 09:25:00,2023-10-29 13:25:00,331.0,2023-10-29 09:25:00,2023-10-29 13:25:00,351.0,2023-10-29 09:30:00,2023-10-29 13:30:00,347.0,2023-10-29 09:25:00,2023-10-29 13:25:00,373.15771484375,2023-10-30 10:00:00,200.85386657714844,2023-10-30 10:00:00,3.9295654296875,2023-10-30 10:00:00,93464.7734375,2023-10-30 10:00:00,52.919690412777186,2023-10-30 10:00:00,348.0
2023-10-31 10:00:00,348.0,24.0,2023-10-30 10:00:00,2023-10-30 14:00:00,348.0,839.0,2023-10-30 10:00:00,2023-10-30 14:00:00,275.0,2023-10-30 10:00:00,2023-10-30 14:00:00,334.0,2023-10-30 10:00:00,2023-10-30 14:00:00,352.0,2023-10-30 10:00:00,2023-10-30 14:00:00,348.0,2023-10-30 10:00:00,2023-10-30 14:00:00,371.1351013183594,2023-10-31 10:00:00,206.494140625,2023-10-31 10:00:00,3.9254419803619385,2023-10-31 10:00:00,94521.5390625,2023-10-31 10:00:00,52.55922491027809,2023-10-31 10:00:00,348.0
2023-10-31 23:28:00,348.0,13.466666666666667,2023-10-31 10:00:00,2023-10-31 14:00:00,348.0,837.7000122070312,2023-10-31 10:00:00,2023-10-31 14:00:00,274.0,2023-10-31 10:00:00,2023-10-31 14:00:00,330.0,2023-10-31 10:00:00,2023-10-31 14:00:00,354.0,2023-10-31 10:00:00,2023-10-31 14:00:00,348.0,2023-10-31 10:00:00,2023-10-31 14:00:00,371.9944763183594,2023-10-31 23:20:00,213.06661987304688,2023-10-31 23:20:00,3.9420998096466064,2023-10-31 23:20:00,96998.453125,2023-10-31 23:20:00,52.803686984665774,2023-10-31 23:28:00,344.0
2023-11-01 10:00:00,344.0,10.533333333333333,2023-10-31 23:28:00,2023-11-01 03:28:00,348.0,837.7000122070312,2023-10-31 10:00:00,2023-10-31 14:00:00,274.0,2023-10-31 23:28:00,2023-11-01 03:28:00,330.0,2023-10-31 23:28:00,2023-11-01 03:28:00,354.0,2023-10-31 10:00:00,2023-10-31 14:00:00,344.0,2023-10-31 23:28:00,2023-11-01 03:28:00,372.489501953125,2023-11-01 10:00:00,217.18701171875,2023-11-01 10:00:00,3.978188753128052,2023-11-01 10:00:00,99642.9296875,2023-11-01 10:00:00,52.803686984665774,2023-11-01 10:00:00,346.0
2023-11-02 10:00:00,346.0,24.0,2023-11-01 10:00:00,2023-11-01 14:00:00,346.0,837.4000244140625,2023-11-01 10:00:00,2023-11-01 14:00:00,272.0,2023-11-01 10:00:00,2023-11-01 14:00:00,328.0,2023-11-01 10:00:00,2023-11-01 14:00:00,343.0,2023-11-01 10:00:00,2023-11-01 14:00:00,346.0,2023-11-01 10:00:00,2023-11-01 14:00:00,374.9113159179688,2023-11-02 10:00:00,223.5741577148437,2023-11-02 10:00:00,3.8946101665496826,2023-11-02 10:00:00,102299.390625,2023-11-02 10:00:00,52.49862970645211,2023-11-02 10:00:00,347.0
2023-11-03 10:00:00,347.0,24.0,2023-11-02 10:00:00,2023-11-02 14:00:00,346.0,837.2000122070312,2023-11-02 10:00:00,2023-11-02 14:00:00,272.0,2023-11-02 10:00:00,2023-11-02 14:00:00,330.0,2023-11-02 10:00:00,2023-11-02 14:00:00,350.0,2023-11-02 10:00:00,2023-11-02 14:00:00,347.0,2023-11-02 10:00:00,2023-11-02 14:00:00,382.5267333984375,2023-11-03 10:00:00,232.25108337402344,2023-11-03 10:00:00,3.8973388671875,2023-11-03 10:00:00,104717.859375,2023-11-03 10:00:00,52.56744117964058,2023-11-03 10:00:00,357.0
2023-11-03 21:00:00,357.0,11.0,2023-11-03 10:00:00,2023-11-03 14:00:00,347.0,838.9000244140625,2023-11-03 10:00:00,2023-11-03 14:00:00,276.0,2023-11-03 10:00:00,2023-11-03 14:00:00,340.0,2023-11-03 10:00:00,2023-11-03 14:00:00,358.0,2023-11-03 10:00:00,2023-11-03 14:00:00,357.0,2023-11-03 10:00:00,2023-11-03 14:00:00,380.6061096191406,2023-11-03 21:00:00,221.7288818359375,2023-11-03 21:00:00,3.920240879058838,2023-11-03 21:00:00,93275.984375,2023-11-03 21:00:00,52.79177825568934,2023-11-03 21:00:00,348.0
2023-11-04 10:00:00,348.0,13.0,2023-11-03 21:00:00,2023-11-04 01:00:00,348.0,838.9000244140625,2023-11-03 10:00:00,2023-11-03 14:00:00,275.0,2023-11-03 21:00:00,2023-11-04 01:00:00,333.0,2023-11-03 21:00:00,2023-11-04 01:00:00,358.0,2023-11-03 10:00:00,2023-11-03 14:00:00,348.0,2023-11-03 21:00:00,2023-11-04 01:00:00,380.09466552734375,2023-11-04 10:00:00,223.9408569335937,2023-11-04 10:00:00,3.963864326477051,2023-11-04 10:00:00,92690.046875,2023-11-04 10:00:00,52.59336454687889,2023-11-04 10:00:00,350.0
2023-11-05 10:00:00,350.0,24.0,2023-11-04 10:00:00,2023-11-04 14:00:00,350.0,839.0,2023-11-04 10:00:00,2023-11-04 14:00:00,276.0,2023-11-04 10:00:00,2023-11-04 14:00:00,335.0,2023-11-04 10:00:00,2023-11-04 14:00:00,356.0,2023-11-04 10:00:00,2023-11-04 14:00:00,350.0,2023-11-04 10:00:00,2023-11-04 14:00:00,377.7038879394531,2023-11-05 10:00:00,222.2088317871093,2023-11-05 10:00:00,3.995136022567749,2023-11-05 10:00:00,90507.765625,2023-11-05 10:00:00,52.75763861908854,2023-11-05 10:00:00,344.0
2023-11-06 10:00:00,344.0,24.0,2023-11-05 10:00:00,2023-11-05 14:00:00,348.0,839.2000122070312,2023-11-05 10:00:00,2023-11-05 14:00:00,273.0,2023-11-05 10:00:00,2023-11-05 14:00:00,332.0,2023-11-05 10:00:00,2023-11-05 14:00:00,355.0,2023-11-05 10:00:00,2023-11-05 14:00:00,344.0,2023-11-05 10:00:00,2023-11-05 14:00:00,380.6265563964844,2023-11-06 10:00:00,220.1887359619141,2023-11-06 10:00:00,4.007736206054688,2023-11-06 10:00:00,92749.9140625,2023-11-06 10:00:00,52.08737228462485,2023-11-06 10:00:00,350.0
2023-11-07 10:00:00,350.0,24.0,2023-11-06 10:00:00,2023-11-06 14:00:00,350.0,839.9000244140625,2023-11-06 10:00:00,2023-11-06 14:00:00,277.0,2023-11-06 10:00:00,2023-11-06 14:00:00,336.0,2023-11-06 10:00:00,2023-11-06 14:00:00,359.0,2023-11-06 10:00:00,2023-11-06 14:00:00,350.0,2023-11-06 10:00:00,2023-11-06 14:00:00,379.0379333496094,2023-11-07 10:00:00,216.6666717529297,2023-11-07 10:00:00,3.9696455001831055,2023-11-07 10:00:00,86615.7890625,2023-11-07 10:00:00,52.64717174857299,2023-11-07 10:00:00,352.0
2023-11-08 09:30:00,352.0,23.5,2023-11-07 10:00:00,2023-11-07 14:00:00,350.0,839.7000122070312,2023-11-07 10:00:00,2023-11-07 14:00:00,275.0,2023-11-07 10:00:00,2023-11-07 14:00:00,334.0,2023-11-07 10:00:00,2023-11-07 14:00:00,355.0,2023-11-07 10:00:00,2023-11-07 14:00:00,352.0,2023-11-07 10:00:00,2023-11-07 14:00:00,381.9580078125,2023-11-08 09:30:00,219.11520385742188,2023-11-08 09:30:00,3.9945807456970215,2023-11-08 09:30:00,88594.9140625,2023-11-08 09:30:00,52.320618782610154,2023-11-08 09:30:00,359.0
2023-11-09 10:00:00,359.0,24.5,2023-11-08 09:30:00,2023-11-08 13:30:00,352.0,840.0999755859375,2023-11-08 09:30:00,2023-11-08 13:30:00,278.0,2023-11-08 09:30:00,2023-11-08 13:30:00,341.0,2023-11-08 09:30:00,2023-11-08 13:30:00,370.0,2023-11-08 09:30:00,2023-11-08 13:30:00,359.0,2023-11-08 09:30:00,2023-11-08 13:30:00,380.6163330078125,2023-11-09 10:00:00,230.6328582763672,2023-11-09 10:00:00,3.8627543449401855,2023-11-09 10:00:00,91129.640625,2023-11-09 10:00:00,52.773170349322186,2023-11-09 10:00:00,348.0
2023-11-10 10:00:00,348.0,24.0,2023-11-09 10:00:00,2023-11-09 14:00:00,352.0,837.9000244140625,2023-11-09 10:00:00,2023-11-09 14:00:00,271.0,2023-11-09 10:00:00,2023-11-09 14:00:00,330.0,2023-11-09 10:00:00,2023-11-09 14:00:00,351.0,2023-11-09 10:00:00,2023-11-09 14:00:00,348.0,2023-11-09 10:00:00,2023-11-09 14:00:00,384.2429504394531,2023-11-10 10:00:00,223.6599273681641,2023-11-10 10:00:00,3.843042135238648,2023-11-10 10:00:00,90502.4609375,2023-11-10 10:00:00,52.1193711045305,2023-11-10 10:00:00,349.0
2023-11-11 10:00:00,349.0,24.0,2023-11-10 10:00:00,2023-11-10 14:00:00,349.0,838.2000122070312,2023-11-10 10:00:00,2023-11-10 14:00:00,273.0,2023-11-10 10:00:00,2023-11-10 14:00:00,333.0,2023-11-10 10:00:00,2023-11-10 14:00:00,358.0,2023-11-10 10:00:00,2023-11-10 14:00:00,349.0,2023-11-10 10:00:00,2023-11-10 14:00:00,382.1305236816406,2023-11-11 10:00:00,224.2076568603516,2023-11-11 10:00:00,3.8962533473968506,2023-11-11 10:00:00,89559.3828125,2023-11-11 10:00:00,52.42923938971046,2023-11-11 10:00:00,347.0
2023-11-12 10:00:00,347.0,24.0,2023-11-11 10:00:00,2023-11-11 14:00:00,348.0,838.7000122070312,2023-11-11 10:00:00,2023-11-11 14:00:00,272.0,2023-11-11 10:00:00,2023-11-11 14:00:00,330.0,2023-11-11 10:00:00,2023-11-11 14:00:00,357.0,2023-11-11 10:00:00,2023-11-11 14:00:00,347.0,2023-11-11 10:00:00,2023-11-11 14:00:00,379.8269348144531,2023-11-12 10:00:00,229.5828552246093,2023-11-12 10:00:00,3.918093919754028,2023-11-12 10:00:00,91355.0859375,2023-11-12 10:00:00,52.052897357012284,2023-11-12 10:00:00,340.0
2023-11-13 10:00:00,340.0,24.0,2023-11-12 10:00:00,2023-11-12 14:00:00,347.0,838.0,2023-11-12 10:00:00,2023-11-12 14:00:00,273.0,2023-11-12 10:00:00,2023-11-12 14:00:00,331.0,2023-11-12 10:00:00,2023-11-12 14:00:00,351.0,2023-11-12 10:00:00,2023-11-12 14:00:00,340.0,2023-11-12 10:00:00,2023-11-12 14:00:00,380.5291137695313,2023-11-13 10:00:00,219.62579345703125,2023-11-13 10:00:00,3.905888319015503,2023-11-13 10:00:00,88085.921875,2023-11-13 10:00:00,52.49780293475021,2023-11-13 10:00:00,343.0
2023-11-14 10:00:00,343.0,24.0,2023-11-13 10:00:00,2023-11-13 14:00:00,343.0,837.7999877929688,2023-11-13 10:00:00,2023-11-13 14:00:00,272.0,2023-11-13 10:00:00,2023-11-13 14:00:00,328.0,2023-11-13 10:00:00,2023-11-13 14:00:00,347.0,2023-11-13 10:00:00,2023-11-13 14:00:00,343.0,2023-11-13 10:00:00,2023-11-13 14:00:00,380.5876770019531,2023-11-14 10:00:00,227.1162109375,2023-11-14 10:00:00,3.95168662071228,2023-11-14 10:00:00,89032.9375,2023-11-14 10:00:00,52.36121367140083,2023-11-14 10:00:00,342.0
2023-11-15 10:00:00,342.0,24.0,2023-11-14 10:00:00,2023-11-14 14:00:00,342.0,837.0,2023-11-14 10:00:00,2023-11-14 14:00:00,270.0,2023-11-14 10:00:00,2023-11-14 14:00:00,328.0,2023-11-14 10:00:00,2023-11-14 14:00:00,344.0,2023-11-14 10:00:00,2023-11-14 14:00:00,342.0,2023-11-14 10:00:00,2023-11-14 14:00:00,379.8627624511719,2023-11-15 10:00:00,217.9198608398437,2023-11-15 10:00:00,3.9525046348571777,2023-11-15 10:00:00,93634.5625,2023-11-15 10:00:00,52.21897955773318,2023-11-15 10:00:00,341.0
2023-11-16 10:00:00,341.0,24.0,2023-11-15 10:00:00,2023-11-15 14:00:00,342.0,837.4000244140625,2023-11-15 10:00:00,2023-11-15 14:00:00,272.0,2023-11-15 10:00:00,2023-11-15 14:00:00,328.0,2023-11-15 10:00:00,2023-11-15 14:00:00,346.0,2023-11-15 10:00:00,2023-11-15 14:00:00,341.0,2023-11-15 10:00:00,2023-11-15 14:00:00,378.1336364746094,2023-11-16 10:00:00,227.2375946044922,2023-11-16 10:00:00,3.951206922531128,2023-11-16 10:00:00,94324.3203125,2023-11-16 10:00:00,52.49862970645211,2023-11-16 10:00:00,347.0
2023-11-17 10:00:00,347.0,24.0,2023-11-16 10:00:00,2023-11-16 14:00:00,342.0,836.5999755859375,2023-11-16 10:00:00,2023-11-16 14:00:00,270.0,2023-11-16 10:00:00,2023-11-16 14:00:00,330.0,2023-11-16 10:00:00,2023-11-16 14:00:00,350.0,2023-11-16 10:00:00,2023-11-16 14:00:00,347.0,2023-11-16 10:00:00,2023-11-16 14:00:00,383.1251831054688,2023-11-17 10:00:00,221.7655792236328,2023-11-17 10:00:00,4.009974956512451,2023-11-17 10:00:00,94782.0234375,2023-11-17 10:00:00,52.35691243794031,2023-11-17 10:00:00,343.0
2023-11-18 10:00:00,343.0,24.0,2023-11-17 10:00:00,2023-11-17 14:00:00,343.0,836.5,2023-11-17 10:00:00,2023-11-17 14:00:00,273.0,2023-11-17 10:00:00,2023-11-17 14:00:00,329.0,2023-11-17 10:00:00,2023-11-17 14:00:00,348.0,2023-11-17 10:00:00,2023-11-17 14:00:00,343.0,2023-11-17 10:00:00,2023-11-17 14:00:00,376.343505859375,2023-11-18 10:00:00,221.2377777099609,2023-11-18 10:00:00,3.836451530456543,2023-11-18 10:00:00,99868.6796875,2023-11-18 10:00:00,53.01397373975021,2023-11-18 10:00:00,343.0
2023-11-19 10:00:00,343.0,24.0,2023-11-18 10:00:00,2023-11-18 14:00:00,343.0,835.5999755859375,2023-11-18 10:00:00,2023-11-18 14:00:00,270.0,2023-11-18 10:00:00,2023-11-18 14:00:00,328.0,2023-11-18 10:00:00,2023-11-18 14:00:00,350.0,2023-11-18 10:00:00,2023-11-18 14:00:00,343.0,2023-11-18 10:00:00,2023-11-18 14:00:00,373.9919128417969,2023-11-19 10:00:00,178.77847290039062,2023-11-19 10:00:00,3.970442771911621,2023-11-19 10:00:00,92057.671875,2023-11-19 10:00:00,52.70280824776944,2023-11-19 10:00:00,343.0
2023-11-20 10:00:00,343.0,24.0,2023-11-19 10:00:00,2023-11-19 14:00:00,343.0,835.7999877929688,2023-11-19 10:00:00,2023-11-19 14:00:00,273.0,2023-11-19 10:00:00,2023-11-19 14:00:00,328.0,2023-11-19 10:00:00,2023-11-19 14:00:00,350.0,2023-11-19 10:00:00,2023-11-19 14:00:00,343.0,2023-11-19 10:00:00,2023-11-19 14:00:00,369.9724731445313,2023-11-20 10:00:00,182.6658935546875,2023-11-20 10:00:00,3.940438747406006,2023-11-20 10:00:00,85981.6171875,2023-11-20 10:00:00,53.25605077638522,2023-11-20 10:00:00,345.0
2023-11-21 10:00:00,345.0,24.0,2023-11-20 10:00:00,2023-11-20 14:00:00,343.0,835.5999755859375,2023-11-20 10:00:00,2023-11-20 14:00:00,268.0,2023-11-20 10:00:00,2023-11-20 14:00:00,329.0,2023-11-20 10:00:00,2023-11-20 14:00:00,352.0,2023-11-20 10:00:00,2023-11-20 14:00:00,345.0,2023-11-20 10:00:00,2023-11-20 14:00:00,371.9002990722656,2023-11-21 10:00:00,184.1282196044922,2023-11-21 10:00:00,3.8894221782684326,2023-11-21 10:00:00,94706.40625,2023-11-21 10:00:00,52.27616419155197,2023-11-21 10:00:00,345.0
2023-11-22 10:00:00,345.0,24.0,2023-11-21 10:00:00,2023-11-21 14:00:00,345.0,837.0,2023-11-21 10:00:00,2023-11-21 14:00:00,272.0,2023-11-21 10:00:00,2023-11-21 14:00:00,331.0,2023-11-21 10:00:00,2023-11-21 14:00:00,350.0,2023-11-21 10:00:00,2023-11-21 14:00:00,345.0,2023-11-21 10:00:00,2023-11-21 14:00:00,374.0779724121094,2023-11-22 10:00:00,200.84950256347656,2023-11-22 10:00:00,3.9896981716156006,2023-11-22 10:00:00,100483.1484375,2023-11-22 10:00:00,52.63631463959473,2023-11-22 10:00:00,349.0
2023-11-23 10:00:00,349.0,24.0,2023-11-22 10:00:00,2023-11-22 14:00:00,345.0,838.9000244140625,2023-11-22 10:00:00,2023-11-22 14:00:00,277.0,2023-11-22 10:00:00,2023-11-22 14:00:00,323.0,2023-11-22 10:00:00,2023-11-22 14:00:00,353.0,2023-11-22 10:00:00,2023-11-22 14:00:00,349.0,2023-11-22 10:00:00,2023-11-22 14:00:00,375.6095886230469,2023-11-23 10:00:00,195.58938598632807,2023-11-23 10:00:00,4.010549068450928,2023-11-23 10:00:00,96988.9921875,2023-11-23 10:00:00,52.98795419874375,2023-11-23 10:00:00,347.0
2023-11-24 10:00:00,347.0,24.0,2023-11-23 10:00:00,2023-11-23 14:00:00,347.0,837.0,2023-11-23 10:00:00,2023-11-23 14:00:00,274.0,2023-11-23 10:00:00,2023-11-23 14:00:00,323.0,2023-11-23 10:00:00,2023-11-23 14:00:00,346.0,2023-11-23 10:00:00,2023-11-23 14:00:00,347.0,2023-11-23 10:00:00,2023-11-23 14:00:00,381.5574645996094,2023-11-24 10:00:00,232.934799194336,2023-11-24 10:00:00,4.047677040100098,2023-11-24 10:00:00,101542.4609375,2023-11-24 10:00:00,53.04446242216284,2023-11-24 10:00:00,350.0
2023-11-25 10:00:00,350.0,24.0,2023-11-24 10:00:00,2023-11-24 14:00:00,349.0,838.4000244140625,2023-11-24 10:00:00,2023-11-24 14:00:00,274.0,2023-11-24 10:00:00,2023-11-24 14:00:00,333.0,2023-11-24 10:00:00,2023-11-24 14:00:00,355.0,2023-11-24 10:00:00,2023-11-24 14:00:00,350.0,2023-11-24 10:00:00,2023-11-24 14:00:00,385.568359375,2023-11-25 10:00:00,226.91265869140625,2023-11-25 10:00:00,3.797260999679565,2023-11-25 10:00:00,99333.8515625,2023-11-25 10:00:00,52.563670818849346,2023-11-25 10:00:00,345.0
2023-11-26 10:00:00,345.0,24.0,2023-11-25 10:00:00,2023-11-25 14:00:00,347.0,839.2999877929688,2023-11-25 10:00:00,2023-11-25 14:00:00,276.0,2023-11-25 10:00:00,2023-11-25 14:00:00,335.0,2023-11-25 10:00:00,2023-11-25 14:00:00,349.0,2023-11-25 10:00:00,2023-11-25 14:00:00,345.0,2023-11-25 10:00:00,2023-11-25 14:00:00,379.5727233886719,2023-11-26 10:00:00,240.2832794189453,2023-11-26 10:00:00,3.853165864944458,2023-11-26 10:00:00,101319.765625,2023-11-26 10:00:00,52.65529182352259,2023-11-26 10:00:00,342.0
2023-11-27 10:00:00,342.0,24.0,2023-11-26 10:00:00,2023-11-26 14:00:00,345.0,835.7999877929688,2023-11-26 10:00:00,2023-11-26 14:00:00,271.0,2023-11-26 10:00:00,2023-11-26 14:00:00,326.0,2023-11-26 10:00:00,2023-11-26 14:00:00,343.0,2023-11-26 10:00:00,2023-11-26 14:00:00,342.0,2023-11-26 10:00:00,2023-11-26 14:00:00,380.98095703125,2023-11-27 10:00:00,227.96832275390625,2023-11-27 10:00:00,3.950060606002808,2023-11-27 10:00:00,97615.9296875,2023-11-27 10:00:00,52.84332439939362,2023-11-27 10:00:00,342.0
2023-11-28 10:00:00,342.0,24.0,2023-11-27 10:00:00,2023-11-27 14:00:00,342.0,838.5999755859375,2023-11-27 10:00:00,2023-11-27 14:00:00,277.0,2023-11-27 10:00:00,2023-11-27 14:00:00,329.0,2023-11-27 10:00:00,2023-11-27 14:00:00,344.0,2023-11-27 10:00:00,2023-11-27 14:00:00,342.0,2023-11-27 10:00:00,2023-11-27 14:00:00,382.3524475097656,2023-11-28 10:00:00,251.9073486328125,2023-11-28 10:00:00,4.066242218017578,2023-11-28 10:00:00,98918.609375,2023-11-28 10:00:00,53.090507782691816,2023-11-28 10:00:00,333.0
2023-11-29 10:00:00,333.0,24.0,2023-11-28 10:00:00,2023-11-28 14:00:00,342.0,832.9000244140625,2023-11-28 10:00:00,2023-11-28 14:00:00,264.0,2023-11-28 10:00:00,2023-11-28 14:00:00,318.0,2023-11-28 10:00:00,2023-11-28 14:00:00,339.0,2023-11-28 10:00:00,2023-11-28 14:00:00,333.0,2023-11-28 10:00:00,2023-11-28 14:00:00,385.6946716308594,2023-11-29 10:00:00,231.78909301757807,2023-11-29 10:00:00,3.971643447875977,2023-11-29 10:00:00,100146.0,2023-11-29 10:00:00,52.33609104451193,2023-11-29 10:00:00,350.0
2023-11-30 10:00:00,350.0,24.0,2023-11-29 10:00:00,2023-11-29 14:00:00,342.0,837.2000122070312,2023-11-29 10:00:00,2023-11-29 14:00:00,273.0,2023-11-29 10:00:00,2023-11-29 14:00:00,333.0,2023-11-29 10:00:00,2023-11-29 14:00:00,350.0,2023-11-29 10:00:00,2023-11-29 14:00:00,350.0,2023-11-29 10:00:00,2023-11-29 14:00:00,373.97607421875,2023-11-30 10:00:00,180.7841033935547,2023-11-30 10:00:00,3.580066204071045,2023-11-30 10:00:00,93970.0,2023-11-30 10:00:00,52.772655974796066,2023-11-30 10:00:00,345.0
2023-12-01 10:00:00,345.0,24.0,2023-11-30 10:00:00,2023-11-30 14:00:00,345.0,838.9000244140625,2023-11-30 10:00:00,2023-11-30 14:00:00,278.0,2023-11-30 10:00:00,2023-11-30 14:00:00,330.0,2023-11-30 10:00:00,2023-11-30 14:00:00,350.0,2023-11-29 10:00:00,2023-11-29 14:00:00,345.0,2023-11-30 10:00:00,2023-11-30 14:00:00,375.4953002929688,2023-12-01 10:00:00,169.44776916503906,2023-12-01 10:00:00,3.796522855758667,2023-12-01 10:00:00,99546.96875,2023-12-01 10:00:00,53.181906765118015,2023-12-01 10:00:00,346.0
2023-12-02 10:00:00,346.0,24.0,2023-12-01 10:00:00,2023-12-01 14:00:00,346.0,838.0,2023-12-01 10:00:00,2023-12-01 14:00:00,275.0,2023-12-01 10:00:00,2023-12-01 14:00:00,330.0,2023-12-01 10:00:00,2023-12-01 14:00:00,351.0,2023-12-01 10:00:00,2023-12-01 14:00:00,346.0,2023-12-01 10:00:00,2023-12-01 14:00:00,367.0053405761719,2023-12-02 10:00:00,156.46441650390625,2023-12-02 10:00:00,3.993792772293091,2023-12-02 10:00:00,89838.9921875,2023-12-02 10:00:00,52.9014019302781,2023-12-02 10:00:00,336.0
2023-12-03 10:00:00,336.0,24.0,2023-12-02 10:00:00,2023-12-02 14:00:00,345.0,835.2000122070312,2023-12-02 10:00:00,2023-12-02 14:00:00,269.0,2023-12-02 10:00:00,2023-12-02 14:00:00,323.0,2023-12-02 10:00:00,2023-12-02 14:00:00,346.0,2023-12-02 10:00:00,2023-12-02 14:00:00,336.0,2023-12-02 10:00:00,2023-12-02 14:00:00,356.8485107421875,2023-12-03 10:00:00,132.35072326660156,2023-12-03 10:00:00,3.534848928451538,2023-12-03 10:00:00,86314.3359375,2023-12-03 10:00:00,52.6294370035439,2023-12-03 10:00:00,337.0
2023-12-04 10:00:00,337.0,24.0,2023-12-03 10:00:00,2023-12-03 14:00:00,337.0,836.9000244140625,2023-12-03 10:00:00,2023-12-03 14:00:00,271.0,2023-12-03 10:00:00,2023-12-03 14:00:00,323.0,2023-12-03 10:00:00,2023-12-03 14:00:00,350.0,2023-12-03 10:00:00,2023-12-03 14:00:00,337.0,2023-12-03 10:00:00,2023-12-03 14:00:00,351.8617553710937,2023-12-04 10:00:00,132.2456512451172,2023-12-04 10:00:00,3.919010877609253,2023-12-04 10:00:00,94729.125,2023-12-04 10:00:00,52.46325251470137,2023-12-04 10:00:00,346.0
2023-12-05 10:00:00,346.0,24.0,2023-12-04 10:00:00,2023-12-04 14:00:00,337.0,835.5,2023-12-04 10:00:00,2023-12-04 14:00:00,272.0,2023-12-04 10:00:00,2023-12-04 14:00:00,328.0,2023-12-04 10:00:00,2023-12-04 14:00:00,351.0,2023-12-04 10:00:00,2023-12-04 14:00:00,346.0,2023-12-04 10:00:00,2023-12-04 14:00:00,353.7269287109375,2023-12-05 10:00:00,146.8927459716797,2023-12-05 10:00:00,3.961226224899292,2023-12-05 10:00:00,105707.3359375,2023-12-05 10:00:00,53.15480966459472,2023-12-05 10:00:00,340.0
2023-12-06 10:00:00,340.0,24.0,2023-12-05 10:00:00,2023-12-05 14:00:00,340.0,834.2000122070312,2023-12-05 10:00:00,2023-12-05 14:00:00,269.0,2023-12-05 10:00:00,2023-12-05 14:00:00,325.0,2023-12-05 10:00:00,2023-12-05 14:00:00,344.0,2023-12-05 10:00:00,2023-12-05 14:00:00,340.0,2023-12-05 10:00:00,2023-12-05 14:00:00,346.5082092285156,2023-12-06 10:00:00,132.3234405517578,2023-12-06 10:00:00,3.653071880340576,2023-12-06 10:00:00,99920.703125,2023-12-06 10:00:00,52.97750202862949,2023-12-06 10:00:00,340.0
2023-12-07 10:00:00,340.0,24.0,2023-12-06 10:00:00,2023-12-06 14:00:00,340.0,832.9000244140625,2023-12-06 10:00:00,2023-12-06 14:00:00,265.0,2023-12-06 10:00:00,2023-12-06 14:00:00,323.0,2023-12-06 10:00:00,2023-12-06 14:00:00,340.0,2023-12-06 10:00:00,2023-12-06 14:00:00,340.0,2023-12-06 10:00:00,2023-12-06 14:00:00,357.85650634765625,2023-12-07 10:00:00,161.63014221191406,2023-12-07 10:00:00,3.7517480850219727,2023-12-07 10:00:00,97406.328125,2023-12-07 10:00:00,52.560112630285516,2023-12-07 10:00:00,337.0
2023-12-08 10:00:00,337.0,24.0,2023-12-07 10:00:00,2023-12-07 14:00:00,340.0,839.7999877929688,2023-12-07 10:00:00,2023-12-07 14:00:00,273.0,2023-12-07 10:00:00,2023-12-07 14:00:00,323.0,2023-12-07 10:00:00,2023-12-07 14:00:00,343.0,2023-12-07 10:00:00,2023-12-07 14:00:00,337.0,2023-12-07 10:00:00,2023-12-07 14:00:00,355.9007263183594,2023-12-08 10:00:00,147.87982177734375,2023-12-08 10:00:00,3.862226486206055,2023-12-08 10:00:00,93695.28125,2023-12-08 10:00:00,51.883004076726934,2023-12-08 10:00:00,334.0
2023-12-09 10:00:00,334.0,24.0,2023-12-08 10:00:00,2023-12-08 14:00:00,337.0,833.9000244140625,2023-12-08 10:00:00,2023-12-08 14:00:00,270.0,2023-12-08 10:00:00,2023-12-08 14:00:00,321.0,2023-12-08 10:00:00,2023-12-08 14:00:00,340.0,2023-12-08 10:00:00,2023-12-08 14:00:00,334.0,2023-12-08 10:00:00,2023-12-08 14:00:00,357.1533203125,2023-12-09 10:00:00,172.32777404785156,2023-12-09 10:00:00,3.802863597869873,2023-12-09 10:00:00,92453.9609375,2023-12-09 10:00:00,53.29437012518872,2023-12-09 10:00:00,328.0
2023-12-10 10:00:00,328.0,24.0,2023-12-09 10:00:00,2023-12-09 14:00:00,334.0,835.4000244140625,2023-12-09 10:00:00,2023-12-09 14:00:00,269.0,2023-12-09 10:00:00,2023-12-09 14:00:00,316.0,2023-12-09 10:00:00,2023-12-09 14:00:00,337.0,2023-12-09 10:00:00,2023-12-09 14:00:00,328.0,2023-12-09 10:00:00,2023-12-09 14:00:00,371.68157958984375,2023-12-10 10:00:00,225.19390869140625,2023-12-10 10:00:00,3.886609554290772,2023-12-10 10:00:00,90517.0390625,2023-12-10 10:00:00,52.560005700526744,2023-12-10 10:00:00,335.0
2023-12-11 10:00:00,335.0,24.0,2023-12-10 10:00:00,2023-12-10 14:00:00,334.0,834.2000122070312,2023-12-10 10:00:00,2023-12-10 14:00:00,270.0,2023-12-10 10:00:00,2023-12-10 14:00:00,321.0,2023-12-10 10:00:00,2023-12-10 14:00:00,338.0,2023-12-10 10:00:00,2023-12-10 14:00:00,335.0,2023-12-10 10:00:00,2023-12-10 14:00:00,378.448486328125,2023-12-11 10:00:00,257.4300537109375,2023-12-11 10:00:00,3.855223178863525,2023-12-11 10:00:00,94696.6953125,2023-12-11 10:00:00,53.18965273303536,2023-12-11 10:00:00,335.0
2023-12-12 10:00:00,335.0,24.0,2023-12-11 10:00:00,2023-12-11 14:00:00,335.0,841.0,2023-12-12 06:00:00,2023-12-12 10:00:00,270.0,2023-12-11 10:00:00,2023-12-11 14:00:00,322.0,2023-12-11 10:00:00,2023-12-11 14:00:00,344.0,2023-12-11 10:00:00,2023-12-11 14:00:00,335.0,2023-12-11 10:00:00,2023-12-11 14:00:00,375.4464111328125,2023-12-12 10:00:00,257.9431457519531,2023-12-12 10:00:00,3.9180445671081534,2023-12-12 10:00:00,94718.359375,2023-12-12 10:00:00,50.85337043773325,2023-12-12 10:00:00,338.0
2023-12-13 10:00:00,338.0,24.0,2023-12-12 10:00:00,2023-12-12 14:00:00,335.0,836.7000122070312,2023-12-12 10:00:00,2023-12-12 14:00:00,270.0,2023-12-12 10:00:00,2023-12-12 14:00:00,324.0,2023-12-12 10:00:00,2023-12-12 14:00:00,339.0,2023-12-12 10:00:00,2023-12-12 14:00:00,338.0,2023-12-12 10:00:00,2023-12-12 14:00:00,383.8968200683594,2023-12-13 10:00:00,225.17811584472656,2023-12-13 10:00:00,3.5903069972991943,2023-12-13 10:00:00,92904.4609375,2023-12-13 10:00:00,52.32239544532172,2023-12-13 10:00:00,342.0
2023-12-14 10:00:00,342.0,24.0,2023-12-13 10:00:00,2023-12-13 14:00:00,338.0,840.2000122070312,2023-12-13 10:00:00,2023-12-13 14:00:00,277.0,2023-12-13 10:00:00,2023-12-13 14:00:00,328.0,2023-12-13 10:00:00,2023-12-13 14:00:00,345.0,2023-12-13 10:00:00,2023-12-13 14:00:00,342.0,2023-12-13 10:00:00,2023-12-13 14:00:00,378.507080078125,2023-12-14 10:00:00,236.49188232421875,2023-12-14 10:00:00,3.887014389038086,2023-12-14 10:00:00,89406.640625,2023-12-14 10:00:00,52.54524330693232,2023-12-14 10:00:00,340.0
2023-12-15 10:00:00,340.0,24.0,2023-12-14 10:00:00,2023-12-14 14:00:00,340.0,835.5999755859375,2023-12-14 10:00:00,2023-12-14 14:00:00,270.0,2023-12-14 10:00:00,2023-12-14 14:00:00,325.0,2023-12-14 10:00:00,2023-12-14 14:00:00,344.0,2023-12-14 10:00:00,2023-12-14 14:00:00,340.0,2023-12-14 10:00:00,2023-12-14 14:00:00,376.30413818359375,2023-12-15 10:00:00,240.3073883056641,2023-12-15 10:00:00,4.0139336585998535,2023-12-15 10:00:00,95549.953125,2023-12-15 10:00:00,52.70280824776944,2023-12-15 10:00:00,328.0
2023-12-15 13:00:00,340.0,27.0,2023-12-14 10:00:00,2023-12-14 14:00:00,340.0,835.5999755859375,2023-12-14 10:00:00,2023-12-14 14:00:00,270.0,2023-12-14 10:00:00,2023-12-14 14:00:00,325.0,2023-12-14 10:00:00,2023-12-14 14:00:00,344.0,2023-12-14 10:00:00,2023-12-14 14:00:00,340.0,2023-12-14 10:00:00,2023-12-14 14:00:00,369.1103210449219,2023-12-15 13:00:00,239.64236450195312,2023-12-15 13:00:00,3.842309236526489,2023-12-15 13:00:00,90295.0234375,2023-12-15 13:00:00,52.70280824776944,2023-12-15 13:00:00,328.0
2023-12-15 16:00:00,328.0,6.0,2023-12-15 10:00:00,2023-12-15 14:00:00,340.0,835.4000244140625,2023-12-15 10:00:00,2023-12-15 14:00:00,265.0,2023-12-15 10:00:00,2023-12-15 14:00:00,315.0,2023-12-15 10:00:00,2023-12-15 14:00:00,331.0,2023-12-15 10:00:00,2023-12-15 14:00:00,328.0,2023-12-15 10:00:00,2023-12-15 14:00:00,375.1270751953125,2023-12-15 16:00:00,243.8206787109375,2023-12-15 16:00:00,3.8849222660064697,2023-12-15 16:00:00,94916.5703125,2023-12-15 16:00:00,51.687819579858456,2023-12-15 16:00:00,336.0
2023-12-16 10:00:00,336.0,18.0,2023-12-15 16:00:00,2023-12-15 20:00:00,328.0,834.2000122070312,2023-12-15 13:00:00,2023-12-15 17:00:00,268.0,2023-12-15 16:00:00,2023-12-15 20:00:00,322.0,2023-12-15 16:00:00,2023-12-15 20:00:00,331.0,2023-12-15 10:00:00,2023-12-15 14:00:00,336.0,2023-12-15 16:00:00,2023-12-15 20:00:00,381.3837585449219,2023-12-16 10:00:00,236.0335693359375,2023-12-16 10:00:00,3.8465592861175537,2023-12-16 10:00:00,98669.4609375,2023-12-16 10:00:00,52.76300867681789,2023-12-16 10:00:00,340.0
2023-12-16 18:00:00,340.0,8.0,2023-12-16 10:00:00,2023-12-16 14:00:00,336.0,835.5999755859375,2023-12-16 10:00:00,2023-12-16 14:00:00,271.0,2023-12-16 10:00:00,2023-12-16 14:00:00,325.0,2023-12-16 10:00:00,2023-12-16 14:00:00,349.0,2023-12-16 10:00:00,2023-12-16 14:00:00,340.0,2023-12-16 10:00:00,2023-12-16 14:00:00,383.8586120605469,2023-12-16 18:00:00,232.2144775390625,2023-12-16 18:00:00,3.8762357234954834,2023-12-16 18:00:00,98100.15625,2023-12-16 18:00:00,52.91263174779476,2023-12-16 18:00:00,338.0
2023-12-17 10:00:00,338.0,16.0,2023-12-16 18:00:00,2023-12-16 22:00:00,338.0,835.5999755859375,2023-12-16 10:00:00,2023-12-16 14:00:00,270.0,2023-12-16 18:00:00,2023-12-16 22:00:00,325.0,2023-12-16 18:00:00,2023-12-16 22:00:00,349.0,2023-12-16 10:00:00,2023-12-16 14:00:00,338.0,2023-12-16 18:00:00,2023-12-16 22:00:00,381.59674072265625,2023-12-17 10:00:00,232.5437774658203,2023-12-17 10:00:00,3.974519491195679,2023-12-17 10:00:00,96837.75,2023-12-17 10:00:00,52.70280824776944,2023-12-17 10:00:00,345.0
2023-12-18 10:00:00,345.0,24.0,2023-12-17 10:00:00,2023-12-17 14:00:00,340.0,835.9000244140625,2023-12-17 10:00:00,2023-12-17 14:00:00,272.0,2023-12-17 10:00:00,2023-12-17 14:00:00,331.0,2023-12-17 10:00:00,2023-12-17 14:00:00,347.0,2023-12-17 10:00:00,2023-12-17 14:00:00,345.0,2023-12-17 10:00:00,2023-12-17 14:00:00,378.6355285644531,2023-12-18 10:00:00,214.2944793701172,2023-12-18 10:00:00,3.787107229232788,2023-12-18 10:00:00,104403.453125,2023-12-18 10:00:00,53.016194986708456,2023-12-18 10:00:00,338.0
2023-12-19 10:00:00,338.0,24.0,2023-12-18 10:00:00,2023-12-18 14:00:00,338.0,839.2999877929688,2023-12-18 10:00:00,2023-12-18 14:00:00,269.0,2023-12-18 10:00:00,2023-12-18 14:00:00,321.0,2023-12-18 10:00:00,2023-12-18 14:00:00,337.0,2023-12-18 10:00:00,2023-12-18 14:00:00,338.0,2023-12-18 10:00:00,2023-12-18 14:00:00,375.0288391113281,2023-12-19 10:00:00,241.0145721435547,2023-12-19 10:00:00,3.97856330871582,2023-12-19 10:00:00,100182.5,2023-12-19 10:00:00,51.21857853776146,2023-12-19 10:00:00,335.0
2023-12-21 10:00:00,335.0,48.0,2023-12-19 10:00:00,2023-12-19 14:00:00,338.0,838.2999877929688,2023-12-19 10:00:00,2023-12-19 14:00:00,267.0,2023-12-19 10:00:00,2023-12-19 14:00:00,322.0,2023-12-19 10:00:00,2023-12-19 14:00:00,339.0,2023-12-20 10:00:00,2023-12-20 14:00:00,335.0,2023-12-19 10:00:00,2023-12-19 14:00:00,368.5594177246094,2023-12-21 10:00:00,213.21142578125,2023-12-21 10:00:00,4.034928798675537,2023-12-21 10:00:00,100517.28125,2023-12-21 10:00:00,51.12894577959946,2023-12-21 10:00:00,336.0
2023-12-22 10:00:00,336.0,24.0,2023-12-21 10:00:00,2023-12-21 14:00:00,336.0,835.7999877929688,2023-12-21 10:00:00,2023-12-21 14:00:00,270.0,2023-12-21 10:00:00,2023-12-21 14:00:00,322.0,2023-12-21 10:00:00,2023-12-21 14:00:00,339.0,2023-12-20 10:00:00,2023-12-20 14:00:00,336.0,2023-12-21 10:00:00,2023-12-21 14:00:00,363.2552490234375,2023-12-22 10:00:00,215.67027282714844,2023-12-22 10:00:00,4.017156600952148,2023-12-22 10:00:00,100131.0390625,2023-12-22 10:00:00,52.6335008993683,2023-12-22 10:00:00,334.0
2023-12-23 10:00:00,334.0,24.0,2023-12-22 10:00:00,2023-12-22 14:00:00,335.0,834.2000122070312,2023-12-22 10:00:00,2023-12-22 14:00:00,267.0,2023-12-22 10:00:00,2023-12-22 14:00:00,320.0,2023-12-22 10:00:00,2023-12-22 14:00:00,338.0,2023-12-22 10:00:00,2023-12-22 14:00:00,334.0,2023-12-22 10:00:00,2023-12-22 14:00:00,380.32525634765625,2023-12-23 10:00:00,229.36746215820312,2023-12-23 10:00:00,3.973755121231079,2023-12-23 10:00:00,100605.6171875,2023-12-23 10:00:00,52.54615707555297,2023-12-23 10:00:00,332.0
2023-12-24 10:00:00,332.0,24.0,2023-12-23 10:00:00,2023-12-23 14:00:00,334.0,835.9000244140625,2023-12-23 10:00:00,2023-12-23 14:00:00,268.0,2023-12-23 10:00:00,2023-12-23 14:00:00,320.0,2023-12-23 10:00:00,2023-12-23 14:00:00,337.0,2023-12-23 10:00:00,2023-12-23 14:00:00,332.0,2023-12-23 10:00:00,2023-12-23 14:00:00,379.425048828125,2023-12-24 10:00:00,244.54367065429688,2023-12-24 10:00:00,3.815140724182129,2023-12-24 10:00:00,96373.1953125,2023-12-24 10:00:00,52.172215848629435,2023-12-24 10:00:00,336.0
2023-12-25 10:00:00,336.0,24.0,2023-12-24 10:00:00,2023-12-24 14:00:00,334.0,836.0,2023-12-24 10:00:00,2023-12-24 14:00:00,270.0,2023-12-24 10:00:00,2023-12-24 14:00:00,324.0,2023-12-24 10:00:00,2023-12-24 14:00:00,340.0,2023-12-24 10:00:00,2023-12-24 14:00:00,336.0,2023-12-24 10:00:00,2023-12-24 14:00:00,379.4341430664063,2023-12-25 10:00:00,228.9794921875,2023-12-25 10:00:00,3.737030982971192,2023-12-25 10:00:00,93139.765625,2023-12-25 10:00:00,52.5642555377334,2023-12-25 10:00:00,337.0
2023-12-26 10:00:00,337.0,24.0,2023-12-25 10:00:00,2023-12-25 14:00:00,336.0,836.2999877929688,2023-12-25 10:00:00,2023-12-25 14:00:00,272.0,2023-12-25 10:00:00,2023-12-25 14:00:00,319.0,2023-12-25 10:00:00,2023-12-25 14:00:00,347.0,2023-12-25 10:00:00,2023-12-25 14:00:00,337.0,2023-12-25 10:00:00,2023-12-25 14:00:00,385.7288513183594,2023-12-26 10:00:00,233.74072265625,2023-12-26 10:00:00,3.941933870315552,2023-12-26 10:00:00,100474.5703125,2023-12-26 10:00:00,52.877849348772656,2023-12-26 10:00:00,340.0
2023-12-27 10:00:00,340.0,24.0,2023-12-26 10:00:00,2023-12-26 14:00:00,337.0,838.4000244140625,2023-12-26 10:00:00,2023-12-26 14:00:00,275.0,2023-12-26 10:00:00,2023-12-26 14:00:00,328.0,2023-12-26 10:00:00,2023-12-26 14:00:00,349.0,2023-12-26 10:00:00,2023-12-26 14:00:00,340.0,2023-12-26 10:00:00,2023-12-26 14:00:00,383.2178649902344,2023-12-27 10:00:00,239.8284149169922,2023-12-27 10:00:00,3.908298969268799,2023-12-27 10:00:00,98670.0390625,2023-12-27 10:00:00,52.764336826964495,2023-12-27 10:00:00,345.0
2023-12-28 10:00:00,345.0,24.0,2023-12-27 10:00:00,2023-12-27 14:00:00,340.0,840.0,2023-12-27 10:00:00,2023-12-27 14:00:00,271.0,2023-12-27 10:00:00,2023-12-27 14:00:00,329.0,2023-12-27 10:00:00,2023-12-27 14:00:00,343.0,2023-12-27 10:00:00,2023-12-27 14:00:00,345.0,2023-12-27 10:00:00,2023-12-27 14:00:00,385.93988037109375,2023-12-28 10:00:00,239.97254943847656,2023-12-28 10:00:00,3.9850924015045166,2023-12-28 10:00:00,101839.40625,2023-12-28 10:00:00,51.40227199775882,2023-12-28 10:00:00,337.0
2023-12-29 04:00:00,337.0,18.0,2023-12-28 10:00:00,2023-12-28 14:00:00,340.0,838.2000122070312,2023-12-28 10:00:00,2023-12-28 14:00:00,274.0,2023-12-28 10:00:00,2023-12-28 14:00:00,323.0,2023-12-28 10:00:00,2023-12-28 14:00:00,341.0,2023-12-28 10:00:00,2023-12-28 14:00:00,337.0,2023-12-28 10:00:00,2023-12-28 14:00:00,387.2755737304688,2023-12-29 04:00:00,251.56121826171875,2023-12-29 04:00:00,3.963327646255493,2023-12-29 04:00:00,101342.8984375,2023-12-29 04:00:00,52.6321723771232,2023-12-29 04:00:00,340.0
2023-12-29 09:30:00,340.0,5.5,2023-12-29 04:00:00,2023-12-29 08:00:00,340.0,838.2000122070312,2023-12-28 10:00:00,2023-12-28 14:00:00,276.0,2023-12-29 04:00:00,2023-12-29 08:00:00,328.0,2023-12-29 04:00:00,2023-12-29 08:00:00,341.0,2023-12-28 10:00:00,2023-12-28 14:00:00,340.0,2023-12-29 04:00:00,2023-12-29 08:00:00,384.15185546875,2023-12-29 09:30:00,247.2472381591797,2023-12-29 09:30:00,3.9051783084869385,2023-12-29 09:30:00,100368.7265625,2023-12-29 09:30:00,53.031252094048796,2023-12-29 09:30:00,338.0
2023-12-30 10:00:00,338.0,24.5,2023-12-29 09:30:00,2023-12-29 13:30:00,338.0,838.5,2023-12-29 09:30:00,2023-12-29 13:30:00,276.0,2023-12-29 09:30:00,2023-12-29 13:30:00,327.0,2023-12-29 09:30:00,2023-12-29 13:30:00,340.0,2023-12-29 09:30:00,2023-12-29 13:30:00,338.0,2023-12-29 09:30:00,2023-12-29 13:30:00,386.1114807128906,2023-12-30 10:00:00,244.457260131836,2023-12-30 10:00:00,3.9032506942749023,2023-12-30 10:00:00,101681.21875,2023-12-30 10:00:00,52.92853344408866,2023-12-30 10:00:00,335.0
2023-12-31 10:00:00,335.0,24.0,2023-12-30 10:00:00,2023-12-30 14:00:00,338.0,836.7000122070312,2023-12-30 10:00:00,2023-12-30 14:00:00,271.0,2023-12-30 10:00:00,2023-12-30 14:00:00,323.0,2023-12-30 10:00:00,2023-12-30 14:00:00,342.0,2023-12-30 10:00:00,2023-12-30 14:00:00,335.0,2023-12-30 10:00:00,2023-12-30 14:00:00,380.2303466796875,2023-12-31 10:00:00,226.5632476806641,2023-12-31 10:00:00,3.957960367202759,2023-12-31 10:00:00,94123.1484375,2023-12-31 10:00:00,52.53221894534704,2023-12-31 10:00:00,339.0
2024-01-01 10:00:00,339.0,24.0,2023-12-31 10:00:00,2023-12-31 14:00:00,338.0,837.0999755859375,2023-12-31 10:00:00,2023-12-31 14:00:00,273.0,2023-12-31 10:00:00,2023-12-31 14:00:00,324.0,2023-12-31 10:00:00,2023-12-31 14:00:00,350.0,2023-12-31 10:00:00,2023-12-31 14:00:00,339.0,2023-12-31 10:00:00,2023-12-31 14:00:00,376.1740112304688,2024-01-01 10:00:00,206.16281127929688,2024-01-01 10:00:00,3.84281063079834,2024-01-01 10:00:00,80655.3984375,2024-01-01 10:00:00,52.80709546504261,2024-01-01 10:00:00,345.0
2024-01-02 10:00:00,345.0,24.0,2024-01-01 10:00:00,2024-01-01 14:00:00,339.0,837.0999755859375,2024-01-01 10:00:00,2024-01-01 14:00:00,275.0,2024-01-01 10:00:00,2024-01-01 14:00:00,330.0,2024-01-01 10:00:00,2024-01-01 14:00:00,347.0,2024-01-01 10:00:00,2024-01-01 14:00:00,345.0,2024-01-01 10:00:00,2024-01-01 14:00:00,374.9356689453125,2024-01-02 10:00:00,211.8572692871093,2024-01-02 10:00:00,3.767148971557617,2024-01-02 10:00:00,82344.78125,2024-01-02 10:00:00,53.210694460570494,2024-01-02 10:00:00,336.0
2024-01-03 10:00:00,336.0,24.0,2024-01-02 10:00:00,2024-01-02 14:00:00,339.0,837.4000244140625,2024-01-02 10:00:00,2024-01-02 14:00:00,274.0,2024-01-02 10:00:00,2024-01-02 14:00:00,325.0,2024-01-02 10:00:00,2024-01-02 14:00:00,343.0,2024-01-02 10:00:00,2024-01-02 14:00:00,336.0,2024-01-02 10:00:00,2024-01-02 14:00:00,371.5711059570313,2024-01-03 10:00:00,196.0783843994141,2024-01-03 10:00:00,3.875346183776856,2024-01-03 10:00:00,83028.640625,2024-01-03 10:00:00,52.906777489020214,2024-01-03 10:00:00,337.0
2024-01-04 10:00:00,337.0,24.0,2024-01-03 10:00:00,2024-01-03 14:00:00,337.0,835.7999877929688,2024-01-03 10:00:00,2024-01-03 14:00:00,271.0,2024-01-03 10:00:00,2024-01-03 14:00:00,324.0,2024-01-03 10:00:00,2024-01-03 14:00:00,341.0,2024-01-03 10:00:00,2024-01-03 14:00:00,337.0,2024-01-03 10:00:00,2024-01-03 14:00:00,373.87884521484375,2024-01-04 10:00:00,210.1914825439453,2024-01-04 10:00:00,3.8358154296875,2024-01-04 10:00:00,86844.890625,2024-01-04 10:00:00,52.84332439939362,2024-01-04 10:00:00,343.0
2024-01-05 10:00:00,343.0,24.0,2024-01-04 10:00:00,2024-01-04 14:00:00,337.0,836.2999877929688,2024-01-04 10:00:00,2024-01-04 14:00:00,278.0,2024-01-04 10:00:00,2024-01-04 14:00:00,329.0,2024-01-04 10:00:00,2024-01-04 14:00:00,347.0,2024-01-04 10:00:00,2024-01-04 14:00:00,343.0,2024-01-04 10:00:00,2024-01-04 14:00:00,371.2390441894531,2024-01-05 10:00:00,129.6419219970703,2024-01-05 10:00:00,3.687890291213989,2024-01-05 10:00:00,90964.8203125,2024-01-05 10:00:00,54.07520535769493,2024-01-05 10:00:00,337.0
2024-01-06 10:00:00,337.0,24.0,2024-01-05 10:00:00,2024-01-05 14:00:00,337.0,836.2999877929688,2024-01-05 10:00:00,2024-01-05 14:00:00,270.0,2024-01-05 10:00:00,2024-01-05 14:00:00,324.0,2024-01-05 10:00:00,2024-01-05 14:00:00,344.0,2024-01-05 10:00:00,2024-01-05 14:00:00,337.0,2024-01-05 10:00:00,2024-01-05 14:00:00,374.84759521484375,2024-01-06 10:00:00,199.51251220703125,2024-01-06 10:00:00,3.7707359790802,2024-01-06 10:00:00,89959.375,2024-01-06 10:00:00,52.460514266911105,2024-01-06 10:00:00,338.0
2024-01-07 10:00:00,338.0,24.0,2024-01-06 10:00:00,2024-01-06 14:00:00,338.0,838.0,2024-01-06 10:00:00,2024-01-06 14:00:00,272.0,2024-01-06 10:00:00,2024-01-06 14:00:00,324.0,2024-01-06 10:00:00,2024-01-06 14:00:00,340.0,2024-01-06 10:00:00,2024-01-06 14:00:00,338.0,2024-01-06 10:00:00,2024-01-06 14:00:00,371.1019592285156,2024-01-07 10:00:00,163.94285583496094,2024-01-07 10:00:00,3.749074459075928,2024-01-07 10:00:00,93934.4921875,2024-01-07 10:00:00,52.29258813959484,2024-01-07 10:00:00,337.0
2024-01-08 12:00:00,337.0,26.0,2024-01-07 10:00:00,2024-01-07 14:00:00,337.0,838.2999877929688,2024-01-07 10:00:00,2024-01-07 14:00:00,270.0,2024-01-07 10:00:00,2024-01-07 14:00:00,323.0,2024-01-07 10:00:00,2024-01-07 14:00:00,340.0,2024-01-07 10:00:00,2024-01-07 14:00:00,337.0,2024-01-07 10:00:00,2024-01-07 14:00:00,364.937255859375,2024-01-08 12:00:00,133.00608825683594,2024-01-08 12:00:00,3.924049615859986,2024-01-08 12:00:00,82461.203125,2024-01-08 12:00:00,51.77244143708185,2024-01-08 12:00:00,339.0
2024-01-09 10:00:00,339.0,22.0,2024-01-08 12:00:00,2024-01-08 16:00:00,338.0,836.7000122070312,2024-01-08 12:00:00,2024-01-08 16:00:00,275.0,2024-01-08 12:00:00,2024-01-08 16:00:00,325.0,2024-01-08 12:00:00,2024-01-08 16:00:00,343.0,2024-01-08 12:00:00,2024-01-08 16:00:00,339.0,2024-01-08 12:00:00,2024-01-08 16:00:00,387.2421569824219,2024-01-09 10:00:00,218.73257446289065,2024-01-09 10:00:00,3.843029260635376,2024-01-09 10:00:00,92488.0625,2024-01-09 10:00:00,53.348544317866526,2024-01-09 10:00:00,337.0
2024-01-10 10:00:00,337.0,24.0,2024-01-09 10:00:00,2024-01-09 14:00:00,337.0,838.4000244140625,2024-01-09 10:00:00,2024-01-09 14:00:00,273.0,2024-01-09 10:00:00,2024-01-09 14:00:00,322.0,2024-01-09 10:00:00,2024-01-09 14:00:00,340.0,2024-01-09 10:00:00,2024-01-09 14:00:00,337.0,2024-01-09 10:00:00,2024-01-09 14:00:00,373.8999328613281,2024-01-10 10:00:00,201.396484375,2024-01-10 10:00:00,3.9269824028015137,2024-01-10 10:00:00,96655.15625,2024-01-10 10:00:00,52.36073783143672,2024-01-10 10:00:00,335.0
2024-01-11 10:00:00,335.0,24.0,2024-01-10 10:00:00,2024-01-10 14:00:00,337.0,837.0999755859375,2024-01-10 10:00:00,2024-01-10 14:00:00,272.0,2024-01-10 10:00:00,2024-01-10 14:00:00,322.0,2024-01-10 10:00:00,2024-01-10 14:00:00,342.0,2024-01-10 10:00:00,2024-01-10 14:00:00,335.0,2024-01-10 10:00:00,2024-01-10 14:00:00,369.7319946289063,2024-01-11 10:00:00,169.44488525390625,2024-01-11 10:00:00,3.675044536590576,2024-01-11 10:00:00,88787.5546875,2024-01-11 10:00:00,52.60188066988724,2024-01-11 10:00:00,336.0
2024-01-12 10:00:00,336.0,24.0,2024-01-11 10:00:00,2024-01-11 14:00:00,336.0,837.2000122070312,2024-01-11 10:00:00,2024-01-11 14:00:00,267.0,2024-01-11 10:00:00,2024-01-11 14:00:00,322.0,2024-01-11 10:00:00,2024-01-11 14:00:00,341.0,2024-01-11 10:00:00,2024-01-11 14:00:00,336.0,2024-01-11 10:00:00,2024-01-11 14:00:00,378.2113342285156,2024-01-12 10:00:00,195.92312622070312,2024-01-12 10:00:00,4.018793106079102,2024-01-12 10:00:00,100735.953125,2024-01-12 10:00:00,51.50661044029664,2024-01-12 10:00:00,342.0
2024-01-13 10:00:00,342.0,24.0,2024-01-12 10:00:00,2024-01-12 14:00:00,336.0,842.7000122070312,2024-01-12 10:00:00,2024-01-12 14:00:00,271.0,2024-01-12 10:00:00,2024-01-12 14:00:00,326.0,2024-01-12 10:00:00,2024-01-12 14:00:00,351.0,2024-01-12 10:00:00,2024-01-12 14:00:00,342.0,2024-01-12 10:00:00,2024-01-12 14:00:00,373.5514831542969,2024-01-13 10:00:00,181.908935546875,2024-01-13 10:00:00,3.8117501735687256,2024-01-13 10:00:00,101368.828125,2024-01-13 10:00:00,50.49031319483436,2024-01-13 10:00:00,336.0
2024-01-14 10:00:00,336.0,24.0,2024-01-13 10:00:00,2024-01-13 14:00:00,336.0,841.7999877929688,2024-01-13 10:00:00,2024-01-13 14:00:00,271.0,2024-01-13 10:00:00,2024-01-13 14:00:00,323.0,2024-01-13 10:00:00,2024-01-13 14:00:00,345.0,2024-01-13 10:00:00,2024-01-13 14:00:00,336.0,2024-01-13 10:00:00,2024-01-13 14:00:00,384.883056640625,2024-01-14 10:00:00,216.8631591796875,2024-01-14 10:00:00,3.5930566787719727,2024-01-14 10:00:00,99053.8046875,2024-01-14 10:00:00,50.793051229906155,2024-01-14 10:00:00,336.0
2024-01-15 10:00:00,336.0,24.0,2024-01-14 10:00:00,2024-01-14 14:00:00,336.0,844.2999877929688,2024-01-14 10:00:00,2024-01-14 14:00:00,268.0,2024-01-14 10:00:00,2024-01-14 14:00:00,321.0,2024-01-14 10:00:00,2024-01-14 14:00:00,340.0,2024-01-14 10:00:00,2024-01-14 14:00:00,336.0,2024-01-14 10:00:00,2024-01-14 14:00:00,373.8792419433594,2024-01-15 10:00:00,189.0527191162109,2024-01-15 10:00:00,3.714068174362183,2024-01-15 10:00:00,97071.4765625,2024-01-15 10:00:00,49.31876641137694,2024-01-15 10:00:00,333.0
2024-01-16 10:00:00,333.0,24.0,2024-01-15 10:00:00,2024-01-15 14:00:00,336.0,842.4000244140625,2024-01-15 10:00:00,2024-01-15 14:00:00,267.0,2024-01-15 10:00:00,2024-01-15 14:00:00,321.0,2024-01-15 10:00:00,2024-01-15 14:00:00,343.0,2024-01-15 10:00:00,2024-01-15 14:00:00,333.0,2024-01-15 10:00:00,2024-01-15 14:00:00,388.1705932617188,2024-01-16 10:00:00,227.27037048339844,2024-01-16 10:00:00,3.8441641330718994,2024-01-16 10:00:00,98132.7734375,2024-01-16 10:00:00,49.737760416253764,2024-01-16 10:00:00,342.0
2024-01-17 10:00:00,342.0,24.0,2024-01-16 10:00:00,2024-01-16 14:00:00,336.0,840.0999755859375,2024-01-16 10:00:00,2024-01-16 14:00:00,268.0,2024-01-16 10:00:00,2024-01-16 14:00:00,326.0,2024-01-16 10:00:00,2024-01-16 14:00:00,343.0,2024-01-16 10:00:00,2024-01-16 14:00:00,342.0,2024-01-16 10:00:00,2024-01-16 14:00:00,381.876953125,2024-01-17 10:00:00,239.90655517578125,2024-01-17 10:00:00,3.879188299179077,2024-01-17 10:00:00,100614.84375,2024-01-17 10:00:00,50.73183520232078,2024-01-17 10:00:00,328.0
2024-01-18 10:00:00,328.0,24.0,2024-01-17 10:00:00,2024-01-17 14:00:00,333.0,835.2000122070312,2024-01-17 10:00:00,2024-01-17 14:00:00,267.0,2024-01-17 10:00:00,2024-01-17 14:00:00,316.0,2024-01-17 10:00:00,2024-01-17 14:00:00,333.0,2024-01-17 10:00:00,2024-01-17 14:00:00,328.0,2024-01-17 10:00:00,2024-01-17 14:00:00,383.6933288574219,2024-01-18 10:00:00,254.56593322753903,2024-01-18 10:00:00,3.8825390338897705,2024-01-18 10:00:00,97409.5859375,2024-01-18 10:00:00,52.19809205046738,2024-01-18 10:00:00,339.0
2024-01-19 10:00:00,339.0,24.0,2024-01-18 10:00:00,2024-01-18 14:00:00,339.0,834.2999877929688,2024-01-18 10:00:00,2024-01-18 14:00:00,267.0,2024-01-18 10:00:00,2024-01-18 14:00:00,325.0,2024-01-18 10:00:00,2024-01-18 14:00:00,345.0,2024-01-18 10:00:00,2024-01-18 14:00:00,339.0,2024-01-18 10:00:00,2024-01-18 14:00:00,380.5252075195313,2024-01-19 10:00:00,241.3710327148437,2024-01-19 10:00:00,3.888946294784546,2024-01-19 10:00:00,92310.1953125,2024-01-19 10:00:00,52.5112893592576,2024-01-19 10:00:00,336.0
2024-01-20 10:00:00,336.0,24.0,2024-01-19 10:00:00,2024-01-19 14:00:00,336.0,834.5999755859375,2024-01-19 10:00:00,2024-01-19 14:00:00,265.0,2024-01-19 10:00:00,2024-01-19 14:00:00,323.0,2024-01-19 10:00:00,2024-01-19 14:00:00,345.0,2024-01-19 10:00:00,2024-01-19 14:00:00,336.0,2024-01-19 10:00:00,2024-01-19 14:00:00,374.097900390625,2024-01-20 10:00:00,239.7801513671875,2024-01-20 10:00:00,3.9210400581359854,2024-01-20 10:00:00,94575.3828125,2024-01-20 10:00:00,51.96591671252429,2024-01-20 10:00:00,335.0
2024-01-21 10:00:00,335.0,24.0,2024-01-20 10:00:00,2024-01-20 14:00:00,336.0,833.5999755859375,2024-01-20 10:00:00,2024-01-20 14:00:00,266.0,2024-01-20 10:00:00,2024-01-20 14:00:00,318.0,2024-01-20 10:00:00,2024-01-20 14:00:00,338.0,2024-01-20 10:00:00,2024-01-20 14:00:00,335.0,2024-01-20 10:00:00,2024-01-20 14:00:00,382.27581787109375,2024-01-21 10:00:00,252.16375732421875,2024-01-21 10:00:00,3.781359195709229,2024-01-21 10:00:00,96447.703125,2024-01-21 10:00:00,52.53652703593025,2024-01-21 10:00:00,341.0
2024-01-22 10:00:00,341.0,24.0,2024-01-21 10:00:00,2024-01-21 14:00:00,336.0,834.7000122070312,2024-01-21 10:00:00,2024-01-21 14:00:00,268.0,2024-01-21 10:00:00,2024-01-21 14:00:00,327.0,2024-01-21 10:00:00,2024-01-21 14:00:00,351.0,2024-01-21 10:00:00,2024-01-21 14:00:00,341.0,2024-01-21 10:00:00,2024-01-21 14:00:00,387.4939880371094,2024-01-22 10:00:00,258.5133972167969,2024-01-22 10:00:00,3.9290735721588135,2024-01-22 10:00:00,98849.5078125,2024-01-22 10:00:00,52.58878247927498,2024-01-22 10:00:00,330.0
2024-01-23 10:00:00,330.0,24.0,2024-01-22 10:00:00,2024-01-22 14:00:00,335.0,835.7999877929688,2024-01-22 10:00:00,2024-01-22 14:00:00,265.0,2024-01-22 10:00:00,2024-01-22 14:00:00,321.0,2024-01-22 10:00:00,2024-01-22 14:00:00,337.0,2024-01-22 10:00:00,2024-01-22 14:00:00,330.0,2024-01-22 10:00:00,2024-01-22 14:00:00,386.1452026367188,2024-01-23 10:00:00,253.3204498291016,2024-01-23 10:00:00,3.838988542556762,2024-01-23 10:00:00,96563.96875,2024-01-23 10:00:00,51.549164074294254,2024-01-23 10:00:00,338.0
2024-01-24 10:00:00,338.0,24.0,2024-01-23 10:00:00,2024-01-23 14:00:00,338.0,839.2000122070312,2024-01-23 10:00:00,2024-01-23 14:00:00,267.0,2024-01-23 10:00:00,2024-01-23 14:00:00,325.0,2024-01-23 10:00:00,2024-01-23 14:00:00,345.0,2024-01-23 10:00:00,2024-01-23 14:00:00,338.0,2024-01-23 10:00:00,2024-01-23 14:00:00,387.2823486328125,2024-01-24 10:00:00,253.8766632080078,2024-01-24 10:00:00,3.868391990661621,2024-01-24 10:00:00,98657.78125,2024-01-24 10:00:00,50.821326750125536,2024-01-24 10:00:00,330.0
2024-01-25 10:00:00,330.0,24.0,2024-01-24 10:00:00,2024-01-24 14:00:00,330.0,839.4000244140625,2024-01-24 10:00:00,2024-01-24 14:00:00,267.0,2024-01-24 10:00:00,2024-01-24 14:00:00,318.0,2024-01-24 10:00:00,2024-01-24 14:00:00,338.0,2024-01-24 10:00:00,2024-01-24 14:00:00,330.0,2024-01-24 10:00:00,2024-01-24 14:00:00,385.3170776367188,2024-01-25 10:00:00,244.48374938964844,2024-01-25 10:00:00,3.993012666702272,2024-01-25 10:00:00,94331.9921875,2024-01-25 10:00:00,50.753135106766536,2024-01-25 10:00:00,333.0
2024-01-26 10:00:00,333.0,24.0,2024-01-25 10:00:00,2024-01-25 14:00:00,333.0,836.4000244140625,2024-01-25 10:00:00,2024-01-25 14:00:00,269.0,2024-01-25 10:00:00,2024-01-25 14:00:00,320.0,2024-01-25 10:00:00,2024-01-25 14:00:00,343.0,2024-01-25 10:00:00,2024-01-25 14:00:00,333.0,2024-01-25 10:00:00,2024-01-25 14:00:00,385.843994140625,2024-01-26 10:00:00,229.6358795166016,2024-01-26 10:00:00,4.037671089172363,2024-01-26 10:00:00,101099.671875,2024-01-26 10:00:00,52.213800070355774,2024-01-26 10:00:00,348.0
2024-01-27 10:00:00,348.0,24.0,2024-01-26 10:00:00,2024-01-26 14:00:00,333.0,837.0999755859375,2024-01-26 10:00:00,2024-01-26 14:00:00,274.0,2024-01-26 10:00:00,2024-01-26 14:00:00,332.0,2024-01-26 10:00:00,2024-01-26 14:00:00,348.0,2024-01-26 10:00:00,2024-01-26 14:00:00,348.0,2024-01-26 10:00:00,2024-01-26 14:00:00,385.3794250488281,2024-01-27 10:00:00,247.6758270263672,2024-01-27 10:00:00,3.98201584815979,2024-01-27 10:00:00,97179.8828125,2024-01-27 10:00:00,53.010028452455344,2024-01-27 10:00:00,337.0
2024-01-28 10:00:00,337.0,24.0,2024-01-27 10:00:00,2024-01-27 14:00:00,337.0,835.5,2024-01-27 10:00:00,2024-01-27 14:00:00,270.0,2024-01-27 10:00:00,2024-01-27 14:00:00,323.0,2024-01-27 10:00:00,2024-01-27 14:00:00,344.0,2024-01-27 10:00:00,2024-01-27 14:00:00,337.0,2024-01-27 10:00:00,2024-01-27 14:00:00,383.5634765625,2024-01-28 10:00:00,247.4828643798828,2024-01-28 10:00:00,3.851536989212036,2024-01-28 10:00:00,93444.015625,2024-01-28 10:00:00,52.73747458273317,2024-01-28 10:00:00,336.0
2024-01-29 10:00:00,336.0,24.0,2024-01-28 10:00:00,2024-01-28 14:00:00,337.0,834.7000122070312,2024-01-28 10:00:00,2024-01-28 14:00:00,266.0,2024-01-28 10:00:00,2024-01-28 14:00:00,324.0,2024-01-28 10:00:00,2024-01-28 14:00:00,345.0,2024-01-28 10:00:00,2024-01-28 14:00:00,336.0,2024-01-28 10:00:00,2024-01-28 14:00:00,384.8378601074219,2024-01-29 10:00:00,242.3159637451172,2024-01-29 10:00:00,3.8995003700256334,2024-01-29 10:00:00,101826.40625,2024-01-29 10:00:00,52.152705263995244,2024-01-29 10:00:00,338.0
2024-01-30 10:00:00,338.0,24.0,2024-01-29 10:00:00,2024-01-29 14:00:00,337.0,835.4000244140625,2024-01-29 10:00:00,2024-01-29 14:00:00,271.0,2024-01-29 10:00:00,2024-01-29 14:00:00,325.0,2024-01-29 10:00:00,2024-01-29 14:00:00,344.0,2024-01-29 10:00:00,2024-01-29 14:00:00,338.0,2024-01-29 10:00:00,2024-01-29 14:00:00,349.0082702636719,2024-01-30 10:00:00,137.9328155517578,2024-01-30 10:00:00,4.000387668609619,2024-01-30 10:00:00,113276.7109375,2024-01-30 10:00:00,52.981979904957825,2024-01-30 10:00:00,330.0
2024-01-31 10:00:00,330.0,24.0,2024-01-30 10:00:00,2024-01-30 14:00:00,336.0,831.2000122070312,2024-01-30 10:00:00,2024-01-30 14:00:00,260.0,2024-01-30 10:00:00,2024-01-30 14:00:00,316.0,2024-01-30 10:00:00,2024-01-30 14:00:00,341.0,2024-01-30 10:00:00,2024-01-30 14:00:00,330.0,2024-01-30 10:00:00,2024-01-30 14:00:00,350.1164855957031,2024-01-31 10:00:00,141.80650329589844,2024-01-31 10:00:00,4.033306121826172,2024-01-31 10:00:00,93940.03125,2024-01-31 10:00:00,52.01431182321005,2024-01-31 10:00:00,332.0
2024-02-01 10:00:00,332.0,24.0,2024-01-31 10:00:00,2024-01-31 14:00:00,332.0,830.5999755859375,2024-01-31 10:00:00,2024-01-31 14:00:00,265.0,2024-01-31 10:00:00,2024-01-31 14:00:00,317.0,2024-01-31 10:00:00,2024-01-31 14:00:00,336.0,2024-01-31 10:00:00,2024-01-31 14:00:00,332.0,2024-01-31 10:00:00,2024-01-31 14:00:00,372.0497741699219,2024-02-01 10:00:00,204.6875457763672,2024-02-01 10:00:00,3.886424779891968,2024-02-01 10:00:00,90852.8984375,2024-02-01 10:00:00,53.37119267184073,2024-02-01 10:00:00,336.0
2024-02-02 10:00:00,336.0,24.0,2024-02-01 10:00:00,2024-02-01 14:00:00,332.0,833.0999755859375,2024-02-01 10:00:00,2024-02-01 14:00:00,262.0,2024-02-01 10:00:00,2024-02-01 14:00:00,321.0,2024-02-01 10:00:00,2024-02-01 14:00:00,338.0,2024-02-01 10:00:00,2024-02-01 14:00:00,336.0,2024-02-01 10:00:00,2024-02-01 14:00:00,388.0857543945313,2024-02-02 10:00:00,233.621810913086,2024-02-02 10:00:00,3.943427085876465,2024-02-02 10:00:00,104047.796875,2024-02-02 10:00:00,51.810641854572964,2024-02-02 10:00:00,340.0
2024-02-03 10:00:00,340.0,24.0,2024-02-02 10:00:00,2024-02-02 14:00:00,336.0,838.0,2024-02-02 10:00:00,2024-02-02 14:00:00,271.0,2024-02-02 10:00:00,2024-02-02 14:00:00,327.0,2024-02-02 10:00:00,2024-02-02 14:00:00,345.0,2024-02-02 10:00:00,2024-02-02 14:00:00,340.0,2024-02-02 10:00:00,2024-02-02 14:00:00,378.7101135253906,2024-02-03 10:00:00,223.24188232421875,2024-02-03 10:00:00,3.6023736000061035,2024-02-03 10:00:00,101812.6875,2024-02-03 10:00:00,52.08507655775861,2024-02-03 10:00:00,333.0
2024-02-04 10:00:00,333.0,24.0,2024-02-03 10:00:00,2024-02-03 14:00:00,336.0,835.9000244140625,2024-02-03 10:00:00,2024-02-03 14:00:00,268.0,2024-02-03 10:00:00,2024-02-03 14:00:00,321.0,2024-02-03 10:00:00,2024-02-03 14:00:00,345.0,2024-02-03 10:00:00,2024-02-03 14:00:00,333.0,2024-02-03 10:00:00,2024-02-03 14:00:00,374.66607666015625,2024-02-04 10:00:00,225.53738403320312,2024-02-04 10:00:00,3.883812189102173,2024-02-04 10:00:00,100705.8125,2024-02-04 10:00:00,52.172215848629435,2024-02-04 10:00:00,334.0
2024-02-05 10:00:00,334.0,24.0,2024-02-04 10:00:00,2024-02-04 14:00:00,334.0,834.7999877929688,2024-02-04 10:00:00,2024-02-04 14:00:00,265.0,2024-02-04 10:00:00,2024-02-04 14:00:00,320.0,2024-02-04 10:00:00,2024-02-04 14:00:00,337.0,2024-02-04 10:00:00,2024-02-04 14:00:00,334.0,2024-02-04 10:00:00,2024-02-04 14:00:00,378.52923583984375,2024-02-05 10:00:00,245.5129547119141,2024-02-05 10:00:00,3.931422233581543,2024-02-05 10:00:00,100064.65625,2024-02-05 10:00:00,51.89629944920887,2024-02-05 10:00:00,332.0
2024-02-06 10:00:00,332.0,24.0,2024-02-05 10:00:00,2024-02-05 14:00:00,333.0,842.5999755859375,2024-02-05 10:00:00,2024-02-05 14:00:00,268.0,2024-02-05 10:00:00,2024-02-05 14:00:00,318.0,2024-02-05 10:00:00,2024-02-05 14:00:00,340.0,2024-02-05 10:00:00,2024-02-05 14:00:00,332.0,2024-02-05 10:00:00,2024-02-05 14:00:00,365.1670227050781,2024-02-06 10:00:00,183.9525146484375,2024-02-06 10:00:00,3.865559577941896,2024-02-06 10:00:00,96266.8828125,2024-02-06 10:00:00,49.88743260274816,2024-02-06 10:00:00,336.0
2024-02-07 10:00:00,336.0,24.0,2024-02-06 10:00:00,2024-02-06 14:00:00,334.0,837.2999877929688,2024-02-06 10:00:00,2024-02-06 14:00:00,272.0,2024-02-06 10:00:00,2024-02-06 14:00:00,322.0,2024-02-06 10:00:00,2024-02-06 14:00:00,342.0,2024-02-06 10:00:00,2024-02-06 14:00:00,336.0,2024-02-06 10:00:00,2024-02-06 14:00:00,373.529052734375,2024-02-07 10:00:00,189.15382385253903,2024-02-07 10:00:00,3.853189468383789,2024-02-07 10:00:00,84113.1796875,2024-02-07 10:00:00,52.53303819385792,2024-02-07 10:00:00,337.0
2024-02-08 10:00:00,337.0,24.0,2024-02-07 10:00:00,2024-02-07 14:00:00,336.0,836.7000122070312,2024-02-07 10:00:00,2024-02-07 14:00:00,269.0,2024-02-07 10:00:00,2024-02-07 14:00:00,321.0,2024-02-07 10:00:00,2024-02-07 14:00:00,344.0,2024-02-07 10:00:00,2024-02-07 14:00:00,337.0,2024-02-07 10:00:00,2024-02-07 14:00:00,377.9972534179688,2024-02-08 10:00:00,209.247802734375,2024-02-08 10:00:00,3.935281753540039,2024-02-08 10:00:00,84575.734375,2024-02-08 10:00:00,52.11024474091596,2024-02-08 10:00:00,339.0
2024-02-09 10:00:00,339.0,24.0,2024-02-08 10:00:00,2024-02-08 14:00:00,337.0,836.5999755859375,2024-02-08 10:00:00,2024-02-08 14:00:00,272.0,2024-02-08 10:00:00,2024-02-08 14:00:00,324.0,2024-02-08 10:00:00,2024-02-08 14:00:00,344.0,2024-02-08 10:00:00,2024-02-08 14:00:00,339.0,2024-02-08 10:00:00,2024-02-08 14:00:00,373.5537414550781,2024-02-09 10:00:00,209.50308227539065,2024-02-09 10:00:00,3.710594892501831,2024-02-09 10:00:00,90231.15625,2024-02-09 10:00:00,52.77424751980186,2024-02-09 10:00:00,340.0
2024-02-11 10:00:00,340.0,48.0,2024-02-09 10:00:00,2024-02-09 14:00:00,339.0,836.5999755859375,2024-02-09 10:00:00,2024-02-09 14:00:00,271.0,2024-02-09 10:00:00,2024-02-09 14:00:00,324.0,2024-02-09 10:00:00,2024-02-09 14:00:00,344.0,2024-02-10 10:00:00,2024-02-10 14:00:00,340.0,2024-02-09 10:00:00,2024-02-09 14:00:00,374.64495849609375,2024-02-11 10:00:00,215.5977478027344,2024-02-11 10:00:00,3.880392551422119,2024-02-11 10:00:00,103271.7578125,2024-02-11 10:00:00,52.56673593796563,2024-02-11 10:00:00,346.0
2024-02-12 10:00:00,346.0,24.0,2024-02-11 10:00:00,2024-02-11 14:00:00,340.0,835.7999877929688,2024-02-11 10:00:00,2024-02-11 14:00:00,272.0,2024-02-11 10:00:00,2024-02-11 14:00:00,331.0,2024-02-11 10:00:00,2024-02-11 14:00:00,348.0,2024-02-11 10:00:00,2024-02-11 14:00:00,346.0,2024-02-11 10:00:00,2024-02-11 14:00:00,370.4457092285156,2024-02-12 10:00:00,188.9562225341797,2024-02-12 10:00:00,3.845369577407837,2024-02-12 10:00:00,98636.7109375,2024-02-12 10:00:00,53.05083598122985,2024-02-12 10:00:00,342.0
2024-02-13 10:00:00,342.0,24.0,2024-02-12 10:00:00,2024-02-12 14:00:00,342.0,835.5999755859375,2024-02-12 10:00:00,2024-02-12 14:00:00,270.0,2024-02-12 10:00:00,2024-02-12 14:00:00,327.0,2024-02-12 10:00:00,2024-02-12 14:00:00,347.0,2024-02-12 10:00:00,2024-02-12 14:00:00,342.0,2024-02-12 10:00:00,2024-02-12 14:00:00,350.2261962890625,2024-02-13 10:00:00,143.087646484375,2024-02-13 10:00:00,3.985365867614746,2024-02-13 10:00:00,97011.3984375,2024-02-13 10:00:00,52.70280824776944,2024-02-13 10:00:00,333.0
2024-02-14 10:00:00,333.0,24.0,2024-02-13 10:00:00,2024-02-13 14:00:00,342.0,856.2000122070312,2024-02-13 10:00:00,2024-02-13 14:00:00,262.0,2024-02-13 10:00:00,2024-02-13 14:00:00,315.0,2024-02-13 10:00:00,2024-02-13 14:00:00,340.0,2024-02-13 10:00:00,2024-02-13 14:00:00,333.0,2024-02-13 10:00:00,2024-02-13 14:00:00,353.6067810058594,2024-02-14 10:00:00,156.42247009277344,2024-02-14 10:00:00,4.017039775848389,2024-02-14 10:00:00,94383.7265625,2024-02-14 10:00:00,44.1264671683864,2024-02-14 10:00:00,331.0
2024-02-14 22:00:00,331.0,12.0,2024-02-14 10:00:00,2024-02-14 14:00:00,333.0,832.5999755859375,2024-02-14 10:00:00,2024-02-14 14:00:00,267.0,2024-02-14 10:00:00,2024-02-14 14:00:00,317.0,2024-02-14 10:00:00,2024-02-14 14:00:00,338.0,2024-02-14 10:00:00,2024-02-14 14:00:00,331.0,2024-02-14 10:00:00,2024-02-14 14:00:00,363.1734924316406,2024-02-14 22:00:00,165.050048828125,2024-02-14 22:00:00,3.958845376968384,2024-02-14 22:00:00,88641.2265625,2024-02-14 22:00:00,53.10629689977429,2024-02-14 22:00:00,334.0
2024-02-15 10:00:00,334.0,12.0,2024-02-14 22:00:00,2024-02-15 02:00:00,333.0,832.5999755859375,2024-02-14 10:00:00,2024-02-14 14:00:00,268.0,2024-02-14 22:00:00,2024-02-15 02:00:00,321.0,2024-02-14 22:00:00,2024-02-15 02:00:00,338.0,2024-02-14 10:00:00,2024-02-14 14:00:00,334.0,2024-02-14 22:00:00,2024-02-15 02:00:00,368.55670166015625,2024-02-15 10:00:00,179.6895294189453,2024-02-15 10:00:00,3.9115591049194336,2024-02-15 10:00:00,90432.984375,2024-02-15 10:00:00,53.32314850103921,2024-02-15 10:00:00,337.0
2024-02-16 10:00:00,337.0,24.0,2024-02-15 10:00:00,2024-02-15 14:00:00,334.0,835.5999755859375,2024-02-15 10:00:00,2024-02-15 14:00:00,258.0,2024-02-15 10:00:00,2024-02-15 14:00:00,323.0,2024-02-15 10:00:00,2024-02-15 14:00:00,347.0,2024-02-15 10:00:00,2024-02-15 14:00:00,337.0,2024-02-15 10:00:00,2024-02-15 14:00:00,372.72796630859375,2024-02-16 10:00:00,186.7921905517578,2024-02-16 10:00:00,3.929955244064331,2024-02-16 10:00:00,101961.390625,2024-02-16 10:00:00,49.99887096425391,2024-02-16 10:00:00,340.0
2024-02-17 10:00:00,340.0,24.0,2024-02-16 10:00:00,2024-02-16 14:00:00,337.0,840.9000244140625,2024-02-16 10:00:00,2024-02-16 14:00:00,273.0,2024-02-16 10:00:00,2024-02-16 14:00:00,327.0,2024-02-16 10:00:00,2024-02-16 14:00:00,346.0,2024-02-16 10:00:00,2024-02-16 14:00:00,340.0,2024-02-16 10:00:00,2024-02-16 14:00:00,377.3333129882813,2024-02-17 10:00:00,203.76988220214844,2024-02-17 10:00:00,3.845539093017578,2024-02-17 10:00:00,100238.4609375,2024-02-17 10:00:00,51.509750131009355,2024-02-17 10:00:00,341.0
2024-02-18 10:00:00,341.0,24.0,2024-02-17 10:00:00,2024-02-17 14:00:00,340.0,844.0999755859375,2024-02-17 10:00:00,2024-02-17 14:00:00,274.0,2024-02-17 10:00:00,2024-02-17 14:00:00,327.0,2024-02-17 10:00:00,2024-02-17 14:00:00,347.0,2024-02-17 10:00:00,2024-02-17 14:00:00,341.0,2024-02-17 10:00:00,2024-02-17 14:00:00,380.02288818359375,2024-02-18 10:00:00,202.9046325683593,2024-02-18 10:00:00,3.7658941745758057,2024-02-18 10:00:00,104378.0,2024-02-18 10:00:00,50.63756640365159,2024-02-18 10:00:00,338.0
2024-02-19 10:00:00,338.0,24.0,2024-02-18 10:00:00,2024-02-18 14:00:00,340.0,842.0999755859375,2024-02-18 10:00:00,2024-02-18 14:00:00,271.0,2024-02-18 10:00:00,2024-02-18 14:00:00,324.0,2024-02-18 10:00:00,2024-02-18 14:00:00,347.0,2024-02-18 10:00:00,2024-02-18 14:00:00,338.0,2024-02-18 10:00:00,2024-02-18 14:00:00,380.1585388183594,2024-02-19 10:00:00,193.2288360595703,2024-02-19 10:00:00,3.88354754447937,2024-02-19 10:00:00,102038.9375,2024-02-19 10:00:00,50.69200593890548,2024-02-19 10:00:00,335.0
2024-02-20 10:00:00,335.0,24.0,2024-02-19 10:00:00,2024-02-19 14:00:00,338.0,842.7000122070312,2024-02-19 10:00:00,2024-02-19 14:00:00,271.0,2024-02-19 10:00:00,2024-02-19 14:00:00,323.0,2024-02-19 10:00:00,2024-02-19 14:00:00,352.0,2024-02-19 10:00:00,2024-02-19 14:00:00,335.0,2024-02-19 10:00:00,2024-02-19 14:00:00,381.805419921875,2024-02-20 10:00:00,203.11199951171875,2024-02-20 10:00:00,3.814831495285034,2024-02-20 10:00:00,94535.3828125,2024-02-20 10:00:00,50.49031319483436,2024-02-20 10:00:00,340.0
2024-02-21 10:00:00,340.0,24.0,2024-02-20 10:00:00,2024-02-20 14:00:00,338.0,842.9000244140625,2024-02-20 10:00:00,2024-02-20 14:00:00,271.0,2024-02-20 10:00:00,2024-02-20 14:00:00,326.0,2024-02-20 10:00:00,2024-02-20 14:00:00,348.0,2024-02-20 10:00:00,2024-02-20 14:00:00,340.0,2024-02-20 10:00:00,2024-02-20 14:00:00,381.98876953125,2024-02-21 10:00:00,204.2537078857422,2024-02-21 10:00:00,3.9187943935394287,2024-02-21 10:00:00,97611.671875,2024-02-21 10:00:00,50.42320625367586,2024-02-21 10:00:00,340.0
2024-02-22 10:00:00,340.0,24.0,2024-02-21 10:00:00,2024-02-21 14:00:00,340.0,843.5999755859375,2024-02-21 10:00:00,2024-02-21 14:00:00,271.0,2024-02-21 10:00:00,2024-02-21 14:00:00,326.0,2024-02-21 10:00:00,2024-02-21 14:00:00,348.0,2024-02-21 10:00:00,2024-02-21 14:00:00,340.0,2024-02-21 10:00:00,2024-02-21 14:00:00,381.9073791503906,2024-02-22 10:00:00,205.13427734375,2024-02-22 10:00:00,3.742415428161621,2024-02-22 10:00:00,99981.5625,2024-02-22 10:00:00,50.18885070916167,2024-02-22 10:00:00,340.0
2024-02-23 10:00:00,340.0,24.0,2024-02-22 10:00:00,2024-02-22 14:00:00,340.0,841.7000122070312,2024-02-22 10:00:00,2024-02-22 14:00:00,272.0,2024-02-22 10:00:00,2024-02-22 14:00:00,325.0,2024-02-22 10:00:00,2024-02-22 14:00:00,344.0,2024-02-22 10:00:00,2024-02-22 14:00:00,340.0,2024-02-22 10:00:00,2024-02-22 14:00:00,385.3356323242188,2024-02-23 10:00:00,219.0836639404297,2024-02-23 10:00:00,3.8161888122558594,2024-02-23 10:00:00,100693.640625,2024-02-23 10:00:00,51.03426870175588,2024-02-23 10:00:00,341.0
2024-02-24 12:00:00,341.0,26.0,2024-02-23 10:00:00,2024-02-23 14:00:00,340.0,841.7999877929688,2024-02-23 10:00:00,2024-02-23 14:00:00,267.0,2024-02-23 10:00:00,2024-02-23 14:00:00,323.0,2024-02-23 10:00:00,2024-02-23 14:00:00,338.0,2024-02-23 10:00:00,2024-02-23 14:00:00,341.0,2024-02-23 10:00:00,2024-02-23 14:00:00,384.57861328125,2024-02-24 12:00:00,201.01242065429688,2024-02-24 12:00:00,4.014988899230957,2024-02-24 12:00:00,103583.078125,2024-02-24 12:00:00,49.93973207239844,2024-02-24 12:00:00,337.0
2024-02-25 10:00:00,337.0,22.0,2024-02-24 12:00:00,2024-02-24 16:00:00,340.0,837.7000122070312,2024-02-24 12:00:00,2024-02-24 16:00:00,267.0,2024-02-24 12:00:00,2024-02-24 16:00:00,322.0,2024-02-24 12:00:00,2024-02-24 16:00:00,344.0,2024-02-24 12:00:00,2024-02-24 16:00:00,337.0,2024-02-24 12:00:00,2024-02-24 16:00:00,385.1447448730469,2024-02-25 10:00:00,221.9564208984375,2024-02-25 10:00:00,3.934412002563477,2024-02-25 10:00:00,99692.484375,2024-02-25 10:00:00,51.334708462753724,2024-02-25 10:00:00,343.0
2024-02-26 10:00:00,343.0,24.0,2024-02-25 10:00:00,2024-02-25 14:00:00,341.0,842.9000244140625,2024-02-25 10:00:00,2024-02-25 14:00:00,273.0,2024-02-25 10:00:00,2024-02-25 14:00:00,326.0,2024-02-25 10:00:00,2024-02-25 14:00:00,346.0,2024-02-25 10:00:00,2024-02-25 14:00:00,343.0,2024-02-25 10:00:00,2024-02-25 14:00:00,388.51177978515625,2024-02-26 10:00:00,221.7652740478516,2024-02-26 10:00:00,3.9835898876190186,2024-02-26 10:00:00,98925.5078125,2024-02-26 10:00:00,50.83593263066757,2024-02-26 10:00:00,340.0
2024-02-27 10:00:00,340.0,24.0,2024-02-26 10:00:00,2024-02-26 14:00:00,340.0,843.2999877929688,2024-02-26 10:00:00,2024-02-26 14:00:00,271.0,2024-02-26 10:00:00,2024-02-26 14:00:00,323.0,2024-02-26 10:00:00,2024-02-26 14:00:00,344.0,2024-02-26 10:00:00,2024-02-26 14:00:00,340.0,2024-02-26 10:00:00,2024-02-26 14:00:00,384.9383850097656,2024-02-27 10:00:00,217.9820709228516,2024-02-27 10:00:00,4.023530960083008,2024-02-27 10:00:00,98628.6328125,2024-02-27 10:00:00,50.28919876253451,2024-02-27 10:00:00,336.0
2024-02-28 10:00:00,336.0,24.0,2024-02-27 10:00:00,2024-02-27 14:00:00,340.0,837.0999755859375,2024-02-27 10:00:00,2024-02-27 14:00:00,273.0,2024-02-27 10:00:00,2024-02-27 14:00:00,324.0,2024-02-27 10:00:00,2024-02-27 14:00:00,341.0,2024-02-27 10:00:00,2024-02-27 14:00:00,336.0,2024-02-27 10:00:00,2024-02-27 14:00:00,386.4024963378906,2024-02-28 10:00:00,230.6622467041016,2024-02-28 10:00:00,3.9159610271453857,2024-02-28 10:00:00,101612.7109375,2024-02-28 10:00:00,52.80709546504261,2024-02-28 10:00:00,344.0
2024-02-29 10:00:00,344.0,24.0,2024-02-28 10:00:00,2024-02-28 14:00:00,340.0,838.5,2024-02-28 10:00:00,2024-02-28 14:00:00,269.0,2024-02-28 10:00:00,2024-02-28 14:00:00,330.0,2024-02-28 10:00:00,2024-02-28 14:00:00,353.0,2024-02-28 10:00:00,2024-02-28 14:00:00,344.0,2024-02-28 10:00:00,2024-02-28 14:00:00,379.3044738769531,2024-02-29 10:00:00,207.0730895996093,2024-02-29 10:00:00,3.943292379379273,2024-02-29 10:00:00,87448.75,2024-02-29 10:00:00,51.49182015832753,2024-02-29 10:00:00,342.0
2024-03-01 10:00:00,342.0,24.0,2024-02-29 10:00:00,2024-02-29 14:00:00,342.0,838.7000122070312,2024-02-29 10:00:00,2024-02-29 14:00:00,270.0,2024-02-29 10:00:00,2024-02-29 14:00:00,328.0,2024-02-29 10:00:00,2024-02-29 14:00:00,350.0,2024-02-29 10:00:00,2024-02-29 14:00:00,342.0,2024-02-29 10:00:00,2024-02-29 14:00:00,388.3458251953125,2024-03-01 10:00:00,214.30799865722656,2024-03-01 10:00:00,3.966753244400024,2024-03-01 10:00:00,92883.3828125,2024-03-01 10:00:00,51.63556227515073,2024-03-01 10:00:00,350.0
2024-03-02 10:00:00,350.0,24.0,2024-03-01 10:00:00,2024-03-01 14:00:00,344.0,838.4000244140625,2024-03-01 10:00:00,2024-03-01 14:00:00,278.0,2024-03-01 10:00:00,2024-03-01 14:00:00,334.0,2024-03-01 10:00:00,2024-03-01 14:00:00,353.0,2024-03-01 10:00:00,2024-03-01 14:00:00,350.0,2024-03-01 10:00:00,2024-03-01 14:00:00,376.7125244140625,2024-03-02 10:00:00,213.096908569336,2024-03-02 10:00:00,3.87373423576355,2024-03-02 10:00:00,93069.8671875,2024-03-02 10:00:00,53.35287904520362,2024-03-02 10:00:00,335.0
2024-03-03 10:00:00,335.0,24.0,2024-03-02 10:00:00,2024-03-02 14:00:00,342.0,835.2000122070312,2024-03-02 10:00:00,2024-03-02 14:00:00,272.0,2024-03-02 10:00:00,2024-03-02 14:00:00,323.0,2024-03-02 10:00:00,2024-03-02 14:00:00,344.0,2024-03-02 10:00:00,2024-03-02 14:00:00,335.0,2024-03-02 10:00:00,2024-03-02 14:00:00,371.6533203125,2024-03-03 10:00:00,202.61911010742188,2024-03-03 10:00:00,3.9419333934783936,2024-03-03 10:00:00,86168.3203125,2024-03-03 10:00:00,53.25892278981132,2024-03-03 10:00:00,334.0
2024-03-04 10:00:00,334.0,24.0,2024-03-03 10:00:00,2024-03-03 14:00:00,335.0,834.5,2024-03-03 10:00:00,2024-03-03 14:00:00,271.0,2024-03-03 10:00:00,2024-03-03 14:00:00,321.0,2024-03-03 10:00:00,2024-03-03 14:00:00,336.0,2024-03-03 10:00:00,2024-03-03 14:00:00,334.0,2024-03-03 10:00:00,2024-03-03 14:00:00,375.7496948242188,2024-03-04 10:00:00,227.36541748046875,2024-03-04 10:00:00,3.9191856384277344,2024-03-04 10:00:00,95311.2421875,2024-03-04 10:00:00,53.29489828275871,2024-03-04 10:00:00,332.0
2024-03-05 10:00:00,332.0,24.0,2024-03-04 10:00:00,2024-03-04 14:00:00,334.0,830.7000122070312,2024-03-04 10:00:00,2024-03-04 14:00:00,265.0,2024-03-04 10:00:00,2024-03-04 14:00:00,317.0,2024-03-04 10:00:00,2024-03-04 14:00:00,340.0,2024-03-04 10:00:00,2024-03-04 14:00:00,332.0,2024-03-04 10:00:00,2024-03-04 14:00:00,376.7420043945313,2024-03-05 10:00:00,234.3938903808593,2024-03-05 10:00:00,3.929391860961914,2024-03-05 10:00:00,98095.46875,2024-03-05 10:00:00,53.33574565076026,2024-03-05 10:00:00,332.0
2024-03-06 10:00:00,332.0,24.0,2024-03-05 10:00:00,2024-03-05 14:00:00,332.0,834.2999877929688,2024-03-05 10:00:00,2024-03-05 14:00:00,266.0,2024-03-05 10:00:00,2024-03-05 14:00:00,318.0,2024-03-05 10:00:00,2024-03-05 14:00:00,336.0,2024-03-05 10:00:00,2024-03-05 14:00:00,332.0,2024-03-05 10:00:00,2024-03-05 14:00:00,382.4879455566406,2024-03-06 10:00:00,231.1801300048828,2024-03-06 10:00:00,3.915080308914185,2024-03-06 10:00:00,100483.1015625,2024-03-06 10:00:00,52.292063745242785,2024-03-06 10:00:00,343.0
2024-03-07 10:00:00,343.0,24.0,2024-03-06 10:00:00,2024-03-06 14:00:00,332.0,834.7000122070312,2024-03-06 10:00:00,2024-03-06 14:00:00,271.0,2024-03-06 10:00:00,2024-03-06 14:00:00,327.0,2024-03-06 10:00:00,2024-03-06 14:00:00,355.0,2024-03-06 10:00:00,2024-03-06 14:00:00,343.0,2024-03-06 10:00:00,2024-03-06 14:00:00,384.3382263183594,2024-03-07 10:00:00,234.05210876464844,2024-03-07 10:00:00,3.893606185913086,2024-03-07 10:00:00,100622.9921875,2024-03-07 10:00:00,53.225250035517774,2024-03-07 10:00:00,339.0
2024-03-08 10:00:00,339.0,24.0,2024-03-07 10:00:00,2024-03-07 14:00:00,339.0,834.2000122070312,2024-03-07 10:00:00,2024-03-07 14:00:00,270.0,2024-03-07 10:00:00,2024-03-07 14:00:00,325.0,2024-03-07 10:00:00,2024-03-07 14:00:00,348.0,2024-03-07 10:00:00,2024-03-07 14:00:00,339.0,2024-03-07 10:00:00,2024-03-07 14:00:00,376.5986022949219,2024-03-08 10:00:00,215.27911376953125,2024-03-08 10:00:00,3.806100606918335,2024-03-08 10:00:00,87072.53125,2024-03-08 10:00:00,53.18965273303536,2024-03-08 10:00:00,337.0
2024-03-08 17:00:00,337.0,7.0,2024-03-08 10:00:00,2024-03-08 14:00:00,339.0,834.7999877929688,2024-03-08 10:00:00,2024-03-08 14:00:00,270.0,2024-03-08 10:00:00,2024-03-08 14:00:00,322.0,2024-03-08 10:00:00,2024-03-08 14:00:00,340.0,2024-03-08 10:00:00,2024-03-08 14:00:00,337.0,2024-03-08 10:00:00,2024-03-08 14:00:00,380.0259399414063,2024-03-08 17:00:00,233.27117919921875,2024-03-08 17:00:00,3.963529586791992,2024-03-08 17:00:00,90276.65625,2024-03-08 17:00:00,52.980636274282915,2024-03-08 17:00:00,337.0
2024-03-09 09:30:00,337.0,16.5,2024-03-08 17:00:00,2024-03-08 21:00:00,337.0,834.7999877929688,2024-03-08 10:00:00,2024-03-08 14:00:00,270.0,2024-03-08 17:00:00,2024-03-08 21:00:00,322.0,2024-03-08 17:00:00,2024-03-08 21:00:00,340.0,2024-03-08 10:00:00,2024-03-08 14:00:00,337.0,2024-03-08 17:00:00,2024-03-08 21:00:00,383.9613342285156,2024-03-09 09:30:00,226.6116485595703,2024-03-09 09:30:00,3.864417314529419,2024-03-09 09:30:00,99902.3828125,2024-03-09 09:30:00,52.980636274282915,2024-03-09 09:30:00,336.0
2024-03-10 10:00:00,336.0,24.5,2024-03-09 09:30:00,2024-03-09 13:30:00,337.0,836.0,2024-03-09 09:30:00,2024-03-09 13:30:00,271.0,2024-03-09 09:30:00,2024-03-09 13:30:00,322.0,2024-03-09 09:30:00,2024-03-09 13:30:00,342.0,2024-03-09 09:30:00,2024-03-09 13:30:00,336.0,2024-03-09 09:30:00,2024-03-09 13:30:00,384.3823547363281,2024-03-10 10:00:00,228.344467163086,2024-03-10 10:00:00,3.912919282913208,2024-03-10 10:00:00,102139.9609375,2024-03-10 10:00:00,52.774079037758725,2024-03-10 10:00:00,337.0
2024-03-11 10:00:00,337.0,24.0,2024-03-10 10:00:00,2024-03-10 14:00:00,337.0,834.9000244140625,2024-03-10 10:00:00,2024-03-10 14:00:00,271.0,2024-03-10 10:00:00,2024-03-10 14:00:00,325.0,2024-03-10 10:00:00,2024-03-10 14:00:00,339.0,2024-03-10 10:00:00,2024-03-10 14:00:00,337.0,2024-03-10 10:00:00,2024-03-10 14:00:00,383.3769836425781,2024-03-11 10:00:00,225.4401092529297,2024-03-11 10:00:00,3.955845832824707,2024-03-11 10:00:00,97211.2109375,2024-03-11 10:00:00,53.155663775043195,2024-03-11 10:00:00,338.0
2024-03-12 10:00:00,338.0,24.0,2024-03-11 10:00:00,2024-03-11 14:00:00,337.0,835.5999755859375,2024-03-11 10:00:00,2024-03-11 14:00:00,272.0,2024-03-11 10:00:00,2024-03-11 14:00:00,323.0,2024-03-11 10:00:00,2024-03-11 14:00:00,342.0,2024-03-11 10:00:00,2024-03-11 14:00:00,338.0,2024-03-11 10:00:00,2024-03-11 14:00:00,382.1608581542969,2024-03-12 10:00:00,228.675521850586,2024-03-12 10:00:00,3.9802050590515137,2024-03-12 10:00:00,94752.2265625,2024-03-12 10:00:00,53.12014332963099,2024-03-12 10:00:00,339.0
2024-03-13 10:00:00,339.0,24.0,2024-03-12 10:00:00,2024-03-12 14:00:00,338.0,835.4000244140625,2024-03-12 10:00:00,2024-03-12 14:00:00,271.0,2024-03-12 10:00:00,2024-03-12 14:00:00,324.0,2024-03-12 10:00:00,2024-03-12 14:00:00,341.0,2024-03-12 10:00:00,2024-03-12 14:00:00,339.0,2024-03-12 10:00:00,2024-03-12 14:00:00,382.4478149414063,2024-03-13 10:00:00,233.3145751953125,2024-03-13 10:00:00,4.000802516937256,2024-03-13 10:00:00,95397.125,2024-03-13 10:00:00,52.981979904957825,2024-03-13 10:00:00,335.0
2024-03-14 10:00:00,335.0,24.0,2024-03-13 10:00:00,2024-03-13 14:00:00,338.0,838.0,2024-03-13 10:00:00,2024-03-13 14:00:00,268.0,2024-03-13 10:00:00,2024-03-13 14:00:00,319.0,2024-03-13 10:00:00,2024-03-13 14:00:00,341.0,2024-03-13 10:00:00,2024-03-13 14:00:00,335.0,2024-03-13 10:00:00,2024-03-13 14:00:00,361.4351806640625,2024-03-14 10:00:00,166.96607971191406,2024-03-14 10:00:00,3.982435464859009,2024-03-14 10:00:00,99927.0625,2024-03-14 10:00:00,51.44860900151582,2024-03-14 10:00:00,343.0
2024-03-15 10:00:00,343.0,24.0,2024-03-14 10:00:00,2024-03-14 14:00:00,339.0,836.0,2024-03-14 10:00:00,2024-03-14 14:00:00,277.0,2024-03-14 10:00:00,2024-03-14 14:00:00,328.0,2024-03-14 10:00:00,2024-03-14 14:00:00,345.0,2024-03-14 10:00:00,2024-03-14 14:00:00,343.0,2024-03-14 10:00:00,2024-03-14 14:00:00,363.5028381347656,2024-03-15 10:00:00,134.43418884277344,2024-03-15 10:00:00,4.003726959228516,2024-03-15 10:00:00,102893.6953125,2024-03-15 10:00:00,53.98499406214307,2024-03-15 10:00:00,343.0
2024-03-16 10:00:00,343.0,24.0,2024-03-15 10:00:00,2024-03-15 14:00:00,343.0,837.5999755859375,2024-03-15 10:00:00,2024-03-15 14:00:00,279.0,2024-03-15 10:00:00,2024-03-15 14:00:00,328.0,2024-03-15 10:00:00,2024-03-15 14:00:00,350.0,2024-03-15 10:00:00,2024-03-15 14:00:00,343.0,2024-03-15 10:00:00,2024-03-15 14:00:00,316.4925842285156,2024-03-16 10:00:00,139.1246337890625,2024-03-16 10:00:00,3.866929531097412,2024-03-16 10:00:00,92496.1875,2024-03-16 10:00:00,53.819000635130806,2024-03-16 10:00:00,326.0
2024-04-23 10:00:00,,912.0,2024-03-16 10:00:00,2024-03-16 14:00:00,,,2024-03-16 10:00:00,2024-03-16 14:00:00,,2024-03-16 10:00:00,2024-03-16 14:00:00,,2024-03-16 10:00:00,2024-03-16 14:00:00,,2024-04-20 23:18:00,2024-04-21 03:18:00,,2024-03-16 10:00:00,2024-03-16 14:00:00,344.4710388183594,2024-04-23 10:00:00,141.79209899902344,2024-04-23 10:00:00,3.885357141494751,2024-04-23 10:00:00,107063.4609375,2024-04-23 10:00:00,,2024-04-23 10:00:00,350.0
2024-04-24 02:00:00,350.0,16.0,2024-04-23 10:00:00,2024-04-23 14:00:00,343.0,834.7999877929688,2024-04-23 10:00:00,2024-04-23 14:00:00,273.0,2024-04-23 10:00:00,2024-04-23 14:00:00,331.0,2024-04-23 10:00:00,2024-04-23 14:00:00,358.0,2024-04-23 12:00:00,2024-04-23 16:00:00,350.0,2024-04-23 10:00:00,2024-04-23 14:00:00,358.0679931640625,2024-04-24 02:00:00,247.0892791748047,2024-04-24 02:00:00,3.850185632705689,2024-04-24 02:00:00,91267.40625,2024-04-24 02:00:00,53.60318615129984,2024-04-24 02:00:00,347.0
2024-04-24 10:00:00,347.0,8.0,2024-04-24 02:00:00,2024-04-24 06:00:00,347.0,834.7999877929688,2024-04-23 10:00:00,2024-04-23 14:00:00,272.0,2024-04-24 02:00:00,2024-04-24 06:00:00,330.0,2024-04-24 02:00:00,2024-04-24 06:00:00,358.0,2024-04-23 12:00:00,2024-04-23 16:00:00,347.0,2024-04-24 02:00:00,2024-04-24 06:00:00,363.2536315917969,2024-04-24 10:00:00,215.95057678222656,2024-04-24 10:00:00,4.023999214172363,2024-04-24 10:00:00,100749.0625,2024-04-24 10:00:00,53.39797135614447,2024-04-24 10:00:00,356.0
2024-04-25 10:00:00,356.0,24.0,2024-04-24 10:00:00,2024-04-24 14:00:00,350.0,837.4000244140625,2024-04-24 10:00:00,2024-04-24 14:00:00,277.0,2024-04-24 10:00:00,2024-04-24 14:00:00,338.0,2024-04-24 10:00:00,2024-04-24 14:00:00,361.0,2024-04-24 22:00:00,2024-04-25 02:00:00,356.0,2024-04-24 10:00:00,2024-04-24 14:00:00,354.9376525878906,2024-04-25 10:00:00,233.15997314453125,2024-04-25 10:00:00,3.956822156906128,2024-04-25 10:00:00,89355.1484375,2024-04-25 10:00:00,53.50203314900034,2024-04-25 10:00:00,350.0
2024-04-26 10:00:00,350.0,24.0,2024-04-25 10:00:00,2024-04-25 14:00:00,350.0,836.2000122070312,2024-04-25 10:00:00,2024-04-25 14:00:00,276.0,2024-04-25 10:00:00,2024-04-25 14:00:00,338.0,2024-04-25 10:00:00,2024-04-25 14:00:00,353.0,2024-04-25 10:00:00,2024-04-25 14:00:00,350.0,2024-04-25 10:00:00,2024-04-25 14:00:00,355.84051513671875,2024-04-26 10:00:00,233.75125122070312,2024-04-26 10:00:00,3.948177099227905,2024-04-26 10:00:00,90712.65625,2024-04-26 10:00:00,53.71963474421955,2024-04-26 10:00:00,350.0
2024-04-27 10:00:00,350.0,24.0,2024-04-26 10:00:00,2024-04-26 14:00:00,350.0,835.2999877929688,2024-04-26 10:00:00,2024-04-26 14:00:00,276.0,2024-04-26 10:00:00,2024-04-26 14:00:00,335.0,2024-04-26 10:00:00,2024-04-26 14:00:00,353.0,2024-04-27 02:00:00,2024-04-27 06:00:00,350.0,2024-04-26 10:00:00,2024-04-26 14:00:00,354.0537414550781,2024-04-27 10:00:00,211.13723754882807,2024-04-27 10:00:00,3.9503049850463854,2024-04-27 10:00:00,90244.9140625,2024-04-27 10:00:00,54.03143748318075,2024-04-27 10:00:00,341.0
2024-04-28 10:00:00,341.0,24.0,2024-04-27 10:00:00,2024-04-27 14:00:00,350.0,835.2000122070312,2024-04-27 10:00:00,2024-04-27 14:00:00,272.0,2024-04-27 10:00:00,2024-04-27 14:00:00,327.0,2024-04-27 10:00:00,2024-04-27 14:00:00,353.0,2024-04-27 10:00:00,2024-04-27 14:00:00,341.0,2024-04-27 10:00:00,2024-04-27 14:00:00,354.08740234375,2024-04-28 10:00:00,239.4576416015625,2024-04-28 10:00:00,3.88238525390625,2024-04-28 10:00:00,89776.1640625,2024-04-28 10:00:00,53.25892278981132,2024-04-28 10:00:00,354.0
2024-04-29 04:00:00,354.0,18.0,2024-04-28 10:00:00,2024-04-28 14:00:00,350.0,836.0,2024-04-28 10:00:00,2024-04-28 14:00:00,276.0,2024-04-28 10:00:00,2024-04-28 14:00:00,338.0,2024-04-28 10:00:00,2024-04-28 14:00:00,356.0,2024-04-28 10:00:00,2024-04-28 14:00:00,354.0,2024-04-28 10:00:00,2024-04-28 14:00:00,356.62384033203125,2024-04-29 04:00:00,255.2998046875,2024-04-29 04:00:00,3.8914527893066406,2024-04-29 04:00:00,86792.7578125,2024-04-29 04:00:00,53.78881811908866,2024-04-29 04:00:00,354.0
2024-04-29 10:00:00,354.0,6.0,2024-04-29 04:00:00,2024-04-29 08:00:00,354.0,836.0,2024-04-28 10:00:00,2024-04-28 14:00:00,275.0,2024-04-29 04:00:00,2024-04-29 08:00:00,336.0,2024-04-29 04:00:00,2024-04-29 08:00:00,356.0,2024-04-28 10:00:00,2024-04-28 14:00:00,354.0,2024-04-29 04:00:00,2024-04-29 08:00:00,358.3028869628906,2024-04-29 10:00:00,252.0687561035156,2024-04-29 10:00:00,3.935914039611816,2024-04-29 10:00:00,89949.8984375,2024-04-29 10:00:00,53.59040441027821,2024-04-29 10:00:00,356.0
2024-04-30 10:00:00,356.0,24.0,2024-04-29 10:00:00,2024-04-29 14:00:00,354.0,835.9000244140625,2024-04-29 10:00:00,2024-04-29 14:00:00,280.0,2024-04-29 10:00:00,2024-04-29 14:00:00,343.0,2024-04-29 10:00:00,2024-04-29 14:00:00,358.0,2024-04-30 00:01:00,2024-04-30 04:01:00,356.0,2024-04-29 10:00:00,2024-04-29 14:00:00,359.01123046875,2024-04-30 10:00:00,245.614990234375,2024-04-30 10:00:00,3.888474941253662,2024-04-30 10:00:00,88882.3828125,2024-04-30 10:00:00,54.594842843879405,2024-04-30 10:00:00,352.0
2024-05-01 10:00:00,352.0,24.0,2024-04-30 10:00:00,2024-04-30 14:00:00,354.0,838.7999877929688,2024-04-30 10:00:00,2024-04-30 14:00:00,275.0,2024-04-30 10:00:00,2024-04-30 14:00:00,335.0,2024-04-30 10:00:00,2024-04-30 14:00:00,360.0,2024-04-30 10:00:00,2024-04-30 14:00:00,352.0,2024-04-30 10:00:00,2024-04-30 14:00:00,356.0431213378906,2024-05-01 10:00:00,223.9054107666016,2024-05-01 10:00:00,3.965650796890259,2024-05-01 10:00:00,90624.8515625,2024-05-01 10:00:00,52.627540527169344,2024-05-01 10:00:00,355.0
2024-05-02 10:00:00,355.0,24.0,2024-05-01 10:00:00,2024-05-01 14:00:00,355.0,835.7000122070312,2024-05-01 10:00:00,2024-05-01 14:00:00,277.0,2024-05-01 10:00:00,2024-05-01 14:00:00,340.0,2024-05-01 10:00:00,2024-05-01 14:00:00,360.0,2024-04-30 10:00:00,2024-04-30 14:00:00,355.0,2024-05-01 10:00:00,2024-05-01 14:00:00,352.7300720214844,2024-05-02 10:00:00,227.85757446289065,2024-05-02 10:00:00,3.9687016010284415,2024-05-02 10:00:00,86658.1640625,2024-05-02 10:00:00,54.08887477481687,2024-05-02 10:00:00,350.0
2024-05-03 10:00:00,350.0,24.0,2024-05-02 10:00:00,2024-05-02 14:00:00,352.0,835.2000122070312,2024-05-02 10:00:00,2024-05-02 14:00:00,277.0,2024-05-02 10:00:00,2024-05-02 14:00:00,337.0,2024-05-02 10:00:00,2024-05-02 14:00:00,353.0,2024-05-02 10:00:00,2024-05-02 14:00:00,350.0,2024-05-02 10:00:00,2024-05-02 14:00:00,353.9083557128906,2024-05-03 10:00:00,201.0201568603516,2024-05-03 10:00:00,3.89405369758606,2024-05-03 10:00:00,90232.34375,2024-05-03 10:00:00,54.26232623235944,2024-05-03 10:00:00,347.0
2024-05-04 10:00:00,347.0,24.0,2024-05-03 10:00:00,2024-05-03 14:00:00,350.0,837.2000122070312,2024-05-03 10:00:00,2024-05-03 14:00:00,276.0,2024-05-03 10:00:00,2024-05-03 14:00:00,334.0,2024-05-03 10:00:00,2024-05-03 14:00:00,356.0,2024-05-03 10:00:00,2024-05-03 14:00:00,347.0,2024-05-03 10:00:00,2024-05-03 14:00:00,350.6409606933594,2024-05-04 10:00:00,217.0449676513672,2024-05-04 10:00:00,4.009040355682373,2024-05-04 10:00:00,97904.640625,2024-05-04 10:00:00,53.37466867913429,2024-05-04 10:00:00,353.0
2024-05-05 10:00:00,353.0,24.0,2024-05-04 10:00:00,2024-05-04 14:00:00,350.0,835.5999755859375,2024-05-04 10:00:00,2024-05-04 14:00:00,278.0,2024-05-04 10:00:00,2024-05-04 14:00:00,338.0,2024-05-04 10:00:00,2024-05-04 14:00:00,359.0,2024-05-04 10:00:00,2024-05-04 14:00:00,353.0,2024-05-04 10:00:00,2024-05-04 14:00:00,356.7270202636719,2024-05-05 10:00:00,227.35015869140625,2024-05-05 10:00:00,3.9380807876586914,2024-05-05 10:00:00,91671.6796875,2024-05-05 10:00:00,54.317499338553375,2024-05-05 10:00:00,352.0
2024-05-06 10:00:00,352.0,24.0,2024-05-05 10:00:00,2024-05-05 14:00:00,352.0,836.5999755859375,2024-05-05 10:00:00,2024-05-05 14:00:00,279.0,2024-05-05 10:00:00,2024-05-05 14:00:00,338.0,2024-05-05 10:00:00,2024-05-05 14:00:00,353.0,2024-05-05 10:00:00,2024-05-05 14:00:00,352.0,2024-05-05 10:00:00,2024-05-05 14:00:00,359.1903991699219,2024-05-06 10:00:00,245.0420379638672,2024-05-06 10:00:00,3.964336395263672,2024-05-06 10:00:00,88801.5234375,2024-05-06 10:00:00,54.163346964960056,2024-05-06 10:00:00,354.0
2024-05-07 10:00:00,354.0,24.0,2024-05-06 10:00:00,2024-05-06 14:00:00,353.0,836.0999755859375,2024-05-06 10:00:00,2024-05-06 14:00:00,276.0,2024-05-06 10:00:00,2024-05-06 14:00:00,336.0,2024-05-06 10:00:00,2024-05-06 14:00:00,355.0,2024-05-06 10:00:00,2024-05-06 14:00:00,354.0,2024-05-06 10:00:00,2024-05-06 14:00:00,360.1528015136719,2024-05-07 10:00:00,246.21578979492188,2024-05-07 10:00:00,3.914162635803223,2024-05-07 10:00:00,87305.1640625,2024-05-07 10:00:00,53.75422923920996,2024-05-07 10:00:00,348.0
2024-05-08 10:00:00,348.0,24.0,2024-05-07 10:00:00,2024-05-07 14:00:00,352.0,836.0999755859375,2024-05-07 10:00:00,2024-05-07 14:00:00,272.0,2024-05-07 10:00:00,2024-05-07 14:00:00,332.0,2024-05-07 10:00:00,2024-05-07 14:00:00,355.0,2024-05-07 10:00:00,2024-05-07 14:00:00,348.0,2024-05-07 10:00:00,2024-05-07 14:00:00,357.5073547363281,2024-05-08 10:00:00,235.4100341796875,2024-05-08 10:00:00,3.987361669540405,2024-05-08 10:00:00,88684.40625,2024-05-08 10:00:00,52.94700173971626,2024-05-08 10:00:00,346.0
2024-05-09 10:00:00,346.0,24.0,2024-05-08 10:00:00,2024-05-08 14:00:00,348.0,835.2000122070312,2024-05-08 10:00:00,2024-05-08 14:00:00,273.0,2024-05-08 10:00:00,2024-05-08 14:00:00,330.0,2024-05-08 10:00:00,2024-05-08 14:00:00,351.0,2024-05-08 10:00:00,2024-05-08 14:00:00,346.0,2024-05-08 10:00:00,2024-05-08 14:00:00,359.65020751953125,2024-05-09 10:00:00,237.0321044921875,2024-05-09 10:00:00,3.949551820755005,2024-05-09 10:00:00,86832.5546875,2024-05-09 10:00:00,53.46413758496681,2024-05-09 10:00:00,355.0
2024-05-10 10:00:00,355.0,24.0,2024-05-09 10:00:00,2024-05-09 14:00:00,348.0,835.7000122070312,2024-05-09 10:00:00,2024-05-09 14:00:00,275.0,2024-05-09 10:00:00,2024-05-09 14:00:00,337.0,2024-05-09 10:00:00,2024-05-09 14:00:00,353.0,2024-05-09 10:00:00,2024-05-09 14:00:00,355.0,2024-05-09 10:00:00,2024-05-09 14:00:00,357.8207092285156,2024-05-10 10:00:00,230.5948944091797,2024-05-10 10:00:00,3.951713085174561,2024-05-10 10:00:00,85591.03125,2024-05-10 10:00:00,53.6942851229519,2024-05-10 10:00:00,354.0
2024-05-11 10:00:00,354.0,24.0,2024-05-10 10:00:00,2024-05-10 14:00:00,354.0,837.0,2024-05-10 10:00:00,2024-05-10 14:00:00,277.0,2024-05-10 10:00:00,2024-05-10 14:00:00,337.0,2024-05-10 10:00:00,2024-05-10 14:00:00,358.0,2024-05-10 10:00:00,2024-05-10 14:00:00,354.0,2024-05-10 10:00:00,2024-05-10 14:00:00,359.27508544921875,2024-05-11 10:00:00,227.97666931152344,2024-05-11 10:00:00,3.986919403076172,2024-05-11 10:00:00,85743.390625,2024-05-11 10:00:00,53.63971808214285,2024-05-11 10:00:00,350.0
2024-05-12 10:00:00,350.0,24.0,2024-05-11 10:00:00,2024-05-11 14:00:00,354.0,836.7000122070312,2024-05-11 10:00:00,2024-05-11 14:00:00,275.0,2024-05-11 10:00:00,2024-05-11 14:00:00,335.0,2024-05-11 10:00:00,2024-05-11 14:00:00,355.0,2024-05-11 10:00:00,2024-05-11 14:00:00,350.0,2024-05-11 10:00:00,2024-05-11 14:00:00,357.666015625,2024-05-12 10:00:00,233.32864379882807,2024-05-12 10:00:00,3.9176511764526367,2024-05-12 10:00:00,84463.765625,2024-05-12 10:00:00,53.348544317866526,2024-05-12 10:00:00,350.0
2024-05-13 10:00:00,350.0,24.0,2024-05-12 10:00:00,2024-05-12 14:00:00,350.0,836.5999755859375,2024-05-12 10:00:00,2024-05-12 14:00:00,274.0,2024-05-12 10:00:00,2024-05-12 14:00:00,333.0,2024-05-12 10:00:00,2024-05-12 14:00:00,353.0,2024-05-12 10:00:00,2024-05-12 14:00:00,350.0,2024-05-12 10:00:00,2024-05-12 14:00:00,360.5725708007813,2024-05-13 10:00:00,249.7813262939453,2024-05-13 10:00:00,3.901073217391968,2024-05-13 10:00:00,91373.5703125,2024-05-13 10:00:00,53.18239530236997,2024-05-13 10:00:00,357.0
2024-05-14 10:00:00,357.0,24.0,2024-05-13 10:00:00,2024-05-13 14:00:00,350.0,836.7000122070312,2024-05-13 10:00:00,2024-05-13 14:00:00,276.0,2024-05-13 10:00:00,2024-05-13 14:00:00,337.0,2024-05-13 10:00:00,2024-05-13 14:00:00,362.0,2024-05-13 10:00:00,2024-05-13 14:00:00,357.0,2024-05-13 10:00:00,2024-05-13 14:00:00,357.1483154296875,2024-05-14 10:00:00,237.2923126220703,2024-05-14 10:00:00,3.978574752807617,2024-05-14 10:00:00,90335.15625,2024-05-14 10:00:00,53.546958026676975,2024-05-14 10:00:00,350.0
2024-05-15 04:00:00,350.0,18.0,2024-05-14 10:00:00,2024-05-14 14:00:00,350.0,835.5,2024-05-14 10:00:00,2024-05-14 14:00:00,274.0,2024-05-14 10:00:00,2024-05-14 14:00:00,334.0,2024-05-14 10:00:00,2024-05-14 14:00:00,356.0,2024-05-14 10:00:00,2024-05-14 14:00:00,350.0,2024-05-14 10:00:00,2024-05-14 14:00:00,354.2881774902344,2024-05-15 04:00:00,230.51126098632807,2024-05-15 04:00:00,3.986094474792481,2024-05-15 04:00:00,88549.6484375,2024-05-15 04:00:00,53.56295744716283,2024-05-15 04:00:00,353.0
2024-05-15 10:00:00,353.0,6.0,2024-05-15 04:00:00,2024-05-15 08:00:00,353.0,835.5,2024-05-14 10:00:00,2024-05-14 14:00:00,273.0,2024-05-15 04:00:00,2024-05-15 08:00:00,334.0,2024-05-15 04:00:00,2024-05-15 08:00:00,356.0,2024-05-14 10:00:00,2024-05-14 14:00:00,353.0,2024-05-15 04:00:00,2024-05-15 08:00:00,352.14849853515625,2024-05-15 10:00:00,226.97927856445312,2024-05-15 10:00:00,3.953346967697144,2024-05-15 10:00:00,85974.2734375,2024-05-15 10:00:00,53.36002445975021,2024-05-15 10:00:00,345.0
2024-05-16 10:00:00,345.0,24.0,2024-05-15 10:00:00,2024-05-15 14:00:00,350.0,836.0,2024-05-15 10:00:00,2024-05-15 14:00:00,272.0,2024-05-15 10:00:00,2024-05-15 14:00:00,330.0,2024-05-15 10:00:00,2024-05-15 14:00:00,353.0,2024-05-15 10:00:00,2024-05-15 14:00:00,345.0,2024-05-15 10:00:00,2024-05-15 14:00:00,357.98944091796875,2024-05-16 10:00:00,240.26022338867188,2024-05-16 10:00:00,3.989678382873535,2024-05-16 10:00:00,87760.65625,2024-05-16 10:00:00,52.981590619594954,2024-05-16 10:00:00,348.0
2024-05-17 10:00:00,348.0,24.0,2024-05-16 10:00:00,2024-05-16 14:00:00,348.0,834.7999877929688,2024-05-16 10:00:00,2024-05-16 14:00:00,274.0,2024-05-16 10:00:00,2024-05-16 14:00:00,331.0,2024-05-16 10:00:00,2024-05-16 14:00:00,351.0,2024-05-16 10:00:00,2024-05-16 14:00:00,348.0,2024-05-16 10:00:00,2024-05-16 14:00:00,355.6203308105469,2024-05-17 10:00:00,236.10845947265625,2024-05-17 10:00:00,3.961628198623657,2024-05-17 10:00:00,86563.65625,2024-05-17 10:00:00,53.806119138712575,2024-05-17 10:00:00,345.0
2024-05-18 10:00:00,345.0,24.0,2024-05-17 10:00:00,2024-05-17 14:00:00,345.0,835.7000122070312,2024-05-17 10:00:00,2024-05-17 14:00:00,273.0,2024-05-17 10:00:00,2024-05-17 14:00:00,333.0,2024-05-17 10:00:00,2024-05-17 14:00:00,354.0,2024-05-17 10:00:00,2024-05-17 14:00:00,345.0,2024-05-17 10:00:00,2024-05-17 14:00:00,357.5907287597656,2024-05-18 10:00:00,251.1370849609375,2024-05-18 10:00:00,3.921044588088989,2024-05-18 10:00:00,85735.0234375,2024-05-18 10:00:00,53.29068612742401,2024-05-18 10:00:00,350.0
2024-05-19 10:00:00,350.0,24.0,2024-05-18 10:00:00,2024-05-18 14:00:00,348.0,835.2000122070312,2024-05-18 10:00:00,2024-05-18 14:00:00,274.0,2024-05-18 10:00:00,2024-05-18 14:00:00,335.0,2024-05-18 10:00:00,2024-05-18 14:00:00,353.0,2024-05-18 10:00:00,2024-05-18 14:00:00,350.0,2024-05-18 10:00:00,2024-05-18 14:00:00,359.61138916015625,2024-05-19 10:00:00,242.45225524902344,2024-05-19 10:00:00,3.9182326793670654,2024-05-19 10:00:00,86458.15625,2024-05-19 10:00:00,53.66707057237943,2024-05-19 10:00:00,361.0
2024-05-20 09:20:00,361.0,23.333333333333332,2024-05-19 10:00:00,2024-05-19 14:00:00,350.0,835.0,2024-05-19 10:00:00,2024-05-19 14:00:00,274.0,2024-05-19 10:00:00,2024-05-19 14:00:00,341.0,2024-05-19 10:00:00,2024-05-19 14:00:00,366.0,2024-05-19 10:00:00,2024-05-19 14:00:00,361.0,2024-05-19 10:00:00,2024-05-19 14:00:00,360.74749755859375,2024-05-20 09:20:00,239.1350555419922,2024-05-20 09:20:00,3.9864518642425537,2024-05-20 09:20:00,87084.4453125,2024-05-20 09:20:00,53.73656386216294,2024-05-20 09:20:00,352.0
2024-05-21 10:00:00,352.0,24.666666666666668,2024-05-20 09:20:00,2024-05-20 13:20:00,352.0,835.2000122070312,2024-05-20 09:20:00,2024-05-20 13:20:00,271.0,2024-05-20 09:20:00,2024-05-20 13:20:00,335.0,2024-05-20 09:20:00,2024-05-20 13:20:00,356.0,2024-05-20 09:25:00,2024-05-20 13:25:00,352.0,2024-05-20 09:20:00,2024-05-20 13:20:00,357.215576171875,2024-05-21 10:00:00,223.15896606445312,2024-05-21 10:00:00,3.941886425018311,2024-05-21 10:00:00,83269.7890625,2024-05-21 10:00:00,53.05141120797509,2024-05-21 10:00:00,353.0
2024-05-22 10:00:00,353.0,24.0,2024-05-21 10:00:00,2024-05-21 14:00:00,353.0,837.7000122070312,2024-05-21 10:00:00,2024-05-21 14:00:00,272.0,2024-05-21 10:00:00,2024-05-21 14:00:00,336.0,2024-05-21 10:00:00,2024-05-21 14:00:00,355.0,2024-05-21 10:00:00,2024-05-21 14:00:00,353.0,2024-05-21 10:00:00,2024-05-21 14:00:00,358.6564636230469,2024-05-22 10:00:00,231.494140625,2024-05-22 10:00:00,3.9545397758483887,2024-05-22 10:00:00,92914.09375,2024-05-22 10:00:00,52.395539202097666,2024-05-22 10:00:00,355.0
2024-05-23 10:00:00,355.0,24.0,2024-05-22 10:00:00,2024-05-22 14:00:00,353.0,835.2999877929688,2024-05-22 10:00:00,2024-05-22 14:00:00,274.0,2024-05-22 10:00:00,2024-05-22 14:00:00,340.0,2024-05-22 10:00:00,2024-05-22 14:00:00,362.0,2024-05-22 10:00:00,2024-05-22 14:00:00,355.0,2024-05-22 10:00:00,2024-05-22 14:00:00,356.3143615722656,2024-05-23 10:00:00,229.644760131836,2024-05-23 10:00:00,3.965684175491333,2024-05-23 10:00:00,90353.28125,2024-05-23 10:00:00,53.632357766255154,2024-05-23 10:00:00,351.0
2024-05-24 10:00:00,351.0,24.0,2024-05-23 10:00:00,2024-05-23 14:00:00,353.0,834.7000122070312,2024-05-23 10:00:00,2024-05-23 14:00:00,270.0,2024-05-23 10:00:00,2024-05-23 14:00:00,333.0,2024-05-23 10:00:00,2024-05-23 14:00:00,360.0,2024-05-23 10:00:00,2024-05-23 14:00:00,351.0,2024-05-23 10:00:00,2024-05-23 14:00:00,356.28448486328125,2024-05-24 10:00:00,238.053466796875,2024-05-24 10:00:00,3.99362850189209,2024-05-24 10:00:00,92402.984375,2024-05-24 10:00:00,53.01542653549245,2024-05-24 10:00:00,341.0
2024-05-25 10:00:00,341.0,24.0,2024-05-24 10:00:00,2024-05-24 14:00:00,351.0,834.2000122070312,2024-05-24 10:00:00,2024-05-24 14:00:00,268.0,2024-05-24 10:00:00,2024-05-24 14:00:00,327.0,2024-05-24 10:00:00,2024-05-24 14:00:00,345.0,2024-05-24 10:00:00,2024-05-24 14:00:00,341.0,2024-05-24 10:00:00,2024-05-24 14:00:00,358.4882507324219,2024-05-25 10:00:00,241.08937072753903,2024-05-25 10:00:00,3.9349658489227295,2024-05-25 10:00:00,92681.46875,2024-05-25 10:00:00,52.76300867681789,2024-05-25 10:00:00,350.0
2024-05-26 10:00:00,350.0,24.0,2024-05-25 10:00:00,2024-05-25 14:00:00,350.0,835.9000244140625,2024-05-25 10:00:00,2024-05-25 14:00:00,276.0,2024-05-25 10:00:00,2024-05-25 14:00:00,332.0,2024-05-25 10:00:00,2024-05-25 14:00:00,346.0,2024-05-25 10:00:00,2024-05-25 14:00:00,350.0,2024-05-25 10:00:00,2024-05-25 14:00:00,356.0771179199219,2024-05-26 10:00:00,237.4981231689453,2024-05-26 10:00:00,3.926406383514404,2024-05-26 10:00:00,89359.0390625,2024-05-26 10:00:00,53.82342248620216,2024-05-26 10:00:00,351.0
2024-05-27 10:00:00,351.0,24.0,2024-05-26 10:00:00,2024-05-26 14:00:00,350.0,835.0999755859375,2024-05-26 10:00:00,2024-05-26 14:00:00,273.0,2024-05-26 10:00:00,2024-05-26 14:00:00,335.0,2024-05-26 10:00:00,2024-05-26 14:00:00,360.0,2024-05-26 10:00:00,2024-05-26 14:00:00,351.0,2024-05-26 10:00:00,2024-05-26 14:00:00,351.69891357421875,2024-05-27 10:00:00,184.91409301757807,2024-05-27 10:00:00,3.6529719829559326,2024-05-27 10:00:00,82825.7421875,2024-05-27 10:00:00,53.49888708470087,2024-05-27 10:00:00,350.0
2024-05-28 10:00:00,350.0,24.0,2024-05-27 10:00:00,2024-05-27 14:00:00,350.0,833.0,2024-05-27 10:00:00,2024-05-27 14:00:00,271.0,2024-05-27 10:00:00,2024-05-27 14:00:00,334.0,2024-05-27 10:00:00,2024-05-27 14:00:00,358.0,2024-05-27 10:00:00,2024-05-27 14:00:00,350.0,2024-05-27 10:00:00,2024-05-27 14:00:00,351.27178955078125,2024-05-28 10:00:00,208.8457794189453,2024-05-28 10:00:00,3.970010757446289,2024-05-28 10:00:00,82590.3125,2024-05-28 10:00:00,53.819203857758794,2024-05-28 10:00:00,341.0
2024-05-29 10:00:00,341.0,24.0,2024-05-28 10:00:00,2024-05-28 14:00:00,350.0,834.9000244140625,2024-05-28 10:00:00,2024-05-28 14:00:00,270.0,2024-05-28 10:00:00,2024-05-28 14:00:00,327.0,2024-05-28 10:00:00,2024-05-28 14:00:00,359.0,2024-05-28 10:00:00,2024-05-28 14:00:00,341.0,2024-05-28 10:00:00,2024-05-28 14:00:00,347.7622985839844,2024-05-29 10:00:00,175.77676391601562,2024-05-29 10:00:00,3.633203506469727,2024-05-29 10:00:00,74009.0234375,2024-05-29 10:00:00,52.94584027501787,2024-05-29 10:00:00,345.0
2024-05-30 10:00:00,345.0,24.0,2024-05-29 10:00:00,2024-05-29 14:00:00,345.0,832.7999877929688,2024-05-29 10:00:00,2024-05-29 14:00:00,268.0,2024-05-29 10:00:00,2024-05-29 14:00:00,328.0,2024-05-29 10:00:00,2024-05-29 14:00:00,355.0,2024-05-29 10:00:00,2024-05-29 14:00:00,345.0,2024-05-29 10:00:00,2024-05-29 14:00:00,352.430908203125,2024-05-30 10:00:00,222.5955810546875,2024-05-30 10:00:00,3.8794968128204346,2024-05-30 10:00:00,92212.6875,2024-05-30 10:00:00,53.25291140789443,2024-05-30 10:00:00,346.0
2024-05-31 10:00:00,346.0,24.0,2024-05-30 10:00:00,2024-05-30 14:00:00,345.0,833.5999755859375,2024-05-30 10:00:00,2024-05-30 14:00:00,271.0,2024-05-30 10:00:00,2024-05-30 14:00:00,330.0,2024-05-30 10:00:00,2024-05-30 14:00:00,350.0,2024-05-30 10:00:00,2024-05-30 14:00:00,346.0,2024-05-30 10:00:00,2024-05-30 14:00:00,358.1671447753906,2024-05-31 10:00:00,245.18849182128903,2024-05-31 10:00:00,4.00394868850708,2024-05-31 10:00:00,91989.1015625,2024-05-31 10:00:00,53.60907180745278,2024-05-31 10:00:00,358.0
2024-06-01 10:00:00,358.0,24.0,2024-05-31 10:00:00,2024-05-31 14:00:00,346.0,834.7000122070312,2024-05-31 10:00:00,2024-05-31 14:00:00,274.0,2024-05-31 10:00:00,2024-05-31 14:00:00,335.0,2024-05-31 10:00:00,2024-05-31 14:00:00,352.0,2024-05-31 10:00:00,2024-05-31 14:00:00,358.0,2024-05-31 10:00:00,2024-05-31 14:00:00,355.4691467285156,2024-06-01 10:00:00,229.6758575439453,2024-06-01 10:00:00,3.9104971885681152,2024-06-01 10:00:00,91189.6015625,2024-06-01 10:00:00,53.84090939992211,2024-06-01 10:00:00,344.0
2024-06-02 10:00:00,344.0,24.0,2024-06-01 10:00:00,2024-06-01 14:00:00,346.0,835.4000244140625,2024-06-01 10:00:00,2024-06-01 14:00:00,277.0,2024-06-01 10:00:00,2024-06-01 14:00:00,328.0,2024-06-01 10:00:00,2024-06-01 14:00:00,344.0,2024-06-01 10:00:00,2024-06-01 14:00:00,344.0,2024-06-01 10:00:00,2024-06-01 14:00:00,358.54229736328125,2024-06-02 10:00:00,237.82913208007807,2024-06-02 10:00:00,3.9502978324890137,2024-06-02 10:00:00,91832.5703125,2024-06-02 10:00:00,54.19289492934229,2024-06-02 10:00:00,347.0
2024-06-03 10:00:00,347.0,24.0,2024-06-02 10:00:00,2024-06-02 14:00:00,347.0,835.0999755859375,2024-06-02 10:00:00,2024-06-02 14:00:00,277.0,2024-06-02 10:00:00,2024-06-02 14:00:00,330.0,2024-06-02 10:00:00,2024-06-02 14:00:00,346.0,2024-06-02 10:00:00,2024-06-02 14:00:00,347.0,2024-06-02 10:00:00,2024-06-02 14:00:00,357.60675048828125,2024-06-03 10:00:00,243.0550994873047,2024-06-03 10:00:00,3.889225482940674,2024-06-03 10:00:00,89279.71875,2024-06-03 10:00:00,54.29707573209373,2024-06-03 10:00:00,347.0
2024-06-04 10:00:00,347.0,24.0,2024-06-03 10:00:00,2024-06-03 14:00:00,347.0,835.4000244140625,2024-06-03 10:00:00,2024-06-03 14:00:00,276.0,2024-06-03 10:00:00,2024-06-03 14:00:00,332.0,2024-06-03 10:00:00,2024-06-03 14:00:00,352.0,2024-06-03 10:00:00,2024-06-03 14:00:00,347.0,2024-06-03 10:00:00,2024-06-03 14:00:00,352.98046875,2024-06-04 10:00:00,195.4638519287109,2024-06-04 10:00:00,3.6850452423095694,2024-06-04 10:00:00,73450.984375,2024-06-04 10:00:00,53.99671898628776,2024-06-04 10:00:00,340.0
2024-06-05 10:00:00,340.0,24.0,2024-06-04 10:00:00,2024-06-04 14:00:00,347.0,834.2999877929688,2024-06-04 10:00:00,2024-06-04 14:00:00,274.0,2024-06-04 10:00:00,2024-06-04 14:00:00,327.0,2024-06-04 10:00:00,2024-06-04 14:00:00,347.0,2024-06-04 10:00:00,2024-06-04 14:00:00,340.0,2024-06-04 10:00:00,2024-06-04 14:00:00,355.65338134765625,2024-06-05 10:00:00,250.06544494628903,2024-06-05 10:00:00,3.9803645610809326,2024-06-05 10:00:00,92288.7734375,2024-06-05 10:00:00,53.98026788116965,2024-06-05 10:00:00,341.0
2024-06-06 10:00:00,341.0,24.0,2024-06-05 10:00:00,2024-06-05 14:00:00,341.0,836.4000244140625,2024-06-05 10:00:00,2024-06-05 14:00:00,274.0,2024-06-05 10:00:00,2024-06-05 14:00:00,329.0,2024-06-05 10:00:00,2024-06-05 14:00:00,346.0,2024-06-05 10:00:00,2024-06-05 14:00:00,341.0,2024-06-05 10:00:00,2024-06-05 14:00:00,355.5377197265625,2024-06-06 10:00:00,235.5958404541016,2024-06-06 10:00:00,3.898935079574585,2024-06-06 10:00:00,89214.7578125,2024-06-06 10:00:00,53.25143363919119,2024-06-06 10:00:00,346.0
2024-06-07 08:20:00,346.0,22.333333333333332,2024-06-06 10:00:00,2024-06-06 14:00:00,341.0,835.2000122070312,2024-06-06 10:00:00,2024-06-06 14:00:00,276.0,2024-06-06 10:00:00,2024-06-06 14:00:00,330.0,2024-06-06 10:00:00,2024-06-06 14:00:00,353.0,2024-06-06 10:00:00,2024-06-06 14:00:00,346.0,2024-06-06 10:00:00,2024-06-06 14:00:00,357.9022216796875,2024-06-07 08:20:00,244.7095184326172,2024-06-07 08:20:00,3.919690370559693,2024-06-07 08:20:00,90548.6484375,2024-06-07 08:20:00,54.06615028930503,2024-06-07 08:20:00,350.0
2024-06-08 10:00:00,350.0,25.666666666666668,2024-06-07 08:20:00,2024-06-07 12:20:00,346.0,836.4000244140625,2024-06-07 08:20:00,2024-06-07 12:20:00,275.0,2024-06-07 08:20:00,2024-06-07 12:20:00,333.0,2024-06-07 08:20:00,2024-06-07 12:20:00,353.0,2024-06-07 08:20:00,2024-06-07 12:20:00,350.0,2024-06-07 08:20:00,2024-06-07 12:20:00,360.71917724609375,2024-06-08 10:00:00,254.17483520507807,2024-06-08 10:00:00,3.914594173431397,2024-06-08 10:00:00,89310.859375,2024-06-08 10:00:00,53.45209964730634,2024-06-08 10:00:00,346.0
2024-06-09 10:00:00,346.0,24.0,2024-06-08 10:00:00,2024-06-08 14:00:00,346.0,836.2999877929688,2024-06-08 10:00:00,2024-06-08 14:00:00,276.0,2024-06-08 10:00:00,2024-06-08 14:00:00,335.0,2024-06-08 10:00:00,2024-06-08 14:00:00,362.0,2024-06-08 10:00:00,2024-06-08 14:00:00,346.0,2024-06-08 10:00:00,2024-06-08 14:00:00,357.8660888671875,2024-06-09 10:00:00,252.1484375,2024-06-09 10:00:00,3.9894375801086426,2024-06-09 10:00:00,90204.7109375,2024-06-09 10:00:00,53.68507684826636,2024-06-09 10:00:00,349.0
2024-06-10 10:00:00,349.0,24.0,2024-06-09 10:00:00,2024-06-09 14:00:00,349.0,836.0,2024-06-09 10:00:00,2024-06-09 14:00:00,275.0,2024-06-09 10:00:00,2024-06-09 14:00:00,331.0,2024-06-09 10:00:00,2024-06-09 14:00:00,350.0,2024-06-09 10:00:00,2024-06-09 14:00:00,349.0,2024-06-09 10:00:00,2024-06-09 14:00:00,357.2718505859375,2024-06-10 10:00:00,255.6653747558593,2024-06-10 10:00:00,3.9528846740722656,2024-06-10 10:00:00,89552.359375,2024-06-10 10:00:00,53.59040441027821,2024-06-10 10:00:00,348.0
2024-06-11 10:00:00,348.0,24.0,2024-06-10 10:00:00,2024-06-10 14:00:00,348.0,836.2999877929688,2024-06-10 10:00:00,2024-06-10 14:00:00,374.0,2024-06-10 10:00:00,2024-06-10 14:00:00,333.0,2024-06-10 10:00:00,2024-06-10 14:00:00,349.0,2024-06-10 10:00:00,2024-06-10 14:00:00,348.0,2024-06-10 10:00:00,2024-06-10 14:00:00,357.7203369140625,2024-06-11 10:00:00,250.0665740966797,2024-06-11 10:00:00,3.904389619827272,2024-06-11 10:00:00,88561.5859375,2024-06-11 10:00:00,64.10258669588745,2024-06-11 10:00:00,348.0
2024-06-12 10:00:00,348.0,24.0,2024-06-11 10:00:00,2024-06-11 14:00:00,348.0,836.2000122070312,2024-06-11 10:00:00,2024-06-11 14:00:00,274.0,2024-06-11 10:00:00,2024-06-11 14:00:00,332.0,2024-06-11 10:00:00,2024-06-11 14:00:00,356.0,2024-06-11 10:00:00,2024-06-11 14:00:00,348.0,2024-06-11 10:00:00,2024-06-11 14:00:00,360.8978576660156,2024-06-12 10:00:00,252.8132476806641,2024-06-12 10:00:00,3.910008192062378,2024-06-12 10:00:00,89059.7109375,2024-06-12 10:00:00,53.32055502729395,2024-06-12 10:00:00,350.0
2024-06-13 10:00:00,350.0,24.0,2024-06-12 10:00:00,2024-06-12 14:00:00,348.0,836.5,2024-06-12 10:00:00,2024-06-12 14:00:00,275.0,2024-06-12 10:00:00,2024-06-12 14:00:00,337.0,2024-06-12 10:00:00,2024-06-12 14:00:00,357.0,2024-06-12 10:00:00,2024-06-12 14:00:00,350.0,2024-06-12 10:00:00,2024-06-12 14:00:00,359.9658508300781,2024-06-13 10:00:00,254.7598114013672,2024-06-13 10:00:00,3.866387605667114,2024-06-13 10:00:00,87269.7109375,2024-06-13 10:00:00,53.4175727352781,2024-06-13 10:00:00,346.0
2024-06-14 10:00:00,346.0,24.0,2024-06-13 10:00:00,2024-06-13 14:00:00,348.0,836.2000122070312,2024-06-13 10:00:00,2024-06-13 14:00:00,273.0,2024-06-13 10:00:00,2024-06-13 14:00:00,330.0,2024-06-13 10:00:00,2024-06-13 14:00:00,354.0,2024-06-13 10:00:00,2024-06-13 14:00:00,346.0,2024-06-13 10:00:00,2024-06-13 14:00:00,362.0775146484375,2024-06-14 10:00:00,252.87648010253903,2024-06-14 10:00:00,3.925776243209839,2024-06-14 10:00:00,90499.640625,2024-06-14 10:00:00,53.11762203988121,2024-06-14 10:00:00,349.0
2024-06-15 10:00:00,349.0,24.0,2024-06-14 10:00:00,2024-06-14 14:00:00,349.0,836.5,2024-06-14 10:00:00,2024-06-14 14:00:00,278.0,2024-06-14 10:00:00,2024-06-14 14:00:00,334.0,2024-06-14 10:00:00,2024-06-14 14:00:00,351.0,2024-06-14 10:00:00,2024-06-14 14:00:00,349.0,2024-06-14 10:00:00,2024-06-14 14:00:00,362.21435546875,2024-06-15 10:00:00,257.87109375,2024-06-15 10:00:00,3.951274871826172,2024-06-15 10:00:00,91003.4765625,2024-06-15 10:00:00,54.00611495351711,2024-06-15 10:00:00,355.0
2024-06-16 10:00:00,355.0,24.0,2024-06-15 10:00:00,2024-06-15 14:00:00,349.0,837.4000244140625,2024-06-15 10:00:00,2024-06-15 14:00:00,278.0,2024-06-15 10:00:00,2024-06-15 14:00:00,337.0,2024-06-15 10:00:00,2024-06-15 14:00:00,356.0,2024-06-15 10:00:00,2024-06-15 14:00:00,355.0,2024-06-15 10:00:00,2024-06-15 14:00:00,365.983154296875,2024-06-16 10:00:00,258.1577453613281,2024-06-16 10:00:00,3.954600811004639,2024-06-16 10:00:00,90484.6875,2024-06-16 10:00:00,53.69598571537438,2024-06-16 10:00:00,357.0
2024-06-17 10:00:00,357.0,24.0,2024-06-16 10:00:00,2024-06-16 14:00:00,355.0,837.7000122070312,2024-06-16 10:00:00,2024-06-16 14:00:00,278.0,2024-06-16 10:00:00,2024-06-16 14:00:00,341.0,2024-06-16 10:00:00,2024-06-16 14:00:00,360.0,2024-06-16 10:00:00,2024-06-16 14:00:00,357.0,2024-06-16 10:00:00,2024-06-16 14:00:00,364.9893798828125,2024-06-17 10:00:00,243.04107666015625,2024-06-17 10:00:00,3.9504220485687256,2024-06-17 10:00:00,85507.671875,2024-06-17 10:00:00,53.592895211019936,2024-06-17 10:00:00,357.0
2024-06-18 10:00:00,357.0,24.0,2024-06-17 10:00:00,2024-06-17 14:00:00,357.0,837.7999877929688,2024-06-17 10:00:00,2024-06-17 14:00:00,277.0,2024-06-17 10:00:00,2024-06-17 14:00:00,340.0,2024-06-17 10:00:00,2024-06-17 14:00:00,362.0,2024-06-17 10:00:00,2024-06-17 14:00:00,357.0,2024-06-17 10:00:00,2024-06-17 14:00:00,357.2176818847656,2024-06-18 10:00:00,226.61929321289065,2024-06-18 10:00:00,3.82091760635376,2024-06-18 10:00:00,81705.8359375,2024-06-18 10:00:00,53.364617113949066,2024-06-18 10:00:00,357.0
2024-06-18 20:20:00,357.0,10.333333333333334,2024-06-18 10:00:00,2024-06-18 14:00:00,357.0,836.0999755859375,2024-06-18 10:00:00,2024-06-18 14:00:00,274.0,2024-06-18 10:00:00,2024-06-18 14:00:00,339.0,2024-06-18 10:00:00,2024-06-18 14:00:00,359.0,2024-06-18 10:00:00,2024-06-18 14:00:00,357.0,2024-06-18 10:00:00,2024-06-18 14:00:00,353.1944885253906,2024-06-18 20:20:00,207.478256225586,2024-06-18 20:20:00,3.84352970123291,2024-06-18 20:20:00,93889.78125,2024-06-18 20:20:00,53.355149522284364,2024-06-18 20:20:00,350.0
2024-06-19 10:00:00,350.0,13.666666666666666,2024-06-18 20:20:00,2024-06-19 00:20:00,357.0,836.0999755859375,2024-06-18 10:00:00,2024-06-18 14:00:00,270.0,2024-06-18 20:20:00,2024-06-19 00:20:00,331.0,2024-06-18 20:20:00,2024-06-19 00:20:00,359.0,2024-06-18 10:00:00,2024-06-18 14:00:00,350.0,2024-06-18 20:20:00,2024-06-19 00:20:00,354.7730712890625,2024-06-19 10:00:00,209.53466796875,2024-06-19 10:00:00,3.9257867336273193,2024-06-19 10:00:00,92100.859375,2024-06-19 10:00:00,52.529666657854705,2024-06-19 10:00:00,355.0
2024-06-20 10:00:00,355.0,24.0,2024-06-19 10:00:00,2024-06-19 14:00:00,355.0,835.0999755859375,2024-06-19 10:00:00,2024-06-19 14:00:00,272.0,2024-06-19 10:00:00,2024-06-19 14:00:00,337.0,2024-06-19 10:00:00,2024-06-19 14:00:00,357.0,2024-06-19 10:00:00,2024-06-19 14:00:00,355.0,2024-06-19 10:00:00,2024-06-19 14:00:00,353.2403869628906,2024-06-20 10:00:00,218.0179748535156,2024-06-20 10:00:00,3.973426818847656,2024-06-20 10:00:00,95532.0703125,2024-06-20 10:00:00,53.2936722895455,2024-06-20 10:00:00,353.0
2024-06-21 09:30:00,353.0,23.5,2024-06-20 10:00:00,2024-06-20 14:00:00,353.0,836.5,2024-06-20 10:00:00,2024-06-20 14:00:00,272.0,2024-06-20 10:00:00,2024-06-20 14:00:00,335.0,2024-06-20 10:00:00,2024-06-20 14:00:00,361.0,2024-06-20 10:00:00,2024-06-20 14:00:00,353.0,2024-06-20 10:00:00,2024-06-20 14:00:00,360.1951904296875,2024-06-21 09:30:00,230.7868804931641,2024-06-21 09:30:00,3.9297916889190674,2024-06-21 09:30:00,94691.671875,2024-06-21 09:30:00,52.80875894459484,2024-06-21 09:30:00,350.0
2024-06-22 10:00:00,350.0,24.5,2024-06-21 09:30:00,2024-06-21 13:30:00,353.0,835.7999877929688,2024-06-21 09:30:00,2024-06-21 13:30:00,272.0,2024-06-21 09:30:00,2024-06-21 13:30:00,331.0,2024-06-21 09:30:00,2024-06-21 13:30:00,364.0,2024-06-21 14:00:00,2024-06-21 18:00:00,350.0,2024-06-21 09:30:00,2024-06-21 13:30:00,360.4095764160156,2024-06-22 10:00:00,237.5047912597656,2024-06-22 10:00:00,3.909940242767334,2024-06-22 10:00:00,94458.9765625,2024-06-22 10:00:00,53.05083598122985,2024-06-22 10:00:00,353.0
2024-06-23 10:00:00,353.0,24.0,2024-06-22 10:00:00,2024-06-22 14:00:00,353.0,837.0,2024-06-22 10:00:00,2024-06-22 14:00:00,277.0,2024-06-22 10:00:00,2024-06-22 14:00:00,337.0,2024-06-22 10:00:00,2024-06-22 14:00:00,364.0,2024-06-21 14:00:00,2024-06-21 18:00:00,353.0,2024-06-22 10:00:00,2024-06-22 14:00:00,360.3028869628906,2024-06-23 10:00:00,239.9873504638672,2024-06-23 10:00:00,3.869107007980346,2024-06-23 10:00:00,94212.859375,2024-06-23 10:00:00,53.63971808214285,2024-06-23 10:00:00,354.0
2024-06-24 10:00:00,354.0,24.0,2024-06-23 10:00:00,2024-06-23 14:00:00,353.0,836.7000122070312,2024-06-23 10:00:00,2024-06-23 14:00:00,274.0,2024-06-23 10:00:00,2024-06-23 14:00:00,337.0,2024-06-23 10:00:00,2024-06-23 14:00:00,360.0,2024-06-23 10:00:00,2024-06-23 14:00:00,354.0,2024-06-23 10:00:00,2024-06-23 14:00:00,357.9009704589844,2024-06-24 10:00:00,228.1621856689453,2024-06-24 10:00:00,3.93194580078125,2024-06-24 10:00:00,95167.890625,2024-06-24 10:00:00,53.14787830975138,2024-06-24 10:00:00,353.0
2024-06-24 22:00:00,353.0,12.0,2024-06-24 10:00:00,2024-06-24 14:00:00,353.0,838.5999755859375,2024-06-24 10:00:00,2024-06-24 14:00:00,277.0,2024-06-24 10:00:00,2024-06-24 14:00:00,336.0,2024-06-24 10:00:00,2024-06-24 14:00:00,354.0,2024-06-24 10:00:00,2024-06-24 14:00:00,353.0,2024-06-24 10:00:00,2024-06-24 14:00:00,351.8044128417969,2024-06-24 22:00:00,215.4192047119141,2024-06-24 22:00:00,3.877620697021485,2024-06-24 22:00:00,95492.375,2024-06-24 22:00:00,53.090507782691816,2024-06-24 22:00:00,343.0
2024-06-25 12:00:00,343.0,14.0,2024-06-24 22:00:00,2024-06-25 02:00:00,353.0,838.5999755859375,2024-06-24 10:00:00,2024-06-24 14:00:00,274.0,2024-06-24 22:00:00,2024-06-25 02:00:00,327.0,2024-06-24 22:00:00,2024-06-25 02:00:00,354.0,2024-06-24 10:00:00,2024-06-24 14:00:00,343.0,2024-06-24 22:00:00,2024-06-25 02:00:00,348.1135559082031,2024-06-25 12:00:00,224.6312866210937,2024-06-25 12:00:00,3.89786434173584,2024-06-25 12:00:00,93393.234375,2024-06-25 12:00:00,52.49525212271169,2024-06-25 12:00:00,338.0
2024-06-26 10:00:00,338.0,22.0,2024-06-25 12:00:00,2024-06-25 16:00:00,343.0,834.9000244140625,2024-06-25 12:00:00,2024-06-25 16:00:00,268.0,2024-06-25 12:00:00,2024-06-25 16:00:00,324.0,2024-06-25 12:00:00,2024-06-25 16:00:00,345.0,2024-06-25 10:00:00,2024-06-25 14:00:00,338.0,2024-06-25 12:00:00,2024-06-25 16:00:00,360.3758850097656,2024-06-26 10:00:00,253.765869140625,2024-06-26 10:00:00,3.932302951812744,2024-06-26 10:00:00,92389.328125,2024-06-26 10:00:00,52.5191962188004,2024-06-26 10:00:00,343.0
2024-06-27 10:00:00,343.0,24.0,2024-06-26 10:00:00,2024-06-26 14:00:00,343.0,836.2000122070312,2024-06-26 10:00:00,2024-06-26 14:00:00,275.0,2024-06-26 10:00:00,2024-06-26 14:00:00,330.0,2024-06-26 10:00:00,2024-06-26 14:00:00,353.0,2024-06-26 10:00:00,2024-06-26 14:00:00,343.0,2024-06-26 10:00:00,2024-06-26 14:00:00,363.1274108886719,2024-06-27 10:00:00,253.32635498046875,2024-06-27 10:00:00,3.90014910697937,2024-06-27 10:00:00,91401.1484375,2024-06-27 10:00:00,53.5212210354091,2024-06-27 10:00:00,349.0
2024-06-27 18:00:00,349.0,8.0,2024-06-27 10:00:00,2024-06-27 14:00:00,343.0,835.4000244140625,2024-06-27 10:00:00,2024-06-27 14:00:00,273.0,2024-06-27 10:00:00,2024-06-27 14:00:00,332.0,2024-06-27 10:00:00,2024-06-27 14:00:00,352.0,2024-06-27 10:00:00,2024-06-27 14:00:00,349.0,2024-06-27 10:00:00,2024-06-27 14:00:00,362.7758483886719,2024-06-27 18:00:00,243.60333251953125,2024-06-27 18:00:00,3.880902767181397,2024-06-27 18:00:00,91861.2578125,2024-06-27 18:00:00,53.394706281949425,2024-06-27 18:00:00,358.0
2024-06-28 10:00:00,358.0,16.0,2024-06-27 18:00:00,2024-06-27 22:00:00,349.0,835.4000244140625,2024-06-27 10:00:00,2024-06-27 14:00:00,277.0,2024-06-27 18:00:00,2024-06-27 22:00:00,340.0,2024-06-27 18:00:00,2024-06-27 22:00:00,352.0,2024-06-27 10:00:00,2024-06-27 14:00:00,358.0,2024-06-27 18:00:00,2024-06-27 22:00:00,362.077880859375,2024-06-28 10:00:00,244.9848022460937,2024-06-28 10:00:00,3.816229343414306,2024-06-28 10:00:00,87548.1015625,2024-06-28 10:00:00,54.19289492934229,2024-06-28 10:00:00,350.0
2024-06-29 10:00:00,350.0,24.0,2024-06-28 10:00:00,2024-06-28 14:00:00,350.0,836.2000122070312,2024-06-28 10:00:00,2024-06-28 14:00:00,274.0,2024-06-28 10:00:00,2024-06-28 14:00:00,335.0,2024-06-28 10:00:00,2024-06-28 14:00:00,355.0,2024-06-28 10:00:00,2024-06-28 14:00:00,350.0,2024-06-28 10:00:00,2024-06-28 14:00:00,362.2833557128906,2024-06-29 10:00:00,227.400131225586,2024-06-29 10:00:00,3.9095287322998047,2024-06-29 10:00:00,84010.1328125,2024-06-29 10:00:00,53.32055502729395,2024-06-29 10:00:00,356.0
2024-06-30 10:00:00,356.0,24.0,2024-06-29 10:00:00,2024-06-29 14:00:00,356.0,837.2999877929688,2024-06-29 10:00:00,2024-06-29 14:00:00,279.0,2024-06-29 10:00:00,2024-06-29 14:00:00,339.0,2024-06-29 10:00:00,2024-06-29 14:00:00,358.0,2024-06-29 10:00:00,2024-06-29 14:00:00,356.0,2024-06-29 10:00:00,2024-06-29 14:00:00,361.8956604003906,2024-06-30 10:00:00,254.8858337402344,2024-06-30 10:00:00,3.887905359268189,2024-06-30 10:00:00,92284.2265625,2024-06-30 10:00:00,53.922137639016114,2024-06-30 10:00:00,356.0
2024-07-01 10:00:00,356.0,24.0,2024-06-30 10:00:00,2024-06-30 14:00:00,356.0,835.7000122070312,2024-06-30 10:00:00,2024-06-30 14:00:00,278.0,2024-06-30 10:00:00,2024-06-30 14:00:00,339.0,2024-06-30 10:00:00,2024-06-30 14:00:00,359.0,2024-06-30 10:00:00,2024-06-30 14:00:00,356.0,2024-06-30 10:00:00,2024-06-30 14:00:00,362.1204833984375,2024-07-01 10:00:00,253.28453063964844,2024-07-01 10:00:00,3.963402509689331,2024-07-01 10:00:00,91458.234375,2024-07-01 10:00:00,54.28282734119091,2024-07-01 10:00:00,358.0
2024-07-02 10:00:00,358.0,24.0,2024-07-01 10:00:00,2024-07-01 14:00:00,356.0,836.7000122070312,2024-07-01 10:00:00,2024-07-01 14:00:00,280.0,2024-07-01 10:00:00,2024-07-01 14:00:00,342.0,2024-07-01 10:00:00,2024-07-01 14:00:00,358.0,2024-07-01 10:00:00,2024-07-01 14:00:00,358.0,2024-07-01 10:00:00,2024-07-01 14:00:00,362.9771423339844,2024-07-02 10:00:00,227.33444213867188,2024-07-02 10:00:00,3.937634229660034,2024-07-02 10:00:00,88282.5546875,2024-07-02 10:00:00,54.31837838435422,2024-07-02 10:00:00,354.0
2024-07-03 10:00:00,354.0,24.0,2024-07-02 10:00:00,2024-07-02 14:00:00,356.0,836.2999877929688,2024-07-02 10:00:00,2024-07-02 14:00:00,275.0,2024-07-02 10:00:00,2024-07-02 14:00:00,335.0,2024-07-02 10:00:00,2024-07-02 14:00:00,358.0,2024-07-02 10:00:00,2024-07-02 14:00:00,354.0,2024-07-02 10:00:00,2024-07-02 14:00:00,364.0520629882813,2024-07-03 10:00:00,252.6123046875,2024-07-03 10:00:00,3.8796191215515137,2024-07-03 10:00:00,92647.09375,2024-07-03 10:00:00,53.48666313945591,2024-07-03 10:00:00,355.0
2024-07-04 10:00:00,355.0,24.0,2024-07-03 10:00:00,2024-07-03 14:00:00,355.0,836.0,2024-07-03 10:00:00,2024-07-03 14:00:00,276.0,2024-07-03 10:00:00,2024-07-03 14:00:00,336.0,2024-07-03 10:00:00,2024-07-03 14:00:00,358.0,2024-07-03 10:00:00,2024-07-03 14:00:00,355.0,2024-07-03 10:00:00,2024-07-03 14:00:00,360.564208984375,2024-07-04 10:00:00,239.37989807128903,2024-07-04 10:00:00,3.90948224067688,2024-07-04 10:00:00,98117.5234375,2024-07-04 10:00:00,53.78881811908866,2024-07-04 10:00:00,355.0
2024-07-05 10:00:00,355.0,24.0,2024-07-04 10:00:00,2024-07-04 14:00:00,355.0,836.5,2024-07-04 10:00:00,2024-07-04 14:00:00,276.0,2024-07-04 10:00:00,2024-07-04 14:00:00,336.0,2024-07-04 10:00:00,2024-07-04 14:00:00,361.0,2024-07-04 10:00:00,2024-07-04 14:00:00,355.0,2024-07-04 10:00:00,2024-07-04 14:00:00,359.1159362792969,2024-07-05 10:00:00,229.345703125,2024-07-05 10:00:00,3.946030378341675,2024-07-05 10:00:00,93550.6328125,2024-07-05 10:00:00,53.61598644408855,2024-07-05 10:00:00,352.0
2024-07-06 10:00:00,352.0,24.0,2024-07-05 10:00:00,2024-07-05 14:00:00,355.0,835.7999877929688,2024-07-05 10:00:00,2024-07-05 14:00:00,276.0,2024-07-05 10:00:00,2024-07-05 14:00:00,333.0,2024-07-05 10:00:00,2024-07-05 14:00:00,353.0,2024-07-05 10:00:00,2024-07-05 14:00:00,352.0,2024-07-05 10:00:00,2024-07-05 14:00:00,356.9369506835937,2024-07-06 10:00:00,241.6691436767578,2024-07-06 10:00:00,3.895142316818237,2024-07-06 10:00:00,89754.359375,2024-07-06 10:00:00,53.85806348072356,2024-07-06 10:00:00,350.0
2024-07-07 10:00:00,350.0,24.0,2024-07-06 10:00:00,2024-07-06 14:00:00,352.0,835.4000244140625,2024-07-06 10:00:00,2024-07-06 14:00:00,275.0,2024-07-06 10:00:00,2024-07-06 14:00:00,333.0,2024-07-06 10:00:00,2024-07-06 14:00:00,353.0,2024-07-06 10:00:00,2024-07-06 14:00:00,350.0,2024-07-06 10:00:00,2024-07-06 14:00:00,361.7466125488281,2024-07-07 10:00:00,243.7067413330078,2024-07-07 10:00:00,3.891418933868408,2024-07-07 10:00:00,93860.5234375,2024-07-07 10:00:00,53.79830527747731,2024-07-07 10:00:00,352.0
2024-07-07 22:00:00,352.0,12.0,2024-07-07 10:00:00,2024-07-07 14:00:00,352.0,836.2999877929688,2024-07-07 10:00:00,2024-07-07 14:00:00,276.0,2024-07-07 10:00:00,2024-07-07 14:00:00,333.0,2024-07-07 10:00:00,2024-07-07 14:00:00,359.0,2024-07-07 10:00:00,2024-07-07 14:00:00,352.0,2024-07-07 10:00:00,2024-07-07 14:00:00,360.0788879394531,2024-07-07 22:00:00,245.8251953125,2024-07-07 22:00:00,3.9709980487823486,2024-07-07 22:00:00,94930.7421875,2024-07-07 22:00:00,53.68507684826636,2024-07-07 22:00:00,350.0
2024-07-08 10:00:00,350.0,12.0,2024-07-07 22:00:00,2024-07-08 02:00:00,350.0,836.2999877929688,2024-07-07 10:00:00,2024-07-07 14:00:00,275.0,2024-07-07 22:00:00,2024-07-08 02:00:00,333.0,2024-07-07 22:00:00,2024-07-08 02:00:00,359.0,2024-07-07 10:00:00,2024-07-07 14:00:00,350.0,2024-07-07 22:00:00,2024-07-08 02:00:00,362.6411437988281,2024-07-08 10:00:00,245.10989379882807,2024-07-08 10:00:00,3.894725799560547,2024-07-08 10:00:00,93700.734375,2024-07-08 10:00:00,53.48666313945591,2024-07-08 10:00:00,355.0
2024-07-09 10:00:00,355.0,24.0,2024-07-08 10:00:00,2024-07-08 14:00:00,352.0,838.7000122070312,2024-07-08 10:00:00,2024-07-08 14:00:00,277.0,2024-07-08 10:00:00,2024-07-08 14:00:00,338.0,2024-07-08 10:00:00,2024-07-08 14:00:00,358.0,2024-07-08 10:00:00,2024-07-08 14:00:00,355.0,2024-07-08 10:00:00,2024-07-08 14:00:00,360.4070129394531,2024-07-09 10:00:00,241.79693603515625,2024-07-09 10:00:00,3.89129376411438,2024-07-09 10:00:00,92510.4921875,2024-07-09 10:00:00,53.05630079956052,2024-07-09 10:00:00,358.0
2024-07-10 10:00:00,358.0,24.0,2024-07-09 10:00:00,2024-07-09 14:00:00,355.0,836.9000244140625,2024-07-09 10:00:00,2024-07-09 14:00:00,279.0,2024-07-09 10:00:00,2024-07-09 14:00:00,340.0,2024-07-09 10:00:00,2024-07-09 14:00:00,360.0,2024-07-09 10:00:00,2024-07-09 14:00:00,358.0,2024-07-09 10:00:00,2024-07-09 14:00:00,357.7264099121094,2024-07-10 10:00:00,246.37185668945312,2024-07-10 10:00:00,3.961870431900024,2024-07-10 10:00:00,92057.3671875,2024-07-10 10:00:00,54.05986354169579,2024-07-10 10:00:00,343.0
2024-07-11 10:00:00,343.0,24.0,2024-07-10 10:00:00,2024-07-10 14:00:00,355.0,835.4000244140625,2024-07-10 10:00:00,2024-07-10 14:00:00,274.0,2024-07-10 10:00:00,2024-07-10 14:00:00,330.0,2024-07-10 10:00:00,2024-07-10 14:00:00,352.0,2024-07-10 10:00:00,2024-07-10 14:00:00,343.0,2024-07-10 10:00:00,2024-07-10 14:00:00,362.0192565917969,2024-07-11 10:00:00,248.974609375,2024-07-11 10:00:00,3.9011080265045166,2024-07-11 10:00:00,90394.4140625,2024-07-11 10:00:00,53.59763926936216,2024-07-11 10:00:00,355.0
2024-07-12 10:00:00,355.0,24.0,2024-07-11 10:00:00,2024-07-11 14:00:00,355.0,836.2999877929688,2024-07-11 10:00:00,2024-07-11 14:00:00,278.0,2024-07-11 10:00:00,2024-07-11 14:00:00,338.0,2024-07-11 10:00:00,2024-07-11 14:00:00,358.0,2024-07-11 10:00:00,2024-07-11 14:00:00,355.0,2024-07-11 10:00:00,2024-07-11 14:00:00,361.0675964355469,2024-07-12 10:00:00,243.5059356689453,2024-07-12 10:00:00,3.911290168762207,2024-07-12 10:00:00,92634.59375,2024-07-12 10:00:00,54.07520535769493,2024-07-12 10:00:00,350.0
2024-07-13 10:00:00,350.0,24.0,2024-07-12 10:00:00,2024-07-12 14:00:00,350.0,835.2000122070312,2024-07-12 10:00:00,2024-07-12 14:00:00,276.0,2024-07-12 10:00:00,2024-07-12 14:00:00,336.0,2024-07-12 10:00:00,2024-07-12 14:00:00,359.0,2024-07-12 10:00:00,2024-07-12 14:00:00,350.0,2024-07-12 10:00:00,2024-07-12 14:00:00,363.9053955078125,2024-07-13 10:00:00,245.91217041015625,2024-07-13 10:00:00,3.915110349655152,2024-07-13 10:00:00,92908.2265625,2024-07-13 10:00:00,54.06615028930503,2024-07-13 10:00:00,354.0
2024-07-14 10:00:00,354.0,24.0,2024-07-13 10:00:00,2024-07-13 14:00:00,354.0,836.0,2024-07-13 10:00:00,2024-07-13 14:00:00,276.0,2024-07-13 10:00:00,2024-07-13 14:00:00,337.0,2024-07-13 10:00:00,2024-07-13 14:00:00,360.0,2024-07-13 10:00:00,2024-07-13 14:00:00,354.0,2024-07-13 10:00:00,2024-07-13 14:00:00,362.8239440917969,2024-07-14 10:00:00,242.9048309326172,2024-07-14 10:00:00,3.947976589202881,2024-07-14 10:00:00,94324.7890625,2024-07-14 10:00:00,53.78881811908866,2024-07-14 10:00:00,350.0
2024-07-15 10:00:00,350.0,24.0,2024-07-14 10:00:00,2024-07-14 14:00:00,350.0,836.2000122070312,2024-07-14 10:00:00,2024-07-14 14:00:00,274.0,2024-07-14 10:00:00,2024-07-14 14:00:00,333.0,2024-07-14 10:00:00,2024-07-14 14:00:00,353.0,2024-07-14 10:00:00,2024-07-14 14:00:00,350.0,2024-07-14 10:00:00,2024-07-14 14:00:00,362.79791259765625,2024-07-15 10:00:00,239.0992431640625,2024-07-15 10:00:00,3.951714992523194,2024-07-15 10:00:00,93521.15625,2024-07-15 10:00:00,53.32055502729395,2024-07-15 10:00:00,356.0
2024-07-16 10:00:00,356.0,24.0,2024-07-15 10:00:00,2024-07-15 14:00:00,354.0,836.5,2024-07-15 10:00:00,2024-07-15 14:00:00,274.0,2024-07-15 10:00:00,2024-07-15 14:00:00,335.0,2024-07-15 10:00:00,2024-07-15 14:00:00,360.0,2024-07-15 10:00:00,2024-07-15 14:00:00,356.0,2024-07-15 10:00:00,2024-07-15 14:00:00,362.8112487792969,2024-07-16 10:00:00,235.8697052001953,2024-07-16 10:00:00,3.929457664489746,2024-07-16 10:00:00,93058.21875,2024-07-16 10:00:00,53.21690672716295,2024-07-16 10:00:00,353.0
2024-07-17 10:00:00,353.0,24.0,2024-07-16 10:00:00,2024-07-16 14:00:00,353.0,836.2999877929688,2024-07-16 10:00:00,2024-07-16 14:00:00,276.0,2024-07-16 10:00:00,2024-07-16 14:00:00,334.0,2024-07-16 10:00:00,2024-07-16 14:00:00,350.0,2024-07-16 10:00:00,2024-07-16 14:00:00,353.0,2024-07-16 10:00:00,2024-07-16 14:00:00,363.34375,2024-07-17 10:00:00,239.121337890625,2024-07-17 10:00:00,3.9424173831939697,2024-07-17 10:00:00,92889.796875,2024-07-17 10:00:00,53.68507684826636,2024-07-17 10:00:00,357.0
2024-07-18 10:00:00,357.0,24.0,2024-07-17 10:00:00,2024-07-17 14:00:00,356.0,836.2999877929688,2024-07-17 10:00:00,2024-07-17 14:00:00,280.0,2024-07-17 10:00:00,2024-07-17 14:00:00,341.0,2024-07-17 10:00:00,2024-07-17 14:00:00,363.0,2024-07-17 10:00:00,2024-07-17 14:00:00,357.0,2024-07-17 10:00:00,2024-07-17 14:00:00,361.9332885742188,2024-07-18 10:00:00,229.43658447265625,2024-07-18 10:00:00,3.8869903087615967,2024-07-18 10:00:00,92682.046875,2024-07-18 10:00:00,54.456497205943606,2024-07-18 10:00:00,358.0
2024-07-19 10:00:00,358.0,24.0,2024-07-18 10:00:00,2024-07-18 14:00:00,357.0,837.2999877929688,2024-07-18 10:00:00,2024-07-18 14:00:00,278.0,2024-07-18 10:00:00,2024-07-18 14:00:00,340.0,2024-07-18 10:00:00,2024-07-18 14:00:00,357.0,2024-07-18 10:00:00,2024-07-18 14:00:00,358.0,2024-07-18 10:00:00,2024-07-18 14:00:00,359.8988037109375,2024-07-19 10:00:00,233.8142242431641,2024-07-19 10:00:00,3.9196584224700928,2024-07-19 10:00:00,89650.578125,2024-07-19 10:00:00,53.7303942027803,2024-07-19 10:00:00,347.0
2024-07-20 10:00:00,347.0,24.0,2024-07-19 10:00:00,2024-07-19 14:00:00,357.0,836.4000244140625,2024-07-19 10:00:00,2024-07-19 14:00:00,275.0,2024-07-19 10:00:00,2024-07-19 14:00:00,332.0,2024-07-19 10:00:00,2024-07-19 14:00:00,354.0,2024-07-19 10:00:00,2024-07-19 14:00:00,347.0,2024-07-19 10:00:00,2024-07-19 14:00:00,359.6271057128906,2024-07-20 10:00:00,241.4291839599609,2024-07-20 10:00:00,3.9377617835998535,2024-07-20 10:00:00,95070.25,2024-07-20 10:00:00,53.45209964730634,2024-07-20 10:00:00,350.0
2024-07-21 10:00:00,350.0,24.0,2024-07-20 10:00:00,2024-07-20 14:00:00,350.0,836.0999755859375,2024-07-20 10:00:00,2024-07-20 14:00:00,275.0,2024-07-20 10:00:00,2024-07-20 14:00:00,336.0,2024-07-20 10:00:00,2024-07-20 14:00:00,353.0,2024-07-20 10:00:00,2024-07-20 14:00:00,350.0,2024-07-20 10:00:00,2024-07-20 14:00:00,363.2677917480469,2024-07-21 10:00:00,243.80230712890625,2024-07-21 10:00:00,3.90851092338562,2024-07-21 10:00:00,96415.46875,2024-07-21 10:00:00,53.555815530399514,2024-07-21 10:00:00,356.0
2024-07-21 22:00:00,356.0,12.0,2024-07-21 10:00:00,2024-07-21 14:00:00,350.0,836.5999755859375,2024-07-21 10:00:00,2024-07-21 14:00:00,277.0,2024-07-21 10:00:00,2024-07-21 14:00:00,340.0,2024-07-21 10:00:00,2024-07-21 14:00:00,363.0,2024-07-21 10:00:00,2024-07-21 14:00:00,356.0,2024-07-21 10:00:00,2024-07-21 14:00:00,363.04736328125,2024-07-21 22:00:00,234.30178833007807,2024-07-21 22:00:00,3.936236143112183,2024-07-21 22:00:00,96254.828125,2024-07-21 22:00:00,53.777650962350094,2024-07-21 22:00:00,350.0
2024-07-22 10:00:00,350.0,12.0,2024-07-21 22:00:00,2024-07-22 02:00:00,350.0,836.5999755859375,2024-07-21 10:00:00,2024-07-21 14:00:00,276.0,2024-07-21 22:00:00,2024-07-22 02:00:00,336.0,2024-07-21 22:00:00,2024-07-22 02:00:00,363.0,2024-07-21 10:00:00,2024-07-21 14:00:00,350.0,2024-07-21 22:00:00,2024-07-22 02:00:00,361.28656005859375,2024-07-22 10:00:00,235.6934509277344,2024-07-22 10:00:00,3.8286311626434326,2024-07-22 10:00:00,95225.8046875,2024-07-22 10:00:00,53.58147501929557,2024-07-22 10:00:00,355.0
2024-07-23 10:00:00,355.0,24.0,2024-07-22 10:00:00,2024-07-22 14:00:00,355.0,836.2000122070312,2024-07-22 10:00:00,2024-07-22 14:00:00,275.0,2024-07-22 10:00:00,2024-07-22 14:00:00,340.0,2024-07-22 10:00:00,2024-07-22 14:00:00,356.0,2024-07-22 10:00:00,2024-07-22 14:00:00,355.0,2024-07-22 10:00:00,2024-07-22 14:00:00,359.1033630371094,2024-07-23 10:00:00,227.296142578125,2024-07-23 10:00:00,3.9174318313598633,2024-07-23 10:00:00,95157.671875,2024-07-23 10:00:00,53.5212210354091,2024-07-23 10:00:00,352.0
2024-07-24 10:00:00,352.0,24.0,2024-07-23 10:00:00,2024-07-23 14:00:00,352.0,836.0999755859375,2024-07-23 10:00:00,2024-07-23 14:00:00,277.0,2024-07-23 10:00:00,2024-07-23 14:00:00,335.0,2024-07-23 10:00:00,2024-07-23 14:00:00,356.0,2024-07-23 10:00:00,2024-07-23 14:00:00,352.0,2024-07-23 10:00:00,2024-07-23 14:00:00,359.47412109375,2024-07-24 10:00:00,237.04473876953125,2024-07-24 10:00:00,3.9166531562805176,2024-07-24 10:00:00,94820.9765625,2024-07-24 10:00:00,53.95040518226449,2024-07-24 10:00:00,353.0
2024-07-25 10:00:00,353.0,24.0,2024-07-24 10:00:00,2024-07-24 14:00:00,353.0,835.5,2024-07-24 10:00:00,2024-07-24 14:00:00,279.0,2024-07-24 10:00:00,2024-07-24 14:00:00,335.0,2024-07-24 10:00:00,2024-07-24 14:00:00,356.0,2024-07-24 10:00:00,2024-07-24 14:00:00,353.0,2024-07-24 10:00:00,2024-07-24 14:00:00,362.3375549316406,2024-07-25 10:00:00,247.72946166992188,2024-07-25 10:00:00,3.9305977821350098,2024-07-25 10:00:00,94341.828125,2024-07-25 10:00:00,54.54390910975292,2024-07-25 10:00:00,357.0
2024-07-26 10:00:00,357.0,24.0,2024-07-25 10:00:00,2024-07-25 14:00:00,353.0,835.7000122070312,2024-07-25 10:00:00,2024-07-25 14:00:00,278.0,2024-07-25 10:00:00,2024-07-25 14:00:00,340.0,2024-07-25 10:00:00,2024-07-25 14:00:00,350.0,2024-07-25 10:00:00,2024-07-25 14:00:00,357.0,2024-07-25 10:00:00,2024-07-25 14:00:00,363.7941284179688,2024-07-26 10:00:00,246.4683380126953,2024-07-26 10:00:00,3.948724031448364,2024-07-26 10:00:00,94567.640625,2024-07-26 10:00:00,54.28282734119091,2024-07-26 10:00:00,358.0
2024-07-27 10:00:00,358.0,24.0,2024-07-26 10:00:00,2024-07-26 14:00:00,357.0,836.2000122070312,2024-07-26 10:00:00,2024-07-26 14:00:00,277.0,2024-07-26 10:00:00,2024-07-26 14:00:00,338.0,2024-07-26 10:00:00,2024-07-26 14:00:00,362.0,2024-07-27 00:11:00,2024-07-27 04:11:00,358.0,2024-07-26 10:00:00,2024-07-26 14:00:00,362.4397888183594,2024-07-27 10:00:00,241.1356506347656,2024-07-27 10:00:00,3.9196059703826895,2024-07-27 10:00:00,97112.671875,2024-07-27 10:00:00,53.915810687274075,2024-07-27 10:00:00,347.0
2024-07-28 10:00:00,347.0,24.0,2024-07-27 10:00:00,2024-07-27 14:00:00,357.0,835.2999877929688,2024-07-27 10:00:00,2024-07-27 14:00:00,274.0,2024-07-27 10:00:00,2024-07-27 14:00:00,330.0,2024-07-27 10:00:00,2024-07-27 14:00:00,353.0,2024-07-27 10:00:00,2024-07-27 14:00:00,347.0,2024-07-27 10:00:00,2024-07-27 14:00:00,358.6638488769531,2024-07-28 10:00:00,238.82296752929688,2024-07-28 10:00:00,3.982389211654663,2024-07-28 10:00:00,95340.4921875,2024-07-28 10:00:00,53.632357766255154,2024-07-28 10:00:00,346.0
2024-07-29 10:00:00,346.0,24.0,2024-07-28 10:00:00,2024-07-28 14:00:00,347.0,834.5,2024-07-28 10:00:00,2024-07-28 14:00:00,274.0,2024-07-28 10:00:00,2024-07-28 14:00:00,331.0,2024-07-28 10:00:00,2024-07-28 14:00:00,352.0,2024-07-28 22:00:00,2024-07-29 02:00:00,346.0,2024-07-28 10:00:00,2024-07-28 14:00:00,362.4944152832031,2024-07-29 10:00:00,241.0814819335937,2024-07-29 10:00:00,3.973541259765625,2024-07-29 10:00:00,97096.8671875,2024-07-29 10:00:00,53.910557647163046,2024-07-29 10:00:00,354.0
2024-07-30 10:00:00,354.0,24.0,2024-07-29 10:00:00,2024-07-29 14:00:00,347.0,835.9000244140625,2024-07-29 10:00:00,2024-07-29 14:00:00,275.0,2024-07-29 10:00:00,2024-07-29 14:00:00,333.0,2024-07-29 10:00:00,2024-07-29 14:00:00,355.0,2024-07-30 02:32:00,2024-07-30 06:32:00,354.0,2024-07-29 10:00:00,2024-07-29 14:00:00,357.5854187011719,2024-07-30 10:00:00,230.81900024414065,2024-07-30 10:00:00,3.945509195327759,2024-07-30 10:00:00,96553.5703125,2024-07-30 10:00:00,53.62500877739171,2024-07-30 10:00:00,347.0
2024-07-31 09:00:00,347.0,23.0,2024-07-30 10:00:00,2024-07-30 14:00:00,347.0,838.0999755859375,2024-07-30 10:00:00,2024-07-30 14:00:00,275.0,2024-07-30 10:00:00,2024-07-30 14:00:00,336.0,2024-07-30 10:00:00,2024-07-30 14:00:00,355.0,2024-07-30 10:00:00,2024-07-30 14:00:00,347.0,2024-07-30 10:00:00,2024-07-30 14:00:00,356.8177185058594,2024-07-31 09:00:00,226.263916015625,2024-07-31 09:00:00,3.9944605827331534,2024-07-31 09:00:00,97691.5546875,2024-07-31 09:00:00,52.86712287074147,2024-07-31 09:00:00,347.0
2024-08-01 10:00:00,347.0,25.0,2024-07-31 09:00:00,2024-07-31 13:00:00,347.0,836.2999877929688,2024-07-31 09:00:00,2024-07-31 13:00:00,276.0,2024-07-31 09:00:00,2024-07-31 13:00:00,333.0,2024-07-31 09:00:00,2024-07-31 13:00:00,354.0,2024-07-31 09:20:00,2024-07-31 13:20:00,347.0,2024-07-31 09:00:00,2024-07-31 13:00:00,360.033203125,2024-08-01 10:00:00,230.5039520263672,2024-08-01 10:00:00,3.919414758682251,2024-08-01 10:00:00,96622.171875,2024-08-01 10:00:00,53.68507684826636,2024-08-01 10:00:00,345.0
2024-08-02 10:00:00,345.0,24.0,2024-08-01 10:00:00,2024-08-01 14:00:00,347.0,835.5999755859375,2024-08-01 10:00:00,2024-08-01 14:00:00,275.0,2024-08-01 10:00:00,2024-08-01 14:00:00,330.0,2024-08-01 10:00:00,2024-08-01 14:00:00,348.0,2024-08-01 10:00:00,2024-08-01 14:00:00,345.0,2024-08-01 10:00:00,2024-08-01 14:00:00,354.51104736328125,2024-08-02 10:00:00,208.366455078125,2024-08-02 10:00:00,3.986270904541016,2024-08-02 10:00:00,99167.4609375,2024-08-02 10:00:00,53.72895712031425,2024-08-02 10:00:00,348.0
2024-08-03 10:00:00,348.0,24.0,2024-08-02 10:00:00,2024-08-02 14:00:00,347.0,835.5,2024-08-02 10:00:00,2024-08-02 14:00:00,274.0,2024-08-02 10:00:00,2024-08-02 14:00:00,333.0,2024-08-02 10:00:00,2024-08-02 14:00:00,352.0,2024-08-02 10:00:00,2024-08-02 14:00:00,348.0,2024-08-02 10:00:00,2024-08-02 14:00:00,352.1273803710937,2024-08-03 10:00:00,191.52452087402344,2024-08-03 10:00:00,3.942713737487793,2024-08-03 10:00:00,99099.6015625,2024-08-03 10:00:00,53.56295744716283,2024-08-03 10:00:00,353.0
2024-08-04 10:00:00,353.0,24.0,2024-08-03 10:00:00,2024-08-03 14:00:00,348.0,836.5,2024-08-03 10:00:00,2024-08-03 14:00:00,276.0,2024-08-03 10:00:00,2024-08-03 14:00:00,336.0,2024-08-03 10:00:00,2024-08-03 14:00:00,353.0,2024-08-03 10:00:00,2024-08-03 14:00:00,353.0,2024-08-03 10:00:00,2024-08-03 14:00:00,349.4789733886719,2024-08-04 10:00:00,192.6199188232422,2024-08-04 10:00:00,3.963081598281861,2024-08-04 10:00:00,98675.1171875,2024-08-04 10:00:00,53.61598644408855,2024-08-04 10:00:00,351.0
2024-08-05 10:00:00,351.0,24.0,2024-08-04 10:00:00,2024-08-04 14:00:00,351.0,836.2000122070312,2024-08-04 10:00:00,2024-08-04 14:00:00,276.0,2024-08-04 10:00:00,2024-08-04 14:00:00,333.0,2024-08-04 10:00:00,2024-08-04 14:00:00,353.0,2024-08-04 10:00:00,2024-08-04 14:00:00,351.0,2024-08-04 10:00:00,2024-08-04 14:00:00,354.00445556640625,2024-08-05 10:00:00,205.74647521972656,2024-08-05 10:00:00,3.92038631439209,2024-08-05 10:00:00,99263.234375,2024-08-05 10:00:00,53.71963474421955,2024-08-05 10:00:00,347.0
2024-08-06 10:00:00,347.0,24.0,2024-08-05 10:00:00,2024-08-05 14:00:00,351.0,835.5,2024-08-05 10:00:00,2024-08-05 14:00:00,275.0,2024-08-05 10:00:00,2024-08-05 14:00:00,332.0,2024-08-05 10:00:00,2024-08-05 14:00:00,358.0,2024-08-05 10:00:00,2024-08-05 14:00:00,347.0,2024-08-05 10:00:00,2024-08-05 14:00:00,357.96588134765625,2024-08-06 10:00:00,220.8486175537109,2024-08-06 10:00:00,3.9178812503814697,2024-08-06 10:00:00,97080.0625,2024-08-06 10:00:00,53.76362345527798,2024-08-06 10:00:00,359.0
2024-08-07 10:00:00,359.0,24.0,2024-08-06 10:00:00,2024-08-06 14:00:00,351.0,836.5999755859375,2024-08-06 10:00:00,2024-08-06 14:00:00,277.0,2024-08-06 10:00:00,2024-08-06 14:00:00,341.0,2024-08-06 10:00:00,2024-08-06 14:00:00,360.0,2024-08-06 10:00:00,2024-08-06 14:00:00,359.0,2024-08-06 10:00:00,2024-08-06 14:00:00,358.11846923828125,2024-08-07 10:00:00,221.49832153320312,2024-08-07 10:00:00,3.93276047706604,2024-08-07 10:00:00,97652.265625,2024-08-07 10:00:00,53.777650962350094,2024-08-07 10:00:00,350.0
2024-08-08 10:00:00,350.0,24.0,2024-08-07 10:00:00,2024-08-07 14:00:00,350.0,836.0999755859375,2024-08-07 10:00:00,2024-08-07 14:00:00,276.0,2024-08-07 10:00:00,2024-08-07 14:00:00,336.0,2024-08-07 10:00:00,2024-08-07 14:00:00,360.0,2024-08-07 10:00:00,2024-08-07 14:00:00,350.0,2024-08-07 10:00:00,2024-08-07 14:00:00,357.99127197265625,2024-08-08 10:00:00,218.0424346923828,2024-08-08 10:00:00,3.836634874343872,2024-08-08 10:00:00,97424.03125,2024-08-08 10:00:00,53.75422923920996,2024-08-08 10:00:00,353.0
2024-08-09 10:00:00,353.0,24.0,2024-08-08 10:00:00,2024-08-08 14:00:00,353.0,837.2000122070312,2024-08-08 10:00:00,2024-08-08 14:00:00,276.0,2024-08-08 10:00:00,2024-08-08 14:00:00,335.0,2024-08-08 10:00:00,2024-08-08 14:00:00,353.0,2024-08-09 00:01:00,2024-08-09 04:01:00,353.0,2024-08-08 10:00:00,2024-08-08 14:00:00,357.4981384277344,2024-08-09 10:00:00,218.26025390625,2024-08-09 10:00:00,3.857083559036255,2024-08-09 10:00:00,96976.78125,2024-08-09 10:00:00,53.37466867913429,2024-08-09 10:00:00,350.0
2024-08-10 10:00:00,350.0,24.0,2024-08-09 10:00:00,2024-08-09 14:00:00,350.0,836.5999755859375,2024-08-09 10:00:00,2024-08-09 14:00:00,280.0,2024-08-09 10:00:00,2024-08-09 14:00:00,339.0,2024-08-09 10:00:00,2024-08-09 14:00:00,360.0,2024-08-09 10:00:00,2024-08-09 14:00:00,350.0,2024-08-09 10:00:00,2024-08-09 14:00:00,356.0284729003906,2024-08-10 10:00:00,215.9827880859375,2024-08-10 10:00:00,3.952469348907471,2024-08-10 10:00:00,97289.3203125,2024-08-10 10:00:00,54.35289537697281,2024-08-10 10:00:00,355.0
2024-08-11 10:00:00,355.0,24.0,2024-08-10 10:00:00,2024-08-10 14:00:00,353.0,836.7999877929688,2024-08-10 10:00:00,2024-08-10 14:00:00,278.0,2024-08-10 10:00:00,2024-08-10 14:00:00,338.0,2024-08-10 10:00:00,2024-08-10 14:00:00,357.0,2024-08-10 10:00:00,2024-08-10 14:00:00,355.0,2024-08-10 10:00:00,2024-08-10 14:00:00,347.7279052734375,2024-08-11 10:00:00,201.0244140625,2024-08-11 10:00:00,3.8663601875305176,2024-08-11 10:00:00,97452.296875,2024-08-11 10:00:00,53.9026060952375,2024-08-11 10:00:00,335.0
2024-08-12 10:00:00,335.0,24.0,2024-08-11 10:00:00,2024-08-11 14:00:00,350.0,834.0999755859375,2024-08-11 10:00:00,2024-08-11 14:00:00,272.0,2024-08-11 10:00:00,2024-08-11 14:00:00,318.0,2024-08-11 10:00:00,2024-08-11 14:00:00,340.0,2024-08-11 10:00:00,2024-08-11 14:00:00,335.0,2024-08-11 10:00:00,2024-08-11 14:00:00,343.8179016113281,2024-08-12 10:00:00,197.26206970214844,2024-08-12 10:00:00,3.811572790145874,2024-08-12 10:00:00,94214.2109375,2024-08-12 10:00:00,53.641892319374506,2024-08-12 10:00:00,330.0
2024-08-13 10:00:00,330.0,24.0,2024-08-12 10:00:00,2024-08-12 14:00:00,335.0,833.9000244140625,2024-08-12 10:00:00,2024-08-12 14:00:00,270.0,2024-08-12 10:00:00,2024-08-12 14:00:00,318.0,2024-08-12 10:00:00,2024-08-12 14:00:00,338.0,2024-08-12 10:00:00,2024-08-12 14:00:00,330.0,2024-08-12 10:00:00,2024-08-12 14:00:00,344.1123352050781,2024-08-13 10:00:00,180.4934997558593,2024-08-13 10:00:00,3.959475040435791,2024-08-13 10:00:00,96399.4921875,2024-08-13 10:00:00,53.29437012518872,2024-08-13 10:00:00,333.0
2024-08-14 10:00:00,333.0,24.0,2024-08-13 10:00:00,2024-08-13 14:00:00,333.0,836.2999877929688,2024-08-13 10:00:00,2024-08-13 14:00:00,271.0,2024-08-13 10:00:00,2024-08-13 14:00:00,320.0,2024-08-13 10:00:00,2024-08-13 14:00:00,336.0,2024-08-13 10:00:00,2024-08-13 14:00:00,333.0,2024-08-13 10:00:00,2024-08-13 14:00:00,343.8194885253906,2024-08-14 10:00:00,199.57278442382807,2024-08-14 10:00:00,3.978361606597901,2024-08-14 10:00:00,94678.5703125,2024-08-14 10:00:00,52.67033776693643,2024-08-14 10:00:00,333.0
2024-08-15 10:00:00,333.0,24.0,2024-08-14 10:00:00,2024-08-14 14:00:00,333.0,833.0999755859375,2024-08-14 10:00:00,2024-08-14 14:00:00,270.0,2024-08-14 10:00:00,2024-08-14 14:00:00,320.0,2024-08-14 10:00:00,2024-08-14 14:00:00,333.0,2024-08-14 10:00:00,2024-08-14 14:00:00,333.0,2024-08-14 10:00:00,2024-08-14 14:00:00,342.3927001953125,2024-08-15 10:00:00,194.5001678466797,2024-08-15 10:00:00,3.940050840377808,2024-08-15 10:00:00,95070.390625,2024-08-15 10:00:00,53.574326747341956,2024-08-15 10:00:00,330.0
2024-08-16 10:00:00,330.0,24.0,2024-08-15 10:00:00,2024-08-15 14:00:00,333.0,833.7999877929688,2024-08-15 10:00:00,2024-08-15 14:00:00,268.0,2024-08-15 10:00:00,2024-08-15 14:00:00,318.0,2024-08-15 10:00:00,2024-08-15 14:00:00,333.0,2024-08-15 10:00:00,2024-08-15 14:00:00,330.0,2024-08-15 10:00:00,2024-08-15 14:00:00,345.5116271972656,2024-08-16 10:00:00,201.1272735595703,2024-08-16 10:00:00,3.906349420547485,2024-08-16 10:00:00,94965.25,2024-08-16 10:00:00,52.90267707297994,2024-08-16 10:00:00,339.0
2024-08-17 10:00:00,339.0,24.0,2024-08-16 10:00:00,2024-08-16 14:00:00,333.0,835.2000122070312,2024-08-16 10:00:00,2024-08-16 14:00:00,273.0,2024-08-16 10:00:00,2024-08-16 14:00:00,324.0,2024-08-16 10:00:00,2024-08-16 14:00:00,338.0,2024-08-16 10:00:00,2024-08-16 14:00:00,339.0,2024-08-16 10:00:00,2024-08-16 14:00:00,352.03594970703125,2024-08-17 10:00:00,215.7958068847656,2024-08-17 10:00:00,3.888749837875366,2024-08-17 10:00:00,96013.453125,2024-08-17 10:00:00,53.46413758496681,2024-08-17 10:00:00,340.0
2024-08-18 10:00:00,340.0,24.0,2024-08-17 10:00:00,2024-08-17 14:00:00,339.0,835.7000122070312,2024-08-17 10:00:00,2024-08-17 14:00:00,274.0,2024-08-17 10:00:00,2024-08-17 14:00:00,326.0,2024-08-17 10:00:00,2024-08-17 14:00:00,348.0,2024-08-17 10:00:00,2024-08-17 14:00:00,340.0,2024-08-17 10:00:00,2024-08-17 14:00:00,353.2427978515625,2024-08-18 10:00:00,215.12496948242188,2024-08-18 10:00:00,3.992459535598755,2024-08-18 10:00:00,97195.640625,2024-08-18 10:00:00,53.49361911483675,2024-08-18 10:00:00,349.0
2024-08-19 10:00:00,349.0,24.0,2024-08-18 10:00:00,2024-08-18 14:00:00,340.0,836.4000244140625,2024-08-18 10:00:00,2024-08-18 14:00:00,273.0,2024-08-18 10:00:00,2024-08-18 14:00:00,335.0,2024-08-18 10:00:00,2024-08-18 14:00:00,358.0,2024-08-18 17:30:00,2024-08-18 21:30:00,349.0,2024-08-18 10:00:00,2024-08-18 14:00:00,354.958740234375,2024-08-19 10:00:00,210.132080078125,2024-08-19 10:00:00,3.869807720184326,2024-08-19 10:00:00,94707.46875,2024-08-19 10:00:00,53.048500651778454,2024-08-19 10:00:00,353.0
2024-08-20 10:00:00,353.0,24.0,2024-08-19 10:00:00,2024-08-19 14:00:00,349.0,836.7000122070312,2024-08-19 10:00:00,2024-08-19 14:00:00,276.0,2024-08-19 10:00:00,2024-08-19 14:00:00,335.0,2024-08-19 10:00:00,2024-08-19 14:00:00,355.0,2024-08-19 10:00:00,2024-08-19 14:00:00,353.0,2024-08-19 10:00:00,2024-08-19 14:00:00,356.8873596191406,2024-08-20 10:00:00,204.26646423339844,2024-08-20 10:00:00,3.955760717391968,2024-08-20 10:00:00,97378.1171875,2024-08-20 10:00:00,53.546958026676975,2024-08-20 10:00:00,350.0
2024-08-21 10:00:00,350.0,24.0,2024-08-20 10:00:00,2024-08-20 14:00:00,350.0,837.0999755859375,2024-08-20 10:00:00,2024-08-20 14:00:00,276.0,2024-08-20 10:00:00,2024-08-20 14:00:00,333.0,2024-08-20 10:00:00,2024-08-20 14:00:00,357.0,2024-08-20 10:00:00,2024-08-20 14:00:00,350.0,2024-08-20 10:00:00,2024-08-20 14:00:00,355.420166015625,2024-08-21 10:00:00,203.7591094970703,2024-08-21 10:00:00,3.9591031074523926,2024-08-21 10:00:00,95771.6953125,2024-08-21 10:00:00,53.40910816938094,2024-08-21 10:00:00,350.0
2024-08-22 10:00:00,350.0,24.0,2024-08-21 10:00:00,2024-08-21 14:00:00,350.0,838.5,2024-08-21 10:00:00,2024-08-21 14:00:00,277.0,2024-08-21 10:00:00,2024-08-21 14:00:00,334.0,2024-08-21 10:00:00,2024-08-21 14:00:00,356.0,2024-08-21 10:00:00,2024-08-21 14:00:00,350.0,2024-08-21 10:00:00,2024-08-21 14:00:00,356.750244140625,2024-08-22 10:00:00,212.2148895263672,2024-08-22 10:00:00,3.9929821491241455,2024-08-22 10:00:00,94246.375,2024-08-22 10:00:00,53.12470938714307,2024-08-22 10:00:00,347.0
2024-08-23 10:00:00,347.0,24.0,2024-08-22 10:00:00,2024-08-22 14:00:00,350.0,836.2999877929688,2024-08-22 10:00:00,2024-08-22 14:00:00,276.0,2024-08-22 10:00:00,2024-08-22 14:00:00,332.0,2024-08-22 10:00:00,2024-08-22 14:00:00,354.0,2024-08-22 10:00:00,2024-08-22 14:00:00,347.0,2024-08-22 10:00:00,2024-08-22 14:00:00,354.3410339355469,2024-08-23 10:00:00,205.39735412597656,2024-08-23 10:00:00,3.97576642036438,2024-08-23 10:00:00,96735.484375,2024-08-23 10:00:00,53.68507684826636,2024-08-23 10:00:00,340.0
2024-08-24 10:00:00,340.0,24.0,2024-08-23 10:00:00,2024-08-23 14:00:00,347.0,835.0999755859375,2024-08-23 10:00:00,2024-08-23 14:00:00,273.0,2024-08-23 10:00:00,2024-08-23 14:00:00,328.0,2024-08-23 10:00:00,2024-08-23 14:00:00,346.0,2024-08-23 10:00:00,2024-08-23 14:00:00,340.0,2024-08-23 10:00:00,2024-08-23 14:00:00,355.84747314453125,2024-08-24 10:00:00,206.75474548339844,2024-08-24 10:00:00,3.9276411533355713,2024-08-24 10:00:00,95081.1796875,2024-08-24 10:00:00,53.49888708470087,2024-08-24 10:00:00,352.0
2024-08-25 10:00:00,352.0,24.0,2024-08-24 10:00:00,2024-08-24 14:00:00,347.0,837.0,2024-08-24 10:00:00,2024-08-24 14:00:00,275.0,2024-08-24 10:00:00,2024-08-24 14:00:00,335.0,2024-08-24 10:00:00,2024-08-24 14:00:00,355.0,2024-08-24 10:00:00,2024-08-24 14:00:00,352.0,2024-08-24 10:00:00,2024-08-24 14:00:00,352.0270690917969,2024-08-25 10:00:00,198.7472381591797,2024-08-25 10:00:00,3.943557024002075,2024-08-25 10:00:00,96360.03125,2024-08-25 10:00:00,53.24512843027799,2024-08-25 10:00:00,341.0
2024-08-26 10:00:00,341.0,24.0,2024-08-25 10:00:00,2024-08-25 14:00:00,341.0,835.5999755859375,2024-08-25 10:00:00,2024-08-25 14:00:00,277.0,2024-08-25 10:00:00,2024-08-25 14:00:00,328.0,2024-08-25 10:00:00,2024-08-25 14:00:00,340.0,2024-08-25 10:00:00,2024-08-25 14:00:00,341.0,2024-08-25 10:00:00,2024-08-25 14:00:00,343.0978088378906,2024-08-26 10:00:00,173.36883544921875,2024-08-26 10:00:00,3.926391839981079,2024-08-26 10:00:00,99130.703125,2024-08-26 10:00:00,54.12354677217911,2024-08-26 10:00:00,340.0
2024-08-27 10:00:00,340.0,24.0,2024-08-26 10:00:00,2024-08-26 14:00:00,341.0,835.2999877929688,2024-08-26 10:00:00,2024-08-26 14:00:00,277.0,2024-08-26 10:00:00,2024-08-26 14:00:00,326.0,2024-08-26 10:00:00,2024-08-26 14:00:00,342.0,2024-08-26 10:00:00,2024-08-26 14:00:00,340.0,2024-08-26 10:00:00,2024-08-26 14:00:00,358.56231689453125,2024-08-27 10:00:00,237.5081481933593,2024-08-27 10:00:00,3.8661394119262695,2024-08-27 10:00:00,93569.5234375,2024-08-27 10:00:00,54.22761342623528,2024-08-27 10:00:00,341.0
2024-08-28 10:00:00,341.0,24.0,2024-08-27 10:00:00,2024-08-27 14:00:00,341.0,835.5999755859375,2024-08-27 10:00:00,2024-08-27 14:00:00,276.0,2024-08-27 10:00:00,2024-08-27 14:00:00,329.0,2024-08-27 10:00:00,2024-08-27 14:00:00,341.0,2024-08-27 10:00:00,2024-08-27 14:00:00,341.0,2024-08-27 10:00:00,2024-08-27 14:00:00,361.3227233886719,2024-08-28 10:00:00,236.79421997070312,2024-08-28 10:00:00,3.9463553428649902,2024-08-28 10:00:00,93719.234375,2024-08-28 10:00:00,53.9273708291247,2024-08-28 10:00:00,354.0
2024-08-29 09:30:00,354.0,23.5,2024-08-28 10:00:00,2024-08-28 14:00:00,341.0,836.2000122070312,2024-08-28 10:00:00,2024-08-28 14:00:00,276.0,2024-08-28 10:00:00,2024-08-28 14:00:00,336.0,2024-08-28 10:00:00,2024-08-28 14:00:00,353.0,2024-08-28 10:00:00,2024-08-28 14:00:00,354.0,2024-08-28 10:00:00,2024-08-28 14:00:00,350.3896484375,2024-08-29 09:30:00,218.5180053710937,2024-08-29 09:30:00,3.90498948097229,2024-08-29 09:30:00,94133.171875,2024-08-29 09:30:00,53.71963474421955,2024-08-29 09:30:00,345.0
2024-08-30 10:00:00,345.0,24.5,2024-08-29 09:30:00,2024-08-29 13:30:00,345.0,832.7000122070312,2024-08-29 09:30:00,2024-08-29 13:30:00,274.0,2024-08-29 09:30:00,2024-08-29 13:30:00,329.0,2024-08-29 09:30:00,2024-08-29 13:30:00,346.0,2024-08-29 09:30:00,2024-08-29 13:30:00,345.0,2024-08-29 09:30:00,2024-08-29 13:30:00,351.0879821777344,2024-08-30 10:00:00,211.2483062744141,2024-08-30 10:00:00,3.9423556327819824,2024-08-30 10:00:00,96805.375,2024-08-30 10:00:00,54.54013841009305,2024-08-30 10:00:00,340.0
2024-08-31 10:00:00,340.0,24.0,2024-08-30 10:00:00,2024-08-30 14:00:00,345.0,833.5,2024-08-30 10:00:00,2024-08-30 14:00:00,271.0,2024-08-30 10:00:00,2024-08-30 14:00:00,325.0,2024-08-30 10:00:00,2024-08-30 14:00:00,349.0,2024-08-30 10:00:00,2024-08-30 14:00:00,340.0,2024-08-30 10:00:00,2024-08-30 14:00:00,352.3752746582031,2024-08-31 10:00:00,226.5357818603516,2024-08-31 10:00:00,3.933964490890503,2024-08-31 10:00:00,94905.296875,2024-08-31 10:00:00,53.64404796275858,2024-08-31 10:00:00,338.0
2024-09-03 03:00:00,,65.0,2024-08-31 10:00:00,2024-08-31 14:00:00,,,2024-08-31 10:00:00,2024-08-31 14:00:00,,2024-08-31 10:00:00,2024-08-31 14:00:00,,2024-08-31 10:00:00,2024-08-31 14:00:00,,2024-08-31 10:00:00,2024-08-31 14:00:00,,2024-08-31 10:00:00,2024-08-31 14:00:00,353.9474792480469,2024-09-03 03:00:00,178.71937561035156,2024-09-03 03:00:00,3.653745889663696,2024-09-03 03:00:00,89664.1171875,2024-09-03 03:00:00,,2024-09-03 03:00:00,339.0
2024-09-03 10:00:00,339.0,7.0,2024-09-03 03:00:00,2024-09-03 07:00:00,339.0,,2024-08-31 10:00:00,2024-08-31 14:00:00,265.0,2024-09-03 03:00:00,2024-09-03 07:00:00,321.0,2024-09-03 03:00:00,2024-09-03 07:00:00,,2024-08-31 10:00:00,2024-08-31 14:00:00,339.0,2024-09-03 03:00:00,2024-09-03 07:00:00,362.3502502441406,2024-09-03 10:00:00,224.2417907714844,2024-09-03 10:00:00,3.8136796951293945,2024-09-03 10:00:00,92753.0,2024-09-03 10:00:00,,2024-09-03 10:00:00,333.0
2024-09-04 10:00:00,333.0,24.0,2024-09-03 10:00:00,2024-09-03 14:00:00,338.0,831.2000122070312,2024-09-03 10:00:00,2024-09-03 14:00:00,266.0,2024-09-03 10:00:00,2024-09-03 14:00:00,319.0,2024-09-03 10:00:00,2024-09-03 14:00:00,342.0,2024-09-03 10:00:00,2024-09-03 14:00:00,333.0,2024-09-03 10:00:00,2024-09-03 14:00:00,366.1694946289063,2024-09-04 10:00:00,239.399642944336,2024-09-04 10:00:00,3.6640055179595934,2024-09-04 10:00:00,91406.3125,2024-09-04 10:00:00,53.38042341679454,2024-09-04 10:00:00,345.0
2024-09-05 10:00:00,345.0,24.0,2024-09-04 10:00:00,2024-09-04 14:00:00,339.0,835.9000244140625,2024-09-04 10:00:00,2024-09-04 14:00:00,270.0,2024-09-04 10:00:00,2024-09-04 14:00:00,330.0,2024-09-04 10:00:00,2024-09-04 14:00:00,359.0,2024-09-04 22:00:00,2024-09-05 02:00:00,345.0,2024-09-04 10:00:00,2024-09-04 14:00:00,367.47503662109375,2024-09-05 10:00:00,255.55221557617188,2024-09-05 10:00:00,3.911978006362915,2024-09-05 10:00:00,94503.1875,2024-09-05 10:00:00,52.598859904846904,2024-09-05 10:00:00,350.0
2024-09-06 10:00:00,350.0,24.0,2024-09-05 10:00:00,2024-09-05 14:00:00,345.0,836.4000244140625,2024-09-05 10:00:00,2024-09-05 14:00:00,270.0,2024-09-05 10:00:00,2024-09-05 14:00:00,331.0,2024-09-05 10:00:00,2024-09-05 14:00:00,356.0,2024-09-05 10:00:00,2024-09-05 14:00:00,350.0,2024-09-05 10:00:00,2024-09-05 14:00:00,363.4234313964844,2024-09-06 10:00:00,257.3565979003906,2024-09-06 10:00:00,3.948725700378418,2024-09-06 10:00:00,94888.59375,2024-09-06 10:00:00,52.42595077476153,2024-09-06 10:00:00,347.0
2024-09-07 10:00:00,347.0,24.0,2024-09-06 10:00:00,2024-09-06 14:00:00,347.0,837.0999755859375,2024-09-06 10:00:00,2024-09-06 14:00:00,274.0,2024-09-06 10:00:00,2024-09-06 14:00:00,331.0,2024-09-06 10:00:00,2024-09-06 14:00:00,351.0,2024-09-06 10:00:00,2024-09-06 14:00:00,347.0,2024-09-06 10:00:00,2024-09-06 14:00:00,370.15325927734375,2024-09-07 10:00:00,250.2431182861328,2024-09-07 10:00:00,3.967683792114258,2024-09-07 10:00:00,98221.6171875,2024-09-07 10:00:00,53.010028452455344,2024-09-07 10:00:00,354.0
2024-09-08 10:00:00,354.0,24.0,2024-09-07 10:00:00,2024-09-07 14:00:00,350.0,839.4000244140625,2024-09-07 10:00:00,2024-09-07 14:00:00,277.0,2024-09-07 10:00:00,2024-09-07 14:00:00,336.0,2024-09-07 10:00:00,2024-09-07 14:00:00,359.0,2024-09-07 10:00:00,2024-09-07 14:00:00,354.0,2024-09-07 10:00:00,2024-09-07 14:00:00,368.000244140625,2024-09-08 10:00:00,255.41883850097656,2024-09-08 10:00:00,3.955254316329956,2024-09-08 10:00:00,92912.0,2024-09-08 10:00:00,52.8173692886586,2024-09-08 10:00:00,350.0
2024-09-09 10:00:00,350.0,24.0,2024-09-08 10:00:00,2024-09-08 14:00:00,350.0,838.2000122070312,2024-09-08 10:00:00,2024-09-08 14:00:00,276.0,2024-09-08 10:00:00,2024-09-08 14:00:00,336.0,2024-09-08 10:00:00,2024-09-08 14:00:00,353.0,2024-09-08 10:00:00,2024-09-08 14:00:00,350.0,2024-09-08 10:00:00,2024-09-08 14:00:00,369.8154602050781,2024-09-09 10:00:00,256.472900390625,2024-09-09 10:00:00,3.8003218173980713,2024-09-09 10:00:00,90275.7421875,2024-09-09 10:00:00,53.031252094048796,2024-09-09 10:00:00,348.0
2024-09-10 10:00:00,348.0,24.0,2024-09-09 10:00:00,2024-09-09 14:00:00,350.0,840.5,2024-09-09 10:00:00,2024-09-09 14:00:00,276.0,2024-09-09 10:00:00,2024-09-09 14:00:00,333.0,2024-09-09 10:00:00,2024-09-09 14:00:00,355.0,2024-09-09 10:00:00,2024-09-09 14:00:00,348.0,2024-09-09 10:00:00,2024-09-09 14:00:00,365.5342712402344,2024-09-10 10:00:00,235.2122802734375,2024-09-10 10:00:00,3.734447717666626,2024-09-10 10:00:00,82936.921875,2024-09-10 10:00:00,52.247278364088515,2024-09-10 10:00:00,350.0
2024-09-11 10:00:00,350.0,24.0,2024-09-10 10:00:00,2024-09-10 14:00:00,350.0,837.2999877929688,2024-09-10 10:00:00,2024-09-10 14:00:00,273.0,2024-09-10 10:00:00,2024-09-10 14:00:00,334.0,2024-09-10 10:00:00,2024-09-10 14:00:00,359.0,2024-09-10 10:00:00,2024-09-10 14:00:00,350.0,2024-09-10 10:00:00,2024-09-10 14:00:00,364.76611328125,2024-09-11 10:00:00,238.8548889160156,2024-09-11 10:00:00,3.884628772735596,2024-09-11 10:00:00,91922.2421875,2024-09-11 10:00:00,52.738252989013404,2024-09-11 10:00:00,346.0
2024-09-12 10:00:00,346.0,24.0,2024-09-11 10:00:00,2024-09-11 14:00:00,348.0,836.9000244140625,2024-09-11 10:00:00,2024-09-11 14:00:00,275.0,2024-09-11 10:00:00,2024-09-11 14:00:00,330.0,2024-09-11 10:00:00,2024-09-11 14:00:00,347.0,2024-09-11 10:00:00,2024-09-11 14:00:00,346.0,2024-09-11 10:00:00,2024-09-11 14:00:00,369.6583862304688,2024-09-12 10:00:00,251.95835876464844,2024-09-12 10:00:00,3.964842557907105,2024-09-12 10:00:00,97527.6015625,2024-09-12 10:00:00,53.27957788722085,2024-09-12 10:00:00,346.0
2024-09-13 11:00:00,346.0,25.0,2024-09-12 10:00:00,2024-09-12 14:00:00,346.0,835.9000244140625,2024-09-12 10:00:00,2024-09-12 14:00:00,275.0,2024-09-12 10:00:00,2024-09-12 14:00:00,328.0,2024-09-12 10:00:00,2024-09-12 14:00:00,350.0,2024-09-12 10:00:00,2024-09-12 14:00:00,346.0,2024-09-12 10:00:00,2024-09-12 14:00:00,368.8345336914063,2024-09-13 11:00:00,253.6443634033203,2024-09-13 11:00:00,3.8737306594848633,2024-09-13 11:00:00,93685.9140625,2024-09-13 11:00:00,53.62500877739171,2024-09-13 11:00:00,352.0
2024-09-14 10:00:00,352.0,23.0,2024-09-13 11:00:00,2024-09-13 15:00:00,346.0,837.0,2024-09-13 11:00:00,2024-09-13 15:00:00,277.0,2024-09-13 11:00:00,2024-09-13 15:00:00,334.0,2024-09-13 11:00:00,2024-09-13 15:00:00,359.0,2024-09-13 10:00:00,2024-09-13 14:00:00,352.0,2024-09-13 11:00:00,2024-09-13 15:00:00,362.4279174804688,2024-09-14 10:00:00,254.919174194336,2024-09-14 10:00:00,3.975841999053955,2024-09-14 10:00:00,93248.7109375,2024-09-14 10:00:00,53.63971808214285,2024-09-14 10:00:00,345.0
2024-09-15 10:00:00,345.0,24.0,2024-09-14 10:00:00,2024-09-14 14:00:00,346.0,834.4000244140625,2024-09-14 10:00:00,2024-09-14 14:00:00,270.0,2024-09-14 10:00:00,2024-09-14 14:00:00,327.0,2024-09-14 10:00:00,2024-09-14 14:00:00,351.0,2024-09-14 10:00:00,2024-09-14 14:00:00,345.0,2024-09-14 10:00:00,2024-09-14 14:00:00,354.3134460449219,2024-09-15 10:00:00,216.87744140625,2024-09-15 10:00:00,3.968364715576172,2024-09-15 10:00:00,91103.5078125,2024-09-15 10:00:00,53.11991151510324,2024-09-15 10:00:00,334.0
2024-09-16 10:00:00,334.0,24.0,2024-09-15 10:00:00,2024-09-15 14:00:00,345.0,832.5999755859375,2024-09-15 10:00:00,2024-09-15 14:00:00,268.0,2024-09-15 10:00:00,2024-09-15 14:00:00,320.0,2024-09-15 10:00:00,2024-09-15 14:00:00,342.0,2024-09-15 10:00:00,2024-09-15 14:00:00,334.0,2024-09-15 10:00:00,2024-09-15 14:00:00,359.80029296875,2024-09-16 10:00:00,223.778549194336,2024-09-16 10:00:00,3.9798197746276855,2024-09-16 10:00:00,93981.9765625,2024-09-16 10:00:00,53.32314850103921,2024-09-16 10:00:00,340.0
2024-09-17 10:00:00,340.0,24.0,2024-09-16 10:00:00,2024-09-16 14:00:00,340.0,834.4000244140625,2024-09-16 10:00:00,2024-09-16 14:00:00,270.0,2024-09-16 10:00:00,2024-09-16 14:00:00,326.0,2024-09-16 10:00:00,2024-09-16 14:00:00,345.0,2024-09-16 10:00:00,2024-09-16 14:00:00,340.0,2024-09-16 10:00:00,2024-09-16 14:00:00,358.67218017578125,2024-09-17 10:00:00,255.668701171875,2024-09-17 10:00:00,3.958824872970581,2024-09-17 10:00:00,89417.8359375,2024-09-17 10:00:00,53.11991151510324,2024-09-17 10:00:00,336.0
2024-09-18 10:00:00,336.0,24.0,2024-09-17 10:00:00,2024-09-17 14:00:00,336.0,830.7999877929688,2024-09-17 10:00:00,2024-09-17 14:00:00,266.0,2024-09-17 10:00:00,2024-09-17 14:00:00,320.0,2024-09-17 10:00:00,2024-09-17 14:00:00,338.0,2024-09-17 10:00:00,2024-09-17 14:00:00,336.0,2024-09-17 10:00:00,2024-09-17 14:00:00,350.0263671875,2024-09-18 10:00:00,197.8965759277344,2024-09-18 10:00:00,3.961945772171021,2024-09-18 10:00:00,91551.9765625,2024-09-18 10:00:00,53.52195130244388,2024-09-18 10:00:00,350.0
2024-09-19 10:00:00,350.0,24.0,2024-09-18 10:00:00,2024-09-18 14:00:00,340.0,834.5999755859375,2024-09-18 10:00:00,2024-09-18 14:00:00,273.0,2024-09-18 10:00:00,2024-09-18 14:00:00,334.0,2024-09-18 10:00:00,2024-09-18 14:00:00,356.0,2024-09-18 10:00:00,2024-09-18 14:00:00,350.0,2024-09-18 10:00:00,2024-09-18 14:00:00,355.9087219238281,2024-09-19 10:00:00,210.9107208251953,2024-09-19 10:00:00,3.831719875335693,2024-09-19 10:00:00,91326.6796875,2024-09-19 10:00:00,53.67280341461526,2024-09-19 10:00:00,344.0
2024-09-20 10:00:00,344.0,24.0,2024-09-19 10:00:00,2024-09-19 14:00:00,344.0,832.5,2024-09-19 10:00:00,2024-09-19 14:00:00,270.0,2024-09-19 10:00:00,2024-09-19 14:00:00,328.0,2024-09-19 10:00:00,2024-09-19 14:00:00,348.0,2024-09-19 10:00:00,2024-09-19 14:00:00,344.0,2024-09-19 10:00:00,2024-09-19 14:00:00,354.4617004394531,2024-09-20 10:00:00,218.569564819336,2024-09-20 10:00:00,3.87471079826355,2024-09-20 10:00:00,89979.3125,2024-09-20 10:00:00,53.78492362273323,2024-09-20 10:00:00,342.0
2024-09-21 12:00:00,342.0,26.0,2024-09-20 10:00:00,2024-09-20 14:00:00,344.0,833.7000122070312,2024-09-20 10:00:00,2024-09-20 14:00:00,268.0,2024-09-20 10:00:00,2024-09-20 14:00:00,330.0,2024-09-20 10:00:00,2024-09-20 14:00:00,347.0,2024-09-20 10:00:00,2024-09-20 14:00:00,342.0,2024-09-20 10:00:00,2024-09-20 14:00:00,366.1646728515625,2024-09-21 12:00:00,248.95860290527344,2024-09-21 12:00:00,3.936688184738159,2024-09-21 12:00:00,94899.7578125,2024-09-21 12:00:00,52.937622244360455,2024-09-21 12:00:00,345.0
2024-09-22 10:00:00,345.0,22.0,2024-09-21 12:00:00,2024-09-21 16:00:00,344.0,835.7000122070312,2024-09-21 12:00:00,2024-09-21 16:00:00,275.0,2024-09-21 12:00:00,2024-09-21 16:00:00,328.0,2024-09-21 12:00:00,2024-09-21 16:00:00,347.0,2024-09-21 12:00:00,2024-09-21 16:00:00,345.0,2024-09-21 12:00:00,2024-09-21 16:00:00,355.659912109375,2024-09-22 10:00:00,202.488021850586,2024-09-22 10:00:00,3.905172824859619,2024-09-22 10:00:00,91287.859375,2024-09-22 10:00:00,53.6942851229519,2024-09-22 10:00:00,340.0
2024-09-23 10:00:00,340.0,24.0,2024-09-22 10:00:00,2024-09-22 14:00:00,342.0,834.9000244140625,2024-09-22 10:00:00,2024-09-22 14:00:00,276.0,2024-09-22 10:00:00,2024-09-22 14:00:00,325.0,2024-09-22 10:00:00,2024-09-22 14:00:00,344.0,2024-09-22 10:00:00,2024-09-22 14:00:00,340.0,2024-09-22 10:00:00,2024-09-22 14:00:00,360.2440490722656,2024-09-23 10:00:00,205.77468872070312,2024-09-23 10:00:00,3.732557058334351,2024-09-23 10:00:00,90338.2421875,2024-09-23 10:00:00,54.17040285637313,2024-09-23 10:00:00,337.0
2024-09-24 10:00:00,337.0,24.0,2024-09-23 10:00:00,2024-09-23 14:00:00,340.0,836.0,2024-09-23 10:00:00,2024-09-23 14:00:00,278.0,2024-09-23 10:00:00,2024-09-23 14:00:00,323.0,2024-09-23 10:00:00,2024-09-23 14:00:00,340.0,2024-09-23 10:00:00,2024-09-23 14:00:00,337.0,2024-09-23 10:00:00,2024-09-23 14:00:00,358.074951171875,2024-09-24 10:00:00,219.02169799804688,2024-09-24 10:00:00,3.848895072937012,2024-09-24 10:00:00,91772.78125,2024-09-24 10:00:00,54.17894662851734,2024-09-24 10:00:00,340.0
2024-09-25 10:00:00,340.0,24.0,2024-09-24 10:00:00,2024-09-24 14:00:00,340.0,836.7000122070312,2024-09-24 10:00:00,2024-09-24 14:00:00,275.0,2024-09-24 10:00:00,2024-09-24 14:00:00,325.0,2024-09-24 10:00:00,2024-09-24 14:00:00,340.0,2024-09-24 10:00:00,2024-09-24 14:00:00,340.0,2024-09-24 10:00:00,2024-09-24 14:00:00,364.4674682617188,2024-09-25 10:00:00,255.464096069336,2024-09-25 10:00:00,3.9720513820648193,2024-09-25 10:00:00,95164.265625,2024-09-25 10:00:00,53.348544317866526,2024-09-25 10:00:00,346.0
2024-09-26 10:00:00,346.0,24.0,2024-09-25 10:00:00,2024-09-25 14:00:00,340.0,836.4000244140625,2024-09-25 10:00:00,2024-09-25 14:00:00,276.0,2024-09-25 10:00:00,2024-09-25 14:00:00,329.0,2024-09-25 10:00:00,2024-09-25 14:00:00,349.0,2024-09-25 10:00:00,2024-09-25 14:00:00,346.0,2024-09-25 10:00:00,2024-09-25 14:00:00,362.8643493652344,2024-09-26 10:00:00,239.2318725585937,2024-09-26 10:00:00,3.9226465225219727,2024-09-26 10:00:00,88863.7109375,2024-09-26 10:00:00,53.65051335611679,2024-09-26 10:00:00,346.0
2024-09-27 10:00:00,346.0,24.0,2024-09-26 10:00:00,2024-09-26 14:00:00,346.0,835.7999877929688,2024-09-26 10:00:00,2024-09-26 14:00:00,278.0,2024-09-26 10:00:00,2024-09-26 14:00:00,332.0,2024-09-26 10:00:00,2024-09-26 14:00:00,346.0,2024-09-26 10:00:00,2024-09-26 14:00:00,346.0,2024-09-26 10:00:00,2024-09-26 14:00:00,354.6903076171875,2024-09-27 10:00:00,201.51568603515625,2024-09-27 10:00:00,3.80835485458374,2024-09-27 10:00:00,91679.3125,2024-09-27 10:00:00,54.24819199015212,2024-09-27 10:00:00,336.0
2024-09-28 10:00:00,336.0,24.0,2024-09-27 10:00:00,2024-09-27 14:00:00,346.0,835.7999877929688,2024-09-27 10:00:00,2024-09-27 14:00:00,277.0,2024-09-27 10:00:00,2024-09-27 14:00:00,322.0,2024-09-27 10:00:00,2024-09-27 14:00:00,340.0,2024-09-27 10:00:00,2024-09-27 14:00:00,336.0,2024-09-27 10:00:00,2024-09-27 14:00:00,351.0419006347656,2024-09-28 10:00:00,188.95172119140625,2024-09-28 10:00:00,3.776699781417847,2024-09-28 10:00:00,91568.4453125,2024-09-28 10:00:00,54.054239423778085,2024-09-28 10:00:00,331.0
2024-09-29 10:00:00,331.0,24.0,2024-09-28 10:00:00,2024-09-28 14:00:00,336.0,833.7000122070312,2024-09-28 10:00:00,2024-09-28 14:00:00,272.0,2024-09-28 10:00:00,2024-09-28 14:00:00,316.0,2024-09-28 10:00:00,2024-09-28 14:00:00,330.0,2024-09-28 10:00:00,2024-09-28 14:00:00,331.0,2024-09-28 10:00:00,2024-09-28 14:00:00,350.94610595703125,2024-09-29 10:00:00,186.42433166503903,2024-09-29 10:00:00,3.637010335922241,2024-09-29 10:00:00,91602.4921875,2024-09-29 10:00:00,53.781601382439476,2024-09-29 10:00:00,332.0
2024-09-30 10:00:00,332.0,24.0,2024-09-29 10:00:00,2024-09-29 14:00:00,332.0,834.0999755859375,2024-09-29 10:00:00,2024-09-29 14:00:00,272.0,2024-09-29 10:00:00,2024-09-29 14:00:00,319.0,2024-09-29 10:00:00,2024-09-29 14:00:00,339.0,2024-09-29 10:00:00,2024-09-29 14:00:00,332.0,2024-09-29 10:00:00,2024-09-29 14:00:00,349.8104858398437,2024-09-30 10:00:00,192.1383056640625,2024-09-30 10:00:00,3.7315056324005127,2024-09-30 10:00:00,91638.8515625,2024-09-30 10:00:00,53.641892319374506,2024-09-30 10:00:00,337.0
2024-10-01 10:00:00,337.0,24.0,2024-09-30 10:00:00,2024-09-30 14:00:00,332.0,833.9000244140625,2024-09-30 10:00:00,2024-09-30 14:00:00,276.0,2024-09-30 10:00:00,2024-09-30 14:00:00,323.0,2024-09-30 10:00:00,2024-09-30 14:00:00,339.0,2024-09-30 10:00:00,2024-09-30 14:00:00,337.0,2024-09-30 10:00:00,2024-09-30 14:00:00,356.7854919433594,2024-10-01 10:00:00,201.6111602783203,2024-10-01 10:00:00,3.650345802307129,2024-10-01 10:00:00,92697.2734375,2024-10-01 10:00:00,54.51893270654398,2024-10-01 10:00:00,345.0
2024-10-02 10:00:00,345.0,24.0,2024-10-01 10:00:00,2024-10-01 14:00:00,337.0,839.0,2024-10-01 10:00:00,2024-10-01 14:00:00,278.0,2024-10-01 10:00:00,2024-10-01 14:00:00,323.0,2024-10-01 10:00:00,2024-10-01 14:00:00,340.0,2024-10-01 10:00:00,2024-10-01 14:00:00,345.0,2024-10-01 10:00:00,2024-10-01 14:00:00,355.0228271484375,2024-10-02 10:00:00,211.7214508056641,2024-10-02 10:00:00,3.8414831161499023,2024-10-02 10:00:00,91237.84375,2024-10-02 10:00:00,53.1477671285171,2024-10-02 10:00:00,340.0
2024-10-03 10:00:00,340.0,24.0,2024-10-02 10:00:00,2024-10-02 14:00:00,340.0,838.0999755859375,2024-10-02 10:00:00,2024-10-02 14:00:00,275.0,2024-10-02 10:00:00,2024-10-02 14:00:00,325.0,2024-10-02 10:00:00,2024-10-02 14:00:00,342.0,2024-10-02 10:00:00,2024-10-02 14:00:00,340.0,2024-10-02 10:00:00,2024-10-02 14:00:00,352.1777038574219,2024-10-03 10:00:00,202.72125244140625,2024-10-03 10:00:00,3.758855581283569,2024-10-03 10:00:00,91079.453125,2024-10-03 10:00:00,52.86712287074147,2024-10-03 10:00:00,344.0
2024-10-04 10:00:00,344.0,24.0,2024-10-03 10:00:00,2024-10-03 14:00:00,344.0,835.2999877929688,2024-10-03 10:00:00,2024-10-03 14:00:00,274.0,2024-10-03 10:00:00,2024-10-03 14:00:00,328.0,2024-10-03 10:00:00,2024-10-03 14:00:00,345.0,2024-10-03 10:00:00,2024-10-03 14:00:00,344.0,2024-10-03 10:00:00,2024-10-03 14:00:00,350.0675354003906,2024-10-04 10:00:00,193.1355133056641,2024-10-04 10:00:00,3.826889514923096,2024-10-04 10:00:00,92472.921875,2024-10-04 10:00:00,53.632357766255154,2024-10-04 10:00:00,339.0
2024-10-05 10:00:00,339.0,24.0,2024-10-04 10:00:00,2024-10-04 14:00:00,340.0,836.7999877929688,2024-10-04 10:00:00,2024-10-04 14:00:00,273.0,2024-10-04 10:00:00,2024-10-04 14:00:00,324.0,2024-10-04 10:00:00,2024-10-04 14:00:00,346.0,2024-10-04 10:00:00,2024-10-04 14:00:00,339.0,2024-10-04 10:00:00,2024-10-04 14:00:00,351.3874206542969,2024-10-05 10:00:00,198.43130493164065,2024-10-05 10:00:00,3.728008508682251,2024-10-05 10:00:00,91501.8125,2024-10-05 10:00:00,52.9104648814706,2024-10-05 10:00:00,335.0
2024-10-06 10:00:00,335.0,24.0,2024-10-05 10:00:00,2024-10-05 14:00:00,339.0,835.7000122070312,2024-10-05 10:00:00,2024-10-05 14:00:00,270.0,2024-10-05 10:00:00,2024-10-05 14:00:00,320.0,2024-10-05 10:00:00,2024-10-05 14:00:00,334.0,2024-10-05 10:00:00,2024-10-05 14:00:00,335.0,2024-10-05 10:00:00,2024-10-05 14:00:00,362.5148010253906,2024-10-06 10:00:00,244.420654296875,2024-10-06 10:00:00,3.8073110580444336,2024-10-06 10:00:00,95402.359375,2024-10-06 10:00:00,52.66813625040709,2024-10-06 10:00:00,338.0
2024-10-07 10:00:00,338.0,24.0,2024-10-06 10:00:00,2024-10-06 14:00:00,338.0,835.9000244140625,2024-10-06 10:00:00,2024-10-06 14:00:00,272.0,2024-10-06 10:00:00,2024-10-06 14:00:00,323.0,2024-10-06 10:00:00,2024-10-06 14:00:00,344.0,2024-10-06 10:00:00,2024-10-06 14:00:00,338.0,2024-10-06 10:00:00,2024-10-06 14:00:00,361.0560607910156,2024-10-07 10:00:00,252.1489715576172,2024-10-07 10:00:00,0.0030925795435905,2024-10-07 10:00:00,81627.7109375,2024-10-07 10:00:00,53.016194986708456,2024-10-07 10:00:00,339.0
2024-10-08 10:00:00,339.0,24.0,2024-10-07 10:00:00,2024-10-07 14:00:00,338.0,834.4000244140625,2024-10-07 10:00:00,2024-10-07 14:00:00,271.0,2024-10-07 10:00:00,2024-10-07 14:00:00,323.0,2024-10-07 10:00:00,2024-10-07 14:00:00,342.0,2024-10-07 10:00:00,2024-10-07 14:00:00,339.0,2024-10-07 10:00:00,2024-10-07 14:00:00,357.6991882324219,2024-10-08 10:00:00,246.9977264404297,2024-10-08 10:00:00,3.858021974563599,2024-10-08 10:00:00,85371.7109375,2024-10-08 10:00:00,53.32973501512856,2024-10-08 10:00:00,339.0
2024-10-09 10:00:00,339.0,24.0,2024-10-08 10:00:00,2024-10-08 14:00:00,339.0,835.7999877929688,2024-10-08 10:00:00,2024-10-08 14:00:00,270.0,2024-10-08 10:00:00,2024-10-08 14:00:00,324.0,2024-10-08 10:00:00,2024-10-08 14:00:00,345.0,2024-10-08 10:00:00,2024-10-08 14:00:00,339.0,2024-10-08 10:00:00,2024-10-08 14:00:00,357.81378173828125,2024-10-09 10:00:00,241.83204650878903,2024-10-09 10:00:00,3.877307891845703,2024-10-09 10:00:00,84972.4296875,2024-10-09 10:00:00,52.6335008993683,2024-10-09 10:00:00,335.0
2024-10-10 10:00:00,335.0,24.0,2024-10-09 10:00:00,2024-10-09 14:00:00,339.0,835.0,2024-10-09 10:00:00,2024-10-09 14:00:00,271.0,2024-10-09 10:00:00,2024-10-09 14:00:00,321.0,2024-10-09 10:00:00,2024-10-09 14:00:00,348.0,2024-10-09 10:00:00,2024-10-09 14:00:00,335.0,2024-10-09 10:00:00,2024-10-09 14:00:00,364.3968200683594,2024-10-10 10:00:00,241.88644409179688,2024-10-10 10:00:00,3.733624458312988,2024-10-10 10:00:00,85470.6171875,2024-10-10 10:00:00,53.1209044977586,2024-10-10 10:00:00,343.0
2024-10-11 10:00:00,343.0,24.0,2024-10-10 10:00:00,2024-10-10 14:00:00,339.0,835.7999877929688,2024-10-10 10:00:00,2024-10-10 14:00:00,272.0,2024-10-10 10:00:00,2024-10-10 14:00:00,328.0,2024-10-10 10:00:00,2024-10-10 14:00:00,345.0,2024-10-10 10:00:00,2024-10-10 14:00:00,343.0,2024-10-10 10:00:00,2024-10-10 14:00:00,364.7428894042969,2024-10-11 10:00:00,245.1934509277344,2024-10-11 10:00:00,3.970876693725586,2024-10-11 10:00:00,87389.328125,2024-10-11 10:00:00,53.05083598122985,2024-10-11 10:00:00,342.0
2024-10-12 10:00:00,342.0,24.0,2024-10-11 10:00:00,2024-10-11 14:00:00,342.0,835.0999755859375,2024-10-11 10:00:00,2024-10-11 14:00:00,270.0,2024-10-11 10:00:00,2024-10-11 14:00:00,326.0,2024-10-11 10:00:00,2024-10-11 14:00:00,345.0,2024-10-11 10:00:00,2024-10-11 14:00:00,342.0,2024-10-11 10:00:00,2024-10-11 14:00:00,359.51788330078125,2024-10-12 10:00:00,235.9082489013672,2024-10-12 10:00:00,3.864002227783203,2024-10-12 10:00:00,85556.9921875,2024-10-12 10:00:00,52.876337207683946,2024-10-12 10:00:00,343.0
2024-10-13 10:00:00,343.0,24.0,2024-10-12 10:00:00,2024-10-12 14:00:00,343.0,837.2000122070312,2024-10-12 10:00:00,2024-10-12 14:00:00,271.0,2024-10-12 10:00:00,2024-10-12 14:00:00,327.0,2024-10-12 10:00:00,2024-10-12 14:00:00,349.0,2024-10-12 10:00:00,2024-10-12 14:00:00,343.0,2024-10-12 10:00:00,2024-10-12 14:00:00,362.3387451171875,2024-10-13 10:00:00,244.13916015625,2024-10-13 10:00:00,4.001882553100586,2024-10-13 10:00:00,86871.2265625,2024-10-13 10:00:00,52.35992959780435,2024-10-13 10:00:00,347.0
2024-10-14 10:00:00,347.0,24.0,2024-10-13 10:00:00,2024-10-13 14:00:00,343.0,836.0999755859375,2024-10-13 10:00:00,2024-10-13 14:00:00,275.0,2024-10-13 10:00:00,2024-10-13 14:00:00,331.0,2024-10-13 10:00:00,2024-10-13 14:00:00,353.0,2024-10-13 10:00:00,2024-10-13 14:00:00,347.0,2024-10-13 10:00:00,2024-10-13 14:00:00,362.4158020019531,2024-10-14 10:00:00,249.7999725341797,2024-10-14 10:00:00,3.921762466430664,2024-10-14 10:00:00,84844.109375,2024-10-14 10:00:00,53.555815530399514,2024-10-14 10:00:00,345.0
2024-10-15 10:00:00,345.0,24.0,2024-10-14 10:00:00,2024-10-14 14:00:00,345.0,838.2999877929688,2024-10-14 10:00:00,2024-10-14 14:00:00,268.0,2024-10-14 10:00:00,2024-10-14 14:00:00,328.0,2024-10-14 10:00:00,2024-10-14 14:00:00,350.0,2024-10-14 10:00:00,2024-10-14 14:00:00,345.0,2024-10-14 10:00:00,2024-10-14 14:00:00,353.2088623046875,2024-10-15 10:00:00,199.9595184326172,2024-10-15 10:00:00,3.98125672340393,2024-10-15 10:00:00,89024.375,2024-10-15 10:00:00,51.34579738086438,2024-10-15 10:00:00,344.0
2024-10-16 10:00:00,344.0,24.0,2024-10-15 10:00:00,2024-10-15 14:00:00,345.0,837.4000244140625,2024-10-15 10:00:00,2024-10-15 14:00:00,272.0,2024-10-15 10:00:00,2024-10-15 14:00:00,327.0,2024-10-15 10:00:00,2024-10-15 14:00:00,342.0,2024-10-15 10:00:00,2024-10-15 14:00:00,344.0,2024-10-15 10:00:00,2024-10-15 14:00:00,347.7919616699219,2024-10-16 10:00:00,193.272705078125,2024-10-16 10:00:00,3.8990731239318848,2024-10-16 10:00:00,92100.3203125,2024-10-16 10:00:00,52.49862970645211,2024-10-16 10:00:00,340.0
2024-10-17 10:00:00,340.0,24.0,2024-10-16 10:00:00,2024-10-16 14:00:00,344.0,838.5,2024-10-16 10:00:00,2024-10-16 14:00:00,273.0,2024-10-16 10:00:00,2024-10-16 14:00:00,327.0,2024-10-16 10:00:00,2024-10-16 14:00:00,348.0,2024-10-16 10:00:00,2024-10-16 14:00:00,340.0,2024-10-16 10:00:00,2024-10-16 14:00:00,350.6207275390625,2024-10-17 10:00:00,167.54779052734375,2024-10-17 10:00:00,3.909672260284424,2024-10-17 10:00:00,95202.8671875,2024-10-17 10:00:00,52.326520739750435,2024-10-17 10:00:00,348.0
2024-10-18 10:00:00,348.0,24.0,2024-10-17 10:00:00,2024-10-17 14:00:00,344.0,837.4000244140625,2024-10-17 10:00:00,2024-10-17 14:00:00,276.0,2024-10-17 10:00:00,2024-10-17 14:00:00,332.0,2024-10-17 10:00:00,2024-10-17 14:00:00,351.0,2024-10-17 10:00:00,2024-10-17 14:00:00,348.0,2024-10-17 10:00:00,2024-10-17 14:00:00,354.2603759765625,2024-10-18 10:00:00,191.0313262939453,2024-10-18 10:00:00,3.925326824188232,2024-10-18 10:00:00,92945.140625,2024-10-18 10:00:00,53.30585720594581,2024-10-18 10:00:00,343.0
2024-10-19 10:00:00,343.0,24.0,2024-10-18 10:00:00,2024-10-18 14:00:00,343.0,836.7999877929688,2024-10-18 10:00:00,2024-10-18 14:00:00,275.0,2024-10-18 10:00:00,2024-10-18 14:00:00,328.0,2024-10-18 10:00:00,2024-10-18 14:00:00,345.0,2024-10-18 10:00:00,2024-10-18 14:00:00,343.0,2024-10-18 10:00:00,2024-10-18 14:00:00,354.0710144042969,2024-10-19 10:00:00,191.8843231201172,2024-10-19 10:00:00,3.775383710861206,2024-10-19 10:00:00,93177.3046875,2024-10-19 10:00:00,53.31406387699849,2024-10-19 10:00:00,343.0
2024-10-20 10:00:00,343.0,24.0,2024-10-19 10:00:00,2024-10-19 14:00:00,343.0,836.9000244140625,2024-10-19 10:00:00,2024-10-19 14:00:00,275.0,2024-10-19 10:00:00,2024-10-19 14:00:00,329.0,2024-10-19 10:00:00,2024-10-19 14:00:00,350.0,2024-10-19 10:00:00,2024-10-19 14:00:00,343.0,2024-10-19 10:00:00,2024-10-19 14:00:00,351.39410400390625,2024-10-20 10:00:00,189.45379638671875,2024-10-20 10:00:00,3.75494647026062,2024-10-20 10:00:00,91423.515625,2024-10-20 10:00:00,53.27957788722085,2024-10-20 10:00:00,347.0
2024-10-21 10:00:00,347.0,24.0,2024-10-20 10:00:00,2024-10-20 14:00:00,343.0,836.4000244140625,2024-10-20 10:00:00,2024-10-20 14:00:00,276.0,2024-10-20 10:00:00,2024-10-20 14:00:00,332.0,2024-10-20 10:00:00,2024-10-20 14:00:00,352.0,2024-10-20 10:00:00,2024-10-20 14:00:00,347.0,2024-10-20 10:00:00,2024-10-20 14:00:00,351.579833984375,2024-10-21 10:00:00,188.18414306640625,2024-10-21 10:00:00,3.837646722793579,2024-10-21 10:00:00,93285.8984375,2024-10-21 10:00:00,53.65051335611679,2024-10-21 10:00:00,343.0
2024-10-22 10:00:00,343.0,24.0,2024-10-21 10:00:00,2024-10-21 14:00:00,343.0,836.5999755859375,2024-10-21 10:00:00,2024-10-21 14:00:00,278.0,2024-10-21 10:00:00,2024-10-21 14:00:00,330.0,2024-10-21 10:00:00,2024-10-21 14:00:00,348.0,2024-10-21 10:00:00,2024-10-21 14:00:00,343.0,2024-10-21 10:00:00,2024-10-21 14:00:00,356.60626220703125,2024-10-22 10:00:00,231.8630828857422,2024-10-22 10:00:00,3.914368152618408,2024-10-22 10:00:00,92182.40625,2024-10-22 10:00:00,53.97160352872413,2024-10-22 10:00:00,335.0
2024-10-23 10:00:00,335.0,24.0,2024-10-22 10:00:00,2024-10-22 14:00:00,343.0,836.2000122070312,2024-10-22 10:00:00,2024-10-22 14:00:00,272.0,2024-10-22 10:00:00,2024-10-22 14:00:00,323.0,2024-10-22 10:00:00,2024-10-22 14:00:00,340.0,2024-10-22 10:00:00,2024-10-22 14:00:00,335.0,2024-10-22 10:00:00,2024-10-22 14:00:00,361.1424255371094,2024-10-23 10:00:00,236.2511138916016,2024-10-23 10:00:00,3.906229019165039,2024-10-23 10:00:00,93786.5390625,2024-10-23 10:00:00,52.91240724472584,2024-10-23 10:00:00,338.0
2024-10-24 10:00:00,338.0,24.0,2024-10-23 10:00:00,2024-10-23 14:00:00,338.0,834.7999877929688,2024-10-23 10:00:00,2024-10-23 14:00:00,271.0,2024-10-23 10:00:00,2024-10-23 14:00:00,323.0,2024-10-23 10:00:00,2024-10-23 14:00:00,345.0,2024-10-23 10:00:00,2024-10-23 14:00:00,338.0,2024-10-23 10:00:00,2024-10-23 14:00:00,357.7478942871094,2024-10-24 10:00:00,251.5350799560547,2024-10-24 10:00:00,3.964967727661133,2024-10-24 10:00:00,93670.828125,2024-10-24 10:00:00,53.19045977430824,2024-10-24 10:00:00,343.0
2024-10-25 10:00:00,343.0,24.0,2024-10-24 10:00:00,2024-10-24 14:00:00,338.0,834.0,2024-10-24 10:00:00,2024-10-24 14:00:00,274.0,2024-10-24 10:00:00,2024-10-24 14:00:00,327.0,2024-10-24 10:00:00,2024-10-24 14:00:00,346.0,2024-10-24 10:00:00,2024-10-24 14:00:00,343.0,2024-10-24 10:00:00,2024-10-24 14:00:00,357.4894714355469,2024-10-25 10:00:00,255.9556121826172,2024-10-25 10:00:00,3.873303651809693,2024-10-25 10:00:00,92223.0859375,2024-10-25 10:00:00,54.084938802162924,2024-10-25 10:00:00,339.0
2024-10-25 22:00:00,339.0,12.0,2024-10-25 10:00:00,2024-10-25 14:00:00,339.0,834.2999877929688,2024-10-25 10:00:00,2024-10-25 14:00:00,274.0,2024-10-25 10:00:00,2024-10-25 14:00:00,324.0,2024-10-25 10:00:00,2024-10-25 14:00:00,340.0,2024-10-25 10:00:00,2024-10-25 14:00:00,339.0,2024-10-25 10:00:00,2024-10-25 14:00:00,362.906494140625,2024-10-25 22:00:00,242.9838256835937,2024-10-25 22:00:00,3.9506025314331055,2024-10-25 22:00:00,89707.015625,2024-10-25 22:00:00,53.98026788116965,2024-10-25 22:00:00,338.0
2024-10-26 10:00:00,338.0,12.0,2024-10-25 22:00:00,2024-10-26 02:00:00,339.0,834.2999877929688,2024-10-25 10:00:00,2024-10-25 14:00:00,273.0,2024-10-25 22:00:00,2024-10-26 02:00:00,324.0,2024-10-25 22:00:00,2024-10-26 02:00:00,340.0,2024-10-25 10:00:00,2024-10-25 14:00:00,338.0,2024-10-25 22:00:00,2024-10-26 02:00:00,360.986572265625,2024-10-26 10:00:00,233.114974975586,2024-10-26 10:00:00,3.900689840316773,2024-10-26 10:00:00,90694.953125,2024-10-26 10:00:00,53.77733489375703,2024-10-26 10:00:00,338.0
2024-10-27 10:00:00,338.0,24.0,2024-10-26 10:00:00,2024-10-26 14:00:00,338.0,833.5,2024-10-26 10:00:00,2024-10-26 14:00:00,270.0,2024-10-26 10:00:00,2024-10-26 14:00:00,322.0,2024-10-26 10:00:00,2024-10-26 14:00:00,346.0,2024-10-26 10:00:00,2024-10-26 14:00:00,338.0,2024-10-26 10:00:00,2024-10-26 14:00:00,368.7246398925781,2024-10-27 10:00:00,253.8539581298828,2024-10-27 10:00:00,3.932502508163452,2024-10-27 10:00:00,91439.609375,2024-10-27 10:00:00,53.434224462733255,2024-10-27 10:00:00,340.0
2024-10-28 10:00:00,340.0,24.0,2024-10-27 10:00:00,2024-10-27 14:00:00,338.0,836.0,2024-10-27 10:00:00,2024-10-27 14:00:00,274.0,2024-10-27 10:00:00,2024-10-27 14:00:00,329.0,2024-10-27 10:00:00,2024-10-27 14:00:00,354.0,2024-10-27 10:00:00,2024-10-27 14:00:00,340.0,2024-10-27 10:00:00,2024-10-27 14:00:00,365.466796875,2024-10-28 10:00:00,254.7208251953125,2024-10-28 10:00:00,3.9915504455566406,2024-10-28 10:00:00,88173.4375,2024-10-28 10:00:00,53.38973840216306,2024-10-28 10:00:00,352.0
2024-10-29 10:00:00,352.0,24.0,2024-10-28 10:00:00,2024-10-28 14:00:00,340.0,839.0999755859375,2024-10-28 10:00:00,2024-10-28 14:00:00,278.0,2024-10-28 10:00:00,2024-10-28 14:00:00,336.0,2024-10-28 10:00:00,2024-10-28 14:00:00,358.0,2024-10-28 10:00:00,2024-10-28 14:00:00,352.0,2024-10-28 10:00:00,2024-10-28 14:00:00,366.3089294433594,2024-10-29 10:00:00,243.93014526367188,2024-10-29 10:00:00,3.893777370452881,2024-10-29 10:00:00,87819.4765625,2024-10-29 10:00:00,53.11364297915122,2024-10-29 10:00:00,348.0
2024-10-30 10:00:00,348.0,24.0,2024-10-29 10:00:00,2024-10-29 14:00:00,348.0,836.5999755859375,2024-10-29 10:00:00,2024-10-29 14:00:00,278.0,2024-10-29 10:00:00,2024-10-29 14:00:00,333.0,2024-10-29 10:00:00,2024-10-29 14:00:00,353.0,2024-10-29 10:00:00,2024-10-29 14:00:00,348.0,2024-10-29 10:00:00,2024-10-29 14:00:00,359.0713195800781,2024-10-30 10:00:00,221.9143981933593,2024-10-30 10:00:00,3.9323441982269287,2024-10-30 10:00:00,91472.9921875,2024-10-30 10:00:00,53.97160352872413,2024-10-30 10:00:00,336.0
2024-10-31 10:00:00,336.0,24.0,2024-10-30 10:00:00,2024-10-30 14:00:00,348.0,834.5,2024-10-30 10:00:00,2024-10-30 14:00:00,270.0,2024-10-30 10:00:00,2024-10-30 14:00:00,320.0,2024-10-30 10:00:00,2024-10-30 14:00:00,345.0,2024-10-30 10:00:00,2024-10-30 14:00:00,336.0,2024-10-30 10:00:00,2024-10-30 14:00:00,357.622802734375,2024-10-31 10:00:00,242.67837524414065,2024-10-31 10:00:00,3.940389633178711,2024-10-31 10:00:00,91094.7734375,2024-10-31 10:00:00,53.085074782733386,2024-10-31 10:00:00,345.0
2024-11-01 10:00:00,345.0,24.0,2024-10-31 10:00:00,2024-10-31 14:00:00,345.0,835.0,2024-10-31 10:00:00,2024-10-31 14:00:00,274.0,2024-10-31 10:00:00,2024-10-31 14:00:00,334.0,2024-10-31 10:00:00,2024-10-31 14:00:00,349.0,2024-10-31 10:00:00,2024-10-31 14:00:00,345.0,2024-10-31 10:00:00,2024-10-31 14:00:00,359.5780334472656,2024-11-01 10:00:00,205.3465576171875,2024-11-01 10:00:00,3.9807417392730713,2024-11-01 10:00:00,91998.46875,2024-11-01 10:00:00,53.73656386216294,2024-11-01 10:00:00,350.0
2024-11-02 10:00:00,350.0,24.0,2024-11-01 10:00:00,2024-11-01 14:00:00,345.0,839.2000122070312,2024-11-01 10:00:00,2024-11-01 14:00:00,277.0,2024-11-01 10:00:00,2024-11-01 14:00:00,334.0,2024-11-01 10:00:00,2024-11-01 14:00:00,362.0,2024-11-01 10:00:00,2024-11-01 14:00:00,350.0,2024-11-01 10:00:00,2024-11-01 14:00:00,348.0707092285156,2024-11-02 10:00:00,181.6047821044922,2024-11-02 10:00:00,3.9210050106048575,2024-11-02 10:00:00,92237.2109375,2024-11-02 10:00:00,52.88556093201771,2024-11-02 10:00:00,340.0
2024-11-03 10:00:00,340.0,24.0,2024-11-02 10:00:00,2024-11-02 14:00:00,345.0,835.5,2024-11-02 10:00:00,2024-11-02 14:00:00,274.0,2024-11-02 10:00:00,2024-11-02 14:00:00,326.0,2024-11-02 10:00:00,2024-11-02 14:00:00,344.0,2024-11-02 10:00:00,2024-11-02 14:00:00,340.0,2024-11-02 10:00:00,2024-11-02 14:00:00,348.8194274902344,2024-11-03 10:00:00,186.80740356445312,2024-11-03 10:00:00,3.8273515701293945,2024-11-03 10:00:00,91347.7890625,2024-11-03 10:00:00,53.56295744716283,2024-11-03 10:00:00,335.0
2024-11-04 10:00:00,335.0,24.0,2024-11-03 10:00:00,2024-11-03 14:00:00,340.0,834.5999755859375,2024-11-03 10:00:00,2024-11-03 14:00:00,268.0,2024-11-03 10:00:00,2024-11-03 14:00:00,323.0,2024-11-03 10:00:00,2024-11-03 14:00:00,343.0,2024-11-03 10:00:00,2024-11-03 14:00:00,335.0,2024-11-03 10:00:00,2024-11-03 14:00:00,345.1197814941406,2024-11-04 10:00:00,186.13259887695312,2024-11-04 10:00:00,3.966896295547485,2024-11-04 10:00:00,93622.1484375,2024-11-04 10:00:00,52.62360948138087,2024-11-04 10:00:00,336.0
2024-11-05 10:00:00,336.0,24.0,2024-11-04 10:00:00,2024-11-04 14:00:00,336.0,836.2000122070312,2024-11-04 10:00:00,2024-11-04 14:00:00,267.0,2024-11-04 10:00:00,2024-11-04 14:00:00,321.0,2024-11-04 10:00:00,2024-11-04 14:00:00,340.0,2024-11-04 10:00:00,2024-11-04 14:00:00,336.0,2024-11-04 10:00:00,2024-11-04 14:00:00,347.8580017089844,2024-11-05 10:00:00,187.4413452148437,2024-11-05 10:00:00,3.802389144897461,2024-11-05 10:00:00,89400.046875,2024-11-05 10:00:00,51.8515765053819,2024-11-05 10:00:00,337.0
2024-11-06 10:00:00,337.0,24.0,2024-11-05 10:00:00,2024-11-05 14:00:00,336.0,834.5,2024-11-05 10:00:00,2024-11-05 14:00:00,270.0,2024-11-05 10:00:00,2024-11-05 14:00:00,322.0,2024-11-05 10:00:00,2024-11-05 14:00:00,342.0,2024-11-05 10:00:00,2024-11-05 14:00:00,337.0,2024-11-05 10:00:00,2024-11-05 14:00:00,349.0840759277344,2024-11-06 10:00:00,188.116455078125,2024-11-06 10:00:00,3.8475377559661865,2024-11-06 10:00:00,88002.8125,2024-11-06 10:00:00,53.085074782733386,2024-11-06 10:00:00,338.0
2024-11-07 10:00:00,338.0,24.0,2024-11-06 10:00:00,2024-11-06 14:00:00,337.0,832.9000244140625,2024-11-06 10:00:00,2024-11-06 14:00:00,270.0,2024-11-06 10:00:00,2024-11-06 14:00:00,323.0,2024-11-06 10:00:00,2024-11-06 14:00:00,341.0,2024-11-06 10:00:00,2024-11-06 14:00:00,338.0,2024-11-06 10:00:00,2024-11-06 14:00:00,350.8082580566406,2024-11-07 10:00:00,189.5050811767578,2024-11-07 10:00:00,3.7487833499908447,2024-11-07 10:00:00,93943.15625,2024-11-07 10:00:00,53.64444945535956,2024-11-07 10:00:00,335.0
2024-11-08 10:00:00,335.0,24.0,2024-11-07 10:00:00,2024-11-07 14:00:00,337.0,834.5999755859375,2024-11-07 10:00:00,2024-11-07 14:00:00,271.0,2024-11-07 10:00:00,2024-11-07 14:00:00,323.0,2024-11-07 10:00:00,2024-11-07 14:00:00,343.0,2024-11-07 10:00:00,2024-11-07 14:00:00,335.0,2024-11-07 10:00:00,2024-11-07 14:00:00,351.374755859375,2024-11-08 10:00:00,195.6524200439453,2024-11-08 10:00:00,3.927235364913941,2024-11-08 10:00:00,95716.859375,2024-11-08 10:00:00,53.26007703762366,2024-11-08 10:00:00,344.0
2024-11-09 10:00:00,344.0,24.0,2024-11-08 10:00:00,2024-11-08 14:00:00,338.0,836.0999755859375,2024-11-08 10:00:00,2024-11-08 14:00:00,276.0,2024-11-08 10:00:00,2024-11-08 14:00:00,330.0,2024-11-08 10:00:00,2024-11-08 14:00:00,346.0,2024-11-08 10:00:00,2024-11-08 14:00:00,344.0,2024-11-08 10:00:00,2024-11-08 14:00:00,351.69610595703125,2024-11-09 10:00:00,203.6853485107422,2024-11-09 10:00:00,3.8603782653808594,2024-11-09 10:00:00,93707.8984375,2024-11-09 10:00:00,53.75422923920996,2024-11-09 10:00:00,367.0
2024-11-10 10:00:00,367.0,24.0,2024-11-09 10:00:00,2024-11-09 14:00:00,344.0,835.9000244140625,2024-11-09 10:00:00,2024-11-09 14:00:00,275.0,2024-11-09 10:00:00,2024-11-09 14:00:00,340.0,2024-11-09 10:00:00,2024-11-09 14:00:00,350.0,2024-11-09 10:00:00,2024-11-09 14:00:00,367.0,2024-11-09 10:00:00,2024-11-09 14:00:00,349.8471069335937,2024-11-10 10:00:00,203.36065673828125,2024-11-10 10:00:00,3.9392220973968506,2024-11-10 10:00:00,94049.75,2024-11-10 10:00:00,53.62500877739171,2024-11-10 10:00:00,342.0
2024-11-12 10:00:00,342.0,48.0,2024-11-10 10:00:00,2024-11-10 14:00:00,344.0,834.5,2024-11-10 10:00:00,2024-11-10 14:00:00,272.0,2024-11-10 10:00:00,2024-11-10 14:00:00,327.0,2024-11-10 10:00:00,2024-11-10 14:00:00,347.0,2024-11-10 10:00:00,2024-11-10 14:00:00,342.0,2024-11-10 10:00:00,2024-11-10 14:00:00,358.9765319824219,2024-11-12 10:00:00,216.0155792236328,2024-11-12 10:00:00,3.9941816329956055,2024-11-12 10:00:00,98552.4609375,2024-11-12 10:00:00,53.50240986459494,2024-11-12 10:00:00,345.0
2024-11-13 10:00:00,345.0,24.0,2024-11-12 10:00:00,2024-11-12 14:00:00,345.0,836.7999877929688,2024-11-12 10:00:00,2024-11-12 14:00:00,273.0,2024-11-12 10:00:00,2024-11-12 14:00:00,339.0,2024-11-12 10:00:00,2024-11-12 14:00:00,350.0,2024-11-12 10:00:00,2024-11-12 14:00:00,345.0,2024-11-12 10:00:00,2024-11-12 14:00:00,356.70220947265625,2024-11-13 10:00:00,213.5018768310547,2024-11-13 10:00:00,3.93932843208313,2024-11-13 10:00:00,91110.5859375,2024-11-13 10:00:00,52.9104648814706,2024-11-13 10:00:00,350.0
2024-11-14 10:00:00,350.0,24.0,2024-11-13 10:00:00,2024-11-13 14:00:00,345.0,834.5,2024-11-13 10:00:00,2024-11-13 14:00:00,273.0,2024-11-13 10:00:00,2024-11-13 14:00:00,334.0,2024-11-13 10:00:00,2024-11-13 14:00:00,354.0,2024-11-13 10:00:00,2024-11-13 14:00:00,350.0,2024-11-13 10:00:00,2024-11-13 14:00:00,353.4340515136719,2024-11-14 10:00:00,194.8408203125,2024-11-14 10:00:00,3.9524738788604736,2024-11-14 10:00:00,90747.7734375,2024-11-14 10:00:00,53.70762465975042,2024-11-14 10:00:00,345.0
2024-11-15 10:00:00,345.0,24.0,2024-11-14 10:00:00,2024-11-14 14:00:00,345.0,834.0,2024-11-14 10:00:00,2024-11-14 14:00:00,270.0,2024-11-14 10:00:00,2024-11-14 14:00:00,332.0,2024-11-14 10:00:00,2024-11-14 14:00:00,350.0,2024-11-14 10:00:00,2024-11-14 14:00:00,345.0,2024-11-14 10:00:00,2024-11-14 14:00:00,356.7157592773437,2024-11-15 10:00:00,202.1182403564453,2024-11-15 10:00:00,3.9309871196746826,2024-11-15 10:00:00,91131.53125,2024-11-15 10:00:00,53.259455937733264,2024-11-15 10:00:00,340.0
2024-11-16 10:00:00,340.0,24.0,2024-11-15 10:00:00,2024-11-15 14:00:00,345.0,835.2999877929688,2024-11-15 10:00:00,2024-11-15 14:00:00,268.0,2024-11-15 10:00:00,2024-11-15 14:00:00,325.0,2024-11-15 10:00:00,2024-11-15 14:00:00,350.0,2024-11-15 10:00:00,2024-11-15 14:00:00,340.0,2024-11-15 10:00:00,2024-11-15 14:00:00,355.051025390625,2024-11-16 10:00:00,213.2768402099609,2024-11-16 10:00:00,3.7925710678100586,2024-11-16 10:00:00,86882.1484375,2024-11-16 10:00:00,52.380230845608025,2024-11-16 10:00:00,335.0
2024-11-17 10:00:00,335.0,24.0,2024-11-16 10:00:00,2024-11-16 14:00:00,340.0,831.7999877929688,2024-11-16 10:00:00,2024-11-16 14:00:00,265.0,2024-11-16 10:00:00,2024-11-16 14:00:00,320.0,2024-11-16 10:00:00,2024-11-16 14:00:00,345.0,2024-11-16 10:00:00,2024-11-16 14:00:00,335.0,2024-11-16 10:00:00,2024-11-16 14:00:00,353.9836730957031,2024-11-17 10:00:00,206.2744140625,2024-11-17 10:00:00,3.9431581497192383,2024-11-17 10:00:00,89352.953125,2024-11-17 10:00:00,52.94700245395245,2024-11-17 10:00:00,342.0
2024-11-18 10:00:00,342.0,24.0,2024-11-17 10:00:00,2024-11-17 14:00:00,340.0,832.7999877929688,2024-11-17 10:00:00,2024-11-17 14:00:00,269.0,2024-11-17 10:00:00,2024-11-17 14:00:00,327.0,2024-11-17 10:00:00,2024-11-17 14:00:00,348.0,2024-11-17 10:00:00,2024-11-17 14:00:00,342.0,2024-11-17 10:00:00,2024-11-17 14:00:00,358.0354919433594,2024-11-18 10:00:00,208.27798461914065,2024-11-18 10:00:00,3.82802963256836,2024-11-18 10:00:00,89841.640625,2024-11-18 10:00:00,53.46740475970614,2024-11-18 10:00:00,343.0
2024-11-19 11:00:00,343.0,25.0,2024-11-18 10:00:00,2024-11-18 14:00:00,342.0,834.2000122070312,2024-11-18 10:00:00,2024-11-18 14:00:00,271.0,2024-11-18 10:00:00,2024-11-18 14:00:00,327.0,2024-11-18 10:00:00,2024-11-18 14:00:00,350.0,2024-11-18 10:00:00,2024-11-18 14:00:00,343.0,2024-11-18 10:00:00,2024-11-18 14:00:00,358.0528564453125,2024-11-19 11:00:00,212.841796875,2024-11-19 11:00:00,3.9191575050354,2024-11-19 11:00:00,92233.4140625,2024-11-19 11:00:00,53.39947623306068,2024-11-19 11:00:00,343.0
2024-11-20 10:00:00,343.0,23.0,2024-11-19 11:00:00,2024-11-19 15:00:00,343.0,834.7999877929688,2024-11-19 11:00:00,2024-11-19 15:00:00,270.0,2024-11-19 11:00:00,2024-11-19 15:00:00,330.0,2024-11-19 11:00:00,2024-11-19 15:00:00,342.0,2024-11-19 11:00:00,2024-11-19 15:00:00,343.0,2024-11-19 11:00:00,2024-11-19 15:00:00,359.1521301269531,2024-11-20 10:00:00,222.0333404541016,2024-11-20 10:00:00,3.82340145111084,2024-11-20 10:00:00,90000.1015625,2024-11-20 10:00:00,52.980636274282915,2024-11-20 10:00:00,341.0
2024-11-21 10:00:00,341.0,24.0,2024-11-20 10:00:00,2024-11-20 14:00:00,343.0,833.4000244140625,2024-11-20 10:00:00,2024-11-20 14:00:00,276.0,2024-11-20 10:00:00,2024-11-20 14:00:00,336.0,2024-11-20 10:00:00,2024-11-20 14:00:00,343.0,2024-11-20 10:00:00,2024-11-20 14:00:00,341.0,2024-11-20 10:00:00,2024-11-20 14:00:00,357.2082824707031,2024-11-21 10:00:00,217.0774688720703,2024-11-21 10:00:00,3.89936900138855,2024-11-21 10:00:00,88790.7109375,2024-11-21 10:00:00,54.693778686629344,2024-11-21 10:00:00,340.0
2024-11-22 10:00:00,340.0,24.0,2024-11-21 10:00:00,2024-11-21 14:00:00,341.0,834.4000244140625,2024-11-21 10:00:00,2024-11-21 14:00:00,270.0,2024-11-21 10:00:00,2024-11-21 14:00:00,326.0,2024-11-21 10:00:00,2024-11-21 14:00:00,347.0,2024-11-21 10:00:00,2024-11-21 14:00:00,340.0,2024-11-21 10:00:00,2024-11-21 14:00:00,359.0360412597656,2024-11-22 10:00:00,211.002685546875,2024-11-22 10:00:00,3.9418485164642334,2024-11-22 10:00:00,90247.34375,2024-11-22 10:00:00,53.11991151510324,2024-11-22 10:00:00,342.0
2024-11-23 10:00:00,342.0,24.0,2024-11-22 10:00:00,2024-11-22 14:00:00,341.0,834.2999877929688,2024-11-22 10:00:00,2024-11-22 14:00:00,272.0,2024-11-22 10:00:00,2024-11-22 14:00:00,328.0,2024-11-22 10:00:00,2024-11-22 14:00:00,347.0,2024-11-22 10:00:00,2024-11-22 14:00:00,342.0,2024-11-22 10:00:00,2024-11-22 14:00:00,358.4625244140625,2024-11-23 10:00:00,209.0453948974609,2024-11-23 10:00:00,3.750620126724243,2024-11-23 10:00:00,88366.8515625,2024-11-23 10:00:00,53.572120098601545,2024-11-23 10:00:00,340.0
2024-11-24 10:00:00,340.0,24.0,2024-11-23 10:00:00,2024-11-23 14:00:00,340.0,833.7999877929688,2024-11-23 10:00:00,2024-11-23 14:00:00,270.0,2024-11-23 10:00:00,2024-11-23 14:00:00,326.0,2024-11-23 10:00:00,2024-11-23 14:00:00,343.0,2024-11-23 10:00:00,2024-11-23 14:00:00,340.0,2024-11-23 10:00:00,2024-11-23 14:00:00,358.75048828125,2024-11-24 10:00:00,225.767318725586,2024-11-24 10:00:00,3.796298742294312,2024-11-24 10:00:00,93184.0078125,2024-11-24 10:00:00,53.32932112919741,2024-11-24 10:00:00,340.0
2024-11-25 10:00:00,340.0,24.0,2024-11-24 10:00:00,2024-11-24 14:00:00,340.0,833.4000244140625,2024-11-24 10:00:00,2024-11-24 14:00:00,273.0,2024-11-24 10:00:00,2024-11-24 14:00:00,325.0,2024-11-24 10:00:00,2024-11-24 14:00:00,346.0,2024-11-24 10:00:00,2024-11-24 14:00:00,340.0,2024-11-24 10:00:00,2024-11-24 14:00:00,357.9090270996094,2024-11-25 10:00:00,220.7699432373047,2024-11-25 10:00:00,3.851389169692993,2024-11-25 10:00:00,93053.484375,2024-11-25 10:00:00,54.09176598229112,2024-11-25 10:00:00,341.0
2024-11-26 10:00:00,341.0,24.0,2024-11-25 10:00:00,2024-11-25 14:00:00,340.0,835.2000122070312,2024-11-25 10:00:00,2024-11-25 14:00:00,272.0,2024-11-25 10:00:00,2024-11-25 14:00:00,325.0,2024-11-25 10:00:00,2024-11-25 14:00:00,347.0,2024-11-25 10:00:00,2024-11-25 14:00:00,341.0,2024-11-25 10:00:00,2024-11-25 14:00:00,357.6596374511719,2024-11-26 10:00:00,222.7734832763672,2024-11-26 10:00:00,3.793467998504639,2024-11-26 10:00:00,92135.1328125,2024-11-26 10:00:00,53.25892278981132,2024-11-26 10:00:00,343.0
2024-11-27 10:00:00,343.0,24.0,2024-11-26 10:00:00,2024-11-26 14:00:00,341.0,833.5999755859375,2024-11-26 10:00:00,2024-11-26 14:00:00,271.0,2024-11-26 10:00:00,2024-11-26 14:00:00,328.0,2024-11-26 10:00:00,2024-11-26 14:00:00,346.0,2024-11-26 10:00:00,2024-11-26 14:00:00,343.0,2024-11-26 10:00:00,2024-11-26 14:00:00,359.808837890625,2024-11-27 10:00:00,228.4423217773437,2024-11-27 10:00:00,3.855144500732422,2024-11-27 10:00:00,93811.453125,2024-11-27 10:00:00,53.60907180745278,2024-11-27 10:00:00,344.0
2024-11-28 10:00:00,344.0,24.0,2024-11-27 10:00:00,2024-11-27 14:00:00,343.0,834.2000122070312,2024-11-27 10:00:00,2024-11-27 14:00:00,273.0,2024-11-27 10:00:00,2024-11-27 14:00:00,328.0,2024-11-27 10:00:00,2024-11-27 14:00:00,346.0,2024-11-27 10:00:00,2024-11-27 14:00:00,344.0,2024-11-27 10:00:00,2024-11-27 14:00:00,359.4012451171875,2024-11-28 10:00:00,226.9852752685547,2024-11-28 10:00:00,3.7733113765716553,2024-11-28 10:00:00,93757.78125,2024-11-28 10:00:00,53.812202610052395,2024-11-28 10:00:00,343.0
2024-11-29 10:00:00,343.0,24.0,2024-11-28 10:00:00,2024-11-28 14:00:00,343.0,832.5,2024-11-28 10:00:00,2024-11-28 14:00:00,274.0,2024-11-28 10:00:00,2024-11-28 14:00:00,330.0,2024-11-28 10:00:00,2024-11-28 14:00:00,353.0,2024-11-28 10:00:00,2024-11-28 14:00:00,343.0,2024-11-28 10:00:00,2024-11-28 14:00:00,359.8948059082031,2024-11-29 10:00:00,224.13282775878903,2024-11-29 10:00:00,3.901831865310669,2024-11-29 10:00:00,93906.078125,2024-11-29 10:00:00,54.61040648716289,2024-11-29 10:00:00,347.0
2024-11-30 10:00:00,347.0,24.0,2024-11-29 10:00:00,2024-11-29 14:00:00,344.0,834.2999877929688,2024-11-29 10:00:00,2024-11-29 14:00:00,272.0,2024-11-29 10:00:00,2024-11-29 14:00:00,333.0,2024-11-29 10:00:00,2024-11-29 14:00:00,360.0,2024-11-29 10:00:00,2024-11-29 14:00:00,347.0,2024-11-29 10:00:00,2024-11-29 14:00:00,359.0318908691406,2024-11-30 10:00:00,220.1659240722656,2024-11-30 10:00:00,3.851745843887329,2024-11-30 10:00:00,94127.0625,2024-11-30 10:00:00,53.572120098601545,2024-11-30 10:00:00,345.0
2024-12-01 10:00:00,345.0,24.0,2024-11-30 10:00:00,2024-11-30 14:00:00,345.0,833.5999755859375,2024-11-30 10:00:00,2024-11-30 14:00:00,270.0,2024-11-30 10:00:00,2024-11-30 14:00:00,328.0,2024-11-30 10:00:00,2024-11-30 14:00:00,350.0,2024-11-30 10:00:00,2024-11-30 14:00:00,345.0,2024-11-30 10:00:00,2024-11-30 14:00:00,354.1549987792969,2024-12-01 10:00:00,199.6224822998047,2024-12-01 10:00:00,3.904648542404175,2024-12-01 10:00:00,92938.6484375,2024-12-01 10:00:00,53.399248307427456,2024-12-01 10:00:00,345.0
2024-12-02 10:00:00,345.0,24.0,2024-12-01 10:00:00,2024-12-01 14:00:00,345.0,834.4000244140625,2024-12-01 10:00:00,2024-12-01 14:00:00,274.0,2024-12-01 10:00:00,2024-12-01 14:00:00,332.0,2024-12-01 10:00:00,2024-12-01 14:00:00,348.0,2024-12-01 10:00:00,2024-12-01 14:00:00,345.0,2024-12-01 10:00:00,2024-12-01 14:00:00,355.5651550292969,2024-12-02 10:00:00,188.7686462402344,2024-12-02 10:00:00,3.611928701400757,2024-12-02 10:00:00,91257.9140625,2024-12-02 10:00:00,53.9453943795329,2024-12-02 10:00:00,343.0
2024-12-03 10:00:00,343.0,24.0,2024-12-02 10:00:00,2024-12-02 14:00:00,345.0,835.0,2024-12-02 10:00:00,2024-12-02 14:00:00,274.0,2024-12-02 10:00:00,2024-12-02 14:00:00,331.0,2024-12-02 10:00:00,2024-12-02 14:00:00,354.0,2024-12-02 10:00:00,2024-12-02 14:00:00,343.0,2024-12-02 10:00:00,2024-12-02 14:00:00,352.4743347167969,2024-12-03 10:00:00,194.08311462402344,2024-12-03 10:00:00,3.94415545463562,2024-12-03 10:00:00,92804.296875,2024-12-03 10:00:00,53.73656386216294,2024-12-03 10:00:00,345.0
2024-12-04 10:00:00,345.0,24.0,2024-12-03 10:00:00,2024-12-03 14:00:00,345.0,837.5,2024-12-03 10:00:00,2024-12-03 14:00:00,273.0,2024-12-03 10:00:00,2024-12-03 14:00:00,329.0,2024-12-03 10:00:00,2024-12-03 14:00:00,354.0,2024-12-03 10:00:00,2024-12-03 14:00:00,345.0,2024-12-03 10:00:00,2024-12-03 14:00:00,352.4007873535156,2024-12-04 10:00:00,204.36196899414065,2024-12-04 10:00:00,3.946657180786133,2024-12-04 10:00:00,89213.7734375,2024-12-04 10:00:00,52.66947249975021,2024-12-04 10:00:00,337.0
2024-12-05 10:00:00,337.0,24.0,2024-12-04 10:00:00,2024-12-04 14:00:00,343.0,833.2000122070312,2024-12-04 10:00:00,2024-12-04 14:00:00,270.0,2024-12-04 10:00:00,2024-12-04 14:00:00,323.0,2024-12-04 10:00:00,2024-12-04 14:00:00,342.0,2024-12-04 10:00:00,2024-12-04 14:00:00,337.0,2024-12-04 10:00:00,2024-12-04 14:00:00,350.9447631835937,2024-12-05 10:00:00,196.03680419921875,2024-12-05 10:00:00,3.86872935295105,2024-12-05 10:00:00,90195.6640625,2024-12-05 10:00:00,53.539267238120715,2024-12-05 10:00:00,338.0
2024-12-06 10:00:00,338.0,24.0,2024-12-05 10:00:00,2024-12-05 14:00:00,338.0,832.5999755859375,2024-12-05 10:00:00,2024-12-05 14:00:00,268.0,2024-12-05 10:00:00,2024-12-05 14:00:00,323.0,2024-12-05 10:00:00,2024-12-05 14:00:00,343.0,2024-12-05 10:00:00,2024-12-05 14:00:00,338.0,2024-12-05 10:00:00,2024-12-05 14:00:00,351.35723876953125,2024-12-06 10:00:00,185.15614318847656,2024-12-06 10:00:00,3.804331064224243,2024-12-06 10:00:00,91477.9296875,2024-12-06 10:00:00,53.32314850103921,2024-12-06 10:00:00,345.0
2024-12-07 10:00:00,345.0,24.0,2024-12-06 10:00:00,2024-12-06 14:00:00,338.0,838.2000122070312,2024-12-06 10:00:00,2024-12-06 14:00:00,276.0,2024-12-06 10:00:00,2024-12-06 14:00:00,330.0,2024-12-06 10:00:00,2024-12-06 14:00:00,354.0,2024-12-06 10:00:00,2024-12-06 14:00:00,345.0,2024-12-06 10:00:00,2024-12-06 14:00:00,347.61700439453125,2024-12-07 10:00:00,169.7985076904297,2024-12-07 10:00:00,3.6635525226593018,2024-12-07 10:00:00,91746.40625,2024-12-07 10:00:00,53.031252094048796,2024-12-07 10:00:00,345.0
2024-12-08 10:00:00,345.0,24.0,2024-12-07 10:00:00,2024-12-07 14:00:00,345.0,834.7999877929688,2024-12-07 10:00:00,2024-12-07 14:00:00,271.0,2024-12-07 10:00:00,2024-12-07 14:00:00,329.0,2024-12-07 10:00:00,2024-12-07 14:00:00,354.0,2024-12-07 10:00:00,2024-12-07 14:00:00,345.0,2024-12-07 10:00:00,2024-12-07 14:00:00,355.9635925292969,2024-12-08 10:00:00,187.08956909179688,2024-12-08 10:00:00,3.858266592025757,2024-12-08 10:00:00,92247.1015625,2024-12-08 10:00:00,53.19045977430824,2024-12-08 10:00:00,344.0
2024-12-09 10:00:00,344.0,24.0,2024-12-08 10:00:00,2024-12-08 14:00:00,345.0,834.7999877929688,2024-12-08 10:00:00,2024-12-08 14:00:00,273.0,2024-12-08 10:00:00,2024-12-08 14:00:00,330.0,2024-12-08 10:00:00,2024-12-08 14:00:00,347.0,2024-12-08 10:00:00,2024-12-08 14:00:00,344.0,2024-12-08 10:00:00,2024-12-08 14:00:00,350.7903747558594,2024-12-09 10:00:00,186.172592163086,2024-12-09 10:00:00,3.8166115283966064,2024-12-09 10:00:00,91567.796875,2024-12-09 10:00:00,53.60318615129984,2024-12-09 10:00:00,346.0
2024-12-10 10:00:00,346.0,24.0,2024-12-09 10:00:00,2024-12-09 14:00:00,345.0,833.5999755859375,2024-12-09 10:00:00,2024-12-09 14:00:00,271.0,2024-12-09 10:00:00,2024-12-09 14:00:00,330.0,2024-12-09 10:00:00,2024-12-09 14:00:00,346.0,2024-12-09 10:00:00,2024-12-09 14:00:00,346.0,2024-12-09 10:00:00,2024-12-09 14:00:00,353.1242370605469,2024-12-10 10:00:00,210.58560180664065,2024-12-10 10:00:00,3.815587282180786,2024-12-10 10:00:00,94521.1015625,2024-12-10 10:00:00,53.60907180745278,2024-12-10 10:00:00,340.0
2024-12-11 10:00:00,340.0,24.0,2024-12-10 10:00:00,2024-12-10 14:00:00,344.0,833.9000244140625,2024-12-10 10:00:00,2024-12-10 14:00:00,269.0,2024-12-10 10:00:00,2024-12-10 14:00:00,327.0,2024-12-10 10:00:00,2024-12-10 14:00:00,350.0,2024-12-10 10:00:00,2024-12-10 14:00:00,340.0,2024-12-10 10:00:00,2024-12-10 14:00:00,355.9607238769531,2024-12-11 10:00:00,240.3881072998047,2024-12-11 10:00:00,3.9644486904144287,2024-12-11 10:00:00,94598.359375,2024-12-11 10:00:00,53.08221942078285,2024-12-11 10:00:00,342.0
2024-12-12 10:00:00,342.0,24.0,2024-12-11 10:00:00,2024-12-11 14:00:00,342.0,831.9000244140625,2024-12-11 10:00:00,2024-12-11 14:00:00,263.0,2024-12-11 10:00:00,2024-12-11 14:00:00,325.0,2024-12-11 10:00:00,2024-12-11 14:00:00,354.0,2024-12-11 10:00:00,2024-12-11 14:00:00,342.0,2024-12-11 10:00:00,2024-12-11 14:00:00,362.2654113769531,2024-12-12 10:00:00,241.41177368164065,2024-12-12 10:00:00,3.8470070362091056,2024-12-12 10:00:00,95326.1484375,2024-12-12 10:00:00,52.46127597590669,2024-12-12 10:00:00,340.0
2024-12-13 10:00:00,340.0,24.0,2024-12-12 10:00:00,2024-12-12 14:00:00,340.0,833.0,2024-12-12 10:00:00,2024-12-12 14:00:00,266.0,2024-12-12 10:00:00,2024-12-12 14:00:00,325.0,2024-12-12 10:00:00,2024-12-12 14:00:00,347.0,2024-12-12 10:00:00,2024-12-12 14:00:00,340.0,2024-12-12 10:00:00,2024-12-12 14:00:00,358.68707275390625,2024-12-13 10:00:00,226.56504821777344,2024-12-13 10:00:00,3.872867584228516,2024-12-13 10:00:00,87760.890625,2024-12-13 10:00:00,52.746659086236264,2024-12-13 10:00:00,340.0
2024-12-14 10:00:00,340.0,24.0,2024-12-13 10:00:00,2024-12-13 14:00:00,340.0,832.2999877929688,2024-12-13 10:00:00,2024-12-13 14:00:00,265.0,2024-12-13 10:00:00,2024-12-13 14:00:00,325.0,2024-12-13 10:00:00,2024-12-13 14:00:00,345.0,2024-12-13 10:00:00,2024-12-13 14:00:00,340.0,2024-12-13 10:00:00,2024-12-13 14:00:00,356.5223083496094,2024-12-14 10:00:00,232.40835571289065,2024-12-14 10:00:00,3.927280187606812,2024-12-14 10:00:00,90636.890625,2024-12-14 10:00:00,52.770916861495266,2024-12-14 10:00:00,344.0
2024-12-15 10:00:00,344.0,24.0,2024-12-14 10:00:00,2024-12-14 14:00:00,340.0,836.0,2024-12-14 10:00:00,2024-12-14 14:00:00,267.0,2024-12-14 10:00:00,2024-12-14 14:00:00,326.0,2024-12-14 10:00:00,2024-12-14 14:00:00,349.0,2024-12-14 10:00:00,2024-12-14 14:00:00,344.0,2024-12-14 10:00:00,2024-12-14 14:00:00,359.8056945800781,2024-12-15 10:00:00,241.62730407714844,2024-12-15 10:00:00,3.781379222869873,2024-12-15 10:00:00,92186.8828125,2024-12-15 10:00:00,51.92075988025101,2024-12-15 10:00:00,342.0
2024-12-16 10:00:00,342.0,24.0,2024-12-15 10:00:00,2024-12-15 14:00:00,342.0,833.5,2024-12-15 10:00:00,2024-12-15 14:00:00,268.0,2024-12-15 10:00:00,2024-12-15 14:00:00,329.0,2024-12-15 10:00:00,2024-12-15 14:00:00,353.0,2024-12-15 10:00:00,2024-12-15 14:00:00,342.0,2024-12-15 10:00:00,2024-12-15 14:00:00,352.3427734375,2024-12-16 10:00:00,209.9704132080078,2024-12-16 10:00:00,3.90991735458374,2024-12-16 10:00:00,89225.1953125,2024-12-16 10:00:00,53.007580406515785,2024-12-16 10:00:00,342.0
2024-12-17 10:00:00,342.0,24.0,2024-12-16 10:00:00,2024-12-16 14:00:00,342.0,833.5,2024-12-16 10:00:00,2024-12-16 14:00:00,269.0,2024-12-16 10:00:00,2024-12-16 14:00:00,327.0,2024-12-16 10:00:00,2024-12-16 14:00:00,345.0,2024-12-16 10:00:00,2024-12-16 14:00:00,342.0,2024-12-16 10:00:00,2024-12-16 14:00:00,347.74090576171875,2024-12-17 10:00:00,222.9038848876953,2024-12-17 10:00:00,3.924399137496948,2024-12-17 10:00:00,88498.1796875,2024-12-17 10:00:00,53.2220737583275,2024-12-17 10:00:00,335.0
2024-12-18 10:00:00,335.0,24.0,2024-12-17 10:00:00,2024-12-17 14:00:00,342.0,835.0,2024-12-17 10:00:00,2024-12-17 14:00:00,262.0,2024-12-17 10:00:00,2024-12-17 14:00:00,323.0,2024-12-17 10:00:00,2024-12-17 14:00:00,346.0,2024-12-17 10:00:00,2024-12-17 14:00:00,335.0,2024-12-17 10:00:00,2024-12-17 14:00:00,360.30865478515625,2024-12-18 10:00:00,206.60792541503903,2024-12-18 10:00:00,3.8479506969451904,2024-12-18 10:00:00,90436.1328125,2024-12-18 10:00:00,51.14739610496429,2024-12-18 10:00:00,340.0
2024-12-19 10:00:00,340.0,24.0,2024-12-18 10:00:00,2024-12-18 14:00:00,340.0,835.0999755859375,2024-12-18 10:00:00,2024-12-18 14:00:00,270.0,2024-12-18 10:00:00,2024-12-18 14:00:00,325.0,2024-12-18 10:00:00,2024-12-18 14:00:00,341.0,2024-12-18 10:00:00,2024-12-18 14:00:00,340.0,2024-12-18 10:00:00,2024-12-18 14:00:00,351.4555053710937,2024-12-19 10:00:00,189.71876525878903,2024-12-19 10:00:00,3.571619987487793,2024-12-19 10:00:00,87911.3046875,2024-12-19 10:00:00,52.876337207683946,2024-12-19 10:00:00,331.0
2024-12-20 10:00:00,331.0,24.0,2024-12-19 10:00:00,2024-12-19 14:00:00,335.0,834.2999877929688,2024-12-19 10:00:00,2024-12-19 14:00:00,267.0,2024-12-19 10:00:00,2024-12-19 14:00:00,319.0,2024-12-19 10:00:00,2024-12-19 14:00:00,337.0,2024-12-19 10:00:00,2024-12-19 14:00:00,331.0,2024-12-19 10:00:00,2024-12-19 14:00:00,347.3089904785156,2024-12-20 10:00:00,180.2677459716797,2024-12-20 10:00:00,3.629016637802124,2024-12-20 10:00:00,89182.609375,2024-12-20 10:00:00,52.5112893592576,2024-12-20 10:00:00,338.0
2024-12-22 10:00:00,338.0,48.0,2024-12-20 10:00:00,2024-12-20 14:00:00,338.0,833.0,2024-12-20 10:00:00,2024-12-20 14:00:00,268.0,2024-12-20 10:00:00,2024-12-20 14:00:00,323.0,2024-12-20 10:00:00,2024-12-20 14:00:00,343.0,2024-12-21 10:00:00,2024-12-21 14:00:00,338.0,2024-12-20 10:00:00,2024-12-20 14:00:00,360.8836669921875,2024-12-22 10:00:00,238.38075256347656,2024-12-22 10:00:00,3.856691837310791,2024-12-22 10:00:00,96584.71875,2024-12-22 10:00:00,53.182736301516,2024-12-22 10:00:00,343.0
2024-12-23 10:00:00,343.0,24.0,2024-12-22 10:00:00,2024-12-22 14:00:00,338.0,835.7999877929688,2024-12-22 10:00:00,2024-12-22 14:00:00,275.0,2024-12-22 10:00:00,2024-12-22 14:00:00,330.0,2024-12-22 10:00:00,2024-12-22 14:00:00,347.0,2024-12-22 10:00:00,2024-12-22 14:00:00,343.0,2024-12-22 10:00:00,2024-12-22 14:00:00,362.8394775390625,2024-12-23 10:00:00,249.6800231933593,2024-12-23 10:00:00,3.8116257190704346,2024-12-23 10:00:00,94492.0703125,2024-12-23 10:00:00,53.65964977191311,2024-12-23 10:00:00,343.0
2024-12-24 10:00:00,343.0,24.0,2024-12-23 10:00:00,2024-12-23 14:00:00,343.0,833.0,2024-12-23 10:00:00,2024-12-23 14:00:00,269.0,2024-12-23 10:00:00,2024-12-23 14:00:00,329.0,2024-12-23 10:00:00,2024-12-23 14:00:00,350.0,2024-12-23 10:00:00,2024-12-23 14:00:00,343.0,2024-12-23 10:00:00,2024-12-23 14:00:00,360.2239685058594,2024-12-24 10:00:00,243.0190277099609,2024-12-24 10:00:00,3.966443061828613,2024-12-24 10:00:00,95512.390625,2024-12-24 10:00:00,53.39722965332771,2024-12-24 10:00:00,340.0
2024-12-25 10:00:00,340.0,24.0,2024-12-24 10:00:00,2024-12-24 14:00:00,343.0,832.5999755859375,2024-12-24 10:00:00,2024-12-24 14:00:00,267.0,2024-12-24 10:00:00,2024-12-24 14:00:00,326.0,2024-12-24 10:00:00,2024-12-24 14:00:00,346.0,2024-12-24 10:00:00,2024-12-24 14:00:00,340.0,2024-12-24 10:00:00,2024-12-24 14:00:00,342.9964294433594,2024-12-25 10:00:00,159.0399627685547,2024-12-25 10:00:00,3.860724925994873,2024-12-25 10:00:00,91215.2578125,2024-12-25 10:00:00,53.10629689977429,2024-12-25 10:00:00,340.0
2024-12-26 10:00:00,340.0,24.0,2024-12-25 10:00:00,2024-12-25 14:00:00,340.0,832.2999877929688,2024-12-25 10:00:00,2024-12-25 14:00:00,268.0,2024-12-25 10:00:00,2024-12-25 14:00:00,328.0,2024-12-25 10:00:00,2024-12-25 14:00:00,339.0,2024-12-25 10:00:00,2024-12-25 14:00:00,340.0,2024-12-25 10:00:00,2024-12-25 14:00:00,341.4443664550781,2024-12-26 10:00:00,164.7017059326172,2024-12-26 10:00:00,3.8165979385375977,2024-12-26 10:00:00,87577.34375,2024-12-26 10:00:00,53.42860963035173,2024-12-26 10:00:00,335.0
2024-12-27 10:00:00,335.0,24.0,2024-12-26 10:00:00,2024-12-26 14:00:00,340.0,830.7000122070312,2024-12-26 10:00:00,2024-12-26 14:00:00,263.0,2024-12-26 10:00:00,2024-12-26 14:00:00,321.0,2024-12-26 10:00:00,2024-12-26 14:00:00,343.0,2024-12-26 10:00:00,2024-12-26 14:00:00,335.0,2024-12-26 10:00:00,2024-12-26 14:00:00,343.9416198730469,2024-12-27 10:00:00,162.632080078125,2024-12-27 10:00:00,3.86900782585144,2024-12-27 10:00:00,88754.8671875,2024-12-27 10:00:00,52.88528018621059,2024-12-27 10:00:00,342.0
2024-12-28 10:00:00,342.0,24.0,2024-12-27 10:00:00,2024-12-27 14:00:00,340.0,830.5999755859375,2024-12-27 10:00:00,2024-12-27 14:00:00,264.0,2024-12-27 10:00:00,2024-12-27 14:00:00,325.0,2024-12-27 10:00:00,2024-12-27 14:00:00,343.0,2024-12-27 10:00:00,2024-12-27 14:00:00,342.0,2024-12-27 10:00:00,2024-12-27 14:00:00,344.9349365234375,2024-12-28 10:00:00,169.11427307128906,2024-12-28 10:00:00,3.848791122436523,2024-12-28 10:00:00,88683.6015625,2024-12-28 10:00:00,53.14717108606715,2024-12-28 10:00:00,340.0
2024-12-29 10:00:00,340.0,24.0,2024-12-28 10:00:00,2024-12-28 14:00:00,340.0,832.2999877929688,2024-12-28 10:00:00,2024-12-28 14:00:00,267.0,2024-12-28 10:00:00,2024-12-28 14:00:00,324.0,2024-12-28 10:00:00,2024-12-28 14:00:00,342.0,2024-12-28 10:00:00,2024-12-28 14:00:00,340.0,2024-12-28 10:00:00,2024-12-28 14:00:00,344.4609680175781,2024-12-29 10:00:00,163.4351806640625,2024-12-29 10:00:00,3.897810697555542,2024-12-29 10:00:00,88144.328125,2024-12-29 10:00:00,53.21175802908681,2024-12-29 10:00:00,340.0
2024-12-30 10:00:00,340.0,24.0,2024-12-29 10:00:00,2024-12-29 14:00:00,340.0,832.2000122070312,2024-12-29 10:00:00,2024-12-29 14:00:00,267.0,2024-12-29 10:00:00,2024-12-29 14:00:00,327.0,2024-12-29 10:00:00,2024-12-29 14:00:00,348.0,2024-12-29 10:00:00,2024-12-29 14:00:00,340.0,2024-12-29 10:00:00,2024-12-29 14:00:00,348.3031311035156,2024-12-30 10:00:00,172.92327880859375,2024-12-30 10:00:00,3.78840446472168,2024-12-30 10:00:00,89694.34375,2024-12-30 10:00:00,53.246935565723675,2024-12-30 10:00:00,345.0
2024-12-31 10:00:00,345.0,24.0,2024-12-30 10:00:00,2024-12-30 14:00:00,340.0,835.0,2024-12-30 10:00:00,2024-12-30 14:00:00,267.0,2024-12-30 10:00:00,2024-12-30 14:00:00,326.0,2024-12-30 10:00:00,2024-12-30 14:00:00,350.0,2024-12-30 10:00:00,2024-12-30 14:00:00,345.0,2024-12-30 10:00:00,2024-12-30 14:00:00,354.5948181152344,2024-12-31 10:00:00,186.6285552978516,2024-12-31 10:00:00,3.858063936233521,2024-12-31 10:00:00,91244.640625,2024-12-31 10:00:00,52.26758534025089,2024-12-31 10:00:00,335.0
2025-01-01 10:00:00,335.0,24.0,2024-12-31 10:00:00,2024-12-31 14:00:00,340.0,833.0,2024-12-31 10:00:00,2024-12-31 14:00:00,262.0,2024-12-31 10:00:00,2024-12-31 14:00:00,319.0,2024-12-31 10:00:00,2024-12-31 14:00:00,345.0,2024-12-31 10:00:00,2024-12-31 14:00:00,335.0,2024-12-31 10:00:00,2024-12-31 14:00:00,347.8702087402344,2025-01-01 10:00:00,149.83047485351562,2025-01-01 10:00:00,3.9338128566741934,2025-01-01 10:00:00,90540.7421875,2025-01-01 10:00:00,51.84569546496448,2025-01-01 10:00:00,342.0
2025-01-02 10:00:00,342.0,24.0,2025-01-01 10:00:00,2025-01-01 14:00:00,342.0,832.4000244140625,2025-01-01 10:00:00,2025-01-01 14:00:00,267.0,2025-01-01 10:00:00,2025-01-01 14:00:00,325.0,2025-01-01 10:00:00,2025-01-01 14:00:00,344.0,2025-01-01 10:00:00,2025-01-01 14:00:00,342.0,2025-01-01 10:00:00,2025-01-01 14:00:00,340.9630432128906,2025-01-02 10:00:00,149.97984313964844,2025-01-02 10:00:00,3.886744737625122,2025-01-02 10:00:00,89841.5,2025-01-02 10:00:00,53.17657451796276,2025-01-02 10:00:00,332.0
2025-01-03 10:00:00,332.0,24.0,2025-01-02 10:00:00,2025-01-02 14:00:00,335.0,831.9000244140625,2025-01-02 10:00:00,2025-01-02 14:00:00,264.0,2025-01-02 10:00:00,2025-01-02 14:00:00,320.0,2025-01-02 10:00:00,2025-01-02 14:00:00,338.0,2025-01-02 10:00:00,2025-01-02 14:00:00,332.0,2025-01-02 10:00:00,2025-01-02 14:00:00,340.20440673828125,2025-01-03 10:00:00,147.7672882080078,2025-01-03 10:00:00,3.922802686691284,2025-01-03 10:00:00,90626.5546875,2025-01-03 10:00:00,52.68771985468277,2025-01-03 10:00:00,337.0
2025-01-04 10:00:00,337.0,24.0,2025-01-03 10:00:00,2025-01-03 14:00:00,337.0,831.5,2025-01-03 10:00:00,2025-01-03 14:00:00,265.0,2025-01-03 10:00:00,2025-01-03 14:00:00,323.0,2025-01-03 10:00:00,2025-01-03 14:00:00,350.0,2025-01-03 10:00:00,2025-01-03 14:00:00,337.0,2025-01-03 10:00:00,2025-01-03 14:00:00,345.7587585449219,2025-01-04 10:00:00,145.68374633789062,2025-01-04 10:00:00,3.937487363815308,2025-01-04 10:00:00,91178.4609375,2025-01-04 10:00:00,53.05283543765938,2025-01-04 10:00:00,338.0
2025-01-05 10:00:00,338.0,24.0,2025-01-04 10:00:00,2025-01-04 14:00:00,337.0,831.7999877929688,2025-01-04 10:00:00,2025-01-04 14:00:00,267.0,2025-01-04 10:00:00,2025-01-04 14:00:00,321.0,2025-01-04 10:00:00,2025-01-04 14:00:00,346.0,2025-01-04 10:00:00,2025-01-04 14:00:00,338.0,2025-01-04 10:00:00,2025-01-04 14:00:00,337.82080078125,2025-01-05 10:00:00,128.39968872070312,2025-01-05 10:00:00,3.8597376346588135,2025-01-05 10:00:00,94070.71875,2025-01-05 10:00:00,53.38784362154399,2025-01-05 10:00:00,346.0
2025-01-06 10:00:00,346.0,24.0,2025-01-05 10:00:00,2025-01-05 14:00:00,338.0,832.4000244140625,2025-01-05 10:00:00,2025-01-05 14:00:00,266.0,2025-01-05 10:00:00,2025-01-05 14:00:00,329.0,2025-01-05 10:00:00,2025-01-05 14:00:00,350.0,2025-01-05 10:00:00,2025-01-05 14:00:00,346.0,2025-01-05 10:00:00,2025-01-05 14:00:00,338.0515441894531,2025-01-06 10:00:00,125.56148529052734,2025-01-06 10:00:00,3.903397560119629,2025-01-06 10:00:00,94278.625,2025-01-06 10:00:00,52.957348903947945,2025-01-06 10:00:00,344.0
2025-01-07 10:00:00,344.0,24.0,2025-01-06 10:00:00,2025-01-06 14:00:00,344.0,832.7000122070312,2025-01-06 10:00:00,2025-01-06 14:00:00,264.0,2025-01-06 10:00:00,2025-01-06 14:00:00,326.0,2025-01-06 10:00:00,2025-01-06 14:00:00,343.0,2025-01-06 10:00:00,2025-01-06 14:00:00,344.0,2025-01-06 10:00:00,2025-01-06 14:00:00,340.1690979003906,2025-01-07 10:00:00,131.79090881347656,2025-01-07 10:00:00,3.911852836608887,2025-01-07 10:00:00,95055.203125,2025-01-07 10:00:00,52.40629713481576,2025-01-07 10:00:00,347.0
2025-01-08 10:00:00,347.0,24.0,2025-01-07 10:00:00,2025-01-07 14:00:00,346.0,832.5999755859375,2025-01-07 10:00:00,2025-01-07 14:00:00,267.0,2025-01-07 10:00:00,2025-01-07 14:00:00,324.0,2025-01-07 10:00:00,2025-01-07 14:00:00,350.0,2025-01-07 10:00:00,2025-01-07 14:00:00,347.0,2025-01-07 10:00:00,2025-01-07 14:00:00,341.6178283691406,2025-01-08 10:00:00,133.8953399658203,2025-01-08 10:00:00,3.903419017791748,2025-01-08 10:00:00,93358.875,2025-01-08 10:00:00,53.10629689977429,2025-01-08 10:00:00,339.0
2025-01-09 10:00:00,339.0,24.0,2025-01-08 10:00:00,2025-01-08 14:00:00,344.0,832.2999877929688,2025-01-08 10:00:00,2025-01-08 14:00:00,265.0,2025-01-08 10:00:00,2025-01-08 14:00:00,324.0,2025-01-08 10:00:00,2025-01-08 14:00:00,344.0,2025-01-08 10:00:00,2025-01-08 14:00:00,339.0,2025-01-08 10:00:00,2025-01-08 14:00:00,340.7757263183594,2025-01-09 10:00:00,131.26832580566406,2025-01-09 10:00:00,3.887579679489136,2025-01-09 10:00:00,92682.2578125,2025-01-09 10:00:00,52.770916861495266,2025-01-09 10:00:00,338.0
2025-01-10 10:00:00,338.0,24.0,2025-01-09 10:00:00,2025-01-09 14:00:00,339.0,831.7999877929688,2025-01-09 10:00:00,2025-01-09 14:00:00,264.0,2025-01-09 10:00:00,2025-01-09 14:00:00,323.0,2025-01-09 10:00:00,2025-01-09 14:00:00,343.0,2025-01-09 10:00:00,2025-01-09 14:00:00,338.0,2025-01-09 10:00:00,2025-01-09 14:00:00,340.7991943359375,2025-01-10 10:00:00,131.10855102539062,2025-01-10 10:00:00,3.9018092155456543,2025-01-10 10:00:00,90502.1015625,2025-01-10 10:00:00,52.72298086817875,2025-01-10 10:00:00,337.0
2025-01-11 10:00:00,337.0,24.0,2025-01-10 10:00:00,2025-01-10 14:00:00,338.0,830.9000244140625,2025-01-10 10:00:00,2025-01-10 14:00:00,263.0,2025-01-10 10:00:00,2025-01-10 14:00:00,320.0,2025-01-10 10:00:00,2025-01-10 14:00:00,342.0,2025-01-10 10:00:00,2025-01-10 14:00:00,337.0,2025-01-10 10:00:00,2025-01-10 14:00:00,346.1044311523437,2025-01-11 10:00:00,146.70912170410156,2025-01-11 10:00:00,3.8252995014190674,2025-01-11 10:00:00,96597.9140625,2025-01-11 10:00:00,52.814454266077746,2025-01-11 10:00:00,340.0
2025-01-12 10:00:00,340.0,24.0,2025-01-11 10:00:00,2025-01-11 14:00:00,338.0,832.9000244140625,2025-01-11 10:00:00,2025-01-11 14:00:00,268.0,2025-01-11 10:00:00,2025-01-11 14:00:00,327.0,2025-01-11 10:00:00,2025-01-11 14:00:00,353.0,2025-01-11 10:00:00,2025-01-11 14:00:00,340.0,2025-01-11 10:00:00,2025-01-11 14:00:00,341.09625244140625,2025-01-12 10:00:00,137.74685668945312,2025-01-12 10:00:00,3.836005449295044,2025-01-12 10:00:00,92997.640625,2025-01-12 10:00:00,53.217805399142094,2025-01-12 10:00:00,344.0
2025-01-13 10:00:00,344.0,24.0,2025-01-12 10:00:00,2025-01-12 14:00:00,340.0,831.9000244140625,2025-01-12 10:00:00,2025-01-12 14:00:00,267.0,2025-01-12 10:00:00,2025-01-12 14:00:00,328.0,2025-01-12 10:00:00,2025-01-12 14:00:00,348.0,2025-01-12 10:00:00,2025-01-12 14:00:00,344.0,2025-01-12 10:00:00,2025-01-12 14:00:00,341.4189147949219,2025-01-13 10:00:00,138.5902557373047,2025-01-13 10:00:00,3.917186737060547,2025-01-13 10:00:00,91341.0546875,2025-01-13 10:00:00,53.35258260804801,2025-01-13 10:00:00,341.0
2025-01-14 10:00:00,341.0,24.0,2025-01-13 10:00:00,2025-01-13 14:00:00,341.0,832.4000244140625,2025-01-13 10:00:00,2025-01-13 14:00:00,268.0,2025-01-13 10:00:00,2025-01-13 14:00:00,325.0,2025-01-13 10:00:00,2025-01-13 14:00:00,346.0,2025-01-13 10:00:00,2025-01-13 14:00:00,341.0,2025-01-13 10:00:00,2025-01-13 14:00:00,348.3422241210937,2025-01-14 10:00:00,131.92120361328125,2025-01-14 10:00:00,3.933682203292847,2025-01-14 10:00:00,92858.6640625,2025-01-14 10:00:00,53.393426119227684,2025-01-14 10:00:00,340.0
2025-01-15 10:00:00,340.0,24.0,2025-01-14 10:00:00,2025-01-14 14:00:00,341.0,832.2000122070312,2025-01-14 10:00:00,2025-01-14 14:00:00,266.0,2025-01-14 10:00:00,2025-01-14 14:00:00,329.0,2025-01-14 10:00:00,2025-01-14 14:00:00,339.0,2025-01-14 10:00:00,2025-01-14 14:00:00,340.0,2025-01-14 10:00:00,2025-01-14 14:00:00,346.6592712402344,2025-01-15 10:00:00,135.81878662109375,2025-01-15 10:00:00,3.835116624832153,2025-01-15 10:00:00,91395.34375,2025-01-15 10:00:00,53.02770995170886,2025-01-15 10:00:00,339.0
2025-01-16 10:00:00,339.0,24.0,2025-01-15 10:00:00,2025-01-15 14:00:00,340.0,832.4000244140625,2025-01-15 10:00:00,2025-01-15 14:00:00,265.0,2025-01-15 10:00:00,2025-01-15 14:00:00,323.0,2025-01-15 10:00:00,2025-01-15 14:00:00,346.0,2025-01-15 10:00:00,2025-01-15 14:00:00,339.0,2025-01-15 10:00:00,2025-01-15 14:00:00,340.0610046386719,2025-01-16 10:00:00,128.0517578125,2025-01-16 10:00:00,3.881835222244263,2025-01-16 10:00:00,91242.578125,2025-01-16 10:00:00,52.735733350371106,2025-01-16 10:00:00,343.0
2025-01-17 10:00:00,343.0,24.0,2025-01-16 10:00:00,2025-01-16 14:00:00,340.0,833.5999755859375,2025-01-16 10:00:00,2025-01-16 14:00:00,270.0,2025-01-16 10:00:00,2025-01-16 14:00:00,328.0,2025-01-16 10:00:00,2025-01-16 14:00:00,350.0,2025-01-16 10:00:00,2025-01-16 14:00:00,343.0,2025-01-16 10:00:00,2025-01-16 14:00:00,341.9831237792969,2025-01-17 10:00:00,139.6240234375,2025-01-17 10:00:00,3.858035087585449,2025-01-17 10:00:00,93687.953125,2025-01-17 10:00:00,53.399248307427456,2025-01-17 10:00:00,340.0
2025-01-18 10:00:00,340.0,24.0,2025-01-17 10:00:00,2025-01-17 14:00:00,340.0,832.4000244140625,2025-01-17 10:00:00,2025-01-17 14:00:00,266.0,2025-01-17 10:00:00,2025-01-17 14:00:00,325.0,2025-01-17 10:00:00,2025-01-17 14:00:00,344.0,2025-01-17 10:00:00,2025-01-17 14:00:00,340.0,2025-01-17 10:00:00,2025-01-17 14:00:00,340.7646179199219,2025-01-18 10:00:00,146.43716430664062,2025-01-18 10:00:00,3.8851394653320312,2025-01-18 10:00:00,92393.296875,2025-01-18 10:00:00,52.957348903947945,2025-01-18 10:00:00,342.0
2025-01-19 10:00:00,342.0,24.0,2025-01-18 10:00:00,2025-01-18 14:00:00,342.0,831.5,2025-01-18 10:00:00,2025-01-18 14:00:00,263.0,2025-01-18 10:00:00,2025-01-18 14:00:00,326.0,2025-01-18 10:00:00,2025-01-18 14:00:00,347.0,2025-01-18 10:00:00,2025-01-18 14:00:00,342.0,2025-01-18 10:00:00,2025-01-18 14:00:00,341.2005615234375,2025-01-19 10:00:00,144.31187438964844,2025-01-19 10:00:00,3.878821611404419,2025-01-19 10:00:00,92646.390625,2025-01-19 10:00:00,52.60236997310972,2025-01-19 10:00:00,347.0
2025-01-20 10:00:00,347.0,24.0,2025-01-19 10:00:00,2025-01-19 14:00:00,342.0,831.5,2025-01-19 10:00:00,2025-01-19 14:00:00,265.0,2025-01-19 10:00:00,2025-01-19 14:00:00,330.0,2025-01-19 10:00:00,2025-01-19 14:00:00,355.0,2025-01-19 10:00:00,2025-01-19 14:00:00,347.0,2025-01-19 10:00:00,2025-01-19 14:00:00,342.16021728515625,2025-01-20 10:00:00,143.56106567382812,2025-01-20 10:00:00,3.912366390228272,2025-01-20 10:00:00,93411.7265625,2025-01-20 10:00:00,53.05283543765938,2025-01-20 10:00:00,349.0
2025-01-21 10:00:00,349.0,24.0,2025-01-20 10:00:00,2025-01-20 14:00:00,347.0,832.0,2025-01-20 10:00:00,2025-01-20 14:00:00,266.0,2025-01-20 10:00:00,2025-01-20 14:00:00,331.0,2025-01-20 10:00:00,2025-01-20 14:00:00,354.0,2025-01-20 10:00:00,2025-01-20 14:00:00,349.0,2025-01-20 10:00:00,2025-01-20 14:00:00,344.6265869140625,2025-01-21 10:00:00,155.2238006591797,2025-01-21 10:00:00,3.9574716091156006,2025-01-21 10:00:00,93697.5703125,2025-01-21 10:00:00,53.09813298623612,2025-01-21 10:00:00,346.0
2025-01-22 10:00:00,346.0,24.0,2025-01-21 10:00:00,2025-01-21 14:00:00,347.0,832.5,2025-01-21 10:00:00,2025-01-21 14:00:00,265.0,2025-01-21 10:00:00,2025-01-21 14:00:00,330.0,2025-01-21 10:00:00,2025-01-21 14:00:00,353.0,2025-01-21 10:00:00,2025-01-21 14:00:00,346.0,2025-01-21 10:00:00,2025-01-21 14:00:00,347.4207763671875,2025-01-22 10:00:00,152.50645446777344,2025-01-22 10:00:00,3.841691017150879,2025-01-22 10:00:00,89656.5390625,2025-01-22 10:00:00,52.700586797659184,2025-01-22 10:00:00,350.0
2025-01-23 10:00:00,350.0,24.0,2025-01-22 10:00:00,2025-01-22 14:00:00,349.0,833.0,2025-01-22 10:00:00,2025-01-22 14:00:00,269.0,2025-01-22 10:00:00,2025-01-22 14:00:00,332.0,2025-01-22 10:00:00,2025-01-22 14:00:00,355.0,2025-01-22 10:00:00,2025-01-22 14:00:00,350.0,2025-01-22 10:00:00,2025-01-22 14:00:00,341.3825988769531,2025-01-23 10:00:00,135.9213409423828,2025-01-23 10:00:00,3.934339761734009,2025-01-23 10:00:00,89140.84375,2025-01-23 10:00:00,53.39722965332771,2025-01-23 10:00:00,343.0
2025-01-24 10:00:00,343.0,24.0,2025-01-23 10:00:00,2025-01-23 14:00:00,346.0,834.2999877929688,2025-01-23 10:00:00,2025-01-23 14:00:00,263.0,2025-01-23 10:00:00,2025-01-23 14:00:00,325.0,2025-01-23 10:00:00,2025-01-23 14:00:00,354.0,2025-01-23 10:00:00,2025-01-23 14:00:00,343.0,2025-01-23 10:00:00,2025-01-23 14:00:00,349.6771850585937,2025-01-24 10:00:00,155.85325622558594,2025-01-24 10:00:00,3.736796379089356,2025-01-24 10:00:00,92694.875,2025-01-24 10:00:00,51.61998272711628,2025-01-24 10:00:00,344.0
2025-01-25 10:00:00,344.0,24.0,2025-01-24 10:00:00,2025-01-24 14:00:00,344.0,831.9000244140625,2025-01-24 10:00:00,2025-01-24 14:00:00,264.0,2025-01-24 10:00:00,2025-01-24 14:00:00,327.0,2025-01-24 10:00:00,2025-01-24 14:00:00,352.0,2025-01-24 10:00:00,2025-01-24 14:00:00,344.0,2025-01-24 10:00:00,2025-01-24 14:00:00,342.65118408203125,2025-01-25 10:00:00,160.2297821044922,2025-01-25 10:00:00,3.924248933792114,2025-01-25 10:00:00,92189.5703125,2025-01-25 10:00:00,52.68771985468277,2025-01-25 10:00:00,341.0
2025-01-26 10:00:00,341.0,24.0,2025-01-25 10:00:00,2025-01-25 14:00:00,343.0,831.2999877929688,2025-01-25 10:00:00,2025-01-25 14:00:00,264.0,2025-01-25 10:00:00,2025-01-25 14:00:00,326.0,2025-01-25 10:00:00,2025-01-25 14:00:00,347.0,2025-01-25 10:00:00,2025-01-25 14:00:00,341.0,2025-01-25 10:00:00,2025-01-25 14:00:00,346.7515869140625,2025-01-26 10:00:00,155.05496215820312,2025-01-26 10:00:00,3.773584365844727,2025-01-26 10:00:00,88585.15625,2025-01-26 10:00:00,52.89945383063616,2025-01-26 10:00:00,340.0
2025-01-27 10:00:00,340.0,24.0,2025-01-26 10:00:00,2025-01-26 14:00:00,341.0,831.4000244140625,2025-01-26 10:00:00,2025-01-26 14:00:00,263.0,2025-01-26 10:00:00,2025-01-26 14:00:00,325.0,2025-01-26 10:00:00,2025-01-26 14:00:00,350.0,2025-01-26 10:00:00,2025-01-26 14:00:00,340.0,2025-01-26 10:00:00,2025-01-26 14:00:00,345.3181457519531,2025-01-27 10:00:00,132.72946166992188,2025-01-27 10:00:00,3.8888516426086426,2025-01-27 10:00:00,92049.828125,2025-01-27 10:00:00,52.637671435992274,2025-01-27 10:00:00,340.0
2025-01-28 10:00:00,340.0,24.0,2025-01-27 10:00:00,2025-01-27 14:00:00,340.0,831.5999755859375,2025-01-27 10:00:00,2025-01-27 14:00:00,264.0,2025-01-27 10:00:00,2025-01-27 14:00:00,325.0,2025-01-27 10:00:00,2025-01-27 14:00:00,349.0,2025-01-27 10:00:00,2025-01-27 14:00:00,340.0,2025-01-27 10:00:00,2025-01-27 14:00:00,342.9372863769531,2025-01-28 10:00:00,161.2321319580078,2025-01-28 10:00:00,3.911011219024658,2025-01-28 10:00:00,98708.203125,2025-01-28 10:00:00,52.79352787623816,2025-01-28 10:00:00,342.0
2025-01-29 10:00:00,342.0,24.0,2025-01-28 10:00:00,2025-01-28 14:00:00,340.0,832.5999755859375,2025-01-28 10:00:00,2025-01-28 14:00:00,266.0,2025-01-28 10:00:00,2025-01-28 14:00:00,326.0,2025-01-28 10:00:00,2025-01-28 14:00:00,347.0,2025-01-28 10:00:00,2025-01-28 14:00:00,342.0,2025-01-28 10:00:00,2025-01-28 14:00:00,348.64227294921875,2025-01-29 10:00:00,167.93975830078125,2025-01-29 10:00:00,3.7093021869659424,2025-01-29 10:00:00,97268.7890625,2025-01-29 10:00:00,52.887071285759475,2025-01-29 10:00:00,346.0
2025-01-30 10:00:00,346.0,24.0,2025-01-29 10:00:00,2025-01-29 14:00:00,342.0,833.4000244140625,2025-01-29 10:00:00,2025-01-29 14:00:00,265.0,2025-01-29 10:00:00,2025-01-29 14:00:00,331.0,2025-01-29 10:00:00,2025-01-29 14:00:00,351.0,2025-01-29 10:00:00,2025-01-29 14:00:00,346.0,2025-01-29 10:00:00,2025-01-29 14:00:00,359.7961120605469,2025-01-30 10:00:00,202.1117248535156,2025-01-30 10:00:00,3.6341960430145264,2025-01-30 10:00:00,90829.8046875,2025-01-30 10:00:00,52.38487928020015,2025-01-30 10:00:00,340.0
2025-01-31 10:00:00,340.0,24.0,2025-01-30 10:00:00,2025-01-30 14:00:00,342.0,832.7999877929688,2025-01-30 10:00:00,2025-01-30 14:00:00,268.0,2025-01-30 10:00:00,2025-01-30 14:00:00,326.0,2025-01-30 10:00:00,2025-01-30 14:00:00,345.0,2025-01-30 10:00:00,2025-01-30 14:00:00,340.0,2025-01-30 10:00:00,2025-01-30 14:00:00,364.5072937011719,2025-01-31 10:00:00,230.7269592285156,2025-01-31 10:00:00,3.807575702667236,2025-01-31 10:00:00,94384.421875,2025-01-31 10:00:00,53.25291140789443,2025-01-31 10:00:00,344.0
2025-02-01 10:00:00,344.0,24.0,2025-01-31 10:00:00,2025-01-31 14:00:00,344.0,833.5999755859375,2025-01-31 10:00:00,2025-01-31 14:00:00,269.0,2025-01-31 10:00:00,2025-01-31 14:00:00,326.0,2025-01-31 10:00:00,2025-01-31 14:00:00,345.0,2025-01-31 10:00:00,2025-01-31 14:00:00,344.0,2025-01-31 10:00:00,2025-01-31 14:00:00,358.5885009765625,2025-02-01 10:00:00,221.5631256103516,2025-02-01 10:00:00,3.920199632644653,2025-02-01 10:00:00,87274.34375,2025-02-01 10:00:00,53.187097603021584,2025-02-01 10:00:00,350.0
2025-02-02 10:00:00,350.0,24.0,2025-02-01 10:00:00,2025-02-01 14:00:00,344.0,836.2999877929688,2025-02-01 10:00:00,2025-02-01 14:00:00,275.0,2025-02-01 10:00:00,2025-02-01 14:00:00,333.0,2025-02-01 10:00:00,2025-02-01 14:00:00,352.0,2025-02-01 10:00:00,2025-02-01 14:00:00,350.0,2025-02-01 10:00:00,2025-02-01 14:00:00,358.3695678710937,2025-02-02 10:00:00,227.78396606445312,2025-02-02 10:00:00,3.914695978164673,2025-02-02 10:00:00,93863.75,2025-02-02 10:00:00,53.48666313945591,2025-02-02 10:00:00,340.0
2025-02-03 10:00:00,340.0,24.0,2025-02-02 10:00:00,2025-02-02 14:00:00,344.0,834.2000122070312,2025-02-02 10:00:00,2025-02-02 14:00:00,271.0,2025-02-02 10:00:00,2025-02-02 14:00:00,325.0,2025-02-02 10:00:00,2025-02-02 14:00:00,342.0,2025-02-02 10:00:00,2025-02-02 14:00:00,340.0,2025-02-02 10:00:00,2025-02-02 14:00:00,357.26336669921875,2025-02-03 10:00:00,227.8564453125,2025-02-03 10:00:00,3.7025442123413086,2025-02-03 10:00:00,93322.5234375,2025-02-03 10:00:00,53.39947623306068,2025-02-03 10:00:00,335.0
2025-02-04 10:00:00,335.0,24.0,2025-02-03 10:00:00,2025-02-03 14:00:00,340.0,833.7000122070312,2025-02-03 10:00:00,2025-02-03 14:00:00,270.0,2025-02-03 10:00:00,2025-02-03 14:00:00,321.0,2025-02-03 10:00:00,2025-02-03 14:00:00,342.0,2025-02-03 10:00:00,2025-02-03 14:00:00,335.0,2025-02-03 10:00:00,2025-02-03 14:00:00,357.7554626464844,2025-02-04 10:00:00,193.154525756836,2025-02-04 10:00:00,3.9734036922454834,2025-02-04 10:00:00,99028.5859375,2025-02-04 10:00:00,53.364266300577924,2025-02-04 10:00:00,341.0
2025-02-05 10:00:00,341.0,24.0,2025-02-04 10:00:00,2025-02-04 14:00:00,340.0,834.2999877929688,2025-02-04 10:00:00,2025-02-04 14:00:00,275.0,2025-02-04 10:00:00,2025-02-04 14:00:00,327.0,2025-02-04 10:00:00,2025-02-04 14:00:00,345.0,2025-02-04 10:00:00,2025-02-04 14:00:00,341.0,2025-02-04 10:00:00,2025-02-04 14:00:00,361.7022399902344,2025-02-05 10:00:00,227.9134979248047,2025-02-05 10:00:00,3.964961290359497,2025-02-05 10:00:00,98271.3046875,2025-02-05 10:00:00,54.1809338892848,2025-02-05 10:00:00,347.0
2025-02-07 10:00:00,347.0,48.0,2025-02-05 10:00:00,2025-02-05 14:00:00,341.0,834.9000244140625,2025-02-05 10:00:00,2025-02-05 14:00:00,275.0,2025-02-05 10:00:00,2025-02-05 14:00:00,331.0,2025-02-05 10:00:00,2025-02-05 14:00:00,346.0,2025-02-06 10:00:00,2025-02-06 14:00:00,347.0,2025-02-05 10:00:00,2025-02-05 14:00:00,356.7591552734375,2025-02-07 10:00:00,213.4622497558593,2025-02-07 10:00:00,3.900622367858887,2025-02-07 10:00:00,86937.171875,2025-02-07 10:00:00,53.97198914756268,2025-02-07 10:00:00,342.0
2025-02-08 10:00:00,342.0,24.0,2025-02-07 10:00:00,2025-02-07 14:00:00,342.0,834.2000122070312,2025-02-07 10:00:00,2025-02-07 14:00:00,273.0,2025-02-07 10:00:00,2025-02-07 14:00:00,326.0,2025-02-07 10:00:00,2025-02-07 14:00:00,342.0,2025-02-07 10:00:00,2025-02-07 14:00:00,342.0,2025-02-07 10:00:00,2025-02-07 14:00:00,358.7623291015625,2025-02-08 10:00:00,221.6070556640625,2025-02-08 10:00:00,3.873615980148315,2025-02-08 10:00:00,89907.2734375,2025-02-08 10:00:00,53.812202610052395,2025-02-08 10:00:00,341.0
2025-02-09 10:00:00,341.0,24.0,2025-02-08 10:00:00,2025-02-08 14:00:00,342.0,834.0999755859375,2025-02-08 10:00:00,2025-02-08 14:00:00,274.0,2025-02-08 10:00:00,2025-02-08 14:00:00,327.0,2025-02-08 10:00:00,2025-02-08 14:00:00,352.0,2025-02-08 10:00:00,2025-02-08 14:00:00,341.0,2025-02-08 10:00:00,2025-02-08 14:00:00,355.0110168457031,2025-02-09 10:00:00,212.26657104492188,2025-02-09 10:00:00,3.913053512573242,2025-02-09 10:00:00,86123.890625,2025-02-09 10:00:00,54.05004010194261,2025-02-09 10:00:00,336.0
2025-02-10 10:00:00,336.0,24.0,2025-02-09 10:00:00,2025-02-09 14:00:00,341.0,834.0,2025-02-09 10:00:00,2025-02-09 14:00:00,272.0,2025-02-09 10:00:00,2025-02-09 14:00:00,324.0,2025-02-09 10:00:00,2025-02-09 14:00:00,342.0,2025-02-09 10:00:00,2025-02-09 14:00:00,336.0,2025-02-09 10:00:00,2025-02-09 14:00:00,355.02520751953125,2025-02-10 10:00:00,209.85513305664065,2025-02-10 10:00:00,3.88022518157959,2025-02-10 10:00:00,83863.4375,2025-02-10 10:00:00,53.676791019594816,2025-02-10 10:00:00,341.0
2025-02-11 10:00:00,341.0,24.0,2025-02-10 10:00:00,2025-02-10 14:00:00,341.0,834.0999755859375,2025-02-10 10:00:00,2025-02-10 14:00:00,272.0,2025-02-10 10:00:00,2025-02-10 14:00:00,327.0,2025-02-10 10:00:00,2025-02-10 14:00:00,350.0,2025-02-10 10:00:00,2025-02-10 14:00:00,341.0,2025-02-10 10:00:00,2025-02-10 14:00:00,358.41815185546875,2025-02-11 10:00:00,221.44471740722656,2025-02-11 10:00:00,3.916080713272095,2025-02-11 10:00:00,88432.0546875,2025-02-11 10:00:00,53.641892319374506,2025-02-11 10:00:00,340.0
2025-02-12 10:00:00,340.0,24.0,2025-02-11 10:00:00,2025-02-11 14:00:00,340.0,836.0,2025-02-11 10:00:00,2025-02-11 14:00:00,274.0,2025-02-11 10:00:00,2025-02-11 14:00:00,325.0,2025-02-11 10:00:00,2025-02-11 14:00:00,345.0,2025-02-11 10:00:00,2025-02-11 14:00:00,340.0,2025-02-11 10:00:00,2025-02-11 14:00:00,355.6846618652344,2025-02-12 10:00:00,224.6249847412109,2025-02-12 10:00:00,3.9315145015716553,2025-02-12 10:00:00,89106.671875,2025-02-12 10:00:00,53.38973840216306,2025-02-12 10:00:00,345.0
2025-02-13 10:00:00,345.0,24.0,2025-02-12 10:00:00,2025-02-12 14:00:00,341.0,835.0,2025-02-12 10:00:00,2025-02-12 14:00:00,275.0,2025-02-12 10:00:00,2025-02-12 14:00:00,329.0,2025-02-12 10:00:00,2025-02-12 14:00:00,349.0,2025-02-12 10:00:00,2025-02-12 14:00:00,345.0,2025-02-12 10:00:00,2025-02-12 14:00:00,355.3534851074219,2025-02-13 10:00:00,227.2693786621093,2025-02-13 10:00:00,3.963143348693848,2025-02-13 10:00:00,90801.2734375,2025-02-13 10:00:00,53.93722987027809,2025-02-13 10:00:00,340.0
2025-02-14 10:00:00,340.0,24.0,2025-02-13 10:00:00,2025-02-13 14:00:00,340.0,835.0999755859375,2025-02-13 10:00:00,2025-02-13 14:00:00,274.0,2025-02-13 10:00:00,2025-02-13 14:00:00,326.0,2025-02-13 10:00:00,2025-02-13 14:00:00,351.0,2025-02-13 10:00:00,2025-02-13 14:00:00,340.0,2025-02-13 10:00:00,2025-02-13 14:00:00,360.83001708984375,2025-02-14 10:00:00,241.7470703125,2025-02-14 10:00:00,3.931718349456787,2025-02-14 10:00:00,95327.2890625,2025-02-14 10:00:00,53.701820072113605,2025-02-14 10:00:00,341.0
2025-02-15 10:00:00,341.0,24.0,2025-02-14 10:00:00,2025-02-14 14:00:00,341.0,834.9000244140625,2025-02-14 10:00:00,2025-02-14 14:00:00,274.0,2025-02-14 10:00:00,2025-02-14 14:00:00,326.0,2025-02-14 10:00:00,2025-02-14 14:00:00,346.0,2025-02-14 10:00:00,2025-02-14 14:00:00,341.0,2025-02-14 10:00:00,2025-02-14 14:00:00,353.14990234375,2025-02-15 10:00:00,145.56837463378906,2025-02-15 10:00:00,3.9427490234375,2025-02-15 10:00:00,91729.7421875,2025-02-15 10:00:00,53.77132313944753,2025-02-15 10:00:00,335.0
2025-02-16 10:00:00,335.0,24.0,2025-02-15 10:00:00,2025-02-15 14:00:00,340.0,835.0999755859375,2025-02-15 10:00:00,2025-02-15 14:00:00,271.0,2025-02-15 10:00:00,2025-02-15 14:00:00,322.0,2025-02-15 10:00:00,2025-02-15 14:00:00,351.0,2025-02-15 10:00:00,2025-02-15 14:00:00,335.0,2025-02-15 10:00:00,2025-02-15 14:00:00,366.4810485839844,2025-02-16 10:00:00,223.4298858642578,2025-02-16 10:00:00,3.7992992401123047,2025-02-16 10:00:00,96340.7421875,2025-02-16 10:00:00,53.08616070770927,2025-02-16 10:00:00,346.0
2025-02-17 10:00:00,346.0,24.0,2025-02-16 10:00:00,2025-02-16 14:00:00,341.0,835.9000244140625,2025-02-16 10:00:00,2025-02-16 14:00:00,272.0,2025-02-16 10:00:00,2025-02-16 14:00:00,334.0,2025-02-16 10:00:00,2025-02-16 14:00:00,351.0,2025-02-16 10:00:00,2025-02-16 14:00:00,346.0,2025-02-16 10:00:00,2025-02-16 14:00:00,361.9593200683594,2025-02-17 10:00:00,244.1544342041016,2025-02-17 10:00:00,3.84893536567688,2025-02-17 10:00:00,95315.359375,2025-02-17 10:00:00,53.016194986708456,2025-02-17 10:00:00,339.0
2025-02-18 10:00:00,339.0,24.0,2025-02-17 10:00:00,2025-02-17 14:00:00,339.0,837.4000244140625,2025-02-17 10:00:00,2025-02-17 14:00:00,273.0,2025-02-17 10:00:00,2025-02-17 14:00:00,326.0,2025-02-17 10:00:00,2025-02-17 14:00:00,346.0,2025-02-17 10:00:00,2025-02-17 14:00:00,339.0,2025-02-17 10:00:00,2025-02-17 14:00:00,361.2785034179688,2025-02-18 10:00:00,246.62042236328125,2025-02-18 10:00:00,3.898076057434082,2025-02-18 10:00:00,89778.125,2025-02-18 10:00:00,52.70384450160748,2025-02-18 10:00:00,338.0
2025-02-19 10:00:00,338.0,24.0,2025-02-18 10:00:00,2025-02-18 14:00:00,339.0,836.9000244140625,2025-02-18 10:00:00,2025-02-18 14:00:00,273.0,2025-02-18 10:00:00,2025-02-18 14:00:00,324.0,2025-02-18 10:00:00,2025-02-18 14:00:00,345.0,2025-02-18 10:00:00,2025-02-18 14:00:00,338.0,2025-02-18 10:00:00,2025-02-18 14:00:00,362.9521484375,2025-02-19 10:00:00,246.0282287597656,2025-02-19 10:00:00,3.81628942489624,2025-02-19 10:00:00,90433.6875,2025-02-19 10:00:00,52.87597889169308,2025-02-19 10:00:00,340.0
2025-02-20 10:00:00,340.0,24.0,2025-02-19 10:00:00,2025-02-19 14:00:00,339.0,838.2000122070312,2025-02-19 10:00:00,2025-02-19 14:00:00,272.0,2025-02-19 10:00:00,2025-02-19 14:00:00,325.0,2025-02-19 10:00:00,2025-02-19 14:00:00,343.0,2025-02-19 10:00:00,2025-02-19 14:00:00,340.0,2025-02-19 10:00:00,2025-02-19 14:00:00,361.8235473632813,2025-02-20 10:00:00,242.5878753662109,2025-02-20 10:00:00,3.8603885173797607,2025-02-20 10:00:00,88460.5703125,2025-02-20 10:00:00,52.22402459455509,2025-02-20 10:00:00,338.0
2025-02-21 10:00:00,338.0,24.0,2025-02-20 10:00:00,2025-02-20 14:00:00,338.0,833.9000244140625,2025-02-20 10:00:00,2025-02-20 14:00:00,271.0,2025-02-20 10:00:00,2025-02-20 14:00:00,324.0,2025-02-20 10:00:00,2025-02-20 14:00:00,343.0,2025-02-20 10:00:00,2025-02-20 14:00:00,338.0,2025-02-20 10:00:00,2025-02-20 14:00:00,361.2572937011719,2025-02-21 10:00:00,244.9969482421875,2025-02-21 10:00:00,3.8267650604248047,2025-02-21 10:00:00,91664.046875,2025-02-21 10:00:00,53.50419362521404,2025-02-21 10:00:00,341.0
2025-02-22 10:00:00,341.0,24.0,2025-02-21 10:00:00,2025-02-21 14:00:00,340.0,834.5,2025-02-21 10:00:00,2025-02-21 14:00:00,272.0,2025-02-21 10:00:00,2025-02-21 14:00:00,326.0,2025-02-21 10:00:00,2025-02-21 14:00:00,355.0,2025-02-21 10:00:00,2025-02-21 14:00:00,341.0,2025-02-21 10:00:00,2025-02-21 14:00:00,361.2540893554688,2025-02-22 10:00:00,249.7511749267578,2025-02-22 10:00:00,3.848620176315308,2025-02-22 10:00:00,94219.96875,2025-02-22 10:00:00,53.50240986459494,2025-02-22 10:00:00,344.0
2025-02-23 10:00:00,344.0,24.0,2025-02-22 10:00:00,2025-02-22 14:00:00,341.0,834.2000122070312,2025-02-22 10:00:00,2025-02-22 14:00:00,271.0,2025-02-22 10:00:00,2025-02-22 14:00:00,329.0,2025-02-22 10:00:00,2025-02-22 14:00:00,346.0,2025-02-22 10:00:00,2025-02-22 14:00:00,344.0,2025-02-22 10:00:00,2025-02-22 14:00:00,362.9976196289063,2025-02-23 10:00:00,243.3878936767578,2025-02-23 10:00:00,3.824203968048096,2025-02-23 10:00:00,92693.125,2025-02-23 10:00:00,53.39947623306068,2025-02-23 10:00:00,344.0
2025-02-24 10:00:00,344.0,24.0,2025-02-23 10:00:00,2025-02-23 14:00:00,344.0,834.2999877929688,2025-02-23 10:00:00,2025-02-23 14:00:00,272.0,2025-02-23 10:00:00,2025-02-23 14:00:00,330.0,2025-02-23 10:00:00,2025-02-23 14:00:00,344.0,2025-02-23 10:00:00,2025-02-23 14:00:00,344.0,2025-02-23 10:00:00,2025-02-23 14:00:00,361.7969665527344,2025-02-24 10:00:00,235.8132476806641,2025-02-24 10:00:00,3.958768844604492,2025-02-24 10:00:00,93558.6171875,2025-02-24 10:00:00,53.572120098601545,2025-02-24 10:00:00,347.0
2025-02-25 10:00:00,347.0,24.0,2025-02-24 10:00:00,2025-02-24 14:00:00,344.0,835.5,2025-02-24 10:00:00,2025-02-24 14:00:00,275.0,2025-02-24 10:00:00,2025-02-24 14:00:00,333.0,2025-02-24 10:00:00,2025-02-24 14:00:00,355.0,2025-02-24 10:00:00,2025-02-24 14:00:00,347.0,2025-02-24 10:00:00,2025-02-24 14:00:00,359.83697509765625,2025-02-25 10:00:00,244.9213714599609,2025-02-25 10:00:00,3.742486715316773,2025-02-25 10:00:00,94903.4765625,2025-02-25 10:00:00,53.76362345527798,2025-02-25 10:00:00,340.0
2025-02-26 10:00:00,340.0,24.0,2025-02-25 10:00:00,2025-02-25 14:00:00,344.0,834.5999755859375,2025-02-25 10:00:00,2025-02-25 14:00:00,272.0,2025-02-25 10:00:00,2025-02-25 14:00:00,325.0,2025-02-25 10:00:00,2025-02-25 14:00:00,353.0,2025-02-25 10:00:00,2025-02-25 14:00:00,340.0,2025-02-25 10:00:00,2025-02-25 14:00:00,358.7354431152344,2025-02-26 10:00:00,240.73570251464844,2025-02-26 10:00:00,3.9109296798706055,2025-02-26 10:00:00,96517.171875,2025-02-26 10:00:00,53.46758861945989,2025-02-26 10:00:00,339.0
2025-02-27 10:00:00,339.0,24.0,2025-02-26 10:00:00,2025-02-26 14:00:00,340.0,833.5,2025-02-26 10:00:00,2025-02-26 14:00:00,270.0,2025-02-26 10:00:00,2025-02-26 14:00:00,324.0,2025-02-26 10:00:00,2025-02-26 14:00:00,343.0,2025-02-26 10:00:00,2025-02-26 14:00:00,339.0,2025-02-26 10:00:00,2025-02-26 14:00:00,360.3775329589844,2025-02-27 10:00:00,244.01809692382807,2025-02-27 10:00:00,3.882028579711914,2025-02-27 10:00:00,97125.3828125,2025-02-27 10:00:00,53.434224462733255,2025-02-27 10:00:00,340.0
2025-02-28 10:00:00,340.0,24.0,2025-02-27 10:00:00,2025-02-27 14:00:00,340.0,834.4000244140625,2025-02-27 10:00:00,2025-02-27 14:00:00,272.0,2025-02-27 10:00:00,2025-02-27 14:00:00,326.0,2025-02-27 10:00:00,2025-02-27 14:00:00,345.0,2025-02-27 10:00:00,2025-02-27 14:00:00,340.0,2025-02-27 10:00:00,2025-02-27 14:00:00,355.89910888671875,2025-02-28 10:00:00,235.072006225586,2025-02-28 10:00:00,3.908079862594605,2025-02-28 10:00:00,96519.84375,2025-02-28 10:00:00,53.53724659696479,2025-02-28 10:00:00,345.0
2025-03-01 10:00:00,345.0,24.0,2025-02-28 10:00:00,2025-02-28 14:00:00,340.0,834.2999877929688,2025-02-28 10:00:00,2025-02-28 14:00:00,273.0,2025-02-28 10:00:00,2025-02-28 14:00:00,329.0,2025-02-28 10:00:00,2025-02-28 14:00:00,349.0,2025-02-28 10:00:00,2025-02-28 14:00:00,345.0,2025-02-28 10:00:00,2025-02-28 14:00:00,359.4974365234375,2025-03-01 10:00:00,217.18771362304688,2025-03-01 10:00:00,3.960650205612183,2025-03-01 10:00:00,88825.4765625,2025-03-01 10:00:00,53.77733489375703,2025-03-01 10:00:00,346.0
2025-03-02 10:00:00,346.0,24.0,2025-03-01 10:00:00,2025-03-01 14:00:00,345.0,835.4000244140625,2025-03-01 10:00:00,2025-03-01 14:00:00,275.0,2025-03-01 10:00:00,2025-03-01 14:00:00,330.0,2025-03-01 10:00:00,2025-03-01 14:00:00,351.0,2025-03-01 10:00:00,2025-03-01 14:00:00,346.0,2025-03-01 10:00:00,2025-03-01 14:00:00,356.7504577636719,2025-03-02 10:00:00,225.5435485839844,2025-03-02 10:00:00,3.886597394943237,2025-03-02 10:00:00,91563.9453125,2025-03-02 10:00:00,53.79830527747731,2025-03-02 10:00:00,343.0
2025-03-03 10:00:00,343.0,24.0,2025-03-02 10:00:00,2025-03-02 14:00:00,345.0,832.7999877929688,2025-03-02 10:00:00,2025-03-02 14:00:00,272.0,2025-03-02 10:00:00,2025-03-02 14:00:00,327.0,2025-03-02 10:00:00,2025-03-02 14:00:00,343.0,2025-03-02 10:00:00,2025-03-02 14:00:00,343.0,2025-03-02 10:00:00,2025-03-02 14:00:00,356.8664855957031,2025-03-03 10:00:00,215.2310943603516,2025-03-03 10:00:00,3.905308723449707,2025-03-03 10:00:00,95038.78125,2025-03-03 10:00:00,54.09689054597345,2025-03-03 10:00:00,345.0
2025-03-06 10:00:00,,72.0,2025-03-03 10:00:00,2025-03-03 14:00:00,,,2025-03-03 10:00:00,2025-03-03 14:00:00,,2025-03-03 10:00:00,2025-03-03 14:00:00,,2025-03-03 10:00:00,2025-03-03 14:00:00,344.0,2025-03-05 10:00:00,2025-03-05 14:00:00,,2025-03-03 10:00:00,2025-03-03 14:00:00,356.4123840332031,2025-03-06 10:00:00,226.292724609375,2025-03-06 10:00:00,3.8645734786987305,2025-03-06 10:00:00,91622.9921875,2025-03-06 10:00:00,,2025-03-06 10:00:00,341.0
2025-03-07 10:00:00,341.0,24.0,2025-03-06 10:00:00,2025-03-06 14:00:00,343.0,831.7999877929688,2025-03-06 10:00:00,2025-03-06 14:00:00,270.0,2025-03-06 10:00:00,2025-03-06 14:00:00,322.0,2025-03-06 10:00:00,2025-03-06 14:00:00,345.0,2025-03-06 10:00:00,2025-03-06 14:00:00,341.0,2025-03-06 10:00:00,2025-03-06 14:00:00,359.3690185546875,2025-03-07 10:00:00,216.2406463623047,2025-03-07 10:00:00,3.898765563964844,2025-03-07 10:00:00,93360.375,2025-03-07 10:00:00,54.03133927902638,2025-03-07 10:00:00,348.0
2025-03-08 10:00:00,348.0,24.0,2025-03-07 10:00:00,2025-03-07 14:00:00,345.0,835.0,2025-03-07 10:00:00,2025-03-07 14:00:00,271.0,2025-03-07 10:00:00,2025-03-07 14:00:00,330.0,2025-03-07 10:00:00,2025-03-07 14:00:00,345.0,2025-03-07 10:00:00,2025-03-07 14:00:00,348.0,2025-03-07 10:00:00,2025-03-07 14:00:00,359.8594665527344,2025-03-08 10:00:00,218.2755584716797,2025-03-08 10:00:00,3.895568370819092,2025-03-08 10:00:00,95793.390625,2025-03-08 10:00:00,53.1209044977586,2025-03-08 10:00:00,360.0
2025-03-09 10:00:00,360.0,24.0,2025-03-08 10:00:00,2025-03-08 14:00:00,348.0,828.2999877929688,2025-03-08 10:00:00,2025-03-08 14:00:00,280.0,2025-03-08 10:00:00,2025-03-08 14:00:00,350.0,2025-03-08 10:00:00,2025-03-08 14:00:00,354.0,2025-03-08 10:00:00,2025-03-08 14:00:00,360.0,2025-03-08 10:00:00,2025-03-08 14:00:00,360.6824951171875,2025-03-09 10:00:00,223.1934051513672,2025-03-09 10:00:00,3.889239549636841,2025-03-09 10:00:00,90110.0,2025-03-09 10:00:00,57.270767725259816,2025-03-09 10:00:00,350.0
2025-03-10 10:00:00,350.0,24.0,2025-03-09 10:00:00,2025-03-09 14:00:00,350.0,836.2999877929688,2025-03-09 10:00:00,2025-03-09 14:00:00,273.0,2025-03-09 10:00:00,2025-03-09 14:00:00,335.0,2025-03-09 10:00:00,2025-03-09 14:00:00,355.0,2025-03-09 10:00:00,2025-03-09 14:00:00,350.0,2025-03-09 10:00:00,2025-03-09 14:00:00,360.8201904296875,2025-03-10 10:00:00,223.9093780517578,2025-03-10 10:00:00,3.902110099792481,2025-03-10 10:00:00,91832.015625,2025-03-10 10:00:00,53.08306414392803,2025-03-10 10:00:00,351.0
2025-03-11 10:00:00,351.0,24.0,2025-03-10 10:00:00,2025-03-10 14:00:00,351.0,834.5999755859375,2025-03-10 10:00:00,2025-03-10 14:00:00,274.0,2025-03-10 10:00:00,2025-03-10 14:00:00,337.0,2025-03-10 10:00:00,2025-03-10 14:00:00,355.0,2025-03-11 00:28:53,2025-03-11 04:28:53,351.0,2025-03-10 10:00:00,2025-03-10 14:00:00,359.5260925292969,2025-03-11 10:00:00,221.920654296875,2025-03-11 10:00:00,3.9181971549987793,2025-03-11 10:00:00,93075.6796875,2025-03-11 10:00:00,53.875736402028,2025-03-11 10:00:00,350.0
2025-03-12 10:00:00,350.0,24.0,2025-03-11 10:00:00,2025-03-11 14:00:00,350.0,833.0,2025-03-11 10:00:00,2025-03-11 14:00:00,274.0,2025-03-11 10:00:00,2025-03-11 14:00:00,336.0,2025-03-11 10:00:00,2025-03-11 14:00:00,359.0,2025-03-11 10:00:00,2025-03-11 14:00:00,350.0,2025-03-11 10:00:00,2025-03-11 14:00:00,354.021240234375,2025-03-12 10:00:00,229.346908569336,2025-03-12 10:00:00,3.873427629470825,2025-03-12 10:00:00,95691.3125,2025-03-12 10:00:00,54.43486322216313,2025-03-12 10:00:00,359.0
2025-03-13 10:00:00,359.0,24.0,2025-03-12 10:00:00,2025-03-12 14:00:00,351.0,832.0,2025-03-12 10:00:00,2025-03-12 14:00:00,278.0,2025-03-12 10:00:00,2025-03-12 14:00:00,343.0,2025-03-12 10:00:00,2025-03-12 14:00:00,352.0,2025-03-12 10:00:00,2025-03-12 14:00:00,359.0,2025-03-12 10:00:00,2025-03-12 14:00:00,361.6332702636719,2025-03-13 10:00:00,232.5775756835937,2025-03-13 10:00:00,3.8684141635894775,2025-03-13 10:00:00,96256.4609375,2025-03-13 10:00:00,55.57554534851727,2025-03-13 10:00:00,364.0
2025-03-13 22:00:00,364.0,12.0,2025-03-13 10:00:00,2025-03-13 14:00:00,359.0,833.7999877929688,2025-03-13 10:00:00,2025-03-13 14:00:00,278.0,2025-03-13 10:00:00,2025-03-13 14:00:00,345.0,2025-03-13 10:00:00,2025-03-13 14:00:00,353.0,2025-03-13 10:00:00,2025-03-13 14:00:00,364.0,2025-03-13 10:00:00,2025-03-13 14:00:00,358.9098205566406,2025-03-13 22:00:00,232.71286010742188,2025-03-13 22:00:00,3.900763273239136,2025-03-13 22:00:00,95929.8671875,2025-03-13 22:00:00,54.944012219981346,2025-03-13 22:00:00,354.0
2025-03-14 10:00:00,354.0,12.0,2025-03-13 22:00:00,2025-03-14 02:00:00,359.0,833.7999877929688,2025-03-13 10:00:00,2025-03-13 14:00:00,275.0,2025-03-13 22:00:00,2025-03-14 02:00:00,340.0,2025-03-13 22:00:00,2025-03-14 02:00:00,353.0,2025-03-13 10:00:00,2025-03-13 14:00:00,354.0,2025-03-13 22:00:00,2025-03-14 02:00:00,356.7931213378906,2025-03-14 10:00:00,225.96319580078125,2025-03-14 10:00:00,3.857567548751831,2025-03-14 10:00:00,93685.7265625,2025-03-14 10:00:00,54.35547000174222,2025-03-14 10:00:00,360.0
2025-03-15 10:00:00,360.0,24.0,2025-03-14 10:00:00,2025-03-14 14:00:00,360.0,828.7999877929688,2025-03-14 10:00:00,2025-03-14 14:00:00,278.0,2025-03-14 10:00:00,2025-03-14 14:00:00,342.0,2025-03-14 10:00:00,2025-03-14 14:00:00,347.0,2025-03-14 10:00:00,2025-03-14 14:00:00,360.0,2025-03-14 10:00:00,2025-03-14 14:00:00,357.99188232421875,2025-03-15 10:00:00,221.9190368652344,2025-03-15 10:00:00,3.876600742340088,2025-03-15 10:00:00,91083.0625,2025-03-15 10:00:00,56.710678694554076,2025-03-15 10:00:00,360.0
2025-03-16 10:00:00,360.0,24.0,2025-03-15 10:00:00,2025-03-15 14:00:00,360.0,834.4000244140625,2025-03-15 10:00:00,2025-03-15 14:00:00,278.0,2025-03-15 10:00:00,2025-03-15 14:00:00,344.0,2025-03-15 10:00:00,2025-03-15 14:00:00,350.0,2025-03-15 10:00:00,2025-03-15 14:00:00,360.0,2025-03-15 10:00:00,2025-03-15 14:00:00,359.0548095703125,2025-03-16 10:00:00,224.35479736328125,2025-03-16 10:00:00,3.723040580749512,2025-03-16 10:00:00,88942.734375,2025-03-16 10:00:00,54.73460260588706,2025-03-16 10:00:00,350.0
2025-03-17 10:00:00,350.0,24.0,2025-03-16 10:00:00,2025-03-16 14:00:00,360.0,834.7000122070312,2025-03-16 10:00:00,2025-03-16 14:00:00,274.0,2025-03-16 10:00:00,2025-03-16 14:00:00,330.0,2025-03-16 10:00:00,2025-03-16 14:00:00,347.0,2025-03-16 10:00:00,2025-03-16 14:00:00,350.0,2025-03-16 10:00:00,2025-03-16 14:00:00,359.2854309082031,2025-03-17 10:00:00,213.6468048095703,2025-03-17 10:00:00,3.783744335174561,2025-03-17 10:00:00,84167.4140625,2025-03-17 10:00:00,53.84090939992211,2025-03-17 10:00:00,346.0
2025-03-18 10:00:00,346.0,24.0,2025-03-17 10:00:00,2025-03-17 14:00:00,350.0,837.2000122070312,2025-03-17 10:00:00,2025-03-17 14:00:00,274.0,2025-03-17 10:00:00,2025-03-17 14:00:00,331.0,2025-03-17 10:00:00,2025-03-17 14:00:00,366.0,2025-03-17 10:00:00,2025-03-17 14:00:00,346.0,2025-03-17 10:00:00,2025-03-17 14:00:00,361.0497131347656,2025-03-18 10:00:00,209.7652282714844,2025-03-18 10:00:00,3.792238712310791,2025-03-18 10:00:00,83222.3671875,2025-03-18 10:00:00,52.97558896220869,2025-03-18 10:00:00,366.0
2025-03-18 22:00:00,366.0,12.0,2025-03-18 10:00:00,2025-03-18 14:00:00,350.0,837.5,2025-03-18 10:00:00,2025-03-18 14:00:00,285.0,2025-03-18 10:00:00,2025-03-18 14:00:00,348.0,2025-03-18 10:00:00,2025-03-18 14:00:00,360.0,2025-03-18 10:00:00,2025-03-18 14:00:00,366.0,2025-03-18 10:00:00,2025-03-18 14:00:00,349.93121337890625,2025-03-18 22:00:00,183.8623046875,2025-03-18 22:00:00,3.927625417709351,2025-03-18 22:00:00,85020.3125,2025-03-18 22:00:00,54.95820635511802,2025-03-18 22:00:00,359.0
2025-03-19 10:00:00,359.0,12.0,2025-03-18 22:00:00,2025-03-19 02:00:00,359.0,837.5,2025-03-18 10:00:00,2025-03-18 14:00:00,284.0,2025-03-18 22:00:00,2025-03-19 02:00:00,343.0,2025-03-18 22:00:00,2025-03-19 02:00:00,360.0,2025-03-18 10:00:00,2025-03-18 14:00:00,359.0,2025-03-18 22:00:00,2025-03-19 02:00:00,352.3033142089844,2025-03-19 10:00:00,189.7686767578125,2025-03-19 10:00:00,3.855611562728882,2025-03-19 10:00:00,83636.9140625,2025-03-19 10:00:00,54.779426268003476,2025-03-19 10:00:00,359.0
2025-03-19 22:00:00,359.0,12.0,2025-03-19 10:00:00,2025-03-19 14:00:00,359.0,838.2000122070312,2025-03-19 10:00:00,2025-03-19 14:00:00,285.0,2025-03-19 10:00:00,2025-03-19 14:00:00,345.0,2025-03-19 10:00:00,2025-03-19 14:00:00,362.0,2025-03-19 10:00:00,2025-03-19 14:00:00,359.0,2025-03-19 10:00:00,2025-03-19 14:00:00,355.509521484375,2025-03-19 22:00:00,176.904296875,2025-03-19 22:00:00,3.9233906269073486,2025-03-19 22:00:00,85061.3671875,2025-03-19 22:00:00,54.71797324507827,2025-03-19 22:00:00,365.0
2025-03-20 10:00:00,365.0,12.0,2025-03-19 22:00:00,2025-03-20 02:00:00,359.0,838.2000122070312,2025-03-19 10:00:00,2025-03-19 14:00:00,286.0,2025-03-19 22:00:00,2025-03-20 02:00:00,348.0,2025-03-19 22:00:00,2025-03-20 02:00:00,362.0,2025-03-19 10:00:00,2025-03-19 14:00:00,365.0,2025-03-19 22:00:00,2025-03-20 02:00:00,353.70782470703125,2025-03-20 10:00:00,189.74615478515625,2025-03-20 10:00:00,3.9005937576293945,2025-03-20 10:00:00,85625.890625,2025-03-20 10:00:00,54.89464009307528,2025-03-20 10:00:00,346.0
2025-03-21 10:00:00,346.0,24.0,2025-03-20 10:00:00,2025-03-20 14:00:00,359.0,834.4000244140625,2025-03-20 10:00:00,2025-03-20 14:00:00,274.0,2025-03-20 10:00:00,2025-03-20 14:00:00,331.0,2025-03-20 10:00:00,2025-03-20 14:00:00,343.0,2025-03-20 10:00:00,2025-03-20 14:00:00,346.0,2025-03-20 10:00:00,2025-03-20 14:00:00,356.6158447265625,2025-03-21 10:00:00,204.701416015625,2025-03-21 10:00:00,3.927859306335449,2025-03-21 10:00:00,84044.90625,2025-03-21 10:00:00,53.9453943795329,2025-03-21 10:00:00,342.0
2025-03-22 10:00:00,342.0,24.0,2025-03-21 10:00:00,2025-03-21 14:00:00,346.0,835.2999877929688,2025-03-21 10:00:00,2025-03-21 14:00:00,273.0,2025-03-21 10:00:00,2025-03-21 14:00:00,326.0,2025-03-21 10:00:00,2025-03-21 14:00:00,360.0,2025-03-21 10:00:00,2025-03-21 14:00:00,342.0,2025-03-21 10:00:00,2025-03-21 14:00:00,364.8352661132813,2025-03-22 10:00:00,245.5424041748047,2025-03-22 10:00:00,3.917743444442749,2025-03-22 10:00:00,97770.3046875,2025-03-22 10:00:00,53.42942477884242,2025-03-22 10:00:00,366.0
2025-03-22 22:49:31,366.0,12.825277777777778,2025-03-22 10:00:00,2025-03-22 14:00:00,346.0,835.5999755859375,2025-03-22 10:00:00,2025-03-22 14:00:00,286.0,2025-03-22 10:00:00,2025-03-22 14:00:00,349.0,2025-03-22 10:00:00,2025-03-22 14:00:00,367.0,2025-03-22 10:00:00,2025-03-22 14:00:00,366.0,2025-03-22 10:00:00,2025-03-22 14:00:00,366.77435302734375,2025-03-22 22:40:00,244.20388793945312,2025-03-22 22:40:00,3.866689682006836,2025-03-22 22:40:00,97557.71875,2025-03-22 22:40:00,55.7907588281513,2025-03-22 22:49:31,349.0
2025-03-23 10:00:00,349.0,11.174722222222222,2025-03-22 22:49:31,2025-03-23 02:49:31,349.0,835.5999755859375,2025-03-22 10:00:00,2025-03-22 14:00:00,280.0,2025-03-22 22:49:31,2025-03-23 02:49:31,336.0,2025-03-22 22:49:31,2025-03-23 02:49:31,367.0,2025-03-22 10:00:00,2025-03-22 14:00:00,349.0,2025-03-22 22:49:31,2025-03-23 02:49:31,371.2540283203125,2025-03-23 10:00:00,244.1930084228516,2025-03-23 10:00:00,3.8658077716827393,2025-03-23 10:00:00,98017.046875,2025-03-23 10:00:00,54.69879118680194,2025-03-23 10:00:00,348.0
2025-03-24 10:00:00,348.0,24.0,2025-03-23 10:00:00,2025-03-23 14:00:00,349.0,836.5999755859375,2025-03-23 10:00:00,2025-03-23 14:00:00,273.0,2025-03-23 10:00:00,2025-03-23 14:00:00,330.0,2025-03-23 10:00:00,2025-03-23 14:00:00,363.0,2025-03-23 10:00:00,2025-03-23 14:00:00,348.0,2025-03-23 10:00:00,2025-03-23 14:00:00,365.373779296875,2025-03-24 10:00:00,231.0506286621093,2025-03-24 10:00:00,3.9864425659179688,2025-03-24 10:00:00,97318.7421875,2025-03-24 10:00:00,52.97946231495723,2025-03-24 10:00:00,354.0
2025-03-25 10:00:00,354.0,24.0,2025-03-24 10:00:00,2025-03-24 14:00:00,349.0,833.7999877929688,2025-03-25 06:00:00,2025-03-25 10:00:00,280.0,2025-03-24 10:00:00,2025-03-24 14:00:00,336.0,2025-03-24 10:00:00,2025-03-24 14:00:00,346.0,2025-03-24 10:00:00,2025-03-24 14:00:00,354.0,2025-03-24 10:00:00,2025-03-24 14:00:00,358.8030090332031,2025-03-25 10:00:00,225.3709411621093,2025-03-25 10:00:00,3.9117860794067374,2025-03-25 10:00:00,95267.1875,2025-03-25 10:00:00,55.32530406822991,2025-03-25 10:00:00,347.0
2025-03-26 10:00:00,347.0,24.0,2025-03-25 10:00:00,2025-03-25 14:00:00,348.0,833.5,2025-03-25 10:00:00,2025-03-25 14:00:00,273.0,2025-03-25 10:00:00,2025-03-25 14:00:00,330.0,2025-03-25 10:00:00,2025-03-25 14:00:00,351.0,2025-03-25 10:00:00,2025-03-25 14:00:00,347.0,2025-03-25 10:00:00,2025-03-25 14:00:00,355.2393493652344,2025-03-26 10:00:00,225.88319396972656,2025-03-26 10:00:00,3.972745656967163,2025-03-26 10:00:00,95723.1640625,2025-03-26 10:00:00,54.05677433975018,2025-03-26 10:00:00,356.0
2025-03-27 10:00:00,356.0,24.0,2025-03-26 10:00:00,2025-03-26 14:00:00,354.0,835.0,2025-03-26 10:00:00,2025-03-26 14:00:00,280.0,2025-03-26 10:00:00,2025-03-26 14:00:00,340.0,2025-03-26 10:00:00,2025-03-26 14:00:00,342.0,2025-03-26 10:00:00,2025-03-26 14:00:00,356.0,2025-03-26 10:00:00,2025-03-26 14:00:00,354.0553283691406,2025-03-27 10:00:00,210.3071136474609,2025-03-27 10:00:00,3.963606834411621,2025-03-27 10:00:00,88695.4765625,2025-03-27 10:00:00,54.90706393676578,2025-03-27 10:00:00,353.0
2025-03-29 10:00:00,353.0,48.0,2025-03-27 10:00:00,2025-03-27 14:00:00,353.0,833.5999755859375,2025-03-27 10:00:00,2025-03-27 14:00:00,280.0,2025-03-27 10:00:00,2025-03-27 14:00:00,335.0,2025-03-27 10:00:00,2025-03-27 14:00:00,344.0,2025-03-28 10:00:00,2025-03-28 14:00:00,353.0,2025-03-27 10:00:00,2025-03-27 14:00:00,353.9753723144531,2025-03-29 10:00:00,195.6327667236328,2025-03-29 10:00:00,3.916197061538696,2025-03-29 10:00:00,85710.4453125,2025-03-29 10:00:00,55.39523124645996,2025-03-29 10:00:00,345.0
2025-03-30 10:00:00,345.0,24.0,2025-03-29 10:00:00,2025-03-29 14:00:00,353.0,834.2000122070312,2025-03-29 10:00:00,2025-03-29 14:00:00,274.0,2025-03-29 10:00:00,2025-03-29 14:00:00,330.0,2025-03-29 10:00:00,2025-03-29 14:00:00,348.0,2025-03-29 10:00:00,2025-03-29 14:00:00,345.0,2025-03-29 10:00:00,2025-03-29 14:00:00,358.1457824707031,2025-03-30 10:00:00,221.7525787353516,2025-03-30 10:00:00,3.8743042945861816,2025-03-30 10:00:00,87406.890625,2025-03-30 10:00:00,54.01513559746502,2025-03-30 10:00:00,357.0
2025-03-31 10:00:00,357.0,24.0,2025-03-30 10:00:00,2025-03-30 14:00:00,353.0,834.5999755859375,2025-03-30 10:00:00,2025-03-30 14:00:00,280.0,2025-03-30 10:00:00,2025-03-30 14:00:00,340.0,2025-03-30 10:00:00,2025-03-30 14:00:00,359.0,2025-03-30 10:00:00,2025-03-30 14:00:00,357.0,2025-03-30 10:00:00,2025-03-30 14:00:00,356.9861145019531,2025-03-31 10:00:00,217.57672119140625,2025-03-31 10:00:00,3.8925607204437256,2025-03-31 10:00:00,87168.2890625,2025-03-31 10:00:00,55.04623647663084,2025-03-31 10:00:00,351.0
2025-04-01 10:00:00,351.0,24.0,2025-03-31 10:00:00,2025-03-31 14:00:00,351.0,834.5999755859375,2025-03-31 10:00:00,2025-03-31 14:00:00,280.0,2025-03-31 10:00:00,2025-03-31 14:00:00,336.0,2025-03-31 10:00:00,2025-03-31 14:00:00,348.0,2025-03-31 10:00:00,2025-03-31 14:00:00,351.0,2025-03-31 10:00:00,2025-03-31 14:00:00,350.4095458984375,2025-04-01 10:00:00,170.6295166015625,2025-04-01 10:00:00,3.924957036972046,2025-04-01 10:00:00,86662.4921875,2025-04-01 10:00:00,55.04623647663084,2025-04-01 10:00:00,340.0
2025-04-02 10:00:00,340.0,24.0,2025-04-01 10:00:00,2025-04-01 14:00:00,351.0,835.4000244140625,2025-04-01 10:00:00,2025-04-01 14:00:00,275.0,2025-04-01 10:00:00,2025-04-01 14:00:00,325.0,2025-04-01 10:00:00,2025-04-01 14:00:00,357.0,2025-04-01 10:00:00,2025-04-01 14:00:00,340.0,2025-04-01 10:00:00,2025-04-01 14:00:00,346.22802734375,2025-04-02 10:00:00,154.27252197265625,2025-04-02 10:00:00,3.82080340385437,2025-04-02 10:00:00,81133.21875,2025-04-02 10:00:00,53.79830527747731,2025-04-02 10:00:00,336.0
2025-04-03 10:00:00,336.0,24.0,2025-04-02 10:00:00,2025-04-02 14:00:00,340.0,834.2999877929688,2025-04-02 10:00:00,2025-04-02 14:00:00,270.0,2025-04-02 10:00:00,2025-04-02 14:00:00,324.0,2025-04-02 10:00:00,2025-04-02 14:00:00,360.0,2025-04-02 10:00:00,2025-04-02 14:00:00,336.0,2025-04-02 10:00:00,2025-04-02 14:00:00,359.0106201171875,2025-04-03 10:00:00,190.9013214111328,2025-04-03 10:00:00,3.818301200866699,2025-04-03 10:00:00,89547.5390625,2025-04-03 10:00:00,53.15478501673999,2025-04-03 10:00:00,344.0
2025-04-05 10:00:00,344.0,48.0,2025-04-03 10:00:00,2025-04-03 14:00:00,340.0,836.0,2025-04-03 10:00:00,2025-04-03 14:00:00,274.0,2025-04-03 10:00:00,2025-04-03 14:00:00,330.0,2025-04-03 10:00:00,2025-04-03 14:00:00,360.0,2025-04-04 10:00:00,2025-04-04 14:00:00,344.0,2025-04-03 10:00:00,2025-04-03 14:00:00,347.1886901855469,2025-04-05 10:00:00,172.2168426513672,2025-04-05 10:00:00,3.910198926925659,2025-04-05 10:00:00,83185.4140625,2025-04-05 10:00:00,53.38973840216306,2025-04-05 10:00:00,355.0
2025-04-06 10:00:00,355.0,24.0,2025-04-05 10:00:00,2025-04-05 14:00:00,344.0,833.4000244140625,2025-04-05 10:00:00,2025-04-05 14:00:00,275.0,2025-04-05 10:00:00,2025-04-05 14:00:00,337.0,2025-04-05 10:00:00,2025-04-05 14:00:00,359.0,2025-04-05 10:00:00,2025-04-05 14:00:00,355.0,2025-04-05 10:00:00,2025-04-05 14:00:00,345.7310485839844,2025-04-06 10:00:00,165.14845275878906,2025-04-06 10:00:00,3.948434829711914,2025-04-06 10:00:00,81680.140625,2025-04-06 10:00:00,54.495364977818895,2025-04-06 10:00:00,354.0
2025-04-07 10:00:00,354.0,24.0,2025-04-06 10:00:00,2025-04-06 14:00:00,354.0,833.4000244140625,2025-04-06 10:00:00,2025-04-06 14:00:00,277.0,2025-04-06 10:00:00,2025-04-06 14:00:00,337.0,2025-04-06 10:00:00,2025-04-06 14:00:00,360.0,2025-04-06 10:00:00,2025-04-06 14:00:00,354.0,2025-04-06 10:00:00,2025-04-06 14:00:00,345.611572265625,2025-04-07 10:00:00,155.24658203125,2025-04-07 10:00:00,3.885706901550293,2025-04-07 10:00:00,83876.578125,2025-04-07 10:00:00,54.88995462968376,2025-04-07 10:00:00,351.0
2025-04-08 10:00:00,351.0,24.0,2025-04-07 10:00:00,2025-04-07 14:00:00,354.0,833.2999877929688,2025-04-07 10:00:00,2025-04-07 14:00:00,275.0,2025-04-07 10:00:00,2025-04-07 14:00:00,334.0,2025-04-07 10:00:00,2025-04-07 14:00:00,358.0,2025-04-07 10:00:00,2025-04-07 14:00:00,351.0,2025-04-07 10:00:00,2025-04-07 14:00:00,353.5526428222656,2025-04-08 10:00:00,172.55801391601562,2025-04-08 10:00:00,3.894781827926636,2025-04-08 10:00:00,83546.5703125,2025-04-08 10:00:00,54.530393484199635,2025-04-08 10:00:00,361.0
2025-04-09 10:00:00,361.0,24.0,2025-04-08 10:00:00,2025-04-08 14:00:00,354.0,836.0,2025-04-08 10:00:00,2025-04-08 14:00:00,280.0,2025-04-08 10:00:00,2025-04-08 14:00:00,343.0,2025-04-08 10:00:00,2025-04-08 14:00:00,361.0,2025-04-08 10:00:00,2025-04-08 14:00:00,361.0,2025-04-08 10:00:00,2025-04-08 14:00:00,353.5239562988281,2025-04-09 10:00:00,185.6041717529297,2025-04-09 10:00:00,3.8795485496521,2025-04-09 10:00:00,88291.40625,2025-04-09 10:00:00,54.5602384767659,2025-04-09 10:00:00,348.0
2025-04-10 10:00:00,348.0,24.0,2025-04-09 10:00:00,2025-04-09 14:00:00,351.0,833.2000122070312,2025-04-09 10:00:00,2025-04-09 14:00:00,275.0,2025-04-09 10:00:00,2025-04-09 14:00:00,334.0,2025-04-09 10:00:00,2025-04-09 14:00:00,360.0,2025-04-09 10:00:00,2025-04-09 14:00:00,348.0,2025-04-09 10:00:00,2025-04-09 14:00:00,354.44073486328125,2025-04-10 10:00:00,182.03121948242188,2025-04-10 10:00:00,3.8860177993774414,2025-04-10 10:00:00,86250.65625,2025-04-10 10:00:00,54.565416110665524,2025-04-10 10:00:00,361.0
2025-04-11 10:00:00,361.0,24.0,2025-04-10 10:00:00,2025-04-10 14:00:00,361.0,833.4000244140625,2025-04-10 10:00:00,2025-04-10 14:00:00,287.0,2025-04-10 10:00:00,2025-04-10 14:00:00,348.0,2025-04-10 10:00:00,2025-04-10 14:00:00,360.0,2025-04-10 10:00:00,2025-04-10 14:00:00,361.0,2025-04-10 10:00:00,2025-04-10 14:00:00,350.2652282714844,2025-04-11 10:00:00,177.05467224121094,2025-04-11 10:00:00,3.921929121017456,2025-04-11 10:00:00,86434.109375,2025-04-11 10:00:00,56.731733466820515,2025-04-11 10:00:00,356.0
2025-04-12 10:00:00,356.0,24.0,2025-04-11 10:00:00,2025-04-11 14:00:00,356.0,832.7999877929688,2025-04-11 10:00:00,2025-04-11 14:00:00,276.0,2025-04-11 10:00:00,2025-04-11 14:00:00,339.0,2025-04-11 10:00:00,2025-04-11 14:00:00,365.0,2025-04-11 10:00:00,2025-04-11 14:00:00,356.0,2025-04-11 10:00:00,2025-04-11 14:00:00,351.7730712890625,2025-04-12 10:00:00,184.6039428710937,2025-04-12 10:00:00,3.841788530349731,2025-04-12 10:00:00,92176.65625,2025-04-12 10:00:00,54.90411804546716,2025-04-12 10:00:00,358.0
2025-04-13 10:00:00,358.0,24.0,2025-04-12 10:00:00,2025-04-12 14:00:00,358.0,833.2999877929688,2025-04-12 10:00:00,2025-04-12 14:00:00,276.0,2025-04-12 10:00:00,2025-04-12 14:00:00,337.0,2025-04-12 10:00:00,2025-04-12 14:00:00,363.0,2025-04-12 10:00:00,2025-04-12 14:00:00,358.0,2025-04-12 10:00:00,2025-04-12 14:00:00,345.5841979980469,2025-04-13 10:00:00,178.70933532714844,2025-04-13 10:00:00,3.840373516082764,2025-04-13 10:00:00,89506.8671875,2025-04-13 10:00:00,54.728807193010084,2025-04-13 10:00:00,359.0
2025-04-14 10:00:00,359.0,24.0,2025-04-13 10:00:00,2025-04-13 14:00:00,358.0,830.0,2025-04-13 10:00:00,2025-04-13 14:00:00,275.0,2025-04-13 10:00:00,2025-04-13 14:00:00,339.0,2025-04-13 10:00:00,2025-04-13 14:00:00,361.0,2025-04-13 10:00:00,2025-04-13 14:00:00,359.0,2025-04-13 10:00:00,2025-04-13 14:00:00,346.13201904296875,2025-04-14 10:00:00,180.1607666015625,2025-04-14 10:00:00,3.8921632766723633,2025-04-14 10:00:00,90913.7109375,2025-04-14 10:00:00,55.694599370277956,2025-04-14 10:00:00,354.0
2025-04-15 10:00:00,354.0,24.0,2025-04-14 10:00:00,2025-04-14 14:00:00,358.0,831.0999755859375,2025-04-14 10:00:00,2025-04-14 14:00:00,270.0,2025-04-14 10:00:00,2025-04-14 14:00:00,334.0,2025-04-14 10:00:00,2025-04-14 14:00:00,366.0,2025-04-14 10:00:00,2025-04-14 14:00:00,354.0,2025-04-14 10:00:00,2025-04-14 14:00:00,349.4147033691406,2025-04-15 10:00:00,188.9644470214844,2025-04-15 10:00:00,3.8320393562316895,2025-04-15 10:00:00,90022.078125,2025-04-15 10:00:00,54.278514207000285,2025-04-15 10:00:00,350.0
2025-04-16 10:00:00,350.0,24.0,2025-04-15 10:00:00,2025-04-15 14:00:00,354.0,832.7000122070312,2025-04-15 10:00:00,2025-04-15 14:00:00,276.0,2025-04-15 10:00:00,2025-04-15 14:00:00,335.0,2025-04-15 10:00:00,2025-04-15 14:00:00,360.0,2025-04-15 10:00:00,2025-04-15 14:00:00,350.0,2025-04-15 10:00:00,2025-04-15 14:00:00,355.6041564941406,2025-04-16 10:00:00,197.16368103027344,2025-04-16 10:00:00,3.83709454536438,2025-04-16 10:00:00,82578.34375,2025-04-16 10:00:00,54.93921812701865,2025-04-16 10:00:00,358.0
2025-04-17 10:00:00,358.0,24.0,2025-04-16 10:00:00,2025-04-16 14:00:00,354.0,831.9000244140625,2025-04-16 10:00:00,2025-04-16 14:00:00,276.0,2025-04-16 10:00:00,2025-04-16 14:00:00,338.0,2025-04-16 10:00:00,2025-04-16 14:00:00,358.0,2025-04-16 10:00:00,2025-04-16 14:00:00,358.0,2025-04-16 10:00:00,2025-04-16 14:00:00,349.7200012207031,2025-04-17 10:00:00,185.5795135498047,2025-04-17 10:00:00,3.92263126373291,2025-04-17 10:00:00,84389.78125,2025-04-17 10:00:00,55.22064084688566,2025-04-17 10:00:00,352.0
2025-04-18 10:00:00,352.0,24.0,2025-04-17 10:00:00,2025-04-17 14:00:00,352.0,831.4000244140625,2025-04-17 10:00:00,2025-04-17 14:00:00,274.0,2025-04-17 10:00:00,2025-04-17 14:00:00,338.0,2025-04-17 10:00:00,2025-04-17 14:00:00,356.0,2025-04-17 10:00:00,2025-04-17 14:00:00,352.0,2025-04-17 10:00:00,2025-04-17 14:00:00,351.2949523925781,2025-04-18 10:00:00,180.8919372558593,2025-04-18 10:00:00,3.927088022232056,2025-04-18 10:00:00,84221.5234375,2025-04-18 10:00:00,54.997956590045646,2025-04-18 10:00:00,356.0
2025-04-19 10:00:00,356.0,24.0,2025-04-18 10:00:00,2025-04-18 14:00:00,356.0,836.5,2025-04-18 10:00:00,2025-04-18 14:00:00,280.0,2025-04-18 10:00:00,2025-04-18 14:00:00,340.0,2025-04-18 10:00:00,2025-04-18 14:00:00,360.0,2025-04-18 10:00:00,2025-04-18 14:00:00,356.0,2025-04-18 10:00:00,2025-04-18 14:00:00,349.4247131347656,2025-04-19 10:00:00,173.7264862060547,2025-04-19 10:00:00,3.85944390296936,2025-04-19 10:00:00,83494.625,2025-04-19 10:00:00,54.38740680176579,2025-04-19 10:00:00,357.0
2025-04-20 10:00:00,357.0,24.0,2025-04-19 10:00:00,2025-04-19 14:00:00,356.0,834.5,2025-04-19 10:00:00,2025-04-19 14:00:00,279.0,2025-04-19 10:00:00,2025-04-19 14:00:00,341.0,2025-04-19 10:00:00,2025-04-19 14:00:00,360.0,2025-04-19 10:00:00,2025-04-19 14:00:00,357.0,2025-04-19 10:00:00,2025-04-19 14:00:00,351.46685791015625,2025-04-20 10:00:00,178.28936767578125,2025-04-20 10:00:00,3.808571577072144,2025-04-20 10:00:00,83944.1953125,2025-04-20 10:00:00,54.89150930975313,2025-04-20 10:00:00,359.0
2025-04-21 10:00:00,359.0,24.0,2025-04-20 10:00:00,2025-04-20 14:00:00,357.0,834.9000244140625,2025-04-20 10:00:00,2025-04-20 14:00:00,279.0,2025-04-20 10:00:00,2025-04-20 14:00:00,345.0,2025-04-20 10:00:00,2025-04-20 14:00:00,370.0,2025-04-20 10:00:00,2025-04-20 14:00:00,359.0,2025-04-20 10:00:00,2025-04-20 14:00:00,352.8531494140625,2025-04-21 10:00:00,177.8217010498047,2025-04-21 10:00:00,3.755643129348755,2025-04-21 10:00:00,83268.34375,2025-04-21 10:00:00,54.75227480203762,2025-04-21 10:00:00,360.0
2025-04-22 10:00:00,360.0,24.0,2025-04-21 10:00:00,2025-04-21 14:00:00,359.0,836.7000122070312,2025-04-21 10:00:00,2025-04-21 14:00:00,277.0,2025-04-21 10:00:00,2025-04-21 14:00:00,344.0,2025-04-21 10:00:00,2025-04-21 14:00:00,364.0,2025-04-21 10:00:00,2025-04-21 14:00:00,360.0,2025-04-21 10:00:00,2025-04-21 14:00:00,348.8389892578125,2025-04-22 10:00:00,167.00851440429688,2025-04-22 10:00:00,3.798408508300781,2025-04-22 10:00:00,83823.7109375,2025-04-22 10:00:00,53.7431339697315,2025-04-22 10:00:00,358.0
2025-04-23 10:00:00,358.0,24.0,2025-04-22 10:00:00,2025-04-22 14:00:00,359.0,834.7000122070312,2025-04-22 10:00:00,2025-04-22 14:00:00,270.0,2025-04-22 10:00:00,2025-04-22 14:00:00,339.0,2025-04-22 10:00:00,2025-04-22 14:00:00,360.0,2025-04-22 10:00:00,2025-04-22 14:00:00,358.0,2025-04-22 10:00:00,2025-04-22 14:00:00,352.0274963378906,2025-04-23 10:00:00,174.25804138183594,2025-04-23 10:00:00,3.79134464263916,2025-04-23 10:00:00,83861.1171875,2025-04-23 10:00:00,53.01542653549245,2025-04-23 10:00:00,356.0
2025-04-24 10:00:00,356.0,24.0,2025-04-23 10:00:00,2025-04-23 14:00:00,358.0,833.7000122070312,2025-04-23 10:00:00,2025-04-23 14:00:00,275.0,2025-04-23 10:00:00,2025-04-23 14:00:00,338.0,2025-04-23 10:00:00,2025-04-23 14:00:00,364.0,2025-04-23 10:00:00,2025-04-23 14:00:00,356.0,2025-04-23 10:00:00,2025-04-23 14:00:00,350.7007141113281,2025-04-24 10:00:00,184.939682006836,2025-04-24 10:00:00,3.882248878479004,2025-04-24 10:00:00,83738.21875,2025-04-24 10:00:00,54.39041517312273,2025-04-24 10:00:00,359.0
2025-04-25 10:00:00,359.0,24.0,2025-04-24 10:00:00,2025-04-24 14:00:00,358.0,834.4000244140625,2025-04-24 10:00:00,2025-04-24 14:00:00,277.0,2025-04-24 10:00:00,2025-04-24 14:00:00,341.0,2025-04-24 10:00:00,2025-04-24 14:00:00,366.0,2025-04-24 10:00:00,2025-04-24 14:00:00,359.0,2025-04-24 10:00:00,2025-04-24 14:00:00,349.6211853027344,2025-04-25 10:00:00,186.64356994628903,2025-04-25 10:00:00,3.83971643447876,2025-04-25 10:00:00,82035.4296875,2025-04-25 10:00:00,54.540650039513025,2025-04-25 10:00:00,354.0
2025-04-26 10:00:00,354.0,24.0,2025-04-25 10:00:00,2025-04-25 14:00:00,356.0,836.2000122070312,2025-04-25 10:00:00,2025-04-25 14:00:00,278.0,2025-04-25 10:00:00,2025-04-25 14:00:00,336.0,2025-04-25 10:00:00,2025-04-25 14:00:00,360.0,2025-04-25 10:00:00,2025-04-25 14:00:00,354.0,2025-04-25 10:00:00,2025-04-25 14:00:00,355.8518371582031,2025-04-26 10:00:00,195.28543090820312,2025-04-26 10:00:00,3.80757474899292,2025-04-26 10:00:00,81222.890625,2025-04-26 10:00:00,54.10976325364811,2025-04-26 10:00:00,360.0
2025-04-27 10:00:00,360.0,24.0,2025-04-26 10:00:00,2025-04-26 14:00:00,359.0,834.7999877929688,2025-04-26 10:00:00,2025-04-26 14:00:00,281.0,2025-04-26 10:00:00,2025-04-26 14:00:00,342.0,2025-04-26 10:00:00,2025-04-26 14:00:00,360.0,2025-04-26 10:00:00,2025-04-26 14:00:00,360.0,2025-04-26 10:00:00,2025-04-26 14:00:00,356.6771240234375,2025-04-27 10:00:00,198.36422729492188,2025-04-27 10:00:00,3.961327075958252,2025-04-27 10:00:00,83468.15625,2025-04-27 10:00:00,55.163986568266296,2025-04-27 10:00:00,356.0
2025-04-28 10:00:00,356.0,24.0,2025-04-27 10:00:00,2025-04-27 14:00:00,356.0,834.5999755859375,2025-04-27 10:00:00,2025-04-27 14:00:00,279.0,2025-04-27 10:00:00,2025-04-27 14:00:00,338.0,2025-04-27 10:00:00,2025-04-27 14:00:00,358.0,2025-04-27 10:00:00,2025-04-27 14:00:00,356.0,2025-04-27 10:00:00,2025-04-27 14:00:00,357.20458984375,2025-04-28 10:00:00,206.9711456298828,2025-04-28 10:00:00,3.915562629699707,2025-04-28 10:00:00,83792.5234375,2025-04-28 10:00:00,54.85668806461808,2025-04-28 10:00:00,355.0
2025-04-29 10:00:00,355.0,24.0,2025-04-28 10:00:00,2025-04-28 14:00:00,356.0,835.2999877929688,2025-04-28 10:00:00,2025-04-28 14:00:00,280.0,2025-04-28 10:00:00,2025-04-28 14:00:00,338.0,2025-04-28 10:00:00,2025-04-28 14:00:00,360.0,2025-04-28 10:00:00,2025-04-28 14:00:00,355.0,2025-04-28 10:00:00,2025-04-28 14:00:00,356.85382080078125,2025-04-29 10:00:00,204.8371124267578,2025-04-29 10:00:00,3.956726312637329,2025-04-29 10:00:00,86940.75,2025-04-29 10:00:00,54.802857840857996,2025-04-29 10:00:00,352.0
2025-04-30 10:00:00,352.0,24.0,2025-04-29 10:00:00,2025-04-29 14:00:00,355.0,835.2000122070312,2025-04-29 10:00:00,2025-04-29 14:00:00,278.0,2025-04-29 10:00:00,2025-04-29 14:00:00,335.0,2025-04-29 10:00:00,2025-04-29 14:00:00,359.0,2025-04-29 10:00:00,2025-04-29 14:00:00,352.0,2025-04-29 10:00:00,2025-04-29 14:00:00,357.5233764648437,2025-04-30 10:00:00,214.9715118408203,2025-04-30 10:00:00,3.954232692718506,2025-04-30 10:00:00,87862.0,2025-04-30 10:00:00,54.456278798733706,2025-04-30 10:00:00,358.0
2025-05-01 04:00:00,358.0,18.0,2025-04-30 10:00:00,2025-04-30 14:00:00,355.0,834.2999877929688,2025-04-30 10:00:00,2025-04-30 14:00:00,278.0,2025-04-30 10:00:00,2025-04-30 14:00:00,340.0,2025-04-30 10:00:00,2025-04-30 14:00:00,363.0,2025-04-30 10:00:00,2025-04-30 14:00:00,358.0,2025-04-30 10:00:00,2025-04-30 14:00:00,357.8595886230469,2025-05-01 04:00:00,209.5232391357422,2025-05-01 04:00:00,3.920039176940918,2025-05-01 04:00:00,86776.9296875,2025-05-01 04:00:00,54.76947610752393,2025-05-01 04:00:00,356.0
2025-05-01 10:00:00,356.0,6.0,2025-05-01 04:00:00,2025-05-01 08:00:00,356.0,834.2999877929688,2025-04-30 10:00:00,2025-04-30 14:00:00,282.0,2025-05-01 04:00:00,2025-05-01 08:00:00,338.0,2025-05-01 04:00:00,2025-05-01 08:00:00,363.0,2025-04-30 10:00:00,2025-04-30 14:00:00,356.0,2025-05-01 04:00:00,2025-05-01 08:00:00,359.8423156738281,2025-05-01 10:00:00,216.966796875,2025-05-01 10:00:00,3.948413133621216,2025-05-01 10:00:00,90203.390625,2025-05-01 10:00:00,55.52333543886391,2025-05-01 10:00:00,357.0
2025-05-02 10:00:00,357.0,24.0,2025-05-01 10:00:00,2025-05-01 14:00:00,357.0,835.9000244140625,2025-05-01 10:00:00,2025-05-01 14:00:00,284.0,2025-05-01 10:00:00,2025-05-01 14:00:00,341.0,2025-05-01 10:00:00,2025-05-01 14:00:00,361.0,2025-05-01 10:00:00,2025-05-01 14:00:00,357.0,2025-05-01 10:00:00,2025-05-01 14:00:00,362.5437927246094,2025-05-02 10:00:00,222.23312377929688,2025-05-02 10:00:00,3.9276723861694336,2025-05-02 10:00:00,90013.7109375,2025-05-02 10:00:00,55.33136355011709,2025-05-02 10:00:00,356.0
2025-05-03 10:00:00,356.0,24.0,2025-05-02 10:00:00,2025-05-02 14:00:00,356.0,836.0,2025-05-02 10:00:00,2025-05-02 14:00:00,280.0,2025-05-02 10:00:00,2025-05-02 14:00:00,340.0,2025-05-02 10:00:00,2025-05-02 14:00:00,360.0,2025-05-02 10:00:00,2025-05-02 14:00:00,356.0,2025-05-02 10:00:00,2025-05-02 14:00:00,360.9501953125,2025-05-03 10:00:00,215.44761657714844,2025-05-03 10:00:00,3.914576768875122,2025-05-03 10:00:00,87015.7265625,2025-05-03 10:00:00,54.5602384767659,2025-05-03 10:00:00,362.0
2025-05-04 10:00:00,362.0,24.0,2025-05-03 10:00:00,2025-05-03 14:00:00,357.0,835.7000122070312,2025-05-03 10:00:00,2025-05-03 14:00:00,283.0,2025-05-03 10:00:00,2025-05-03 14:00:00,340.0,2025-05-03 10:00:00,2025-05-03 14:00:00,361.0,2025-05-03 10:00:00,2025-05-03 14:00:00,362.0,2025-05-03 10:00:00,2025-05-03 14:00:00,361.6951904296875,2025-05-04 10:00:00,216.47999572753903,2025-05-04 10:00:00,3.793831825256348,2025-05-04 10:00:00,86643.40625,2025-05-04 10:00:00,55.219733269014455,2025-05-04 10:00:00,360.0
2025-05-05 10:00:00,360.0,24.0,2025-05-04 10:00:00,2025-05-04 14:00:00,360.0,835.4000244140625,2025-05-04 10:00:00,2025-05-04 14:00:00,282.0,2025-05-04 10:00:00,2025-05-04 14:00:00,341.0,2025-05-04 10:00:00,2025-05-04 14:00:00,363.0,2025-05-04 10:00:00,2025-05-04 14:00:00,360.0,2025-05-04 10:00:00,2025-05-04 14:00:00,361.2790222167969,2025-05-05 10:00:00,214.9172515869141,2025-05-05 10:00:00,3.810123443603516,2025-05-05 10:00:00,86313.171875,2025-05-05 10:00:00,55.14070682705653,2025-05-05 10:00:00,354.0
2025-05-06 10:00:00,354.0,24.0,2025-05-05 10:00:00,2025-05-05 14:00:00,360.0,836.5,2025-05-05 10:00:00,2025-05-05 14:00:00,281.0,2025-05-05 10:00:00,2025-05-05 14:00:00,339.0,2025-05-05 10:00:00,2025-05-05 14:00:00,358.0,2025-05-05 10:00:00,2025-05-05 14:00:00,354.0,2025-05-05 10:00:00,2025-05-05 14:00:00,361.3436584472656,2025-05-06 10:00:00,218.8383178710937,2025-05-06 10:00:00,3.797248125076294,2025-05-06 10:00:00,86794.0703125,2025-05-06 10:00:00,54.57477415671667,2025-05-06 10:00:00,355.0
2025-05-07 10:00:00,355.0,24.0,2025-05-06 10:00:00,2025-05-06 14:00:00,355.0,836.0999755859375,2025-05-06 10:00:00,2025-05-06 14:00:00,282.0,2025-05-06 10:00:00,2025-05-06 14:00:00,340.0,2025-05-06 10:00:00,2025-05-06 14:00:00,365.0,2025-05-06 10:00:00,2025-05-06 14:00:00,355.0,2025-05-06 10:00:00,2025-05-06 14:00:00,361.5145263671875,2025-05-07 10:00:00,224.42974853515625,2025-05-07 10:00:00,3.816767454147339,2025-05-07 10:00:00,89350.0390625,2025-05-07 10:00:00,54.898217079978735,2025-05-07 10:00:00,358.0
2025-05-08 10:00:00,358.0,24.0,2025-05-07 10:00:00,2025-05-07 14:00:00,355.0,835.4000244140625,2025-05-07 10:00:00,2025-05-07 14:00:00,284.0,2025-05-07 10:00:00,2025-05-07 14:00:00,342.0,2025-05-07 10:00:00,2025-05-07 14:00:00,360.0,2025-05-07 10:00:00,2025-05-07 14:00:00,358.0,2025-05-07 10:00:00,2025-05-07 14:00:00,363.2680358886719,2025-05-08 10:00:00,226.09860229492188,2025-05-08 10:00:00,3.901728391647339,2025-05-08 10:00:00,90978.1953125,2025-05-08 10:00:00,55.50466005020269,2025-05-08 10:00:00,356.0
2025-05-09 10:00:00,356.0,24.0,2025-05-08 10:00:00,2025-05-08 14:00:00,356.0,835.4000244140625,2025-05-08 10:00:00,2025-05-08 14:00:00,281.0,2025-05-08 10:00:00,2025-05-08 14:00:00,341.0,2025-05-08 10:00:00,2025-05-08 14:00:00,360.0,2025-05-08 10:00:00,2025-05-08 14:00:00,356.0,2025-05-08 10:00:00,2025-05-08 14:00:00,361.6033020019531,2025-05-09 10:00:00,224.4376220703125,2025-05-09 10:00:00,3.88276720046997,2025-05-09 10:00:00,89631.4453125,2025-05-09 10:00:00,54.95550669891588,2025-05-09 10:00:00,358.0
2025-05-10 10:00:00,358.0,24.0,2025-05-09 10:00:00,2025-05-09 14:00:00,358.0,835.4000244140625,2025-05-08 10:00:00,2025-05-08 14:00:00,281.0,2025-05-09 10:00:00,2025-05-09 14:00:00,342.0,2025-05-09 10:00:00,2025-05-09 14:00:00,362.0,2025-05-09 10:00:00,2025-05-09 14:00:00,358.0,2025-05-09 10:00:00,2025-05-09 14:00:00,361.7088317871094,2025-05-10 10:00:00,225.5118865966797,2025-05-10 10:00:00,3.8806095123291016,2025-05-10 10:00:00,89103.734375,2025-05-10 10:00:00,54.95550669891588,2025-05-10 10:00:00,357.0
2025-05-11 10:00:00,357.0,24.0,2025-05-10 10:00:00,2025-05-10 14:00:00,357.0,835.0,2025-05-10 10:00:00,2025-05-10 14:00:00,280.0,2025-05-10 10:00:00,2025-05-10 14:00:00,340.0,2025-05-10 10:00:00,2025-05-10 14:00:00,363.0,2025-05-10 10:00:00,2025-05-10 14:00:00,357.0,2025-05-10 10:00:00,2025-05-10 14:00:00,362.72174072265625,2025-05-11 10:00:00,227.8560485839844,2025-05-11 10:00:00,3.900283336639404,2025-05-11 10:00:00,89638.5,2025-05-11 10:00:00,54.90706393676578,2025-05-11 10:00:00,354.0
2025-05-12 10:00:00,354.0,24.0,2025-05-11 10:00:00,2025-05-11 14:00:00,357.0,835.5999755859375,2025-05-11 10:00:00,2025-05-11 14:00:00,280.0,2025-05-11 10:00:00,2025-05-11 14:00:00,340.0,2025-05-11 10:00:00,2025-05-11 14:00:00,362.0,2025-05-11 10:00:00,2025-05-11 14:00:00,354.0,2025-05-11 10:00:00,2025-05-11 14:00:00,362.0099792480469,2025-05-12 10:00:00,228.2177276611328,2025-05-12 10:00:00,3.86373519897461,2025-05-12 10:00:00,89621.359375,2025-05-12 10:00:00,54.69879118680194,2025-05-12 10:00:00,354.0
2025-05-13 10:00:00,354.0,24.0,2025-05-12 10:00:00,2025-05-12 14:00:00,354.0,835.5999755859375,2025-05-11 10:00:00,2025-05-11 14:00:00,280.0,2025-05-12 10:00:00,2025-05-12 14:00:00,339.0,2025-05-12 10:00:00,2025-05-12 14:00:00,358.0,2025-05-12 10:00:00,2025-05-12 14:00:00,354.0,2025-05-12 10:00:00,2025-05-12 14:00:00,364.0584106445313,2025-05-13 10:00:00,229.1077880859375,2025-05-13 10:00:00,3.828635931015015,2025-05-13 10:00:00,92064.2890625,2025-05-13 10:00:00,54.69879118680194,2025-05-13 10:00:00,357.0
2025-05-14 10:00:00,357.0,24.0,2025-05-13 10:00:00,2025-05-13 14:00:00,354.0,,2025-05-11 10:00:00,2025-05-11 14:00:00,285.0,2025-05-13 10:00:00,2025-05-13 14:00:00,340.0,2025-05-13 10:00:00,2025-05-13 14:00:00,365.0,2025-05-13 10:00:00,2025-05-13 14:00:00,357.0,2025-05-13 10:00:00,2025-05-13 14:00:00,363.3738098144531,2025-05-14 10:00:00,230.9692230224609,2025-05-14 10:00:00,3.8915300369262695,2025-05-14 10:00:00,92175.484375,2025-05-14 10:00:00,,2025-05-14 10:00:00,354.0
2025-05-15 10:00:00,354.0,24.0,2025-05-14 10:00:00,2025-05-14 14:00:00,354.0,836.0999755859375,2025-05-14 10:00:00,2025-05-14 14:00:00,280.0,2025-05-14 10:00:00,2025-05-14 14:00:00,340.0,2025-05-14 10:00:00,2025-05-14 14:00:00,365.0,2025-05-14 10:00:00,2025-05-14 14:00:00,354.0,2025-05-14 10:00:00,2025-05-14 14:00:00,362.47607421875,2025-05-15 10:00:00,221.0846405029297,2025-05-15 10:00:00,3.938891887664795,2025-05-15 10:00:00,93634.59375,2025-05-15 10:00:00,54.525649596887206,2025-05-15 10:00:00,360.0
2025-05-16 10:00:00,360.0,24.0,2025-05-15 10:00:00,2025-05-15 14:00:00,357.0,835.0999755859375,2025-05-15 10:00:00,2025-05-15 14:00:00,282.0,2025-05-15 10:00:00,2025-05-15 14:00:00,346.0,2025-05-15 10:00:00,2025-05-15 14:00:00,365.0,2025-05-14 10:00:00,2025-05-14 14:00:00,360.0,2025-05-15 10:00:00,2025-05-15 14:00:00,364.013671875,2025-05-16 10:00:00,236.5633087158203,2025-05-16 10:00:00,3.9485182762146,2025-05-16 10:00:00,94358.828125,2025-05-16 10:00:00,55.24488762980798,2025-05-16 10:00:00,352.0
2025-05-17 10:00:00,352.0,24.0,2025-05-16 10:00:00,2025-05-16 14:00:00,354.0,835.0999755859375,2025-05-15 10:00:00,2025-05-15 14:00:00,276.0,2025-05-16 10:00:00,2025-05-16 14:00:00,336.0,2025-05-16 10:00:00,2025-05-16 14:00:00,365.0,2025-05-16 10:00:00,2025-05-16 14:00:00,352.0,2025-05-16 10:00:00,2025-05-16 14:00:00,364.9454040527344,2025-05-17 10:00:00,217.5774841308593,2025-05-17 10:00:00,3.9899961948394775,2025-05-17 10:00:00,98674.703125,2025-05-17 10:00:00,54.100899789039204,2025-05-17 10:00:00,351.0
2025-05-18 10:00:00,351.0,24.0,2025-05-17 10:00:00,2025-05-17 14:00:00,352.0,,2025-05-15 10:00:00,2025-05-15 14:00:00,274.0,2025-05-17 10:00:00,2025-05-17 14:00:00,336.0,2025-05-17 10:00:00,2025-05-17 14:00:00,367.0,2025-05-17 10:00:00,2025-05-17 14:00:00,351.0,2025-05-17 10:00:00,2025-05-17 14:00:00,368.03662109375,2025-05-18 10:00:00,231.33541870117188,2025-05-18 10:00:00,3.913454294204712,2025-05-18 10:00:00,98836.6015625,2025-05-18 10:00:00,,2025-05-18 10:00:00,356.0
2025-05-19 10:00:00,356.0,24.0,2025-05-18 10:00:00,2025-05-18 14:00:00,352.0,837.2000122070312,2025-05-18 10:00:00,2025-05-18 14:00:00,277.0,2025-05-18 10:00:00,2025-05-18 14:00:00,339.0,2025-05-18 10:00:00,2025-05-18 14:00:00,,2025-05-18 10:00:00,2025-05-18 14:00:00,356.0,2025-05-18 10:00:00,2025-05-18 14:00:00,365.83349609375,2025-05-19 10:00:00,230.05191040039065,2025-05-19 10:00:00,3.9630420207977295,2025-05-19 10:00:00,93948.515625,2025-05-19 10:00:00,53.5708446221887,2025-05-19 10:00:00,354.0
2025-05-20 10:00:00,354.0,24.0,2025-05-19 10:00:00,2025-05-19 14:00:00,354.0,837.0999755859375,2025-05-19 10:00:00,2025-05-19 14:00:00,278.0,2025-05-19 10:00:00,2025-05-19 14:00:00,340.0,2025-05-19 10:00:00,2025-05-19 14:00:00,370.0,2025-05-19 10:00:00,2025-05-19 14:00:00,354.0,2025-05-19 10:00:00,2025-05-19 14:00:00,364.827880859375,2025-05-20 10:00:00,243.5020751953125,2025-05-20 10:00:00,3.8831946849823,2025-05-20 10:00:00,94859.84375,2025-05-20 10:00:00,53.79923667880951,2025-05-20 10:00:00,350.0
2025-05-21 10:00:00,350.0,24.0,2025-05-20 10:00:00,2025-05-20 14:00:00,354.0,836.4000244140625,2025-05-20 10:00:00,2025-05-20 14:00:00,275.0,2025-05-20 10:00:00,2025-05-20 14:00:00,335.0,2025-05-20 10:00:00,2025-05-20 14:00:00,368.0,2025-05-20 10:00:00,2025-05-20 14:00:00,350.0,2025-05-20 10:00:00,2025-05-20 14:00:00,367.86224365234375,2025-05-21 10:00:00,253.3209228515625,2025-05-21 10:00:00,3.7760298252105713,2025-05-21 10:00:00,95717.8515625,2025-05-21 10:00:00,53.45209964730634,2025-05-21 10:00:00,351.0
2025-05-22 10:00:00,351.0,24.0,2025-05-21 10:00:00,2025-05-21 14:00:00,351.0,836.0999755859375,2025-05-21 10:00:00,2025-05-21 14:00:00,274.0,2025-05-21 10:00:00,2025-05-21 14:00:00,334.0,2025-05-21 10:00:00,2025-05-21 14:00:00,364.0,2025-05-21 10:00:00,2025-05-21 14:00:00,351.0,2025-05-21 10:00:00,2025-05-21 14:00:00,370.0328369140625,2025-05-22 10:00:00,246.2298889160156,2025-05-22 10:00:00,3.872825145721436,2025-05-22 10:00:00,97354.203125,2025-05-22 10:00:00,53.355149522284364,2025-05-22 10:00:00,365.0
2025-05-23 10:00:00,365.0,24.0,2025-05-22 10:00:00,2025-05-22 14:00:00,351.0,835.7999877929688,2025-05-22 10:00:00,2025-05-22 14:00:00,280.0,2025-05-22 10:00:00,2025-05-22 14:00:00,348.0,2025-05-22 10:00:00,2025-05-22 14:00:00,365.0,2025-05-22 10:00:00,2025-05-22 14:00:00,365.0,2025-05-22 10:00:00,2025-05-22 14:00:00,367.6272277832031,2025-05-23 10:00:00,253.4159240722656,2025-05-23 10:00:00,3.756087303161621,2025-05-23 10:00:00,95958.8984375,2025-05-23 10:00:00,54.6294838384008,2025-05-23 10:00:00,362.0
2025-05-24 10:00:00,362.0,24.0,2025-05-23 10:00:00,2025-05-23 14:00:00,362.0,838.0999755859375,2025-05-23 10:00:00,2025-05-23 14:00:00,282.0,2025-05-23 10:00:00,2025-05-23 14:00:00,345.0,2025-05-23 10:00:00,2025-05-23 14:00:00,363.0,2025-05-23 10:00:00,2025-05-23 14:00:00,362.0,2025-05-23 10:00:00,2025-05-23 14:00:00,366.1134643554688,2025-05-24 10:00:00,249.79579162597656,2025-05-24 10:00:00,3.9616992473602295,2025-05-24 10:00:00,97106.125,2025-05-24 10:00:00,54.20952442032069,2025-05-24 10:00:00,347.0
2025-05-25 10:00:00,347.0,24.0,2025-05-24 10:00:00,2025-05-24 14:00:00,362.0,838.0999755859375,2025-05-23 10:00:00,2025-05-23 14:00:00,274.0,2025-05-24 10:00:00,2025-05-24 14:00:00,333.0,2025-05-24 10:00:00,2025-05-24 14:00:00,363.0,2025-05-24 10:00:00,2025-05-24 14:00:00,347.0,2025-05-24 10:00:00,2025-05-24 14:00:00,367.3977966308594,2025-05-25 10:00:00,251.99951171875,2025-05-25 10:00:00,3.968737125396729,2025-05-25 10:00:00,97107.9375,2025-05-25 10:00:00,52.66645686262632,2025-05-25 10:00:00,350.0
2025-05-26 10:00:00,350.0,24.0,2025-05-25 10:00:00,2025-05-25 14:00:00,350.0,,2025-05-23 10:00:00,2025-05-23 14:00:00,275.0,2025-05-25 10:00:00,2025-05-25 14:00:00,334.0,2025-05-25 10:00:00,2025-05-25 14:00:00,367.0,2025-05-25 10:00:00,2025-05-25 14:00:00,350.0,2025-05-25 10:00:00,2025-05-25 14:00:00,363.604736328125,2025-05-26 10:00:00,251.29933166503903,2025-05-26 10:00:00,4.002514839172363,2025-05-26 10:00:00,96078.1640625,2025-05-26 10:00:00,,2025-05-26 10:00:00,352.0
2025-05-27 02:00:00,352.0,16.0,2025-05-26 10:00:00,2025-05-26 14:00:00,350.0,835.4000244140625,2025-05-26 10:00:00,2025-05-26 14:00:00,277.0,2025-05-26 10:00:00,2025-05-26 14:00:00,335.0,2025-05-26 10:00:00,2025-05-26 14:00:00,356.0,2025-05-26 10:00:00,2025-05-26 14:00:00,352.0,2025-05-26 10:00:00,2025-05-26 14:00:00,367.20556640625,2025-05-27 02:00:00,246.1884613037109,2025-05-27 02:00:00,3.977384567260742,2025-05-27 02:00:00,97203.609375,2025-05-27 02:00:00,54.19289492934229,2025-05-27 02:00:00,354.0
2025-05-27 10:00:00,354.0,8.0,2025-05-27 02:00:00,2025-05-27 06:00:00,352.0,835.4000244140625,2025-05-26 10:00:00,2025-05-26 14:00:00,277.0,2025-05-27 02:00:00,2025-05-27 06:00:00,337.0,2025-05-27 02:00:00,2025-05-27 06:00:00,356.0,2025-05-26 10:00:00,2025-05-26 14:00:00,354.0,2025-05-27 02:00:00,2025-05-27 06:00:00,371.1736145019531,2025-05-27 10:00:00,252.3038024902344,2025-05-27 10:00:00,3.862034797668457,2025-05-27 10:00:00,96821.078125,2025-05-27 10:00:00,54.19289492934229,2025-05-27 10:00:00,366.0
2025-05-28 00:00:01,366.0,14.000277777777777,2025-05-27 10:00:00,2025-05-27 14:00:00,354.0,835.4000244140625,2025-05-26 10:00:00,2025-05-26 14:00:00,286.0,2025-05-27 10:00:00,2025-05-27 14:00:00,352.0,2025-05-27 10:00:00,2025-05-27 14:00:00,370.0,2025-05-27 10:00:00,2025-05-27 14:00:00,366.0,2025-05-27 10:00:00,2025-05-27 14:00:00,371.4290466308594,2025-05-28 00:00:00,244.76492309570312,2025-05-28 00:00:00,3.94844651222229,2025-05-28 00:00:00,96970.5078125,2025-05-28 00:00:00,55.860106985314246,2025-05-28 00:00:01,366.0
2025-05-28 10:00:00,366.0,9.999722222222223,2025-05-28 00:00:01,2025-05-28 04:00:01,366.0,835.4000244140625,2025-05-26 10:00:00,2025-05-26 14:00:00,285.0,2025-05-28 00:00:01,2025-05-28 04:00:01,350.0,2025-05-28 00:00:01,2025-05-28 04:00:01,370.0,2025-05-27 10:00:00,2025-05-27 14:00:00,366.0,2025-05-28 00:00:01,2025-05-28 04:00:01,370.4459533691406,2025-05-28 10:00:00,244.1887359619141,2025-05-28 10:00:00,3.9382498264312735,2025-05-28 10:00:00,95715.046875,2025-05-28 10:00:00,55.683440137317234,2025-05-28 10:00:00,352.0
2025-05-29 10:00:00,352.0,24.0,2025-05-28 10:00:00,2025-05-28 14:00:00,366.0,837.2999877929688,2025-05-28 10:00:00,2025-05-28 14:00:00,279.0,2025-05-28 10:00:00,2025-05-28 14:00:00,338.0,2025-05-28 10:00:00,2025-05-28 14:00:00,357.0,2025-05-28 23:30:00,2025-05-29 03:30:00,352.0,2025-05-28 10:00:00,2025-05-28 14:00:00,368.47064208984375,2025-05-29 10:00:00,245.6763458251953,2025-05-29 10:00:00,3.923385143280029,2025-05-29 10:00:00,97729.40625,2025-05-29 10:00:00,53.922137639016114,2025-05-29 10:00:00,351.0
2025-05-30 00:48:37,351.0,14.810277777777777,2025-05-29 10:00:00,2025-05-29 14:00:00,352.0,837.2999877929688,2025-05-28 10:00:00,2025-05-28 14:00:00,276.0,2025-05-29 10:00:00,2025-05-29 14:00:00,335.0,2025-05-29 10:00:00,2025-05-29 14:00:00,360.0,2025-05-29 10:00:00,2025-05-29 14:00:00,351.0,2025-05-29 10:00:00,2025-05-29 14:00:00,371.2444152832031,2025-05-30 00:40:00,248.3681030273437,2025-05-30 00:40:00,3.929035902023315,2025-05-30 00:40:00,97160.3359375,2025-05-30 00:40:00,53.340265693351625,2025-05-30 00:48:37,360.0
2025-05-30 10:00:00,360.0,9.189722222222223,2025-05-30 00:48:37,2025-05-30 04:48:37,352.0,837.2999877929688,2025-05-28 10:00:00,2025-05-28 14:00:00,278.0,2025-05-30 00:48:37,2025-05-30 04:48:37,342.0,2025-05-30 00:48:37,2025-05-30 04:48:37,360.0,2025-05-29 10:00:00,2025-05-29 14:00:00,360.0,2025-05-30 00:48:37,2025-05-30 04:48:37,371.6846618652344,2025-05-30 10:00:00,249.192626953125,2025-05-30 10:00:00,3.997724056243897,2025-05-30 10:00:00,97772.359375,2025-05-30 10:00:00,53.7303942027803,2025-05-30 10:00:00,368.0
2025-05-31 10:00:00,368.0,24.0,2025-05-30 10:00:00,2025-05-30 14:00:00,360.0,,2025-05-28 10:00:00,2025-05-28 14:00:00,282.0,2025-05-30 10:00:00,2025-05-30 14:00:00,348.0,2025-05-30 10:00:00,2025-05-30 14:00:00,,2025-05-30 10:00:00,2025-05-30 14:00:00,368.0,2025-05-30 10:00:00,2025-05-30 14:00:00,367.8327331542969,2025-05-31 10:00:00,223.2169342041016,2025-05-31 10:00:00,3.979112386703491,2025-05-31 10:00:00,90325.6328125,2025-05-31 10:00:00,,2025-05-31 10:00:00,357.0
2025-06-01 10:00:00,357.0,24.0,2025-05-31 10:00:00,2025-05-31 14:00:00,360.0,,2025-05-28 10:00:00,2025-05-28 14:00:00,279.0,2025-05-31 10:00:00,2025-05-31 14:00:00,341.0,2025-05-31 10:00:00,2025-05-31 14:00:00,369.0,2025-05-31 22:00:01,2025-06-01 02:00:01,357.0,2025-05-31 10:00:00,2025-05-31 14:00:00,361.6255187988281,2025-06-01 10:00:00,211.7977752685547,2025-06-01 10:00:00,3.8540022373199454,2025-06-01 10:00:00,82230.4921875,2025-06-01 10:00:00,,2025-06-01 10:00:00,354.0
2025-06-02 10:00:00,354.0,24.0,2025-06-01 10:00:00,2025-06-01 14:00:00,357.0,,2025-05-28 10:00:00,2025-05-28 14:00:00,276.0,2025-06-01 10:00:00,2025-06-01 14:00:00,337.0,2025-06-01 10:00:00,2025-06-01 14:00:00,356.0,2025-06-02 01:00:00,2025-06-02 05:00:00,354.0,2025-06-01 10:00:00,2025-06-01 14:00:00,362.8271179199219,2025-06-02 10:00:00,211.64520263671875,2025-06-02 10:00:00,3.956188201904297,2025-06-02 10:00:00,87836.7421875,2025-06-02 10:00:00,,2025-06-02 10:00:00,360.0
2025-06-03 10:00:00,360.0,24.0,2025-06-02 10:00:00,2025-06-02 14:00:00,357.0,,2025-05-28 10:00:00,2025-05-28 14:00:00,283.0,2025-06-02 10:00:00,2025-06-02 14:00:00,345.0,2025-06-02 10:00:00,2025-06-02 14:00:00,356.0,2025-06-02 10:00:00,2025-06-02 14:00:00,360.0,2025-06-02 10:00:00,2025-06-02 14:00:00,363.1925354003906,2025-06-03 10:00:00,218.33966064453125,2025-06-03 10:00:00,3.885009527206421,2025-06-03 10:00:00,87590.2890625,2025-06-03 10:00:00,,2025-06-03 10:00:00,358.0
2025-06-04 10:00:00,358.0,24.0,2025-06-03 10:00:00,2025-06-03 14:00:00,358.0,837.0999755859375,2025-06-03 10:00:00,2025-06-03 14:00:00,282.0,2025-06-03 10:00:00,2025-06-03 14:00:00,342.0,2025-06-03 10:00:00,2025-06-03 14:00:00,355.0,2025-06-03 10:00:00,2025-06-03 14:00:00,358.0,2025-06-03 10:00:00,2025-06-03 14:00:00,363.810546875,2025-06-04 10:00:00,212.51971435546875,2025-06-04 10:00:00,3.917791128158569,2025-06-04 10:00:00,85244.1171875,2025-06-04 10:00:00,54.553096010149716,2025-06-04 10:00:00,360.0
2025-06-05 10:00:00,360.0,24.0,2025-06-04 10:00:00,2025-06-04 14:00:00,360.0,836.4000244140625,2025-06-04 10:00:00,2025-06-04 14:00:00,280.0,2025-06-04 10:00:00,2025-06-04 14:00:00,343.0,2025-06-04 10:00:00,2025-06-04 14:00:00,362.0,2025-06-04 10:00:00,2025-06-04 14:00:00,360.0,2025-06-04 10:00:00,2025-06-04 14:00:00,362.44830322265625,2025-06-05 10:00:00,218.1239471435547,2025-06-05 10:00:00,3.941743850708008,2025-06-05 10:00:00,85547.453125,2025-06-05 10:00:00,54.42193371379403,2025-06-05 10:00:00,364.0
2025-06-05 22:00:00,364.0,12.0,2025-06-05 10:00:00,2025-06-05 14:00:00,360.0,837.9000244140625,2025-06-05 10:00:00,2025-06-05 14:00:00,283.0,2025-06-05 10:00:00,2025-06-05 14:00:00,345.0,2025-06-05 10:00:00,2025-06-05 14:00:00,367.0,2025-06-05 10:00:00,2025-06-05 14:00:00,364.0,2025-06-05 10:00:00,2025-06-05 14:00:00,366.6629028320313,2025-06-05 22:00:00,220.0745086669922,2025-06-05 22:00:00,3.8510568141937256,2025-06-05 22:00:00,86374.7265625,2025-06-05 22:00:00,54.461144623112546,2025-06-05 22:00:00,360.0
2025-06-06 10:00:00,360.0,12.0,2025-06-05 22:00:00,2025-06-06 02:00:00,360.0,837.9000244140625,2025-06-05 10:00:00,2025-06-05 14:00:00,283.0,2025-06-05 22:00:00,2025-06-06 02:00:00,344.0,2025-06-05 22:00:00,2025-06-06 02:00:00,367.0,2025-06-05 10:00:00,2025-06-05 14:00:00,360.0,2025-06-05 22:00:00,2025-06-06 02:00:00,366.6153259277344,2025-06-06 10:00:00,219.0552673339844,2025-06-06 10:00:00,3.8887548446655273,2025-06-06 10:00:00,87027.3984375,2025-06-06 10:00:00,54.461144623112546,2025-06-06 10:00:00,365.0
2025-06-07 10:00:00,365.0,24.0,2025-06-06 10:00:00,2025-06-06 14:00:00,364.0,837.9000244140625,2025-06-05 10:00:00,2025-06-05 14:00:00,284.0,2025-06-06 10:00:00,2025-06-06 14:00:00,347.0,2025-06-06 10:00:00,2025-06-06 14:00:00,367.0,2025-06-06 10:00:00,2025-06-06 14:00:00,365.0,2025-06-06 10:00:00,2025-06-06 14:00:00,363.5729064941406,2025-06-07 10:00:00,217.35617065429688,2025-06-07 10:00:00,3.8532071113586426,2025-06-07 10:00:00,84920.3125,2025-06-07 10:00:00,54.64205124977536,2025-06-07 10:00:00,358.0
2025-06-08 10:00:00,358.0,24.0,2025-06-07 10:00:00,2025-06-07 14:00:00,360.0,836.4000244140625,2025-06-07 10:00:00,2025-06-07 14:00:00,280.0,2025-06-07 10:00:00,2025-06-07 14:00:00,340.0,2025-06-07 10:00:00,2025-06-07 14:00:00,364.0,2025-06-07 10:00:00,2025-06-07 14:00:00,358.0,2025-06-07 10:00:00,2025-06-07 14:00:00,360.836669921875,2025-06-08 10:00:00,214.6847686767578,2025-06-08 10:00:00,3.911243438720703,2025-06-08 10:00:00,83710.6171875,2025-06-08 10:00:00,54.42193371379403,2025-06-08 10:00:00,358.0
2025-06-09 10:00:00,358.0,24.0,2025-06-08 10:00:00,2025-06-08 14:00:00,358.0,836.4000244140625,2025-06-07 10:00:00,2025-06-07 14:00:00,281.0,2025-06-08 10:00:00,2025-06-08 14:00:00,343.0,2025-06-08 10:00:00,2025-06-08 14:00:00,363.0,2025-06-08 22:00:00,2025-06-09 02:00:00,358.0,2025-06-08 10:00:00,2025-06-08 14:00:00,363.4292297363281,2025-06-09 10:00:00,218.83853149414065,2025-06-09 10:00:00,3.8661623001098633,2025-06-09 10:00:00,87301.5625,2025-06-09 10:00:00,54.60930106874491,2025-06-09 10:00:00,365.0
2025-06-10 10:00:00,365.0,24.0,2025-06-09 10:00:00,2025-06-09 14:00:00,358.0,837.2000122070312,2025-06-09 10:00:00,2025-06-09 14:00:00,283.0,2025-06-09 10:00:00,2025-06-09 14:00:00,348.0,2025-06-09 10:00:00,2025-06-09 14:00:00,370.0,2025-06-09 10:00:00,2025-06-09 14:00:00,365.0,2025-06-09 10:00:00,2025-06-09 14:00:00,360.15386962890625,2025-06-10 10:00:00,220.2013397216797,2025-06-10 10:00:00,3.9489779472351074,2025-06-10 10:00:00,90566.546875,2025-06-10 10:00:00,54.7017031163864,2025-06-10 10:00:00,355.0
2025-06-11 10:00:00,355.0,24.0,2025-06-10 10:00:00,2025-06-10 14:00:00,358.0,837.2000122070312,2025-06-09 10:00:00,2025-06-09 14:00:00,284.0,2025-06-10 10:00:00,2025-06-10 14:00:00,339.0,2025-06-10 10:00:00,2025-06-10 14:00:00,363.0,2025-06-10 10:00:00,2025-06-10 14:00:00,355.0,2025-06-10 10:00:00,2025-06-10 14:00:00,362.0822448730469,2025-06-11 10:00:00,223.271728515625,2025-06-11 10:00:00,3.8870716094970703,2025-06-11 10:00:00,90790.4609375,2025-06-11 10:00:00,54.882609743049215,2025-06-11 10:00:00,358.0
2025-06-12 10:00:00,358.0,24.0,2025-06-11 10:00:00,2025-06-11 14:00:00,358.0,,2025-06-09 10:00:00,2025-06-09 14:00:00,281.0,2025-06-11 10:00:00,2025-06-11 14:00:00,342.0,2025-06-11 10:00:00,2025-06-11 14:00:00,360.0,2025-06-11 10:00:00,2025-06-11 14:00:00,358.0,2025-06-11 10:00:00,2025-06-11 14:00:00,361.5028076171875,2025-06-12 10:00:00,228.97430419921875,2025-06-12 10:00:00,3.926990985870361,2025-06-12 10:00:00,91101.9609375,2025-06-12 10:00:00,,2025-06-12 10:00:00,350.0
2025-06-13 10:00:00,350.0,24.0,2025-06-12 10:00:00,2025-06-12 14:00:00,355.0,,2025-06-09 10:00:00,2025-06-09 14:00:00,278.0,2025-06-12 10:00:00,2025-06-12 14:00:00,332.0,2025-06-12 10:00:00,2025-06-12 14:00:00,363.0,2025-06-12 10:00:00,2025-06-12 14:00:00,350.0,2025-06-12 10:00:00,2025-06-12 14:00:00,362.1661987304688,2025-06-13 10:00:00,220.14122009277344,2025-06-13 10:00:00,3.9479379653930655,2025-06-13 10:00:00,89766.21875,2025-06-13 10:00:00,,2025-06-13 10:00:00,350.0
2025-06-14 10:00:00,350.0,24.0,2025-06-13 10:00:00,2025-06-13 14:00:00,350.0,,2025-06-09 10:00:00,2025-06-09 14:00:00,276.0,2025-06-13 10:00:00,2025-06-13 14:00:00,332.0,2025-06-13 10:00:00,2025-06-13 14:00:00,367.0,2025-06-13 10:00:00,2025-06-13 14:00:00,350.0,2025-06-13 10:00:00,2025-06-13 14:00:00,361.10198974609375,2025-06-14 10:00:00,222.97618103027344,2025-06-14 10:00:00,3.923692226409912,2025-06-14 10:00:00,90115.484375,2025-06-14 10:00:00,,2025-06-14 10:00:00,355.0
2025-06-15 10:00:00,355.0,24.0,2025-06-14 10:00:00,2025-06-14 14:00:00,350.0,,2025-06-09 10:00:00,2025-06-09 14:00:00,281.0,2025-06-14 10:00:00,2025-06-14 14:00:00,339.0,2025-06-14 10:00:00,2025-06-14 14:00:00,360.0,2025-06-14 10:00:00,2025-06-14 14:00:00,355.0,2025-06-14 10:00:00,2025-06-14 14:00:00,363.9334716796875,2025-06-15 10:00:00,229.8501892089844,2025-06-15 10:00:00,3.972569942474365,2025-06-15 10:00:00,91982.671875,2025-06-15 10:00:00,,2025-06-15 10:00:00,354.0
2025-06-16 10:00:00,354.0,24.0,2025-06-15 10:00:00,2025-06-15 14:00:00,354.0,835.7999877929688,2025-06-15 10:00:00,2025-06-15 14:00:00,280.0,2025-06-15 10:00:00,2025-06-15 14:00:00,338.0,2025-06-15 10:00:00,2025-06-15 14:00:00,360.0,2025-06-15 10:00:00,2025-06-15 14:00:00,354.0,2025-06-15 10:00:00,2025-06-15 14:00:00,363.5782775878906,2025-06-16 10:00:00,229.2556915283203,2025-06-16 10:00:00,3.941539287567138,2025-06-16 10:00:00,93303.3984375,2025-06-16 10:00:00,54.6294838384008,2025-06-16 10:00:00,360.0
2025-06-17 10:00:00,360.0,24.0,2025-06-16 10:00:00,2025-06-16 14:00:00,355.0,835.7999877929688,2025-06-15 10:00:00,2025-06-15 14:00:00,283.0,2025-06-16 10:00:00,2025-06-16 14:00:00,344.0,2025-06-16 10:00:00,2025-06-16 14:00:00,363.0,2025-06-16 10:00:00,2025-06-16 14:00:00,360.0,2025-06-16 10:00:00,2025-06-16 14:00:00,364.7667846679688,2025-06-17 10:00:00,249.7640380859375,2025-06-17 10:00:00,3.807139873504639,2025-06-17 10:00:00,95361.75,2025-06-17 10:00:00,55.18509791797567,2025-06-17 10:00:00,361.0
2025-06-18 10:00:00,361.0,24.0,2025-06-17 10:00:00,2025-06-17 14:00:00,360.0,,2025-06-15 10:00:00,2025-06-15 14:00:00,279.0,2025-06-17 10:00:00,2025-06-17 14:00:00,342.0,2025-06-17 10:00:00,2025-06-17 14:00:00,363.0,2025-06-17 10:00:00,2025-06-17 14:00:00,361.0,2025-06-17 10:00:00,2025-06-17 14:00:00,366.0357360839844,2025-06-18 10:00:00,247.902587890625,2025-06-18 10:00:00,3.874921321868897,2025-06-18 10:00:00,96119.4375,2025-06-18 10:00:00,,2025-06-18 10:00:00,358.0
2025-06-19 10:00:00,358.0,24.0,2025-06-18 10:00:00,2025-06-18 14:00:00,360.0,835.4000244140625,2025-06-18 10:00:00,2025-06-18 14:00:00,286.0,2025-06-18 10:00:00,2025-06-18 14:00:00,342.0,2025-06-18 10:00:00,2025-06-18 14:00:00,363.0,2025-06-18 10:00:00,2025-06-18 14:00:00,358.0,2025-06-18 10:00:00,2025-06-18 14:00:00,367.93206787109375,2025-06-19 10:00:00,244.068588256836,2025-06-19 10:00:00,3.875230073928833,2025-06-19 10:00:00,96110.4296875,2025-06-19 10:00:00,55.860106985314246,2025-06-19 10:00:00,358.0
2025-06-20 10:00:00,358.0,24.0,2025-06-19 10:00:00,2025-06-19 14:00:00,358.0,836.2000122070312,2025-06-19 10:00:00,2025-06-19 14:00:00,285.0,2025-06-19 10:00:00,2025-06-19 14:00:00,341.0,2025-06-19 10:00:00,2025-06-19 14:00:00,363.0,2025-06-19 10:00:00,2025-06-19 14:00:00,358.0,2025-06-19 10:00:00,2025-06-19 14:00:00,362.9390258789063,2025-06-20 10:00:00,224.341552734375,2025-06-20 10:00:00,3.974375009536743,2025-06-20 10:00:00,89404.8671875,2025-06-20 10:00:00,55.40635589524902,2025-06-20 10:00:00,355.0
2025-06-21 10:00:00,355.0,24.0,2025-06-20 10:00:00,2025-06-20 14:00:00,358.0,836.2000122070312,2025-06-19 10:00:00,2025-06-19 14:00:00,280.0,2025-06-20 10:00:00,2025-06-20 14:00:00,339.0,2025-06-20 10:00:00,2025-06-20 14:00:00,361.0,2025-06-20 10:00:00,2025-06-20 14:00:00,355.0,2025-06-20 10:00:00,2025-06-20 14:00:00,358.75421142578125,2025-06-21 10:00:00,162.2542724609375,2025-06-21 10:00:00,3.505045890808105,2025-06-21 10:00:00,84689.671875,2025-06-21 10:00:00,54.49105510189679,2025-06-21 10:00:00,350.0
2025-06-22 10:00:00,350.0,24.0,2025-06-21 10:00:00,2025-06-21 14:00:00,355.0,,2025-06-19 10:00:00,2025-06-19 14:00:00,278.0,2025-06-21 10:00:00,2025-06-21 14:00:00,335.0,2025-06-21 10:00:00,2025-06-21 14:00:00,365.0,2025-06-21 10:00:00,2025-06-21 14:00:00,350.0,2025-06-21 10:00:00,2025-06-21 14:00:00,363.6036987304688,2025-06-22 10:00:00,245.94175720214844,2025-06-22 10:00:00,3.960355758666992,2025-06-22 10:00:00,96690.796875,2025-06-22 10:00:00,,2025-06-22 10:00:00,353.0
2025-06-23 10:00:00,353.0,24.0,2025-06-22 10:00:00,2025-06-22 14:00:00,353.0,,2025-06-19 10:00:00,2025-06-19 14:00:00,281.0,2025-06-22 10:00:00,2025-06-22 14:00:00,337.0,2025-06-22 10:00:00,2025-06-22 14:00:00,357.0,2025-06-22 10:00:00,2025-06-22 14:00:00,353.0,2025-06-22 10:00:00,2025-06-22 14:00:00,363.8524475097656,2025-06-23 10:00:00,238.45086669921875,2025-06-23 10:00:00,3.9451825618743896,2025-06-23 10:00:00,94487.7109375,2025-06-23 10:00:00,,2025-06-23 10:00:00,351.0
2025-06-24 10:00:00,351.0,24.0,2025-06-23 10:00:00,2025-06-23 14:00:00,351.0,836.7000122070312,2025-06-23 10:00:00,2025-06-23 14:00:00,280.0,2025-06-23 10:00:00,2025-06-23 14:00:00,336.0,2025-06-23 10:00:00,2025-06-23 14:00:00,359.0,2025-06-23 10:00:00,2025-06-23 14:00:00,351.0,2025-06-23 10:00:00,2025-06-23 14:00:00,361.68939208984375,2025-06-24 10:00:00,221.63758850097656,2025-06-24 10:00:00,3.948668956756592,2025-06-24 10:00:00,88087.6171875,2025-06-24 10:00:00,54.31837838435422,2025-06-24 10:00:00,357.0
2025-06-25 10:00:00,357.0,24.0,2025-06-24 10:00:00,2025-06-24 14:00:00,353.0,836.7000122070312,2025-06-23 10:00:00,2025-06-23 14:00:00,282.0,2025-06-24 10:00:00,2025-06-24 14:00:00,342.0,2025-06-24 10:00:00,2025-06-24 14:00:00,368.0,2025-06-24 22:00:00,2025-06-25 02:00:00,357.0,2025-06-24 10:00:00,2025-06-24 14:00:00,364.258544921875,2025-06-25 10:00:00,227.47409057617188,2025-06-25 10:00:00,3.87703013420105,2025-06-25 10:00:00,95536.5234375,2025-06-25 10:00:00,54.69094586744575,2025-06-25 10:00:00,347.0
2025-06-26 04:00:00,347.0,18.0,2025-06-25 10:00:00,2025-06-25 14:00:00,351.0,836.7999877929688,2025-06-25 10:00:00,2025-06-25 14:00:00,273.0,2025-06-25 10:00:00,2025-06-25 14:00:00,333.0,2025-06-25 10:00:00,2025-06-25 14:00:00,366.0,2025-06-25 10:00:00,2025-06-25 14:00:00,347.0,2025-06-25 10:00:00,2025-06-25 14:00:00,368.5224304199219,2025-06-26 04:00:00,233.2513732910156,2025-06-26 04:00:00,3.926154851913452,2025-06-26 04:00:00,99274.1015625,2025-06-26 04:00:00,52.9104648814706,2025-06-26 04:00:00,370.0
2025-06-26 10:00:00,370.0,6.0,2025-06-26 04:00:00,2025-06-26 08:00:00,357.0,836.7999877929688,2025-06-25 10:00:00,2025-06-25 14:00:00,288.0,2025-06-26 04:00:00,2025-06-26 08:00:00,353.0,2025-06-26 04:00:00,2025-06-26 08:00:00,366.0,2025-06-25 10:00:00,2025-06-25 14:00:00,370.0,2025-06-26 04:00:00,2025-06-26 08:00:00,367.1622619628906,2025-06-26 10:00:00,229.94793701171875,2025-06-26 10:00:00,3.926066875457764,2025-06-26 10:00:00,98361.375,2025-06-26 10:00:00,55.72291212613845,2025-06-26 10:00:00,360.0
2025-06-27 10:00:00,360.0,24.0,2025-06-26 10:00:00,2025-06-26 14:00:00,360.0,836.7999877929688,2025-06-25 10:00:00,2025-06-25 14:00:00,287.0,2025-06-26 10:00:00,2025-06-26 14:00:00,344.0,2025-06-26 10:00:00,2025-06-26 14:00:00,360.0,2025-06-26 10:00:00,2025-06-26 14:00:00,360.0,2025-06-26 10:00:00,2025-06-26 14:00:00,363.4764709472656,2025-06-27 10:00:00,231.3617553710937,2025-06-27 10:00:00,3.931455850601196,2025-06-27 10:00:00,98807.09375,2025-06-27 10:00:00,55.55043236600011,2025-06-27 10:00:00,357.0
2025-06-28 10:00:00,357.0,24.0,2025-06-27 10:00:00,2025-06-27 14:00:00,360.0,838.5,2025-06-27 10:00:00,2025-06-27 14:00:00,280.0,2025-06-27 10:00:00,2025-06-27 14:00:00,340.0,2025-06-27 10:00:00,2025-06-27 14:00:00,368.0,2025-06-27 10:00:00,2025-06-27 14:00:00,357.0,2025-06-27 10:00:00,2025-06-27 14:00:00,362.8421630859375,2025-06-28 10:00:00,235.9854431152344,2025-06-28 10:00:00,3.8973255157470703,2025-06-28 10:00:00,98431.4453125,2025-06-28 10:00:00,53.6999538017659,2025-06-28 10:00:00,356.0
2025-06-29 10:00:00,356.0,24.0,2025-06-28 10:00:00,2025-06-28 14:00:00,357.0,836.2000122070312,2025-06-28 10:00:00,2025-06-28 14:00:00,284.0,2025-06-28 10:00:00,2025-06-28 14:00:00,340.0,2025-06-28 10:00:00,2025-06-28 14:00:00,351.0,2025-06-28 10:00:00,2025-06-28 14:00:00,356.0,2025-06-28 10:00:00,2025-06-28 14:00:00,365.31103515625,2025-06-29 10:00:00,235.90496826171875,2025-06-29 10:00:00,3.9339816570281982,2025-06-29 10:00:00,98502.7890625,2025-06-29 10:00:00,55.227575808134475,2025-06-29 10:00:00,356.0
2025-06-30 10:00:00,356.0,24.0,2025-06-29 10:00:00,2025-06-29 14:00:00,356.0,836.2000122070312,2025-06-28 10:00:00,2025-06-28 14:00:00,283.0,2025-06-29 10:00:00,2025-06-29 14:00:00,340.0,2025-06-29 10:00:00,2025-06-29 14:00:00,359.0,2025-06-29 10:00:00,2025-06-29 14:00:00,356.0,2025-06-29 10:00:00,2025-06-29 14:00:00,367.4890441894531,2025-06-30 10:00:00,234.411361694336,2025-06-30 10:00:00,3.966762065887451,2025-06-30 10:00:00,98745.7421875,2025-06-30 10:00:00,55.04666918147166,2025-06-30 10:00:00,356.0
2025-07-01 10:00:00,356.0,24.0,2025-06-30 10:00:00,2025-06-30 14:00:00,356.0,,2025-06-28 10:00:00,2025-06-28 14:00:00,282.0,2025-06-30 10:00:00,2025-06-30 14:00:00,340.0,2025-06-30 10:00:00,2025-06-30 14:00:00,365.0,2025-06-30 10:00:00,2025-06-30 14:00:00,356.0,2025-06-30 10:00:00,2025-06-30 14:00:00,363.861083984375,2025-07-01 10:00:00,232.6902313232422,2025-07-01 10:00:00,3.896441221237183,2025-07-01 10:00:00,98027.4296875,2025-07-01 10:00:00,,2025-07-01 10:00:00,345.0
2025-07-02 10:00:00,345.0,24.0,2025-07-01 10:00:00,2025-07-01 14:00:00,356.0,,2025-06-28 10:00:00,2025-06-28 14:00:00,275.0,2025-07-01 10:00:00,2025-07-01 14:00:00,330.0,2025-07-01 10:00:00,2025-07-01 14:00:00,365.0,2025-07-01 14:00:00,2025-07-01 18:00:00,345.0,2025-07-01 10:00:00,2025-07-01 14:00:00,362.9407348632813,2025-07-02 10:00:00,229.736068725586,2025-07-02 10:00:00,3.980335235595703,2025-07-02 10:00:00,98183.0,2025-07-02 10:00:00,,2025-07-02 10:00:00,357.0
2025-07-03 10:00:00,357.0,24.0,2025-07-02 10:00:00,2025-07-02 14:00:00,356.0,836.4000244140625,2025-07-02 10:00:00,2025-07-02 14:00:00,280.0,2025-07-02 10:00:00,2025-07-02 14:00:00,340.0,2025-07-02 10:00:00,2025-07-02 14:00:00,358.0,2025-07-02 10:00:00,2025-07-02 14:00:00,357.0,2025-07-02 10:00:00,2025-07-02 14:00:00,363.46771240234375,2025-07-03 10:00:00,230.93125915527344,2025-07-03 10:00:00,3.9862465858459473,2025-07-03 10:00:00,98104.640625,2025-07-03 10:00:00,54.42193371379403,2025-07-03 10:00:00,356.0
2025-07-04 10:00:00,356.0,24.0,2025-07-03 10:00:00,2025-07-03 14:00:00,356.0,836.4000244140625,2025-07-02 10:00:00,2025-07-02 14:00:00,284.0,2025-07-03 10:00:00,2025-07-03 14:00:00,341.0,2025-07-03 10:00:00,2025-07-03 14:00:00,370.0,2025-07-03 10:00:00,2025-07-03 14:00:00,356.0,2025-07-03 10:00:00,2025-07-03 14:00:00,362.8184509277344,2025-07-04 10:00:00,228.8359222412109,2025-07-04 10:00:00,3.895076036453247,2025-07-04 10:00:00,97771.8359375,2025-07-04 10:00:00,55.15845442003172,2025-07-04 10:00:00,363.0
2025-07-04 22:00:00,363.0,12.0,2025-07-04 10:00:00,2025-07-04 14:00:00,357.0,,2025-07-02 10:00:00,2025-07-02 14:00:00,284.0,2025-07-04 10:00:00,2025-07-04 14:00:00,348.0,2025-07-04 10:00:00,2025-07-04 14:00:00,365.0,2025-07-04 10:00:00,2025-07-04 14:00:00,363.0,2025-07-04 10:00:00,2025-07-04 14:00:00,363.1053771972656,2025-07-04 22:00:00,231.3295440673828,2025-07-04 22:00:00,3.929412364959717,2025-07-04 22:00:00,98809.8046875,2025-07-04 22:00:00,,2025-07-04 22:00:00,351.0
2025-07-05 10:00:00,351.0,12.0,2025-07-04 22:00:00,2025-07-05 02:00:00,356.0,,2025-07-02 10:00:00,2025-07-02 14:00:00,283.0,2025-07-04 22:00:00,2025-07-05 02:00:00,344.0,2025-07-04 22:00:00,2025-07-05 02:00:00,365.0,2025-07-04 10:00:00,2025-07-04 14:00:00,351.0,2025-07-04 22:00:00,2025-07-05 02:00:00,364.9722900390625,2025-07-05 10:00:00,234.9781494140625,2025-07-05 10:00:00,3.9506967067718506,2025-07-05 10:00:00,99084.9765625,2025-07-05 10:00:00,,2025-07-05 10:00:00,357.0
2025-07-06 10:00:00,357.0,24.0,2025-07-05 10:00:00,2025-07-05 14:00:00,357.0,835.9000244140625,2025-07-05 10:00:00,2025-07-05 14:00:00,282.0,2025-07-05 10:00:00,2025-07-05 14:00:00,340.0,2025-07-05 10:00:00,2025-07-05 14:00:00,359.0,2025-07-05 10:00:00,2025-07-05 14:00:00,357.0,2025-07-05 10:00:00,2025-07-05 14:00:00,366.4100036621094,2025-07-06 10:00:00,233.55328369140625,2025-07-06 10:00:00,3.940667629241944,2025-07-06 10:00:00,98770.3671875,2025-07-06 10:00:00,54.967410326970935,2025-07-06 10:00:00,360.0
2025-07-07 10:00:00,360.0,24.0,2025-07-06 10:00:00,2025-07-06 14:00:00,357.0,835.9000244140625,2025-07-05 10:00:00,2025-07-05 14:00:00,283.0,2025-07-06 10:00:00,2025-07-06 14:00:00,345.0,2025-07-06 10:00:00,2025-07-06 14:00:00,370.0,2025-07-06 10:00:00,2025-07-06 14:00:00,360.0,2025-07-06 10:00:00,2025-07-06 14:00:00,363.70611572265625,2025-07-07 10:00:00,229.41978454589844,2025-07-07 10:00:00,3.93403959274292,2025-07-07 10:00:00,98064.953125,2025-07-07 10:00:00,55.15045692345427,2025-07-07 10:00:00,354.0
2025-07-08 10:00:00,354.0,24.0,2025-07-07 10:00:00,2025-07-07 14:00:00,357.0,836.2999877929688,2025-07-07 10:00:00,2025-07-07 14:00:00,283.0,2025-07-07 10:00:00,2025-07-07 14:00:00,343.0,2025-07-07 10:00:00,2025-07-07 14:00:00,356.0,2025-07-07 10:00:00,2025-07-07 14:00:00,354.0,2025-07-07 10:00:00,2025-07-07 14:00:00,363.9526672363281,2025-07-08 10:00:00,229.6641540527344,2025-07-08 10:00:00,3.876865863800049,2025-07-08 10:00:00,98114.3125,2025-07-08 10:00:00,55.01211128551847,2025-07-08 10:00:00,358.0
2025-07-09 10:00:00,358.0,24.0,2025-07-08 10:00:00,2025-07-08 14:00:00,358.0,836.2999877929688,2025-07-07 10:00:00,2025-07-07 14:00:00,280.0,2025-07-08 10:00:00,2025-07-08 14:00:00,340.0,2025-07-08 10:00:00,2025-07-08 14:00:00,363.0,2025-07-08 10:00:00,2025-07-08 14:00:00,358.0,2025-07-08 10:00:00,2025-07-08 14:00:00,364.07708740234375,2025-07-09 10:00:00,230.53973388671875,2025-07-09 10:00:00,3.8897624015808105,2025-07-09 10:00:00,97848.9921875,2025-07-09 10:00:00,54.456497205943606,2025-07-09 10:00:00,357.0
2025-07-10 10:00:00,357.0,24.0,2025-07-09 10:00:00,2025-07-09 14:00:00,357.0,836.2000122070312,2025-07-09 10:00:00,2025-07-09 14:00:00,280.0,2025-07-09 10:00:00,2025-07-09 14:00:00,341.0,2025-07-09 10:00:00,2025-07-09 14:00:00,362.0,2025-07-09 10:00:00,2025-07-09 14:00:00,357.0,2025-07-09 10:00:00,2025-07-09 14:00:00,365.3354187011719,2025-07-10 10:00:00,228.1970977783203,2025-07-10 10:00:00,3.9282357692718506,2025-07-10 10:00:00,99104.203125,2025-07-10 10:00:00,54.49105510189679,2025-07-10 10:00:00,364.0
2025-07-10 20:00:00,364.0,10.0,2025-07-10 10:00:00,2025-07-10 14:00:00,358.0,836.2000122070312,2025-07-09 10:00:00,2025-07-09 14:00:00,283.0,2025-07-10 10:00:00,2025-07-10 14:00:00,346.0,2025-07-10 10:00:00,2025-07-10 14:00:00,368.0,2025-07-10 10:00:00,2025-07-10 14:00:00,364.0,2025-07-10 10:00:00,2025-07-10 14:00:00,360.7668151855469,2025-07-10 20:00:00,224.0170135498047,2025-07-10 20:00:00,3.8596580028533936,2025-07-10 20:00:00,95561.203125,2025-07-10 20:00:00,55.04666918147166,2025-07-10 20:00:00,350.0
2025-07-11 10:00:00,350.0,14.0,2025-07-10 20:00:00,2025-07-11 00:00:00,357.0,836.2000122070312,2025-07-09 10:00:00,2025-07-09 14:00:00,281.0,2025-07-10 20:00:00,2025-07-11 00:00:00,337.0,2025-07-10 20:00:00,2025-07-11 00:00:00,368.0,2025-07-10 10:00:00,2025-07-10 14:00:00,350.0,2025-07-10 20:00:00,2025-07-11 00:00:00,362.0410461425781,2025-07-11 10:00:00,226.60501098632807,2025-07-11 10:00:00,3.959446430206299,2025-07-11 10:00:00,99146.5,2025-07-11 10:00:00,54.67842245684767,2025-07-11 10:00:00,350.0
2025-07-12 10:00:00,350.0,24.0,2025-07-11 10:00:00,2025-07-11 14:00:00,350.0,,2025-07-09 10:00:00,2025-07-09 14:00:00,275.0,2025-07-11 10:00:00,2025-07-11 14:00:00,334.0,2025-07-11 10:00:00,2025-07-11 14:00:00,364.0,2025-07-11 10:00:00,2025-07-11 14:00:00,350.0,2025-07-11 10:00:00,2025-07-11 14:00:00,362.2019348144531,2025-07-12 10:00:00,230.5805206298828,2025-07-12 10:00:00,3.999414205551148,2025-07-12 10:00:00,99738.9296875,2025-07-12 10:00:00,,2025-07-12 10:00:00,357.0
2025-07-13 10:00:00,357.0,24.0,2025-07-12 10:00:00,2025-07-12 14:00:00,350.0,,2025-07-09 10:00:00,2025-07-09 14:00:00,282.0,2025-07-12 10:00:00,2025-07-12 14:00:00,340.0,2025-07-12 10:00:00,2025-07-12 14:00:00,364.0,2025-07-12 10:00:00,2025-07-12 14:00:00,357.0,2025-07-12 10:00:00,2025-07-12 14:00:00,362.6643981933594,2025-07-13 10:00:00,232.8697662353516,2025-07-13 10:00:00,3.982552289962769,2025-07-13 10:00:00,99249.4765625,2025-07-13 10:00:00,,2025-07-13 10:00:00,356.0
2025-07-14 10:00:00,356.0,24.0,2025-07-13 10:00:00,2025-07-13 14:00:00,356.0,,2025-07-09 10:00:00,2025-07-09 14:00:00,280.0,2025-07-13 10:00:00,2025-07-13 14:00:00,340.0,2025-07-13 10:00:00,2025-07-13 14:00:00,362.0,2025-07-13 10:00:00,2025-07-13 14:00:00,356.0,2025-07-13 10:00:00,2025-07-13 14:00:00,359.7423095703125,2025-07-14 10:00:00,231.76307678222656,2025-07-14 10:00:00,3.922295570373535,2025-07-14 10:00:00,99101.3515625,2025-07-14 10:00:00,,2025-07-14 10:00:00,358.0
2025-07-15 10:00:00,358.0,24.0,2025-07-14 10:00:00,2025-07-14 14:00:00,357.0,,2025-07-09 10:00:00,2025-07-09 14:00:00,282.0,2025-07-14 10:00:00,2025-07-14 14:00:00,340.0,2025-07-14 10:00:00,2025-07-14 14:00:00,362.0,2025-07-14 10:00:00,2025-07-14 14:00:00,358.0,2025-07-14 10:00:00,2025-07-14 14:00:00,358.4179077148437,2025-07-15 10:00:00,229.4190826416016,2025-07-15 10:00:00,3.960746049880981,2025-07-15 10:00:00,99264.140625,2025-07-15 10:00:00,,2025-07-15 10:00:00,350.0
2025-07-16 10:00:00,350.0,24.0,2025-07-15 10:00:00,2025-07-15 14:00:00,356.0,,2025-07-09 10:00:00,2025-07-09 14:00:00,280.0,2025-07-15 10:00:00,2025-07-15 14:00:00,338.0,2025-07-15 10:00:00,2025-07-15 14:00:00,359.0,2025-07-15 10:00:00,2025-07-15 14:00:00,350.0,2025-07-15 10:00:00,2025-07-15 14:00:00,360.5057067871094,2025-07-16 10:00:00,235.3215484619141,2025-07-16 10:00:00,3.9449636936187744,2025-07-16 10:00:00,98345.953125,2025-07-16 10:00:00,,2025-07-16 10:00:00,355.0
2025-07-17 10:00:00,355.0,24.0,2025-07-16 10:00:00,2025-07-16 14:00:00,355.0,835.9000244140625,2025-07-16 10:00:00,2025-07-16 14:00:00,278.0,2025-07-16 10:00:00,2025-07-16 14:00:00,338.0,2025-07-16 10:00:00,2025-07-16 14:00:00,357.0,2025-07-16 10:00:00,2025-07-16 14:00:00,355.0,2025-07-16 10:00:00,2025-07-16 14:00:00,362.73870849609375,2025-07-17 10:00:00,226.1823883056641,2025-07-17 10:00:00,3.931574583053589,2025-07-17 10:00:00,99810.921875,2025-07-17 10:00:00,54.213550995630726,2025-07-17 10:00:00,340.0
2025-07-18 10:00:00,340.0,24.0,2025-07-17 10:00:00,2025-07-17 14:00:00,350.0,835.9000244140625,2025-07-16 10:00:00,2025-07-16 14:00:00,273.0,2025-07-17 10:00:00,2025-07-17 14:00:00,328.0,2025-07-17 10:00:00,2025-07-17 14:00:00,360.0,2025-07-17 10:00:00,2025-07-17 14:00:00,340.0,2025-07-17 10:00:00,2025-07-17 14:00:00,367.5032043457031,2025-07-18 10:00:00,230.9326171875,2025-07-18 10:00:00,3.922381639480591,2025-07-18 10:00:00,99939.765625,2025-07-18 10:00:00,53.22140978186383,2025-07-18 10:00:00,365.0
2025-07-19 10:00:00,365.0,24.0,2025-07-18 10:00:00,2025-07-18 14:00:00,355.0,,2025-07-16 10:00:00,2025-07-16 14:00:00,283.0,2025-07-18 10:00:00,2025-07-18 14:00:00,348.0,2025-07-18 10:00:00,2025-07-18 14:00:00,,2025-07-18 10:00:00,2025-07-18 14:00:00,365.0,2025-07-18 10:00:00,2025-07-18 14:00:00,366.6887817382813,2025-07-19 10:00:00,240.75955200195312,2025-07-19 10:00:00,3.890472173690796,2025-07-19 10:00:00,98087.4296875,2025-07-19 10:00:00,,2025-07-19 10:00:00,363.0
2025-07-20 10:00:00,363.0,24.0,2025-07-19 10:00:00,2025-07-19 14:00:00,363.0,,2025-07-16 10:00:00,2025-07-16 14:00:00,283.0,2025-07-19 10:00:00,2025-07-19 14:00:00,344.0,2025-07-19 10:00:00,2025-07-19 14:00:00,367.0,2025-07-19 10:00:00,2025-07-19 14:00:00,363.0,2025-07-19 10:00:00,2025-07-19 14:00:00,363.6479797363281,2025-07-20 10:00:00,233.9907073974609,2025-07-20 10:00:00,3.944526910781861,2025-07-20 10:00:00,98979.6015625,2025-07-20 10:00:00,,2025-07-20 10:00:00,357.0
2025-07-21 10:00:00,357.0,24.0,2025-07-20 10:00:00,2025-07-20 14:00:00,363.0,,2025-07-16 10:00:00,2025-07-16 14:00:00,283.0,2025-07-20 10:00:00,2025-07-20 14:00:00,341.0,2025-07-20 10:00:00,2025-07-20 14:00:00,362.0,2025-07-20 10:00:00,2025-07-20 14:00:00,357.0,2025-07-20 10:00:00,2025-07-20 14:00:00,367.6569519042969,2025-07-21 10:00:00,232.79620361328125,2025-07-21 10:00:00,3.934092044830322,2025-07-21 10:00:00,99131.203125,2025-07-21 10:00:00,,2025-07-21 10:00:00,358.0
2025-07-22 10:00:00,358.0,24.0,2025-07-21 10:00:00,2025-07-21 14:00:00,358.0,,2025-07-16 10:00:00,2025-07-16 14:00:00,285.0,2025-07-21 10:00:00,2025-07-21 14:00:00,344.0,2025-07-21 10:00:00,2025-07-21 14:00:00,355.0,2025-07-21 22:00:00,2025-07-22 02:00:00,358.0,2025-07-21 10:00:00,2025-07-21 14:00:00,364.310791015625,2025-07-22 10:00:00,229.98085021972656,2025-07-22 10:00:00,3.8819384574890137,2025-07-22 10:00:00,99613.546875,2025-07-22 10:00:00,,2025-07-22 10:00:00,342.0
2025-07-22 22:00:00,342.0,12.0,2025-07-22 10:00:00,2025-07-22 14:00:00,357.0,,2025-07-16 10:00:00,2025-07-16 14:00:00,273.0,2025-07-22 10:00:00,2025-07-22 14:00:00,333.0,2025-07-22 10:00:00,2025-07-22 14:00:00,355.0,2025-07-22 10:00:00,2025-07-22 14:00:00,342.0,2025-07-22 10:00:00,2025-07-22 14:00:00,360.2425231933594,2025-07-22 22:00:00,215.66778564453125,2025-07-22 22:00:00,3.98577880859375,2025-07-22 22:00:00,94234.8515625,2025-07-22 22:00:00,,2025-07-22 22:00:00,347.0
2025-07-23 10:00:00,347.0,12.0,2025-07-22 22:00:00,2025-07-23 02:00:00,347.0,,2025-07-16 10:00:00,2025-07-16 14:00:00,275.0,2025-07-22 22:00:00,2025-07-23 02:00:00,330.0,2025-07-22 22:00:00,2025-07-23 02:00:00,355.0,2025-07-22 10:00:00,2025-07-22 14:00:00,347.0,2025-07-22 22:00:00,2025-07-23 02:00:00,365.2699890136719,2025-07-23 10:00:00,244.4310302734375,2025-07-23 10:00:00,3.9192609786987305,2025-07-23 10:00:00,97884.0390625,2025-07-23 10:00:00,,2025-07-23 10:00:00,360.0
2025-07-24 10:00:00,360.0,24.0,2025-07-23 10:00:00,2025-07-23 14:00:00,347.0,835.7999877929688,2025-07-23 10:00:00,2025-07-23 14:00:00,282.0,2025-07-23 10:00:00,2025-07-23 14:00:00,343.0,2025-07-23 10:00:00,2025-07-23 14:00:00,367.0,2025-07-23 10:00:00,2025-07-23 14:00:00,360.0,2025-07-23 10:00:00,2025-07-23 14:00:00,364.9081726074219,2025-07-24 10:00:00,213.93927001953125,2025-07-24 10:00:00,3.846909761428833,2025-07-24 10:00:00,95673.4140625,2025-07-24 10:00:00,55.00205132149233,2025-07-24 10:00:00,355.0
2025-07-25 10:00:00,355.0,24.0,2025-07-24 10:00:00,2025-07-24 14:00:00,355.0,835.7999877929688,2025-07-23 10:00:00,2025-07-23 14:00:00,277.0,2025-07-24 10:00:00,2025-07-24 14:00:00,338.0,2025-07-24 10:00:00,2025-07-24 14:00:00,356.0,2025-07-24 10:00:00,2025-07-24 14:00:00,355.0,2025-07-24 10:00:00,2025-07-24 14:00:00,371.5665588378906,2025-07-25 10:00:00,226.5164794921875,2025-07-25 10:00:00,3.93536114692688,2025-07-25 10:00:00,101050.453125,2025-07-25 10:00:00,54.054239423778085,2025-07-25 10:00:00,361.0
2025-07-26 10:00:00,361.0,24.0,2025-07-25 10:00:00,2025-07-25 14:00:00,360.0,837.4000244140625,2025-07-25 10:00:00,2025-07-25 14:00:00,278.0,2025-07-25 10:00:00,2025-07-25 14:00:00,342.0,2025-07-25 10:00:00,2025-07-25 14:00:00,366.0,2025-07-25 10:00:00,2025-07-25 14:00:00,361.0,2025-07-25 10:00:00,2025-07-25 14:00:00,374.9315185546875,2025-07-26 10:00:00,239.46115112304688,2025-07-26 10:00:00,3.869594812393189,2025-07-26 10:00:00,99757.40625,2025-07-26 10:00:00,53.69598571537438,2025-07-26 10:00:00,366.0
2025-07-27 10:00:00,366.0,24.0,2025-07-26 10:00:00,2025-07-26 14:00:00,361.0,837.4000244140625,2025-07-25 10:00:00,2025-07-25 14:00:00,275.0,2025-07-26 10:00:00,2025-07-26 14:00:00,346.0,2025-07-26 10:00:00,2025-07-26 14:00:00,363.0,2025-07-27 05:00:00,2025-07-27 09:00:00,366.0,2025-07-26 10:00:00,2025-07-26 14:00:00,367.6334228515625,2025-07-27 10:00:00,219.8188323974609,2025-07-27 10:00:00,3.969982862472534,2025-07-27 10:00:00,94958.34375,2025-07-27 10:00:00,53.107443497135364,2025-07-27 10:00:00,363.0
2025-07-27 18:00:00,363.0,8.0,2025-07-27 10:00:00,2025-07-27 14:00:00,363.0,,2025-07-25 10:00:00,2025-07-25 14:00:00,281.0,2025-07-27 10:00:00,2025-07-27 14:00:00,344.0,2025-07-27 10:00:00,2025-07-27 14:00:00,,2025-07-27 10:00:00,2025-07-27 14:00:00,363.0,2025-07-27 10:00:00,2025-07-27 14:00:00,364.4527282714844,2025-07-27 18:00:00,216.5163116455078,2025-07-27 18:00:00,3.985445261001587,2025-07-27 18:00:00,90523.3828125,2025-07-27 18:00:00,,2025-07-27 18:00:00,357.0
2025-07-28 01:00:00,357.0,7.0,2025-07-27 18:00:00,2025-07-27 22:00:00,363.0,,2025-07-25 10:00:00,2025-07-25 14:00:00,273.0,2025-07-27 18:00:00,2025-07-27 22:00:00,336.0,2025-07-27 18:00:00,2025-07-27 22:00:00,,2025-07-27 10:00:00,2025-07-27 14:00:00,357.0,2025-07-27 18:00:00,2025-07-27 22:00:00,366.326416015625,2025-07-28 01:00:00,223.442138671875,2025-07-28 01:00:00,3.978374481201172,2025-07-28 01:00:00,95495.015625,2025-07-28 01:00:00,,2025-07-28 01:00:00,357.0
2025-07-28 10:00:00,357.0,9.0,2025-07-28 01:00:00,2025-07-28 05:00:00,357.0,,2025-07-25 10:00:00,2025-07-25 14:00:00,277.0,2025-07-28 01:00:00,2025-07-28 05:00:00,338.0,2025-07-28 01:00:00,2025-07-28 05:00:00,,2025-07-27 10:00:00,2025-07-27 14:00:00,357.0,2025-07-28 01:00:00,2025-07-28 05:00:00,366.92578125,2025-07-28 10:00:00,232.64422607421875,2025-07-28 10:00:00,3.897957801818848,2025-07-28 10:00:00,98809.6015625,2025-07-28 10:00:00,,2025-07-28 10:00:00,350.0
2025-07-29 00:00:00,350.0,14.0,2025-07-28 10:00:00,2025-07-28 14:00:00,357.0,,2025-07-25 10:00:00,2025-07-25 14:00:00,277.0,2025-07-28 10:00:00,2025-07-28 14:00:00,334.0,2025-07-28 10:00:00,2025-07-28 14:00:00,355.0,2025-07-28 10:00:00,2025-07-28 14:00:00,350.0,2025-07-28 10:00:00,2025-07-28 14:00:00,364.6787109375,2025-07-29 00:00:00,218.79861450195312,2025-07-29 00:00:00,3.877132654190064,2025-07-29 00:00:00,93327.3515625,2025-07-29 00:00:00,,2025-07-29 00:00:00,356.0
2025-07-29 10:00:00,356.0,10.0,2025-07-29 00:00:00,2025-07-29 04:00:00,356.0,,2025-07-25 10:00:00,2025-07-25 14:00:00,277.0,2025-07-29 00:00:00,2025-07-29 04:00:00,338.0,2025-07-29 00:00:00,2025-07-29 04:00:00,355.0,2025-07-28 10:00:00,2025-07-28 14:00:00,356.0,2025-07-29 00:00:00,2025-07-29 04:00:00,367.9011535644531,2025-07-29 10:00:00,236.0841522216797,2025-07-29 10:00:00,3.983744621276856,2025-07-29 10:00:00,99165.7578125,2025-07-29 10:00:00,,2025-07-29 10:00:00,352.0
2025-07-30 10:00:00,352.0,24.0,2025-07-29 10:00:00,2025-07-29 14:00:00,352.0,,2025-07-25 10:00:00,2025-07-25 14:00:00,277.0,2025-07-29 10:00:00,2025-07-29 14:00:00,334.0,2025-07-29 10:00:00,2025-07-29 14:00:00,364.0,2025-07-29 22:00:00,2025-07-30 02:00:00,352.0,2025-07-29 10:00:00,2025-07-29 14:00:00,375.7954711914063,2025-07-30 10:00:00,251.0544891357422,2025-07-30 10:00:00,3.904952526092529,2025-07-30 10:00:00,98598.5390625,2025-07-30 10:00:00,,2025-07-30 10:00:00,364.0
2025-07-30 14:00:00,364.0,4.0,2025-07-30 10:00:00,2025-07-30 14:00:00,356.0,836.7999877929688,2025-07-30 10:00:00,2025-07-30 14:00:00,277.0,2025-07-30 10:00:00,2025-07-30 14:00:00,343.0,2025-07-30 10:00:00,2025-07-30 14:00:00,369.0,2025-07-30 10:00:00,2025-07-30 14:00:00,364.0,2025-07-30 10:00:00,2025-07-30 14:00:00,375.1055603027344,2025-07-30 14:00:00,232.10240173339844,2025-07-30 14:00:00,3.9861271381378174,2025-07-30 14:00:00,99361.546875,2025-07-30 14:00:00,53.708653528863465,2025-07-30 14:00:00,370.0
2025-07-30 22:00:00,370.0,8.0,2025-07-30 14:00:00,2025-07-30 18:00:00,364.0,836.7999877929688,2025-07-30 10:00:00,2025-07-30 14:00:00,281.0,2025-07-30 14:00:00,2025-07-30 18:00:00,351.0,2025-07-30 14:00:00,2025-07-30 18:00:00,369.0,2025-07-30 10:00:00,2025-07-30 14:00:00,370.0,2025-07-30 14:00:00,2025-07-30 18:00:00,370.3485107421875,2025-07-30 22:00:00,236.4159240722656,2025-07-30 22:00:00,3.9862060546875,2025-07-30 22:00:00,99376.1796875,2025-07-30 22:00:00,54.47126529843706,2025-07-30 22:00:00,360.0
2025-07-31 10:00:00,360.0,12.0,2025-07-30 22:00:00,2025-07-31 02:00:00,364.0,836.7999877929688,2025-07-30 10:00:00,2025-07-30 14:00:00,277.0,2025-07-30 22:00:00,2025-07-31 02:00:00,338.0,2025-07-30 22:00:00,2025-07-31 02:00:00,369.0,2025-07-30 10:00:00,2025-07-30 14:00:00,360.0,2025-07-30 22:00:00,2025-07-31 02:00:00,373.98919677734375,2025-07-31 10:00:00,238.6585998535156,2025-07-31 10:00:00,3.9573683738708496,2025-07-31 10:00:00,99807.578125,2025-07-31 10:00:00,53.708653528863465,2025-07-31 10:00:00,365.0
2025-08-01 10:00:00,365.0,24.0,2025-07-31 10:00:00,2025-07-31 14:00:00,365.0,836.7999877929688,2025-07-30 10:00:00,2025-07-30 14:00:00,277.0,2025-07-31 10:00:00,2025-07-31 14:00:00,345.0,2025-07-31 10:00:00,2025-07-31 14:00:00,368.0,2025-07-31 10:00:00,2025-07-31 14:00:00,365.0,2025-07-31 10:00:00,2025-07-31 14:00:00,366.2631530761719,2025-08-01 10:00:00,198.2365264892578,2025-08-01 10:00:00,3.841354370117188,2025-08-01 10:00:00,86687.1875,2025-08-01 10:00:00,53.708653528863465,2025-08-01 10:00:00,362.0
2025-08-03 10:00:00,362.0,48.0,2025-08-01 10:00:00,2025-08-01 14:00:00,362.0,,2025-07-30 10:00:00,2025-07-30 14:00:00,277.0,2025-08-01 10:00:00,2025-08-01 14:00:00,342.0,2025-08-01 10:00:00,2025-08-01 14:00:00,364.0,2025-08-02 17:00:00,2025-08-02 21:00:00,362.0,2025-08-01 10:00:00,2025-08-01 14:00:00,369.6483154296875,2025-08-03 10:00:00,222.6702117919922,2025-08-03 10:00:00,3.985430955886841,2025-08-03 10:00:00,99660.7265625,2025-08-03 10:00:00,,2025-08-03 10:00:00,359.0
2025-08-04 10:00:00,359.0,24.0,2025-08-03 10:00:00,2025-08-03 14:00:00,362.0,,2025-07-30 10:00:00,2025-07-30 14:00:00,277.0,2025-08-03 10:00:00,2025-08-03 14:00:00,342.0,2025-08-03 10:00:00,2025-08-03 14:00:00,360.0,2025-08-03 10:00:00,2025-08-03 14:00:00,359.0,2025-08-03 10:00:00,2025-08-03 14:00:00,372.6357421875,2025-08-04 10:00:00,239.6282196044922,2025-08-04 10:00:00,3.8356833457946777,2025-08-04 10:00:00,98523.5859375,2025-08-04 10:00:00,,2025-08-04 10:00:00,348.0
2025-08-05 10:00:00,348.0,24.0,2025-08-04 10:00:00,2025-08-04 14:00:00,359.0,835.4000244140625,2025-08-04 10:00:00,2025-08-04 14:00:00,274.0,2025-08-04 10:00:00,2025-08-04 14:00:00,333.0,2025-08-04 10:00:00,2025-08-04 14:00:00,364.0,2025-08-04 10:00:00,2025-08-04 14:00:00,348.0,2025-08-04 10:00:00,2025-08-04 14:00:00,362.4702453613281,2025-08-05 10:00:00,201.0988311767578,2025-08-05 10:00:00,2.709012269973755,2025-08-05 10:00:00,84939.421875,2025-08-05 10:00:00,53.59763926936216,2025-08-05 10:00:00,350.0
2025-08-06 10:00:00,350.0,24.0,2025-08-05 10:00:00,2025-08-05 14:00:00,350.0,835.4000244140625,2025-08-04 10:00:00,2025-08-04 14:00:00,275.0,2025-08-05 10:00:00,2025-08-05 14:00:00,332.0,2025-08-05 10:00:00,2025-08-05 14:00:00,356.0,2025-08-05 10:00:00,2025-08-05 14:00:00,350.0,2025-08-05 10:00:00,2025-08-05 14:00:00,373.2683410644531,2025-08-06 10:00:00,250.78909301757807,2025-08-06 10:00:00,3.7524161338806152,2025-08-06 10:00:00,97253.90625,2025-08-06 10:00:00,53.79830527747731,2025-08-06 10:00:00,350.0
2025-08-07 10:00:00,350.0,24.0,2025-08-06 10:00:00,2025-08-06 14:00:00,350.0,833.0999755859375,2025-08-06 10:00:00,2025-08-06 14:00:00,275.0,2025-08-06 10:00:00,2025-08-06 14:00:00,333.0,2025-08-06 10:00:00,2025-08-06 14:00:00,355.0,2025-08-06 10:00:00,2025-08-06 14:00:00,350.0,2025-08-06 10:00:00,2025-08-06 14:00:00,370.4610900878906,2025-08-07 10:00:00,205.75509643554688,2025-08-07 10:00:00,3.975310802459717,2025-08-07 10:00:00,89147.6484375,2025-08-07 10:00:00,54.600475619886765,2025-08-07 10:00:00,364.0
2025-08-08 10:00:00,364.0,24.0,2025-08-07 10:00:00,2025-08-07 14:00:00,350.0,833.0999755859375,2025-08-06 10:00:00,2025-08-06 14:00:00,276.0,2025-08-07 10:00:00,2025-08-07 14:00:00,344.0,2025-08-07 10:00:00,2025-08-07 14:00:00,368.0,2025-08-07 10:00:00,2025-08-07 14:00:00,364.0,2025-08-07 10:00:00,2025-08-07 14:00:00,368.3386535644531,2025-08-08 10:00:00,215.8946533203125,2025-08-08 10:00:00,3.8983001708984375,2025-08-08 10:00:00,93309.0234375,2025-08-08 10:00:00,54.798889328697214,2025-08-08 10:00:00,360.0
2025-08-09 10:00:00,360.0,24.0,2025-08-08 10:00:00,2025-08-08 14:00:00,360.0,,2025-08-06 10:00:00,2025-08-06 14:00:00,278.0,2025-08-08 10:00:00,2025-08-08 14:00:00,342.0,2025-08-08 10:00:00,2025-08-08 14:00:00,367.0,2025-08-08 10:00:00,2025-08-08 14:00:00,360.0,2025-08-08 10:00:00,2025-08-08 14:00:00,367.86614990234375,2025-08-09 10:00:00,223.6563720703125,2025-08-09 10:00:00,3.9568350315094,2025-08-09 10:00:00,98414.328125,2025-08-09 10:00:00,,2025-08-09 10:00:00,353.0
2025-08-10 10:00:00,353.0,24.0,2025-08-09 10:00:00,2025-08-09 14:00:00,360.0,,2025-08-06 10:00:00,2025-08-06 14:00:00,274.0,2025-08-09 10:00:00,2025-08-09 14:00:00,336.0,2025-08-09 10:00:00,2025-08-09 14:00:00,357.0,2025-08-09 10:00:00,2025-08-09 14:00:00,353.0,2025-08-09 10:00:00,2025-08-09 14:00:00,368.4944763183594,2025-08-10 10:00:00,233.44839477539065,2025-08-10 10:00:00,3.886730432510376,2025-08-10 10:00:00,99326.6953125,2025-08-10 10:00:00,,2025-08-10 10:00:00,366.0
2025-08-12 10:00:00,366.0,48.0,2025-08-10 10:00:00,2025-08-10 14:00:00,360.0,,2025-08-06 10:00:00,2025-08-06 14:00:00,282.0,2025-08-10 10:00:00,2025-08-10 14:00:00,347.0,2025-08-10 10:00:00,2025-08-10 14:00:00,358.0,2025-08-11 10:00:00,2025-08-11 14:00:00,366.0,2025-08-10 10:00:00,2025-08-10 14:00:00,364.8008117675781,2025-08-12 10:00:00,231.9701232910156,2025-08-12 10:00:00,3.948450088500977,2025-08-12 10:00:00,98919.078125,2025-08-12 10:00:00,,2025-08-12 10:00:00,354.0
2025-08-13 10:00:00,354.0,24.0,2025-08-12 10:00:00,2025-08-12 14:00:00,354.0,,2025-08-06 10:00:00,2025-08-06 14:00:00,276.0,2025-08-12 10:00:00,2025-08-12 14:00:00,336.0,2025-08-12 10:00:00,2025-08-12 14:00:00,358.0,2025-08-12 10:00:00,2025-08-12 14:00:00,354.0,2025-08-12 10:00:00,2025-08-12 14:00:00,369.4410095214844,2025-08-13 10:00:00,214.501953125,2025-08-13 10:00:00,3.791088581085205,2025-08-13 10:00:00,96799.53125,2025-08-13 10:00:00,,2025-08-13 10:00:00,354.0
2025-08-14 10:00:00,354.0,24.0,2025-08-13 10:00:00,2025-08-13 14:00:00,354.0,836.5,2025-08-13 10:00:00,2025-08-13 14:00:00,277.0,2025-08-13 10:00:00,2025-08-13 14:00:00,337.0,2025-08-13 10:00:00,2025-08-13 14:00:00,357.0,2025-08-13 10:00:00,2025-08-13 14:00:00,354.0,2025-08-13 10:00:00,2025-08-13 14:00:00,358.6015319824219,2025-08-14 10:00:00,217.7218475341797,2025-08-14 10:00:00,3.8272624015808105,2025-08-14 10:00:00,92798.203125,2025-08-14 10:00:00,53.812162387143076,2025-08-14 10:00:00,355.0
2025-08-15 10:00:00,355.0,24.0,2025-08-14 10:00:00,2025-08-14 14:00:00,354.0,836.5,2025-08-13 10:00:00,2025-08-13 14:00:00,275.0,2025-08-14 10:00:00,2025-08-14 14:00:00,337.0,2025-08-14 10:00:00,2025-08-14 14:00:00,367.0,2025-08-14 10:00:00,2025-08-14 14:00:00,355.0,2025-08-14 10:00:00,2025-08-14 14:00:00,358.9341735839844,2025-08-15 10:00:00,214.3324737548828,2025-08-15 10:00:00,3.965385437011719,2025-08-15 10:00:00,91624.5078125,2025-08-15 10:00:00,53.4175727352781,2025-08-15 10:00:00,342.0
2025-08-16 10:00:00,342.0,24.0,2025-08-15 10:00:00,2025-08-15 14:00:00,354.0,,2025-08-13 10:00:00,2025-08-13 14:00:00,273.0,2025-08-15 10:00:00,2025-08-15 14:00:00,328.0,2025-08-15 10:00:00,2025-08-15 14:00:00,350.0,2025-08-15 10:00:00,2025-08-15 14:00:00,342.0,2025-08-15 10:00:00,2025-08-15 14:00:00,360.5368041992188,2025-08-16 10:00:00,216.7734375,2025-08-16 10:00:00,3.90058970451355,2025-08-16 10:00:00,92129.1484375,2025-08-16 10:00:00,,2025-08-16 10:00:00,350.0
2025-08-17 10:00:00,350.0,24.0,2025-08-16 10:00:00,2025-08-16 14:00:00,350.0,,2025-08-13 10:00:00,2025-08-13 14:00:00,273.0,2025-08-16 10:00:00,2025-08-16 14:00:00,331.0,2025-08-16 10:00:00,2025-08-16 14:00:00,351.0,2025-08-16 10:00:00,2025-08-16 14:00:00,350.0,2025-08-16 10:00:00,2025-08-16 14:00:00,360.9505615234375,2025-08-17 10:00:00,216.10516357421875,2025-08-17 10:00:00,3.973592758178711,2025-08-17 10:00:00,92891.734375,2025-08-17 10:00:00,,2025-08-17 10:00:00,349.0
2025-08-18 10:00:00,349.0,24.0,2025-08-17 10:00:00,2025-08-17 14:00:00,349.0,,2025-08-13 10:00:00,2025-08-13 14:00:00,275.0,2025-08-17 10:00:00,2025-08-17 14:00:00,332.0,2025-08-17 10:00:00,2025-08-17 14:00:00,350.0,2025-08-17 10:00:00,2025-08-17 14:00:00,349.0,2025-08-17 10:00:00,2025-08-17 14:00:00,360.8815002441406,2025-08-18 10:00:00,218.50733947753903,2025-08-18 10:00:00,3.927760362625122,2025-08-18 10:00:00,93541.3359375,2025-08-18 10:00:00,,2025-08-18 10:00:00,345.0
2025-08-19 10:00:00,345.0,24.0,2025-08-18 10:00:00,2025-08-18 14:00:00,349.0,,2025-08-13 10:00:00,2025-08-13 14:00:00,276.0,2025-08-18 10:00:00,2025-08-18 14:00:00,328.0,2025-08-18 10:00:00,2025-08-18 14:00:00,354.0,2025-08-18 10:00:00,2025-08-18 14:00:00,345.0,2025-08-18 10:00:00,2025-08-18 14:00:00,367.92626953125,2025-08-19 10:00:00,226.187255859375,2025-08-19 10:00:00,3.933008193969727,2025-08-19 10:00:00,99848.75,2025-08-19 10:00:00,,2025-08-19 10:00:00,350.0
2025-08-20 10:00:00,350.0,24.0,2025-08-19 10:00:00,2025-08-19 14:00:00,349.0,,2025-08-13 10:00:00,2025-08-13 14:00:00,276.0,2025-08-19 10:00:00,2025-08-19 14:00:00,333.0,2025-08-19 10:00:00,2025-08-19 14:00:00,354.0,2025-08-18 10:00:00,2025-08-18 14:00:00,350.0,2025-08-19 10:00:00,2025-08-19 14:00:00,366.0293273925781,2025-08-20 10:00:00,208.64572143554688,2025-08-20 10:00:00,3.9095265865325928,2025-08-20 10:00:00,92536.796875,2025-08-20 10:00:00,,2025-08-20 10:00:00,357.0
2025-08-21 10:00:00,357.0,24.0,2025-08-20 10:00:00,2025-08-20 14:00:00,350.0,836.2999877929688,2025-08-20 10:00:00,2025-08-20 14:00:00,278.0,2025-08-20 10:00:00,2025-08-20 14:00:00,339.0,2025-08-20 10:00:00,2025-08-20 14:00:00,362.0,2025-08-20 10:00:00,2025-08-20 14:00:00,357.0,2025-08-20 10:00:00,2025-08-20 14:00:00,366.3366088867188,2025-08-21 10:00:00,209.9890289306641,2025-08-21 10:00:00,3.920692443847656,2025-08-21 10:00:00,92876.21875,2025-08-21 10:00:00,54.07520535769493,2025-08-21 10:00:00,345.0
2025-08-22 10:00:00,345.0,24.0,2025-08-21 10:00:00,2025-08-21 14:00:00,350.0,836.2999877929688,2025-08-20 10:00:00,2025-08-20 14:00:00,277.0,2025-08-21 10:00:00,2025-08-21 14:00:00,331.0,2025-08-21 10:00:00,2025-08-21 14:00:00,353.0,2025-08-21 10:00:00,2025-08-21 14:00:00,345.0,2025-08-21 10:00:00,2025-08-21 14:00:00,358.8223571777344,2025-08-22 10:00:00,193.4154052734375,2025-08-22 10:00:00,3.930329322814941,2025-08-22 10:00:00,84208.8125,2025-08-22 10:00:00,53.88125279132089,2025-08-22 10:00:00,350.0
2025-08-23 10:00:00,350.0,24.0,2025-08-22 10:00:00,2025-08-22 14:00:00,350.0,,2025-08-20 10:00:00,2025-08-20 14:00:00,276.0,2025-08-22 10:00:00,2025-08-22 14:00:00,333.0,2025-08-22 10:00:00,2025-08-22 14:00:00,364.0,2025-08-22 10:00:00,2025-08-22 14:00:00,350.0,2025-08-22 10:00:00,2025-08-22 14:00:00,365.6251831054688,2025-08-23 10:00:00,242.7271728515625,2025-08-23 10:00:00,3.877802610397339,2025-08-23 10:00:00,97076.1015625,2025-08-23 10:00:00,,2025-08-23 10:00:00,342.0
2025-08-24 10:00:00,342.0,24.0,2025-08-23 10:00:00,2025-08-23 14:00:00,345.0,,2025-08-20 10:00:00,2025-08-20 14:00:00,273.0,2025-08-23 10:00:00,2025-08-23 14:00:00,327.0,2025-08-23 10:00:00,2025-08-23 14:00:00,349.0,2025-08-23 10:00:00,2025-08-23 14:00:00,342.0,2025-08-23 10:00:00,2025-08-23 14:00:00,364.8212890625,2025-08-24 10:00:00,239.21954345703125,2025-08-24 10:00:00,3.9802186489105225,2025-08-24 10:00:00,98779.28125,2025-08-24 10:00:00,,2025-08-24 10:00:00,350.0
2025-08-25 10:00:00,350.0,24.0,2025-08-24 10:00:00,2025-08-24 14:00:00,350.0,,2025-08-20 10:00:00,2025-08-20 14:00:00,275.0,2025-08-24 10:00:00,2025-08-24 14:00:00,334.0,2025-08-24 10:00:00,2025-08-24 14:00:00,353.0,2025-08-24 10:00:00,2025-08-24 14:00:00,350.0,2025-08-24 10:00:00,2025-08-24 14:00:00,364.46923828125,2025-08-25 10:00:00,207.25099182128903,2025-08-25 10:00:00,4.006922245025635,2025-08-25 10:00:00,102168.578125,2025-08-25 10:00:00,,2025-08-25 10:00:00,346.0
2025-08-27 10:00:00,346.0,48.0,2025-08-25 10:00:00,2025-08-25 14:00:00,346.0,,2025-08-20 10:00:00,2025-08-20 14:00:00,274.0,2025-08-25 10:00:00,2025-08-25 14:00:00,330.0,2025-08-25 10:00:00,2025-08-25 14:00:00,347.0,2025-08-26 10:00:00,2025-08-26 14:00:00,346.0,2025-08-25 10:00:00,2025-08-25 14:00:00,363.0979309082031,2025-08-27 10:00:00,212.15753173828125,2025-08-27 10:00:00,3.9362621307373047,2025-08-27 10:00:00,92625.6796875,2025-08-27 10:00:00,,2025-08-27 10:00:00,343.0
2025-08-28 10:00:00,343.0,24.0,2025-08-27 10:00:00,2025-08-27 14:00:00,346.0,836.2000122070312,2025-08-27 10:00:00,2025-08-27 14:00:00,273.0,2025-08-27 10:00:00,2025-08-27 14:00:00,328.0,2025-08-27 10:00:00,2025-08-27 14:00:00,353.0,2025-08-27 10:00:00,2025-08-27 14:00:00,343.0,2025-08-27 10:00:00,2025-08-27 14:00:00,359.9047241210937,2025-08-28 10:00:00,209.2522125244141,2025-08-28 10:00:00,3.971414089202881,2025-08-28 10:00:00,89048.515625,2025-08-28 10:00:00,53.11762203988121,2025-08-28 10:00:00,346.0
2025-08-29 10:00:00,346.0,24.0,2025-08-28 10:00:00,2025-08-28 14:00:00,346.0,836.2000122070312,2025-08-27 10:00:00,2025-08-27 14:00:00,272.0,2025-08-28 10:00:00,2025-08-28 14:00:00,328.0,2025-08-28 10:00:00,2025-08-28 14:00:00,350.0,2025-08-28 10:00:00,2025-08-28 14:00:00,346.0,2025-08-28 10:00:00,2025-08-28 14:00:00,359.8363342285156,2025-08-29 10:00:00,208.92398071289065,2025-08-29 10:00:00,3.92215895652771,2025-08-29 10:00:00,89369.703125,2025-08-29 10:00:00,52.91240724472584,2025-08-29 10:00:00,343.0
2025-08-30 10:00:00,343.0,24.0,2025-08-29 10:00:00,2025-08-29 14:00:00,343.0,,2025-08-27 10:00:00,2025-08-27 14:00:00,274.0,2025-08-29 10:00:00,2025-08-29 14:00:00,326.0,2025-08-29 10:00:00,2025-08-29 14:00:00,346.0,2025-08-29 10:00:00,2025-08-29 14:00:00,343.0,2025-08-29 10:00:00,2025-08-29 14:00:00,357.5269775390625,2025-08-30 10:00:00,203.7515106201172,2025-08-30 10:00:00,3.9039134979248047,2025-08-30 10:00:00,87222.0859375,2025-08-30 10:00:00,,2025-08-30 10:00:00,346.0
2025-08-31 10:00:00,346.0,24.0,2025-08-30 10:00:00,2025-08-30 14:00:00,346.0,,2025-08-27 10:00:00,2025-08-27 14:00:00,275.0,2025-08-30 10:00:00,2025-08-30 14:00:00,330.0,2025-08-30 10:00:00,2025-08-30 14:00:00,353.0,2025-08-30 10:00:00,2025-08-30 14:00:00,346.0,2025-08-30 10:00:00,2025-08-30 14:00:00,358.5289001464844,2025-08-31 10:00:00,199.5630798339844,2025-08-31 10:00:00,3.8254873752594,2025-08-31 10:00:00,85126.875,2025-08-31 10:00:00,,2025-08-31 10:00:00,359.0
2025-09-01 10:00:00,359.0,24.0,2025-08-31 10:00:00,2025-08-31 14:00:00,346.0,,2025-08-27 10:00:00,2025-08-27 14:00:00,280.0,2025-08-31 10:00:00,2025-08-31 14:00:00,340.0,2025-08-31 10:00:00,2025-08-31 14:00:00,355.0,2025-08-31 10:00:00,2025-08-31 14:00:00,359.0,2025-08-31 10:00:00,2025-08-31 14:00:00,356.64569091796875,2025-09-01 10:00:00,196.2750244140625,2025-09-01 10:00:00,3.964189529418945,2025-09-01 10:00:00,85517.90625,2025-09-01 10:00:00,,2025-09-01 10:00:00,344.0
2025-09-02 10:00:00,344.0,24.0,2025-09-01 10:00:00,2025-09-01 14:00:00,346.0,,2025-08-27 10:00:00,2025-08-27 14:00:00,275.0,2025-09-01 10:00:00,2025-09-01 14:00:00,329.0,2025-09-01 10:00:00,2025-09-01 14:00:00,351.0,2025-09-01 10:00:00,2025-09-01 14:00:00,344.0,2025-09-01 10:00:00,2025-09-01 14:00:00,363.06298828125,2025-09-02 10:00:00,211.7956085205078,2025-09-02 10:00:00,3.985984086990357,2025-09-02 10:00:00,93304.09375,2025-09-02 10:00:00,,2025-09-02 10:00:00,345.0
2025-09-03 10:00:00,345.0,24.0,2025-09-02 10:00:00,2025-09-02 14:00:00,345.0,,2025-08-27 10:00:00,2025-08-27 14:00:00,276.0,2025-09-02 10:00:00,2025-09-02 14:00:00,330.0,2025-09-02 10:00:00,2025-09-02 14:00:00,351.0,2025-09-02 10:00:00,2025-09-02 14:00:00,345.0,2025-09-02 10:00:00,2025-09-02 14:00:00,362.217041015625,2025-09-03 10:00:00,203.01785278320312,2025-09-03 10:00:00,3.958553314208984,2025-09-03 10:00:00,87443.6875,2025-09-03 10:00:00,,2025-09-03 10:00:00,350.0
2025-09-04 10:00:00,350.0,24.0,2025-09-03 10:00:00,2025-09-03 14:00:00,345.0,,2025-08-27 10:00:00,2025-08-27 14:00:00,276.0,2025-09-03 10:00:00,2025-09-03 14:00:00,332.0,2025-09-03 10:00:00,2025-09-03 14:00:00,350.0,2025-09-03 10:00:00,2025-09-03 14:00:00,350.0,2025-09-03 10:00:00,2025-09-03 14:00:00,357.4725646972656,2025-09-04 10:00:00,188.7460327148437,2025-09-04 10:00:00,3.887341976165772,2025-09-04 10:00:00,83553.8828125,2025-09-04 10:00:00,,2025-09-04 10:00:00,344.0
2025-09-05 10:00:00,344.0,24.0,2025-09-04 10:00:00,2025-09-04 14:00:00,345.0,,2025-08-27 10:00:00,2025-08-27 14:00:00,274.0,2025-09-04 10:00:00,2025-09-04 14:00:00,330.0,2025-09-04 10:00:00,2025-09-04 14:00:00,358.0,2025-09-04 10:00:00,2025-09-04 14:00:00,344.0,2025-09-04 10:00:00,2025-09-04 14:00:00,352.3719787597656,2025-09-05 10:00:00,174.36517333984375,2025-09-05 10:00:00,3.829847812652588,2025-09-05 10:00:00,83590.09375,2025-09-05 10:00:00,,2025-09-05 10:00:00,347.0
2025-09-06 10:00:00,347.0,24.0,2025-09-05 10:00:00,2025-09-05 14:00:00,347.0,,2025-08-27 10:00:00,2025-08-27 14:00:00,275.0,2025-09-05 10:00:00,2025-09-05 14:00:00,331.0,2025-09-05 10:00:00,2025-09-05 14:00:00,353.0,2025-09-05 10:00:00,2025-09-05 14:00:00,347.0,2025-09-05 10:00:00,2025-09-05 14:00:00,356.4658508300781,2025-09-06 10:00:00,186.0595703125,2025-09-06 10:00:00,3.7703969478607178,2025-09-06 10:00:00,82686.53125,2025-09-06 10:00:00,,2025-09-06 10:00:00,348.0
2025-09-07 10:00:00,348.0,24.0,2025-09-06 10:00:00,2025-09-06 14:00:00,347.0,,2025-08-27 10:00:00,2025-08-27 14:00:00,276.0,2025-09-06 10:00:00,2025-09-06 14:00:00,333.0,2025-09-06 10:00:00,2025-09-06 14:00:00,356.0,2025-09-06 10:00:00,2025-09-06 14:00:00,348.0,2025-09-06 10:00:00,2025-09-06 14:00:00,359.1811218261719,2025-09-07 10:00:00,195.456787109375,2025-09-07 10:00:00,3.959175109863281,2025-09-07 10:00:00,85594.9453125,2025-09-07 10:00:00,,2025-09-07 10:00:00,352.0
2025-09-08 10:00:00,352.0,24.0,2025-09-07 10:00:00,2025-09-07 14:00:00,348.0,,2025-08-27 10:00:00,2025-08-27 14:00:00,278.0,2025-09-07 10:00:00,2025-09-07 14:00:00,338.0,2025-09-07 10:00:00,2025-09-07 14:00:00,360.0,2025-09-07 10:00:00,2025-09-07 14:00:00,352.0,2025-09-07 10:00:00,2025-09-07 14:00:00,362.2436828613281,2025-09-08 10:00:00,213.5251007080078,2025-09-08 10:00:00,3.884543418884277,2025-09-08 10:00:00,92629.015625,2025-09-08 10:00:00,,2025-09-08 10:00:00,346.0
2025-09-09 10:00:00,346.0,24.0,2025-09-08 10:00:00,2025-09-08 14:00:00,348.0,,2025-08-27 10:00:00,2025-08-27 14:00:00,277.0,2025-09-08 10:00:00,2025-09-08 14:00:00,330.0,2025-09-08 10:00:00,2025-09-08 14:00:00,348.0,2025-09-08 10:00:00,2025-09-08 14:00:00,346.0,2025-09-08 10:00:00,2025-09-08 14:00:00,360.56591796875,2025-09-09 10:00:00,213.70928955078125,2025-09-09 10:00:00,3.9538731575012207,2025-09-09 10:00:00,92587.3125,2025-09-09 10:00:00,,2025-09-09 10:00:00,355.0
2025-09-10 10:00:00,355.0,24.0,2025-09-09 10:00:00,2025-09-09 14:00:00,352.0,,2025-08-27 10:00:00,2025-08-27 14:00:00,280.0,2025-09-09 10:00:00,2025-09-09 14:00:00,338.0,2025-09-09 10:00:00,2025-09-09 14:00:00,351.0,2025-09-09 10:00:00,2025-09-09 14:00:00,355.0,2025-09-09 10:00:00,2025-09-09 14:00:00,358.5351257324219,2025-09-10 10:00:00,210.5830535888672,2025-09-10 10:00:00,3.993269920349121,2025-09-10 10:00:00,91199.640625,2025-09-10 10:00:00,,2025-09-10 10:00:00,350.0
2025-09-11 10:00:00,350.0,24.0,2025-09-10 10:00:00,2025-09-10 14:00:00,350.0,834.7999877929688,2025-09-10 10:00:00,2025-09-10 14:00:00,279.0,2025-09-10 10:00:00,2025-09-10 14:00:00,337.0,2025-09-10 10:00:00,2025-09-10 14:00:00,345.0,2025-09-10 10:00:00,2025-09-10 14:00:00,350.0,2025-09-10 10:00:00,2025-09-10 14:00:00,360.3781127929688,2025-09-11 10:00:00,205.6459045410156,2025-09-11 10:00:00,3.9670779705047607,2025-09-11 10:00:00,89161.984375,2025-09-11 10:00:00,54.78707080130266,2025-09-11 10:00:00,350.0
2025-09-12 10:00:00,350.0,24.0,2025-09-11 10:00:00,2025-09-11 14:00:00,350.0,834.7999877929688,2025-09-10 10:00:00,2025-09-10 14:00:00,278.0,2025-09-11 10:00:00,2025-09-11 14:00:00,332.0,2025-09-11 10:00:00,2025-09-11 14:00:00,350.0,2025-09-11 10:00:00,2025-09-11 14:00:00,350.0,2025-09-11 10:00:00,2025-09-11 14:00:00,358.9378967285156,2025-09-12 10:00:00,205.7228240966797,2025-09-12 10:00:00,3.9166042804718018,2025-09-12 10:00:00,88770.609375,2025-09-12 10:00:00,54.59532736506674,2025-09-12 10:00:00,345.0
2025-09-13 10:00:00,345.0,24.0,2025-09-12 10:00:00,2025-09-12 14:00:00,350.0,,2025-09-10 10:00:00,2025-09-10 14:00:00,275.0,2025-09-12 10:00:00,2025-09-12 14:00:00,330.0,2025-09-12 10:00:00,2025-09-12 14:00:00,348.0,2025-09-12 10:00:00,2025-09-12 14:00:00,345.0,2025-09-12 10:00:00,2025-09-12 14:00:00,361.7486267089844,2025-09-13 10:00:00,212.0823974609375,2025-09-13 10:00:00,3.943084716796875,2025-09-13 10:00:00,92960.890625,2025-09-13 10:00:00,,2025-09-13 10:00:00,350.0
2025-09-14 10:00:00,350.0,24.0,2025-09-13 10:00:00,2025-09-13 14:00:00,350.0,,2025-09-10 10:00:00,2025-09-10 14:00:00,277.0,2025-09-13 10:00:00,2025-09-13 14:00:00,333.0,2025-09-13 10:00:00,2025-09-13 14:00:00,354.0,2025-09-13 10:00:00,2025-09-13 14:00:00,350.0,2025-09-13 10:00:00,2025-09-13 14:00:00,358.2620849609375,2025-09-14 10:00:00,200.9279022216797,2025-09-14 10:00:00,3.8906569480896,2025-09-14 10:00:00,86905.8203125,2025-09-14 10:00:00,,2025-09-14 10:00:00,350.0
2025-09-15 10:00:00,350.0,24.0,2025-09-14 10:00:00,2025-09-14 14:00:00,350.0,,2025-09-10 10:00:00,2025-09-10 14:00:00,275.0,2025-09-14 10:00:00,2025-09-14 14:00:00,332.0,2025-09-14 10:00:00,2025-09-14 14:00:00,365.0,2025-09-14 10:00:00,2025-09-14 14:00:00,350.0,2025-09-14 10:00:00,2025-09-14 14:00:00,358.5958251953125,2025-09-15 10:00:00,199.39376831054688,2025-09-15 10:00:00,3.893021821975708,2025-09-15 10:00:00,87356.296875,2025-09-15 10:00:00,,2025-09-15 10:00:00,355.0
2025-09-16 10:00:00,355.0,24.0,2025-09-15 10:00:00,2025-09-15 14:00:00,350.0,,2025-09-10 10:00:00,2025-09-10 14:00:00,283.0,2025-09-15 10:00:00,2025-09-15 14:00:00,337.0,2025-09-15 10:00:00,2025-09-15 14:00:00,350.0,2025-09-15 10:00:00,2025-09-15 14:00:00,355.0,2025-09-15 10:00:00,2025-09-15 14:00:00,359.1611022949219,2025-09-16 10:00:00,205.94461059570312,2025-09-16 10:00:00,3.828575372695923,2025-09-16 10:00:00,88200.1171875,2025-09-16 10:00:00,,2025-09-16 10:00:00,345.0
2025-09-17 10:00:00,345.0,24.0,2025-09-16 10:00:00,2025-09-16 14:00:00,350.0,834.5999755859375,2025-09-16 10:00:00,2025-09-16 14:00:00,275.0,2025-09-16 10:00:00,2025-09-16 14:00:00,330.0,2025-09-16 10:00:00,2025-09-16 14:00:00,348.0,2025-09-16 10:00:00,2025-09-16 14:00:00,345.0,2025-09-16 10:00:00,2025-09-16 14:00:00,361.0198364257813,2025-09-17 10:00:00,215.8186798095703,2025-09-17 10:00:00,3.853063106536865,2025-09-17 10:00:00,92328.6015625,2025-09-17 10:00:00,54.076402410143146,2025-09-17 10:00:00,346.0
2025-09-18 10:00:00,346.0,24.0,2025-09-17 10:00:00,2025-09-17 14:00:00,346.0,835.5999755859375,2025-09-17 10:00:00,2025-09-17 14:00:00,276.0,2025-09-17 10:00:00,2025-09-17 14:00:00,330.0,2025-09-17 10:00:00,2025-09-17 14:00:00,350.0,2025-09-17 10:00:00,2025-09-17 14:00:00,346.0,2025-09-17 10:00:00,2025-09-17 14:00:00,361.2652893066406,2025-09-18 10:00:00,207.39735412597656,2025-09-18 10:00:00,3.77509880065918,2025-09-18 10:00:00,90078.421875,2025-09-18 10:00:00,53.9273708291247,2025-09-18 10:00:00,343.0
2025-09-19 10:00:00,343.0,24.0,2025-09-18 10:00:00,2025-09-18 14:00:00,345.0,835.5999755859375,2025-09-17 10:00:00,2025-09-17 14:00:00,276.0,2025-09-18 10:00:00,2025-09-18 14:00:00,327.0,2025-09-18 10:00:00,2025-09-18 14:00:00,349.0,2025-09-18 10:00:00,2025-09-18 14:00:00,343.0,2025-09-18 10:00:00,2025-09-18 14:00:00,361.1653442382813,2025-09-19 10:00:00,199.0162506103516,2025-09-19 10:00:00,3.87256121635437,2025-09-19 10:00:00,86516.5703125,2025-09-19 10:00:00,53.9273708291247,2025-09-19 10:00:00,359.0
2025-09-20 10:00:00,359.0,24.0,2025-09-19 10:00:00,2025-09-19 14:00:00,346.0,,2025-09-17 10:00:00,2025-09-17 14:00:00,283.0,2025-09-19 10:00:00,2025-09-19 14:00:00,343.0,2025-09-19 10:00:00,2025-09-19 14:00:00,363.0,2025-09-19 10:00:00,2025-09-19 14:00:00,359.0,2025-09-19 10:00:00,2025-09-19 14:00:00,361.3141479492188,2025-09-20 10:00:00,200.43765258789065,2025-09-20 10:00:00,3.930724620819092,2025-09-20 10:00:00,87231.40625,2025-09-20 10:00:00,,2025-09-20 10:00:00,344.0
2025-09-21 10:00:00,344.0,24.0,2025-09-20 10:00:00,2025-09-20 14:00:00,344.0,,2025-09-17 10:00:00,2025-09-17 14:00:00,275.0,2025-09-20 10:00:00,2025-09-20 14:00:00,328.0,2025-09-20 10:00:00,2025-09-20 14:00:00,350.0,2025-09-20 10:00:00,2025-09-20 14:00:00,344.0,2025-09-20 10:00:00,2025-09-20 14:00:00,359.0802001953125,2025-09-21 10:00:00,198.050537109375,2025-09-21 10:00:00,3.963191270828247,2025-09-21 10:00:00,87478.765625,2025-09-21 10:00:00,,2025-09-21 10:00:00,346.0
2025-09-22 10:00:00,346.0,24.0,2025-09-21 10:00:00,2025-09-21 14:00:00,346.0,,2025-09-17 10:00:00,2025-09-17 14:00:00,274.0,2025-09-21 10:00:00,2025-09-21 14:00:00,330.0,2025-09-21 10:00:00,2025-09-21 14:00:00,352.0,2025-09-21 10:00:00,2025-09-21 14:00:00,346.0,2025-09-21 10:00:00,2025-09-21 14:00:00,358.0545959472656,2025-09-22 10:00:00,203.830322265625,2025-09-22 10:00:00,3.8845505714416495,2025-09-22 10:00:00,87347.3515625,2025-09-22 10:00:00,,2025-09-22 10:00:00,342.0
2025-09-23 10:00:00,342.0,24.0,2025-09-22 10:00:00,2025-09-22 14:00:00,344.0,,2025-09-17 10:00:00,2025-09-17 14:00:00,274.0,2025-09-22 10:00:00,2025-09-22 14:00:00,327.0,2025-09-22 10:00:00,2025-09-22 14:00:00,345.0,2025-09-22 10:00:00,2025-09-22 14:00:00,342.0,2025-09-22 10:00:00,2025-09-22 14:00:00,356.26885986328125,2025-09-23 10:00:00,199.0999755859375,2025-09-23 10:00:00,3.780261993408203,2025-09-23 10:00:00,87776.7109375,2025-09-23 10:00:00,,2025-09-23 10:00:00,358.0
2025-09-24 10:00:00,358.0,24.0,2025-09-23 10:00:00,2025-09-23 14:00:00,346.0,,2025-09-17 10:00:00,2025-09-17 14:00:00,280.0,2025-09-23 10:00:00,2025-09-23 14:00:00,338.0,2025-09-23 10:00:00,2025-09-23 14:00:00,345.0,2025-09-23 10:00:00,2025-09-23 14:00:00,358.0,2025-09-23 10:00:00,2025-09-23 14:00:00,357.8096618652344,2025-09-24 10:00:00,204.8353729248047,2025-09-24 10:00:00,3.8592662811279297,2025-09-24 10:00:00,89856.4375,2025-09-24 10:00:00,,2025-09-24 10:00:00,339.0
2025-09-25 10:00:00,339.0,24.0,2025-09-24 10:00:00,2025-09-24 14:00:00,342.0,834.2999877929688,2025-09-24 10:00:00,2025-09-24 14:00:00,272.0,2025-09-24 10:00:00,2025-09-24 14:00:00,324.0,2025-09-24 10:00:00,2025-09-24 14:00:00,357.0,2025-09-24 10:00:00,2025-09-24 14:00:00,339.0,2025-09-24 10:00:00,2025-09-24 14:00:00,358.8777160644531,2025-09-25 10:00:00,212.65869140625,2025-09-25 10:00:00,3.842182159423828,2025-09-25 10:00:00,91448.5703125,2025-09-25 10:00:00,53.572120098601545,2025-09-25 10:00:00,350.0
2025-09-26 10:00:00,350.0,24.0,2025-09-25 10:00:00,2025-09-25 14:00:00,350.0,834.2999877929688,2025-09-24 10:00:00,2025-09-24 14:00:00,276.0,2025-09-25 10:00:00,2025-09-25 14:00:00,332.0,2025-09-25 10:00:00,2025-09-25 14:00:00,348.0,2025-09-25 10:00:00,2025-09-25 14:00:00,350.0,2025-09-25 10:00:00,2025-09-25 14:00:00,364.1126708984375,2025-09-26 10:00:00,227.1121826171875,2025-09-26 10:00:00,3.8676297664642334,2025-09-26 10:00:00,98724.5,2025-09-26 10:00:00,54.37934759809525,2025-09-26 10:00:00,340.0
2025-09-27 10:00:00,340.0,24.0,2025-09-26 10:00:00,2025-09-26 14:00:00,340.0,,2025-09-24 10:00:00,2025-09-24 14:00:00,270.0,2025-09-26 10:00:00,2025-09-26 14:00:00,325.0,2025-09-26 10:00:00,2025-09-26 14:00:00,357.0,2025-09-26 10:00:00,2025-09-26 14:00:00,340.0,2025-09-26 10:00:00,2025-09-26 14:00:00,364.5941162109375,2025-09-27 10:00:00,232.00729370117188,2025-09-27 10:00:00,3.9908640384674072,2025-09-27 10:00:00,99333.03125,2025-09-27 10:00:00,,2025-09-27 10:00:00,346.0
2025-09-28 10:00:00,346.0,24.0,2025-09-27 10:00:00,2025-09-27 14:00:00,346.0,,2025-09-24 10:00:00,2025-09-24 14:00:00,275.0,2025-09-27 10:00:00,2025-09-27 14:00:00,328.0,2025-09-27 10:00:00,2025-09-27 14:00:00,360.0,2025-09-27 10:00:00,2025-09-27 14:00:00,346.0,2025-09-27 10:00:00,2025-09-27 14:00:00,366.5237731933594,2025-09-28 10:00:00,203.6130523681641,2025-09-28 10:00:00,3.9494593143463135,2025-09-28 10:00:00,102692.5234375,2025-09-28 10:00:00,,2025-09-28 10:00:00,350.0
2025-09-29 10:00:00,350.0,24.0,2025-09-28 10:00:00,2025-09-28 14:00:00,346.0,,2025-09-24 10:00:00,2025-09-24 14:00:00,275.0,2025-09-28 10:00:00,2025-09-28 14:00:00,330.0,2025-09-28 10:00:00,2025-09-28 14:00:00,360.0,2025-09-28 10:00:00,2025-09-28 14:00:00,350.0,2025-09-28 10:00:00,2025-09-28 14:00:00,359.1831970214844,2025-09-29 10:00:00,225.0471954345703,2025-09-29 10:00:00,3.870379686355591,2025-09-29 10:00:00,95750.7734375,2025-09-29 10:00:00,,2025-09-29 10:00:00,343.0
2025-09-30 10:00:00,343.0,24.0,2025-09-29 10:00:00,2025-09-29 14:00:00,346.0,,2025-09-24 10:00:00,2025-09-24 14:00:00,274.0,2025-09-29 10:00:00,2025-09-29 14:00:00,327.0,2025-09-29 10:00:00,2025-09-29 14:00:00,347.0,2025-09-29 10:00:00,2025-09-29 14:00:00,343.0,2025-09-29 10:00:00,2025-09-29 14:00:00,362.5942687988281,2025-09-30 10:00:00,230.9709625244141,2025-09-30 10:00:00,3.914229869842529,2025-09-30 10:00:00,97378.828125,2025-09-30 10:00:00,,2025-09-30 10:00:00,341.0
2025-10-01 10:00:00,341.0,24.0,2025-09-30 10:00:00,2025-09-30 14:00:00,343.0,,2025-09-24 10:00:00,2025-09-24 14:00:00,274.0,2025-09-30 10:00:00,2025-09-30 14:00:00,326.0,2025-09-30 10:00:00,2025-09-30 14:00:00,345.0,2025-09-30 10:00:00,2025-09-30 14:00:00,341.0,2025-09-30 10:00:00,2025-09-30 14:00:00,360.6011657714844,2025-10-01 10:00:00,229.6629180908203,2025-10-01 10:00:00,3.8920390605926514,2025-10-01 10:00:00,97974.640625,2025-10-01 10:00:00,,2025-10-01 10:00:00,341.0
2025-10-02 10:00:00,341.0,24.0,2025-10-01 10:00:00,2025-10-01 14:00:00,341.0,835.2999877929688,2025-10-01 10:00:00,2025-10-01 14:00:00,275.0,2025-10-01 10:00:00,2025-10-01 14:00:00,327.0,2025-10-01 10:00:00,2025-10-01 14:00:00,345.0,2025-10-01 10:00:00,2025-10-01 14:00:00,341.0,2025-10-01 10:00:00,2025-10-01 14:00:00,360.7281494140625,2025-10-02 10:00:00,231.6066131591797,2025-10-02 10:00:00,3.898387670516968,2025-10-02 10:00:00,97799.625,2025-10-02 10:00:00,53.833023774370304,2025-10-02 10:00:00,336.0
2025-10-03 10:00:00,336.0,24.0,2025-10-02 10:00:00,2025-10-02 14:00:00,341.0,835.2999877929688,2025-10-01 10:00:00,2025-10-01 14:00:00,272.0,2025-10-02 10:00:00,2025-10-02 14:00:00,325.0,2025-10-02 10:00:00,2025-10-02 14:00:00,343.0,2025-10-02 10:00:00,2025-10-02 14:00:00,336.0,2025-10-02 10:00:00,2025-10-02 14:00:00,362.7058410644531,2025-10-03 10:00:00,236.3763732910156,2025-10-03 10:00:00,3.92263436317444,2025-10-03 10:00:00,98037.890625,2025-10-03 10:00:00,53.22420998368705,2025-10-03 10:00:00,345.0
2025-10-05 10:00:00,345.0,48.0,2025-10-03 10:00:00,2025-10-03 14:00:00,341.0,,2025-10-01 10:00:00,2025-10-01 14:00:00,274.0,2025-10-03 10:00:00,2025-10-03 14:00:00,329.0,2025-10-03 10:00:00,2025-10-03 14:00:00,346.0,2025-10-04 10:00:00,2025-10-04 14:00:00,345.0,2025-10-03 10:00:00,2025-10-03 14:00:00,365.8611145019531,2025-10-05 10:00:00,242.8353271484375,2025-10-05 10:00:00,4.016461849212647,2025-10-05 10:00:00,97512.5078125,2025-10-05 10:00:00,,2025-10-05 10:00:00,343.0
2025-10-06 10:00:00,343.0,24.0,2025-10-05 10:00:00,2025-10-05 14:00:00,343.0,,2025-10-01 10:00:00,2025-10-01 14:00:00,273.0,2025-10-05 10:00:00,2025-10-05 14:00:00,327.0,2025-10-05 10:00:00,2025-10-05 14:00:00,346.0,2025-10-05 10:00:00,2025-10-05 14:00:00,343.0,2025-10-05 10:00:00,2025-10-05 14:00:00,364.3686218261719,2025-10-06 10:00:00,241.23829650878903,2025-10-06 10:00:00,3.8723666667938232,2025-10-06 10:00:00,97161.2421875,2025-10-06 10:00:00,,2025-10-06 10:00:00,345.0
2025-10-07 10:00:00,345.0,24.0,2025-10-06 10:00:00,2025-10-06 14:00:00,345.0,,2025-10-01 10:00:00,2025-10-01 14:00:00,275.0,2025-10-06 10:00:00,2025-10-06 14:00:00,329.0,2025-10-06 10:00:00,2025-10-06 14:00:00,350.0,2025-10-06 10:00:00,2025-10-06 14:00:00,345.0,2025-10-06 10:00:00,2025-10-06 14:00:00,365.18115234375,2025-10-07 10:00:00,248.1898803710937,2025-10-07 10:00:00,3.946955680847168,2025-10-07 10:00:00,97108.9375,2025-10-07 10:00:00,,2025-10-07 10:00:00,346.0
2025-10-08 10:00:00,346.0,24.0,2025-10-07 10:00:00,2025-10-07 14:00:00,345.0,,2025-10-01 10:00:00,2025-10-01 14:00:00,275.0,2025-10-07 10:00:00,2025-10-07 14:00:00,330.0,2025-10-07 10:00:00,2025-10-07 14:00:00,351.0,2025-10-07 10:00:00,2025-10-07 14:00:00,346.0,2025-10-07 10:00:00,2025-10-07 14:00:00,365.8619384765625,2025-10-08 10:00:00,242.30810546875,2025-10-08 10:00:00,3.927799940109253,2025-10-08 10:00:00,97495.90625,2025-10-08 10:00:00,,2025-10-08 10:00:00,346.0
2025-10-09 10:00:00,346.0,24.0,2025-10-08 10:00:00,2025-10-08 14:00:00,346.0,835.7000122070312,2025-10-08 10:00:00,2025-10-08 14:00:00,274.0,2025-10-08 10:00:00,2025-10-08 14:00:00,329.0,2025-10-08 10:00:00,2025-10-08 14:00:00,350.0,2025-10-08 10:00:00,2025-10-08 14:00:00,346.0,2025-10-08 10:00:00,2025-10-08 14:00:00,362.9075317382813,2025-10-09 10:00:00,242.68214416503903,2025-10-09 10:00:00,3.872464656829834,2025-10-09 10:00:00,96862.375,2025-10-09 10:00:00,53.49361911483675,2025-10-09 10:00:00,345.0
2025-10-10 10:00:00,345.0,24.0,2025-10-09 10:00:00,2025-10-09 14:00:00,346.0,835.7000122070312,2025-10-08 10:00:00,2025-10-08 14:00:00,275.0,2025-10-09 10:00:00,2025-10-09 14:00:00,330.0,2025-10-09 10:00:00,2025-10-09 14:00:00,349.0,2025-10-09 10:00:00,2025-10-09 14:00:00,345.0,2025-10-09 10:00:00,2025-10-09 14:00:00,367.6881713867188,2025-10-10 10:00:00,247.1731872558593,2025-10-10 10:00:00,3.953662395477295,2025-10-10 10:00:00,97900.75,2025-10-10 10:00:00,53.6942851229519,2025-10-10 10:00:00,343.0
2025-10-11 10:00:00,343.0,24.0,2025-10-10 10:00:00,2025-10-10 14:00:00,345.0,,2025-10-08 10:00:00,2025-10-08 14:00:00,275.0,2025-10-10 10:00:00,2025-10-10 14:00:00,332.0,2025-10-10 10:00:00,2025-10-10 14:00:00,351.0,2025-10-10 10:00:00,2025-10-10 14:00:00,343.0,2025-10-10 10:00:00,2025-10-10 14:00:00,367.1719055175781,2025-10-11 10:00:00,248.1934051513672,2025-10-11 10:00:00,3.848613023757935,2025-10-11 10:00:00,97001.6875,2025-10-11 10:00:00,,2025-10-11 10:00:00,346.0
2025-10-12 10:00:00,346.0,24.0,2025-10-11 10:00:00,2025-10-11 14:00:00,345.0,,2025-10-08 10:00:00,2025-10-08 14:00:00,274.0,2025-10-11 10:00:00,2025-10-11 14:00:00,329.0,2025-10-11 10:00:00,2025-10-11 14:00:00,350.0,2025-10-11 10:00:00,2025-10-11 14:00:00,346.0,2025-10-11 10:00:00,2025-10-11 14:00:00,368.460205078125,2025-10-12 10:00:00,248.80340576171875,2025-10-12 10:00:00,3.924963235855103,2025-10-12 10:00:00,97350.9453125,2025-10-12 10:00:00,,2025-10-12 10:00:00,344.0
2025-10-14 10:00:00,344.0,48.0,2025-10-12 10:00:00,2025-10-12 14:00:00,344.0,,2025-10-08 10:00:00,2025-10-08 14:00:00,274.0,2025-10-12 10:00:00,2025-10-12 14:00:00,330.0,2025-10-12 10:00:00,2025-10-12 14:00:00,350.0,2025-10-13 10:00:00,2025-10-13 14:00:00,344.0,2025-10-12 10:00:00,2025-10-12 14:00:00,368.00146484375,2025-10-14 10:00:00,247.55142211914065,2025-10-14 10:00:00,3.966084480285645,2025-10-14 10:00:00,97893.28125,2025-10-14 10:00:00,,2025-10-14 10:00:00,345.0
2025-10-15 10:00:00,345.0,24.0,2025-10-14 10:00:00,2025-10-14 14:00:00,345.0,,2025-10-08 10:00:00,2025-10-08 14:00:00,274.0,2025-10-14 10:00:00,2025-10-14 14:00:00,331.0,2025-10-14 10:00:00,2025-10-14 14:00:00,347.0,2025-10-14 10:00:00,2025-10-14 14:00:00,345.0,2025-10-14 10:00:00,2025-10-14 14:00:00,365.92724609375,2025-10-15 10:00:00,249.2479248046875,2025-10-15 10:00:00,3.9520301818847656,2025-10-15 10:00:00,96848.96875,2025-10-15 10:00:00,,2025-10-15 10:00:00,346.0
2025-10-16 10:00:00,346.0,24.0,2025-10-15 10:00:00,2025-10-15 14:00:00,345.0,836.5,2025-10-15 10:00:00,2025-10-15 14:00:00,273.0,2025-10-15 10:00:00,2025-10-15 14:00:00,331.0,2025-10-15 10:00:00,2025-10-15 14:00:00,355.0,2025-10-15 10:00:00,2025-10-15 14:00:00,346.0,2025-10-15 10:00:00,2025-10-15 14:00:00,369.1742858886719,2025-10-16 10:00:00,247.84803771972656,2025-10-16 10:00:00,4.021248817443848,2025-10-16 10:00:00,97380.1796875,2025-10-16 10:00:00,53.01397373975021,2025-10-16 10:00:00,348.0
2025-10-17 10:00:00,348.0,24.0,2025-10-16 10:00:00,2025-10-16 14:00:00,346.0,836.5,2025-10-15 10:00:00,2025-10-15 14:00:00,275.0,2025-10-16 10:00:00,2025-10-16 14:00:00,332.0,2025-10-16 10:00:00,2025-10-16 14:00:00,355.0,2025-10-16 10:00:00,2025-10-16 14:00:00,348.0,2025-10-16 10:00:00,2025-10-16 14:00:00,370.8883056640625,2025-10-17 10:00:00,250.076416015625,2025-10-17 10:00:00,3.8685615062713614,2025-10-17 10:00:00,96818.1484375,2025-10-17 10:00:00,53.4175727352781,2025-10-17 10:00:00,342.0
2025-10-18 10:00:00,342.0,24.0,2025-10-17 10:00:00,2025-10-17 14:00:00,346.0,,2025-10-15 10:00:00,2025-10-15 14:00:00,273.0,2025-10-17 10:00:00,2025-10-17 14:00:00,327.0,2025-10-17 10:00:00,2025-10-17 14:00:00,353.0,2025-10-17 10:00:00,2025-10-17 14:00:00,342.0,2025-10-17 10:00:00,2025-10-17 14:00:00,365.9231262207031,2025-10-18 10:00:00,247.5457000732422,2025-10-18 10:00:00,3.8471546173095694,2025-10-18 10:00:00,96990.0234375,2025-10-18 10:00:00,,2025-10-18 10:00:00,344.0
2025-10-19 10:00:00,344.0,24.0,2025-10-18 10:00:00,2025-10-18 14:00:00,344.0,,2025-10-15 10:00:00,2025-10-15 14:00:00,275.0,2025-10-18 10:00:00,2025-10-18 14:00:00,330.0,2025-10-18 10:00:00,2025-10-18 14:00:00,352.0,2025-10-18 10:00:00,2025-10-18 14:00:00,344.0,2025-10-18 10:00:00,2025-10-18 14:00:00,369.2423095703125,2025-10-19 10:00:00,251.97048950195312,2025-10-19 10:00:00,3.895903825759888,2025-10-19 10:00:00,96614.0078125,2025-10-19 10:00:00,,2025-10-19 10:00:00,348.0
2025-10-20 10:00:00,348.0,24.0,2025-10-19 10:00:00,2025-10-19 14:00:00,344.0,,2025-10-15 10:00:00,2025-10-15 14:00:00,270.0,2025-10-19 10:00:00,2025-10-19 14:00:00,330.0,2025-10-19 10:00:00,2025-10-19 14:00:00,350.0,2025-10-19 10:00:00,2025-10-19 14:00:00,348.0,2025-10-19 10:00:00,2025-10-19 14:00:00,366.7219543457031,2025-10-20 10:00:00,256.17071533203125,2025-10-20 10:00:00,4.026999950408936,2025-10-20 10:00:00,95671.59375,2025-10-20 10:00:00,,2025-10-20 10:00:00,342.0
2025-10-21 10:00:00,342.0,24.0,2025-10-20 10:00:00,2025-10-20 14:00:00,344.0,836.2000122070312,2025-10-20 10:00:00,2025-10-20 14:00:00,273.0,2025-10-20 10:00:00,2025-10-20 14:00:00,327.0,2025-10-20 10:00:00,2025-10-20 14:00:00,348.0,2025-10-20 10:00:00,2025-10-20 14:00:00,342.0,2025-10-20 10:00:00,2025-10-20 14:00:00,369.4662170410156,2025-10-21 10:00:00,255.61415100097656,2025-10-21 10:00:00,3.925827264785767,2025-10-21 10:00:00,95838.8671875,2025-10-21 10:00:00,53.11762203988121,2025-10-21 10:00:00,342.0
2025-10-22 10:00:00,342.0,24.0,2025-10-21 10:00:00,2025-10-21 14:00:00,342.0,836.2000122070312,2025-10-20 10:00:00,2025-10-20 14:00:00,273.0,2025-10-21 10:00:00,2025-10-21 14:00:00,329.0,2025-10-21 10:00:00,2025-10-21 14:00:00,348.0,2025-10-21 10:00:00,2025-10-21 14:00:00,342.0,2025-10-21 10:00:00,2025-10-21 14:00:00,370.2885437011719,2025-10-22 10:00:00,253.74742126464844,2025-10-22 10:00:00,3.973846912384033,2025-10-22 10:00:00,96982.4921875,2025-10-22 10:00:00,53.11762203988121,2025-10-22 10:00:00,348.0
2025-10-23 10:00:00,348.0,24.0,2025-10-22 10:00:00,2025-10-22 14:00:00,342.0,835.5,2025-10-22 10:00:00,2025-10-22 14:00:00,273.0,2025-10-22 10:00:00,2025-10-22 14:00:00,330.0,2025-10-22 10:00:00,2025-10-22 14:00:00,355.0,2025-10-22 10:00:00,2025-10-22 14:00:00,348.0,2025-10-22 10:00:00,2025-10-22 14:00:00,373.5943298339844,2025-10-23 10:00:00,256.0040588378906,2025-10-23 10:00:00,3.910715818405152,2025-10-23 10:00:00,96216.8515625,2025-10-23 10:00:00,53.36002445975021,2025-10-23 10:00:00,348.0
2025-10-24 10:00:00,348.0,24.0,2025-10-23 10:00:00,2025-10-23 14:00:00,348.0,835.5,2025-10-22 10:00:00,2025-10-22 14:00:00,273.0,2025-10-23 10:00:00,2025-10-23 14:00:00,333.0,2025-10-23 10:00:00,2025-10-23 14:00:00,355.0,2025-10-23 10:00:00,2025-10-23 14:00:00,348.0,2025-10-23 10:00:00,2025-10-23 14:00:00,369.5723571777344,2025-10-24 10:00:00,224.1426696777344,2025-10-24 10:00:00,3.957678079605103,2025-10-24 10:00:00,99091.7109375,2025-10-24 10:00:00,53.36002445975021,2025-10-24 10:00:00,349.0
2025-10-25 10:00:00,349.0,24.0,2025-10-24 10:00:00,2025-10-24 14:00:00,348.0,,2025-10-22 10:00:00,2025-10-22 14:00:00,274.0,2025-10-24 10:00:00,2025-10-24 14:00:00,333.0,2025-10-24 10:00:00,2025-10-24 14:00:00,356.0,2025-10-24 10:00:00,2025-10-24 14:00:00,349.0,2025-10-24 10:00:00,2025-10-24 14:00:00,367.7381896972656,2025-10-25 10:00:00,213.7342224121093,2025-10-25 10:00:00,3.821192979812622,2025-10-25 10:00:00,93703.140625,2025-10-25 10:00:00,,2025-10-25 10:00:00,353.0
2025-10-26 10:00:00,353.0,24.0,2025-10-25 10:00:00,2025-10-25 14:00:00,349.0,,2025-10-22 10:00:00,2025-10-22 14:00:00,278.0,2025-10-25 10:00:00,2025-10-25 14:00:00,338.0,2025-10-25 10:00:00,2025-10-25 14:00:00,363.0,2025-10-25 10:00:00,2025-10-25 14:00:00,353.0,2025-10-25 10:00:00,2025-10-25 14:00:00,368.8757019042969,2025-10-26 10:00:00,221.8008575439453,2025-10-26 10:00:00,3.875741720199585,2025-10-26 10:00:00,93753.640625,2025-10-26 10:00:00,,2025-10-26 10:00:00,342.0
2025-10-27 10:00:00,342.0,24.0,2025-10-26 10:00:00,2025-10-26 14:00:00,349.0,,2025-10-22 10:00:00,2025-10-22 14:00:00,271.0,2025-10-26 10:00:00,2025-10-26 14:00:00,328.0,2025-10-26 10:00:00,2025-10-26 14:00:00,352.0,2025-10-26 10:00:00,2025-10-26 14:00:00,342.0,2025-10-26 10:00:00,2025-10-26 14:00:00,363.1466064453125,2025-10-27 10:00:00,215.2613220214844,2025-10-27 10:00:00,3.869978666305542,2025-10-27 10:00:00,93080.1328125,2025-10-27 10:00:00,,2025-10-27 10:00:00,353.0
2025-10-28 10:00:00,353.0,24.0,2025-10-27 10:00:00,2025-10-27 14:00:00,353.0,,2025-10-22 10:00:00,2025-10-22 14:00:00,278.0,2025-10-27 10:00:00,2025-10-27 14:00:00,335.0,2025-10-27 10:00:00,2025-10-27 14:00:00,354.0,2025-10-27 10:00:00,2025-10-27 14:00:00,353.0,2025-10-27 10:00:00,2025-10-27 14:00:00,370.2931213378906,2025-10-28 10:00:00,239.6983184814453,2025-10-28 10:00:00,3.977084636688232,2025-10-28 10:00:00,98489.0,2025-10-28 10:00:00,,2025-10-28 10:00:00,343.0
2025-10-29 10:00:00,343.0,24.0,2025-10-28 10:00:00,2025-10-28 14:00:00,343.0,,2025-10-22 10:00:00,2025-10-22 14:00:00,276.0,2025-10-28 10:00:00,2025-10-28 14:00:00,328.0,2025-10-28 10:00:00,2025-10-28 14:00:00,350.0,2025-10-28 10:00:00,2025-10-28 14:00:00,343.0,2025-10-28 10:00:00,2025-10-28 14:00:00,371.5900573730469,2025-10-29 10:00:00,239.64126586914065,2025-10-29 10:00:00,3.8328452110290527,2025-10-29 10:00:00,98249.9765625,2025-10-29 10:00:00,,2025-10-29 10:00:00,350.0
2025-10-30 10:00:00,350.0,24.0,2025-10-29 10:00:00,2025-10-29 14:00:00,350.0,836.7000122070312,2025-10-29 10:00:00,2025-10-29 14:00:00,277.0,2025-10-29 10:00:00,2025-10-29 14:00:00,332.0,2025-10-29 10:00:00,2025-10-29 14:00:00,353.0,2025-10-29 10:00:00,2025-10-29 14:00:00,350.0,2025-10-29 10:00:00,2025-10-29 14:00:00,371.6313171386719,2025-10-30 10:00:00,245.0501708984375,2025-10-30 10:00:00,3.83597469329834,2025-10-30 10:00:00,98125.8125,2025-10-30 10:00:00,53.7431339697315,2025-10-30 10:00:00,345.0
2025-10-31 10:00:00,345.0,24.0,2025-10-30 10:00:00,2025-10-30 14:00:00,345.0,836.7000122070312,2025-10-29 10:00:00,2025-10-29 14:00:00,276.0,2025-10-30 10:00:00,2025-10-30 14:00:00,331.0,2025-10-30 10:00:00,2025-10-30 14:00:00,352.0,2025-10-30 10:00:00,2025-10-30 14:00:00,345.0,2025-10-30 10:00:00,2025-10-30 14:00:00,367.7662353515625,2025-10-31 10:00:00,242.138671875,2025-10-31 10:00:00,3.957600116729736,2025-10-31 10:00:00,97786.375,2025-10-31 10:00:00,53.546958026676975,2025-10-31 10:00:00,346.0
2025-11-01 10:00:00,346.0,24.0,2025-10-31 10:00:00,2025-10-31 14:00:00,346.0,,2025-10-29 10:00:00,2025-10-29 14:00:00,275.0,2025-10-31 10:00:00,2025-10-31 14:00:00,329.0,2025-10-31 10:00:00,2025-10-31 14:00:00,350.0,2025-10-31 10:00:00,2025-10-31 14:00:00,346.0,2025-10-31 10:00:00,2025-10-31 14:00:00,368.6300354003906,2025-11-01 10:00:00,249.9975128173828,2025-11-01 10:00:00,3.95302963256836,2025-11-01 10:00:00,97271.2109375,2025-11-01 10:00:00,,2025-11-01 10:00:00,343.0
2025-11-02 10:00:00,343.0,24.0,2025-11-01 10:00:00,2025-11-01 14:00:00,345.0,836.7000122070312,2025-11-01 10:00:00,2025-11-01 14:00:00,272.0,2025-11-01 10:00:00,2025-11-01 14:00:00,326.0,2025-11-01 10:00:00,2025-11-01 14:00:00,350.0,2025-11-01 10:00:00,2025-11-01 14:00:00,343.0,2025-11-01 10:00:00,2025-11-01 14:00:00,370.1307067871094,2025-11-02 10:00:00,251.4725646972656,2025-11-02 10:00:00,3.98327374458313,2025-11-02 10:00:00,96871.0703125,2025-11-02 10:00:00,52.73973052718327,2025-11-02 10:00:00,360.0
2025-11-03 10:00:00,360.0,24.0,2025-11-02 10:00:00,2025-11-02 14:00:00,346.0,836.7000122070312,2025-11-01 10:00:00,2025-11-01 14:00:00,279.0,2025-11-02 10:00:00,2025-11-02 14:00:00,342.0,2025-11-02 10:00:00,2025-11-02 14:00:00,366.0,2025-11-02 10:00:00,2025-11-02 14:00:00,360.0,2025-11-02 10:00:00,2025-11-02 14:00:00,369.91156005859375,2025-11-03 10:00:00,246.6060333251953,2025-11-03 10:00:00,3.873628616333008,2025-11-03 10:00:00,97089.9453125,2025-11-03 10:00:00,54.128829972341464,2025-11-03 10:00:00,345.0
2025-11-04 10:00:00,345.0,24.0,2025-11-03 10:00:00,2025-11-03 14:00:00,345.0,,2025-11-01 10:00:00,2025-11-01 14:00:00,274.0,2025-11-03 10:00:00,2025-11-03 14:00:00,331.0,2025-11-03 10:00:00,2025-11-03 14:00:00,352.0,2025-11-03 10:00:00,2025-11-03 14:00:00,345.0,2025-11-03 10:00:00,2025-11-03 14:00:00,369.944091796875,2025-11-04 10:00:00,242.30130004882807,2025-11-04 10:00:00,3.9932806491851807,2025-11-04 10:00:00,97873.953125,2025-11-04 10:00:00,,2025-11-04 10:00:00,350.0
2025-11-05 10:00:00,350.0,24.0,2025-11-04 10:00:00,2025-11-04 14:00:00,350.0,,2025-11-01 10:00:00,2025-11-01 14:00:00,274.0,2025-11-04 10:00:00,2025-11-04 14:00:00,335.0,2025-11-04 10:00:00,2025-11-04 14:00:00,361.0,2025-11-04 10:00:00,2025-11-04 14:00:00,350.0,2025-11-04 10:00:00,2025-11-04 14:00:00,362.5545349121094,2025-11-05 10:00:00,229.36871337890625,2025-11-05 10:00:00,4.002906799316406,2025-11-05 10:00:00,98264.46875,2025-11-05 10:00:00,,2025-11-05 10:00:00,342.0
2025-11-06 10:00:00,342.0,24.0,2025-11-05 10:00:00,2025-11-05 14:00:00,345.0,833.5,2025-11-05 10:00:00,2025-11-05 14:00:00,271.0,2025-11-05 10:00:00,2025-11-05 14:00:00,328.0,2025-11-05 10:00:00,2025-11-05 14:00:00,347.0,2025-11-05 10:00:00,2025-11-05 14:00:00,342.0,2025-11-05 10:00:00,2025-11-05 14:00:00,369.1968078613281,2025-11-06 10:00:00,241.86862182617188,2025-11-06 10:00:00,3.9240872859954834,2025-11-06 10:00:00,97683.4921875,2025-11-06 10:00:00,53.64404796275858,2025-11-06 10:00:00,345.0
2025-11-07 10:00:00,345.0,24.0,2025-11-06 10:00:00,2025-11-06 14:00:00,345.0,833.5,2025-11-05 10:00:00,2025-11-05 14:00:00,272.0,2025-11-06 10:00:00,2025-11-06 14:00:00,330.0,2025-11-06 10:00:00,2025-11-06 14:00:00,348.0,2025-11-06 10:00:00,2025-11-06 14:00:00,345.0,2025-11-06 10:00:00,2025-11-06 14:00:00,368.9536437988281,2025-11-07 10:00:00,236.96261596679688,2025-11-07 10:00:00,3.9493119716644287,2025-11-07 10:00:00,98792.5546875,2025-11-07 10:00:00,53.85155954459481,2025-11-07 10:00:00,347.0
2025-11-08 10:00:00,347.0,24.0,2025-11-07 10:00:00,2025-11-07 14:00:00,345.0,,2025-11-05 10:00:00,2025-11-05 14:00:00,274.0,2025-11-07 10:00:00,2025-11-07 14:00:00,332.0,2025-11-07 10:00:00,2025-11-07 14:00:00,356.0,2025-11-07 10:00:00,2025-11-07 14:00:00,347.0,2025-11-07 10:00:00,2025-11-07 14:00:00,365.4407043457031,2025-11-08 10:00:00,232.2505798339844,2025-11-08 10:00:00,3.9959096908569336,2025-11-08 10:00:00,99017.625,2025-11-08 10:00:00,,2025-11-08 10:00:00,350.0
2025-11-09 10:00:00,350.0,24.0,2025-11-08 10:00:00,2025-11-08 14:00:00,347.0,,2025-11-05 10:00:00,2025-11-05 14:00:00,274.0,2025-11-08 10:00:00,2025-11-08 14:00:00,333.0,2025-11-08 10:00:00,2025-11-08 14:00:00,358.0,2025-11-08 10:00:00,2025-11-08 14:00:00,350.0,2025-11-08 10:00:00,2025-11-08 14:00:00,367.192138671875,2025-11-09 10:00:00,225.61056518554688,2025-11-09 10:00:00,4.006816387176514,2025-11-09 10:00:00,97823.8515625,2025-11-09 10:00:00,,2025-11-09 10:00:00,351.0
2025-11-10 10:00:00,351.0,24.0,2025-11-09 10:00:00,2025-11-09 14:00:00,350.0,,2025-11-05 10:00:00,2025-11-05 14:00:00,274.0,2025-11-09 10:00:00,2025-11-09 14:00:00,334.0,2025-11-09 10:00:00,2025-11-09 14:00:00,360.0,2025-11-09 10:00:00,2025-11-09 14:00:00,351.0,2025-11-09 10:00:00,2025-11-09 14:00:00,364.0865783691406,2025-11-10 10:00:00,231.372802734375,2025-11-10 10:00:00,4.00605058670044,2025-11-10 10:00:00,96667.265625,2025-11-10 10:00:00,,2025-11-10 10:00:00,352.0
2025-11-11 10:00:00,352.0,24.0,2025-11-10 10:00:00,2025-11-10 14:00:00,351.0,,2025-11-05 10:00:00,2025-11-05 14:00:00,278.0,2025-11-10 10:00:00,2025-11-10 14:00:00,336.0,2025-11-10 10:00:00,2025-11-10 14:00:00,358.0,2025-11-10 10:00:00,2025-11-10 14:00:00,352.0,2025-11-10 10:00:00,2025-11-10 14:00:00,370.3525390625,2025-11-11 10:00:00,250.048080444336,2025-11-11 10:00:00,3.8907546997070312,2025-11-11 10:00:00,95758.609375,2025-11-11 10:00:00,,2025-11-11 10:00:00,343.0
2025-11-12 10:00:00,343.0,24.0,2025-11-11 10:00:00,2025-11-11 14:00:00,351.0,,2025-11-05 10:00:00,2025-11-05 14:00:00,270.0,2025-11-11 10:00:00,2025-11-11 14:00:00,328.0,2025-11-11 10:00:00,2025-11-11 14:00:00,346.0,2025-11-11 10:00:00,2025-11-11 14:00:00,343.0,2025-11-11 10:00:00,2025-11-11 14:00:00,371.8196716308594,2025-11-12 10:00:00,256.43280029296875,2025-11-12 10:00:00,3.81653094291687,2025-11-12 10:00:00,95579.2890625,2025-11-12 10:00:00,,2025-11-12 10:00:00,350.0
2025-11-13 10:00:00,350.0,24.0,2025-11-12 10:00:00,2025-11-12 14:00:00,350.0,834.9000244140625,2025-11-12 10:00:00,2025-11-12 14:00:00,278.0,2025-11-12 10:00:00,2025-11-12 14:00:00,335.0,2025-11-12 10:00:00,2025-11-12 14:00:00,353.0,2025-11-12 10:00:00,2025-11-12 14:00:00,350.0,2025-11-12 10:00:00,2025-11-12 14:00:00,370.63128662109375,2025-11-13 10:00:00,250.5205993652344,2025-11-13 10:00:00,3.823551177978516,2025-11-13 10:00:00,96826.921875,2025-11-13 10:00:00,54.560531365801694,2025-11-13 10:00:00,343.0
2025-11-14 10:00:00,343.0,24.0,2025-11-13 10:00:00,2025-11-13 14:00:00,343.0,834.9000244140625,2025-11-12 10:00:00,2025-11-12 14:00:00,271.0,2025-11-13 10:00:00,2025-11-13 14:00:00,328.0,2025-11-13 10:00:00,2025-11-13 14:00:00,344.0,2025-11-13 10:00:00,2025-11-13 14:00:00,343.0,2025-11-13 10:00:00,2025-11-13 14:00:00,370.2743225097656,2025-11-14 10:00:00,254.49334716796875,2025-11-14 10:00:00,3.9436557292938232,2025-11-14 10:00:00,96393.8125,2025-11-14 10:00:00,53.155663775043195,2025-11-14 10:00:00,362.0
2025-11-15 10:00:00,362.0,24.0,2025-11-14 10:00:00,2025-11-14 14:00:00,350.0,,2025-11-12 10:00:00,2025-11-12 14:00:00,278.0,2025-11-14 10:00:00,2025-11-14 14:00:00,343.0,2025-11-14 10:00:00,2025-11-14 14:00:00,358.0,2025-11-14 10:00:00,2025-11-14 14:00:00,362.0,2025-11-14 10:00:00,2025-11-14 14:00:00,366.80419921875,2025-11-15 10:00:00,249.2750701904297,2025-11-15 10:00:00,3.900456190109253,2025-11-15 10:00:00,96892.9765625,2025-11-15 10:00:00,,2025-11-15 10:00:00,344.0
2025-11-16 10:00:00,344.0,24.0,2025-11-15 10:00:00,2025-11-15 14:00:00,344.0,,2025-11-12 10:00:00,2025-11-12 14:00:00,269.0,2025-11-15 10:00:00,2025-11-15 14:00:00,328.0,2025-11-15 10:00:00,2025-11-15 14:00:00,349.0,2025-11-15 10:00:00,2025-11-15 14:00:00,344.0,2025-11-15 10:00:00,2025-11-15 14:00:00,368.6600646972656,2025-11-16 10:00:00,246.43463134765625,2025-11-16 10:00:00,3.942780017852783,2025-11-16 10:00:00,97615.875,2025-11-16 10:00:00,,2025-11-16 10:00:00,348.0
2025-11-17 10:00:00,348.0,24.0,2025-11-16 10:00:00,2025-11-16 14:00:00,348.0,,2025-11-12 10:00:00,2025-11-12 14:00:00,272.0,2025-11-16 10:00:00,2025-11-16 14:00:00,332.0,2025-11-16 10:00:00,2025-11-16 14:00:00,359.0,2025-11-16 10:00:00,2025-11-16 14:00:00,348.0,2025-11-16 10:00:00,2025-11-16 14:00:00,369.5384216308594,2025-11-17 10:00:00,249.4891815185547,2025-11-17 10:00:00,3.9066531658172607,2025-11-17 10:00:00,97191.1640625,2025-11-17 10:00:00,,2025-11-17 10:00:00,348.0
2025-11-18 10:00:00,348.0,24.0,2025-11-17 10:00:00,2025-11-17 14:00:00,348.0,,2025-11-12 10:00:00,2025-11-12 14:00:00,270.0,2025-11-17 10:00:00,2025-11-17 14:00:00,331.0,2025-11-17 10:00:00,2025-11-17 14:00:00,356.0,2025-11-17 10:00:00,2025-11-17 14:00:00,348.0,2025-11-17 10:00:00,2025-11-17 14:00:00,368.0935363769531,2025-11-18 10:00:00,250.1219024658203,2025-11-18 10:00:00,3.9031424522399902,2025-11-18 10:00:00,97305.4453125,2025-11-18 10:00:00,,2025-11-18 10:00:00,358.0
2025-11-19 10:00:00,358.0,24.0,2025-11-18 10:00:00,2025-11-18 14:00:00,348.0,,2025-11-12 10:00:00,2025-11-12 14:00:00,277.0,2025-11-18 10:00:00,2025-11-18 14:00:00,340.0,2025-11-18 10:00:00,2025-11-18 14:00:00,362.0,2025-11-18 10:00:00,2025-11-18 14:00:00,358.0,2025-11-18 10:00:00,2025-11-18 14:00:00,370.89166259765625,2025-11-19 10:00:00,250.03518676757807,2025-11-19 10:00:00,3.926737070083618,2025-11-19 10:00:00,97336.515625,2025-11-19 10:00:00,,2025-11-19 10:00:00,345.0
2025-11-20 10:00:00,345.0,24.0,2025-11-19 10:00:00,2025-11-19 14:00:00,348.0,833.2000122070312,2025-11-19 10:00:00,2025-11-19 14:00:00,270.0,2025-11-19 10:00:00,2025-11-19 14:00:00,328.0,2025-11-19 10:00:00,2025-11-19 14:00:00,348.0,2025-11-19 10:00:00,2025-11-19 14:00:00,345.0,2025-11-19 10:00:00,2025-11-19 14:00:00,362.89013671875,2025-11-20 10:00:00,215.9056396484375,2025-11-20 10:00:00,3.7839741706848153,2025-11-20 10:00:00,85468.640625,2025-11-20 10:00:00,53.539267238120715,2025-11-20 10:00:00,350.0
2025-11-21 10:00:00,350.0,24.0,2025-11-20 10:00:00,2025-11-20 14:00:00,350.0,833.2000122070312,2025-11-19 10:00:00,2025-11-19 14:00:00,268.0,2025-11-20 10:00:00,2025-11-20 14:00:00,331.0,2025-11-20 10:00:00,2025-11-20 14:00:00,352.0,2025-11-20 10:00:00,2025-11-20 14:00:00,350.0,2025-11-20 10:00:00,2025-11-20 14:00:00,368.1640625,2025-11-21 10:00:00,250.5018005371093,2025-11-21 10:00:00,3.9361283779144287,2025-11-21 10:00:00,96769.546875,2025-11-21 10:00:00,53.112623181903245,2025-11-21 10:00:00,346.0
2025-11-22 10:00:00,346.0,24.0,2025-11-21 10:00:00,2025-11-21 14:00:00,346.0,,2025-11-19 10:00:00,2025-11-19 14:00:00,270.0,2025-11-21 10:00:00,2025-11-21 14:00:00,331.0,2025-11-21 10:00:00,2025-11-21 14:00:00,350.0,2025-11-21 10:00:00,2025-11-21 14:00:00,346.0,2025-11-21 10:00:00,2025-11-21 14:00:00,369.1646118164063,2025-11-22 10:00:00,251.7576904296875,2025-11-22 10:00:00,4.015216827392578,2025-11-22 10:00:00,97789.8671875,2025-11-22 10:00:00,,2025-11-22 10:00:00,355.0
2025-11-23 10:00:00,355.0,24.0,2025-11-22 10:00:00,2025-11-22 14:00:00,350.0,,2025-11-19 10:00:00,2025-11-19 14:00:00,278.0,2025-11-22 10:00:00,2025-11-22 14:00:00,339.0,2025-11-22 10:00:00,2025-11-22 14:00:00,358.0,2025-11-22 10:00:00,2025-11-22 14:00:00,355.0,2025-11-22 10:00:00,2025-11-22 14:00:00,370.977294921875,2025-11-23 10:00:00,249.3167419433593,2025-11-23 10:00:00,3.985776901245117,2025-11-23 10:00:00,97911.15625,2025-11-23 10:00:00,,2025-11-23 10:00:00,347.0
2025-11-24 10:00:00,347.0,24.0,2025-11-23 10:00:00,2025-11-23 14:00:00,347.0,,2025-11-19 10:00:00,2025-11-19 14:00:00,272.0,2025-11-23 10:00:00,2025-11-23 14:00:00,332.0,2025-11-23 10:00:00,2025-11-23 14:00:00,354.0,2025-11-23 10:00:00,2025-11-23 14:00:00,347.0,2025-11-23 10:00:00,2025-11-23 14:00:00,371.6981506347656,2025-11-24 10:00:00,246.8018341064453,2025-11-24 10:00:00,3.837727069854736,2025-11-24 10:00:00,97189.1328125,2025-11-24 10:00:00,,2025-11-24 10:00:00,345.0
2025-11-25 10:00:00,345.0,24.0,2025-11-24 10:00:00,2025-11-24 14:00:00,347.0,,2025-11-19 10:00:00,2025-11-19 14:00:00,272.0,2025-11-24 10:00:00,2025-11-24 14:00:00,329.0,2025-11-24 10:00:00,2025-11-24 14:00:00,351.0,2025-11-24 10:00:00,2025-11-24 14:00:00,345.0,2025-11-24 10:00:00,2025-11-24 14:00:00,372.421142578125,2025-11-25 10:00:00,256.15118408203125,2025-11-25 10:00:00,3.888988494873047,2025-11-25 10:00:00,96788.640625,2025-11-25 10:00:00,,2025-11-25 10:00:00,344.0
2025-11-26 10:00:00,344.0,24.0,2025-11-25 10:00:00,2025-11-25 14:00:00,345.0,,2025-11-19 10:00:00,2025-11-19 14:00:00,271.0,2025-11-25 10:00:00,2025-11-25 14:00:00,329.0,2025-11-25 10:00:00,2025-11-25 14:00:00,351.0,2025-11-25 10:00:00,2025-11-25 14:00:00,344.0,2025-11-25 10:00:00,2025-11-25 14:00:00,370.6229248046875,2025-11-26 10:00:00,252.7808380126953,2025-11-26 10:00:00,3.841477870941162,2025-11-26 10:00:00,97178.9921875,2025-11-26 10:00:00,,2025-11-26 10:00:00,353.0
2025-11-27 10:00:00,353.0,24.0,2025-11-26 10:00:00,2025-11-26 14:00:00,345.0,834.4000244140625,2025-11-26 10:00:00,2025-11-26 14:00:00,274.0,2025-11-26 10:00:00,2025-11-26 14:00:00,334.0,2025-11-26 10:00:00,2025-11-26 14:00:00,358.0,2025-11-26 10:00:00,2025-11-26 14:00:00,353.0,2025-11-26 10:00:00,2025-11-26 14:00:00,367.9651184082031,2025-11-27 10:00:00,249.395248413086,2025-11-27 10:00:00,3.921593189239502,2025-11-27 10:00:00,97892.1796875,2025-11-27 10:00:00,53.9453943795329,2025-11-27 10:00:00,350.0
2025-11-28 10:00:00,350.0,24.0,2025-11-27 10:00:00,2025-11-27 14:00:00,350.0,834.4000244140625,2025-11-26 10:00:00,2025-11-26 14:00:00,272.0,2025-11-27 10:00:00,2025-11-27 14:00:00,330.0,2025-11-27 10:00:00,2025-11-27 14:00:00,352.0,2025-11-27 10:00:00,2025-11-27 14:00:00,350.0,2025-11-27 10:00:00,2025-11-27 14:00:00,368.5832214355469,2025-11-28 10:00:00,252.7780303955078,2025-11-28 10:00:00,3.969452857971192,2025-11-28 10:00:00,96685.1484375,2025-11-28 10:00:00,53.53724659696479,2025-11-28 10:00:00,350.0
2025-11-29 10:00:00,350.0,24.0,2025-11-28 10:00:00,2025-11-28 14:00:00,350.0,,2025-11-26 10:00:00,2025-11-26 14:00:00,270.0,2025-11-28 10:00:00,2025-11-28 14:00:00,333.0,2025-11-28 10:00:00,2025-11-28 14:00:00,356.0,2025-11-28 10:00:00,2025-11-28 14:00:00,350.0,2025-11-28 10:00:00,2025-11-28 14:00:00,368.8880310058594,2025-11-29 10:00:00,253.51080322265625,2025-11-29 10:00:00,4.011610984802246,2025-11-29 10:00:00,96761.0234375,2025-11-29 10:00:00,,2025-11-29 10:00:00,344.0
2025-11-30 10:00:00,344.0,24.0,2025-11-29 10:00:00,2025-11-29 14:00:00,350.0,,2025-11-26 10:00:00,2025-11-26 14:00:00,268.0,2025-11-29 10:00:00,2025-11-29 14:00:00,327.0,2025-11-29 10:00:00,2025-11-29 14:00:00,350.0,2025-11-29 10:00:00,2025-11-29 14:00:00,344.0,2025-11-29 10:00:00,2025-11-29 14:00:00,371.5093994140625,2025-11-30 10:00:00,254.10264587402344,2025-11-30 10:00:00,3.91203236579895,2025-11-30 10:00:00,97348.9453125,2025-11-30 10:00:00,,2025-11-30 10:00:00,350.0
2025-12-01 10:00:00,350.0,24.0,2025-11-30 10:00:00,2025-11-30 14:00:00,350.0,,2025-11-26 10:00:00,2025-11-26 14:00:00,272.0,2025-11-30 10:00:00,2025-11-30 14:00:00,331.0,2025-11-30 10:00:00,2025-11-30 14:00:00,357.0,2025-11-30 10:00:00,2025-11-30 14:00:00,350.0,2025-11-30 10:00:00,2025-11-30 14:00:00,364.9310607910156,2025-12-01 10:00:00,212.6534576416016,2025-12-01 10:00:00,3.97428822517395,2025-12-01 10:00:00,93569.109375,2025-12-01 10:00:00,,2025-12-01 10:00:00,347.0
2025-12-02 10:00:00,347.0,24.0,2025-12-01 10:00:00,2025-12-01 14:00:00,347.0,,2025-11-26 10:00:00,2025-11-26 14:00:00,270.0,2025-12-01 10:00:00,2025-12-01 14:00:00,330.0,2025-12-01 10:00:00,2025-12-01 14:00:00,353.0,2025-12-01 10:00:00,2025-12-01 14:00:00,347.0,2025-12-01 10:00:00,2025-12-01 14:00:00,363.7488098144531,2025-12-02 10:00:00,203.29803466796875,2025-12-02 10:00:00,3.8340020179748535,2025-12-02 10:00:00,86486.5390625,2025-12-02 10:00:00,,2025-12-02 10:00:00,345.0
2025-12-03 10:00:00,345.0,24.0,2025-12-02 10:00:00,2025-12-02 14:00:00,347.0,,2025-11-26 10:00:00,2025-11-26 14:00:00,271.0,2025-12-02 10:00:00,2025-12-02 14:00:00,330.0,2025-12-02 10:00:00,2025-12-02 14:00:00,356.0,2025-12-02 10:00:00,2025-12-02 14:00:00,345.0,2025-12-02 10:00:00,2025-12-02 14:00:00,352.48797607421875,2025-12-03 10:00:00,167.1883087158203,2025-12-03 10:00:00,3.9661519527435294,2025-12-03 10:00:00,83731.765625,2025-12-03 10:00:00,,2025-12-03 10:00:00,340.0
2025-12-04 10:00:00,340.0,24.0,2025-12-03 10:00:00,2025-12-03 14:00:00,345.0,831.2000122070312,2025-12-03 10:00:00,2025-12-03 14:00:00,266.0,2025-12-03 10:00:00,2025-12-03 14:00:00,325.0,2025-12-03 10:00:00,2025-12-03 14:00:00,347.0,2025-12-03 10:00:00,2025-12-03 14:00:00,340.0,2025-12-03 10:00:00,2025-12-03 14:00:00,360.5519104003906,2025-12-04 10:00:00,185.8152770996093,2025-12-04 10:00:00,3.9513399600982666,2025-12-04 10:00:00,82376.0859375,2025-12-04 10:00:00,53.38042341679454,2025-12-04 10:00:00,350.0
2025-12-05 10:00:00,350.0,24.0,2025-12-04 10:00:00,2025-12-04 14:00:00,345.0,831.2000122070312,2025-12-03 10:00:00,2025-12-03 14:00:00,270.0,2025-12-04 10:00:00,2025-12-04 14:00:00,332.0,2025-12-04 10:00:00,2025-12-04 14:00:00,355.0,2025-12-04 10:00:00,2025-12-04 14:00:00,350.0,2025-12-04 10:00:00,2025-12-04 14:00:00,366.1967468261719,2025-12-05 10:00:00,231.2476806640625,2025-12-05 10:00:00,3.819758653640747,2025-12-05 10:00:00,97335.15625,2025-12-05 10:00:00,54.24314468829175,2025-12-05 10:00:00,341.0
2025-12-06 10:00:00,341.0,24.0,2025-12-05 10:00:00,2025-12-05 14:00:00,341.0,833.0,2025-12-05 10:00:00,2025-12-05 14:00:00,268.0,2025-12-05 10:00:00,2025-12-05 14:00:00,326.0,2025-12-05 10:00:00,2025-12-05 14:00:00,351.0,2025-12-05 10:00:00,2025-12-05 14:00:00,341.0,2025-12-05 10:00:00,2025-12-05 14:00:00,367.0815124511719,2025-12-06 10:00:00,222.16015625,2025-12-06 10:00:00,3.941138029098511,2025-12-06 10:00:00,97544.78125,2025-12-06 10:00:00,53.182736301516,2025-12-06 10:00:00,350.0
2025-12-07 10:00:00,350.0,24.0,2025-12-06 10:00:00,2025-12-06 14:00:00,350.0,833.0,2025-12-05 10:00:00,2025-12-05 14:00:00,271.0,2025-12-06 10:00:00,2025-12-06 14:00:00,333.0,2025-12-06 10:00:00,2025-12-06 14:00:00,358.0,2025-12-06 10:00:00,2025-12-06 14:00:00,350.0,2025-12-06 10:00:00,2025-12-06 14:00:00,368.1631164550781,2025-12-07 10:00:00,227.45333862304688,2025-12-07 10:00:00,3.896838665008545,2025-12-07 10:00:00,96508.1484375,2025-12-07 10:00:00,53.819203857758794,2025-12-07 10:00:00,350.0
2025-12-08 10:00:00,350.0,24.0,2025-12-07 10:00:00,2025-12-07 14:00:00,350.0,,2025-12-05 10:00:00,2025-12-05 14:00:00,273.0,2025-12-07 10:00:00,2025-12-07 14:00:00,334.0,2025-12-07 10:00:00,2025-12-07 14:00:00,356.0,2025-12-07 10:00:00,2025-12-07 14:00:00,350.0,2025-12-07 10:00:00,2025-12-07 14:00:00,369.1500854492188,2025-12-08 10:00:00,224.12120056152344,2025-12-08 10:00:00,3.826366901397705,2025-12-08 10:00:00,93978.046875,2025-12-08 10:00:00,,2025-12-08 10:00:00,350.0
2025-12-09 10:00:00,350.0,24.0,2025-12-08 10:00:00,2025-12-08 14:00:00,350.0,,2025-12-05 10:00:00,2025-12-05 14:00:00,272.0,2025-12-08 10:00:00,2025-12-08 14:00:00,336.0,2025-12-08 10:00:00,2025-12-08 14:00:00,360.0,2025-12-08 10:00:00,2025-12-08 14:00:00,350.0,2025-12-08 10:00:00,2025-12-08 14:00:00,367.97454833984375,2025-12-09 10:00:00,226.67051696777344,2025-12-09 10:00:00,3.8617446422576895,2025-12-09 10:00:00,94197.2734375,2025-12-09 10:00:00,,2025-12-09 10:00:00,347.0
2025-12-10 09:35:00,347.0,23.583333333333332,2025-12-09 10:00:00,2025-12-09 14:00:00,350.0,,2025-12-05 10:00:00,2025-12-05 14:00:00,270.0,2025-12-09 10:00:00,2025-12-09 14:00:00,331.0,2025-12-09 10:00:00,2025-12-09 14:00:00,351.0,2025-12-09 10:00:00,2025-12-09 14:00:00,347.0,2025-12-09 10:00:00,2025-12-09 14:00:00,368.5163269042969,2025-12-10 09:30:00,219.6103057861328,2025-12-10 09:30:00,3.91191840171814,2025-12-10 09:30:00,94072.578125,2025-12-10 09:30:00,,2025-12-10 09:35:00,347.0
2025-12-11 10:00:00,347.0,24.416666666666668,2025-12-10 09:35:00,2025-12-10 13:35:00,347.0,835.0999755859375,2025-12-10 09:35:00,2025-12-10 13:35:00,274.0,2025-12-10 09:35:00,2025-12-10 13:35:00,332.0,2025-12-10 09:35:00,2025-12-10 13:35:00,354.0,2025-12-10 09:30:00,2025-12-10 13:30:00,347.0,2025-12-10 09:35:00,2025-12-10 13:35:00,371.2283630371094,2025-12-11 10:00:00,222.8887634277344,2025-12-11 10:00:00,3.825439929962158,2025-12-11 10:00:00,92057.921875,2025-12-11 10:00:00,53.701820072113605,2025-12-11 10:00:00,345.0
2025-12-12 10:00:00,345.0,24.0,2025-12-11 10:00:00,2025-12-11 14:00:00,347.0,,2025-12-10 09:35:00,2025-12-10 13:35:00,271.0,2025-12-11 10:00:00,2025-12-11 14:00:00,329.0,2025-12-11 10:00:00,2025-12-11 14:00:00,346.0,2025-12-11 10:00:00,2025-12-11 14:00:00,345.0,2025-12-11 10:00:00,2025-12-11 14:00:00,367.9357604980469,2025-12-12 10:00:00,218.36582946777344,2025-12-12 10:00:00,3.866841554641724,2025-12-12 10:00:00,92224.703125,2025-12-12 10:00:00,,2025-12-12 10:00:00,348.0
2025-12-13 10:00:00,348.0,24.0,2025-12-12 10:00:00,2025-12-12 14:00:00,347.0,,2025-12-10 09:35:00,2025-12-10 13:35:00,274.0,2025-12-12 10:00:00,2025-12-12 14:00:00,331.0,2025-12-12 10:00:00,2025-12-12 14:00:00,353.0,2025-12-12 10:00:00,2025-12-12 14:00:00,348.0,2025-12-12 10:00:00,2025-12-12 14:00:00,361.8394775390625,2025-12-13 10:00:00,205.42938232421875,2025-12-13 10:00:00,3.984145402908325,2025-12-13 10:00:00,89543.3046875,2025-12-13 10:00:00,,2025-12-13 10:00:00,337.0
2025-12-14 10:00:00,337.0,24.0,2025-12-13 10:00:00,2025-12-13 14:00:00,345.0,,2025-12-10 09:35:00,2025-12-10 13:35:00,275.0,2025-12-13 10:00:00,2025-12-13 14:00:00,324.0,2025-12-13 10:00:00,2025-12-13 14:00:00,345.0,2025-12-13 10:00:00,2025-12-13 14:00:00,337.0,2025-12-13 10:00:00,2025-12-13 14:00:00,361.1944885253906,2025-12-14 10:00:00,210.06939697265625,2025-12-14 10:00:00,3.9071319103240967,2025-12-14 10:00:00,90480.265625,2025-12-14 10:00:00,,2025-12-14 10:00:00,340.0
2025-12-15 10:00:00,340.0,24.0,2025-12-14 10:00:00,2025-12-14 14:00:00,340.0,,2025-12-10 09:35:00,2025-12-10 13:35:00,271.0,2025-12-14 10:00:00,2025-12-14 14:00:00,325.0,2025-12-14 10:00:00,2025-12-14 14:00:00,343.0,2025-12-14 10:00:00,2025-12-14 14:00:00,340.0,2025-12-14 10:00:00,2025-12-14 14:00:00,359.7981872558594,2025-12-15 10:00:00,212.2802734375,2025-12-15 10:00:00,3.989149808883667,2025-12-15 10:00:00,88131.5390625,2025-12-15 10:00:00,,2025-12-15 10:00:00,335.0
2025-12-16 10:00:00,335.0,24.0,2025-12-15 10:00:00,2025-12-15 14:00:00,337.0,,2025-12-10 09:35:00,2025-12-10 13:35:00,270.0,2025-12-15 10:00:00,2025-12-15 14:00:00,321.0,2025-12-15 10:00:00,2025-12-15 14:00:00,340.0,2025-12-15 10:00:00,2025-12-15 14:00:00,335.0,2025-12-15 10:00:00,2025-12-15 14:00:00,359.1495056152344,2025-12-16 10:00:00,199.47393798828125,2025-12-16 10:00:00,3.984463691711426,2025-12-16 10:00:00,87232.34375,2025-12-16 10:00:00,,2025-12-16 10:00:00,345.0
2025-12-17 10:00:00,345.0,24.0,2025-12-16 10:00:00,2025-12-16 14:00:00,340.0,,2025-12-10 09:35:00,2025-12-10 13:35:00,269.0,2025-12-16 10:00:00,2025-12-16 14:00:00,327.0,2025-12-16 10:00:00,2025-12-16 14:00:00,345.0,2025-12-16 10:00:00,2025-12-16 14:00:00,345.0,2025-12-16 10:00:00,2025-12-16 14:00:00,358.6722412109375,2025-12-17 10:00:00,207.60089111328125,2025-12-17 10:00:00,3.863425970077514,2025-12-17 10:00:00,87159.3515625,2025-12-17 10:00:00,,2025-12-17 10:00:00,338.0
2025-12-18 10:00:00,338.0,24.0,2025-12-17 10:00:00,2025-12-17 14:00:00,338.0,832.0,2025-12-17 10:00:00,2025-12-17 14:00:00,266.0,2025-12-17 10:00:00,2025-12-17 14:00:00,324.0,2025-12-17 10:00:00,2025-12-17 14:00:00,340.0,2025-12-17 10:00:00,2025-12-17 14:00:00,338.0,2025-12-17 10:00:00,2025-12-17 14:00:00,358.1929626464844,2025-12-18 10:00:00,202.07907104492188,2025-12-18 10:00:00,3.800726175308228,2025-12-18 10:00:00,85001.5,2025-12-18 10:00:00,53.09813298623612,2025-12-18 10:00:00,342.0
2025-12-19 10:00:00,342.0,24.0,2025-12-18 10:00:00,2025-12-18 14:00:00,342.0,832.0,2025-12-17 10:00:00,2025-12-17 14:00:00,266.0,2025-12-18 10:00:00,2025-12-18 14:00:00,325.0,2025-12-18 10:00:00,2025-12-18 14:00:00,348.0,2025-12-18 10:00:00,2025-12-18 14:00:00,342.0,2025-12-18 10:00:00,2025-12-18 14:00:00,362.1268615722656,2025-12-19 10:00:00,217.529052734375,2025-12-19 10:00:00,3.839932441711426,2025-12-19 10:00:00,92185.296875,2025-12-19 10:00:00,53.09813298623612,2025-12-19 10:00:00,342.0
2025-12-20 10:00:00,342.0,24.0,2025-12-19 10:00:00,2025-12-19 14:00:00,342.0,,2025-12-17 10:00:00,2025-12-17 14:00:00,268.0,2025-12-19 10:00:00,2025-12-19 14:00:00,324.0,2025-12-19 10:00:00,2025-12-19 14:00:00,351.0,2025-12-19 10:00:00,2025-12-19 14:00:00,342.0,2025-12-19 10:00:00,2025-12-19 14:00:00,366.0397644042969,2025-12-20 10:00:00,221.89990234375,2025-12-20 10:00:00,3.928969860076904,2025-12-20 10:00:00,96604.609375,2025-12-20 10:00:00,,2025-12-20 10:00:00,352.0
2025-12-21 10:00:00,352.0,24.0,2025-12-20 10:00:00,2025-12-20 14:00:00,342.0,,2025-12-17 10:00:00,2025-12-17 14:00:00,272.0,2025-12-20 10:00:00,2025-12-20 14:00:00,333.0,2025-12-20 10:00:00,2025-12-20 14:00:00,354.0,2025-12-20 10:00:00,2025-12-20 14:00:00,352.0,2025-12-20 10:00:00,2025-12-20 14:00:00,368.34765625,2025-12-21 10:00:00,239.23318481445312,2025-12-21 10:00:00,3.903715133666992,2025-12-21 10:00:00,99390.7265625,2025-12-21 10:00:00,,2025-12-21 10:00:00,343.0
2025-12-22 10:00:00,343.0,24.0,2025-12-21 10:00:00,2025-12-21 14:00:00,343.0,,2025-12-17 10:00:00,2025-12-17 14:00:00,269.0,2025-12-21 10:00:00,2025-12-21 14:00:00,327.0,2025-12-21 10:00:00,2025-12-21 14:00:00,348.0,2025-12-21 10:00:00,2025-12-21 14:00:00,343.0,2025-12-21 10:00:00,2025-12-21 14:00:00,365.9227294921875,2025-12-22 10:00:00,230.26063537597656,2025-12-22 10:00:00,3.850141048431397,2025-12-22 10:00:00,100206.3515625,2025-12-22 10:00:00,,2025-12-22 10:00:00,347.0
2025-12-23 10:00:00,347.0,24.0,2025-12-22 10:00:00,2025-12-22 14:00:00,347.0,,2025-12-17 10:00:00,2025-12-17 14:00:00,271.0,2025-12-22 10:00:00,2025-12-22 14:00:00,331.0,2025-12-22 10:00:00,2025-12-22 14:00:00,353.0,2025-12-22 10:00:00,2025-12-22 14:00:00,347.0,2025-12-22 10:00:00,2025-12-22 14:00:00,363.8865661621094,2025-12-23 10:00:00,225.6109161376953,2025-12-23 10:00:00,4.015174388885498,2025-12-23 10:00:00,99147.8671875,2025-12-23 10:00:00,,2025-12-23 10:00:00,342.0
2025-12-24 10:00:00,342.0,24.0,2025-12-23 10:00:00,2025-12-23 14:00:00,343.0,,2025-12-17 10:00:00,2025-12-17 14:00:00,267.0,2025-12-23 10:00:00,2025-12-23 14:00:00,327.0,2025-12-23 10:00:00,2025-12-23 14:00:00,350.0,2025-12-23 10:00:00,2025-12-23 14:00:00,342.0,2025-12-23 10:00:00,2025-12-23 14:00:00,361.1070251464844,2025-12-24 10:00:00,160.27255249023438,2025-12-24 10:00:00,3.949644327163696,2025-12-24 10:00:00,86220.1640625,2025-12-24 10:00:00,,2025-12-24 10:00:00,348.0
2025-12-25 10:00:00,348.0,24.0,2025-12-24 10:00:00,2025-12-24 14:00:00,347.0,829.5999755859375,2025-12-24 10:00:00,2025-12-24 14:00:00,268.0,2025-12-24 10:00:00,2025-12-24 14:00:00,330.0,2025-12-24 10:00:00,2025-12-24 14:00:00,350.0,2025-12-24 10:00:00,2025-12-24 14:00:00,348.0,2025-12-24 10:00:00,2025-12-24 14:00:00,364.4708251953125,2025-12-25 10:00:00,221.2069702148437,2025-12-25 10:00:00,3.978314876556397,2025-12-25 10:00:00,99357.9609375,2025-12-25 10:00:00,54.38407813052652,2025-12-25 10:00:00,344.0
2025-12-26 10:00:00,344.0,24.0,2025-12-25 10:00:00,2025-12-25 14:00:00,344.0,829.5999755859375,2025-12-24 10:00:00,2025-12-24 14:00:00,269.0,2025-12-25 10:00:00,2025-12-25 14:00:00,330.0,2025-12-25 10:00:00,2025-12-25 14:00:00,352.0,2025-12-25 10:00:00,2025-12-25 14:00:00,344.0,2025-12-25 10:00:00,2025-12-25 14:00:00,359.2433166503906,2025-12-26 10:00:00,198.5608673095703,2025-12-26 10:00:00,3.8170435428619385,2025-12-26 10:00:00,85353.34375,2025-12-26 10:00:00,54.59857148233823,2025-12-26 10:00:00,345.0
2025-12-27 10:00:00,345.0,24.0,2025-12-26 10:00:00,2025-12-26 14:00:00,345.0,,2025-12-24 10:00:00,2025-12-24 14:00:00,267.0,2025-12-26 10:00:00,2025-12-26 14:00:00,328.0,2025-12-26 10:00:00,2025-12-26 14:00:00,348.0,2025-12-26 10:00:00,2025-12-26 14:00:00,345.0,2025-12-26 10:00:00,2025-12-26 14:00:00,360.3786315917969,2025-12-27 10:00:00,197.8507843017578,2025-12-27 10:00:00,3.840158939361572,2025-12-27 10:00:00,87754.125,2025-12-27 10:00:00,,2025-12-27 10:00:00,341.0
2025-12-28 10:00:00,341.0,24.0,2025-12-27 10:00:00,2025-12-27 14:00:00,344.0,,2025-12-24 10:00:00,2025-12-24 14:00:00,265.0,2025-12-27 10:00:00,2025-12-27 14:00:00,325.0,2025-12-27 10:00:00,2025-12-27 14:00:00,347.0,2025-12-27 10:00:00,2025-12-27 14:00:00,341.0,2025-12-27 10:00:00,2025-12-27 14:00:00,361.49908447265625,2025-12-28 10:00:00,206.55870056152344,2025-12-28 10:00:00,3.8721108436584473,2025-12-28 10:00:00,89719.7421875,2025-12-28 10:00:00,,2025-12-28 10:00:00,345.0
2025-12-29 10:00:00,345.0,24.0,2025-12-28 10:00:00,2025-12-28 14:00:00,345.0,,2025-12-24 10:00:00,2025-12-24 14:00:00,270.0,2025-12-28 10:00:00,2025-12-28 14:00:00,328.0,2025-12-28 10:00:00,2025-12-28 14:00:00,348.0,2025-12-28 10:00:00,2025-12-28 14:00:00,345.0,2025-12-28 10:00:00,2025-12-28 14:00:00,366.1682739257813,2025-12-29 10:00:00,206.2010803222656,2025-12-29 10:00:00,3.9878358840942383,2025-12-29 10:00:00,90200.0546875,2025-12-29 10:00:00,,2025-12-29 10:00:00,343.0
2025-12-30 10:00:00,343.0,24.0,2025-12-29 10:00:00,2025-12-29 14:00:00,343.0,,2025-12-24 10:00:00,2025-12-24 14:00:00,264.0,2025-12-29 10:00:00,2025-12-29 14:00:00,325.0,2025-12-29 10:00:00,2025-12-29 14:00:00,346.0,2025-12-29 10:00:00,2025-12-29 14:00:00,343.0,2025-12-29 10:00:00,2025-12-29 14:00:00,363.5328979492188,2025-12-30 10:00:00,215.76698303222656,2025-12-30 10:00:00,3.8744418621063232,2025-12-30 10:00:00,91041.234375,2025-12-30 10:00:00,,2025-12-30 10:00:00,346.0
2025-12-31 10:00:00,346.0,24.0,2025-12-30 10:00:00,2025-12-30 14:00:00,345.0,,2025-12-24 10:00:00,2025-12-24 14:00:00,271.0,2025-12-30 10:00:00,2025-12-30 14:00:00,330.0,2025-12-30 10:00:00,2025-12-30 14:00:00,353.0,2025-12-30 10:00:00,2025-12-30 14:00:00,346.0,2025-12-30 10:00:00,2025-12-30 14:00:00,364.7687683105469,2025-12-31 10:00:00,212.5035400390625,2025-12-31 10:00:00,3.9730186462402335,2025-12-31 10:00:00,94668.5,2025-12-31 10:00:00,,2025-12-31 10:00:00,341.0
2026-01-01 10:00:00,341.0,24.0,2025-12-31 10:00:00,2025-12-31 14:00:00,343.0,834.0,2025-12-31 10:00:00,2025-12-31 14:00:00,267.0,2025-12-31 10:00:00,2025-12-31 14:00:00,326.0,2025-12-31 10:00:00,2025-12-31 14:00:00,348.0,2025-12-31 10:00:00,2025-12-31 14:00:00,341.0,2025-12-31 10:00:00,2025-12-31 14:00:00,362.8532409667969,2026-01-01 10:00:00,210.3651428222656,2026-01-01 10:00:00,3.9910171031951904,2026-01-01 10:00:00,91903.0625,2026-01-01 10:00:00,52.615960280250874,2026-01-01 10:00:00,343.0
2026-01-02 10:00:00,343.0,24.0,2026-01-01 10:00:00,2026-01-01 14:00:00,343.0,834.0,2025-12-31 10:00:00,2025-12-31 14:00:00,268.0,2026-01-01 10:00:00,2026-01-01 14:00:00,325.0,2026-01-01 10:00:00,2026-01-01 14:00:00,348.0,2026-01-01 10:00:00,2026-01-01 14:00:00,343.0,2026-01-01 10:00:00,2026-01-01 14:00:00,363.61810302734375,2026-01-02 10:00:00,213.9122009277344,2026-01-02 10:00:00,3.8773255348205566,2026-01-02 10:00:00,91026.03125,2026-01-02 10:00:00,52.832811881515795,2026-01-02 10:00:00,344.0
2026-01-03 10:00:00,344.0,24.0,2026-01-02 10:00:00,2026-01-02 14:00:00,343.0,832.0999755859375,2026-01-02 10:00:00,2026-01-02 14:00:00,270.0,2026-01-02 10:00:00,2026-01-02 14:00:00,328.0,2026-01-02 10:00:00,2026-01-02 14:00:00,345.0,2026-01-02 10:00:00,2026-01-02 14:00:00,344.0,2026-01-02 10:00:00,2026-01-02 14:00:00,364.4299011230469,2026-01-03 10:00:00,211.45913696289065,2026-01-03 10:00:00,3.8580322265625,2026-01-03 10:00:00,92932.84375,2026-01-03 10:00:00,53.92564573717107,2026-01-03 10:00:00,350.0
2026-01-04 10:00:00,350.0,24.0,2026-01-03 10:00:00,2026-01-03 14:00:00,344.0,832.0999755859375,2026-01-02 10:00:00,2026-01-02 14:00:00,272.0,2026-01-03 10:00:00,2026-01-03 14:00:00,333.0,2026-01-03 10:00:00,2026-01-03 14:00:00,355.0,2026-01-03 10:00:00,2026-01-03 14:00:00,350.0,2026-01-03 10:00:00,2026-01-03 14:00:00,365.6774291992188,2026-01-04 10:00:00,207.41748046875,2026-01-04 10:00:00,3.884543418884277,2026-01-04 10:00:00,93485.0625,2026-01-04 10:00:00,54.34298081903262,2026-01-04 10:00:00,343.0
2026-01-05 10:00:00,343.0,24.0,2026-01-04 10:00:00,2026-01-04 14:00:00,344.0,,2026-01-02 10:00:00,2026-01-02 14:00:00,269.0,2026-01-04 10:00:00,2026-01-04 14:00:00,327.0,2026-01-04 10:00:00,2026-01-04 14:00:00,351.0,2026-01-04 10:00:00,2026-01-04 14:00:00,343.0,2026-01-04 10:00:00,2026-01-04 14:00:00,368.20751953125,2026-01-05 10:00:00,207.46783447265625,2026-01-05 10:00:00,3.760586500167847,2026-01-05 10:00:00,86765.6171875,2026-01-05 10:00:00,,2026-01-05 10:00:00,350.0
2026-01-06 10:00:00,350.0,24.0,2026-01-05 10:00:00,2026-01-05 14:00:00,350.0,,2026-01-02 10:00:00,2026-01-02 14:00:00,272.0,2026-01-05 10:00:00,2026-01-05 14:00:00,332.0,2026-01-05 10:00:00,2026-01-05 14:00:00,355.0,2026-01-05 10:00:00,2026-01-05 14:00:00,350.0,2026-01-05 10:00:00,2026-01-05 14:00:00,366.1863403320313,2026-01-06 10:00:00,210.2899169921875,2026-01-06 10:00:00,3.814499139785767,2026-01-06 10:00:00,89127.390625,2026-01-06 10:00:00,,2026-01-06 10:00:00,348.0
2026-01-07 10:00:00,348.0,24.0,2026-01-06 10:00:00,2026-01-06 14:00:00,348.0,,2026-01-02 10:00:00,2026-01-02 14:00:00,274.0,2026-01-06 10:00:00,2026-01-06 14:00:00,332.0,2026-01-06 10:00:00,2026-01-06 14:00:00,356.0,2026-01-06 10:00:00,2026-01-06 14:00:00,348.0,2026-01-06 10:00:00,2026-01-06 14:00:00,364.92230224609375,2026-01-07 10:00:00,200.830078125,2026-01-07 10:00:00,3.983879327774048,2026-01-07 10:00:00,86510.3046875,2026-01-07 10:00:00,,2026-01-07 10:00:00,350.0
2026-01-08 10:00:00,350.0,24.0,2026-01-07 10:00:00,2026-01-07 14:00:00,350.0,833.9000244140625,2026-01-07 10:00:00,2026-01-07 14:00:00,271.0,2026-01-07 10:00:00,2026-01-07 14:00:00,331.0,2026-01-07 10:00:00,2026-01-07 14:00:00,354.0,2026-01-07 10:00:00,2026-01-07 14:00:00,350.0,2026-01-07 10:00:00,2026-01-07 14:00:00,365.91064453125,2026-01-08 10:00:00,206.2622528076172,2026-01-08 10:00:00,3.8542847633361816,2026-01-08 10:00:00,85872.1015625,2026-01-08 10:00:00,53.50419362521404,2026-01-08 10:00:00,346.0
2026-01-10 10:00:00,346.0,48.0,2026-01-08 10:00:00,2026-01-08 14:00:00,348.0,,2026-01-07 10:00:00,2026-01-07 14:00:00,270.0,2026-01-08 10:00:00,2026-01-08 14:00:00,330.0,2026-01-08 10:00:00,2026-01-08 14:00:00,348.0,2026-01-08 10:00:00,2026-01-08 14:00:00,346.0,2026-01-08 10:00:00,2026-01-08 14:00:00,362.9856567382813,2026-01-10 10:00:00,172.1116943359375,2026-01-10 10:00:00,3.969958305358887,2026-01-10 10:00:00,82938.5625,2026-01-10 10:00:00,,2026-01-10 10:00:00,338.0
2026-01-11 10:00:00,338.0,24.0,2026-01-10 10:00:00,2026-01-10 14:00:00,346.0,,2026-01-07 10:00:00,2026-01-07 14:00:00,271.0,2026-01-10 10:00:00,2026-01-10 14:00:00,326.0,2026-01-10 10:00:00,2026-01-10 14:00:00,345.0,2026-01-10 10:00:00,2026-01-10 14:00:00,338.0,2026-01-10 10:00:00,2026-01-10 14:00:00,368.1843566894531,2026-01-11 10:00:00,251.3609771728516,2026-01-11 10:00:00,3.877721071243286,2026-01-11 10:00:00,95757.5859375,2026-01-11 10:00:00,,2026-01-11 10:00:00,342.0
2026-01-12 10:00:00,342.0,24.0,2026-01-11 10:00:00,2026-01-11 14:00:00,342.0,,2026-01-07 10:00:00,2026-01-07 14:00:00,266.0,2026-01-11 10:00:00,2026-01-11 14:00:00,326.0,2026-01-11 10:00:00,2026-01-11 14:00:00,349.0,2026-01-11 10:00:00,2026-01-11 14:00:00,342.0,2026-01-11 10:00:00,2026-01-11 14:00:00,374.2501831054688,2026-01-12 10:00:00,251.6354217529297,2026-01-12 10:00:00,3.896551370620728,2026-01-12 10:00:00,97493.21875,2026-01-12 10:00:00,,2026-01-12 10:00:00,344.0
2026-01-13 10:00:00,344.0,24.0,2026-01-12 10:00:00,2026-01-12 14:00:00,342.0,,2026-01-07 10:00:00,2026-01-07 14:00:00,274.0,2026-01-12 10:00:00,2026-01-12 14:00:00,329.0,2026-01-12 10:00:00,2026-01-12 14:00:00,352.0,2026-01-12 10:00:00,2026-01-12 14:00:00,344.0,2026-01-12 10:00:00,2026-01-12 14:00:00,371.2027587890625,2026-01-13 10:00:00,241.03990173339844,2026-01-13 10:00:00,3.980570316314697,2026-01-13 10:00:00,98389.4921875,2026-01-13 10:00:00,,2026-01-13 10:00:00,350.0
2026-01-14 10:00:00,350.0,24.0,2026-01-13 10:00:00,2026-01-13 14:00:00,344.0,,2026-01-07 10:00:00,2026-01-07 14:00:00,274.0,2026-01-13 10:00:00,2026-01-13 14:00:00,334.0,2026-01-13 10:00:00,2026-01-13 14:00:00,351.0,2026-01-13 10:00:00,2026-01-13 14:00:00,350.0,2026-01-13 10:00:00,2026-01-13 14:00:00,374.75396728515625,2026-01-14 10:00:00,228.3001403808593,2026-01-14 10:00:00,3.949731111526489,2026-01-14 10:00:00,99656.59375,2026-01-14 10:00:00,,2026-01-14 10:00:00,347.0
2026-01-15 10:00:00,347.0,24.0,2026-01-14 10:00:00,2026-01-14 14:00:00,347.0,835.9000244140625,2026-01-14 10:00:00,2026-01-14 14:00:00,275.0,2026-01-14 10:00:00,2026-01-14 14:00:00,332.0,2026-01-14 10:00:00,2026-01-14 14:00:00,354.0,2026-01-14 10:00:00,2026-01-14 14:00:00,347.0,2026-01-14 10:00:00,2026-01-14 14:00:00,371.5167846679688,2026-01-15 10:00:00,228.98141479492188,2026-01-15 10:00:00,3.9278969764709473,2026-01-15 10:00:00,97794.0,2026-01-15 10:00:00,53.62500877739171,2026-01-15 10:00:00,350.0
2026-01-16 10:00:00,350.0,24.0,2026-01-15 10:00:00,2026-01-15 14:00:00,350.0,835.9000244140625,2026-01-14 10:00:00,2026-01-14 14:00:00,276.0,2026-01-15 10:00:00,2026-01-15 14:00:00,333.0,2026-01-15 10:00:00,2026-01-15 14:00:00,357.0,2026-01-15 10:00:00,2026-01-15 14:00:00,350.0,2026-01-15 10:00:00,2026-01-15 14:00:00,370.2999572753906,2026-01-16 10:00:00,229.8565216064453,2026-01-16 10:00:00,3.913808107376098,2026-01-16 10:00:00,99250.28125,2026-01-16 10:00:00,53.82342248620216,2026-01-16 10:00:00,348.0
2026-01-17 10:00:00,348.0,24.0,2026-01-16 10:00:00,2026-01-16 14:00:00,348.0,,2026-01-14 10:00:00,2026-01-14 14:00:00,275.0,2026-01-16 10:00:00,2026-01-16 14:00:00,331.0,2026-01-16 10:00:00,2026-01-16 14:00:00,354.0,2026-01-16 10:00:00,2026-01-16 14:00:00,348.0,2026-01-16 10:00:00,2026-01-16 14:00:00,367.5634460449219,2026-01-17 10:00:00,218.82745361328125,2026-01-17 10:00:00,3.871337413787842,2026-01-17 10:00:00,91648.96875,2026-01-17 10:00:00,,2026-01-17 10:00:00,350.0
2026-01-18 10:00:00,350.0,24.0,2026-01-17 10:00:00,2026-01-17 14:00:00,350.0,835.7000122070312,2026-01-17 10:00:00,2026-01-17 14:00:00,276.0,2026-01-17 10:00:00,2026-01-17 14:00:00,333.0,2026-01-17 10:00:00,2026-01-17 14:00:00,352.0,2026-01-17 10:00:00,2026-01-17 14:00:00,350.0,2026-01-17 10:00:00,2026-01-17 14:00:00,365.9508056640625,2026-01-18 10:00:00,199.511947631836,2026-01-18 10:00:00,3.9675352573394775,2026-01-18 10:00:00,87762.9765625,2026-01-18 10:00:00,53.892698831762345,2026-01-18 10:00:00,341.0
2026-01-19 10:00:00,341.0,24.0,2026-01-18 10:00:00,2026-01-18 14:00:00,348.0,835.7000122070312,2026-01-17 10:00:00,2026-01-17 14:00:00,275.0,2026-01-18 10:00:00,2026-01-18 14:00:00,328.0,2026-01-18 10:00:00,2026-01-18 14:00:00,348.0,2026-01-18 10:00:00,2026-01-18 14:00:00,341.0,2026-01-18 10:00:00,2026-01-18 14:00:00,369.5703430175781,2026-01-19 10:00:00,200.9282073974609,2026-01-19 10:00:00,3.74821662902832,2026-01-19 10:00:00,81903.8671875,2026-01-19 10:00:00,53.6942851229519,2026-01-19 10:00:00,350.0
2026-01-20 10:00:00,350.0,24.0,2026-01-19 10:00:00,2026-01-19 14:00:00,350.0,,2026-01-17 10:00:00,2026-01-17 14:00:00,275.0,2026-01-19 10:00:00,2026-01-19 14:00:00,332.0,2026-01-19 10:00:00,2026-01-19 14:00:00,353.0,2026-01-19 10:00:00,2026-01-19 14:00:00,350.0,2026-01-19 10:00:00,2026-01-19 14:00:00,368.776123046875,2026-01-20 10:00:00,206.58889770507807,2026-01-20 10:00:00,3.871495962142944,2026-01-20 10:00:00,89586.40625,2026-01-20 10:00:00,,2026-01-20 10:00:00,342.0
2026-01-21 10:00:00,342.0,24.0,2026-01-20 10:00:00,2026-01-20 14:00:00,342.0,,2026-01-17 10:00:00,2026-01-17 14:00:00,274.0,2026-01-20 10:00:00,2026-01-20 14:00:00,326.0,2026-01-20 10:00:00,2026-01-20 14:00:00,352.0,2026-01-20 10:00:00,2026-01-20 14:00:00,342.0,2026-01-20 10:00:00,2026-01-20 14:00:00,367.615966796875,2026-01-21 10:00:00,200.65969848632807,2026-01-21 10:00:00,3.937915802001953,2026-01-21 10:00:00,92940.5703125,2026-01-21 10:00:00,,2026-01-21 10:00:00,342.0
2026-01-22 10:00:00,342.0,24.0,2026-01-21 10:00:00,2026-01-21 14:00:00,342.0,834.7000122070312,2026-01-21 10:00:00,2026-01-21 14:00:00,270.0,2026-01-21 10:00:00,2026-01-21 14:00:00,328.0,2026-01-21 10:00:00,2026-01-21 14:00:00,353.0,2026-01-21 10:00:00,2026-01-21 14:00:00,342.0,2026-01-21 10:00:00,2026-01-21 14:00:00,366.6926574707031,2026-01-22 10:00:00,200.9833526611328,2026-01-22 10:00:00,3.8690364360809326,2026-01-22 10:00:00,89848.0078125,2026-01-22 10:00:00,53.01542653549245,2026-01-22 10:00:00,343.0
2026-01-23 10:00:00,343.0,24.0,2026-01-22 10:00:00,2026-01-22 14:00:00,342.0,834.7000122070312,2026-01-21 10:00:00,2026-01-21 14:00:00,274.0,2026-01-22 10:00:00,2026-01-22 14:00:00,328.0,2026-01-22 10:00:00,2026-01-22 14:00:00,343.0,2026-01-22 10:00:00,2026-01-22 14:00:00,343.0,2026-01-22 10:00:00,2026-01-22 14:00:00,367.9249267578125,2026-01-23 10:00:00,210.22952270507807,2026-01-23 10:00:00,3.9133620262146,2026-01-23 10:00:00,90599.625,2026-01-23 10:00:00,53.84090939992211,2026-01-23 10:00:00,350.0
2026-01-24 10:00:00,350.0,24.0,2026-01-23 10:00:00,2026-01-23 14:00:00,343.0,,2026-01-21 10:00:00,2026-01-21 14:00:00,273.0,2026-01-23 10:00:00,2026-01-23 14:00:00,332.0,2026-01-23 10:00:00,2026-01-23 14:00:00,358.0,2026-01-23 10:00:00,2026-01-23 14:00:00,350.0,2026-01-23 10:00:00,2026-01-23 14:00:00,372.3289489746094,2026-01-24 10:00:00,239.81398010253903,2026-01-24 10:00:00,3.998534917831421,2026-01-24 10:00:00,98676.1015625,2026-01-24 10:00:00,,2026-01-24 10:00:00,346.0
2026-01-25 10:00:00,346.0,24.0,2026-01-24 10:00:00,2026-01-24 14:00:00,346.0,,2026-01-21 10:00:00,2026-01-21 14:00:00,273.0,2026-01-24 10:00:00,2026-01-24 14:00:00,330.0,2026-01-24 10:00:00,2026-01-24 14:00:00,350.0,2026-01-24 10:00:00,2026-01-24 14:00:00,346.0,2026-01-24 10:00:00,2026-01-24 14:00:00,367.4250183105469,2026-01-25 10:00:00,210.2433624267578,2026-01-25 10:00:00,3.846360683441162,2026-01-25 10:00:00,87128.7109375,2026-01-25 10:00:00,,2026-01-25 10:00:00,344.0
2026-01-26 10:00:00,344.0,24.0,2026-01-25 10:00:00,2026-01-25 14:00:00,346.0,,2026-01-21 10:00:00,2026-01-21 14:00:00,272.0,2026-01-25 10:00:00,2026-01-25 14:00:00,329.0,2026-01-25 10:00:00,2026-01-25 14:00:00,355.0,2026-01-25 10:00:00,2026-01-25 14:00:00,344.0,2026-01-25 10:00:00,2026-01-25 14:00:00,366.5098876953125,2026-01-26 10:00:00,210.4743804931641,2026-01-26 10:00:00,3.779913663864136,2026-01-26 10:00:00,87163.921875,2026-01-26 10:00:00,,2026-01-26 10:00:00,343.0
2026-01-27 10:00:00,343.0,24.0,2026-01-26 10:00:00,2026-01-26 14:00:00,344.0,,2026-01-21 10:00:00,2026-01-21 14:00:00,274.0,2026-01-26 10:00:00,2026-01-26 14:00:00,327.0,2026-01-26 10:00:00,2026-01-26 14:00:00,355.0,2026-01-26 10:00:00,2026-01-26 14:00:00,343.0,2026-01-26 10:00:00,2026-01-26 14:00:00,370.4034118652344,2026-01-27 10:00:00,218.9696807861328,2026-01-27 10:00:00,3.994173049926758,2026-01-27 10:00:00,93516.921875,2026-01-27 10:00:00,,2026-01-27 10:00:00,345.0
2026-01-28 10:00:00,345.0,24.0,2026-01-27 10:00:00,2026-01-27 14:00:00,344.0,,2026-01-21 10:00:00,2026-01-21 14:00:00,272.0,2026-01-27 10:00:00,2026-01-27 14:00:00,329.0,2026-01-27 10:00:00,2026-01-27 14:00:00,353.0,2026-01-27 10:00:00,2026-01-27 14:00:00,345.0,2026-01-27 10:00:00,2026-01-27 14:00:00,368.1962890625,2026-01-28 10:00:00,218.3584747314453,2026-01-28 10:00:00,3.953665971755981,2026-01-28 10:00:00,88801.359375,2026-01-28 10:00:00,,2026-01-28 10:00:00,342.0
2026-01-29 10:00:00,342.0,24.0,2026-01-28 10:00:00,2026-01-28 14:00:00,343.0,834.5,2026-01-28 10:00:00,2026-01-28 14:00:00,271.0,2026-01-28 10:00:00,2026-01-28 14:00:00,326.0,2026-01-28 10:00:00,2026-01-28 14:00:00,348.0,2026-01-28 10:00:00,2026-01-28 14:00:00,342.0,2026-01-28 10:00:00,2026-01-28 14:00:00,372.6218872070313,2026-01-29 10:00:00,229.4921875,2026-01-29 10:00:00,3.982417106628418,2026-01-29 10:00:00,94509.890625,2026-01-29 10:00:00,53.29489828275871,2026-01-29 10:00:00,354.0
2026-01-30 10:00:00,354.0,24.0,2026-01-29 10:00:00,2026-01-29 14:00:00,345.0,834.5,2026-01-28 10:00:00,2026-01-28 14:00:00,275.0,2026-01-29 10:00:00,2026-01-29 14:00:00,335.0,2026-01-29 10:00:00,2026-01-29 14:00:00,351.0,2026-01-29 10:00:00,2026-01-29 14:00:00,354.0,2026-01-29 10:00:00,2026-01-29 14:00:00,370.4401550292969,2026-01-30 10:00:00,227.0815277099609,2026-01-30 10:00:00,3.9763882160186768,2026-01-30 10:00:00,91304.5546875,2026-01-30 10:00:00,54.111223655278195,2026-01-30 10:00:00,356.0
2026-01-31 10:00:00,356.0,24.0,2026-01-30 10:00:00,2026-01-30 14:00:00,354.0,,2026-01-28 10:00:00,2026-01-28 14:00:00,276.0,2026-01-30 10:00:00,2026-01-30 14:00:00,337.0,2026-01-30 10:00:00,2026-01-30 14:00:00,350.0,2026-01-30 10:00:00,2026-01-30 14:00:00,356.0,2026-01-30 10:00:00,2026-01-30 14:00:00,371.2572021484375,2026-01-31 10:00:00,230.0781707763672,2026-01-31 10:00:00,3.98160719871521,2026-01-31 10:00:00,94118.8125,2026-01-31 10:00:00,,2026-01-31 10:00:00,350.0
2026-02-01 10:00:00,350.0,24.0,2026-01-31 10:00:00,2026-01-31 14:00:00,354.0,,2026-01-28 10:00:00,2026-01-28 14:00:00,274.0,2026-01-31 10:00:00,2026-01-31 14:00:00,334.0,2026-01-31 10:00:00,2026-01-31 14:00:00,358.0,2026-01-31 10:00:00,2026-01-31 14:00:00,350.0,2026-01-31 10:00:00,2026-01-31 14:00:00,374.1226196289063,2026-02-01 10:00:00,232.4708404541016,2026-02-01 10:00:00,3.956463575363159,2026-02-01 10:00:00,98441.6796875,2026-02-01 10:00:00,,2026-02-01 10:00:00,350.0
2026-02-02 10:00:00,350.0,24.0,2026-02-01 10:00:00,2026-02-01 14:00:00,350.0,,2026-01-28 10:00:00,2026-01-28 14:00:00,275.0,2026-02-01 10:00:00,2026-02-01 14:00:00,333.0,2026-02-01 10:00:00,2026-02-01 14:00:00,353.0,2026-02-01 10:00:00,2026-02-01 14:00:00,350.0,2026-02-01 10:00:00,2026-02-01 14:00:00,373.4819641113281,2026-02-02 10:00:00,223.2436370849609,2026-02-02 10:00:00,3.901886463165283,2026-02-02 10:00:00,99022.828125,2026-02-02 10:00:00,,2026-02-02 10:00:00,348.0
2026-02-03 10:00:00,348.0,24.0,2026-02-02 10:00:00,2026-02-02 14:00:00,350.0,835.5,2026-02-02 10:00:00,2026-02-02 14:00:00,273.0,2026-02-02 10:00:00,2026-02-02 14:00:00,330.0,2026-02-02 10:00:00,2026-02-02 14:00:00,352.0,2026-02-02 10:00:00,2026-02-02 14:00:00,348.0,2026-02-02 10:00:00,2026-02-02 14:00:00,374.7059631347656,2026-02-03 10:00:00,234.0773468017578,2026-02-03 10:00:00,3.844485521316528,2026-02-03 10:00:00,98129.7109375,2026-02-03 10:00:00,53.36002445975021,2026-02-03 10:00:00,345.0
2026-02-04 10:00:00,345.0,24.0,2026-02-03 10:00:00,2026-02-03 14:00:00,348.0,835.5,2026-02-02 10:00:00,2026-02-02 14:00:00,275.0,2026-02-03 10:00:00,2026-02-03 14:00:00,331.0,2026-02-03 10:00:00,2026-02-03 14:00:00,351.0,2026-02-03 10:00:00,2026-02-03 14:00:00,345.0,2026-02-03 10:00:00,2026-02-03 14:00:00,369.0806274414063,2026-02-04 10:00:00,237.4329376220703,2026-02-04 10:00:00,3.8747096061706543,2026-02-04 10:00:00,96670.25,2026-02-04 10:00:00,53.76362345527798,2026-02-04 10:00:00,350.0
2026-02-05 10:00:00,350.0,24.0,2026-02-04 10:00:00,2026-02-04 14:00:00,348.0,835.9000244140625,2026-02-04 10:00:00,2026-02-04 14:00:00,276.0,2026-02-04 10:00:00,2026-02-04 14:00:00,333.0,2026-02-04 10:00:00,2026-02-04 14:00:00,353.0,2026-02-04 10:00:00,2026-02-04 14:00:00,350.0,2026-02-04 10:00:00,2026-02-04 14:00:00,373.2256164550781,2026-02-05 10:00:00,238.6600646972656,2026-02-05 10:00:00,3.914201021194458,2026-02-05 10:00:00,96428.109375,2026-02-05 10:00:00,53.82342248620216,2026-02-05 10:00:00,346.0
2026-02-06 10:00:00,346.0,24.0,2026-02-05 10:00:00,2026-02-05 14:00:00,346.0,835.9000244140625,2026-02-04 10:00:00,2026-02-04 14:00:00,276.0,2026-02-05 10:00:00,2026-02-05 14:00:00,331.0,2026-02-05 10:00:00,2026-02-05 14:00:00,350.0,2026-02-05 10:00:00,2026-02-05 14:00:00,346.0,2026-02-05 10:00:00,2026-02-05 14:00:00,362.6612854003906,2026-02-06 10:00:00,193.4659118652344,2026-02-06 10:00:00,3.857428312301636,2026-02-06 10:00:00,80328.03125,2026-02-06 10:00:00,53.82342248620216,2026-02-06 10:00:00,342.0
2026-02-07 10:00:00,342.0,24.0,2026-02-06 10:00:00,2026-02-06 14:00:00,346.0,,2026-02-04 10:00:00,2026-02-04 14:00:00,269.0,2026-02-06 10:00:00,2026-02-06 14:00:00,324.0,2026-02-06 10:00:00,2026-02-06 14:00:00,350.0,2026-02-06 10:00:00,2026-02-06 14:00:00,342.0,2026-02-06 10:00:00,2026-02-06 14:00:00,373.8031311035156,2026-02-07 10:00:00,233.10546875,2026-02-07 10:00:00,3.927789211273194,2026-02-07 10:00:00,94769.8984375,2026-02-07 10:00:00,,2026-02-07 10:00:00,345.0
2026-02-08 10:00:00,345.0,24.0,2026-02-07 10:00:00,2026-02-07 14:00:00,345.0,,2026-02-04 10:00:00,2026-02-04 14:00:00,274.0,2026-02-07 10:00:00,2026-02-07 14:00:00,332.0,2026-02-07 10:00:00,2026-02-07 14:00:00,352.0,2026-02-07 10:00:00,2026-02-07 14:00:00,345.0,2026-02-07 10:00:00,2026-02-07 14:00:00,373.265625,2026-02-08 10:00:00,233.7886505126953,2026-02-08 10:00:00,3.8680033683776855,2026-02-08 10:00:00,95681.1953125,2026-02-08 10:00:00,,2026-02-08 10:00:00,350.0
2026-02-09 10:00:00,350.0,24.0,2026-02-08 10:00:00,2026-02-08 14:00:00,345.0,,2026-02-04 10:00:00,2026-02-04 14:00:00,277.0,2026-02-08 10:00:00,2026-02-08 14:00:00,334.0,2026-02-08 10:00:00,2026-02-08 14:00:00,357.0,2026-02-08 10:00:00,2026-02-08 14:00:00,350.0,2026-02-08 10:00:00,2026-02-08 14:00:00,373.2479248046875,2026-02-09 10:00:00,228.740966796875,2026-02-09 10:00:00,3.832375288009644,2026-02-09 10:00:00,96527.390625,2026-02-09 10:00:00,,2026-02-09 10:00:00,340.0
2026-02-10 10:00:00,340.0,24.0,2026-02-09 10:00:00,2026-02-09 14:00:00,345.0,,2026-02-04 10:00:00,2026-02-04 14:00:00,274.0,2026-02-09 10:00:00,2026-02-09 14:00:00,325.0,2026-02-09 10:00:00,2026-02-09 14:00:00,356.0,2026-02-09 10:00:00,2026-02-09 14:00:00,340.0,2026-02-09 10:00:00,2026-02-09 14:00:00,373.6720581054688,2026-02-10 10:00:00,224.0066833496093,2026-02-10 10:00:00,3.9350745677948,2026-02-10 10:00:00,94852.109375,2026-02-10 10:00:00,,2026-02-10 10:00:00,344.0
2026-02-11 10:00:00,344.0,24.0,2026-02-10 10:00:00,2026-02-10 14:00:00,344.0,,2026-02-04 10:00:00,2026-02-04 14:00:00,272.0,2026-02-10 10:00:00,2026-02-10 14:00:00,328.0,2026-02-10 10:00:00,2026-02-10 14:00:00,355.0,2026-02-10 10:00:00,2026-02-10 14:00:00,344.0,2026-02-10 10:00:00,2026-02-10 14:00:00,374.25823974609375,2026-02-11 10:00:00,228.7037506103516,2026-02-11 10:00:00,3.862282037734986,2026-02-11 10:00:00,93358.921875,2026-02-11 10:00:00,,2026-02-11 10:00:00,354.0
2026-02-12 10:00:00,354.0,24.0,2026-02-11 10:00:00,2026-02-11 14:00:00,344.0,836.0999755859375,2026-02-11 10:00:00,2026-02-11 14:00:00,276.0,2026-02-11 10:00:00,2026-02-11 14:00:00,335.0,2026-02-11 10:00:00,2026-02-11 14:00:00,348.0,2026-02-11 10:00:00,2026-02-11 14:00:00,354.0,2026-02-11 10:00:00,2026-02-11 14:00:00,374.4279174804688,2026-02-12 10:00:00,229.99530029296875,2026-02-12 10:00:00,3.829343318939209,2026-02-12 10:00:00,92846.0546875,2026-02-12 10:00:00,53.75422923920996,2026-02-12 10:00:00,346.0
2026-02-13 10:00:00,346.0,24.0,2026-02-12 10:00:00,2026-02-12 14:00:00,346.0,836.0999755859375,2026-02-11 10:00:00,2026-02-11 14:00:00,274.0,2026-02-12 10:00:00,2026-02-12 14:00:00,331.0,2026-02-12 10:00:00,2026-02-12 14:00:00,357.0,2026-02-12 10:00:00,2026-02-12 14:00:00,346.0,2026-02-12 10:00:00,2026-02-12 14:00:00,370.2255859375,2026-02-13 10:00:00,220.9103240966797,2026-02-13 10:00:00,3.889848709106445,2026-02-13 10:00:00,90267.0703125,2026-02-13 10:00:00,53.355149522284364,2026-02-13 10:00:00,346.0
2026-02-14 10:00:00,346.0,24.0,2026-02-13 10:00:00,2026-02-13 14:00:00,346.0,,2026-02-11 10:00:00,2026-02-11 14:00:00,273.0,2026-02-13 10:00:00,2026-02-13 14:00:00,330.0,2026-02-13 10:00:00,2026-02-13 14:00:00,349.0,2026-02-13 10:00:00,2026-02-13 14:00:00,346.0,2026-02-13 10:00:00,2026-02-13 14:00:00,370.0062255859375,2026-02-14 10:00:00,215.0761566162109,2026-02-14 10:00:00,3.85751748085022,2026-02-14 10:00:00,87639.7734375,2026-02-14 10:00:00,,2026-02-14 10:00:00,346.0
2026-02-15 10:00:00,346.0,24.0,2026-02-14 10:00:00,2026-02-14 14:00:00,346.0,,2026-02-11 10:00:00,2026-02-11 14:00:00,272.0,2026-02-14 10:00:00,2026-02-14 14:00:00,330.0,2026-02-14 10:00:00,2026-02-14 14:00:00,353.0,2026-02-14 10:00:00,2026-02-14 14:00:00,346.0,2026-02-14 10:00:00,2026-02-14 14:00:00,371.9729919433594,2026-02-15 10:00:00,228.1474456787109,2026-02-15 10:00:00,3.887404203414917,2026-02-15 10:00:00,92524.1015625,2026-02-15 10:00:00,,2026-02-15 10:00:00,346.0
2026-02-16 10:00:00,346.0,24.0,2026-02-15 10:00:00,2026-02-15 14:00:00,346.0,,2026-02-11 10:00:00,2026-02-11 14:00:00,271.0,2026-02-15 10:00:00,2026-02-15 14:00:00,330.0,2026-02-15 10:00:00,2026-02-15 14:00:00,352.0,2026-02-15 10:00:00,2026-02-15 14:00:00,346.0,2026-02-15 10:00:00,2026-02-15 14:00:00,371.830078125,2026-02-16 10:00:00,222.82701110839844,2026-02-16 10:00:00,3.8712666034698486,2026-02-16 10:00:00,91126.6484375,2026-02-16 10:00:00,,2026-02-16 10:00:00,345.0
2026-02-17 10:00:00,345.0,24.0,2026-02-16 10:00:00,2026-02-16 14:00:00,346.0,,2026-02-11 10:00:00,2026-02-11 14:00:00,272.0,2026-02-16 10:00:00,2026-02-16 14:00:00,329.0,2026-02-16 10:00:00,2026-02-16 14:00:00,355.0,2026-02-16 10:00:00,2026-02-16 14:00:00,345.0,2026-02-16 10:00:00,2026-02-16 14:00:00,370.9332885742188,2026-02-17 10:00:00,223.98880004882807,2026-02-17 10:00:00,3.987413883209229,2026-02-17 10:00:00,89624.15625,2026-02-17 10:00:00,,2026-02-17 10:00:00,345.0
2026-02-18 10:00:00,345.0,24.0,2026-02-17 10:00:00,2026-02-17 14:00:00,345.0,,2026-02-11 10:00:00,2026-02-11 14:00:00,272.0,2026-02-16 10:00:00,2026-02-16 14:00:00,329.0,2026-02-16 10:00:00,2026-02-16 14:00:00,357.0,2026-02-17 10:00:00,2026-02-17 14:00:00,345.0,2026-02-17 10:00:00,2026-02-17 14:00:00,364.5603942871094,2026-02-18 10:00:00,170.48081970214844,2026-02-18 10:00:00,3.9316794872283936,2026-02-18 10:00:00,84402.078125,2026-02-18 10:00:00,,2026-02-18 10:00:00,350.0
2026-02-19 10:00:00,350.0,24.0,2026-02-18 10:00:00,2026-02-18 14:00:00,345.0,836.0999755859375,2026-02-18 10:00:00,2026-02-18 14:00:00,,2026-02-16 10:00:00,2026-02-16 14:00:00,,2026-02-16 10:00:00,2026-02-16 14:00:00,357.0,2026-02-18 10:00:00,2026-02-18 14:00:00,350.0,2026-02-18 10:00:00,2026-02-18 14:00:00,360.2843933105469,2026-02-19 10:00:00,162.55467224121094,2026-02-19 10:00:00,3.6612045764923096,2026-02-19 10:00:00,82364.3984375,2026-02-19 10:00:00,,2026-02-19 10:00:00,356.0
2026-02-20 10:00:00,356.0,24.0,2026-02-19 10:00:00,2026-02-19 14:00:00,350.0,836.0999755859375,2026-02-18 10:00:00,2026-02-18 14:00:00,,2026-02-16 10:00:00,2026-02-16 14:00:00,,2026-02-16 10:00:00,2026-02-16 14:00:00,357.0,2026-02-19 10:00:00,2026-02-19 14:00:00,356.0,2026-02-19 10:00:00,2026-02-19 14:00:00,360.0419921875,2026-02-20 10:00:00,176.50830078125,2026-02-20 10:00:00,3.907397747039795,2026-02-20 10:00:00,82246.3515625,2026-02-20 10:00:00,,2026-02-20 10:00:00,336.0
2026-02-21 10:00:00,336.0,24.0,2026-02-20 10:00:00,2026-02-20 14:00:00,350.0,835.7000122070312,2026-02-20 10:00:00,2026-02-20 14:00:00,,2026-02-16 10:00:00,2026-02-16 14:00:00,,2026-02-16 10:00:00,2026-02-16 14:00:00,351.0,2026-02-20 10:00:00,2026-02-20 14:00:00,336.0,2026-02-20 10:00:00,2026-02-20 14:00:00,360.1026611328125,2026-02-21 10:00:00,176.3334503173828,2026-02-21 10:00:00,3.908597707748413,2026-02-21 10:00:00,82182.7578125,2026-02-21 10:00:00,,2026-02-21 10:00:00,340.0
2026-02-22 10:00:00,340.0,24.0,2026-02-21 10:00:00,2026-02-21 14:00:00,340.0,835.7000122070312,2026-02-20 10:00:00,2026-02-20 14:00:00,,2026-02-16 10:00:00,2026-02-16 14:00:00,,2026-02-16 10:00:00,2026-02-16 14:00:00,351.0,2026-02-20 10:00:00,2026-02-20 14:00:00,340.0,2026-02-21 10:00:00,2026-02-21 14:00:00,374.2253723144531,2026-02-22 10:00:00,211.261947631836,2026-02-22 10:00:00,3.946678638458252,2026-02-22 10:00:00,84056.2578125,2026-02-22 10:00:00,,2026-02-22 10:00:00,344.0
2026-02-23 10:00:00,344.0,24.0,2026-02-22 10:00:00,2026-02-22 14:00:00,340.0,,2026-02-20 10:00:00,2026-02-20 14:00:00,,2026-02-16 10:00:00,2026-02-16 14:00:00,,2026-02-16 10:00:00,2026-02-16 14:00:00,354.0,2026-02-22 10:00:00,2026-02-22 14:00:00,344.0,2026-02-22 10:00:00,2026-02-22 14:00:00,378.7539978027344,2026-02-23 10:00:00,245.5671844482422,2026-02-23 10:00:00,3.832332611083984,2026-02-23 10:00:00,97145.90625,2026-02-23 10:00:00,,2026-02-23 10:00:00,350.0
2026-02-24 10:00:00,350.0,24.0,2026-02-23 10:00:00,2026-02-23 14:00:00,344.0,,2026-02-20 10:00:00,2026-02-20 14:00:00,,2026-02-16 10:00:00,2026-02-16 14:00:00,,2026-02-16 10:00:00,2026-02-16 14:00:00,355.0,2026-02-23 10:00:00,2026-02-23 14:00:00,350.0,2026-02-23 10:00:00,2026-02-23 14:00:00,379.5062255859375,2026-02-24 10:00:00,240.9430084228516,2026-02-24 10:00:00,3.9500136375427246,2026-02-24 10:00:00,98001.6171875,2026-02-24 10:00:00,,2026-02-24 10:00:00,350.0
2026-02-25 10:00:00,350.0,24.0,2026-02-24 10:00:00,2026-02-24 14:00:00,350.0,836.7999877929688,2026-02-24 10:00:00,2026-02-24 14:00:00,,2026-02-16 10:00:00,2026-02-16 14:00:00,,2026-02-16 10:00:00,2026-02-16 14:00:00,360.0,2026-02-24 10:00:00,2026-02-24 14:00:00,350.0,2026-02-24 10:00:00,2026-02-24 14:00:00,374.560302734375,2026-02-25 10:00:00,236.955810546875,2026-02-25 10:00:00,3.8915412425994873,2026-02-25 10:00:00,94275.1796875,2026-02-25 10:00:00,,2026-02-25 10:00:00,350.0
2026-02-26 10:00:00,350.0,24.0,2026-02-25 10:00:00,2026-02-25 14:00:00,350.0,836.2999877929688,2026-02-25 10:00:00,2026-02-25 14:00:00,,2026-02-16 10:00:00,2026-02-16 14:00:00,,2026-02-16 10:00:00,2026-02-16 14:00:00,350.0,2026-02-25 10:00:00,2026-02-25 14:00:00,350.0,2026-02-25 10:00:00,2026-02-25 14:00:00,373.7123107910156,2026-02-26 10:00:00,233.6423492431641,2026-02-26 10:00:00,3.9826982021331774,2026-02-26 10:00:00,93035.484375,2026-02-26 10:00:00,,2026-02-26 10:00:00,343.0
2026-02-27 10:00:00,343.0,24.0,2026-02-26 10:00:00,2026-02-26 14:00:00,350.0,836.5999755859375,2026-02-26 10:00:00,2026-02-26 14:00:00,,2026-02-16 10:00:00,2026-02-16 14:00:00,,2026-02-16 10:00:00,2026-02-16 14:00:00,347.0,2026-02-26 10:00:00,2026-02-26 14:00:00,343.0,2026-02-26 10:00:00,2026-02-26 14:00:00,376.114990234375,2026-02-27 10:00:00,222.8773803710937,2026-02-27 10:00:00,3.910162925720215,2026-02-27 10:00:00,88970.4921875,2026-02-27 10:00:00,,2026-02-27 10:00:00,345.0
2026-02-28 10:00:00,345.0,24.0,2026-02-27 10:00:00,2026-02-27 14:00:00,345.0,837.9000244140625,2026-02-27 10:00:00,2026-02-27 14:00:00,,2026-02-16 10:00:00,2026-02-16 14:00:00,,2026-02-16 10:00:00,2026-02-16 14:00:00,352.0,2026-02-27 10:00:00,2026-02-27 14:00:00,345.0,2026-02-27 10:00:00,2026-02-27 14:00:00,376.2402648925781,2026-02-28 10:00:00,225.47959899902344,2026-02-28 10:00:00,3.9057962894439697,2026-02-28 10:00:00,90354.125,2026-02-28 10:00:00,,2026-02-28 10:00:00,350.0
2026-03-01 10:00:00,350.0,24.0,2026-02-28 10:00:00,2026-02-28 14:00:00,345.0,837.5,2026-02-28 10:00:00,2026-02-28 14:00:00,,2026-02-16 10:00:00,2026-02-16 14:00:00,,2026-02-16 10:00:00,2026-02-16 14:00:00,352.0,2026-02-28 10:00:00,2026-02-28 14:00:00,350.0,2026-02-28 10:00:00,2026-02-28 14:00:00,373.6082153320313,2026-03-01 10:00:00,241.3221435546875,2026-03-01 10:00:00,3.894619464874268,2026-03-01 10:00:00,96904.765625,2026-03-01 10:00:00,,2026-03-01 10:00:00,348.0
2026-03-02 10:00:00,348.0,24.0,2026-03-01 10:00:00,2026-03-01 14:00:00,348.0,836.2000122070312,2026-03-01 10:00:00,2026-03-01 14:00:00,,2026-02-16 10:00:00,2026-02-16 14:00:00,,2026-02-16 10:00:00,2026-02-16 14:00:00,350.0,2026-03-01 10:00:00,2026-03-01 14:00:00,348.0,2026-03-01 10:00:00,2026-03-01 14:00:00,367.3695983886719,2026-03-02 10:00:00,175.1090545654297,2026-03-02 10:00:00,3.303674936294556,2026-03-02 10:00:00,81221.1484375,2026-03-02 10:00:00,,2026-03-02 10:00:00,342.0
2026-03-03 10:00:00,342.0,24.0,2026-03-02 10:00:00,2026-03-02 14:00:00,348.0,836.2000122070312,2026-03-01 10:00:00,2026-03-01 14:00:00,,2026-02-16 10:00:00,2026-02-16 14:00:00,,2026-02-16 10:00:00,2026-02-16 14:00:00,345.0,2026-03-02 10:00:00,2026-03-02 14:00:00,342.0,2026-03-02 10:00:00,2026-03-02 14:00:00,372.8385009765625,2026-03-03 10:00:00,197.5830993652344,2026-03-03 10:00:00,3.672344446182251,2026-03-03 10:00:00,85425.390625,2026-03-03 10:00:00,,2026-03-03 10:00:00,346.0
2026-03-05 10:00:00,346.0,48.0,2026-03-03 10:00:00,2026-03-03 14:00:00,346.0,837.5999755859375,2026-03-03 10:00:00,2026-03-03 14:00:00,,2026-02-16 10:00:00,2026-02-16 14:00:00,,2026-02-16 10:00:00,2026-02-16 14:00:00,352.0,2026-03-03 10:00:00,2026-03-03 14:00:00,346.0,2026-03-03 10:00:00,2026-03-03 14:00:00,377.28070068359375,2026-03-05 10:00:00,206.84909057617188,2026-03-05 10:00:00,3.789355993270874,2026-03-05 10:00:00,92165.890625,2026-03-05 10:00:00,,2026-03-05 10:00:00,350.0
2026-03-06 10:00:00,350.0,24.0,2026-03-05 10:00:00,2026-03-05 14:00:00,346.0,836.9000244140625,2026-03-05 10:00:00,2026-03-05 14:00:00,,2026-02-16 10:00:00,2026-02-16 14:00:00,,2026-02-16 10:00:00,2026-02-16 14:00:00,350.0,2026-03-05 10:00:00,2026-03-05 14:00:00,350.0,2026-03-05 10:00:00,2026-03-05 14:00:00,376.1197814941406,2026-03-06 10:00:00,225.1238555908203,2026-03-06 10:00:00,3.990235567092896,2026-03-06 10:00:00,89048.46875,2026-03-06 10:00:00,,2026-03-06 10:00:00,354.0
2026-03-07 10:00:00,354.0,24.0,2026-03-06 10:00:00,2026-03-06 14:00:00,350.0,837.0999755859375,2026-03-06 10:00:00,2026-03-06 14:00:00,,2026-02-16 10:00:00,2026-02-16 14:00:00,,2026-02-16 10:00:00,2026-02-16 14:00:00,357.0,2026-03-06 10:00:00,2026-03-06 14:00:00,354.0,2026-03-06 10:00:00,2026-03-06 14:00:00,376.5917663574219,2026-03-07 10:00:00,226.6655731201172,2026-03-07 10:00:00,3.9680776596069336,2026-03-07 10:00:00,93875.0234375,2026-03-07 10:00:00,,2026-03-07 10:00:00,345.0
2026-03-08 10:00:00,345.0,24.0,2026-03-07 10:00:00,2026-03-07 14:00:00,350.0,836.0,2026-03-07 10:00:00,2026-03-07 14:00:00,,2026-02-16 10:00:00,2026-02-16 14:00:00,,2026-02-16 10:00:00,2026-02-16 14:00:00,350.0,2026-03-07 10:00:00,2026-03-07 14:00:00,345.0,2026-03-07 10:00:00,2026-03-07 14:00:00,374.02191162109375,2026-03-08 10:00:00,235.5736389160156,2026-03-08 10:00:00,3.829649209976196,2026-03-08 10:00:00,93738.8828125,2026-03-08 10:00:00,,2026-03-08 10:00:00,346.0
2026-03-09 10:00:00,346.0,24.0,2026-03-08 10:00:00,2026-03-08 14:00:00,346.0,835.2999877929688,2026-03-08 10:00:00,2026-03-08 14:00:00,,2026-02-16 10:00:00,2026-02-16 14:00:00,,2026-02-16 10:00:00,2026-02-16 14:00:00,349.0,2026-03-08 10:00:00,2026-03-08 14:00:00,346.0,2026-03-08 10:00:00,2026-03-08 14:00:00,376.0820007324219,2026-03-09 10:00:00,240.2827911376953,2026-03-09 10:00:00,3.979065418243408,2026-03-09 10:00:00,95688.59375,2026-03-09 10:00:00,,2026-03-09 10:00:00,337.0
2026-03-10 10:00:00,337.0,24.0,2026-03-09 10:00:00,2026-03-09 14:00:00,345.0,834.7000122070312,2026-03-09 10:00:00,2026-03-09 14:00:00,,2026-02-16 10:00:00,2026-02-16 14:00:00,,2026-02-16 10:00:00,2026-02-16 14:00:00,346.0,2026-03-09 10:00:00,2026-03-09 14:00:00,337.0,2026-03-09 10:00:00,2026-03-09 14:00:00,378.4837341308594,2026-03-10 10:00:00,240.025390625,2026-03-10 10:00:00,3.894297361373901,2026-03-10 10:00:00,97390.5546875,2026-03-10 10:00:00,,2026-03-10 10:00:00,347.0
2026-03-11 10:00:00,347.0,24.0,2026-03-10 10:00:00,2026-03-10 14:00:00,346.0,836.5999755859375,2026-03-10 10:00:00,2026-03-10 14:00:00,,2026-02-16 10:00:00,2026-02-16 14:00:00,,2026-02-16 10:00:00,2026-02-16 14:00:00,350.0,2026-03-10 10:00:00,2026-03-10 14:00:00,347.0,2026-03-10 10:00:00,2026-03-10 14:00:00,374.8334045410156,2026-03-11 10:00:00,231.45751953125,2026-03-11 10:00:00,3.896155595779419,2026-03-11 10:00:00,94889.5859375,2026-03-11 10:00:00,,2026-03-11 10:00:00,342.0
2026-03-12 10:00:00,342.0,24.0,2026-03-11 10:00:00,2026-03-11 14:00:00,342.0,832.4000244140625,2026-03-11 14:30:00,2026-03-11 18:30:00,,2026-02-16 10:00:00,2026-02-16 14:00:00,,2026-02-16 10:00:00,2026-02-16 14:00:00,351.0,2026-03-11 10:00:00,2026-03-11 14:00:00,342.0,2026-03-11 10:00:00,2026-03-11 14:00:00,373.9651184082031,2026-03-12 10:00:00,247.2201690673828,2026-03-12 10:00:00,3.793580055236816,2026-03-12 10:00:00,94837.84375,2026-03-12 10:00:00,,2026-03-12 10:00:00,354.0
2026-03-13 10:00:00,354.0,24.0,2026-03-12 10:00:00,2026-03-12 14:00:00,347.0,834.5,2026-03-12 10:00:00,2026-03-12 14:00:00,,2026-02-16 10:00:00,2026-02-16 14:00:00,,2026-02-16 10:00:00,2026-02-16 14:00:00,353.0,2026-03-12 10:00:00,2026-03-12 14:00:00,354.0,2026-03-12 10:00:00,2026-03-12 14:00:00,372.9814758300781,2026-03-13 10:00:00,231.96661376953125,2026-03-13 10:00:00,3.9555647373199454,2026-03-13 10:00:00,90401.265625,2026-03-13 10:00:00,,2026-03-13 10:00:00,348.0
2026-03-14 10:00:00,348.0,24.0,2026-03-13 10:00:00,2026-03-13 14:00:00,348.0,835.0999755859375,2026-03-13 10:00:00,2026-03-13 14:00:00,,2026-02-16 10:00:00,2026-02-16 14:00:00,,2026-02-16 10:00:00,2026-02-16 14:00:00,353.0,2026-03-13 10:00:00,2026-03-13 14:00:00,348.0,2026-03-13 10:00:00,2026-03-13 14:00:00,378.142333984375,2026-03-14 10:00:00,247.31365966796875,2026-03-14 10:00:00,4.003778457641602,2026-03-14 10:00:00,97220.65625,2026-03-14 10:00:00,,2026-03-14 10:00:00,353.0
2026-03-15 10:00:00,353.0,24.0,2026-03-14 10:00:00,2026-03-14 14:00:00,353.0,835.0999755859375,2026-03-13 10:00:00,2026-03-13 14:00:00,,2026-02-16 10:00:00,2026-02-16 14:00:00,,2026-02-16 10:00:00,2026-02-16 14:00:00,362.0,2026-03-14 10:00:00,2026-03-14 14:00:00,353.0,2026-03-14 10:00:00,2026-03-14 14:00:00,378.7190551757813,2026-03-15 10:00:00,246.89923095703125,2026-03-15 10:00:00,3.959822177886963,2026-03-15 10:00:00,96632.4765625,2026-03-15 10:00:00,,2026-03-15 10:00:00,345.0
2026-03-16 10:00:00,345.0,24.0,2026-03-15 10:00:00,2026-03-15 14:00:00,348.0,,2026-03-13 10:00:00,2026-03-13 14:00:00,,2026-02-16 10:00:00,2026-02-16 14:00:00,,2026-02-16 10:00:00,2026-02-16 14:00:00,356.0,2026-03-15 10:00:00,2026-03-15 14:00:00,345.0,2026-03-15 10:00:00,2026-03-15 14:00:00,378.3896179199219,2026-03-16 10:00:00,225.8077392578125,2026-03-16 10:00:00,3.898773670196533,2026-03-16 10:00:00,90539.09375,2026-03-16 10:00:00,,2026-03-16 10:00:00,350.0
2026-03-17 10:00:00,350.0,24.0,2026-03-16 10:00:00,2026-03-16 14:00:00,350.0,834.9000244140625,2026-03-16 10:00:00,2026-03-16 14:00:00,,2026-02-16 10:00:00,2026-02-16 14:00:00,,2026-02-16 10:00:00,2026-02-16 14:00:00,351.0,2026-03-16 10:00:00,2026-03-16 14:00:00,350.0,2026-03-16 10:00:00,2026-03-16 14:00:00,371.5402526855469,2026-03-17 10:00:00,214.69235229492188,2026-03-17 10:00:00,3.883927345275879,2026-03-17 10:00:00,84974.7578125,2026-03-17 10:00:00,,2026-03-17 10:00:00,348.0
2026-03-18 10:00:00,348.0,24.0,2026-03-17 10:00:00,2026-03-17 14:00:00,348.0,836.5,2026-03-17 10:00:00,2026-03-17 14:00:00,,2026-02-16 10:00:00,2026-02-16 14:00:00,,2026-02-16 10:00:00,2026-02-16 14:00:00,358.0,2026-03-17 10:00:00,2026-03-17 14:00:00,348.0,2026-03-17 10:00:00,2026-03-17 14:00:00,376.7992858886719,2026-03-18 10:00:00,211.3723907470703,2026-03-18 10:00:00,3.950256586074829,2026-03-18 10:00:00,83409.03125,2026-03-18 10:00:00,,2026-03-18 10:00:00,354.0
2026-03-19 10:00:00,354.0,24.0,2026-03-18 10:00:00,2026-03-18 14:00:00,350.0,836.0999755859375,2026-03-18 10:00:00,2026-03-18 14:00:00,,2026-02-16 10:00:00,2026-02-16 14:00:00,,2026-02-16 10:00:00,2026-02-16 14:00:00,345.0,2026-03-18 10:00:00,2026-03-18 14:00:00,354.0,2026-03-18 10:00:00,2026-03-18 14:00:00,373.5564270019531,2026-03-19 10:00:00,212.67117309570312,2026-03-19 10:00:00,3.933425664901733,2026-03-19 10:00:00,85445.546875,2026-03-19 10:00:00,,2026-03-19 10:00:00,347.0
2026-03-20 10:00:00,347.0,24.0,2026-03-19 10:00:00,2026-03-19 14:00:00,348.0,835.5,2026-03-19 10:00:00,2026-03-19 14:00:00,,2026-02-16 10:00:00,2026-02-16 14:00:00,,2026-02-16 10:00:00,2026-02-16 14:00:00,354.0,2026-03-19 10:00:00,2026-03-19 14:00:00,347.0,2026-03-19 10:00:00,2026-03-19 14:00:00,375.5801696777344,2026-03-20 10:00:00,206.2041473388672,2026-03-20 10:00:00,3.950608253479004,2026-03-20 10:00:00,81650.71875,2026-03-20 10:00:00,,2026-03-20 10:00:00,352.0
2026-03-21 10:00:00,352.0,24.0,2026-03-20 10:00:00,2026-03-20 14:00:00,352.0,836.2000122070312,2026-03-20 10:00:00,2026-03-20 14:00:00,,2026-02-16 10:00:00,2026-02-16 14:00:00,,2026-02-16 10:00:00,2026-02-16 14:00:00,358.0,2026-03-20 10:00:00,2026-03-20 14:00:00,352.0,2026-03-20 10:00:00,2026-03-20 14:00:00,377.2192077636719,2026-03-21 10:00:00,205.84315490722656,2026-03-21 10:00:00,3.967923879623413,2026-03-21 10:00:00,80896.09375,2026-03-21 10:00:00,,2026-03-21 10:00:00,350.0
2026-03-22 10:00:00,350.0,24.0,2026-03-21 10:00:00,2026-03-21 14:00:00,350.0,835.7999877929688,2026-03-21 10:00:00,2026-03-21 14:00:00,,2026-02-16 10:00:00,2026-02-16 14:00:00,,2026-02-16 10:00:00,2026-02-16 14:00:00,360.0,2026-03-21 10:00:00,2026-03-21 14:00:00,350.0,2026-03-21 10:00:00,2026-03-21 14:00:00,375.4830017089844,2026-03-22 10:00:00,209.25254821777344,2026-03-22 10:00:00,3.932607889175415,2026-03-22 10:00:00,82856.6328125,2026-03-22 10:00:00,,2026-03-22 10:00:00,350.0
2026-03-23 10:00:00,350.0,24.0,2026-03-22 10:00:00,2026-03-22 14:00:00,350.0,835.7999877929688,2026-03-21 10:00:00,2026-03-21 14:00:00,,2026-02-16 10:00:00,2026-02-16 14:00:00,,2026-02-16 10:00:00,2026-02-16 14:00:00,363.0,2026-03-22 10:00:00,2026-03-22 14:00:00,350.0,2026-03-22 10:00:00,2026-03-22 14:00:00,372.59954833984375,2026-03-23 10:00:00,197.24122619628903,2026-03-23 10:00:00,3.901899814605713,2026-03-23 10:00:00,81414.265625,2026-03-23 10:00:00,,2026-03-23 10:00:00,353.0
2026-03-23 22:00:00,353.0,12.0,2026-03-23 10:00:00,2026-03-23 14:00:00,350.0,837.7999877929688,2026-03-23 10:00:00,2026-03-23 14:00:00,,2026-02-16 10:00:00,2026-02-16 14:00:00,,2026-02-16 10:00:00,2026-02-16 14:00:00,358.0,2026-03-23 10:00:00,2026-03-23 14:00:00,353.0,2026-03-23 10:00:00,2026-03-23 14:00:00,374.3329162597656,2026-03-23 22:00:00,184.43133544921875,2026-03-23 22:00:00,3.959471702575684,2026-03-23 22:00:00,82222.46875,2026-03-23 22:00:00,,2026-03-23 22:00:00,353.0
2026-03-24 10:00:00,353.0,12.0,2026-03-23 22:00:00,2026-03-24 02:00:00,353.0,837.7999877929688,2026-03-23 10:00:00,2026-03-23 14:00:00,,2026-02-16 10:00:00,2026-02-16 14:00:00,,2026-02-16 10:00:00,2026-02-16 14:00:00,358.0,2026-03-23 10:00:00,2026-03-23 14:00:00,353.0,2026-03-23 22:00:00,2026-03-24 02:00:00,373.9033203125,2026-03-24 10:00:00,187.43572998046875,2026-03-24 10:00:00,3.965628862380981,2026-03-24 10:00:00,83640.75,2026-03-24 10:00:00,,2026-03-24 10:00:00,350.0
2026-03-25 10:00:00,350.0,24.0,2026-03-24 10:00:00,2026-03-24 14:00:00,353.0,837.2000122070312,2026-03-24 10:00:00,2026-03-24 14:00:00,,2026-02-16 10:00:00,2026-02-16 14:00:00,,2026-02-16 10:00:00,2026-02-16 14:00:00,359.0,2026-03-24 10:00:00,2026-03-24 14:00:00,350.0,2026-03-24 10:00:00,2026-03-24 14:00:00,369.3761291503906,2026-03-25 10:00:00,187.6708984375,2026-03-25 10:00:00,3.945609331130981,2026-03-25 10:00:00,82147.234375,2026-03-25 10:00:00,,2026-03-25 10:00:00,350.0
2026-03-26 10:00:00,350.0,24.0,2026-03-25 10:00:00,2026-03-25 14:00:00,350.0,837.0,2026-03-25 10:00:00,2026-03-25 14:00:00,,2026-02-16 10:00:00,2026-02-16 14:00:00,,2026-02-16 10:00:00,2026-02-16 14:00:00,355.0,2026-03-25 10:00:00,2026-03-25 14:00:00,350.0,2026-03-25 10:00:00,2026-03-25 14:00:00,371.2338562011719,2026-03-26 10:00:00,178.6848907470703,2026-03-26 10:00:00,3.924370050430298,2026-03-26 10:00:00,82993.015625,2026-03-26 10:00:00,,2026-03-26 10:00:00,353.0
2026-03-27 10:00:00,353.0,24.0,2026-03-26 10:00:00,2026-03-26 14:00:00,350.0,837.2999877929688,2026-03-26 10:00:00,2026-03-26 14:00:00,,2026-02-16 10:00:00,2026-02-16 14:00:00,,2026-02-16 10:00:00,2026-02-16 14:00:00,364.0,2026-03-26 10:00:00,2026-03-26 14:00:00,353.0,2026-03-26 10:00:00,2026-03-26 14:00:00,373.3335266113281,2026-03-27 10:00:00,202.3866424560547,2026-03-27 10:00:00,3.949645757675171,2026-03-27 10:00:00,80480.9453125,2026-03-27 10:00:00,,2026-03-27 10:00:00,351.0
2026-03-28 10:00:00,351.0,24.0,2026-03-27 10:00:00,2026-03-27 14:00:00,351.0,836.5,2026-03-27 10:00:00,2026-03-27 14:00:00,,2026-02-16 10:00:00,2026-02-16 14:00:00,,2026-02-16 10:00:00,2026-02-16 14:00:00,354.0,2026-03-27 10:00:00,2026-03-27 14:00:00,351.0,2026-03-27 10:00:00,2026-03-27 14:00:00,375.4593811035156,2026-03-28 10:00:00,198.2901153564453,2026-03-28 10:00:00,3.933717966079712,2026-03-28 10:00:00,81615.828125,2026-03-28 10:00:00,,2026-03-28 10:00:00,347.0
2026-03-29 10:00:00,347.0,24.0,2026-03-28 10:00:00,2026-03-28 14:00:00,351.0,836.2000122070312,2026-03-28 10:00:00,2026-03-28 14:00:00,272.0,2026-03-28 10:00:00,2026-03-28 14:00:00,333.0,2026-03-28 10:00:00,2026-03-28 14:00:00,359.0,2026-03-28 10:00:00,2026-03-28 14:00:00,347.0,2026-03-28 10:00:00,2026-03-28 14:00:00,378.3610229492188,2026-03-29 10:00:00,202.9054718017578,2026-03-29 10:00:00,3.9647867679595934,2026-03-29 10:00:00,83295.703125,2026-03-29 10:00:00,52.91240724472584,2026-03-29 10:00:00,350.0
2026-03-30 01:47:34,350.0,15.792777777777777,2026-03-29 10:00:00,2026-03-29 14:00:00,350.0,836.2000122070312,2026-03-29 10:00:00,2026-03-29 14:00:00,273.0,2026-03-29 10:00:00,2026-03-29 14:00:00,337.0,2026-03-29 10:00:00,2026-03-29 14:00:00,357.0,2026-03-29 10:00:00,2026-03-29 14:00:00,350.0,2026-03-29 10:00:00,2026-03-29 14:00:00,377.7862243652344,2026-03-30 01:40:00,209.2718811035156,2026-03-30 01:40:00,3.910087823867798,2026-03-30 01:40:00,83834.8359375,2026-03-30 01:40:00,53.11762203988121,2026-03-30 01:47:34,356.0
2026-03-30 10:00:00,356.0,8.207222222222223,2026-03-30 01:47:34,2026-03-30 05:47:34,350.0,836.2000122070312,2026-03-29 10:00:00,2026-03-29 14:00:00,274.0,2026-03-30 01:47:34,2026-03-30 05:47:34,340.0,2026-03-30 01:47:34,2026-03-30 05:47:34,357.0,2026-03-29 10:00:00,2026-03-29 14:00:00,356.0,2026-03-30 01:47:34,2026-03-30 05:47:34,376.1325378417969,2026-03-30 10:00:00,196.728515625,2026-03-30 10:00:00,3.965083599090576,2026-03-30 10:00:00,82441.0234375,2026-03-30 10:00:00,53.32055502729395,2026-03-30 10:00:00,353.0
2026-03-31 10:00:00,353.0,24.0,2026-03-30 10:00:00,2026-03-30 14:00:00,353.0,837.0,2026-03-30 10:00:00,2026-03-30 14:00:00,272.0,2026-03-30 10:00:00,2026-03-30 14:00:00,334.0,2026-03-30 10:00:00,2026-03-30 14:00:00,363.0,2026-03-30 10:00:00,2026-03-30 14:00:00,353.0,2026-03-30 10:00:00,2026-03-30 14:00:00,374.2753601074219,2026-03-31 10:00:00,198.34263610839844,2026-03-31 10:00:00,3.9598991870880127,2026-03-31 10:00:00,81321.6640625,2026-03-31 10:00:00,52.63631463959473,2026-03-31 10:00:00,342.0
2026-04-01 10:00:00,342.0,24.0,2026-03-31 10:00:00,2026-03-31 14:00:00,353.0,836.2999877929688,2026-03-31 10:00:00,2026-03-31 14:00:00,270.0,2026-03-31 10:00:00,2026-03-31 14:00:00,330.0,2026-03-31 10:00:00,2026-03-31 14:00:00,362.0,2026-03-31 10:00:00,2026-03-31 14:00:00,342.0,2026-03-31 10:00:00,2026-03-31 14:00:00,374.34088134765625,2026-04-01 10:00:00,208.66636657714844,2026-04-01 10:00:00,3.8738059997558594,2026-04-01 10:00:00,83421.609375,2026-04-01 10:00:00,52.460514266911105,2026-04-01 10:00:00,353.0
2026-04-02 10:00:00,353.0,24.0,2026-04-01 10:00:00,2026-04-01 14:00:00,353.0,836.5999755859375,2026-04-01 10:00:00,2026-04-01 14:00:00,271.0,2026-04-01 10:00:00,2026-04-01 14:00:00,335.0,2026-04-01 10:00:00,2026-04-01 14:00:00,358.0,2026-04-01 10:00:00,2026-04-01 14:00:00,353.0,2026-04-01 10:00:00,2026-04-01 14:00:00,377.5403137207031,2026-04-02 10:00:00,194.2360382080078,2026-04-02 10:00:00,3.956466197967529,2026-04-02 10:00:00,86209.5546875,2026-04-02 10:00:00,52.56673593796563,2026-04-02 10:00:00,352.0
2026-04-03 10:00:00,352.0,24.0,2026-04-02 10:00:00,2026-04-02 14:00:00,352.0,836.7999877929688,2026-04-02 10:00:00,2026-04-02 14:00:00,272.0,2026-04-02 10:00:00,2026-04-02 14:00:00,336.0,2026-04-02 10:00:00,2026-04-02 14:00:00,360.0,2026-04-02 10:00:00,2026-04-02 14:00:00,352.0,2026-04-02 10:00:00,2026-04-02 14:00:00,376.9661254882813,2026-04-03 10:00:00,208.72959899902344,2026-04-03 10:00:00,3.974803686141968,2026-04-03 10:00:00,83004.5078125,2026-04-03 10:00:00,52.70525008631523,2026-04-03 10:00:00,356.0
2026-04-04 10:00:00,356.0,24.0,2026-04-03 10:00:00,2026-04-03 14:00:00,353.0,836.7999877929688,2026-04-02 10:00:00,2026-04-02 14:00:00,272.0,2026-04-03 10:00:00,2026-04-03 14:00:00,340.0,2026-04-03 10:00:00,2026-04-03 14:00:00,364.0,2026-04-03 10:00:00,2026-04-03 14:00:00,356.0,2026-04-03 10:00:00,2026-04-03 14:00:00,378.326416015625,2026-04-04 10:00:00,205.6849060058593,2026-04-04 10:00:00,3.923305749893189,2026-04-04 10:00:00,83517.6640625,2026-04-04 10:00:00,52.70525008631523,2026-04-04 10:00:00,360.0
2026-04-05 10:00:00,360.0,24.0,2026-04-04 10:00:00,2026-04-04 14:00:00,356.0,836.5,2026-04-04 10:00:00,2026-04-04 14:00:00,273.0,2026-04-04 10:00:00,2026-04-04 14:00:00,342.0,2026-04-04 10:00:00,2026-04-04 14:00:00,362.0,2026-04-04 10:00:00,2026-04-04 14:00:00,360.0,2026-04-04 10:00:00,2026-04-04 14:00:00,380.5140686035156,2026-04-05 10:00:00,212.0705108642578,2026-04-05 10:00:00,3.972516536712648,2026-04-05 10:00:00,83860.8046875,2026-04-05 10:00:00,53.01397373975021,2026-04-05 10:00:00,361.0
2026-04-06 10:00:00,361.0,24.0,2026-04-05 10:00:00,2026-04-05 14:00:00,360.0,837.2000122070312,2026-04-05 10:00:00,2026-04-05 14:00:00,275.0,2026-04-05 10:00:00,2026-04-05 14:00:00,343.0,2026-04-05 10:00:00,2026-04-05 14:00:00,370.0,2026-04-05 10:00:00,2026-04-05 14:00:00,361.0,2026-04-05 10:00:00,2026-04-05 14:00:00,381.33343505859375,2026-04-06 10:00:00,210.6580352783203,2026-04-06 10:00:00,3.871028661727905,2026-04-06 10:00:00,85844.1015625,2026-04-06 10:00:00,53.17625497032384,2026-04-06 10:00:00,354.0
2026-04-06 14:00:33,354.0,4.009166666666666,2026-04-06 10:00:00,2026-04-06 14:00:00,360.0,837.2000122070312,2026-04-06 10:00:00,2026-04-06 14:00:00,272.0,2026-04-06 10:00:00,2026-04-06 14:00:00,338.0,2026-04-06 10:00:00,2026-04-06 14:00:00,364.0,2026-04-06 10:00:00,2026-04-06 14:00:00,354.0,2026-04-06 10:00:00,2026-04-06 14:00:00,382.1292419433594,2026-04-06 14:00:00,213.5393981933593,2026-04-06 14:00:00,3.949147939682007,2026-04-06 14:00:00,87821.7890625,2026-04-06 14:00:00,52.56744117964058,2026-04-06 14:00:33,354.0
2026-04-07 10:00:00,354.0,19.990833333333335,2026-04-06 14:00:33,2026-04-06 18:00:33,354.0,837.2000122070312,2026-04-06 10:00:00,2026-04-06 14:00:00,272.0,2026-04-06 14:00:33,2026-04-06 18:00:33,338.0,2026-04-06 14:00:33,2026-04-06 18:00:33,364.0,2026-04-06 10:00:00,2026-04-06 14:00:00,354.0,2026-04-06 14:00:33,2026-04-06 18:00:33,380.9549255371094,2026-04-07 10:00:00,214.6044158935547,2026-04-07 10:00:00,3.958573818206787,2026-04-07 10:00:00,88113.3984375,2026-04-07 10:00:00,52.56744117964058,2026-04-07 10:00:00,358.0
2026-04-08 10:00:00,358.0,24.0,2026-04-07 10:00:00,2026-04-07 14:00:00,354.0,838.2999877929688,2026-04-07 10:00:00,2026-04-07 14:00:00,272.0,2026-04-07 10:00:00,2026-04-07 14:00:00,340.0,2026-04-07 10:00:00,2026-04-07 14:00:00,370.0,2026-04-07 10:00:00,2026-04-07 14:00:00,358.0,2026-04-07 10:00:00,2026-04-07 14:00:00,376.6468811035156,2026-04-08 10:00:00,224.58485412597656,2026-04-08 10:00:00,3.864478826522827,2026-04-08 10:00:00,94335.3359375,2026-04-08 10:00:00,52.189776518943404,2026-04-08 10:00:00,346.0
2026-04-09 10:00:00,346.0,24.0,2026-04-08 10:00:00,2026-04-08 14:00:00,354.0,835.0,2026-04-08 10:00:00,2026-04-08 14:00:00,270.0,2026-04-08 10:00:00,2026-04-08 14:00:00,331.0,2026-04-08 10:00:00,2026-04-08 14:00:00,350.0,2026-04-08 10:00:00,2026-04-08 14:00:00,346.0,2026-04-08 10:00:00,2026-04-08 14:00:00,381.9527282714844,2026-04-09 10:00:00,216.60401916503903,2026-04-09 10:00:00,3.944832563400269,2026-04-09 10:00:00,92440.3671875,2026-04-09 10:00:00,52.91108099773328,2026-04-09 10:00:00,357.0
2026-04-10 10:00:00,357.0,24.0,2026-04-09 10:00:00,2026-04-09 14:00:00,357.0,835.7000122070312,2026-04-09 10:00:00,2026-04-09 14:00:00,271.0,2026-04-09 10:00:00,2026-04-09 14:00:00,339.0,2026-04-09 10:00:00,2026-04-09 14:00:00,367.0,2026-04-09 10:00:00,2026-04-09 14:00:00,357.0,2026-04-09 10:00:00,2026-04-09 14:00:00,377.5862121582031,2026-04-10 10:00:00,219.90562438964844,2026-04-10 10:00:00,3.943860054016113,2026-04-10 10:00:00,88038.2578125,2026-04-10 10:00:00,52.87795975043241,2026-04-10 10:00:00,352.0
2026-04-11 10:00:00,352.0,24.0,2026-04-10 10:00:00,2026-04-10 14:00:00,352.0,836.0,2026-04-10 10:00:00,2026-04-10 14:00:00,273.0,2026-04-10 10:00:00,2026-04-10 14:00:00,337.0,2026-04-10 10:00:00,2026-04-10 14:00:00,358.0,2026-04-10 10:00:00,2026-04-10 14:00:00,352.0,2026-04-10 10:00:00,2026-04-10 14:00:00,379.3238220214844,2026-04-11 10:00:00,210.8402709960937,2026-04-11 10:00:00,3.895263195037842,2026-04-11 10:00:00,86797.953125,2026-04-11 10:00:00,53.18680541475044,2026-04-11 10:00:00,354.0
2026-04-12 10:00:00,354.0,24.0,2026-04-11 10:00:00,2026-04-11 14:00:00,354.0,836.4000244140625,2026-04-11 10:00:00,2026-04-11 14:00:00,274.0,2026-04-11 10:00:00,2026-04-11 14:00:00,339.0,2026-04-11 10:00:00,2026-04-11 14:00:00,363.0,2026-04-11 10:00:00,2026-04-11 14:00:00,354.0,2026-04-11 10:00:00,2026-04-11 14:00:00,381.9106140136719,2026-04-12 10:00:00,212.4618988037109,2026-04-12 10:00:00,3.888560295104981,2026-04-12 10:00:00,94942.5546875,2026-04-12 10:00:00,53.25143363919119,2026-04-12 10:00:00,358.0
2026-04-13 10:00:00,358.0,24.0,2026-04-12 10:00:00,2026-04-12 14:00:00,354.0,835.7999877929688,2026-04-12 10:00:00,2026-04-12 14:00:00,275.0,2026-04-12 10:00:00,2026-04-12 14:00:00,340.0,2026-04-12 10:00:00,2026-04-12 14:00:00,364.0,2026-04-12 10:00:00,2026-04-12 14:00:00,358.0,2026-04-12 10:00:00,2026-04-12 14:00:00,382.3852233886719,2026-04-13 10:00:00,225.4129180908203,2026-04-13 10:00:00,3.963913917541504,2026-04-13 10:00:00,93652.234375,2026-04-13 10:00:00,53.65964977191311,2026-04-13 10:00:00,355.0
2026-04-14 10:00:00,355.0,24.0,2026-04-13 10:00:00,2026-04-13 14:00:00,355.0,839.0999755859375,2026-04-13 10:00:00,2026-04-13 14:00:00,273.0,2026-04-13 10:00:00,2026-04-13 14:00:00,338.0,2026-04-13 10:00:00,2026-04-13 14:00:00,361.0,2026-04-13 10:00:00,2026-04-13 14:00:00,355.0,2026-04-13 10:00:00,2026-04-13 14:00:00,378.0400085449219,2026-04-14 10:00:00,189.11680603027344,2026-04-14 10:00:00,3.9611246585845934,2026-04-14 10:00:00,86250.65625,2026-04-14 10:00:00,52.12150176538432,2026-04-14 10:00:00,352.0
2026-04-28 10:00:00,,336.0,2026-04-14 10:00:00,2026-04-14 14:00:00,,,2026-04-14 10:00:00,2026-04-14 14:00:00,,2026-04-14 10:00:00,2026-04-14 14:00:00,,2026-04-14 10:00:00,2026-04-14 14:00:00,330.0,2026-04-26 10:00:00,2026-04-26 14:00:00,,2026-04-14 10:00:00,2026-04-14 14:00:00,346.92071533203125,2026-04-28 10:00:00,163.68222045898438,2026-04-28 10:00:00,3.876377820968628,2026-04-28 10:00:00,98361.65625,2026-04-28 10:00:00,,2026-04-28 10:00:00,335.0
2026-04-29 10:00:00,335.0,24.0,2026-04-28 10:00:00,2026-04-28 14:00:00,352.0,828.0999755859375,2026-04-28 10:00:00,2026-04-28 14:00:00,261.0,2026-04-28 10:00:00,2026-04-28 14:00:00,318.0,2026-04-28 10:00:00,2026-04-28 14:00:00,,2026-04-26 10:00:00,2026-04-26 14:00:00,335.0,2026-04-28 10:00:00,2026-04-28 14:00:00,337.819091796875,2026-04-29 10:00:00,216.1400451660156,2026-04-29 10:00:00,3.966779947280884,2026-04-29 10:00:00,93877.90625,2026-04-29 10:00:00,53.351393671843766,2026-04-29 10:00:00,345.0
2026-04-30 10:00:00,345.0,24.0,2026-04-29 10:00:00,2026-04-29 14:00:00,345.0,831.5,2026-04-29 10:00:00,2026-04-29 14:00:00,267.0,2026-04-29 10:00:00,2026-04-29 14:00:00,328.0,2026-04-29 10:00:00,2026-04-29 14:00:00,351.0,2026-04-29 10:00:00,2026-04-29 14:00:00,345.0,2026-04-29 10:00:00,2026-04-29 14:00:00,345.7589416503906,2026-04-30 10:00:00,224.6358642578125,2026-04-30 10:00:00,3.827655553817749,2026-04-30 10:00:00,87649.484375,2026-04-30 10:00:00,53.49367660525104,2026-04-30 10:00:00,346.0
2026-05-01 10:00:00,346.0,24.0,2026-04-30 10:00:00,2026-04-30 14:00:00,345.0,831.4000244140625,2026-04-30 10:00:00,2026-04-30 14:00:00,267.0,2026-04-30 10:00:00,2026-04-30 14:00:00,330.0,2026-04-30 10:00:00,2026-04-30 14:00:00,351.0,2026-04-30 10:00:00,2026-04-30 14:00:00,346.0,2026-04-30 10:00:00,2026-04-30 14:00:00,343.55975341796875,2026-05-01 10:00:00,209.24874877929688,2026-05-01 10:00:00,3.9912900924682617,2026-05-01 10:00:00,82136.7421875,2026-05-01 10:00:00,53.5289780681336,2026-05-01 10:00:00,351.0
2026-05-01 22:00:00,351.0,12.0,2026-05-01 10:00:00,2026-05-01 14:00:00,346.0,832.4000244140625,2026-05-01 10:00:00,2026-05-01 14:00:00,272.0,2026-05-01 10:00:00,2026-05-01 14:00:00,333.0,2026-05-01 10:00:00,2026-05-01 14:00:00,355.0,2026-05-01 10:00:00,2026-05-01 14:00:00,351.0,2026-05-01 10:00:00,2026-05-01 14:00:00,346.8648681640625,2026-05-01 22:00:00,206.8183441162109,2026-05-01 22:00:00,3.935687303543091,2026-05-01 22:00:00,80433.0078125,2026-05-01 22:00:00,54.237405257306705,2026-05-01 22:00:00,348.0
2026-05-02 10:00:00,348.0,12.0,2026-05-01 22:00:00,2026-05-02 02:00:00,348.0,832.4000244140625,2026-05-01 10:00:00,2026-05-01 14:00:00,270.0,2026-05-01 22:00:00,2026-05-02 02:00:00,330.0,2026-05-01 22:00:00,2026-05-02 02:00:00,355.0,2026-05-01 10:00:00,2026-05-01 14:00:00,348.0,2026-05-01 22:00:00,2026-05-02 02:00:00,349.41094970703125,2026-05-02 10:00:00,218.88394165039065,2026-05-02 10:00:00,3.900836944580078,2026-05-02 10:00:00,81297.515625,2026-05-02 10:00:00,53.82007017544515,2026-05-02 10:00:00,352.0
2026-05-03 10:00:00,352.0,24.0,2026-05-02 10:00:00,2026-05-02 14:00:00,351.0,834.2000122070312,2026-05-02 10:00:00,2026-05-02 14:00:00,273.0,2026-05-02 10:00:00,2026-05-02 14:00:00,337.0,2026-05-02 10:00:00,2026-05-02 14:00:00,360.0,2026-05-02 10:00:00,2026-05-02 14:00:00,352.0,2026-05-02 10:00:00,2026-05-02 14:00:00,352.1238708496094,2026-05-03 10:00:00,246.25119018554688,2026-05-03 10:00:00,3.955060005187988,2026-05-03 10:00:00,93003.21875,2026-05-03 10:00:00,53.812202610052395,2026-05-03 10:00:00,354.0
2026-05-04 10:00:00,354.0,24.0,2026-05-03 10:00:00,2026-05-03 14:00:00,352.0,833.5999755859375,2026-05-03 10:00:00,2026-05-03 14:00:00,272.0,2026-05-03 10:00:00,2026-05-03 14:00:00,335.0,2026-05-03 10:00:00,2026-05-03 14:00:00,359.0,2026-05-03 10:00:00,2026-05-03 14:00:00,354.0,2026-05-03 10:00:00,2026-05-03 14:00:00,352.6347961425781,2026-05-04 10:00:00,241.9561767578125,2026-05-04 10:00:00,3.73119592666626,2026-05-04 10:00:00,93408.546875,2026-05-04 10:00:00,53.81658338928901,2026-05-04 10:00:00,354.0
2026-05-05 10:00:00,354.0,24.0,2026-05-04 10:00:00,2026-05-04 14:00:00,354.0,835.7000122070312,2026-05-04 10:00:00,2026-05-04 14:00:00,275.0,2026-05-04 10:00:00,2026-05-04 14:00:00,335.0,2026-05-04 10:00:00,2026-05-04 14:00:00,360.0,2026-05-04 10:00:00,2026-05-04 14:00:00,354.0,2026-05-04 10:00:00,2026-05-04 14:00:00,350.3212890625,2026-05-05 10:00:00,223.4120483398437,2026-05-05 10:00:00,3.8681623935699454,2026-05-05 10:00:00,85274.78125,2026-05-05 10:00:00,53.6942851229519,2026-05-05 10:00:00,354.0
2026-05-07 09:30:00,354.0,47.5,2026-05-05 10:00:00,2026-05-05 14:00:00,354.0,832.4000244140625,2026-05-05 10:00:00,2026-05-05 14:00:00,268.0,2026-05-05 10:00:00,2026-05-05 14:00:00,333.0,2026-05-05 10:00:00,2026-05-05 14:00:00,360.0,2026-05-06 10:00:00,2026-05-06 14:00:00,354.0,2026-05-05 10:00:00,2026-05-05 14:00:00,356.44207763671875,2026-05-07 09:30:00,243.84657287597656,2026-05-07 09:30:00,3.8853917121887207,2026-05-07 09:30:00,90278.8125,2026-05-07 09:30:00,53.393426119227684,2026-05-07 09:30:00,357.0
2026-05-08 10:00:00,357.0,24.5,2026-05-07 09:30:00,2026-05-07 13:30:00,354.0,835.4000244140625,2026-05-07 09:30:00,2026-05-07 13:30:00,278.0,2026-05-07 09:30:00,2026-05-07 13:30:00,338.0,2026-05-07 09:30:00,2026-05-07 13:30:00,358.0,2026-05-07 09:30:00,2026-05-07 13:30:00,357.0,2026-05-07 09:30:00,2026-05-07 13:30:00,353.3927917480469,2026-05-08 10:00:00,216.6782989501953,2026-05-08 10:00:00,3.9673197269439697,2026-05-08 10:00:00,89451.6171875,2026-05-08 10:00:00,54.386847495716324,2026-05-08 10:00:00,345.0
2026-05-09 10:00:00,345.0,24.0,2026-05-08 10:00:00,2026-05-08 14:00:00,354.0,834.2000122070312,2026-05-08 10:00:00,2026-05-08 14:00:00,276.0,2026-05-08 10:00:00,2026-05-08 14:00:00,329.0,2026-05-08 10:00:00,2026-05-08 14:00:00,352.0,2026-05-08 10:00:00,2026-05-08 14:00:00,345.0,2026-05-08 10:00:00,2026-05-08 14:00:00,357.47613525390625,2026-05-09 10:00:00,213.25930786132807,2026-05-09 10:00:00,3.997606039047241,2026-05-09 10:00:00,86701.5078125,2026-05-09 10:00:00,54.41421531439062,2026-05-09 10:00:00,352.0
2026-05-10 10:00:00,352.0,24.0,2026-05-09 10:00:00,2026-05-09 14:00:00,352.0,835.2000122070312,2026-05-09 10:00:00,2026-05-09 14:00:00,278.0,2026-05-09 10:00:00,2026-05-09 14:00:00,334.0,2026-05-09 10:00:00,2026-05-09 14:00:00,359.0,2026-05-09 10:00:00,2026-05-09 14:00:00,352.0,2026-05-09 10:00:00,2026-05-09 14:00:00,353.4356689453125,2026-05-10 10:00:00,217.03521728515625,2026-05-10 10:00:00,3.911968231201172,2026-05-10 10:00:00,79002.0546875,2026-05-10 10:00:00,54.456278798733706,2026-05-10 10:00:00,350.0
2026-05-11 10:00:00,350.0,24.0,2026-05-10 10:00:00,2026-05-10 14:00:00,350.0,834.7999877929688,2026-05-10 10:00:00,2026-05-10 14:00:00,277.0,2026-05-10 10:00:00,2026-05-10 14:00:00,333.0,2026-05-10 10:00:00,2026-05-10 14:00:00,355.0,2026-05-10 10:00:00,2026-05-10 14:00:00,350.0,2026-05-10 10:00:00,2026-05-10 14:00:00,350.2107849121094,2026-05-11 10:00:00,229.318603515625,2026-05-11 10:00:00,3.991291046142578,2026-05-11 10:00:00,83117.1953125,2026-05-11 10:00:00,54.4013747986927,2026-05-11 10:00:00,350.0
2026-05-12 10:00:00,350.0,24.0,2026-05-11 10:00:00,2026-05-11 14:00:00,350.0,837.0,2026-05-11 10:00:00,2026-05-11 14:00:00,277.0,2026-05-11 10:00:00,2026-05-11 14:00:00,334.0,2026-05-11 10:00:00,2026-05-11 14:00:00,356.0,2026-05-11 10:00:00,2026-05-11 14:00:00,350.0,2026-05-11 10:00:00,2026-05-11 14:00:00,352.3358764648437,2026-05-12 10:00:00,230.15142822265625,2026-05-12 10:00:00,3.9223170280456543,2026-05-12 10:00:00,85688.9609375,2026-05-12 10:00:00,53.63971808214285,2026-05-12 10:00:00,350.0
2026-05-13 10:00:00,350.0,24.0,2026-05-12 10:00:00,2026-05-12 14:00:00,350.0,835.7000122070312,2026-05-12 10:00:00,2026-05-12 14:00:00,277.0,2026-05-12 10:00:00,2026-05-12 14:00:00,335.0,2026-05-12 10:00:00,2026-05-12 14:00:00,356.0,2026-05-12 10:00:00,2026-05-12 14:00:00,350.0,2026-05-12 10:00:00,2026-05-12 14:00:00,357.43658447265625,2026-05-13 10:00:00,229.3760681152344,2026-05-13 10:00:00,3.929656028747559,2026-05-13 10:00:00,87519.359375,2026-05-13 10:00:00,54.08887477481687,2026-05-13 10:00:00,354.0
2026-05-14 10:00:00,354.0,24.0,2026-05-13 10:00:00,2026-05-13 14:00:00,350.0,835.7000122070312,2026-05-13 10:00:00,2026-05-13 14:00:00,275.0,2026-05-13 10:00:00,2026-05-13 14:00:00,335.0,2026-05-13 10:00:00,2026-05-13 14:00:00,360.0,2026-05-13 10:00:00,2026-05-13 14:00:00,354.0,2026-05-13 10:00:00,2026-05-13 14:00:00,349.8692626953125,2026-05-14 10:00:00,233.6953582763672,2026-05-14 10:00:00,3.832160711288452,2026-05-14 10:00:00,84189.5546875,2026-05-14 10:00:00,53.6942851229519,2026-05-14 10:00:00,350.0
2026-05-15 10:00:00,350.0,24.0,2026-05-14 10:00:00,2026-05-14 14:00:00,350.0,835.7000122070312,2026-05-14 10:00:00,2026-05-14 14:00:00,274.0,2026-05-14 10:00:00,2026-05-14 14:00:00,336.0,2026-05-14 10:00:00,2026-05-14 14:00:00,354.0,2026-05-14 10:00:00,2026-05-14 14:00:00,350.0,2026-05-14 10:00:00,2026-05-14 14:00:00,356.4751281738281,2026-05-15 10:00:00,258.2874755859375,2026-05-15 10:00:00,3.9768197536468506,2026-05-15 10:00:00,94741.609375,2026-05-15 10:00:00,53.49361911483675,2026-05-15 10:00:00,356.0
2026-05-16 10:00:00,356.0,24.0,2026-05-15 10:00:00,2026-05-15 14:00:00,354.0,835.4000244140625,2026-05-15 10:00:00,2026-05-15 14:00:00,275.0,2026-05-15 10:00:00,2026-05-15 14:00:00,337.0,2026-05-15 10:00:00,2026-05-15 14:00:00,356.0,2026-05-15 10:00:00,2026-05-15 14:00:00,356.0,2026-05-15 10:00:00,2026-05-15 14:00:00,354.97467041015625,2026-05-16 10:00:00,251.6733245849609,2026-05-16 10:00:00,3.921160697937012,2026-05-16 10:00:00,93766.125,2026-05-16 10:00:00,53.79830527747731,2026-05-16 10:00:00,355.0
2026-05-18 11:00:00,,49.0,2026-05-16 10:00:00,2026-05-16 14:00:00,,,2026-05-16 10:00:00,2026-05-16 14:00:00,,2026-05-16 10:00:00,2026-05-16 14:00:00,,2026-05-16 10:00:00,2026-05-16 14:00:00,,2026-05-16 10:00:00,2026-05-16 14:00:00,,2026-05-16 10:00:00,2026-05-16 14:00:00,336.0889587402344,2026-05-18 11:00:00,153.7108917236328,2026-05-18 11:00:00,3.883255958557129,2026-05-18 11:00:00,87468.234375,2026-05-18 11:00:00,,2026-05-18 11:00:00,360.0
2026-05-19 11:30:00,360.0,24.5,2026-05-18 11:00:00,2026-05-18 15:00:00,356.0,834.5,2026-05-18 11:00:00,2026-05-18 15:00:00,280.0,2026-05-18 11:00:00,2026-05-18 15:00:00,340.0,2026-05-18 11:00:00,2026-05-18 15:00:00,,2026-05-16 10:00:00,2026-05-16 14:00:00,360.0,2026-05-18 11:00:00,2026-05-18 15:00:00,350.9278564453125,2026-05-19 11:30:00,234.629638671875,2026-05-19 11:30:00,3.993937730789185,2026-05-19 11:30:00,83051.78125,2026-05-19 11:30:00,55.08105772176589,2026-05-19 11:30:00,350.0
2026-05-20 10:00:00,350.0,22.5,2026-05-19 11:30:00,2026-05-19 15:30:00,355.0,833.9000244140625,2026-05-19 11:30:00,2026-05-19 15:30:00,276.0,2026-05-19 11:30:00,2026-05-19 15:30:00,333.0,2026-05-19 11:30:00,2026-05-19 15:30:00,358.0,2026-05-19 11:30:00,2026-05-19 15:30:00,350.0,2026-05-19 11:30:00,2026-05-19 15:30:00,352.62939453125,2026-05-20 10:00:00,244.91607666015625,2026-05-20 10:00:00,3.971620559692383,2026-05-20 10:00:00,91721.546875,2026-05-20 10:00:00,54.51893270654398,2026-05-20 10:00:00,353.0
2026-05-21 10:00:00,353.0,24.0,2026-05-20 10:00:00,2026-05-20 14:00:00,353.0,834.2000122070312,2026-05-20 10:00:00,2026-05-20 14:00:00,275.0,2026-05-20 10:00:00,2026-05-20 14:00:00,337.0,2026-05-20 10:00:00,2026-05-20 14:00:00,355.0,2026-05-20 10:00:00,2026-05-20 14:00:00,353.0,2026-05-20 10:00:00,2026-05-20 14:00:00,353.5304870605469,2026-05-21 10:00:00,250.9281616210937,2026-05-21 10:00:00,3.9312374591827393,2026-05-21 10:00:00,93811.5859375,2026-05-21 10:00:00,54.21580160558017,2026-05-21 10:00:00,353.0
2026-05-22 10:00:00,353.0,24.0,2026-05-21 10:00:00,2026-05-21 14:00:00,353.0,834.7000122070312,2026-05-21 10:00:00,2026-05-21 14:00:00,272.0,2026-05-21 10:00:00,2026-05-21 14:00:00,333.0,2026-05-21 10:00:00,2026-05-21 14:00:00,359.0,2026-05-21 10:00:00,2026-05-21 14:00:00,353.0,2026-05-21 10:00:00,2026-05-21 14:00:00,357.5750427246094,2026-05-22 10:00:00,247.6918792724609,2026-05-22 10:00:00,4.009391784667969,2026-05-22 10:00:00,95037.3125,2026-05-22 10:00:00,53.432761617354004,2026-05-22 10:00:00,360.0
2026-05-23 09:35:00,360.0,23.583333333333332,2026-05-22 10:00:00,2026-05-22 14:00:00,353.0,836.7000122070312,2026-05-22 10:00:00,2026-05-22 14:00:00,278.0,2026-05-22 10:00:00,2026-05-22 14:00:00,341.0,2026-05-22 10:00:00,2026-05-22 14:00:00,363.0,2026-05-22 10:00:00,2026-05-22 14:00:00,360.0,2026-05-22 10:00:00,2026-05-22 14:00:00,354.24420166015625,2026-05-23 09:30:00,249.28439331054688,2026-05-23 09:30:00,3.98370623588562,2026-05-23 09:30:00,94169.796875,2026-05-23 09:30:00,53.93708653610554,2026-05-23 09:35:00,359.0
2026-05-24 10:00:00,359.0,24.416666666666668,2026-05-23 09:35:00,2026-05-23 13:35:00,359.0,835.5999755859375,2026-05-23 09:35:00,2026-05-23 13:35:00,276.0,2026-05-23 09:35:00,2026-05-23 13:35:00,340.0,2026-05-23 09:35:00,2026-05-23 13:35:00,363.0,2026-05-23 09:40:00,2026-05-23 13:40:00,359.0,2026-05-23 09:35:00,2026-05-23 13:35:00,354.5166015625,2026-05-24 10:00:00,254.87228393554688,2026-05-24 10:00:00,4.03448486328125,2026-05-24 10:00:00,94508.90625,2026-05-24 10:00:00,53.9273708291247,2026-05-24 10:00:00,351.0
2026-05-24 20:00:00,351.0,10.0,2026-05-24 10:00:00,2026-05-24 14:00:00,359.0,834.5,2026-05-24 10:00:00,2026-05-24 14:00:00,273.0,2026-05-24 10:00:00,2026-05-24 14:00:00,333.0,2026-05-24 10:00:00,2026-05-24 14:00:00,351.0,2026-05-24 10:00:00,2026-05-24 14:00:00,351.0,2026-05-24 10:00:00,2026-05-24 14:00:00,352.3301696777344,2026-05-24 20:00:00,254.65493774414065,2026-05-24 20:00:00,3.9989049434661865,2026-05-24 20:00:00,94109.265625,2026-05-24 20:00:00,53.70762465975042,2026-05-24 20:00:00,354.0
2026-05-25 10:00:00,354.0,14.0,2026-05-24 20:00:00,2026-05-25 00:00:00,354.0,834.5,2026-05-24 10:00:00,2026-05-24 14:00:00,274.0,2026-05-24 20:00:00,2026-05-25 00:00:00,335.0,2026-05-24 20:00:00,2026-05-25 00:00:00,351.0,2026-05-24 10:00:00,2026-05-24 14:00:00,354.0,2026-05-24 20:00:00,2026-05-25 00:00:00,356.8680725097656,2026-05-25 10:00:00,236.1976318359375,2026-05-25 10:00:00,3.9761691093444815,2026-05-25 10:00:00,89578.9921875,2026-05-25 10:00:00,53.910557647163046,2026-05-25 10:00:00,357.0
2026-05-26 10:00:00,357.0,24.0,2026-05-25 10:00:00,2026-05-25 14:00:00,354.0,839.5,2026-05-25 10:00:00,2026-05-25 14:00:00,279.0,2026-05-25 10:00:00,2026-05-25 14:00:00,339.0,2026-05-25 10:00:00,2026-05-25 14:00:00,361.0,2026-05-25 10:00:00,2026-05-25 14:00:00,357.0,2026-05-25 10:00:00,2026-05-25 14:00:00,364.9200439453125,2026-05-26 10:00:00,254.68751525878903,2026-05-26 10:00:00,4.027524948120117,2026-05-26 10:00:00,95344.984375,2026-05-26 10:00:00,53.16900310975291,2026-05-26 10:00:00,352.0
2026-05-27 10:00:00,352.0,24.0,2026-05-26 10:00:00,2026-05-26 14:00:00,354.0,841.2999877929688,2026-05-26 10:00:00,2026-05-26 14:00:00,284.0,2026-05-26 10:00:00,2026-05-26 14:00:00,338.0,2026-05-26 10:00:00,2026-05-26 14:00:00,362.0,2026-05-26 10:00:00,2026-05-26 14:00:00,352.0,2026-05-26 10:00:00,2026-05-26 14:00:00,359.3968200683594,2026-05-27 10:00:00,238.96652221679688,2026-05-27 10:00:00,3.944249629974365,2026-05-27 10:00:00,89659.34375,2026-05-27 10:00:00,53.48445693760834,2026-05-27 10:00:00,352.0
2026-05-28 10:00:00,352.0,24.0,2026-05-27 10:00:00,2026-05-27 14:00:00,352.0,837.5,2026-05-27 10:00:00,2026-05-27 14:00:00,278.0,2026-05-27 10:00:00,2026-05-27 14:00:00,336.0,2026-05-27 10:00:00,2026-05-27 14:00:00,356.0,2026-05-27 10:00:00,2026-05-27 14:00:00,352.0,2026-05-27 10:00:00,2026-05-27 14:00:00,362.5069885253906,2026-05-28 10:00:00,255.82135009765625,2026-05-28 10:00:00,3.942145586013794,2026-05-28 10:00:00,94618.34375,2026-05-28 10:00:00,53.66161371351711,2026-05-28 10:00:00,354.0
2026-05-28 22:00:00,354.0,12.0,2026-05-28 10:00:00,2026-05-28 14:00:00,352.0,838.0999755859375,2026-05-28 10:00:00,2026-05-28 14:00:00,279.0,2026-05-28 10:00:00,2026-05-28 14:00:00,337.0,2026-05-28 10:00:00,2026-05-28 14:00:00,354.0,2026-05-28 10:00:00,2026-05-28 14:00:00,354.0,2026-05-28 10:00:00,2026-05-28 14:00:00,360.1534118652344,2026-05-28 22:00:00,233.4738006591797,2026-05-28 22:00:00,3.932593584060669,2026-05-28 22:00:00,86366.6484375,2026-05-28 22:00:00,53.647408525216406,2026-05-28 22:00:00,351.0
2026-05-29 10:00:00,351.0,12.0,2026-05-28 22:00:00,2026-05-29 02:00:00,352.0,838.0999755859375,2026-05-28 10:00:00,2026-05-28 14:00:00,278.0,2026-05-28 22:00:00,2026-05-29 02:00:00,336.0,2026-05-28 22:00:00,2026-05-29 02:00:00,354.0,2026-05-28 10:00:00,2026-05-28 14:00:00,351.0,2026-05-28 22:00:00,2026-05-29 02:00:00,357.3363647460937,2026-05-29 10:00:00,233.8050842285156,2026-05-29 10:00:00,3.996113777160645,2026-05-29 10:00:00,89922.7734375,2026-05-29 10:00:00,53.45566508898048,2026-05-29 10:00:00,359.0
2026-05-30 10:00:00,359.0,24.0,2026-05-29 10:00:00,2026-05-29 14:00:00,354.0,836.9000244140625,2026-05-29 10:00:00,2026-05-29 14:00:00,277.0,2026-05-29 10:00:00,2026-05-29 14:00:00,341.0,2026-05-29 10:00:00,2026-05-29 14:00:00,364.0,2026-05-29 17:00:00,2026-05-29 21:00:00,359.0,2026-05-29 10:00:00,2026-05-29 14:00:00,353.4864807128906,2026-05-30 10:00:00,224.19601440429688,2026-05-30 10:00:00,3.907111644744873,2026-05-30 10:00:00,83534.953125,2026-05-30 10:00:00,53.674167539085715,2026-05-30 10:00:00,352.0
2026-05-31 10:00:00,352.0,24.0,2026-05-30 10:00:00,2026-05-30 14:00:00,352.0,835.4000244140625,2026-05-30 10:00:00,2026-05-30 14:00:00,274.0,2026-05-30 10:00:00,2026-05-30 14:00:00,334.0,2026-05-30 10:00:00,2026-05-30 14:00:00,365.0,2026-05-30 10:00:00,2026-05-30 14:00:00,352.0,2026-05-30 10:00:00,2026-05-30 14:00:00,356.1248474121094,2026-05-31 10:00:00,232.9542236328125,2026-05-31 10:00:00,3.8895790576934814,2026-05-31 10:00:00,86190.7265625,2026-05-31 10:00:00,53.59763926936216,2026-05-31 10:00:00,357.0
2026-06-01 10:00:00,357.0,24.0,2026-05-31 10:00:00,2026-05-31 14:00:00,357.0,835.0999755859375,2026-05-31 10:00:00,2026-05-31 14:00:00,275.0,2026-05-31 10:00:00,2026-05-31 14:00:00,337.0,2026-05-31 10:00:00,2026-05-31 14:00:00,363.0,2026-05-31 10:00:00,2026-05-31 14:00:00,357.0,2026-05-31 10:00:00,2026-05-31 14:00:00,355.5762023925781,2026-06-01 10:00:00,230.80718994140625,2026-06-01 10:00:00,3.8744418621063232,2026-06-01 10:00:00,85040.9765625,2026-06-01 10:00:00,53.902486080228755,2026-06-01 10:00:00,356.0
2026-06-02 10:00:00,356.0,24.0,2026-06-01 10:00:00,2026-06-01 14:00:00,356.0,835.0,2026-06-01 10:00:00,2026-06-01 14:00:00,274.0,2026-06-01 10:00:00,2026-06-01 14:00:00,338.0,2026-06-01 10:00:00,2026-06-01 14:00:00,359.0,2026-06-01 10:00:00,2026-06-01 14:00:00,356.0,2026-06-01 10:00:00,2026-06-01 14:00:00,356.1639709472656,2026-06-02 10:00:00,225.3065643310547,2026-06-02 10:00:00,3.921199798583984,2026-06-02 10:00:00,83048.1015625,2026-06-02 10:00:00,53.73656386216294,2026-06-02 10:00:00,361.0
2026-06-02 22:00:33,361.0,12.009166666666667,2026-06-02 10:00:00,2026-06-02 14:00:00,357.0,837.4000244140625,2026-06-02 10:00:00,2026-06-02 14:00:00,281.0,2026-06-02 10:00:00,2026-06-02 14:00:00,343.0,2026-06-02 10:00:00,2026-06-02 14:00:00,360.0,2026-06-02 10:00:00,2026-06-02 14:00:00,361.0,2026-06-02 10:00:00,2026-06-02 14:00:00,355.8287048339844,2026-06-02 22:00:00,224.76272583007807,2026-06-02 22:00:00,3.9278390407562256,2026-06-02 22:00:00,83480.78125,2026-06-02 22:00:00,54.264644918573936,2026-06-02 22:00:33,358.0
2026-06-03 10:00:00,358.0,11.990833333333333,2026-06-02 22:00:33,2026-06-03 02:00:33,358.0,837.4000244140625,2026-06-02 10:00:00,2026-06-02 14:00:00,279.0,2026-06-02 22:00:33,2026-06-03 02:00:33,341.0,2026-06-02 22:00:33,2026-06-03 02:00:33,360.0,2026-06-02 10:00:00,2026-06-02 14:00:00,358.0,2026-06-02 22:00:33,2026-06-03 02:00:33,357.76129150390625,2026-06-03 10:00:00,236.7611541748047,2026-06-03 10:00:00,3.93420934677124,2026-06-03 10:00:00,87826.609375,2026-06-03 10:00:00,53.8877291516103,2026-06-03 10:00:00,362.0
2026-06-04 10:00:00,362.0,24.0,2026-06-03 10:00:00,2026-06-03 14:00:00,361.0,837.4000244140625,2026-06-03 10:00:00,2026-06-03 14:00:00,276.0,2026-06-03 10:00:00,2026-06-03 14:00:00,342.0,2026-06-03 10:00:00,2026-06-03 14:00:00,358.0,2026-06-03 10:00:00,2026-06-03 14:00:00,362.0,2026-06-03 10:00:00,2026-06-03 14:00:00,352.4788818359375,2026-06-04 10:00:00,229.0533599853516,2026-06-04 10:00:00,3.93862533569336,2026-06-04 10:00:00,85345.25,2026-06-04 10:00:00,53.30585720594581,2026-06-04 10:00:00,351.0
2026-06-05 10:00:00,351.0,24.0,2026-06-04 10:00:00,2026-06-04 14:00:00,358.0,836.9000244140625,2026-06-04 10:00:00,2026-06-04 14:00:00,278.0,2026-06-04 10:00:00,2026-06-04 14:00:00,334.0,2026-06-04 10:00:00,2026-06-04 14:00:00,358.0,2026-06-04 10:00:00,2026-06-04 14:00:00,351.0,2026-06-04 10:00:00,2026-06-04 14:00:00,355.5834045410156,2026-06-05 10:00:00,227.75868225097656,2026-06-05 10:00:00,3.939994812011719,2026-06-05 10:00:00,85991.1171875,2026-06-05 10:00:00,53.86812010545998,2026-06-05 10:00:00,357.0
2026-06-06 10:00:00,357.0,24.0,2026-06-05 10:00:00,2026-06-05 14:00:00,357.0,837.7000122070312,2026-06-05 10:00:00,2026-06-05 14:00:00,277.0,2026-06-05 10:00:00,2026-06-05 14:00:00,339.0,2026-06-05 10:00:00,2026-06-05 14:00:00,360.0,2026-06-05 10:00:00,2026-06-05 14:00:00,357.0,2026-06-05 10:00:00,2026-06-05 14:00:00,357.521728515625,2026-06-06 10:00:00,232.6166839599609,2026-06-06 10:00:00,3.871803045272827,2026-06-06 10:00:00,85914.03125,2026-06-06 10:00:00,53.3989426446459,2026-06-06 10:00:00,357.0
2026-06-07 10:00:00,357.0,24.0,2026-06-06 10:00:00,2026-06-06 14:00:00,357.0,837.0999755859375,2026-06-06 10:00:00,2026-06-06 14:00:00,279.0,2026-06-06 10:00:00,2026-06-06 14:00:00,338.0,2026-06-06 10:00:00,2026-06-06 14:00:00,357.0,2026-06-06 10:00:00,2026-06-06 14:00:00,357.0,2026-06-06 10:00:00,2026-06-06 14:00:00,356.20733642578125,2026-06-07 10:00:00,213.7992553710937,2026-06-07 10:00:00,3.868032932281494,2026-06-07 10:00:00,79053.5625,2026-06-07 10:00:00,53.99098011504543,2026-06-07 10:00:00,356.0
2026-06-08 10:00:00,356.0,24.0,2026-06-07 10:00:00,2026-06-07 14:00:00,357.0,837.5,2026-06-07 10:00:00,2026-06-07 14:00:00,279.0,2026-06-07 10:00:00,2026-06-07 14:00:00,339.0,2026-06-07 10:00:00,2026-06-07 14:00:00,358.0,2026-06-07 10:00:00,2026-06-07 14:00:00,356.0,2026-06-07 10:00:00,2026-06-07 14:00:00,355.2096252441406,2026-06-08 10:00:00,214.050537109375,2026-06-08 10:00:00,3.8901638984680176,2026-06-08 10:00:00,79111.2109375,2026-06-08 10:00:00,53.85335714975304,2026-06-08 10:00:00,362.0
2026-06-08 22:00:00,362.0,12.0,2026-06-08 10:00:00,2026-06-08 14:00:00,357.0,837.7000122070312,2026-06-08 10:00:00,2026-06-08 14:00:00,281.0,2026-06-08 10:00:00,2026-06-08 14:00:00,342.0,2026-06-08 10:00:00,2026-06-08 14:00:00,369.0,2026-06-08 10:00:00,2026-06-08 14:00:00,362.0,2026-06-08 10:00:00,2026-06-08 14:00:00,358.14990234375,2026-06-08 22:00:00,228.03131103515625,2026-06-08 22:00:00,3.8453426361083984,2026-06-08 22:00:00,85586.734375,2026-06-08 22:00:00,54.161554414219495,2026-06-08 22:00:00,347.0
2026-06-09 10:00:00,347.0,12.0,2026-06-08 22:00:00,2026-06-09 02:00:00,356.0,837.7000122070312,2026-06-08 10:00:00,2026-06-08 14:00:00,274.0,2026-06-08 22:00:00,2026-06-09 02:00:00,331.0,2026-06-08 22:00:00,2026-06-09 02:00:00,369.0,2026-06-08 10:00:00,2026-06-08 14:00:00,347.0,2026-06-08 22:00:00,2026-06-09 02:00:00,356.61724853515625,2026-06-09 10:00:00,235.2833404541016,2026-06-09 10:00:00,3.9902849197387695,2026-06-09 10:00:00,88949.3125,2026-06-09 10:00:00,52.803686984665774,2026-06-09 10:00:00,349.0
2026-06-10 10:00:00,349.0,24.0,2026-06-09 10:00:00,2026-06-09 14:00:00,349.0,836.0,2026-06-09 10:00:00,2026-06-09 14:00:00,276.0,2026-06-09 10:00:00,2026-06-09 14:00:00,333.0,2026-06-09 10:00:00,2026-06-09 14:00:00,351.0,2026-06-09 10:00:00,2026-06-09 14:00:00,349.0,2026-06-09 10:00:00,2026-06-09 14:00:00,354.8153381347656,2026-06-10 10:00:00,209.4099578857422,2026-06-10 10:00:00,3.963188648223877,2026-06-10 10:00:00,87183.4765625,2026-06-10 10:00:00,53.78881811908866,2026-06-10 10:00:00,364.0
2026-06-10 22:00:00,364.0,12.0,2026-06-10 10:00:00,2026-06-10 14:00:00,349.0,838.4000244140625,2026-06-10 10:00:00,2026-06-10 14:00:00,281.0,2026-06-10 10:00:00,2026-06-10 14:00:00,345.0,2026-06-10 10:00:00,2026-06-10 14:00:00,364.0,2026-06-10 10:00:00,2026-06-10 14:00:00,364.0,2026-06-10 10:00:00,2026-06-10 14:00:00,351.029052734375,2026-06-10 22:00:00,200.62750244140625,2026-06-10 22:00:00,3.891509771347046,2026-06-10 22:00:00,80811.3359375,2026-06-10 22:00:00,53.92153824840307,2026-06-10 22:00:00,351.0
2026-06-11 10:00:00,351.0,12.0,2026-06-10 22:00:00,2026-06-11 02:00:00,351.0,838.4000244140625,2026-06-10 10:00:00,2026-06-10 14:00:00,279.0,2026-06-10 22:00:00,2026-06-11 02:00:00,335.0,2026-06-10 22:00:00,2026-06-11 02:00:00,364.0,2026-06-10 10:00:00,2026-06-10 14:00:00,351.0,2026-06-10 22:00:00,2026-06-11 02:00:00,353.52508544921875,2026-06-11 10:00:00,208.59815979003903,2026-06-11 10:00:00,3.984269380569458,2026-06-11 10:00:00,81751.359375,2026-06-11 10:00:00,53.54462248143943,2026-06-11 10:00:00,359.0
2026-06-12 10:00:00,359.0,24.0,2026-06-11 10:00:00,2026-06-11 14:00:00,359.0,837.9000244140625,2026-06-11 10:00:00,2026-06-11 14:00:00,281.0,2026-06-11 10:00:00,2026-06-11 14:00:00,338.0,2026-06-11 10:00:00,2026-06-11 14:00:00,363.0,2026-06-11 10:00:00,2026-06-11 14:00:00,359.0,2026-06-11 10:00:00,2026-06-11 14:00:00,360.6952819824219,2026-06-12 10:00:00,256.14013671875,2026-06-12 10:00:00,3.956481456756592,2026-06-12 10:00:00,95104.1484375,2026-06-12 10:00:00,54.09289789848856,2026-06-12 10:00:00,359.0
2026-06-13 10:00:00,359.0,24.0,2026-06-12 10:00:00,2026-06-12 14:00:00,359.0,838.2999877929688,2026-06-12 10:00:00,2026-06-12 14:00:00,282.0,2026-06-12 10:00:00,2026-06-12 14:00:00,346.0,2026-06-12 10:00:00,2026-06-12 14:00:00,361.0,2026-06-12 10:00:00,2026-06-12 14:00:00,359.0,2026-06-12 10:00:00,2026-06-12 14:00:00,359.6294250488281,2026-06-13 10:00:00,237.6225433349609,2026-06-13 10:00:00,3.958510398864746,2026-06-13 10:00:00,88588.2734375,2026-06-13 10:00:00,54.14099185920588,2026-06-13 10:00:00,361.0
2026-06-14 10:00:00,361.0,24.0,2026-06-13 10:00:00,2026-06-13 14:00:00,359.0,837.5,2026-06-13 10:00:00,2026-06-13 14:00:00,281.0,2026-06-13 10:00:00,2026-06-13 14:00:00,341.0,2026-06-13 10:00:00,2026-06-13 14:00:00,361.0,2026-06-13 10:00:00,2026-06-13 14:00:00,361.0,2026-06-13 10:00:00,2026-06-13 14:00:00,361.0565490722656,2026-06-14 10:00:00,247.41343688964844,2026-06-14 10:00:00,3.9743053913116455,2026-06-14 10:00:00,91912.3359375,2026-06-14 10:00:00,54.23027291671667,2026-06-14 10:00:00,360.0
2026-06-15 10:00:00,360.0,24.0,2026-06-14 10:00:00,2026-06-14 14:00:00,360.0,837.0999755859375,2026-06-14 10:00:00,2026-06-14 14:00:00,281.0,2026-06-14 10:00:00,2026-06-14 14:00:00,339.0,2026-06-14 10:00:00,2026-06-14 14:00:00,365.0,2026-06-14 10:00:00,2026-06-14 14:00:00,360.0,2026-06-14 10:00:00,2026-06-14 14:00:00,357.5628356933594,2026-06-15 10:00:00,247.021484375,2026-06-15 10:00:00,3.918070554733277,2026-06-15 10:00:00,91495.6015625,2026-06-15 10:00:00,54.367895882009066,2026-06-15 10:00:00,355.0
2026-06-17 10:00:00,355.0,48.0,2026-06-15 10:00:00,2026-06-15 14:00:00,360.0,837.9000244140625,2026-06-15 10:00:00,2026-06-15 14:00:00,279.0,2026-06-15 10:00:00,2026-06-15 14:00:00,340.0,2026-06-15 10:00:00,2026-06-15 14:00:00,352.0,2026-06-15 10:00:00,2026-06-15 14:00:00,355.0,2026-06-15 10:00:00,2026-06-15 14:00:00,347.7877502441406,2026-06-17 10:00:00,126.17239379882812,2026-06-17 10:00:00,3.8245368003845215,2026-06-17 10:00:00,92747.8828125,2026-06-17 10:00:00,53.715982131524925,2026-06-17 10:00:00,327.0
2026-06-17 22:00:00,327.0,12.0,2026-06-17 10:00:00,2026-06-17 14:00:00,355.0,823.0,2026-06-17 10:00:00,2026-06-17 14:00:00,256.0,2026-06-17 10:00:00,2026-06-17 14:00:00,311.0,2026-06-17 10:00:00,2026-06-17 14:00:00,332.0,2026-06-17 10:00:00,2026-06-17 14:00:00,327.0,2026-06-17 10:00:00,2026-06-17 14:00:00,341.82257080078125,2026-06-17 22:00:00,170.0772247314453,2026-06-17 22:00:00,3.784004211425781,2026-06-17 22:00:00,81437.5,2026-06-17 22:00:00,54.00470996455795,2026-06-17 22:00:00,350.0
2026-07-02 12:00:00,,350.0,2026-06-17 22:00:00,2026-06-18 02:00:00,,,2026-06-17 10:00:00,2026-06-17 14:00:00,,2026-06-17 22:00:00,2026-06-18 02:00:00,,2026-06-17 22:00:00,2026-06-18 02:00:00,,2026-06-17 10:00:00,2026-06-17 14:00:00,,2026-06-17 22:00:00,2026-06-18 02:00:00,348.55682373046875,2026-07-02 12:00:00,151.9504852294922,2026-07-02 12:00:00,3.8401384353637695,2026-07-02 12:00:00,106392.0546875,2026-07-02 12:00:00,,2026-07-02 12:00:00,364.0
2026-07-04 10:00:00,364.0,46.0,2026-07-02 12:00:00,2026-07-02 16:00:00,350.0,,2026-06-17 10:00:00,2026-06-17 14:00:00,278.0,2026-07-02 12:00:00,2026-07-02 16:00:00,340.0,2026-07-02 12:00:00,2026-07-02 16:00:00,310.0,2026-07-03 10:00:00,2026-07-03 14:00:00,364.0,2026-07-02 12:00:00,2026-07-02 16:00:00,364.1624450683594,2026-07-04 10:00:00,184.29872131347656,2026-07-04 10:00:00,3.969698429107666,2026-07-04 10:00:00,88920.203125,2026-07-04 10:00:00,,2026-07-04 10:00:00,346.0
2026-07-04 22:00:00,346.0,12.0,2026-07-04 10:00:00,2026-07-04 14:00:00,350.0,838.5,2026-07-04 10:00:00,2026-07-04 14:00:00,280.0,2026-07-04 10:00:00,2026-07-04 14:00:00,330.0,2026-07-04 10:00:00,2026-07-04 14:00:00,350.0,2026-07-04 10:00:00,2026-07-04 14:00:00,346.0,2026-07-04 10:00:00,2026-07-04 14:00:00,363.4519653320313,2026-07-04 22:00:00,227.5668487548828,2026-07-04 22:00:00,3.960044860839844,2026-07-04 22:00:00,82975.65625,2026-07-04 22:00:00,53.6999538017659,2026-07-04 22:00:00,343.0
2026-07-05 10:00:00,343.0,12.0,2026-07-04 22:00:00,2026-07-05 02:00:00,346.0,838.5,2026-07-04 10:00:00,2026-07-04 14:00:00,271.0,2026-07-04 22:00:00,2026-07-05 02:00:00,323.0,2026-07-04 22:00:00,2026-07-05 02:00:00,353.0,2026-07-04 22:00:00,2026-07-05 02:00:00,343.0,2026-07-04 22:00:00,2026-07-05 02:00:00,362.5802001953125,2026-07-05 10:00:00,230.737533569336,2026-07-05 10:00:00,3.9090499877929688,2026-07-05 10:00:00,80800.1953125,2026-07-05 10:00:00,51.91379436275872,2026-07-05 10:00:00,351.0
2026-07-06 10:00:00,351.0,24.0,2026-07-05 10:00:00,2026-07-05 14:00:00,346.0,833.7999877929688,2026-07-05 10:00:00,2026-07-05 14:00:00,267.0,2026-07-05 10:00:00,2026-07-05 14:00:00,321.0,2026-07-05 10:00:00,2026-07-05 14:00:00,357.0,2026-07-05 10:00:00,2026-07-05 14:00:00,351.0,2026-07-05 10:00:00,2026-07-05 14:00:00,365.2876586914063,2026-07-06 10:00:00,241.2783966064453,2026-07-06 10:00:00,3.966155767440796,2026-07-06 10:00:00,88289.53125,2026-07-06 10:00:00,52.68582547171502,2026-07-06 10:00:00,352.0
2026-07-07 10:00:00,352.0,24.0,2026-07-06 10:00:00,2026-07-06 14:00:00,351.0,839.4000244140625,2026-07-06 10:00:00,2026-07-06 14:00:00,274.0,2026-07-06 10:00:00,2026-07-06 14:00:00,334.0,2026-07-06 10:00:00,2026-07-06 14:00:00,357.0,2026-07-06 10:00:00,2026-07-06 14:00:00,352.0,2026-07-06 10:00:00,2026-07-06 14:00:00,366.5581359863281,2026-07-07 10:00:00,244.7801208496093,2026-07-07 10:00:00,4.004207611083984,2026-07-07 10:00:00,91242.7421875,2026-07-07 10:00:00,52.222113628678585,2026-07-07 10:00:00,352.0
2026-07-08 10:00:00,352.0,24.0,2026-07-07 10:00:00,2026-07-07 14:00:00,352.0,839.5999755859375,2026-07-07 10:00:00,2026-07-07 14:00:00,273.0,2026-07-07 10:00:00,2026-07-07 14:00:00,333.0,2026-07-07 10:00:00,2026-07-07 14:00:00,349.0,2026-07-07 10:00:00,2026-07-07 14:00:00,352.0,2026-07-07 10:00:00,2026-07-07 14:00:00,371.5584106445313,2026-07-08 10:00:00,245.08302307128903,2026-07-08 10:00:00,3.962419271469116,2026-07-08 10:00:00,96528.6640625,2026-07-08 10:00:00,51.95107176546992,2026-07-08 10:00:00,350.0
2026-07-09 10:00:00,350.0,24.0,2026-07-08 10:00:00,2026-07-08 14:00:00,352.0,839.9000244140625,2026-07-08 10:00:00,2026-07-08 14:00:00,276.0,2026-07-08 10:00:00,2026-07-08 14:00:00,332.0,2026-07-08 10:00:00,2026-07-08 14:00:00,353.0,2026-07-08 10:00:00,2026-07-08 14:00:00,350.0,2026-07-08 10:00:00,2026-07-08 14:00:00,360.9394836425781,2026-07-09 10:00:00,233.23081970214844,2026-07-09 10:00:00,3.696700572967529,2026-07-09 10:00:00,89390.046875,2026-07-09 10:00:00,52.45099580551857,2026-07-09 10:00:00,351.0
2026-07-10 10:00:00,351.0,24.0,2026-07-09 10:00:00,2026-07-09 14:00:00,351.0,842.2000122070312,2026-07-09 10:00:00,2026-07-09 14:00:00,277.0,2026-07-09 10:00:00,2026-07-09 14:00:00,333.0,2026-07-09 10:00:00,2026-07-09 14:00:00,355.0,2026-07-09 10:00:00,2026-07-09 14:00:00,351.0,2026-07-09 10:00:00,2026-07-09 14:00:00,358.60406494140625,2026-07-10 10:00:00,244.15328979492188,2026-07-10 10:00:00,4.014586925506592,2026-07-10 10:00:00,89200.125,2026-07-10 10:00:00,51.869256496761295,2026-07-10 10:00:00,350.0
2026-07-11 10:00:00,350.0,24.0,2026-07-10 10:00:00,2026-07-10 14:00:00,350.0,842.0,2026-07-10 10:00:00,2026-07-10 14:00:00,276.0,2026-07-10 10:00:00,2026-07-10 14:00:00,334.0,2026-07-10 10:00:00,2026-07-10 14:00:00,358.0,2026-07-10 10:00:00,2026-07-10 14:00:00,350.0,2026-07-10 10:00:00,2026-07-10 14:00:00,359.7469787597656,2026-07-11 10:00:00,236.9304351806641,2026-07-11 10:00:00,4.008385181427002,2026-07-11 10:00:00,89672.9140625,2026-07-11 10:00:00,51.74040443908848,2026-07-11 10:00:00,341.0
2026-07-11 18:00:00,341.0,8.0,2026-07-11 10:00:00,2026-07-11 14:00:00,350.0,838.4000244140625,2026-07-11 10:00:00,2026-07-11 14:00:00,276.0,2026-07-11 10:00:00,2026-07-11 14:00:00,329.0,2026-07-11 10:00:00,2026-07-11 14:00:00,348.0,2026-07-11 10:00:00,2026-07-11 14:00:00,341.0,2026-07-11 10:00:00,2026-07-11 14:00:00,354.3070373535156,2026-07-11 18:00:00,232.83677673339844,2026-07-11 18:00:00,3.848273038864136,2026-07-11 18:00:00,87506.890625,2026-07-11 18:00:00,52.962750535774944,2026-07-11 18:00:00,341.0
2026-07-11 22:00:00,341.0,4.0,2026-07-11 18:00:00,2026-07-11 22:00:00,341.0,838.4000244140625,2026-07-11 10:00:00,2026-07-11 14:00:00,275.0,2026-07-11 18:00:00,2026-07-11 22:00:00,325.0,2026-07-11 18:00:00,2026-07-11 22:00:00,348.0,2026-07-11 10:00:00,2026-07-11 14:00:00,341.0,2026-07-11 18:00:00,2026-07-11 22:00:00,359.270751953125,2026-07-11 22:00:00,239.4032745361328,2026-07-11 22:00:00,3.955349922180176,2026-07-11 22:00:00,90984.203125,2026-07-11 22:00:00,52.764336826964495,2026-07-11 22:00:00,350.0
2026-07-12 10:00:00,350.0,12.0,2026-07-11 22:00:00,2026-07-12 02:00:00,341.0,838.4000244140625,2026-07-11 10:00:00,2026-07-11 14:00:00,279.0,2026-07-11 22:00:00,2026-07-12 02:00:00,333.0,2026-07-11 22:00:00,2026-07-12 02:00:00,348.0,2026-07-11 10:00:00,2026-07-11 14:00:00,350.0,2026-07-11 22:00:00,2026-07-12 02:00:00,364.444091796875,2026-07-12 10:00:00,245.4245758056641,2026-07-12 10:00:00,3.9524178504943848,2026-07-12 10:00:00,94829.65625,2026-07-12 10:00:00,53.54462248143943,2026-07-12 10:00:00,350.0
2026-07-12 22:00:00,350.0,12.0,2026-07-12 10:00:00,2026-07-12 14:00:00,350.0,844.5,2026-07-12 10:00:00,2026-07-12 14:00:00,277.0,2026-07-12 10:00:00,2026-07-12 14:00:00,333.0,2026-07-12 10:00:00,2026-07-12 14:00:00,352.0,2026-07-12 10:00:00,2026-07-12 14:00:00,350.0,2026-07-12 10:00:00,2026-07-12 14:00:00,363.31243896484375,2026-07-12 22:00:00,247.69265747070312,2026-07-12 22:00:00,3.914489984512329,2026-07-12 22:00:00,94976.9140625,2026-07-12 22:00:00,51.09953790714292,2026-07-12 22:00:00,353.0
2026-07-13 10:00:00,353.0,12.0,2026-07-12 22:00:00,2026-07-13 02:00:00,350.0,844.5,2026-07-12 10:00:00,2026-07-12 14:00:00,282.0,2026-07-12 22:00:00,2026-07-13 02:00:00,338.0,2026-07-12 22:00:00,2026-07-13 02:00:00,352.0,2026-07-12 10:00:00,2026-07-12 14:00:00,353.0,2026-07-12 22:00:00,2026-07-13 02:00:00,367.3294982910156,2026-07-13 10:00:00,251.02183532714844,2026-07-13 10:00:00,4.021533012390137,2026-07-13 10:00:00,95993.4609375,2026-07-13 10:00:00,52.04734980485716,2026-07-13 10:00:00,349.0
2026-07-14 10:00:00,349.0,24.0,2026-07-13 10:00:00,2026-07-13 14:00:00,350.0,848.0,2026-07-13 10:00:00,2026-07-13 14:00:00,279.0,2026-07-13 10:00:00,2026-07-13 14:00:00,331.0,2026-07-13 10:00:00,2026-07-13 14:00:00,355.0,2026-07-13 10:00:00,2026-07-13 14:00:00,349.0,2026-07-13 10:00:00,2026-07-13 14:00:00,365.5567932128906,2026-07-14 10:00:00,252.89801025390625,2026-07-14 10:00:00,3.9750242233276367,2026-07-14 10:00:00,94965.90625,2026-07-14 10:00:00,50.329643984753034,2026-07-14 10:00:00,357.0
2026-07-15 10:00:00,357.0,24.0,2026-07-14 10:00:00,2026-07-14 14:00:00,353.0,844.4000244140625,2026-07-14 10:00:00,2026-07-14 14:00:00,282.0,2026-07-14 10:00:00,2026-07-14 14:00:00,339.0,2026-07-14 10:00:00,2026-07-14 14:00:00,360.0,2026-07-14 10:00:00,2026-07-14 14:00:00,357.0,2026-07-14 10:00:00,2026-07-14 14:00:00,362.6615295410156,2026-07-15 10:00:00,236.66900634765625,2026-07-15 10:00:00,4.015474796295166,2026-07-15 10:00:00,88670.8359375,2026-07-15 10:00:00,52.08063743551827,2026-07-15 10:00:00,341.0
2026-07-16 10:00:00,341.0,24.0,2026-07-15 10:00:00,2026-07-15 14:00:00,349.0,840.0,2026-07-15 10:00:00,2026-07-15 14:00:00,279.0,2026-07-15 10:00:00,2026-07-15 14:00:00,332.0,2026-07-15 10:00:00,2026-07-15 14:00:00,349.0,2026-07-15 10:00:00,2026-07-15 14:00:00,341.0,2026-07-15 10:00:00,2026-07-15 14:00:00,365.42388916015625,2026-07-16 10:00:00,255.1718292236328,2026-07-16 10:00:00,3.996902942657471,2026-07-16 10:00:00,94752.65625,2026-07-16 10:00:00,52.99888302475324,2026-07-16 10:00:00,350.0
2026-07-17 10:00:00,350.0,24.0,2026-07-16 10:00:00,2026-07-16 14:00:00,350.0,842.2999877929688,2026-07-16 10:00:00,2026-07-16 14:00:00,281.0,2026-07-16 10:00:00,2026-07-16 14:00:00,335.0,2026-07-16 10:00:00,2026-07-16 14:00:00,358.0,2026-07-16 10:00:00,2026-07-16 14:00:00,350.0,2026-07-16 10:00:00,2026-07-16 14:00:00,364.708251953125,2026-07-17 10:00:00,252.9060974121093,2026-07-17 10:00:00,3.965685606002808,2026-07-17 10:00:00,93762.0703125,2026-07-17 10:00:00,52.598239831407,2026-07-17 10:00:00,351.0
2026-07-18 05:00:00,351.0,19.0,2026-07-17 10:00:00,2026-07-17 14:00:00,350.0,842.9000244140625,2026-07-17 10:00:00,2026-07-17 14:00:00,281.0,2026-07-17 10:00:00,2026-07-17 14:00:00,335.0,2026-07-17 10:00:00,2026-07-17 14:00:00,359.0,2026-07-17 10:00:00,2026-07-17 14:00:00,351.0,2026-07-17 10:00:00,2026-07-17 14:00:00,365.9859619140625,2026-07-18 05:00:00,216.0848693847656,2026-07-18 05:00:00,3.994124412536621,2026-07-18 05:00:00,88068.0078125,2026-07-18 05:00:00,52.396733047633916,2026-07-18 05:00:00,351.0
2026-07-18 10:00:00,351.0,5.0,2026-07-18 05:00:00,2026-07-18 09:00:00,351.0,849.2000122070312,2026-07-18 05:00:00,2026-07-18 09:00:00,284.0,2026-07-18 05:00:00,2026-07-18 09:00:00,336.0,2026-07-18 05:00:00,2026-07-18 09:00:00,359.0,2026-07-17 10:00:00,2026-07-17 14:00:00,351.0,2026-07-18 05:00:00,2026-07-18 09:00:00,367.17529296875,2026-07-18 10:00:00,232.4696502685547,2026-07-18 10:00:00,3.9736404418945312,2026-07-18 10:00:00,92697.2734375,2026-07-18 10:00:00,50.86387640202361,2026-07-18 10:00:00,351.0
2026-07-18 22:00:00,351.0,12.0,2026-07-18 10:00:00,2026-07-18 14:00:00,351.0,852.7999877929688,2026-07-18 10:00:00,2026-07-18 14:00:00,285.0,2026-07-18 10:00:00,2026-07-18 14:00:00,337.0,2026-07-18 10:00:00,2026-07-18 14:00:00,359.0,2026-07-18 10:00:00,2026-07-18 14:00:00,351.0,2026-07-18 10:00:00,2026-07-18 14:00:00,362.9519653320313,2026-07-18 22:00:00,240.54806518554688,2026-07-18 22:00:00,3.991346597671509,2026-07-18 22:00:00,91893.1015625,2026-07-18 22:00:00,49.88055369820552,2026-07-18 22:00:00,346.0
2026-07-19 10:00:00,346.0,12.0,2026-07-18 22:00:00,2026-07-19 02:00:00,351.0,846.2000122070312,2026-07-18 22:00:00,2026-07-19 02:00:00,281.0,2026-07-18 22:00:00,2026-07-19 02:00:00,333.0,2026-07-18 22:00:00,2026-07-19 02:00:00,359.0,2026-07-18 10:00:00,2026-07-18 14:00:00,346.0,2026-07-18 22:00:00,2026-07-19 02:00:00,365.9450988769531,2026-07-19 10:00:00,234.1310272216797,2026-07-19 10:00:00,3.985083341598511,2026-07-19 10:00:00,90376.9921875,2026-07-19 10:00:00,51.29848840599311,2026-07-19 10:00:00,355.0
2026-07-20 10:00:00,355.0,24.0,2026-07-19 10:00:00,2026-07-19 14:00:00,351.0,847.2999877929688,2026-07-19 10:00:00,2026-07-19 14:00:00,286.0,2026-07-19 10:00:00,2026-07-19 14:00:00,341.0,2026-07-19 10:00:00,2026-07-19 14:00:00,359.0,2026-07-19 10:00:00,2026-07-19 14:00:00,355.0,2026-07-19 10:00:00,2026-07-19 14:00:00,368.5021057128906,2026-07-20 10:00:00,237.247314453125,2026-07-20 10:00:00,3.9282071590423584,2026-07-20 10:00:00,92883.3046875,2026-07-20 10:00:00,51.84076354323258,2026-07-20 10:00:00,361.0
2026-07-21 10:00:00,361.0,24.0,2026-07-20 10:00:00,2026-07-20 14:00:00,355.0,847.4000244140625,2026-07-20 10:00:00,2026-07-20 14:00:00,289.0,2026-07-20 10:00:00,2026-07-20 14:00:00,347.0,2026-07-20 10:00:00,2026-07-20 14:00:00,371.0,2026-07-20 10:00:00,2026-07-20 14:00:00,361.0,2026-07-20 10:00:00,2026-07-20 14:00:00,367.43365478515625,2026-07-21 10:00:00,235.3511505126953,2026-07-21 10:00:00,3.985490560531616,2026-07-21 10:00:00,94037.3359375,2026-07-21 10:00:00,52.3253573046444,2026-07-21 10:00:00,351.0
2026-07-23 10:00:00,351.0,48.0,2026-07-21 10:00:00,2026-07-21 14:00:00,355.0,848.5,2026-07-21 10:00:00,2026-07-21 14:00:00,281.0,2026-07-21 10:00:00,2026-07-21 14:00:00,336.0,2026-07-21 10:00:00,2026-07-21 14:00:00,357.0,2026-07-22 10:00:00,2026-07-22 14:00:00,351.0,2026-07-21 10:00:00,2026-07-21 14:00:00,366.2645568847656,2026-07-23 10:00:00,214.34852600097656,2026-07-23 10:00:00,3.822021007537842,2026-07-23 10:00:00,82238.1484375,2026-07-23 10:00:00,50.54302495671675,2026-07-23 10:00:00,353.0
2026-07-24 10:00:00,353.0,24.0,2026-07-23 10:00:00,2026-07-23 14:00:00,353.0,841.7000122070312,2026-07-23 10:00:00,2026-07-23 14:00:00,286.0,2026-07-23 10:00:00,2026-07-23 14:00:00,336.0,2026-07-23 10:00:00,2026-07-23 14:00:00,354.0,2026-07-23 10:00:00,2026-07-23 14:00:00,353.0,2026-07-23 10:00:00,2026-07-23 14:00:00,366.329345703125,2026-07-24 10:00:00,204.56951904296875,2026-07-24 10:00:00,4.004142284393311,2026-07-24 10:00:00,86576.8125,2026-07-24 10:00:00,53.70488420027607,2026-07-24 10:00:00,355.0
2026-07-25 10:00:00,355.0,24.0,2026-07-24 10:00:00,2026-07-24 14:00:00,353.0,842.2000122070312,2026-07-24 10:00:00,2026-07-24 14:00:00,283.0,2026-07-24 10:00:00,2026-07-24 14:00:00,339.0,2026-07-24 10:00:00,2026-07-24 14:00:00,363.0,2026-07-24 10:00:00,2026-07-24 14:00:00,355.0,2026-07-24 10:00:00,2026-07-24 14:00:00,368.4793090820313,2026-07-25 10:00:00,245.65737915039065,2026-07-25 10:00:00,3.951141834259033,2026-07-25 10:00:00,91671.1171875,2026-07-25 10:00:00,53.00011499095899,2026-07-25 10:00:00,366.0
2026-07-25 20:59:48,366.0,10.996666666666666,2026-07-25 10:00:00,2026-07-25 14:00:00,355.0,840.5999755859375,2026-07-25 10:00:00,2026-07-25 14:00:00,285.0,2026-07-25 10:00:00,2026-07-25 14:00:00,345.0,2026-07-25 10:00:00,2026-07-25 14:00:00,366.0,2026-07-25 10:00:00,2026-07-25 14:00:00,366.0,2026-07-25 10:00:00,2026-07-25 14:00:00,367.8067932128906,2026-07-25 20:50:00,254.45327758789065,2026-07-25 20:50:00,3.897348165512085,2026-07-25 20:50:00,94848.0,2026-07-25 20:50:00,53.90010773100846,2026-07-25 20:59:48,358.0
2026-07-26 10:00:00,358.0,13.003333333333334,2026-07-25 20:59:48,2026-07-26 00:59:48,358.0,840.5999755859375,2026-07-25 10:00:00,2026-07-25 14:00:00,281.0,2026-07-25 20:59:48,2026-07-26 00:59:48,341.0,2026-07-25 20:59:48,2026-07-26 00:59:48,366.0,2026-07-25 10:00:00,2026-07-25 14:00:00,358.0,2026-07-25 20:59:48,2026-07-26 00:59:48,356.0077209472656,2026-07-26 10:00:00,204.9720458984375,2026-07-26 10:00:00,3.905987024307251,2026-07-26 10:00:00,80513.953125,2026-07-26 10:00:00,53.17217429260711,2026-07-26 10:00:00,360.0
2026-07-27 10:00:00,360.0,24.0,2026-07-26 10:00:00,2026-07-26 14:00:00,360.0,838.0999755859375,2026-07-26 10:00:00,2026-07-26 14:00:00,283.0,2026-07-26 10:00:00,2026-07-26 14:00:00,340.0,2026-07-26 10:00:00,2026-07-26 14:00:00,363.0,2026-07-26 10:00:00,2026-07-26 14:00:00,360.0,2026-07-26 10:00:00,2026-07-26 14:00:00,361.3049926757813,2026-07-27 10:00:00,240.46987915039065,2026-07-27 10:00:00,4.021622657775879,2026-07-27 10:00:00,92506.0859375,2026-07-27 10:00:00,54.39257101680403,2026-07-27 10:00:00,351.0
2026-07-28 10:00:00,351.0,24.0,2026-07-27 10:00:00,2026-07-27 14:00:00,358.0,837.7999877929688,2026-07-27 10:00:00,2026-07-27 14:00:00,282.0,2026-07-27 10:00:00,2026-07-27 14:00:00,333.0,2026-07-27 10:00:00,2026-07-27 14:00:00,355.0,2026-07-27 10:00:00,2026-07-27 14:00:00,351.0,2026-07-27 10:00:00,2026-07-27 14:00:00,360.88916015625,2026-07-28 10:00:00,225.88739013671875,2026-07-28 10:00:00,3.983128309249878,2026-07-28 10:00:00,83594.6328125,2026-07-28 10:00:00,54.31242901166331,2026-07-28 10:00:00,358.0
2026-07-29 10:00:00,358.0,24.0,2026-07-28 10:00:00,2026-07-28 14:00:00,358.0,837.0999755859375,2026-07-28 10:00:00,2026-07-28 14:00:00,283.0,2026-07-28 10:00:00,2026-07-28 14:00:00,343.0,2026-07-28 10:00:00,2026-07-28 14:00:00,367.0,2026-07-28 10:00:00,2026-07-28 14:00:00,358.0,2026-07-28 10:00:00,2026-07-28 14:00:00,359.9564819335937,2026-07-29 10:00:00,249.72579956054688,2026-07-29 10:00:00,3.9694690704345694,2026-07-29 10:00:00,93487.3046875,2026-07-29 10:00:00,54.73614260663305,2026-07-29 10:00:00,351.0
2026-07-30 10:00:00,351.0,24.0,2026-07-29 10:00:00,2026-07-29 14:00:00,351.0,833.5,2026-07-29 10:00:00,2026-07-29 14:00:00,277.0,2026-07-29 10:00:00,2026-07-29 14:00:00,331.0,2026-07-29 10:00:00,2026-07-29 14:00:00,357.0,2026-07-29 10:00:00,2026-07-29 14:00:00,351.0,2026-07-29 10:00:00,2026-07-29 14:00:00,361.3900146484375,2026-07-30 10:00:00,252.31483459472656,2026-07-30 10:00:00,4.012322902679443,2026-07-30 10:00:00,94625.5703125,2026-07-30 10:00:00,54.85496298714304,2026-07-30 10:00:00,351.0
2026-07-31 10:00:00,351.0,24.0,2026-07-30 10:00:00,2026-07-30 14:00:00,351.0,834.2999877929688,2026-07-30 10:00:00,2026-07-30 14:00:00,277.0,2026-07-30 10:00:00,2026-07-30 14:00:00,333.0,2026-07-30 10:00:00,2026-07-30 14:00:00,360.0,2026-07-30 10:00:00,2026-07-30 14:00:00,351.0,2026-07-30 10:00:00,2026-07-30 14:00:00,363.7134399414063,2026-07-31 10:00:00,251.86209106445312,2026-07-31 10:00:00,3.969909429550171,2026-07-31 10:00:00,95271.015625,2026-07-31 10:00:00,54.575523541149664,2026-07-31 10:00:00,356.0
2026-08-01 10:00:00,356.0,24.0,2026-07-31 10:00:00,2026-07-31 14:00:00,351.0,836.5,2026-07-31 10:00:00,2026-07-31 14:00:00,277.0,2026-07-31 10:00:00,2026-07-31 14:00:00,336.0,2026-07-31 10:00:00,2026-07-31 14:00:00,360.0,2026-07-31 10:00:00,2026-07-31 14:00:00,356.0,2026-07-31 10:00:00,2026-07-31 14:00:00,365.08441162109375,2026-08-01 10:00:00,254.9630279541016,2026-08-01 10:00:00,4.02631425857544,2026-08-01 10:00:00,95676.484375,2026-08-01 10:00:00,53.812162387143076,2026-08-01 10:00:00,351.0
2026-08-02 10:00:00,351.0,24.0,2026-08-01 10:00:00,2026-08-01 14:00:00,351.0,837.5999755859375,2026-08-01 10:00:00,2026-08-01 14:00:00,281.0,2026-08-01 10:00:00,2026-08-01 14:00:00,336.0,2026-08-01 10:00:00,2026-08-01 14:00:00,359.0,2026-08-01 10:00:00,2026-08-01 14:00:00,351.0,2026-08-01 10:00:00,2026-08-01 14:00:00,360.669677734375,2026-08-02 10:00:00,255.0410919189453,2026-08-02 10:00:00,3.983643293380737,2026-08-02 10:00:00,94899.296875,2026-08-02 10:00:00,54.19591640209444,2026-08-02 10:00:00,354.0
2026-08-03 10:00:00,354.0,24.0,2026-08-02 10:00:00,2026-08-02 14:00:00,354.0,836.7000122070312,2026-08-02 10:00:00,2026-08-02 14:00:00,280.0,2026-08-02 10:00:00,2026-08-02 14:00:00,338.0,2026-08-02 10:00:00,2026-08-02 14:00:00,353.0,2026-08-02 10:00:00,2026-08-02 14:00:00,354.0,2026-08-02 10:00:00,2026-08-02 14:00:00,363.0009765625,2026-08-03 10:00:00,253.49636840820312,2026-08-03 10:00:00,3.9879379272460938,2026-08-03 10:00:00,95298.421875,2026-08-03 10:00:00,54.31837838435422,2026-08-03 10:00:00,355.0
2026-08-04 10:00:00,355.0,24.0,2026-08-03 10:00:00,2026-08-03 14:00:00,354.0,839.0,2026-08-03 10:00:00,2026-08-03 14:00:00,281.0,2026-08-03 10:00:00,2026-08-03 14:00:00,339.0,2026-08-03 10:00:00,2026-08-03 14:00:00,362.0,2026-08-03 10:00:00,2026-08-03 14:00:00,355.0,2026-08-03 10:00:00,2026-08-03 14:00:00,366.36566162109375,2026-08-04 10:00:00,251.62966918945312,2026-08-04 10:00:00,4.000637531280518,2026-08-04 10:00:00,94582.4921875,2026-08-04 10:00:00,53.71642633171666,2026-08-04 10:00:00,354.0
2026-08-05 10:00:00,354.0,24.0,2026-08-04 10:00:00,2026-08-04 14:00:00,354.0,837.0,2026-08-04 10:00:00,2026-08-04 14:00:00,272.0,2026-08-04 10:00:00,2026-08-04 14:00:00,338.0,2026-08-04 10:00:00,2026-08-04 14:00:00,358.0,2026-08-04 10:00:00,2026-08-04 14:00:00,354.0,2026-08-04 10:00:00,2026-08-04 14:00:00,367.7518615722656,2026-08-05 10:00:00,251.8163299560547,2026-08-05 10:00:00,3.978726387023926,2026-08-05 10:00:00,95081.7578125,2026-08-05 10:00:00,52.63631463959473,2026-08-05 10:00:00,359.0
2026-08-06 10:00:00,359.0,24.0,2026-08-05 10:00:00,2026-08-05 14:00:00,355.0,836.7999877929688,2026-08-05 10:00:00,2026-08-05 14:00:00,279.0,2026-08-05 10:00:00,2026-08-05 14:00:00,341.0,2026-08-05 10:00:00,2026-08-05 14:00:00,360.0,2026-08-05 10:00:00,2026-08-05 14:00:00,359.0,2026-08-05 10:00:00,2026-08-05 14:00:00,366.1106262207031,2026-08-06 10:00:00,255.2008819580078,2026-08-06 10:00:00,3.926906108856201,2026-08-06 10:00:00,95806.8671875,2026-08-06 10:00:00,54.094349531473426,2026-08-06 10:00:00,354.0
2026-08-07 10:00:00,354.0,24.0,2026-08-06 10:00:00,2026-08-06 14:00:00,354.0,837.7000122070312,2026-08-06 10:00:00,2026-08-06 14:00:00,281.0,2026-08-06 10:00:00,2026-08-06 14:00:00,341.0,2026-08-06 10:00:00,2026-08-06 14:00:00,352.0,2026-08-06 10:00:00,2026-08-06 14:00:00,354.0,2026-08-06 10:00:00,2026-08-06 14:00:00,,2026-08-07 00:00:00,,2026-08-07 00:00:00,,2026-08-07 00:00:00,,2026-08-07 00:00:00,54.161554414219495,2026-08-07 10:00:00,365.0
2026-08-08 10:00:00,365.0,24.0,2026-08-07 10:00:00,2026-08-07 14:00:00,359.0,838.5999755859375,2026-08-07 10:00:00,2026-08-07 14:00:00,283.0,2026-08-07 10:00:00,2026-08-07 14:00:00,346.0,2026-08-07 10:00:00,2026-08-07 14:00:00,367.0,2026-08-07 10:00:00,2026-08-07 14:00:00,365.0,2026-08-07 10:00:00,2026-08-07 14:00:00,,2026-08-07 00:00:00,,2026-08-07 00:00:00,,2026-08-07 00:00:00,,2026-08-07 00:00:00,54.2213662768894,2026-08-08 10:00:00,358.0
2026-08-09 10:00:00,358.0,24.0,2026-08-08 10:00:00,2026-08-08 14:00:00,358.0,836.5999755859375,2026-08-08 10:00:00,2026-08-08 14:00:00,278.0,2026-08-08 10:00:00,2026-08-08 14:00:00,339.0,2026-08-08 10:00:00,2026-08-08 14:00:00,361.0,2026-08-08 10:00:00,2026-08-08 14:00:00,358.0,2026-08-08 10:00:00,2026-08-08 14:00:00,,2026-08-07 00:00:00,,2026-08-07 00:00:00,,2026-08-07 00:00:00,,2026-08-07 00:00:00,53.97160352872413,2026-08-09 10:00:00,353.0
