prediction_origin,target_time,target,previous_age_hours,year,target_name,horizon,common,previous,median3,ridge1,ridge10,ridge100,index,index_offset,vak_feed_hypothesis,vak_product_hypothesis
2025-01-01 10:00:00,2025-01-01 10:00:00,53.20000076293945,528.0,2025,cetane,0,True,53.29999923706055,55.20000076293945,54.19591446848906,54.151015848666965,54.75664697825442,51.84569546496448,53.97250156088552,,
2025-02-07 10:00:00,2025-02-07 10:00:00,52.0,888.0,2025,cetane,0,True,53.20000076293945,53.29999923706055,54.947437757434685,55.15450049857477,55.193371496831915,53.97198914756268,56.09879524348372,,
2025-03-11 10:00:00,2025-03-11 10:00:00,52.70000076293945,768.0,2025,cetane,0,True,52.0,53.20000076293945,55.49100009898609,55.407239057257506,55.2540808834887,53.875736402028,56.00254249794904,,
2025-06-05 10:00:00,2025-06-05 10:00:00,53.29999923706055,2064.0,2025,cetane,0,False,,,,,,54.42193371379403,56.54873980971507,,
2025-07-10 10:00:00,2025-07-10 10:00:00,53.0,840.0,2025,cetane,0,True,53.29999923706055,52.70000076293945,55.805015825248184,55.836401434578704,55.45371987993637,54.49105510189679,56.61786119781783,,
2025-08-04 06:00:00,2025-08-04 06:00:00,52.20000076293945,596.0,2025,cetane,0,False,53.0,53.0,,,,,,,
2025-08-04 10:00:00,2025-08-04 10:00:00,52.20000076293945,4.0,2025,cetane,0,False,52.20000076293945,53.0,,,,,,,
2025-09-03 10:00:00,2025-09-03 10:00:00,54.5,720.0,2025,cetane,0,False,52.20000076293945,52.20000076293945,,,,,,,
2025-10-01 10:00:00,2025-10-01 10:00:00,53.29999923706055,672.0,2025,cetane,0,False,54.5,52.20000076293945,,,,,,,
2025-11-05 10:00:00,2025-11-05 10:00:00,54.599998474121094,840.0,2025,cetane,0,False,53.29999923706055,53.29999923706055,,,,,,,
2025-12-03 10:00:00,2025-12-03 10:00:00,53.70000076293945,672.0,2025,cetane,0,False,54.599998474121094,54.5,,,,,,,
2025-01-01 07:00:00,2025-01-01 10:00:00,53.20000076293945,525.0,2025,cetane,180,True,53.29999923706055,55.20000076293945,54.079637040398936,54.07712758498335,54.77357669519405,51.84569546496448,54.08089827640151,,
2025-02-07 07:00:00,2025-02-07 10:00:00,52.0,885.0,2025,cetane,180,True,53.20000076293945,53.29999923706055,54.87528248261286,55.11516680936572,55.24086224103183,53.97198914756268,56.207191958999715,,
2025-03-11 07:00:00,2025-03-11 10:00:00,52.70000076293945,765.0,2025,cetane,180,True,52.0,53.20000076293945,55.2955503006283,55.29120945621965,55.282899343058574,53.875736402028,56.11093921346503,,
2025-06-05 07:00:00,2025-06-05 10:00:00,53.29999923706055,2061.0,2025,cetane,180,False,,,,,,54.42193371379403,56.65713652523107,,
2025-07-10 07:00:00,2025-07-10 10:00:00,53.0,837.0,2025,cetane,180,True,53.29999923706055,52.70000076293945,55.732299870346395,55.81057840203419,55.51757244626323,54.49105510189679,56.726257913333825,,
2025-08-04 03:00:00,2025-08-04 06:00:00,52.20000076293945,593.0,2025,cetane,180,False,53.0,53.0,,,,,,,
2025-08-04 07:00:00,2025-08-04 10:00:00,52.20000076293945,597.0,2025,cetane,180,False,53.0,53.0,,,,,,,
2025-09-03 07:00:00,2025-09-03 10:00:00,54.5,717.0,2025,cetane,180,False,52.20000076293945,52.20000076293945,,,,,,,
2025-10-01 07:00:00,2025-10-01 10:00:00,53.29999923706055,669.0,2025,cetane,180,False,54.5,52.20000076293945,,,,,,,
2025-11-05 07:00:00,2025-11-05 10:00:00,54.599998474121094,837.0,2025,cetane,180,False,53.29999923706055,53.29999923706055,,,,,,,
2025-12-03 07:00:00,2025-12-03 10:00:00,53.70000076293945,669.0,2025,cetane,180,False,54.599998474121094,54.5,,,,,,,
2025-01-01 10:00:00,2025-01-01 10:00:00,342.0,24.0,2025,t95,0,True,335.0,340.0,336.8147868202911,336.87939064439274,337.3193831631747,,,335.3452738372803,330.5131738372803
2025-01-02 10:00:00,2025-01-02 10:00:00,332.0,24.0,2025,t95,0,True,342.0,342.0,339.11901101980885,339.19174461355993,339.6403281615354,,,331.42816282379147,330.4617428237915
2025-01-03 10:00:00,2025-01-03 10:00:00,337.0,24.0,2025,t95,0,True,332.0,335.0,334.4950514987362,334.53570390966735,335.03989168635286,,,328.049496647644,325.150236647644
2025-01-04 10:00:00,2025-01-04 10:00:00,338.0,24.0,2025,t95,0,True,337.0,337.0,339.5279304793289,339.5418481213173,339.75527632127654,,,336.53468813903805,330.25295813903807
2025-01-05 10:00:00,2025-01-05 10:00:00,346.0,24.0,2025,t95,0,True,338.0,337.0,337.1373382247519,337.2146522237029,337.7039609767337,,,329.9158101434326,326.0501301434326
2025-01-06 10:00:00,2025-01-06 10:00:00,344.0,24.0,2025,t95,0,True,346.0,338.0,341.8620690411467,341.910899073981,342.2131383593047,,,331.85161464370725,329.91877464370725
2025-01-07 10:00:00,2025-01-07 10:00:00,347.0,24.0,2025,t95,0,True,344.0,344.0,339.00011593315935,339.0923482177585,339.6261117694224,,,329.7499801498413,330.2331901498413
2025-01-08 10:00:00,2025-01-08 10:00:00,339.0,24.0,2025,t95,0,True,347.0,346.0,340.74706203529297,340.879171793452,341.40598394830937,,,333.9710049508667,332.5213749508667
2025-01-09 10:00:00,2025-01-09 10:00:00,338.0,24.0,2025,t95,0,True,339.0,344.0,337.9135742237062,337.9665002322398,338.39835090783396,,,330.56403194915765,328.1479819491577
2025-01-10 10:00:00,2025-01-10 10:00:00,337.0,24.0,2025,t95,0,True,338.0,339.0,337.203833688734,337.2623838576516,337.7315567653711,,,330.13006527282715,327.71401527282717
2025-01-11 10:00:00,2025-01-11 10:00:00,340.0,24.0,2025,t95,0,True,337.0,338.0,336.32632631247196,336.41492894727395,336.96547785633913,,,332.77256319671625,330.35651319671626
2025-01-12 10:00:00,2025-01-12 10:00:00,344.0,24.0,2025,t95,0,True,340.0,338.0,341.52115651773386,341.50649688208745,341.59167526354804,,,335.3139685223389,329.03223852233884
2025-01-13 10:00:00,2025-01-13 10:00:00,341.0,24.0,2025,t95,0,True,344.0,340.0,341.1961486843377,341.2378298309736,341.5377571886641,,,333.1245486575317,331.1917086575317
2025-01-14 10:00:00,2025-01-14 10:00:00,340.0,24.0,2025,t95,0,True,341.0,341.0,339.4008231423337,339.45542293991235,339.8379691542415,,,335.3350734851074,332.9190234851074
2025-01-15 10:00:00,2025-01-15 10:00:00,339.0,24.0,2025,t95,0,True,340.0,341.0,338.5711609984964,338.5811440978366,338.9378949287622,,,331.2890472668457,331.7722572668457
2025-01-16 10:00:00,2025-01-16 10:00:00,343.0,24.0,2025,t95,0,True,339.0,340.0,338.01626638748314,338.0768912533259,338.50758251472325,,,331.07920479980464,327.6967347998047
2025-01-17 10:00:00,2025-01-17 10:00:00,340.0,24.0,2025,t95,0,True,343.0,340.0,341.5622388900158,341.58282041386803,341.79479985232246,,,334.3655630810547,330.9830930810547
2025-01-18 10:00:00,2025-01-18 10:00:00,342.0,24.0,2025,t95,0,True,340.0,340.0,338.74371665490264,338.7914657117024,339.18263751643053,,,331.1427964691162,329.20995646911615
2025-01-19 10:00:00,2025-01-19 10:00:00,347.0,24.0,2025,t95,0,True,342.0,342.0,340.0978963647594,340.145570836331,340.4828566811763,,,332.72427783843995,330.30822783843996
2025-01-20 10:00:00,2025-01-20 10:00:00,349.0,24.0,2025,t95,0,True,347.0,342.0,344.26683391546277,344.28945233694463,344.40513431233603,,,337.02584315612796,333.16016315612796
2025-01-21 10:00:00,2025-01-21 10:00:00,346.0,24.0,2025,t95,0,True,349.0,347.0,345.0346652046698,345.06921876307456,345.2040285332337,,,338.21491780792235,335.79886780792236
2025-01-22 10:00:00,2025-01-22 10:00:00,350.0,24.0,2025,t95,0,True,346.0,347.0,343.91838021505845,343.93266989429105,344.0391696188919,,,339.10598357574463,335.7235135757446
2025-01-23 10:00:00,2025-01-23 10:00:00,343.0,24.0,2025,t95,0,True,350.0,349.0,345.13108590218417,345.1651825685069,345.3081796696475,,,336.43107250701905,334.015022507019
2025-01-24 10:00:00,2025-01-24 10:00:00,344.0,24.0,2025,t95,0,True,343.0,346.0,342.20727294795665,342.2506538016836,342.4389244655594,,,340.7842782217407,335.4689682217407
2025-01-25 10:00:00,2025-01-25 10:00:00,341.0,24.0,2025,t95,0,True,344.0,344.0,342.53866637550817,342.5741107286305,342.767202460813,,,336.48188452423096,332.61620452423097
2025-01-26 10:00:00,2025-01-26 10:00:00,340.0,24.0,2025,t95,0,True,341.0,343.0,340.2950704086304,340.32612804306905,340.5977362550084,,,335.9907565887451,333.09149658874514
2025-01-27 10:00:00,2025-01-27 10:00:00,340.0,24.0,2025,t95,0,True,340.0,341.0,340.1818087967651,340.2083335900054,340.4589758774208,,,335.80287798156735,330.9707779815674
2025-01-28 10:00:00,2025-01-28 10:00:00,342.0,24.0,2025,t95,0,True,340.0,340.0,340.5615741881321,340.58595700208895,340.81206321528265,,,335.083162638855,330.734272638855
2025-01-29 10:00:00,2025-01-29 10:00:00,346.0,24.0,2025,t95,0,True,342.0,340.0,340.7406807125613,340.7812682889963,341.05591043830754,,,337.25385307495117,334.8378030749511
2025-01-30 10:00:00,2025-01-30 10:00:00,340.0,24.0,2025,t95,0,True,346.0,342.0,345.1226817593612,345.1160287124333,345.1069662155293,,,346.1957111224365,343.7796611224365
2025-01-31 10:00:00,2025-01-31 10:00:00,344.0,24.0,2025,t95,0,True,340.0,342.0,342.1988394158159,342.20356363034784,342.3064756200012,,,346.67233463806156,344.2562846380615
2025-02-01 10:00:00,2025-02-01 10:00:00,350.0,24.0,2025,t95,0,True,344.0,344.0,342.4537819802086,342.51360367401577,342.77713063470486,,,343.50563122406004,343.02242122406005
2025-02-02 10:00:00,2025-02-02 10:00:00,340.0,24.0,2025,t95,0,True,350.0,344.0,347.528818809604,347.5352170898325,347.4948901686843,,,346.88410940124504,345.91768940124507
2025-02-03 10:00:00,2025-02-03 10:00:00,335.0,24.0,2025,t95,0,True,340.0,344.0,340.60313469082297,340.6363505807534,340.8834081180809,,,341.5124977050781,340.5460777050781
2025-02-04 10:00:00,2025-02-04 10:00:00,341.0,24.0,2025,t95,0,True,335.0,340.0,338.1409301670993,338.1759402717534,338.5004692165701,,,340.3208932168579,336.9384232168579
2025-02-05 10:00:00,2025-02-05 10:00:00,347.0,24.0,2025,t95,0,True,341.0,340.0,342.68576948007336,342.69010450288397,342.79347924773907,,,345.0847647122192,343.1519247122192
2025-02-07 10:00:00,2025-02-07 10:00:00,342.0,48.0,2025,t95,0,True,347.0,341.0,344.4371511516408,344.46104419954065,344.59914282327026,,,342.77194440490723,343.2551544049072
2025-02-08 10:00:00,2025-02-08 10:00:00,341.0,24.0,2025,t95,0,True,342.0,342.0,341.3208872219681,341.3665069550297,341.6434896035336,,,342.09193218505857,342.09193218505857
2025-02-09 10:00:00,2025-02-09 10:00:00,336.0,24.0,2025,t95,0,True,341.0,342.0,343.85514164625306,343.83719225614516,343.8030532002143,,,344.76779763000485,339.45248763000484
2025-02-10 10:00:00,2025-02-10 10:00:00,341.0,24.0,2025,t95,0,True,336.0,341.0,339.42844757809746,339.42926637690044,339.6298612921582,,,339.8960297845459,336.9967697845459
2025-02-11 10:00:00,2025-02-11 10:00:00,340.0,24.0,2025,t95,0,True,341.0,341.0,343.6779097604935,343.664919489119,343.65749526338675,,,345.808836355896,341.459946355896
2025-02-12 10:00:00,2025-02-12 10:00:00,345.0,24.0,2025,t95,0,True,340.0,340.0,341.56217555936587,341.5848432120219,341.76249702493834,,,342.13384441314696,339.717794413147
2025-02-13 10:00:00,2025-02-13 10:00:00,340.0,24.0,2025,t95,0,True,345.0,341.0,344.6952945249598,344.70800347520185,344.7651091256187,,,343.9680611871338,342.03522118713374
2025-02-14 10:00:00,2025-02-14 10:00:00,341.0,24.0,2025,t95,0,True,340.0,340.0,344.1006806298987,344.0802919590371,344.0121929417614,,,348.1344060253906,342.8190960253906
2025-02-15 10:00:00,2025-02-15 10:00:00,335.0,24.0,2025,t95,0,True,341.0,341.0,340.2474735135439,340.2832957724544,340.5848887024224,,,338.28199413665766,335.86594413665773
2025-02-16 10:00:00,2025-02-16 10:00:00,346.0,24.0,2025,t95,0,True,335.0,340.0,341.71564546005146,341.6920478683555,341.658832602264,,,350.241035295105,342.509675295105
2025-02-17 10:00:00,2025-02-17 10:00:00,339.0,24.0,2025,t95,0,True,346.0,341.0,347.4778989469637,347.4173474754477,347.19022749214867,,,348.7911129672241,346.3750629672241
2025-02-18 10:00:00,2025-02-18 10:00:00,338.0,24.0,2025,t95,0,True,339.0,339.0,342.7185428012382,342.70350803048507,342.7235426025121,,,346.23945211791994,342.85698211792
2025-02-19 10:00:00,2025-02-19 10:00:00,340.0,24.0,2025,t95,0,True,338.0,339.0,341.61679222184216,341.621705648413,341.71980237497996,,,346.55736711364744,343.17489711364743
2025-02-20 10:00:00,2025-02-20 10:00:00,338.0,24.0,2025,t95,0,True,340.0,339.0,341.60828007262967,341.6332760148744,341.81446575193183,,,344.93489384185796,343.4852638418579
2025-02-21 10:00:00,2025-02-21 10:00:00,341.0,24.0,2025,t95,0,True,338.0,338.0,341.0071068857582,341.020425681134,341.1767359291466,,,344.67957951904293,342.26352951904295
2025-02-22 10:00:00,2025-02-22 10:00:00,344.0,24.0,2025,t95,0,True,341.0,340.0,345.4164416200906,345.391412327579,345.23446351610227,,,350.60670511444096,343.84176511444093
2025-02-23 10:00:00,2025-02-23 10:00:00,344.0,24.0,2025,t95,0,True,344.0,341.0,344.25748271172824,344.26358015850883,344.318462756226,,,346.9174215792847,345.9510015792847
2025-02-24 10:00:00,2025-02-24 10:00:00,347.0,24.0,2025,t95,0,True,344.0,344.0,343.9824332064912,343.98376639305394,344.0649357217981,,,345.0444681991577,345.0444681991577
2025-02-25 10:00:00,2025-02-25 10:00:00,340.0,24.0,2025,t95,0,True,347.0,344.0,348.1712568708239,348.1228776122289,347.87022809227983,,,349.700269125061,345.83458912506103
2025-02-26 10:00:00,2025-02-26 10:00:00,339.0,24.0,2025,t95,0,True,340.0,344.0,344.18756258318444,344.1746564531344,344.1042062921585,,,347.99116781402586,341.7094378140258
2025-02-27 10:00:00,2025-02-27 10:00:00,340.0,24.0,2025,t95,0,True,339.0,340.0,341.16055278607837,341.1872237490189,341.3796813452536,,,344.093139039917,342.160299039917
2025-02-28 10:00:00,2025-02-28 10:00:00,345.0,24.0,2025,t95,0,True,340.0,340.0,342.1174909201258,342.123092486129,342.2364915742807,,,342.4912538858032,340.0752038858032
2025-03-01 10:00:00,2025-03-01 10:00:00,346.0,24.0,2025,t95,0,True,345.0,340.0,344.59551582455595,344.60965567901394,344.6772807085767,,,345.69503812805175,343.76219812805175
2025-03-02 10:00:00,2025-03-02 10:00:00,343.0,24.0,2025,t95,0,True,346.0,345.0,345.5979336519895,345.6012277459473,345.5955072093342,,,345.5518909185791,343.1358409185791
2025-03-03 10:00:00,2025-03-03 10:00:00,345.0,24.0,2025,t95,0,True,343.0,345.0,341.8584668343729,341.9003825124194,342.1569559795178,,,341.28141111175535,341.28141111175535
2025-03-06 10:00:00,2025-03-06 10:00:00,341.0,72.0,2025,t95,0,False,,,,,,,,342.0277766894531,
2025-03-07 10:00:00,2025-03-07 10:00:00,348.0,24.0,2025,t95,0,True,341.0,343.0,340.63181589642596,340.71235890287164,341.0606585235029,,,343.57117002960206,341.63833002960206
2025-03-08 10:00:00,2025-03-08 10:00:00,360.0,24.0,2025,t95,0,True,348.0,345.0,344.21780581316136,344.2713545364899,344.49497553322897,,,343.84534526397704,345.294975263977
2025-03-09 10:00:00,2025-03-09 10:00:00,350.0,24.0,2025,t95,0,True,360.0,348.0,354.8081423499837,354.6881601811748,354.1871918529316,,,348.9069840310669,351.8062440310669
2025-03-10 10:00:00,2025-03-10 10:00:00,351.0,24.0,2025,t95,0,True,350.0,350.0,348.9466485487342,348.9124905514375,348.7090769413275,,,349.4519085812378,347.0358585812378
2025-03-11 10:00:00,2025-03-11 10:00:00,350.0,24.0,2025,t95,0,True,351.0,351.0,349.6462817343074,349.59656832174227,349.3457147838617,,,348.70413642578126,346.7712964257812
2025-03-12 10:00:00,2025-03-12 10:00:00,359.0,24.0,2025,t95,0,True,350.0,350.0,350.1810519197028,350.1168806829163,349.76999433860686,,,348.11547496002197,343.766584960022
2025-03-13 10:00:00,2025-03-13 10:00:00,364.0,24.0,2025,t95,0,True,359.0,351.0,352.14545398483244,352.1202401841972,351.92192063133916,,,348.6509346496582,352.0334046496582
2025-03-13 22:00:00,2025-03-13 22:00:00,354.0,12.0,2025,t95,0,True,364.0,359.0,353.68930536286973,353.69614218336346,353.5528125160217,,,347.78411141906736,353.0994214190674
2025-03-14 10:00:00,2025-03-14 10:00:00,360.0,12.0,2025,t95,0,True,354.0,359.0,350.4049584285242,350.35762103139746,350.12485984457214,,,346.51321242553706,346.99642242553705
2025-03-15 10:00:00,2025-03-15 10:00:00,360.0,24.0,2025,t95,0,True,360.0,360.0,350.2401805024217,350.2652358156768,350.30276984971164,,,344.1111419781494,350.3928719781494
2025-03-16 10:00:00,2025-03-16 10:00:00,350.0,24.0,2025,t95,0,True,360.0,360.0,351.58128615423624,351.5645864718984,351.43016532580293,,,346.2279420690918,351.06004206909176
2025-03-17 10:00:00,2025-03-17 10:00:00,346.0,24.0,2025,t95,0,True,350.0,360.0,344.75045291726695,344.8231959241156,345.06994824190787,,,344.5807263082886,346.03035630828856
2025-03-18 10:00:00,2025-03-18 10:00:00,366.0,24.0,2025,t95,0,True,346.0,350.0,349.5742544411371,349.5071107326622,349.0866265659755,,,354.5147150299072,344.8505150299072
2025-03-18 22:00:00,2025-03-18 22:00:00,359.0,12.0,2025,t95,0,True,366.0,350.0,355.2859167284948,355.2606432816052,354.98485930958026,,,345.0323087402344,347.9315687402344
2025-03-19 10:00:00,2025-03-19 10:00:00,359.0,12.0,2025,t95,0,True,359.0,359.0,352.86147231418585,352.8169030821028,352.514057911095,,,346.47129615478514,345.98808615478515
2025-03-19 22:00:00,2025-03-19 22:00:00,365.0,12.0,2025,t95,0,True,359.0,359.0,353.9205743455651,353.8412815546339,353.4172901743469,,,348.52168328125003,347.07205328124996
2025-03-20 10:00:00,2025-03-20 10:00:00,346.0,12.0,2025,t95,0,True,365.0,359.0,355.9326379721546,355.8844697127948,355.50389752029685,,,348.09933288452146,349.5489628845215
2025-03-21 10:00:00,2025-03-21 10:00:00,342.0,24.0,2025,t95,0,True,346.0,359.0,343.3084103378686,343.33313991426405,343.5349050526989,,,340.97436624511715,342.42399624511717
2025-03-22 10:00:00,2025-03-22 10:00:00,366.0,24.0,2025,t95,0,True,342.0,346.0,347.01001758054787,346.9786283056521,346.72308737166077,,,354.5818142581177,345.8840342581177
2025-03-22 22:49:31,2025-03-22 22:49:31,349.0,12.825277777777778,2025,t95,0,True,366.0,346.0,359.5178120012724,359.4331065785647,358.77433538568386,,,358.8870284246826,358.40381842468264
2025-03-23 10:00:00,2025-03-23 10:00:00,348.0,11.174722222222222,2025,t95,0,True,349.0,349.0,353.17787222274075,353.06245991591055,352.4056645804362,,,361.1172645639038,352.4194845639038
2025-03-24 10:00:00,2025-03-24 10:00:00,354.0,24.0,2025,t95,0,True,348.0,349.0,349.66980653228615,349.6490492435126,349.363197292299,,,355.75701578186033,348.5088657818603
2025-03-25 10:00:00,2025-03-25 10:00:00,347.0,24.0,2025,t95,0,True,354.0,349.0,347.38836883993497,347.4264914052425,347.54690263516414,,,344.0814684625244,347.9471484625244
2025-03-26 10:00:00,2025-03-26 10:00:00,356.0,24.0,2025,t95,0,True,347.0,348.0,345.8005318455109,345.817019667192,345.8461806155251,,,344.7261064193725,342.79326641937257
2025-03-27 10:00:00,2025-03-27 10:00:00,353.0,24.0,2025,t95,0,True,356.0,354.0,347.38836976800906,347.4140049078871,347.57094149369294,,,339.33168796783445,346.0966279678345
2025-03-29 10:00:00,2025-03-29 10:00:00,345.0,48.0,2025,t95,0,True,353.0,353.0,345.4854711071137,345.5409634554196,345.7939595062132,,,339.7581509738159,344.1070409738159
2025-03-30 10:00:00,2025-03-30 10:00:00,357.0,24.0,2025,t95,0,True,345.0,353.0,344.59841300563335,344.6010574852397,344.64589839000865,,,344.73847677581784,343.2888467758179
2025-03-31 10:00:00,2025-03-31 10:00:00,351.0,24.0,2025,t95,0,True,357.0,353.0,352.2709420660085,352.24086352105456,351.96404835413045,,,349.3194576159668,348.3530376159668
2025-04-01 10:00:00,2025-04-01 10:00:00,340.0,24.0,2025,t95,0,True,351.0,351.0,345.8550098846375,345.86097152151564,345.9581309449369,,,338.9354128686523,340.38504286865236
2025-04-02 10:00:00,2025-04-02 10:00:00,336.0,24.0,2025,t95,0,True,340.0,351.0,342.5339818527831,342.5280275384658,342.5510424675404,,,340.6802732849121,332.4657032849121
2025-04-03 10:00:00,2025-04-03 10:00:00,344.0,24.0,2025,t95,0,True,336.0,340.0,343.8399990441797,343.7740947354862,343.53146609308595,,,349.74993567596437,338.1528956759644
2025-04-05 10:00:00,2025-04-05 10:00:00,355.0,48.0,2025,t95,0,True,344.0,340.0,346.0809199175579,346.03759779266625,345.8574051199627,,,343.25358719024655,335.52222719024655
2025-04-06 10:00:00,2025-04-06 10:00:00,354.0,24.0,2025,t95,0,True,355.0,344.0,349.3925650209551,349.39496739919934,349.3114049056106,,,341.8020734677124,339.86923346771243
2025-04-07 10:00:00,2025-04-07 10:00:00,351.0,24.0,2025,t95,0,True,354.0,354.0,349.1901255943468,349.177991415511,349.0557267491563,,,341.80395920898434,338.9046992089843
2025-04-08 10:00:00,2025-04-08 10:00:00,361.0,24.0,2025,t95,0,True,351.0,354.0,348.017548628978,348.0125932280931,347.9235511294604,,,345.47493265563963,342.0924626556397
2025-04-09 10:00:00,2025-04-09 10:00:00,348.0,24.0,2025,t95,0,True,361.0,354.0,353.3797396538438,353.35781593021517,353.09896327129474,,,347.31290313507077,347.31290313507077
2025-04-10 10:00:00,2025-04-10 10:00:00,361.0,24.0,2025,t95,0,True,348.0,351.0,348.39185728248225,348.33796413813974,348.07868450944244,,,347.1926250177002,341.3941050177002
2025-04-11 10:00:00,2025-04-11 10:00:00,356.0,24.0,2025,t95,0,True,361.0,361.0,354.4270535080222,354.3386685711954,353.91346924736877,,,344.91139714752194,345.3946071475219
2025-04-12 10:00:00,2025-04-12 10:00:00,358.0,24.0,2025,t95,0,True,356.0,356.0,352.34188420130994,352.2987802583571,351.9522862660836,,,348.2544469006348,343.90555690063474
2025-04-13 10:00:00,2025-04-13 10:00:00,359.0,24.0,2025,t95,0,True,358.0,358.0,351.070811987286,351.09325142982476,350.9760983906175,,,344.0221657046509,341.60611570465085
2025-04-14 10:00:00,2025-04-14 10:00:00,354.0,24.0,2025,t95,0,True,359.0,358.0,351.43512135014726,351.44863099341114,351.32544772378327,,,343.35687694091797,342.39045694091794
2025-04-15 10:00:00,2025-04-15 10:00:00,350.0,24.0,2025,t95,0,True,354.0,358.0,350.7467810291777,350.7464752516468,350.5222500304005,,,347.76787413146974,341.9693541314697
2025-04-16 10:00:00,2025-04-16 10:00:00,358.0,24.0,2025,t95,0,True,350.0,354.0,349.34364843147966,349.29724131768864,349.0272681110855,,,348.424934166565,343.5928341665649
2025-04-17 10:00:00,2025-04-17 10:00:00,352.0,24.0,2025,t95,0,True,358.0,354.0,350.48175618866,350.50664795982385,350.4541841890703,,,344.03838763214105,344.03838763214105
2025-04-18 10:00:00,2025-04-18 10:00:00,356.0,24.0,2025,t95,0,True,352.0,352.0,349.060615998084,349.01652566408364,348.8276635119973,,,343.6840242144775,341.7511842144775
2025-04-19 10:00:00,2025-04-19 10:00:00,357.0,24.0,2025,t95,0,True,356.0,356.0,350.98935057885757,350.9541541484043,350.72198158582665,,,344.42299225128176,342.49015225128176
2025-04-20 10:00:00,2025-04-20 10:00:00,359.0,24.0,2025,t95,0,True,357.0,356.0,351.5700564636764,351.5316686981864,351.27519741748455,,,345.60910153198245,344.1594715319824
2025-04-21 10:00:00,2025-04-21 10:00:00,360.0,24.0,2025,t95,0,True,359.0,357.0,355.76810912538673,355.65791747155845,355.02893471700884,,,351.1300275100708,345.81471751007075
2025-04-22 10:00:00,2025-04-22 10:00:00,358.0,24.0,2025,t95,0,True,360.0,359.0,353.62236075897425,353.5664651712613,353.2005804053884,,,345.80016514953616,343.8673251495361
2025-04-23 10:00:00,2025-04-23 10:00:00,356.0,24.0,2025,t95,0,True,358.0,359.0,350.9705501912164,350.9751023067352,350.84437844594095,,,345.73732752349855,344.7709075234985
2025-04-24 10:00:00,2025-04-24 10:00:00,359.0,24.0,2025,t95,0,True,356.0,358.0,351.776704446959,351.7522747821537,351.4769238827746,,,347.41663215240476,343.55095215240476
2025-04-25 10:00:00,2025-04-25 10:00:00,354.0,24.0,2025,t95,0,True,359.0,358.0,353.63169385063196,353.59422696052167,353.2329738958488,,,347.9423298153687,344.55985981536867
2025-04-26 10:00:00,2025-04-26 10:00:00,360.0,24.0,2025,t95,0,True,354.0,356.0,350.14278110748546,350.1338195710736,349.9534104944013,,,348.50424710144046,345.60498710144043
2025-04-27 10:00:00,2025-04-27 10:00:00,356.0,24.0,2025,t95,0,True,360.0,359.0,353.1933655678888,353.1734422784619,352.9192909209924,,,348.98941051574707,348.98941051574707
2025-04-28 10:00:00,2025-04-28 10:00:00,355.0,24.0,2025,t95,0,True,356.0,356.0,351.00216581332035,350.9946848546306,350.818568569063,,,348.6085039474487,347.64208394744867
2025-04-29 10:00:00,2025-04-29 10:00:00,352.0,24.0,2025,t95,0,True,355.0,356.0,351.3852093191066,351.3575853213546,351.1015034507168,,,349.25518286834716,346.8391328683472
2025-04-30 10:00:00,2025-04-30 10:00:00,358.0,24.0,2025,t95,0,True,352.0,355.0,350.0179552136709,349.9968170157082,349.77821719515936,,,349.4748516940307,346.0923816940307
2025-05-01 04:00:00,2025-05-01 04:00:00,356.0,18.0,2025,t95,0,True,358.0,355.0,353.3477825291631,353.3166972309371,352.98125573088146,,,351.38970205841065,348.9736520584106
2025-05-01 10:00:00,2025-05-01 10:00:00,357.0,6.0,2025,t95,0,True,356.0,356.0,352.7272355923017,352.6973954321055,352.36458173868937,,,352.59643365722656,349.21396365722654
2025-05-02 10:00:00,2025-05-02 10:00:00,356.0,24.0,2025,t95,0,True,357.0,357.0,353.49088312304724,353.43614233583736,353.0418713238196,,,353.1854034844971,351.25256348449705
2025-05-03 10:00:00,2025-05-03 10:00:00,362.0,24.0,2025,t95,0,True,356.0,356.0,352.5217323766787,352.47447898521114,352.13426464307264,,,351.7065552212524,349.7737152212524
2025-05-04 10:00:00,2025-05-04 10:00:00,360.0,24.0,2025,t95,0,True,362.0,357.0,353.5207130234414,353.54664987590644,353.37136165182113,,,352.60908412689207,353.09229412689206
2025-05-05 10:00:00,2025-05-05 10:00:00,354.0,24.0,2025,t95,0,True,360.0,360.0,354.06295589502685,354.0410951826249,353.70921730128805,,,353.31442164642334,351.8647916464233
2025-05-06 10:00:00,2025-05-06 10:00:00,355.0,24.0,2025,t95,0,True,354.0,360.0,351.3376030331265,351.28601593419705,350.9694994861067,,,351.0706212609863,349.13778126098634
2025-05-07 10:00:00,2025-05-07 10:00:00,358.0,24.0,2025,t95,0,True,355.0,355.0,353.8373702031337,353.75547382176853,353.2331848098719,,,354.7006630114746,349.86856301147463
2025-05-08 10:00:00,2025-05-08 10:00:00,356.0,24.0,2025,t95,0,True,358.0,355.0,353.7702157592301,353.71663518862584,353.3285271981719,,,353.19245472961427,352.22603472961424
2025-05-09 10:00:00,2025-05-09 10:00:00,358.0,24.0,2025,t95,0,True,356.0,356.0,353.04635830358814,352.9822774857442,352.57971223943576,,,352.32367300048827,350.3908330004882
2025-05-10 10:00:00,2025-05-10 10:00:00,357.0,24.0,2025,t95,0,True,358.0,358.0,354.20557231288893,354.144653300911,353.70884915081785,,,353.394384560852,351.461544560852
2025-05-11 10:00:00,2025-05-11 10:00:00,354.0,24.0,2025,t95,0,True,357.0,357.0,353.8179004057434,353.76862581324593,353.353881677055,,,354.4627600543213,351.56350005432125
2025-05-12 10:00:00,2025-05-12 10:00:00,354.0,24.0,2025,t95,0,True,354.0,357.0,353.0688962690944,352.98481737264956,352.5000376043522,,,353.63780656951906,349.77212656951906
2025-05-13 10:00:00,2025-05-13 10:00:00,357.0,24.0,2025,t95,0,True,354.0,354.0,351.7332472838495,351.67872417632884,351.33583510755795,,,352.7142705786133,350.78143057861325
2025-05-14 10:00:00,2025-05-14 10:00:00,354.0,24.0,2025,t95,0,True,357.0,354.0,354.4428223182554,354.38488736063,353.91017376464384,,,355.82321138580323,351.95753138580324
2025-05-15 10:00:00,2025-05-15 10:00:00,360.0,24.0,2025,t95,0,True,354.0,354.0,353.8085176695075,353.7143020646024,353.1636535973151,,,354.96816342315674,349.6528534231567
2025-05-16 10:00:00,2025-05-16 10:00:00,352.0,24.0,2025,t95,0,True,360.0,357.0,357.0070655073759,356.8988365400954,356.24890311893773,,,356.3128339694214,353.8967839694214
2025-05-17 10:00:00,2025-05-17 10:00:00,351.0,24.0,2025,t95,0,True,352.0,354.0,352.32666473372177,352.26533404819185,351.8242957129511,,,355.96826320861817,349.68653320861813
2025-05-18 10:00:00,2025-05-18 10:00:00,356.0,24.0,2025,t95,0,True,351.0,352.0,353.07940514924536,352.9934989236633,352.4338818307334,,,359.0017813848877,351.2704213848877
2025-05-19 10:00:00,2025-05-19 10:00:00,354.0,24.0,2025,t95,0,False,356.0,352.0,,,,,,,352.6337175970459
2025-05-20 10:00:00,2025-05-20 10:00:00,350.0,24.0,2025,t95,0,True,354.0,354.0,355.7168166510764,355.5974165913347,354.866560891833,,,359.39061270263676,351.6592527026367
2025-05-21 10:00:00,2025-05-21 10:00:00,351.0,24.0,2025,t95,0,True,350.0,354.0,353.2507465875304,353.1575614972077,352.54022257333236,,,360.29870479248046,351.60092479248044
2025-05-22 10:00:00,2025-05-22 10:00:00,365.0,24.0,2025,t95,0,True,351.0,351.0,352.0308414434929,351.9819849483169,351.55396978514557,,,359.1479823577881,352.8662523577881
2025-05-23 10:00:00,2025-05-23 10:00:00,362.0,24.0,2025,t95,0,True,365.0,351.0,358.6427326006527,358.56517820063215,357.95002427283947,,,358.7303692669677,358.7303692669677
2025-05-24 10:00:00,2025-05-24 10:00:00,347.0,24.0,2025,t95,0,True,362.0,362.0,356.8545415161043,356.7910723563173,356.2709243995314,,,356.84605117034914,356.36284117034916
2025-05-25 10:00:00,2025-05-25 10:00:00,350.0,24.0,2025,t95,0,True,347.0,362.0,351.05800334557114,350.9752389571374,350.48137998568575,,,357.5722309423828,349.8408709423828
2025-05-26 10:00:00,2025-05-26 10:00:00,352.0,24.0,2025,t95,0,True,350.0,350.0,352.7491076827591,352.6758804838275,352.1409159761355,,,357.6024313925171,349.38786139251704
2025-05-27 02:00:00,2025-05-27 02:00:00,354.0,16.0,2025,t95,0,True,352.0,350.0,350.3780648244934,350.3593745339183,350.13623108892386,,,353.8700989297485,351.9372589297485
2025-05-27 10:00:00,2025-05-27 10:00:00,366.0,8.0,2025,t95,0,True,354.0,352.0,351.4429771387561,351.41861773816294,351.15309521425763,,,356.0950127154541,355.1285927154541
2025-05-28 00:00:01,2025-05-28 00:00:01,366.0,14.000277777777777,2025,t95,0,True,366.0,354.0,361.56746231405356,361.42612812233136,360.54701399409964,,,362.69714732604984,360.7643073260498
2025-05-28 10:00:00,2025-05-28 10:00:00,352.0,9.999722222222223,2025,t95,0,True,366.0,366.0,360.8665277133897,360.75475044566247,359.96562503515463,,,362.2087341366577,360.2758941366577
2025-05-29 10:00:00,2025-05-29 10:00:00,351.0,24.0,2025,t95,0,True,352.0,366.0,351.56564158590805,351.4990554033788,351.11810428841676,,,354.95579874969485,352.5397487496948
2025-05-30 00:48:37,2025-05-30 00:48:37,360.0,14.810277777777777,2025,t95,0,True,351.0,352.0,351.45002201114215,351.4014253023116,351.02783621095983,,,357.90636037231445,353.55747037231447
2025-05-30 10:00:00,2025-05-30 10:00:00,368.0,9.189722222222223,2025,t95,0,True,360.0,352.0,355.056335346091,355.021506401095,354.6336512564277,,,358.1456905371094,358.1456905371094
2025-05-31 10:00:00,2025-05-31 10:00:00,357.0,24.0,2025,t95,0,False,368.0,360.0,,,,,,,359.24362779144286
2025-06-01 10:00:00,2025-06-01 10:00:00,354.0,24.0,2025,t95,0,True,357.0,360.0,355.24259553862714,355.1592253920481,354.5780949901616,,,356.3496067044067,350.55108670440677
2025-06-02 10:00:00,2025-06-02 10:00:00,360.0,24.0,2025,t95,0,True,354.0,357.0,350.24718491565335,350.2340027074186,350.0668528673289,,,350.55073214477534,349.58431214477537
2025-06-03 10:00:00,2025-06-03 10:00:00,358.0,24.0,2025,t95,0,True,360.0,357.0,353.71739292340686,353.6632286426595,353.3303120813851,,,350.99369657592774,352.92653657592774
2025-06-04 10:00:00,2025-06-04 10:00:00,360.0,24.0,2025,t95,0,True,358.0,358.0,352.1371266369069,352.10606320479917,351.8744102303614,,,350.64444299926754,352.09407299926755
2025-06-05 10:00:00,2025-06-05 10:00:00,364.0,24.0,2025,t95,0,True,360.0,360.0,354.72518140504707,354.6770568924525,354.27544749764013,,,353.5534698928833,352.58704989288333
2025-06-05 22:00:00,2025-06-05 22:00:00,360.0,12.0,2025,t95,0,True,364.0,360.0,357.3429693720372,357.296427894963,356.79379196718423,,,358.1346686453247,356.68503864532477
2025-06-06 10:00:00,2025-06-06 10:00:00,365.0,12.0,2025,t95,0,True,360.0,360.0,356.4899451030547,356.4065845646679,355.81960594610075,,,358.0589528912353,354.67648289123537
2025-06-07 10:00:00,2025-06-07 10:00:00,358.0,24.0,2025,t95,0,True,365.0,364.0,357.94004296427687,357.8784947944218,357.3339263173965,,,356.5150813458252,355.54866134582517
2025-06-08 10:00:00,2025-06-08 10:00:00,358.0,24.0,2025,t95,0,True,358.0,360.0,353.8420890308609,353.80527393582196,353.42682358749977,,,353.61963969451904,350.720379694519
2025-06-09 10:00:00,2025-06-09 10:00:00,365.0,24.0,2025,t95,0,True,358.0,358.0,354.67114397447705,354.5928784684706,354.0968555425779,,,354.51931520935057,352.1032652093505
2025-06-10 10:00:00,2025-06-10 10:00:00,355.0,24.0,2025,t95,0,True,365.0,358.0,359.12838164082535,359.0406314722737,358.3759338370002,,,356.250782973938,353.834732973938
2025-06-11 10:00:00,2025-06-11 10:00:00,358.0,24.0,2025,t95,0,True,355.0,358.0,353.0669283101371,353.0076082241652,352.58183381371595,,,353.94512694335936,350.07944694335936
2025-06-12 10:00:00,2025-06-12 10:00:00,350.0,24.0,2025,t95,0,True,358.0,358.0,353.80874880367895,353.7548928046943,353.36502062469185,,,352.4170445520019,351.45062455200195
2025-06-13 10:00:00,2025-06-13 10:00:00,350.0,24.0,2025,t95,0,True,350.0,355.0,350.1459959622762,350.1250507468697,349.84616306835665,,,353.8881911245728,347.6064611245728
2025-06-14 10:00:00,2025-06-14 10:00:00,355.0,24.0,2025,t95,0,True,350.0,350.0,351.21536530748585,351.1783857204704,350.7915619843788,,,355.3900667300415,347.17549673004146
2025-06-15 10:00:00,2025-06-15 10:00:00,354.0,24.0,2025,t95,0,True,355.0,350.0,352.60655621821076,352.55705360535495,352.19255800834986,,,353.64816861877443,351.2321186187744
2025-06-16 10:00:00,2025-06-16 10:00:00,360.0,24.0,2025,t95,0,True,354.0,354.0,352.0810781776487,352.0334662410341,351.6819256405109,,,353.4214829000855,350.52222290008547
2025-06-17 10:00:00,2025-06-17 10:00:00,361.0,24.0,2025,t95,0,True,360.0,355.0,356.00797237704427,355.93351751725146,355.39539901476337,,,356.20638774658204,354.756757746582
2025-06-18 10:00:00,2025-06-18 10:00:00,358.0,24.0,2025,t95,0,True,361.0,360.0,355.5981360773136,355.5659962796431,355.1475174772979,,,356.7547139941406,355.78829399414064
2025-06-19 10:00:00,2025-06-19 10:00:00,358.0,24.0,2025,t95,0,True,358.0,360.0,355.1566291093068,355.0862022065391,354.5737631480197,,,357.5568312979126,355.14078129791255
2025-06-20 10:00:00,2025-06-20 10:00:00,355.0,24.0,2025,t95,0,True,358.0,358.0,354.2919206406213,354.24174408599345,353.8223027783312,,,354.4420324169922,352.0259824169922
2025-06-21 10:00:00,2025-06-21 10:00:00,350.0,24.0,2025,t95,0,True,355.0,358.0,350.4030894180922,350.3662088915276,350.12138332015314,,,349.1095002270508,346.2102402270508
2025-06-22 10:00:00,2025-06-22 10:00:00,353.0,24.0,2025,t95,0,True,350.0,355.0,352.3455209618288,352.2667068786373,351.7515034700155,,,356.41890204742435,349.17075204742434
2025-06-23 10:00:00,2025-06-23 10:00:00,351.0,24.0,2025,t95,0,True,353.0,353.0,351.064065828878,351.0276691494578,350.74694496316334,,,352.435955592041,350.503115592041
2025-06-24 10:00:00,2025-06-24 10:00:00,357.0,24.0,2025,t95,0,True,351.0,351.0,350.5098551209948,350.45875820291064,350.14199787927583,,,351.8075913265991,347.9419113265991
2025-06-25 10:00:00,2025-06-25 10:00:00,347.0,24.0,2025,t95,0,True,357.0,353.0,355.8096160893938,355.7113727359663,355.0763478431535,,,357.5146838067627,352.19937380676265
2025-06-26 04:00:00,2025-06-26 04:00:00,370.0,18.0,2025,t95,0,True,347.0,351.0,351.38213890066567,351.29173317287103,350.75370622158493,,,358.8258005560303,349.6448105560303
2025-06-26 10:00:00,2025-06-26 10:00:00,360.0,6.0,2025,t95,0,True,370.0,357.0,360.81807447477706,360.73373673975175,360.0845569940636,,,358.0379777990723,359.9708177990723
2025-06-27 10:00:00,2025-06-27 10:00:00,357.0,24.0,2025,t95,0,True,360.0,360.0,354.8619103966491,354.80370834263186,354.38290565524153,,,353.3408309484863,353.3408309484863
2025-06-28 10:00:00,2025-06-28 10:00:00,356.0,24.0,2025,t95,0,True,357.0,360.0,355.357307030246,355.28663145782417,354.72461595450517,,,357.0732174371338,351.7579074371338
2025-06-29 10:00:00,2025-06-29 10:00:00,356.0,24.0,2025,t95,0,True,356.0,357.0,350.8085682654778,350.79078303800924,350.63636873804256,,,350.08858728637694,352.5046372863769
2025-06-30 10:00:00,2025-06-30 10:00:00,356.0,24.0,2025,t95,0,True,356.0,356.0,353.03393950992813,352.98483607679077,352.618719758412,,,354.9814465859985,353.5318165859985
2025-07-01 10:00:00,2025-07-01 10:00:00,345.0,24.0,2025,t95,0,True,356.0,356.0,354.3708577291789,354.2995027176872,353.78788539300535,,,356.0154488211059,351.6665588211059
2025-07-02 10:00:00,2025-07-02 10:00:00,357.0,24.0,2025,t95,0,True,345.0,356.0,349.65707640075016,349.5905773206386,349.1631393579969,,,355.4394910928345,345.7752910928345
2025-07-03 10:00:00,2025-07-03 10:00:00,356.0,24.0,2025,t95,0,True,357.0,356.0,352.69546481060667,352.66485244006157,352.3731653319828,,,352.36766161285396,351.884451612854
2025-07-04 10:00:00,2025-07-04 10:00:00,363.0,24.0,2025,t95,0,True,356.0,356.0,355.8906488973564,355.7862926395034,355.1102547923704,,,357.76829081939695,351.0033508193969
2025-07-04 22:00:00,2025-07-04 22:00:00,351.0,12.0,2025,t95,0,True,363.0,357.0,357.87315732314346,357.77586807027666,357.14893634683796,,,355.5700513156128,354.6036313156128
2025-07-05 10:00:00,2025-07-05 10:00:00,357.0,12.0,2025,t95,0,True,351.0,356.0,355.1178262203366,354.92268500340464,354.06861446456065,,,356.6371621069336,349.8722221069336
2025-07-06 10:00:00,2025-07-06 10:00:00,360.0,24.0,2025,t95,0,True,357.0,357.0,353.0780709294268,353.042309244797,352.7127920840883,,,354.4087067272949,353.4422867272949
2025-07-07 10:00:00,2025-07-07 10:00:00,354.0,24.0,2025,t95,0,True,360.0,357.0,357.81850083984943,357.70708259480375,356.98420106235824,,,358.2285293814087,353.39642938140867
2025-07-08 10:00:00,2025-07-08 10:00:00,358.0,24.0,2025,t95,0,True,354.0,357.0,352.544654500987,352.43940901007164,351.9746954667543,,,351.5951982037353,350.62877820373535
2025-07-09 10:00:00,2025-07-09 10:00:00,357.0,24.0,2025,t95,0,True,358.0,358.0,354.06007430382783,354.0228090820992,353.6321911607643,,,355.07857930786133,352.6625293078613
2025-07-10 10:00:00,2025-07-10 10:00:00,364.0,24.0,2025,t95,0,True,357.0,357.0,354.010292033007,353.9496794491932,353.5112109368153,,,355.11008259735104,352.69403259735105
2025-07-10 20:00:00,2025-07-10 20:00:00,350.0,10.0,2025,t95,0,True,364.0,358.0,357.8195072821598,357.7548165682511,357.1881275080673,,,355.636472427063,353.703632427063
2025-07-11 10:00:00,2025-07-11 10:00:00,350.0,14.0,2025,t95,0,True,350.0,357.0,353.2464094478976,353.1314621315761,352.4925381148606,,,356.3005881903076,347.6028081903076
2025-07-12 10:00:00,2025-07-12 10:00:00,357.0,24.0,2025,t95,0,True,350.0,350.0,351.37710374771973,351.320646930317,350.9081825696456,,,354.5879698703003,347.8230298703003
2025-07-13 10:00:00,2025-07-13 10:00:00,356.0,24.0,2025,t95,0,True,357.0,350.0,354.31364302199705,354.25935178551913,353.8084311640705,,,354.91630244964597,351.53383244964596
2025-07-14 10:00:00,2025-07-14 10:00:00,358.0,24.0,2025,t95,0,True,356.0,356.0,353.4264077923048,353.3678594380768,352.94585344142365,,,352.4495915023804,349.55033150238035
2025-07-15 10:00:00,2025-07-15 10:00:00,350.0,24.0,2025,t95,0,True,358.0,357.0,353.6468706968891,353.6149998062523,353.26528509422496,,,351.6947348568725,349.7618948568725
2025-07-16 10:00:00,2025-07-16 10:00:00,355.0,24.0,2025,t95,0,True,350.0,356.0,351.298649482717,351.20251814591006,350.74249923784913,,,351.5324881893921,347.18359818939206
2025-07-17 10:00:00,2025-07-17 10:00:00,340.0,24.0,2025,t95,0,True,355.0,355.0,351.297640506649,351.27553575500036,351.0429816840016,,,351.3047021005249,350.3382821005249
2025-07-18 10:00:00,2025-07-18 10:00:00,365.0,24.0,2025,t95,0,True,340.0,350.0,347.1115715365894,347.0279154864817,346.6436425558258,,,355.3151768798828,345.6509768798828
2025-07-19 10:00:00,2025-07-19 10:00:00,363.0,24.0,2025,t95,0,False,365.0,355.0,,,,,,,357.73586158874514
2025-07-20 10:00:00,2025-07-20 10:00:00,357.0,24.0,2025,t95,0,True,363.0,363.0,357.2394070031373,357.1920256514496,356.6794253466879,,,356.9058734170532,354.9730334170532
2025-07-21 10:00:00,2025-07-21 10:00:00,358.0,24.0,2025,t95,0,True,357.0,363.0,354.2178419833368,354.1556748394927,353.7029374318888,,,356.445719095459,354.029669095459
2025-07-22 10:00:00,2025-07-22 10:00:00,342.0,24.0,2025,t95,0,True,358.0,358.0,353.1794829279053,353.1150655652692,352.76145755944674,,,351.2731441976929,352.72277419769284
2025-07-22 22:00:00,2025-07-22 22:00:00,347.0,12.0,2025,t95,0,True,342.0,357.0,347.07958803145374,346.97332566181615,346.61447750869075,,,348.8006839099121,342.51895390991206
2025-07-23 10:00:00,2025-07-23 10:00:00,360.0,12.0,2025,t95,0,True,347.0,347.0,347.63260198160566,347.62705052721424,347.4925701534019,,,352.33846322021486,348.47278322021486
2025-07-24 10:00:00,2025-07-24 10:00:00,355.0,24.0,2025,t95,0,True,360.0,347.0,355.9273602799423,355.8601386229683,355.33048188606705,,,356.83733178100584,353.4548617810059
2025-07-25 10:00:00,2025-07-25 10:00:00,361.0,24.0,2025,t95,0,True,355.0,355.0,351.3702214824964,351.3500484753021,351.123213707369,,,355.2233688842773,354.7401588842773
2025-07-26 10:00:00,2025-07-26 10:00:00,366.0,24.0,2025,t95,0,True,361.0,360.0,356.51361914414736,356.4698108870372,355.9693489256202,,,362.25751945617674,359.84146945617675
2025-07-27 10:00:00,2025-07-27 10:00:00,363.0,24.0,2025,t95,0,True,366.0,361.0,357.05278152566274,357.0329640168883,356.6546392251193,,,356.5056648184204,357.9552948184204
2025-07-27 18:00:00,2025-07-27 18:00:00,357.0,8.0,2025,t95,0,False,363.0,363.0,,,,,,,354.87805860565186
2025-07-28 01:00:00,2025-07-28 01:00:00,357.0,7.0,2025,t95,0,False,357.0,363.0,,,,,,,353.08036086425784
2025-07-28 10:00:00,2025-07-28 10:00:00,350.0,9.0,2025,t95,0,False,357.0,357.0,,,,,,,353.66471937622066
2025-07-29 00:00:00,2025-07-29 00:00:00,356.0,14.0,2025,t95,0,True,350.0,357.0,348.61201619826045,348.5928075466731,348.4341600992759,,,351.15633759460445,348.74028759460447
2025-07-29 10:00:00,2025-07-29 10:00:00,352.0,10.0,2025,t95,0,True,356.0,356.0,351.40573888140386,351.4009865666811,351.2220507724121,,,353.3100611917114,353.79327119171137
2025-07-30 10:00:00,2025-07-30 10:00:00,364.0,24.0,2025,t95,0,True,352.0,352.0,352.5442871656045,352.50601541961765,352.08789712635604,,,362.18842303009035,356.38990303009035
2025-07-30 14:00:00,2025-07-30 14:00:00,370.0,4.0,2025,t95,0,True,364.0,356.0,358.02579012236833,357.9961272420658,357.4847010607771,,,363.521424815979,361.105374815979
2025-07-30 22:00:00,2025-07-30 22:00:00,360.0,8.0,2025,t95,0,True,370.0,364.0,361.33920474816847,361.2702285374009,360.6090038399414,,,361.30712512145993,361.79033512146
2025-07-31 10:00:00,2025-07-31 10:00:00,365.0,12.0,2025,t95,0,True,360.0,364.0,355.961133582106,355.95154990408025,355.5167262135402,,,363.204375824585,358.855485824585
2025-08-01 10:00:00,2025-08-01 10:00:00,362.0,24.0,2025,t95,0,True,365.0,365.0,357.18059665608916,357.1481844102328,356.69560335217693,,,357.57885390838624,356.1292239083862
2025-08-03 10:00:00,2025-08-03 10:00:00,359.0,48.0,2025,t95,0,True,362.0,362.0,355.65519199558605,355.63713967921694,355.2660221877088,,,358.0110250613403,357.04460506134035
2025-08-04 10:00:00,2025-08-04 10:00:00,348.0,24.0,2025,t95,0,True,359.0,362.0,354.5063767482903,354.4605736724241,354.0574510688102,,,358.24141967071535,357.75820967071536
2025-08-05 10:00:00,2025-08-05 10:00:00,350.0,24.0,2025,t95,0,True,348.0,359.0,348.3951214245208,348.33375666167495,347.9609552221277,,,353.8936836642456,346.1623236642456
2025-08-06 10:00:00,2025-08-06 10:00:00,350.0,24.0,2025,t95,0,True,350.0,350.0,349.1927899829297,349.1896535280024,349.009627987406,,,357.075948414917,354.17668841491695
2025-08-07 10:00:00,2025-08-07 10:00:00,364.0,24.0,2025,t95,0,True,350.0,350.0,348.3107473878831,348.3079396724091,348.20496493621454,,,353.63364145324704,351.21759145324705
2025-08-08 10:00:00,2025-08-08 10:00:00,360.0,24.0,2025,t95,0,True,364.0,350.0,357.3111864610952,357.27597005357757,356.79475011043,,,359.1576483911133,357.22480839111324
2025-08-09 10:00:00,2025-08-09 10:00:00,353.0,24.0,2025,t95,0,True,360.0,360.0,356.1010576610213,356.0456077753198,355.5331940333418,,,358.6321124194336,355.2496424194336
2025-08-10 10:00:00,2025-08-10 10:00:00,366.0,24.0,2025,t95,0,True,353.0,360.0,350.7179541734844,350.69630345420114,350.4584730422555,,,354.4693960296631,352.5365560296631
2025-08-12 10:00:00,2025-08-12 10:00:00,354.0,48.0,2025,t95,0,True,366.0,360.0,356.20281274673476,356.1856941402896,355.877631649772,,,353.0575448236084,356.9232248236084
2025-08-13 10:00:00,2025-08-13 10:00:00,354.0,24.0,2025,t95,0,True,354.0,354.0,350.5662880448017,350.5577855417231,350.3615596199541,,,354.75379862792965,352.82095862792966
2025-08-14 10:00:00,2025-08-14 10:00:00,355.0,24.0,2025,t95,0,True,354.0,354.0,350.3425691311397,350.32495371204743,350.12952385411734,,,349.05368319366454,347.6040531936645
2025-08-15 10:00:00,2025-08-15 10:00:00,342.0,24.0,2025,t95,0,True,355.0,354.0,353.2623599675478,353.2194109589363,352.799835014227,,,353.94630718475344,348.1477871847534
2025-08-16 10:00:00,2025-08-16 10:00:00,350.0,24.0,2025,t95,0,True,342.0,354.0,344.07810447099365,344.0640427996185,344.05019259160304,,,346.6160580371094,342.7503780371094
2025-08-17 10:00:00,2025-08-17 10:00:00,349.0,24.0,2025,t95,0,True,350.0,350.0,346.50621225756527,346.5478806516646,346.6373638883339,,,347.2654070129395,346.78219701293943
2025-08-18 10:00:00,2025-08-18 10:00:00,345.0,24.0,2025,t95,0,True,349.0,349.0,346.4162063688523,346.4336937342223,346.4692311352637,,,346.8262933309936,346.34308333099364
2025-08-19 10:00:00,2025-08-19 10:00:00,350.0,24.0,2025,t95,0,True,345.0,349.0,346.1137312942689,346.1190887496372,346.06246198715183,,,352.44828170410153,348.09939170410155
2025-08-20 10:00:00,2025-08-20 10:00:00,357.0,24.0,2025,t95,0,True,350.0,349.0,347.8660594109506,347.8674169441735,347.7951121300379,,,350.97701557434084,349.0441755743408
2025-08-21 10:00:00,2025-08-21 10:00:00,345.0,24.0,2025,t95,0,True,357.0,350.0,352.9490347738199,352.9216125160839,352.6033252768882,,,355.04078163177496,352.6247316317749
2025-08-22 10:00:00,2025-08-22 10:00:00,350.0,24.0,2025,t95,0,True,345.0,350.0,345.648781958831,345.6237093093608,345.5482202220512,,,346.4759958959961,342.6103158959961
2025-08-23 10:00:00,2025-08-23 10:00:00,342.0,24.0,2025,t95,0,True,350.0,350.0,351.32964910670165,351.2842329321963,350.88387986269265,,,356.816123894043,350.051183894043
2025-08-24 10:00:00,2025-08-24 10:00:00,350.0,24.0,2025,t95,0,True,342.0,345.0,344.31004207892227,344.30842921713077,344.3101215284554,,,348.9981822937012,345.61571229370116
2025-08-25 10:00:00,2025-08-25 10:00:00,346.0,24.0,2025,t95,0,True,350.0,350.0,347.95044073822385,347.9417765149613,347.85832297897974,,,349.46793040618894,348.0183004061889
2025-08-27 10:00:00,2025-08-27 10:00:00,343.0,48.0,2025,t95,0,True,346.0,346.0,344.4953285744324,344.5159603464882,344.62697704437653,,,346.2610101208496,345.7778001208496
2025-08-28 10:00:00,2025-08-28 10:00:00,346.0,24.0,2025,t95,0,True,343.0,346.0,344.90086939462225,344.88991548950906,344.8458503596499,,,347.524401133728,342.692301133728
2025-08-29 10:00:00,2025-08-29 10:00:00,343.0,24.0,2025,t95,0,True,346.0,346.0,344.44140913232894,344.4809949476304,344.6137314500396,,,346.0216336761474,344.0887936761475
2025-08-30 10:00:00,2025-08-30 10:00:00,346.0,24.0,2025,t95,0,True,343.0,343.0,342.0802259928794,342.1275481217029,342.36989636761456,,,342.7797896658325,341.3301596658325
2025-08-31 10:00:00,2025-08-31 10:00:00,359.0,24.0,2025,t95,0,True,346.0,346.0,345.47560620687926,345.4766781888676,345.46579827747314,,,346.54537843811033,343.1629084381103
2025-09-01 10:00:00,2025-09-01 10:00:00,344.0,24.0,2025,t95,0,True,359.0,346.0,351.0307951117389,351.0471591670529,350.98241400607367,,,346.43696676513673,348.3698067651367
2025-09-02 10:00:00,2025-09-02 10:00:00,345.0,24.0,2025,t95,0,True,344.0,346.0,345.0223543543917,345.01625623040314,345.0015740314404,,,348.1490067745972,344.76653677459717
2025-09-03 10:00:00,2025-09-03 10:00:00,350.0,24.0,2025,t95,0,True,345.0,345.0,345.19555918541073,345.18996685166894,345.1836211123303,,,347.50845766296385,344.6091976629639
2025-09-04 10:00:00,2025-09-04 10:00:00,344.0,24.0,2025,t95,0,True,350.0,345.0,345.63889512214325,345.6768717336865,345.81109063683857,,,344.1864783801269,344.1864783801269
2025-09-05 10:00:00,2025-09-05 10:00:00,347.0,24.0,2025,t95,0,True,344.0,345.0,345.68759676166115,345.6504448283262,345.507044233688,,,344.95265521606444,338.1877152160645
2025-09-06 10:00:00,2025-09-06 10:00:00,348.0,24.0,2025,t95,0,True,347.0,347.0,345.4508911500034,345.45380898411673,345.4633686312097,,,345.0476368017578,342.14837680175776
2025-09-07 10:00:00,2025-09-07 10:00:00,352.0,24.0,2025,t95,0,True,348.0,347.0,347.60633981599807,347.57857375424277,347.43018106087203,,,348.15514386718746,344.28946386718746
2025-09-08 10:00:00,2025-09-08 10:00:00,346.0,24.0,2025,t95,0,True,352.0,348.0,351.2900577269376,351.2204927892517,350.8382110577921,,,352.16770845916744,348.30202845916745
2025-09-09 10:00:00,2025-09-09 10:00:00,355.0,24.0,2025,t95,0,True,346.0,348.0,344.7302097329758,344.7471322110461,344.8345248286094,,,345.53816503784174,344.57174503784177
2025-09-10 10:00:00,2025-09-10 10:00:00,350.0,24.0,2025,t95,0,True,355.0,352.0,349.23014623618684,349.23595633115275,349.20055442900883,,,345.88091771759036,347.8137577175903
2025-09-11 10:00:00,2025-09-11 10:00:00,350.0,24.0,2025,t95,0,True,350.0,350.0,346.52393457985085,346.5038848392302,346.51261161640036,,,343.75560150817876,346.1716515081787
2025-09-12 10:00:00,2025-09-12 10:00:00,345.0,24.0,2025,t95,0,True,350.0,350.0,346.1518579487046,346.1856220916627,346.28309654835573,,,345.46230468780516,345.46230468780516
2025-09-13 10:00:00,2025-09-13 10:00:00,350.0,24.0,2025,t95,0,True,345.0,350.0,344.58072806558147,344.5848470020574,344.64040151810144,,,346.0599981811523,344.61036818115235
2025-09-14 10:00:00,2025-09-14 10:00:00,350.0,24.0,2025,t95,0,True,350.0,350.0,347.36276566594523,347.3675593608532,347.32791789087537,,,346.9116562649536,344.9788162649536
2025-09-15 10:00:00,2025-09-15 10:00:00,355.0,24.0,2025,t95,0,True,350.0,350.0,349.96337993620034,349.9401572019914,349.6578147402093,,,352.3263149835205,345.0781649835205
2025-09-16 10:00:00,2025-09-16 10:00:00,345.0,24.0,2025,t95,0,True,355.0,350.0,348.33990620317246,348.3651072608896,348.4074219971886,,,345.59377625183106,348.00982625183104
2025-09-17 10:00:00,2025-09-17 10:00:00,346.0,24.0,2025,t95,0,True,345.0,350.0,344.53028736824274,344.53367460398323,344.58378921629935,,,345.85075062957765,344.4011206295777
2025-09-18 10:00:00,2025-09-18 10:00:00,343.0,24.0,2025,t95,0,True,346.0,346.0,344.90388768341967,344.9142559203129,344.9606031353389,,,346.66371130218505,344.73087130218505
2025-09-19 10:00:00,2025-09-19 10:00:00,359.0,24.0,2025,t95,0,True,343.0,345.0,343.1779374139246,343.1992491174455,343.32090093352576,,,345.88211051116946,342.98285051116943
2025-09-20 10:00:00,2025-09-20 10:00:00,344.0,24.0,2025,t95,0,True,359.0,346.0,354.35883673553974,354.2982010324326,353.8753140170145,,,352.7613679193115,350.82852791931157
2025-09-21 10:00:00,2025-09-21 10:00:00,346.0,24.0,2025,t95,0,True,344.0,344.0,343.9186785684298,343.9350999730475,344.02595865288384,,,345.2666722705078,342.36741227050777
2025-09-22 10:00:00,2025-09-22 10:00:00,342.0,24.0,2025,t95,0,True,346.0,346.0,345.37259901500204,345.3767096223441,345.38453811106984,,,345.94335943359374,343.0440994335937
2025-09-23 10:00:00,2025-09-23 10:00:00,358.0,24.0,2025,t95,0,True,342.0,344.0,341.67092007177115,341.69591538234204,341.9010825752353,,,341.47901878173826,340.02938878173825
2025-09-24 10:00:00,2025-09-24 10:00:00,339.0,24.0,2025,t95,0,True,358.0,346.0,347.70036118820445,347.7697747430148,348.002172323086,,,342.4265733059692,348.70830330596925
2025-09-25 10:00:00,2025-09-25 10:00:00,350.0,24.0,2025,t95,0,True,339.0,342.0,344.0201270178656,343.9997158872921,343.8904073288852,,,349.02565911621093,340.32787911621097
2025-09-26 10:00:00,2025-09-26 10:00:00,340.0,24.0,2025,t95,0,True,350.0,350.0,346.2758012934731,346.3113187609958,346.4076931133421,,,347.6999840942383,348.66640409423826
2025-09-27 10:00:00,2025-09-27 10:00:00,346.0,24.0,2025,t95,0,True,340.0,340.0,345.3608823134698,345.33315103470017,345.16164056192065,,,352.4641256622314,344.2495556622314
2025-09-28 10:00:00,2025-09-28 10:00:00,350.0,24.0,2025,t95,0,True,346.0,346.0,347.26688839306854,347.267264533908,347.133281623573,,,353.72843794525147,346.96349794525145
2025-09-29 10:00:00,2025-09-29 10:00:00,343.0,24.0,2025,t95,0,True,350.0,346.0,348.6177670830677,348.63722683754673,348.52086179676104,,,351.0144830758667,346.1823830758667
2025-09-30 10:00:00,2025-09-30 10:00:00,341.0,24.0,2025,t95,0,True,343.0,346.0,343.5420839639538,343.56354886390005,343.67147476949793,,,346.63166034759524,344.6988203475952
2025-10-01 10:00:00,2025-10-01 10:00:00,341.0,24.0,2025,t95,0,True,341.0,343.0,342.27578269468194,342.29453680598283,342.4404711955661,,,344.6068837692261,342.67404376922605
2025-10-02 10:00:00,2025-10-02 10:00:00,336.0,24.0,2025,t95,0,True,341.0,341.0,342.65541811174,342.659091283618,342.7575919981717,,,344.74800843292235,342.81516843292235
2025-10-03 10:00:00,2025-10-03 10:00:00,345.0,24.0,2025,t95,0,True,336.0,341.0,341.0111421060655,340.9857139326945,341.0472963328126,,,344.94758759704587,341.56511759704586
2025-10-05 10:00:00,2025-10-05 10:00:00,343.0,48.0,2025,t95,0,True,345.0,341.0,344.7367799365302,344.75537137709745,344.83675246974315,,,348.23170647216796,347.748496472168
2025-10-06 10:00:00,2025-10-06 10:00:00,345.0,24.0,2025,t95,0,True,343.0,343.0,343.5409459618203,343.56355482445093,343.6736475759438,,,347.4315746981811,345.9819446981811
2025-10-07 10:00:00,2025-10-07 10:00:00,346.0,24.0,2025,t95,0,True,345.0,345.0,345.8244791086087,345.8263597625406,345.7941244167211,,,350.0368594592285,347.6208094592285
2025-10-08 10:00:00,2025-10-08 10:00:00,346.0,24.0,2025,t95,0,True,346.0,345.0,346.4041304605653,346.40162489740845,346.34237546878484,,,350.62839225585935,348.2123422558593
2025-10-09 10:00:00,2025-10-09 10:00:00,345.0,24.0,2025,t95,0,True,346.0,346.0,345.6466660857166,345.66319974251445,345.67952815401077,,,348.6949153475952,346.7620753475952
2025-10-10 10:00:00,2025-10-10 10:00:00,343.0,24.0,2025,t95,0,True,345.0,346.0,345.9518526414829,345.94272405052254,345.88973555503577,,,350.7525460552979,348.81970605529784
2025-10-11 10:00:00,2025-10-11 10:00:00,346.0,24.0,2025,t95,0,True,343.0,345.0,346.7164880535716,346.6443427248065,346.38696372408145,,,351.51772548126223,347.65204548126223
2025-10-12 10:00:00,2025-10-12 10:00:00,344.0,24.0,2025,t95,0,True,346.0,345.0,346.07174932030006,346.0856996837811,346.0773746781699,,,351.6949455285644,349.76210552856446
2025-10-14 10:00:00,2025-10-14 10:00:00,345.0,48.0,2025,t95,0,True,344.0,344.0,346.11727339556444,346.09117281490603,345.97808176299594,,,351.406978036499,348.507718036499
2025-10-15 10:00:00,2025-10-15 10:00:00,346.0,24.0,2025,t95,0,True,345.0,345.0,345.71967259253864,345.7036365619935,345.6596316497287,,,349.00582952392574,348.03940952392577
2025-10-16 10:00:00,2025-10-16 10:00:00,348.0,24.0,2025,t95,0,True,346.0,345.0,348.1729596762138,348.1382869504884,347.9123000241799,,,354.4310135092163,350.0821235092163
2025-10-17 10:00:00,2025-10-17 10:00:00,342.0,24.0,2025,t95,0,True,348.0,346.0,348.69132882231787,348.66696168136826,348.4547162769154,,,355.3842543701172,352.0017843701172
2025-10-18 10:00:00,2025-10-18 10:00:00,344.0,24.0,2025,t95,0,True,342.0,346.0,345.4554244952231,345.43601498205135,345.31443883295987,,,351.835285642395,346.519975642395
2025-10-19 10:00:00,2025-10-19 10:00:00,348.0,24.0,2025,t95,0,True,344.0,344.0,346.71715082734926,346.68194390749034,346.5051773956047,,,353.1879490985107,349.32226909851073
2025-10-20 10:00:00,2025-10-20 10:00:00,342.0,24.0,2025,t95,0,True,348.0,344.0,346.9182563990727,346.94214933596515,346.9444588796343,,,351.14039638061524,350.1739763806152
2025-10-21 10:00:00,2025-10-21 10:00:00,342.0,24.0,2025,t95,0,True,342.0,344.0,344.55096442896314,344.5484657748185,344.5338744414764,,,351.521534895935,348.62227489593505
2025-10-22 10:00:00,2025-10-22 10:00:00,348.0,24.0,2025,t95,0,True,342.0,342.0,345.23415236936336,345.2027053140588,345.1031753151827,,,351.8386286538696,348.9393686538696
2025-10-23 10:00:00,2025-10-23 10:00:00,348.0,24.0,2025,t95,0,True,348.0,342.0,348.35577583179247,348.358693873999,348.2152160795267,,,356.9753726898193,353.5929026898193
2025-10-24 10:00:00,2025-10-24 10:00:00,349.0,24.0,2025,t95,0,True,348.0,348.0,348.43302105997674,348.4003244332722,348.19843168105217,,,353.691695791626,350.309225791626
2025-10-25 10:00:00,2025-10-25 10:00:00,353.0,24.0,2025,t95,0,True,349.0,348.0,348.33743686050605,348.31650696952977,348.1458016041469,,,352.96861527893066,349.58614527893064
2025-10-26 10:00:00,2025-10-26 10:00:00,342.0,24.0,2025,t95,0,True,353.0,349.0,352.6707898733203,352.59911425913464,352.13949706262446,,,357.2264928463745,352.3943928463745
2025-10-27 10:00:00,2025-10-27 10:00:00,353.0,24.0,2025,t95,0,True,342.0,349.0,344.63262817560906,344.61054402639854,344.5414850407607,,,348.8106873883056,343.97858738830564
2025-10-28 10:00:00,2025-10-28 10:00:00,343.0,24.0,2025,t95,0,True,353.0,353.0,349.935202879494,349.9380663679899,349.8055735312123,,,354.1742145358276,353.69100453582763
2025-10-29 10:00:00,2025-10-29 10:00:00,350.0,24.0,2025,t95,0,True,343.0,343.0,345.10603737456273,345.0972419314265,345.0462438372493,,,352.8924470355224,349.50997703552247
2025-10-30 10:00:00,2025-10-30 10:00:00,345.0,24.0,2025,t95,0,True,350.0,350.0,348.29533400843775,348.3055974379764,348.2188975199554,,,354.57148583740235,353.12185583740234
2025-10-31 10:00:00,2025-10-31 10:00:00,346.0,24.0,2025,t95,0,True,345.0,345.0,346.95583924121144,346.92154362662245,346.7563351173016,,,352.05147912109373,348.6690091210937
2025-11-01 10:00:00,2025-11-01 10:00:00,343.0,24.0,2025,t95,0,True,346.0,346.0,346.1438456389931,346.1574934965006,346.14635679318997,,,351.8269986203003,349.89415862030023
2025-11-02 10:00:00,2025-11-02 10:00:00,360.0,24.0,2025,t95,0,True,343.0,345.0,344.9022996245106,344.9203576273633,344.9355533194474,,,352.64159560485837,349.25912560485835
2025-11-03 10:00:00,2025-11-03 10:00:00,345.0,24.0,2025,t95,0,True,360.0,346.0,356.37111313920684,356.31381726344046,355.7781577088594,,,360.07339523406984,357.1741352340698
2025-11-04 10:00:00,2025-11-04 10:00:00,350.0,24.0,2025,t95,0,True,345.0,345.0,347.0865252692768,347.0517362929253,346.8812126683484,,,353.1448584197998,349.7623884197998
2025-11-05 10:00:00,2025-11-05 10:00:00,342.0,24.0,2025,t95,0,True,350.0,350.0,350.88085456624646,350.82169571153605,350.4461206830283,,,353.29791080932614,347.9826008093262
2025-11-06 10:00:00,2025-11-06 10:00:00,345.0,24.0,2025,t95,0,True,342.0,345.0,344.24901419284333,344.2390287220088,344.23496100549016,,,350.3424733233643,347.92642332336425
2025-11-07 10:00:00,2025-11-07 10:00:00,347.0,24.0,2025,t95,0,True,345.0,345.0,345.4724709313293,345.46932027757015,345.4597787303465,,,350.4948049786377,349.0451749786377
2025-11-08 10:00:00,2025-11-08 10:00:00,350.0,24.0,2025,t95,0,True,347.0,345.0,348.34027827429054,348.304400229336,348.08042421932754,,,352.41979678771975,348.07090678771976
2025-11-09 10:00:00,2025-11-09 10:00:00,351.0,24.0,2025,t95,0,True,350.0,347.0,349.5250078723952,349.50663921651295,349.2932651970132,,,354.0325592608642,350.1668792608642
2025-11-10 10:00:00,2025-11-10 10:00:00,352.0,24.0,2025,t95,0,True,351.0,350.0,350.544358168754,350.5158404319045,350.2348057695295,,,353.6891025683594,349.34021256835933
2025-11-11 10:00:00,2025-11-11 10:00:00,343.0,24.0,2025,t95,0,True,352.0,351.0,351.3319770139389,351.2892869097398,350.9560276915429,,,356.5861111318969,353.68685113189696
2025-11-12 10:00:00,2025-11-12 10:00:00,350.0,24.0,2025,t95,0,True,343.0,351.0,344.4401275828936,344.4430156611925,344.46337220624235,,,351.76825703735346,350.3186270373535
2025-11-13 10:00:00,2025-11-13 10:00:00,343.0,24.0,2025,t95,0,True,350.0,350.0,349.3335792401451,349.2989692094747,349.0738710527766,,,354.30609053283695,352.8564605328369
2025-11-14 10:00:00,2025-11-14 10:00:00,362.0,24.0,2025,t95,0,True,343.0,343.0,343.9639055721074,343.97541233874375,344.0550850837317,,,349.93890126586916,349.4556912658692
2025-11-15 10:00:00,2025-11-15 10:00:00,344.0,24.0,2025,t95,0,True,362.0,350.0,354.81393788405785,354.7991411992637,354.4962983543805,,,354.75977125518796,356.692611255188
2025-11-16 10:00:00,2025-11-16 10:00:00,348.0,24.0,2025,t95,0,True,344.0,344.0,345.17937508272666,345.18650033252044,345.18702010808835,,,351.21602168823244,348.7999716882324
2025-11-17 10:00:00,2025-11-17 10:00:00,348.0,24.0,2025,t95,0,True,348.0,348.0,349.74566128644227,349.70612811360996,349.3931290378945,,,356.6122949172974,351.2969849172973
2025-11-18 10:00:00,2025-11-18 10:00:00,358.0,24.0,2025,t95,0,True,348.0,348.0,348.5824692189502,348.5694094323781,348.3803493877448,,,354.4620686422729,350.5963886422729
2025-11-19 10:00:00,2025-11-19 10:00:00,345.0,24.0,2025,t95,0,True,358.0,348.0,354.5760569111022,354.53675539896324,354.1186166167224,,,358.75646300964354,356.82362300964354
2025-11-20 10:00:00,2025-11-20 10:00:00,350.0,24.0,2025,t95,0,True,345.0,348.0,343.8754868867836,343.9076481361514,344.04021702705705,,,346.9264166430664,345.47678664306636
2025-11-21 10:00:00,2025-11-21 10:00:00,346.0,24.0,2025,t95,0,True,350.0,350.0,347.8453300849926,347.8736225351778,347.8532097742019,,,352.5896989849853,351.6232789849853
2025-11-22 10:00:00,2025-11-22 10:00:00,355.0,24.0,2025,t95,0,True,346.0,346.0,346.9245875352628,346.90851835607555,346.80591824991905,,,352.15104687744144,350.2182068774414
2025-11-23 10:00:00,2025-11-23 10:00:00,347.0,24.0,2025,t95,0,True,355.0,350.0,352.83221963745143,352.78453145188564,352.41833406812117,,,356.8275448736572,355.37791487365723
2025-11-24 10:00:00,2025-11-24 10:00:00,345.0,24.0,2025,t95,0,True,347.0,347.0,348.19389434217675,348.1610772405675,347.94733524337335,,,355.17365461395264,351.7911846139526
2025-11-25 10:00:00,2025-11-25 10:00:00,344.0,24.0,2025,t95,0,True,345.0,347.0,346.4826253507734,346.47720228785516,346.38703079111855,,,354.4501146374512,351.55085463745115
2025-11-26 10:00:00,2025-11-26 10:00:00,353.0,24.0,2025,t95,0,True,344.0,345.0,346.1321814542471,346.11498394891686,346.00320260387855,,,353.41465372039795,350.03218372039794
2025-11-27 10:00:00,2025-11-27 10:00:00,350.0,24.0,2025,t95,0,True,353.0,345.0,350.7690871699297,350.7692065686876,350.5615301111793,,,355.32483038482667,352.9087803848266
2025-11-28 10:00:00,2025-11-28 10:00:00,350.0,24.0,2025,t95,0,True,350.0,350.0,347.6417238174744,347.6840212010405,347.70140386238614,,,352.8877818283081,351.9213618283081
2025-11-29 10:00:00,2025-11-29 10:00:00,344.0,24.0,2025,t95,0,True,350.0,350.0,349.75094316874487,349.7335921320374,349.5139714577934,,,354.99945706909176,352.1001970690918
2025-11-30 10:00:00,2025-11-30 10:00:00,350.0,24.0,2025,t95,0,True,344.0,350.0,345.3842434136996,345.3996908625722,345.39593676559167,,,353.4216957144165,350.5224357144165
2025-12-01 10:00:00,2025-12-01 10:00:00,347.0,24.0,2025,t95,0,True,350.0,350.0,348.17351221610494,348.19171779766305,348.121808910108,,,352.0097210824585,348.6272510824585
2025-12-02 10:00:00,2025-12-02 10:00:00,345.0,24.0,2025,t95,0,True,347.0,347.0,345.9114836745374,345.92350022637896,345.92594750025296,,,349.2705911682129,346.3713311682129
2025-12-03 10:00:00,2025-12-03 10:00:00,340.0,24.0,2025,t95,0,True,345.0,347.0,345.2938695138912,345.2791092591222,345.23397437810223,,,343.76767481903073,338.4523648190308
2025-12-04 10:00:00,2025-12-04 10:00:00,350.0,24.0,2025,t95,0,True,340.0,345.0,341.34047375620605,341.3632348624286,341.5537699329417,,,344.18829815002437,340.80582815002435
2025-12-05 10:00:00,2025-12-05 10:00:00,341.0,24.0,2025,t95,0,True,350.0,345.0,348.2658218956582,348.27262121883757,348.17288649394254,,,352.31000682861327,349.8939568286132
2025-12-06 10:00:00,2025-12-06 10:00:00,350.0,24.0,2025,t95,0,True,341.0,341.0,343.9976142494357,343.99331691171113,343.9820653129183,,,350.46875895996095,345.6366589599609
2025-12-07 10:00:00,2025-12-07 10:00:00,350.0,24.0,2025,t95,0,True,350.0,350.0,349.46480963087976,349.4457743355429,349.22692530317664,,,354.61464559387207,350.7489655938721
2025-12-08 10:00:00,2025-12-08 10:00:00,350.0,24.0,2025,t95,0,True,350.0,350.0,349.11151162659235,349.0862025687852,348.8809996649387,,,354.06522437652586,351.1659643765259
2025-12-09 10:00:00,2025-12-09 10:00:00,347.0,24.0,2025,t95,0,True,350.0,350.0,350.88367223583987,350.81322035027875,350.4140967462297,,,355.50314221832275,350.6710422183227
2025-12-10 09:35:00,2025-12-10 09:35:00,347.0,23.583333333333332,2025,t95,0,True,347.0,350.0,346.3766588298671,346.377115797826,346.34566972953303,,,351.1583589523315,349.2255189523315
2025-12-11 10:00:00,2025-12-11 10:00:00,345.0,24.416666666666668,2025,t95,0,True,347.0,347.0,347.5676881160548,347.54047171308616,347.37482183819094,,,354.1293405181884,350.7468705181885
2025-12-12 10:00:00,2025-12-12 10:00:00,348.0,24.0,2025,t95,0,True,345.0,347.0,344.0138585307797,344.0375902626895,344.1628528569964,,,348.4415189224243,347.9583089224243
2025-12-13 10:00:00,2025-12-13 10:00:00,337.0,24.0,2025,t95,0,True,348.0,347.0,346.5448519533141,346.5551468774092,346.5463485040702,,,348.33607931762697,345.9200293176269
2025-12-14 10:00:00,2025-12-14 10:00:00,340.0,24.0,2025,t95,0,True,337.0,345.0,340.6382033035777,340.6388772081872,340.7789141956361,,,344.30613575073244,340.44045575073244
2025-12-15 10:00:00,2025-12-15 10:00:00,335.0,24.0,2025,t95,0,True,340.0,340.0,340.94783232074445,340.9802782777173,341.22520169721196,,,342.77286247558595,341.3232324755859
2025-12-16 10:00:00,2025-12-16 10:00:00,345.0,24.0,2025,t95,0,True,335.0,337.0,337.82863711925773,337.8696985248065,338.23105676356204,,,340.52844192749023,338.1123919274902
2025-12-17 10:00:00,2025-12-17 10:00:00,338.0,24.0,2025,t95,0,True,345.0,340.0,342.4950054883227,342.55631769818734,342.83637115609275,,,343.01728156127933,343.01728156127933
2025-12-18 10:00:00,2025-12-18 10:00:00,342.0,24.0,2025,t95,0,True,338.0,338.0,338.9935372018336,339.0290848414294,339.35532569331156,,,340.1941470928955,339.2277270928955
2025-12-19 10:00:00,2025-12-19 10:00:00,342.0,24.0,2025,t95,0,True,342.0,342.0,342.5869623524348,342.6239931310908,342.7876091018713,,,346.47236291992186,343.5731029199219
2025-12-20 10:00:00,2025-12-20 10:00:00,352.0,24.0,2025,t95,0,True,342.0,342.0,343.4388146548908,343.476934473582,343.5876007177392,,,349.956762290039,345.60787229003904
2025-12-21 10:00:00,2025-12-21 10:00:00,343.0,24.0,2025,t95,0,True,352.0,342.0,348.98089836400504,349.00055892933074,348.9277723243754,,,353.1657072625732,352.1992872625732
2025-12-22 10:00:00,2025-12-22 10:00:00,347.0,24.0,2025,t95,0,True,343.0,343.0,343.8324836016354,343.84947756874845,343.92531116045126,,,348.69545834808343,346.2794083480835
2025-12-23 10:00:00,2025-12-23 10:00:00,342.0,24.0,2025,t95,0,True,347.0,347.0,347.02208448162395,347.01438414788447,346.9288185608659,,,349.9372560787964,347.03799607879637
2025-12-24 10:00:00,2025-12-24 10:00:00,348.0,24.0,2025,t95,0,True,342.0,343.0,342.44290076217334,342.45634454317064,342.5954296963298,,,344.8644044439697,340.9987244439697
2025-12-25 10:00:00,2025-12-25 10:00:00,344.0,24.0,2025,t95,0,True,348.0,347.0,345.9051321596624,345.9375398674891,346.0137689250801,,,348.6075872229004,347.6411672229004
2025-12-26 10:00:00,2025-12-26 10:00:00,345.0,24.0,2025,t95,0,True,344.0,344.0,344.92084862997945,344.90005410931576,344.8509464393439,,,346.3766229293823,342.5109429293823
2025-12-27 10:00:00,2025-12-27 10:00:00,341.0,24.0,2025,t95,0,True,345.0,345.0,343.40726221361905,343.44413504716056,343.6176620908998,,,344.9363422091675,343.4867122091675
2025-12-28 10:00:00,2025-12-28 10:00:00,345.0,24.0,2025,t95,0,True,341.0,344.0,341.92674102887236,341.957421034977,342.1377066570976,,,345.3061662319946,342.40690623199464
2025-12-29 10:00:00,2025-12-29 10:00:00,343.0,24.0,2025,t95,0,True,345.0,345.0,344.0191476318993,344.05290298965696,344.1965805948478,,,348.1007250726318,346.65109507263185
2025-12-30 10:00:00,2025-12-30 10:00:00,346.0,24.0,2025,t95,0,True,343.0,343.0,342.2439783497428,342.30184616505073,342.55049143106766,,,346.1646370199585,344.71500701995853
2025-12-31 10:00:00,2025-12-31 10:00:00,341.0,24.0,2025,t95,0,True,346.0,345.0,346.2177941605902,346.21459560590296,346.16383398056587,,,349.96802917236323,346.5855591723632
2025-01-01 07:00:00,2025-01-01 10:00:00,342.0,21.0,2025,t95,180,True,335.0,340.0,337.54618606601997,337.6068837357693,337.97861026133177,,,335.46987587829585,330.6377758782959
2025-01-02 07:00:00,2025-01-02 10:00:00,332.0,21.0,2025,t95,180,True,342.0,342.0,339.71202332077996,339.7773734186315,340.1412767436171,,,331.5535945648193,330.5871745648193
2025-01-03 07:00:00,2025-01-03 10:00:00,337.0,21.0,2025,t95,180,True,332.0,335.0,335.2065448142081,335.22813689218157,335.6070868298176,,,328.0601203521728,325.16086035217285
2025-01-04 07:00:00,2025-01-04 10:00:00,338.0,21.0,2025,t95,180,True,337.0,337.0,340.32805576368685,340.3300903045122,340.4506916522137,,,334.61127419281,328.3295441928101
2025-01-05 07:00:00,2025-01-05 10:00:00,346.0,21.0,2025,t95,180,True,338.0,337.0,337.8450100310987,337.91774211543657,338.327607882949,,,330.59464059478756,326.72896059478757
2025-01-06 07:00:00,2025-01-06 10:00:00,344.0,21.0,2025,t95,180,True,346.0,338.0,342.0906603088399,342.1326138453887,342.3633010487801,,,331.90762683334344,329.9747868333435
2025-01-07 07:00:00,2025-01-07 10:00:00,347.0,21.0,2025,t95,180,True,344.0,344.0,338.65699378420436,338.74906763160715,339.2464986914748,,,330.17254440856937,330.65575440856935
2025-01-08 07:00:00,2025-01-08 10:00:00,339.0,21.0,2025,t95,180,True,347.0,346.0,341.2209973685322,341.36346956773883,341.8618225024843,,,333.49264405273436,332.0430140527344
2025-01-09 07:00:00,2025-01-09 10:00:00,338.0,21.0,2025,t95,180,True,339.0,344.0,338.6295609729103,338.66939434960557,338.9948050251992,,,330.1845653601074,327.7685153601074
2025-01-10 07:00:00,2025-01-10 10:00:00,337.0,21.0,2025,t95,180,True,338.0,339.0,338.16537912360457,338.2094193674166,338.55809534294616,,,330.2274507852173,327.8114007852173
2025-01-11 07:00:00,2025-01-11 10:00:00,340.0,21.0,2025,t95,180,True,337.0,338.0,336.79930605207056,336.88638618786877,337.38279962644975,,,332.51354049591066,330.0974904959106
2025-01-12 07:00:00,2025-01-12 10:00:00,344.0,21.0,2025,t95,180,True,340.0,338.0,341.9336893511501,341.9071143569912,341.9196741473908,,,335.9894732269287,329.7077432269287
2025-01-13 07:00:00,2025-01-13 10:00:00,341.0,21.0,2025,t95,180,True,344.0,340.0,342.08817928786993,342.1165177852402,342.305032895255,,,333.2764714129638,331.3436314129639
2025-01-14 07:00:00,2025-01-14 10:00:00,340.0,21.0,2025,t95,180,True,341.0,341.0,339.67909060871204,339.7277306925936,340.04712168059496,,,335.31060263763425,332.89455263763426
2025-01-15 07:00:00,2025-01-15 10:00:00,339.0,21.0,2025,t95,180,True,340.0,341.0,338.735198331724,338.72294293102823,338.97025365047534,,,332.5471411956787,333.0303511956787
2025-01-16 07:00:00,2025-01-16 10:00:00,343.0,21.0,2025,t95,180,True,339.0,340.0,339.05888632197167,339.1080731803045,339.426766912459,,,331.1151219866943,327.73265198669435
2025-01-17 07:00:00,2025-01-17 10:00:00,340.0,21.0,2025,t95,180,True,343.0,340.0,341.82724124408344,341.8390895207035,341.9832819670543,,,335.0871596380615,331.7046896380615
2025-01-18 07:00:00,2025-01-18 10:00:00,342.0,21.0,2025,t95,180,True,340.0,340.0,339.34167063975866,339.3773310398697,339.6721807432928,,,331.37601154846186,329.4431715484619
2025-01-19 07:00:00,2025-01-19 10:00:00,347.0,21.0,2025,t95,180,True,342.0,342.0,340.8870869896074,340.92469874662817,341.16831339991825,,,333.86920877777095,331.45315877777097
2025-01-20 07:00:00,2025-01-20 10:00:00,349.0,21.0,2025,t95,180,True,347.0,342.0,344.60651694424064,344.6241214822367,344.6814667375957,,,336.36392101806643,332.49824101806644
2025-01-21 07:00:00,2025-01-21 10:00:00,346.0,21.0,2025,t95,180,True,349.0,347.0,345.37189455338506,345.40364428555705,345.488817717731,,,338.7112933752441,336.2952433752441
2025-01-22 07:00:00,2025-01-22 10:00:00,350.0,21.0,2025,t95,180,True,346.0,347.0,343.86591800548763,343.8784182587052,343.96129945084715,,,340.73522237731936,337.35275237731935
2025-01-23 07:00:00,2025-01-23 10:00:00,343.0,21.0,2025,t95,180,True,350.0,349.0,346.2466145200353,346.2706614802172,346.3076916589651,,,338.1839358956909,335.76788589569094
2025-01-24 07:00:00,2025-01-24 10:00:00,344.0,21.0,2025,t95,180,True,343.0,346.0,341.7465287408691,341.8004717869477,342.02346566606934,,,338.3961758779907,333.08086587799073
2025-01-25 07:00:00,2025-01-25 10:00:00,341.0,21.0,2025,t95,180,True,344.0,344.0,342.8737302285384,342.9073110276891,343.0554047612367,,,338.05953630187986,334.19385630187986
2025-01-26 07:00:00,2025-01-26 10:00:00,340.0,21.0,2025,t95,180,True,341.0,343.0,340.3203434447679,340.345626844893,340.57358754370597,,,333.3504089321899,330.45114893218994
2025-01-27 07:00:00,2025-01-27 10:00:00,340.0,21.0,2025,t95,180,True,340.0,341.0,340.6594864381061,340.67825961353765,340.8555203834767,,,336.7196018984985,331.8875018984985
2025-01-28 07:00:00,2025-01-28 10:00:00,342.0,21.0,2025,t95,180,True,340.0,340.0,340.61988968731237,340.6408428269375,340.8277043346663,,,337.51610106170654,333.16721106170655
2025-01-29 07:00:00,2025-01-29 10:00:00,346.0,21.0,2025,t95,180,True,342.0,340.0,341.1680059105534,341.2051186018668,341.43564306499854,,,337.5442073828125,335.12815738281245
2025-01-30 07:00:00,2025-01-30 10:00:00,340.0,21.0,2025,t95,180,True,346.0,342.0,345.3043868833004,345.29444165036955,345.2702200072931,,,343.76947690307617,341.3534269030762
2025-01-31 07:00:00,2025-01-31 10:00:00,344.0,21.0,2025,t95,180,True,340.0,342.0,341.31874627845474,341.3283416618021,341.47880619281347,,,345.0030347802734,342.5869847802734
2025-02-01 07:00:00,2025-02-01 10:00:00,350.0,21.0,2025,t95,180,True,344.0,344.0,342.94988811069567,343.01187503652193,343.25136689405895,,,344.5829620019531,344.0997520019531
2025-02-02 07:00:00,2025-02-02 10:00:00,340.0,21.0,2025,t95,180,True,350.0,344.0,347.3470152060996,347.35435268234284,347.3146318940063,,,344.9975099505615,344.0310899505615
2025-02-03 07:00:00,2025-02-03 10:00:00,335.0,21.0,2025,t95,180,True,340.0,344.0,340.46160812663015,340.4958584677632,340.74732711081083,,,341.1438461819457,340.17742618194575
2025-02-04 07:00:00,2025-02-04 10:00:00,341.0,21.0,2025,t95,180,True,335.0,340.0,337.7036206139302,337.73863426052395,338.0541743709618,,,340.11049071929926,336.7280207192993
2025-02-05 07:00:00,2025-02-05 10:00:00,347.0,21.0,2025,t95,180,True,341.0,340.0,342.63912028092096,342.63960740906606,342.7244075349757,,,345.4467089163208,343.5138689163208
2025-02-07 07:00:00,2025-02-07 10:00:00,342.0,45.0,2025,t95,180,True,347.0,341.0,344.4689077045762,344.4887650013787,344.5985784137914,,,342.59332948242184,343.0765394824219
2025-02-08 07:00:00,2025-02-08 10:00:00,341.0,21.0,2025,t95,180,True,342.0,342.0,341.05388895074066,341.1011132179153,341.37944157037003,,,341.54269430358886,341.54269430358886
2025-02-09 07:00:00,2025-02-09 10:00:00,336.0,21.0,2025,t95,180,True,341.0,342.0,344.3538083090599,344.32932715605756,344.2532233954753,,,343.9089112246704,338.5936012246704
2025-02-10 07:00:00,2025-02-10 10:00:00,341.0,21.0,2025,t95,180,True,336.0,341.0,339.78935793307966,339.777984254366,339.9164984155878,,,339.0061514877319,336.1068914877319
2025-02-11 07:00:00,2025-02-11 10:00:00,340.0,21.0,2025,t95,180,True,341.0,341.0,343.889331722473,343.873626638419,343.8504172336689,,,347.7807093405151,343.4318193405151
2025-02-12 07:00:00,2025-02-12 10:00:00,345.0,21.0,2025,t95,180,True,340.0,340.0,341.87046470082663,341.89059258255514,342.0396068854642,,,344.08139476562496,341.665344765625
2025-02-13 07:00:00,2025-02-13 10:00:00,340.0,21.0,2025,t95,180,True,345.0,341.0,345.145040848259,345.15342246203295,345.17018625913715,,,343.84676405426023,341.91392405426024
2025-02-14 07:00:00,2025-02-14 10:00:00,341.0,21.0,2025,t95,180,True,340.0,340.0,343.73209846926136,343.71521435127585,343.6772344967188,,,348.41618377014163,343.10087377014156
2025-02-15 07:00:00,2025-02-15 10:00:00,335.0,21.0,2025,t95,180,True,341.0,341.0,342.95868319275684,342.9701830186965,343.0587054349989,,,345.13826197723387,342.7222119772339
2025-02-16 07:00:00,2025-02-16 10:00:00,346.0,21.0,2025,t95,180,True,335.0,340.0,342.40209830648325,342.3763006320506,342.3236115128749,,,350.1566395797729,342.4252795797729
2025-02-17 07:00:00,2025-02-17 10:00:00,339.0,21.0,2025,t95,180,True,346.0,341.0,346.96195655579015,346.89500362292335,346.67445754275906,,,348.3402713879394,345.92422138793944
2025-02-18 07:00:00,2025-02-18 10:00:00,338.0,21.0,2025,t95,180,True,339.0,339.0,342.9691776345767,342.94897597798933,342.9485362371444,,,347.1048710693359,343.72240106933594
2025-02-19 07:00:00,2025-02-19 10:00:00,340.0,21.0,2025,t95,180,True,338.0,339.0,341.8028821103028,341.8069915820489,341.9010370032649,,,345.93441099609373,342.5519409960937
2025-02-20 07:00:00,2025-02-20 10:00:00,338.0,21.0,2025,t95,180,True,340.0,339.0,341.80302449338336,341.82744737222293,342.00282170648626,,,344.97060736236574,343.5209773623657
2025-02-21 07:00:00,2025-02-21 10:00:00,341.0,21.0,2025,t95,180,True,338.0,338.0,341.4107318847829,341.42031763980464,341.55376136744866,,,344.21388372528077,341.7978337252807
2025-02-22 07:00:00,2025-02-22 10:00:00,344.0,21.0,2025,t95,180,True,341.0,340.0,344.66554104311456,344.65222585976994,344.57310872424233,,,350.10669314727784,343.3417531472778
2025-02-23 07:00:00,2025-02-23 10:00:00,344.0,21.0,2025,t95,180,True,344.0,341.0,344.1039678039323,344.1096229411585,344.1686562767786,,,345.5821522668457,344.61573226684567
2025-02-24 07:00:00,2025-02-24 10:00:00,347.0,21.0,2025,t95,180,True,344.0,344.0,343.64838637301506,343.64537752671146,343.7156595954437,,,345.5149265579223,345.5149265579223
2025-02-25 07:00:00,2025-02-25 10:00:00,340.0,21.0,2025,t95,180,True,347.0,344.0,348.652468297901,348.598409181433,348.3250462466308,,,349.74951588867185,345.88383588867185
2025-02-26 07:00:00,2025-02-26 10:00:00,339.0,21.0,2025,t95,180,True,340.0,344.0,344.2206478456381,344.21144784784684,344.15516656765504,,,347.3977228149414,341.11599281494136
2025-02-27 07:00:00,2025-02-27 10:00:00,340.0,21.0,2025,t95,180,True,339.0,340.0,341.67656059738664,341.6996486823936,341.8577540575806,,,343.13323103271483,341.20039103271483
2025-02-28 07:00:00,2025-02-28 10:00:00,345.0,21.0,2025,t95,180,True,340.0,340.0,342.1731930647492,342.17479603575816,342.26541451408264,,,342.8725675137329,340.45651751373293
2025-03-01 07:00:00,2025-03-01 10:00:00,346.0,21.0,2025,t95,180,True,345.0,340.0,344.32307151368116,344.33908239628784,344.41254971474,,,345.80160451416015,343.86876451416015
2025-03-02 07:00:00,2025-03-02 10:00:00,343.0,21.0,2025,t95,180,True,346.0,345.0,345.7013112229509,345.70356066314724,345.6850895779216,,,344.3872743722534,341.9712243722534
2025-03-03 07:00:00,2025-03-03 10:00:00,345.0,21.0,2025,t95,180,True,343.0,345.0,341.148419631572,341.1947339341689,341.4718503317895,,,342.54423126739505,342.54423126739505
2025-03-06 07:00:00,2025-03-06 10:00:00,341.0,69.0,2025,t95,180,False,,,,,,,,341.58371057708734,
2025-03-07 07:00:00,2025-03-07 10:00:00,348.0,21.0,2025,t95,180,True,341.0,343.0,340.54617309736926,340.63929243294376,341.01679777264894,,,344.4926762020874,342.5598362020874
2025-03-08 07:00:00,2025-03-08 10:00:00,360.0,21.0,2025,t95,180,True,348.0,345.0,345.3406809811925,345.3881506145587,345.5363361612027,,,345.1228299719238,346.57245997192376
2025-03-09 07:00:00,2025-03-09 10:00:00,350.0,21.0,2025,t95,180,True,360.0,348.0,355.0695606881328,354.9186335144635,354.31323781082784,,,349.37688391418453,352.27614391418456
2025-03-10 07:00:00,2025-03-10 10:00:00,351.0,21.0,2025,t95,180,True,350.0,350.0,348.7724903438633,348.7356980746777,348.531841692654,,,349.0346955026245,346.61864550262453
2025-03-11 07:00:00,2025-03-11 10:00:00,350.0,21.0,2025,t95,180,True,351.0,351.0,349.56747890899146,349.5098722907537,349.2359746550604,,,348.6344176763916,346.7015776763916
2025-03-12 07:00:00,2025-03-12 10:00:00,359.0,21.0,2025,t95,180,True,350.0,350.0,349.7991822544856,349.7319274279678,349.39432969158946,,,347.5745278582764,343.22563785827634
2025-03-13 07:00:00,2025-03-13 10:00:00,364.0,21.0,2025,t95,180,True,359.0,351.0,351.5508281407801,351.5211815511122,351.32513446313004,,,349.2034066809082,352.5858766809082
2025-03-13 19:00:00,2025-03-13 22:00:00,354.0,9.0,2025,t95,180,True,364.0,359.0,352.45724184192386,352.4695518031463,352.37573581117476,,,348.4994132919312,353.81472329193116
2025-03-14 07:00:00,2025-03-14 10:00:00,360.0,9.0,2025,t95,180,True,354.0,359.0,350.032402783772,349.9764040189825,349.7268887036362,,,347.0843670401001,347.5675770401001
2025-03-15 07:00:00,2025-03-15 10:00:00,360.0,21.0,2025,t95,180,True,360.0,360.0,350.5895357702217,350.60379339415056,350.57531505133284,,,343.29710930999755,349.57883930999753
2025-03-16 07:00:00,2025-03-16 10:00:00,350.0,21.0,2025,t95,180,True,360.0,360.0,351.24181961770773,351.21709813564587,351.0651195479353,,,345.9541786276245,350.7862786276245
2025-03-17 07:00:00,2025-03-17 10:00:00,346.0,21.0,2025,t95,180,True,350.0,360.0,344.52271327637646,344.60559881487046,344.8798913237573,,,343.9750322354126,345.4246622354126
2025-03-18 07:00:00,2025-03-18 10:00:00,366.0,21.0,2025,t95,180,True,346.0,350.0,349.4724023919022,349.4112427109915,349.03298004327246,,,352.92287506805417,343.2586750680542
2025-03-18 19:00:00,2025-03-18 22:00:00,359.0,9.0,2025,t95,180,True,366.0,350.0,354.96040759946084,354.929561272285,354.630642066345,,,348.77112135162355,351.6703813516235
2025-03-19 07:00:00,2025-03-19 10:00:00,359.0,9.0,2025,t95,180,True,359.0,359.0,352.94098412951666,352.8873262186471,352.54579605677924,,,346.9342747280884,346.45106472808834
2025-03-19 19:00:00,2025-03-19 22:00:00,365.0,9.0,2025,t95,180,True,359.0,359.0,354.87393771744735,354.77256918869324,354.2372915741461,,,349.07650395904545,347.6268739590454
2025-03-20 07:00:00,2025-03-20 10:00:00,346.0,9.0,2025,t95,180,True,365.0,359.0,356.07028225175486,356.01075702946616,355.57930733871694,,,347.7516458459473,349.2012758459473
2025-03-21 07:00:00,2025-03-21 10:00:00,342.0,21.0,2025,t95,180,True,346.0,359.0,343.5255133858911,343.5398122035691,343.68039512393165,,,340.0226684851074,341.4722984851074
2025-03-22 07:00:00,2025-03-22 10:00:00,366.0,21.0,2025,t95,180,True,342.0,346.0,346.74687229070287,346.7281569016631,346.54165057353407,,,354.09398693847663,345.39620693847655
2025-03-22 19:49:31,2025-03-22 22:49:31,349.0,9.825277777777778,2025,t95,180,True,366.0,346.0,359.8685125171417,359.77788547222093,359.10643921930705,,,358.7656045349121,358.2823945349121
2025-03-23 07:00:00,2025-03-23 10:00:00,348.0,8.174722222222222,2025,t95,180,True,349.0,349.0,353.0229966687913,352.9089826526121,352.2968225286705,,,361.0353507766724,352.33757077667235
2025-03-24 07:00:00,2025-03-24 10:00:00,354.0,21.0,2025,t95,180,True,348.0,349.0,350.0757375677941,350.06437670886334,349.80552567227204,,,356.78607621673586,349.53792621673585
2025-03-25 07:00:00,2025-03-25 10:00:00,347.0,21.0,2025,t95,180,True,354.0,349.0,347.12088107315765,347.15679916463796,347.26059043105084,,,341.3278205020141,345.1935005020141
2025-03-26 07:00:00,2025-03-26 10:00:00,356.0,21.0,2025,t95,180,True,347.0,348.0,346.08333815687826,346.09971761895986,346.10841024146174,,,345.7811706799316,343.8483306799316
2025-03-27 07:00:00,2025-03-27 10:00:00,353.0,21.0,2025,t95,180,True,356.0,354.0,347.6719821999264,347.6812515596322,347.74778032153216,,,341.2246226602173,347.9895626602173
2025-03-29 07:00:00,2025-03-29 10:00:00,345.0,45.0,2025,t95,180,True,353.0,353.0,345.8171017583872,345.86463530287955,346.05083250989196,,,339.5621544262695,343.91104442626954
2025-03-30 07:00:00,2025-03-30 10:00:00,357.0,21.0,2025,t95,180,True,345.0,353.0,344.18572660663773,344.18766269198557,344.2403680008871,,,343.0033438626099,341.55371386260987
2025-03-31 07:00:00,2025-03-31 10:00:00,351.0,21.0,2025,t95,180,True,357.0,353.0,352.41627455036905,352.3826784794684,352.08762683389773,,,349.64027615692135,348.6738561569214
2025-04-01 07:00:00,2025-04-01 10:00:00,340.0,21.0,2025,t95,180,True,351.0,351.0,346.30735257302166,346.2973645795418,346.30206335134574,,,339.6869768606567,341.13660686065674
2025-04-02 07:00:00,2025-04-02 10:00:00,336.0,21.0,2025,t95,180,True,340.0,351.0,342.24020319435897,342.23606812439755,342.2612394324434,,,337.52906236419676,329.3144923641968
2025-04-03 07:00:00,2025-04-03 10:00:00,344.0,21.0,2025,t95,180,True,336.0,340.0,343.0617249536354,343.000445923386,342.81100120286544,,,345.56438029602054,333.9673402960205
2025-04-05 07:00:00,2025-04-05 10:00:00,355.0,45.0,2025,t95,180,True,344.0,340.0,346.0843318060557,346.03712138067044,345.8379922646537,,,343.40519673828123,335.67383673828124
2025-04-06 07:00:00,2025-04-06 10:00:00,354.0,21.0,2025,t95,180,True,355.0,344.0,349.6302429017923,349.62835635512977,349.5015621736561,,,341.8374223788452,339.90458237884525
2025-04-07 07:00:00,2025-04-07 10:00:00,351.0,21.0,2025,t95,180,True,354.0,354.0,349.8336160317872,349.8123929820724,349.61904534160567,,,342.0917318057251,339.19247180572506
2025-04-08 07:00:00,2025-04-08 10:00:00,361.0,21.0,2025,t95,180,True,351.0,354.0,348.29912116840126,348.291574953654,348.1717940924152,,,345.378633013916,341.996163013916
2025-04-09 07:00:00,2025-04-09 10:00:00,348.0,21.0,2025,t95,180,True,361.0,354.0,353.1952884911934,353.17052861306485,352.8967131794178,,,346.6203435830688,346.6203435830688
2025-04-10 07:00:00,2025-04-10 10:00:00,361.0,21.0,2025,t95,180,True,348.0,351.0,348.3320967950674,348.2727754411221,347.99660129674675,,,346.4744982165528,340.6759782165527
2025-04-11 07:00:00,2025-04-11 10:00:00,356.0,21.0,2025,t95,180,True,361.0,361.0,354.61720020282195,354.5052298241875,353.98484951829516,,,344.54257015136716,345.02578015136714
2025-04-12 07:00:00,2025-04-12 10:00:00,358.0,21.0,2025,t95,180,True,356.0,356.0,352.14030452480915,352.098251599126,351.7630075661669,,,347.91644300567623,343.56755300567625
2025-04-13 07:00:00,2025-04-13 10:00:00,359.0,21.0,2025,t95,180,True,358.0,358.0,351.8806144048261,351.9061246368848,351.7566779507479,,,346.5125401828003,344.09649018280027
2025-04-14 07:00:00,2025-04-14 10:00:00,354.0,21.0,2025,t95,180,True,359.0,358.0,351.90863524479477,351.9210873276847,351.7583042565984,,,343.6113355578613,342.6449155578613
2025-04-15 07:00:00,2025-04-15 10:00:00,350.0,21.0,2025,t95,180,True,354.0,358.0,350.8962837341137,350.9067900418224,350.71006771601503,,,348.915062013855,343.116542013855
2025-04-16 07:00:00,2025-04-16 10:00:00,358.0,21.0,2025,t95,180,True,350.0,354.0,349.24776956847813,349.1989592613576,348.92686888726723,,,347.5263382009888,342.6942382009887
2025-04-17 07:00:00,2025-04-17 10:00:00,352.0,21.0,2025,t95,180,True,358.0,354.0,350.29737054458116,350.32676538279344,350.2771046649788,,,344.76267257720946,344.76267257720946
2025-04-18 07:00:00,2025-04-18 10:00:00,356.0,21.0,2025,t95,180,True,352.0,352.0,349.36699511914327,349.3082476400428,349.04922153572005,,,343.66614095031736,341.73330095031736
2025-04-19 07:00:00,2025-04-19 10:00:00,357.0,21.0,2025,t95,180,True,356.0,356.0,351.40359617059715,351.3574734718899,351.0642387095235,,,343.75633686676025,341.82349686676025
2025-04-20 07:00:00,2025-04-20 10:00:00,359.0,21.0,2025,t95,180,True,357.0,356.0,351.43413251297903,351.3887868741949,351.1065364263097,,,343.8766471072388,342.4270171072387
2025-04-21 07:00:00,2025-04-21 10:00:00,360.0,21.0,2025,t95,180,True,359.0,357.0,355.3969827536956,355.2777969787066,354.64225704269285,,,346.11781162872313,340.8025016287231
2025-04-22 07:00:00,2025-04-22 10:00:00,358.0,21.0,2025,t95,180,True,360.0,359.0,353.85522363254137,353.78847668909054,353.3713157944177,,,345.23161685363766,343.2987768536377
2025-04-23 07:00:00,2025-04-23 10:00:00,356.0,21.0,2025,t95,180,True,358.0,359.0,351.0279011902493,351.0312214642173,350.88124834983444,,,340.84356332855225,339.8771433285522
2025-04-24 07:00:00,2025-04-24 10:00:00,359.0,21.0,2025,t95,180,True,356.0,358.0,351.3572872787922,351.3363585928825,351.0803223972385,,,344.595475874939,340.72979587493893
2025-04-25 07:00:00,2025-04-25 10:00:00,354.0,21.0,2025,t95,180,True,359.0,358.0,354.2508168983569,354.20990955311606,353.8140594463784,,,350.07844800201417,346.69597800201416
2025-04-26 07:00:00,2025-04-26 10:00:00,360.0,21.0,2025,t95,180,True,354.0,356.0,349.9470121489676,349.9430345763241,349.7840792564527,,,348.10267516174315,345.2034151617431
2025-04-27 07:00:00,2025-04-27 10:00:00,356.0,21.0,2025,t95,180,True,360.0,359.0,352.28839737995304,352.2727770382634,352.05467803861956,,,349.6213148587036,349.6213148587036
2025-04-28 07:00:00,2025-04-28 10:00:00,355.0,21.0,2025,t95,180,True,356.0,356.0,351.01327885220434,351.0057963384506,350.8235602466753,,,347.7904079431152,346.8239879431152
2025-04-29 07:00:00,2025-04-29 10:00:00,352.0,21.0,2025,t95,180,True,355.0,356.0,350.31897611145286,350.29851733842355,350.0978834347118,,,349.84793293762203,347.43188293762205
2025-04-30 07:00:00,2025-04-30 10:00:00,358.0,21.0,2025,t95,180,True,352.0,355.0,349.4367923340038,349.42225308538406,349.2446611131337,,,350.7030761373901,347.3206061373901
2025-05-01 01:00:00,2025-05-01 04:00:00,356.0,15.0,2025,t95,180,True,358.0,355.0,353.07525288820085,353.04778069686336,352.7321123895841,,,351.78462234527586,349.3685723452759
2025-05-01 07:00:00,2025-05-01 10:00:00,357.0,21.0,2025,t95,180,True,358.0,355.0,353.41164169483966,353.3814346180046,353.04506399783287,,,351.6155856445313,349.19953564453124
2025-05-02 07:00:00,2025-05-02 10:00:00,356.0,21.0,2025,t95,180,True,357.0,357.0,352.95172932012935,352.8973023318706,352.5279836376988,,,353.0112994369507,351.07845943695065
2025-05-03 07:00:00,2025-05-03 10:00:00,362.0,21.0,2025,t95,180,True,356.0,356.0,352.51904793012653,352.467433705109,352.11509242327577,,,350.80744437896726,348.87460437896726
2025-05-04 07:00:00,2025-05-04 10:00:00,360.0,21.0,2025,t95,180,True,362.0,357.0,353.2062310430943,353.2465754007492,353.1279442037823,,,352.60614970336917,353.08935970336915
2025-05-05 07:00:00,2025-05-05 10:00:00,354.0,21.0,2025,t95,180,True,360.0,360.0,354.0872568586759,354.07019688467744,353.7592240653575,,,353.50476857269285,352.05513857269284
2025-05-06 07:00:00,2025-05-06 10:00:00,355.0,21.0,2025,t95,180,True,354.0,360.0,351.43361994884435,351.37645294655243,351.0474855610874,,,351.01395184814453,349.0811118481445
2025-05-07 07:00:00,2025-05-07 10:00:00,358.0,21.0,2025,t95,180,True,355.0,355.0,353.82817244886525,353.74413859869657,353.2328513516816,,,354.4022238204956,349.5701238204956
2025-05-08 07:00:00,2025-05-08 10:00:00,356.0,21.0,2025,t95,180,True,358.0,355.0,354.19301300325264,354.1310744949612,353.7068997968052,,,352.3621123223877,351.3956923223877
2025-05-09 07:00:00,2025-05-09 10:00:00,358.0,21.0,2025,t95,180,True,356.0,356.0,352.95883320282024,352.88909603622335,352.479143519347,,,352.0238998690796,350.0910598690796
2025-05-10 07:00:00,2025-05-10 10:00:00,357.0,21.0,2025,t95,180,True,358.0,358.0,354.28719810597215,354.2223209899257,353.7802023409393,,,354.0135169012451,352.08067690124506
2025-05-11 07:00:00,2025-05-11 10:00:00,354.0,21.0,2025,t95,180,True,357.0,357.0,353.75995122060107,353.71227783267904,353.3146693474257,,,354.632759453125,351.733499453125
2025-05-12 07:00:00,2025-05-12 10:00:00,354.0,21.0,2025,t95,180,True,354.0,357.0,353.5215118328998,353.42752520580547,352.9094720460211,,,353.2192065618897,349.3535265618896
2025-05-13 07:00:00,2025-05-13 10:00:00,357.0,21.0,2025,t95,180,True,354.0,354.0,351.22851789339296,351.1729664390386,350.85399502268825,,,351.289412772522,349.356572772522
2025-05-14 07:00:00,2025-05-14 10:00:00,354.0,21.0,2025,t95,180,True,357.0,354.0,354.5461841804695,354.4896502764669,354.02923911562385,,,355.41645115020754,351.55077115020754
2025-05-15 07:00:00,2025-05-15 10:00:00,360.0,21.0,2025,t95,180,True,354.0,354.0,353.8511334520019,353.75087702968864,353.19328825340864,,,354.8231124169922,349.50780241699215
2025-05-16 07:00:00,2025-05-16 10:00:00,352.0,21.0,2025,t95,180,True,360.0,357.0,357.1446785680247,357.0255603210341,356.3535173029888,,,356.63151612762454,354.2154661276245
2025-05-17 07:00:00,2025-05-17 10:00:00,351.0,21.0,2025,t95,180,True,352.0,354.0,352.2961380074272,352.2379750258161,351.8186756283449,,,357.2733321038818,350.9916021038818
2025-05-18 07:00:00,2025-05-18 10:00:00,356.0,21.0,2025,t95,180,True,351.0,352.0,353.0294525036574,352.9471865049152,352.4258926706215,,,359.16215455169674,351.43079455169675
2025-05-19 07:00:00,2025-05-19 10:00:00,354.0,21.0,2025,t95,180,False,356.0,352.0,,,,,,,354.2341789364624
2025-05-20 07:00:00,2025-05-20 10:00:00,350.0,21.0,2025,t95,180,True,354.0,354.0,355.5776343163734,355.4580595389053,354.7625092652388,,,358.71067728546143,350.97931728546143
2025-05-21 07:00:00,2025-05-21 10:00:00,351.0,21.0,2025,t95,180,True,350.0,354.0,352.8281299827832,352.7447722815459,352.2094012147427,,,359.55777930419924,350.85999930419916
2025-05-22 07:00:00,2025-05-22 10:00:00,365.0,21.0,2025,t95,180,True,351.0,351.0,351.5716656939538,351.5360136277121,351.18994539412734,,,359.4849983026123,353.2032683026123
2025-05-23 07:00:00,2025-05-23 10:00:00,362.0,21.0,2025,t95,180,True,365.0,351.0,357.57591279805115,357.5047540325392,356.96987544217535,,,357.99735991241454,357.99735991241454
2025-05-24 07:00:00,2025-05-24 10:00:00,347.0,21.0,2025,t95,180,True,362.0,362.0,356.6877076827634,356.6233509770387,356.117634833286,,,357.4652913980102,356.9820813980102
2025-05-25 07:00:00,2025-05-25 10:00:00,350.0,21.0,2025,t95,180,True,347.0,362.0,350.1964421518099,350.1216484514119,349.7062377567946,,,356.7738192041015,349.04245920410153
2025-05-26 07:00:00,2025-05-26 10:00:00,352.0,21.0,2025,t95,180,True,350.0,350.0,351.98791065113926,351.9271836432363,351.48073254726904,,,357.93625170410155,349.72168170410157
2025-05-26 23:00:00,2025-05-27 02:00:00,354.0,13.0,2025,t95,180,True,352.0,350.0,350.62512016152715,350.60715937820066,350.38467895680577,,,353.44503034484865,351.5121903448486
2025-05-27 07:00:00,2025-05-27 10:00:00,366.0,5.0,2025,t95,180,True,354.0,352.0,351.4873496145284,351.4656753872841,351.22177522429604,,,355.54067064453125,354.5742506445313
2025-05-27 21:00:01,2025-05-28 00:00:01,366.0,11.000277777777777,2025,t95,180,True,366.0,354.0,361.4782138938055,361.3263997161753,360.4429707328235,,,362.59467764282226,360.66183764282226
2025-05-28 07:00:00,2025-05-28 10:00:00,352.0,6.999722222222222,2025,t95,180,True,366.0,366.0,360.81910822844554,360.7027265985986,359.92431267676193,,,361.8469471679688,359.9141071679687
2025-05-29 07:00:00,2025-05-29 10:00:00,351.0,21.0,2025,t95,180,True,352.0,366.0,351.37825501610934,351.30765941081273,350.93506792891526,,,354.97264300811764,352.55659300811766
2025-05-29 21:48:37,2025-05-30 00:48:37,360.0,11.810277777777777,2025,t95,180,True,351.0,352.0,351.3807107705977,351.3367152666418,350.999965784809,,,357.9527279690552,353.6038379690552
2025-05-30 07:00:00,2025-05-30 10:00:00,368.0,6.189722222222223,2025,t95,180,True,360.0,352.0,355.20544889832917,355.1709522440527,354.78849572220895,,,357.76410498016355,357.76410498016355
2025-05-31 07:00:00,2025-05-31 10:00:00,357.0,21.0,2025,t95,180,False,368.0,360.0,,,,,,,360.92499353912353
2025-06-01 07:00:00,2025-06-01 10:00:00,354.0,21.0,2025,t95,180,True,357.0,360.0,355.350357592142,355.2672415805153,354.7024088595329,,,357.2024883996582,351.4039683996582
2025-06-02 07:00:00,2025-06-02 10:00:00,360.0,21.0,2025,t95,180,True,354.0,357.0,350.0009221986234,349.9887981856598,349.8291857442953,,,351.1798765615845,350.21345656158445
2025-06-03 07:00:00,2025-06-03 10:00:00,358.0,21.0,2025,t95,180,True,360.0,357.0,353.5081525017387,353.4438083158501,353.08579556257223,,,351.00151712341307,352.93435712341306
2025-06-04 07:00:00,2025-06-04 10:00:00,360.0,21.0,2025,t95,180,True,358.0,358.0,352.28490304491316,352.2451711374107,351.9766723284301,,,351.25625879638676,352.7058887963867
2025-06-05 07:00:00,2025-06-05 10:00:00,364.0,21.0,2025,t95,180,True,360.0,360.0,355.09063141916494,355.0364464329222,354.60509138349505,,,353.38639321289065,352.4199732128907
2025-06-05 19:00:00,2025-06-05 22:00:00,360.0,9.0,2025,t95,180,True,364.0,360.0,357.11404282591593,357.0730919860267,356.6093435727472,,,357.304525473938,355.854895473938
2025-06-06 07:00:00,2025-06-06 10:00:00,365.0,9.0,2025,t95,180,True,360.0,360.0,356.52995670588183,356.4436919753244,355.86203434855474,,,357.534064855957,354.151594855957
2025-06-07 07:00:00,2025-06-07 10:00:00,358.0,21.0,2025,t95,180,True,365.0,364.0,357.38464153331483,357.3258039158833,356.8200002330048,,,354.59762532226557,353.6312053222656
2025-06-08 07:00:00,2025-06-08 10:00:00,358.0,21.0,2025,t95,180,True,358.0,360.0,354.1442373119279,354.10788575222085,353.7252964032782,,,353.6428068984985,350.7435468984985
2025-06-09 07:00:00,2025-06-09 10:00:00,365.0,21.0,2025,t95,180,True,358.0,358.0,355.0505128937962,354.96347251813756,354.43860104048986,,,355.1139551065063,352.6979051065063
2025-06-10 07:00:00,2025-06-10 10:00:00,355.0,21.0,2025,t95,180,True,365.0,358.0,358.8705890176606,358.78096775147856,358.1278581183873,,,356.49914049743654,354.0830904974365
2025-06-11 07:00:00,2025-06-11 10:00:00,358.0,21.0,2025,t95,180,True,355.0,358.0,352.801496268849,352.74389792635014,352.3441751810077,,,354.3138955343628,350.4482155343628
2025-06-12 07:00:00,2025-06-12 10:00:00,350.0,21.0,2025,t95,180,True,358.0,358.0,353.91723087516795,353.8576564572634,353.45058473407283,,,352.8141644708252,351.8477444708252
2025-06-13 07:00:00,2025-06-13 10:00:00,350.0,21.0,2025,t95,180,True,350.0,355.0,350.0334673925449,350.02325505951075,349.7908683417125,,,354.3818449365234,348.1001149365234
2025-06-14 07:00:00,2025-06-14 10:00:00,355.0,21.0,2025,t95,180,True,350.0,350.0,351.0728607107961,351.04877839851616,350.7216971787923,,,355.41974687164304,347.20517687164306
2025-06-15 07:00:00,2025-06-15 10:00:00,354.0,21.0,2025,t95,180,True,355.0,350.0,352.7433899224845,352.690911567898,352.318452994229,,,354.45742650207524,352.0413765020752
2025-06-16 07:00:00,2025-06-16 10:00:00,360.0,21.0,2025,t95,180,True,354.0,354.0,352.5294709672978,352.47711619062665,352.10184420508267,,,353.4508010650635,350.5515410650635
2025-06-17 07:00:00,2025-06-17 10:00:00,361.0,21.0,2025,t95,180,True,360.0,355.0,354.39538651026385,354.33056753017655,353.90227361336343,,,354.89034884857176,353.4407188485718
2025-06-18 07:00:00,2025-06-18 10:00:00,358.0,21.0,2025,t95,180,True,361.0,360.0,355.73547965756654,355.7080646299526,355.31251848033224,,,357.08990509216306,356.12348509216304
2025-06-19 07:00:00,2025-06-19 10:00:00,358.0,21.0,2025,t95,180,True,358.0,360.0,355.1204627074522,355.0486757730994,354.5502953492626,,,356.55825986999514,354.1422098699951
2025-06-20 07:00:00,2025-06-20 10:00:00,355.0,21.0,2025,t95,180,True,358.0,358.0,354.5178975756353,354.46519445432847,354.03511195678686,,,354.42360868103026,352.0075586810302
2025-06-21 07:00:00,2025-06-21 10:00:00,350.0,21.0,2025,t95,180,True,355.0,358.0,352.49227609953476,352.44023797863423,352.0767826206084,,,354.31869459747315,351.4194345974731
2025-06-22 07:00:00,2025-06-22 10:00:00,353.0,21.0,2025,t95,180,True,350.0,355.0,352.24450719231686,352.169161187829,351.68860580938565,,,357.2336064663696,349.9854564663696
2025-06-23 07:00:00,2025-06-23 10:00:00,351.0,21.0,2025,t95,180,True,353.0,353.0,351.25662327342985,351.2172621179456,350.9254581328672,,,352.4636353338623,350.53079533386233
2025-06-24 07:00:00,2025-06-24 10:00:00,357.0,21.0,2025,t95,180,True,351.0,351.0,351.02571858715635,350.9675510456024,350.6153947851658,,,351.8139270806885,347.9482470806885
2025-06-25 07:00:00,2025-06-25 10:00:00,347.0,21.0,2025,t95,180,True,357.0,353.0,356.04370446795633,355.9410220374948,355.3037605599982,,,356.9238416198731,351.608531619873
2025-06-26 01:00:00,2025-06-26 04:00:00,370.0,15.0,2025,t95,180,True,347.0,351.0,351.6030038187178,351.5141138607428,351.000588488887,,,359.04302560699466,349.8620356069946
2025-06-26 07:00:00,2025-06-26 10:00:00,360.0,21.0,2025,t95,180,True,347.0,351.0,351.3009955452851,351.2146612773743,350.72170344708485,,,359.16185883361817,349.98086883361816
2025-06-27 07:00:00,2025-06-27 10:00:00,357.0,21.0,2025,t95,180,True,360.0,360.0,354.6781356681474,354.6149331626359,354.18956094818344,,,353.38318518096924,353.38318518096924
2025-06-28 07:00:00,2025-06-28 10:00:00,356.0,21.0,2025,t95,180,True,357.0,360.0,355.5939451625879,355.52555691755174,354.981021982008,,,357.3065613327027,351.99125133270263
2025-06-29 07:00:00,2025-06-29 10:00:00,356.0,21.0,2025,t95,180,True,356.0,357.0,350.79592498251924,350.77121051417237,350.5924931121323,,,349.8214444070435,352.23749440704347
2025-06-30 07:00:00,2025-06-30 10:00:00,356.0,21.0,2025,t95,180,True,356.0,356.0,353.3469527004761,353.2929277417999,352.90814334390694,,,355.62231011322024,354.17268011322017
2025-07-01 07:00:00,2025-07-01 10:00:00,345.0,21.0,2025,t95,180,True,356.0,356.0,354.60853888745106,354.53564693098275,354.02722784016044,,,356.1230737521362,351.7741837521362
2025-07-02 07:00:00,2025-07-02 10:00:00,357.0,21.0,2025,t95,180,True,345.0,356.0,349.5943455697999,349.53389138779556,349.1457759533285,,,355.06554051544185,345.4013405154419
2025-07-03 07:00:00,2025-07-03 10:00:00,356.0,21.0,2025,t95,180,True,357.0,356.0,352.65607832360314,352.6238532316868,352.3301233206242,,,352.6194249969482,352.13621499694824
2025-07-04 07:00:00,2025-07-04 10:00:00,363.0,21.0,2025,t95,180,True,356.0,356.0,356.0462857195005,355.940488270829,355.2773234430775,,,358.82798448669433,352.0630444866943
2025-07-04 19:00:00,2025-07-04 22:00:00,351.0,9.0,2025,t95,180,True,363.0,357.0,357.39685794318433,357.29353071490283,356.67544455344324,,,355.7247390841675,354.7583190841675
2025-07-05 07:00:00,2025-07-05 10:00:00,357.0,9.0,2025,t95,180,True,351.0,356.0,354.62109394270703,354.4051538318208,353.52951155508003,,,356.12263040863036,349.35769040863033
2025-07-06 07:00:00,2025-07-06 10:00:00,360.0,21.0,2025,t95,180,True,357.0,357.0,353.18606917852446,353.14884715552705,352.816736962677,,,354.155649538269,353.18922953826905
2025-07-07 07:00:00,2025-07-07 10:00:00,354.0,21.0,2025,t95,180,True,360.0,357.0,357.9655148750915,357.84828051514256,357.12069616802137,,,358.1189582418823,353.2868582418823
2025-07-08 07:00:00,2025-07-08 10:00:00,358.0,21.0,2025,t95,180,True,354.0,357.0,352.73082538630354,352.60565040121077,352.08112066010125,,,351.8003969338989,350.8339769338989
2025-07-09 07:00:00,2025-07-09 10:00:00,357.0,21.0,2025,t95,180,True,358.0,358.0,354.2113947576668,354.1769362220639,353.80018351580634,,,355.318434602356,352.90238460235594
2025-07-10 07:00:00,2025-07-10 10:00:00,364.0,21.0,2025,t95,180,True,357.0,357.0,354.28180358330206,354.21716971862674,353.7661531056424,,,356.3038376992798,353.8877876992798
2025-07-10 17:00:00,2025-07-10 20:00:00,350.0,7.0,2025,t95,180,True,364.0,358.0,357.91478968158617,357.8494953574827,357.2898163071118,,,355.04092162109373,353.1080816210938
2025-07-11 07:00:00,2025-07-11 10:00:00,350.0,11.0,2025,t95,180,True,350.0,357.0,352.96578022810337,352.8494198812147,352.2377552600026,,,356.5114507461548,347.8136707461548
2025-07-12 07:00:00,2025-07-12 10:00:00,357.0,21.0,2025,t95,180,True,350.0,350.0,351.38827027082533,351.33506236251594,350.94394954562534,,,354.0271926553345,347.26225265533446
2025-07-13 07:00:00,2025-07-13 10:00:00,356.0,21.0,2025,t95,180,True,357.0,350.0,354.6583167189131,354.6021339106732,354.14088105365227,,,354.83470741790774,351.4522374179077
2025-07-14 07:00:00,2025-07-14 10:00:00,358.0,21.0,2025,t95,180,True,356.0,356.0,353.9403316325359,353.8753338166534,353.4222591255631,,,352.4767634109497,349.57750341094965
2025-07-15 07:00:00,2025-07-15 10:00:00,350.0,21.0,2025,t95,180,True,358.0,357.0,354.3005070192922,354.2650966466975,353.8808556850424,,,352.26980258239746,350.3369625823974
2025-07-16 07:00:00,2025-07-16 10:00:00,355.0,21.0,2025,t95,180,True,350.0,356.0,351.8159272145889,351.7045761506757,351.190589409339,,,351.7172214215088,347.36833142150874
2025-07-17 07:00:00,2025-07-17 10:00:00,340.0,21.0,2025,t95,180,True,355.0,355.0,351.4934138471915,351.46917519138157,351.22251653450166,,,351.5899330090332,350.6235130090332
2025-07-18 07:00:00,2025-07-18 10:00:00,365.0,21.0,2025,t95,180,True,340.0,350.0,346.6545520098542,346.5735255201432,346.2362212257431,,,354.24180303588867,344.5776030358886
2025-07-19 07:00:00,2025-07-19 10:00:00,363.0,21.0,2025,t95,180,False,365.0,355.0,,,,,,,358.085822036438
2025-07-20 07:00:00,2025-07-20 10:00:00,357.0,21.0,2025,t95,180,True,363.0,363.0,357.3961418238608,357.35169880713534,356.8525850574665,,,357.08820128906245,355.1553612890625
2025-07-21 07:00:00,2025-07-21 10:00:00,358.0,21.0,2025,t95,180,True,357.0,363.0,353.7050223741131,353.64452984521535,353.2266707861519,,,355.5897200506592,353.1736700506592
2025-07-22 07:00:00,2025-07-22 10:00:00,342.0,21.0,2025,t95,180,True,358.0,358.0,353.7498594878583,353.6678692117368,353.2427544384529,,,350.9725209484863,352.4221509484863
2025-07-22 19:00:00,2025-07-22 22:00:00,347.0,9.0,2025,t95,180,True,342.0,357.0,347.48370098789223,347.3575589363643,346.93009225633693,,,349.49251506744383,343.2107850674438
2025-07-23 07:00:00,2025-07-23 10:00:00,360.0,9.0,2025,t95,180,True,347.0,347.0,348.0082249076416,348.00738603774096,347.8840541095821,,,353.60652676940913,349.74084676940913
2025-07-24 07:00:00,2025-07-24 10:00:00,355.0,21.0,2025,t95,180,True,360.0,347.0,355.8537960399702,355.7876702609422,355.2764961165907,,,356.61097371124265,353.22850371124264
2025-07-25 07:00:00,2025-07-25 10:00:00,361.0,21.0,2025,t95,180,True,355.0,355.0,350.95915929958227,350.941507316278,350.73907755701,,,353.20464574859614,352.72143574859615
2025-07-26 07:00:00,2025-07-26 10:00:00,366.0,21.0,2025,t95,180,True,361.0,360.0,356.6128182212131,356.5772396814258,356.1226932710518,,,362.8253467266846,360.4092967266846
2025-07-27 07:00:00,2025-07-27 10:00:00,363.0,21.0,2025,t95,180,False,366.0,361.0,,,,,,,358.61333962158204
2025-07-27 15:00:00,2025-07-27 18:00:00,357.0,5.0,2025,t95,180,False,363.0,363.0,,,,,,,355.6905225894165
2025-07-27 22:00:00,2025-07-28 01:00:00,357.0,4.0,2025,t95,180,False,357.0,363.0,,,,,,,352.02365153289793
2025-07-28 07:00:00,2025-07-28 10:00:00,350.0,6.0,2025,t95,180,False,357.0,357.0,,,,,,,352.95053905181885
2025-07-28 21:00:00,2025-07-29 00:00:00,356.0,11.0,2025,t95,180,True,350.0,357.0,348.4279352912623,348.4116820688209,348.2765423981133,,,353.07999989959717,350.6639498995971
2025-07-29 07:00:00,2025-07-29 10:00:00,352.0,7.0,2025,t95,180,True,356.0,356.0,351.0657874636314,351.0640350903511,350.90759664081605,,,350.7839935736084,351.2672035736084
2025-07-30 07:00:00,2025-07-30 10:00:00,364.0,21.0,2025,t95,180,True,352.0,352.0,352.19688269111936,352.17356385338775,351.84113784123986,,,361.08280733886716,355.28428733886716
2025-07-30 11:00:00,2025-07-30 14:00:00,370.0,25.0,2025,t95,180,True,352.0,352.0,352.4735429893559,352.44907403128025,352.10532233147205,,,362.8760157540894,357.07749575408934
2025-07-30 19:00:00,2025-07-30 22:00:00,360.0,5.0,2025,t95,180,True,370.0,364.0,360.9927948801189,360.9259590704357,360.29739285189305,,,360.42848327697754,360.91169327697753
2025-07-31 07:00:00,2025-07-31 10:00:00,365.0,9.0,2025,t95,180,True,360.0,364.0,355.87201014722484,355.88272673234604,355.53384453076666,,,363.3579698901367,359.0090798901367
2025-08-01 07:00:00,2025-08-01 10:00:00,362.0,21.0,2025,t95,180,True,365.0,365.0,358.189448180694,358.15724559960876,357.67467140665946,,,362.0291378955078,360.5795078955078
2025-08-03 07:00:00,2025-08-03 10:00:00,359.0,45.0,2025,t95,180,True,362.0,362.0,355.32836750119304,355.3186117183567,354.9900175215452,,,355.6250792507935,354.65865925079345
2025-08-04 07:00:00,2025-08-04 10:00:00,348.0,21.0,2025,t95,180,True,359.0,362.0,354.3360810428574,354.29200650220184,353.916276860129,,,357.4464383935547,356.9632283935547
2025-08-05 07:00:00,2025-08-05 10:00:00,350.0,21.0,2025,t95,180,True,348.0,359.0,350.4746547324767,350.41347302571484,350.02750949598203,,,358.1623341799927,350.43097417999263
2025-08-06 07:00:00,2025-08-06 10:00:00,350.0,21.0,2025,t95,180,True,350.0,350.0,348.90675702911807,348.9177713307721,348.81570030031236,,,357.47720473205567,354.5779447320557
2025-08-07 07:00:00,2025-08-07 10:00:00,364.0,21.0,2025,t95,180,True,350.0,350.0,348.435297717278,348.4347641335283,348.3350149664367,,,354.08978703216553,351.6737370321655
2025-08-08 07:00:00,2025-08-08 10:00:00,360.0,21.0,2025,t95,180,True,364.0,350.0,357.36036977595154,357.332726321967,356.88631852269157,,,359.87791860351564,357.94507860351564
2025-08-09 07:00:00,2025-08-09 10:00:00,353.0,21.0,2025,t95,180,True,360.0,360.0,356.14431138970565,356.091650185949,355.5979906632165,,,357.40343213867186,354.02096213867185
2025-08-10 07:00:00,2025-08-10 10:00:00,366.0,21.0,2025,t95,180,True,353.0,360.0,351.06121244746754,351.03966567393223,350.7992879467005,,,353.8845213595581,351.9516813595581
2025-08-12 07:00:00,2025-08-12 10:00:00,354.0,45.0,2025,t95,180,True,366.0,360.0,356.3819438396059,356.3604441045452,356.0293305099965,,,353.23294932922363,357.0986293292236
2025-08-13 07:00:00,2025-08-13 10:00:00,354.0,21.0,2025,t95,180,True,354.0,354.0,350.6109072509998,350.60675384859576,350.42911100461157,,,352.04358228576655,350.1107422857666
2025-08-14 07:00:00,2025-08-14 10:00:00,355.0,21.0,2025,t95,180,True,354.0,354.0,350.3071648311741,350.2916905394811,350.10836543088135,,,352.0558554248047,350.6062254248047
2025-08-15 07:00:00,2025-08-15 10:00:00,342.0,21.0,2025,t95,180,True,355.0,354.0,353.5050847152059,353.46642273075827,353.0593924646184,,,354.06863790679927,348.2701179067993
2025-08-16 07:00:00,2025-08-16 10:00:00,350.0,21.0,2025,t95,180,True,342.0,354.0,344.06614996450946,344.0495062096336,344.02805873510204,,,346.4708392202758,342.6051592202758
2025-08-17 07:00:00,2025-08-17 10:00:00,349.0,21.0,2025,t95,180,True,350.0,350.0,346.4760621735967,346.5241156827641,346.62347176828126,,,347.5217876922608,347.03857769226073
2025-08-18 07:00:00,2025-08-18 10:00:00,345.0,21.0,2025,t95,180,True,349.0,349.0,346.7734533357795,346.7884717697983,346.79533809043676,,,346.42527428955077,345.9420642895508
2025-08-19 07:00:00,2025-08-19 10:00:00,350.0,21.0,2025,t95,180,True,345.0,349.0,345.5681146975811,345.58416221145467,345.58464397625426,,,349.813849765625,345.464959765625
2025-08-20 07:00:00,2025-08-20 10:00:00,357.0,21.0,2025,t95,180,True,350.0,349.0,347.9309634033465,347.93456588645415,347.86606637188595,,,351.58443753570555,349.6515975357056
2025-08-21 07:00:00,2025-08-21 10:00:00,345.0,21.0,2025,t95,180,True,357.0,350.0,352.60776006497616,352.58568155204,352.30111288386905,,,353.5431826843262,351.12713268432617
2025-08-22 07:00:00,2025-08-22 10:00:00,350.0,21.0,2025,t95,180,True,345.0,350.0,343.4755753912798,343.4593647240662,343.4863334402624,,,340.41962892608643,336.55394892608643
2025-08-23 07:00:00,2025-08-23 10:00:00,342.0,21.0,2025,t95,180,True,350.0,350.0,351.2975627040657,351.2610946814587,350.9136557691449,,,355.09787707366945,348.3329370736694
2025-08-24 07:00:00,2025-08-24 10:00:00,350.0,21.0,2025,t95,180,True,342.0,345.0,344.87541940124146,344.87044117471385,344.8428200118809,,,349.0460995779419,345.6636295779419
2025-08-25 07:00:00,2025-08-25 10:00:00,346.0,21.0,2025,t95,180,True,350.0,350.0,348.8841294407971,348.8664604805031,348.7114330190498,,,352.04210670776365,350.5924767077637
2025-08-27 07:00:00,2025-08-27 10:00:00,343.0,45.0,2025,t95,180,True,346.0,346.0,345.1622780866546,345.1757482915388,345.2297857515833,,,345.42895967681886,344.9457496768188
2025-08-28 07:00:00,2025-08-28 10:00:00,346.0,21.0,2025,t95,180,True,343.0,346.0,344.6564603772735,344.64746953363533,344.61581100905875,,,347.5337016732788,342.7016016732788
2025-08-29 07:00:00,2025-08-29 10:00:00,343.0,21.0,2025,t95,180,True,346.0,346.0,344.7991821548851,344.8418471904752,344.9621188414472,,,345.94858806762693,344.01574806762693
2025-08-30 07:00:00,2025-08-30 10:00:00,346.0,21.0,2025,t95,180,True,343.0,343.0,341.9643773897481,342.0157422545054,342.2606109213708,,,343.3432002429199,341.8935702429199
2025-08-31 07:00:00,2025-08-31 10:00:00,359.0,21.0,2025,t95,180,True,346.0,346.0,346.0844477515791,346.0820598854849,346.03612209008486,,,346.44812824401856,343.06565824401855
2025-09-01 07:00:00,2025-09-01 10:00:00,344.0,21.0,2025,t95,180,True,359.0,346.0,350.92252205490354,350.9376713411826,350.8545676769164,,,345.7213440872192,347.6541840872192
2025-09-02 07:00:00,2025-09-02 10:00:00,345.0,21.0,2025,t95,180,True,344.0,346.0,344.42669210175404,344.4234585885291,344.4346802035311,,,347.2458695199585,343.8633995199585
2025-09-03 07:00:00,2025-09-03 10:00:00,350.0,21.0,2025,t95,180,True,345.0,345.0,345.48189773537337,345.47152431808485,345.4346748916144,,,347.3217455117798,344.42248551177977
2025-09-04 07:00:00,2025-09-04 10:00:00,344.0,21.0,2025,t95,180,True,350.0,345.0,346.1933122717197,346.2294340566546,346.32360681045304,,,346.2310906924438,346.2310906924438
2025-09-05 07:00:00,2025-09-05 10:00:00,347.0,21.0,2025,t95,180,True,344.0,345.0,346.39169595692084,346.34558638997925,346.14605218328376,,,344.2132719085693,337.44833190856934
2025-09-06 07:00:00,2025-09-06 10:00:00,348.0,21.0,2025,t95,180,True,347.0,347.0,345.61068870361356,345.61246023990645,345.6089597870858,,,344.9763154382324,342.0770554382324
2025-09-07 07:00:00,2025-09-07 10:00:00,352.0,21.0,2025,t95,180,True,348.0,347.0,347.8863969798134,347.8525288172481,347.6699156986272,,,347.5385269088745,343.6728469088745
2025-09-08 07:00:00,2025-09-08 10:00:00,346.0,21.0,2025,t95,180,True,352.0,348.0,351.4944182430946,351.4169038480827,351.01081023031406,,,351.87398213775634,348.00830213775635
2025-09-09 07:00:00,2025-09-09 10:00:00,355.0,21.0,2025,t95,180,True,346.0,348.0,344.94871663183505,344.9627389458091,345.0234696626297,,,346.1507264398193,345.18430643981935
2025-09-10 07:00:00,2025-09-10 10:00:00,350.0,21.0,2025,t95,180,True,355.0,352.0,349.3756753508232,349.3742348741228,349.2942134840726,,,345.426717003479,347.359557003479
2025-09-11 07:00:00,2025-09-11 10:00:00,350.0,21.0,2025,t95,180,True,350.0,350.0,346.76919878816716,346.7304170589666,346.65564964777207,,,343.7856080541992,346.2016580541992
2025-09-12 07:00:00,2025-09-12 10:00:00,345.0,21.0,2025,t95,180,True,350.0,350.0,346.49848138470946,346.5316368817177,346.6017702800367,,,345.6176414279174,345.6176414279174
2025-09-13 07:00:00,2025-09-13 10:00:00,350.0,21.0,2025,t95,180,True,345.0,350.0,344.5374465482878,344.53794649600195,344.57550462251345,,,345.31842473663335,343.86879473663333
2025-09-14 07:00:00,2025-09-14 10:00:00,350.0,21.0,2025,t95,180,True,350.0,350.0,347.8558439820907,347.85774168394113,347.784688949649,,,347.21943756195066,345.28659756195066
2025-09-15 07:00:00,2025-09-15 10:00:00,355.0,21.0,2025,t95,180,True,350.0,350.0,349.7803017400247,349.76805368128197,349.5330499071709,,,352.2698632641601,345.0217132641601
2025-09-16 07:00:00,2025-09-16 10:00:00,345.0,21.0,2025,t95,180,True,355.0,350.0,348.2716719612609,348.29593875065626,348.32648566483334,,,345.56710002868647,347.9831500286865
2025-09-17 07:00:00,2025-09-17 10:00:00,346.0,21.0,2025,t95,180,True,345.0,350.0,344.9962366216213,344.9935644734022,345.0047560798808,,,346.1986924456787,344.74906244567876
2025-09-18 07:00:00,2025-09-18 10:00:00,343.0,21.0,2025,t95,180,True,346.0,346.0,344.8408949541547,344.85313017958384,344.9070990143847,,,346.9187237277222,344.9858837277222
2025-09-19 07:00:00,2025-09-19 10:00:00,359.0,21.0,2025,t95,180,True,343.0,345.0,342.91629689441,342.94146590152934,343.07801354162433,,,345.4785435205078,342.57928352050783
2025-09-20 07:00:00,2025-09-20 10:00:00,344.0,21.0,2025,t95,180,True,359.0,346.0,354.35891750156094,354.2925701915261,353.85392838783525,,,352.76662480438233,350.8337848043823
2025-09-21 07:00:00,2025-09-21 10:00:00,346.0,21.0,2025,t95,180,True,344.0,344.0,343.4671505021322,343.4873774036275,343.59485800116374,,,345.4136801983642,342.5144201983642
2025-09-22 07:00:00,2025-09-22 10:00:00,342.0,21.0,2025,t95,180,True,346.0,346.0,345.84009532728516,345.8407980257032,345.81545169907326,,,345.80888265472413,342.9096226547241
2025-09-23 07:00:00,2025-09-23 10:00:00,358.0,21.0,2025,t95,180,True,342.0,344.0,342.46825534367304,342.4842531622431,342.62167991699727,,,340.81461954589844,339.3649895458984
2025-09-24 07:00:00,2025-09-24 10:00:00,339.0,21.0,2025,t95,180,True,358.0,346.0,348.32766578324885,348.3905277747839,348.55354255065856,,,341.33472985321043,347.6164598532104
2025-09-25 07:00:00,2025-09-25 10:00:00,350.0,21.0,2025,t95,180,True,339.0,342.0,343.99612769539493,343.9832406749855,343.9090538309152,,,349.7361247668457,341.0383447668457
2025-09-26 07:00:00,2025-09-26 10:00:00,340.0,21.0,2025,t95,180,True,350.0,350.0,345.8155044586759,345.8581063656952,345.9870322300034,,,347.8090378433227,348.7754578433227
2025-09-27 07:00:00,2025-09-27 10:00:00,346.0,21.0,2025,t95,180,True,340.0,340.0,345.1259213803309,345.1067068819129,344.98184855553956,,,352.865690362854,344.651120362854
2025-09-28 07:00:00,2025-09-28 10:00:00,350.0,21.0,2025,t95,180,True,346.0,346.0,347.6341180141428,347.6434700588533,347.5257462118394,,,354.6713539779663,347.9064139779663
2025-09-29 07:00:00,2025-09-29 10:00:00,343.0,21.0,2025,t95,180,True,350.0,346.0,349.15364878646767,349.1836350378907,349.08465663021053,,,350.74831303009034,345.9162130300903
2025-09-30 07:00:00,2025-09-30 10:00:00,341.0,21.0,2025,t95,180,True,343.0,346.0,343.5484843107388,343.5718130903886,343.6816483253244,,,346.0618005389404,344.1289605389404
2025-10-01 07:00:00,2025-10-01 10:00:00,341.0,21.0,2025,t95,180,True,341.0,343.0,342.6674426067582,342.6827602916392,342.7980841270841,,,344.89927401672367,342.9664340167236
2025-10-02 07:00:00,2025-10-02 10:00:00,336.0,21.0,2025,t95,180,True,341.0,341.0,342.7349650870969,342.7343755700938,342.81328822453526,,,344.65234441772463,342.7195044177246
2025-10-03 07:00:00,2025-10-03 10:00:00,345.0,21.0,2025,t95,180,True,336.0,341.0,341.46995461930504,341.4314157022304,341.4360325576843,,,344.7444977047729,341.3620277047729
2025-10-05 07:00:00,2025-10-05 10:00:00,343.0,45.0,2025,t95,180,True,345.0,341.0,344.3489283557547,344.3709065402303,344.4717716356623,,,348.9076008355713,348.42439083557133
2025-10-06 07:00:00,2025-10-06 10:00:00,345.0,21.0,2025,t95,180,True,343.0,343.0,344.43007019123445,344.4491486635438,344.51695819141474,,,348.4467362033081,346.99710620330814
2025-10-07 07:00:00,2025-10-07 10:00:00,346.0,21.0,2025,t95,180,True,345.0,345.0,345.8741737871946,345.8787413647236,345.8573012022729,,,350.3958354895019,347.979785489502
2025-10-08 07:00:00,2025-10-08 10:00:00,346.0,21.0,2025,t95,180,True,346.0,345.0,346.61351507102535,346.6117521779979,346.55127404932034,,,350.35286475250246,347.9368147525024
2025-10-09 07:00:00,2025-10-09 10:00:00,345.0,21.0,2025,t95,180,True,346.0,346.0,345.763859058654,345.7847583975897,345.81236857361716,,,348.835104465332,346.902264465332
2025-10-10 07:00:00,2025-10-10 10:00:00,343.0,21.0,2025,t95,180,True,345.0,346.0,346.45795352848,346.4436624446495,346.3597061327737,,,349.43993012054443,347.50709012054443
2025-10-11 07:00:00,2025-10-11 10:00:00,346.0,21.0,2025,t95,180,True,343.0,345.0,346.9557510753847,346.8718233751593,346.5851467787255,,,350.60267225463866,346.73699225463866
2025-10-12 07:00:00,2025-10-12 10:00:00,344.0,21.0,2025,t95,180,True,346.0,345.0,345.14663752753177,345.17385741086423,345.24563131972235,,,351.58844469909667,349.65560469909667
2025-10-14 07:00:00,2025-10-14 10:00:00,345.0,45.0,2025,t95,180,True,344.0,344.0,345.5685930822748,345.5442809372973,345.46390772817824,,,350.97425800079344,348.07499800079347
2025-10-15 07:00:00,2025-10-15 10:00:00,346.0,21.0,2025,t95,180,True,345.0,345.0,345.90748621667973,345.88501716350123,345.8202262818939,,,348.34776823150634,347.3813482315063
2025-10-16 07:00:00,2025-10-16 10:00:00,348.0,21.0,2025,t95,180,True,346.0,345.0,347.5685704930339,347.5390971965607,347.36001805540275,,,352.8838745242309,348.53498452423094
2025-10-17 07:00:00,2025-10-17 10:00:00,342.0,21.0,2025,t95,180,True,348.0,346.0,348.26738716941446,348.25107266347413,348.0953401344213,,,355.4162245559692,352.0337545559692
2025-10-18 07:00:00,2025-10-18 10:00:00,344.0,21.0,2025,t95,180,True,342.0,346.0,345.8883202834573,345.871017486846,345.7566806656149,,,352.5882435037231,347.27293350372315
2025-10-19 07:00:00,2025-10-19 10:00:00,348.0,21.0,2025,t95,180,True,344.0,344.0,346.9233936067828,346.8866506164454,346.7124512477098,,,353.62629147857666,349.76061147857666
2025-10-20 07:00:00,2025-10-20 10:00:00,342.0,21.0,2025,t95,180,True,348.0,344.0,347.293639452673,347.32114380862447,347.3212405131402,,,351.38318484924315,350.4167648492431
2025-10-21 07:00:00,2025-10-21 10:00:00,342.0,21.0,2025,t95,180,True,342.0,344.0,344.57797230318465,344.5779465136297,344.5792625593182,,,351.4316010974121,348.5323410974121
2025-10-22 07:00:00,2025-10-22 10:00:00,348.0,21.0,2025,t95,180,True,342.0,342.0,345.65528811056447,345.6166511319662,345.4899712360446,,,352.1138126696777,349.2145526696777
2025-10-23 07:00:00,2025-10-23 10:00:00,348.0,21.0,2025,t95,180,True,348.0,342.0,348.61128336093526,348.62335334846,348.5151816843145,,,356.2539260809326,352.8714560809326
2025-10-24 07:00:00,2025-10-24 10:00:00,349.0,21.0,2025,t95,180,True,348.0,348.0,348.29193664411844,348.25915725316196,348.070055844557,,,352.83129990844725,349.44882990844724
2025-10-25 07:00:00,2025-10-25 10:00:00,353.0,21.0,2025,t95,180,True,349.0,348.0,347.74514701020655,347.7314480561195,347.6140680511231,,,352.8569744055176,349.47450440551756
2025-10-26 07:00:00,2025-10-26 10:00:00,342.0,21.0,2025,t95,180,True,353.0,349.0,351.8137094821957,351.7480832989909,351.35697853666323,,,356.86764403900145,352.0355440390015
2025-10-27 07:00:00,2025-10-27 10:00:00,353.0,21.0,2025,t95,180,True,342.0,349.0,344.66182112204183,344.6378145396063,344.5654223680847,,,347.3355251052856,342.5034251052856
2025-10-28 07:00:00,2025-10-28 10:00:00,343.0,21.0,2025,t95,180,True,353.0,353.0,349.7977094466085,349.8060780339315,349.6996241261952,,,354.0508353775024,353.5676253775024
2025-10-29 07:00:00,2025-10-29 10:00:00,350.0,21.0,2025,t95,180,True,343.0,343.0,344.6312827348768,344.6298694468413,344.63300518470777,,,353.0465019195557,349.66403191955567
2025-10-30 07:00:00,2025-10-30 10:00:00,345.0,21.0,2025,t95,180,True,350.0,350.0,347.63520344964087,347.6591808869289,347.65092489538006,,,354.4022827835083,352.95265278350826
2025-10-31 07:00:00,2025-10-31 10:00:00,346.0,21.0,2025,t95,180,True,345.0,345.0,346.92788309742514,346.89149848298257,346.73007446934946,,,352.09303379486084,348.71056379486083
2025-11-01 07:00:00,2025-11-01 10:00:00,343.0,21.0,2025,t95,180,True,346.0,346.0,346.12435689594577,346.144089693815,346.15850770251944,,,351.788904286499,349.85606428649896
2025-11-02 07:00:00,2025-11-02 10:00:00,360.0,21.0,2025,t95,180,True,343.0,345.0,344.52093319301235,344.55047553631243,344.62226063248227,,,352.31158398834225,348.92911398834224
2025-11-03 07:00:00,2025-11-03 10:00:00,345.0,21.0,2025,t95,180,True,360.0,346.0,356.27625650205084,356.2252875210818,355.7349537717348,,,359.93520647521973,357.0359464752197
2025-11-04 07:00:00,2025-11-04 10:00:00,350.0,21.0,2025,t95,180,True,345.0,345.0,347.29378972556145,347.2553025669729,347.07493678123376,,,353.5966757998657,350.2142057998657
2025-11-05 07:00:00,2025-11-05 10:00:00,342.0,21.0,2025,t95,180,True,350.0,350.0,350.8040887059587,350.74462180229534,350.37939694320426,,,353.7873647442627,348.47205474426266
2025-11-06 07:00:00,2025-11-06 10:00:00,345.0,21.0,2025,t95,180,True,342.0,345.0,344.1040417262159,344.0936472446622,344.09934608859055,,,350.50109962463375,348.08504962463377
2025-11-07 07:00:00,2025-11-07 10:00:00,347.0,21.0,2025,t95,180,True,345.0,345.0,345.4423107299114,345.43786036103876,345.42723204427523,,,349.7006797772217,348.2510497772217
2025-11-08 07:00:00,2025-11-08 10:00:00,350.0,21.0,2025,t95,180,True,347.0,345.0,348.12708801791996,348.09301447719105,347.88990201315994,,,353.01130859527586,348.6624185952759
2025-11-09 07:00:00,2025-11-09 10:00:00,351.0,21.0,2025,t95,180,True,350.0,347.0,350.3409829176942,350.3213799399766,350.07854893964617,,,355.7127844943237,351.84710449432373
2025-11-10 07:00:00,2025-11-10 10:00:00,352.0,21.0,2025,t95,180,True,351.0,350.0,351.1106991056733,351.083053780503,350.79291828953205,,,355.62248948059084,351.2735994805908
2025-11-11 07:00:00,2025-11-11 10:00:00,343.0,21.0,2025,t95,180,True,352.0,351.0,350.9386160993509,350.90126809564657,350.61588387517793,,,356.4163627081299,353.51710270812987
2025-11-12 07:00:00,2025-11-12 10:00:00,350.0,21.0,2025,t95,180,True,343.0,351.0,344.1330790009104,344.13969168686435,344.1949132382181,,,349.4120492132568,347.9624192132568
2025-11-13 07:00:00,2025-11-13 10:00:00,343.0,21.0,2025,t95,180,True,350.0,350.0,349.263635181087,349.2289807289206,349.0220599593072,,,354.8033702285767,353.3537402285766
2025-11-14 07:00:00,2025-11-14 10:00:00,362.0,21.0,2025,t95,180,True,343.0,343.0,343.6796389788063,343.69321752078037,343.7924957531725,,,350.1815219760132,349.6983119760132
2025-11-15 07:00:00,2025-11-15 10:00:00,344.0,21.0,2025,t95,180,True,362.0,350.0,355.45453554265,355.43752100789857,355.111470597593,,,355.99530172058104,357.92814172058104
2025-11-16 07:00:00,2025-11-16 10:00:00,348.0,21.0,2025,t95,180,True,344.0,344.0,345.58507885375786,345.5928184795618,345.5856499079988,,,351.01565496826174,348.5996049682617
2025-11-17 07:00:00,2025-11-17 10:00:00,348.0,21.0,2025,t95,180,True,348.0,348.0,349.15664336751445,349.12804051507464,348.89053121533675,,,356.91924595703125,351.60393595703124
2025-11-18 07:00:00,2025-11-18 10:00:00,358.0,21.0,2025,t95,180,True,348.0,348.0,348.1221056221414,348.120249685576,347.9962967911415,,,354.5388659613037,350.6731859613037
2025-11-19 07:00:00,2025-11-19 10:00:00,345.0,21.0,2025,t95,180,True,358.0,348.0,354.0640352771473,354.0336119393577,353.6777529079068,,,358.19492224029545,356.2620822402954
2025-11-20 07:00:00,2025-11-20 10:00:00,350.0,21.0,2025,t95,180,True,345.0,348.0,342.34131882959326,342.39152054331345,342.6360700978848,,,348.81782656707765,347.36819656707763
2025-11-21 07:00:00,2025-11-21 10:00:00,346.0,21.0,2025,t95,180,True,350.0,350.0,348.0734974731208,348.1101709476147,348.11319991252475,,,353.0774964233398,352.1110764233398
2025-11-22 07:00:00,2025-11-22 10:00:00,355.0,21.0,2025,t95,180,True,346.0,346.0,346.855125191258,346.8385648742799,346.74183479303844,,,352.0991540402222,350.1663140402221
2025-11-23 07:00:00,2025-11-23 10:00:00,347.0,21.0,2025,t95,180,True,355.0,350.0,352.2345838104153,352.19043530833244,351.8682809601754,,,357.10986820892333,355.6602382089234
2025-11-24 07:00:00,2025-11-24 10:00:00,345.0,21.0,2025,t95,180,True,347.0,347.0,348.26052636194254,348.22965930651685,348.03810660712986,,,355.5256429888916,352.1431729888916
2025-11-25 07:00:00,2025-11-25 10:00:00,344.0,21.0,2025,t95,180,True,345.0,347.0,345.9306812737346,345.9353237929797,345.9110215102412,,,354.3717725091552,351.47251250915525
2025-11-26 07:00:00,2025-11-26 10:00:00,353.0,21.0,2025,t95,180,True,344.0,345.0,345.6672239694809,345.6569870490742,345.59894071117895,,,353.23528356567385,349.85281356567384
2025-11-27 07:00:00,2025-11-27 10:00:00,350.0,21.0,2025,t95,180,True,353.0,345.0,350.16075394429777,350.17560543202893,350.04603575324387,,,354.77735883239745,352.36130883239747
2025-11-28 07:00:00,2025-11-28 10:00:00,350.0,21.0,2025,t95,180,True,350.0,350.0,346.75451993913,346.8172320138363,346.9338439512416,,,353.93714516021726,352.9707251602173
2025-11-29 07:00:00,2025-11-29 10:00:00,344.0,21.0,2025,t95,180,True,350.0,350.0,350.0990196119504,350.08421435106703,349.8701442769337,,,355.57898910949706,352.6797291094971
2025-11-30 07:00:00,2025-11-30 10:00:00,350.0,21.0,2025,t95,180,True,344.0,350.0,345.04337952707385,345.0701956925485,345.12447998868413,,,353.15323710723874,350.25397710723877
2025-12-01 07:00:00,2025-12-01 10:00:00,347.0,21.0,2025,t95,180,True,350.0,350.0,347.95807687269405,347.98843001372967,347.9639910606472,,,353.46128953552244,350.0788195355224
2025-12-02 07:00:00,2025-12-02 10:00:00,345.0,21.0,2025,t95,180,True,347.0,347.0,345.5580092125066,345.57751400151346,345.61587445108785,,,349.22739006011966,346.32813006011963
2025-12-03 07:00:00,2025-12-03 10:00:00,340.0,21.0,2025,t95,180,True,345.0,347.0,345.8069376225504,345.7845162973315,345.6835728807474,,,343.3753878952026,338.06007789520265
2025-12-04 07:00:00,2025-12-04 10:00:00,350.0,21.0,2025,t95,180,True,340.0,345.0,341.3652632637239,341.38630691375226,341.5580514460764,,,343.0879193777466,339.70544937774656
2025-12-05 07:00:00,2025-12-05 10:00:00,341.0,21.0,2025,t95,180,True,350.0,345.0,347.67753580970765,347.6965285046337,347.66352381351595,,,351.3118712286377,348.8958212286377
2025-12-06 07:00:00,2025-12-06 10:00:00,350.0,21.0,2025,t95,180,True,341.0,341.0,343.83966746049964,343.83970786596876,343.8524548854574,,,350.48272814147947,345.6506281414795
2025-12-07 07:00:00,2025-12-07 10:00:00,350.0,21.0,2025,t95,180,True,350.0,350.0,349.6919844841993,349.67749742587705,349.4770906795394,,,355.33581865783685,351.47013865783686
2025-12-08 07:00:00,2025-12-08 10:00:00,350.0,21.0,2025,t95,180,True,350.0,350.0,348.9300970243141,348.9091184262722,348.7377256529274,,,354.752417300415,351.853157300415
2025-12-09 07:00:00,2025-12-09 10:00:00,347.0,21.0,2025,t95,180,True,350.0,350.0,350.6497705656361,350.57857468773193,350.2036390994228,,,355.1491966296387,350.3170966296386
2025-12-10 06:35:00,2025-12-10 09:35:00,347.0,20.583333333333332,2025,t95,180,True,347.0,350.0,346.2276457616444,346.2306581282622,346.21442329828886,,,351.194931138916,349.26209113891605
2025-12-11 07:00:00,2025-12-11 10:00:00,345.0,21.416666666666668,2025,t95,180,True,347.0,347.0,347.5241678459242,347.49859761580836,347.35449755925504,,,353.96864859710695,350.58617859710694
2025-12-12 07:00:00,2025-12-12 10:00:00,348.0,21.0,2025,t95,180,True,345.0,347.0,344.0979533455514,344.1218663233287,344.24301921739004,,,348.2050683428955,347.72185834289553
2025-12-13 07:00:00,2025-12-13 10:00:00,337.0,21.0,2025,t95,180,True,348.0,347.0,346.7729201641096,346.78406227942867,346.7619864004034,,,349.60838429138187,347.1923342913818
2025-12-14 07:00:00,2025-12-14 10:00:00,340.0,21.0,2025,t95,180,True,337.0,345.0,341.28921117262416,341.280260707569,341.36115429864816,,,343.70109861114497,339.835418611145
2025-12-15 07:00:00,2025-12-15 10:00:00,335.0,21.0,2025,t95,180,True,340.0,340.0,341.698495488555,341.7228027162132,341.9002284259946,,,343.12758496734625,341.6779549673462
2025-12-16 07:00:00,2025-12-16 10:00:00,345.0,21.0,2025,t95,180,True,335.0,337.0,338.6765735087584,338.7084950285262,338.9918445497189,,,342.3206648672485,339.90461486724854
2025-12-17 07:00:00,2025-12-17 10:00:00,338.0,21.0,2025,t95,180,True,345.0,340.0,343.0825705401625,343.143885265445,343.38964875257983,,,342.9724060693359,342.9724060693359
2025-12-18 07:00:00,2025-12-18 10:00:00,342.0,21.0,2025,t95,180,True,338.0,338.0,339.1127334492218,339.1429077252287,339.4350204662049,,,339.80359689147946,338.83717689147943
2025-12-19 07:00:00,2025-12-19 10:00:00,342.0,21.0,2025,t95,180,True,342.0,342.0,342.6837541669318,342.72641684295183,342.9024515479123,,,345.29801815246583,342.3987581524658
2025-12-20 07:00:00,2025-12-20 10:00:00,352.0,21.0,2025,t95,180,True,342.0,342.0,342.676782137044,342.732247145244,342.92572935990904,,,349.17861312103275,344.8297231210327
2025-12-21 07:00:00,2025-12-21 10:00:00,343.0,21.0,2025,t95,180,True,352.0,342.0,349.10835952551014,349.1357520877841,349.08678561347654,,,352.82709707031245,351.8606770703125
2025-12-22 07:00:00,2025-12-22 10:00:00,347.0,21.0,2025,t95,180,True,343.0,343.0,343.9789963329208,343.99864258042123,344.08005101280133,,,348.3054061386108,345.8893561386108
2025-12-23 07:00:00,2025-12-23 10:00:00,342.0,21.0,2025,t95,180,True,347.0,347.0,346.6530791778926,346.6492740296754,346.58788563619396,,,350.60298219421384,347.70372219421387
2025-12-24 07:00:00,2025-12-24 10:00:00,348.0,21.0,2025,t95,180,True,342.0,343.0,343.45934703983045,343.46458119656,343.522089720407,,,349.58425305541994,345.71857305541994
2025-12-25 07:00:00,2025-12-25 10:00:00,344.0,21.0,2025,t95,180,True,348.0,347.0,345.21651836041826,345.2580460816119,345.37652932321424,,,346.6965601498413,345.7301401498413
2025-12-26 07:00:00,2025-12-26 10:00:00,345.0,21.0,2025,t95,180,True,344.0,344.0,344.88293689756995,344.85935846624807,344.8037290931021,,,347.2774557019043,343.4117757019043
2025-12-27 07:00:00,2025-12-27 10:00:00,341.0,21.0,2025,t95,180,True,345.0,345.0,342.6937607320928,342.7391941351182,342.9541889367543,,,344.9701757104492,343.5205457104492
2025-12-28 07:00:00,2025-12-28 10:00:00,345.0,21.0,2025,t95,180,True,341.0,344.0,342.27162048471075,342.3027751558313,342.4649063372358,,,345.41705849884033,342.5177984988403
2025-12-29 07:00:00,2025-12-29 10:00:00,343.0,21.0,2025,t95,180,True,345.0,345.0,343.983487536157,344.02087929681625,344.16837722312,,,348.6853853445434,347.23575534454346
2025-12-30 07:00:00,2025-12-30 10:00:00,346.0,21.0,2025,t95,180,True,343.0,343.0,342.4195475039104,342.4842534636716,342.7411106371692,,,346.35972338165277,344.9100933816528
2025-12-31 07:00:00,2025-12-31 10:00:00,341.0,21.0,2025,t95,180,True,346.0,345.0,345.56565670393195,345.56909490127475,345.5603481974845,,,349.93543976135254,346.55296976135253
2026-01-07 10:00:00,2026-01-07 10:00:00,52.900001525878906,840.0,2026,cetane,0,False,53.70000076293945,53.70000076293945,,,,,,,
2026-02-11 10:00:00,2026-02-11 10:00:00,52.599998474121094,840.0,2026,cetane,0,False,52.900001525878906,53.70000076293945,,,,,,,
2026-03-12 10:00:00,2026-03-12 10:00:00,51.70000076293945,696.0,2026,cetane,0,False,52.599998474121094,52.900001525878906,,,,,,,
2026-05-25 10:00:00,2026-05-25 10:00:00,53.79999923706055,1776.0,2026,cetane,0,False,,,,,,53.910557647163046,55.54934397576221,,
2026-06-04 10:00:00,2026-06-04 10:00:00,52.5,240.0,2026,cetane,0,True,53.79999923706055,52.599998474121094,55.53445732012897,55.08758488704094,54.94102990637594,53.30585720594581,54.94464353454498,,
2026-07-21 10:00:00,2026-07-21 10:00:00,50.0,1128.0,2026,cetane,0,True,52.5,52.5,56.863154362004394,56.46699928162176,55.57258503337182,52.3253573046444,53.964143633243566,,
2026-01-07 07:00:00,2026-01-07 10:00:00,52.900001525878906,837.0,2026,cetane,180,False,53.70000076293945,53.70000076293945,,,,,,,
2026-02-11 07:00:00,2026-02-11 10:00:00,52.599998474121094,837.0,2026,cetane,180,False,52.900001525878906,53.70000076293945,,,,,,,
2026-03-12 07:00:00,2026-03-12 10:00:00,51.70000076293945,693.0,2026,cetane,180,False,52.599998474121094,52.900001525878906,,,,,,,
2026-05-25 07:00:00,2026-05-25 10:00:00,53.79999923706055,1773.0,2026,cetane,180,False,,,,,,53.910557647163046,55.57874626063489,,
2026-06-04 07:00:00,2026-06-04 10:00:00,52.5,237.0,2026,cetane,180,True,53.79999923706055,52.599998474121094,55.51835489784325,55.102726798099475,55.00924490180444,53.30585720594581,54.974045819417654,,
2026-07-21 07:00:00,2026-07-21 10:00:00,50.0,1125.0,2026,cetane,180,True,52.5,52.5,56.91192505822915,56.55628414564981,55.69597412379123,52.3253573046444,53.99354591811624,,
2026-01-01 10:00:00,2026-01-01 10:00:00,343.0,24.0,2026,t95,0,True,341.0,343.0,343.40642903649655,343.41243126263413,343.48206170410634,,,346.5679657806396,343.18549578063966
2026-01-02 10:00:00,2026-01-02 10:00:00,344.0,24.0,2026,t95,0,True,343.0,343.0,343.3966740473884,343.42156934114155,343.55111211974196,,,347.1032222320556,344.6871722320557
2026-01-03 10:00:00,2026-01-03 10:00:00,350.0,24.0,2026,t95,0,True,344.0,343.0,343.2429531081529,343.27262004388393,343.48941879714914,,,345.92779517028805,345.44458517028806
2026-01-04 10:00:00,2026-01-04 10:00:00,343.0,24.0,2026,t95,0,True,350.0,344.0,348.7281560734744,348.7268286711483,348.6805035040519,,,351.2184660546875,348.8024160546875
2026-01-05 10:00:00,2026-01-05 10:00:00,350.0,24.0,2026,t95,0,True,343.0,344.0,344.72736820998523,344.72863050322354,344.73315438748267,,,350.6869806286621,346.82130062866213
2026-01-06 10:00:00,2026-01-06 10:00:00,348.0,24.0,2026,t95,0,True,350.0,350.0,348.456530246564,348.46039938732923,348.4258340398674,,,351.66962978759767,349.2535797875977
2026-01-07 10:00:00,2026-01-07 10:00:00,350.0,24.0,2026,t95,0,True,348.0,348.0,348.4850684631479,348.47124727865577,348.36141295456395,,,351.21236420898435,347.34668420898436
2026-01-08 10:00:00,2026-01-08 10:00:00,346.0,24.0,2026,t95,0,True,350.0,350.0,347.82980678550496,347.8438743424399,347.86077282707237,,,350.9600625564575,349.0272225564575
2026-01-10 10:00:00,2026-01-10 10:00:00,338.0,48.0,2026,t95,0,True,346.0,348.0,344.3412993453177,344.3635261677793,344.5326569761649,,,345.3544771411133,344.3880571411133
2026-01-11 10:00:00,2026-01-11 10:00:00,342.0,24.0,2026,t95,0,True,338.0,346.0,342.78698663077625,342.78277499236634,342.84562925195087,,,349.2703842953491,345.8879142953491
2026-01-12 10:00:00,2026-01-12 10:00:00,344.0,24.0,2026,t95,0,True,342.0,342.0,344.89210216570507,344.8969663477429,344.9181444564905,,,354.2118921633911,350.8294221633911
2026-01-13 10:00:00,2026-01-13 10:00:00,350.0,24.0,2026,t95,0,True,344.0,342.0,346.77038701422447,346.76000340276005,346.69477699831555,,,353.71577140289304,349.85009140289304
2026-01-14 10:00:00,2026-01-14 10:00:00,347.0,24.0,2026,t95,0,True,350.0,344.0,348.37106377250205,348.380780875228,348.43631737116726,,,354.49692912170406,354.01371912170407
2026-01-15 10:00:00,2026-01-15 10:00:00,350.0,24.0,2026,t95,0,True,347.0,347.0,348.33359594596965,348.3197195149072,348.228028020328,,,354.3912034942627,351.00873349426274
2026-01-16 10:00:00,2026-01-16 10:00:00,348.0,24.0,2026,t95,0,True,350.0,350.0,350.0100930726534,349.9976479327454,349.8617649121481,,,355.2366707467651,351.8542007467651
2026-01-17 10:00:00,2026-01-17 10:00:00,350.0,24.0,2026,t95,0,True,348.0,348.0,347.85386408329134,347.853128238144,347.80991490013673,,,352.1501627282714,349.25090272827146
2026-01-18 10:00:00,2026-01-18 10:00:00,341.0,24.0,2026,t95,0,True,350.0,350.0,347.67235200959277,347.6852929555658,347.74792702137546,,,349.71844898345944,348.75202898345947
2026-01-19 10:00:00,2026-01-19 10:00:00,350.0,24.0,2026,t95,0,True,341.0,348.0,343.55684631369695,343.5533744713055,343.6036700939,,,349.7665759951782,346.38410599517823
2026-01-20 10:00:00,2026-01-20 10:00:00,342.0,24.0,2026,t95,0,True,350.0,350.0,347.84302011938763,347.85627030551996,347.8923747521017,,,351.84776395690915,350.3981339569092
2026-01-21 10:00:00,2026-01-21 10:00:00,342.0,24.0,2026,t95,0,True,342.0,342.0,344.73316805808156,344.72868444393384,344.69354118622505,,,350.49125289245603,345.65915289245606
2026-01-22 10:00:00,2026-01-22 10:00:00,343.0,24.0,2026,t95,0,True,342.0,342.0,345.4703679949291,345.45070763709447,345.3539531316424,,,350.58700364959714,345.2716936495972
2026-01-23 10:00:00,2026-01-23 10:00:00,350.0,24.0,2026,t95,0,True,343.0,342.0,342.5506108218681,342.5826044654166,342.8434391961556,,,346.70865487487794,346.70865487487794
2026-01-24 10:00:00,2026-01-24 10:00:00,346.0,24.0,2026,t95,0,True,350.0,343.0,350.4557340875437,350.4430747057527,350.2770040465243,,,357.1256376571655,353.2599576571655
2026-01-25 10:00:00,2026-01-25 10:00:00,344.0,24.0,2026,t95,0,True,346.0,346.0,345.7492557309634,345.75922603989807,345.8260780834879,,,349.9111167794799,347.97827677948
2026-01-26 10:00:00,2026-01-26 10:00:00,343.0,24.0,2026,t95,0,True,344.0,346.0,346.76982560460937,346.74868482308045,346.6103860713965,,,351.8777082821655,346.56239828216553
2026-01-27 10:00:00,2026-01-27 10:00:00,345.0,24.0,2026,t95,0,True,343.0,344.0,346.65825893725275,346.63990733541107,346.49521652555393,,,354.02142112030026,348.2229011203003
2026-01-28 10:00:00,2026-01-28 10:00:00,342.0,24.0,2026,t95,0,True,345.0,344.0,346.67697935912526,346.67087802259596,346.61663394337717,,,352.02243957000735,348.15675957000735
2026-01-29 10:00:00,2026-01-29 10:00:00,354.0,24.0,2026,t95,0,True,342.0,343.0,344.16858179143196,344.1798082150213,344.2545311409488,,,352.12965782226564,349.2303978222657
2026-01-30 10:00:00,2026-01-30 10:00:00,356.0,24.0,2026,t95,0,True,354.0,345.0,349.12999155621554,349.16179877864073,349.30231914737595,,,352.46058588775634,353.9102158877563
2026-01-31 10:00:00,2026-01-31 10:00:00,350.0,24.0,2026,t95,0,True,356.0,354.0,349.68738869555165,349.72650604677,349.91902648411093,,,352.44390625762935,355.3431662576294
2026-02-01 10:00:00,2026-02-01 10:00:00,350.0,24.0,2026,t95,0,True,350.0,354.0,350.7953916831806,350.77275978752823,350.58522660543446,,,357.74709407562256,353.88141407562256
2026-02-02 10:00:00,2026-02-02 10:00:00,348.0,24.0,2026,t95,0,True,350.0,350.0,348.5910777923846,348.5975075002616,348.60364746129,,,354.6471678115845,353.1975378115844
2026-02-03 10:00:00,2026-02-03 10:00:00,345.0,24.0,2026,t95,0,True,348.0,350.0,347.37957318861646,347.3920488227949,347.41619912859846,,,355.20701735565183,353.27417735565183
2026-02-04 10:00:00,2026-02-04 10:00:00,350.0,24.0,2026,t95,0,True,345.0,348.0,346.82987268465644,346.8206858283269,346.790543809095,,,352.0683109616089,349.16905096160895
2026-02-05 10:00:00,2026-02-05 10:00:00,346.0,24.0,2026,t95,0,True,350.0,348.0,348.92274683339235,348.9278148454024,348.92030572325103,,,355.15887090759276,353.70924090759274
2026-02-06 10:00:00,2026-02-06 10:00:00,342.0,24.0,2026,t95,0,True,346.0,346.0,345.5566318347779,345.5626904631687,345.6315024958689,,,347.0253719537353,345.0925319537353
2026-02-07 10:00:00,2026-02-07 10:00:00,345.0,24.0,2026,t95,0,True,342.0,346.0,344.3643444331008,344.3768871114944,344.4079342632947,,,353.81931016113276,349.95363016113276
2026-02-08 10:00:00,2026-02-08 10:00:00,350.0,24.0,2026,t95,0,True,345.0,345.0,347.4292400301685,347.4104863451441,347.3344935068644,,,354.5248077243042,351.1423377243042
2026-02-09 10:00:00,2026-02-09 10:00:00,340.0,24.0,2026,t95,0,True,350.0,345.0,350.20258670818527,350.1850297360652,350.0361055050438,,,356.72256506347657,353.34009506347655
2026-02-10 10:00:00,2026-02-10 10:00:00,344.0,24.0,2026,t95,0,True,340.0,345.0,346.1439979544125,346.11088604016777,345.88226841383545,,,356.30436176818847,348.5730017681885
2026-02-11 10:00:00,2026-02-11 10:00:00,354.0,24.0,2026,t95,0,True,344.0,344.0,347.1820433543933,347.1645581248935,347.02163565680763,,,356.3232524838257,351.0079424838257
2026-02-12 10:00:00,2026-02-12 10:00:00,346.0,24.0,2026,t95,0,True,354.0,344.0,348.08873655589804,348.1342258853606,348.3749216664952,,,353.0851383996582,355.9843983996582
2026-02-13 10:00:00,2026-02-13 10:00:00,346.0,24.0,2026,t95,0,True,346.0,346.0,348.6885351628869,348.6602068682425,348.4632566302408,,,355.03794132354733,349.7226313235474
2026-02-14 10:00:00,2026-02-14 10:00:00,346.0,24.0,2026,t95,0,True,346.0,346.0,345.58921639086884,345.60332540248083,345.69942706713374,,,350.892611937561,349.442981937561
2026-02-15 10:00:00,2026-02-15 10:00:00,346.0,24.0,2026,t95,0,True,346.0,346.0,347.28477960311324,347.2794415675949,347.2264632067635,,,354.20968751861574,350.8272175186157
2026-02-16 10:00:00,2026-02-16 10:00:00,345.0,24.0,2026,t95,0,True,346.0,346.0,346.8149122417585,346.81462880639356,346.80071371720146,,,353.48004829742433,350.5807882974243
2026-02-17 10:00:00,2026-02-17 10:00:00,345.0,24.0,2026,t95,0,True,345.0,346.0,347.57052639948375,347.5547580852937,347.42622249069547,,,354.5556439959717,349.7235439959717
2026-02-18 10:00:00,2026-02-18 10:00:00,350.0,24.0,2026,t95,0,True,345.0,345.0,346.90476628224724,346.8845842501638,346.73681423976416,,,350.39926404449466,344.6007440444946
2026-02-19 10:00:00,2026-02-19 10:00:00,356.0,24.0,2026,t95,0,False,350.0,345.0,,,,,,347.9997138858032,344.6172438858032
2026-02-20 10:00:00,2026-02-20 10:00:00,336.0,24.0,2026,t95,0,False,356.0,350.0,,,,,,348.4130656542969,347.92985565429683
2026-02-21 10:00:00,2026-02-21 10:00:00,340.0,24.0,2026,t95,0,False,336.0,350.0,,,,,,345.5387432052612,338.2905932052612
2026-02-22 10:00:00,2026-02-22 10:00:00,344.0,24.0,2026,t95,0,False,340.0,340.0,,,,,,353.8948016836548,348.57949168365474
2026-02-23 10:00:00,2026-02-23 10:00:00,350.0,24.0,2026,t95,0,False,344.0,340.0,,,,,,358.6553531912231,353.8232531912231
2026-02-24 10:00:00,2026-02-24 10:00:00,350.0,24.0,2026,t95,0,False,350.0,344.0,,,,,,359.3211967904663,356.9051467904663
2026-02-25 10:00:00,2026-02-25 10:00:00,350.0,24.0,2026,t95,0,False,350.0,350.0,,,,,,359.1867423876953,354.3546423876953
2026-02-26 10:00:00,2026-02-26 10:00:00,343.0,24.0,2026,t95,0,False,350.0,350.0,,,,,,353.8290649081421,353.8290649081421
2026-02-27 10:00:00,2026-02-27 10:00:00,345.0,24.0,2026,t95,0,False,343.0,350.0,,,,,,353.251498560791,351.31865856079105
2026-02-28 10:00:00,2026-02-28 10:00:00,350.0,24.0,2026,t95,0,False,345.0,345.0,,,,,,355.8017618521118,352.41929185211177
2026-03-01 10:00:00,2026-03-01 10:00:00,348.0,24.0,2026,t95,0,False,350.0,345.0,,,,,,354.95895890869144,353.9925389086914
2026-03-02 10:00:00,2026-03-02 10:00:00,342.0,24.0,2026,t95,0,False,348.0,348.0,,,,,,348.6615355667114,347.69511556671137
2026-03-03 10:00:00,2026-03-03 10:00:00,346.0,24.0,2026,t95,0,False,342.0,348.0,,,,,,349.7530120855713,348.30338208557123
2026-03-05 10:00:00,2026-03-05 10:00:00,350.0,48.0,2026,t95,0,False,346.0,346.0,,,,,,355.57517684387204,352.6759168438721
2026-03-06 10:00:00,2026-03-06 10:00:00,354.0,24.0,2026,t95,0,False,350.0,346.0,,,,,,354.7876452243042,354.7876452243042
2026-03-07 10:00:00,2026-03-07 10:00:00,345.0,24.0,2026,t95,0,False,354.0,350.0,,,,,,358.3683776687622,356.9187476687622
2026-03-08 10:00:00,2026-03-08 10:00:00,346.0,24.0,2026,t95,0,False,345.0,350.0,,,,,,354.0434567425537,351.6274067425537
2026-03-09 10:00:00,2026-03-09 10:00:00,337.0,24.0,2026,t95,0,False,346.0,346.0,,,,,,354.73090414520266,353.2812741452026
2026-03-10 10:00:00,2026-03-10 10:00:00,347.0,24.0,2026,t95,0,False,337.0,345.0,,,,,,354.4382843701172,350.0893943701172
2026-03-11 10:00:00,2026-03-11 10:00:00,342.0,24.0,2026,t95,0,False,347.0,346.0,,,,,,354.26920034667967,352.8195703466797
2026-03-12 10:00:00,2026-03-12 10:00:00,354.0,24.0,2026,t95,0,False,342.0,342.0,,,,,,354.9204895773315,350.57159957733154
2026-03-13 10:00:00,2026-03-13 10:00:00,348.0,24.0,2026,t95,0,False,354.0,347.0,,,,,,354.90204925170895,355.38525925170893
2026-03-14 10:00:00,2026-03-14 10:00:00,353.0,24.0,2026,t95,0,False,348.0,348.0,,,,,,357.93142684692384,355.5153768469238
2026-03-15 10:00:00,2026-03-15 10:00:00,345.0,24.0,2026,t95,0,False,353.0,353.0,,,,,,362.5646347253418,358.2157447253418
2026-03-16 10:00:00,2026-03-16 10:00:00,350.0,24.0,2026,t95,0,False,345.0,348.0,,,,,,358.8180942602539,353.50278426025386
2026-03-17 10:00:00,2026-03-17 10:00:00,348.0,24.0,2026,t95,0,False,350.0,350.0,,,,,,352.6647075030518,352.18149750305173
2026-03-18 10:00:00,2026-03-18 10:00:00,354.0,24.0,2026,t95,0,False,348.0,348.0,,,,,,358.58138530242917,353.74928530242914
2026-03-19 10:00:00,2026-03-19 10:00:00,347.0,24.0,2026,t95,0,False,354.0,350.0,,,,,,350.6870311053467,355.0359211053467
2026-03-20 10:00:00,2026-03-20 10:00:00,352.0,24.0,2026,t95,0,False,347.0,348.0,,,,,,355.8770366433715,352.49456664337157
2026-03-21 10:00:00,2026-03-21 10:00:00,350.0,24.0,2026,t95,0,False,352.0,352.0,,,,,,358.6307199349975,355.73145993499753
2026-03-22 10:00:00,2026-03-22 10:00:00,350.0,24.0,2026,t95,0,False,350.0,350.0,,,,,,358.8198603872681,353.98776038726805
2026-03-23 10:00:00,2026-03-23 10:00:00,353.0,24.0,2026,t95,0,False,350.0,350.0,,,,,,358.39849922454835,352.1167692245483
2026-03-23 22:00:00,2026-03-23 22:00:00,353.0,12.0,2026,t95,0,False,353.0,350.0,,,,,,356.344399888916,353.92834988891605
2026-03-24 10:00:00,2026-03-24 10:00:00,350.0,12.0,2026,t95,0,False,353.0,353.0,,,,,,356.21582389770504,353.7997738977051
2026-03-25 10:00:00,2026-03-25 10:00:00,350.0,24.0,2026,t95,0,False,350.0,353.0,,,,,,354.4742779541016,350.12538795410154
2026-03-26 10:00:00,2026-03-26 10:00:00,353.0,24.0,2026,t95,0,False,350.0,350.0,,,,,,353.1106595211792,350.6946095211792
2026-03-27 10:00:00,2026-03-27 10:00:00,351.0,24.0,2026,t95,0,False,353.0,350.0,,,,,,359.463610942688,354.14830094268797
2026-03-28 10:00:00,2026-03-28 10:00:00,347.0,24.0,2026,t95,0,False,351.0,351.0,,,,,,355.5154989889526,354.0658689889526
2026-03-29 10:00:00,2026-03-29 10:00:00,350.0,24.0,2026,t95,0,True,347.0,351.0,349.9213426981507,349.8815257791339,349.6260091201595,,,359.52480210662844,353.72628210662845
2026-03-30 01:47:34,2026-03-30 01:47:34,356.0,15.792777777777777,2026,t95,0,True,350.0,350.0,350.7599001439715,350.7279163687791,350.5528157650375,,,358.50301500915526,355.12054500915525
2026-03-30 10:00:00,2026-03-30 10:00:00,353.0,8.207222222222223,2026,t95,0,True,356.0,350.0,352.1844086643215,352.17847613043756,352.11819718408503,,,357.22564403808593,356.7424340380859
2026-03-31 10:00:00,2026-03-31 10:00:00,342.0,24.0,2026,t95,0,True,353.0,353.0,352.21220290497905,352.19023374935756,351.93447466991466,,,359.2802649136353,354.44816491363525
2026-04-01 10:00:00,2026-04-01 10:00:00,353.0,24.0,2026,t95,0,True,342.0,353.0,349.3314957418894,349.2593947917199,348.81826482365165,,,359.1815637075806,349.51736370758056
2026-04-02 10:00:00,2026-04-02 10:00:00,352.0,24.0,2026,t95,0,True,353.0,353.0,350.7765312693556,350.77243361464565,350.67670051103636,,,358.24230826385497,355.826258263855
2026-04-03 10:00:00,2026-04-03 10:00:00,356.0,24.0,2026,t95,0,True,352.0,352.0,351.8626823555523,351.8359730089033,351.62085217364057,,,359.5385194937134,355.67283949371335
2026-04-04 10:00:00,2026-04-04 10:00:00,360.0,24.0,2026,t95,0,True,356.0,353.0,354.71109435017974,354.67247788846635,354.3645800548439,,,362.025117041626,358.15943704162595
2026-04-05 10:00:00,2026-04-05 10:00:00,361.0,24.0,2026,t95,0,True,360.0,356.0,355.3910066564983,355.3776009301888,355.2007741363203,,,362.3892074923706,361.4227874923706
2026-04-06 10:00:00,2026-04-06 10:00:00,354.0,24.0,2026,t95,0,True,361.0,360.0,358.32939578475145,358.28123027255623,357.8428232438457,,,366.571032963562,362.22214296356196
2026-04-06 14:00:33,2026-04-06 14:00:33,354.0,4.009166666666666,2026,t95,0,True,354.0,360.0,354.1918811456391,354.14954619543505,353.8129534659873,,,364.1400178375244,359.3079178375244
2026-04-07 10:00:00,2026-04-07 10:00:00,358.0,19.990833333333335,2026,t95,0,True,354.0,354.0,354.1992135071547,354.15676785208393,353.81944479940216,,,363.58764722198487,358.75554722198484
2026-04-08 10:00:00,2026-04-08 10:00:00,346.0,24.0,2026,t95,0,True,358.0,354.0,357.29751585636967,357.2436191368509,356.76306559320835,,,364.58910016937256,358.79058016937256
2026-04-09 10:00:00,2026-04-09 10:00:00,357.0,24.0,2026,t95,0,True,346.0,354.0,346.59660059877905,346.6005776230447,346.64374039494624,,,357.31133408294676,355.37849408294676
2026-04-10 10:00:00,2026-04-10 10:00:00,352.0,24.0,2026,t95,0,True,357.0,357.0,355.917691150744,355.8762851805429,355.4913748596538,,,363.5566114370728,358.72451143707275
2026-04-11 10:00:00,2026-04-11 10:00:00,354.0,24.0,2026,t95,0,True,352.0,352.0,351.4418663081391,351.4188947471548,351.2564331039657,,,359.7555798840332,356.85631988403316
2026-04-12 10:00:00,2026-04-12 10:00:00,358.0,24.0,2026,t95,0,True,354.0,354.0,354.00437963847037,353.96145559903346,353.64660133077274,,,363.36398273345947,359.0150927334595
2026-04-13 10:00:00,2026-04-13 10:00:00,355.0,24.0,2026,t95,0,True,358.0,354.0,355.566844919902,355.54015254806865,355.26206372616065,,,364.60425570281984,361.7049957028198
2026-04-14 10:00:00,2026-04-14 10:00:00,352.0,24.0,2026,t95,0,True,355.0,355.0,352.7484131133979,352.7287210683153,352.54147500098446,,,359.74571612945556,356.84645612945553
2026-04-28 10:00:00,2026-04-28 10:00:00,335.0,336.0,2026,t95,0,False,,,,,,,,327.9942644293213,
2026-04-29 10:00:00,2026-04-29 10:00:00,345.0,24.0,2026,t95,0,False,335.0,352.0,,,,,,,327.9499190960693
2026-04-30 10:00:00,2026-04-30 10:00:00,346.0,24.0,2026,t95,0,True,345.0,345.0,345.2061391504191,345.2140808935476,345.2428588325806,,,340.09980300048824,337.20054300048827
2026-05-01 10:00:00,2026-05-01 10:00:00,351.0,24.0,2026,t95,0,True,346.0,345.0,345.7004585232296,345.7056523555384,345.74378820564556,,,338.52359914367673,336.10754914367675
2026-05-01 22:00:00,2026-05-01 22:00:00,348.0,12.0,2026,t95,0,True,351.0,346.0,348.4973767378571,348.502807503439,348.48535335072523,,,342.0503755703735,340.11753557037355
2026-05-02 10:00:00,2026-05-02 10:00:00,352.0,12.0,2026,t95,0,True,348.0,348.0,347.5567584221075,347.55668624970235,347.4972182394164,,,343.7663080755615,340.38383807556147
2026-05-03 10:00:00,2026-05-03 10:00:00,354.0,24.0,2026,t95,0,True,352.0,351.0,352.30081301810776,352.26544327618467,352.0092911309714,,,348.3484914434814,344.4828114434814
2026-05-04 10:00:00,2026-05-04 10:00:00,354.0,24.0,2026,t95,0,True,354.0,352.0,351.3917777743916,351.38605574107464,351.24572479350337,,,347.948825715332,345.53277571533204
2026-05-05 10:00:00,2026-05-05 10:00:00,354.0,24.0,2026,t95,0,True,354.0,354.0,351.46297372225274,351.4540865908413,351.29549043726223,,,346.73068442993167,343.83142442993164
2026-05-07 09:30:00,2026-05-07 09:30:00,357.0,47.5,2026,t95,0,True,354.0,354.0,351.5467546174215,351.5467632941813,351.396364284975,,,350.47037085784916,347.57111085784913
2026-05-08 10:00:00,2026-05-08 10:00:00,345.0,24.5,2026,t95,0,True,357.0,354.0,352.0577452820674,352.0629546523701,352.0082902831129,,,346.9596538522338,346.47644385223384
2026-05-09 10:00:00,2026-05-09 10:00:00,352.0,24.0,2026,t95,0,True,345.0,354.0,346.04558091951446,346.04439019129717,346.0310902254597,,,346.02666747253414,342.6441974725342
2026-05-10 10:00:00,2026-05-10 10:00:00,350.0,24.0,2026,t95,0,True,352.0,352.0,350.572303019238,350.5601348491947,350.405750074483,,,347.68690656616207,344.30443656616205
2026-05-11 10:00:00,2026-05-11 10:00:00,350.0,24.0,2026,t95,0,True,350.0,350.0,348.96658616053713,348.96314101343535,348.90036512485597,,,344.52781008789066,342.1117600878906
2026-05-12 10:00:00,2026-05-12 10:00:00,350.0,24.0,2026,t95,0,True,350.0,350.0,349.5315902547106,349.5182746125644,349.4066292127164,,,346.0538944860839,343.1546344860839
2026-05-13 10:00:00,2026-05-13 10:00:00,354.0,24.0,2026,t95,0,True,350.0,350.0,349.8952995155345,349.8767169365719,349.75057978386127,,,348.53806828674317,345.63880828674314
2026-05-14 10:00:00,2026-05-14 10:00:00,350.0,24.0,2026,t95,0,True,354.0,350.0,351.6206909505988,351.6109606362377,351.4436451516489,,,346.9185812185669,344.01932121856686
2026-05-15 10:00:00,2026-05-15 10:00:00,356.0,24.0,2026,t95,0,True,350.0,350.0,350.12072575575473,350.10334693060264,350.0060639808494,,,348.0491562182617,346.11631621826166
2026-05-16 10:00:00,2026-05-16 10:00:00,355.0,24.0,2026,t95,0,True,356.0,354.0,351.6933593934807,351.7032266831191,351.6756907182279,,,348.0325933047485,348.0325933047485
2026-05-18 11:00:00,2026-05-18 11:00:00,360.0,49.0,2026,t95,0,False,,,,,,,,,
2026-05-19 11:30:00,2026-05-19 11:30:00,350.0,24.5,2026,t95,0,False,360.0,356.0,,,,,,,347.50626701660156
2026-05-20 10:00:00,2026-05-20 10:00:00,353.0,22.5,2026,t95,0,True,350.0,355.0,350.326598772501,350.3081297864459,350.1285038534473,,,347.6095454919433,343.7438654919433
2026-05-21 10:00:00,2026-05-21 10:00:00,353.0,24.0,2026,t95,0,True,353.0,353.0,350.87549351261003,350.8694396896741,350.80430195757583,,,346.79796189575194,345.8315418957519
2026-05-22 10:00:00,2026-05-22 10:00:00,360.0,24.0,2026,t95,0,True,353.0,353.0,351.3292261307021,351.3264415396279,351.18144803240614,,,350.6051333877563,347.70587338775636
2026-05-23 09:35:00,2026-05-23 09:35:00,359.0,23.583333333333332,2026,t95,0,True,360.0,353.0,355.65863323520546,355.64265603928163,355.4188014811039,,,350.9506416534424,349.5010116534424
2026-05-24 10:00:00,2026-05-24 10:00:00,351.0,24.416666666666668,2026,t95,0,True,359.0,359.0,355.4449936926002,355.42695070768764,355.1873952108473,,,351.2931815655518,349.3603415655517
2026-05-24 20:00:00,2026-05-24 20:00:00,354.0,10.0,2026,t95,0,True,351.0,359.0,348.36406830109115,348.38352780052367,348.4589049706894,,,344.4011488519287,344.4011488519287
2026-05-25 10:00:00,2026-05-25 10:00:00,357.0,14.0,2026,t95,0,True,354.0,354.0,349.0072854602082,349.0382542951352,349.17394110714577,,,346.05674408935545,347.5063740893554
2026-05-26 10:00:00,2026-05-26 10:00:00,352.0,24.0,2026,t95,0,True,357.0,354.0,354.451208514257,354.434012895792,354.22604662590976,,,355.50471411712647,353.5718741171264
2026-05-27 10:00:00,2026-05-27 10:00:00,352.0,24.0,2026,t95,0,True,352.0,354.0,353.2247939742716,353.17562308238973,352.84192137545307,,,352.7404263165283,347.9083263165283
2026-05-28 10:00:00,2026-05-28 10:00:00,354.0,24.0,2026,t95,0,True,352.0,352.0,351.1311633778581,351.1186249373733,351.00241024979925,,,351.93991368041986,350.0070736804199
2026-05-28 22:00:00,2026-05-28 22:00:00,351.0,12.0,2026,t95,0,True,354.0,352.0,350.4799636886116,350.48686194144955,350.4940250059275,,,349.1094037210083,349.1094037210083
2026-05-29 10:00:00,2026-05-29 10:00:00,359.0,12.0,2026,t95,0,True,351.0,352.0,349.8036990364402,349.79527076524454,349.74352349767634,,,347.6423928167724,346.1927628167724
2026-05-30 10:00:00,2026-05-30 10:00:00,352.0,24.0,2026,t95,0,True,359.0,354.0,355.2044879246975,355.17939503460735,354.91997894757293,,,350.3108172833252,347.8947672833252
2026-05-31 10:00:00,2026-05-31 10:00:00,357.0,24.0,2026,t95,0,True,352.0,352.0,352.9459607784974,352.9050427243393,352.53084238697267,,,352.39413326416013,346.1124032641601
2026-06-01 10:00:00,2026-06-01 10:00:00,356.0,24.0,2026,t95,0,True,357.0,357.0,353.7038018709998,353.6904288876844,353.4662845450165,,,351.0944978894043,348.1952378894043
2026-06-02 10:00:00,2026-06-02 10:00:00,361.0,24.0,2026,t95,0,True,356.0,356.0,352.42775576409986,352.4208795658285,352.29980672750185,,,349.2856058059692,347.8359758059692
2026-06-02 22:00:33,2026-06-02 22:00:33,358.0,12.009166666666667,2026,t95,0,True,361.0,357.0,354.76211191295926,354.75822563000486,354.6551199333168,,,349.57178715515136,350.05499715515134
2026-06-03 10:00:00,2026-06-03 10:00:00,362.0,11.990833333333333,2026,t95,0,True,358.0,358.0,354.1120603065721,354.09727297021664,353.93814738823494,,,350.9087839846802,349.9423639846801
2026-06-04 10:00:00,2026-06-04 10:00:00,351.0,24.0,2026,t95,0,True,362.0,361.0,354.01510159444973,354.0321348051438,354.0325411057549,,,347.05681106781003,348.9896510678101
2026-06-05 10:00:00,2026-06-05 10:00:00,357.0,24.0,2026,t95,0,True,351.0,358.0,350.3978559813462,350.38244231204754,350.22783630146415,,,348.54677606781,345.16430606781006
2026-06-06 10:00:00,2026-06-06 10:00:00,357.0,24.0,2026,t95,0,True,357.0,357.0,353.2846033782596,353.27410547811314,353.12272861109744,,,350.6691839590454,349.2195539590454
2026-06-07 10:00:00,2026-06-07 10:00:00,356.0,24.0,2026,t95,0,True,357.0,357.0,351.5996759862508,351.6098613458491,351.59200044253197,,,347.9818705627441,347.9818705627441
2026-06-08 10:00:00,2026-06-08 10:00:00,362.0,24.0,2026,t95,0,True,356.0,357.0,352.04904152989957,352.04241600694985,351.9520365742638,,,347.97465588867186,347.00823588867183
2026-06-08 22:00:00,2026-06-08 22:00:00,347.0,12.0,2026,t95,0,True,362.0,357.0,357.6861708268281,357.6532067916672,357.2775076868039,,,355.16382068725585,351.7813506872559
2026-06-09 10:00:00,2026-06-09 10:00:00,349.0,12.0,2026,t95,0,True,347.0,356.0,352.9704914368267,352.8927491191282,352.29930445190877,,,354.60683462249756,343.97621462249754
2026-06-10 10:00:00,2026-06-10 10:00:00,364.0,24.0,2026,t95,0,True,349.0,349.0,347.13292512880474,347.14269687798725,347.2092230701862,,,344.056605329895,343.090185329895
2026-06-10 22:00:00,2026-06-10 22:00:00,351.0,12.0,2026,t95,0,True,364.0,349.0,356.39316231710137,356.38299855064656,356.21068296905105,,,348.2376725915527,348.2376725915527
2026-06-11 10:00:00,2026-06-11 10:00:00,359.0,12.0,2026,t95,0,True,351.0,351.0,352.2690894102691,352.22252491875247,351.8658299170679,,,349.77088935150147,343.4891593515015
2026-06-12 10:00:00,2026-06-12 10:00:00,359.0,24.0,2026,t95,0,True,359.0,359.0,355.00730469355085,354.9999689824311,354.78621747982953,,,354.418972836914,352.48613283691407
2026-06-13 10:00:00,2026-06-13 10:00:00,361.0,24.0,2026,t95,0,True,359.0,359.0,355.9528653066698,355.9135479721297,355.67350816834585,,,352.3436808584595,351.37726085845946
2026-06-14 10:00:00,2026-06-14 10:00:00,360.0,24.0,2026,t95,0,True,361.0,359.0,355.2440233870616,355.244225635122,355.11314794842406,,,353.364186300354,353.364186300354
2026-06-15 10:00:00,2026-06-15 10:00:00,355.0,24.0,2026,t95,0,True,360.0,360.0,355.76681555217243,355.7526898182918,355.48992367025323,,,353.5435552294922,351.12750522949216
2026-06-17 10:00:00,2026-06-17 10:00:00,327.0,48.0,2026,t95,0,True,355.0,360.0,348.05509135577046,348.07141271874667,348.2280234274956,,,337.74005256530756,339.18968256530763
2026-06-17 22:00:00,2026-06-17 22:00:00,350.0,12.0,2026,t95,0,True,327.0,355.0,330.57716864786204,330.64428231989393,331.17263101135114,,,326.99400075164795,324.57795075164796
2026-07-02 12:00:00,2026-07-02 12:00:00,364.0,350.0,2026,t95,0,False,,,,,,,,,
2026-07-04 10:00:00,2026-07-04 10:00:00,346.0,46.0,2026,t95,0,True,364.0,350.0,337.1154559217792,337.3799965550712,339.13546289375466,,,327.92607170257565,354.01941170257567
2026-07-04 22:00:00,2026-07-04 22:00:00,343.0,12.0,2026,t95,0,True,346.0,350.0,346.1658803548455,346.1741591907819,346.22582875879493,,,348.66836915252685,346.73552915252685
2026-07-05 10:00:00,2026-07-05 10:00:00,351.0,12.0,2026,t95,0,True,343.0,346.0,344.9326218559825,344.94384357809713,344.91530474186203,,,349.84655572174074,345.0144557217407
2026-07-06 10:00:00,2026-07-06 10:00:00,352.0,24.0,2026,t95,0,True,351.0,346.0,347.31455359430123,347.371948041016,347.41800111784033,,,353.38536676727296,350.486106767273
2026-07-07 10:00:00,2026-07-07 10:00:00,352.0,24.0,2026,t95,0,True,352.0,351.0,350.9030560585727,350.89751283573565,350.78326152055314,,,354.0950969586181,351.67904695861813
2026-07-08 10:00:00,2026-07-08 10:00:00,350.0,24.0,2026,t95,0,True,352.0,352.0,348.0398344030214,348.0762254643852,348.2484336033496,,,352.63538854095464,354.0850185409546
2026-07-09 10:00:00,2026-07-09 10:00:00,351.0,24.0,2026,t95,0,True,350.0,352.0,347.99291223582907,348.0040776359543,348.0197603322096,,,348.949494347229,347.499864347229
2026-07-10 10:00:00,2026-07-10 10:00:00,350.0,24.0,2026,t95,0,True,351.0,351.0,349.6486393221883,349.65073995579957,349.5969456116377,,,349.16858644348144,347.23574644348145
2026-07-11 10:00:00,2026-07-11 10:00:00,341.0,24.0,2026,t95,0,True,350.0,350.0,350.62427788775545,350.60113254892195,350.4126951797258,,,350.9047378964233,347.0390578964233
2026-07-11 18:00:00,2026-07-11 18:00:00,341.0,8.0,2026,t95,0,True,341.0,350.0,344.2530692528203,344.24127852763627,344.25236725280195,,,343.2398555288696,339.8573855288696
2026-07-11 22:00:00,2026-07-11 22:00:00,350.0,4.0,2026,t95,0,True,341.0,341.0,343.6308915489291,343.6397469425289,343.69874140816927,,,345.9026128048706,342.5201428048706
2026-07-12 10:00:00,2026-07-12 10:00:00,350.0,12.0,2026,t95,0,True,350.0,341.0,347.2372287782573,347.2644599470073,347.42384322950505,,,348.64202609466554,349.6084460946655
2026-07-12 22:00:00,2026-07-12 22:00:00,353.0,12.0,2026,t95,0,True,350.0,350.0,348.54850280949773,348.5573187164579,348.57839051758987,,,350.0925991571045,349.1261791571045
2026-07-13 10:00:00,2026-07-13 10:00:00,349.0,12.0,2026,t95,0,True,353.0,350.0,350.5605231500553,350.5627345727759,350.5823133326895,,,352.2077727261352,352.69098272613525
2026-07-14 10:00:00,2026-07-14 10:00:00,357.0,24.0,2026,t95,0,True,349.0,350.0,349.1361823169062,349.1345950568679,349.05104310314704,,,352.8631585925293,349.9638985925293
2026-07-15 10:00:00,2026-07-15 10:00:00,341.0,24.0,2026,t95,0,True,357.0,353.0,353.6729153956505,353.661867015243,353.5046558178863,,,353.3385039538574,351.8888739538574
2026-07-16 10:00:00,2026-07-16 10:00:00,350.0,24.0,2026,t95,0,True,341.0,349.0,346.26046053061486,346.2259508827859,346.1376436421185,,,349.98843502166744,346.12275502166744
2026-07-17 10:00:00,2026-07-17 10:00:00,351.0,24.0,2026,t95,0,True,350.0,350.0,351.269754381859,351.2399577198732,351.02262165257457,,,353.91290312561034,350.04722312561034
2026-07-18 05:00:00,2026-07-18 05:00:00,351.0,19.0,2026,t95,0,True,351.0,350.0,351.0513878832468,351.02703628412894,350.83176096908534,,,353.7444877191162,349.8788077191162
2026-07-18 10:00:00,2026-07-18 10:00:00,351.0,5.0,2026,t95,0,True,351.0,351.0,351.64717221334155,351.61608800546867,351.39228725914626,,,354.87148347686764,351.00580347686764
2026-07-18 22:00:00,2026-07-18 22:00:00,346.0,12.0,2026,t95,0,True,351.0,351.0,351.99421650830607,351.9570480570618,351.71306987043425,,,353.08401384094236,349.21833384094236
2026-07-19 10:00:00,2026-07-19 10:00:00,355.0,12.0,2026,t95,0,True,346.0,351.0,350.16398027985645,350.11452826133143,349.809973734105,,,354.36615697296145,348.0844269729614
2026-07-20 10:00:00,2026-07-20 10:00:00,361.0,24.0,2026,t95,0,True,355.0,351.0,353.5798359111305,353.54908455888454,353.3484946868698,,,355.71338933593745,353.7805493359375
2026-07-21 10:00:00,2026-07-21 10:00:00,351.0,24.0,2026,t95,0,True,361.0,355.0,360.0185517835256,359.94208994193514,359.3944696623415,,,360.8822835543823,356.05018355438233
2026-07-23 10:00:00,2026-07-23 10:00:00,353.0,48.0,2026,t95,0,True,351.0,355.0,350.38298648259985,350.36283905204414,350.2247817622463,,,352.96773825531005,350.0684782553101
2026-07-24 10:00:00,2026-07-24 10:00:00,355.0,24.0,2026,t95,0,True,353.0,353.0,349.7093821506999,349.7172066737144,349.73759445345513,,,351.0907580578613,350.6075480578613
2026-07-25 10:00:00,2026-07-25 10:00:00,366.0,24.0,2026,t95,0,True,355.0,353.0,354.6174936088705,354.5783856359251,354.2611842553198,,,357.97983463806156,354.11415463806156
2026-07-25 20:59:48,2026-07-25 20:59:48,358.0,10.996666666666666,2026,t95,0,True,366.0,355.0,358.8780218580115,358.8677716382004,358.62394676374305,,,359.36514461364743,359.36514461364743
2026-07-26 10:00:00,2026-07-26 10:00:00,360.0,13.003333333333334,2026,t95,0,True,358.0,358.0,355.38034856111744,355.3409597537628,355.0052670405717,,,351.86507524169923,347.9993952416992
2026-07-27 10:00:00,2026-07-27 10:00:00,351.0,24.0,2026,t95,0,True,360.0,360.0,355.43335260168607,355.4234500482178,355.2193496603579,,,354.17812580993655,352.7284958099366
2026-07-28 10:00:00,2026-07-28 10:00:00,358.0,24.0,2026,t95,0,True,351.0,358.0,349.27954749444154,349.2832932603651,349.2453222895432,,,349.72658248168943,347.79374248168943
2026-07-29 10:00:00,2026-07-29 10:00:00,351.0,24.0,2026,t95,0,True,358.0,358.0,357.32764431875586,357.2690282235208,356.83035905839415,,,355.7701068682861,351.4212168682861
2026-07-30 10:00:00,2026-07-30 10:00:00,351.0,24.0,2026,t95,0,True,351.0,351.0,350.04383002145516,350.04677794002134,349.9445314350827,,,351.7307537094116,348.8314937094116
2026-07-31 10:00:00,2026-07-31 10:00:00,356.0,24.0,2026,t95,0,True,351.0,351.0,351.5432385766403,351.52191323081644,351.28935616112716,,,354.31191981140137,349.9630298114014
2026-08-01 10:00:00,2026-08-01 10:00:00,351.0,24.0,2026,t95,0,True,356.0,351.0,353.2165783050588,353.21310519005044,353.0565721348288,,,355.1075660092163,353.17472600921633
2026-08-02 10:00:00,2026-08-02 10:00:00,354.0,24.0,2026,t95,0,True,351.0,351.0,351.9812017104675,351.9481155358654,351.7058429111862,,,352.43551017547605,348.56983017547606
2026-08-03 10:00:00,2026-08-03 10:00:00,355.0,24.0,2026,t95,0,True,354.0,354.0,350.9529458839646,350.9572546369194,350.9659509284535,,,350.6350013348389,351.11821133483886
2026-08-04 10:00:00,2026-08-04 10:00:00,354.0,24.0,2026,t95,0,True,355.0,354.0,354.4225434954145,354.38740220238367,354.0992811900877,,,356.6093565496826,353.2268865496826
2026-08-05 10:00:00,2026-08-05 10:00:00,359.0,24.0,2026,t95,0,True,354.0,354.0,352.68913027715416,352.6707764631226,352.5088351692395,,,355.3667504544067,353.4339104544067
2026-08-06 10:00:00,2026-08-06 10:00:00,354.0,24.0,2026,t95,0,True,359.0,355.0,354.8288490778162,354.81933915866836,354.66624067437414,,,355.62713740448,355.14392740448
2026-08-07 10:00:00,2026-08-07 10:00:00,365.0,24.0,2026,t95,0,False,354.0,354.0,,,,,,,
2026-08-08 10:00:00,2026-08-08 10:00:00,358.0,24.0,2026,t95,0,False,365.0,359.0,,,,,,,
2026-08-09 10:00:00,2026-08-09 10:00:00,353.0,24.0,2026,t95,0,False,358.0,358.0,,,,,,,
2026-01-01 07:00:00,2026-01-01 10:00:00,343.0,21.0,2026,t95,180,True,341.0,343.0,343.1524973560662,343.15895846827067,343.2273805877247,,,347.0817020544433,343.69923205444337
2026-01-02 07:00:00,2026-01-02 10:00:00,344.0,21.0,2026,t95,180,True,343.0,343.0,343.7439958272624,343.7771180419528,343.92816989011743,,,346.32020398834226,343.9041539883423
2026-01-03 07:00:00,2026-01-03 10:00:00,350.0,21.0,2026,t95,180,True,344.0,343.0,343.3598131198366,343.39188363210747,343.6166896260255,,,345.5941032192993,345.1108932192993
2026-01-04 07:00:00,2026-01-04 10:00:00,343.0,21.0,2026,t95,180,True,350.0,344.0,348.2880578626838,348.29127569631606,348.2644009944651,,,351.5274533300781,349.11140333007813
2026-01-05 07:00:00,2026-01-05 10:00:00,350.0,21.0,2026,t95,180,True,343.0,344.0,344.3298914483806,344.33545317514887,344.35980326989034,,,350.0852150100708,346.2195350100708
2026-01-06 07:00:00,2026-01-06 10:00:00,348.0,21.0,2026,t95,180,True,350.0,350.0,347.9376883803435,347.9494449425056,347.9454210691227,,,351.4008884884644,348.98483848846433
2026-01-07 07:00:00,2026-01-07 10:00:00,350.0,21.0,2026,t95,180,True,348.0,348.0,348.9756787548236,348.9618213254243,348.8460186053248,,,353.0084215075683,349.1427415075683
2026-01-08 07:00:00,2026-01-08 10:00:00,346.0,21.0,2026,t95,180,True,350.0,350.0,347.804297700924,347.8285972933117,347.88218684946884,,,350.2183823406982,348.2855423406982
2026-01-10 07:00:00,2026-01-10 10:00:00,338.0,45.0,2026,t95,180,True,346.0,348.0,344.52134260669675,344.54464322713744,344.71756442938823,,,344.3662375299072,343.3998175299072
2026-01-11 07:00:00,2026-01-11 10:00:00,342.0,21.0,2026,t95,180,True,338.0,346.0,342.86954689527164,342.85756750957086,342.89650797516754,,,349.20255346435545,345.82008346435543
2026-01-12 07:00:00,2026-01-12 10:00:00,344.0,21.0,2026,t95,180,True,342.0,342.0,345.3458765143251,345.35451150161566,345.3897428453251,,,353.9848309841919,350.6023609841919
2026-01-13 07:00:00,2026-01-13 10:00:00,350.0,21.0,2026,t95,180,True,344.0,342.0,346.7843373689001,346.7746198649899,346.7167236443105,,,354.9680988143921,351.1024188143921
2026-01-14 07:00:00,2026-01-14 10:00:00,347.0,21.0,2026,t95,180,True,350.0,344.0,347.4226140194911,347.4352574237324,347.51201694271793,,,352.7235800091553,352.2403700091553
2026-01-15 07:00:00,2026-01-15 10:00:00,350.0,21.0,2026,t95,180,True,347.0,347.0,348.267443279092,348.25287846553334,348.16488718085617,,,354.52681503997803,351.144345039978
2026-01-16 07:00:00,2026-01-16 10:00:00,348.0,21.0,2026,t95,180,True,350.0,350.0,349.5123211988333,349.5045738891081,349.3898510667644,,,354.1515313079834,350.7690613079834
2026-01-17 07:00:00,2026-01-17 10:00:00,350.0,21.0,2026,t95,180,True,348.0,348.0,347.3865346130909,347.391629451658,347.37475945307085,,,352.1685602407837,349.2693002407837
2026-01-18 07:00:00,2026-01-18 10:00:00,341.0,21.0,2026,t95,180,True,350.0,350.0,348.1298849244268,348.145247462798,348.21047522218737,,,350.4333267834472,349.46690678344726
2026-01-19 07:00:00,2026-01-19 10:00:00,350.0,21.0,2026,t95,180,True,341.0,348.0,343.51607189337994,343.5078409322553,343.5513302567821,,,349.0938831445312,345.7114131445312
2026-01-20 07:00:00,2026-01-20 10:00:00,342.0,21.0,2026,t95,180,True,350.0,350.0,347.6205217355642,347.6419358587394,347.71153933741124,,,352.1896306918335,350.7400006918335
2026-01-21 07:00:00,2026-01-21 10:00:00,342.0,21.0,2026,t95,180,True,342.0,342.0,344.5822309700133,344.5809240092472,344.55229809204866,,,350.2232508810425,345.39115088104245
2026-01-22 07:00:00,2026-01-22 10:00:00,343.0,21.0,2026,t95,180,True,342.0,342.0,345.47778435364086,345.4550509877601,345.3482175613125,,,350.91180189239503,345.59649189239497
2026-01-23 07:00:00,2026-01-23 10:00:00,350.0,21.0,2026,t95,180,True,343.0,342.0,342.4143870098058,342.4472478764089,342.7178319898632,,,346.1401615692139,346.1401615692139
2026-01-24 07:00:00,2026-01-24 10:00:00,346.0,21.0,2026,t95,180,True,350.0,343.0,349.8629076335775,349.8591481690402,349.7310138589081,,,356.99350134490965,353.12782134490965
2026-01-25 07:00:00,2026-01-25 10:00:00,344.0,21.0,2026,t95,180,True,346.0,346.0,345.62173485266607,345.634196479344,345.71343664657326,,,349.4352110974121,347.5023710974121
2026-01-26 07:00:00,2026-01-26 10:00:00,343.0,21.0,2026,t95,180,True,344.0,346.0,347.0724856589259,347.0498450816816,346.90523252810124,,,350.9276483496094,345.61233834960933
2026-01-27 07:00:00,2026-01-27 10:00:00,345.0,21.0,2026,t95,180,True,343.0,344.0,346.1667332363867,346.15197705962925,346.02097172482826,,,352.18487104003907,346.386351040039
2026-01-28 07:00:00,2026-01-28 10:00:00,342.0,21.0,2026,t95,180,True,345.0,344.0,346.60478089231367,346.6015332616225,346.55934988901424,,,352.36338278289793,348.49770278289793
2026-01-29 07:00:00,2026-01-29 10:00:00,354.0,21.0,2026,t95,180,True,342.0,343.0,343.8978435721447,343.9141701111099,344.0117780654186,,,352.0677288656616,349.16846886566157
2026-01-30 07:00:00,2026-01-30 10:00:00,356.0,21.0,2026,t95,180,True,354.0,345.0,348.9428754408055,348.98502071557425,349.1693697501107,,,352.8461437115479,354.2957737115479
2026-01-31 07:00:00,2026-01-31 10:00:00,350.0,21.0,2026,t95,180,True,356.0,354.0,349.3916854021663,349.44068922558233,349.67827351028075,,,352.28649659149164,355.18575659149167
2026-02-01 07:00:00,2026-02-01 10:00:00,350.0,21.0,2026,t95,180,True,350.0,354.0,349.9228292252019,349.90321296769446,349.73539206003727,,,357.98719231628417,354.12151231628417
2026-02-02 07:00:00,2026-02-02 10:00:00,348.0,21.0,2026,t95,180,True,350.0,350.0,348.70396813703394,348.7148368604331,348.73883521893345,,,355.14690618743896,353.69727618743894
2026-02-03 07:00:00,2026-02-03 10:00:00,345.0,21.0,2026,t95,180,True,348.0,350.0,346.9650444046372,346.98791554054026,347.05866771880585,,,355.2948382235718,353.36199822357173
2026-02-04 07:00:00,2026-02-04 10:00:00,350.0,21.0,2026,t95,180,True,345.0,348.0,346.90617754429735,346.8944443810342,346.86421778752765,,,354.53196516082767,351.63270516082764
2026-02-05 07:00:00,2026-02-05 10:00:00,346.0,21.0,2026,t95,180,True,350.0,348.0,348.74671124991613,348.75690981231804,348.7744417946543,,,354.78647421478274,353.3368442147827
2026-02-06 07:00:00,2026-02-06 10:00:00,342.0,21.0,2026,t95,180,True,346.0,346.0,345.49099091355515,345.4965890557027,345.5664290122729,,,350.0883456005859,348.1555056005859
2026-02-07 07:00:00,2026-02-07 10:00:00,345.0,21.0,2026,t95,180,True,342.0,346.0,343.93019163320884,343.95505520605377,344.03510575369785,,,353.7269603082275,349.8612803082275
2026-02-08 07:00:00,2026-02-08 10:00:00,350.0,21.0,2026,t95,180,True,345.0,345.0,347.63903743527766,347.61368149166253,347.52146682458675,,,354.9880268078613,351.6055568078613
2026-02-09 07:00:00,2026-02-09 10:00:00,340.0,21.0,2026,t95,180,True,350.0,345.0,349.87764896524027,349.86197874785853,349.7257563728074,,,356.83152197113037,353.44905197113036
2026-02-10 07:00:00,2026-02-10 10:00:00,344.0,21.0,2026,t95,180,True,340.0,345.0,346.18363588556764,346.1516357604813,345.9251051070935,,,355.83359534790037,348.1022353479004
2026-02-11 07:00:00,2026-02-11 10:00:00,354.0,21.0,2026,t95,180,True,344.0,344.0,347.2237420392123,347.20983899010514,347.0817083156729,,,356.33178587249756,351.01647587249755
2026-02-12 07:00:00,2026-02-12 10:00:00,346.0,21.0,2026,t95,180,True,354.0,344.0,348.0043125225868,348.0611955521455,348.3551127800675,,,353.57969668029784,356.47895668029787
2026-02-13 07:00:00,2026-02-13 10:00:00,346.0,21.0,2026,t95,180,True,346.0,346.0,348.476890279681,348.44805363338367,348.25335781574245,,,355.15602470886233,349.8407147088623
2026-02-14 07:00:00,2026-02-14 10:00:00,346.0,21.0,2026,t95,180,True,346.0,346.0,345.17312638597576,345.19127097516775,345.31088563259726,,,351.16104723358154,349.7114172335815
2026-02-15 07:00:00,2026-02-15 10:00:00,346.0,21.0,2026,t95,180,True,346.0,346.0,347.0870491351392,347.08526066552366,347.0523081946344,,,354.27516231964114,350.8926923196411
2026-02-16 07:00:00,2026-02-16 10:00:00,345.0,21.0,2026,t95,180,True,346.0,346.0,346.92593282221054,346.92842751584254,346.92910851150873,,,353.3422455715942,350.44298557159425
2026-02-17 07:00:00,2026-02-17 10:00:00,345.0,21.0,2026,t95,180,True,345.0,346.0,347.6791916807119,347.6660917694695,347.54819628318035,,,354.7124128344727,349.88031283447265
2026-02-18 07:00:00,2026-02-18 10:00:00,350.0,21.0,2026,t95,180,True,345.0,345.0,346.36870363344633,346.35071339414463,346.20994046438864,,,349.06113860473636,343.2626186047363
2026-02-19 07:00:00,2026-02-19 10:00:00,356.0,21.0,2026,t95,180,False,350.0,345.0,,,,,,347.5055813189697,344.1231113189697
2026-02-20 07:00:00,2026-02-20 10:00:00,336.0,21.0,2026,t95,180,False,356.0,350.0,,,,,,345.90601162200926,345.4228016220093
2026-02-21 07:00:00,2026-02-21 10:00:00,340.0,21.0,2026,t95,180,False,336.0,350.0,,,,,,345.75738845733645,338.50923845733644
2026-02-22 07:00:00,2026-02-22 10:00:00,344.0,21.0,2026,t95,180,False,340.0,340.0,,,,,,352.44579503173827,347.13048503173826
2026-02-23 07:00:00,2026-02-23 10:00:00,350.0,21.0,2026,t95,180,False,344.0,340.0,,,,,,358.6791519677734,353.8470519677734
2026-02-24 07:00:00,2026-02-24 10:00:00,350.0,21.0,2026,t95,180,False,350.0,344.0,,,,,,358.9335568591308,356.51750685913083
2026-02-25 07:00:00,2026-02-25 10:00:00,350.0,21.0,2026,t95,180,False,350.0,350.0,,,,,,359.0773179953003,354.24521799530027
2026-02-26 07:00:00,2026-02-26 10:00:00,343.0,21.0,2026,t95,180,False,350.0,350.0,,,,,,354.2147707528686,354.2147707528686
2026-02-27 07:00:00,2026-02-27 10:00:00,345.0,21.0,2026,t95,180,False,343.0,350.0,,,,,,353.31332851135255,351.3804885113525
2026-02-28 07:00:00,2026-02-28 10:00:00,350.0,21.0,2026,t95,180,False,345.0,345.0,,,,,,355.3692232351684,351.98675323516846
2026-03-01 07:00:00,2026-03-01 10:00:00,348.0,21.0,2026,t95,180,False,350.0,345.0,,,,,,354.2254596813965,353.2590396813965
2026-03-02 07:00:00,2026-03-02 10:00:00,342.0,21.0,2026,t95,180,False,348.0,348.0,,,,,,348.8324004565429,347.86598045654296
2026-03-03 07:00:00,2026-03-03 10:00:00,346.0,21.0,2026,t95,180,False,342.0,348.0,,,,,,348.77410264434815,347.32447264434813
2026-03-05 07:00:00,2026-03-05 10:00:00,350.0,45.0,2026,t95,180,False,346.0,346.0,,,,,,356.46833667877195,353.5690766787719
2026-03-06 07:00:00,2026-03-06 10:00:00,354.0,21.0,2026,t95,180,False,350.0,346.0,,,,,,353.46631397888183,353.46631397888183
2026-03-07 07:00:00,2026-03-07 10:00:00,345.0,21.0,2026,t95,180,False,354.0,350.0,,,,,,356.94263072784423,355.4930007278442
2026-03-08 07:00:00,2026-03-08 10:00:00,346.0,21.0,2026,t95,180,False,345.0,350.0,,,,,,354.7061701986694,352.29012019866946
2026-03-09 07:00:00,2026-03-09 10:00:00,337.0,21.0,2026,t95,180,False,346.0,346.0,,,,,,354.83688972229004,353.38725972229
2026-03-10 07:00:00,2026-03-10 10:00:00,347.0,21.0,2026,t95,180,False,337.0,345.0,,,,,,354.67363739776613,350.32474739776615
2026-03-11 07:00:00,2026-03-11 10:00:00,342.0,21.0,2026,t95,180,False,347.0,346.0,,,,,,353.4859288851929,352.0362988851929
2026-03-12 07:00:00,2026-03-12 10:00:00,354.0,21.0,2026,t95,180,False,342.0,342.0,,,,,,354.08765833099363,349.7387683309936
2026-03-13 07:00:00,2026-03-13 10:00:00,348.0,21.0,2026,t95,180,False,354.0,347.0,,,,,,355.0820925164795,355.5653025164795
2026-03-14 07:00:00,2026-03-14 10:00:00,353.0,21.0,2026,t95,180,False,348.0,348.0,,,,,,357.8701089022827,355.45405890228267
2026-03-15 07:00:00,2026-03-15 10:00:00,345.0,21.0,2026,t95,180,False,353.0,353.0,,,,,,363.0327544137573,358.6838644137573
2026-03-16 07:00:00,2026-03-16 10:00:00,350.0,21.0,2026,t95,180,False,345.0,348.0,,,,,,358.7569963574218,353.4416863574219
2026-03-17 07:00:00,2026-03-17 10:00:00,348.0,21.0,2026,t95,180,False,350.0,350.0,,,,,,352.03267616363524,351.5494661636352
2026-03-18 07:00:00,2026-03-18 10:00:00,354.0,21.0,2026,t95,180,False,348.0,348.0,,,,,,358.47429403900145,353.6421940390014
2026-03-19 07:00:00,2026-03-19 10:00:00,347.0,21.0,2026,t95,180,False,354.0,350.0,,,,,,349.7104651852417,354.05935518524166
2026-03-20 07:00:00,2026-03-20 10:00:00,352.0,21.0,2026,t95,180,False,347.0,348.0,,,,,,355.40705782714844,352.0245878271485
2026-03-21 07:00:00,2026-03-21 10:00:00,350.0,21.0,2026,t95,180,False,352.0,352.0,,,,,,359.3757811474609,356.4765211474609
2026-03-22 07:00:00,2026-03-22 10:00:00,350.0,21.0,2026,t95,180,False,350.0,350.0,,,,,,358.5979909506226,353.7658909506226
2026-03-23 07:00:00,2026-03-23 10:00:00,353.0,21.0,2026,t95,180,False,350.0,350.0,,,,,,359.4160828060913,353.13435280609133
2026-03-23 19:00:00,2026-03-23 22:00:00,353.0,9.0,2026,t95,180,False,353.0,350.0,,,,,,355.5823428079224,353.16629280792233
2026-03-24 07:00:00,2026-03-24 10:00:00,350.0,9.0,2026,t95,180,False,353.0,353.0,,,,,,355.0962961032104,352.68024610321044
2026-03-25 07:00:00,2026-03-25 10:00:00,350.0,21.0,2026,t95,180,False,350.0,353.0,,,,,,355.58605100128176,351.2371610012817
2026-03-26 07:00:00,2026-03-26 10:00:00,353.0,21.0,2026,t95,180,False,350.0,350.0,,,,,,353.1654276983643,350.74937769836424
2026-03-27 07:00:00,2026-03-27 10:00:00,351.0,21.0,2026,t95,180,False,353.0,350.0,,,,,,358.99950801971437,353.68419801971436
2026-03-28 07:00:00,2026-03-28 10:00:00,347.0,21.0,2026,t95,180,False,351.0,351.0,,,,,,355.21845111022947,353.7688211102295
2026-03-29 07:00:00,2026-03-29 10:00:00,350.0,21.0,2026,t95,180,True,347.0,351.0,349.6524976376553,349.60994786730845,349.35615834276007,,,359.7616772598267,353.9631572598267
2026-03-29 22:47:34,2026-03-30 01:47:34,356.0,12.792777777777777,2026,t95,180,True,350.0,350.0,350.7385344176167,350.69956942959845,350.5196177370502,,,357.82321646240234,354.44074646240233
2026-03-30 07:00:00,2026-03-30 10:00:00,353.0,5.207222222222223,2026,t95,180,True,356.0,350.0,351.808417154926,351.80334599783106,351.76250287379264,,,357.3931621707153,356.9099521707153
2026-03-31 07:00:00,2026-03-31 10:00:00,342.0,21.0,2026,t95,180,True,353.0,353.0,352.32968001829346,352.31799479676914,352.09989217854474,,,361.5628947909546,356.73079479095463
2026-04-01 07:00:00,2026-04-01 10:00:00,353.0,21.0,2026,t95,180,True,342.0,353.0,349.49325371349755,349.41153662150464,348.9391748902799,,,358.7755556396485,349.1113556396484
2026-04-02 07:00:00,2026-04-02 10:00:00,352.0,21.0,2026,t95,180,True,353.0,353.0,350.56887050188556,350.57104511909455,350.5017329856972,,,354.834256373291,352.418206373291
2026-04-03 07:00:00,2026-04-03 10:00:00,356.0,21.0,2026,t95,180,True,352.0,352.0,351.5435985404279,351.51866358136095,351.3215854340952,,,359.1661298352051,355.3004498352051
2026-04-04 07:00:00,2026-04-04 10:00:00,360.0,21.0,2026,t95,180,True,356.0,353.0,354.20494881712796,354.1672736047934,353.87800054198885,,,362.09050926483155,358.22482926483156
2026-04-05 07:00:00,2026-04-05 10:00:00,361.0,21.0,2026,t95,180,True,360.0,356.0,355.1801889776947,355.1725442298177,355.0322686962219,,,361.6259799206543,360.65955992065426
2026-04-06 07:00:00,2026-04-06 10:00:00,354.0,21.0,2026,t95,180,True,361.0,360.0,358.20733326606137,358.1645555831525,357.7613982539036,,,366.5198480743408,362.1709580743408
2026-04-06 11:00:33,2026-04-06 14:00:33,354.0,25.009166666666665,2026,t95,180,True,361.0,360.0,357.97205457095515,357.9296056505174,357.5277730481971,,,366.5242949880982,362.17540498809814
2026-04-07 07:00:00,2026-04-07 10:00:00,358.0,16.990833333333335,2026,t95,180,True,354.0,354.0,354.0337679316544,353.99243577566534,353.67245103224207,,,362.9745612216186,358.14246122161865
2026-04-08 07:00:00,2026-04-08 10:00:00,346.0,21.0,2026,t95,180,True,358.0,354.0,357.1960846996199,357.1475107327716,356.69413717698126,,,364.7406229663086,358.94210296630854
2026-04-09 07:00:00,2026-04-09 10:00:00,357.0,21.0,2026,t95,180,True,346.0,354.0,346.7435676227776,346.74833805525714,346.80317703993916,,,357.5807197076416,355.64787970764155
2026-04-10 07:00:00,2026-04-10 10:00:00,352.0,21.0,2026,t95,180,True,357.0,357.0,355.8147146528194,355.77999372102647,355.43163515036593,,,364.55859139831546,359.72649139831543
2026-04-11 07:00:00,2026-04-11 10:00:00,354.0,21.0,2026,t95,180,True,352.0,352.0,351.32909991522797,351.3051028549432,351.1534065108771,,,360.3036112588501,357.40435125885006
2026-04-12 07:00:00,2026-04-12 10:00:00,358.0,21.0,2026,t95,180,True,354.0,354.0,353.83034367776423,353.7851858007995,353.4742754145129,,,363.2124970306396,358.8636070306396
2026-04-13 07:00:00,2026-04-13 10:00:00,355.0,21.0,2026,t95,180,True,358.0,354.0,355.28970361474734,355.26986962564075,355.0312139715825,,,364.33744238189695,361.4381823818969
2026-04-14 07:00:00,2026-04-14 10:00:00,352.0,21.0,2026,t95,180,True,355.0,355.0,352.94915259189696,352.9327716623422,352.7636855792801,,,361.5356003125,358.6363403125
2026-04-28 07:00:00,2026-04-28 10:00:00,335.0,333.0,2026,t95,180,False,,,,,,,,329.46324477478026,
2026-04-29 07:00:00,2026-04-29 10:00:00,345.0,21.0,2026,t95,180,False,335.0,352.0,,,,,,,327.8621683227539
2026-04-30 07:00:00,2026-04-30 10:00:00,346.0,21.0,2026,t95,180,True,345.0,345.0,345.1535983360389,345.1638757362621,345.1864409529143,,,340.1990119287109,337.2997519287109
2026-05-01 07:00:00,2026-05-01 10:00:00,351.0,21.0,2026,t95,180,True,346.0,345.0,346.4558627485759,346.45678562749765,346.4526511885533,,,339.00936862518313,336.5933186251831
2026-05-01 19:00:00,2026-05-01 22:00:00,348.0,9.0,2026,t95,180,True,351.0,346.0,348.831085572995,348.8385810009155,348.81188684595435,,,341.05565998992915,339.1228199899292
2026-05-02 07:00:00,2026-05-02 10:00:00,352.0,9.0,2026,t95,180,True,348.0,348.0,347.647861357879,347.6529626936628,347.60019163597815,,,345.0089757382202,341.6265057382202
2026-05-03 07:00:00,2026-05-03 10:00:00,354.0,21.0,2026,t95,180,True,352.0,351.0,352.7464637031271,352.7033697960902,352.40802883186564,,,347.7851200036621,343.9194400036621
2026-05-04 07:00:00,2026-05-04 10:00:00,354.0,21.0,2026,t95,180,True,354.0,352.0,351.89906228921177,351.8976356781307,351.7566305051748,,,346.06889658935546,343.6528465893555
2026-05-05 07:00:00,2026-05-05 10:00:00,354.0,21.0,2026,t95,180,True,354.0,354.0,351.70533604713444,351.70272163307465,351.55668204482356,,,348.629620189209,345.73036018920897
2026-05-07 06:30:00,2026-05-07 09:30:00,357.0,44.5,2026,t95,180,True,354.0,354.0,352.07872418910637,352.0912279327255,351.97117184974206,,,351.4658035821533,348.56654358215326
2026-05-08 07:00:00,2026-05-08 10:00:00,345.0,21.5,2026,t95,180,True,357.0,354.0,352.67866045629324,352.6874841377905,352.630220986693,,,347.2845397146606,346.8013297146606
2026-05-09 07:00:00,2026-05-09 10:00:00,352.0,21.0,2026,t95,180,True,345.0,354.0,346.66240091604027,346.65952565860204,346.62143033162425,,,345.8034011315918,342.42093113159183
2026-05-10 07:00:00,2026-05-10 10:00:00,350.0,21.0,2026,t95,180,True,352.0,352.0,350.723491394542,350.7146149840973,350.56122984402845,,,347.31876006622315,343.93629006622314
2026-05-11 07:00:00,2026-05-11 10:00:00,350.0,21.0,2026,t95,180,True,350.0,350.0,349.2405293462393,349.2377953221443,349.1689498909565,,,344.6397323892212,342.22368238922115
2026-05-12 07:00:00,2026-05-12 10:00:00,350.0,21.0,2026,t95,180,True,350.0,350.0,349.62577627878653,349.6099705280935,349.479690356503,,,345.95655017822264,343.0572901782226
2026-05-13 07:00:00,2026-05-13 10:00:00,354.0,21.0,2026,t95,180,True,350.0,350.0,350.1348862589103,350.1111772495953,349.9609818177884,,,348.6377280722046,345.73846807220457
2026-05-14 07:00:00,2026-05-14 10:00:00,350.0,21.0,2026,t95,180,True,354.0,350.0,351.6614825371928,351.6574644494497,351.4998411267368,,,346.5364630279541,343.63720302795406
2026-05-15 07:00:00,2026-05-15 10:00:00,356.0,21.0,2026,t95,180,True,350.0,350.0,350.51150159005357,350.4849637561413,350.3494889530826,,,346.8759699642944,344.94312996429437
2026-05-16 07:00:00,2026-05-16 10:00:00,355.0,21.0,2026,t95,180,True,356.0,354.0,351.8999674751063,351.9158513678111,351.90390638122653,,,348.5392500314331,348.5392500314331
2026-05-18 08:00:00,2026-05-18 11:00:00,360.0,46.0,2026,t95,180,True,355.0,355.0,347.0169346721301,347.02911554003606,347.06243289552225,,,324.75397970703125,324.27076970703126
2026-05-19 08:30:00,2026-05-19 11:30:00,350.0,21.5,2026,t95,180,False,360.0,356.0,,,,,,,350.9040623165894
2026-05-20 07:00:00,2026-05-20 10:00:00,353.0,19.5,2026,t95,180,True,350.0,355.0,350.4308529393242,350.413957841512,350.2322779222826,,,348.76548088409425,344.89980088409425
2026-05-21 07:00:00,2026-05-21 10:00:00,353.0,21.0,2026,t95,180,True,353.0,353.0,350.8599897485641,350.8511946189039,350.7719387795924,,,346.98178059997554,346.01536059997557
2026-05-22 07:00:00,2026-05-22 10:00:00,360.0,21.0,2026,t95,180,True,353.0,353.0,351.6879231970191,351.69388460903116,351.564746540815,,,348.68119618560786,345.7819361856079
2026-05-23 06:35:00,2026-05-23 09:35:00,359.0,20.583333333333332,2026,t95,180,True,360.0,353.0,356.0652957751527,356.0524284979384,355.82933899040825,,,350.98423699371335,349.5346069937134
2026-05-24 07:00:00,2026-05-24 10:00:00,351.0,21.416666666666668,2026,t95,180,True,359.0,359.0,355.3984028286802,355.38462483084885,355.15211043878446,,,350.9201404510498,348.9873004510498
2026-05-24 17:00:00,2026-05-24 20:00:00,354.0,7.0,2026,t95,180,True,351.0,359.0,348.91125620146437,348.93363775841016,349.00563377389926,,,344.2160050097656,344.2160050097656
2026-05-25 07:00:00,2026-05-25 10:00:00,357.0,11.0,2026,t95,180,True,354.0,354.0,349.64770023839696,349.68484442992417,349.8301591453629,,,347.95213929626465,349.40176929626466
2026-05-26 07:00:00,2026-05-26 10:00:00,352.0,21.0,2026,t95,180,True,357.0,354.0,354.5590371996582,354.54504109213354,354.34668697697634,,,355.06072770965574,353.12788770965574
2026-05-27 07:00:00,2026-05-27 10:00:00,352.0,21.0,2026,t95,180,True,352.0,354.0,353.26041983266236,353.2029473822994,352.8383993373225,,,353.65548771636963,348.8233877163696
2026-05-28 07:00:00,2026-05-28 10:00:00,354.0,21.0,2026,t95,180,True,352.0,352.0,351.203198825067,351.18921490530187,351.06652687832377,,,351.6549449154663,349.7221049154663
2026-05-28 19:00:00,2026-05-28 22:00:00,351.0,9.0,2026,t95,180,True,354.0,352.0,349.9024505417082,349.91162760261307,349.9303898202127,,,348.4253621768188,348.4253621768188
2026-05-29 07:00:00,2026-05-29 10:00:00,359.0,9.0,2026,t95,180,True,351.0,352.0,349.29732570287746,349.2853068582384,349.22237274299187,,,347.94972961578367,346.5000996157837
2026-05-30 07:00:00,2026-05-30 10:00:00,352.0,21.0,2026,t95,180,True,359.0,354.0,355.6001151365692,355.5749784306465,355.30613985214757,,,349.6363897235108,347.22033972351073
2026-05-31 07:00:00,2026-05-31 10:00:00,357.0,21.0,2026,t95,180,True,352.0,352.0,353.2305081125871,353.19264093976443,352.81653155348874,,,352.2505905392456,345.9688605392456
2026-06-01 07:00:00,2026-06-01 10:00:00,356.0,21.0,2026,t95,180,True,357.0,357.0,353.8547424291128,353.8496008644416,353.6447197809831,,,350.72906807678226,347.82980807678223
2026-06-02 07:00:00,2026-06-02 10:00:00,361.0,21.0,2026,t95,180,True,356.0,356.0,352.66746575494096,352.66333484253346,352.5477967854532,,,349.7293758255005,348.27974582550047
2026-06-02 19:00:33,2026-06-02 22:00:33,358.0,9.009166666666667,2026,t95,180,True,361.0,357.0,355.11546841711964,355.11183911646174,355.00634687382967,,,349.1864374847412,349.6696474847412
2026-06-03 07:00:00,2026-06-03 10:00:00,362.0,8.990833333333333,2026,t95,180,True,358.0,358.0,354.5822465020969,354.5656798119604,354.3955624926796,,,351.3684493792725,350.40202937927245
2026-06-04 07:00:00,2026-06-04 10:00:00,351.0,21.0,2026,t95,180,True,362.0,361.0,354.511566225485,354.5345688163764,354.54779555617563,,,347.7775153823852,349.7103553823853
2026-06-05 07:00:00,2026-06-05 10:00:00,357.0,21.0,2026,t95,180,True,351.0,358.0,351.0394186289945,351.0238998277923,350.85421904061735,,,349.9215371633911,346.5390671633911
2026-06-06 07:00:00,2026-06-06 10:00:00,357.0,21.0,2026,t95,180,True,357.0,357.0,353.5399374396011,353.531425378294,353.3831033666137,,,349.6426607672119,348.1930307672119
2026-06-07 07:00:00,2026-06-07 10:00:00,356.0,21.0,2026,t95,180,True,357.0,357.0,352.12371177568986,352.13881011887906,352.130108910296,,,348.3428485092163,348.3428485092163
2026-06-08 07:00:00,2026-06-08 10:00:00,362.0,21.0,2026,t95,180,True,356.0,357.0,352.42421916923246,352.41638321637004,352.3169756726701,,,347.66358594696044,346.69716594696047
2026-06-08 19:00:00,2026-06-08 22:00:00,347.0,9.0,2026,t95,180,True,362.0,357.0,357.6608064750959,357.63584478711374,357.2898619840388,,,355.4923902389526,352.10992023895267
2026-06-09 07:00:00,2026-06-09 10:00:00,349.0,9.0,2026,t95,180,True,347.0,356.0,353.4898067251601,353.4093582113892,352.7873880136356,,,354.8169874554443,344.1863674554443
2026-06-10 07:00:00,2026-06-10 10:00:00,364.0,21.0,2026,t95,180,True,349.0,349.0,347.80301748241396,347.80933909295345,347.8431052376559,,,345.2164683261108,344.2500483261108
2026-06-10 19:00:00,2026-06-10 22:00:00,351.0,9.0,2026,t95,180,True,364.0,349.0,356.88073734058355,356.872563661683,356.70144516294664,,,349.67977555541995,349.67977555541995
2026-06-11 07:00:00,2026-06-11 10:00:00,359.0,9.0,2026,t95,180,True,351.0,351.0,352.61700067377546,352.565780416767,352.17726082039303,,,347.62909547332765,341.3473654733276
2026-06-12 07:00:00,2026-06-12 10:00:00,359.0,21.0,2026,t95,180,True,359.0,359.0,354.8200470674743,354.82538693540874,354.65481641520523,,,354.0870939920044,352.15425399200444
2026-06-13 07:00:00,2026-06-13 10:00:00,361.0,21.0,2026,t95,180,True,359.0,359.0,356.0825204006737,356.02895226804327,355.7428261022313,,,352.67919716461176,351.7127771646118
2026-06-14 07:00:00,2026-06-14 10:00:00,360.0,21.0,2026,t95,180,True,361.0,359.0,355.50887397738927,355.5167218563137,355.40881002425624,,,353.1684043716431,353.1684043716431
2026-06-15 07:00:00,2026-06-15 10:00:00,355.0,21.0,2026,t95,180,True,360.0,360.0,356.1272041272293,356.12355943955566,355.8886672838295,,,353.8049843661499,351.3889343661499
2026-06-17 07:00:00,2026-06-17 10:00:00,327.0,45.0,2026,t95,180,True,355.0,360.0,347.0910416658733,347.1013446434558,347.24009660633146,,,335.6051983047485,337.0548283047485
2026-06-17 19:00:00,2026-06-17 22:00:00,350.0,9.0,2026,t95,180,True,327.0,355.0,331.0832313842169,331.155259041056,331.67811328373875,,,327.2745689324951,324.85851893249514
2026-07-02 09:00:00,2026-07-02 12:00:00,364.0,347.0,2026,t95,180,False,,,,,,,,,
2026-07-04 07:00:00,2026-07-04 10:00:00,346.0,43.0,2026,t95,180,True,364.0,350.0,336.7331685314959,337.02390617348715,338.8989095538769,,,328.5299350067139,354.6232750067139
2026-07-04 19:00:00,2026-07-04 22:00:00,343.0,9.0,2026,t95,180,True,346.0,350.0,345.7964589812514,345.8067906103156,345.8674336429635,,,347.77959697357176,345.84675697357176
2026-07-05 07:00:00,2026-07-05 10:00:00,351.0,9.0,2026,t95,180,True,343.0,346.0,345.1804668209313,345.20639293872995,345.21801545293573,,,349.7426166619873,344.9105166619873
2026-07-06 07:00:00,2026-07-06 10:00:00,352.0,21.0,2026,t95,180,True,351.0,346.0,347.21779613295513,347.3207320982391,347.5112258417592,,,353.3727565933228,350.4734965933228
2026-07-07 07:00:00,2026-07-07 10:00:00,352.0,21.0,2026,t95,180,True,352.0,351.0,350.7686573964723,350.76861347073253,350.6740257648513,,,351.6735630831909,349.25751308319093
2026-07-08 07:00:00,2026-07-08 10:00:00,350.0,21.0,2026,t95,180,True,352.0,352.0,348.362152075685,348.4085478124641,348.61919436609014,,,352.5086869152832,353.95831691528315
2026-07-09 07:00:00,2026-07-09 10:00:00,351.0,21.0,2026,t95,180,True,350.0,352.0,347.6261614643358,347.6443132395234,347.6830870523253,,,349.1933195123291,347.74368951232907
2026-07-10 07:00:00,2026-07-10 10:00:00,350.0,21.0,2026,t95,180,True,351.0,351.0,350.1024652997437,350.1093777997002,350.065662475194,,,350.5738747967529,348.64103479675293
2026-07-11 07:00:00,2026-07-11 10:00:00,341.0,21.0,2026,t95,180,True,350.0,350.0,351.0389289748764,351.0137682949533,350.8109177609733,,,350.85289947235106,346.98721947235106
2026-07-11 15:00:00,2026-07-11 18:00:00,341.0,5.0,2026,t95,180,True,341.0,350.0,344.91425582345147,344.8906007929134,344.85099863354844,,,345.5121687304687,342.1296987304687
2026-07-11 19:00:00,2026-07-11 22:00:00,350.0,9.0,2026,t95,180,True,341.0,350.0,344.7257187258447,344.7035867009491,344.67405679742626,,,347.8158458929443,344.43337589294435
2026-07-12 07:00:00,2026-07-12 10:00:00,350.0,9.0,2026,t95,180,True,350.0,341.0,347.6708870419362,347.7015996989293,347.8744536735189,,,349.9509766012573,350.91739660125734
2026-07-12 19:00:00,2026-07-12 22:00:00,353.0,9.0,2026,t95,180,True,350.0,350.0,348.6124382545816,348.6247586210307,348.6592276097881,,,350.5314278878784,349.56500788787844
2026-07-13 07:00:00,2026-07-13 10:00:00,349.0,9.0,2026,t95,180,True,353.0,350.0,350.541746276366,350.53964496451493,350.5478887878221,,,351.1145105514526,351.59772055145265
2026-07-14 07:00:00,2026-07-14 10:00:00,357.0,21.0,2026,t95,180,True,349.0,350.0,349.4974424251994,349.5019666605485,349.4344629336003,,,352.75322731048584,349.8539673104858
2026-07-15 07:00:00,2026-07-15 10:00:00,341.0,21.0,2026,t95,180,True,357.0,353.0,353.7280173886706,353.72029587183215,353.57612924038153,,,352.5088536129761,351.0592236129761
2026-07-16 07:00:00,2026-07-16 10:00:00,350.0,21.0,2026,t95,180,True,341.0,349.0,346.3582018801706,346.3040270725506,346.15268701598035,,,348.8535014810181,344.9878214810181
2026-07-17 07:00:00,2026-07-17 10:00:00,351.0,21.0,2026,t95,180,True,350.0,350.0,351.67367031898146,351.63954539816,351.40342341469494,,,354.4263253692627,350.5606453692627
2026-07-18 02:00:00,2026-07-18 05:00:00,351.0,16.0,2026,t95,180,True,351.0,350.0,351.6005847639635,351.5742650468197,351.3616737752484,,,355.4116115927124,351.5459315927124
2026-07-18 07:00:00,2026-07-18 10:00:00,351.0,21.0,2026,t95,180,True,351.0,350.0,351.45231547659375,351.4260682247812,351.21375891903693,,,354.9979956140137,351.1323156140137
2026-07-18 19:00:00,2026-07-18 22:00:00,346.0,9.0,2026,t95,180,True,351.0,351.0,351.934600084761,351.8899714146459,351.6210270296652,,,352.64296989135744,348.77728989135744
2026-07-19 07:00:00,2026-07-19 10:00:00,355.0,9.0,2026,t95,180,True,346.0,351.0,350.41898881648643,350.36067181031603,350.022969463678,,,355.32662121154783,349.0448912115478
2026-07-20 07:00:00,2026-07-20 10:00:00,361.0,21.0,2026,t95,180,True,355.0,351.0,353.1906187052532,353.15259201177656,352.93720810184817,,,354.5515395373535,352.6186995373535
2026-07-21 07:00:00,2026-07-21 10:00:00,351.0,21.0,2026,t95,180,True,361.0,355.0,359.64829822181713,359.56120982640897,358.9832408680396,,,359.96619117645264,355.1340911764526
2026-07-23 07:00:00,2026-07-23 10:00:00,353.0,45.0,2026,t95,180,True,351.0,355.0,351.1800512509674,351.1552131157581,350.99691684367116,,,354.7407160507202,351.84145605072024
2026-07-24 07:00:00,2026-07-24 10:00:00,355.0,21.0,2026,t95,180,True,353.0,353.0,350.5638521123614,350.5709298691757,350.5719481711112,,,351.69646124816893,351.21325124816894
2026-07-25 07:00:00,2026-07-25 10:00:00,366.0,21.0,2026,t95,180,True,355.0,353.0,354.60045460125247,354.56050422708097,354.2488518865673,,,358.272721675415,354.40704167541503
2026-07-25 17:59:48,2026-07-25 20:59:48,358.0,7.996666666666667,2026,t95,180,True,366.0,355.0,358.18304493082184,358.18650813799826,358.0103931264186,,,359.7495806185913,359.7495806185913
2026-07-26 07:00:00,2026-07-26 10:00:00,360.0,10.003333333333334,2026,t95,180,True,358.0,358.0,356.04105597078683,355.99966696367323,355.64870286665075,,,354.6003368988037,350.7346568988037
2026-07-27 07:00:00,2026-07-27 10:00:00,351.0,21.0,2026,t95,180,True,360.0,360.0,355.4175863052305,355.4163103841128,355.2406200114444,,,354.01706026977536,352.5674302697754
2026-07-28 07:00:00,2026-07-28 10:00:00,358.0,21.0,2026,t95,180,True,351.0,358.0,349.2757206641586,349.28601572550366,349.27331699567435,,,350.4507856289673,348.51794562896725
2026-07-29 07:00:00,2026-07-29 10:00:00,351.0,21.0,2026,t95,180,True,358.0,358.0,357.7602800486352,357.69392825730705,357.22624064866704,,,357.6611300009155,353.3122400009155
2026-07-30 07:00:00,2026-07-30 10:00:00,351.0,21.0,2026,t95,180,True,351.0,351.0,350.4602355794256,350.4744419922998,350.40215413908084,,,352.1654729605102,349.26621296051025
2026-07-31 07:00:00,2026-07-31 10:00:00,356.0,21.0,2026,t95,180,True,351.0,351.0,351.792750129302,351.7766457147353,351.5555530115571,,,355.04743652008057,350.6985465200805
2026-08-01 07:00:00,2026-08-01 10:00:00,351.0,21.0,2026,t95,180,True,356.0,351.0,353.25944249784754,353.2666756127193,353.14553320238457,,,355.34558693725586,353.41274693725586
2026-08-02 07:00:00,2026-08-02 10:00:00,354.0,21.0,2026,t95,180,True,351.0,351.0,352.51489693209015,352.4761380327419,352.20818637811345,,,352.5885883996582,348.7229083996582
2026-08-03 07:00:00,2026-08-03 10:00:00,355.0,21.0,2026,t95,180,True,354.0,354.0,351.4530212135952,351.4547259865969,351.4530991785961,,,350.80726864227296,351.29047864227294
2026-08-04 07:00:00,2026-08-04 10:00:00,354.0,21.0,2026,t95,180,True,355.0,354.0,354.34075586453235,354.30396988964736,354.01291556069253,,,356.88302388427735,353.50055388427734
2026-08-05 07:00:00,2026-08-05 10:00:00,359.0,21.0,2026,t95,180,True,354.0,354.0,353.1385211366142,353.1180689005507,352.9485539257044,,,355.5788901953125,353.64605019531245
2026-08-06 07:00:00,2026-08-06 10:00:00,354.0,21.0,2026,t95,180,True,359.0,355.0,355.28416541877743,355.27719030565544,355.133917480365,,,355.7067992147827,355.2235892147827
2026-08-07 07:00:00,2026-08-07 10:00:00,365.0,21.0,2026,t95,180,False,354.0,354.0,,,,,,,
2026-08-08 07:00:00,2026-08-08 10:00:00,358.0,21.0,2026,t95,180,False,365.0,359.0,,,,,,,
2026-08-09 07:00:00,2026-08-09 10:00:00,353.0,21.0,2026,t95,180,False,358.0,358.0,,,,,,,
